ticker,name,sector,industry,date_added,price,data_vintage,rsi_14,rsi_5d_ago,rsi_trend,macd_hist,macd_hist_3d_ago,macd_improving,bb_pct_b,atr_14,atr_ratio_60d,atr_pct_price,sma_50,sma_200,ema_20,price_vs_50ma_pct,price_vs_200ma_pct,golden_cross,ma200_slope_20d,trend_bias,drawdown_60d,high_60d,high_52w,low_52w,pct_from_52w_high,pct_from_52w_low,volume_ratio_20d,volume_decreasing,support_1_price,support_1_strength,resistance_1_price,near_support,dist_support_pct,candle_pattern,tech_score,tech_trend,tech_momentum,tech_volume,tech_support,tech_volatility,tech_candle,setup_hot,stop_loss_atr_pct,target_atr_pct,risk_reward,pe,forward_pe,pb,ps,ev_ebitda,roe,roa,profit_margin,gross_margin,revenue_growth,eps_growth,debt_equity,current_ratio,fcf,net_income,fcf_ni_ratio,market_cap,beta,short_ratio,dividend_yield,shares_outstanding,fund_score,fund_growth,fund_solidity,fund_valuation,fcf_yield_calc,warnings,warning_count,combined_score,full_setup,horizon,sector_etf,subsector,peer_group,critical_macro_variables,earnings_days_next,earnings_date,earnings_warning,latest_earnings_date,eps_actual,eps_estimate,eps_surprise_pct,market_regime,market_regime_score,spy_price,spy_vs200,spy_rsi,vix,market_filter_rec
CF,CF Industries,Materials,Fertilizers & Agricultural Chemicals,2008-08-27,130.0300,2026-09-01,64.0600,66.7900,DOWN,0.7633,0.9774,False,0.9270,4.9795,1.1480,3.8290,117.6300,105.8900,123.1600,10.5400,22.8000,True,3.7683,ALCISTA,-1.9000,132.5500,140.6600,74.3300,-7.5600,74.9300,1.3010,True,114.1600,1,129.3100,False,-12.2000,HAMMER|DOJI|HAMMER,6.9500,10.0000,5.0000,9.5000,4,5.0000,7.0000,False,7.6600,11.4900,1.5000,9.3278,12.5438,3.4293,2.5428,6.1920,0.2987,0.1293,0.2712,0.4249,0.1760,0.9960,40.5040,4.8600,1276749952.0000,2099000064.0000,0.6083,19678496768.0000,0.3980,4.0500,1.9100,151338130.0000,8.9400,9.9400,7.9300,8.9300,0.0649,FCF/NI:0.61,1,8.1400,False,10-18d,XLB,,LIN|APD|ECL,commodity_prices|dxy|china_demand|energy_costs,64,2026-11-04,False,2026-08-05,4.7300,5.5700,-15.1000,ALCISTA FUERTE,10,767.0500,8.3600,45.9000,14.9200,"Filtros estándar (Score ≥6.5, DD ≥10%)"
CINF,Cincinnati Financial,Financials,Property & Casualty Insurance,1997-12-18,169.9000,2026-09-01,36.4400,21.6900,UP,-0.0022,-0.4176,True,0.2725,2.8314,0.6980,1.6670,177.5800,165.9000,172.8400,-4.3200,2.4100,True,1.1602,NEUTRO,-12.7900,194.8100,194.8100,147.5400,-12.7900,15.1600,1.2380,True,157.9300,1,168.7300,False,-7.0400,NONE,7.2800,8.5000,8.5000,7.5000,4,8.5000,5.0000,True,3.3300,5.0000,1.5000,8.0179,18.8125,1.5633,1.8687,5.7410,0.2148,0.0641,0.2384,0.3107,0.3160,0.8550,5.2550,1.1510,2984875008.0000,3327000064.0000,0.8972,26075920384.0000,0.5540,4.6500,2.2100,153478045.0000,8.6400,10.0000,7.5000,8.3700,0.1145,OK,0,8.1000,False,7-15d,XLF,,JPM|BAC|WFC,interest_rates|yield_curve|credit_spreads|loan_growth,55,2026-10-26,False,2026-07-27,1.4300,1.8200,-21.3000,ALCISTA FUERTE,10,767.0500,8.3600,45.9000,14.9200,"Filtros estándar (Score ≥6.5, DD ≥10%)"
ALL,Allstate,Financials,Property & Casualty Insurance,1995-07-13,257.8000,2026-09-01,38.2600,42.1700,DOWN,-1.1411,-1.6878,True,0.3333,5.5664,0.8860,2.1590,253.5100,219.3000,259.0300,1.6900,17.5500,True,3.2211,ALCISTA,-7.0100,277.2200,277.2200,185.2800,-7.0100,39.1400,1.2430,True,255.2600,4,266.5700,True,-0.9800,NONE,7.6000,10.0000,7.5000,7.5000,9,5.0000,5.0000,False,4.3200,6.4800,1.5000,5.1632,9.3379,2.0659,0.9294,4.0280,0.4611,0.0868,0.1897,0.3680,0.1180,0.6120,22.2610,0.3630,15158625280.0000,13189000192.0000,1.1493,65186775040.0000,0.1560,0.0100,1.6600,252857950.0000,8.4000,7.8100,8.4400,9.0400,0.2325,OK,0,8.0800,False,10-18d,XLF,,JPM|BAC|WFC,interest_rates|yield_curve|credit_spreads|loan_growth,64,2026-11-04,False,2026-08-05,8.9900,6.0700,48.0000,ALCISTA FUERTE,10,767.0500,8.3600,45.9000,14.9200,"Filtros estándar (Score ≥6.5, DD ≥10%)"
GEV,GE Vernova,Industrials,Heavy Electrical Equipment,2024-04-02,898.5300,2026-09-01,35.7000,40.0500,DOWN,-9.2005,-8.8973,False,-0.0087,44.7640,0.8200,4.9820,1031.3800,876.7900,980.0300,-12.8800,2.4800,True,4.9031,NEUTRO,-24.8700,1195.9399,1195.9399,529.1800,-24.8700,69.8000,1.7530,True,897.6800,1,947.9000,True,-0.0900,NONE,7.2500,8.5000,6.5000,7.5000,7,8.0000,5.0000,False,9.9600,14.9500,1.5000,25.7902,35.7437,20.0140,5.7850,58.9420,0.8258,0.0254,0.2303,0.2057,0.2190,0.3280,28.3640,0.8500,15722125312.0000,9528999936.0000,1.6499,239308718080.0000,1.0330,3.0500,0.2200,266333581.0000,8.5500,10.0000,8.5700,6.8400,0.0657,OK,0,8.0300,False,7-15d,XLI,,CAT|UNP|HON,pmi_manufacturing|supply_chain|capex_cycle,57,2026-10-28,False,2026-07-22,2.4700,3.1800,-22.4000,ALCISTA FUERTE,10,767.0500,8.3600,45.9000,14.9200,"Filtros estándar (Score ≥6.5, DD ≥10%)"
INCY,Incyte,Health Care,Biotechnology,2017-02-28,123.2200,2026-09-01,54.1700,74.4800,DOWN,-0.1647,0.4792,False,0.4846,3.2421,0.8380,2.6310,118.5900,104.2100,124.1200,3.9000,18.2500,True,2.9116,ALCISTA,-7.0700,132.6000,132.6000,81.0900,-7.0700,51.9500,1.1120,True,115.7700,1,132.6000,False,-6.0500,HAMMER,6.5500,10.0000,5.0000,7.5000,4,5.0000,7.0000,False,5.2600,7.8900,1.5000,15.6968,13.7830,3.9033,4.2918,10.5440,0.3067,0.1683,0.2771,0.5566,0.3770,0.3770,0.6030,4.5930,1180664576.0000,1612382976.0000,0.7322,24976416768.0000,0.7690,5.2200,,202697746.0000,8.7900,10.0000,8.7500,7.4100,0.0473,FCF/NI:0.73,1,7.8900,False,10-18d,XLV,,UNH|JNJ|LLY,fda_calendar|drug_pricing_policy|patent_cliffs,56,2026-10-27,False,2026-07-28,3.0900,2.1500,44.0000,ALCISTA FUERTE,10,767.0500,8.3600,45.9000,14.9200,"Filtros estándar (Score ≥6.5, DD ≥10%)"
BRK-B,Berkshire Hathaway,Financials,Multi-Sector Holdings,2010-02-16,504.0300,2026-09-01,26.3500,36.6700,DOWN,-0.9357,-1.8374,True,0.3748,6.4236,0.8760,1.2740,501.6800,492.4000,504.6400,0.4700,2.3600,True,0.4094,ALCISTA,-6.2700,537.7400,537.7400,464.0100,-6.2700,8.6200,1.2040,True,493.2700,7,512.5800,True,-2.1300,HAMMER|DOJI,8.0000,10.0000,8.5000,7.5000,9,5.0000,7.0000,False,2.5500,3.8200,1.5000,12.7056,22.7117,0.0010,2.8048,-1.7900,0.1212,0.0601,0.2230,0.3033,0.1000,1.0780,17.1420,2.8910,71975247872.0000,85768003584.0000,0.8392,1078981951488.0000,0.6070,2.3300,,1408035161.0000,7.5300,7.3000,7.1100,8.2900,0.0667,OK,0,7.7200,False,5-10d,XLF,,JPM|BAC|WFC,interest_rates|yield_curve|credit_spreads|loan_growth,67,2026-11-07,False,2026-08-08,6.0300,5.1300,17.4000,ALCISTA FUERTE,10,767.0500,8.3600,45.9000,14.9200,"Filtros estándar (Score ≥6.5, DD ≥10%)"
INVH,Invitation Homes,Real Estate,Single-Family Residential REITs,2022-09-19,29.1400,2026-09-01,39.7300,42.8000,DOWN,-0.1130,0.0038,False,-0.0690,0.4362,0.7980,1.4970,29.9000,27.4700,29.9100,-2.5400,6.0800,True,0.9484,NEUTRO,-5.6700,30.8900,30.8900,23.7200,-5.6700,22.8700,1.6460,True,28.3800,1,29.4000,True,-2.6100,HAMMER,7.7500,8.5000,6.5000,7.5000,7,10.0000,7.0000,False,2.9900,4.4900,1.5000,26.7339,42.6547,1.9007,6.0781,17.1440,0.0705,0.0248,0.2320,0.5626,0.1010,0.6050,94.4250,0.4300,1168785536.0000,658753984.0000,1.7742,17310382080.0000,0.8360,3.1500,4.1000,594041956.0000,7.5800,10.0000,5.3800,7.3200,0.0675,D/E:94,1,7.6500,False,7-15d,XLRE,,PLD|AMT|EQIX,interest_rates|cap_rates|occupancy_trends,57,2026-10-28,False,2026-07-29,0.1500,0.1400,9.8000,ALCISTA FUERTE,10,767.0500,8.3600,45.9000,14.9200,"Filtros estándar (Score ≥6.5, DD ≥10%)"
VLO,Valero Energy,Energy,Oil & Gas Refining & Marketing,2002-12-20,358.9200,2026-09-01,76.3800,74.9100,UP,0.0619,0.1653,False,0.8419,10.5093,0.9980,2.9280,302.3600,233.2700,334.6600,18.7000,53.8600,True,7.7614,ALCISTA,-1.0700,362.7900,362.7900,146.4200,-1.0700,145.1400,1.3940,True,292.2700,2,,False,-18.5700,BULL_ENGULF|HAMMER|HAMMER|DOJI,7.4000,10.0000,6.0000,9.5000,4,5.0000,9.5000,False,5.8600,8.7800,1.5000,14.6858,11.7157,4.1336,0.7804,8.2280,0.2764,0.1056,0.0545,0.1612,0.5170,4.5350,40.1480,1.6360,8416374784.0000,7192999936.0000,1.1701,103342923776.0000,0.5540,3.4200,1.3600,287927461.0000,7.7500,8.8700,7.2200,7.0700,0.0814,OK,0,7.6100,False,10-18d,XLE,,XOM|CVX|COP,oil_price|gas_price|opec_supply|inventories,51,2026-10-22,False,2026-07-30,12.5400,10.1300,23.8000,ALCISTA FUERTE,10,767.0500,8.3600,45.9000,14.9200,"Filtros estándar (Score ≥6.5, DD ≥10%)"
TROW,T. Rowe Price,Financials,Asset Management & Custody Banks,2019-07-29,111.2800,2026-09-01,36.2100,41.0600,DOWN,-0.0297,-0.1101,True,0.2903,2.0736,0.7730,1.8630,114.1300,101.8200,112.7200,-2.5000,9.2900,True,1.3057,NEUTRO,-8.7900,122.0000,122.0000,84.2100,-8.7900,32.1500,1.6820,True,110.1700,3,121.5800,True,-1.0000,HAMMER,8.0200,8.5000,7.5000,7.5000,9,8.5000,7.0000,False,3.7300,5.5900,1.5000,11.1727,10.8091,2.1575,3.1267,7.4650,0.1940,0.1066,0.2926,0.5161,0.1070,0.2860,3.7020,4.0390,2023912448.0000,2167300096.0000,0.9338,23737788416.0000,1.4830,12.8800,4.6700,213315850.0000,7.3100,6.3800,8.0700,7.5200,0.0853,OK,0,7.5900,False,7-15d,XLF,,JPM|BAC|WFC,interest_rates|yield_curve|credit_spreads|loan_growth,59,2026-10-30,False,2026-07-31,2.5700,2.5200,2.0000,ALCISTA FUERTE,10,767.0500,8.3600,45.9000,14.9200,"Filtros estándar (Score ≥6.5, DD ≥10%)"
EME,Emcor,Industrials,Construction & Engineering,2025-09-22,734.5400,2026-09-01,35.3900,38.5400,DOWN,-8.5743,-8.3100,False,-0.0033,28.5857,0.8900,3.8920,790.0500,755.7400,784.5900,-7.0300,-2.8000,True,1.5184,BAJISTA,-16.1500,876.0700,951.4700,564.0100,-22.8000,30.2400,1.5670,True,748.6100,1,775.2800,True,1.9200,HAMMER,7.3000,7.0000,6.5000,7.5000,8,8.0000,7.0000,False,7.7800,11.6700,1.5000,23.0408,19.9880,7.9669,1.7422,16.0890,0.4035,0.1203,0.0774,0.1943,0.1980,0.3480,13.4320,1.2770,978281600.0000,1439158016.0000,0.6798,32400484352.0000,1.1470,1.9800,0.2200,44109901.0000,7.6200,10.0000,7.3000,5.2300,0.0302,FCF/NI:0.68,1,7.4900,False,3-7d,XLI,,CAT|UNP|HON,pmi_manufacturing|supply_chain|capex_cycle,58,2026-10-29,False,2026-07-30,9.0600,7.2300,25.3000,ALCISTA FUERTE,10,767.0500,8.3600,45.9000,14.9200,"Filtros estándar (Score ≥6.5, DD ≥10%)"
EOG,EOG Resources,Energy,Oil & Gas Exploration & Production,2000-11-02,144.9600,2026-09-01,55.7500,59.9100,DOWN,-0.4043,0.4798,False,0.5269,3.0829,0.7960,2.1270,139.8400,126.2800,145.1500,3.6600,14.7900,True,3.3362,ALCISTA,-5.6700,153.6700,153.6700,99.1200,-5.6700,46.2500,1.1180,True,138.9100,1,144.6300,False,-4.1700,HAMMER|DOJI,6.8500,10.0000,5.0000,7.5000,4,7.0000,7.0000,False,4.2500,6.3800,1.5000,11.1594,10.0605,2.3907,2.8455,5.4760,0.2251,0.1102,0.2573,0.6264,0.5870,1.0940,25.8910,1.8510,4478750208.0000,6876000256.0000,0.6514,76035751936.0000,0.2780,4.8500,2.8500,524529176.0000,7.8800,9.4600,6.4100,7.7400,0.0589,FCF/NI:0.65,1,7.4700,False,10-18d,XLE,,XOM|CVX|COP,oil_price|gas_price|opec_supply|inventories,65,2026-11-05,False,2026-08-04,5.0700,4.9700,2.1000,ALCISTA FUERTE,10,767.0500,8.3600,45.9000,14.9200,"Filtros estándar (Score ≥6.5, DD ≥10%)"
ROST,Ross Stores,Consumer Discretionary,Apparel Retail,2009-12-21,228.5400,2026-09-01,25.8100,34.6900,DOWN,-2.2024,-1.7547,False,0.1029,6.8886,1.1600,3.0140,234.3400,210.4200,238.7300,-2.4800,8.6100,True,4.2382,NEUTRO,-11.0700,257.0000,257.0000,142.4800,-11.0700,60.4000,0.8930,True,226.6500,6,236.9500,True,-0.8300,HAMMER|DOJI,7.9500,8.5000,7.5000,7.5000,9,8.0000,7.0000,False,6.0300,9.0400,1.5000,27.6348,25.5570,10.7670,2.9909,18.6840,0.4263,0.1382,0.1085,0.3417,0.1330,0.7050,70.2810,1.6120,2156282880.0000,2659063040.0000,0.8109,73311305728.0000,0.8770,4.4600,0.7800,320781076.0000,7.1400,10.0000,6.6400,4.4000,0.0294,OK,0,7.4600,False,7-15d,XLY,,AMZN|TSLA|HD,consumer_spending|employment_data|interest_rates,79,2026-11-19,False,2026-08-20,2.6600,1.9500,36.7000,ALCISTA FUERTE,10,767.0500,8.3600,45.9000,14.9200,"Filtros estándar (Score ≥6.5, DD ≥10%)"
HIG,Hartford (The),Financials,Property & Casualty Insurance,1957-03-04,137.3800,2026-09-01,39.7900,30.4400,UP,-0.2534,-0.4549,True,0.3006,2.3664,0.8360,1.7230,138.3200,135.4100,138.7700,-0.6800,1.4600,True,1.1323,NEUTRO,-5.9500,146.0700,146.0700,118.7300,-5.9500,15.7100,1.4180,True,133.4600,8,141.0200,True,-2.8500,NONE,7.5000,8.5000,8.5000,7.5000,9,5.0000,5.0000,False,3.4500,5.1700,1.5000,9.5669,10.0359,1.9335,1.2694,6.7920,0.2206,0.0385,0.1489,0.3787,0.0810,0.3610,22.3300,1.7720,5507500032.0000,4076999936.0000,1.3509,37212397568.0000,0.4580,0.0400,1.7300,270872002.0000,7.4200,6.7700,7.6800,7.8600,0.1480,OK,0,7.4500,False,7-15d,XLF,,JPM|BAC|WFC,interest_rates|yield_curve|credit_spreads|loan_growth,58,2026-10-29,False,2026-07-23,3.4200,3.1400,8.9000,ALCISTA FUERTE,10,767.0500,8.3600,45.9000,14.9200,"Filtros estándar (Score ≥6.5, DD ≥10%)"
MPC,Marathon Petroleum,Energy,Oil & Gas Refining & Marketing,2011-07-01,373.3200,2026-09-01,81.6900,76.7000,UP,0.3241,0.8367,False,0.7963,11.2420,1.1620,3.0110,307.7600,235.5900,346.1000,21.3000,58.4600,True,7.0383,ALCISTA,-0.8600,376.5600,376.5600,160.0700,-0.8600,133.2200,1.3940,False,289.5700,1,367.6000,False,-22.4300,BULL_ENGULF|HAMMER|DOJI|HAMMER|DOJI,6.9000,10.0000,6.0000,7.0000,4,5.0000,9.5000,False,6.0200,9.0300,1.5000,12.7893,11.5931,5.5381,0.6801,8.9630,0.4210,0.0874,0.0555,0.1282,0.5370,3.4800,133.3280,1.2500,9249375232.0000,8545999872.0000,1.0823,104837505024.0000,0.5080,2.8500,1.0800,280824763.0000,7.7700,9.0400,6.9900,7.2100,0.0882,D/E:133,1,7.4200,False,10-18d,XLE,,XOM|CVX|COP,oil_price|gas_price|opec_supply|inventories,63,2026-11-03,False,2026-08-04,17.7300,13.9500,27.1000,ALCISTA FUERTE,10,767.0500,8.3600,45.9000,14.9200,"Filtros estándar (Score ≥6.5, DD ≥10%)"
EXPE,Expedia Group,Consumer Discretionary,"Hotels, Resorts & Cruise Lines",2007-10-02,317.1200,2026-09-01,52.1100,63.4900,DOWN,-2.4683,-0.0884,False,0.4069,11.7539,1.0650,3.7060,288.2100,256.6100,317.0100,10.0300,23.5800,True,4.0152,ALCISTA,-7.1400,341.5100,341.5100,184.2800,-7.1400,72.0800,0.8550,True,253.5000,3,330.8300,False,-20.0600,NONE,6.6500,10.0000,5.0000,7.5000,6,5.0000,5.0000,False,7.4100,11.1200,1.5000,20.6997,13.1097,31.4759,2.4243,13.1090,0.8949,0.0611,0.1297,0.9043,0.1400,1.8870,230.2710,0.8010,3434374912.0000,2036000000.0000,1.6868,38061400064.0000,1.2460,3.4900,0.5800,114498625.0000,7.9400,10.0000,7.0200,6.6000,0.0902,D/E:230,1,7.4200,False,10-18d,XLY,,AMZN|TSLA|HD,consumer_spending|employment_data|interest_rates,65,2026-11-05,False,2026-08-05,5.7600,5.2500,9.7000,ALCISTA FUERTE,10,767.0500,8.3600,45.9000,14.9200,"Filtros estándar (Score ≥6.5, DD ≥10%)"
PLD,Prologis,Real Estate,Industrial REITs,2003-07-17,139.9200,2026-09-01,54.9700,43.2900,UP,0.1002,0.3099,False,0.3202,1.9007,0.6000,1.3580,142.4400,135.6900,141.8200,-1.7700,3.1200,True,1.4603,NEUTRO,-8.7600,153.3500,153.3500,107.0400,-8.7600,30.7100,0.8410,True,136.9400,5,146.8600,True,-2.1300,HAMMER|DOJI,7.5000,8.5000,6.0000,7.5000,9,7.0000,7.0000,False,2.7200,4.0800,1.5000,31.3722,41.0925,2.4328,14.0839,25.2840,0.0775,0.0252,0.4358,0.7555,0.1230,0.8530,63.8230,0.6490,5406941184.0000,4202444032.0000,1.2866,136015028224.0000,1.3240,2.9800,3.0400,950333372.0000,7.3100,10.0000,5.9500,5.7600,0.0398,OK,0,7.3900,False,7-15d,XLRE,,AMT|EQIX|SPG,interest_rates|cap_rates|occupancy_trends,43,2026-10-14,False,2026-07-16,1.1100,0.7500,48.3000,ALCISTA FUERTE,10,767.0500,8.3600,45.9000,14.9200,"Filtros estándar (Score ≥6.5, DD ≥10%)"
SNDK,Sandisk,Information Technology,"Technology Hardware, Storage & Peripherals",2025-11-28,1566.7000,2026-09-01,64.7800,52.8500,UP,10.1868,18.2219,False,0.6527,128.9304,0.7080,8.2290,1592.2800,977.2700,1500.7600,-1.6100,60.3100,True,15.1238,NEUTRO,-33.4600,2354.3899,2354.3899,50.0700,-33.4600,3029.0200,1.6410,True,1514.3600,1,1600.0000,True,-3.3400,NONE,7.4000,8.5000,6.0000,9.5000,7,7.0000,5.0000,False,16.4600,24.6900,1.5000,21.2290,5.9183,14.8346,11.3292,17.8200,0.9164,0.4391,0.5646,0.7147,3.7160,,1.2770,2.2900,7720875008.0000,11432999936.0000,0.6753,229394644992.0000,,0.4600,,146419001.0000,7.3300,7.5000,8.3300,5.9700,0.0337,FCF/NI:0.68,1,7.3600,False,7-15d,XLK,,AAPL|MSFT|NVDA,interest_rates|ai_capex_cycle|semiconductor_cycle,66,2026-11-06,False,2026-08-05,39.2500,34.5200,13.7000,ALCISTA FUERTE,10,767.0500,8.3600,45.9000,14.9200,"Filtros estándar (Score ≥6.5, DD ≥10%)"
NXPI,NXP Semiconductors,Information Technology,Semiconductors,2021-03-22,224.6400,2026-09-01,33.0700,34.5200,DOWN,1.3614,0.8320,True,0.2744,5.6014,0.4310,2.4940,256.4700,241.9300,231.9300,-12.4100,-7.1500,True,0.8295,BAJISTA,-31.1700,326.3900,338.8000,180.6300,-33.7000,24.3600,0.9120,True,218.1100,2,242.4900,True,-2.9100,HAMMER|DOJI,7.5800,7.0000,7.5000,7.5000,8,8.5000,7.0000,True,4.9900,7.4800,1.5000,19.0858,12.4144,4.9713,4.2963,12.7790,0.2792,0.1046,0.2256,0.5610,0.1950,0.7260,93.3250,2.0400,3555000064.0000,2975000064.0000,1.1950,56646160384.0000,1.8250,2.1700,1.8100,252164174.0000,7.1800,7.3400,5.9600,8.4300,0.0628,D/E:93,1,7.3400,True,3-7d,XLK,,AAPL|MSFT|NVDA,interest_rates|ai_capex_cycle|semiconductor_cycle,55,2026-10-26,False,2026-07-28,3.6100,3.5300,2.4000,ALCISTA FUERTE,10,767.0500,8.3600,45.9000,14.9200,"Filtros estándar (Score ≥6.5, DD ≥10%)"
CVX,Chevron Corporation,Energy,Integrated Oil & Gas,1957-03-04,206.1400,2026-09-01,73.3500,71.7100,UP,-0.1797,-0.0290,False,0.7995,3.6964,0.9020,1.7930,186.8800,177.0000,198.5600,10.3100,16.4600,True,2.8610,ALCISTA,-1.3600,208.9800,210.9200,142.5100,-2.2700,44.6500,1.5100,True,184.2600,1,209.9500,False,-10.6100,HAMMER|DOJI|HAMMER|DOJI,7.1500,10.0000,6.0000,9.5000,4,5.0000,7.0000,False,3.5900,5.3800,1.5000,19.4105,15.5683,2.1295,1.9312,8.6570,0.1223,0.0586,0.0983,0.4427,0.5350,3.2190,18.9590,1.2520,21934000128.0000,20590999552.0000,1.0652,404364918784.0000,0.4880,2.0500,3.5300,1961603274.0000,7.4500,9.0200,6.3200,6.9300,0.0542,OK,0,7.3300,False,10-18d,XLE,,XOM|COP|SLB,oil_price|gas_price|opec_supply|inventories,59,2026-10-30,False,2026-07-31,6.0600,5.5700,8.8000,ALCISTA FUERTE,10,767.0500,8.3600,45.9000,14.9200,"Filtros estándar (Score ≥6.5, DD ≥10%)"
WDC,Western Digital,Information Technology,"Technology Hardware, Storage & Peripherals",2009-07-01,450.5500,2026-09-01,52.3000,39.6900,UP,0.2532,-1.3186,True,0.3300,31.3443,0.6240,6.9570,531.0000,365.4400,476.4200,-15.1500,23.2900,True,10.1671,NEUTRO,-43.6700,799.8700,799.8700,77.6900,-43.6700,479.9400,0.7390,True,432.2000,2,525.0100,False,-4.0700,NONE,6.7500,8.5000,7.0000,7.5000,4,7.0000,5.0000,False,13.9100,20.8700,1.5000,17.0663,14.1908,,12.5739,32.3980,1.3085,0.2076,0.7295,0.4885,0.4380,9.8410,13.4360,1.3290,2268750080.0000,9285999616.0000,0.2443,162441707520.0000,2.2170,2.4400,0.1300,360540944.0000,7.6800,10.0000,7.5400,5.1200,0.0140,FCF/NI:0.24,1,7.3100,False,7-15d,XLK,,AAPL|MSFT|NVDA,interest_rates|ai_capex_cycle|semiconductor_cycle,65,2026-11-05,False,2026-08-05,3.5600,3.3000,7.9000,ALCISTA FUERTE,10,767.0500,8.3600,45.9000,14.9200,"Filtros estándar (Score ≥6.5, DD ≥10%)"
GOOG,Alphabet Inc. (Class C),Communication Services,Interactive Media & Services,2014-04-03,335.4100,2026-09-01,39.0600,20.5700,UP,-0.4758,-0.3964,False,0.2217,5.9032,0.5410,1.7600,347.3700,333.4900,343.1800,-3.4400,0.5800,True,2.3449,NEUTRO,-12.1500,381.8100,404.2300,206.3700,-17.0200,62.5300,1.4100,True,333.6900,1,376.0300,True,-0.5100,NONE,7.5200,8.5000,7.5000,7.5000,7,8.5000,5.0000,False,3.5200,5.2800,1.5000,17.2093,22.6205,6.5901,9.2002,23.0900,0.4868,0.1296,0.5477,0.6090,0.2420,2.9400,18.8590,2.7240,22665000960.0000,244118994944.0000,0.0928,4102042681344.0000,1.2370,2.1000,0.2600,5527000000.0000,7.1700,10.0000,7.9600,2.9600,0.0055,FCF/NI:0.09,1,7.3100,False,7-15d,XLC,,GOOGL|META|NFLX,ad_spending_cycle|streaming_competition|regulation,57,2026-10-28,False,2026-07-22,9.1100,2.9100,212.9000,ALCISTA FUERTE,10,767.0500,8.3600,45.9000,14.9200,"Filtros estándar (Score ≥6.5, DD ≥10%)"
EXPD,Expeditors International,Industrials,Air Freight & Logistics,2007-10-10,189.6500,2026-09-01,73.2000,75.9200,DOWN,0.1516,0.3155,False,0.7495,3.7064,0.9470,1.9540,175.6400,156.9300,184.6300,7.9800,20.8500,True,4.0994,ALCISTA,-1.1200,191.7900,191.7900,111.7800,-1.1200,69.6600,1.2680,True,158.9600,1,188.8600,False,-16.1800,NONE,6.3500,10.0000,5.0000,7.5000,4,5.0000,5.0000,False,3.9100,5.8600,1.5000,27.7672,23.9228,11.6385,2.0482,19.1430,0.4267,0.1523,0.0763,0.1355,0.3210,0.5150,26.7450,1.5660,797562240.0000,918798976.0000,0.8680,24652720128.0000,1.0450,3.3500,0.8500,129990622.0000,7.9100,10.0000,8.2900,5.0300,0.0324,OK,0,7.2900,False,10-18d,XLI,,CAT|UNP|HON,pmi_manufacturing|supply_chain|capex_cycle,63,2026-11-03,False,2026-08-04,2.0300,1.6900,19.9000,ALCISTA FUERTE,10,767.0500,8.3600,45.9000,14.9200,"Filtros estándar (Score ≥6.5, DD ≥10%)"
MAS,Masco,Industrials,Building Products,1981-06-30,72.1600,2026-09-01,39.4900,45.8300,DOWN,-0.1412,-0.1876,True,0.1393,1.7288,0.7360,2.3960,76.2000,68.7400,74.0200,-5.3000,4.9800,True,1.3611,NEUTRO,-13.3500,83.2700,83.2700,57.5100,-13.3500,25.4700,0.8880,True,71.3700,3,73.6700,True,-1.0900,HAMMER|HAMMER|DOJI,8.2500,8.5000,7.5000,7.5000,9,10.0000,7.0000,True,4.7900,7.1900,1.5000,16.8993,15.4845,-38.9843,1.8673,11.5520,58.6250,0.1586,0.1161,0.3721,-0.0290,0.2450,,1.8650,897124992.0000,885000000.0000,1.0137,14229045248.0000,1.2960,2.6500,1.7500,197187430.0000,6.6500,5.0000,7.7000,7.3600,0.0630,OK,0,7.2900,True,7-15d,XLI,,CAT|UNP|HON,pmi_manufacturing|supply_chain|capex_cycle,58,2026-10-29,False,2026-07-29,1.6400,1.3100,25.1000,ALCISTA FUERTE,10,767.0500,8.3600,45.9000,14.9200,"Filtros estándar (Score ≥6.5, DD ≥10%)"
DVA,DaVita,Health Care,Health Care Services,2008-07-31,176.0100,2026-09-01,37.4800,10.9200,UP,0.7284,-0.7072,True,0.3712,4.7521,0.7090,2.7000,211.3500,162.6100,187.2000,-16.7200,8.2400,True,3.8053,NEUTRO,-28.8800,247.4900,247.4900,101.0000,-28.8800,74.2700,0.5490,True,176.5900,1,202.6200,True,0.3300,HAMMER,7.7000,8.5000,8.5000,7.5000,7,7.0000,7.0000,True,5.4000,8.1000,1.5000,15.3185,10.2033,-14.7129,0.8016,9.1260,0.8848,0.0751,0.0605,0.3236,0.0520,0.5580,1241.9860,1.4670,1042460032.0000,822476032.0000,1.2675,11229437952.0000,0.8700,4.1400,,63800000.0000,7.0000,6.6400,6.8700,7.5900,0.0928,D/E:1242,1,7.2800,True,7-15d,XLV,,UNH|JNJ|LLY,fda_calendar|drug_pricing_policy|patent_cliffs,57,2026-10-28,False,2026-08-04,4.0200,3.8800,3.5000,ALCISTA FUERTE,10,767.0500,8.3600,45.9000,14.9200,"Filtros estándar (Score ≥6.5, DD ≥10%)"
RDDT,Reddit,Communication Services,Interactive Media & Services,2026-08-18,147.8100,2026-09-01,43.6300,49.2000,DOWN,-0.0352,0.4231,False,0.1568,9.1267,0.7610,6.1750,171.2800,175.6200,158.7200,-13.7000,-15.8400,False,-2.4758,BAJISTA,-28.9500,208.0500,282.9500,119.2700,-47.7600,23.9300,0.5210,True,143.5700,2,147.4500,True,-2.8700,NONE,6.3300,5.0000,5.0000,7.5000,7,8.5000,5.0000,False,12.3500,18.5200,1.5000,35.6169,15.2578,8.6520,10.2338,32.0300,0.3071,0.1565,0.3135,0.9144,0.6110,1.7780,0.6350,10.4860,678068736.0000,871094976.0000,0.7784,28438128640.0000,2.0340,2.6300,,146103200.0000,7.9000,10.0000,9.4300,3.6500,0.0238,OK,0,7.2700,False,3-7d,XLC,,GOOGL|META|NFLX,ad_spending_cycle|streaming_competition|regulation,58,2026-10-29,False,2026-07-30,1.2500,0.9600,29.6000,ALCISTA FUERTE,10,767.0500,8.3600,45.9000,14.9200,"Filtros estándar (Score ≥6.5, DD ≥10%)"
NUE,Nucor,Materials,Steel,1985-04-30,249.6400,2026-09-01,28.5100,36.3400,DOWN,-2.4985,-4.0370,True,0.2615,9.0857,1.1190,3.6400,247.0400,202.5100,254.6600,1.0500,23.2700,True,6.3183,ALCISTA,-10.8800,280.1100,280.1100,130.1100,-10.8800,91.8700,0.8820,True,244.7300,1,264.0200,True,-1.9700,HAMMER,7.9200,10.0000,8.5000,7.5000,7,6.5000,7.0000,True,7.2800,10.9200,1.5000,20.0032,13.1075,2.5617,1.5689,10.9490,0.1455,0.0732,0.0799,0.1555,0.2300,0.9380,30.5120,2.5080,683374976.0000,2872999936.0000,0.2379,56637243392.0000,1.8920,2.6300,0.8900,226875676.0000,6.8300,10.0000,5.8400,4.3000,0.0121,FCF/NI:0.24,1,7.2700,True,5-10d,XLB,,LIN|APD|ECL,commodity_prices|dxy|china_demand|energy_costs,55,2026-10-26,False,2026-07-27,4.8400,4.5300,6.9000,ALCISTA FUERTE,10,767.0500,8.3600,45.9000,14.9200,"Filtros estándar (Score ≥6.5, DD ≥10%)"
MPWR,Monolithic Power Systems,Information Technology,Semiconductors,2021-02-12,1267.7700,2026-09-01,35.5800,46.3800,DOWN,-7.2069,-7.4892,True,0.0841,54.7500,0.5980,4.3190,1353.4200,1240.4300,1331.0800,-6.3300,2.2000,True,2.7182,NEUTRO,-23.8200,1664.1500,1711.4800,795.4000,-25.9300,59.3900,1.0690,True,1234.3500,3,1475.3800,True,-2.6400,HAMMER|HAMMER,8.2500,8.5000,7.5000,7.5000,9,10.0000,7.0000,True,8.6400,12.9600,1.5000,76.9278,36.4354,15.9933,19.0342,60.8900,0.2198,0.1357,0.2450,0.5520,0.4760,0.8580,0.4860,4.9750,444316128.0000,801945984.0000,0.5540,62302023680.0000,1.6860,2.1400,0.6400,49143000.0000,6.6100,10.0000,6.9100,2.3100,0.0071,FCF/NI:0.55,1,7.2700,True,7-15d,XLK,,AAPL|MSFT|NVDA,interest_rates|ai_capex_cycle|semiconductor_cycle,58,2026-10-29,False,2026-07-30,6.5000,5.8800,10.5000,ALCISTA FUERTE,10,767.0500,8.3600,45.9000,14.9200,"Filtros estándar (Score ≥6.5, DD ≥10%)"
MU,Micron Technology,Information Technology,Semiconductors,1994-09-27,958.7300,2026-09-01,61.9200,52.4700,UP,2.5810,4.0860,False,0.6968,50.8950,0.6150,5.3090,951.4700,591.8700,932.1300,0.7600,61.9800,True,13.5696,ALCISTA,-23.6000,1254.8101,1254.8101,114.0700,-23.6000,740.5000,0.7640,True,889.6400,2,1011.7700,False,-7.2100,NONE,6.8500,10.0000,6.0000,7.5000,4,7.0000,5.0000,False,10.6200,15.9300,1.5000,21.6809,6.1843,10.7463,11.9944,15.5830,0.6664,0.3487,0.5591,0.7257,3.4570,13.6850,6.3300,3.4250,7639499776.0000,50468999168.0000,0.1514,1082783105024.0000,2.2130,0.7000,0.0600,1129393151.0000,7.5300,10.0000,8.1700,3.9000,0.0071,FCF/NI:0.15,1,7.2600,False,10-18d,XLK,,AAPL|MSFT|NVDA,interest_rates|ai_capex_cycle|semiconductor_cycle,29,2026-09-30,False,2026-06-24,25.1100,20.6900,21.4000,ALCISTA FUERTE,10,767.0500,8.3600,45.9000,14.9200,"Filtros estándar (Score ≥6.5, DD ≥10%)"
REG,Regency Centers,Real Estate,Retail REITs,2017-03-02,74.7700,2026-09-01,37.9100,21.5100,UP,-0.0655,-0.0009,False,0.1263,0.8900,0.6750,1.1900,79.0300,74.9100,76.9400,-5.3900,-0.1800,True,1.0747,BAJISTA,-10.6300,83.6600,83.6600,65.1000,-10.6300,14.8600,1.4410,True,75.1400,3,82.1100,True,0.5000,NONE,7.9000,7.0000,7.5000,7.5000,10,10.0000,5.0000,False,2.3800,3.5700,1.5000,25.1751,29.7039,2.0543,8.2935,17.8390,0.0819,0.0323,0.3300,0.7154,0.0890,0.0890,71.9720,0.9640,743363968.0000,542515008.0000,1.3702,13978903552.0000,0.8190,4.1300,4.0400,183120547.0000,6.8000,7.2200,6.0100,7.2200,0.0532,OK,0,7.2400,False,3-7d,XLRE,,PLD|AMT|EQIX,interest_rates|cap_rates|occupancy_trends,57,2026-10-28,False,2026-07-29,0.6100,0.5900,3.6000,ALCISTA FUERTE,10,767.0500,8.3600,45.9000,14.9200,"Filtros estándar (Score ≥6.5, DD ≥10%)"
JPM,JPMorgan Chase,Financials,Diversified Banks,1975-06-30,356.0200,2026-09-01,44.2900,48.5500,DOWN,-1.4781,-1.6894,True,0.3733,5.1400,0.7360,1.4440,346.8800,315.0100,355.4800,2.6400,13.0200,True,1.8481,ALCISTA,-2.8600,366.5000,366.5000,276.4300,-2.8600,28.7900,1.3840,True,350.8000,2,366.5000,True,-1.4600,HAMMER|DOJI|HAMMER|DOJI|HAMMER|DOJI,7.9000,10.0000,6.0000,9.5000,7,7.0000,7.0000,False,2.8900,4.3300,1.5000,15.2471,14.2368,2.6767,5.0790,,0.1779,0.0136,0.3492,0.0000,0.3040,0.4690,,,,63634001920.0000,,946367430656.0000,0.9770,3.3900,1.6800,2658186195.0000,6.8000,10.0000,5.1600,4.9700,,OK,0,7.2400,False,10-18d,XLF,,BAC|WFC|GS,interest_rates|yield_curve|credit_spreads|loan_growth,42,2026-10-13,False,2026-07-14,6.1400,5.8000,5.9000,ALCISTA FUERTE,10,767.0500,8.3600,45.9000,14.9200,"Filtros estándar (Score ≥6.5, DD ≥10%)"
AVGO,Broadcom,Information Technology,Semiconductors,2014-05-08,370.3400,2026-09-01,26.2300,18.4300,UP,-2.4384,-6.0012,True,0.3166,12.6571,0.7120,3.4180,385.2900,368.6300,379.0200,-3.8800,0.4600,True,0.9554,NEUTRO,-14.4200,432.7300,494.2200,285.0800,-25.0700,29.9100,1.1160,True,369.6300,2,414.6400,True,-0.1900,HAMMER,7.9000,8.5000,9.5000,7.5000,7,7.0000,7.0000,True,6.8400,10.2500,1.5000,61.3146,18.9212,20.0944,23.3475,42.9430,0.3728,0.1212,0.3885,0.7628,0.4790,0.8540,74.0180,2.2380,27212249088.0000,29316999168.0000,0.9282,1761922252800.0000,1.4730,3.0300,0.7100,4757580198.0000,6.7900,10.0000,6.7500,3.0700,0.0154,OK,0,7.2300,True,5-10d,XLK,,AAPL|MSFT|NVDA,interest_rates|ai_capex_cycle|semiconductor_cycle,1,2026-09-02,True,2026-06-03,2.4400,2.4000,1.7000,ALCISTA FUERTE,10,767.0500,8.3600,45.9000,14.9200,"Filtros estándar (Score ≥6.5, DD ≥10%)"
DOC,Healthpeak Properties,Real Estate,Health Care REITs,2008-03-31,20.8200,2026-09-01,50.3700,48.1400,UP,0.0223,0.0673,False,0.3572,0.3737,0.7960,1.7950,21.3700,18.0900,21.2100,-2.5900,15.0900,True,2.2098,NEUTRO,-8.8300,22.8400,22.8400,15.0400,-8.8300,38.4400,1.1010,True,21.1000,1,21.9200,True,1.3400,HAMMER,7.2000,8.5000,6.0000,7.5000,7,7.0000,7.0000,False,3.5900,5.3800,1.5000,59.4857,-138.8000,1.8495,5.0038,15.7180,0.0304,0.0151,0.0825,0.5765,0.1110,0.6820,108.6530,2.2860,1645113088.0000,242743008.0000,6.7772,14760282112.0000,0.9970,3.8000,5.8200,689527260.0000,7.2300,10.0000,5.0200,6.5600,0.1115,D/E:109,1,7.2200,False,7-15d,XLRE,,PLD|AMT|EQIX,interest_rates|cap_rates|occupancy_trends,51,2026-10-22,False,2026-08-04,0.0800,0.0300,198.6000,ALCISTA FUERTE,10,767.0500,8.3600,45.9000,14.9200,"Filtros estándar (Score ≥6.5, DD ≥10%)"
APP,AppLovin,Communication Services,Advertising,2025-09-22,312.0600,2026-09-01,35.0800,22.1400,UP,4.3334,1.4233,True,0.3825,12.5350,0.4360,4.0170,408.2700,492.2900,333.4100,-23.5700,-36.6100,False,-5.3796,BAJISTA,-47.5500,595.0000,745.6100,297.5000,-58.1500,4.8900,0.7860,True,303.1700,1,437.7900,True,-2.8500,HAMMER|DOJI,7.0000,5.0000,8.5000,7.5000,7,7.0000,7.0000,True,8.0300,12.0500,1.5000,24.4561,14.5981,33.0782,15.3509,19.3710,2.0369,0.4646,0.6458,0.8846,0.5280,0.5700,111.1300,4.3000,3179956224.0000,4409847808.0000,0.7211,104833286144.0000,2.5290,1.5900,,305732000.0000,7.3500,10.0000,7.2400,4.3800,0.0303,FCF/NI:0.72|D/E:111,2,7.2100,False,3-7d,XLC,,GOOGL|META|NFLX,ad_spending_cycle|streaming_competition|regulation,64,2026-11-04,False,2026-08-05,3.7600,3.7400,43.0000,ALCISTA FUERTE,10,767.0500,8.3600,45.9000,14.9200,"Filtros estándar (Score ≥6.5, DD ≥10%)"
PRU,Prudential Financial,Financials,Life & Health Insurance,2002-07-22,117.6000,2026-09-01,38.5800,43.6700,DOWN,-0.7383,-0.6256,False,-0.0186,2.0938,0.9050,1.7800,116.5500,105.0200,120.0600,0.9000,11.9800,True,2.2422,ALCISTA,-6.8600,126.2600,126.2600,89.6200,-6.8600,31.2200,1.3260,True,116.2900,1,124.7700,True,-1.1200,NONE,7.5500,10.0000,6.5000,7.5000,7,8.0000,5.0000,False,3.5600,5.3400,1.5000,10.8587,7.9167,1.2857,0.6220,11.7420,0.1201,0.0043,0.0601,0.2902,0.1410,0.8920,163.8910,0.7770,7527750144.0000,3872000000.0000,1.9442,40571998208.0000,0.8260,6.6500,4.6700,345000000.0000,6.9900,8.4500,4.7300,7.9000,0.1855,D/E:164,1,7.2100,False,10-18d,XLF,,JPM|BAC|WFC,interest_rates|yield_curve|credit_spreads|loan_growth,57,2026-10-28,False,2026-08-04,4.0800,3.5200,16.0000,ALCISTA FUERTE,10,767.0500,8.3600,45.9000,14.9200,"Filtros estándar (Score ≥6.5, DD ≥10%)"
ADI,Analog Devices,Information Technology,Semiconductors,1999-10-12,362.1400,2026-09-01,30.1100,42.5300,DOWN,-1.2451,-0.4336,False,0.0389,10.9007,0.6790,3.0100,382.4600,344.8500,374.2800,-5.3100,5.0100,True,4.3029,NEUTRO,-18.7900,445.9100,445.9100,221.3800,-18.7900,63.5800,0.7640,True,368.9000,2,398.8200,True,1.8700,HAMMER|DOJI,7.7500,8.5000,6.5000,7.5000,7,10.0000,7.0000,False,6.0200,9.0300,1.5000,42.9076,22.1672,5.2303,12.6411,26.3360,0.1223,0.0641,0.2979,0.6580,0.3960,1.6350,27.3140,1.2500,4147339008.0000,4135003904.0000,1.0030,175480553472.0000,1.2120,2.2700,1.2200,484565465.0000,6.8400,10.0000,5.6100,4.5900,0.0236,OK,0,7.2000,False,7-15d,XLK,,AAPL|MSFT|NVDA,interest_rates|ai_capex_cycle|semiconductor_cycle,84,2026-11-24,False,2026-08-19,3.4500,3.3400,3.3000,ALCISTA FUERTE,10,767.0500,8.3600,45.9000,14.9200,"Filtros estándar (Score ≥6.5, DD ≥10%)"
GOOGL,Alphabet Inc. (Class A),Communication Services,Interactive Media & Services,2006-04-03,339.3500,2026-09-01,44.1700,24.4400,UP,-0.3276,-0.2207,False,0.2509,6.1564,0.5520,1.8140,349.2000,334.5700,345.8100,-2.8200,1.4300,True,2.4337,NEUTRO,-11.7400,384.4800,408.3700,205.6100,-16.9000,65.0400,1.3860,True,330.2000,1,374.8100,True,-2.7000,NONE,7.2300,8.5000,6.0000,7.5000,7,8.5000,5.0000,False,3.6300,5.4400,1.5000,17.3936,22.8863,6.6675,9.3082,23.3690,0.4868,0.1296,0.5477,0.6090,0.2420,2.9400,18.8590,2.7240,22665000960.0000,244118994944.0000,0.0928,4150228680704.0000,1.2370,2.3500,0.2500,5867155790.0000,7.1700,10.0000,7.9600,2.9400,0.0055,FCF/NI:0.09,1,7.1900,False,7-15d,XLC,,META|NFLX|DIS,ad_spending_cycle|streaming_competition|regulation,57,2026-10-28,False,2026-07-22,9.1100,2.9000,214.2000,ALCISTA FUERTE,10,767.0500,8.3600,45.9000,14.9200,"Filtros estándar (Score ≥6.5, DD ≥10%)"
RTX,RTX Corporation,Industrials,Aerospace & Defense,1957-03-04,207.7300,2026-09-01,27.9700,41.5200,DOWN,-2.3017,-2.5421,True,0.0749,4.1920,0.8640,2.0180,205.2400,191.0500,213.5600,1.2100,8.7300,True,2.5580,ALCISTA,-8.2500,226.4100,226.4100,148.4100,-8.2500,39.9700,0.8890,True,191.6200,3,220.6100,False,-7.7500,HAMMER,8.0000,10.0000,8.5000,7.5000,6,8.0000,7.0000,False,4.0400,6.0500,1.5000,37.2944,26.4427,4.2179,2.9943,19.6470,0.1227,0.0421,0.0828,0.2035,0.1450,0.2870,57.0200,1.0110,9880000512.0000,7737999872.0000,1.2768,279969792000.0000,0.2940,2.6000,1.3800,1347758144.0000,6.6100,9.1800,5.1200,5.3400,0.0353,OK,0,7.1700,False,10-18d,XLI,,CAT|UNP|HON,pmi_manufacturing|supply_chain|capex_cycle,49,2026-10-20,False,2026-07-23,1.8900,1.6600,13.7000,ALCISTA FUERTE,10,767.0500,8.3600,45.9000,14.9200,"Filtros estándar (Score ≥6.5, DD ≥10%)"
JBHT,J.B. Hunt,Industrials,Cargo Ground Transportation,2015-07-01,265.4700,2026-09-01,49.4400,57.9100,DOWN,-0.9707,-1.0677,True,0.3113,8.6821,0.9900,3.2700,276.8000,234.2400,270.7500,-4.0900,13.3300,True,4.7647,NEUTRO,-11.2900,299.2600,299.2600,129.0600,-11.2900,105.6900,1.3890,True,268.9400,1,287.9300,True,1.3100,NONE,7.1000,8.5000,6.0000,9.5000,7,5.0000,5.0000,False,6.5400,9.8100,1.5000,37.1807,26.2441,6.8172,1.9629,15.7300,0.1845,0.0738,0.0531,0.1850,0.1940,0.4580,38.3730,1.2550,903028352.0000,674505024.0000,1.3388,24931598336.0000,1.2970,2.7100,0.6900,93914939.0000,7.1700,10.0000,6.0600,5.1800,0.0362,OK,0,7.1400,False,7-15d,XLI,,CAT|UNP|HON,pmi_manufacturing|supply_chain|capex_cycle,43,2026-10-14,False,2026-07-15,1.9100,1.7400,9.6000,ALCISTA FUERTE,10,767.0500,8.3600,45.9000,14.9200,"Filtros estándar (Score ≥6.5, DD ≥10%)"
PSX,Phillips 66,Energy,Oil & Gas Refining & Marketing,2012-05-01,246.5800,2026-09-01,78.7700,84.2100,DOWN,0.0779,0.7960,False,0.7836,7.3200,1.1840,2.9690,205.1100,167.6100,230.4500,20.2200,47.1200,True,6.1868,ALCISTA,-1.6300,250.6600,250.6600,123.0900,-1.6300,100.3200,1.5400,True,199.5000,2,246.9500,False,-19.0900,BULL_ENGULF|HAMMER,7.2000,10.0000,5.0000,9.5000,4,5.0000,9.5000,False,5.9400,8.9100,1.5000,13.9311,11.9180,3.1229,0.6497,11.6930,0.2345,0.0604,0.0466,0.1310,0.5310,3.4490,62.8840,1.3200,4545375232.0000,7085000192.0000,0.6415,98862555136.0000,0.6870,1.9000,2.0800,400935020.0000,7.0800,8.9900,5.6700,6.5200,0.0460,FCF/NI:0.64,1,7.1300,False,10-18d,XLE,,XOM|CVX|COP,oil_price|gas_price|opec_supply|inventories,58,2026-10-29,False,2026-08-05,9.4100,7.5000,25.4000,ALCISTA FUERTE,10,767.0500,8.3600,45.9000,14.9200,"Filtros estándar (Score ≥6.5, DD ≥10%)"
KEYS,Keysight Technologies,Information Technology,Electronic Equipment & Instruments,2018-11-06,322.7000,2026-09-01,43.3700,47.3100,DOWN,-2.0084,-3.3458,True,0.3170,12.7766,0.8970,3.9590,329.9200,284.9600,328.0900,-2.1900,13.2500,True,5.9916,NEUTRO,-13.9400,374.9600,374.9600,158.7900,-13.9400,103.2200,1.0550,True,325.6200,3,332.5600,True,0.9000,HAMMER|HAMMER|DOJI,7.2000,8.5000,6.0000,7.5000,9,5.0000,7.0000,False,7.9200,11.8800,1.5000,43.3154,23.6412,8.3634,8.3494,30.8150,0.2090,0.0772,0.1914,0.6469,0.3650,1.0910,41.7900,2.0240,1923374976.0000,1279000064.0000,1.5038,54955810816.0000,1.2100,2.6200,,170300000.0000,7.0900,9.8200,5.9600,5.2100,0.0350,OK,0,7.1300,False,7-15d,XLK,,AAPL|MSFT|NVDA,interest_rates|ai_capex_cycle|semiconductor_cycle,84,2026-11-24,False,2026-08-18,3.0700,2.4800,23.7000,ALCISTA FUERTE,10,767.0500,8.3600,45.9000,14.9200,"Filtros estándar (Score ≥6.5, DD ≥10%)"
RJF,Raymond James Financial,Financials,Investment Banking & Brokerage,2017-03-20,178.1700,2026-09-01,47.8900,44.6500,UP,-0.8089,-1.2150,True,0.5107,3.6593,0.9540,2.0540,169.9800,159.1100,176.2700,4.8200,11.9800,True,1.1592,ALCISTA,-2.5000,182.7300,182.7300,138.3300,-2.5000,28.8000,1.3270,True,175.0200,1,182.7300,True,-1.7700,HAMMER|BULL_ENGULF|HAMMER|DOJI,8.0500,10.0000,7.0000,9.5000,7,5.0000,9.5000,False,4.1100,6.1600,1.5000,15.6427,12.5637,2.6955,2.2458,,0.1842,0.0258,0.1513,0.9316,0.1510,0.4200,47.5940,2.1090,,2299000064.0000,,34226456576.0000,0.9200,7.1200,1.2000,192100000.0000,6.5100,8.7300,5.6500,4.9300,,OK,0,7.1300,False,10-18d,XLF,,JPM|BAC|WFC,interest_rates|yield_curve|credit_spreads|loan_growth,57,2026-10-28,False,2026-07-22,3.1400,2.9100,7.8000,ALCISTA FUERTE,10,767.0500,8.3600,45.9000,14.9200,"Filtros estándar (Score ≥6.5, DD ≥10%)"
O,Realty Income,Real Estate,Retail REITs,2015-04-07,61.2800,2026-09-01,44.7300,41.5700,UP,-0.1268,0.0061,False,-0.0817,0.7243,0.6720,1.1820,63.0300,60.6300,62.6500,-2.7700,1.0700,True,1.0597,NEUTRO,-8.3600,66.8700,66.8700,53.7700,-8.3600,13.9600,1.2170,True,61.8300,4,63.9400,True,0.9100,NONE,7.7500,8.5000,6.0000,7.5000,9,10.0000,5.0000,False,2.3600,3.5500,1.5000,45.3926,38.6571,1.4661,9.5597,17.0100,0.0323,0.0236,0.2090,0.9268,0.0960,0.6920,74.7220,1.5280,1582081920.0000,1267576960.0000,1.2481,57984241664.0000,0.7200,7.2400,5.2500,946218033.0000,6.6800,9.9300,5.1300,4.7000,0.0273,OK,0,7.1100,False,7-15d,XLRE,,PLD|AMT|EQIX,interest_rates|cap_rates|occupancy_trends,62,2026-11-02,False,2026-08-05,0.3700,0.4200,-12.7000,ALCISTA FUERTE,10,767.0500,8.3600,45.9000,14.9200,"Filtros estándar (Score ≥6.5, DD ≥10%)"
VEEV,Veeva Systems,Health Care,Health Care Technology,2026-05-07,285.6900,2026-09-01,77.4500,77.2400,UP,2.4585,-0.0279,True,1.0502,12.0721,1.4700,4.2260,207.7900,198.9300,242.8400,37.4900,43.6100,True,-2.4216,ALCISTA,-3.5600,296.2400,310.5000,148.0500,-7.9900,92.9700,1.4130,False,179.2500,1,,False,-37.2600,NONE,6.5500,9.5000,7.0000,7.0000,4,5.0000,5.0000,False,8.4500,12.6800,1.5000,46.9113,27.8966,6.3730,13.3761,36.4210,0.1442,0.0758,0.2934,0.7496,0.1760,0.3950,2.0410,5.4580,1257709824.0000,1014771968.0000,1.2394,46255738880.0000,0.9220,3.5000,,161908850.0000,7.4700,10.0000,7.8200,4.1100,0.0272,OK,0,7.1000,False,10-18d,XLV,,UNH|JNJ|LLY,fda_calendar|drug_pricing_policy|patent_cliffs,85,2026-11-25,False,2026-08-26,2.3500,2.2200,5.8000,ALCISTA FUERTE,10,767.0500,8.3600,45.9000,14.9200,"Filtros estándar (Score ≥6.5, DD ≥10%)"
TER,Teradyne,Information Technology,Semiconductor Materials & Equipment,2020-09-21,349.8300,2026-09-01,41.9600,40.4200,UP,-5.1003,-4.0463,False,0.1277,22.4564,0.7100,6.4190,380.0000,312.7600,374.5100,-7.9400,11.8500,True,7.6916,NEUTRO,-28.3000,487.9100,487.9100,109.3900,-28.3000,219.8000,0.7330,True,340.3400,1,381.0200,True,-2.7100,HAMMER,7.6500,8.5000,6.0000,7.5000,7,10.0000,7.0000,False,12.8400,19.2600,1.5000,48.7908,30.0220,17.4192,12.2519,36.1980,0.3646,0.1975,0.2577,0.5924,1.0390,3.8580,2.8830,2.1250,437381248.0000,1150220032.0000,0.3803,54692683776.0000,1.7930,1.9500,0.1500,156340750.0000,6.7300,10.0000,6.9200,2.6900,0.0080,FCF/NI:0.38,1,7.1000,False,7-15d,XLK,,AAPL|MSFT|NVDA,interest_rates|ai_capex_cycle|semiconductor_cycle,50,2026-10-21,False,2026-07-28,2.4700,2.0500,20.3000,ALCISTA FUERTE,10,767.0500,8.3600,45.9000,14.9200,"Filtros estándar (Score ≥6.5, DD ≥10%)"
OXY,Occidental Petroleum,Energy,Oil & Gas Exploration & Production,1957-03-04,60.1800,2026-09-01,57.3100,73.1900,DOWN,-0.0802,0.0771,False,0.7190,1.3443,0.7960,2.2340,55.2500,51.6700,58.5300,8.9200,16.4700,True,3.5500,ALCISTA,-3.1700,62.1500,67.1400,38.4400,-10.3700,56.5600,1.0920,True,55.4400,1,58.9900,False,-7.8700,HAMMER,6.8500,10.0000,5.0000,7.5000,4,7.0000,7.0000,False,4.4700,6.7000,1.5000,17.7522,15.6964,1.7981,2.5143,5.7990,0.1063,0.0468,0.3032,0.7332,0.5340,9.6490,34.5110,1.4110,3788124928.0000,3399000064.0000,1.1145,60158177280.0000,0.1600,0.0100,1.9000,999637371.0000,7.2300,9.0100,5.4800,7.2000,0.0630,OK,0,7.0800,False,10-18d,XLE,,XOM|CVX|COP,oil_price|gas_price|opec_supply|inventories,69,2026-11-09,False,2026-08-05,2.4000,1.8500,29.8000,ALCISTA FUERTE,10,767.0500,8.3600,45.9000,14.9200,"Filtros estándar (Score ≥6.5, DD ≥10%)"
CAT,Caterpillar Inc.,Industrials,Construction Machinery & Heavy Transportation Equipment,1957-03-04,797.4700,2026-09-01,38.6800,49.4900,DOWN,-1.0981,-1.1145,True,0.0716,26.4521,0.6800,3.3170,893.1300,765.1100,835.4500,-10.7100,4.2300,True,4.0150,NEUTRO,-25.5700,1071.4700,1071.4700,406.8600,-25.5700,96.0100,1.1130,True,801.0000,1,887.9100,True,0.4400,HAMMER,7.9500,8.5000,7.5000,7.5000,7,10.0000,7.0000,True,6.6300,9.9500,1.5000,34.4777,24.6305,18.9005,4.9054,24.9690,0.5697,0.0903,0.1451,0.2971,0.2400,0.6820,232.7830,1.3680,5048999936.0000,10844000256.0000,0.4656,366576926720.0000,1.6050,2.1200,0.8100,459674889.0000,6.4900,10.0000,5.7900,3.2000,0.0138,FCF/NI:0.47|D/E:233,2,7.0700,False,7-15d,XLI,,UNP|HON|RTX,pmi_manufacturing|supply_chain|capex_cycle,58,2026-10-29,False,2026-08-04,8.1700,6.2000,31.8000,ALCISTA FUERTE,10,767.0500,8.3600,45.9000,14.9200,"Filtros estándar (Score ≥6.5, DD ≥10%)"
VRT,Vertiv,Industrials,Electrical Components & Equipment,2026-03-23,258.7200,2026-09-01,44.1500,49.3800,DOWN,-0.2085,-1.1164,True,0.2269,13.1495,0.6730,5.0830,289.3400,255.0200,270.2900,-10.5800,1.4500,True,3.5656,NEUTRO,-27.8400,358.5400,379.8600,118.5700,-31.8900,118.2000,0.8930,True,231.6500,1,281.9900,False,-10.4600,HAMMER|DOJI,6.9800,8.5000,6.0000,7.5000,4,8.5000,7.0000,False,10.1700,15.2500,1.5000,58.1393,28.4346,20.9337,8.6766,37.2670,0.4394,0.1089,0.1509,0.3804,0.2410,0.5300,70.1660,1.3790,2696537600.0000,1732000000.0000,1.5569,99604135936.0000,2.0770,2.2100,0.1000,384988173.0000,7.1300,10.0000,7.0900,3.8300,0.0271,OK,0,7.0700,False,7-15d,XLI,,CAT|UNP|HON,pmi_manufacturing|supply_chain|capex_cycle,50,2026-10-21,False,2026-07-29,1.5200,1.4300,6.4000,ALCISTA FUERTE,10,767.0500,8.3600,45.9000,14.9200,"Filtros estándar (Score ≥6.5, DD ≥10%)"
FIS,Fidelity National Information Services,Financials,Transaction & Payment Processing Services,2006-11-10,40.7700,2026-09-01,40.4200,32.5900,UP,-0.2217,-0.3190,True,0.2720,1.2757,0.8370,3.1290,41.5500,49.5200,41.5900,-1.8800,-17.6600,False,-4.2153,BAJISTA,-13.2600,47.0000,68.1700,37.4200,-40.2000,8.9500,1.0710,True,39.9600,1,40.7400,True,-1.9900,HAMMER,6.6200,5.0000,7.0000,7.5000,7,6.5000,7.0000,False,6.2600,9.3900,1.5000,6.3703,6.0842,1.3117,1.7234,11.7880,0.2235,0.0428,0.2765,0.3584,0.2910,,132.5100,0.5350,2653125120.0000,3372999936.0000,0.7866,21025331200.0000,0.8130,2.5400,4.2500,515705917.0000,7.3700,7.5000,5.7300,9.1200,0.1262,OK,0,7.0700,False,3-7d,XLF,,JPM|BAC|WFC,interest_rates|yield_curve|credit_spreads|loan_growth,64,2026-11-04,False,2026-08-04,1.4800,1.4700,54.0000,ALCISTA FUERTE,10,767.0500,8.3600,45.9000,14.9200,"Filtros estándar (Score ≥6.5, DD ≥10%)"
DXCM,Dexcom,Health Care,Health Care Equipment,2020-05-12,91.0600,2026-09-01,60.9200,62.7200,DOWN,-0.4490,-0.1756,False,0.7212,2.3579,0.8340,2.5890,79.2300,70.1300,87.4800,14.9200,29.8500,True,3.5145,ALCISTA,-1.6500,92.5900,92.5900,54.1100,-1.6500,68.2900,0.5960,True,60.7000,2,,False,-33.3500,NONE,6.3500,10.0000,5.0000,7.5000,4,5.0000,5.0000,False,5.1800,7.7700,1.5000,35.8504,29.1480,13.1097,6.9151,24.0980,0.3849,0.1033,0.2012,0.6247,0.1310,0.4360,53.3460,1.7330,1021162496.0000,999699968.0000,1.0215,34362470400.0000,1.4100,3.1100,,377360765.0000,7.5400,9.8800,7.8800,4.4300,0.0297,OK,0,7.0600,False,10-18d,XLV,,UNH|JNJ|LLY,fda_calendar|drug_pricing_policy|patent_cliffs,58,2026-10-29,False,2026-07-30,0.7000,0.6100,15.1000,ALCISTA FUERTE,10,767.0500,8.3600,45.9000,14.9200,"Filtros estándar (Score ≥6.5, DD ≥10%)"
HAS,Hasbro,Consumer Discretionary,Leisure Products,1984-09-30,94.1000,2026-09-01,51.0300,60.4700,DOWN,-0.3481,-0.1695,False,0.5323,2.2286,0.9320,2.3680,87.7500,87.8700,93.4100,7.2400,7.0800,False,2.3395,ALCISTA,-4.1800,98.2000,104.6000,67.3300,-10.0400,39.7600,0.8690,True,92.5900,3,97.1400,True,-1.6000,HAMMER,7.0000,8.5000,5.0000,7.5000,9,5.0000,7.0000,False,4.7400,7.1100,1.5000,16.7736,14.4199,18.8502,2.6688,12.1500,1.5956,0.1308,0.1597,0.6382,0.1620,,531.0420,1.6610,688150016.0000,794099968.0000,0.8666,13272284160.0000,0.4680,2.8200,2.9700,141044467.0000,7.1000,7.5000,7.0600,6.6800,0.0518,D/E:531,1,7.0600,False,10-18d,XLY,,AMZN|TSLA|HD,consumer_spending|employment_data|interest_rates,51,2026-10-22,False,2026-07-21,1.2800,1.1300,12.8000,ALCISTA FUERTE,10,767.0500,8.3600,45.9000,14.9200,"Filtros estándar (Score ≥6.5, DD ≥10%)"
COST,Costco,Consumer Staples,Consumer Staples Merchandise Retail,1993-10-01,943.8900,2026-09-01,47.1200,47.1100,UP,-1.2548,0.9443,False,0.2985,17.1400,0.8700,1.8160,945.0300,957.4600,950.4900,-0.1200,-1.4200,False,0.2665,BAJISTA,-5.2200,995.8300,1094.7600,840.3500,-13.7800,12.3200,1.3340,True,923.3800,5,1031.1600,True,-2.1700,HAMMER,7.3800,5.5000,6.0000,9.5000,10,6.5000,7.0000,False,3.6300,5.4500,1.5000,47.6231,41.6550,25.3203,1.4258,30.2340,0.2915,0.0867,0.0301,0.1288,0.2150,0.4550,60.2570,1.0720,6954375168.0000,8837999616.0000,0.7869,418595241984.0000,0.8600,3.8200,0.6200,443478804.0000,6.8300,10.0000,6.9800,2.9400,0.0166,OK,0,7.0500,False,3-7d,XLP,,PG|KO|PEP,inflation|input_costs|fx_rates,23,2026-09-24,False,2026-05-28,4.9300,4.9700,-85.0000,ALCISTA FUERTE,10,767.0500,8.3600,45.9000,14.9200,"Filtros estándar (Score ≥6.5, DD ≥10%)"
PSA,Public Storage,Real Estate,Self-Storage REITs,2005-08-19,306.9900,2026-09-01,25.3800,42.7200,DOWN,-2.0838,-0.6040,False,-0.2396,5.2336,0.7280,1.7050,321.8900,293.5200,320.7000,-4.6300,4.5900,True,1.3449,NEUTRO,-8.5100,335.5500,335.5500,251.6200,-8.5100,22.0100,1.9140,True,309.3700,6,330.7800,True,0.7700,NONE,8.0500,8.5000,7.5000,7.5000,9,10.0000,5.0000,False,3.4100,5.1100,1.5000,29.9502,30.1715,11.1386,11.6749,19.8690,0.2193,0.0698,0.4163,0.7442,0.0330,0.4510,109.6320,0.2200,2334240256.0000,1845432960.0000,1.2649,57329074176.0000,0.9450,4.4000,3.8300,186745748.0000,6.3800,6.3700,7.1000,5.5400,0.0407,D/E:110,1,7.0500,False,7-15d,XLRE,,PLD|AMT|EQIX,interest_rates|cap_rates|occupancy_trends,57,2026-10-28,False,2026-07-29,2.4500,2.5300,-2.9000,ALCISTA FUERTE,10,767.0500,8.3600,45.9000,14.9200,"Filtros estándar (Score ≥6.5, DD ≥10%)"
LMT,Lockheed Martin,Industrials,Aerospace & Defense,1957-03-04,561.2300,2026-09-01,33.6100,42.2200,DOWN,-5.9538,-6.8474,True,0.1688,13.5800,0.9330,2.4200,551.0600,551.1500,573.2600,1.8400,1.8300,False,1.9883,ALCISTA,-8.4100,612.7500,687.5000,432.1300,-18.3700,29.8800,0.9350,True,510.1000,1,612.7500,False,-9.1100,HAMMER,6.9700,8.5000,7.5000,7.5000,4,6.5000,7.0000,False,4.8400,7.2600,1.5000,20.6943,17.1543,14.7219,1.6819,15.1110,0.8917,0.0864,0.0816,0.1180,0.1050,4.4380,234.2380,1.1930,5562625024.0000,6287000064.0000,0.8848,129526685696.0000,0.1100,2.0100,2.4500,230790753.0000,7.0800,7.8900,6.9800,6.2700,0.0429,D/E:234,1,7.0400,False,10-18d,XLI,,CAT|UNP|HON,pmi_manufacturing|supply_chain|capex_cycle,49,2026-10-20,False,2026-07-23,7.9400,7.2000,10.3000,ALCISTA FUERTE,10,767.0500,8.3600,45.9000,14.9200,"Filtros estándar (Score ≥6.5, DD ≥10%)"
HON,Honeywell Technologies,Industrials,Industrial Conglomerates,1957-03-04,213.5300,2026-09-01,22.5500,23.4800,DOWN,-1.7541,-2.8694,True,0.1572,5.3294,0.7020,2.4960,231.2200,227.8600,225.6600,-7.6500,-6.2900,True,1.1843,BAJISTA,-15.0100,251.2500,258.0900,193.2600,-17.2600,10.4900,1.6460,True,216.1600,3,246.2800,True,1.2300,HAMMER,8.0700,7.0000,8.5000,7.5000,10,8.5000,7.0000,True,4.9900,7.4900,1.5000,8.3606,21.3474,3.6509,1.7783,11.0140,0.4658,0.0572,0.2158,0.3651,0.0430,2.6390,185.3690,1.2110,2610374912.0000,8265999872.0000,0.3158,67676196864.0000,0.9180,1.5700,1.2900,316940010.0000,6.3600,5.8900,5.4800,7.9500,0.0386,FCF/NI:0.32|D/E:185,2,7.0400,False,5-10d,XLI,,CAT|UNP|RTX,pmi_manufacturing|supply_chain|capex_cycle,51,2026-10-22,False,2026-07-23,1.9500,1.8200,7.2000,ALCISTA FUERTE,10,767.0500,8.3600,45.9000,14.9200,"Filtros estándar (Score ≥6.5, DD ≥10%)"
RL,Ralph Lauren Corporation,Consumer Discretionary,"Apparel, Accessories & Luxury Goods",2007-02-02,346.9000,2026-09-01,2.5300,44.5300,DOWN,-3.9968,-2.7005,False,-0.0166,10.4250,0.8080,3.0050,385.4200,364.6300,373.2400,-9.9900,-4.8600,True,1.5582,BAJISTA,-17.5200,420.5700,420.5700,289.7700,-17.5200,19.7100,1.2330,False,323.5500,1,389.9700,False,-6.7300,HAMMER,6.5500,7.0000,7.5000,5.0000,5,8.0000,7.0000,False,6.0100,9.0200,1.5000,22.3230,16.5866,7.5968,2.4738,13.6400,0.3754,0.1100,0.1176,0.7027,0.1400,0.2160,110.3730,2.0450,880087488.0000,982899968.0000,0.8954,20669079552.0000,1.3710,4.7600,1.1300,37700963.0000,7.3600,10.0000,6.0900,5.7600,0.0426,D/E:110,1,7.0400,False,3-7d,XLY,,AMZN|TSLA|HD,consumer_spending|employment_data|interest_rates,65,2026-11-05,False,2026-08-06,4.5900,4.3400,5.7000,ALCISTA FUERTE,10,767.0500,8.3600,45.9000,14.9200,"Filtros estándar (Score ≥6.5, DD ≥10%)"
UBER,Uber,Industrials,Passenger Ground Transportation,2023-12-18,75.6500,2026-09-01,42.5400,65.1400,DOWN,-0.0302,0.5858,False,0.4852,2.6259,1.0340,3.4710,73.6200,76.7200,76.1000,2.7500,-1.4000,False,-2.3567,BAJISTA,-8.1500,82.3600,101.9900,65.4100,-25.8300,15.6600,0.9390,True,73.9700,1,76.3000,True,-2.2200,NONE,6.2500,6.5000,5.0000,7.5000,8,5.0000,5.0000,False,6.9400,10.4100,1.5000,16.5899,17.2454,5.6497,2.7979,22.0690,0.3716,0.0688,0.1734,0.4075,0.1220,0.8550,51.8720,0.8430,7244749824.0000,9578999808.0000,0.7563,154519683072.0000,1.1540,2.3000,,2042560121.0000,7.5100,8.4400,6.7700,7.3000,0.0469,OK,0,7.0100,False,3-7d,XLI,,CAT|UNP|HON,pmi_manufacturing|supply_chain|capex_cycle,63,2026-11-03,False,2026-08-05,1.1700,0.8300,40.2000,ALCISTA FUERTE,10,767.0500,8.3600,45.9000,14.9200,"Filtros estándar (Score ≥6.5, DD ≥10%)"
HSY,Hershey Company (The),Consumer Staples,Packaged Foods & Meats,1957-03-04,176.2100,2026-09-01,42.8500,70.4300,DOWN,-0.7758,0.6432,False,0.0936,3.8878,0.8090,2.2060,177.8300,189.6700,182.4100,-0.9100,-7.1000,False,0.5413,BAJISTA,-7.4800,190.4600,235.8000,156.7000,-25.2700,12.4500,1.4290,True,172.3200,2,176.8400,True,-2.2100,HAMMER,6.7000,5.5000,5.0000,7.5000,8,8.0000,7.0000,False,4.4100,6.6200,1.5000,24.4397,17.8563,7.7595,2.9107,14.8950,0.3281,0.0992,0.1224,0.3838,0.0660,6.3100,129.8210,1.1800,1743636352.0000,1489106944.0000,1.1709,35405111296.0000,0.0970,6.7200,3.2400,146312143.0000,7.2000,8.5000,6.6500,6.3100,0.0492,D/E:130,1,7.0000,False,3-7d,XLP,,PG|KO|PEP,inflation|input_costs|fx_rates,65,2026-11-05,False,2026-07-30,1.9000,1.4300,33.1000,ALCISTA FUERTE,10,767.0500,8.3600,45.9000,14.9200,"Filtros estándar (Score ≥6.5, DD ≥10%)"
BMY,Bristol Myers Squibb,Health Care,Pharmaceuticals,1957-03-04,66.8100,2026-09-01,57.8400,55.3300,UP,-0.0565,0.0871,False,0.7062,1.5236,0.9490,2.2800,61.5600,56.7800,65.5000,8.5300,17.6600,True,4.0995,ALCISTA,-2.6700,68.6400,68.6400,41.1300,-2.6700,62.4400,1.1620,True,63.0000,1,68.3700,False,-5.7000,NONE,6.5500,10.0000,6.0000,7.5000,4,5.0000,5.0000,False,4.5600,6.8400,1.5000,14.6513,10.1876,6.1153,2.7746,9.0050,0.4660,0.1072,0.1887,0.7166,0.0570,1.5310,201.8590,1.5320,8114375168.0000,9281999872.0000,0.8742,136473755648.0000,0.2250,3.7400,3.7800,2042714656.0000,7.3000,6.8400,7.1100,8.0500,0.0595,D/E:202,1,7.0000,False,10-18d,XLV,,UNH|JNJ|LLY,fda_calendar|drug_pricing_policy|patent_cliffs,58,2026-10-29,False,2026-07-30,2.0400,1.6000,27.7000,ALCISTA FUERTE,10,767.0500,8.3600,45.9000,14.9200,"Filtros estándar (Score ≥6.5, DD ≥10%)"
AMZN,Amazon,Consumer Discretionary,Broadline Retail,2005-11-18,259.7700,2026-09-01,38.1000,33.5500,UP,-1.1537,-1.4648,True,0.2785,5.9357,0.7430,2.2850,251.9700,238.7300,260.8700,3.1000,8.8100,True,1.4373,ALCISTA,-9.5500,287.2000,287.2000,196.0000,-9.5500,32.5400,1.2780,True,256.6400,2,276.6600,True,-1.2100,NONE,8.0200,10.0000,8.5000,7.5000,7,8.5000,5.0000,False,4.5700,6.8500,1.5000,20.8818,24.9928,5.0780,3.6123,17.3500,0.3056,0.0659,0.1744,0.5077,0.1960,2.4230,45.6170,1.0330,3219124992.0000,135281000448.0000,0.0238,2801960484864.0000,1.4540,2.0400,,10786313572.0000,6.2900,10.0000,5.4000,2.9900,0.0011,FCF/NI:0.02,1,6.9800,False,10-18d,XLY,,TSLA|HD|MCD,consumer_spending|employment_data|interest_rates,58,2026-10-29,False,2026-07-30,5.7500,1.8300,215.0000,ALCISTA FUERTE,10,767.0500,8.3600,45.9000,14.9200,"Filtros estándar (Score ≥6.5, DD ≥10%)"
TRV,Travelers Companies (The),Financials,Property & Casualty Insurance,2002-08-21,365.9300,2026-09-01,37.4800,39.0400,DOWN,-1.7638,-2.5049,True,0.2852,6.3671,0.8000,1.7400,357.7600,308.9500,368.7300,2.2800,18.4400,True,3.4858,ALCISTA,-8.2200,398.7000,398.7000,249.3100,-8.2200,46.7800,1.1360,True,369.7000,1,398.7000,True,1.0300,NONE,7.5200,10.0000,7.5000,7.5000,7,6.5000,5.0000,False,3.4800,5.2200,1.5000,9.9410,12.1134,2.3047,1.5583,6.9970,0.2651,0.0478,0.1695,0.3473,0.0030,0.5710,27.3780,0.3230,14775124992.0000,8242999808.0000,1.7924,76323856384.0000,0.4570,2.7400,1.3500,208575022.0000,6.6200,5.0000,7.3200,7.7000,0.1936,OK,0,6.9800,False,10-18d,XLF,,JPM|BAC|WFC,interest_rates|yield_curve|credit_spreads|loan_growth,44,2026-10-15,False,2026-07-17,10.0400,5.3900,86.1000,ALCISTA FUERTE,10,767.0500,8.3600,45.9000,14.9200,"Filtros estándar (Score ≥6.5, DD ≥10%)"
BKNG,Booking Holdings,Consumer Discretionary,"Hotels, Resorts & Cruise Lines",2009-11-06,199.0900,2026-09-01,33.0800,68.7300,DOWN,-2.1514,-0.5745,False,0.1496,6.0257,0.9000,3.0270,191.8000,185.3900,204.9600,3.8000,7.3900,True,0.3375,ALCISTA,-8.3900,217.3200,224.7300,149.7600,-11.4100,32.9400,0.9190,True,171.0800,3,215.6900,False,-14.0700,NONE,7.4000,10.0000,6.5000,7.5000,6,8.0000,5.0000,False,6.0500,9.0800,1.5000,22.8314,16.0863,-13.9948,5.2970,14.7220,,0.2038,0.2553,0.8723,0.0810,1.3000,,1.0940,7725875200.0000,7208999936.0000,1.0717,149592342528.0000,1.0680,3.5400,0.8200,751380500.0000,6.6800,8.2400,5.7200,5.9700,0.0516,OK,0,6.9700,False,10-18d,XLY,,AMZN|TSLA|HD,consumer_spending|employment_data|interest_rates,56,2026-10-27,False,2026-08-04,2.5400,2.4300,4.5000,ALCISTA FUERTE,10,767.0500,8.3600,45.9000,14.9200,"Filtros estándar (Score ≥6.5, DD ≥10%)"
CHRW,C.H. Robinson,Industrials,Air Freight & Logistics,2007-03-02,149.6600,2026-09-01,52.5100,42.2700,UP,2.0483,0.7108,True,0.6563,4.0921,0.6500,2.7340,171.6100,172.1500,151.8900,-12.7900,-13.0600,False,0.6747,BAJISTA,-28.8500,210.3300,210.3300,122.3100,-28.8500,22.3600,0.9410,True,149.8900,1,175.4900,True,0.1500,HAMMER|DOJI,6.8000,5.5000,7.0000,7.5000,7,7.0000,7.0000,False,5.4700,8.2000,1.5000,28.5611,19.9567,10.7685,1.0289,20.7000,0.3712,0.0996,0.0373,0.0845,0.1930,0.2380,121.1880,1.5820,480618368.0000,633326976.0000,0.7589,17487960064.0000,0.9460,1.9500,1.6800,116851258.0000,7.0900,9.9100,6.3900,4.6200,0.0275,D/E:121,1,6.9700,False,3-7d,XLI,,CAT|UNP|HON,pmi_manufacturing|supply_chain|capex_cycle,57,2026-10-28,False,2026-07-29,1.6100,1.5200,5.6000,ALCISTA FUERTE,10,767.0500,8.3600,45.9000,14.9200,"Filtros estándar (Score ≥6.5, DD ≥10%)"
CVS,CVS Health,Health Care,Health Care Services,1957-03-04,93.9100,2026-09-01,45.0800,21.2400,UP,-0.0056,-0.3538,True,0.3710,2.0429,0.7910,2.1750,101.0200,85.1500,96.0200,-7.0300,10.2900,True,2.1005,NEUTRO,-14.6300,110.0000,110.0000,67.4600,-14.6300,39.2100,1.3300,True,92.6800,2,97.6700,True,-1.3100,NONE,7.6000,8.5000,7.0000,9.5000,7,7.0000,5.0000,False,4.3500,6.5300,1.5000,24.5838,11.0390,1.5058,0.2911,10.9500,0.0621,0.0297,0.0118,0.1365,0.0710,1.8880,95.5030,0.8660,8076000256.0000,4889999872.0000,1.6515,120108113920.0000,0.5960,1.9700,2.8600,1278970369.0000,6.5400,7.4200,4.5700,7.8200,0.0672,D/E:96,1,6.9600,False,7-15d,XLV,,UNH|JNJ|LLY,fda_calendar|drug_pricing_policy|patent_cliffs,57,2026-10-28,False,2026-08-05,2.5800,1.8500,39.4000,ALCISTA FUERTE,10,767.0500,8.3600,45.9000,14.9200,"Filtros estándar (Score ≥6.5, DD ≥10%)"
CASY,Casey's,Consumer Staples,Food Retail,2026-04-09,752.2100,2026-09-01,29.4500,43.2600,DOWN,-10.5467,-2.7363,False,-0.1839,25.6214,0.8580,3.4060,832.3900,720.7100,825.3900,-9.6300,4.3700,True,4.3119,NEUTRO,-18.8700,927.1500,927.1500,488.3000,-18.8700,54.0500,1.4050,True,733.3800,2,883.7500,True,-2.5000,NONE,7.4500,8.5000,7.5000,7.5000,7,8.0000,5.0000,False,6.8100,10.2200,1.5000,39.2185,31.8480,7.0247,1.5851,20.2340,0.1915,0.0761,0.0407,0.2461,0.1450,0.6600,73.5140,1.0100,550939648.0000,714448000.0000,0.7711,27835465728.0000,0.6150,3.8900,0.3500,37004914.0000,6.6300,10.0000,5.9300,3.5300,0.0198,OK,0,6.9600,False,7-15d,XLP,,PG|KO|PEP,inflation|input_costs|fx_rates,7,2026-09-08,True,2026-06-09,4.3700,3.3100,32.1000,ALCISTA FUERTE,10,767.0500,8.3600,45.9000,14.9200,"Filtros estándar (Score ≥6.5, DD ≥10%)"
OMC,Omnicom Group,Communication Services,Advertising,1997-12-31,87.5300,2026-09-01,60.9900,74.2500,DOWN,-0.0875,0.1412,False,0.6598,1.9993,0.7620,2.2840,81.5100,76.7600,85.9800,7.3800,14.0300,True,1.5294,ALCISTA,-2.2800,89.5700,89.5700,64.9800,-2.2800,34.7000,0.8540,True,72.7200,3,87.9800,False,-16.9200,HAMMER|DOJI,7.1500,10.0000,5.0000,7.5000,6,7.0000,7.0000,False,4.5700,6.8500,1.5000,236.5676,7.2672,2.4854,1.0734,8.9810,0.0605,0.0509,0.0174,0.1896,0.6340,0.5880,107.7440,0.9240,4260624896.0000,390200000.0000,10.9191,24013500416.0000,0.6600,8.3500,3.6200,274345967.0000,6.8400,10.0000,4.4900,5.9000,0.1774,D/E:108,1,6.9600,False,10-18d,XLC,,GOOGL|META|NFLX,ad_spending_cycle|streaming_competition|regulation,49,2026-10-20,False,2026-07-28,2.6500,2.6600,-39.0000,ALCISTA FUERTE,10,767.0500,8.3600,45.9000,14.9200,"Filtros estándar (Score ≥6.5, DD ≥10%)"
DD,DuPont,Industrials,Industrial Conglomerates,2019-06-03,134.5900,2026-09-01,35.7500,44.5500,DOWN,-0.7825,-0.9058,True,0.0442,3.1343,0.7670,2.3290,139.0800,135.7800,139.2800,-3.2300,-0.8800,True,2.8047,BAJISTA,-9.9300,149.4200,156.7300,91.2900,-14.1200,47.4400,1.2320,True,133.6900,7,143.2500,True,-0.6700,NONE,7.9000,7.0000,7.5000,7.5000,10,10.0000,5.0000,False,4.6600,6.9900,1.5000,58.7729,16.8982,1.3200,2.6009,12.4610,0.0179,0.0207,0.0079,0.3513,0.0400,1.4960,22.9020,2.4270,1835250048.0000,306000000.0000,5.9975,18175432704.0000,1.0900,2.3300,1.7500,135042975.0000,6.3200,5.7900,5.9100,7.4100,0.1010,OK,0,6.9500,False,3-7d,XLI,,CAT|UNP|HON,pmi_manufacturing|supply_chain|capex_cycle,65,2026-11-05,False,2026-08-04,1.8800,1.7600,6.8000,ALCISTA FUERTE,10,767.0500,8.3600,45.9000,14.9200,"Filtros estándar (Score ≥6.5, DD ≥10%)"
APH,Amphenol,Information Technology,Electronic Components,2008-09-30,158.5500,2026-09-01,39.6800,43.3600,DOWN,-0.7437,-1.4460,True,0.2831,5.3979,0.7850,3.4050,161.1300,144.7900,160.7300,-1.6000,9.5000,True,2.1522,NEUTRO,-11.1900,178.5200,178.5200,104.7400,-11.1900,51.3800,0.9600,True,154.8200,4,177.4200,True,-2.3500,NONE,7.8200,8.5000,7.5000,7.5000,9,8.5000,5.0000,True,6.8100,10.2100,1.5000,39.5386,24.4775,12.6154,6.7383,22.0860,0.3811,0.1447,0.1773,0.3895,0.5500,0.5930,120.4150,1.8880,3818374912.0000,5143399936.0000,0.7424,195489529856.0000,1.2510,2.2400,0.6300,1232983457.0000,6.3700,9.0700,5.7600,3.9100,0.0195,FCF/NI:0.74|D/E:120,2,6.9500,False,7-15d,XLK,,AAPL|MSFT|NVDA,interest_rates|ai_capex_cycle|semiconductor_cycle,57,2026-10-28,False,2026-07-29,1.3500,1.1900,13.2000,ALCISTA FUERTE,10,767.0500,8.3600,45.9000,14.9200,"Filtros estándar (Score ≥6.5, DD ≥10%)"
HST,Host Hotels & Resorts,Real Estate,Hotel & Resort REITs,2007-03-20,21.9300,2026-09-01,37.5800,28.7300,UP,-0.1109,-0.0391,False,0.1550,0.4393,0.7930,2.0030,23.6600,20.0900,23.0700,-7.3100,9.1500,True,3.9699,NEUTRO,-14.7000,25.7100,25.7100,14.5900,-14.7000,50.3000,0.7090,True,22.2800,1,21.5600,True,1.6000,NONE,7.5200,8.5000,7.5000,7.5000,7,8.5000,5.0000,False,4.0100,6.0100,1.5000,14.7181,20.8716,2.3515,2.4439,11.1780,0.1556,0.0433,0.1647,0.2919,0.0360,0.0840,85.2980,1.6710,1692375040.0000,1027000000.0000,1.6479,15235351552.0000,1.1220,4.3900,3.6500,685124399.0000,6.5700,4.0400,7.5700,8.3600,0.1111,D/E:85,1,6.9500,False,7-15d,XLRE,,PLD|AMT|EQIX,interest_rates|cap_rates|occupancy_trends,64,2026-11-04,False,2026-08-05,0.3500,0.3400,4.4000,ALCISTA FUERTE,10,767.0500,8.3600,45.9000,14.9200,"Filtros estándar (Score ≥6.5, DD ≥10%)"
NFLX,Netflix,Communication Services,Movies & Entertainment,2010-12-20,81.0500,2026-09-01,66.2700,68.5900,DOWN,0.3546,0.6847,False,0.7650,2.1621,0.9000,2.6680,74.7200,87.5200,78.3800,8.4700,-7.4000,False,-3.8828,BAJISTA,-2.4400,83.0800,126.7100,65.0800,-36.0400,24.5400,1.0610,True,70.8600,1,94.7000,False,-12.5700,HAMMER|DOJI,6.0000,6.5000,5.0000,7.5000,5,5.0000,7.0000,False,5.3400,8.0000,1.5000,25.7302,21.2122,11.1932,6.9771,23.4270,0.4954,0.1608,0.2822,0.4912,0.1340,0.1110,55.2360,1.1420,25387552768.0000,13649642496.0000,1.8599,337487331328.0000,1.5140,2.0600,,4163939676.0000,7.5800,8.4800,7.7200,6.3800,0.0752,OK,0,6.9500,False,3-7d,XLC,,GOOGL|META|DIS,ad_spending_cycle|streaming_competition|regulation,49,2026-10-20,False,2026-07-16,0.8000,0.7900,1.4000,ALCISTA FUERTE,10,767.0500,8.3600,45.9000,14.9200,"Filtros estándar (Score ≥6.5, DD ≥10%)"
MNST,Monster Beverage,Consumer Staples,Soft Drinks & Non-alcoholic Beverages,2012-06-28,45.9200,2026-09-01,8.7100,49.8900,DOWN,0.2862,-0.5845,True,0.3625,4.2671,0.5930,9.2930,77.2600,78.5200,56.3400,-40.5700,-41.5200,False,-1.5206,BAJISTA,-54.2400,100.3400,100.3400,45.0500,-54.2400,1.9300,1.2920,False,45.0500,1,76.9300,True,-1.8900,NONE,6.3000,5.0000,8.5000,5.0000,7,7.0000,5.0000,False,18.5900,27.8800,1.5000,43.3208,35.0891,9.6067,9.7581,29.5340,0.2570,0.1748,0.2308,0.5555,0.2020,0.1800,0.9920,3.7290,1681231104.0000,2127670016.0000,0.7902,89959653376.0000,0.5240,3.3400,,1959051764.0000,7.3800,10.0000,8.2600,3.2900,0.0187,OK,0,6.9500,False,5-10d,XLP,,PG|KO|PEP,inflation|input_costs|fx_rates,65,2026-11-05,False,2026-08-06,0.3000,0.2900,1.8000,ALCISTA FUERTE,10,767.0500,8.3600,45.9000,14.9200,"Filtros estándar (Score ≥6.5, DD ≥10%)"
STLD,Steel Dynamics,Materials,Steel,2022-12-22,232.6200,2026-09-01,25.8700,32.1600,DOWN,-2.3745,-4.2448,True,0.2501,9.7300,1.0590,4.1830,242.5400,207.4700,241.9100,-4.0900,12.1200,True,4.9427,NEUTRO,-19.2500,288.0900,288.0900,125.3800,-19.2500,85.5300,0.7380,True,228.7700,1,243.1800,True,-1.6600,NONE,7.4200,8.5000,8.5000,7.5000,7,6.5000,5.0000,True,8.3700,12.5500,1.5000,21.1089,12.2785,3.5465,1.6233,13.8760,0.1757,0.0787,0.0783,0.1465,0.3340,0.8360,46.9240,3.1830,234191248.0000,1607240960.0000,0.1457,33340981248.0000,1.5320,3.4800,0.9100,143328088.0000,6.6200,10.0000,5.7700,3.6500,0.0070,FCF/NI:0.15,1,6.9400,True,5-10d,XLB,,LIN|APD|ECL,commodity_prices|dxy|china_demand|energy_costs,48,2026-10-19,False,2026-07-20,3.6900,3.6700,56.0000,ALCISTA FUERTE,10,767.0500,8.3600,45.9000,14.9200,"Filtros estándar (Score ≥6.5, DD ≥10%)"
NVDA,Nvidia,Information Technology,Semiconductors,2001-11-30,220.7800,2026-09-01,52.5400,46.0300,UP,-0.2849,-1.5330,True,0.5931,6.8107,0.9330,3.0850,208.6200,195.8000,216.1500,5.8300,12.7600,True,1.4204,ALCISTA,-4.2000,230.4700,236.2600,163.8500,-6.5500,34.7400,0.9740,False,207.8900,2,227.9200,False,-5.8400,NONE,6.2500,10.0000,7.0000,5.0000,4,5.0000,5.0000,False,6.1700,9.2500,1.5000,27.4602,14.3324,27.3581,17.5964,26.3190,1.1721,0.5357,0.6366,0.7467,1.0590,1.2780,16.9710,4.5890,41809874944.0000,192880001024.0000,0.2168,5331174293504.0000,2.2150,2.3500,0.4600,24147000000.0000,7.3800,10.0000,8.2500,3.3100,0.0078,FCF/NI:0.22,1,6.9300,False,10-18d,XLK,,AAPL|MSFT|AVGO,interest_rates|ai_capex_cycle|semiconductor_cycle,77,2026-11-17,False,2026-08-26,2.2200,2.0900,6.2000,ALCISTA FUERTE,10,767.0500,8.3600,45.9000,14.9200,"Filtros estándar (Score ≥6.5, DD ≥10%)"
GS,Goldman Sachs,Financials,Investment Banking & Brokerage,2002-07-22,1025.9000,2026-09-01,47.4600,53.3300,DOWN,0.4795,1.4451,False,0.2717,22.9336,0.6800,2.2350,1050.1400,937.9300,1038.6700,-2.3100,9.3800,True,2.9915,NEUTRO,-11.1000,1153.9900,1153.9900,710.7100,-11.1000,44.3500,0.7310,True,1001.5700,3,1077.2100,True,-2.3700,HAMMER|DOJI,7.5200,8.5000,5.0000,7.5000,9,8.5000,7.0000,False,4.4700,6.7100,1.5000,15.9748,13.8574,2.8336,4.4208,,0.1690,0.0107,0.3104,0.8208,0.4250,0.9230,725.3810,1.5630,,19982000128.0000,,298712727552.0000,1.2880,3.0500,1.9300,291171408.0000,6.5400,10.0000,4.4900,4.8900,,D/E:725,1,6.9300,False,7-15d,XLF,,JPM|BAC|WFC,interest_rates|yield_curve|credit_spreads|loan_growth,42,2026-10-13,False,2026-07-14,20.9800,14.5400,44.3000,ALCISTA FUERTE,10,767.0500,8.3600,45.9000,14.9200,"Filtros estándar (Score ≥6.5, DD ≥10%)"
NTRS,Northern Trust,Financials,Asset Management & Custody Banks,1998-01-30,185.5600,2026-09-01,44.7000,53.8700,DOWN,-0.5337,-0.5643,True,0.4060,3.5214,0.8810,1.8980,182.7500,156.2000,185.9800,1.5400,18.8000,True,4.0826,ALCISTA,-5.2200,195.7800,195.7800,119.1700,-5.2200,55.7100,0.7550,True,182.4100,1,191.6000,True,-1.7000,HAMMER,7.2000,10.0000,6.0000,7.5000,7,5.0000,7.0000,False,3.8000,5.6900,1.5000,15.9553,14.6453,2.7123,3.7366,,0.1707,0.0128,0.2467,0.0000,0.3640,0.9860,,,,2181299968.0000,,33949249536.0000,1.2590,3.0900,1.7700,182955653.0000,6.7500,10.0000,5.0900,4.9100,,OK,0,6.9300,False,10-18d,XLF,,JPM|BAC|WFC,interest_rates|yield_curve|credit_spreads|loan_growth,50,2026-10-21,False,2026-07-22,4.2300,4.6200,-8.3000,ALCISTA FUERTE,10,767.0500,8.3600,45.9000,14.9200,"Filtros estándar (Score ≥6.5, DD ≥10%)"
GRMN,Garmin,Consumer Discretionary,Consumer Electronics,2012-12-12,284.1100,2026-09-01,13.6600,39.1700,DOWN,-4.3157,-4.1526,False,0.0555,6.5579,0.8660,2.3080,268.3400,235.1400,290.9000,5.8800,20.8200,True,3.1827,ALCISTA,-9.6000,314.2800,314.2800,184.3500,-9.6000,54.1200,1.5240,False,230.8900,6,314.2800,False,-18.7300,HAMMER|DOJI,7.3000,10.0000,7.5000,5.0000,6,8.0000,7.0000,False,4.6200,6.9200,1.5000,29.4110,25.8604,6.0702,7.1423,22.6490,0.2189,0.1217,0.2447,0.6008,0.1140,0.3530,2.5130,3.0280,1043656256.0000,1877294976.0000,0.5559,54791331840.0000,0.8740,3.2600,1.4700,192852536.0000,6.6800,9.7600,6.1500,3.6900,0.0190,FCF/NI:0.56,1,6.9300,False,10-18d,XLY,,AMZN|TSLA|HD,consumer_spending|employment_data|interest_rates,57,2026-10-28,False,2026-07-29,2.8100,2.2900,22.5000,ALCISTA FUERTE,10,767.0500,8.3600,45.9000,14.9200,"Filtros estándar (Score ≥6.5, DD ≥10%)"
AMGN,Amgen,Health Care,Biotechnology,1992-01-02,429.8800,2026-09-01,60.6100,82.3900,DOWN,-0.4435,2.0487,False,0.6379,9.3280,0.9540,2.1700,385.8900,351.4600,420.1300,11.4000,22.3100,True,3.7589,ALCISTA,-3.8400,447.0300,447.0300,262.4900,-3.8400,63.7700,0.8980,True,353.7800,4,,False,-17.7000,HAMMER|HAMMER,6.8500,10.0000,5.0000,7.5000,6,5.0000,7.0000,False,4.3400,6.5100,1.5000,26.7172,17.6198,19.8834,6.1007,15.9670,0.9147,0.0867,0.2295,0.7189,0.0950,0.6490,490.2810,1.3710,8645624832.0000,8743000064.0000,0.9889,232406892544.0000,0.4130,4.5800,2.3300,540632005.0000,6.9600,8.4000,6.9100,5.3300,0.0372,D/E:490,1,6.9200,False,10-18d,XLV,,UNH|JNJ|LLY,fda_calendar|drug_pricing_policy|patent_cliffs,63,2026-11-03,False,2026-08-04,6.2900,5.6200,12.0000,ALCISTA FUERTE,10,767.0500,8.3600,45.9000,14.9200,"Filtros estándar (Score ≥6.5, DD ≥10%)"
AIZ,Assurant,Financials,Multi-line Insurance,2007-04-10,281.8600,2026-09-01,42.1200,51.5500,DOWN,-0.4612,-0.4748,True,0.3665,5.8800,1.0180,2.0860,278.4200,243.4500,283.2500,1.2400,15.7800,True,3.1242,ALCISTA,-7.2600,303.9400,303.9400,202.7000,-7.2600,39.0500,0.7190,True,271.9600,3,284.1200,True,-3.5100,HAMMER,7.5000,10.0000,6.0000,7.5000,9,5.0000,7.0000,False,4.1700,6.2600,1.5000,13.6825,12.0281,2.2826,1.0332,8.1040,0.1834,0.0256,0.0790,0.1327,0.0940,0.3050,36.2110,0.3820,2149574912.0000,1054700032.0000,2.0381,13902396416.0000,0.5430,3.0800,1.2300,49323767.0000,6.5200,6.3000,6.1600,7.1800,0.1546,OK,0,6.9100,False,10-18d,XLF,,JPM|BAC|WFC,interest_rates|yield_curve|credit_spreads|loan_growth,63,2026-11-03,False,2026-08-04,6.4100,5.1800,23.7000,ALCISTA FUERTE,10,767.0500,8.3600,45.9000,14.9200,"Filtros estándar (Score ≥6.5, DD ≥10%)"
EQIX,Equinix,Real Estate,Data Center REITs,2015-03-20,1046.7200,2026-09-01,52.1800,62.0100,DOWN,-1.4558,0.8680,False,0.3203,32.3899,1.1270,3.0940,1048.2600,946.3100,1061.6400,-0.1500,10.6100,True,2.7543,NEUTRO,-6.4300,1118.6600,1118.6600,709.7900,-6.4300,47.4700,1.2670,True,1038.1000,5,1101.7700,True,-0.8200,NONE,6.8000,8.5000,5.0000,7.5000,9,5.0000,5.0000,False,6.1900,9.2800,1.5000,67.0974,55.9957,7.1813,10.4283,27.6820,0.1074,0.0368,0.1548,0.5198,0.1670,0.2880,162.2170,1.1310,3776000000.0000,1532999936.0000,2.4631,103281623040.0000,0.9720,2.7900,1.9800,98671686.0000,6.9800,10.0000,6.0300,4.5600,0.0366,D/E:162,1,6.9100,False,7-15d,XLRE,,PLD|AMT|SPG,interest_rates|cap_rates|occupancy_trends,57,2026-10-28,False,2026-07-29,5.1000,4.8000,6.3000,ALCISTA FUERTE,10,767.0500,8.3600,45.9000,14.9200,"Filtros estándar (Score ≥6.5, DD ≥10%)"
NEM,Newmont,Materials,Gold,1969-06-30,126.0600,2026-09-01,59.9000,84.6100,DOWN,0.6341,2.1538,False,0.6543,4.8271,1.1630,3.8290,104.3200,107.3000,120.1600,20.8400,17.4800,False,3.2676,ALCISTA,-6.8200,135.2900,135.2900,71.4700,-6.8200,76.3800,2.0240,False,106.6200,1,,False,-15.4200,NONE,5.5500,8.5000,5.0000,5.0000,4,5.0000,5.0000,False,7.6600,11.4900,1.5000,16.1202,12.5002,3.7879,5.1550,7.5970,0.2591,0.1575,0.3336,0.6804,0.1510,0.1140,15.8070,2.5460,8815875072.0000,8597000192.0000,1.0255,132828446720.0000,0.5000,2.4800,0.8100,1053692271.0000,7.7900,6.7700,8.6300,8.0100,0.0664,OK,0,6.8900,False,10-18d,XLB,Gold Miner,LIN|APD|ECL,gold_price|real_yields|commodity_prices|dxy|china_demand|energy_costs,51,2026-10-22,False,2026-07-23,2.1000,1.9900,5.7000,ALCISTA FUERTE,10,767.0500,8.3600,45.9000,14.9200,"Filtros estándar (Score ≥6.5, DD ≥10%)"
BX,Blackstone Inc.,Financials,Asset Management & Custody Banks,2023-09-18,143.2400,2026-09-01,52.6500,60.1900,DOWN,-0.6414,-0.4157,False,0.5881,4.0643,0.9070,2.8370,129.9400,128.5100,140.3200,10.2400,11.4600,True,-0.4010,ALCISTA,-4.6600,150.2400,182.6800,99.7800,-21.5900,43.5600,0.8520,True,138.1200,1,150.2400,True,-3.5700,HAMMER|DOJI|HAMMER|DOJI,6.9000,9.5000,5.0000,7.5000,7,5.0000,7.0000,False,5.6700,8.5100,1.5000,31.8311,19.1228,12.7110,11.0580,,0.3137,0.1433,0.2273,1.0000,0.2860,0.5730,68.1850,0.8720,,3519035904.0000,,171214454784.0000,1.5460,4.2200,3.6700,750625114.0000,6.8900,10.0000,6.2700,4.0000,,OK,0,6.8900,False,10-18d,XLF,,JPM|BAC|WFC,interest_rates|yield_curve|credit_spreads|loan_growth,51,2026-10-22,False,2026-07-23,1.5200,1.3400,13.7000,ALCISTA FUERTE,10,767.0500,8.3600,45.9000,14.9200,"Filtros estándar (Score ≥6.5, DD ≥10%)"
CBOE,Cboe Global Markets,Financials,Financial Exchanges & Data,2017-03-01,300.2000,2026-09-01,59.7300,52.0000,UP,1.1513,1.3417,False,0.6331,9.8143,0.8120,3.2690,279.2000,283.5700,297.0800,7.5200,5.8600,False,1.9292,ALCISTA,-5.5200,317.7400,370.4000,227.1500,-18.9500,32.1600,2.1600,True,293.0700,1,308.8200,True,-2.3800,NONE,6.7000,8.5000,6.0000,7.5000,7,5.0000,5.0000,False,6.5400,9.8100,1.5000,23.4165,19.6938,5.5792,6.1941,15.8370,0.2630,0.1158,0.2673,0.5408,0.2290,0.5020,28.0900,1.5650,678249984.0000,1347399936.0000,0.5034,31350192128.0000,0.4150,2.8700,1.1100,104431019.0000,7.0100,10.0000,6.8800,3.6500,0.0216,FCF/NI:0.50,1,6.8900,False,10-18d,XLF,,JPM|BAC|WFC,interest_rates|yield_curve|credit_spreads|loan_growth,59,2026-10-30,False,2026-07-31,3.5600,3.4900,2.0000,ALCISTA FUERTE,10,767.0500,8.3600,45.9000,14.9200,"Filtros estándar (Score ≥6.5, DD ≥10%)"
IBKR,Interactive Brokers,Financials,Investment Banking & Brokerage,2025-08-28,97.2900,2026-09-01,64.5700,63.4400,UP,0.7715,0.6984,True,0.8947,2.9493,0.8280,3.0310,92.2300,78.2100,93.1700,5.4800,24.4000,True,3.0263,ALCISTA,-1.4800,98.7500,98.7500,58.7500,-1.4800,65.5900,0.8090,True,87.1300,6,97.8000,False,-10.4400,HAMMER|HAMMER|BULL_ENGULF,7.5000,10.0000,7.0000,7.5000,6,5.0000,9.5000,False,6.0600,9.0900,1.5000,38.6071,30.5856,7.4250,24.2523,,0.2402,0.0228,0.1647,0.9304,0.2630,0.3530,205.7480,1.0930,,1126000000.0000,,165764218880.0000,1.3430,1.7500,0.3600,453077771.0000,6.4700,9.9000,5.1900,3.9600,,D/E:206,1,6.8800,False,10-18d,XLF,,JPM|BAC|WFC,interest_rates|yield_curve|credit_spreads|loan_growth,49,2026-10-20,False,2026-07-21,0.6900,0.6400,8.0000,ALCISTA FUERTE,10,767.0500,8.3600,45.9000,14.9200,"Filtros estándar (Score ≥6.5, DD ≥10%)"
SMCI,Supermicro,Information Technology,"Technology Hardware, Storage & Peripherals",2024-03-18,37.2800,2026-09-01,63.2700,59.2000,UP,-0.0461,0.1720,False,0.6264,2.6557,0.9450,7.1240,31.3400,31.3300,35.5300,18.9500,18.9900,True,-4.0536,ALCISTA,-17.6300,45.2600,58.7800,19.4800,-36.5800,91.3800,0.4160,True,34.0900,1,36.5800,False,-8.5600,HAMMER,6.6500,9.5000,6.0000,7.5000,4,5.0000,7.0000,False,14.2500,21.3700,1.5000,11.4356,6.9997,2.2306,0.6173,10.2290,0.2147,0.0788,0.0571,0.1082,0.9320,4.0940,64.3080,3.8720,-8231267840.0000,2195842048.0000,-3.7486,24115425280.0000,1.9670,1.6100,,646873027.0000,7.0300,10.0000,4.9500,6.0000,-0.3413,FCF/NI:-3.75,1,6.8800,False,10-18d,XLK,,AAPL|MSFT|NVDA,interest_rates|ai_capex_cycle|semiconductor_cycle,63,2026-11-03,False,2026-08-11,1.7000,0.9600,77.5000,ALCISTA FUERTE,10,767.0500,8.3600,45.9000,14.9200,"Filtros estándar (Score ≥6.5, DD ≥10%)"
DLTR,Dollar Tree,Consumer Staples,Consumer Staples Merchandise Retail,2011-12-19,126.5900,2026-09-01,44.8900,55.6700,DOWN,-0.6847,0.1933,False,0.1276,4.6279,1.0390,3.6560,125.7500,116.4600,129.4700,0.6700,8.7000,True,2.6289,ALCISTA,-7.6500,137.0700,142.4000,84.7100,-11.1000,49.4400,1.5080,False,116.8400,2,132.6800,False,-7.7000,NONE,6.3000,10.0000,5.0000,5.0000,4,8.0000,5.0000,False,7.3100,10.9700,1.5000,15.5135,16.0333,6.9808,1.1835,12.1270,0.4603,0.0826,0.0804,0.3718,0.0700,1.9720,223.9450,1.1340,1049587520.0000,1618099968.0000,0.6487,23752120320.0000,0.6650,3.4100,,187630299.0000,7.2600,8.7400,6.3100,6.6200,0.0442,FCF/NI:0.65|D/E:224,2,6.8800,False,10-18d,XLP,,PG|KO|PEP,inflation|input_costs|fx_rates,-5,2026-12-02,False,2026-08-27,2.7000,1.1400,136.1000,ALCISTA FUERTE,10,767.0500,8.3600,45.9000,14.9200,"Filtros estándar (Score ≥6.5, DD ≥10%)"
AMT,American Tower,Real Estate,Telecom Tower REITs,2007-11-19,175.7000,2026-09-01,64.9000,54.5600,UP,0.2295,0.7584,False,0.6797,3.5479,0.7280,2.0190,171.0400,175.3900,174.0600,2.7200,0.1700,False,-0.3456,ALCISTA,-9.5400,194.2300,197.5900,160.0600,-11.0800,9.7700,1.3190,True,172.6600,2,180.6100,True,-1.7300,HAMMER|DOJI|HAMMER|DOJI,7.5000,8.0000,6.0000,9.5000,7,7.0000,7.0000,False,4.0400,6.0600,1.5000,24.2011,25.0641,22.0093,7.4824,18.6840,0.3391,0.0489,0.3108,0.7377,0.0470,1.3850,438.7210,0.3520,2920012544.0000,3400999936.0000,0.8586,81869185024.0000,0.8940,2.4300,3.9600,465960048.0000,6.4500,7.1600,6.6600,5.3800,0.0357,D/E:439,1,6.8700,False,10-18d,XLRE,,PLD|EQIX|SPG,interest_rates|cap_rates|occupancy_trends,56,2026-10-27,False,2026-07-28,1.8700,1.5500,20.6000,ALCISTA FUERTE,10,767.0500,8.3600,45.9000,14.9200,"Filtros estándar (Score ≥6.5, DD ≥10%)"
MMM,3M,Industrials,Industrial Conglomerates,1957-03-04,171.8300,2026-09-01,26.1100,54.5500,DOWN,-1.3858,-1.0389,False,-0.2837,3.2979,0.7910,1.9190,170.3300,159.3900,177.4700,0.8800,7.8100,True,1.2662,ALCISTA,-6.6600,184.0900,184.0900,138.0200,-6.6600,24.5000,0.8960,True,152.8900,1,169.0200,False,-11.0200,HAMMER,7.8000,10.0000,7.5000,7.5000,4,10.0000,7.0000,False,3.8400,5.7600,1.5000,30.9604,17.5730,30.0192,3.5193,14.8780,0.8189,0.0874,0.1190,0.3941,0.0250,0.3280,437.9370,1.2400,6350125056.0000,2996999936.0000,2.1188,88616583168.0000,1.0800,2.6200,1.7900,515722417.0000,6.2400,5.3100,6.8900,6.5600,0.0717,D/E:438,1,6.8600,False,10-18d,XLI,,CAT|UNP|HON,pmi_manufacturing|supply_chain|capex_cycle,49,2026-10-20,False,2026-07-21,2.4000,2.2500,6.8000,ALCISTA FUERTE,10,767.0500,8.3600,45.9000,14.9200,"Filtros estándar (Score ≥6.5, DD ≥10%)"
EBAY,eBay Inc.,Consumer Discretionary,Broadline Retail,2002-07-22,103.5600,2026-09-01,42.2800,44.3600,DOWN,0.0521,0.1025,False,0.3666,2.7531,0.8440,2.6580,109.2600,97.5600,105.4900,-5.2200,6.1500,True,1.7032,NEUTRO,-12.0700,117.7700,118.6200,77.3200,-12.7000,33.9400,1.5750,True,100.2000,1,110.7400,True,-3.2500,NONE,6.9000,8.5000,5.0000,9.5000,7,5.0000,5.0000,False,5.3200,7.9800,1.5000,22.1756,15.3812,9.8789,3.8378,16.1220,0.4661,0.0915,0.1857,0.7205,0.1480,0.5500,153.0120,1.0190,1579624960.0000,2193999872.0000,0.7200,46084198400.0000,1.3550,3.6400,1.1700,445000000.0000,6.8200,10.0000,5.1900,5.0300,0.0343,FCF/NI:0.72|D/E:153,2,6.8500,False,7-15d,XLY,,AMZN|TSLA|HD,consumer_spending|employment_data|interest_rates,64,2026-11-04,False,2026-08-05,1.6000,1.5100,6.2000,ALCISTA FUERTE,10,767.0500,8.3600,45.9000,14.9200,"Filtros estándar (Score ≥6.5, DD ≥10%)"
AMD,Advanced Micro Devices,Information Technology,Semiconductors,2017-03-20,470.7200,2026-09-01,48.8500,32.7900,UP,-0.1174,-0.1020,False,0.3326,19.0957,0.5480,4.0570,504.7400,336.7200,480.6200,-6.7400,39.8000,True,7.5236,NEUTRO,-19.5000,584.7300,584.7300,149.2200,-19.5000,215.4500,0.5700,True,464.2100,3,517.3500,True,-1.3800,NONE,7.3000,8.5000,6.0000,7.5000,9,7.0000,5.0000,False,8.1100,12.1700,1.5000,119.1696,30.4659,11.4277,18.6040,79.4400,0.1020,0.0513,0.1558,0.5572,0.5010,1.5950,6.3610,2.6090,8841499648.0000,6469000192.0000,1.3667,768438632448.0000,2.4890,1.4200,,1632475042.0000,6.5500,10.0000,6.5400,2.5500,0.0115,OK,0,6.8500,False,7-15d,XLK,,AAPL|MSFT|NVDA,interest_rates|ai_capex_cycle|semiconductor_cycle,63,2026-11-03,False,2026-08-04,1.6600,1.6100,3.2000,ALCISTA FUERTE,10,767.0500,8.3600,45.9000,14.9200,"Filtros estándar (Score ≥6.5, DD ≥10%)"
STX,Seagate Technology,Information Technology,"Technology Hardware, Storage & Peripherals",2012-07-02,828.3800,2026-09-01,52.7400,52.0400,UP,-4.6527,-6.1049,True,0.3646,56.2429,0.7590,6.7890,875.8500,579.0300,853.0700,-5.4200,43.0600,True,11.8779,NEUTRO,-27.6000,1144.1801,1144.1801,162.5200,-27.6000,409.7200,0.8120,True,801.3200,1,840.7100,True,-3.2700,HAMMER|DOJI,7.4000,8.5000,7.0000,7.5000,7,7.0000,7.0000,False,13.5800,20.3700,1.5000,59.5101,14.9604,169.7500,15.3955,42.1910,3.7153,0.2935,0.2611,0.4558,0.4850,1.4880,179.8800,1.6700,1943750016.0000,3184000000.0000,0.6105,187747778560.0000,2.1020,1.4800,0.3600,226644518.0000,6.4800,10.0000,6.3500,2.5200,0.0104,FCF/NI:0.61|D/E:180,2,6.8500,False,7-15d,XLK,,AAPL|MSFT|NVDA,interest_rates|ai_capex_cycle|semiconductor_cycle,56,2026-10-27,False,2026-07-28,5.7100,5.0900,12.1000,ALCISTA FUERTE,10,767.0500,8.3600,45.9000,14.9200,"Filtros estándar (Score ≥6.5, DD ≥10%)"
AMCR,Amcor,Materials,Paper & Plastic Packaging Products & Materials,2019-06-07,45.8900,2026-09-01,42.3000,63.9800,DOWN,-0.2407,-0.0417,False,0.1775,1.1557,0.9570,2.5180,44.8600,42.0000,46.5500,2.2900,9.2700,True,1.8282,ALCISTA,-6.2300,48.9400,49.4600,35.6600,-7.2100,28.7000,1.0780,False,45.0800,3,48.0000,True,-1.7600,HAMMER|DOJI,7.0200,10.0000,5.0000,5.0000,9,6.5000,7.0000,False,5.0400,7.5600,1.5000,19.6111,10.1988,1.7981,0.9026,9.9650,0.0940,0.0357,0.0471,0.1995,0.2590,,128.2940,1.2540,1504000000.0000,1106000000.0000,1.3599,21217044480.0000,0.5930,5.4500,5.5700,462345690.0000,6.7300,7.5000,4.8600,8.0100,0.0709,D/E:128,1,6.8500,False,10-18d,XLB,,LIN|APD|ECL,commodity_prices|dxy|china_demand|energy_costs,65,2026-11-05,False,2026-08-12,1.2300,1.1800,4.2000,ALCISTA FUERTE,10,767.0500,8.3600,45.9000,14.9200,"Filtros estándar (Score ≥6.5, DD ≥10%)"
PODD,Insulet Corporation,Health Care,Health Care Equipment,2023-03-15,148.6600,2026-09-01,57.4900,35.4700,UP,0.3637,-0.0159,True,0.5629,5.5621,0.8040,3.7420,154.1500,214.7900,148.0800,-3.5600,-30.7900,False,-7.4791,BAJISTA,-14.0300,172.9200,354.8800,126.4000,-58.1100,17.6100,3.1940,False,145.5900,1,155.1700,True,-2.0700,HAMMER,6.3000,5.0000,7.0000,7.0000,7,5.0000,7.0000,False,7.4800,11.2200,1.5000,27.8390,19.2793,7.2492,3.3766,17.4400,0.2602,0.0972,0.1229,0.7107,0.2350,3.2860,66.6850,2.4850,236900000.0000,375300000.0000,0.6312,10310195200.0000,1.0950,2.2000,,69354199.0000,7.1700,10.0000,6.8100,4.2800,0.0230,FCF/NI:0.63,1,6.8200,False,3-7d,XLV,,UNH|JNJ|LLY,fda_calendar|drug_pricing_policy|patent_cliffs,65,2026-11-05,False,2026-08-05,1.6600,1.4500,14.3000,ALCISTA FUERTE,10,767.0500,8.3600,45.9000,14.9200,"Filtros estándar (Score ≥6.5, DD ≥10%)"
DG,Dollar General,Consumer Staples,Consumer Staples Merchandise Retail,2012-12-03,126.7500,2026-09-01,58.5500,40.5500,UP,0.1657,-0.2719,True,0.7733,3.9571,0.9660,3.1220,121.2400,124.5300,123.3800,4.5400,1.7800,False,1.8998,ALCISTA,-4.3400,132.5000,156.6800,93.7800,-19.1000,35.1600,1.8050,False,118.6100,4,126.6100,False,-6.4300,NONE,6.6500,8.5000,7.0000,7.0000,6,5.0000,5.0000,False,6.2400,9.3700,1.5000,15.9434,15.3796,3.0105,0.6408,11.7660,0.1969,0.0489,0.0390,0.3116,0.0520,0.3330,169.8110,1.2090,1738019712.0000,1703399040.0000,1.0203,27963176960.0000,0.2350,3.0500,1.9200,220616790.0000,6.9300,7.6500,5.4600,7.8000,0.0622,D/E:170,1,6.8200,False,10-18d,XLP,,PG|KO|PEP,inflation|input_costs|fx_rates,-5,2026-12-03,False,2026-08-27,2.4800,2.0100,23.5000,ALCISTA FUERTE,10,767.0500,8.3600,45.9000,14.9200,"Filtros estándar (Score ≥6.5, DD ≥10%)"
MS,Morgan Stanley,Financials,Investment Banking & Brokerage,1993-07-29,213.3200,2026-09-01,46.7300,53.9000,DOWN,-0.1910,-0.1264,False,0.3202,4.3314,0.7120,2.0300,215.7900,187.9800,214.6700,-1.1400,13.4800,True,3.0789,NEUTRO,-7.6500,230.9800,230.9800,142.4300,-7.6500,49.7700,0.9900,True,205.1400,5,217.9600,True,-3.8300,NONE,7.1000,8.5000,5.0000,7.5000,9,7.0000,5.0000,False,4.0600,6.0900,1.5000,17.3572,15.6457,3.1463,4.3048,,0.1797,0.0135,0.2590,0.8764,0.2800,0.6240,517.2820,1.9990,,19547000832.0000,,335033204736.0000,1.2090,0.0000,2.1400,1570566292.0000,6.5900,10.0000,4.7500,4.7500,,D/E:517,1,6.7900,False,7-15d,XLF,,JPM|BAC|WFC,interest_rates|yield_curve|credit_spreads|loan_growth,43,2026-10-14,False,2026-07-15,3.4600,2.9300,17.9000,ALCISTA FUERTE,10,767.0500,8.3600,45.9000,14.9200,"Filtros estándar (Score ≥6.5, DD ≥10%)"
ED,Consolidated Edison,Utilities,Multi-Utilities,1957-03-04,107.0200,2026-09-01,57.9200,46.0700,UP,0.0032,0.0054,False,0.3854,1.6176,0.7590,1.5110,109.0700,105.4500,107.7500,-1.8800,1.4900,True,1.0673,NEUTRO,-6.3900,114.3200,114.3300,92.2000,-6.3900,16.0700,1.5380,True,105.6100,4,109.1800,True,-1.3100,NONE,7.7000,8.5000,6.0000,9.5000,9,7.0000,5.0000,False,3.0200,4.5300,1.5000,17.6601,16.4903,1.5396,2.2375,10.7800,0.0896,0.0324,0.1253,0.5337,0.1320,0.2210,110.1130,1.2680,-844875008.0000,2216999936.0000,-0.3811,39579058176.0000,0.2630,4.4700,3.2700,369828633.0000,6.1700,10.0000,4.7300,3.3700,-0.0213,FCF/NI:-0.38,1,6.7800,False,7-15d,XLU,,NEE|DUK|SO,interest_rates|regulatory_environment,65,2026-11-05,False,2026-08-06,0.8300,0.7700,7.4000,ALCISTA FUERTE,10,767.0500,8.3600,45.9000,14.9200,"Filtros estándar (Score ≥6.5, DD ≥10%)"
PEP,PepsiCo,Consumer Staples,Soft Drinks & Non-alcoholic Beverages,1957-03-04,140.3400,2026-09-01,57.0100,62.9100,DOWN,0.0366,0.5338,False,0.4992,2.2129,0.7110,1.5770,139.8000,147.1700,140.7400,0.3900,-4.6400,False,-0.2675,BAJISTA,-5.8400,149.0400,168.1900,133.4000,-16.5600,5.2000,0.9970,True,139.2600,1,141.9600,True,-0.7700,NONE,6.5500,6.5000,5.0000,7.5000,8,7.0000,5.0000,False,3.1500,4.7300,1.5000,18.3932,15.6308,8.6753,1.9783,12.4040,0.5151,0.0893,0.1079,0.5417,0.0640,1.3700,238.9490,0.9340,7831875072.0000,10451000320.0000,0.7494,191704432640.0000,0.3610,3.1800,4.2000,1366000000.0000,6.9200,8.3800,6.2300,6.0100,0.0409,FCF/NI:0.75|D/E:239,2,6.7700,False,3-7d,XLP,,PG|KO|WMT,inflation|input_costs|fx_rates,37,2026-10-08,False,2026-07-09,2.2000,2.2100,-37.0000,ALCISTA FUERTE,10,767.0500,8.3600,45.9000,14.9200,"Filtros estándar (Score ≥6.5, DD ≥10%)"
DRI,Darden Restaurants,Consumer Discretionary,Restaurants,1995-05-31,214.2600,2026-09-01,46.6100,65.9300,DOWN,-1.3716,-0.0197,False,0.3725,6.3371,1.0800,2.9580,208.6800,197.8600,216.2700,2.6700,8.2900,True,2.0095,ALCISTA,-6.7500,229.7600,229.7600,165.1300,-6.7500,29.7500,1.2100,True,188.4600,7,212.9900,False,-12.0400,HAMMER,6.8500,10.0000,5.0000,7.5000,6,5.0000,7.0000,False,5.9200,8.8700,1.5000,20.6615,17.2949,11.0723,1.8415,15.2570,0.5372,0.0772,0.0913,0.2167,0.1370,0.3600,364.5070,0.3140,790974976.0000,1213699968.0000,0.6517,24327456768.0000,0.5850,5.2500,3.0100,113541756.0000,6.7100,10.0000,4.9400,4.9500,0.0325,FCF/NI:0.65|D/E:365,2,6.7700,False,10-18d,XLY,,AMZN|TSLA|HD,consumer_spending|employment_data|interest_rates,23,2026-09-24,False,2026-06-25,3.6600,3.6400,64.0000,ALCISTA FUERTE,10,767.0500,8.3600,45.9000,14.9200,"Filtros estándar (Score ≥6.5, DD ≥10%)"
UDR,"UDR, Inc.",Real Estate,Multi-Family Residential REITs,2016-03-07,36.9500,2026-09-01,43.8200,40.5500,UP,-0.0060,0.0913,False,0.1191,0.5576,0.7380,1.5090,38.6800,36.4900,37.8400,-4.4800,1.2500,True,1.0089,NEUTRO,-11.3700,41.6900,41.6900,31.9100,-11.3700,15.7800,0.8470,True,37.5000,1,38.1600,True,1.4800,HAMMER|DOJI,7.6500,8.5000,6.0000,7.5000,7,10.0000,7.0000,False,3.0200,4.5300,1.5000,23.5350,65.9822,4.0996,7.6849,18.0700,0.1374,0.0224,0.2956,0.6658,-0.0010,0.9090,156.1440,0.1780,779827776.0000,517310016.0000,1.5075,13574108160.0000,0.6910,2.4300,4.6600,321264222.0000,6.1400,5.0000,6.3800,7.1900,0.0574,D/E:156,1,6.7400,False,7-15d,XLRE,,PLD|AMT|EQIX,interest_rates|cap_rates|occupancy_trends,57,2026-10-28,False,2026-07-27,0.2100,0.1300,61.0000,ALCISTA FUERTE,10,767.0500,8.3600,45.9000,14.9200,"Filtros estándar (Score ≥6.5, DD ≥10%)"
NEE,NextEra Energy,Utilities,Multi-Utilities,1976-06-30,82.3400,2026-09-01,35.3000,30.5100,UP,-0.1943,-0.1621,False,0.0250,1.1898,0.7400,1.4450,86.3000,86.5300,84.5500,-4.5900,-4.8400,False,0.3903,BAJISTA,-8.8300,90.3100,97.3000,67.3100,-15.3800,22.3400,1.3410,True,82.6600,3,90.7700,True,0.3800,HAMMER|DOJI|HAMMER|DOJI,7.8000,5.5000,7.5000,7.5000,10,10.0000,7.0000,False,2.8900,4.3400,1.5000,18.3795,18.7622,3.0064,5.9846,19.8800,0.1168,0.0244,0.3240,0.6102,0.1240,0.5310,161.6760,0.5340,-17766875136.0000,9299000320.0000,-1.9106,171759435776.0000,0.6530,0.0000,3.0500,2085978209.0000,6.0100,10.0000,4.5900,3.0000,-0.1034,FCF/NI:-1.91|D/E:162,2,6.7300,False,3-7d,XLU,,DUK|SO|D,interest_rates|regulatory_environment,56,2026-10-27,False,2026-07-24,1.1500,1.1100,3.8000,ALCISTA FUERTE,10,767.0500,8.3600,45.9000,14.9200,"Filtros estándar (Score ≥6.5, DD ≥10%)"
UNH,UnitedHealth Group,Health Care,Managed Health Care,1994-07-01,389.4100,2026-09-01,35.8100,31.3900,UP,-0.1736,-0.8390,True,0.1832,8.0764,0.7480,2.0740,412.7600,347.2500,400.1000,-5.6600,12.1400,True,1.6889,NEUTRO,-15.6400,461.6200,461.6200,254.5200,-15.6400,53.0000,1.3670,True,383.8300,1,414.2600,True,-1.4300,BULL_ENGULF,7.9800,8.5000,8.5000,7.5000,7,8.5000,7.5000,True,4.1500,6.2200,1.5000,25.0264,17.3570,3.5798,0.7758,14.9510,0.1415,0.0487,0.0314,0.1972,0.0040,0.6150,69.2110,0.7770,24272250880.0000,14122000384.0000,1.7188,349532389376.0000,0.6320,2.9900,2.3600,897594847.0000,5.8900,5.0000,5.6600,7.2000,0.0694,OK,0,6.7300,False,7-15d,XLV,,JNJ|LLY|ABBV,fda_calendar|drug_pricing_policy|patent_cliffs,56,2026-10-27,False,2026-07-16,6.3800,4.9200,29.8000,ALCISTA FUERTE,10,767.0500,8.3600,45.9000,14.9200,"Filtros estándar (Score ≥6.5, DD ≥10%)"
MCO,Moody's Corporation,Financials,Financial Exchanges & Data,1998-07-01,504.6400,2026-09-01,69.3500,65.8000,UP,2.1467,3.2503,False,0.7443,10.7233,0.8600,2.1250,483.1100,470.6300,495.5000,4.4600,7.2300,True,0.2799,ALCISTA,-3.3600,522.2100,543.2500,399.6100,-7.1100,26.2800,1.2140,True,439.6200,4,503.8500,False,-12.8900,NONE,6.8500,10.0000,6.0000,7.5000,6,5.0000,5.0000,False,4.2500,6.3700,1.5000,32.6839,26.6817,28.8911,10.7101,23.1090,0.7693,0.1562,0.3425,0.7497,0.1510,0.5670,240.6820,1.1900,2579124992.0000,2795000064.0000,0.9228,87394058240.0000,1.3300,2.9700,0.8000,173180984.0000,6.6500,8.7300,6.9300,3.9000,0.0295,D/E:241,1,6.7300,False,10-18d,XLF,,JPM|BAC|WFC,interest_rates|yield_curve|credit_spreads|loan_growth,50,2026-10-21,False,2026-07-22,4.6800,4.2500,10.0000,ALCISTA FUERTE,10,767.0500,8.3600,45.9000,14.9200,"Filtros estándar (Score ≥6.5, DD ≥10%)"
C,Citigroup,Financials,Diversified Banks,1988-05-31,131.6200,2026-09-01,40.8200,46.1700,DOWN,-0.3775,-0.4506,True,0.2133,2.4543,0.6940,1.8650,135.8000,121.2900,133.8400,-3.0800,8.5100,True,3.1544,NEUTRO,-10.5900,147.2100,147.2100,91.0300,-10.5900,44.5800,0.8830,True,130.4500,2,133.9700,True,-0.8900,HAMMER|DOJI|HAMMER,7.4300,8.5000,6.0000,7.5000,7,8.5000,7.0000,False,3.7300,5.5900,1.5000,14.1832,10.2163,1.1471,2.7020,,0.0853,0.0066,0.2183,0.0000,0.1550,0.6100,,,,16460000256.0000,,220784230400.0000,1.1020,0.0500,2.0400,1677436783.0000,6.2600,8.8500,4.2600,5.5900,,OK,0,6.7300,False,7-15d,XLF,,JPM|BAC|WFC,interest_rates|yield_curve|credit_spreads|loan_growth,42,2026-10-13,False,2026-07-14,3.1400,2.7100,15.6000,ALCISTA FUERTE,10,767.0500,8.3600,45.9000,14.9200,"Filtros estándar (Score ≥6.5, DD ≥10%)"
COP,ConocoPhillips,Energy,Oil & Gas Exploration & Production,1957-03-04,132.4900,2026-09-01,69.3600,77.2700,DOWN,0.0444,0.8173,False,0.7416,3.0393,0.9630,2.2940,116.9100,110.1700,127.0200,13.3300,20.2500,True,3.8715,ALCISTA,-2.4900,135.8800,135.8800,82.9500,-2.4900,59.7100,1.2460,True,112.2000,5,134.9300,False,-15.3200,HAMMER|HAMMER|DOJI,6.8500,10.0000,5.0000,7.5000,6,5.0000,7.0000,False,4.5900,6.8800,1.5000,17.5020,13.9043,2.4356,2.4692,6.5260,0.1418,0.0753,0.1440,0.4757,0.3550,1.0700,35.6390,1.5420,7691375104.0000,9253000192.0000,0.8312,159165202432.0000,0.1230,2.6200,2.5400,1201337479.0000,6.6300,7.5000,5.8700,6.5100,0.0483,OK,0,6.7200,False,10-18d,XLE,,XOM|CVX|SLB,oil_price|gas_price|opec_supply|inventories,65,2026-11-05,False,2026-08-06,3.2400,2.9400,10.3000,ALCISTA FUERTE,10,767.0500,8.3600,45.9000,14.9200,"Filtros estándar (Score ≥6.5, DD ≥10%)"
ODFL,Old Dominion,Industrials,Cargo Ground Transportation,2019-12-09,199.9600,2026-09-01,31.7500,44.8500,DOWN,-0.7270,-1.1143,True,0.1612,5.5329,0.7100,2.7670,217.6700,194.9400,208.0300,-8.1400,2.5800,True,3.7719,NEUTRO,-20.6600,252.0300,252.0300,125.4300,-20.6600,59.4200,1.1150,True,189.7500,1,233.4900,False,-5.1100,NONE,7.0700,8.5000,7.5000,7.5000,4,8.5000,5.0000,True,5.5300,8.3000,1.5000,38.1603,30.1120,9.1231,7.4226,22.9750,0.2482,0.1578,0.1944,0.3957,0.1040,0.3230,0.4400,1.8890,970776000.0000,1089276032.0000,0.8912,41585340416.0000,1.1770,4.2900,0.5800,207968283.0000,6.4900,7.8500,7.2300,4.0200,0.0233,OK,0,6.7200,False,7-15d,XLI,,CAT|UNP|HON,pmi_manufacturing|supply_chain|capex_cycle,57,2026-10-28,False,2026-07-29,1.6800,1.5300,9.7000,ALCISTA FUERTE,10,767.0500,8.3600,45.9000,14.9200,"Filtros estándar (Score ≥6.5, DD ≥10%)"
FAST,Fastenal,Industrials,Trading Companies & Distributors,2008-09-15,49.3100,2026-09-01,29.8900,71.2000,DOWN,-0.3118,-0.1945,False,0.1097,1.0007,0.8370,2.0290,48.2600,44.7500,50.3100,2.1800,10.1900,True,2.2299,ALCISTA,-6.8200,52.9200,52.9200,38.3400,-6.8200,28.6100,1.0640,True,43.2300,8,48.8100,False,-12.3400,NONE,7.6000,10.0000,7.5000,7.5000,6,8.0000,5.0000,False,4.0600,6.0900,1.5000,42.1453,35.2275,13.9058,6.4671,29.0680,0.3433,0.2152,0.1545,0.4470,0.1470,0.1460,10.8510,4.1800,916124992.0000,1352099968.0000,0.6776,56583106560.0000,0.7120,3.5100,1.9500,1147497573.0000,6.1200,7.0600,7.6400,3.2600,0.0162,FCF/NI:0.68,1,6.7100,False,10-18d,XLI,,CAT|UNP|HON,pmi_manufacturing|supply_chain|capex_cycle,43,2026-10-14,False,2026-07-14,0.3300,0.3300,1.2000,ALCISTA FUERTE,10,767.0500,8.3600,45.9000,14.9200,"Filtros estándar (Score ≥6.5, DD ≥10%)"
SWK,Stanley Black & Decker,Industrials,Industrial Machinery & Supplies & Components,1982-09-30,96.3700,2026-09-01,31.2600,54.3500,DOWN,-0.8774,-0.8329,False,0.0237,2.4679,0.7930,2.5610,94.3000,80.2500,98.5200,2.2000,20.0900,True,4.4236,ALCISTA,-7.9400,104.6800,104.6800,59.8700,-7.9400,60.9600,0.9370,True,97.0500,1,95.1600,True,0.7100,NONE,7.8500,10.0000,6.5000,7.5000,7,10.0000,5.0000,False,5.1200,7.6800,1.5000,23.9132,15.1064,1.6244,0.9545,10.7050,0.0689,0.0380,0.0407,0.3221,0.0040,2.4780,58.1720,1.4320,1419049984.0000,620499968.0000,2.2869,14553474048.0000,1.1720,3.2900,3.4400,151016641.0000,5.9500,5.0000,4.8800,8.2900,0.0975,OK,0,6.7100,False,10-18d,XLI,,CAT|UNP|HON,pmi_manufacturing|supply_chain|capex_cycle,63,2026-11-03,False,2026-07-29,1.5700,1.2100,29.9000,ALCISTA FUERTE,10,767.0500,8.3600,45.9000,14.9200,"Filtros estándar (Score ≥6.5, DD ≥10%)"
GE,GE Aerospace,Industrials,Aerospace & Defense,1957-03-04,335.7100,2026-09-01,33.7200,37.7900,DOWN,-3.2600,-3.2462,False,0.0277,9.3264,0.9250,2.7780,359.7800,320.0600,354.5100,-6.6900,4.8900,True,1.7905,NEUTRO,-13.6600,388.8400,388.8400,266.6600,-13.6600,25.9000,1.2190,True,336.5300,1,375.5800,True,0.2400,NONE,7.2500,8.5000,6.5000,7.5000,7,8.0000,5.0000,False,5.5600,8.3300,1.5000,40.3013,36.9924,19.7465,6.8785,31.2490,0.4823,0.0507,0.1772,0.3105,0.2110,0.1940,113.2250,0.9820,6594625024.0000,8963999744.0000,0.7357,348320104448.0000,1.3660,3.6300,0.5500,1037562513.0000,6.3300,8.9100,6.2100,3.4600,0.0189,FCF/NI:0.74|D/E:113,2,6.7000,False,7-15d,XLI,,CAT|UNP|HON,pmi_manufacturing|supply_chain|capex_cycle,49,2026-10-20,False,2026-07-16,2.0200,1.8600,8.6000,ALCISTA FUERTE,10,767.0500,8.3600,45.9000,14.9200,"Filtros estándar (Score ≥6.5, DD ≥10%)"
BLK,BlackRock,Financials,Asset Management & Custody Banks,2011-04-04,1155.6100,2026-09-01,56.8800,59.4600,DOWN,-3.1989,-1.1184,False,0.5385,20.8750,0.7890,1.8060,1080.5400,1050.7800,1145.0500,6.9500,9.9800,True,0.4928,ALCISTA,-2.6600,1187.1700,1200.5400,912.2500,-3.7400,26.6800,1.3820,True,1024.9800,2,1186.7400,False,-11.3000,HAMMER|DOJI|HAMMER,6.8500,10.0000,5.0000,7.5000,4,7.0000,7.0000,False,3.6100,5.4200,1.5000,27.7191,17.9700,3.1090,6.8779,16.8240,0.1228,0.0374,0.2409,0.4715,0.3060,0.1960,23.1920,2.4470,7578124800.0000,6576000000.0000,1.1524,187759116288.0000,1.4250,2.4900,1.9700,154869259.0000,6.5800,7.5000,6.8600,5.1800,0.0404,OK,0,6.6900,False,10-18d,XLF,,JPM|BAC|WFC,interest_rates|yield_curve|credit_spreads|loan_growth,43,2026-10-14,False,2026-07-15,13.9100,12.6900,9.6000,ALCISTA FUERTE,10,767.0500,8.3600,45.9000,14.9200,"Filtros estándar (Score ≥6.5, DD ≥10%)"
SYK,Stryker Corporation,Health Care,Health Care Equipment,2000-12-12,323.8000,2026-09-01,30.4600,39.6700,DOWN,-2.2916,-2.1294,False,0.1184,8.5157,0.8420,2.6300,328.4100,338.4000,331.5400,-1.4000,-4.3100,False,-0.9240,BAJISTA,-8.1400,352.4900,392.8600,280.2500,-17.5800,15.5400,0.9150,True,306.9700,3,318.1800,False,-5.2000,HAMMER|DOJI,6.7500,5.0000,6.5000,7.5000,7,8.0000,7.0000,False,5.2600,7.8900,1.5000,34.2645,19.3257,5.1777,4.8071,18.4610,0.1651,0.0816,0.1443,0.6559,0.0940,0.4410,64.3910,2.1570,4107624960.0000,3728999936.0000,1.1015,124200951808.0000,0.7710,2.9100,1.0600,383573046.0000,6.6400,8.3600,6.4000,4.9200,0.0331,OK,0,6.6800,False,3-7d,XLV,,UNH|JNJ|LLY,fda_calendar|drug_pricing_policy|patent_cliffs,58,2026-10-29,False,2026-07-30,3.6900,3.4900,5.8000,ALCISTA FUERTE,10,767.0500,8.3600,45.9000,14.9200,"Filtros estándar (Score ≥6.5, DD ≥10%)"
FANG,Diamondback Energy,Energy,Oil & Gas Exploration & Production,2018-12-03,200.4800,2026-09-01,54.3100,63.9000,DOWN,-0.7998,0.1901,False,0.5119,5.3327,0.8660,2.6600,192.7400,177.6400,200.9600,4.0100,12.8600,True,3.5778,ALCISTA,-7.5700,216.9000,216.9000,131.1400,-7.5700,52.8700,1.9440,True,188.4600,1,202.6700,False,-5.9900,HAMMER|DOJI,6.5500,10.0000,5.0000,7.5000,4,5.0000,7.0000,False,5.3200,7.9800,1.5000,37.6135,11.0658,1.4841,3.4551,6.3140,0.0349,0.0131,0.0903,0.7235,0.5250,1.7950,28.6780,0.4670,5035500032.0000,1458000000.0000,3.4537,56138362880.0000,0.4190,4.1900,2.2300,280019792.0000,6.7600,8.9400,4.6200,6.7100,0.0897,OK,0,6.6800,False,10-18d,XLE,,XOM|CVX|COP,oil_price|gas_price|opec_supply|inventories,62,2026-11-02,False,2026-08-03,6.4800,5.9800,8.3000,ALCISTA FUERTE,10,767.0500,8.3600,45.9000,14.9200,"Filtros estándar (Score ≥6.5, DD ≥10%)"
HUM,Humana,Health Care,Managed Health Care,2012-12-10,383.2300,2026-09-01,48.3700,52.4800,DOWN,0.6168,0.5932,True,0.5609,12.3450,0.8810,3.2210,384.8400,274.6400,383.8500,-0.4200,39.5400,True,4.0816,NEUTRO,-10.6400,428.8800,428.8800,161.9000,-10.6400,136.7000,0.9180,True,352.9600,2,382.5900,False,-7.9000,HAMMER|DOJI,6.4500,8.5000,6.0000,7.5000,4,5.0000,7.0000,False,6.4400,9.6600,1.5000,36.4981,23.1307,2.3952,0.3159,10.2770,0.0689,0.0390,0.0088,0.1365,0.2620,0.2710,76.4850,1.7420,1940999936.0000,1279000064.0000,1.5176,46018375680.0000,0.7400,2.3300,0.9200,120080308.0000,6.8200,9.3400,5.0500,5.9300,0.0422,OK,0,6.6700,False,7-15d,XLV,,UNH|JNJ|LLY,fda_calendar|drug_pricing_policy|patent_cliffs,66,2026-11-06,False,2026-07-29,7.6100,7.0000,8.8000,ALCISTA FUERTE,10,767.0500,8.3600,45.9000,14.9200,"Filtros estándar (Score ≥6.5, DD ≥10%)"
URI,United Rentals,Industrials,Trading Companies & Distributors,2014-09-20,1038.0000,2026-09-01,27.4200,46.4400,DOWN,-13.0483,-10.6988,False,0.0447,30.7691,0.9040,2.9640,1095.3100,920.2100,1091.1900,-5.2300,12.8000,True,2.2939,NEUTRO,-11.8200,1177.1500,1177.1500,698.9400,-11.8200,48.5100,1.0420,True,1047.3101,2,1104.9700,True,0.9000,HAMMER|DOJI,7.6500,8.5000,7.5000,7.5000,7,8.0000,7.0000,False,5.9300,8.8900,1.5000,24.8147,18.1514,7.0150,3.8384,17.0290,0.2889,0.0877,0.1567,0.3848,0.1180,0.2550,166.7930,0.7640,1706249984.0000,2638000128.0000,0.6468,64607703040.0000,1.7990,2.4800,0.7600,62242489.0000,6.0200,8.3100,4.7400,4.8600,0.0264,FCF/NI:0.65|D/E:167,2,6.6700,False,7-15d,XLI,,CAT|UNP|HON,pmi_manufacturing|supply_chain|capex_cycle,50,2026-10-21,False,2026-07-22,12.7600,11.5900,10.1000,ALCISTA FUERTE,10,767.0500,8.3600,45.9000,14.9200,"Filtros estándar (Score ≥6.5, DD ≥10%)"
ADM,Archer Daniels Midland,Consumer Staples,Agricultural Products & Services,1957-03-04,81.2900,2026-09-01,54.6000,58.5900,DOWN,0.0423,-0.0682,True,0.7877,2.4315,1.0990,2.9910,79.7100,70.6000,80.0600,1.9800,15.1400,True,2.9777,ALCISTA,-7.5200,87.9000,87.9000,54.0000,-7.5200,50.5300,1.4040,False,75.8300,2,82.0400,False,-6.7200,HAMMER,6.6500,10.0000,6.0000,7.0000,4,5.0000,7.0000,False,5.9800,8.9700,1.5000,22.2712,14.2860,1.6621,0.4772,15.9350,0.0764,0.0226,0.0216,0.0687,0.0720,3.1560,39.1340,1.3890,1164625024.0000,1770000000.0000,0.6580,39178493952.0000,0.6120,3.1900,2.5500,481959583.0000,6.6700,8.8600,5.2500,5.7800,0.0297,FCF/NI:0.66,1,6.6600,False,10-18d,XLP,,PG|KO|PEP,inflation|input_costs|fx_rates,63,2026-11-03,False,2026-08-04,1.8400,1.4400,28.0000,ALCISTA FUERTE,10,767.0500,8.3600,45.9000,14.9200,"Filtros estándar (Score ≥6.5, DD ≥10%)"
CFG,Citizens Financial Group,Financials,Regional Banks,2016-01-29,68.8700,2026-09-01,31.5200,35.3600,DOWN,-0.5195,-0.5877,True,0.0705,1.3488,0.8560,1.9580,71.1200,62.8300,71.2000,-3.1600,9.6200,True,3.6937,NEUTRO,-8.5800,75.3300,75.3300,46.5500,-8.5800,47.9300,1.6520,True,70.0400,1,72.4700,True,1.7000,NONE,7.4500,8.5000,7.5000,7.5000,7,8.0000,5.0000,False,3.9200,5.8800,1.5000,15.0044,10.5552,1.2093,3.5543,,0.0827,0.0094,0.2605,0.0000,0.1470,0.4130,,,,1984000000.0000,,29006446592.0000,1.0060,0.0100,2.6400,421176788.0000,6.1400,8.6200,4.2300,5.4700,,OK,0,6.6600,False,7-15d,XLF,,JPM|BAC|WFC,interest_rates|yield_curve|credit_spreads|loan_growth,45,2026-10-16,False,2026-07-16,1.3000,1.2500,4.4000,ALCISTA FUERTE,10,767.0500,8.3600,45.9000,14.9200,"Filtros estándar (Score ≥6.5, DD ≥10%)"
PNC,PNC Financial Services,Financials,Diversified Banks,1988-04-30,239.6300,2026-09-01,29.2100,35.6100,DOWN,-1.5523,-1.7193,True,0.0518,4.2771,0.9190,1.7850,248.2300,220.5700,247.3500,-3.4600,8.6400,True,3.3277,NEUTRO,-7.4600,258.9600,258.9600,172.8200,-7.4600,38.6600,1.0860,True,214.2100,2,237.9400,False,-10.6100,HAMMER|DOJI,7.4000,8.5000,8.5000,7.5000,4,8.0000,7.0000,False,3.5700,5.3500,1.5000,13.3350,11.2175,1.6468,3.9310,,0.1262,0.0131,0.3137,0.0000,0.2360,0.2490,,,,7261000192.0000,,95598878720.0000,0.8980,3.6600,3.3000,398943667.0000,6.1600,8.3100,4.6600,5.4000,,OK,0,6.6600,False,7-15d,XLF,,JPM|BAC|WFC,interest_rates|yield_curve|credit_spreads|loan_growth,44,2026-10-15,False,2026-07-15,4.8100,4.4500,8.0000,ALCISTA FUERTE,10,767.0500,8.3600,45.9000,14.9200,"Filtros estándar (Score ≥6.5, DD ≥10%)"
HWM,Howmet Aerospace,Industrials,Aerospace & Defense,2016-10-21,244.9500,2026-09-01,23.6700,35.7800,DOWN,-3.8009,-3.0550,False,-0.1966,9.1321,1.0260,3.7280,277.0600,243.9700,273.7300,-11.5900,0.4000,True,3.3533,NEUTRO,-20.9500,309.8500,309.8500,170.4600,-20.9500,43.7000,3.8300,False,243.5600,1,280.4200,True,-0.5700,HAMMER,7.1500,8.5000,7.5000,5.0000,7,8.0000,7.0000,False,7.4600,11.1800,1.5000,57.0979,38.1603,17.0935,10.7148,36.4310,0.3473,0.1281,0.2052,0.3603,0.2410,0.3300,81.3680,1.8180,1189874944.0000,1870000000.0000,0.6363,97686405120.0000,1.2120,3.5200,0.2100,398801399.0000,6.3200,10.0000,5.7700,2.6800,0.0122,FCF/NI:0.64|D/E:81,2,6.6500,False,7-15d,XLI,,CAT|UNP|HON,pmi_manufacturing|supply_chain|capex_cycle,65,2026-11-05,False,2026-08-06,1.3300,1.2500,6.7000,ALCISTA FUERTE,10,767.0500,8.3600,45.9000,14.9200,"Filtros estándar (Score ≥6.5, DD ≥10%)"
KO,Coca-Cola Company (The),Consumer Staples,Soft Drinks & Non-alcoholic Beverages,1957-03-04,88.6700,2026-09-01,58.4300,78.4900,DOWN,-0.1360,0.3255,False,0.5324,1.3679,0.8000,1.5430,85.2200,77.4200,88.5200,4.0500,14.5400,True,2.7462,ALCISTA,-4.1300,92.4900,92.4900,64.0400,-4.1300,38.4700,1.6120,True,85.5200,4,90.9200,True,-3.5600,NONE,7.4000,10.0000,5.0000,7.5000,9,7.0000,5.0000,False,3.0900,4.6300,1.5000,26.9514,25.1448,10.5547,7.6105,24.2120,0.4205,0.0940,0.2856,0.6189,0.0670,0.1690,115.5190,1.3050,5218749952.0000,14316000256.0000,0.3645,381507010560.0000,0.3420,2.3500,2.3600,4302549243.0000,6.1400,8.5600,6.1700,3.2900,0.0137,FCF/NI:0.36|D/E:116,2,6.6400,False,10-18d,XLP,,PG|PEP|WMT,inflation|input_costs|fx_rates,49,2026-10-20,False,2026-07-28,0.9700,0.9300,4.0000,ALCISTA FUERTE,10,767.0500,8.3600,45.9000,14.9200,"Filtros estándar (Score ≥6.5, DD ≥10%)"
AFL,Aflac,Financials,Life & Health Insurance,1999-05-28,115.8500,2026-09-01,31.9800,18.6100,UP,-0.5337,-0.8168,True,0.1921,1.7996,0.8240,1.5530,121.0200,113.3600,119.2400,-4.2700,2.1900,True,1.2063,NEUTRO,-10.5900,129.5700,129.5700,102.5200,-10.5900,13.0100,1.8350,True,115.8500,2,118.9300,True,-0.0000,HAMMER,7.6200,8.5000,8.5000,7.5000,7,6.5000,7.0000,True,3.1100,4.6600,1.5000,12.5651,15.3618,1.9196,3.2144,10.7700,0.1691,0.0313,0.2691,0.5089,-0.0100,0.4680,53.3650,0.8920,5152249856.0000,4862000128.0000,1.0597,58080620544.0000,0.5950,5.3800,2.0900,501343298.0000,5.9900,5.0000,5.7900,7.3900,0.0887,OK,0,6.6400,False,7-15d,XLF,,JPM|BAC|WFC,interest_rates|yield_curve|credit_spreads|loan_growth,64,2026-11-04,False,2026-08-06,1.7500,1.7600,-45.0000,ALCISTA FUERTE,10,767.0500,8.3600,45.9000,14.9200,"Filtros estándar (Score ≥6.5, DD ≥10%)"
WSM,"Williams-Sonoma, Inc.",Consumer Discretionary,Homefurnishing Retail,2025-03-24,228.2500,2026-09-01,20.1500,47.0600,DOWN,-2.0441,-1.9086,False,-0.0556,8.7207,1.2040,3.8210,233.0000,202.3000,237.5100,-2.0400,12.8300,True,2.6182,NEUTRO,-10.4500,254.8900,254.8900,164.9600,-10.4500,38.3700,1.6350,False,214.6300,2,233.7400,False,-5.9700,NONE,6.5000,8.5000,7.5000,5.0000,4,8.0000,5.0000,False,7.6400,11.4600,1.5000,23.4103,21.7739,14.3734,3.3582,16.4980,0.5496,0.1664,0.1473,0.4569,0.0670,0.4200,71.3690,1.4470,1069320128.0000,1179083008.0000,0.9069,26883096576.0000,1.4700,6.0300,1.3300,117779173.0000,6.7400,7.5900,7.1000,5.3300,0.0398,OK,0,6.6400,False,7-15d,XLY,,AMZN|TSLA|HD,consumer_spending|employment_data|interest_rates,78,2026-11-18,False,2026-08-26,2.8400,2.0600,37.9000,ALCISTA FUERTE,10,767.0500,8.3600,45.9000,14.9200,"Filtros estándar (Score ≥6.5, DD ≥10%)"
PLTR,Palantir Technologies,Information Technology,Application Software,2024-09-23,186.3800,2026-09-01,61.2000,60.9200,UP,0.1494,-0.2719,True,0.8802,6.7931,0.9130,3.6450,144.9000,151.3500,170.6400,28.6200,23.1500,False,-0.8334,ALCISTA,-1.0600,188.3700,207.5200,106.3700,-10.1900,75.2200,0.5820,True,131.6300,1,,False,-29.3800,NONE,6.3500,8.0000,7.0000,7.5000,4,5.0000,5.0000,False,7.2900,10.9300,1.5000,159.2991,80.5362,45.8161,72.7561,164.7980,0.3810,0.1729,0.4901,0.8480,0.9280,2.1540,2.1390,7.2280,2159104512.0000,3016691968.0000,0.7157,447882035200.0000,1.5630,1.5200,,2300713329.0000,6.8100,10.0000,8.0000,1.6800,0.0048,FCF/NI:0.72,1,6.6300,False,10-18d,XLK,,AAPL|MSFT|NVDA,interest_rates|ai_capex_cycle|semiconductor_cycle,62,2026-11-02,False,2026-08-03,0.4100,0.3500,18.5000,ALCISTA FUERTE,10,767.0500,8.3600,45.9000,14.9200,"Filtros estándar (Score ≥6.5, DD ≥10%)"
ABNB,Airbnb,Consumer Discretionary,"Hotels, Resorts & Cruise Lines",2023-09-18,183.2200,2026-09-01,48.0200,78.6300,DOWN,-0.7251,0.8566,False,0.5931,5.3211,1.0670,2.9040,158.6500,137.8200,177.8800,15.4900,32.9400,True,3.9801,ALCISTA,-5.2900,193.4500,193.4500,110.8100,-5.2900,65.3500,1.3220,False,141.2400,1,187.1200,False,-22.9100,NONE,5.8500,10.0000,5.0000,5.0000,4,5.0000,5.0000,False,5.8100,8.7100,1.5000,41.8310,29.8410,13.8604,8.3372,35.6580,0.3454,0.0614,0.2045,0.8290,0.1650,0.3340,32.0040,1.4080,3206874880.0000,2691000064.0000,1.1917,109709508608.0000,1.1370,2.6900,,419529556.0000,7.1400,10.0000,6.9500,4.0300,0.0292,OK,0,6.6200,False,10-18d,XLY,,AMZN|TSLA|HD,consumer_spending|employment_data|interest_rates,65,2026-11-05,False,2026-08-06,1.3700,1.2500,9.5000,ALCISTA FUERTE,10,767.0500,8.3600,45.9000,14.9200,"Filtros estándar (Score ≥6.5, DD ≥10%)"
DELL,Dell Technologies,Information Technology,"Technology Hardware, Storage & Peripherals",2024-09-23,456.0100,2026-09-01,54.0700,41.3200,UP,-1.9191,-3.0029,True,0.4559,24.3907,0.7470,5.3490,433.8200,245.6700,451.5700,5.1100,85.6200,True,14.2889,ALCISTA,-11.2800,514.0000,514.0000,109.7000,-11.2800,315.6900,1.4130,True,424.0000,1,454.7700,False,-7.0200,NONE,7.0500,10.0000,7.0000,7.5000,4,7.0000,5.0000,False,10.7000,16.0500,1.5000,36.3644,20.1177,-210.8229,2.1988,22.4590,,0.0700,0.0628,0.1921,0.8750,2.8250,,0.9460,5434124800.0000,8408999936.0000,0.6462,294647398400.0000,1.4010,2.2200,0.5500,325046693.0000,6.3000,10.0000,4.9200,3.6000,0.0184,FCF/NI:0.65,1,6.6000,False,10-18d,XLK,,AAPL|MSFT|NVDA,interest_rates|ai_capex_cycle|semiconductor_cycle,0,2026-09-01,True,2026-05-28,4.8600,2.9600,64.0000,ALCISTA FUERTE,10,767.0500,8.3600,45.9000,14.9200,"Filtros estándar (Score ≥6.5, DD ≥10%)"
ZBH,Zimmer Biomet,Health Care,Health Care Equipment,2001-08-07,100.0400,2026-09-01,56.6200,60.4700,DOWN,-0.2065,-0.0151,False,0.6709,2.3586,0.8400,2.3580,93.8600,90.7800,98.5200,6.5900,10.2000,True,0.0999,ALCISTA,-2.0400,102.1200,106.0300,78.9100,-5.6500,26.7800,0.5970,True,86.5000,4,101.8000,False,-13.5300,HAMMER,6.8500,10.0000,5.0000,7.5000,6,5.0000,7.0000,False,4.7200,7.0700,1.5000,24.5196,11.0331,1.5104,2.2425,10.2650,0.0641,0.0396,0.0948,0.6988,0.0480,0.3380,60.1750,1.6910,1090899968.0000,806700032.0000,1.3523,19081398272.0000,0.4620,3.3400,0.9500,190737689.0000,6.4200,6.4700,5.1600,7.8200,0.0572,OK,0,6.5900,False,10-18d,XLV,,UNH|JNJ|LLY,fda_calendar|drug_pricing_policy|patent_cliffs,65,2026-11-05,False,2026-08-05,2.0700,2.0100,3.0000,ALCISTA FUERTE,10,767.0500,8.3600,45.9000,14.9200,"Filtros estándar (Score ≥6.5, DD ≥10%)"
DAL,Delta Air Lines,Industrials,Passenger Airlines,2013-09-11,78.0000,2026-09-01,23.9200,27.2100,DOWN,-1.0130,-0.9698,False,0.0228,2.3786,0.8740,3.0490,87.4400,73.3700,84.8400,-10.7900,6.3100,True,3.9877,NEUTRO,-18.2800,95.4400,95.4400,54.6000,-18.2800,42.8500,1.3010,True,76.2100,1,83.6200,True,-2.2900,NONE,7.4500,8.5000,7.5000,7.5000,7,8.0000,5.0000,False,6.1000,9.1500,1.5000,13.2879,8.9716,2.3386,0.7512,8.9830,0.2013,0.0402,0.0578,0.1870,0.1870,-0.2540,96.6490,0.4240,2817374976.0000,3950000128.0000,0.7133,51294597120.0000,1.3110,4.2300,0.9700,657623030.0000,6.0100,5.0000,4.3100,9.1600,0.0549,FCF/NI:0.71|D/E:97,2,6.5900,False,7-15d,XLI,,CAT|UNP|HON,pmi_manufacturing|supply_chain|capex_cycle,37,2026-10-08,False,2026-07-10,1.5600,1.4900,4.5000,ALCISTA FUERTE,10,767.0500,8.3600,45.9000,14.9200,"Filtros estándar (Score ≥6.5, DD ≥10%)"
PWR,Quanta Services,Industrials,Construction & Engineering,2009-07-01,607.0900,2026-09-01,37.9600,40.1700,DOWN,-7.6135,-7.2010,False,0.0871,26.0507,0.8820,4.2910,662.0700,583.2900,646.8400,-8.3000,4.0800,True,3.9384,NEUTRO,-18.2500,742.6200,788.6300,362.7000,-23.0200,67.3800,1.2650,False,608.7800,1,708.0600,True,0.2800,HAMMER,6.9500,8.5000,6.5000,5.0000,7,8.0000,7.0000,False,8.5800,12.8700,1.5000,68.9875,30.9089,9.4657,2.7738,32.0110,0.1534,0.0523,0.0403,0.1546,0.4110,0.9470,67.7800,1.0980,1955491328.0000,1326876032.0000,1.4738,91271970816.0000,1.2190,2.5100,0.0700,150343393.0000,6.3500,10.0000,5.1900,3.4400,0.0214,OK,0,6.5900,False,7-15d,XLI,,CAT|UNP|HON,pmi_manufacturing|supply_chain|capex_cycle,58,2026-10-29,False,2026-07-30,4.2400,3.3100,28.1000,ALCISTA FUERTE,10,767.0500,8.3600,45.9000,14.9200,"Filtros estándar (Score ≥6.5, DD ≥10%)"
TGT,Target Corporation,Consumer Staples,Consumer Staples Merchandise Retail,1976-12-31,160.8800,2026-09-01,61.5300,76.7200,DOWN,0.2553,1.0997,False,0.6793,5.5740,1.3250,3.4650,143.3900,118.8800,156.2000,12.2000,35.3300,True,5.9546,ALCISTA,-5.7800,170.7500,170.7500,81.2000,-5.7800,98.1200,0.7830,False,146.2100,1,,False,-9.1200,HAMMER,6.0500,10.0000,5.0000,5.0000,4,5.0000,7.0000,False,6.9300,10.3900,1.5000,16.6888,16.9313,4.0960,0.6786,10.1100,0.2641,0.0569,0.0408,0.2838,0.0530,1.0050,107.5830,0.9880,3432999936.0000,4392000000.0000,0.7816,73087262720.0000,0.9730,3.8000,2.8800,454296736.0000,6.9400,7.7100,6.1900,6.9100,0.0470,D/E:108,1,6.5800,False,10-18d,XLP,,PG|KO|PEP,inflation|input_costs|fx_rates,78,2026-11-18,False,2026-08-19,4.1100,2.3400,75.8000,ALCISTA FUERTE,10,767.0500,8.3600,45.9000,14.9200,"Filtros estándar (Score ≥6.5, DD ≥10%)"
CI,Cigna,Health Care,Health Care Services,1976-06-30,276.0800,2026-09-01,47.1900,46.1100,UP,0.2909,0.3628,False,0.3798,5.6764,0.7280,2.0560,283.3000,277.4400,279.3600,-2.5500,-0.4900,True,-0.0702,BAJISTA,-9.6100,305.4400,310.1900,235.5000,-11.0000,17.2300,0.8100,True,273.1100,9,288.9400,True,-1.0800,HAMMER|DOJI,7.2500,6.5000,6.0000,7.5000,10,7.0000,7.0000,False,4.1100,6.1700,1.5000,11.5322,8.2438,1.7082,0.2583,7.6710,0.1676,0.0446,0.0227,0.0914,0.0670,0.1020,74.2900,0.8460,7980125184.0000,6416000000.0000,1.2438,72951504896.0000,0.3210,2.7000,2.2400,264240486.0000,6.1400,3.5700,5.9300,9.3700,0.1094,OK,0,6.5800,False,3-7d,XLV,,UNH|JNJ|LLY,fda_calendar|drug_pricing_policy|patent_cliffs,65,2026-11-05,False,2026-07-30,7.7800,7.6000,2.4000,ALCISTA FUERTE,10,767.0500,8.3600,45.9000,14.9200,"Filtros estándar (Score ≥6.5, DD ≥10%)"
LLY,Lilly (Eli),Health Care,Pharmaceuticals,1970-12-31,1156.7300,2026-09-01,38.0100,69.8400,DOWN,-7.6004,3.9015,False,0.2442,37.7786,0.9590,3.2660,1185.1700,1056.6000,1202.2500,-2.4000,9.4800,True,3.4619,NEUTRO,-10.5100,1292.6500,1292.6500,707.5900,-10.5100,63.4800,1.0600,True,1147.9100,3,1181.0400,True,-0.7600,NONE,7.3200,8.5000,6.5000,7.5000,9,6.5000,5.0000,False,6.5300,9.8000,1.5000,39.3713,24.4894,30.4387,12.9479,25.8230,1.0229,0.2036,0.3353,0.8340,0.4770,0.2620,162.0710,1.3550,11065900032.0000,26710999040.0000,0.4143,1031504003072.0000,0.5060,2.4600,0.5900,891741406.0000,6.0900,9.1800,5.8600,2.7500,0.0107,FCF/NI:0.41|D/E:162,2,6.5800,False,7-15d,XLV,,UNH|JNJ|ABBV,fda_calendar|drug_pricing_policy|patent_cliffs,58,2026-10-29,False,2026-08-05,8.3800,6.5800,27.3000,ALCISTA FUERTE,10,767.0500,8.3600,45.9000,14.9200,"Filtros estándar (Score ≥6.5, DD ≥10%)"
GL,Globe Life,Financials,Life & Health Insurance,1989-04-30,172.6700,2026-09-01,31.8200,23.6500,UP,-0.6922,-1.3970,True,0.2273,3.6014,0.9300,2.0860,178.4600,152.5300,176.3800,-3.2500,13.2000,True,3.0382,NEUTRO,-9.8600,191.5500,191.5500,127.0700,-9.8600,35.8900,1.1200,True,174.8400,1,181.9900,True,1.2600,HAMMER|DOJI,7.6200,8.5000,8.5000,7.5000,7,6.5000,7.0000,False,4.1700,6.2600,1.5000,11.4960,10.4533,2.1613,2.1430,9.6660,0.2094,0.0336,0.1958,0.3391,0.0800,0.1970,55.6750,0.7950,1163503360.0000,1212199040.0000,0.9598,13269594112.0000,0.4720,0.0600,0.7600,76849447.0000,5.8700,4.2600,6.1200,7.4700,0.0877,OK,0,6.5700,False,7-15d,XLF,,JPM|BAC|WFC,interest_rates|yield_curve|credit_spreads|loan_growth,50,2026-10-21,False,2026-07-22,3.6100,3.6800,-2.0000,ALCISTA FUERTE,10,767.0500,8.3600,45.9000,14.9200,"Filtros estándar (Score ≥6.5, DD ≥10%)"
HOOD,Robinhood Markets,Financials,Investment Banking & Brokerage,2025-09-22,104.8100,2026-09-01,59.3200,61.6400,DOWN,1.2169,2.0420,False,0.7163,6.1936,0.9760,5.9090,101.3000,95.2700,101.3700,3.4700,10.0100,True,-3.8304,ALCISTA,-12.6900,120.0500,153.8600,63.5200,-31.8800,65.0200,0.8890,True,92.9900,4,112.5000,False,-11.2800,HAMMER,6.7500,9.5000,5.0000,7.5000,6,5.0000,7.0000,False,11.8200,17.7300,1.5000,46.1718,31.9547,9.9393,19.1064,,0.2362,0.0453,0.4201,0.9189,0.3230,0.4760,240.2790,1.1160,,2072000000.0000,,94232813568.0000,2.3210,1.7600,,790630234.0000,6.4500,10.0000,5.1300,3.8400,,D/E:240,1,6.5700,False,10-18d,XLF,,JPM|BAC|WFC,interest_rates|yield_curve|credit_spreads|loan_growth,64,2026-11-04,False,2026-07-29,0.6200,0.4300,43.7000,ALCISTA FUERTE,10,767.0500,8.3600,45.9000,14.9200,"Filtros estándar (Score ≥6.5, DD ≥10%)"
SNPS,Synopsys,Information Technology,Application Software,2017-03-16,439.5900,2026-09-01,60.3200,54.1200,UP,5.5494,1.0087,True,0.9341,15.7343,0.9420,3.5790,416.9500,446.6200,413.5600,5.4300,-1.5700,False,-0.6352,BAJISTA,-12.1400,500.3500,615.7900,366.0000,-28.6100,20.1100,1.0340,False,388.0700,1,443.2900,False,-11.7200,HAMMER,5.9000,6.5000,7.0000,5.0000,5,5.0000,7.0000,False,7.1600,10.7400,1.5000,76.9860,25.1075,2.7037,8.9462,44.0740,0.0366,0.0135,0.1143,0.8292,0.4240,0.8930,34.8040,1.3370,3425542400.0000,1076558976.0000,3.1819,84241547264.0000,1.2130,2.3400,,191636646.0000,7.0200,10.0000,4.7700,6.1800,0.0407,OK,0,6.5700,False,3-7d,XLK,,AAPL|MSFT|NVDA,interest_rates|ai_capex_cycle|semiconductor_cycle,-6,2026-12-09,False,2026-08-26,3.9100,3.6700,6.4000,ALCISTA FUERTE,10,767.0500,8.3600,45.9000,14.9200,"Filtros estándar (Score ≥6.5, DD ≥10%)"
SNA,Snap-on,Industrials,Industrial Machinery & Supplies & Components,1982-09-30,386.3100,2026-09-01,20.1800,34.1100,DOWN,-1.5200,-1.9468,True,0.0744,6.2923,0.7790,1.6290,401.2900,370.6300,398.2700,-3.7300,4.2300,True,1.9103,NEUTRO,-8.1100,420.4100,420.4100,310.7800,-8.1100,24.3000,1.4170,True,391.8800,4,382.8400,True,1.4400,NONE,8.2500,8.5000,8.5000,7.5000,9,10.0000,5.0000,False,3.2600,4.8900,1.5000,19.9953,18.1047,3.3073,3.7883,13.8990,0.1793,0.0985,0.1960,0.5183,0.0420,0.0510,21.5950,3.4330,1109474944.0000,1033699968.0000,1.0733,19982704640.0000,0.7230,8.3600,2.4900,51727124.0000,5.4500,1.5100,7.2500,7.9300,0.0555,OK,0,6.5700,False,5-10d,XLI,,CAT|UNP|HON,pmi_manufacturing|supply_chain|capex_cycle,44,2026-10-15,False,2026-07-23,4.9600,4.9500,26.0000,ALCISTA FUERTE,10,767.0500,8.3600,45.9000,14.9200,"Filtros estándar (Score ≥6.5, DD ≥10%)"
CAH,Cardinal Health,Health Care,Health Care Distributors,1997-05-27,234.6200,2026-09-01,46.5800,41.5700,UP,-0.1693,-0.4198,True,0.4592,6.3321,1.1200,2.6990,232.6600,214.1200,233.9600,0.8400,9.5700,True,3.0060,ALCISTA,-9.1700,258.3000,258.3000,144.3700,-9.1700,62.5100,0.8980,True,203.2300,2,243.2100,False,-13.3800,HAMMER|HAMMER|DOJI,6.9500,10.0000,7.0000,7.5000,4,5.0000,7.0000,False,5.4000,8.1000,1.5000,32.4509,16.6672,-18.9623,0.2146,14.1060,,0.0372,0.0067,0.0384,0.0580,0.6880,,0.8830,4752500224.0000,1714000000.0000,2.7728,54566916096.0000,0.5210,2.9800,0.8800,232575728.0000,6.3000,6.8800,5.6500,6.3600,0.0871,OK,0,6.5600,False,10-18d,XLV,,UNH|JNJ|LLY,fda_calendar|drug_pricing_policy|patent_cliffs,65,2026-11-05,False,2026-08-11,2.6000,2.4200,7.4000,ALCISTA FUERTE,10,767.0500,8.3600,45.9000,14.9200,"Filtros estándar (Score ≥6.5, DD ≥10%)"
LYB,LyondellBasell,Materials,Specialty Chemicals,2012-09-05,65.0800,2026-09-01,59.6500,68.1200,DOWN,-0.0881,0.1743,False,0.7232,1.9380,0.8850,2.9780,59.3900,58.6700,63.0500,9.5900,10.9200,True,3.5138,ALCISTA,-4.8900,68.4200,82.2200,39.1200,-20.8500,66.3800,1.0120,True,57.2600,2,64.3700,False,-12.0200,HAMMER|DOJI,6.5500,10.0000,5.0000,7.5000,4,5.0000,7.0000,False,5.9600,8.9300,1.5000,,10.0554,1.9699,0.6740,9.2000,-0.0227,0.0411,-0.0113,0.1289,0.1980,3.9600,132.7590,1.6410,1228000000.0000,-265000000.0000,-4.6340,21023309824.0000,0.3470,2.8200,4.3300,323037952.0000,6.5500,10.0000,2.5200,7.2300,0.0584,FCF/NI:-4.63|D/E:133|ROE:-2.3%,3,6.5500,False,10-18d,XLB,,LIN|APD|ECL,commodity_prices|dxy|china_demand|energy_costs,59,2026-10-30,False,2026-07-31,4.3000,3.4200,25.6000,ALCISTA FUERTE,10,767.0500,8.3600,45.9000,14.9200,"Filtros estándar (Score ≥6.5, DD ≥10%)"
TPR,"Tapestry, Inc.",Consumer Discretionary,"Apparel, Accessories & Luxury Goods",2004-09-01,123.3900,2026-09-01,11.9400,25.6100,DOWN,-1.8883,-2.2048,True,0.2129,5.7864,1.1080,4.6900,143.2400,137.3800,135.9800,-13.8600,-10.1900,True,2.2563,BAJISTA,-25.1300,164.8000,164.8000,92.1700,-25.1300,33.8800,1.1380,False,,0,147.7300,False,,HAMMER|DOJI,6.3800,7.0000,8.5000,5.0000,4,6.5000,7.0000,False,9.3800,14.0700,1.5000,17.2815,13.9095,35.7238,3.0738,13.5440,1.9713,0.1754,0.1909,0.7660,0.0890,,571.6080,1.7520,1399924992.0000,1527699968.0000,0.9164,24602939392.0000,1.4640,5.7900,1.4700,199391678.0000,6.6600,6.1100,7.0700,6.8300,0.0569,D/E:572,1,6.5500,False,3-7d,XLY,,AMZN|TSLA|HD,consumer_spending|employment_data|interest_rates,65,2026-11-05,False,2026-08-13,1.3200,1.2800,3.4000,ALCISTA FUERTE,10,767.0500,8.3600,45.9000,14.9200,"Filtros estándar (Score ≥6.5, DD ≥10%)"
ROK,Rockwell Automation,Industrials,Electrical Components & Equipment,2000-03-12,424.4300,2026-09-01,43.0300,29.4500,UP,-0.8668,-1.3948,True,0.1692,9.1370,0.6510,2.1530,456.9100,416.9100,439.7600,-7.1100,1.8000,True,2.0622,NEUTRO,-14.4000,495.8300,495.8300,328.3200,-14.4000,29.2700,1.2040,True,431.8100,1,487.8500,True,1.7400,HAMMER|DOJI,7.6200,8.5000,7.0000,7.5000,7,8.5000,7.0000,False,4.3100,6.4600,1.5000,40.3067,28.6122,13.4894,5.2633,24.0290,0.3063,0.0999,0.1339,0.4909,0.0790,0.4040,103.3470,1.0750,1303874944.0000,1199000064.0000,1.0875,47228002304.0000,1.5350,4.2100,1.2800,111273953.0000,5.7900,7.0500,5.8900,4.2200,0.0276,D/E:103,1,6.5200,False,7-15d,XLI,,CAT|UNP|HON,pmi_manufacturing|supply_chain|capex_cycle,65,2026-11-05,False,2026-08-03,3.4900,3.3800,3.1000,ALCISTA FUERTE,10,767.0500,8.3600,45.9000,14.9200,"Filtros estándar (Score ≥6.5, DD ≥10%)"
SHW,Sherwin-Williams,Materials,Specialty Chemicals,1964-06-30,338.8100,2026-09-01,26.5200,39.5000,DOWN,-2.4194,-2.0351,False,0.0779,7.3136,0.7870,2.1590,342.0300,332.6500,347.6300,-0.9400,1.8500,True,0.5490,NEUTRO,-8.7500,371.3000,375.0900,289.1900,-9.6700,17.1600,1.2760,True,326.0200,2,340.0900,True,-3.7700,HAMMER,7.9500,8.5000,7.5000,7.5000,7,10.0000,7.0000,False,4.3200,6.4800,1.5000,31.8430,24.8820,21.2114,3.3694,20.4930,0.6512,0.0952,0.1101,0.4898,0.0750,0.1430,389.9580,0.7270,2506037504.0000,2688199936.0000,0.9322,82248884224.0000,1.0930,3.1700,0.9300,242758151.0000,5.5600,5.2000,6.7400,4.6000,0.0305,D/E:390,1,6.5200,False,7-15d,XLB,,LIN|APD|ECL,commodity_prices|dxy|china_demand|energy_costs,56,2026-10-27,False,2026-07-28,3.7000,3.5200,5.1000,ALCISTA FUERTE,10,767.0500,8.3600,45.9000,14.9200,"Filtros estándar (Score ≥6.5, DD ≥10%)"
ZBRA,Zebra Technologies,Information Technology,Electronic Equipment & Instruments,2019-12-23,353.5500,2026-09-01,31.7700,76.3800,DOWN,-5.2577,-3.9407,False,0.3598,10.5379,0.8830,2.9810,303.6200,254.5200,350.9300,16.4400,38.9100,True,3.2883,ALCISTA,-8.4600,386.2300,386.2300,199.0500,-8.4600,77.6200,0.6470,True,350.3600,1,386.2300,True,-0.9000,HAMMER|DOJI,7.3000,10.0000,6.5000,7.5000,7,5.0000,7.0000,False,5.9600,8.9400,1.5000,32.6756,15.8973,4.8776,2.8607,16.4960,0.1529,0.0732,0.0922,0.4958,0.2040,1.2150,86.2300,0.5160,576750016.0000,539000000.0000,1.0700,16726683648.0000,1.5830,2.2600,,47310660.0000,6.0000,7.4700,4.6800,5.8300,0.0345,D/E:86,1,6.5200,False,10-18d,XLK,,AAPL|MSFT|NVDA,interest_rates|ai_capex_cycle|semiconductor_cycle,63,2026-11-03,False,2026-08-04,6.3500,4.3800,45.1000,ALCISTA FUERTE,10,767.0500,8.3600,45.9000,14.9200,"Filtros estándar (Score ≥6.5, DD ≥10%)"
TKO,TKO Group Holdings,Communication Services,Movies & Entertainment,2025-03-24,182.6100,2026-09-01,43.2200,59.4200,DOWN,-1.2270,0.3042,False,0.1433,5.4114,0.8500,2.9630,191.1400,196.2300,190.4600,-4.4600,-6.9400,False,0.3410,BAJISTA,-16.5600,218.8500,225.1500,173.9600,-18.8900,4.9700,0.6130,True,181.3700,6,189.4500,True,-0.6800,NONE,6.8000,5.5000,5.0000,7.5000,10,8.0000,5.0000,False,5.9300,8.8900,1.5000,64.9858,45.7955,3.9968,6.5189,14.0000,0.0706,0.0450,0.0433,0.5946,0.1820,0.1440,59.2160,1.2780,856147520.0000,229556000.0000,3.7296,34562543616.0000,0.6480,6.9900,1.6800,73111098.0000,6.3300,9.9100,5.1200,3.5700,0.0248,OK,0,6.5200,False,3-7d,XLC,,GOOGL|META|NFLX,ad_spending_cycle|streaming_competition|regulation,64,2026-11-04,False,2026-08-03,1.3400,1.0900,23.3000,ALCISTA FUERTE,10,767.0500,8.3600,45.9000,14.9200,"Filtros estándar (Score ≥6.5, DD ≥10%)"
GEN,Gen Digital,Information Technology,Systems Software,2003-03-25,31.0000,2026-09-01,64.8000,56.7400,UP,0.1951,0.0285,True,0.9946,0.9272,0.9860,2.9910,27.0500,24.3000,28.9300,14.5900,27.5700,True,1.2023,ALCISTA,-0.9300,31.2900,31.2900,17.6100,-0.9300,76.0600,1.3560,False,27.1100,3,,False,-12.5500,HAMMER|DOJI,6.7500,10.0000,7.0000,5.0000,6,5.0000,7.0000,False,5.9800,8.9700,1.5000,18.1287,9.3735,6.9914,3.6535,10.8710,0.4194,0.0849,0.2073,0.7801,0.0630,0.6400,307.8310,0.4660,1547124992.0000,1053000000.0000,1.4693,18556196864.0000,1.2010,6.2500,1.6100,598587032.0000,6.3500,4.8500,6.1600,8.3300,0.0834,D/E:308,1,6.5100,False,10-18d,XLK,,AAPL|MSFT|NVDA,interest_rates|ai_capex_cycle|semiconductor_cycle,65,2026-11-05,False,2026-08-06,0.7100,0.6900,3.0000,ALCISTA FUERTE,10,767.0500,8.3600,45.9000,14.9200,"Filtros estándar (Score ≥6.5, DD ≥10%)"
WYNN,Wynn Resorts,Consumer Discretionary,Casinos & Gaming,2008-11-14,91.2800,2026-09-01,19.9300,57.2200,DOWN,-1.0973,-0.3625,False,-0.1682,2.6513,0.8710,2.9050,98.9200,107.3500,98.6000,-7.7300,-14.9700,False,-1.9013,BAJISTA,-17.7800,111.0200,133.7500,90.8700,-31.7500,0.4500,1.6830,False,92.8100,3,100.3400,True,1.6800,NONE,6.5500,5.0000,7.5000,5.0000,9,8.0000,5.0000,False,5.8100,8.7100,1.5000,22.8200,17.6815,-54.8888,1.2679,10.3740,,0.0573,0.0605,0.6830,0.0690,1.0610,,0.9120,476188864.0000,448884992.0000,1.0608,9399456768.0000,1.0050,5.5400,1.0500,102973891.0000,6.4800,7.6800,5.6600,6.0200,0.0507,OK,0,6.5100,False,3-7d,XLY,,AMZN|TSLA|HD,consumer_spending|employment_data|interest_rates,65,2026-11-05,False,2026-08-04,1.2400,0.9800,26.4000,ALCISTA FUERTE,10,767.0500,8.3600,45.9000,14.9200,"Filtros estándar (Score ≥6.5, DD ≥10%)"
ADSK,Autodesk,Information Technology,Application Software,1989-12-01,258.5300,2026-09-01,51.5500,64.6100,DOWN,0.0818,-0.6346,True,0.7515,9.9907,1.0820,3.8640,225.6200,248.4400,248.8100,14.5900,4.0600,False,-2.1277,ALCISTA,-4.8500,271.7200,329.0900,185.5000,-21.4400,39.3700,1.0090,True,243.0600,2,255.1400,False,-5.9800,BULL_ENGULF,6.4000,8.0000,6.0000,7.5000,4,5.0000,7.5000,False,7.7300,11.5900,1.5000,33.4450,18.2220,15.9715,6.9362,23.4400,0.5385,0.1147,0.2108,0.9250,0.1610,0.5960,109.5180,0.8550,3157499904.0000,1642000000.0000,1.9230,54032769024.0000,1.2980,3.5000,,209000000.0000,6.5900,5.9400,6.9800,6.8900,0.0584,D/E:110,1,6.5100,False,10-18d,XLK,,AAPL|MSFT|NVDA,interest_rates|ai_capex_cycle|semiconductor_cycle,87,2026-11-27,False,2026-08-27,3.3000,3.1200,5.6000,ALCISTA FUERTE,10,767.0500,8.3600,45.9000,14.9200,"Filtros estándar (Score ≥6.5, DD ≥10%)"
DDOG,Datadog,Information Technology,Application Software,2025-07-09,237.0400,2026-09-01,37.9900,38.5100,DOWN,-1.1977,-3.6396,True,0.3820,12.4596,0.8690,5.2560,249.4500,175.5800,241.8700,-4.9800,35.0000,True,4.9738,NEUTRO,-19.0200,292.7200,292.7200,98.0100,-19.0200,141.8500,0.8230,True,237.6700,1,277.7000,True,0.2700,BULL_ENGULF,7.2500,8.5000,7.5000,7.5000,7,5.0000,7.5000,True,10.5100,15.7700,1.5000,474.0800,79.8526,19.4838,21.4573,982.0320,0.0470,0.0018,0.0448,0.7954,0.3560,14.9850,29.2590,3.2050,1051412352.0000,177584000.0000,5.9206,85115133952.0000,1.5090,1.8400,,334904614.0000,6.0100,9.6800,5.6000,2.2000,0.0124,OK,0,6.5100,False,7-15d,XLK,,AAPL|MSFT|NVDA,interest_rates|ai_capex_cycle|semiconductor_cycle,65,2026-11-05,False,2026-08-06,0.6500,0.5800,11.4000,ALCISTA FUERTE,10,767.0500,8.3600,45.9000,14.9200,"Filtros estándar (Score ≥6.5, DD ≥10%)"
WAB,Wabtec,Industrials,Construction Machinery & Heavy Transportation Equipment,2019-02-27,285.9300,2026-09-01,40.9700,51.8900,DOWN,-1.5765,-1.0341,False,-0.2181,6.1217,0.8520,2.1410,282.3900,251.7600,293.5300,1.2500,13.5700,True,3.9831,ALCISTA,-6.6600,306.3200,306.3200,183.4000,-6.6600,55.9000,1.1490,True,253.1900,6,287.2500,False,-11.4500,NONE,7.1000,10.0000,5.0000,7.5000,6,8.0000,5.0000,False,4.2800,6.4200,1.5000,39.3843,22.9806,4.3116,4.0314,20.5970,0.1155,0.0617,0.1059,0.3574,0.1750,0.1890,61.6860,1.1210,1101374976.0000,1266000000.0000,0.8700,48296677376.0000,0.9280,2.5600,0.4200,168910851.0000,6.1200,8.8000,5.0300,4.2800,0.0228,OK,0,6.5100,False,10-18d,XLI,,CAT|UNP|HON,pmi_manufacturing|supply_chain|capex_cycle,50,2026-10-21,False,2026-07-22,2.7600,2.6100,5.9000,ALCISTA FUERTE,10,767.0500,8.3600,45.9000,14.9200,"Filtros estándar (Score ≥6.5, DD ≥10%)"
GWW,W. W. Grainger,Industrials,Industrial Machinery & Supplies & Components,1981-06-30,1309.4900,2026-09-01,52.5000,60.4900,DOWN,1.2718,2.1390,False,0.5477,22.9914,0.7530,1.7560,1340.6000,1166.0700,1318.3100,-2.3200,12.3000,True,3.1172,NEUTRO,-7.6000,1417.1400,1417.1400,901.2200,-7.6000,45.3000,1.6950,True,1257.7600,1,1292.8900,True,-3.9500,NONE,7.2000,8.5000,5.0000,9.5000,7,7.0000,5.0000,False,3.5100,5.2700,1.5000,33.3373,25.6541,14.9304,3.2729,19.9840,0.4609,0.1993,0.0992,0.3940,0.1030,0.2050,61.9770,2.8050,1247750016.0000,1870000000.0000,0.6672,61678215168.0000,1.0470,3.2100,0.7600,47100942.0000,6.0400,6.9800,7.0100,3.7900,0.0202,FCF/NI:0.67,1,6.5000,False,7-15d,XLI,,CAT|UNP|HON,pmi_manufacturing|supply_chain|capex_cycle,64,2026-11-04,False,2026-08-04,12.0100,11.3000,6.3000,ALCISTA FUERTE,10,767.0500,8.3600,45.9000,14.9200,"Filtros estándar (Score ≥6.5, DD ≥10%)"
BAC,Bank of America,Financials,Diversified Banks,1976-06-30,61.9400,2026-09-01,38.4600,44.6800,DOWN,-0.4035,-0.3945,False,0.2292,1.0700,0.9390,1.7270,61.1200,54.3000,62.4300,1.3500,14.0600,True,2.1648,ALCISTA,-5.0400,65.2300,65.2300,45.8800,-5.0400,35.0000,1.5320,False,56.8400,1,62.9900,False,-8.2300,NONE,6.7700,10.0000,6.5000,7.0000,4,6.5000,5.0000,False,3.4500,5.1800,1.5000,14.3049,11.6971,1.5744,3.8017,,0.1120,0.0097,0.2952,0.0000,0.1680,0.3410,,,,32124999680.0000,,433130831872.0000,1.1680,0.0000,2.0500,6992748365.0000,6.3000,8.9300,4.5200,5.3300,,OK,0,6.4900,False,10-18d,XLF,,JPM|WFC|GS,interest_rates|yield_curve|credit_spreads|loan_growth,43,2026-10-14,False,2026-07-14,1.2100,1.1200,7.7000,ALCISTA FUERTE,10,767.0500,8.3600,45.9000,14.9200,"Filtros estándar (Score ≥6.5, DD ≥10%)"
WELL,Welltower,Real Estate,Health Care REITs,2009-01-30,236.2400,2026-09-01,53.3400,60.0800,DOWN,0.1130,0.4032,False,0.5418,4.6017,0.8300,1.9480,234.1900,208.3700,237.0400,0.8800,13.3700,True,2.8838,ALCISTA,-7.0800,254.2400,254.2400,161.3700,-7.0800,46.3900,1.6490,True,226.1100,2,238.2100,False,-4.2900,HAMMER|DOJI|HAMMER|DOJI,6.5500,10.0000,5.0000,7.5000,4,5.0000,7.0000,False,3.9000,5.8400,1.5000,106.4144,74.2893,3.6591,13.3374,56.6580,0.0384,0.0083,0.1215,0.3956,0.3910,0.3560,41.3750,1.3170,2756164352.0000,1550674048.0000,1.7774,170227941376.0000,0.7630,5.6400,1.4300,720572011.0000,6.4500,10.0000,5.9600,2.8800,0.0162,OK,0,6.4900,False,10-18d,XLRE,,PLD|AMT|EQIX,interest_rates|cap_rates|occupancy_trends,55,2026-10-26,False,2026-07-27,0.5400,0.6500,-16.9000,ALCISTA FUERTE,10,767.0500,8.3600,45.9000,14.9200,"Filtros estándar (Score ≥6.5, DD ≥10%)"
CIEN,Ciena,Information Technology,Communications Equipment,2026-02-09,382.8000,2026-09-01,48.8800,51.2400,DOWN,-0.7091,-1.2556,True,0.2255,28.1136,0.8380,7.3440,416.0400,373.4800,400.5300,-7.9900,2.5000,True,6.3270,NEUTRO,-30.7000,552.3900,637.5100,90.0000,-39.9500,325.3300,0.9490,True,384.1900,1,416.5700,True,0.3600,NONE,6.9200,8.5000,6.0000,7.5000,7,6.5000,5.0000,False,14.6900,22.0300,1.5000,126.7550,39.5896,18.7408,9.7298,69.4430,0.1546,0.0666,0.0787,0.4305,0.3950,23.8330,54.6490,2.7270,700927872.0000,438300000.0000,1.5992,54186459136.0000,1.3150,1.3500,,141552922.0000,6.2100,10.0000,5.6000,2.5100,0.0129,OK,0,6.4900,False,7-15d,XLK,,AAPL|MSFT|NVDA,interest_rates|ai_capex_cycle|semiconductor_cycle,2,2026-09-03,True,2026-06-04,1.6400,1.4600,12.3000,ALCISTA FUERTE,10,767.0500,8.3600,45.9000,14.9200,"Filtros estándar (Score ≥6.5, DD ≥10%)"
WST,West Pharmaceutical Services,Health Care,Health Care Supplies,2020-05-22,341.1100,2026-09-01,35.1500,57.4100,DOWN,-0.9367,0.0075,False,-0.1407,7.2836,0.8320,2.1350,349.5900,291.5900,348.5600,-2.4200,16.9800,True,2.5042,NEUTRO,-11.5700,385.7500,385.7500,223.5200,-11.5700,52.6100,1.2810,True,343.4800,1,336.6000,True,0.6900,NONE,7.2500,8.5000,6.5000,7.5000,7,8.0000,5.0000,False,4.2700,6.4100,1.5000,43.2881,34.2316,8.0310,7.2159,26.1860,0.1909,0.1138,0.1698,0.3679,0.1380,0.1810,10.5850,2.8220,277937504.0000,564899968.0000,0.4920,24005873664.0000,1.1380,2.7900,0.2600,70375762.0000,5.9600,7.7300,6.8400,2.8800,0.0116,FCF/NI:0.49,1,6.4800,False,7-15d,XLV,,UNH|JNJ|LLY,fda_calendar|drug_pricing_policy|patent_cliffs,51,2026-10-22,False,2026-07-23,2.3700,2.0800,13.9000,ALCISTA FUERTE,10,767.0500,8.3600,45.9000,14.9200,"Filtros estándar (Score ≥6.5, DD ≥10%)"
HPE,Hewlett Packard Enterprise,Information Technology,"Technology Hardware, Storage & Peripherals",2015-11-02,52.2400,2026-09-01,44.5800,50.1100,DOWN,-0.6283,-0.4631,False,0.2616,2.6461,0.8470,5.0650,49.6800,32.5300,53.1800,5.1500,60.6000,True,10.6161,ALCISTA,-17.6500,63.4400,64.0600,19.6200,-18.4500,166.2400,1.8960,True,44.6100,1,63.7500,False,-14.6100,NONE,6.5700,10.0000,5.0000,7.5000,4,6.5000,5.0000,False,10.1300,15.2000,1.5000,48.8224,12.7897,2.7332,1.7832,15.1390,0.0631,0.0197,0.0401,0.3378,0.4000,,84.0300,1.0880,3836000000.0000,1440000000.0000,2.6639,69176393728.0000,1.4360,3.5300,1.0900,1324203521.0000,6.4100,7.5000,4.2600,7.6500,0.0555,D/E:84,1,6.4700,False,10-18d,XLK,,AAPL|MSFT|NVDA,interest_rates|ai_capex_cycle|semiconductor_cycle,1,2026-09-02,True,2026-06-01,0.7900,0.5300,48.0000,ALCISTA FUERTE,10,767.0500,8.3600,45.9000,14.9200,"Filtros estándar (Score ≥6.5, DD ≥10%)"
GD,General Dynamics,Industrials,Aerospace & Defense,1957-03-04,371.3500,2026-09-01,25.6000,52.1400,DOWN,-2.9182,-2.5160,False,-0.0882,6.5314,0.8390,1.7590,375.5500,351.6600,383.5100,-1.1200,5.6000,True,1.4373,NEUTRO,-7.1600,400.0000,400.0000,305.4300,-7.1600,21.5800,1.5200,True,374.0400,1,380.7100,True,0.7200,NONE,7.4500,8.5000,7.5000,7.5000,7,8.0000,5.0000,False,3.5200,5.2800,1.5000,23.1515,20.0213,3.7397,1.8314,15.9000,0.1780,0.0608,0.0818,0.1537,0.0810,0.1340,35.3350,1.4410,4400124928.0000,4487000064.0000,0.9806,100471414784.0000,0.3280,2.4700,1.6800,270557195.0000,5.8100,4.6600,6.1900,6.6900,0.0438,OK,0,6.4700,False,7-15d,XLI,,CAT|UNP|HON,pmi_manufacturing|supply_chain|capex_cycle,57,2026-10-28,False,2026-07-29,4.2400,3.9700,6.9000,ALCISTA FUERTE,10,767.0500,8.3600,45.9000,14.9200,"Filtros estándar (Score ≥6.5, DD ≥10%)"
SPG,Simon Property Group,Real Estate,Retail REITs,2002-06-26,212.3200,2026-09-01,34.3600,29.2800,UP,-0.9982,-0.5928,False,-0.0682,3.2507,0.7770,1.5310,223.2200,198.5200,220.1300,-4.8800,6.9500,True,2.4916,NEUTRO,-10.9800,238.5000,238.5000,166.3300,-10.9800,27.6500,1.7040,True,212.8200,1,222.0500,True,0.2400,NONE,7.7500,8.5000,7.5000,7.5000,7,10.0000,5.0000,False,3.0600,4.5900,1.5000,14.9944,31.7256,15.6336,11.6129,19.2320,1.2051,0.0563,0.6657,0.8143,0.1950,-0.1250,503.5040,0.2660,2595271168.0000,4617150976.0000,0.5621,80601661440.0000,1.3260,0.0000,4.1500,323551515.0000,5.6200,5.0000,5.8600,6.0800,0.0322,FCF/NI:0.56|D/E:504,2,6.4700,False,7-15d,XLRE,,PLD|AMT|EQIX,interest_rates|cap_rates|occupancy_trends,62,2026-11-02,False,2026-08-10,1.7300,1.5700,10.1000,ALCISTA FUERTE,10,767.0500,8.3600,45.9000,14.9200,"Filtros estándar (Score ≥6.5, DD ≥10%)"
SCHW,Charles Schwab Corporation,Financials,Investment Banking & Brokerage,1997-06-02,109.8200,2026-09-01,55.7300,76.0100,DOWN,-0.5314,0.0310,False,0.5515,2.2018,0.9870,2.0050,103.0700,96.4900,108.8500,6.5500,13.8100,True,1.7103,ALCISTA,-4.1100,114.5300,114.5300,83.7200,-4.1100,31.1800,0.8620,True,99.6200,2,,False,-9.2900,NONE,6.3500,10.0000,5.0000,7.5000,4,5.0000,5.0000,False,4.0100,6.0100,1.5000,20.0036,14.0709,4.3197,7.2974,,0.2027,0.0207,0.3879,0.9749,0.2090,0.4260,151.1060,0.6550,,9722500096.0000,,189915643904.0000,0.7500,0.0100,1.1600,1729335714.0000,6.5300,10.0000,4.7700,4.5200,,D/E:151,1,6.4600,False,10-18d,XLF,,JPM|BAC|WFC,interest_rates|yield_curve|credit_spreads|loan_growth,44,2026-10-15,False,2026-07-21,1.6200,1.5500,4.5000,ALCISTA FUERTE,10,767.0500,8.3600,45.9000,14.9200,"Filtros estándar (Score ≥6.5, DD ≥10%)"
AVY,Avery Dennison,Materials,Paper & Plastic Packaging Products & Materials,1987-12-31,174.1100,2026-09-01,42.8100,73.4400,DOWN,-0.9862,-0.0340,False,0.1818,4.7500,1.0230,2.7280,168.6500,171.8700,177.2000,3.2400,1.3000,False,0.5597,ALCISTA,-7.3400,187.9100,197.2900,151.7100,-11.7500,14.7700,6.9790,False,157.0000,5,175.3900,False,-9.8300,HAMMER,6.2800,8.5000,5.0000,5.0000,6,6.5000,7.0000,False,5.4600,8.1800,1.5000,19.4536,15.5647,5.6895,1.4268,11.0970,0.3116,0.0839,0.0762,0.2898,0.1090,0.1080,158.6530,1.1320,1004600000.0000,704899968.0000,1.4252,13195473920.0000,0.8120,3.1400,2.2500,75788142.0000,6.5700,5.3000,7.0600,7.4900,0.0761,D/E:159,1,6.4500,False,10-18d,XLB,,LIN|APD|ECL,commodity_prices|dxy|china_demand|energy_costs,50,2026-10-21,False,2026-07-30,2.8900,2.4700,17.0000,ALCISTA FUERTE,10,767.0500,8.3600,45.9000,14.9200,"Filtros estándar (Score ≥6.5, DD ≥10%)"
CNP,CenterPoint Energy,Utilities,Multi-Utilities,1985-07-31,39.6000,2026-09-01,47.8900,19.3400,UP,0.0147,-0.1025,True,0.3382,0.7239,0.8110,1.8280,42.0700,41.0000,40.2300,-5.8600,-3.4200,True,0.3870,BAJISTA,-11.9800,44.9900,44.9900,35.7900,-11.9800,10.6600,1.5250,True,39.5600,1,43.6100,True,-0.0900,HAMMER,7.3500,7.0000,7.0000,9.5000,8,5.0000,7.0000,False,3.6600,5.4800,1.5000,23.4320,18.9773,2.2256,2.7116,13.0450,0.0983,0.0300,0.1161,0.4703,0.1070,0.2330,210.2560,1.1230,-5191875072.0000,1116999936.0000,-4.6481,26085320704.0000,0.4610,6.5100,2.4500,658720288.0000,5.8500,10.0000,4.3000,2.8200,-0.1990,FCF/NI:-4.65|D/E:210,2,6.4500,False,3-7d,XLU,,NEE|DUK|SO,interest_rates|regulatory_environment,51,2026-10-22,False,2026-07-28,0.4000,0.3700,7.4000,ALCISTA FUERTE,10,767.0500,8.3600,45.9000,14.9200,"Filtros estándar (Score ≥6.5, DD ≥10%)"
EW,Edwards Lifesciences,Health Care,Health Care Equipment,2011-04-01,90.7500,2026-09-01,44.3100,53.7600,DOWN,-0.1614,-0.0929,False,0.4921,1.7521,0.7360,1.9310,89.4000,84.8300,90.2200,1.5100,6.9800,True,1.3737,ALCISTA,-5.7500,96.2900,96.2900,72.3000,-5.7500,25.5200,1.3160,True,89.1200,3,93.9100,True,-1.8000,HAMMER,8.0000,10.0000,5.0000,9.5000,9,7.0000,7.0000,False,3.8600,5.7900,1.5000,53.6982,26.8690,4.9280,8.0322,24.4730,0.0917,0.0837,0.1543,0.7784,0.1360,-0.2540,6.5680,4.5220,1232412544.0000,979900032.0000,1.2577,52308299776.0000,0.8460,2.1500,,576400000.0000,5.4200,5.0000,7.2200,3.7900,0.0236,OK,0,6.4500,False,10-18d,XLV,,UNH|JNJ|LLY,fda_calendar|drug_pricing_policy|patent_cliffs,58,2026-10-29,False,2026-07-23,0.7800,0.7400,5.1000,ALCISTA FUERTE,10,767.0500,8.3600,45.9000,14.9200,"Filtros estándar (Score ≥6.5, DD ≥10%)"
BAX,Baxter International,Health Care,Health Care Equipment,1972-09-30,26.0000,2026-09-01,29.4700,33.8800,DOWN,-0.2832,-0.2782,False,0.2174,0.6669,0.7450,2.5650,24.1800,20.1400,26.0800,7.5400,29.0800,True,2.9954,ALCISTA,-13.3000,29.9900,29.9900,15.7200,-13.3000,65.4400,0.6290,True,25.7400,1,29.9900,True,-1.0000,HAMMER|DOJI,8.0300,10.0000,7.5000,7.5000,7,8.5000,7.0000,False,5.1300,7.6900,1.5000,,12.7676,2.1659,1.1719,11.1100,-0.1437,0.0285,-0.0927,0.3410,0.0530,0.3680,156.4490,1.9460,1000374976.0000,-968000000.0000,-1.0334,13441896448.0000,0.5950,3.1900,0.1500,516995999.0000,5.4000,6.6800,2.5500,7.2300,0.0744,FCF/NI:-1.03|D/E:156|ROE:-14.4%,3,6.4500,False,10-18d,XLV,,UNH|JNJ|LLY,fda_calendar|drug_pricing_policy|patent_cliffs,58,2026-10-29,False,2026-07-30,0.5600,0.3700,52.5000,ALCISTA FUERTE,10,767.0500,8.3600,45.9000,14.9200,"Filtros estándar (Score ≥6.5, DD ≥10%)"
AME,Ametek,Industrials,Electrical Components & Equipment,2013-09-23,235.1700,2026-09-01,22.8600,33.4800,DOWN,-1.9899,-1.6890,False,0.0653,4.9929,0.9310,2.1230,241.6700,224.7800,243.8000,-2.6900,4.6200,True,2.6194,NEUTRO,-9.9500,261.1600,261.1600,178.4100,-9.9500,31.8100,1.5270,False,233.9900,1,238.0400,True,-0.5000,NONE,6.9500,8.5000,7.5000,5.0000,7,8.0000,5.0000,False,4.2500,6.3700,1.5000,34.4824,24.4051,4.7879,6.8560,22.2860,0.1456,0.0816,0.2004,0.3691,0.1500,0.1420,20.5220,1.2140,1492221312.0000,1576269952.0000,0.9467,53915365376.0000,0.9970,2.5100,0.5800,229261244.0000,6.1200,7.0700,6.3700,4.7400,0.0277,OK,0,6.4500,False,7-15d,XLI,,CAT|UNP|HON,pmi_manufacturing|supply_chain|capex_cycle,58,2026-10-29,False,2026-08-04,2.0900,1.9900,4.8000,ALCISTA FUERTE,10,767.0500,8.3600,45.9000,14.9200,"Filtros estándar (Score ≥6.5, DD ≥10%)"
YUM,Yum! Brands,Consumer Discretionary,Restaurants,1997-10-06,153.3100,2026-09-01,61.6300,56.2300,UP,0.7203,1.1649,False,0.7019,3.9900,0.9650,2.6030,153.1900,153.9700,151.5100,0.0800,-0.4300,False,0.4917,BAJISTA,-9.8900,170.1400,170.1400,135.3900,-9.8900,13.2300,0.7740,True,149.7800,3,154.8600,True,-2.3000,HAMMER|DOJI,7.0500,7.0000,6.0000,7.5000,10,5.0000,7.0000,False,5.2100,7.8100,1.5000,19.3818,20.5564,-5.7975,4.7969,17.7870,,0.2269,0.2541,0.4531,0.1220,1.3160,,0.5920,833249984.0000,2216000000.0000,0.3760,41838465024.0000,0.5530,3.1500,1.9500,272901085.0000,6.0300,10.0000,4.3200,3.3900,0.0199,FCF/NI:0.38,1,6.4400,False,3-7d,XLY,,AMZN|TSLA|HD,consumer_spending|employment_data|interest_rates,63,2026-11-03,False,2026-07-30,1.6200,1.5600,3.7000,ALCISTA FUERTE,10,767.0500,8.3600,45.9000,14.9200,"Filtros estándar (Score ≥6.5, DD ≥10%)"
ALLE,Allegion,Industrials,Building Products,2013-12-02,155.2500,2026-09-01,28.9700,51.8500,DOWN,-1.8002,-1.4797,False,-0.0611,3.7586,0.9230,2.4210,150.4600,150.6000,159.9500,3.1800,3.0900,False,-0.3751,ALCISTA,-9.1400,170.8700,181.6700,124.4900,-14.5400,24.7100,5.3380,False,133.5100,3,170.8700,False,-14.0100,HAMMER|DOJI,6.9000,8.0000,7.5000,5.0000,6,8.0000,7.0000,False,4.8400,7.2600,1.5000,20.6724,15.8837,6.2332,3.0785,14.3940,0.3373,0.1103,0.1536,0.4480,0.1270,0.1620,104.8950,1.9300,484449984.0000,658600000.0000,0.7356,13201960960.0000,0.8450,2.8800,1.3500,85036786.0000,6.1400,6.7800,5.5900,6.0200,0.0367,FCF/NI:0.74|D/E:105,2,6.4400,False,10-18d,XLI,,CAT|UNP|HON,pmi_manufacturing|supply_chain|capex_cycle,51,2026-10-22,False,2026-07-23,2.4000,2.2200,8.3000,ALCISTA FUERTE,10,767.0500,8.3600,45.9000,14.9200,"Filtros estándar (Score ≥6.5, DD ≥10%)"
STZ,Constellation Brands,Consumer Staples,Distillers & Vintners,2005-07-01,130.6200,2026-09-01,43.9700,60.3800,DOWN,-0.3257,0.3293,False,0.2037,3.2864,0.8450,2.5160,133.6500,143.3500,133.1800,-2.2700,-8.8800,False,0.1696,BAJISTA,-12.8100,149.8100,166.1700,123.8200,-21.4000,5.4900,1.8510,True,128.1300,3,134.0400,True,-1.9100,HAMMER|DOJI,6.6200,5.5000,5.0000,7.5000,9,6.5000,7.0000,False,5.0300,7.5500,1.5000,12.4519,10.5407,2.7129,2.4634,9.5590,0.2369,0.0857,0.2014,0.5272,-0.0330,0.3070,123.2050,0.9130,2210487552.0000,1824400000.0000,1.2116,22310463488.0000,0.4000,4.0800,3.1500,170752511.0000,6.3200,5.0000,5.8600,8.3900,0.0991,D/E:123,1,6.4400,False,3-7d,XLP,,PG|KO|PEP,inflation|input_costs|fx_rates,34,2026-10-05,False,2026-06-30,3.4300,3.2000,7.1000,ALCISTA FUERTE,10,767.0500,8.3600,45.9000,14.9200,"Filtros estándar (Score ≥6.5, DD ≥10%)"
JCI,Johnson Controls,Industrials,Building Products,2010-08-27,138.2400,2026-09-01,29.6000,44.9000,DOWN,-1.4158,-1.4261,True,0.0250,3.7871,0.7790,2.7400,144.9100,133.7700,145.4700,-4.6100,3.3400,True,2.7313,NEUTRO,-11.9800,157.0600,157.0600,103.2200,-11.9800,33.9300,1.0060,True,136.5500,9,142.7500,True,-1.2200,NONE,8.2500,8.5000,8.5000,7.5000,9,10.0000,5.0000,True,5.4800,8.2200,1.5000,38.9408,22.9133,6.2111,3.3502,21.4110,0.1433,0.0540,0.1432,0.3665,0.0930,0.1530,70.1070,1.0000,2984124928.0000,2180000000.0000,1.3689,83737698304.0000,1.3170,2.8900,1.1500,605741470.0000,5.2300,5.4800,5.0700,5.1200,0.0356,OK,0,6.4400,False,5-10d,XLI,,CAT|UNP|HON,pmi_manufacturing|supply_chain|capex_cycle,64,2026-11-04,False,2026-07-29,1.4200,1.3000,9.0000,ALCISTA FUERTE,10,767.0500,8.3600,45.9000,14.9200,"Filtros estándar (Score ≥6.5, DD ≥10%)"
ROP,Roper Technologies,Information Technology,Electronic Equipment & Instruments,2009-12-23,424.6400,2026-09-01,66.7900,67.2200,DOWN,0.6895,0.1613,True,0.9991,9.9643,0.8590,2.3470,375.0500,375.4400,403.3300,13.2200,13.1000,False,-1.7052,ALCISTA,-0.5900,427.1600,527.5400,305.1900,-19.5100,39.1400,1.0010,True,341.6800,8,,False,-19.5400,NONE,6.4500,8.0000,6.0000,7.5000,6,5.0000,5.0000,False,4.6900,7.0400,1.5000,17.7599,17.4804,2.2458,5.0720,16.3530,0.1307,0.0423,0.3024,0.6953,0.0850,2.3300,60.5310,0.5530,2265687552.0000,2504300032.0000,0.9047,41997266944.0000,0.7370,6.0500,0.8500,98900874.0000,6.4300,5.7400,4.7200,9.2200,0.0539,OK,0,6.4400,False,10-18d,XLK,,AAPL|MSFT|NVDA,interest_rates|ai_capex_cycle|semiconductor_cycle,51,2026-10-22,False,2026-07-23,5.3800,5.2900,1.8000,ALCISTA FUERTE,10,767.0500,8.3600,45.9000,14.9200,"Filtros estándar (Score ≥6.5, DD ≥10%)"
BEN,Franklin Resources,Financials,Asset Management & Custody Banks,1998-04-30,34.1500,2026-09-01,60.0000,39.2600,UP,0.0125,0.0523,False,0.4427,0.6207,0.6880,1.8180,33.6100,27.8200,34.1700,1.5900,22.7400,True,4.6700,ALCISTA,-5.8700,36.2800,36.2800,20.3200,-5.8700,68.0600,1.0050,True,33.2500,1,34.0800,True,-2.6400,HAMMER,7.5000,10.0000,6.0000,7.5000,7,7.0000,7.0000,False,3.6400,5.4500,1.5000,23.5517,10.7890,1.4765,1.8609,11.6250,0.0789,0.0264,0.0872,0.3771,0.1430,1.0670,24.8050,5.4860,-2990862592.0000,759200000.0000,-3.9395,17350825984.0000,1.5740,3.3800,3.8100,508076910.0000,5.7400,8.5100,5.4300,2.8500,-0.1724,FCF/NI:-3.94,1,6.4400,False,10-18d,XLF,,JPM|BAC|WFC,interest_rates|yield_curve|credit_spreads|loan_growth,66,2026-11-06,False,2026-07-31,0.7200,0.6600,8.3000,ALCISTA FUERTE,10,767.0500,8.3600,45.9000,14.9200,"Filtros estándar (Score ≥6.5, DD ≥10%)"
CSGP,CoStar Group,Real Estate,Real Estate Services,2022-09-19,32.0700,2026-09-01,52.4800,59.1300,DOWN,-0.0240,0.1904,False,0.6141,1.3857,0.9060,4.3210,30.0900,44.6400,31.5500,6.5700,-28.1600,False,-8.5079,BAJISTA,-7.9000,34.8200,91.8900,25.8900,-65.1000,23.8700,4.7620,False,28.1800,1,33.8200,False,-12.1300,HAMMER,5.7500,6.5000,5.0000,7.0000,4,5.0000,7.0000,False,8.6400,12.9600,1.5000,178.1667,18.5082,1.6366,3.6543,32.7330,0.0089,0.0047,0.0208,0.7868,0.1840,12.6100,14.5370,2.2140,412700000.0000,74000000.0000,5.5770,12994686976.0000,0.7310,2.1500,,405197588.0000,6.8800,10.0000,5.9100,4.3600,0.0318,OK,0,6.4300,False,3-7d,XLRE,,PLD|AMT|EQIX,interest_rates|cap_rates|occupancy_trends,56,2026-10-27,False,2026-07-28,0.3200,0.2900,11.9000,ALCISTA FUERTE,10,767.0500,8.3600,45.9000,14.9200,"Filtros estándar (Score ≥6.5, DD ≥10%)"
AMP,Ameriprise Financial,Financials,Asset Management & Custody Banks,2005-10-03,553.1100,2026-09-01,46.3100,52.5200,DOWN,-3.2391,-2.9455,False,0.2475,10.2714,0.8630,1.8570,525.2800,482.3600,553.4400,5.3000,14.6700,True,2.0287,ALCISTA,-3.4000,572.5600,572.5600,419.5200,-3.4000,31.8400,1.2410,True,546.6600,1,572.5600,True,-1.1700,HAMMER|DOJI|HAMMER|DOJI,7.2200,10.0000,5.0000,7.5000,7,6.5000,7.0000,False,3.7100,5.5700,1.5000,13.5136,10.7050,7.6849,2.4627,,0.6343,0.0228,0.1990,0.5493,0.1160,0.1170,67.5780,2.1820,2903124992.0000,3948000000.0000,0.7353,48857985024.0000,1.1370,4.7900,1.2200,88333219.0000,5.9000,4.0400,6.9300,6.8600,0.0594,FCF/NI:0.74,1,6.4300,False,10-18d,XLF,,JPM|BAC|WFC,interest_rates|yield_curve|credit_spreads|loan_growth,58,2026-10-29,False,2026-07-23,11.0700,10.8100,2.4000,ALCISTA FUERTE,10,767.0500,8.3600,45.9000,14.9200,"Filtros estándar (Score ≥6.5, DD ≥10%)"
FRT,Federal Realty Investment Trust,Real Estate,Retail REITs,2016-02-01,116.0300,2026-09-01,42.7400,23.2800,UP,-0.0694,-0.1279,True,0.2234,1.4014,0.7230,1.2080,121.3000,109.1900,118.5200,-4.3400,6.2600,True,2.1869,NEUTRO,-9.5000,128.2100,128.2100,87.2700,-9.5000,32.9600,0.8680,True,118.0800,6,126.3300,True,1.7700,HAMMER,7.9200,8.5000,7.0000,7.5000,9,8.5000,7.0000,False,2.4200,3.6200,1.5000,23.5833,37.5254,3.1457,7.5955,18.1820,0.1255,0.0326,0.3266,0.6814,0.0720,-0.4560,134.1140,0.5640,456137632.0000,426705984.0000,1.0690,10143149056.0000,0.9290,0.0200,3.9700,86889133.0000,5.4100,3.5800,6.3300,6.4700,0.0450,D/E:134,1,6.4100,False,7-15d,XLRE,,PLD|AMT|EQIX,interest_rates|cap_rates|occupancy_trends,59,2026-10-30,False,2026-07-31,0.9700,0.7200,35.3000,ALCISTA FUERTE,10,767.0500,8.3600,45.9000,14.9200,"Filtros estándar (Score ≥6.5, DD ≥10%)"
APO,Apollo Global Management,Financials,Asset Management & Custody Banks,2024-12-23,136.5800,2026-09-01,57.1900,54.2100,UP,-0.2722,-0.4276,True,0.6798,4.2373,0.9640,3.1020,126.1400,126.6300,132.2500,8.2700,7.8600,False,0.7338,ALCISTA,-4.9700,143.7200,151.3900,98.7200,-9.7800,38.3400,0.7500,True,122.2100,2,134.8200,False,-10.5200,HAMMER|DOJI,6.6500,8.5000,7.0000,7.5000,4,5.0000,7.0000,False,6.2000,9.3100,1.5000,48.0916,12.7252,4.0120,2.2658,,0.1141,0.0094,0.0527,0.3614,0.6380,0.6370,100.9690,1.9480,,1888000000.0000,,80656384000.0000,1.5080,5.0900,1.6700,590543159.0000,6.2500,10.0000,4.4400,3.9800,,OK,0,6.4100,False,10-18d,XLF,,JPM|BAC|WFC,interest_rates|yield_curve|credit_spreads|loan_growth,63,2026-11-03,False,2026-08-04,2.1100,2.1600,-2.2000,ALCISTA FUERTE,10,767.0500,8.3600,45.9000,14.9200,"Filtros estándar (Score ≥6.5, DD ≥10%)"
MCHP,Microchip Technology,Information Technology,Semiconductors,2007-09-07,73.4500,2026-09-01,30.0400,40.7100,DOWN,-0.1091,-0.1497,True,0.2082,2.5107,0.5360,3.4180,81.2500,76.1600,76.3900,-9.6000,-3.5600,True,2.1853,BAJISTA,-28.9700,103.4100,104.7500,47.2800,-29.8800,55.3500,0.7450,True,70.8100,1,99.3300,True,-3.5900,HAMMER|DOJI,7.5800,7.0000,7.5000,7.5000,8,8.5000,7.0000,True,6.8400,10.2500,1.5000,108.0147,16.0893,6.1827,7.7863,29.8850,0.0719,0.0354,0.0934,0.6019,0.3800,,83.6880,1.9210,1364762496.0000,367200000.0000,3.7167,39883988992.0000,1.7420,2.9900,2.5000,543008691.0000,5.6300,7.5000,4.5700,4.7000,0.0342,D/E:84,1,6.4100,False,3-7d,XLK,,AAPL|MSFT|NVDA,interest_rates|ai_capex_cycle|semiconductor_cycle,65,2026-11-05,False,2026-08-06,0.7600,0.7000,8.7000,ALCISTA FUERTE,10,767.0500,8.3600,45.9000,14.9200,"Filtros estándar (Score ≥6.5, DD ≥10%)"
BBY,Best Buy,Consumer Discretionary,Computer & Electronics Retail,1999-06-29,80.1500,2026-09-01,45.6400,51.4000,DOWN,-0.6425,-0.1446,False,0.0231,3.5343,1.2830,4.4100,83.0300,69.9900,84.8700,-3.4700,14.5100,True,1.0356,NEUTRO,-12.1800,91.2700,91.2700,54.3800,-12.1800,47.4000,1.4990,False,72.0800,1,78.7000,False,-10.0700,BULL_ENGULF,6.2500,8.5000,5.0000,5.0000,4,8.0000,7.5000,False,8.8200,13.2300,1.5000,13.7243,11.1149,5.3206,0.4003,7.0940,0.4313,0.0739,0.0301,0.2268,0.0360,0.7010,129.8460,1.1170,1269624960.0000,1272000000.0000,0.9981,16892985344.0000,1.3170,4.2900,4.6600,210767126.0000,6.5100,6.1600,5.9200,7.5900,0.0752,D/E:130,1,6.4100,False,7-15d,XLY,,AMZN|TSLA|HD,consumer_spending|employment_data|interest_rates,84,2026-11-24,False,2026-08-27,1.4700,1.3800,6.5000,ALCISTA FUERTE,10,767.0500,8.3600,45.9000,14.9200,"Filtros estándar (Score ≥6.5, DD ≥10%)"
IVZ,Invesco,Financials,Asset Management & Custody Banks,2008-08-21,32.7800,2026-09-01,61.4000,62.3100,DOWN,-0.0052,-0.0262,True,0.7711,0.8081,0.8530,2.4650,29.7500,26.6600,31.8700,10.2000,22.9700,True,3.6716,ALCISTA,-2.5900,33.6500,33.6500,20.0300,-2.5900,63.6300,1.0360,True,27.6700,1,32.5700,False,-15.5700,HAMMER,6.7500,10.0000,6.0000,7.5000,4,5.0000,7.0000,False,4.9300,7.4000,1.5000,,10.0511,1.4528,2.0967,12.9360,-0.0057,0.0291,-0.0093,0.2952,0.2050,,12.0560,0.7080,1140787456.0000,-309200000.0000,-3.6895,14472361984.0000,1.5960,2.1600,2.6200,441499780.0000,6.1900,7.5000,3.9700,7.2600,0.0788,FCF/NI:-3.69|ROE:-0.6%,2,6.4100,False,10-18d,XLF,,JPM|BAC|WFC,interest_rates|yield_curve|credit_spreads|loan_growth,56,2026-10-27,False,2026-07-28,0.7100,0.6600,7.2000,ALCISTA FUERTE,10,767.0500,8.3600,45.9000,14.9200,"Filtros estándar (Score ≥6.5, DD ≥10%)"
FIX,Comfort Systems USA,Industrials,Construction & Engineering,2025-12-22,1545.6200,2026-09-01,40.4300,39.7700,UP,-14.8016,-13.6309,False,0.0375,86.7143,0.8180,5.6100,1752.0300,1474.7500,1671.4700,-11.7800,4.8100,True,5.5896,NEUTRO,-25.3800,2071.2400,2072.1001,668.8200,-25.4100,131.1000,1.2840,True,1555.5400,1,1823.8300,True,0.6400,NONE,7.1500,8.5000,6.0000,7.5000,7,8.0000,5.0000,False,11.2200,16.8300,1.5000,37.3158,25.6839,84.2070,4.8448,28.2050,0.5529,0.1704,0.1278,0.2566,0.0100,0.3880,45.4890,1.2140,1841915392.0000,1434401024.0000,1.2841,54397059072.0000,1.7010,1.8400,0.2400,35194329.0000,5.9200,5.0000,7.9600,4.6200,0.0339,OK,0,6.4100,False,7-15d,XLI,,CAT|UNP|HON,pmi_manufacturing|supply_chain|capex_cycle,51,2026-10-22,False,2026-07-23,12.5300,10.4600,19.9000,ALCISTA FUERTE,10,767.0500,8.3600,45.9000,14.9200,"Filtros estándar (Score ≥6.5, DD ≥10%)"
ANET,Arista Networks,Information Technology,Communications Equipment,2018-08-28,195.6900,2026-09-01,52.6800,52.3400,UP,-0.4233,-1.5839,True,0.5454,7.8750,0.8050,4.0240,180.4800,150.4500,191.5800,8.4200,30.0700,True,3.1604,ALCISTA,-8.9300,214.8900,214.8900,114.5200,-8.9300,70.8800,0.6620,True,182.8300,1,214.8900,False,-6.5700,BULL_ENGULF|HAMMER|DOJI,7.2000,10.0000,7.0000,7.5000,4,5.0000,9.5000,False,8.0500,12.0700,1.5000,61.7319,37.9276,16.6786,23.4146,50.3200,0.3148,0.1412,0.3837,0.6300,0.3770,0.3570,,2.9570,3891512576.0000,4044600064.0000,0.9622,246809067520.0000,1.6150,1.6500,,1261224648.0000,5.8700,7.2400,6.8300,3.1300,0.0158,OK,0,6.4000,False,10-18d,XLK,,AAPL|MSFT|NVDA,interest_rates|ai_capex_cycle|semiconductor_cycle,63,2026-11-03,False,2026-08-04,1.0200,0.8900,15.2000,ALCISTA FUERTE,10,767.0500,8.3600,45.9000,14.9200,"Filtros estándar (Score ≥6.5, DD ≥10%)"
BG,Bunge Global,Consumer Staples,Agricultural Products & Services,2023-03-15,116.2100,2026-09-01,59.1700,71.4100,DOWN,0.4071,0.2976,True,0.8659,3.7267,1.0150,3.2070,112.2000,112.2800,112.7000,3.5800,3.5000,False,1.7088,ALCISTA,-12.0100,132.0800,134.0200,74.1100,-13.2900,56.8100,1.8550,False,116.1700,3,119.6300,True,-0.0300,HAMMER|DOJI,7.1000,8.5000,6.0000,7.0000,9,5.0000,7.0000,False,6.4100,9.6200,1.5000,24.8844,10.2466,1.3994,0.2432,12.8140,0.0718,0.0347,0.0110,0.0492,0.8830,0.3300,97.9950,1.5670,-6475375104.0000,1010000000.0000,-6.4113,22326163456.0000,0.6500,4.7900,2.4900,192119123.0000,5.9300,10.0000,3.6200,3.8800,-0.2900,FCF/NI:-6.41|D/E:98,2,6.4000,False,10-18d,XLP,,PG|KO|PEP,inflation|input_costs|fx_rates,64,2026-11-04,False,2026-07-29,2.0000,1.9400,2.9000,ALCISTA FUERTE,10,767.0500,8.3600,45.9000,14.9200,"Filtros estándar (Score ≥6.5, DD ≥10%)"
CDNS,Cadence Design Systems,Information Technology,Application Software,2017-09-18,338.7800,2026-09-01,54.8600,30.8200,UP,3.6546,1.0617,True,0.7453,10.0029,0.6850,2.9530,348.4100,327.2200,331.6600,-2.7600,3.5300,True,-0.1232,NEUTRO,-18.5300,415.8300,416.6900,262.7500,-18.7000,28.9400,0.7840,True,331.5600,1,357.1800,True,-2.1300,NONE,7.1000,8.0000,7.0000,7.5000,7,7.0000,5.0000,False,5.9100,8.8600,1.5000,67.6208,35.4980,13.6045,15.9821,43.7940,0.2323,0.1061,0.2361,0.8587,0.2420,1.2540,38.6610,1.7430,1609676544.0000,1377993984.0000,1.1681,93297639424.0000,1.1420,1.8500,,275393000.0000,5.9200,8.0200,6.1100,3.2400,0.0173,OK,0,6.3900,False,7-15d,XLK,,AAPL|MSFT|NVDA,interest_rates|ai_capex_cycle|semiconductor_cycle,55,2026-10-26,False,2026-07-27,2.1100,2.0600,2.7000,ALCISTA FUERTE,10,767.0500,8.3600,45.9000,14.9200,"Filtros estándar (Score ≥6.5, DD ≥10%)"
MDT,Medtronic,Health Care,Health Care Equipment,1986-10-31,90.6500,2026-09-01,54.1000,74.6100,DOWN,-0.3653,0.0285,False,0.5455,1.9000,0.8880,2.0960,85.4100,88.7000,89.9900,6.1400,2.2000,False,-0.0907,ALCISTA,-4.3000,94.7200,103.7600,72.6500,-12.6400,24.7700,1.8400,True,84.8200,4,94.7200,False,-6.4400,HAMMER|DOJI,6.8500,8.0000,5.0000,9.5000,6,5.0000,7.0000,False,4.1900,6.2900,1.5000,24.4340,14.1540,2.3461,3.1908,13.5180,0.0984,0.0492,0.1320,0.6531,0.0990,0.1830,58.2140,2.1260,4625375232.0000,4800999936.0000,0.9634,116030259200.0000,0.5660,1.9900,3.1600,1279980861.0000,6.0900,6.3400,5.7100,6.2500,0.0399,OK,0,6.3900,False,10-18d,XLV,,UNH|JNJ|LLY,fda_calendar|drug_pricing_policy|patent_cliffs,0,2026-09-01,True,2026-06-03,1.5500,1.5400,56.0000,ALCISTA FUERTE,10,767.0500,8.3600,45.9000,14.9200,"Filtros estándar (Score ≥6.5, DD ≥10%)"
XOM,ExxonMobil,Energy,Integrated Oil & Gas,1957-03-04,160.9500,2026-09-01,54.2800,70.1100,DOWN,-0.7640,0.0505,False,0.6045,3.2554,0.9050,2.0230,149.8700,141.9300,158.8000,7.3900,13.4000,True,3.4925,ALCISTA,-4.5600,168.6400,174.0900,105.3000,-7.5500,52.8500,1.2740,True,148.1300,1,158.0500,False,-7.9600,DOJI,6.3500,10.0000,5.0000,7.5000,4,5.0000,5.0000,False,4.0500,6.0700,1.5000,20.7143,15.1227,2.5515,1.8330,10.3080,0.1258,0.0552,0.0907,0.2977,0.4410,1.1280,15.9210,1.1350,20671000576.0000,32757000192.0000,0.6310,661812215808.0000,0.1730,2.6000,2.6300,4111911960.0000,6.4100,8.2300,5.8800,4.9300,0.0312,FCF/NI:0.63,1,6.3900,False,10-18d,XLE,,CVX|COP|SLB,oil_price|gas_price|opec_supply|inventories,59,2026-10-30,False,2026-07-31,4.1100,3.6300,13.3000,ALCISTA FUERTE,10,767.0500,8.3600,45.9000,14.9200,"Filtros estándar (Score ≥6.5, DD ≥10%)"
BALL,Ball Corporation,Materials,"Metal, Glass & Plastic Containers",1984-10-31,62.9700,2026-09-01,52.8900,39.8400,UP,-0.0005,0.0436,False,0.4814,1.1364,0.7580,1.8050,62.5800,58.4900,63.1200,0.6300,7.6600,True,2.6658,ALCISTA,-6.7800,67.5500,67.8400,44.3500,-7.1800,41.9700,1.2990,True,60.6600,4,64.0300,True,-3.6700,NONE,7.6000,10.0000,6.0000,7.5000,9,7.0000,5.0000,False,3.6100,5.4100,1.5000,18.3052,13.9229,2.8998,1.1635,11.4500,0.1715,0.0463,0.0661,0.1863,0.1970,0.0920,131.4950,1.0690,379875008.0000,945000000.0000,0.4020,16668370944.0000,0.9560,3.4300,1.2500,264703357.0000,5.5700,7.0000,4.3900,5.2700,0.0228,FCF/NI:0.40|D/E:131,2,6.3800,False,10-18d,XLB,,LIN|APD|ECL,commodity_prices|dxy|china_demand|energy_costs,63,2026-11-03,False,2026-08-04,1.0300,0.9900,4.3000,ALCISTA FUERTE,10,767.0500,8.3600,45.9000,14.9200,"Filtros estándar (Score ≥6.5, DD ≥10%)"
MDLZ,Mondelez International,Consumer Staples,Packaged Foods & Meats,2012-10-02,62.0700,2026-09-01,51.7100,66.4600,DOWN,-0.2261,-0.0212,False,0.2762,1.1379,0.7460,1.8330,61.4000,58.3100,62.7300,1.0900,6.4400,True,0.8988,ALCISTA,-6.8700,66.6500,66.6500,50.3400,-6.8700,23.3100,1.0350,True,60.7700,14,65.5500,True,-2.0900,NONE,7.6200,10.0000,5.0000,7.5000,9,8.5000,5.0000,False,3.6700,5.5000,1.5000,22.8199,18.4630,2.9837,1.9967,16.3840,0.1334,0.0412,0.0886,0.3115,0.0410,1.4490,82.6430,0.5990,2252375040.0000,3516000000.0000,0.6406,79220441088.0000,0.4040,2.9800,3.3400,1276308057.0000,5.5500,6.9800,4.4700,5.1300,0.0284,FCF/NI:0.64|D/E:83,2,6.3800,False,10-18d,XLP,,PG|KO|PEP,inflation|input_costs|fx_rates,56,2026-10-27,False,2026-07-28,0.7300,0.6800,7.4000,ALCISTA FUERTE,10,767.0500,8.3600,45.9000,14.9200,"Filtros estándar (Score ≥6.5, DD ≥10%)"
GEHC,GE HealthCare,Health Care,Health Care Equipment,2023-01-04,71.2300,2026-09-01,42.0500,74.4500,DOWN,-0.4364,-0.0036,False,0.2846,1.4711,0.7390,2.0650,67.5600,72.7500,71.8500,5.4300,-2.0900,False,-0.3591,BAJISTA,-5.8400,75.6500,89.6400,58.7200,-20.5400,21.3100,1.2040,True,68.6500,2,72.0400,True,-3.6300,HAMMER|DOJI,6.9700,6.5000,5.0000,7.5000,8,8.5000,7.0000,False,4.1300,6.2000,1.5000,16.4124,13.1658,2.9315,1.5129,11.3770,0.1938,0.0513,0.0933,0.3953,0.0580,0.1680,93.9650,1.2640,1573124992.0000,1984999936.0000,0.7925,32173613056.0000,0.8170,3.2300,0.2000,451686252.0000,5.9800,4.3800,6.2100,7.5700,0.0489,D/E:94,1,6.3800,False,3-7d,XLV,,UNH|JNJ|LLY,fda_calendar|drug_pricing_policy|patent_cliffs,57,2026-10-28,False,2026-07-29,1.1300,1.0400,9.1000,ALCISTA FUERTE,10,767.0500,8.3600,45.9000,14.9200,"Filtros estándar (Score ≥6.5, DD ≥10%)"
FSLR,First Solar,Information Technology,Semiconductors,2022-12-19,201.9000,2026-09-01,17.8300,27.4300,DOWN,-1.9984,-2.2569,True,0.1526,8.1407,0.5940,4.0320,222.9600,231.6800,215.6300,-9.4500,-12.8500,False,-1.1064,BAJISTA,-34.1400,306.5500,320.9500,182.9900,-37.0900,10.3300,1.1830,True,195.8400,1,211.0000,True,-3.0000,NONE,7.0200,5.0000,8.5000,7.5000,7,8.5000,5.0000,True,8.0600,12.1000,1.5000,12.6109,8.7354,2.1024,4.0346,8.4520,0.1851,0.0862,0.3246,0.4402,-0.0370,0.2330,1.8800,2.5180,1598684800.0000,1746013952.0000,0.9156,21698150400.0000,1.7460,3.8700,,107469788.0000,5.9300,1.3000,7.0700,10.0000,0.0737,OK,0,6.3700,False,5-10d,XLK,,AAPL|MSFT|NVDA,interest_rates|ai_capex_cycle|semiconductor_cycle,58,2026-10-29,False,2026-07-30,3.9200,2.8800,36.1000,ALCISTA FUERTE,10,767.0500,8.3600,45.9000,14.9200,"Filtros estándar (Score ≥6.5, DD ≥10%)"
TXN,Texas Instruments,Information Technology,Semiconductors,2001-03-12,260.9100,2026-09-01,32.3400,46.7100,DOWN,-0.6765,-1.4380,True,0.1739,8.1057,0.6170,3.1070,285.0600,235.0100,270.8500,-8.4700,11.0200,True,4.8232,NEUTRO,-21.4900,332.3300,332.3300,150.2000,-21.4900,73.7000,0.9840,True,264.7400,1,284.9200,True,1.4700,HAMMER,7.7200,8.5000,7.5000,7.5000,7,8.5000,7.0000,True,6.2100,9.3200,1.5000,39.3529,24.5104,13.2287,12.2488,25.7700,0.3518,0.1306,0.3111,0.5833,0.2280,0.5180,78.0360,4.8570,3545250048.0000,6016999936.0000,0.5892,238275461120.0000,1.3250,2.6000,2.2000,913247686.0000,5.4700,6.3200,6.2700,3.5300,0.0149,FCF/NI:0.59,1,6.3700,False,7-15d,XLK,,AAPL|MSFT|NVDA,interest_rates|ai_capex_cycle|semiconductor_cycle,56,2026-10-27,False,2026-07-22,2.1400,1.9400,10.5000,ALCISTA FUERTE,10,767.0500,8.3600,45.9000,14.9200,"Filtros estándar (Score ≥6.5, DD ≥10%)"
TSN,Tyson Foods,Consumer Staples,Packaged Foods & Meats,2005-08-10,55.1400,2026-09-01,38.6500,43.5100,DOWN,-0.2737,0.0002,False,0.0125,1.3079,0.8650,2.3720,57.8900,59.9200,57.3900,-4.7600,-7.9800,False,1.1311,BAJISTA,-12.5200,63.0300,68.9000,49.3000,-19.9700,11.8500,1.0680,True,55.9200,2,59.7200,True,1.4100,HAMMER|DOJI,7.0000,5.5000,6.5000,7.5000,8,8.0000,7.0000,False,4.7400,7.1200,1.5000,34.2484,12.3135,1.0730,0.3483,9.6570,0.0326,0.0256,0.0103,0.0655,-0.0010,2.0410,44.0250,1.4330,1191250048.0000,574000000.0000,2.0753,19398334464.0000,0.3780,2.3700,3.6800,281792507.0000,5.9500,5.0000,5.4400,7.6600,0.0614,OK,0,6.3700,False,3-7d,XLP,,PG|KO|PEP,inflation|input_costs|fx_rates,69,2026-11-09,False,2026-08-03,0.9900,0.9900,34.0000,ALCISTA FUERTE,10,767.0500,8.3600,45.9000,14.9200,"Filtros estándar (Score ≥6.5, DD ≥10%)"
SYY,Sysco,Consumer Staples,Food Distributors,1986-12-31,81.0800,2026-09-01,34.3800,45.6600,DOWN,-0.2802,-0.1303,False,-0.0526,1.4100,0.7880,1.7390,82.8100,78.4600,83.0500,-2.0900,3.3400,True,1.0878,NEUTRO,-6.4300,86.6500,90.5600,67.2300,-10.4700,20.5900,0.8280,True,82.1200,2,85.7900,True,1.2800,NONE,7.5500,8.5000,6.5000,7.5000,7,10.0000,5.0000,False,3.4800,5.2200,1.5000,22.3978,15.0733,14.5539,0.4594,11.5980,0.7769,0.0797,0.0208,0.1850,0.0470,0.0530,564.5910,1.2770,1914000000.0000,1756999936.0000,1.0894,38845104128.0000,0.6360,3.6100,2.6800,479096016.0000,5.5700,3.6200,6.9000,6.3000,0.0493,D/E:565,1,6.3600,False,7-15d,XLP,,PG|KO|PEP,inflation|input_costs|fx_rates,63,2026-11-03,False,2026-08-04,1.5300,1.5100,1.2000,ALCISTA FUERTE,10,767.0500,8.3600,45.9000,14.9200,"Filtros estándar (Score ≥6.5, DD ≥10%)"
BA,Boeing,Industrials,Aerospace & Defense,1957-03-04,207.7800,2026-09-01,10.7400,26.3200,DOWN,-2.3533,-2.5802,True,0.1087,4.3943,0.6540,2.1150,220.4400,219.8700,218.5000,-5.7400,-5.5000,True,0.6833,BAJISTA,-13.8200,241.0900,254.3500,176.7700,-18.3100,17.5400,0.9660,True,207.9500,1,231.8200,True,0.0800,HAMMER|HAMMER,8.0000,7.0000,8.5000,7.5000,8,10.0000,7.0000,True,4.2300,6.3400,1.5000,75.8321,50.4218,26.9285,1.7471,-66.6590,1.7354,-0.0198,0.0259,0.0471,0.0800,,790.8750,1.1380,5625375232.0000,2088999936.0000,2.6929,164223090688.0000,1.2210,0.0100,,790370020.0000,5.2500,4.5800,6.8000,4.2300,0.0343,D/E:791,1,6.3500,False,5-10d,XLI,,CAT|UNP|HON,pmi_manufacturing|supply_chain|capex_cycle,57,2026-10-28,False,2026-07-28,-0.7600,-0.3100,-141.5000,ALCISTA FUERTE,10,767.0500,8.3600,45.9000,14.9200,"Filtros estándar (Score ≥6.5, DD ≥10%)"
NDSN,Nordson Corporation,Industrials,Industrial Machinery & Supplies & Components,2022-02-15,321.7200,2026-09-01,60.7000,75.8600,DOWN,0.7921,2.4302,False,0.6042,7.7436,1.1560,2.4070,302.6900,276.0200,317.9600,6.2900,16.5600,True,3.1955,ALCISTA,-5.1300,339.1200,339.1200,217.2100,-5.1300,48.1200,1.0300,True,302.9200,1,315.6800,False,-5.8400,HAMMER,6.5500,10.0000,5.0000,7.5000,4,5.0000,7.0000,False,4.8100,7.2200,1.5000,32.8957,24.8576,5.4816,6.0137,20.4870,0.1776,0.0847,0.1863,0.5539,0.1030,0.2300,55.6190,1.8230,613806656.0000,555177984.0000,1.1056,17919600640.0000,0.9640,4.5900,1.1600,55699366.0000,6.2200,7.5500,5.7400,5.2400,0.0343,OK,0,6.3500,False,10-18d,XLI,,CAT|UNP|HON,pmi_manufacturing|supply_chain|capex_cycle,-13,2026-12-09,False,2026-08-19,3.2500,3.0900,5.0000,ALCISTA FUERTE,10,767.0500,8.3600,45.9000,14.9200,"Filtros estándar (Score ≥6.5, DD ≥10%)"
COF,Capital One,Financials,Consumer Finance,1998-07-01,214.5100,2026-09-01,44.4500,51.3300,DOWN,-1.2652,-1.1961,False,0.1623,4.6981,0.8460,2.1900,209.6600,205.9500,216.2200,2.3100,4.1600,True,0.2024,ALCISTA,-5.6400,227.3400,256.6400,173.6200,-16.4200,23.5500,1.2740,True,189.5900,4,210.6100,False,-11.6200,HAMMER|HAMMER,7.0800,10.0000,5.0000,7.5000,6,6.5000,7.0000,False,4.3800,6.5700,1.5000,11.8776,8.9330,1.2779,2.7354,,0.0903,0.0152,0.2187,0.0000,11.1100,,,,,9822999552.0000,,131598630912.0000,1.0160,2.7000,1.4800,613484836.0000,5.8600,7.5000,4.3100,5.7600,,OK,0,6.3500,False,10-18d,XLF,,JPM|BAC|WFC,interest_rates|yield_curve|credit_spreads|loan_growth,49,2026-10-20,False,2026-07-21,5.8100,4.6900,23.8000,ALCISTA FUERTE,10,767.0500,8.3600,45.9000,14.9200,"Filtros estándar (Score ≥6.5, DD ≥10%)"
ABBV,AbbVie,Health Care,Biotechnology,2012-12-31,256.4200,2026-09-01,60.1200,74.3500,DOWN,-0.0144,1.3351,False,0.5721,5.3600,0.8600,2.0900,251.2000,224.9900,256.8100,2.0800,13.9700,True,1.5769,ALCISTA,-4.1300,267.4700,267.4700,189.4000,-4.1300,35.3800,0.8920,True,241.3400,2,260.3800,False,-5.8800,NONE,6.3500,10.0000,5.0000,7.5000,4,5.0000,5.0000,False,4.1800,6.2700,1.5000,72.0281,15.7487,-76.3382,7.0376,16.8220,,0.1051,0.0980,0.7279,0.1020,2.9040,,0.8090,16870250496.0000,6270000128.0000,2.6906,453124259840.0000,0.2800,3.3600,2.7100,1767117285.0000,6.3300,8.6900,5.6300,4.3800,0.0372,OK,0,6.3400,False,10-18d,XLV,,UNH|JNJ|LLY,fda_calendar|drug_pricing_policy|patent_cliffs,58,2026-10-29,False,2026-07-31,3.6500,3.6100,1.1000,ALCISTA FUERTE,10,767.0500,8.3600,45.9000,14.9200,"Filtros estándar (Score ≥6.5, DD ≥10%)"
LH,Labcorp,Health Care,Health Care Services,2004-11-01,332.6600,2026-09-01,65.6000,84.4800,DOWN,-0.4859,0.5568,False,0.7155,7.1820,0.9720,2.1590,298.8600,272.6000,323.9300,11.3100,22.0300,True,2.2126,ALCISTA,-2.4700,341.0700,341.0700,242.0700,-2.4700,37.4200,1.4350,True,259.2300,3,,False,-22.0700,HAMMER|DOJI|BULL_ENGULF|HAMMER|DOJI,7.1000,10.0000,5.0000,7.5000,6,5.0000,9.5000,False,4.3200,6.4800,1.5000,27.6986,16.8025,3.1269,1.8803,14.5170,0.1173,0.0553,0.0699,0.2888,0.0580,0.2820,79.1240,1.7960,892049984.0000,1002300032.0000,0.8900,26978725888.0000,0.8430,2.5700,0.8600,81100000.0000,5.8200,6.4200,5.6000,5.3700,0.0331,OK,0,6.3300,False,10-18d,XLV,,UNH|JNJ|LLY,fda_calendar|drug_pricing_policy|patent_cliffs,63,2026-11-03,False,2026-07-30,4.9900,4.7700,4.7000,ALCISTA FUERTE,10,767.0500,8.3600,45.9000,14.9200,"Filtros estándar (Score ≥6.5, DD ≥10%)"
GNRC,Generac,Industrials,Heavy Electrical Equipment,2021-03-22,185.3800,2026-09-01,35.4500,53.2700,DOWN,-1.1784,0.2755,False,-0.1641,9.3236,0.7070,5.0290,226.7800,207.7600,207.5400,-18.2600,-10.7700,True,1.5644,BAJISTA,-37.4600,296.4400,296.4400,134.8000,-37.4600,37.5200,1.0730,False,187.5500,1,225.6700,True,1.1700,NONE,6.7500,7.0000,6.5000,5.0000,7,10.0000,5.0000,False,10.0600,15.0900,1.5000,42.2278,15.6833,3.8012,2.4644,18.9830,0.0949,0.0472,0.0582,0.3954,0.1060,0.9200,49.0030,2.0450,289056512.0000,258195008.0000,1.1195,10938599424.0000,1.9250,1.9500,,59006361.0000,6.0400,7.9200,5.4100,4.5900,0.0264,OK,0,6.3200,False,3-7d,XLI,,CAT|UNP|HON,pmi_manufacturing|supply_chain|capex_cycle,57,2026-10-28,False,2026-07-29,2.9100,2.0100,44.6000,ALCISTA FUERTE,10,767.0500,8.3600,45.9000,14.9200,"Filtros estándar (Score ≥6.5, DD ≥10%)"
MA,Mastercard,Financials,Transaction & Payment Processing Services,2008-07-18,589.3100,2026-09-01,68.8400,58.1800,UP,0.6776,1.5622,False,0.7573,9.5736,0.8250,1.6250,547.8100,528.1500,576.4300,7.5800,11.5800,True,0.3464,ALCISTA,-1.9800,601.2300,601.2300,463.7400,-1.9800,27.0800,1.0760,True,527.8400,3,583.7100,False,-10.4300,HAMMER,7.0500,10.0000,6.0000,7.5000,6,5.0000,7.0000,False,3.2500,4.8700,1.5000,32.7941,25.5935,92.1373,14.7149,23.8400,2.4120,0.2406,0.4634,1.0000,0.1410,0.2210,439.5830,1.0610,16961250304.0000,16257000448.0000,1.0433,516241391616.0000,0.7350,2.4000,0.5800,869464115.0000,5.8400,6.3400,6.8100,4.1400,0.0329,D/E:440,1,6.3200,False,10-18d,XLF,,JPM|BAC|WFC,interest_rates|yield_curve|credit_spreads|loan_growth,58,2026-10-29,False,2026-07-30,5.0400,4.7800,5.5000,ALCISTA FUERTE,10,767.0500,8.3600,45.9000,14.9200,"Filtros estándar (Score ≥6.5, DD ≥10%)"
MAA,Mid-America Apartment Communities,Real Estate,Multi-Family Residential REITs,2016-12-02,128.8500,2026-09-01,39.1000,43.3400,DOWN,-0.3093,-0.0364,False,0.0040,2.1479,0.8290,1.6670,133.7600,129.8500,131.8800,-3.6700,-0.7700,True,0.4579,BAJISTA,-9.7400,142.7600,142.7600,117.4800,-9.7400,9.6800,1.5620,True,126.1400,1,130.0500,True,-2.1000,HAMMER,7.7000,7.0000,6.5000,9.5000,8,8.0000,7.0000,False,3.3300,5.0000,1.5000,37.6754,39.2887,2.7509,6.9085,16.7690,0.0705,0.0313,0.1817,0.5839,0.0100,0.1370,102.3770,0.0480,921182272.0000,399288992.0000,2.3071,15328485376.0000,0.7200,3.9400,4.7200,116021957.0000,5.4000,4.4600,5.2100,6.7300,0.0601,D/E:102,1,6.3200,False,3-7d,XLRE,,PLD|AMT|EQIX,interest_rates|cap_rates|occupancy_trends,57,2026-10-28,False,2026-07-29,1.0400,0.7800,33.8000,ALCISTA FUERTE,10,767.0500,8.3600,45.9000,14.9200,"Filtros estándar (Score ≥6.5, DD ≥10%)"
CSCO,Cisco,Information Technology,Communications Equipment,1993-12-01,110.4900,2026-09-01,28.8700,42.5200,DOWN,-0.4430,-0.8623,True,0.2659,3.2150,0.8050,2.9100,115.2700,93.3800,113.4000,-4.1500,18.3300,True,5.0703,NEUTRO,-14.9300,129.8800,129.8800,64.7900,-14.9300,70.5400,0.9960,True,112.4000,2,122.0200,True,1.7300,HAMMER|DOJI|HAMMER,7.6200,8.5000,8.5000,7.5000,7,6.5000,7.0000,True,5.8200,8.7300,1.5000,32.9821,19.7385,8.6768,6.8770,24.1570,0.2732,0.0798,0.2095,0.6456,0.1760,0.5200,58.7310,0.9310,11568000000.0000,13267000320.0000,0.8719,435489112064.0000,1.0020,2.5800,1.5300,3941434665.0000,5.4400,5.5700,5.8200,4.8400,0.0266,OK,0,6.3100,False,5-10d,XLK,,AAPL|MSFT|NVDA,interest_rates|ai_capex_cycle|semiconductor_cycle,72,2026-11-12,False,2026-08-12,1.2200,1.1700,4.4000,ALCISTA FUERTE,10,767.0500,8.3600,45.9000,14.9200,"Filtros estándar (Score ≥6.5, DD ≥10%)"
FTNT,Fortinet,Information Technology,Systems Software,2018-10-11,170.9300,2026-09-01,56.2400,39.8900,UP,1.0207,-1.3393,True,0.9269,6.1057,0.9400,3.5720,157.5400,108.1400,159.5200,8.5000,58.0700,True,7.5504,ALCISTA,-1.7000,173.8900,173.8900,73.5500,-1.7000,132.4000,1.4360,True,150.0200,4,171.2200,False,-12.2300,NONE,7.0500,10.0000,7.0000,7.5000,6,5.0000,5.0000,False,7.1400,10.7200,1.5000,58.7388,45.4654,80.8562,16.6610,46.9630,1.1744,0.1417,0.2817,0.8020,0.2560,0.4390,36.1940,1.2820,2265587456.0000,2120700032.0000,1.0683,125413670912.0000,1.0580,2.6500,,733713653.0000,5.8200,6.1100,7.7900,3.1700,0.0181,OK,0,6.3100,False,10-18d,XLK,,AAPL|MSFT|NVDA,interest_rates|ai_capex_cycle|semiconductor_cycle,64,2026-11-04,False,2026-07-29,0.9000,0.7500,20.5000,ALCISTA FUERTE,10,767.0500,8.3600,45.9000,14.9200,"Filtros estándar (Score ≥6.5, DD ≥10%)"
ALB,Albemarle Corporation,Materials,Specialty Chemicals,2016-07-01,134.9700,2026-09-01,54.9100,79.7100,DOWN,0.7018,1.6917,False,0.6347,5.3386,0.8380,3.9550,129.7100,155.5300,132.4300,4.0500,-13.2200,False,2.3836,BAJISTA,-22.5800,174.3300,220.4400,70.3000,-38.7700,92.0000,0.9210,True,111.5500,1,174.3300,False,-17.3500,HAMMER,5.9500,7.0000,5.0000,7.5000,4,5.0000,7.0000,False,7.9100,11.8700,1.5000,499.8889,11.9472,1.9808,2.6959,12.6740,0.0265,0.0316,0.0379,0.2396,0.3110,,18.9760,2.0860,1334340224.0000,57427000.0000,23.2354,15927142400.0000,1.3170,0.0300,1.1900,118005057.0000,6.5500,7.5000,5.9800,6.1000,0.0838,OK,0,6.3100,False,3-7d,XLB,,LIN|APD|ECL,commodity_prices|dxy|china_demand|energy_costs,64,2026-11-04,False,2026-08-05,3.7500,3.2400,15.7000,ALCISTA FUERTE,10,767.0500,8.3600,45.9000,14.9200,"Filtros estándar (Score ≥6.5, DD ≥10%)"
TDG,TransDigm Group,Industrials,Aerospace & Defense,2016-06-03,1171.7400,2026-09-01,30.6800,31.9600,DOWN,-4.4437,-3.9309,False,0.0824,25.1493,0.7110,2.1460,1254.3500,1272.7500,1214.7800,-6.5900,-7.9400,False,-0.6191,BAJISTA,-13.9500,1361.7700,1463.0300,1123.6100,-19.9100,4.2800,1.1240,True,1131.7400,3,1262.2600,True,-3.4100,NONE,7.3000,5.0000,6.5000,7.5000,10,10.0000,5.0000,False,4.2900,6.4400,1.5000,35.9761,24.2094,-6.9757,6.4731,18.7570,,0.1182,0.2128,0.5982,0.2250,0.1090,,3.0190,1457374976.0000,1911000064.0000,0.7626,64769712128.0000,0.9060,1.9600,,55276525.0000,5.6400,6.9800,6.3000,3.3200,0.0225,OK,0,6.3000,False,3-7d,XLI,,CAT|UNP|HON,pmi_manufacturing|supply_chain|capex_cycle,65,2026-11-05,False,2026-08-04,10.8700,10.3300,5.2000,ALCISTA FUERTE,10,767.0500,8.3600,45.9000,14.9200,"Filtros estándar (Score ≥6.5, DD ≥10%)"
CVNA,Carvana,Consumer Discretionary,Automotive Retail,2025-12-22,73.4600,2026-09-01,48.9400,55.4300,DOWN,0.2443,0.3112,False,0.6759,3.6770,0.9100,5.0050,68.0500,72.8000,71.1700,7.9600,0.9100,False,0.6805,ALCISTA,-4.3500,76.8000,97.3800,54.4600,-24.5600,34.8800,0.6890,True,64.7600,1,73.2800,False,-11.8400,HAMMER|DOJI|HAMMER,6.2500,8.5000,5.0000,7.5000,4,5.0000,7.0000,False,10.0100,15.0200,1.5000,39.2834,32.4745,13.1132,3.2496,22.5340,0.5877,0.1170,0.0626,0.1937,0.5240,0.6150,110.8800,3.9260,424375008.0000,1568000000.0000,0.2706,81427742720.0000,3.4880,6.5400,,719916415.0000,6.3300,10.0000,6.2300,2.1500,0.0052,FCF/NI:0.27|D/E:111,2,6.3000,False,10-18d,XLY,,AMZN|TSLA|HD,consumer_spending|employment_data|interest_rates,57,2026-10-28,False,2026-07-29,0.4200,0.3800,10.1000,ALCISTA FUERTE,10,767.0500,8.3600,45.9000,14.9200,"Filtros estándar (Score ≥6.5, DD ≥10%)"
ISRG,Intuitive Surgical,Health Care,Health Care Equipment,2008-06-02,376.8600,2026-09-01,39.0300,51.9100,DOWN,-1.3570,-0.7695,False,0.3777,10.7050,0.8040,2.8410,384.3000,468.5900,378.9100,-1.9400,-19.5800,False,-2.7575,BAJISTA,-15.0900,443.8400,603.8800,328.5700,-37.5900,14.7000,0.7400,True,328.5700,1,405.3400,False,-12.8100,NONE,5.6500,5.0000,6.5000,7.5000,4,5.0000,5.0000,False,5.6800,8.5200,1.5000,43.2179,31.2207,7.3408,12.2363,30.6280,0.1742,0.1051,0.2845,0.6668,0.1850,0.2650,,4.9630,2615200000.0000,3138800128.0000,0.8332,135020658688.0000,1.4600,1.7200,,358278038.0000,6.7100,9.2300,6.9200,3.5200,0.0194,OK,0,6.2900,False,3-7d,XLV,,UNH|JNJ|LLY,fda_calendar|drug_pricing_policy|patent_cliffs,49,2026-10-20,False,2026-07-16,2.8000,2.5000,11.9000,ALCISTA FUERTE,10,767.0500,8.3600,45.9000,14.9200,"Filtros estándar (Score ≥6.5, DD ≥10%)"
PAYX,Paychex,Industrials,Human Resource & Employment Services,1998-10-01,127.3400,2026-09-01,62.8300,64.5800,DOWN,-0.0266,-0.1073,True,0.9315,3.0664,0.9000,2.4080,113.0400,101.6900,121.9300,12.6500,25.2200,True,0.5949,ALCISTA,-0.4100,127.8700,133.6400,83.5000,-4.7200,52.5100,1.0810,True,118.4800,1,125.3200,False,-6.9600,NONE,6.5500,10.0000,6.0000,7.5000,4,5.0000,5.0000,False,4.8200,7.2200,1.5000,25.9878,19.9412,12.1230,11.4145,30.3350,,,0.2663,0.6720,0.1250,0.4340,123.9670,1.1520,,,,45292654592.0000,,6.3700,3.7500,355682860.0000,6.1000,8.5300,4.6800,4.9200,,D/E:124,1,6.2800,False,10-18d,XLI,,CAT|UNP|HON,pmi_manufacturing|supply_chain|capex_cycle,28,2026-09-29,False,2026-06-24,1.3200,1.3100,91.0000,ALCISTA FUERTE,10,767.0500,8.3600,45.9000,14.9200,"Filtros estándar (Score ≥6.5, DD ≥10%)"
ULTA,Ulta Beauty,Consumer Discretionary,Other Specialty Retail,2016-04-18,537.1000,2026-09-01,45.8600,46.1100,DOWN,-0.0957,-1.0606,True,0.5791,18.0007,1.1720,3.3510,497.8500,555.7700,525.4400,7.8800,-3.3600,False,0.1821,BAJISTA,-5.2300,566.7300,714.9700,443.6000,-24.8800,21.0800,1.6790,False,512.9100,1,527.0000,False,-4.5000,HAMMER,5.8000,7.0000,6.0000,5.0000,5,5.0000,7.0000,False,6.7000,10.0500,1.5000,18.8324,16.7664,8.4616,1.7726,13.0670,0.4612,0.1484,0.0934,0.4310,0.0890,0.1330,95.4720,1.3450,914087360.0000,1210027008.0000,0.7554,22965037056.0000,0.8520,3.4900,,42757471.0000,6.5800,7.5400,6.3700,5.7100,0.0398,D/E:95,1,6.2700,False,3-7d,XLY,,AMZN|TSLA|HD,consumer_spending|employment_data|interest_rates,-5,2026-12-03,False,2026-08-27,6.5500,6.2000,5.6000,ALCISTA FUERTE,10,767.0500,8.3600,45.9000,14.9200,"Filtros estándar (Score ≥6.5, DD ≥10%)"
HII,Huntington Ingalls Industries,Industrials,Aerospace & Defense,2018-01-03,291.2000,2026-09-01,14.8600,26.0200,DOWN,-3.8863,-4.6041,True,0.1268,7.8877,0.8590,2.7090,295.0400,345.3700,303.1700,-1.3000,-15.6800,False,0.4940,BAJISTA,-12.5500,332.9800,455.9000,259.6800,-36.1300,12.1400,1.0290,True,286.1000,1,294.8200,True,-1.7500,HAMMER|DOJI|HAMMER|DOJI,7.2500,5.5000,8.5000,7.5000,7,8.0000,7.0000,True,5.4200,8.1300,1.5000,17.3333,13.9766,2.1601,0.8703,12.3060,0.1297,0.0428,0.0501,0.1240,0.1090,0.3650,55.2520,1.2300,-300249984.0000,661000000.0000,-0.4542,11474620416.0000,0.2410,1.8500,1.8800,39404598.0000,5.6000,8.0200,4.0100,4.6400,-0.0262,FCF/NI:-0.45,1,6.2600,False,5-10d,XLI,,CAT|UNP|HON,pmi_manufacturing|supply_chain|capex_cycle,58,2026-10-29,False,2026-07-30,5.2700,3.8200,38.0000,ALCISTA FUERTE,10,767.0500,8.3600,45.9000,14.9200,"Filtros estándar (Score ≥6.5, DD ≥10%)"
NRG,NRG Energy,Utilities,Independent Power Producers & Energy Traders,2010-01-29,110.1200,2026-09-01,40.0200,29.1500,UP,-0.2646,-0.5353,True,0.1518,4.7864,0.7940,4.3470,129.9600,147.1000,118.9400,-15.2600,-25.1400,False,-3.2364,BAJISTA,-26.8000,150.4400,188.7100,108.5400,-41.6500,1.4600,1.0800,False,,0,143.4900,False,,HAMMER|DOJI,5.9800,5.0000,7.0000,5.0000,4,8.5000,7.0000,False,8.6900,13.0400,1.5000,28.9029,9.8353,5.5077,0.6988,14.4800,0.2377,0.0406,0.0256,0.1880,0.1100,,483.3570,0.9680,772374976.0000,782000000.0000,0.9877,23148378112.0000,1.2030,2.0200,1.7100,210210483.0000,6.4400,7.5000,6.9300,4.6300,0.0334,D/E:483,1,6.2600,False,3-7d,XLU,,NEE|DUK|SO,interest_rates|regulatory_environment,65,2026-11-05,False,2026-08-04,1.4900,1.7400,-14.4000,ALCISTA FUERTE,10,767.0500,8.3600,45.9000,14.9200,"Filtros estándar (Score ≥6.5, DD ≥10%)"
TFC,Truist Financial,Financials,Diversified Banks,1997-12-04,49.5800,2026-09-01,37.6500,42.6200,DOWN,-0.2830,-0.2808,False,0.0239,0.8507,0.7790,1.7160,51.0000,48.6000,51.0500,-2.7900,2.0200,True,1.9686,NEUTRO,-7.6500,53.6900,54.5200,39.1000,-9.0600,26.7900,1.3720,True,47.4600,2,48.6800,False,-4.2700,NONE,7.1000,8.5000,6.5000,7.5000,4,10.0000,5.0000,False,3.4300,5.1500,1.5000,11.5841,9.9363,1.0321,3.1831,,0.0906,0.0106,0.3069,0.0000,0.0820,0.3670,,,,5533000192.0000,,60568231936.0000,0.8700,3.3400,4.1200,1221626188.0000,5.6900,6.8000,4.3100,6.0000,,OK,0,6.2500,False,7-15d,XLF,,JPM|BAC|WFC,interest_rates|yield_curve|credit_spreads|loan_growth,45,2026-10-16,False,2026-07-17,1.2300,1.0800,13.8000,ALCISTA FUERTE,10,767.0500,8.3600,45.9000,14.9200,"Filtros estándar (Score ≥6.5, DD ≥10%)"
CBRE,CBRE Group,Real Estate,Real Estate Services,2006-11-10,145.8100,2026-09-01,52.9000,54.9100,DOWN,-0.8133,-0.0662,False,0.1661,4.1571,0.9730,2.8510,143.3700,147.3400,148.5700,1.7000,-1.0400,False,-0.4375,BAJISTA,-6.8600,156.5500,174.2700,121.6900,-16.3300,19.8200,1.6840,True,144.5900,3,148.9700,True,-0.8400,NONE,6.7800,6.5000,5.0000,7.5000,10,6.5000,5.0000,False,5.7000,8.5500,1.5000,33.3661,16.0313,5.0324,0.9660,23.6300,0.1580,0.0259,0.0298,0.1857,0.1550,-0.0420,117.7890,1.1410,1637624960.0000,1300999936.0000,1.2587,42222972928.0000,1.1930,2.5400,,289575298.0000,5.9000,5.0000,7.2400,5.3800,0.0388,D/E:118,1,6.2500,False,3-7d,XLRE,,PLD|AMT|EQIX,interest_rates|cap_rates|occupancy_trends,51,2026-10-22,False,2026-07-29,1.5600,1.4700,5.8000,ALCISTA FUERTE,10,767.0500,8.3600,45.9000,14.9200,"Filtros estándar (Score ≥6.5, DD ≥10%)"
CRM,Salesforce,Information Technology,Application Software,2008-09-15,257.5400,2026-09-01,80.7800,64.7600,UP,5.5659,0.3984,True,1.0801,11.1550,1.3840,4.3310,183.0100,199.6800,211.6300,40.7300,28.9800,False,-2.0729,ALCISTA,-2.2700,263.5300,267.7500,146.3200,-3.8100,76.0100,1.4240,False,170.7100,2,,False,-33.7200,NONE,6.2500,8.0000,7.0000,7.0000,4,5.0000,5.0000,False,8.6600,12.9900,1.5000,23.4127,16.1763,5.5228,4.8240,18.8330,0.1938,0.0570,0.2199,0.7728,0.1080,1.1890,110.4170,0.8390,17731874816.0000,9662000128.0000,1.8352,211955433472.0000,1.1520,2.1200,0.6900,823000000.0000,6.2400,6.0700,4.9600,7.9200,0.0837,D/E:110,1,6.2400,False,10-18d,XLK,,AAPL|MSFT|NVDA,interest_rates|ai_capex_cycle|semiconductor_cycle,-6,2026-12-02,False,2026-08-26,5.9000,3.2700,80.4000,ALCISTA FUERTE,10,767.0500,8.3600,45.9000,14.9200,"Filtros estándar (Score ≥6.5, DD ≥10%)"
XYL,Xylem Inc.,Industrials,Industrial Machinery & Supplies & Components,2011-11-01,110.1100,2026-09-01,25.6800,37.2900,DOWN,-0.8241,-0.9542,True,0.0697,2.7253,0.9460,2.4750,117.5800,124.2100,115.5200,-6.3500,-11.3500,False,-2.3380,BAJISTA,-13.0800,126.6800,152.1400,104.4800,-27.6200,5.3900,1.2560,True,108.6400,1,114.3000,True,-1.3400,HAMMER|DOJI,7.1500,5.0000,8.5000,7.5000,7,8.0000,7.0000,True,4.9500,7.4300,1.5000,26.5325,17.6303,2.3363,2.8171,14.0210,0.0918,0.0511,0.1115,0.3924,0.0150,0.1950,28.6420,1.6130,1183750016.0000,1018000000.0000,1.1628,25709234176.0000,1.0100,4.1000,1.5500,233486812.0000,5.6300,3.9300,6.0500,7.1100,0.0460,OK,0,6.2400,False,5-10d,XLI,,CAT|UNP|HON,pmi_manufacturing|supply_chain|capex_cycle,63,2026-11-03,False,2026-07-28,1.4600,1.3400,9.2000,ALCISTA FUERTE,10,767.0500,8.3600,45.9000,14.9200,"Filtros estándar (Score ≥6.5, DD ≥10%)"
MGM,MGM Resorts,Consumer Discretionary,Casinos & Gaming,2017-07-26,41.3600,2026-09-01,30.6200,44.1500,DOWN,-0.1173,-0.0175,False,-0.1953,0.7371,0.5900,1.7820,45.5100,39.3700,43.7500,-9.1100,5.0600,True,3.0401,NEUTRO,-18.1800,50.5500,51.5900,29.1900,-19.8300,41.6900,1.0070,True,35.4000,4,40.9400,False,-14.4200,HAMMER,7.6000,8.5000,6.5000,7.5000,6,10.0000,7.0000,False,3.5600,5.3500,1.5000,25.6894,19.9932,4.1393,0.5958,17.2810,0.1892,0.0177,0.0240,0.4416,0.0100,5.1940,893.3110,1.3350,878991104.0000,423588000.0000,2.0751,10582006784.0000,1.2960,7.1500,,255851235.0000,5.3400,5.0000,4.3700,6.8700,0.0831,D/E:893,1,6.2400,False,7-15d,XLY,,AMZN|TSLA|HD,consumer_spending|employment_data|interest_rates,57,2026-10-28,False,2026-07-29,0.5900,0.5800,1.9000,ALCISTA FUERTE,10,767.0500,8.3600,45.9000,14.9200,"Filtros estándar (Score ≥6.5, DD ≥10%)"
COO,Cooper Companies (The),Health Care,Health Care Supplies,2016-09-23,70.0900,2026-09-01,20.6400,60.3500,DOWN,-0.8472,-0.3491,False,-0.1072,1.4371,0.7790,2.0500,72.3800,73.4300,73.7900,-3.1600,-4.5500,False,0.4701,BAJISTA,-10.2700,78.1100,89.8300,58.8900,-21.9700,19.0200,1.2420,True,68.9200,4,72.5900,True,-1.6700,HAMMER|DOJI,7.8000,5.5000,7.5000,7.5000,10,10.0000,7.0000,False,4.1000,6.1500,1.5000,60.4224,14.0304,1.6581,3.2308,18.3410,0.0285,0.0252,0.0557,0.6555,0.0790,,33.0930,1.2740,424275008.0000,235800000.0000,1.7993,13669695488.0000,0.8230,3.9600,,195030630.0000,5.1800,5.2500,5.3300,4.9300,0.0310,OK,0,6.2300,False,3-7d,XLV,,UNH|JNJ|LLY,fda_calendar|drug_pricing_policy|patent_cliffs,8,2026-09-09,False,2026-06-04,1.2100,1.0900,10.5000,ALCISTA FUERTE,10,767.0500,8.3600,45.9000,14.9200,"Filtros estándar (Score ≥6.5, DD ≥10%)"
EXR,Extra Space Storage,Real Estate,Self-Storage REITs,2016-01-19,141.1000,2026-09-01,29.1000,37.0600,DOWN,-0.7539,-0.4114,False,-0.1127,2.3036,0.7250,1.6330,147.0300,139.2100,146.0900,-4.0300,1.3600,True,0.6684,NEUTRO,-11.1900,158.8800,158.8800,121.4500,-11.1900,16.1800,1.3970,True,136.7000,3,149.9100,True,-3.1200,NONE,8.0500,8.5000,7.5000,7.5000,9,10.0000,5.0000,False,3.2700,4.9000,1.5000,31.1479,29.3564,2.2485,8.8693,19.2360,0.0695,0.0336,0.2728,0.7492,0.0380,0.0600,101.6740,0.8860,1499437568.0000,956073984.0000,1.5683,31141130240.0000,1.1850,3.9100,4.5300,211269558.0000,5.0000,3.2900,5.4500,6.4800,0.0481,D/E:102,1,6.2200,False,7-15d,XLRE,,PLD|AMT|EQIX,interest_rates|cap_rates|occupancy_trends,57,2026-10-28,False,2026-07-28,1.2500,1.1500,8.6000,ALCISTA FUERTE,10,767.0500,8.3600,45.9000,14.9200,"Filtros estándar (Score ≥6.5, DD ≥10%)"
MRVL,Marvell Technology,Information Technology,Semiconductors,2026-06-22,211.6600,2026-09-01,49.7800,54.1900,DOWN,-0.5267,3.8172,False,0.2464,16.7029,0.7270,7.8910,226.5600,149.2000,224.8600,-6.5800,41.8700,True,10.0840,NEUTRO,-35.8200,329.8000,329.8000,61.3100,-35.8200,245.2300,0.9440,True,177.9500,1,299.9300,False,-15.9300,NONE,6.5700,8.5000,5.0000,7.5000,4,8.5000,5.0000,False,15.7800,23.6700,1.5000,69.8548,31.5753,10.1740,20.1284,65.5920,0.1652,0.0413,0.2793,0.5222,0.3650,0.5000,28.5250,3.1680,2408049920.0000,2639899904.0000,0.9122,190219829248.0000,2.2460,1.2400,0.1100,876926613.0000,5.9900,8.1700,6.4200,2.9500,0.0127,OK,0,6.2200,False,7-15d,XLK,,AAPL|MSFT|NVDA,interest_rates|ai_capex_cycle|semiconductor_cycle,-5,2026-12-01,False,2026-08-27,0.9400,0.9300,99.0000,ALCISTA FUERTE,10,767.0500,8.3600,45.9000,14.9200,"Filtros estándar (Score ≥6.5, DD ≥10%)"
EMR,Emerson Electric,Industrials,Electrical Components & Equipment,1965-03-31,152.4400,2026-09-01,40.5100,54.4400,DOWN,-1.2375,-1.1043,False,0.0446,3.6495,0.8530,2.3940,148.5600,141.1800,155.8300,2.6100,7.9800,True,1.9960,ALCISTA,-8.0500,165.7900,165.7900,121.7300,-8.0500,25.2200,0.8370,True,138.3300,1,153.2200,False,-9.2600,NONE,6.8000,10.0000,5.0000,7.5000,4,8.0000,5.0000,False,4.7900,7.1800,1.5000,34.0268,21.0419,4.1724,4.5627,15.9570,0.1280,0.0690,0.1383,0.5316,0.0700,0.2300,67.6770,0.8960,3706249984.0000,2576000000.0000,1.4388,85031034880.0000,1.2350,3.9200,1.4300,557800000.0000,5.8400,6.4900,4.9700,6.1100,0.0436,OK,0,6.2200,False,10-18d,XLI,,CAT|UNP|HON,pmi_manufacturing|supply_chain|capex_cycle,64,2026-11-04,False,2026-08-04,1.7100,1.6800,2.0000,ALCISTA FUERTE,10,767.0500,8.3600,45.9000,14.9200,"Filtros estándar (Score ≥6.5, DD ≥10%)"
FDX,FedEx,Industrials,Air Freight & Logistics,1980-12-31,327.4000,2026-09-01,52.1500,64.4200,DOWN,0.0906,0.8389,False,0.5438,8.1879,0.9340,2.5010,319.4100,287.6200,326.6700,2.5000,13.8300,True,4.7242,ALCISTA,-4.8500,344.0800,344.0800,174.9200,-4.8500,87.1700,1.2900,True,321.1300,5,341.8800,True,-1.9100,HAMMER,7.3000,10.0000,5.0000,7.5000,9,5.0000,7.0000,False,5.0000,7.5000,1.5000,17.8225,15.7096,2.4829,0.8181,9.0210,0.1485,0.0501,0.0468,0.2732,0.1250,-0.0430,135.6970,1.4750,5656625152.0000,4425999872.0000,1.2780,77485899776.0000,1.3600,3.2400,1.4700,236670435.0000,5.4700,3.5300,4.8700,8.4200,0.0730,D/E:136,1,6.2000,False,10-18d,XLI,,CAT|UNP|HON,pmi_manufacturing|supply_chain|capex_cycle,57,2026-10-12,False,2026-06-23,6.3100,5.9200,6.5000,ALCISTA FUERTE,10,767.0500,8.3600,45.9000,14.9200,"Filtros estándar (Score ≥6.5, DD ≥10%)"
TMUS,T-Mobile US,Communication Services,Wireless Telecommunication Services,2019-07-15,180.4400,2026-09-01,56.2300,59.4500,DOWN,0.1047,0.5323,False,0.6490,4.1066,0.7060,2.2760,180.1600,193.0900,179.6400,0.1500,-6.5500,False,-1.7160,BAJISTA,-8.7400,197.7200,253.3100,164.7100,-28.7700,9.5500,0.9360,True,179.9900,1,194.0600,True,-0.2500,HAMMER|DOJI,6.7500,6.5000,5.0000,7.5000,8,7.0000,7.0000,False,4.5500,6.8300,1.5000,18.9737,12.4971,3.4469,2.0995,9.0530,0.1799,0.0597,0.1145,0.6305,0.0790,0.0530,214.0350,0.9240,11335999488.0000,10560000000.0000,1.0735,193552875520.0000,0.3270,3.5900,2.2500,1072671613.0000,5.8100,5.1300,5.5000,6.9500,0.0586,D/E:214,1,6.1900,False,3-7d,XLC,,GOOGL|META|NFLX,ad_spending_cycle|streaming_competition|regulation,51,2026-10-22,False,2026-07-23,2.9900,2.6000,14.9000,ALCISTA FUERTE,10,767.0500,8.3600,45.9000,14.9200,"Filtros estándar (Score ≥6.5, DD ≥10%)"
VRTX,Vertex Pharmaceuticals,Health Care,Biotechnology,2013-09-23,544.5200,2026-09-01,59.3600,75.7200,DOWN,1.4261,3.9615,False,0.7092,13.5786,0.9590,2.4940,500.6100,463.2400,526.8200,8.7700,17.5500,True,2.2758,ALCISTA,-2.0100,555.6900,555.6900,374.1700,-2.0100,45.5300,0.9860,True,466.7000,3,533.6700,False,-14.2900,NONE,6.6500,10.0000,5.0000,7.5000,6,5.0000,5.0000,False,4.9900,7.4800,1.5000,31.5481,24.7539,6.8132,10.9647,25.9070,0.2354,0.1193,0.3500,0.5496,0.1250,0.0800,9.7670,3.1850,2627887616.0000,4405199872.0000,0.5965,138014556160.0000,0.3050,3.1100,,253460924.0000,5.8800,5.5700,7.9600,3.8200,0.0190,FCF/NI:0.60,1,6.1900,False,10-18d,XLV,,UNH|JNJ|LLY,fda_calendar|drug_pricing_policy|patent_cliffs,62,2026-11-02,False,2026-08-03,4.7300,4.7500,-32.0000,ALCISTA FUERTE,10,767.0500,8.3600,45.9000,14.9200,"Filtros estándar (Score ≥6.5, DD ≥10%)"
REGN,Regeneron Pharmaceuticals,Health Care,Biotechnology,2013-05-01,799.0800,2026-09-01,46.8500,78.8600,DOWN,-5.7106,0.2776,False,0.4657,18.6321,1.0230,2.3320,716.0500,726.8400,793.0000,11.5900,9.9400,False,2.7193,ALCISTA,-5.6600,847.0000,847.0000,538.2400,-5.6600,48.4600,1.2290,True,729.9900,3,847.0000,False,-8.6500,NONE,6.3500,8.5000,5.0000,7.5000,6,5.0000,5.0000,False,4.6600,7.0000,1.5000,19.6479,13.1835,2.5278,5.2958,15.8440,0.1404,0.0653,0.2787,0.4446,0.1670,-0.0450,8.5350,3.3350,3065299968.0000,4328699904.0000,0.7081,82269274112.0000,0.1880,3.0000,0.4700,101137842.0000,6.0800,5.0000,6.9200,6.3600,0.0373,FCF/NI:0.71,1,6.1900,False,10-18d,XLV,,UNH|JNJ|LLY,fda_calendar|drug_pricing_policy|patent_cliffs,57,2026-10-28,False,2026-07-30,14.2900,10.2100,40.0000,ALCISTA FUERTE,10,767.0500,8.3600,45.9000,14.9200,"Filtros estándar (Score ≥6.5, DD ≥10%)"
MKC,McCormick & Company,Consumer Staples,Packaged Foods & Meats,2003-03-20,54.2200,2026-09-01,55.5000,72.7000,DOWN,-0.1273,0.0489,False,0.5024,1.4807,0.9350,2.7310,52.3000,56.5800,54.1800,3.6700,-4.1700,False,-1.7132,BAJISTA,-4.6600,56.8700,71.1300,44.4200,-23.7700,22.0700,1.4460,True,49.8400,3,53.9200,False,-8.0800,NONE,6.1000,6.5000,5.0000,7.5000,7,5.0000,5.0000,False,5.4600,8.1900,1.5000,9.2054,16.4400,2.0838,1.9737,13.6120,0.2473,0.0514,0.2191,0.3885,0.1670,-0.1420,65.1430,0.7810,714025024.0000,1618400000.0000,0.4412,14577131520.0000,0.6270,0.0000,3.4700,254055150.0000,6.2500,5.0000,5.1900,8.9500,0.0490,FCF/NI:0.44,1,6.1900,False,3-7d,XLP,,PG|KO|PEP,inflation|input_costs|fx_rates,30,2026-10-01,False,2026-06-25,0.8000,0.7000,14.8000,ALCISTA FUERTE,10,767.0500,8.3600,45.9000,14.9200,"Filtros estándar (Score ≥6.5, DD ≥10%)"
UAL,United Airlines Holdings,Industrials,Passenger Airlines,2015-09-03,107.9900,2026-09-01,21.5400,19.7500,UP,-1.3690,-1.2404,False,0.0984,3.5793,0.7410,3.3140,123.0500,108.0300,117.3200,-12.2400,-0.0400,True,2.2259,BAJISTA,-22.1800,138.7700,138.7700,84.6400,-22.1800,27.5900,1.1620,True,102.6800,3,105.9800,False,-4.9200,NONE,7.6500,7.0000,8.5000,7.5000,7,10.0000,5.0000,False,6.6300,9.9400,1.5000,10.3538,7.0916,2.0993,0.5572,7.3450,0.2325,0.0338,0.0556,0.3182,0.1600,-0.1720,201.6410,0.7800,910124992.0000,3496000000.0000,0.2603,35050283008.0000,1.2920,5.2800,,324569728.0000,5.2200,4.6600,3.8200,7.4900,0.0260,FCF/NI:0.26|D/E:202,2,6.1900,False,3-7d,XLI,,CAT|UNP|HON,pmi_manufacturing|supply_chain|capex_cycle,50,2026-10-21,False,2026-07-15,1.9900,1.8500,7.6000,ALCISTA FUERTE,10,767.0500,8.3600,45.9000,14.9200,"Filtros estándar (Score ≥6.5, DD ≥10%)"
DGX,Quest Diagnostics,Health Care,Health Care Services,2002-12-12,240.3000,2026-09-01,56.3500,78.1400,DOWN,-0.6361,-0.2089,False,0.5831,4.7564,0.9100,1.9790,223.3100,198.5800,237.8800,7.6100,21.0100,True,3.1018,ALCISTA,-2.7900,247.1900,247.1900,168.9700,-2.7900,42.2100,1.6660,True,232.2800,1,240.1300,True,-3.3400,NONE,6.8000,10.0000,5.0000,7.5000,7,5.0000,5.0000,False,3.9600,5.9400,1.5000,25.7833,19.9292,3.5169,2.2944,14.4240,0.1460,0.0640,0.0919,0.3319,0.1020,0.1500,81.0740,1.5910,909625024.0000,1058000000.0000,0.8598,26522718208.0000,0.5480,3.1500,1.4200,110373360.0000,5.7500,5.8700,5.8500,5.5100,0.0343,D/E:81,1,6.1700,False,10-18d,XLV,,UNH|JNJ|LLY,fda_calendar|drug_pricing_policy|patent_cliffs,49,2026-10-20,False,2026-07-23,3.1200,2.8200,10.5000,ALCISTA FUERTE,10,767.0500,8.3600,45.9000,14.9200,"Filtros estándar (Score ≥6.5, DD ≥10%)"
PGR,Progressive Corporation,Financials,Property & Casualty Insurance,1997-08-04,218.0800,2026-09-01,56.5400,65.4000,DOWN,0.6354,1.5050,False,0.6423,4.7714,0.8330,2.1880,216.9800,208.2300,216.4100,0.5100,4.7300,True,0.5931,ALCISTA,-8.9000,239.3800,239.3800,187.7800,-8.9000,16.1400,0.7800,True,205.4600,5,215.9900,False,-5.7900,HAMMER|HAMMER|DOJI,6.8500,10.0000,5.0000,7.5000,6,5.0000,7.0000,False,4.3800,6.5600,1.5000,10.9643,13.3840,3.6905,1.3923,8.6390,0.3494,0.0784,0.1285,0.1852,0.0730,0.0500,24.4280,0.2930,15114500096.0000,11694999552.0000,1.2924,126726299648.0000,0.2570,2.1300,0.1800,581100000.0000,5.7200,1.8100,8.2400,7.3400,0.1193,OK,0,6.1700,False,10-18d,XLF,,JPM|BAC|WFC,interest_rates|yield_curve|credit_spreads|loan_growth,43,2026-10-14,False,2026-07-15,4.8500,4.8400,33.0000,ALCISTA FUERTE,10,767.0500,8.3600,45.9000,14.9200,"Filtros estándar (Score ≥6.5, DD ≥10%)"
CHTR,Charter Communications,Communication Services,Cable & Satellite,2016-09-08,152.4400,2026-09-01,49.3100,54.6700,DOWN,-0.5018,-0.3194,False,0.5437,7.5014,1.0340,4.9210,140.9200,183.5200,149.3600,8.1800,-16.9300,False,-4.5713,BAJISTA,-9.3200,168.1100,285.8200,111.5500,-46.6700,36.6600,1.0760,True,143.9700,1,150.5400,False,-5.5600,HAMMER,5.8500,6.5000,5.0000,7.5000,4,5.0000,7.0000,False,9.8400,14.7600,1.5000,3.9969,3.4565,1.0726,0.3777,5.4700,0.2720,0.0531,0.0905,0.5519,-0.0170,0.1610,441.5780,0.3610,2198374912.0000,4924000256.0000,0.4465,20545480704.0000,0.6780,8.1400,,119277492.0000,6.3600,5.0000,4.9300,9.6200,0.1070,FCF/NI:0.45|D/E:442,2,6.1600,False,3-7d,XLC,,GOOGL|META|NFLX,ad_spending_cycle|streaming_competition|regulation,59,2026-10-30,False,2026-07-24,10.6600,10.0600,5.9000,ALCISTA FUERTE,10,767.0500,8.3600,45.9000,14.9200,"Filtros estándar (Score ≥6.5, DD ≥10%)"
AES,AES Corporation,Utilities,Independent Power Producers & Energy Traders,1998-10-02,14.7400,2026-09-01,51.7200,60.0000,DOWN,-0.0063,-0.0047,False,0.6198,0.0443,0.7650,0.3000,14.6300,14.2700,14.7200,0.7600,3.2800,True,0.7621,ALCISTA,-0.3400,14.7900,17.2300,11.7500,-14.4400,25.5000,1.2310,False,14.5000,17,,True,-1.6200,HAMMER|DOJI,7.1000,10.0000,5.0000,5.0000,9,7.0000,7.0000,False,0.6000,0.9000,1.5000,5.5206,6.1992,2.1270,0.8056,12.1590,0.0957,0.0296,0.1434,0.2027,0.1990,,256.8860,0.7460,-3089125120.0000,1911000064.0000,-1.6165,10516085760.0000,0.9520,2.6000,4.7800,713438630.0000,5.5400,7.5000,4.0400,4.9900,-0.2938,FCF/NI:-1.62|D/E:257,2,6.1600,False,10-18d,XLU,,NEE|DUK|SO,interest_rates|regulatory_environment,64,2026-11-04,False,2026-08-04,0.4400,0.4700,-6.0000,ALCISTA FUERTE,10,767.0500,8.3600,45.9000,14.9200,"Filtros estándar (Score ≥6.5, DD ≥10%)"
LHX,L3Harris,Industrials,Aerospace & Defense,2008-09-22,266.2500,2026-09-01,27.4600,40.5800,DOWN,-1.6014,-2.3991,True,0.2312,6.1329,0.7530,2.3030,285.5500,313.5200,275.2600,-6.7600,-15.0800,False,-0.2831,BAJISTA,-16.4100,318.5200,376.3900,258.5400,-29.2600,2.9800,1.5610,False,270.3200,1,296.3300,True,1.5300,HAMMER|DOJI,7.1200,5.0000,8.5000,7.0000,7,8.5000,7.0000,False,4.6100,6.9100,1.5000,26.5189,19.7787,2.5905,3.8565,30.7250,,,0.1037,0.3041,1.9000,-0.0610,34.5740,,,1332999936.0000,,49579642880.0000,0.7460,2.2800,1.9000,186214616.0000,5.5100,5.0000,5.8300,5.7100,,OK,0,6.1500,False,5-10d,XLI,,CAT|UNP|HON,pmi_manufacturing|supply_chain|capex_cycle,58,2026-10-29,False,2026-07-29,3.6300,2.8400,27.9000,ALCISTA FUERTE,10,767.0500,8.3600,45.9000,14.9200,"Filtros estándar (Score ≥6.5, DD ≥10%)"
TT,Trane Technologies,Industrials,Building Products,2010-11-17,444.4000,2026-09-01,28.8600,45.3400,DOWN,-2.0837,-2.4599,True,0.0595,10.3207,0.7030,2.3220,472.7200,442.6500,462.6500,-5.9900,0.3900,True,0.9316,NEUTRO,-12.1500,505.8700,505.8700,346.4400,-12.1500,28.2800,1.1380,True,402.2300,1,438.8000,False,-9.4900,NONE,7.5000,8.5000,8.5000,7.5000,4,10.0000,5.0000,True,4.6400,6.9700,1.5000,33.1148,25.4198,11.3535,4.4025,23.4660,0.3664,0.1100,0.1328,0.3539,0.1060,0.0710,53.4040,1.0730,3121687552.0000,2999600128.0000,1.0407,97778302976.0000,1.2050,2.2500,0.9400,220023177.0000,5.2200,4.0300,6.7800,4.7900,0.0319,OK,0,6.1300,False,7-15d,XLI,,CAT|UNP|HON,pmi_manufacturing|supply_chain|capex_cycle,58,2026-10-29,False,2026-07-30,4.3100,4.2600,1.1000,ALCISTA FUERTE,10,767.0500,8.3600,45.9000,14.9200,"Filtros estándar (Score ≥6.5, DD ≥10%)"
KEY,KeyCorp,Financials,Regional Banks,1994-03-01,21.6100,2026-09-01,30.9600,34.1200,DOWN,-0.0943,-0.1212,True,0.0774,0.3886,0.8530,1.7980,22.8300,21.0800,22.3400,-5.3400,2.4900,True,2.6696,NEUTRO,-10.2200,24.0700,24.0700,15.9700,-10.2200,35.3100,1.2160,True,21.2900,1,21.6600,True,-1.4800,NONE,7.4500,8.5000,7.5000,7.5000,7,8.0000,5.0000,True,3.6000,5.3900,1.5000,12.6374,10.1138,1.3392,3.1286,,0.1033,0.0108,0.2754,0.0000,0.1010,0.2530,,,,1886000000.0000,,23060649984.0000,1.0320,0.0000,3.7400,1067128554.0000,5.2300,5.7000,4.4300,5.6200,,OK,0,6.1200,False,7-15d,XLF,,JPM|BAC|WFC,interest_rates|yield_curve|credit_spreads|loan_growth,49,2026-10-20,False,2026-07-21,0.4400,0.4200,4.4000,ALCISTA FUERTE,10,767.0500,8.3600,45.9000,14.9200,"Filtros estándar (Score ≥6.5, DD ≥10%)"
LYV,Live Nation Entertainment,Communication Services,Movies & Entertainment,2019-12-23,179.8900,2026-09-01,42.9300,50.2100,DOWN,-0.6064,-0.0844,False,0.1339,3.9093,0.8320,2.1730,180.9200,159.4300,182.5100,-0.5700,12.8300,True,2.1355,NEUTRO,-4.9500,189.2500,189.2500,125.3400,-4.9500,43.5200,0.9820,True,179.8300,1,188.1500,True,-0.0300,NONE,6.9500,8.5000,5.0000,7.5000,7,8.0000,5.0000,False,4.3500,6.5200,1.5000,,95.2757,503.8936,1.5951,29.5690,0.1768,0.0210,0.0051,0.2578,0.0940,1.5620,620.2140,0.8520,1695030656.0000,-258028992.0000,-6.5691,41907085312.0000,1.1160,12.1400,,232959505.0000,5.5700,7.2900,4.0300,5.3600,0.0404,FCF/NI:-6.57|D/E:620,2,6.1200,False,7-15d,XLC,,GOOGL|META|NFLX,ad_spending_cycle|streaming_competition|regulation,63,2026-11-03,False,2026-07-30,1.0500,0.5700,82.9000,ALCISTA FUERTE,10,767.0500,8.3600,45.9000,14.9200,"Filtros estándar (Score ≥6.5, DD ≥10%)"
STE,Steris,Health Care,Health Care Equipment,2019-12-23,232.6400,2026-09-01,37.7700,59.4200,DOWN,-1.0055,-0.4567,False,0.2785,4.3443,0.7650,1.8670,222.9000,232.9900,232.9500,4.3700,-0.1500,False,-0.2966,BAJISTA,-3.6200,241.3900,267.9600,194.5600,-13.1800,19.5700,1.2070,True,221.1200,9,235.6600,False,-4.9500,NONE,6.9200,6.5000,6.5000,7.5000,7,8.5000,5.0000,False,3.7300,5.6000,1.5000,28.4401,18.9955,3.1474,3.7569,14.7880,0.1139,0.0680,0.1333,0.4442,0.0730,0.1400,28.3120,1.9060,798862528.0000,805000000.0000,0.9924,22682425344.0000,0.9140,3.0700,1.1000,97500110.0000,5.5900,4.5000,6.7600,5.5000,0.0352,OK,0,6.1200,False,3-7d,XLV,,UNH|JNJ|LLY,fda_calendar|drug_pricing_policy|patent_cliffs,64,2026-11-04,False,2026-08-05,2.5900,2.4900,3.9000,ALCISTA FUERTE,10,767.0500,8.3600,45.9000,14.9200,"Filtros estándar (Score ≥6.5, DD ≥10%)"
LUV,Southwest Airlines,Industrials,Passenger Airlines,1994-07-01,38.5300,2026-09-01,16.3700,23.3900,DOWN,-0.4091,-0.4829,True,0.1055,1.1364,0.6790,2.9490,46.5100,42.6800,42.6100,-17.1600,-9.7300,True,2.8454,BAJISTA,-27.4800,53.1300,54.6300,28.8800,-29.4800,33.4100,0.9960,True,36.8800,2,41.4900,False,-4.2900,NONE,7.2000,7.0000,8.5000,7.5000,4,10.0000,5.0000,True,5.9000,8.8500,1.5000,24.6987,7.9238,2.6616,0.6268,9.3870,0.1110,0.0232,0.0278,0.2240,0.1640,0.2050,97.2750,0.4890,-834750016.0000,837000000.0000,-0.9973,18849191936.0000,1.1430,4.7600,1.8200,489208201.0000,5.4000,8.9500,3.2400,3.7900,-0.0443,FCF/NI:-1.00|D/E:97,2,6.1200,False,3-7d,XLI,,CAT|UNP|HON,pmi_manufacturing|supply_chain|capex_cycle,50,2026-10-21,False,2026-07-22,0.9400,0.5200,80.2000,ALCISTA FUERTE,10,767.0500,8.3600,45.9000,14.9200,"Filtros estándar (Score ≥6.5, DD ≥10%)"
PH,Parker Hannifin,Industrials,Industrial Machinery & Supplies & Components,1985-11-30,979.4400,2026-09-01,27.2100,51.1800,DOWN,-8.2440,-7.2978,False,0.0807,22.1221,0.8890,2.2590,991.0300,931.2500,1015.9200,-1.1700,5.1700,True,2.9303,NEUTRO,-10.9600,1099.9399,1099.9399,710.8900,-10.9600,37.7800,1.1490,False,935.9800,4,1002.2600,False,-4.4400,NONE,6.8000,8.5000,7.5000,5.0000,6,8.0000,5.0000,False,4.5200,6.7800,1.5000,34.9675,24.9897,8.0179,5.7424,23.2520,0.2508,0.0979,0.1697,0.3755,0.0980,0.1930,56.6600,1.2620,2961750016.0000,3648000000.0000,0.8119,123455938560.0000,1.1280,1.9200,0.8000,126047469.0000,5.6600,6.5500,6.0300,4.2000,0.0240,OK,0,6.1200,False,7-15d,XLI,,CAT|UNP|HON,pmi_manufacturing|supply_chain|capex_cycle,65,2026-11-05,False,2026-08-06,9.2700,8.2700,12.2000,ALCISTA FUERTE,10,767.0500,8.3600,45.9000,14.9200,"Filtros estándar (Score ≥6.5, DD ≥10%)"
VLTO,Veralto,Industrials,Environmental & Facilities Services,2023-10-02,98.5700,2026-09-01,56.1100,63.2600,DOWN,-0.2102,-0.0817,False,0.6429,1.8656,0.7880,1.8930,93.9100,93.2500,97.5200,4.9600,5.7000,True,-0.3387,ALCISTA,-3.6000,102.2500,109.2800,79.9100,-9.8000,23.3500,1.9570,True,96.2200,2,98.9800,True,-2.3900,HAMMER|DOJI|HAMMER|HAMMER,7.6000,9.5000,5.0000,9.5000,7,7.0000,7.0000,False,3.7900,5.6800,1.5000,24.8287,20.6206,7.7724,4.2189,18.3490,0.3431,0.1031,0.1735,0.6018,0.0750,0.1010,115.9780,1.7750,807124992.0000,988000000.0000,0.8169,24030709760.0000,0.7520,3.8600,0.5300,243793344.0000,5.1200,3.7100,6.2800,5.3900,0.0336,D/E:116,1,6.1100,False,10-18d,XLI,,CAT|UNP|HON,pmi_manufacturing|supply_chain|capex_cycle,50,2026-10-21,False,2026-07-28,1.1100,1.0100,10.3000,ALCISTA FUERTE,10,767.0500,8.3600,45.9000,14.9200,"Filtros estándar (Score ≥6.5, DD ≥10%)"
T,AT&T,Communication Services,Integrated Telecommunication Services,1983-11-30,25.8900,2026-09-01,75.2700,73.1000,UP,0.0509,0.0997,False,0.8477,0.4764,0.7260,1.8400,23.0900,24.6600,24.8000,12.1300,4.9700,False,0.1064,ALCISTA,-1.3300,26.2400,28.7500,19.6300,-9.9500,31.9100,1.0190,True,24.6200,2,26.4100,False,-4.9000,HAMMER|DOJI,6.7500,8.5000,6.0000,7.5000,4,7.0000,7.0000,False,3.6800,5.5200,1.5000,8.5728,10.0986,1.6125,1.3943,7.6460,0.1834,0.0416,0.1694,0.5972,0.0230,0.0620,129.0540,0.9710,10142000128.0000,21479999488.0000,0.4722,177408262144.0000,0.4170,1.7200,4.2700,6852385650.0000,5.6800,4.1100,4.4700,8.9000,0.0572,FCF/NI:0.47|D/E:129,2,6.1100,False,10-18d,XLC,,GOOGL|META|NFLX,ad_spending_cycle|streaming_competition|regulation,50,2026-10-21,False,2026-07-22,0.6500,0.5900,10.5000,ALCISTA FUERTE,10,767.0500,8.3600,45.9000,14.9200,"Filtros estándar (Score ≥6.5, DD ≥10%)"
TDY,Teledyne Technologies,Information Technology,Electronic Equipment & Instruments,2020-06-22,612.9500,2026-09-01,17.7700,33.4400,DOWN,-6.9840,-7.6478,True,0.0549,14.5707,0.7970,2.3770,647.1700,611.2600,646.4800,-5.2900,0.2800,True,2.0885,NEUTRO,-12.1400,697.6700,697.6700,483.0200,-12.1400,26.9000,1.1590,True,623.4400,2,639.3300,True,1.7100,NONE,7.9500,8.5000,8.5000,7.5000,7,10.0000,5.0000,True,4.7500,7.1300,1.5000,30.1204,22.9347,2.6023,4.4575,18.9030,0.0915,0.0514,0.1529,0.4334,0.0980,0.2120,18.5650,2.1810,912675008.0000,974800000.0000,0.9363,28413710336.0000,0.9200,2.4200,,46355673.0000,4.8700,2.0600,6.3200,6.4500,0.0321,OK,0,6.1000,False,5-10d,XLK,,AAPL|MSFT|NVDA,interest_rates|ai_capex_cycle|semiconductor_cycle,50,2026-10-21,False,2026-07-22,6.2800,5.7900,8.4000,ALCISTA FUERTE,10,767.0500,8.3600,45.9000,14.9200,"Filtros estándar (Score ≥6.5, DD ≥10%)"
WDAY,"Workday, Inc.",Information Technology,Application Software,2024-12-23,197.4500,2026-09-01,57.9500,69.7200,DOWN,-1.2812,-0.0428,False,0.6985,11.0364,1.2250,5.5890,157.1900,160.8100,185.8200,25.6100,22.7900,False,-2.8830,ALCISTA,-13.2000,227.4900,249.8500,110.3600,-20.9700,78.9100,0.9650,True,127.1100,1,227.4900,False,-35.6200,HAMMER,6.1500,8.0000,5.0000,7.5000,4,5.0000,7.0000,False,11.1800,16.7700,1.5000,41.6561,14.9439,7.3568,4.6859,30.2360,0.1601,0.0451,0.1232,0.7580,0.1280,2.0600,58.3900,0.9080,3046374912.0000,1251000064.0000,2.4352,47585447936.0000,1.0540,3.9700,,196000000.0000,6.0700,6.3600,5.0500,6.9100,0.0640,OK,0,6.1000,False,10-18d,XLK,,AAPL|MSFT|NVDA,interest_rates|ai_capex_cycle|semiconductor_cycle,-5,2026-12-01,False,2026-08-27,2.7500,2.6100,5.3000,ALCISTA FUERTE,10,767.0500,8.3600,45.9000,14.9200,"Filtros estándar (Score ≥6.5, DD ≥10%)"
LRCX,Lam Research,Information Technology,Semiconductor Materials & Equipment,2012-06-29,301.4900,2026-09-01,48.0100,57.1400,DOWN,-0.3668,0.6414,False,0.2137,15.5850,0.6350,5.1690,331.2000,257.1100,315.0300,-8.9700,17.2600,True,6.7778,NEUTRO,-31.2500,438.5000,438.5000,93.5900,-31.2500,222.1300,0.8580,True,300.5900,2,345.2800,True,-0.3000,HAMMER|HAMMER|DOJI,7.2200,8.5000,5.0000,7.5000,7,8.5000,7.0000,False,10.3400,15.5100,1.5000,52.3420,26.0869,30.2488,16.2384,43.4890,0.6507,0.2284,0.3127,0.5047,0.3000,0.3480,33.0490,2.6290,3090484480.0000,7265396224.0000,0.4254,377260736512.0000,1.8650,2.6500,0.4400,1251321000.0000,5.3500,6.0500,7.0400,2.5500,0.0082,FCF/NI:0.43,1,6.1000,False,7-15d,XLK,,AAPL|MSFT|NVDA,interest_rates|ai_capex_cycle|semiconductor_cycle,50,2026-10-21,False,2026-07-29,1.8200,1.6800,8.1000,ALCISTA FUERTE,10,767.0500,8.3600,45.9000,14.9200,"Filtros estándar (Score ≥6.5, DD ≥10%)"
UHS,Universal Health Services,Health Care,Health Care Facilities,2014-09-20,170.3300,2026-09-01,46.2000,63.4900,DOWN,-0.6757,-0.0098,False,0.3271,4.7286,0.8910,2.7760,160.7000,187.1600,171.0000,5.9900,-8.9900,False,-2.2111,BAJISTA,-5.3400,179.9400,245.5500,140.0800,-30.6300,21.5900,1.1530,True,164.9000,1,184.1300,True,-3.1900,NONE,6.1000,6.5000,5.0000,7.5000,7,5.0000,5.0000,False,5.5500,8.3300,1.5000,7.0066,7.0917,1.3360,0.5542,5.6690,0.2095,0.0832,0.0842,0.4461,0.0830,0.1010,68.7400,1.1160,498316992.0000,1526027008.0000,0.3265,10038657024.0000,1.0630,2.7000,0.4700,51687770.0000,6.1000,4.2100,5.2900,9.2400,0.0496,FCF/NI:0.33,1,6.1000,False,3-7d,XLV,,UNH|JNJ|LLY,fda_calendar|drug_pricing_policy|patent_cliffs,55,2026-10-26,False,2026-07-27,5.9800,6.0100,-45.0000,ALCISTA FUERTE,10,767.0500,8.3600,45.9000,14.9200,"Filtros estándar (Score ≥6.5, DD ≥10%)"
DOV,Dover Corporation,Industrials,Industrial Machinery & Supplies & Components,1985-10-31,194.2300,2026-09-01,22.9800,40.2700,DOWN,-0.5372,-0.2480,False,-0.1414,4.0679,0.7520,2.0940,210.7200,209.2100,204.1500,-7.8200,-7.1600,True,1.5326,BAJISTA,-16.8700,233.6500,236.4200,157.7800,-17.8400,23.1000,1.7990,False,193.7500,1,218.4600,True,-0.2500,NONE,7.1000,7.0000,7.5000,5.0000,8,10.0000,5.0000,False,4.1900,6.2800,1.5000,24.0384,16.6810,3.3955,3.1066,14.4910,0.1491,0.0706,0.1348,0.4009,0.0690,0.1410,42.3160,1.9790,906472128.0000,1129351936.0000,0.8026,26158940160.0000,1.1560,3.1600,1.0600,134680225.0000,5.4100,4.4300,5.9100,5.9800,0.0347,OK,0,6.0900,False,3-7d,XLI,,CAT|UNP|HON,pmi_manufacturing|supply_chain|capex_cycle,51,2026-10-22,False,2026-07-23,2.7400,2.7200,78.0000,ALCISTA FUERTE,10,767.0500,8.3600,45.9000,14.9200,"Filtros estándar (Score ≥6.5, DD ≥10%)"
AMAT,Applied Materials,Information Technology,Semiconductor Materials & Equipment,1995-03-16,458.3900,2026-09-01,32.2300,44.1000,DOWN,-4.0492,-3.4418,False,-0.0082,23.5532,0.6010,5.1380,550.5500,400.7700,503.1700,-16.7400,14.3800,True,7.5720,NEUTRO,-37.9600,738.8800,738.8800,153.6200,-37.9600,198.3900,0.8540,True,435.8600,1,563.1600,False,-4.9100,HAMMER|DOJI|HAMMER|DOJI,7.3000,8.5000,6.5000,7.5000,4,10.0000,7.0000,False,10.2800,15.4100,1.5000,39.5505,24.8338,14.1956,11.7968,35.6370,0.4107,0.1548,0.3005,0.4940,0.2480,0.4280,28.6660,2.4230,3075375104.0000,9267000320.0000,0.3319,363777130496.0000,1.6180,1.5200,0.4600,793597443.0000,5.2800,5.9100,6.6000,2.9900,0.0085,FCF/NI:0.33,1,6.0900,False,7-15d,XLK,,AAPL|MSFT|NVDA,interest_rates|ai_capex_cycle|semiconductor_cycle,72,2026-11-12,False,2026-08-13,3.5000,3.3900,3.1000,ALCISTA FUERTE,10,767.0500,8.3600,45.9000,14.9200,"Filtros estándar (Score ≥6.5, DD ≥10%)"
BNY,BNY Mellon,Financials,Asset Management & Custody Banks,1995-03-31,161.2800,2026-09-01,54.2000,55.6900,DOWN,-0.3058,-0.2821,False,0.5634,2.8343,0.8460,1.7570,155.3200,130.7700,160.3600,3.8400,23.3300,True,4.3280,ALCISTA,-2.6600,165.6900,165.6900,100.8700,-2.6600,59.8900,2.4100,True,157.1500,1,160.2500,True,-2.5600,HAMMER|DOJI,7.0000,10.0000,5.0000,7.5000,7,5.0000,7.0000,False,3.5100,5.2700,1.5000,18.9741,15.7411,2.7419,5.1099,,0.1412,0.0126,0.2941,0.0000,0.1310,0.2690,,,,6024000000.0000,,109429145600.0000,1.0490,0.0100,1.3700,678504142.0000,5.4700,6.7900,4.8000,4.7100,,OK,0,6.0800,False,10-18d,XLF,,JPM|BAC|WFC,interest_rates|yield_curve|credit_spreads|loan_growth,44,2026-10-15,False,2026-07-15,2.4600,2.2200,10.7000,ALCISTA FUERTE,10,767.0500,8.3600,45.9000,14.9200,"Filtros estándar (Score ≥6.5, DD ≥10%)"
JBL,Jabil,Information Technology,Electronic Manufacturing Services,2023-12-18,305.2600,2026-09-01,37.6800,48.1900,DOWN,-4.0906,-4.6067,True,0.1824,13.8321,0.7930,4.5310,334.1000,290.2700,324.9800,-8.6300,5.1700,True,4.4015,NEUTRO,-28.8200,428.8400,428.8400,189.4600,-28.8200,61.1200,1.0170,True,309.9400,1,374.5500,True,1.5300,DOJI|HAMMER,7.7200,8.5000,7.5000,7.5000,7,8.5000,7.0000,True,9.0600,13.5900,1.5000,37.7330,18.1312,24.1867,0.9523,14.4240,0.6588,0.0501,0.0257,0.0923,0.1180,0.2760,297.1360,0.9810,1211624960.0000,862000000.0000,1.4056,31987306496.0000,1.3040,2.8700,0.1100,104787089.0000,4.9700,2.8500,6.8100,5.2900,0.0379,D/E:297,1,6.0700,False,7-15d,XLK,,AAPL|MSFT|NVDA,interest_rates|ai_capex_cycle|semiconductor_cycle,23,2026-09-24,False,2026-06-17,3.1600,3.1200,1.4000,ALCISTA FUERTE,10,767.0500,8.3600,45.9000,14.9200,"Filtros estándar (Score ≥6.5, DD ≥10%)"
WFC,Wells Fargo,Financials,Diversified Banks,1976-06-30,86.3900,2026-09-01,45.0500,34.7200,UP,-0.2473,-0.5121,True,0.4554,1.6664,0.8610,1.9290,85.8600,84.0400,85.9900,0.6200,2.8000,True,0.3170,ALCISTA,-3.6400,89.6600,96.1800,72.3600,-10.1800,19.3800,1.6440,True,78.3500,1,86.1500,False,-9.3100,HAMMER|HAMMER|HAMMER|DOJI,7.3500,10.0000,7.0000,9.5000,4,5.0000,7.0000,False,3.8600,5.7900,1.5000,12.5933,10.9349,1.6241,3.1465,,0.1258,0.0108,0.2723,0.0000,0.0950,0.2500,,,,21614999552.0000,,261243289600.0000,0.9200,0.0000,2.3100,3023999336.0000,5.2000,5.4900,4.6500,5.4900,,OK,0,6.0600,False,10-18d,XLF,,JPM|BAC|GS,interest_rates|yield_curve|credit_spreads|loan_growth,42,2026-10-13,False,2026-07-14,2.0000,1.7200,16.4000,ALCISTA FUERTE,10,767.0500,8.3600,45.9000,14.9200,"Filtros estándar (Score ≥6.5, DD ≥10%)"
ACGL,Arch Capital Group,Financials,Property & Casualty Insurance,2022-11-01,98.0700,2026-09-01,49.1700,40.2900,UP,-0.0429,0.1258,False,0.2741,1.6664,0.7690,1.6990,99.5200,95.9300,99.4200,-1.4500,2.2300,True,1.2237,NEUTRO,-8.4200,107.0900,107.0900,82.4500,-8.4200,18.9400,2.3420,True,98.1200,6,105.0900,True,0.0500,NONE,7.5300,8.5000,6.0000,7.5000,9,8.5000,5.0000,False,3.4000,5.1000,1.5000,7.6737,10.0509,1.4355,1.7400,6.1060,0.1994,0.0412,0.2440,0.3876,-0.1050,-0.0710,17.8360,0.5890,4302125056.0000,4652000256.0000,0.9248,33464340480.0000,0.2880,4.0800,,341229126.0000,5.0800,0.0000,7.1800,8.5400,0.1286,RevG:-10.5%,1,6.0600,False,7-15d,XLF,,JPM|BAC|WFC,interest_rates|yield_curve|credit_spreads|loan_growth,55,2026-10-26,False,2026-07-28,2.5600,2.4600,4.0000,ALCISTA FUERTE,10,767.0500,8.3600,45.9000,14.9200,"Filtros estándar (Score ≥6.5, DD ≥10%)"
ADP,Automatic Data Processing,Industrials,Human Resource & Employment Services,1981-03-31,286.1600,2026-09-01,63.9400,62.1200,UP,0.0282,-0.0014,True,0.9440,5.7400,0.8120,2.0060,255.5200,234.0500,274.6700,11.9900,22.2700,True,0.4372,ALCISTA,-0.4000,287.3200,297.0500,186.7400,-3.6700,53.2400,0.7240,True,265.8200,1,280.5900,False,-7.1100,NONE,6.7500,10.0000,7.0000,7.5000,4,5.0000,5.0000,False,4.0100,6.0200,1.5000,26.1333,21.3577,18.8747,5.1797,17.9320,0.7224,0.0625,0.2011,0.4865,0.0680,0.0980,91.4360,1.0510,5243049984.0000,4413499904.0000,1.1880,113680711680.0000,0.8230,4.6000,2.3700,397262737.0000,5.5900,3.4200,7.3000,6.1200,0.0461,D/E:91,1,6.0500,False,10-18d,XLI,,CAT|UNP|HON,pmi_manufacturing|supply_chain|capex_cycle,57,2026-10-28,False,2026-07-28,2.6400,2.6000,1.6000,ALCISTA FUERTE,10,767.0500,8.3600,45.9000,14.9200,"Filtros estándar (Score ≥6.5, DD ≥10%)"
ATO,Atmos Energy,Utilities,Gas Utilities,2019-02-15,166.1300,2026-09-01,47.4500,26.6600,UP,-0.0900,-0.1532,True,0.0922,2.5478,0.8630,1.5340,172.2900,173.7500,169.2600,-3.5800,-4.3900,False,-0.1498,BAJISTA,-8.4900,181.5500,190.2800,156.4700,-12.6900,6.1700,1.0870,True,165.7400,2,172.0900,True,-0.2300,NONE,6.8000,5.0000,7.0000,7.5000,8,8.0000,5.0000,False,3.0700,4.6000,1.5000,19.8720,18.4226,1.8399,5.7043,14.4330,0.0979,0.0389,0.2850,0.6221,0.0480,0.2330,67.6620,0.8140,-2220956928.0000,1402008064.0000,-1.5841,28074070016.0000,0.6020,3.3200,2.4000,168988553.0000,5.5500,7.7700,5.4200,3.1100,-0.0791,FCF/NI:-1.58,1,6.0500,False,3-7d,XLU,,NEE|DUK|SO,interest_rates|regulatory_environment,64,2026-11-04,False,2026-08-05,1.4300,1.3500,5.6000,ALCISTA FUERTE,10,767.0500,8.3600,45.9000,14.9200,"Filtros estándar (Score ≥6.5, DD ≥10%)"
IR,Ingersoll Rand,Industrials,Industrial Machinery & Supplies & Components,2020-03-03,77.0500,2026-09-01,19.0800,25.4900,DOWN,-0.8172,-0.9656,True,0.1064,2.0617,0.8040,2.6760,81.9000,81.9900,81.4000,-5.9200,-6.0300,False,0.6463,BAJISTA,-16.0300,91.7600,100.8900,68.0500,-23.6300,13.2200,1.0780,True,75.6800,2,83.1800,True,-1.7800,NONE,7.2000,5.5000,8.5000,7.5000,8,8.0000,5.0000,True,5.3500,8.0300,1.5000,31.8388,19.6693,2.9374,3.7641,16.7200,0.0947,0.0510,0.1208,0.4282,0.0850,,47.9030,1.6160,1107425024.0000,959100032.0000,1.1547,29895356416.0000,1.1610,3.6100,0.1000,387999429.0000,5.2900,4.7400,5.3000,5.9300,0.0370,OK,0,6.0500,False,5-10d,XLI,,CAT|UNP|HON,pmi_manufacturing|supply_chain|capex_cycle,58,2026-10-29,False,2026-07-30,0.8600,0.8300,4.1000,ALCISTA FUERTE,10,767.0500,8.3600,45.9000,14.9200,"Filtros estándar (Score ≥6.5, DD ≥10%)"
USB,U.S. Bancorp,Financials,Diversified Banks,1999-11-01,61.5800,2026-09-01,31.7000,34.8300,DOWN,-0.3710,-0.4244,True,0.0824,1.0050,0.8370,1.6320,62.6800,55.6300,63.0500,-1.7500,10.7000,True,3.3314,NEUTRO,-6.8100,66.0800,66.0800,43.7600,-6.8100,40.7300,1.3360,True,61.9000,2,63.3900,True,0.5200,NONE,7.4500,8.5000,7.5000,7.5000,7,8.0000,5.0000,False,3.2600,4.9000,1.5000,12.4656,10.6345,1.5826,3.5118,,0.1262,0.0116,0.2990,0.0000,0.1040,0.2160,,,,7797000192.0000,,95944810496.0000,0.9770,0.0100,3.3300,1558051446.0000,5.1100,5.2200,4.6600,5.5200,,OK,0,6.0500,False,7-15d,XLF,,JPM|BAC|WFC,interest_rates|yield_curve|credit_spreads|loan_growth,44,2026-10-15,False,2026-07-16,1.3500,1.2900,5.0000,ALCISTA FUERTE,10,767.0500,8.3600,45.9000,14.9200,"Filtros estándar (Score ≥6.5, DD ≥10%)"
CPAY,Corpay,Financials,Transaction & Payment Processing Services,2018-06-20,404.3000,2026-09-01,52.5500,68.9200,DOWN,-2.4458,-0.8155,False,0.4556,9.5721,0.8510,2.3680,377.1600,333.6900,402.7700,7.2000,21.1600,True,4.0187,ALCISTA,-5.0800,425.9500,425.9500,252.8400,-5.0800,59.9000,0.8140,True,349.5100,1,425.9500,False,-13.5500,NONE,6.3500,10.0000,5.0000,7.5000,4,5.0000,5.0000,False,4.7400,7.1000,1.5000,24.8189,12.9399,7.4944,5.2876,12.3160,0.2922,0.0632,0.2272,0.8054,0.2150,-0.0700,275.2910,0.9720,1946175872.0000,1133502976.0000,1.7170,26546176000.0000,0.8690,4.4600,,65659599.0000,5.8400,5.0000,6.3600,6.2300,0.0733,D/E:275,1,6.0400,False,10-18d,XLF,,JPM|BAC|WFC,interest_rates|yield_curve|credit_spreads|loan_growth,64,2026-11-04,False,2026-08-05,7.0000,6.5800,6.3000,ALCISTA FUERTE,10,767.0500,8.3600,45.9000,14.9200,"Filtros estándar (Score ≥6.5, DD ≥10%)"
KIM,Kimco Realty,Real Estate,Retail REITs,2006-04-04,23.7100,2026-09-01,39.3600,22.5300,UP,-0.0391,-0.0362,False,0.1311,0.2886,0.6370,1.2170,25.0300,22.6700,24.3500,-5.2600,4.5700,True,1.6475,NEUTRO,-11.0300,26.6500,26.6500,19.1800,-11.0300,23.6200,2.4810,False,22.9700,3,26.2700,True,-3.1400,HAMMER|HAMMER,7.7500,8.5000,7.5000,5.0000,9,10.0000,7.0000,False,2.4300,3.6500,1.5000,27.5698,26.5213,1.5481,7.2718,18.1800,0.0581,0.0237,0.2776,0.6893,0.0490,-0.0580,84.9930,0.9710,871483392.0000,573750016.0000,1.5189,15904415744.0000,0.9680,6.4900,4.7100,670789373.0000,4.9000,2.2700,5.3800,7.4000,0.0548,D/E:85,1,6.0400,False,7-15d,XLRE,,PLD|AMT|EQIX,interest_rates|cap_rates|occupancy_trends,58,2026-10-29,False,2026-08-04,0.2200,0.2000,13.5000,ALCISTA FUERTE,10,767.0500,8.3600,45.9000,14.9200,"Filtros estándar (Score ≥6.5, DD ≥10%)"
AXP,American Express,Financials,Consumer Finance,1976-06-30,330.1700,2026-09-01,38.9400,40.2600,DOWN,-0.8765,-0.7301,False,0.0317,5.7429,0.7350,1.7390,342.3800,336.5300,337.7600,-3.5700,-1.8900,True,-0.3648,BAJISTA,-9.0800,363.1400,384.3600,289.2600,-14.1000,14.1400,1.0720,True,332.3600,2,324.1100,True,0.6600,HAMMER|DOJI|HAMMER|DOJI,7.5000,6.5000,6.5000,7.5000,8,10.0000,7.0000,False,3.4800,5.2200,1.5000,20.2062,16.4152,6.5013,3.1442,,0.3438,0.0379,0.1614,0.6234,0.1280,0.1100,172.3800,1.5530,,11310999552.0000,,222967054336.0000,1.0550,3.9100,1.1400,675309833.0000,5.0500,4.2700,6.3600,4.4200,,D/E:172,1,6.0300,False,3-7d,XLF,,JPM|BAC|WFC,interest_rates|yield_curve|credit_spreads|loan_growth,52,2026-10-23,False,2026-07-24,4.5300,4.4000,2.9000,ALCISTA FUERTE,10,767.0500,8.3600,45.9000,14.9200,"Filtros estándar (Score ≥6.5, DD ≥10%)"
IDXX,Idexx Laboratories,Health Care,Health Care Equipment,2017-01-05,556.6900,2026-09-01,34.8200,45.9400,DOWN,-1.8014,-2.6571,True,0.3645,15.4114,0.8520,2.7680,559.1300,611.0600,559.0300,-0.4400,-8.9000,False,-1.5227,BAJISTA,-10.8100,624.1500,769.9800,518.5500,-27.7000,7.3600,1.1150,True,558.3100,1,581.2800,True,0.2900,NONE,6.3000,5.0000,7.5000,7.5000,7,5.0000,5.0000,True,5.5400,8.3100,1.5000,39.0660,33.2557,27.2287,9.6320,27.5980,0.7421,0.2708,0.2503,0.6245,0.0970,0.1760,67.9710,1.1720,909368384.0000,1139655936.0000,0.7979,43856662528.0000,1.5420,3.0700,,78781116.0000,5.8400,6.1300,7.5000,3.5700,0.0207,OK,0,6.0200,False,3-7d,XLV,,UNH|JNJ|LLY,fda_calendar|drug_pricing_policy|patent_cliffs,62,2026-11-02,False,2026-08-04,4.2700,3.9300,8.5000,ALCISTA FUERTE,10,767.0500,8.3600,45.9000,14.9200,"Filtros estándar (Score ≥6.5, DD ≥10%)"
V,Visa Inc.,Financials,Transaction & Payment Processing Services,2009-12-21,379.3700,2026-09-01,69.3900,56.5100,UP,1.0596,1.2376,False,0.8111,5.9207,0.7800,1.5610,357.8900,331.7900,370.3200,6.0000,14.3400,True,0.8918,ALCISTA,-1.6100,385.5700,385.5700,292.7400,-1.6100,29.5900,0.9840,True,358.1300,2,373.2800,False,-5.6000,HAMMER|DOJI,7.0500,10.0000,6.0000,7.5000,4,7.0000,7.0000,False,3.1200,4.6800,1.5000,32.4803,25.2841,20.1044,15.9212,22.7650,0.6119,0.1911,0.5078,0.9772,0.1440,0.1020,67.8210,0.9850,20404000768.0000,22397999104.0000,0.9110,708301750272.0000,0.7590,3.2300,0.7000,1704112694.0000,5.3300,4.6000,7.3200,3.8600,0.0288,OK,0,6.0200,False,10-18d,XLF,,JPM|BAC|WFC,interest_rates|yield_curve|credit_spreads|loan_growth,56,2026-10-27,False,2026-07-28,3.3200,3.2300,2.8000,ALCISTA FUERTE,10,767.0500,8.3600,45.9000,14.9200,"Filtros estándar (Score ≥6.5, DD ≥10%)"
FISV,Fiserv,Financials,Transaction & Payment Processing Services,2001-04-02,53.3100,2026-09-01,54.0600,44.6800,UP,-0.0469,-0.1548,True,0.5531,1.6786,0.7880,3.1490,51.6700,58.5900,52.7000,3.1700,-9.0200,False,-7.4642,BAJISTA,-6.5100,57.0200,138.8500,47.0400,-61.6100,13.3300,1.0860,True,52.5400,2,55.9900,True,-1.4400,HAMMER,7.0000,6.5000,7.0000,7.5000,7,7.0000,7.0000,False,6.3000,9.4500,1.5000,10.2126,6.5715,1.0522,,,,,,,,,,,,,,28348483584.0000,,,,531766721.0000,5.3600,5.0000,5.0000,6.2000,,OK,0,6.0200,False,3-7d,XLF,,JPM|BAC|WFC,interest_rates|yield_curve|credit_spreads|loan_growth,57,2026-10-28,False,2026-08-06,1.8400,1.9100,-3.9000,ALCISTA FUERTE,10,767.0500,8.3600,45.9000,14.9200,"Filtros estándar (Score ≥6.5, DD ≥10%)"
PPG,PPG Industries,Materials,Specialty Chemicals,1957-03-04,112.1700,2026-09-01,36.1000,50.7700,DOWN,-0.1099,-0.1416,True,0.1778,2.1136,0.6270,1.8840,116.0800,109.7300,114.0900,-3.3600,2.2200,True,1.6007,NEUTRO,-10.2100,124.9200,130.9900,91.3500,-14.3700,22.7900,1.2080,True,112.0200,3,116.8800,True,-0.1300,HAMMER|DOJI|HAMMER|DOJI,8.0200,8.5000,7.5000,7.5000,9,8.5000,7.0000,True,3.7700,5.6500,1.5000,16.3991,12.9335,2.9534,1.5185,11.4690,0.1930,0.0605,0.0957,0.4120,0.0720,-0.0150,86.9380,1.5800,1104625024.0000,1567000064.0000,0.7049,24935391232.0000,1.0630,2.9100,2.5900,222300000.0000,4.6900,1.7300,5.4700,7.2200,0.0443,FCF/NI:0.70|D/E:87,2,6.0200,False,7-15d,XLB,,LIN|APD|ECL,commodity_prices|dxy|china_demand|energy_costs,56,2026-10-27,False,2026-07-28,2.2300,2.2500,-1.0000,ALCISTA FUERTE,10,767.0500,8.3600,45.9000,14.9200,"Filtros estándar (Score ≥6.5, DD ≥10%)"
ITW,Illinois Tool Works,Industrials,Industrial Machinery & Supplies & Components,1986-02-28,275.3700,2026-09-01,18.2800,38.8400,DOWN,-2.0284,-2.0631,True,-0.0235,4.8029,0.8310,1.7440,279.2900,263.9100,284.2900,-1.4000,4.3400,True,1.7495,NEUTRO,-8.7900,301.9200,301.9200,234.3800,-8.7900,17.4900,1.3090,True,252.9900,3,274.3600,False,-8.1300,NONE,7.5000,8.5000,8.5000,7.5000,6,8.0000,5.0000,False,3.4900,5.2300,1.5000,25.3797,22.2135,27.2509,4.7620,18.1610,1.0462,0.1692,0.1939,0.4416,0.0610,0.1010,334.8530,1.1090,2432999936.0000,3193999872.0000,0.7617,78425374720.0000,1.0050,6.1600,2.4600,284800000.0000,5.0200,3.2600,6.8900,4.9100,0.0310,D/E:335,1,6.0100,False,7-15d,XLI,,CAT|UNP|HON,pmi_manufacturing|supply_chain|capex_cycle,52,2026-10-23,False,2026-07-28,2.8400,2.8000,1.5000,ALCISTA FUERTE,10,767.0500,8.3600,45.9000,14.9200,"Filtros estándar (Score ≥6.5, DD ≥10%)"
HSIC,Henry Schein,Health Care,Health Care Distributors,2015-03-17,89.8000,2026-09-01,61.3800,60.2700,UP,-0.1094,-0.1694,True,0.6504,1.7264,0.8840,1.9230,86.5600,78.6500,88.8700,3.7500,14.1800,True,3.1134,ALCISTA,-2.5800,92.1800,92.1800,61.9500,-2.5800,44.9600,0.9850,True,71.2700,2,89.3400,False,-20.6300,HAMMER|DOJI,6.9500,10.0000,7.0000,7.5000,4,5.0000,7.0000,False,3.8500,5.7700,1.5000,26.1808,14.9708,3.1834,0.7358,14.1020,0.0885,0.0439,0.0296,0.3132,0.0670,0.1710,80.7330,1.3190,446000000.0000,403000000.0000,1.1067,10007900160.0000,0.8080,5.0200,,111446542.0000,5.3800,4.8100,5.1100,6.3600,0.0446,D/E:81,1,6.0100,False,10-18d,XLV,,UNH|JNJ|LLY,fda_calendar|drug_pricing_policy|patent_cliffs,63,2026-11-03,False,2026-08-04,1.2700,1.2400,2.5000,ALCISTA FUERTE,10,767.0500,8.3600,45.9000,14.9200,"Filtros estándar (Score ≥6.5, DD ≥10%)"
ON,ON Semiconductor,Information Technology,Semiconductors,2022-06-21,74.0900,2026-09-01,35.2400,34.2500,UP,0.1727,-0.1688,True,0.2738,2.9007,0.4320,3.9150,87.3300,77.8400,77.8000,-15.1600,-4.8100,True,3.5494,BAJISTA,-44.0500,132.4200,134.9200,44.5600,-45.0900,66.2700,0.6810,True,70.9200,1,86.0100,False,-4.2800,HAMMER,7.3300,7.0000,8.5000,7.5000,5,8.5000,7.0000,True,7.8300,11.7500,1.5000,47.4936,16.3611,3.9956,4.6540,14.2150,0.0831,0.0675,0.1017,0.4278,0.0920,0.3660,65.0550,3.4640,1656649984.0000,630200000.0000,2.6288,28844615680.0000,2.0160,2.9900,,389318613.0000,5.1100,3.1600,5.2300,7.2300,0.0574,OK,0,6.0000,False,3-7d,XLK,,AAPL|MSFT|NVDA,interest_rates|ai_capex_cycle|semiconductor_cycle,62,2026-11-02,False,2026-08-03,0.7400,0.7200,3.5000,ALCISTA FUERTE,10,767.0500,8.3600,45.9000,14.9200,"Filtros estándar (Score ≥6.5, DD ≥10%)"
DVN,Devon Energy,Energy,Oil & Gas Exploration & Production,2000-08-30,48.5100,2026-09-01,65.5800,68.6100,DOWN,0.0738,0.2631,False,0.7782,1.2493,0.9050,2.5750,44.2500,42.8500,46.5400,9.6400,13.2100,True,3.4173,ALCISTA,-2.4300,49.7200,52.3400,30.8900,-7.3100,57.0600,1.1990,True,43.6000,2,49.8700,False,-10.1100,HAMMER|DOJI,6.5500,10.0000,5.0000,7.5000,4,5.0000,7.0000,False,5.1500,7.7300,1.5000,10.2994,9.0561,1.3362,2.8412,7.2060,0.1152,0.0591,0.1746,0.5035,0.6420,0.4400,28.4880,0.7170,782625024.0000,3280000000.0000,0.2386,53360996352.0000,0.4190,2.4300,2.7000,1100000000.0000,5.6300,7.4300,4.3000,5.0800,0.0147,FCF/NI:0.24,1,6.0000,False,10-18d,XLE,,XOM|CVX|COP,oil_price|gas_price|opec_supply|inventories,64,2026-11-04,False,2026-08-04,1.5700,1.4100,11.3000,ALCISTA FUERTE,10,767.0500,8.3600,45.9000,14.9200,"Filtros estándar (Score ≥6.5, DD ≥10%)"
PM,Philip Morris International,Consumer Staples,Tobacco,2008-03-31,187.3000,2026-09-01,51.9500,51.4100,UP,-0.0994,0.2159,False,0.3460,4.2243,0.8310,2.2550,186.8600,171.6700,189.6200,0.2400,9.1000,True,2.3998,ALCISTA,-9.8500,207.7600,207.7600,138.4300,-9.8500,35.3000,0.8870,True,184.3600,3,190.5800,True,-1.5700,NONE,7.3000,10.0000,6.0000,7.5000,9,5.0000,5.0000,False,4.5100,6.7700,1.5000,26.3062,20.4280,-34.0113,6.8616,18.7060,,0.1459,0.2556,0.6748,0.1040,-0.0750,,0.9800,9714374656.0000,10844000256.0000,0.8958,291928276992.0000,0.4000,2.5700,3.0600,1558613439.0000,5.1300,5.0000,5.6800,4.6400,0.0333,OK,0,6.0000,False,10-18d,XLP,,PG|KO|PEP,inflation|input_costs|fx_rates,50,2026-10-21,False,2026-07-22,2.2000,2.0500,7.3000,ALCISTA FUERTE,10,767.0500,8.3600,45.9000,14.9200,"Filtros estándar (Score ≥6.5, DD ≥10%)"
TEL,TE Connectivity,Information Technology,Electronic Manufacturing Services,2011-10-17,205.2500,2026-09-01,40.3700,49.3700,DOWN,-0.9436,-1.6664,True,0.3452,5.7600,0.7980,2.8060,204.9000,215.4500,206.4000,0.1700,-4.7400,False,-1.1119,BAJISTA,-7.9100,222.8900,250.6100,189.5300,-18.1000,8.2900,0.9330,True,199.6200,4,204.8700,True,-2.7400,BULL_ENGULF,7.3000,6.5000,6.0000,7.5000,10,7.0000,7.5000,False,5.6100,8.4200,1.5000,19.8501,15.9034,4.4927,3.0754,12.9570,0.2329,0.0969,0.1561,0.3612,0.1380,0.1920,43.4410,1.8760,2336875008.0000,3017999872.0000,0.7743,59422588928.0000,1.1620,3.2800,1.5400,289513228.0000,5.1400,2.4900,6.0500,7.1700,0.0393,OK,0,6.0000,False,3-7d,XLK,,AAPL|MSFT|NVDA,interest_rates|ai_capex_cycle|semiconductor_cycle,57,2026-10-28,False,2026-07-22,2.9400,2.8400,3.3000,ALCISTA FUERTE,10,767.0500,8.3600,45.9000,14.9200,"Filtros estándar (Score ≥6.5, DD ≥10%)"
HBAN,Huntington Bancshares,Financials,Regional Banks,1997-08-28,16.6900,2026-09-01,27.5900,42.5300,DOWN,-0.0911,-0.0869,False,0.0495,0.3186,0.8230,1.9090,17.5600,16.7500,17.2600,-4.9800,-0.3900,True,1.3120,BAJISTA,-10.1700,18.5800,19.0900,14.6400,-12.5800,14.0300,1.0950,True,16.8100,1,17.2500,True,0.7200,HAMMER|DOJI,7.5000,7.0000,7.5000,7.5000,8,8.0000,7.0000,False,3.8200,5.7300,1.5000,12.8346,8.8891,1.1334,3.6734,,0.0900,0.0098,0.2613,0.0000,0.4760,-0.0290,,,,2246000128.0000,,33710620672.0000,0.9460,1.9200,3.7200,2020414826.0000,4.9800,5.0000,4.3000,5.7500,,OK,0,5.9900,False,3-7d,XLF,,JPM|BAC|WFC,interest_rates|yield_curve|credit_spreads|loan_growth,51,2026-10-22,False,2026-07-23,0.3900,0.3900,89.0000,ALCISTA FUERTE,10,767.0500,8.3600,45.9000,14.9200,"Filtros estándar (Score ≥6.5, DD ≥10%)"
MTB,M&T Bank,Financials,Regional Banks,2004-02-23,233.9400,2026-09-01,21.5500,29.0100,DOWN,-1.9083,-1.8137,False,0.0344,4.0571,0.9070,1.7340,244.4900,218.1100,243.5700,-4.3100,7.2600,True,3.1933,NEUTRO,-8.6000,255.9500,255.9500,170.9900,-8.6000,36.8200,1.9350,True,232.6400,2,244.5000,True,-0.5600,HAMMER,7.6500,8.5000,7.5000,7.5000,7,8.0000,7.0000,False,3.4700,5.2000,1.5000,12.5639,11.1041,1.3290,3.5747,,0.1074,0.0141,0.3209,0.0000,0.0620,0.2550,,,,2873999872.0000,,33784739840.0000,0.5730,5.1300,2.5300,144416262.0000,4.8800,4.6400,4.4700,5.6400,,OK,0,5.9900,False,7-15d,XLF,,JPM|BAC|WFC,interest_rates|yield_curve|credit_spreads|loan_growth,45,2026-10-16,False,2026-07-15,5.3200,4.6600,14.1000,ALCISTA FUERTE,10,767.0500,8.3600,45.9000,14.9200,"Filtros estándar (Score ≥6.5, DD ≥10%)"
NWSA,News Corp (Class A),Communication Services,Publishing,2013-08-01,30.7100,2026-09-01,77.0700,71.3300,UP,0.1243,0.1593,False,0.8065,0.6207,0.7870,2.0210,27.8900,26.0600,29.6400,10.1000,17.8600,True,1.2935,ALCISTA,-3.0000,31.6600,31.6600,22.1100,-3.0000,38.9100,1.2940,True,26.2900,1,30.8800,False,-14.3900,HAMMER|BULL_ENGULF,7.3000,10.0000,6.0000,7.5000,4,7.0000,9.5000,False,4.0400,6.0600,1.5000,29.8155,20.3146,1.9574,1.8267,13.5570,0.0798,0.0466,0.0635,0.5717,0.1080,-0.7490,31.5610,1.6230,1045124992.0000,573000000.0000,1.8240,16491702272.0000,0.9110,3.2500,0.6500,359330498.0000,5.1200,2.7100,6.1300,6.7400,0.0634,OK,0,5.9900,False,10-18d,XLC,,GOOGL|META|NFLX,ad_spending_cycle|streaming_competition|regulation,65,2026-11-05,False,2026-08-05,0.3500,0.2300,51.2000,ALCISTA FUERTE,10,767.0500,8.3600,45.9000,14.9200,"Filtros estándar (Score ≥6.5, DD ≥10%)"
CSX,CSX Corporation,Industrials,Rail Transportation,1957-03-04,50.5100,2026-09-01,54.6100,68.3300,DOWN,-0.0188,0.0418,False,0.4191,0.8693,0.8580,1.7210,49.8300,42.6600,50.8100,1.3700,18.4000,True,3.7094,ALCISTA,-5.7600,53.6000,53.6000,31.4800,-5.7600,60.4400,1.2420,True,49.5600,2,51.5900,True,-1.8700,NONE,6.8000,10.0000,5.0000,7.5000,7,5.0000,5.0000,False,3.4400,5.1600,1.5000,29.8876,22.2363,6.6443,6.4477,16.3410,0.2436,0.0738,0.2221,0.4707,0.1010,0.2270,138.0680,0.8200,1953250048.0000,3223000064.0000,0.6060,93568499712.0000,1.2110,2.5800,1.0900,1852474917.0000,5.4400,7.4200,4.5300,4.1900,0.0209,FCF/NI:0.61|D/E:138,2,5.9800,False,10-18d,XLI,,CAT|UNP|HON,pmi_manufacturing|supply_chain|capex_cycle,51,2026-10-22,False,2026-07-22,0.5400,0.5200,4.2000,ALCISTA FUERTE,10,767.0500,8.3600,45.9000,14.9200,"Filtros estándar (Score ≥6.5, DD ≥10%)"
MAR,Marriott International,Consumer Discretionary,"Hotels, Resorts & Cruise Lines",1998-05-29,341.7600,2026-09-01,43.0100,60.4200,DOWN,-0.1706,1.0537,False,-0.0552,6.6340,0.7430,1.9410,366.0300,342.1600,356.8700,-6.6300,-0.1200,True,2.5827,BAJISTA,-16.6700,410.1500,410.1500,254.6400,-16.6700,34.2100,0.8030,True,343.0000,3,383.1800,True,0.3600,HAMMER,7.6000,7.0000,5.0000,7.5000,10,10.0000,7.0000,False,3.8800,5.8200,1.5000,36.3575,25.9594,-19.7732,12.0676,22.1090,,0.0976,0.3503,0.7924,0.1110,0.0430,,0.5350,2060375040.0000,2587000064.0000,0.7964,89119490048.0000,1.1200,3.2900,0.8300,260766288.0000,4.8900,5.5600,5.5500,3.3400,0.0231,OK,0,5.9700,False,3-7d,XLY,,AMZN|TSLA|HD,consumer_spending|employment_data|interest_rates,63,2026-11-03,False,2026-08-03,3.1900,3.0800,3.6000,ALCISTA FUERTE,10,767.0500,8.3600,45.9000,14.9200,"Filtros estándar (Score ≥6.5, DD ≥10%)"
L,Loews Corporation,Financials,Multi-line Insurance,1995-05-31,108.2900,2026-09-01,22.0600,8.1600,UP,-0.4557,-0.4752,True,0.0310,1.7417,0.8460,1.6080,113.7400,108.5700,112.0200,-4.7900,-0.2600,True,1.1881,BAJISTA,-10.4600,120.9400,120.9400,94.8800,-10.4600,14.1300,2.3450,True,106.5200,1,110.6100,True,-1.6300,HAMMER|DOJI,7.9000,7.0000,9.5000,7.5000,8,8.0000,7.0000,True,3.2200,4.8300,1.5000,13.2871,37.3414,1.1580,1.1842,7.9070,0.0931,0.0191,0.0902,0.3629,0.0390,0.1560,44.6090,0.5070,1262000000.0000,1687000064.0000,0.7481,22137477120.0000,0.5180,5.6500,0.2300,204427720.0000,4.6900,2.4800,4.3400,7.6800,0.0570,FCF/NI:0.75,1,5.9700,False,5-10d,XLF,,JPM|BAC|WFC,interest_rates|yield_curve|credit_spreads|loan_growth,62,2026-11-02,False,2020-02-10,1.1100,0.7300,52.5000,ALCISTA FUERTE,10,767.0500,8.3600,45.9000,14.9200,"Filtros estándar (Score ≥6.5, DD ≥10%)"
CRH,CRH plc,Materials,Construction Materials,2025-12-22,94.2900,2026-09-01,33.7500,42.2300,DOWN,0.1418,0.0541,True,0.2105,2.3578,0.6990,2.5010,101.2700,111.0700,96.8000,-6.8900,-15.1000,False,-1.7199,BAJISTA,-19.0200,116.4300,130.0900,92.5200,-27.5200,1.9100,1.2180,True,93.1300,2,103.8600,True,-1.2300,HAMMER|DOJI,7.0300,5.0000,7.5000,7.5000,7,8.5000,7.0000,True,5.0000,7.5000,1.5000,16.9586,14.2777,2.6123,1.6238,10.4780,0.1581,0.0606,0.0994,0.3625,0.0560,0.1390,77.5920,1.5790,2019124992.0000,3814000128.0000,0.5294,62729674752.0000,1.2040,2.9000,1.6300,665284511.0000,5.2600,4.5100,5.1700,6.2400,0.0322,FCF/NI:0.53,1,5.9700,False,3-7d,XLB,,LIN|APD|ECL,commodity_prices|dxy|china_demand|energy_costs,58,2026-10-29,False,2026-07-30,1.9300,2.0200,-4.2000,ALCISTA FUERTE,10,767.0500,8.3600,45.9000,14.9200,"Filtros estándar (Score ≥6.5, DD ≥10%)"
CMI,Cummins,Industrials,Construction Machinery & Heavy Transportation Equipment,1965-03-31,564.4000,2026-09-01,19.5600,24.2800,DOWN,-4.1371,-5.1181,True,0.1275,15.6324,0.6270,2.7700,643.4100,594.3700,601.6400,-12.2800,-5.0400,True,3.1436,BAJISTA,-23.2100,735.0200,735.0200,383.9100,-23.2100,47.0100,1.3410,True,575.5800,1,560.7700,True,1.9800,HAMMER|DOJI,8.0000,7.0000,8.5000,7.5000,8,10.0000,7.0000,True,5.5400,8.3100,1.5000,28.8991,16.3575,6.0479,2.2386,16.5580,0.2111,0.0700,0.0782,0.2577,0.0940,0.0470,59.5860,1.7270,2229374976.0000,2715000064.0000,0.8211,77697835008.0000,1.2460,2.2800,1.5600,137664487.0000,4.6100,3.1000,5.8600,4.9000,0.0287,OK,0,5.9700,False,5-10d,XLI,,CAT|UNP|HON,pmi_manufacturing|supply_chain|capex_cycle,65,2026-11-05,False,2026-08-04,6.7300,7.1700,-6.1000,ALCISTA FUERTE,10,767.0500,8.3600,45.9000,14.9200,"Filtros estándar (Score ≥6.5, DD ≥10%)"
OTIS,Otis Worldwide,Industrials,Industrial Machinery & Supplies & Components,2020-04-03,71.1300,2026-09-01,43.4700,48.7200,DOWN,-0.0801,-0.0944,True,0.2211,1.3295,0.8340,1.8690,72.1600,79.5300,71.9000,-1.4300,-10.5600,False,-2.1510,BAJISTA,-5.7300,75.4500,93.4300,68.7400,-23.8700,3.4700,1.6780,True,69.3700,6,74.2200,True,-2.4700,HAMMER|DOJI,6.7300,5.0000,6.0000,7.5000,9,6.5000,7.0000,False,3.7400,5.6100,1.5000,18.4275,15.5773,-4.7109,1.8159,13.4110,,0.1425,0.1017,0.3031,0.0730,0.1300,,0.8310,1436249984.0000,1516000000.0000,0.9474,27077009408.0000,0.8790,3.9300,2.4500,380669339.0000,5.4600,4.3100,5.6400,6.5800,0.0530,OK,0,5.9700,False,3-7d,XLI,,CAT|UNP|HON,pmi_manufacturing|supply_chain|capex_cycle,57,2026-10-28,False,2026-07-22,1.0100,1.0100,38.0000,ALCISTA FUERTE,10,767.0500,8.3600,45.9000,14.9200,"Filtros estándar (Score ≥6.5, DD ≥10%)"
UPS,United Parcel Service,Industrials,Air Freight & Logistics,2002-07-22,104.2300,2026-09-01,55.1200,39.8300,UP,0.4414,0.2104,True,0.5894,1.8729,0.6680,1.7970,106.6900,101.5700,104.3700,-2.3000,2.6100,True,1.8589,NEUTRO,-10.5800,116.5600,116.8600,76.9500,-10.8100,35.4600,1.0570,True,101.1300,4,104.2400,True,-2.9800,NONE,7.5000,8.5000,7.0000,7.5000,9,7.0000,5.0000,False,3.5900,5.3900,1.5000,19.3736,12.9079,5.8870,0.9861,9.3740,0.2960,0.0723,0.0508,0.2241,0.0760,-0.5300,189.9000,1.1790,5557749760.0000,4569999872.0000,1.2161,88676966400.0000,1.0380,4.7200,6.2300,749349405.0000,4.9400,1.9500,5.6200,7.6200,0.0627,D/E:190,1,5.9600,False,7-15d,XLI,,CAT|UNP|HON,pmi_manufacturing|supply_chain|capex_cycle,56,2026-10-27,False,2026-07-28,1.7600,1.6600,5.8000,ALCISTA FUERTE,10,767.0500,8.3600,45.9000,14.9200,"Filtros estándar (Score ≥6.5, DD ≥10%)"
DASH,DoorDash,Consumer Discretionary,Specialized Consumer Services,2025-03-24,231.7400,2026-09-01,76.7700,75.9000,UP,0.7730,1.1797,False,0.8269,7.6238,0.9180,3.2900,198.6200,187.9300,218.4800,16.6700,23.3100,True,-1.6327,ALCISTA,-2.8400,238.5200,285.5000,143.3000,-18.8300,61.7200,0.7300,True,165.7300,3,,False,-28.4900,NONE,6.7500,9.5000,6.0000,7.5000,6,5.0000,5.0000,False,6.5800,9.8700,1.5000,123.2660,28.4582,10.1201,6.3188,68.5100,0.0889,0.0297,0.0529,0.5222,0.3560,-0.3000,33.2760,1.3680,5147500032.0000,841000000.0000,6.1207,100412473344.0000,1.7700,4.0500,,409082893.0000,5.4400,5.0000,5.8500,5.4600,0.0513,OK,0,5.9600,False,10-18d,XLY,,AMZN|TSLA|HD,consumer_spending|employment_data|interest_rates,64,2026-11-04,False,2026-08-05,0.4600,0.4700,-2.4000,ALCISTA FUERTE,10,767.0500,8.3600,45.9000,14.9200,"Filtros estándar (Score ≥6.5, DD ≥10%)"
KR,Kroger,Consumer Staples,Food Retail,1957-03-04,57.5400,2026-09-01,58.6200,50.5200,UP,0.2108,0.3475,False,0.6475,1.2724,0.7560,2.2110,57.2900,63.5000,57.3300,0.4400,-9.3900,False,-1.2618,BAJISTA,-10.9200,64.6000,75.6600,53.7800,-23.9500,6.9900,1.3210,True,54.8600,6,60.5900,False,-4.6500,HAMMER|DOJI,7.0500,6.5000,6.0000,9.5000,6,7.0000,7.0000,False,4.4200,6.6300,1.5000,33.8471,10.3617,6.2192,0.2372,8.3180,0.1378,0.0577,0.0071,0.2398,0.0220,0.1320,373.4490,0.7910,2994500096.0000,1046000000.0000,2.8628,35251724288.0000,0.4090,4.3200,2.4900,612647282.0000,5.2200,4.7300,4.6200,6.5000,0.0849,D/E:373,1,5.9500,False,3-7d,XLP,,PG|KO|PEP,inflation|input_costs|fx_rates,10,2026-09-11,False,2026-06-18,1.5800,1.5900,-83.0000,ALCISTA FUERTE,10,767.0500,8.3600,45.9000,14.9200,"Filtros estándar (Score ≥6.5, DD ≥10%)"
WRB,W. R. Berkley Corporation,Financials,Property & Casualty Insurance,2019-12-05,67.5600,2026-09-01,30.2200,26.3200,UP,-0.2899,-0.3171,True,0.0394,1.1421,0.7320,1.6910,71.0500,68.8300,69.8300,-4.9100,-1.8500,True,-0.3274,BAJISTA,-12.7700,77.4500,77.4500,62.3100,-12.7700,8.4300,1.2440,True,64.4900,2,68.3200,False,-4.5400,NONE,7.2500,6.5000,8.5000,7.5000,5,10.0000,5.0000,True,3.3800,5.0700,1.5000,14.0750,13.9561,,1.6837,9.8700,0.2021,0.0356,0.1294,0.4379,0.0120,0.1500,31.5270,0.4060,3045504768.0000,1928020992.0000,1.5796,25080129536.0000,0.2940,0.0200,0.5800,371227529.0000,5.0600,1.8000,6.5200,7.1500,0.1214,OK,0,5.9400,False,3-7d,XLF,,JPM|BAC|WFC,interest_rates|yield_curve|credit_spreads|loan_growth,48,2026-10-19,False,2026-07-20,1.2700,1.0800,17.3000,ALCISTA FUERTE,10,767.0500,8.3600,45.9000,14.9200,"Filtros estándar (Score ≥6.5, DD ≥10%)"
FITB,Fifth Third Bancorp,Financials,Regional Banks,1996-03-29,53.7700,2026-09-01,24.4700,34.7100,DOWN,-0.3546,-0.4050,True,0.0491,0.9686,0.7910,1.8010,56.5600,50.0700,55.8700,-4.9300,7.4000,True,3.1460,NEUTRO,-9.6300,59.5000,59.5000,39.0800,-9.6300,37.5900,1.0440,True,48.9500,1,55.4000,False,-8.9600,HAMMER|DOJI,7.7000,8.5000,8.5000,7.5000,4,10.0000,7.0000,False,3.6000,5.4000,1.5000,18.3515,10.8859,1.5092,4.8305,,0.0844,0.0092,0.2324,0.0000,0.5180,-0.0570,,,,2198000128.0000,,48763613184.0000,0.9230,0.0000,2.9300,906892564.0000,4.7600,5.0000,4.2500,5.0700,,OK,0,5.9400,False,7-15d,XLF,,JPM|BAC|WFC,interest_rates|yield_curve|credit_spreads|loan_growth,48,2026-10-19,False,2026-07-17,0.8300,0.8400,-1.2000,ALCISTA FUERTE,10,767.0500,8.3600,45.9000,14.9200,"Filtros estándar (Score ≥6.5, DD ≥10%)"
AAPL,Apple Inc.,Information Technology,"Technology Hardware, Storage & Peripherals",1982-11-30,316.8500,2026-09-01,65.1200,51.5900,UP,0.9730,0.1544,True,0.8557,6.1271,0.7510,1.9340,312.1900,282.3600,313.1600,1.4900,12.2100,True,1.6784,ALCISTA,-7.9700,344.2700,344.2700,225.1200,-7.9700,40.7500,0.9960,True,300.8200,3,318.8300,False,-5.0600,NONE,7.3500,10.0000,7.0000,7.5000,6,7.0000,5.0000,False,3.8700,5.8000,1.5000,36.2944,33.2180,43.0503,9.9056,27.6620,1.4875,0.2708,0.2762,0.4865,0.1640,0.2870,78.4450,1.0030,107721875456.0000,128929996800.0000,0.8355,4624166158336.0000,1.0860,2.1900,0.3400,14594180000.0000,5.0000,3.6000,7.1600,4.1000,0.0233,OK,0,5.9400,False,10-18d,XLK,,MSFT|NVDA|AVGO,interest_rates|ai_capex_cycle|semiconductor_cycle,58,2026-10-29,False,2026-07-30,2.0200,1.8900,6.7000,ALCISTA FUERTE,10,767.0500,8.3600,45.9000,14.9200,"Filtros estándar (Score ≥6.5, DD ≥10%)"
EVRG,Evergy,Utilities,Electric Utilities,2018-06-05,81.0200,2026-09-01,47.4600,40.1200,UP,-0.1027,-0.1066,True,0.1280,1.2389,0.8310,1.5290,83.9200,79.1900,82.4200,-3.4600,2.3100,True,0.9481,NEUTRO,-7.8100,87.8900,87.8900,68.0500,-7.8100,19.0600,1.4190,False,78.4800,5,87.6400,True,-3.1300,HAMMER|DOJI,7.3500,8.5000,7.0000,5.0000,9,8.0000,7.0000,False,3.0600,4.5900,1.5000,20.5114,17.7480,1.8272,3.0655,12.3960,0.0925,0.0291,0.1519,0.5270,0.0440,0.2300,160.5540,0.3590,-1443362560.0000,925800000.0000,-1.5590,18680551424.0000,0.5150,9.0900,3.4500,230567172.0000,5.0000,7.5000,4.1600,3.0700,-0.0773,FCF/NI:-1.56|D/E:161,2,5.9400,False,7-15d,XLU,,NEE|DUK|SO,interest_rates|regulatory_environment,65,2026-11-05,False,2026-08-06,0.8800,0.8000,9.8000,ALCISTA FUERTE,10,767.0500,8.3600,45.9000,14.9200,"Filtros estándar (Score ≥6.5, DD ≥10%)"
CTAS,Cintas,Industrials,Diversified Support Services,2001-03-01,201.7900,2026-09-01,49.2600,50.7700,DOWN,-0.5974,-0.4781,False,0.4081,3.7037,0.7440,1.8350,193.7800,185.5500,202.4200,4.1300,8.7500,True,0.9235,ALCISTA,-7.6900,218.6000,218.6000,160.3100,-7.6900,25.8800,0.9460,True,197.6900,2,207.7800,True,-2.0300,NONE,7.1000,10.0000,5.0000,7.5000,7,7.0000,5.0000,False,3.6700,5.5100,1.5000,41.1816,33.0047,15.7096,7.1684,27.7690,0.4071,0.1610,0.1775,0.5067,0.0890,0.1560,52.6460,1.4340,1464424832.0000,1993656064.0000,0.7345,80750215168.0000,0.9180,4.1900,1.0200,400169561.0000,5.1600,5.4200,6.4100,3.4100,0.0181,FCF/NI:0.73,1,5.9400,False,10-18d,XLI,,CAT|UNP|HON,pmi_manufacturing|supply_chain|capex_cycle,22,2026-09-23,False,2026-07-15,1.2600,1.2300,2.4000,ALCISTA FUERTE,10,767.0500,8.3600,45.9000,14.9200,"Filtros estándar (Score ≥6.5, DD ≥10%)"
FLEX,Flex Ltd.,Information Technology,Electronic Manufacturing Services,2026-06-22,109.2500,2026-09-01,39.3500,42.7700,DOWN,-0.3754,-0.9752,True,0.1780,5.6393,0.6120,5.1620,127.5700,93.6500,116.5600,-14.3600,16.6600,True,6.2281,NEUTRO,-34.1400,165.8900,166.8600,51.7600,-34.5300,111.0700,0.9180,True,111.3800,1,131.6600,True,1.9500,HAMMER,7.7200,8.5000,7.5000,7.5000,7,8.5000,7.0000,True,10.3200,15.4900,1.5000,42.1815,15.3633,7.3371,1.3789,20.4650,0.1838,0.0442,0.0333,0.0953,0.2060,0.5200,107.8180,1.3800,625750016.0000,973000000.0000,0.6431,40357273600.0000,1.6680,2.0400,,369402978.0000,4.7400,6.0100,4.3100,3.7400,0.0155,FCF/NI:0.64|D/E:108,2,5.9300,False,7-15d,XLK,,AAPL|MSFT|NVDA,interest_rates|ai_capex_cycle|semiconductor_cycle,57,2026-10-28,False,2026-07-29,1.0000,0.9200,8.9000,ALCISTA FUERTE,10,767.0500,8.3600,45.9000,14.9200,"Filtros estándar (Score ≥6.5, DD ≥10%)"
KVUE,Kenvue,Consumer Staples,Personal Care Products,2023-08-25,18.8800,2026-09-01,51.2600,54.5600,DOWN,-0.0162,0.0110,False,0.2834,0.3230,0.7690,1.7110,18.9700,17.5200,19.0700,-0.4800,7.7400,True,2.5632,NEUTRO,-5.1600,19.9100,19.9100,13.3800,-5.1600,41.1500,1.2510,False,18.5200,4,19.3100,True,-1.9200,NONE,6.8200,8.5000,5.0000,5.0000,9,8.5000,5.0000,False,3.4200,5.1300,1.5000,22.4762,15.2055,3.4352,2.3536,12.5730,0.1558,0.0699,0.1076,0.5844,0.0300,0.0850,81.6170,1.0050,1907500032.0000,1658000000.0000,1.1505,36264202240.0000,0.4310,2.7000,4.3800,1920773467.0000,5.3200,3.6500,5.5400,7.0000,0.0526,D/E:82,1,5.9200,False,7-15d,XLP,,PG|KO|PEP,inflation|input_costs|fx_rates,65,2026-11-05,False,2026-08-06,0.3100,0.3200,-2.8000,ALCISTA FUERTE,10,767.0500,8.3600,45.9000,14.9200,"Filtros estándar (Score ≥6.5, DD ≥10%)"
KDP,Keurig Dr Pepper,Consumer Staples,Soft Drinks & Non-alcoholic Beverages,2022-06-21,31.8600,2026-09-01,67.8800,57.7500,UP,0.1485,0.2212,False,0.7226,0.8271,0.9200,2.5960,31.1500,28.6900,31.3100,2.2700,11.0500,True,1.5513,ALCISTA,-5.8000,33.8200,33.8200,24.4300,-5.8000,30.4000,1.0010,True,28.6600,1,32.0800,False,-10.0400,NONE,6.5500,10.0000,6.0000,7.5000,4,5.0000,5.0000,False,5.1900,7.7900,1.5000,32.1818,12.5728,1.7320,2.1581,17.4690,0.0510,0.0338,0.0710,0.5096,0.7560,-0.9000,99.6490,0.4790,4607249920.0000,1344999936.0000,3.4255,43355918336.0000,0.4110,5.2200,2.8900,1360826038.0000,5.4800,5.0000,4.3700,7.3500,0.1063,D/E:100,1,5.9100,False,10-18d,XLP,,PG|KO|PEP,inflation|input_costs|fx_rates,55,2026-10-26,False,2026-08-06,0.5700,0.5400,6.2000,ALCISTA FUERTE,10,767.0500,8.3600,45.9000,14.9200,"Filtros estándar (Score ≥6.5, DD ≥10%)"
NCLH,Norwegian Cruise Line Holdings,Consumer Discretionary,"Hotels, Resorts & Cruise Lines",2017-10-13,16.1400,2026-09-01,25.9400,27.3400,DOWN,-0.1689,-0.1740,True,0.1099,0.6207,0.7050,3.8460,19.1600,19.9000,17.7700,-15.7800,-18.9000,False,-1.7946,BAJISTA,-26.4700,21.9500,27.1800,14.5300,-40.6200,11.0800,1.0780,True,16.4200,1,20.2600,True,1.7300,NONE,7.2500,5.0000,8.5000,7.5000,7,10.0000,5.0000,True,7.6900,11.5400,1.5000,10.0875,9.5075,2.8806,0.7299,8.9320,0.3673,0.0425,0.0749,0.4246,0.0490,6.1630,621.0510,0.2000,-1680301312.0000,760768000.0000,-2.2087,7411291648.0000,1.9030,5.1300,,459187846.0000,5.0100,6.7600,3.5800,4.6300,-0.2267,FCF/NI:-2.21|D/E:621,2,5.9100,False,5-10d,XLY,,AMZN|TSLA|HD,consumer_spending|employment_data|interest_rates,64,2026-11-04,False,2026-07-30,0.4800,0.3900,22.8000,ALCISTA FUERTE,10,767.0500,8.3600,45.9000,14.9200,"Filtros estándar (Score ≥6.5, DD ≥10%)"
BRO,Brown & Brown,Financials,Insurance Brokers,2021-09-20,72.1700,2026-09-01,52.7300,57.0900,DOWN,-0.1254,0.0762,False,0.6244,1.7272,0.8260,2.3930,68.7000,69.3100,71.4000,5.0500,4.1200,False,-1.6911,ALCISTA,-4.3500,75.4600,96.5600,53.6900,-25.2600,34.4300,1.1750,True,64.6700,1,70.7700,False,-10.3900,HAMMER|DOJI|HAMMER,6.1500,8.0000,5.0000,7.5000,4,5.0000,7.0000,False,4.7900,7.1800,1.5000,23.0575,14.9570,1.8927,3.6243,10.8310,0.1002,0.0538,0.1808,0.5628,0.3240,0.0710,63.9750,1.1270,1642749952.0000,1191000064.0000,1.3793,24148830208.0000,0.5810,5.1500,0.9000,334610357.0000,5.7400,5.5900,5.0500,6.7100,0.0680,OK,0,5.9000,False,10-18d,XLF,,JPM|BAC|WFC,interest_rates|yield_curve|credit_spreads|loan_growth,55,2026-10-26,False,2026-07-27,1.0700,1.0700,-39.0000,ALCISTA FUERTE,10,767.0500,8.3600,45.9000,14.9200,"Filtros estándar (Score ≥6.5, DD ≥10%)"
CB,Chubb Limited,Financials,Property & Casualty Insurance,2010-07-15,338.6000,2026-09-01,36.6700,39.3300,DOWN,-0.8363,-0.7591,False,0.1270,5.1407,0.7120,1.5180,346.7100,324.0800,344.3000,-2.3400,4.4800,True,2.1432,NEUTRO,-7.4600,365.9100,365.9100,263.7000,-7.4600,28.4100,1.1630,True,342.2200,1,333.6400,True,1.0700,NONE,7.5500,8.5000,6.5000,7.5000,7,10.0000,5.0000,False,3.0400,4.5500,1.5000,12.0498,11.6320,1.7324,2.1105,10.2900,0.1482,0.0336,0.1807,0.3113,0.0610,-0.0070,30.9410,0.4100,10488000512.0000,11185000448.0000,0.9377,130631835648.0000,0.3890,1.9600,1.2000,385799859.0000,4.7900,1.2100,6.0300,7.5200,0.0803,OK,0,5.8900,False,7-15d,XLF,,JPM|BAC|WFC,interest_rates|yield_curve|credit_spreads|loan_growth,56,2026-10-27,False,2026-07-21,7.2600,6.7500,7.6000,ALCISTA FUERTE,10,767.0500,8.3600,45.9000,14.9200,"Filtros estándar (Score ≥6.5, DD ≥10%)"
TJX,TJX Companies,Consumer Discretionary,Apparel Retail,1985-09-30,133.9100,2026-09-01,6.6100,21.5200,DOWN,-1.8477,-1.8280,False,0.0920,3.3341,0.9450,2.4900,152.6500,154.1300,145.7200,-12.2800,-13.1200,False,0.4943,BAJISTA,-20.9800,169.4700,169.4700,133.0800,-20.9800,0.6200,1.6790,False,,0,162.0300,False,,NONE,5.9000,5.5000,7.5000,5.0000,4,8.0000,5.0000,False,4.9800,7.4700,1.5000,24.7981,23.2582,14.2246,2.3619,17.4780,0.6217,0.1354,0.0973,0.3147,0.0540,0.2360,134.4190,1.1470,4398125056.0000,6066999808.0000,0.7249,147297517568.0000,0.6160,3.9500,1.4300,1099974061.0000,5.8800,6.9900,5.9700,4.4800,0.0299,FCF/NI:0.72|D/E:134,2,5.8900,False,3-7d,XLY,,AMZN|TSLA|HD,consumer_spending|employment_data|interest_rates,78,2026-11-18,False,2026-08-19,1.3600,1.1900,14.5000,ALCISTA FUERTE,10,767.0500,8.3600,45.9000,14.9200,"Filtros estándar (Score ≥6.5, DD ≥10%)"
IEX,IDEX Corporation,Industrials,Industrial Machinery & Supplies & Components,2019-08-09,228.6400,2026-09-01,43.0100,52.8700,DOWN,-1.1695,-1.0914,False,-0.0196,4.9743,0.9400,2.1760,228.5500,203.3300,233.0300,0.0400,12.4500,True,3.5232,ALCISTA,-6.2200,243.8000,243.8000,155.8700,-6.2200,46.6800,0.9440,True,215.4500,3,230.5600,False,-5.7700,HAMMER|DOJI,7.3000,10.0000,5.0000,7.5000,6,8.0000,7.0000,False,4.3500,6.5300,1.5000,33.1362,23.8627,4.2214,4.7012,18.7230,0.1295,0.0684,0.1449,0.4473,0.0640,0.1090,47.0600,3.0490,555612480.0000,519500000.0000,1.0695,16855316480.0000,0.9760,2.4000,1.2700,73719896.0000,4.9200,3.5400,5.9800,5.2800,0.0330,OK,0,5.8700,False,10-18d,XLI,,CAT|UNP|HON,pmi_manufacturing|supply_chain|capex_cycle,57,2026-10-28,False,2026-07-29,2.3200,2.1100,9.9000,ALCISTA FUERTE,10,767.0500,8.3600,45.9000,14.9200,"Filtros estándar (Score ≥6.5, DD ≥10%)"
DLR,Digital Realty,Real Estate,Data Center REITs,2016-05-18,185.5900,2026-09-01,42.5000,49.0900,DOWN,-1.1273,-0.8683,False,-0.0703,5.0564,0.9480,2.7250,187.4600,176.8100,191.4900,-1.0000,4.9700,True,1.4298,NEUTRO,-10.5500,207.4700,207.4700,144.2800,-10.5500,28.6300,3.0270,True,177.2300,1,183.4000,False,-4.5100,HAMMER,6.7000,8.5000,5.0000,7.5000,4,8.0000,7.0000,False,5.4500,8.1700,1.5000,90.0922,64.1891,2.5716,10.3730,27.9370,0.0291,0.0148,0.1182,0.5699,0.2990,-0.5870,67.9440,0.8900,3768482048.0000,758297984.0000,4.9697,70090604544.0000,1.0420,0.0100,2.6300,370998727.0000,5.3100,5.0000,4.9700,6.0800,0.0538,OK,0,5.8700,False,7-15d,XLRE,,PLD|AMT|EQIX,interest_rates|cap_rates|occupancy_trends,51,2026-10-22,False,2026-07-23,0.6200,0.7300,-15.0000,ALCISTA FUERTE,10,767.0500,8.3600,45.9000,14.9200,"Filtros estándar (Score ≥6.5, DD ≥10%)"
DHR,Danaher Corporation,Health Care,Life Sciences Tools & Services,1998-11-18,213.5600,2026-09-01,55.6500,72.8400,DOWN,0.4277,1.1360,False,0.7062,5.6821,0.9130,2.6610,198.8900,202.4700,208.4200,7.3800,5.4800,False,-0.2607,ALCISTA,-3.2200,220.6700,241.7800,160.6000,-11.6700,32.9800,1.0650,True,199.7900,2,220.6700,False,-6.4500,HAMMER|DOJI,6.1500,8.0000,5.0000,7.5000,4,5.0000,7.0000,False,5.3200,7.9800,1.5000,38.0000,22.9701,2.8549,5.9796,21.6310,0.0761,0.0395,0.1595,0.5875,0.0550,0.5970,52.9700,1.6510,4325125120.0000,3990000128.0000,1.0840,150129704960.0000,0.7960,1.4400,0.7400,702986054.0000,5.6700,6.7600,5.4000,4.7200,0.0288,OK,0,5.8600,False,10-18d,XLV,,UNH|JNJ|LLY,fda_calendar|drug_pricing_policy|patent_cliffs,49,2026-10-20,False,2026-07-21,1.9400,1.8400,5.3000,ALCISTA FUERTE,10,767.0500,8.3600,45.9000,14.9200,"Filtros estándar (Score ≥6.5, DD ≥10%)"
LIN,Linde plc,Materials,Industrial Gases,1992-07-01,489.5800,2026-09-01,47.5200,56.5100,DOWN,1.8578,1.4885,True,0.7020,8.0814,0.7490,1.6510,504.6300,477.2400,489.0500,-2.9800,2.5900,True,1.1311,NEUTRO,-10.6900,548.2000,548.2000,385.2600,-10.6900,27.0800,1.0150,True,485.9800,4,503.8200,True,-0.7400,HAMMER|HAMMER|DOJI,7.5000,8.5000,6.0000,7.5000,9,7.0000,7.0000,False,3.3000,4.9500,1.5000,31.5451,25.0121,5.7748,6.3665,18.1120,0.1840,0.0716,0.2044,0.4835,0.0930,0.1130,68.9470,0.8790,4160750080.0000,7244000256.0000,0.5744,225686667264.0000,0.7260,2.3100,1.3100,460980163.0000,4.7400,4.9400,5.3200,3.8200,0.0184,FCF/NI:0.57,1,5.8400,False,7-15d,XLB,,APD|ECL|NEM,commodity_prices|dxy|china_demand|energy_costs,59,2026-10-30,False,2026-07-31,4.1500,4.1200,66.0000,ALCISTA FUERTE,10,767.0500,8.3600,45.9000,14.9200,"Filtros estándar (Score ≥6.5, DD ≥10%)"
IT,Gartner,Information Technology,IT Consulting & Other Services,2017-04-05,198.1100,2026-09-01,54.1000,76.6700,DOWN,-0.2376,0.7107,False,0.7469,8.2400,0.9870,4.1590,157.5600,178.5500,184.8200,25.7400,10.9500,False,-3.0081,ALCISTA,-2.4200,203.0300,265.8500,124.2500,-25.4800,59.4400,0.6420,True,172.6500,1,194.5300,False,-12.8500,HAMMER,6.1500,8.0000,5.0000,7.5000,4,5.0000,7.0000,False,8.3200,12.4800,1.5000,17.8317,12.0437,-76.2548,1.9355,10.3700,1.1358,0.1017,0.1200,0.6963,-0.0060,0.3310,,0.8800,1052553024.0000,775350976.0000,1.3575,12510443520.0000,0.9130,4.8300,,63148976.0000,5.6400,2.0500,7.4000,7.7600,0.0841,OK,0,5.8400,False,10-18d,XLK,,AAPL|MSFT|NVDA,interest_rates|ai_capex_cycle|semiconductor_cycle,63,2026-11-03,False,2026-08-04,4.3700,3.7300,17.1000,ALCISTA FUERTE,10,767.0500,8.3600,45.9000,14.9200,"Filtros estándar (Score ≥6.5, DD ≥10%)"
FOX,Fox Corporation (Class B),Communication Services,Broadcasting,2019-03-19,60.2200,2026-09-01,64.9500,77.6400,DOWN,-0.0338,0.4324,False,0.6286,1.5855,0.8470,2.6330,52.8300,56.8200,58.6600,14.0000,5.9900,False,0.6334,ALCISTA,-4.3100,62.9300,67.8100,44.0800,-11.1900,36.6200,1.7800,True,56.5200,1,59.0400,False,-6.1400,HAMMER,6.2500,8.5000,5.0000,7.5000,4,5.0000,7.0000,False,5.2700,7.9000,1.5000,15.9735,10.4822,2.1730,1.4784,7.4240,0.1429,0.0950,0.0984,0.3663,0.2810,0.0310,64.0600,3.1690,555374976.0000,1684999936.0000,0.3296,25318744064.0000,0.5410,9.3000,0.9500,220248764.0000,5.5700,6.7100,5.1300,4.7500,0.0219,FCF/NI:0.33,1,5.8400,False,10-18d,XLC,,GOOGL|META|NFLX,ad_spending_cycle|streaming_competition|regulation,58,2026-10-29,False,2026-08-06,1.7900,1.3600,31.6000,ALCISTA FUERTE,10,767.0500,8.3600,45.9000,14.9200,"Filtros estándar (Score ≥6.5, DD ≥10%)"
GDDY,GoDaddy,Information Technology,Internet Services & Infrastructure,2024-06-24,97.8800,2026-09-01,58.7900,63.7000,DOWN,0.0490,0.5016,False,0.7149,4.1689,0.9070,4.2590,91.1300,96.9000,95.5800,7.4100,1.0100,False,-3.6676,ALCISTA,-7.6600,106.0000,150.4700,71.5900,-34.9500,36.7200,0.7920,True,86.7400,1,97.0000,False,-11.3800,HAMMER,6.1500,8.0000,5.0000,7.5000,4,5.0000,7.0000,False,8.5200,12.7800,1.5000,14.5223,8.8760,1846.7925,2.4287,10.9030,4.4286,0.0988,0.1783,0.6380,0.0660,0.2980,57334.3300,0.6320,1204950016.0000,910300032.0000,1.3237,12396276736.0000,0.9180,2.5500,,126647704.0000,5.6100,2.2600,6.5800,8.3800,0.0972,D/E:57334,1,5.8300,False,10-18d,XLK,,AAPL|MSFT|NVDA,interest_rates|ai_capex_cycle|semiconductor_cycle,58,2026-10-29,False,2026-07-30,1.8300,1.6900,8.0000,ALCISTA FUERTE,10,767.0500,8.3600,45.9000,14.9200,"Filtros estándar (Score ≥6.5, DD ≥10%)"
SPGI,S&P Global,Financials,Financial Exchanges & Data,1957-03-04,435.8400,2026-09-01,70.3900,61.1300,UP,2.1873,2.3453,False,0.8437,9.4343,0.7770,2.1650,419.4900,428.7200,425.5100,3.9000,1.6600,False,-0.8497,ALCISTA,-5.4500,460.9800,518.8800,358.5500,-16.0000,21.5600,1.1170,True,409.3700,4,430.1000,False,-6.0700,NONE,6.7500,8.0000,6.0000,7.5000,6,7.0000,5.0000,False,4.3300,6.4900,1.5000,26.9536,21.5362,4.0788,7.9696,17.8360,0.1426,0.0703,0.3054,0.7090,0.1040,0.1770,42.9800,0.9540,5448249856.0000,4922999808.0000,1.1067,128485629952.0000,1.0720,3.8300,0.8800,294800000.0000,5.2100,4.6300,5.7400,5.2800,0.0424,OK,0,5.8300,False,10-18d,XLF,,JPM|BAC|WFC,interest_rates|yield_curve|credit_spreads|loan_growth,58,2026-10-29,False,2026-07-28,4.8700,5.0200,-2.9000,ALCISTA FUERTE,10,767.0500,8.3600,45.9000,14.9200,"Filtros estándar (Score ≥6.5, DD ≥10%)"
HUBB,Hubbell Incorporated,Industrials,Industrial Machinery & Supplies & Components,2023-10-18,453.0000,2026-09-01,14.1200,33.7600,DOWN,-3.9754,-4.1284,True,0.1065,12.0157,0.7270,2.6520,489.3700,482.2000,477.5100,-7.4300,-6.0500,True,0.9248,BAJISTA,-16.9800,545.6300,562.0600,398.9500,-19.4000,13.5500,1.0870,True,452.1900,2,498.3500,True,-0.1800,NONE,7.8000,7.0000,8.5000,7.5000,8,10.0000,5.0000,True,5.3000,7.9600,1.5000,27.2399,19.8007,6.1181,3.8455,19.2060,0.2444,0.0843,0.1449,0.3534,0.1530,-0.0090,141.6420,1.6090,495812512.0000,900600000.0000,0.5505,23933155328.0000,0.8990,4.6200,1.2400,52832571.0000,4.5200,4.4400,4.7600,4.3300,0.0207,FCF/NI:0.55|D/E:142,2,5.8300,False,5-10d,XLI,,CAT|UNP|HON,pmi_manufacturing|supply_chain|capex_cycle,56,2026-10-27,False,2026-07-28,5.5200,5.3900,2.4000,ALCISTA FUERTE,10,767.0500,8.3600,45.9000,14.9200,"Filtros estándar (Score ≥6.5, DD ≥10%)"
MSCI,MSCI,Financials,Financial Exchanges & Data,2018-04-04,570.6400,2026-09-01,55.7900,43.8900,UP,1.6159,1.2550,True,0.7299,11.8141,0.6860,2.0700,577.3900,569.2300,568.3400,-1.1700,0.2500,True,0.2261,NEUTRO,-11.1800,642.4700,642.4700,495.5400,-11.1800,15.1500,0.7010,True,546.8800,4,563.4500,False,-4.1600,NONE,7.0500,8.5000,7.0000,7.5000,6,7.0000,5.0000,False,4.1400,6.2100,1.5000,31.2508,25.3648,-15.4252,12.4441,24.2970,,0.2113,0.4073,0.8297,0.1220,0.1960,,0.8940,1194705920.0000,1358004992.0000,0.8798,41485529088.0000,1.2220,1.3700,1.4400,72700000.0000,5.0100,5.4200,5.6600,3.7600,0.0288,OK,0,5.8300,False,7-15d,XLF,,JPM|BAC|WFC,interest_rates|yield_curve|credit_spreads|loan_growth,49,2026-10-20,False,2026-07-21,4.9400,4.9800,-84.0000,ALCISTA FUERTE,10,767.0500,8.3600,45.9000,14.9200,"Filtros estándar (Score ≥6.5, DD ≥10%)"
HD,Home Depot (The),Consumer Discretionary,Home Improvement Retail,1988-03-31,327.8300,2026-09-01,27.3900,46.6600,DOWN,-1.8319,-1.2388,False,0.0770,7.9993,0.9160,2.4400,340.4300,342.0600,337.7200,-3.7000,-4.1600,False,-0.9582,BAJISTA,-8.6400,358.8500,418.0600,286.9500,-21.5800,14.2500,1.0450,True,330.6800,2,355.5300,True,0.8700,HAMMER,7.1000,5.0000,7.5000,7.5000,8,8.0000,7.0000,False,4.8800,7.3200,1.5000,23.0866,20.4348,19.6895,1.9333,15.7490,1.0430,0.1214,0.0841,0.3280,0.0570,0.0460,380.2610,1.0780,10762625024.0000,14227000320.0000,0.7565,327072579584.0000,0.9590,2.8000,2.8200,997689626.0000,4.9700,3.1600,6.9500,4.7600,0.0329,D/E:380,1,5.8200,False,3-7d,XLY,,AMZN|TSLA|MCD,consumer_spending|employment_data|interest_rates,77,2026-11-17,False,2026-08-18,4.9200,4.7300,4.0000,ALCISTA FUERTE,10,767.0500,8.3600,45.9000,14.9200,"Filtros estándar (Score ≥6.5, DD ≥10%)"
BR,Broadridge Financial Solutions,Industrials,Data Processing & Outsourced Services,2018-06-18,182.3800,2026-09-01,62.7800,73.9300,DOWN,0.3949,1.2314,False,0.7804,4.6479,0.8960,2.5480,156.8900,176.7800,173.5700,16.2500,3.1700,False,-2.7171,ALCISTA,-2.4200,186.9100,253.4900,133.8300,-28.0500,36.2800,0.8020,True,148.5700,2,,False,-18.5400,NONE,5.9500,8.0000,5.0000,7.5000,4,5.0000,5.0000,False,5.1000,7.6500,1.5000,19.1174,15.7553,7.3195,2.7813,13.2180,0.4092,0.0930,0.1504,0.3178,0.0750,0.0840,123.9390,1.2360,1194499968.0000,1124300032.0000,1.0624,20795295744.0000,0.8890,2.8500,2.3700,114021798.0000,5.7100,3.3300,6.5200,7.5600,0.0574,D/E:124,1,5.8100,False,10-18d,XLI,,CAT|UNP|HON,pmi_manufacturing|supply_chain|capex_cycle,63,2026-11-03,False,2026-08-04,3.8200,3.7600,1.7000,ALCISTA FUERTE,10,767.0500,8.3600,45.9000,14.9200,"Filtros estándar (Score ≥6.5, DD ≥10%)"
ORLY,O'Reilly Automotive,Consumer Discretionary,Automotive Retail,2009-03-27,88.8000,2026-09-01,36.0000,47.3100,DOWN,-0.4332,-0.3101,False,0.1718,1.9600,0.7730,2.2070,88.9300,92.4500,89.9800,-0.1400,-3.9400,False,-0.7188,BAJISTA,-5.6500,94.1200,108.7200,82.5900,-18.3200,7.5200,1.3780,True,90.2400,1,93.7000,True,1.6200,NONE,7.1700,5.0000,6.5000,9.5000,8,8.5000,5.0000,False,4.4100,6.6200,1.5000,28.1905,24.3204,-39.4842,3.8678,19.4640,,0.1367,0.1427,0.5164,0.0810,0.1030,,0.7520,1570733824.0000,2650373888.0000,0.5926,71835721728.0000,0.5190,3.4500,,808960792.0000,4.9100,6.1700,4.8700,3.4900,0.0219,FCF/NI:0.59,1,5.8100,False,3-7d,XLY,,AMZN|TSLA|HD,consumer_spending|employment_data|interest_rates,57,2026-10-28,False,2026-07-29,0.8600,0.8600,17.0000,ALCISTA FUERTE,10,767.0500,8.3600,45.9000,14.9200,"Filtros estándar (Score ≥6.5, DD ≥10%)"
FE,FirstEnergy,Utilities,Electric Utilities,1997-11-28,45.8600,2026-09-01,39.0200,29.1600,UP,-0.1147,-0.1037,False,-0.0010,0.7679,0.8710,1.6740,47.5200,46.6800,46.9400,-3.4900,-1.7600,True,0.4789,BAJISTA,-8.2000,49.9500,51.3000,41.2100,-10.6000,11.2700,1.2810,True,44.6500,1,49.9500,True,-2.6400,HAMMER,7.5000,7.0000,7.5000,7.5000,8,8.0000,7.0000,False,3.3500,5.0200,1.5000,24.5241,15.5489,2.0515,1.6971,10.5030,0.0949,0.0368,0.0694,0.6861,0.0880,0.0830,200.9080,0.5410,-2014625024.0000,1084999936.0000,-1.8568,26536427520.0000,0.4500,5.4700,4.0500,578639932.0000,4.6800,6.8500,4.1000,2.8200,-0.0759,FCF/NI:-1.86|D/E:201,2,5.8100,False,3-7d,XLU,,NEE|DUK|SO,interest_rates|regulatory_environment,50,2026-10-21,False,2026-07-28,0.5000,0.5000,-48.0000,ALCISTA FUERTE,10,767.0500,8.3600,45.9000,14.9200,"Filtros estándar (Score ≥6.5, DD ≥10%)"
TMO,Thermo Fisher Scientific,Health Care,Life Sciences Tools & Services,2004-08-03,617.1000,2026-09-01,59.4800,74.4900,DOWN,-0.3940,1.4755,False,0.6592,15.9150,1.0280,2.5790,557.3800,534.5800,603.9200,10.7100,15.4400,True,0.8848,ALCISTA,-4.6200,647.0000,647.0000,434.8300,-4.6200,41.9200,0.8410,True,584.2800,2,,False,-5.3200,BULL_ENGULF|HAMMER,6.8000,10.0000,5.0000,7.5000,4,5.0000,9.5000,False,5.1600,7.7400,1.5000,33.4472,22.4318,4.3313,4.9243,22.7260,0.1351,0.0513,0.1504,0.4099,0.1050,0.0940,80.5750,1.5510,6237250048.0000,6967000064.0000,0.8953,228171055104.0000,0.8470,2.1800,0.3000,369747286.0000,5.1100,4.9900,5.7200,4.5500,0.0273,D/E:81,1,5.7900,False,10-18d,XLV,,UNH|JNJ|LLY,fda_calendar|drug_pricing_policy|patent_cliffs,50,2026-10-21,False,2026-07-23,6.0300,5.7100,5.6000,ALCISTA FUERTE,10,767.0500,8.3600,45.9000,14.9200,"Filtros estándar (Score ≥6.5, DD ≥10%)"
NDAQ,"Nasdaq, Inc.",Financials,Financial Exchanges & Data,2008-10-22,98.6100,2026-09-01,67.4400,72.4700,DOWN,-0.0276,0.0210,False,0.7651,1.8329,0.7400,1.8590,91.1400,89.7500,96.7100,8.2000,9.8700,True,1.1154,ALCISTA,-2.3400,100.9700,101.1100,76.5500,-2.4700,28.8200,1.3360,True,87.1000,2,96.8700,False,-11.6700,HAMMER|DOJI|HAMMER,6.8500,10.0000,5.0000,7.5000,4,7.0000,7.0000,False,3.7200,5.5800,1.5000,29.0029,21.0822,4.6228,9.8184,19.0540,0.1652,0.0585,0.3504,1.0000,0.1490,0.1410,77.6870,1.0060,1691500032.0000,1967000064.0000,0.8599,55120756736.0000,0.9710,2.6000,1.1700,558977372.0000,5.0800,5.3400,5.5300,4.2600,0.0307,OK,0,5.7900,False,10-18d,XLF,,JPM|BAC|WFC,interest_rates|yield_curve|credit_spreads|loan_growth,51,2026-10-22,False,2026-07-23,1.0700,0.9800,8.8000,ALCISTA FUERTE,10,767.0500,8.3600,45.9000,14.9200,"Filtros estándar (Score ≥6.5, DD ≥10%)"
QCOM,Qualcomm,Information Technology,Semiconductors,1999-07-22,170.4800,2026-09-01,65.8000,60.3400,UP,1.7659,0.9926,True,1.0325,4.8279,0.4190,2.8320,173.6400,167.0800,164.0900,-1.8200,2.0300,True,-0.4661,NEUTRO,-30.9000,246.7000,258.9600,121.5400,-34.1700,40.2700,1.2800,True,172.1200,1,168.8700,True,0.9600,HAMMER|DOJI,7.3000,8.0000,7.0000,7.5000,7,7.0000,7.0000,False,5.6600,8.5000,1.5000,19.4834,16.7105,6.5151,4.1318,15.5020,0.3375,0.1161,0.2101,0.5423,-0.0400,-0.2300,55.2100,2.0160,10241000448.0000,9260000256.0000,1.1059,182082945024.0000,1.6630,2.7900,2.2400,1068060487.0000,4.7800,0.0000,6.6200,8.2000,0.0562,OK,0,5.7900,False,7-15d,XLK,,AAPL|MSFT|NVDA,interest_rates|ai_capex_cycle|semiconductor_cycle,58,2026-10-29,False,2026-07-29,2.2100,2.2200,-49.0000,ALCISTA FUERTE,10,767.0500,8.3600,45.9000,14.9200,"Filtros estándar (Score ≥6.5, DD ≥10%)"
META,Meta Platforms,Communication Services,Interactive Media & Services,2013-12-23,572.3400,2026-09-01,40.3100,37.3800,UP,2.1559,0.1573,True,0.4647,18.0064,0.7940,3.1460,592.0500,621.7300,574.8200,-3.3300,-7.9400,False,-1.7802,BAJISTA,-16.5800,686.0800,788.2200,519.7800,-27.3900,10.1100,0.8680,True,577.0700,1,609.1200,True,0.8300,NONE,6.6500,5.0000,7.0000,7.5000,8,7.0000,5.0000,False,6.2900,9.4400,1.5000,21.7868,16.3714,5.5827,6.3880,13.4980,0.2985,0.1459,0.2983,0.8175,0.2800,-0.1340,42.9970,2.2260,21553625088.0000,68097998848.0000,0.3165,1458039816192.0000,1.2430,1.7300,0.3600,2205128509.0000,5.2000,5.0000,6.9200,3.4400,0.0148,FCF/NI:0.32,1,5.7800,False,3-7d,XLC,,GOOGL|NFLX|DIS,ad_spending_cycle|streaming_competition|regulation,57,2026-10-28,False,2026-07-29,6.1800,7.2200,-14.4000,ALCISTA FUERTE,10,767.0500,8.3600,45.9000,14.9200,"Filtros estándar (Score ≥6.5, DD ≥10%)"
IRM,Iron Mountain,Real Estate,Other Specialized REITs,2009-01-06,115.3500,2026-09-01,38.9900,46.2400,DOWN,-0.7711,-0.4925,False,-0.1032,4.0921,0.9720,3.5480,124.0300,108.1000,122.7100,-7.0000,6.7100,True,2.1139,NEUTRO,-14.3500,134.6800,134.6800,76.6200,-14.3500,50.5500,1.5970,True,114.3300,1,129.7700,True,-0.8800,HAMMER|DOJI,7.4500,8.5000,6.5000,7.5000,7,8.0000,7.0000,False,7.1000,10.6400,1.5000,83.5870,42.2811,-26.8069,4.5408,21.3530,,0.0463,0.0554,0.5421,0.1850,,,0.7260,-436093504.0000,418655008.0000,-1.0417,34340020224.0000,1.2170,3.6900,2.9400,297702812.0000,4.6700,7.5000,4.3600,1.7300,-0.0127,FCF/NI:-1.04,1,5.7800,False,7-15d,XLRE,,PLD|AMT|EQIX,interest_rates|cap_rates|occupancy_trends,64,2026-11-04,False,2026-08-05,0.6000,0.5600,7.5000,ALCISTA FUERTE,10,767.0500,8.3600,45.9000,14.9200,"Filtros estándar (Score ≥6.5, DD ≥10%)"
PPL,PPL Corporation,Utilities,Electric Utilities,2001-10-01,34.1300,2026-09-01,40.0000,41.0100,DOWN,-0.1012,-0.0436,False,-0.0116,0.6014,0.8570,1.7620,35.7000,35.9900,35.1400,-4.4100,-5.1800,False,-0.2908,BAJISTA,-8.6500,37.3600,39.7900,32.6600,-14.2300,4.5000,1.0400,True,34.3600,3,36.7700,True,0.6800,HAMMER|DOJI,6.9000,5.0000,5.0000,7.5000,10,8.0000,7.0000,False,3.5200,5.2900,1.5000,20.1953,16.1216,1.7068,2.7330,12.1650,0.0863,0.0320,0.1347,0.4409,0.0420,0.2120,135.4340,0.9050,-1938375040.0000,1264000000.0000,-1.5335,25684355072.0000,0.5890,4.7300,3.3300,752544841.0000,5.0400,7.3600,4.3600,3.1300,-0.0755,FCF/NI:-1.53,1,5.7800,False,3-7d,XLU,,NEE|DUK|SO,interest_rates|regulatory_environment,64,2026-11-04,False,2026-08-07,0.3300,0.3400,-4.0000,ALCISTA FUERTE,10,767.0500,8.3600,45.9000,14.9200,"Filtros estándar (Score ≥6.5, DD ≥10%)"
ADBE,Adobe Inc.,Information Technology,Application Software,1997-05-05,292.7900,2026-09-01,61.3600,63.9700,DOWN,1.2553,0.1801,True,1.0706,10.4714,0.9770,3.5760,240.2000,269.1900,267.9100,21.8900,8.7700,False,-2.6263,ALCISTA,-0.4600,294.1300,370.8600,190.1200,-21.0500,54.0000,1.2040,True,251.2000,1,,False,-14.2000,NONE,6.1500,8.0000,6.0000,7.5000,4,5.0000,5.0000,False,7.1500,10.7300,1.5000,16.7404,10.6476,10.1427,4.6188,12.1120,0.6295,0.1993,0.2869,0.8940,0.1270,0.0790,61.4430,0.7510,9218374656.0000,7229000192.0000,1.2752,116384030720.0000,1.3970,3.4100,,397500000.0000,5.5400,1.4600,7.2100,8.3600,0.0792,OK,0,5.7800,False,10-18d,XLK,,AAPL|MSFT|NVDA,interest_rates|ai_capex_cycle|semiconductor_cycle,9,2026-09-10,False,2026-06-11,5.9600,5.8100,2.5000,ALCISTA FUERTE,10,767.0500,8.3600,45.9000,14.9200,"Filtros estándar (Score ≥6.5, DD ≥10%)"
TECH,Bio-Techne,Health Care,Life Sciences Tools & Services,2021-08-30,72.3100,2026-09-01,58.4900,54.7900,UP,-0.2364,-0.2828,True,0.6679,0.2362,0.2000,0.3270,70.5300,60.5300,72.0000,2.5200,19.4600,True,1.8308,ALCISTA,-0.3200,72.5400,72.5400,43.0700,-0.3200,67.8800,0.8210,True,71.7100,6,,True,-0.8300,NONE,7.8000,10.0000,7.0000,7.5000,9,7.0000,5.0000,False,0.6500,0.9800,1.5000,62.3362,31.2310,5.3539,9.3326,34.0110,0.0903,0.0667,0.1497,0.6624,0.0130,,13.7120,4.5470,229653120.0000,181840000.0000,1.2629,11339526144.0000,1.2770,1.8500,0.4400,156818238.0000,4.4300,2.5300,7.2100,3.4100,0.0203,OK,0,5.7800,False,10-18d,XLV,,UNH|JNJ|LLY,fda_calendar|drug_pricing_policy|patent_cliffs,69,2026-11-09,False,2026-08-12,0.5200,0.5200,13.0000,ALCISTA FUERTE,10,767.0500,8.3600,45.9000,14.9200,"Filtros estándar (Score ≥6.5, DD ≥10%)"
APA,APA Corporation,Energy,Oil & Gas Exploration & Production,1997-07-28,43.1500,2026-09-01,60.0200,71.6800,DOWN,-0.0232,0.1908,False,0.7377,1.4486,1.0660,3.3570,36.7200,32.7400,40.7300,17.5000,31.8100,True,5.8521,ALCISTA,-4.2200,45.0500,45.0500,20.8400,-4.2200,107.0200,0.7400,True,35.5100,1,45.0400,False,-17.7100,NONE,6.3500,10.0000,5.0000,7.5000,4,5.0000,5.0000,False,6.7100,10.0700,1.5000,8.9709,10.2705,2.1551,1.7636,3.4050,0.2666,0.1160,0.1956,0.7825,0.0920,0.2630,48.8540,0.9460,2146749952.0000,1676999936.0000,1.2801,15117668352.0000,0.3480,4.7200,2.3500,350351510.0000,5.4000,1.5700,6.7800,8.2600,0.1420,OK,0,5.7800,False,10-18d,XLE,,XOM|CVX|COP,oil_price|gas_price|opec_supply|inventories,64,2026-11-04,False,2026-08-05,1.8900,1.8700,1.0000,ALCISTA FUERTE,10,767.0500,8.3600,45.9000,14.9200,"Filtros estándar (Score ≥6.5, DD ≥10%)"
DECK,Deckers Brands,Consumer Discretionary,Footwear,2024-03-18,87.0800,2026-09-01,31.5500,32.6400,DOWN,-0.2516,-0.1867,False,0.1596,2.8193,0.7540,3.2380,99.1900,102.4900,92.4400,-12.2100,-15.0300,False,0.3033,BAJISTA,-25.2500,116.5000,125.4500,78.9100,-30.5900,10.3500,1.2970,False,,0,105.8500,False,,NONE,5.7800,5.5000,6.5000,5.0000,4,8.5000,5.0000,False,6.4800,9.7100,1.5000,12.4756,10.4125,5.1729,2.1455,8.1000,0.4256,0.2032,0.1836,0.5780,0.0570,0.0110,20.5210,2.7470,871420352.0000,1014840000.0000,0.8587,11858716672.0000,1.1670,3.3200,,136181857.0000,5.7700,2.1300,7.6900,7.7800,0.0735,OK,0,5.7700,False,3-7d,XLY,,AMZN|TSLA|HD,consumer_spending|employment_data|interest_rates,51,2026-10-22,False,2026-07-23,0.9400,0.8700,7.6000,ALCISTA FUERTE,10,767.0500,8.3600,45.9000,14.9200,"Filtros estándar (Score ≥6.5, DD ≥10%)"
NTAP,NetApp,Information Technology,"Technology Hardware, Storage & Peripherals",1999-06-25,185.2900,2026-09-01,35.2900,58.9700,DOWN,-2.5299,-2.3698,False,0.1944,6.6679,0.8420,3.5990,175.8500,128.1000,189.8600,5.3700,44.6400,True,6.5775,ALCISTA,-11.3700,209.0600,209.0600,92.9300,-11.3700,99.3900,1.2540,True,156.2600,1,192.2500,False,-15.6700,NONE,6.8700,10.0000,6.5000,7.5000,4,6.5000,5.0000,False,7.2000,10.8000,1.5000,29.1336,18.3725,26.8809,5.2506,18.8170,1.0673,0.0982,0.1843,0.7074,0.1250,0.2340,202.2950,1.4360,1295250048.0000,1276000000.0000,1.0151,36360245248.0000,1.4330,4.3500,1.1200,196234265.0000,5.0000,2.6300,7.0000,5.4400,0.0356,D/E:202,1,5.7500,False,10-18d,XLK,,AAPL|MSFT|NVDA,interest_rates|ai_capex_cycle|semiconductor_cycle,1,2026-09-02,True,2026-05-28,2.4300,2.2700,7.2000,ALCISTA FUERTE,10,767.0500,8.3600,45.9000,14.9200,"Filtros estándar (Score ≥6.5, DD ≥10%)"
VICI,Vici Properties,Real Estate,Hotel & Resort REITs,2022-06-08,25.6500,2026-09-01,43.0900,49.4800,DOWN,-0.0464,0.0438,False,0.0224,0.4021,0.7510,1.5680,26.4700,27.3700,26.2600,-3.0800,-6.2900,False,-1.0354,BAJISTA,-9.1600,28.2400,31.8500,25.6100,-19.4700,0.1600,0.9470,True,25.9300,5,28.5900,True,1.1000,NONE,7.0000,5.0000,5.0000,7.5000,10,10.0000,5.0000,False,3.1400,4.7000,1.5000,10.0195,8.5786,0.9682,6.8925,12.7000,0.0985,0.0482,0.6750,0.9927,0.0570,-0.4140,60.2770,11.2360,267028992.0000,2765718016.0000,0.0965,28242636800.0000,0.6870,2.8100,6.9600,1101077562.0000,4.9100,2.7300,6.1100,6.0400,0.0095,FCF/NI:0.10,1,5.7500,False,3-7d,XLRE,,PLD|AMT|EQIX,interest_rates|cap_rates|occupancy_trends,58,2026-10-29,False,2026-07-29,0.4800,0.7100,-31.8000,ALCISTA FUERTE,10,767.0500,8.3600,45.9000,14.9200,"Filtros estándar (Score ≥6.5, DD ≥10%)"
FTV,Fortive,Industrials,Industrial Machinery & Supplies & Components,2016-07-01,58.8400,2026-09-01,32.2500,49.6500,DOWN,-0.1204,-0.0896,False,0.0876,1.0443,0.7050,1.7750,60.9800,57.8800,60.2100,-3.5000,1.6600,True,1.8775,NEUTRO,-8.8600,64.5600,64.5600,46.3300,-8.8600,26.9900,1.4720,True,53.4300,1,57.7600,False,-9.2000,HAMMER|DOJI,7.3000,8.5000,6.5000,7.5000,4,10.0000,7.0000,False,3.5500,5.3200,1.5000,31.4652,18.1106,2.9379,4.1176,17.0120,0.0732,0.0330,0.1238,0.6323,0.0790,0.0400,59.2830,1.2410,939112512.0000,602200000.0000,1.5595,17770684416.0000,0.9760,4.8800,0.4700,302017052.0000,4.7100,2.4600,4.8300,7.2100,0.0528,OK,0,5.7500,False,7-15d,XLI,,CAT|UNP|HON,pmi_manufacturing|supply_chain|capex_cycle,57,2026-10-28,False,2026-07-29,0.7400,0.7100,4.9000,ALCISTA FUERTE,10,767.0500,8.3600,45.9000,14.9200,"Filtros estándar (Score ≥6.5, DD ≥10%)"
SJM,J.M. Smucker Company (The),Consumer Staples,Packaged Foods & Meats,2008-11-06,131.1600,2026-09-01,78.4300,68.4600,UP,1.0118,0.4794,True,0.9666,3.5478,1.0750,2.7050,116.7000,104.3300,123.1300,12.3900,25.7200,True,2.1146,ALCISTA,-3.4800,135.8900,135.8900,86.4700,-3.4800,51.6800,1.0080,False,115.5300,4,,False,-11.9100,NONE,6.5500,10.0000,7.0000,5.0000,6,5.0000,5.0000,False,5.4100,8.1100,1.5000,61.8679,12.0512,2.5235,1.5301,9.2350,0.0393,0.0626,0.0251,0.3795,0.0500,,120.6820,0.8700,1464337536.0000,229500000.0000,6.3806,14010929152.0000,0.2500,3.2100,3.3900,106823183.0000,5.2200,5.0300,4.2600,6.5600,0.1045,D/E:121,1,5.7500,False,10-18d,XLP,,PG|KO|PEP,inflation|input_costs|fx_rates,84,2026-11-24,False,2026-08-26,3.2400,2.2200,46.2000,ALCISTA FUERTE,10,767.0500,8.3600,45.9000,14.9200,"Filtros estándar (Score ≥6.5, DD ≥10%)"
CTSH,Cognizant,Information Technology,IT Consulting & Other Services,2006-11-17,64.5800,2026-09-01,72.4900,75.3300,DOWN,0.1694,0.2389,False,0.9519,2.1600,0.9170,3.3450,50.0200,62.2100,58.9300,29.1200,3.8100,False,-1.4358,ALCISTA,-0.5100,64.9100,85.4800,36.8600,-24.4500,75.1900,1.0720,True,57.3500,3,,False,-11.1900,NONE,6.2500,8.0000,5.0000,7.5000,6,5.0000,5.0000,False,6.6900,10.0300,1.5000,13.7404,10.2268,2.0184,1.3441,7.4660,0.1492,0.1074,0.1026,0.3344,0.0450,0.0380,14.4790,2.1820,2215500032.0000,2220000000.0000,0.9980,29089689600.0000,0.8090,3.6900,2.0600,450444209.0000,5.4100,0.1600,6.7300,10.0000,0.0762,OK,0,5.7500,False,10-18d,XLK,,AAPL|MSFT|NVDA,interest_rates|ai_capex_cycle|semiconductor_cycle,57,2026-10-28,False,2026-07-29,1.3700,1.3800,-66.0000,ALCISTA FUERTE,10,767.0500,8.3600,45.9000,14.9200,"Filtros estándar (Score ≥6.5, DD ≥10%)"
ETN,Eaton Corporation,Industrials,Electrical Components & Equipment,1957-03-04,401.8800,2026-09-01,30.4600,39.6300,DOWN,-4.9476,-5.3770,True,0.0634,13.7929,0.8110,3.4320,416.5400,378.1300,422.4700,-3.5200,6.2800,True,1.6371,NEUTRO,-15.9200,478.0000,478.0000,309.3300,-15.9200,29.9200,1.1470,True,381.4100,5,417.1900,False,-5.0900,NONE,7.3000,8.5000,7.5000,7.5000,6,8.0000,5.0000,True,6.8600,10.3000,1.5000,40.8830,25.0127,7.7067,5.1985,26.6250,0.1968,0.0705,0.1275,0.3602,0.2140,-0.1590,105.0590,1.2400,3106125056.0000,3828999936.0000,0.8112,156090187776.0000,1.1770,2.7100,1.0900,388400000.0000,4.7000,5.0000,5.2300,3.7400,0.0199,D/E:105,1,5.7400,False,7-15d,XLI,,CAT|UNP|HON,pmi_manufacturing|supply_chain|capex_cycle,63,2026-11-03,False,2026-07-31,3.1500,3.0800,2.4000,ALCISTA FUERTE,10,767.0500,8.3600,45.9000,14.9200,"Filtros estándar (Score ≥6.5, DD ≥10%)"
GPN,Global Payments,Financials,Transaction & Payment Processing Services,2016-04-25,91.0500,2026-09-01,61.7800,67.0200,DOWN,-0.4178,0.0093,False,0.5558,2.8193,0.9140,3.0960,82.0900,74.9300,90.0100,10.9100,21.5100,True,1.1793,ALCISTA,-5.0400,95.8800,95.8800,60.9300,-5.0400,49.4400,1.0580,True,84.2000,1,90.8500,False,-7.5200,HAMMER|DOJI|HAMMER,6.5500,10.0000,5.0000,7.5000,4,5.0000,7.0000,False,6.1900,9.2900,1.5000,43.5646,5.6846,1.0472,2.3605,9.6160,0.0243,0.0233,-0.0915,0.6396,0.6860,-0.9520,98.2730,0.8250,7867763200.0000,494190016.0000,15.9205,24093505536.0000,0.7750,4.3900,1.0900,264618390.0000,5.1800,5.0000,3.9900,6.7800,0.3266,OK,0,5.7300,False,10-18d,XLF,,JPM|BAC|WFC,interest_rates|yield_curve|credit_spreads|loan_growth,63,2026-11-03,False,2026-08-05,3.4600,3.4400,63.0000,ALCISTA FUERTE,10,767.0500,8.3600,45.9000,14.9200,"Filtros estándar (Score ≥6.5, DD ≥10%)"
ALGN,Align Technology,Health Care,Health Care Supplies,2017-06-19,159.7900,2026-09-01,30.6900,40.0700,DOWN,-1.1138,-1.5533,True,0.2111,5.7607,0.8090,3.6050,173.0100,170.0700,166.2200,-7.6400,-6.0500,True,2.0192,BAJISTA,-16.3300,190.9700,200.4400,122.0000,-20.2800,30.9800,1.5310,True,151.5800,1,177.6600,False,-5.1400,DOJI,7.0300,7.0000,7.5000,9.5000,5,6.5000,5.0000,True,7.2100,10.8200,1.5000,27.6932,12.7337,2.6898,2.7422,11.3950,0.1016,0.0740,0.0999,0.7036,0.0430,-0.1210,2.8550,1.3950,584361344.0000,413577984.0000,1.4129,11351457792.0000,1.6530,3.7500,,71039852.0000,4.8500,1.2700,6.6400,6.9200,0.0515,OK,0,5.7200,False,3-7d,XLV,,UNH|JNJ|LLY,fda_calendar|drug_pricing_policy|patent_cliffs,57,2026-10-28,False,2026-07-29,2.6400,2.6000,1.7000,ALCISTA FUERTE,10,767.0500,8.3600,45.9000,14.9200,"Filtros estándar (Score ≥6.5, DD ≥10%)"
NWS,News Corp (Class B),Communication Services,Publishing,2015-09-18,34.4100,2026-09-01,70.2800,70.9700,DOWN,0.0938,0.1747,False,0.6995,0.7907,0.8790,2.2980,31.6500,29.7000,33.6600,8.7300,15.8700,True,1.2538,ALCISTA,-3.7800,35.7600,35.7600,25.4000,-3.7800,35.4900,1.0530,True,29.3800,5,35.3100,False,-14.6100,NONE,6.6500,10.0000,5.0000,7.5000,6,5.0000,5.0000,False,4.6000,6.8900,1.5000,33.4078,22.7622,2.1933,2.0468,15.0540,0.0798,0.0466,0.0635,0.5717,0.1080,-0.7490,31.5610,1.6230,1045124992.0000,573000000.0000,1.8240,18478653440.0000,0.9110,5.2700,0.5800,177683603.0000,5.0700,2.7100,6.1300,6.5900,0.0566,OK,0,5.7000,False,10-18d,XLC,,GOOGL|META|NFLX,ad_spending_cycle|streaming_competition|regulation,65,2026-11-05,False,2026-08-05,0.3500,0.2300,51.2000,ALCISTA FUERTE,10,767.0500,8.3600,45.9000,14.9200,"Filtros estándar (Score ≥6.5, DD ≥10%)"
EIX,Edison International,Utilities,Electric Utilities,1957-03-04,53.9800,2026-09-01,30.5400,50.3600,DOWN,-0.8680,0.4838,False,-0.4068,3.6236,1.9130,6.7130,73.7400,67.2900,71.3000,-26.7900,-19.7800,True,2.4455,BAJISTA,-33.8600,81.6200,81.6200,50.0400,-33.8600,7.8700,5.4150,False,,0,71.8100,False,,HAMMER|DOJI,6.2000,7.0000,6.5000,5.0000,4,8.0000,7.0000,False,13.4300,20.1400,1.5000,7.2456,8.2941,1.1906,1.0695,7.3590,0.1973,0.0409,0.1928,0.6100,-0.0410,0.5510,228.0420,0.6620,82375000.0000,3744000000.0000,0.0220,20772257792.0000,0.6510,4.3300,5.0000,384813979.0000,5.3500,5.0000,5.7000,5.3600,0.0040,FCF/NI:0.02|D/E:228,2,5.6900,False,3-7d,XLU,,NEE|DUK|SO,interest_rates|regulatory_environment,56,2026-10-27,False,2026-07-30,1.5400,1.2100,27.0000,ALCISTA FUERTE,10,767.0500,8.3600,45.9000,14.9200,"Filtros estándar (Score ≥6.5, DD ≥10%)"
AOS,A. O. Smith,Industrials,Building Products,2017-07-26,59.1300,2026-09-01,37.9800,58.0400,DOWN,-0.3416,-0.0960,False,-0.1979,1.5807,0.9310,2.6730,61.0400,64.6700,61.8500,-3.1300,-8.5600,False,-0.5993,BAJISTA,-8.1500,64.3800,80.9200,53.8300,-26.9300,9.8400,1.6200,True,58.3900,3,64.3500,True,-1.2500,HAMMER|DOJI|HAMMER|DOJI,7.0500,5.0000,6.5000,7.5000,9,8.0000,7.0000,False,5.3500,8.0200,1.5000,16.7983,14.4551,4.3632,2.1121,10.8870,0.2713,0.1254,0.1315,0.3859,-0.0070,-0.1500,36.7660,1.5940,484612512.0000,500300000.0000,0.9686,8036274176.0000,1.1570,6.2600,2.3800,110047214.0000,4.7900,0.0000,6.7800,8.0700,0.0603,OK,0,5.6900,False,3-7d,XLI,,CAT|UNP|HON,pmi_manufacturing|supply_chain|capex_cycle,56,2026-10-27,False,2026-07-30,1.0300,0.9200,11.5000,ALCISTA FUERTE,10,767.0500,8.3600,45.9000,14.9200,"Filtros estándar (Score ≥6.5, DD ≥10%)"
CHD,Church & Dwight,Consumer Staples,Household Products,2015-12-29,99.7800,2026-09-01,40.6500,46.7800,DOWN,-0.0420,-0.0618,True,0.3221,2.2159,0.9480,2.2210,98.7500,94.0000,100.5000,1.0400,6.1500,True,1.7347,ALCISTA,-4.0500,103.9900,105.3700,80.2900,-5.3100,24.2700,1.3170,True,92.5600,8,99.9100,False,-7.2400,HAMMER,7.0500,10.0000,6.0000,7.5000,6,5.0000,7.0000,False,4.4400,6.6600,1.5000,32.5016,24.6999,5.4421,3.7996,19.0740,0.1704,0.0787,0.1196,0.4556,0.0160,0.0900,55.8510,1.1470,939262528.0000,744800000.0000,1.2611,23668205568.0000,0.4710,5.8900,1.2100,237203907.0000,4.7900,2.9700,6.1200,5.3500,0.0397,OK,0,5.6900,False,10-18d,XLP,,PG|KO|PEP,inflation|input_costs|fx_rates,59,2026-10-30,False,2026-07-31,0.8900,0.9000,-95.0000,ALCISTA FUERTE,10,767.0500,8.3600,45.9000,14.9200,"Filtros estándar (Score ≥6.5, DD ≥10%)"
BF-B,Brown–Forman,Consumer Staples,Distillers & Vintners,1982-10-31,26.5700,2026-09-01,36.1800,56.5500,DOWN,-0.2005,-0.0346,False,-0.1833,0.7636,0.8750,2.8740,27.2600,26.9700,27.8100,-2.5200,-1.5000,True,0.4028,BAJISTA,-10.5100,29.6900,31.1100,22.4100,-14.6000,18.5400,1.3010,True,25.0600,3,28.0000,False,-5.7000,NONE,6.9500,7.0000,6.5000,7.5000,7,8.0000,5.0000,False,5.7500,8.6200,1.5000,17.8322,15.6359,3.0317,3.1039,12.2320,0.1785,0.0864,0.1820,0.6054,0.0200,-0.6270,64.9500,3.2390,739625024.0000,715000000.0000,1.0344,12192023552.0000,0.3400,4.5500,3.3900,290383416.0000,4.8500,0.7100,6.6200,7.6000,0.0607,OK,0,5.6900,False,3-7d,XLP,,PG|KO|PEP,inflation|input_costs|fx_rates,1,2026-09-02,True,2026-06-04,0.1200,0.3200,-62.6000,ALCISTA FUERTE,10,767.0500,8.3600,45.9000,14.9200,"Filtros estándar (Score ≥6.5, DD ≥10%)"
FOXA,Fox Corporation (Class A),Communication Services,Broadcasting,2019-03-19,67.3500,2026-09-01,62.9500,79.1500,DOWN,-0.1159,0.4556,False,0.6124,1.8129,0.8340,2.6920,58.9900,63.2800,65.7500,14.1700,6.4400,False,0.7072,ALCISTA,-5.0700,70.9500,76.0200,48.3400,-11.4000,39.3300,1.0970,True,63.0800,1,68.7100,False,-6.3400,NONE,6.0500,8.5000,5.0000,7.5000,4,5.0000,5.0000,False,5.3800,8.0800,1.5000,17.8175,11.5429,2.4303,1.6534,8.1950,0.1429,0.0950,0.0984,0.3663,0.2810,0.0310,64.0600,3.1690,555374976.0000,1684999936.0000,0.3296,28316463104.0000,0.5410,9.6900,0.8500,200188712.0000,5.4500,6.7100,5.1300,4.3500,0.0196,FCF/NI:0.33,1,5.6900,False,10-18d,XLC,,GOOGL|META|NFLX,ad_spending_cycle|streaming_competition|regulation,58,2026-10-29,False,2026-08-06,1.7900,1.3800,29.3000,ALCISTA FUERTE,10,767.0500,8.3600,45.9000,14.9200,"Filtros estándar (Score ≥6.5, DD ≥10%)"
LULU,Lululemon Athletica,Consumer Discretionary,"Apparel, Accessories & Luxury Goods",2023-10-18,120.2600,2026-09-01,43.0600,49.6200,DOWN,-0.2219,-0.5302,True,0.4595,4.5129,0.9770,3.7530,117.9800,153.8400,119.4900,1.9300,-21.8300,False,-3.1615,BAJISTA,-6.6700,128.8600,225.9800,104.4400,-46.7800,15.1500,4.0360,False,116.6300,1,122.0000,True,-3.0200,NONE,5.8000,6.5000,6.0000,5.0000,7,5.0000,5.0000,False,7.5100,11.2600,1.5000,9.7377,10.7306,2.8516,1.2189,5.5640,0.3203,0.1605,0.1303,0.5569,0.0430,-0.3500,44.2640,2.2260,1133960960.0000,1459659008.0000,0.7769,13655994368.0000,0.8630,4.3800,,108437957.0000,5.6200,1.4800,7.0900,8.7200,0.0830,OK,0,5.6900,False,3-7d,XLY,,AMZN|TSLA|HD,consumer_spending|employment_data|interest_rates,2,2026-09-03,True,2026-06-04,1.6900,1.6800,38.0000,ALCISTA FUERTE,10,767.0500,8.3600,45.9000,14.9200,"Filtros estándar (Score ≥6.5, DD ≥10%)"
BSX,Boston Scientific,Health Care,Health Care Equipment,1995-02-24,48.3000,2026-09-01,42.7700,57.6700,DOWN,-0.4962,-0.1937,False,0.2515,1.8257,1.1110,3.7800,46.6000,68.1500,48.9200,3.6400,-29.1300,False,-6.8601,BAJISTA,-8.8500,52.9900,109.5000,42.2000,-55.8900,14.4500,0.9680,False,47.1700,1,50.1400,True,-2.3400,BULL_ENGULF,6.0800,6.5000,5.0000,5.0000,7,6.5000,7.5000,False,7.5600,11.3400,1.5000,19.5547,14.0681,2.8029,3.3339,14.4150,0.1534,0.0619,0.1750,0.6919,0.0750,0.1510,50.1510,1.2400,2451375104.0000,3673999872.0000,0.6672,69997789184.0000,0.5660,1.4000,,1449229526.0000,5.4300,4.7800,5.4700,6.1300,0.0350,FCF/NI:0.67,1,5.6900,False,3-7d,XLV,,UNH|JNJ|LLY,fda_calendar|drug_pricing_policy|patent_cliffs,57,2026-10-28,False,2026-07-29,0.8600,0.8300,3.9000,ALCISTA FUERTE,10,767.0500,8.3600,45.9000,14.9200,"Filtros estándar (Score ≥6.5, DD ≥10%)"
CEG,Constellation Energy,Utilities,Electric Utilities,2022-02-02,274.7700,2026-09-01,54.4700,49.6500,UP,0.0408,-0.0312,True,0.5442,8.1870,0.8280,2.9800,264.6000,296.8700,273.3900,3.8500,-7.4400,False,-3.2672,BAJISTA,-4.1100,286.5600,410.4100,228.2800,-33.0500,20.3700,0.9780,True,280.2100,5,309.5100,True,1.9800,HAMMER|DOJI,7.1500,6.5000,7.0000,7.5000,10,5.0000,7.0000,False,5.9600,8.9400,1.5000,27.0177,20.5949,3.0530,3.1133,15.3040,0.1506,0.0389,0.1108,0.2211,0.2300,-0.4680,76.4190,1.4550,-6625124864.0000,3464999936.0000,-1.9120,97353039872.0000,1.1180,3.4000,0.6200,354307379.0000,4.7100,5.0000,6.2500,2.5600,-0.0681,FCF/NI:-1.91,1,5.6900,False,3-7d,XLU,,NEE|DUK|SO,interest_rates|regulatory_environment,69,2026-11-09,False,2026-08-06,2.5500,2.2800,11.7000,ALCISTA FUERTE,10,767.0500,8.3600,45.9000,14.9200,"Filtros estándar (Score ≥6.5, DD ≥10%)"
ZTS,Zoetis,Health Care,Pharmaceuticals,2013-06-21,77.1000,2026-09-01,55.3900,51.1300,UP,0.2506,0.3768,False,0.7350,2.4829,0.9460,3.2200,75.4600,103.0900,75.9400,2.1700,-25.2100,False,-5.5732,BAJISTA,-6.4400,82.4100,153.5400,70.9800,-49.7900,8.6300,0.8710,True,72.4400,6,77.4800,False,-6.0500,HAMMER|DOJI,6.3500,6.5000,6.0000,7.5000,6,5.0000,7.0000,False,6.4400,9.6600,1.5000,12.6187,11.8044,,3.3448,9.7000,0.6491,0.1535,0.2768,0.7174,-0.0020,0.0120,293.9960,3.0840,2016999936.0000,2636999936.0000,0.7649,31859539968.0000,0.7300,2.4700,2.7400,413223602.0000,5.2300,0.0000,7.4900,8.6800,0.0633,D/E:294,1,5.6800,False,3-7d,XLV,,UNH|JNJ|LLY,fda_calendar|drug_pricing_policy|patent_cliffs,63,2026-11-03,False,2026-08-06,1.8700,1.8500,95.0000,ALCISTA FUERTE,10,767.0500,8.3600,45.9000,14.9200,"Filtros estándar (Score ≥6.5, DD ≥10%)"
COHR,Coherent Corp.,Information Technology,Electronic Components,2026-03-23,277.8300,2026-09-01,37.3500,41.2600,DOWN,-3.0589,-3.1630,True,0.1962,24.1464,0.7220,8.6910,317.5100,273.8800,299.7300,-12.5000,1.4400,True,7.0494,NEUTRO,-36.8100,439.6800,440.0000,85.9400,-36.8600,223.2800,0.6660,True,262.6200,1,281.1600,False,-5.4700,NONE,7.0700,8.5000,7.5000,7.5000,4,8.5000,5.0000,True,17.3800,26.0700,1.5000,67.2712,19.9086,4.9880,7.6435,39.5570,0.0798,0.0339,0.1131,0.3750,0.3370,,31.6120,2.4270,-649981632.0000,769896000.0000,-0.8442,54408069120.0000,2.1070,1.5400,,195832246.0000,4.7300,6.9100,4.2500,2.7600,-0.0119,FCF/NI:-0.84,1,5.6700,False,7-15d,XLK,,AAPL|MSFT|NVDA,interest_rates|ai_capex_cycle|semiconductor_cycle,64,2026-11-04,False,2026-08-12,1.7400,1.6200,7.6000,ALCISTA FUERTE,10,767.0500,8.3600,45.9000,14.9200,"Filtros estándar (Score ≥6.5, DD ≥10%)"
IQV,IQVIA,Health Care,Life Sciences Tools & Services,2017-08-29,261.1900,2026-09-01,74.0000,71.7600,UP,0.3825,0.8202,False,0.8288,7.2857,0.9530,2.7890,221.2400,200.7700,246.9800,18.0600,30.0900,True,1.6783,ALCISTA,-1.5300,265.2500,265.2500,154.5000,-1.5300,69.0600,1.0650,True,233.7600,1,,False,-10.5000,NONE,6.5500,10.0000,6.0000,7.5000,4,5.0000,5.0000,False,5.5800,8.3700,1.5000,32.5673,18.0627,6.9667,2.5315,18.7980,0.2282,0.0506,0.0810,0.3297,0.0870,-0.0060,257.9750,0.7060,2149750016.0000,1375000064.0000,1.5635,42991874048.0000,1.1750,2.9900,,164600000.0000,5.0800,3.0800,6.0800,6.2600,0.0500,D/E:258,1,5.6700,False,10-18d,XLV,,UNH|JNJ|LLY,fda_calendar|drug_pricing_policy|patent_cliffs,63,2026-11-03,False,2026-07-28,3.1500,3.0300,3.9000,ALCISTA FUERTE,10,767.0500,8.3600,45.9000,14.9200,"Filtros estándar (Score ≥6.5, DD ≥10%)"
CL,Colgate-Palmolive,Consumer Staples,Household Products,1957-03-04,89.8200,2026-09-01,40.7000,50.0900,DOWN,-0.1864,-0.0630,False,0.0734,1.6214,0.7350,1.8050,91.7200,86.6900,91.3700,-2.0700,3.6100,True,1.8154,NEUTRO,-5.9100,95.4600,98.1500,73.2200,-8.4900,22.6700,1.4220,True,83.7100,2,89.1000,False,-6.8000,NONE,6.8000,8.5000,5.0000,7.5000,4,10.0000,5.0000,False,3.6100,5.4200,1.5000,35.7849,21.8646,303.4459,3.4020,15.7210,2.6737,0.1584,0.0968,0.6043,0.0490,-0.0550,1388.1630,1.0260,3458374912.0000,2038000000.0000,1.6969,71602061312.0000,0.3270,3.9700,2.3400,797172829.0000,4.9100,2.4700,6.7500,5.6100,0.0483,D/E:1388,1,5.6700,False,7-15d,XLP,,PG|KO|PEP,inflation|input_costs|fx_rates,59,2026-10-30,False,2026-07-31,0.9900,0.9500,4.5000,ALCISTA FUERTE,10,767.0500,8.3600,45.9000,14.9200,"Filtros estándar (Score ≥6.5, DD ≥10%)"
PFE,Pfizer,Health Care,Pharmaceuticals,1957-03-04,28.4600,2026-09-01,63.8000,77.9400,DOWN,0.0669,0.1531,False,0.8226,0.6357,1.1870,2.2340,25.3800,25.3400,27.2100,12.1400,12.3000,True,1.6571,ALCISTA,-0.8400,28.7000,28.7000,22.0300,-0.8400,29.1600,1.1760,True,25.4300,8,,False,-10.6500,HAMMER,6.8500,10.0000,5.0000,7.5000,6,5.0000,7.0000,False,4.4700,6.7000,1.5000,36.9610,9.8294,1.9039,2.5467,8.4420,0.0501,0.0578,0.0680,0.7472,0.0260,,74.2530,1.2670,12485624832.0000,4338999808.0000,2.8775,162212708352.0000,0.2800,3.6900,6.1500,5699673589.0000,4.8600,3.0700,4.7100,7.1100,0.0770,OK,0,5.6600,False,10-18d,XLV,,UNH|JNJ|LLY,fda_calendar|drug_pricing_policy|patent_cliffs,63,2026-11-03,False,2026-08-04,0.7700,0.6800,12.9000,ALCISTA FUERTE,10,767.0500,8.3600,45.9000,14.9200,"Filtros estándar (Score ≥6.5, DD ≥10%)"
PFG,Principal Financial Group,Financials,Life & Health Insurance,2002-07-22,110.1600,2026-09-01,34.4400,30.3100,UP,-0.3817,-0.4633,True,0.0597,1.9636,0.8440,1.7820,111.7800,97.2600,112.1900,-1.4500,13.2700,True,3.6273,NEUTRO,-5.5300,116.6100,116.6100,75.8400,-5.5300,45.2500,2.1050,True,111.7200,2,115.7700,True,1.4200,HAMMER,7.8500,8.5000,8.5000,7.5000,7,8.0000,7.0000,False,3.5600,5.3500,1.5000,15.6923,10.6305,1.9472,1.5029,10.4650,0.1295,0.0035,0.0993,0.4734,0.0640,0.0280,35.3070,1.5860,1056374976.0000,1558800000.0000,0.6777,23585767424.0000,0.8800,5.7500,3.0200,214104641.0000,4.1800,1.2900,5.2700,6.2600,0.0448,FCF/NI:0.68,1,5.6500,False,7-15d,XLF,,JPM|BAC|WFC,interest_rates|yield_curve|credit_spreads|loan_growth,55,2026-10-26,False,2026-07-27,2.5000,2.3300,7.1000,ALCISTA FUERTE,10,767.0500,8.3600,45.9000,14.9200,"Filtros estándar (Score ≥6.5, DD ≥10%)"
DHI,D. R. Horton,Consumer Discretionary,Homebuilding,2005-06-22,144.5600,2026-09-01,47.2200,52.2000,DOWN,-0.2130,0.3538,False,0.0814,3.9129,0.8090,2.7070,150.7200,149.0200,148.0300,-4.0900,-2.9900,True,-0.1101,BAJISTA,-15.1100,170.2800,182.3600,130.9600,-20.7300,10.3800,1.3450,True,147.4200,1,152.7100,True,1.9800,NONE,6.7000,6.5000,5.0000,7.5000,8,8.0000,5.0000,False,5.4100,8.1200,1.5000,14.0486,12.2853,1.7038,1.2124,11.1760,0.1263,0.0688,0.0915,0.2130,0.0000,-0.0480,29.4510,6.0110,2413900032.0000,3052900096.0000,0.7907,40433614848.0000,1.3750,3.7800,1.2200,279701267.0000,4.9000,0.0000,6.7100,8.5000,0.0597,OK,0,5.6200,False,3-7d,XLY,,AMZN|TSLA|HD,consumer_spending|employment_data|interest_rates,58,2026-10-29,False,2026-07-21,3.2000,2.9900,7.1000,ALCISTA FUERTE,10,767.0500,8.3600,45.9000,14.9200,"Filtros estándar (Score ≥6.5, DD ≥10%)"
KLAC,KLA Corporation,Information Technology,Semiconductor Materials & Equipment,1997-09-30,175.4500,2026-09-01,25.9900,38.9900,DOWN,-0.9387,-0.5787,False,0.1028,7.6222,0.4910,4.3440,211.7900,169.9700,189.8600,-17.1600,3.2300,True,4.5785,NEUTRO,-42.8500,307.0200,307.0200,82.7800,-42.8500,111.9500,0.8020,True,169.2300,2,192.0600,True,-3.5500,HAMMER,7.9500,8.5000,7.5000,7.5000,7,10.0000,7.0000,False,8.6900,13.0300,1.5000,48.0685,26.2853,36.1157,16.8809,38.0660,0.8750,0.2080,0.3557,0.6130,0.1520,0.1380,96.8800,2.8760,2624587520.0000,4830771200.0000,0.5433,229233639424.0000,1.4580,2.1700,0.5200,1306546783.0000,4.0700,2.2800,6.8800,2.8700,0.0114,FCF/NI:0.54|D/E:97,2,5.6200,False,7-15d,XLK,,AAPL|MSFT|NVDA,interest_rates|ai_capex_cycle|semiconductor_cycle,57,2026-10-28,False,2026-07-28,1.0500,1.0000,5.1000,ALCISTA FUERTE,10,767.0500,8.3600,45.9000,14.9200,"Filtros estándar (Score ≥6.5, DD ≥10%)"
OKE,Oneok,Energy,Oil & Gas Storage & Transportation,2010-03-15,96.0100,2026-09-01,66.9100,64.4700,UP,0.1275,0.0007,True,0.7796,2.2993,0.9600,2.3950,90.2200,82.5700,92.9800,6.4200,16.2700,True,3.4568,ALCISTA,-1.9300,97.9000,97.9000,61.6700,-1.9300,55.6800,1.3930,True,83.0600,5,94.8400,False,-13.4900,BULL_ENGULF|HAMMER|HAMMER,7.9000,10.0000,7.0000,9.5000,6,5.0000,9.5000,False,4.7900,7.1800,1.5000,16.3560,15.1958,2.6386,1.5374,12.1940,0.1628,0.0577,0.0929,0.2721,0.5280,0.1420,143.0700,0.7370,899875008.0000,3656000000.0000,0.2461,60521791488.0000,0.7150,6.7200,4.5200,630369667.0000,4.1000,4.4300,3.9700,3.8800,0.0149,FCF/NI:0.25|D/E:143,2,5.6200,False,10-18d,XLE,,XOM|CVX|COP,oil_price|gas_price|opec_supply|inventories,56,2026-10-27,False,2026-08-03,1.5300,1.4500,5.6000,ALCISTA FUERTE,10,767.0500,8.3600,45.9000,14.9200,"Filtros estándar (Score ≥6.5, DD ≥10%)"
D,Dominion Energy,Utilities,Multi-Utilities,2016-11-30,66.0100,2026-09-01,38.9500,35.9100,UP,-0.1847,-0.1833,False,0.0614,0.9557,0.7670,1.4480,69.0100,63.2800,67.7000,-4.3400,4.3100,True,1.4758,NEUTRO,-9.5600,72.9900,72.9900,54.7100,-9.5600,20.6500,1.8400,True,66.0000,1,69.9000,True,-0.0200,HAMMER|DOJI,7.9500,8.5000,7.5000,7.5000,7,10.0000,7.0000,False,2.9000,4.3400,1.5000,22.6838,17.3009,2.0797,3.2042,14.0720,0.0828,0.0304,0.1398,0.4622,0.1760,-0.5800,160.4590,0.8090,-9181124608.0000,2505999872.0000,-3.6637,58057510912.0000,0.6300,6.3000,4.0700,879525949.0000,4.0700,5.0000,4.1400,2.8900,-0.1581,FCF/NI:-3.66|D/E:160,2,5.6200,False,7-15d,XLU,,NEE|DUK|SO,interest_rates|regulatory_environment,59,2026-10-30,False,2026-07-31,0.7900,0.6700,17.2000,ALCISTA FUERTE,10,767.0500,8.3600,45.9000,14.9200,"Filtros estándar (Score ≥6.5, DD ≥10%)"
WM,Waste Management,Industrials,Environmental & Facilities Services,1998-08-31,218.9200,2026-09-01,29.7700,42.5700,DOWN,-0.6797,-0.3065,False,0.0004,3.6229,0.7620,1.6550,228.2100,223.7500,224.5300,-4.0700,-2.1600,True,0.8692,BAJISTA,-11.4200,247.1500,247.1500,191.7700,-11.4200,14.1600,1.3630,False,220.2900,3,231.5300,True,0.6300,HAMMER|DOJI,8.0000,7.0000,7.5000,7.0000,10,10.0000,7.0000,False,3.3100,4.9600,1.5000,30.9646,24.0064,8.8221,3.4093,14.1890,0.2984,0.0657,0.1111,0.4060,0.0400,0.0830,235.3010,0.9070,2348375040.0000,2852999936.0000,0.8231,87505649664.0000,0.4370,3.1900,1.7200,399715184.0000,4.0400,2.1800,5.5000,4.5300,0.0268,D/E:235,1,5.6200,False,3-7d,XLI,,CAT|UNP|HON,pmi_manufacturing|supply_chain|capex_cycle,55,2026-10-26,False,2026-07-28,2.0200,1.9800,2.1000,ALCISTA FUERTE,10,767.0500,8.3600,45.9000,14.9200,"Filtros estándar (Score ≥6.5, DD ≥10%)"
COR,Cencora,Health Care,Health Care Distributors,2001-08-30,323.6000,2026-09-01,49.4300,56.5300,DOWN,-0.0717,-0.0001,False,0.6733,8.5493,1.1050,2.6420,306.4100,321.4600,318.1500,5.6100,0.6700,False,-0.4895,ALCISTA,-2.9100,333.3000,375.3300,243.7800,-13.7800,32.7400,0.9280,True,310.1100,3,325.5700,False,-4.1700,HAMMER,6.4500,8.0000,5.0000,7.5000,6,5.0000,7.0000,False,5.2800,7.9300,1.5000,23.9172,16.3533,20.2402,0.1856,13.2670,0.9687,0.0356,0.0079,0.0396,0.0510,0.1190,446.5160,0.9350,2043314048.0000,2624793088.0000,0.7785,61751672832.0000,0.5730,3.0300,0.7500,190827165.0000,5.0500,3.2200,6.7900,5.1600,0.0331,D/E:447,1,5.6100,False,10-18d,XLV,,UNH|JNJ|LLY,fda_calendar|drug_pricing_policy|patent_cliffs,64,2026-11-04,False,2026-08-05,4.4800,4.3400,3.2000,ALCISTA FUERTE,10,767.0500,8.3600,45.9000,14.9200,"Filtros estándar (Score ≥6.5, DD ≥10%)"
PANW,Palo Alto Networks,Information Technology,Systems Software,2023-06-20,382.1300,2026-09-01,48.8900,54.4800,DOWN,-1.5429,-5.4048,True,0.7179,16.9229,1.1050,4.4290,343.6300,229.6400,360.5800,11.2100,66.4100,True,7.1505,ALCISTA,-4.2000,398.8800,398.8800,139.5700,-4.2000,173.7900,1.5440,True,314.9500,1,398.8800,False,-17.5800,NONE,6.5500,10.0000,6.0000,7.5000,4,5.0000,5.0000,False,8.8600,13.2900,1.5000,323.8390,92.9904,11.2285,29.3627,209.2720,0.0483,0.0177,0.0795,0.7196,0.3110,,7.6980,0.8560,3579375104.0000,842899968.0000,4.2465,311435952128.0000,0.8930,3.7400,,815000000.0000,4.9600,6.5300,5.6500,2.3200,0.0115,OK,0,5.6000,False,10-18d,XLK,,AAPL|MSFT|NVDA,interest_rates|ai_capex_cycle|semiconductor_cycle,0,2026-09-01,True,2026-06-02,0.8500,0.8000,6.6000,ALCISTA FUERTE,10,767.0500,8.3600,45.9000,14.9200,"Filtros estándar (Score ≥6.5, DD ≥10%)"
WY,Weyerhaeuser,Real Estate,Timber REITs,1979-10-01,23.3700,2026-09-01,26.8100,40.9500,DOWN,-0.1562,-0.0839,False,0.0387,0.5364,0.8160,2.2950,24.2900,24.0000,24.3200,-3.8000,-2.6400,True,0.8215,BAJISTA,-10.1200,26.0000,27.2800,20.6000,-14.3300,13.4300,1.3340,True,23.6600,4,25.4800,True,1.2200,NONE,7.6000,7.0000,7.5000,7.5000,10,8.0000,5.0000,False,4.5900,6.8900,1.5000,35.9539,34.3520,1.7852,2.4582,31.6360,0.0497,0.0067,0.0689,0.1451,-0.0090,0.8710,57.6250,1.8160,13625000.0000,472000000.0000,0.0289,16843600896.0000,0.9010,4.5500,3.5500,720736000.0000,4.2600,5.0000,4.6000,3.0000,0.0008,FCF/NI:0.03,1,5.6000,False,3-7d,XLRE,,PLD|AMT|EQIX,interest_rates|cap_rates|occupancy_trends,58,2026-10-29,False,2026-07-30,0.1300,0.0800,66.6000,ALCISTA FUERTE,10,767.0500,8.3600,45.9000,14.9200,"Filtros estándar (Score ≥6.5, DD ≥10%)"
CCL,Carnival Corporation,Consumer Discretionary,"Hotels, Resorts & Cruise Lines",1998-12-22,23.8900,2026-09-01,22.2500,22.6200,DOWN,-0.3520,-0.2818,False,0.0292,0.7879,0.7160,3.2980,27.1800,27.5600,26.2900,-12.1100,-13.3100,False,-0.2682,BAJISTA,-24.0000,31.4400,33.4900,23.2100,-28.6700,2.9500,1.7790,True,23.3600,2,27.7300,True,-2.2200,NONE,7.0500,5.0000,7.5000,7.5000,7,10.0000,5.0000,False,6.6000,9.8900,1.5000,11.1636,9.0567,2.5275,1.1981,7.7600,0.2669,0.0537,0.1124,0.5568,0.0530,-0.0650,201.5560,0.3340,1899374976.0000,3068999936.0000,0.6189,32720916480.0000,2.3380,2.0400,1.8200,1369649119.0000,4.6300,1.9500,4.0000,8.5000,0.0580,FCF/NI:0.62|D/E:202,2,5.6000,False,3-7d,XLY,,AMZN|TSLA|HD,consumer_spending|employment_data|interest_rates,27,2026-09-28,False,2026-06-23,0.4100,0.3400,21.1000,ALCISTA FUERTE,10,767.0500,8.3600,45.9000,14.9200,"Filtros estándar (Score ≥6.5, DD ≥10%)"
EG,Everest Group,Financials,Reinsurance,2017-06-19,374.6500,2026-09-01,60.4300,57.1700,UP,0.5998,0.6132,False,0.6836,6.8350,0.8510,1.8240,370.3700,339.4500,373.0000,1.1600,10.3700,True,1.3147,ALCISTA,-6.5900,401.0700,401.0700,298.7800,-6.5900,25.4000,1.6430,True,341.9200,1,379.2200,False,-8.7400,HAMMER|DOJI,6.7500,10.0000,6.0000,7.5000,4,5.0000,7.0000,False,3.6500,5.4700,1.5000,7.9815,6.2701,0.9397,0.8538,,0.1257,0.0249,0.1138,0.1528,-0.1130,-0.1150,23.2600,0.3880,2064625024.0000,1890000000.0000,1.0924,14365106176.0000,0.2790,4.0200,2.1200,38342734.0000,4.8400,0.0000,6.2600,8.8400,0.1437,RevG:-11.3%,1,5.6000,False,10-18d,XLF,,JPM|BAC|WFC,interest_rates|yield_curve|credit_spreads|loan_growth,57,2026-10-28,False,2026-07-29,14.8500,14.5300,2.2000,ALCISTA FUERTE,10,767.0500,8.3600,45.9000,14.9200,"Filtros estándar (Score ≥6.5, DD ≥10%)"
BKR,Baker Hughes,Energy,Oil & Gas Equipment & Services,2017-07-07,63.5500,2026-09-01,46.9300,57.4600,DOWN,-0.2802,-0.3107,True,0.6062,1.5079,0.8170,2.3730,59.2500,57.7500,62.2700,7.2500,10.0500,True,2.9579,ALCISTA,-3.7100,66.0000,69.9200,43.2400,-9.1100,46.9600,1.7390,True,62.2600,3,64.1800,True,-2.0300,HAMMER|HAMMER,7.9000,10.0000,6.0000,9.5000,9,5.0000,7.0000,False,4.7500,7.1200,1.5000,20.1108,20.1057,3.1677,2.2754,12.9140,0.1646,0.0485,0.1117,0.2366,-0.0240,-0.0420,80.9250,2.0950,4415000064.0000,3096000000.0000,1.4260,63084433408.0000,0.9590,2.7400,1.4700,992674071.0000,4.0600,0.0000,5.8000,6.7700,0.0700,D/E:81,1,5.6000,False,10-18d,XLE,,XOM|CVX|COP,oil_price|gas_price|opec_supply|inventories,51,2026-10-22,False,2026-07-26,0.6400,0.4900,31.5000,ALCISTA FUERTE,10,767.0500,8.3600,45.9000,14.9200,"Filtros estándar (Score ≥6.5, DD ≥10%)"
PKG,Packaging Corporation of America,Materials,Paper & Plastic Packaging Products & Materials,2017-07-26,233.9400,2026-09-01,23.7300,52.5600,DOWN,-2.6295,-1.6617,False,-0.2768,5.3557,0.8330,2.2890,242.3000,220.6100,247.5800,-3.4500,6.0400,True,2.4209,NEUTRO,-10.0200,259.9800,259.9800,187.9800,-10.0200,24.4500,1.1660,True,222.8200,2,243.5000,False,-4.7600,HAMMER|DOJI,7.2000,8.5000,7.5000,7.5000,4,8.0000,7.0000,False,4.5800,6.8700,1.5000,31.2336,18.0839,4.4440,2.1861,12.2630,0.1489,0.0828,0.0726,0.2139,0.1470,-0.1950,94.4740,2.9410,432950016.0000,687400000.0000,0.6298,20843655168.0000,0.8070,4.3100,2.5000,89098299.0000,4.5200,4.0500,5.3600,4.0900,0.0208,FCF/NI:0.63|D/E:94,2,5.5900,False,7-15d,XLB,,LIN|APD|ECL,commodity_prices|dxy|china_demand|energy_costs,50,2026-10-21,False,2026-07-22,2.3500,2.3100,1.6000,ALCISTA FUERTE,10,767.0500,8.3600,45.9000,14.9200,"Filtros estándar (Score ≥6.5, DD ≥10%)"
PNW,Pinnacle West Capital,Utilities,Multi-Utilities,1999-10-04,97.6400,2026-09-01,41.0000,32.3100,UP,-0.0997,-0.2269,True,0.1402,1.4771,0.7350,1.5130,103.0000,96.7700,99.7100,-5.2100,0.9000,True,1.2575,NEUTRO,-11.3600,110.1600,110.1600,82.1400,-11.3600,18.8700,0.8760,True,97.4300,5,107.1700,True,-0.2200,HAMMER,8.1500,8.5000,7.0000,7.5000,9,10.0000,7.0000,False,3.0300,4.5400,1.5000,18.7409,17.5383,1.6821,2.1306,13.2010,0.0936,0.0233,0.1153,0.4335,0.0710,-0.0950,233.2880,0.5940,-929501376.0000,640105024.0000,-1.4521,11833697280.0000,0.4440,6.6500,3.7300,121197234.0000,3.8900,4.3400,4.0100,3.2300,-0.0785,FCF/NI:-1.45|D/E:233,2,5.5900,False,7-15d,XLU,,NEE|DUK|SO,interest_rates|regulatory_environment,63,2026-11-03,False,2026-08-04,1.4300,1.4700,-2.7000,ALCISTA FUERTE,10,767.0500,8.3600,45.9000,14.9200,"Filtros estándar (Score ≥6.5, DD ≥10%)"
SW,Smurfit Westrock,Materials,Paper & Plastic Packaging Products & Materials,2024-07-08,46.9000,2026-09-01,48.9800,60.6600,DOWN,-0.2317,-0.0524,False,0.1605,1.4285,0.7960,3.0460,46.3200,41.3800,48.0400,1.2400,13.3400,True,2.4117,ALCISTA,-8.9700,51.5200,51.5200,31.7900,-8.9700,47.5500,1.2650,True,47.3200,2,49.7400,True,0.8900,NONE,7.3300,10.0000,5.0000,7.5000,7,8.5000,5.0000,False,6.0900,9.1400,1.5000,51.5385,13.7987,1.3639,0.7853,8.3210,0.0272,0.0262,0.0159,0.1816,0.0110,,78.4270,1.4470,1215000064.0000,497000000.0000,2.4447,24600125440.0000,0.9300,4.1900,3.7500,524522908.0000,4.4200,2.5000,4.4500,6.6200,0.0494,OK,0,5.5800,False,10-18d,XLB,,LIN|APD|ECL,commodity_prices|dxy|china_demand|energy_costs,57,2026-10-28,False,2026-07-29,0.3500,0.4200,-16.9000,ALCISTA FUERTE,10,767.0500,8.3600,45.9000,14.9200,"Filtros estándar (Score ≥6.5, DD ≥10%)"
NKE,"Nike, Inc.",Consumer Discretionary,"Apparel, Accessories & Luxury Goods",1988-11-30,39.0600,2026-09-01,39.7600,46.0600,DOWN,-0.1084,-0.1428,True,0.1904,1.1114,0.8150,2.8450,41.8000,51.4200,40.3700,-6.5600,-24.0400,False,-4.3815,BAJISTA,-15.6600,46.3100,77.0200,38.1700,-49.2800,2.3300,0.8630,False,38.8600,1,43.6900,True,-0.5100,HAMMER|DOJI,6.2200,5.0000,7.5000,5.0000,7,6.5000,7.0000,False,5.6900,8.5400,1.5000,18.8696,17.0484,3.8966,1.2489,12.1650,0.2214,0.0697,0.0670,0.4325,-0.0110,4.2800,74.2890,1.9610,1889250048.0000,3108000000.0000,0.6079,57945464832.0000,1.1180,3.4700,4.1400,1202110951.0000,5.1600,5.0000,5.0600,5.4700,0.0326,FCF/NI:0.61,1,5.5800,False,3-7d,XLY,,AMZN|TSLA|HD,consumer_spending|employment_data|interest_rates,30,2026-10-01,False,2026-06-30,0.7200,0.1300,466.1000,ALCISTA FUERTE,10,767.0500,8.3600,45.9000,14.9200,"Filtros estándar (Score ≥6.5, DD ≥10%)"
XEL,Xcel Energy,Utilities,Multi-Utilities,1957-03-04,75.6900,2026-09-01,43.7100,42.1600,UP,-0.1854,-0.0973,False,-0.0126,1.3021,0.7940,1.7200,79.1500,77.9900,77.9200,-4.3700,-2.9500,True,-0.1554,BAJISTA,-8.6800,82.8800,83.2200,69.1600,-9.0500,9.4500,1.4130,True,76.8200,8,80.8500,True,1.4900,HAMMER|HAMMER|DOJI,7.7000,6.5000,6.0000,7.5000,10,10.0000,7.0000,False,3.4400,5.1600,1.5000,20.9668,16.6666,1.9845,3.2347,14.1940,0.0992,0.0237,0.1528,0.4682,-0.0510,0.2400,173.1350,0.7010,-7907999744.0000,2232999936.0000,-3.5414,47278571520.0000,0.4050,8.3900,3.1000,624634306.0000,4.1600,5.0000,4.3100,3.0000,-0.1673,FCF/NI:-3.54|D/E:173,2,5.5800,False,3-7d,XLU,,NEE|DUK|SO,interest_rates|regulatory_environment,58,2026-10-29,False,2026-07-30,0.9300,0.7900,18.4000,ALCISTA FUERTE,10,767.0500,8.3600,45.9000,14.9200,"Filtros estándar (Score ≥6.5, DD ≥10%)"
MLM,Martin Marietta Materials,Materials,Construction Materials,2014-07-02,518.7000,2026-09-01,33.3800,46.8900,DOWN,-0.4732,-0.1637,False,0.0277,11.8178,0.6800,2.2780,562.4100,602.3000,538.3000,-7.7700,-13.8800,False,-1.3159,BAJISTA,-19.2300,642.1800,709.0800,517.6500,-26.8500,0.2000,1.2810,True,523.4300,3,591.3200,True,0.9100,NONE,7.1500,5.0000,6.5000,7.5000,9,10.0000,5.0000,False,4.5600,6.8400,1.5000,34.4880,24.0957,2.6978,5.5080,17.5880,0.0889,0.0457,0.3674,0.2823,0.2100,-0.2320,54.9450,1.4070,593374976.0000,930000000.0000,0.6380,36837756928.0000,1.1060,4.0500,0.6300,71019382.0000,4.5200,5.0000,4.6400,3.8100,0.0161,FCF/NI:0.64,1,5.5700,False,3-7d,XLB,,LIN|APD|ECL,commodity_prices|dxy|china_demand|energy_costs,63,2026-11-03,False,2026-07-30,5.0000,4.6400,7.6000,ALCISTA FUERTE,10,767.0500,8.3600,45.9000,14.9200,"Filtros estándar (Score ≥6.5, DD ≥10%)"
AON,Aon plc,Financials,Insurance Brokers,1996-04-23,321.5200,2026-09-01,26.8900,47.1400,DOWN,-2.5695,-0.5929,False,-0.4045,8.7107,0.9830,2.7090,351.2800,336.4700,351.2000,-8.4700,-4.4400,True,0.3817,BAJISTA,-15.7200,381.4700,381.4700,303.1000,-15.7200,6.0800,2.6970,True,309.1200,5,334.7400,True,-3.8600,NONE,7.6000,7.0000,7.5000,7.5000,10,8.0000,5.0000,False,5.4200,8.1300,1.5000,19.6049,15.3506,7.1016,3.8802,14.0830,0.4470,0.0583,0.2227,0.4815,0.0220,-0.0300,163.4810,1.0330,3190874880.0000,3913999872.0000,0.8152,68202569728.0000,0.6760,2.6000,0.9200,212125434.0000,4.2100,0.1200,6.9600,5.7800,0.0468,D/E:163,1,5.5700,False,3-7d,XLF,,JPM|BAC|WFC,interest_rates|yield_curve|credit_spreads|loan_growth,59,2026-10-30,False,2026-07-29,3.8100,3.8000,27.0000,ALCISTA FUERTE,10,767.0500,8.3600,45.9000,14.9200,"Filtros estándar (Score ≥6.5, DD ≥10%)"
HCA,HCA Healthcare,Health Care,Health Care Facilities,2015-01-27,414.4500,2026-09-01,50.3200,65.7300,DOWN,0.1751,1.7794,False,0.5216,10.4207,0.8500,2.5140,400.2000,452.4600,413.2900,3.5600,-8.4000,False,-0.7700,BAJISTA,-5.0500,436.5000,554.5800,353.9900,-25.2700,17.0800,1.1000,True,369.4100,1,420.4800,False,-10.8700,HAMMER|DOJI,5.8500,6.5000,5.0000,7.5000,4,5.0000,7.0000,False,5.0300,7.5400,1.5000,14.0064,12.9077,-13.6006,1.1502,9.1180,,0.1229,0.0877,0.4258,0.0870,0.1160,,0.9930,3738125056.0000,6840000000.0000,0.5465,89729048576.0000,1.1090,3.8600,0.7500,216501500.0000,5.3800,4.6500,4.9400,6.7300,0.0417,FCF/NI:0.55,1,5.5700,False,3-7d,XLV,,UNH|JNJ|LLY,fda_calendar|drug_pricing_policy|patent_cliffs,52,2026-10-23,False,2026-07-24,7.5900,7.5000,1.2000,ALCISTA FUERTE,10,767.0500,8.3600,45.9000,14.9200,"Filtros estándar (Score ≥6.5, DD ≥10%)"
TPL,Texas Pacific Land Corporation,Energy,Oil & Gas Exploration & Production,2024-11-26,374.3400,2026-09-01,54.6800,43.0900,UP,1.9587,2.2843,False,0.6553,15.6750,0.8880,4.1870,388.5900,390.3000,372.6500,-3.6700,-4.0900,False,1.3825,BAJISTA,-15.6900,444.0000,545.7400,268.5100,-31.4100,39.4100,0.9430,True,372.3000,2,396.7800,True,-0.5500,HAMMER|BULL_ENGULF|DOJI,6.7000,5.5000,6.0000,7.5000,8,5.0000,9.5000,False,8.3700,12.5600,1.5000,46.5019,5.1195,16.5946,28.7675,34.5060,0.3657,0.2581,0.6032,0.9334,0.3120,0.3270,1.0770,4.5520,-32836124.0000,541416000.0000,-0.0606,25819981824.0000,0.6330,12.6800,0.6600,68974683.0000,4.8000,3.8700,8.2500,1.8500,-0.0013,FCF/NI:-0.06,1,5.5600,False,3-7d,XLE,,XOM|CVX|COP,oil_price|gas_price|opec_supply|inventories,64,2026-11-04,False,2026-08-05,2.2300,2.1800,2.1000,ALCISTA FUERTE,10,767.0500,8.3600,45.9000,14.9200,"Filtros estándar (Score ≥6.5, DD ≥10%)"
CNC,Centene Corporation,Health Care,Managed Health Care,2016-03-30,64.3400,2026-09-01,42.5900,53.0600,DOWN,-0.1007,-0.0751,False,0.2763,2.0100,0.7980,3.1240,65.2000,49.5800,65.0900,-1.3100,29.7700,True,6.3992,NEUTRO,-7.2400,69.3600,69.3600,28.2400,-7.2400,127.8300,2.0870,True,63.3400,2,66.5500,True,-1.5600,NONE,7.0200,8.5000,5.0000,7.5000,7,8.5000,5.0000,False,6.2500,9.3700,1.5000,,12.1110,1.4087,0.1763,4.5430,-0.2036,0.0248,-0.0283,0.1142,0.0460,,71.0820,1.1450,9639624704.0000,-5100000256.0000,-1.8901,31783636992.0000,1.1050,2.6700,,493995000.0000,4.5900,3.8900,2.7100,7.6100,0.3033,FCF/NI:-1.89|ROE:-20.4%,2,5.5600,False,7-15d,XLV,,UNH|JNJ|LLY,fda_calendar|drug_pricing_policy|patent_cliffs,56,2026-10-27,False,2026-07-28,2.5100,1.0800,132.6000,ALCISTA FUERTE,10,767.0500,8.3600,45.9000,14.9200,"Filtros estándar (Score ≥6.5, DD ≥10%)"
INTC,Intel,Information Technology,Semiconductors,1976-12-31,89.5100,2026-09-01,37.8000,29.8500,UP,-0.2573,-0.7465,True,0.2348,4.6821,0.5510,5.2310,104.0300,73.0400,93.9500,-13.9600,22.5400,True,8.5133,NEUTRO,-37.1200,142.3500,142.3500,23.6800,-37.1200,278.0000,0.6470,True,89.5900,1,107.5700,True,0.0900,NONE,7.7300,8.5000,8.5000,7.5000,7,8.5000,5.0000,True,10.4600,15.6900,1.5000,,43.8747,5.1564,8.2964,28.9730,-0.1071,0.0141,-0.1979,0.3887,0.2540,,48.9970,1.6040,4866375168.0000,-11288999936.0000,-0.4311,473159270400.0000,2.2410,1.1500,,5286105262.0000,4.1100,5.7000,2.8700,3.6900,0.0103,FCF/NI:-0.43|ROE:-10.7%,2,5.5600,False,7-15d,XLK,,AAPL|MSFT|NVDA,interest_rates|ai_capex_cycle|semiconductor_cycle,51,2026-10-22,False,2026-07-23,0.4200,0.2200,94.6000,ALCISTA FUERTE,10,767.0500,8.3600,45.9000,14.9200,"Filtros estándar (Score ≥6.5, DD ≥10%)"
SBUX,Starbucks,Consumer Discretionary,Restaurants,2000-06-07,106.2500,2026-09-01,55.9500,63.3100,DOWN,-0.0336,-0.0711,True,0.5314,2.5441,0.9330,2.3940,104.5300,96.0800,106.0800,1.6500,10.5900,True,2.5884,ALCISTA,-3.3000,109.8800,109.8800,76.0500,-3.3000,39.7100,1.1570,True,101.4500,7,108.4900,False,-4.5100,NONE,6.8500,10.0000,6.0000,7.5000,6,5.0000,5.0000,False,4.7900,7.1800,1.5000,61.4162,34.1030,-15.7805,3.1594,24.8080,,0.0802,0.0517,0.2234,-0.0140,0.8570,,0.7600,3065537536.0000,1982800000.0000,1.5461,121125003264.0000,0.9660,5.0600,2.3300,1140000000.0000,4.6800,5.0000,5.6200,3.2000,0.0253,OK,0,5.5500,False,10-18d,XLY,,AMZN|TSLA|HD,consumer_spending|employment_data|interest_rates,57,2026-10-28,False,2026-07-29,0.8500,0.6500,30.8000,ALCISTA FUERTE,10,767.0500,8.3600,45.9000,14.9200,"Filtros estándar (Score ≥6.5, DD ≥10%)"
MTD,Mettler Toledo,Health Care,Life Sciences Tools & Services,2016-09-06,1405.1400,2026-09-01,41.4700,32.6100,UP,-7.8109,-9.5886,True,0.3108,34.3557,0.9510,2.4450,1341.9700,1320.7400,1399.0100,4.7100,6.3900,True,0.1697,ALCISTA,-4.6800,1474.1899,1525.1700,1023.0500,-7.8700,37.3500,1.2940,True,1230.1600,3,1465.4800,False,-12.4500,HAMMER|DOJI,7.2500,10.0000,7.0000,7.5000,6,5.0000,7.0000,False,4.8900,7.3400,1.5000,31.6973,27.1834,2195.5312,6.8106,23.7050,,0.2110,0.2191,0.6026,0.0450,0.1830,16668.4470,1.1220,693589632.0000,905611008.0000,0.7659,28154171392.0000,1.2240,4.3000,,20036559.0000,4.4000,4.1200,4.9800,4.0400,0.0246,D/E:16668,1,5.5400,False,10-18d,XLV,,UNH|JNJ|LLY,fda_calendar|drug_pricing_policy|patent_cliffs,65,2026-11-05,False,2026-07-30,11.4600,10.8000,6.1000,ALCISTA FUERTE,10,767.0500,8.3600,45.9000,14.9200,"Filtros estándar (Score ≥6.5, DD ≥10%)"
WAT,Waters Corporation,Health Care,Life Sciences Tools & Services,2002-01-02,414.6300,2026-09-01,52.0800,70.2800,DOWN,-0.3959,-0.4497,True,0.6601,11.8850,0.9880,2.8660,386.9300,360.0500,406.2300,7.1600,15.1600,True,1.5974,ALCISTA,-2.7200,426.2200,426.2200,282.7700,-2.7200,46.6300,0.8020,True,396.0000,1,,False,-4.4900,HAMMER,6.7500,10.0000,6.0000,7.5000,4,5.0000,7.0000,False,5.7300,8.6000,1.5000,105.2360,25.0577,2.6803,8.7658,31.4550,0.0192,0.0356,0.0359,0.5634,1.1340,,36.0450,1.8610,-142067632.0000,166628992.0000,-0.8526,40710803456.0000,1.1840,4.1200,,98185855.0000,4.7100,7.5000,4.0200,2.2400,-0.0035,FCF/NI:-0.85,1,5.5300,False,10-18d,XLV,,UNH|JNJ|LLY,fda_calendar|drug_pricing_policy|patent_cliffs,59,2026-10-30,False,2026-08-04,3.0500,3.0100,1.4000,ALCISTA FUERTE,10,767.0500,8.3600,45.9000,14.9200,"Filtros estándar (Score ≥6.5, DD ≥10%)"
AIG,American International Group,Financials,Multi-line Insurance,1980-03-31,76.3600,2026-09-01,41.8100,33.3300,UP,-0.0187,-0.1322,True,0.3542,1.2064,0.7320,1.5800,77.8000,76.7800,77.0300,-1.8500,-0.5500,True,0.0076,BAJISTA,-7.3900,82.4500,86.2100,70.3600,-11.4200,8.5200,1.2270,True,76.6300,1,78.5300,True,0.3500,HAMMER,7.2500,7.0000,7.0000,7.5000,8,7.0000,7.0000,False,3.1600,4.7400,1.5000,14.0368,8.6969,0.9867,1.4933,4.7360,0.0722,0.0176,0.1109,0.3509,0.0050,-0.1010,22.4660,0.6120,7365000192.0000,2964999936.0000,2.4840,39928123392.0000,0.5170,2.3500,2.6000,522893169.0000,4.3800,0.0000,5.8700,7.7600,0.1845,OK,0,5.5300,False,3-7d,XLF,,JPM|BAC|WFC,interest_rates|yield_curve|credit_spreads|loan_growth,64,2026-11-04,False,2026-08-06,2.0000,1.9300,3.7000,ALCISTA FUERTE,10,767.0500,8.3600,45.9000,14.9200,"Filtros estándar (Score ≥6.5, DD ≥10%)"
ABT,Abbott Laboratories,Health Care,Health Care Equipment,1957-03-04,110.3600,2026-09-01,55.2000,80.6700,DOWN,-0.6598,0.2052,False,0.4429,2.3407,0.8890,2.1210,102.1800,105.6400,110.7500,8.0000,4.4700,False,-1.2396,ALCISTA,-5.9500,117.3400,134.3800,81.3900,-17.8800,35.5900,1.3780,True,99.5400,1,110.0400,False,-9.8000,NONE,5.9500,8.0000,5.0000,7.5000,4,5.0000,5.0000,False,4.2400,6.3600,1.5000,36.4224,18.1966,3.7363,4.0993,18.7260,0.1058,0.0533,0.1165,0.5685,0.1300,-0.4750,63.2120,1.3760,7209124864.0000,5400999936.0000,1.3348,190965104640.0000,0.5810,1.8500,2.2400,1730383296.0000,5.2300,4.8400,5.5000,5.3500,0.0378,OK,0,5.5200,False,10-18d,XLV,,UNH|JNJ|LLY,fda_calendar|drug_pricing_policy|patent_cliffs,43,2026-10-14,False,2026-07-16,1.3100,1.2800,2.6000,ALCISTA FUERTE,10,767.0500,8.3600,45.9000,14.9200,"Filtros estándar (Score ≥6.5, DD ≥10%)"
LITE,Lumentum,Information Technology,Communications Equipment,2026-03-23,914.7600,2026-09-01,57.5700,56.2200,UP,5.2519,0.1358,True,0.6906,75.0694,0.9510,8.2060,814.6500,669.4400,870.3400,12.2900,36.6400,True,11.3605,ALCISTA,-8.4900,999.6800,1085.6801,125.0000,-15.7400,631.8100,0.6430,True,849.8100,2,897.0000,False,-7.1000,HAMMER|DOJI,6.9500,10.0000,7.0000,7.5000,4,5.0000,7.0000,False,16.4100,24.6200,1.5000,,27.7089,17.4526,27.2243,101.1450,-2.4003,0.0582,-2.3010,0.4424,1.0930,,35.9870,1.6780,224700000.0000,-6935099904.0000,-0.0324,82053971968.0000,1.5130,1.4500,,89700000.0000,4.5600,7.5000,3.1600,2.7400,0.0027,FCF/NI:-0.03|ROE:-240.0%,2,5.5200,False,10-18d,XLK,,AAPL|MSFT|NVDA,interest_rates|ai_capex_cycle|semiconductor_cycle,65,2026-11-05,False,2026-08-11,3.2300,2.9700,8.8000,ALCISTA FUERTE,10,767.0500,8.3600,45.9000,14.9200,"Filtros estándar (Score ≥6.5, DD ≥10%)"
KKR,KKR & Co.,Financials,Asset Management & Custody Banks,2024-06-24,109.7200,2026-09-01,59.3600,52.9400,UP,-0.3927,-0.4996,True,0.6136,3.9457,1.0550,3.5960,101.1100,105.5800,107.2600,8.5100,3.9200,False,-1.0585,ALCISTA,-5.8800,116.5700,151.0100,82.3500,-27.3400,33.2300,0.8070,True,97.0500,1,116.5700,False,-11.5400,NONE,6.3500,8.0000,7.0000,7.5000,4,5.0000,5.0000,False,7.1900,10.7900,1.5000,34.7215,14.8423,3.4557,3.9227,,0.0728,0.0139,0.1220,0.5477,0.0780,0.4000,69.8120,0.8560,,2990256128.0000,,101336350720.0000,1.7860,2.5800,0.7200,897635601.0000,4.9600,6.6900,3.9000,4.1800,,OK,0,5.5200,False,10-18d,XLF,,JPM|BAC|WFC,interest_rates|yield_curve|credit_spreads|loan_growth,65,2026-11-05,False,2026-07-30,1.6300,1.4300,14.2000,ALCISTA FUERTE,10,767.0500,8.3600,45.9000,14.9200,"Filtros estándar (Score ≥6.5, DD ≥10%)"
WEC,WEC Energy Group,Utilities,Electric Utilities,2008-10-31,106.1700,2026-09-01,51.3700,47.6800,UP,-0.0814,0.0148,False,0.2751,1.7667,0.8430,1.6640,111.2300,110.0500,108.0700,-4.5500,-3.5300,True,-0.2602,BAJISTA,-10.6900,118.8700,118.8700,100.3500,-10.6900,5.8000,0.8480,True,104.5700,1,117.8800,True,-1.5100,NONE,6.6700,6.5000,6.0000,7.5000,8,6.5000,5.0000,False,3.3300,4.9900,1.5000,20.6155,17.6982,,3.4127,14.6290,0.1199,0.0303,0.1669,0.4191,0.0260,0.1970,157.9850,0.5340,-2353637376.0000,1691500032.0000,-1.3914,34595426304.0000,0.4620,8.1000,3.5900,325849383.0000,4.7300,6.2700,4.6600,3.0000,-0.0680,FCF/NI:-1.39|D/E:158,2,5.5100,False,3-7d,XLU,,NEE|DUK|SO,interest_rates|regulatory_environment,58,2026-10-29,False,2026-07-29,0.9100,0.8100,12.3000,ALCISTA FUERTE,10,767.0500,8.3600,45.9000,14.9200,"Filtros estándar (Score ≥6.5, DD ≥10%)"
ICE,Intercontinental Exchange,Financials,Financial Exchanges & Data,2007-09-26,160.7000,2026-09-01,80.0900,78.3100,UP,0.1545,0.5907,False,0.7664,3.1886,0.8060,1.9840,144.8800,154.3000,156.1300,10.9200,4.1500,False,0.2800,ALCISTA,-1.6500,163.3900,175.5200,121.7900,-8.4400,31.9500,1.1870,True,158.7000,4,167.5800,True,-1.2400,HAMMER,7.2000,8.5000,6.0000,7.5000,9,5.0000,7.0000,False,3.9700,5.9500,1.5000,22.8917,18.2546,3.0856,8.5448,16.3500,0.1409,0.0217,0.3825,1.0000,0.0480,0.1420,69.2260,1.0120,3633625088.0000,4038000128.0000,0.8999,90216095744.0000,0.9300,1.9200,1.2800,561394487.0000,4.3600,2.5200,5.3700,5.3200,0.0403,OK,0,5.5000,False,10-18d,XLF,,JPM|BAC|WFC,interest_rates|yield_curve|credit_spreads|loan_growth,58,2026-10-29,False,2026-07-30,1.9000,1.8400,3.4000,ALCISTA FUERTE,10,767.0500,8.3600,45.9000,14.9200,"Filtros estándar (Score ≥6.5, DD ≥10%)"
ACN,Accenture,Information Technology,IT Consulting & Other Services,2011-07-06,189.7600,2026-09-01,62.3600,72.4500,DOWN,0.1126,0.4422,False,0.9085,7.0064,0.8960,3.6920,155.0900,201.2100,177.4500,22.3500,-5.6900,False,-3.0040,BAJISTA,-0.8900,191.4600,285.2100,116.7500,-33.4700,62.5400,0.7860,True,175.9000,2,197.0000,False,-7.3100,NONE,5.8000,6.5000,5.0000,7.5000,5,5.0000,5.0000,False,7.3800,11.0800,1.5000,15.1687,12.9483,3.6408,1.5885,8.9580,0.2441,0.1090,0.1066,0.3201,0.0560,0.0900,25.0350,1.3390,12089380864.0000,7789751808.0000,1.5520,116122124288.0000,1.0740,3.2000,3.4400,611942109.0000,5.2800,0.5100,6.5900,9.3100,0.1041,OK,0,5.4900,False,3-7d,XLK,,AAPL|MSFT|NVDA,interest_rates|ai_capex_cycle|semiconductor_cycle,30,2026-10-01,False,2026-06-18,3.8000,3.7100,2.5000,ALCISTA FUERTE,10,767.0500,8.3600,45.9000,14.9200,"Filtros estándar (Score ≥6.5, DD ≥10%)"
MO,Altria,Consumer Staples,Tobacco,1957-03-04,68.4800,2026-09-01,60.4000,41.4600,UP,0.4816,0.3538,True,0.7551,1.4343,0.8180,2.0940,70.0200,64.7900,67.7400,-2.1900,5.6900,True,1.3146,NEUTRO,-11.1300,77.0600,77.0600,53.0100,-11.1300,29.1900,1.1400,True,67.2200,5,73.5300,True,-1.8500,HAMMER,7.4000,8.5000,7.0000,7.5000,9,5.0000,7.0000,False,4.1900,6.2800,1.5000,14.4473,11.6780,-42.8536,5.5930,8.6630,,0.2955,0.3900,0.8717,0.0120,-0.0270,,0.5180,9035249664.0000,7952000000.0000,1.1362,114344067072.0000,0.4950,4.4500,6.4700,1669743926.0000,4.2100,0.2300,5.5500,7.3000,0.0790,OK,0,5.4900,False,7-15d,XLP,,PG|KO|PEP,inflation|input_costs|fx_rates,58,2026-10-29,False,2026-07-30,1.4800,1.5000,-1.2000,ALCISTA FUERTE,10,767.0500,8.3600,45.9000,14.9200,"Filtros estándar (Score ≥6.5, DD ≥10%)"
GILD,Gilead Sciences,Health Care,Biotechnology,2004-07-01,146.3400,2026-09-01,69.8600,69.8900,DOWN,0.3676,1.0811,False,0.7192,3.6407,0.9540,2.4880,134.5500,132.8100,142.0600,8.7600,10.1900,True,1.7090,ALCISTA,-2.1900,149.6200,155.3800,106.4400,-5.8200,37.4900,1.0480,True,133.0200,1,,False,-9.1000,NONE,6.3500,10.0000,5.0000,7.5000,4,5.0000,5.0000,False,4.9800,7.4600,1.5000,,14.7997,15.3525,5.9577,13.8850,-0.2068,0.1409,-0.1064,0.7960,0.1020,,223.4650,1.2650,9768875008.0000,-3240000000.0000,-3.0151,181455044608.0000,0.3360,3.4900,2.2500,1239955155.0000,4.9100,6.1900,2.2500,6.5300,0.0538,FCF/NI:-3.02|D/E:223|ROE:-20.7%,3,5.4900,False,10-18d,XLV,,UNH|JNJ|LLY,fda_calendar|drug_pricing_policy|patent_cliffs,58,2026-10-29,False,2026-08-04,-6.7500,-7.2500,6.9000,ALCISTA FUERTE,10,767.0500,8.3600,45.9000,14.9200,"Filtros estándar (Score ≥6.5, DD ≥10%)"
DTE,DTE Energy,Utilities,Multi-Utilities,1957-03-04,135.6300,2026-09-01,46.1300,29.5100,UP,-0.0394,-0.1911,True,0.1510,1.9979,0.7260,1.4730,144.8200,140.1300,138.9700,-6.3400,-3.2100,True,0.1987,BAJISTA,-12.9200,155.7500,155.7500,124.2600,-12.9200,9.1500,1.0900,True,135.7600,1,151.0300,True,0.1000,HAMMER|DOJI,7.4800,7.0000,7.0000,7.5000,8,8.5000,7.0000,False,2.9500,4.4200,1.5000,21.4945,16.2135,2.3231,1.7141,15.4900,0.1103,0.0277,0.0800,0.2935,-0.0150,0.2240,229.0600,0.8020,-2596624896.0000,1314000000.0000,-1.9761,28222984192.0000,0.3960,3.2000,3.4300,208088069.0000,4.1400,5.0000,4.3500,2.9000,-0.0920,FCF/NI:-1.98|D/E:229,2,5.4800,False,3-7d,XLU,,NEE|DUK|SO,interest_rates|regulatory_environment,58,2026-10-29,False,2026-07-28,1.3200,1.1400,16.3000,ALCISTA FUERTE,10,767.0500,8.3600,45.9000,14.9200,"Filtros estándar (Score ≥6.5, DD ≥10%)"
RMD,ResMed|,Health Care,Health Care Equipment,2017-07-26,240.1000,2026-09-01,76.4700,64.7000,UP,0.8764,0.9349,False,0.9575,6.1353,0.9180,2.5550,210.8400,227.5500,226.0600,13.8800,5.5100,False,-1.2842,ALCISTA,-0.6700,241.7100,281.8900,179.7500,-14.8200,33.5700,1.0770,False,217.1200,1,,False,-9.5700,NONE,5.6500,8.0000,6.0000,5.0000,4,5.0000,5.0000,False,5.1100,7.6700,1.5000,23.0422,18.1653,5.2589,6.1264,16.2190,0.2427,0.1400,0.2695,0.6162,0.0860,0.0240,12.5420,3.1000,939248256.0000,1523293056.0000,0.6166,34634977280.0000,0.7480,9.2100,1.1000,144252306.0000,5.3600,3.0300,8.0200,4.9600,0.0271,FCF/NI:0.62,1,5.4800,False,10-18d,XLV,,UNH|JNJ|LLY,fda_calendar|drug_pricing_policy|patent_cliffs,58,2026-10-29,False,2026-08-06,2.9500,2.8900,2.0000,ALCISTA FUERTE,10,767.0500,8.3600,45.9000,14.9200,"Filtros estándar (Score ≥6.5, DD ≥10%)"
VTRS,Viatris,Health Care,Pharmaceuticals,2004-04-23,16.5100,2026-09-01,58.9400,28.7400,UP,0.0527,0.0084,True,0.5162,0.3900,0.8180,2.3620,16.5500,14.3600,16.5400,-0.2300,14.9900,True,4.7701,NEUTRO,-9.5500,18.2500,18.2500,9.1100,-9.5500,81.2900,1.2590,True,15.7900,3,16.5700,False,-4.3500,NONE,6.7500,8.5000,7.0000,7.5000,6,5.0000,5.0000,False,4.7200,7.0900,1.5000,,6.1871,1.3116,1.2868,7.2400,-0.0275,0.0267,-0.0279,0.4031,0.0490,,95.5350,1.5850,2677337600.0000,-410700000.0000,-6.5190,18963234816.0000,0.8930,3.4100,2.9100,1148590864.0000,4.6400,4.0100,2.6600,7.6900,0.1412,FCF/NI:-6.52|D/E:96|ROE:-2.8%,3,5.4800,False,7-15d,XLV,,UNH|JNJ|LLY,fda_calendar|drug_pricing_policy|patent_cliffs,65,2026-11-05,False,2026-08-06,0.6900,0.6000,15.0000,ALCISTA FUERTE,10,767.0500,8.3600,45.9000,14.9200,"Filtros estándar (Score ≥6.5, DD ≥10%)"
PYPL,PayPal,Financials,Transaction & Payment Processing Services,2015-07-20,52.6600,2026-09-01,31.1900,65.8900,DOWN,-1.2099,-0.2345,False,-0.1783,2.0189,1.2830,3.8340,54.0200,51.0300,58.6400,-2.5200,3.2000,True,-1.5513,NEUTRO,-16.0400,62.7300,78.5300,38.2200,-32.9400,37.8000,1.7000,False,42.9900,2,51.9100,False,-18.3700,HAMMER|DOJI,6.4000,8.0000,6.5000,5.0000,4,8.0000,7.0000,False,7.6700,11.5000,1.5000,10.1474,9.0867,2.2905,1.3201,7.4380,0.2450,0.0462,0.1436,0.4048,0.0480,-0.0310,71.7510,1.2880,4423124992.0000,4902000128.0000,0.9023,45052846080.0000,1.2980,2.0000,1.0400,855460874.0000,4.8500,0.8500,6.4400,7.6600,0.0982,OK,0,5.4700,False,7-15d,XLF,,JPM|BAC|WFC,interest_rates|yield_curve|credit_spreads|loan_growth,56,2026-10-27,False,2026-07-28,1.3800,1.2800,8.0000,ALCISTA FUERTE,10,767.0500,8.3600,45.9000,14.9200,"Filtros estándar (Score ≥6.5, DD ≥10%)"
FICO,Fair Isaac,Information Technology,Application Software,2023-03-20,1147.2100,2026-09-01,64.5700,66.4900,DOWN,10.5877,13.0744,False,0.7430,43.5714,0.7460,3.7980,1170.8400,1321.6100,1135.2800,-2.0200,-13.2000,False,-3.9365,BAJISTA,-18.6500,1410.1700,1998.0100,870.0100,-42.5800,31.8600,0.7860,True,1065.6899,1,1260.0000,False,-7.1100,NONE,5.6500,5.0000,5.0000,7.5000,4,7.0000,5.0000,False,7.6000,11.3900,1.5000,33.4464,21.5828,-6.0472,10.3515,23.8460,,0.3998,0.3405,0.8510,0.2570,0.4120,,1.1830,774413504.0000,815017024.0000,0.9502,24777023488.0000,1.3210,4.9100,,21597635.0000,5.3500,5.9200,5.7400,4.2300,0.0313,OK,0,5.4700,False,3-7d,XLK,,AAPL|MSFT|NVDA,interest_rates|ai_capex_cycle|semiconductor_cycle,64,2026-11-04,False,2026-07-29,12.1800,11.7800,3.4000,ALCISTA FUERTE,10,767.0500,8.3600,45.9000,14.9200,"Filtros estándar (Score ≥6.5, DD ≥10%)"
WTW,Willis Towers Watson,Financials,Insurance Brokers,2016-01-05,338.5500,2026-09-01,45.8600,50.4000,DOWN,-1.8227,-0.8881,False,0.4670,7.1707,0.9260,2.1180,307.7400,298.3200,334.4400,10.0100,13.4900,True,0.5568,ALCISTA,-3.6900,351.5100,351.5100,239.7400,-3.6900,41.2200,0.9330,True,325.6600,1,345.5200,True,-3.8100,HAMMER|DOJI,7.0000,10.0000,5.0000,7.5000,7,5.0000,7.0000,False,4.2400,6.3500,1.5000,20.9499,14.7892,4.0955,3.1124,13.1260,0.1976,0.0508,0.1549,0.4252,0.0910,-0.2680,91.3900,1.0980,1415624960.0000,1564999936.0000,0.9046,31441793024.0000,0.4180,4.8700,1.1200,92871937.0000,4.4500,2.0500,5.7900,5.6900,0.0450,OK,0,5.4700,False,10-18d,XLF,,JPM|BAC|WFC,interest_rates|yield_curve|credit_spreads|loan_growth,58,2026-10-29,False,2026-07-30,3.3500,3.1100,7.8000,ALCISTA FUERTE,10,767.0500,8.3600,45.9000,14.9200,"Filtros estándar (Score ≥6.5, DD ≥10%)"
MCK,McKesson Corporation,Health Care,Health Care Distributors,1999-01-13,885.3200,2026-09-01,45.8500,59.5100,DOWN,0.2576,0.4447,False,0.6558,22.0450,0.9570,2.4900,834.8100,840.8900,871.5200,6.0500,5.2800,False,0.7155,ALCISTA,-3.5600,918.0000,997.9000,676.8900,-11.2800,30.7900,1.3700,True,841.2300,2,886.2700,False,-4.9800,HAMMER|HAMMER,6.2500,8.5000,5.0000,7.5000,4,5.0000,7.0000,False,4.9800,7.4700,1.5000,23.9794,17.5114,-24.2208,0.2512,15.9510,,0.0474,0.0112,0.0363,0.0770,-0.1760,,0.8930,6801249792.0000,4592000000.0000,1.4811,103219781632.0000,0.3070,2.4000,0.4200,116590363.0000,4.9400,2.6600,5.6600,6.7700,0.0659,OK,0,5.4600,False,10-18d,XLV,,UNH|JNJ|LLY,fda_calendar|drug_pricing_policy|patent_cliffs,64,2026-11-04,False,2026-08-05,9.9300,9.5400,4.1000,ALCISTA FUERTE,10,767.0500,8.3600,45.9000,14.9200,"Filtros estándar (Score ≥6.5, DD ≥10%)"
AZO,AutoZone,Consumer Discretionary,Automotive Retail,1997-01-02,2991.2400,2026-09-01,41.5700,46.2200,DOWN,-5.5587,-2.9669,False,0.3072,76.4993,0.8200,2.5570,3044.2000,3402.7600,3016.7600,-1.7400,-12.0900,False,-2.2882,BAJISTA,-7.6500,3239.1399,4388.1099,2902.2000,-31.8300,3.0700,1.6870,True,2931.7500,7,3159.5701,True,-1.9900,NONE,6.5000,5.0000,5.0000,9.5000,9,5.0000,5.0000,False,5.1100,7.6700,1.5000,20.3666,17.0867,-17.5841,,14.4580,,0.1139,0.1240,0.5175,0.0840,0.0770,,0.8900,903784256.0000,2478124032.0000,0.3647,,0.3440,2.5600,,,4.7700,5.4400,4.4100,4.4100,,FCF/NI:0.36,1,5.4600,False,3-7d,XLY,,AMZN|TSLA|HD,consumer_spending|employment_data|interest_rates,21,2026-09-22,False,2026-05-26,38.0700,36.1700,5.3000,ALCISTA FUERTE,10,767.0500,8.3600,45.9000,14.9200,"Filtros estándar (Score ≥6.5, DD ≥10%)"
PG,Procter & Gamble,Consumer Staples,Personal Care Products,1957-03-04,145.1200,2026-09-01,45.8700,49.0300,DOWN,0.0768,0.1205,False,0.5130,2.1564,0.6870,1.4860,146.5600,145.7900,145.0500,-0.9800,-0.4600,True,-0.0523,BAJISTA,-5.5700,153.6800,164.7700,134.6200,-11.9300,7.8000,1.3010,True,141.0500,9,147.9700,True,-2.8100,NONE,7.2500,6.5000,5.0000,9.5000,10,7.0000,5.0000,False,2.9700,4.4600,1.5000,21.9546,19.6148,6.3241,3.8729,14.6810,0.3029,0.1072,0.1844,0.5087,0.0150,-0.1550,64.4900,0.6770,13280874496.0000,15754000384.0000,0.8430,337066196992.0000,0.3770,3.0400,3.0000,2322672312.0000,4.2600,0.4100,6.8700,5.7100,0.0394,OK,0,5.4600,False,3-7d,XLP,,KO|PEP|WMT,inflation|input_costs|fx_rates,51,2026-10-22,False,2026-07-29,1.4300,1.4100,1.6000,ALCISTA FUERTE,10,767.0500,8.3600,45.9000,14.9200,"Filtros estándar (Score ≥6.5, DD ≥10%)"
TSLA,"Tesla, Inc.",Consumer Discretionary,Automobile Manufacturers,2020-12-21,367.9500,2026-09-01,64.9800,60.9700,UP,4.2622,4.3235,False,1.0091,13.5079,0.8360,3.6710,359.8200,400.5700,347.3000,2.2600,-8.1400,False,-2.5529,BAJISTA,-15.0000,432.8600,498.8300,297.3800,-26.2400,23.7300,1.7930,True,366.3700,3,409.2800,True,-0.4300,BULL_ENGULF,7.2500,6.5000,6.0000,9.5000,9,5.0000,7.5000,False,7.3400,11.0100,1.5000,322.7632,170.4593,16.7288,14.0248,132.6320,0.0467,0.0193,0.0367,0.1885,0.2550,-0.0300,18.3730,1.9410,4835999744.0000,3806000128.0000,1.2706,1453236027392.0000,1.8270,1.8200,,3949547394.0000,4.2600,5.0000,5.8500,1.5400,0.0033,OK,0,5.4600,False,3-7d,XLY,,AMZN|HD|MCD,consumer_spending|employment_data|interest_rates,50,2026-10-21,False,2026-07-22,0.3300,0.5400,-39.1000,ALCISTA FUERTE,10,767.0500,8.3600,45.9000,14.9200,"Filtros estándar (Score ≥6.5, DD ≥10%)"
AEP,American Electric Power,Utilities,Electric Utilities,1957-03-04,122.4300,2026-09-01,48.3800,28.3200,UP,-0.0427,-0.1539,True,0.2196,1.9521,0.7580,1.5940,129.4900,125.1500,124.9000,-5.4500,-2.1700,True,0.7449,BAJISTA,-12.2500,139.5200,139.5200,102.5200,-12.2500,19.4200,1.1410,True,123.0100,4,136.2100,True,0.4700,HAMMER,7.7800,7.0000,7.0000,7.5000,10,8.5000,7.0000,False,3.1900,4.7800,1.5000,21.1817,17.8648,2.0776,2.9244,13.3770,0.1013,0.0298,0.1378,0.4635,0.0700,-0.4320,160.7890,0.5040,-5995950080.0000,3140999936.0000,-1.9089,66650570752.0000,0.5070,6.0500,3.1100,544397352.0000,3.9100,4.2700,4.3400,2.9700,-0.0900,FCF/NI:-1.91|D/E:161,2,5.4600,False,3-7d,XLU,,NEE|DUK|SO,interest_rates|regulatory_environment,58,2026-10-29,False,2026-07-30,1.3600,1.4800,-8.2000,ALCISTA FUERTE,10,767.0500,8.3600,45.9000,14.9200,"Filtros estándar (Score ≥6.5, DD ≥10%)"
PTC,PTC Inc.,Information Technology,Application Software,2021-04-20,155.7400,2026-09-01,56.7100,65.8900,DOWN,-0.1529,-0.2774,True,0.7620,4.6050,0.8760,2.9570,133.7000,149.2900,149.1300,16.4800,4.3200,False,-2.9338,ALCISTA,-2.3300,159.4600,215.8100,108.5000,-27.8300,43.5400,1.1910,True,137.7300,2,153.9800,False,-11.5700,DOJI,6.1500,8.0000,6.0000,7.5000,4,5.0000,5.0000,False,5.9100,8.8700,1.5000,15.2387,17.4807,4.9695,5.7207,14.2280,0.3505,0.1154,0.4143,0.8450,-0.0680,-0.1200,46.3350,1.0250,1031425152.0000,1223814016.0000,0.8428,16898765824.0000,0.9880,3.7300,,108506261.0000,4.9900,0.0000,6.5400,9.0200,0.0610,OK,0,5.4500,False,10-18d,XLK,,AAPL|MSFT|NVDA,interest_rates|ai_capex_cycle|semiconductor_cycle,71,2026-11-11,False,2026-07-29,1.5800,1.5600,98.0000,ALCISTA FUERTE,10,767.0500,8.3600,45.9000,14.9200,"Filtros estándar (Score ≥6.5, DD ≥10%)"
LDOS,Leidos,Industrials,Diversified Support Services,2019-08-09,140.2100,2026-09-01,51.9200,75.6300,DOWN,-1.0901,-0.8237,False,0.5836,3.7850,0.9040,2.7000,119.8400,153.8900,135.5200,16.9900,-8.8900,False,-3.2273,BAJISTA,-4.8300,147.3300,204.0800,98.8600,-31.2900,41.8300,0.9330,True,120.9400,2,147.3300,False,-13.7500,NONE,5.6500,6.5000,5.0000,7.5000,4,5.0000,5.0000,False,5.4000,8.1000,1.5000,13.1406,10.9688,3.3299,0.9978,9.8560,0.2778,0.0891,0.0780,0.1779,0.0720,-0.0670,123.2760,1.6290,1146625024.0000,1376000000.0000,0.8333,17595262976.0000,0.5460,2.5900,1.2200,125492209.0000,5.3200,1.8200,5.7900,8.8500,0.0652,D/E:123,1,5.4500,False,3-7d,XLI,,CAT|UNP|HON,pmi_manufacturing|supply_chain|capex_cycle,63,2026-11-03,False,2026-08-04,3.2600,2.9100,12.1000,ALCISTA FUERTE,10,767.0500,8.3600,45.9000,14.9200,"Filtros estándar (Score ≥6.5, DD ≥10%)"
BLDR,Builders FirstSource,Industrials,Building Products,2023-12-18,66.4000,2026-09-01,38.3700,46.4300,DOWN,-0.3430,-0.0772,False,0.0418,2.9271,0.7650,4.4080,74.8500,91.1000,70.5500,-11.2900,-27.1200,False,-4.8818,BAJISTA,-27.0000,90.9600,151.0300,65.1000,-56.0400,2.0000,1.5660,True,67.5200,1,76.3400,True,1.6900,NONE,6.8500,5.0000,6.5000,7.5000,7,10.0000,5.0000,False,8.8200,13.2300,1.5000,73.7778,14.8678,1.7837,0.4945,12.0460,0.0251,0.0239,0.0071,0.2919,-0.0880,,130.7860,1.7890,464577120.0000,102550000.0000,4.5302,7144404992.0000,1.4180,3.2100,,107596457.0000,4.5200,2.5000,4.1800,7.2800,0.0650,D/E:131,1,5.4500,False,3-7d,XLI,,CAT|UNP|HON,pmi_manufacturing|supply_chain|capex_cycle,58,2026-10-29,False,2026-07-30,1.1700,1.2700,-8.1000,ALCISTA FUERTE,10,767.0500,8.3600,45.9000,14.9200,"Filtros estándar (Score ≥6.5, DD ≥10%)"
EXC,Exelon,Utilities,Electric Utilities,1957-03-04,43.7200,2026-09-01,42.0100,33.3900,UP,-0.1200,-0.1178,False,0.0479,0.7614,0.8010,1.7420,46.0300,45.5400,44.9400,-5.0200,-4.0100,True,-0.2002,BAJISTA,-9.9300,48.5400,50.1800,41.4600,-12.8700,5.4400,1.5750,True,42.8700,1,47.2400,True,-1.9500,HAMMER|HAMMER,7.1000,6.5000,6.0000,7.5000,8,8.0000,7.0000,False,3.4800,5.2200,1.5000,16.1328,14.3896,1.5196,1.7785,11.4890,0.0971,0.0281,0.1099,0.4236,0.0990,-0.0020,177.3620,1.0880,-2685125120.0000,2783000064.0000,-0.9648,45042704384.0000,0.3960,4.0500,3.8200,1030253967.0000,4.3400,5.0000,4.3800,3.5100,-0.0596,FCF/NI:-0.96|D/E:177,2,5.4400,False,3-7d,XLU,,NEE|DUK|SO,interest_rates|regulatory_environment,63,2026-11-03,False,2026-07-30,0.4300,0.4500,-3.9000,ALCISTA FUERTE,10,767.0500,8.3600,45.9000,14.9200,"Filtros estándar (Score ≥6.5, DD ≥10%)"
FFIV,"F5, Inc.",Information Technology,Communications Equipment,2010-12-20,407.1300,2026-09-01,48.6400,38.7000,UP,0.9426,-3.1990,True,0.6102,12.1857,0.8540,2.9930,404.1200,323.2800,398.6500,0.7400,25.9400,True,3.9558,ALCISTA,-6.4100,435.0000,435.0000,223.7600,-6.4100,81.9500,1.5110,True,381.9300,1,404.0000,False,-6.1900,NONE,6.7500,10.0000,7.0000,7.5000,4,5.0000,5.0000,False,5.9900,8.9800,1.5000,31.4386,22.5223,6.0004,6.9665,23.5040,0.1983,0.0798,0.2195,0.8187,0.1090,0.1140,6.5460,1.6650,717135488.0000,726510016.0000,0.9871,23054624768.0000,1.0330,1.7400,,56627182.0000,4.5700,1.4700,6.9100,5.4700,0.0311,OK,0,5.4400,False,10-18d,XLK,,AAPL|MSFT|NVDA,interest_rates|ai_capex_cycle|semiconductor_cycle,55,2026-10-26,False,2026-07-27,4.7300,4.0000,18.2000,ALCISTA FUERTE,10,767.0500,8.3600,45.9000,14.9200,"Filtros estándar (Score ≥6.5, DD ≥10%)"
UNP,Union Pacific Corporation,Industrials,Rail Transportation,1957-03-04,300.6700,2026-09-01,60.7000,73.6400,DOWN,0.0752,0.9955,False,0.5392,5.9314,0.9290,1.9730,290.3100,257.0900,300.9600,3.5700,16.9500,True,3.2815,ALCISTA,-4.8500,315.9900,315.9900,207.4500,-4.8500,44.9400,1.5200,True,284.7900,1,315.9900,False,-5.2800,NONE,6.3500,10.0000,5.0000,7.5000,4,5.0000,5.0000,False,3.9500,5.9200,1.5000,24.8693,21.2413,9.1926,7.0295,16.1190,0.3970,0.0927,0.2885,0.5628,0.1150,0.0660,150.7720,0.9860,4720750080.0000,7329999872.0000,0.6440,178620694528.0000,0.9650,8.4600,1.8500,594075498.0000,4.8400,4.2100,5.5400,4.7700,0.0264,FCF/NI:0.64|D/E:151,2,5.4400,False,10-18d,XLI,,CAT|HON|RTX,pmi_manufacturing|supply_chain|capex_cycle,51,2026-10-22,False,2026-07-23,3.4100,3.2400,5.2000,ALCISTA FUERTE,10,767.0500,8.3600,45.9000,14.9200,"Filtros estándar (Score ≥6.5, DD ≥10%)"
FCX,Freeport-McMoRan,Materials,Copper,2011-07-01,75.7400,2026-09-01,59.8900,73.0000,DOWN,0.7473,1.1600,False,0.7349,2.8586,0.9850,3.7740,65.5600,59.9000,71.8200,15.5300,26.4500,True,5.3375,ALCISTA,-5.6100,80.2400,80.2400,34.7800,-5.6100,117.7900,0.9860,False,61.5800,1,,False,-18.6900,HAMMER,6.0500,10.0000,5.0000,5.0000,4,5.0000,7.0000,False,7.5500,11.3200,1.5000,37.1275,18.3177,5.4088,4.2046,13.3090,0.1475,0.0759,0.1139,0.3827,-0.0730,0.2810,32.1490,2.0660,2159249920.0000,2936000000.0000,0.7354,108763963392.0000,1.3790,1.9300,0.7800,1436017523.0000,5.0300,5.0000,6.1400,3.7800,0.0199,FCF/NI:0.74,1,5.4400,False,10-18d,XLB,,LIN|APD|ECL,commodity_prices|dxy|china_demand|energy_costs,51,2026-10-22,False,2026-07-23,0.7400,0.6200,18.5000,ALCISTA FUERTE,10,767.0500,8.3600,45.9000,14.9200,"Filtros estándar (Score ≥6.5, DD ≥10%)"
LEN,Lennar,Consumer Discretionary,Homebuilding,2005-10-04,84.1100,2026-09-01,46.3200,53.4000,DOWN,-0.1629,0.2100,False,0.0396,2.4150,0.8210,2.8710,86.1800,98.3300,86.1400,-2.4000,-14.4600,False,-3.5274,BAJISTA,-11.8900,95.4600,141.3900,79.8300,-40.5100,5.3600,1.0650,True,84.5700,3,89.1900,True,0.5500,HAMMER|DOJI,6.7500,5.0000,5.0000,7.5000,9,8.0000,7.0000,False,5.7400,8.6100,1.5000,13.5225,12.9789,0.9371,0.6189,10.8500,0.0737,0.0394,0.0493,0.1636,-0.0520,-0.3150,28.6920,8.5080,1077926016.0000,1598947968.0000,0.6741,20261689344.0000,1.3980,0.2200,2.3200,210506003.0000,4.5600,0.0000,5.7400,8.5000,0.0532,FCF/NI:0.67,1,5.4400,False,3-7d,XLY,,AMZN|TSLA|HD,consumer_spending|employment_data|interest_rates,16,2026-09-17,False,2026-06-11,1.3100,1.2300,6.2000,ALCISTA FUERTE,10,767.0500,8.3600,45.9000,14.9200,"Filtros estándar (Score ≥6.5, DD ≥10%)"
VZ,Verizon,Communication Services,Integrated Telecommunication Services,1983-11-30,50.0200,2026-09-01,73.4000,68.3700,UP,0.0586,0.1850,False,0.8168,0.7871,0.6400,1.5740,45.7600,44.3900,48.4800,9.3000,12.6700,True,2.4207,ALCISTA,-1.5000,50.7800,50.7800,36.5500,-1.5000,36.8400,1.1300,True,47.6400,5,50.0600,False,-4.7500,HAMMER|HAMMER|DOJI,7.3500,10.0000,6.0000,7.5000,6,7.0000,7.0000,False,3.1500,4.7200,1.5000,13.0601,9.4741,1.9998,1.4963,7.8490,0.1584,0.0505,0.1164,0.5945,-0.0070,-0.2200,184.0810,0.6040,17466624000.0000,16172000256.0000,1.0801,207821864960.0000,0.2310,3.1200,5.6500,4154775202.0000,4.1600,0.0000,5.2200,7.7800,0.0840,D/E:184,1,5.4400,False,10-18d,XLC,,GOOGL|META|NFLX,ad_spending_cycle|streaming_competition|regulation,49,2026-10-20,False,2026-07-24,1.3000,1.2700,2.7000,ALCISTA FUERTE,10,767.0500,8.3600,45.9000,14.9200,"Filtros estándar (Score ≥6.5, DD ≥10%)"
PHM,PulteGroup,Consumer Discretionary,Homebuilding,1984-04-30,126.3200,2026-09-01,43.0600,49.5700,DOWN,-0.4285,-0.1589,False,0.0760,3.2836,0.8170,2.5990,129.3200,124.7200,128.9500,-2.3200,1.2800,True,0.7616,NEUTRO,-9.8300,140.0900,143.8900,108.2600,-12.2100,16.6800,1.3030,True,125.9800,1,132.5800,True,-0.2700,NONE,6.9500,8.5000,5.0000,7.5000,7,8.0000,5.0000,False,5.2000,7.8000,1.5000,13.1173,11.2287,1.8217,1.4666,9.0140,0.1490,0.0921,0.1162,0.2556,-0.0960,-0.1820,19.0650,7.2720,1078512896.0000,1906445952.0000,0.5657,24062236672.0000,1.2060,4.8100,0.8100,190486353.0000,4.4400,0.0000,6.0600,7.7200,0.0448,FCF/NI:0.57,1,5.4400,False,7-15d,XLY,,AMZN|TSLA|HD,consumer_spending|employment_data|interest_rates,51,2026-10-22,False,2026-07-22,2.4800,2.3600,5.3000,ALCISTA FUERTE,10,767.0500,8.3600,45.9000,14.9200,"Filtros estándar (Score ≥6.5, DD ≥10%)"
MSFT,Microsoft,Information Technology,Systems Software,1994-06-01,507.2900,2026-09-01,52.8700,46.7700,UP,-1.0747,-2.8134,True,0.8435,9.7961,0.7400,1.9310,432.5500,429.4100,483.8800,17.2800,18.1400,True,-0.4448,ALCISTA,-2.0300,517.7800,549.2000,348.5400,-7.6300,45.5500,1.0250,True,476.2500,1,512.7600,False,-6.1200,NONE,6.9500,9.5000,7.0000,7.5000,4,7.0000,5.0000,False,3.8600,5.7900,1.5000,28.5636,21.5197,8.5166,11.3516,19.6610,0.3404,0.1409,0.4031,0.6794,0.1770,0.3170,29.1180,1.2300,16545500160.0000,133748998144.0000,0.1237,3766905208832.0000,1.0990,1.8500,0.7100,7425545491.0000,4.4200,4.0200,5.7500,3.3300,0.0044,FCF/NI:0.12,1,5.4300,False,10-18d,XLK,,AAPL|NVDA|AVGO,interest_rates|ai_capex_cycle|semiconductor_cycle,57,2026-10-28,False,2026-07-29,4.7400,4.2400,11.8000,ALCISTA FUERTE,10,767.0500,8.3600,45.9000,14.9200,"Filtros estándar (Score ≥6.5, DD ≥10%)"
DPZ,Domino's,Consumer Discretionary,Restaurants,2020-05-12,342.0600,2026-09-01,46.2900,32.6800,UP,-2.0454,-1.8520,False,0.3551,11.3800,1.0280,3.3270,328.4600,363.4400,342.4900,4.1400,-5.8800,False,-1.5582,BAJISTA,-8.0900,372.1600,460.1300,282.0000,-25.6600,21.3000,3.0450,False,344.1800,1,350.0000,True,0.6200,NONE,6.3500,6.5000,6.0000,7.0000,8,5.0000,5.0000,False,6.6500,9.9800,1.5000,19.8411,16.3910,-2.8404,2.2507,15.9000,,0.3389,0.1186,0.2871,0.0430,0.0680,,1.5380,531496512.0000,596523008.0000,0.8910,11315938304.0000,0.9510,3.0600,2.2700,33081735.0000,4.8100,3.2500,5.8500,5.4200,0.0470,OK,0,5.4300,False,3-7d,XLY,,AMZN|TSLA|HD,consumer_spending|employment_data|interest_rates,42,2026-10-13,False,2026-07-20,4.0700,4.1700,-2.4000,ALCISTA FUERTE,10,767.0500,8.3600,45.9000,14.9200,"Filtros estándar (Score ≥6.5, DD ≥10%)"
HRL,Hormel Foods,Consumer Staples,Packaged Foods & Meats,2009-03-04,21.8500,2026-09-01,24.8700,26.1500,DOWN,-0.3028,-0.1184,False,-0.0686,0.6157,1.0200,2.8180,24.6600,23.0000,23.8800,-11.4100,-5.0000,True,0.9590,BAJISTA,-17.3300,26.4300,26.4300,19.4700,-17.3300,12.2400,1.6090,False,21.6500,2,22.6500,True,-0.9100,NONE,7.2000,7.0000,7.5000,7.0000,8,8.0000,5.0000,False,5.6400,8.4500,1.5000,34.6825,14.0647,1.5309,0.9900,9.2500,0.0429,0.0463,0.0282,0.1574,-0.0290,-0.0510,4.2440,1.8820,621551616.0000,342711008.0000,1.8136,12025164800.0000,0.3310,5.0700,5.4200,550350800.0000,4.2400,0.0000,5.9800,7.1700,0.0517,OK,0,5.4200,False,3-7d,XLP,,PG|KO|PEP,inflation|input_costs|fx_rates,-5,2026-12-03,False,2026-08-27,0.3700,0.3500,4.6000,ALCISTA FUERTE,10,767.0500,8.3600,45.9000,14.9200,"Filtros estándar (Score ≥6.5, DD ≥10%)"
MRSH,Marsh McLennan,Financials,Insurance Brokers,1987-08-31,189.8000,2026-09-01,47.8300,48.0300,DOWN,-0.5206,-0.2362,False,0.4257,3.6650,0.8500,1.9310,181.9300,176.2300,189.4600,4.3200,7.7000,True,0.4610,ALCISTA,-4.3800,198.4900,204.5600,155.7200,-7.2200,21.8900,1.2200,True,175.1800,2,198.4900,False,-7.7000,HAMMER,6.5500,10.0000,5.0000,7.5000,4,5.0000,7.0000,False,3.8600,5.7900,1.5000,23.5192,16.6340,5.9744,3.2409,14.3730,0.2590,0.0724,0.1424,0.4399,0.0620,0.0730,145.0270,1.1390,4785249792.0000,3980000000.0000,1.2023,90574700544.0000,0.5790,2.9800,2.0600,477211268.0000,4.6700,1.8600,6.2300,6.1300,0.0528,OK,0,5.4200,False,10-18d,XLF,,JPM|BAC|WFC,interest_rates|yield_curve|credit_spreads|loan_growth,44,2026-10-15,False,2026-07-21,2.9600,2.8900,2.3000,ALCISTA FUERTE,10,767.0500,8.3600,45.9000,14.9200,"Filtros estándar (Score ≥6.5, DD ≥10%)"
HPQ,HP Inc.,Information Technology,"Technology Hardware, Storage & Peripherals",1974-12-31,30.0200,2026-09-01,51.0500,62.2100,DOWN,-0.1629,-0.2127,True,0.6570,1.4357,1.1750,4.7830,26.3800,22.3300,29.0800,13.8100,34.4200,True,1.4439,ALCISTA,-6.7400,32.1900,32.1900,17.0700,-6.7400,75.8500,1.2910,False,23.7800,1,32.1900,False,-20.7800,NONE,6.0500,10.0000,6.0000,5.0000,4,5.0000,5.0000,False,9.5700,14.3500,1.5000,11.6357,9.5599,-300.2000,0.4576,7.1700,,0.0563,0.0414,0.1966,0.1250,-0.1130,,0.7880,3389874944.0000,2451000064.0000,1.3831,27071766528.0000,1.1940,5.3900,3.9300,901790969.0000,4.9800,1.3200,5.6300,8.5100,0.1252,OK,0,5.4100,False,10-18d,XLK,,AAPL|MSFT|NVDA,interest_rates|ai_capex_cycle|semiconductor_cycle,84,2026-11-24,False,2026-08-26,0.8300,0.6900,20.0000,ALCISTA FUERTE,10,767.0500,8.3600,45.9000,14.9200,"Filtros estándar (Score ≥6.5, DD ≥10%)"
SO,Southern Company,Utilities,Electric Utilities,1957-03-04,88.0000,2026-09-01,34.8400,28.3800,UP,-0.2803,-0.2003,False,-0.0750,1.2702,0.7180,1.4430,93.4000,91.0400,91.0700,-5.7800,-3.3400,True,-0.1036,BAJISTA,-10.6100,98.4500,98.4500,81.7900,-10.6100,7.5900,1.1480,False,88.2900,1,97.4500,True,0.3300,HAMMER|DOJI|HAMMER|DOJI,7.2000,6.5000,7.5000,5.0000,8,10.0000,7.0000,False,2.8900,4.3300,1.5000,21.2560,17.8690,2.5583,3.3544,12.4920,0.1148,0.0327,0.1543,0.4829,0.0010,0.3040,182.0580,0.7870,-3913374976.0000,4657999872.0000,-0.8401,101231943680.0000,0.3270,6.3400,3.4400,1150362966.0000,4.2100,5.0000,4.5500,2.8700,-0.0387,FCF/NI:-0.84|D/E:182,2,5.4100,False,3-7d,XLU,,NEE|DUK|D,interest_rates|regulatory_environment,58,2026-10-29,False,2026-07-30,1.1300,1.0100,11.8000,ALCISTA FUERTE,10,767.0500,8.3600,45.9000,14.9200,"Filtros estándar (Score ≥6.5, DD ≥10%)"
DOW,Dow Inc.,Materials,Commodity Chemicals,2019-04-01,30.5200,2026-09-01,49.6000,63.8200,DOWN,-0.0946,0.0638,False,0.4252,0.9406,0.7890,3.0820,29.9900,30.9300,30.7800,1.7600,-1.3300,False,2.8451,BAJISTA,-15.3200,36.0400,42.3100,19.9100,-27.8700,53.3100,1.1280,True,28.6900,1,32.7300,False,-6.0000,HAMMER|DOJI|HAMMER|DOJI,6.4000,7.0000,5.0000,7.5000,5,7.0000,7.0000,False,6.1600,9.2500,1.5000,,16.6247,1.3901,0.5336,9.7790,-0.0554,0.0130,-0.0313,0.0979,0.1970,,111.9130,1.7490,237624992.0000,-1300999936.0000,-0.1826,22045839360.0000,0.4230,3.9200,4.5900,722340711.0000,4.7400,7.5000,2.6300,3.9800,0.0108,FCF/NI:-0.18|D/E:112|ROE:-5.5%,3,5.4000,False,3-7d,XLB,,LIN|APD|ECL,commodity_prices|dxy|china_demand|energy_costs,51,2026-10-22,False,2026-07-23,1.4400,1.2800,12.6000,ALCISTA FUERTE,10,767.0500,8.3600,45.9000,14.9200,"Filtros estándar (Score ≥6.5, DD ≥10%)"
BDX,Becton Dickinson,Health Care,Health Care Equipment,1972-09-30,188.1100,2026-09-01,66.5600,85.2900,DOWN,-0.3562,0.4734,False,0.6995,3.9743,0.9460,2.1130,165.8300,157.6200,181.9700,13.4400,19.3400,True,2.6713,ALCISTA,-2.5700,193.0700,193.0700,125.2100,-2.5700,50.2400,1.4210,True,151.5100,6,,False,-19.4600,HAMMER|DOJI,6.8500,10.0000,5.0000,7.5000,6,5.0000,7.0000,False,4.2300,6.3400,1.5000,32.7718,14.1516,2.0986,2.2789,11.0010,0.0661,0.0434,0.0419,0.4694,0.0540,-0.3140,68.8400,0.8650,4478374912.0000,1648000000.0000,2.7175,51238682624.0000,0.2580,5.0700,2.2200,272386800.0000,4.4400,1.7200,4.8300,7.1600,0.0874,OK,0,5.4000,False,10-18d,XLV,,UNH|JNJ|LLY,fda_calendar|drug_pricing_policy|patent_cliffs,65,2026-11-05,False,2026-08-06,3.2300,3.1400,2.9000,ALCISTA FUERTE,10,767.0500,8.3600,45.9000,14.9200,"Filtros estándar (Score ≥6.5, DD ≥10%)"
AKAM,Akamai Technologies,Information Technology,Internet Services & Infrastructure,2007-07-12,108.6200,2026-09-01,38.1500,42.6200,DOWN,-0.7297,-1.3152,True,0.2371,4.5821,0.7250,4.2190,117.3100,109.1500,113.6800,-7.4100,-0.4900,True,3.8330,BAJISTA,-32.4800,160.8800,165.4500,70.8200,-34.3500,53.3700,0.6760,True,107.9900,4,118.1700,True,-0.5800,BULL_ENGULF,7.9300,7.0000,7.5000,7.5000,10,8.5000,7.5000,True,8.4400,12.6600,1.5000,38.9319,15.0912,3.2845,3.6112,19.9960,0.0892,0.0252,0.0951,0.5745,0.0540,-0.2680,196.6720,1.6370,710060096.0000,410964992.0000,1.7278,15610498048.0000,0.6450,5.4600,,143716609.0000,3.6900,0.2900,4.3500,6.8800,0.0455,D/E:197,1,5.3900,False,3-7d,XLK,,AAPL|MSFT|NVDA,interest_rates|ai_capex_cycle|semiconductor_cycle,65,2026-11-05,False,2026-08-06,1.5900,1.5800,83.0000,ALCISTA FUERTE,10,767.0500,8.3600,45.9000,14.9200,"Filtros estándar (Score ≥6.5, DD ≥10%)"
HAL,Halliburton,Energy,Oil & Gas Equipment & Services,1957-03-04,36.8500,2026-09-01,67.1500,62.9400,UP,0.3188,0.1866,True,0.9730,1.0700,0.9850,2.9040,33.8900,34.4300,34.6000,8.7300,7.0300,False,2.5389,ALCISTA,-10.4500,41.1500,43.4100,21.0700,-15.1000,74.8700,1.6310,False,36.0600,3,41.2300,True,-2.1500,NONE,7.1000,8.5000,7.0000,7.0000,9,5.0000,5.0000,False,5.8100,8.7100,1.5000,18.8974,12.6978,2.7915,1.3722,8.9140,0.1492,0.0726,0.0716,0.1508,0.0370,0.1610,74.1860,2.0180,2052249984.0000,1602000000.0000,1.2811,30700853248.0000,0.7530,2.5900,1.8800,833130367.0000,4.2500,0.6000,5.6500,6.8900,0.0668,OK,0,5.3900,False,10-18d,XLE,,XOM|CVX|COP,oil_price|gas_price|opec_supply|inventories,49,2026-10-20,False,2026-07-21,0.5500,0.5400,2.3000,ALCISTA FUERTE,10,767.0500,8.3600,45.9000,14.9200,"Filtros estándar (Score ≥6.5, DD ≥10%)"
ROL,"Rollins, Inc.",Industrials,Environmental & Facilities Services,2018-10-01,36.0700,2026-09-01,37.6600,38.6100,DOWN,0.2351,0.2824,False,0.2274,0.8021,0.6480,2.2240,40.2000,52.4000,37.1900,-10.2700,-31.1600,False,-3.5952,BAJISTA,-25.3000,48.2800,65.4000,35.8100,-44.8400,0.7300,1.0730,True,36.1400,3,46.1400,True,0.1900,NONE,6.9200,5.0000,6.5000,7.5000,9,8.5000,5.0000,False,4.4500,6.6700,1.5000,33.0917,27.7340,12.1407,4.4227,21.2260,0.3701,0.1406,0.1355,0.5237,0.0790,0.0310,78.0150,0.6290,501737504.0000,531716000.0000,0.9436,17354913792.0000,0.7440,2.1100,2.0100,481145404.0000,4.3700,2.2500,6.3400,4.5400,0.0289,OK,0,5.3900,False,3-7d,XLI,,CAT|UNP|HON,pmi_manufacturing|supply_chain|capex_cycle,57,2026-10-28,False,2026-07-22,0.3200,0.3400,-5.8000,ALCISTA FUERTE,10,767.0500,8.3600,45.9000,14.9200,"Filtros estándar (Score ≥6.5, DD ≥10%)"
J,Jacobs Solutions,Industrials,Construction & Engineering,2007-10-26,149.0500,2026-09-01,55.3300,74.4000,DOWN,-0.1066,0.2330,False,0.6946,3.1802,0.8410,2.1340,135.5200,132.1200,145.5600,9.9800,12.8100,True,-0.7322,ALCISTA,-2.7700,153.3000,166.6600,105.0900,-10.5700,41.8300,1.4810,True,142.0600,1,151.6100,False,-4.6900,NONE,6.2500,9.5000,5.0000,7.5000,4,5.0000,5.0000,False,4.2700,6.4000,1.5000,50.5254,18.0473,5.3480,1.2268,19.2210,0.0800,0.0455,0.0238,0.2207,0.3450,-0.2540,124.7340,1.2870,645677888.0000,359329984.0000,1.7969,17444603904.0000,0.6670,4.4500,0.9500,117038611.0000,4.8200,5.0000,4.4100,5.1000,0.0370,D/E:125,1,5.3900,False,10-18d,XLI,,CAT|UNP|HON,pmi_manufacturing|supply_chain|capex_cycle,79,2026-11-19,False,2026-08-04,1.8400,1.8300,80.0000,ALCISTA FUERTE,10,767.0500,8.3600,45.9000,14.9200,"Filtros estándar (Score ≥6.5, DD ≥10%)"
CMCSA,Comcast,Communication Services,Cable & Satellite,2002-11-19,26.6200,2026-09-01,64.4300,73.4200,DOWN,0.0109,0.1327,False,0.6984,0.6007,0.7670,2.2570,24.3900,26.3800,25.9700,9.1600,0.9000,False,0.0414,ALCISTA,-2.6700,27.3500,32.0500,21.2800,-16.9300,25.0900,1.0270,True,24.2400,3,26.9200,False,-8.9300,NONE,6.6500,8.5000,5.0000,7.5000,6,7.0000,5.0000,False,4.5100,6.7700,1.5000,8.6710,7.3491,1.0517,0.7563,5.2060,0.1149,0.0431,0.0897,0.6939,-0.0120,-0.6680,100.4740,0.7960,12697624576.0000,11198999552.0000,1.1338,94464712704.0000,0.6470,2.4400,4.8800,3539192198.0000,4.5500,0.0000,5.0600,9.2600,0.1344,D/E:100,1,5.3900,False,10-18d,XLC,,GOOGL|META|NFLX,ad_spending_cycle|streaming_competition|regulation,58,2026-10-29,False,2026-07-23,1.0400,0.9700,7.6000,ALCISTA FUERTE,10,767.0500,8.3600,45.9000,14.9200,"Filtros estándar (Score ≥6.5, DD ≥10%)"
A,Agilent Technologies,Health Care,Life Sciences Tools & Services,2000-06-05,153.5600,2026-09-01,58.5100,89.0200,DOWN,-0.0019,0.4956,False,0.6613,4.4479,1.0860,2.8960,140.1200,131.1200,150.1100,9.5900,17.1100,True,0.4476,ALCISTA,-6.2200,163.7500,163.7500,108.1400,-6.2200,42.0000,1.3630,False,137.0200,3,,False,-10.7700,NONE,6.1500,10.0000,5.0000,5.0000,6,5.0000,5.0000,False,5.7900,8.6900,1.5000,30.2880,22.7039,5.8806,5.8734,21.6720,0.2097,0.0872,0.1953,0.5383,0.0810,0.0850,53.6330,2.0500,1072249984.0000,1440000000.0000,0.7446,43298672640.0000,1.2290,2.7600,0.6600,281965813.0000,4.8600,3.8500,6.2900,4.3600,0.0248,FCF/NI:0.74,1,5.3800,False,10-18d,XLV,,UNH|JNJ|LLY,fda_calendar|drug_pricing_policy|patent_cliffs,85,2026-11-25,False,2026-08-26,1.6200,1.4900,9.0000,ALCISTA FUERTE,10,767.0500,8.3600,45.9000,14.9200,"Filtros estándar (Score ≥6.5, DD ≥10%)"
VTR,Ventas,Real Estate,Health Care REITs,2009-03-04,91.1700,2026-09-01,47.4400,56.8000,DOWN,0.0250,0.1682,False,0.4176,1.9979,0.8850,2.1910,92.0800,84.1100,92.4100,-0.9900,8.3900,True,2.5633,NEUTRO,-10.2700,101.6000,101.6000,64.7200,-10.2700,40.8600,1.4010,True,90.0400,2,94.6000,True,-1.2300,HAMMER|DOJI,6.7000,8.5000,5.0000,7.5000,7,5.0000,7.0000,False,4.3800,6.5700,1.5000,165.7636,99.6393,3.1923,7.2855,25.2210,0.0201,0.0217,0.0409,0.3997,0.2170,-0.0670,84.9280,0.2950,1486853504.0000,262731008.0000,5.6592,46765318144.0000,0.7310,7.0800,2.2700,512946359.0000,4.5000,5.0000,4.4000,4.0400,0.0318,D/E:85,1,5.3800,False,7-15d,XLRE,,PLD|AMT|EQIX,interest_rates|cap_rates|occupancy_trends,57,2026-10-28,False,2026-07-29,0.1700,0.1100,51.7000,ALCISTA FUERTE,10,767.0500,8.3600,45.9000,14.9200,"Filtros estándar (Score ≥6.5, DD ≥10%)"
NVR,"NVR, Inc.",Consumer Discretionary,Homebuilding,2019-09-26,6315.2300,2026-09-01,51.1200,56.2500,DOWN,6.4332,15.6796,False,0.4142,139.9436,0.7450,2.2160,6439.4000,6831.2600,6354.4500,-1.9300,-7.5500,False,-1.5879,BAJISTA,-9.2200,6956.4800,8618.2803,5501.0098,-26.7200,14.8000,1.2310,False,6265.3398,4,6528.5898,True,-0.7900,HAMMER,6.2500,5.0000,5.0000,5.0000,10,7.0000,7.0000,False,4.4300,6.6500,1.5000,16.6387,15.3422,4.9874,1.7561,10.9500,0.3154,0.1655,0.1185,0.2184,-0.1090,-0.2260,32.1500,5.6700,918313280.0000,1141319936.0000,0.8046,16913152000.0000,0.9130,3.1100,,2678153.0000,4.8000,0.0000,7.5100,7.2400,0.0543,RevG:-10.9%,1,5.3800,False,3-7d,XLY,,AMZN|TSLA|HD,consumer_spending|employment_data|interest_rates,50,2026-10-21,False,2026-07-23,83.9600,89.9800,-6.7000,ALCISTA FUERTE,10,767.0500,8.3600,45.9000,14.9200,"Filtros estándar (Score ≥6.5, DD ≥10%)"
FDS,FactSet,Financials,Financial Exchanges & Data,2021-12-20,313.5500,2026-09-01,67.8300,70.5800,DOWN,1.0295,0.9056,True,1.0105,11.0150,0.9090,3.5130,263.7300,247.5300,289.5000,18.8900,26.6700,True,0.6425,ALCISTA,-0.3100,314.5100,375.2800,183.1600,-16.4500,71.1900,1.3400,False,240.1100,1,,False,-23.4200,NONE,6.4500,10.0000,6.0000,7.0000,4,5.0000,5.0000,False,7.0300,10.5400,1.5000,20.3604,15.9084,5.5199,4.5732,13.3160,0.2703,0.1108,0.2321,0.5138,0.0640,-0.0960,77.2840,0.6830,621161344.0000,565969984.0000,1.0975,11151576064.0000,0.6870,4.0600,1.5000,35565543.0000,4.6500,1.2900,6.4600,6.4500,0.0557,OK,0,5.3700,False,10-18d,XLF,,JPM|BAC|WFC,interest_rates|yield_curve|credit_spreads|loan_growth,16,2026-09-17,False,2026-07-01,4.5300,4.4500,1.8000,ALCISTA FUERTE,10,767.0500,8.3600,45.9000,14.9200,"Filtros estándar (Score ≥6.5, DD ≥10%)"
AWK,American Water Works,Utilities,Water Utilities,2016-03-04,138.2300,2026-09-01,57.9000,63.7000,DOWN,-0.0079,0.1327,False,0.7785,2.7171,0.8480,1.9660,133.2600,129.6700,136.1500,3.7300,6.6000,True,0.2574,ALCISTA,-1.4900,140.3200,141.7700,118.8200,-2.5000,16.3400,1.0960,True,128.1200,5,136.9100,False,-7.3200,HAMMER|DOJI,6.8500,10.0000,5.0000,7.5000,6,5.0000,7.0000,False,3.9300,5.9000,1.5000,23.9983,21.0530,2.3549,5.1988,14.8680,0.1009,0.0352,0.2135,0.6147,0.0620,0.0860,137.7450,0.5230,-1785374976.0000,1128000000.0000,-1.5828,27470307328.0000,0.5770,4.5800,2.5900,198728989.0000,4.3800,5.6600,4.4700,2.7700,-0.0650,FCF/NI:-1.58,1,5.3700,False,10-18d,XLU,,NEE|DUK|SO,interest_rates|regulatory_environment,57,2026-10-28,False,2026-07-29,1.6100,1.5500,4.0000,ALCISTA FUERTE,10,767.0500,8.3600,45.9000,14.9200,"Filtros estándar (Score ≥6.5, DD ≥10%)"
GM,General Motors,Consumer Discretionary,Automobile Manufacturers,2013-06-06,86.3200,2026-09-01,44.5100,50.7500,DOWN,-0.3240,-0.3850,True,0.4200,1.8614,0.7390,2.1560,82.6000,79.2700,85.9500,4.5000,8.9000,True,2.7511,ALCISTA,-6.0200,91.8500,91.8500,53.9800,-6.0200,59.9200,1.6380,True,74.5500,3,85.4800,False,-13.6400,HAMMER|HAMMER|DOJI,7.7500,10.0000,6.0000,9.5000,6,7.0000,7.0000,False,4.3100,6.4700,1.5000,38.5357,5.8135,1.2210,0.4208,11.0210,0.0316,0.0225,0.0105,0.1018,0.0190,-0.2620,202.3410,1.1360,21933750272.0000,1856999936.0000,11.8114,78072258560.0000,1.3290,3.2500,0.8300,904451541.0000,3.7600,0.3800,3.9900,7.4500,0.2809,D/E:202,1,5.3600,False,10-18d,XLY,,AMZN|TSLA|HD,consumer_spending|employment_data|interest_rates,49,2026-10-20,False,2026-07-21,3.5700,3.1900,12.0000,ALCISTA FUERTE,10,767.0500,8.3600,45.9000,14.9200,"Filtros estándar (Score ≥6.5, DD ≥10%)"
SOLV,Solventum,Health Care,Health Care Technology,2024-04-01,91.0600,2026-09-01,72.5500,54.2900,UP,0.1558,0.2979,False,0.7999,2.2086,0.8580,2.4250,82.3800,76.9700,87.8900,10.5300,18.3000,True,2.2708,ALCISTA,-1.7800,92.7100,92.7100,62.3800,-1.7800,45.9800,0.7730,True,76.7700,1,90.0000,False,-15.6900,HAMMER|DOJI|HAMMER,6.7500,10.0000,6.0000,7.5000,4,5.0000,7.0000,False,4.8500,7.2800,1.5000,11.1320,12.6058,3.2272,1.8653,17.9040,0.3396,0.0270,0.1726,0.5478,0.0220,0.0390,110.3130,1.0210,489000000.0000,1434000000.0000,0.3410,15500572672.0000,0.6710,2.8400,,170223729.0000,4.4200,0.6000,5.9100,7.1200,0.0315,FCF/NI:0.34|D/E:110,2,5.3500,False,10-18d,XLV,,UNH|JNJ|LLY,fda_calendar|drug_pricing_policy|patent_cliffs,65,2026-11-05,False,2026-08-05,2.5500,1.9100,33.8000,ALCISTA FUERTE,10,767.0500,8.3600,45.9000,14.9200,"Filtros estándar (Score ≥6.5, DD ≥10%)"
ES,Eversource Energy,Utilities,Electric Utilities,2009-07-24,70.1400,2026-09-01,43.3900,37.8800,UP,-0.1362,-0.1419,True,-0.0273,1.1593,0.7800,1.6530,72.7800,69.3500,71.7200,-3.6300,1.1300,True,0.1294,NEUTRO,-8.4000,76.5700,76.5700,59.7200,-8.4000,17.4600,1.4010,True,66.2100,5,70.7700,False,-5.6000,BULL_ENGULF|HAMMER|HAMMER,7.9500,8.5000,7.0000,7.5000,6,10.0000,9.5000,False,3.3100,4.9600,1.5000,18.4094,14.2663,1.6165,1.8874,11.0610,0.0902,0.0330,0.1035,0.5275,0.0230,-0.8540,180.7000,0.8000,811961344.0000,1449377024.0000,0.5602,26419965952.0000,0.7020,4.5200,4.4500,376674754.0000,3.6100,1.0700,4.6700,5.3400,0.0307,FCF/NI:0.56|D/E:181,2,5.3500,False,7-15d,XLU,,NEE|DUK|SO,interest_rates|regulatory_environment,64,2026-11-04,False,2026-07-30,0.8700,0.8700,-33.0000,ALCISTA FUERTE,10,767.0500,8.3600,45.9000,14.9200,"Filtros estándar (Score ≥6.5, DD ≥10%)"
CRWD,CrowdStrike,Information Technology,Systems Software,2024-06-24,231.0000,2026-09-01,54.0600,34.6300,UP,1.2699,-4.1232,True,0.8609,12.4796,1.2790,5.4020,197.4200,140.9400,206.7600,17.0100,63.9000,True,5.9253,ALCISTA,-1.2300,233.8800,233.8800,85.6800,-1.2300,169.6100,1.8860,False,181.0000,1,227.5000,False,-21.6500,NONE,6.6500,10.0000,7.0000,7.0000,4,5.0000,5.0000,False,10.8000,16.2100,1.5000,4620.0000,144.6852,50.7581,43.8329,2174.5360,0.0146,-0.0078,0.0083,0.7519,0.2580,,15.9580,1.5700,1995385472.0000,44995000.0000,44.3468,236528943104.0000,1.2340,3.0200,,1023934842.0000,4.4900,5.7600,5.6300,1.6800,0.0084,OK,0,5.3500,False,10-18d,XLK,,AAPL|MSFT|NVDA,interest_rates|ai_capex_cycle|semiconductor_cycle,-6,2026-12-01,False,2026-08-26,0.3100,0.2900,6.4000,ALCISTA FUERTE,10,767.0500,8.3600,45.9000,14.9200,"Filtros estándar (Score ≥6.5, DD ≥10%)"
KHC,Kraft Heinz,Consumer Staples,Packaged Foods & Meats,2015-07-06,25.6700,2026-09-01,60.5800,41.5100,UP,0.0051,-0.0610,True,0.6750,0.6293,0.8760,2.4510,25.2000,23.5500,25.4000,1.8700,9.0200,True,0.7027,ALCISTA,-8.6200,28.0900,28.0900,20.6600,-8.6200,24.2500,1.2050,False,25.1700,1,25.7400,True,-1.9500,NONE,6.7000,10.0000,7.0000,5.0000,7,5.0000,5.0000,False,4.9000,7.3500,1.5000,,12.2695,0.8455,1.2225,8.5350,-0.0876,0.0363,-0.1364,0.3350,-0.0140,,52.5910,1.0610,3250500096.0000,-3396000000.0000,-0.9572,30440095744.0000,0.0830,5.8300,6.2300,1185823758.0000,4.4500,2.5000,3.3700,8.0000,0.1068,FCF/NI:-0.96|ROE:-8.8%,2,5.3500,False,10-18d,XLP,,PG|KO|PEP,inflation|input_costs|fx_rates,57,2026-10-28,False,2026-08-05,0.5600,0.5300,5.6000,ALCISTA FUERTE,10,767.0500,8.3600,45.9000,14.9200,"Filtros estándar (Score ≥6.5, DD ≥10%)"
PCG,PG&E Corporation,Utilities,Multi-Utilities,2022-10-03,13.2700,2026-09-01,24.4600,57.9700,DOWN,-0.3272,0.0719,False,-0.4674,0.8864,1.9990,6.6800,17.3200,16.7500,17.2100,-23.4000,-20.7800,True,0.6989,BAJISTA,-28.0400,18.4400,19.0500,13.0900,-30.3400,1.3800,4.3380,False,,0,17.2000,False,,HAMMER|HAMMER|DOJI,6.4000,7.0000,7.5000,5.0000,4,8.0000,7.0000,False,13.3600,20.0400,1.5000,11.9550,7.3497,0.9042,1.1311,9.0680,0.0932,0.0257,0.1183,0.3982,0.0010,0.3980,189.4500,1.2160,-6150125056.0000,3056000000.0000,-2.0125,29225410560.0000,0.2780,0.0000,1.2000,2202366906.0000,4.6100,5.0000,4.3100,4.4900,-0.2104,FCF/NI:-2.01|D/E:189,2,5.3300,False,3-7d,XLU,,NEE|DUK|SO,interest_rates|regulatory_environment,51,2026-10-22,False,2026-07-23,0.4000,0.3600,11.6000,ALCISTA FUERTE,10,767.0500,8.3600,45.9000,14.9200,"Filtros estándar (Score ≥6.5, DD ≥10%)"
TTD,Trade Desk (The),Communication Services,Advertising,2025-07-18,13.7200,2026-09-01,52.0900,16.3200,UP,0.1328,-0.0391,True,0.4246,0.5646,0.5360,4.1150,16.8400,25.5900,14.4000,-18.5300,-46.3800,False,-12.1280,BAJISTA,-35.9500,21.4200,56.3900,12.8300,-75.6700,6.9400,0.7770,True,12.8300,2,19.7100,False,-6.4900,NONE,6.0500,5.0000,7.0000,7.5000,4,7.0000,5.0000,False,8.2300,12.3500,1.5000,16.3333,13.7844,2.6339,2.1560,7.7300,0.1544,0.0625,0.1361,0.7687,0.0300,-0.2360,16.8630,1.7240,582992768.0000,406888000.0000,1.4328,6446756352.0000,1.0370,3.0800,,426771565.0000,4.8400,0.3900,7.2200,7.2700,0.0904,OK,0,5.3200,False,3-7d,XLC,,GOOGL|META|NFLX,ad_spending_cycle|streaming_competition|regulation,65,2026-11-05,False,2026-08-06,0.3400,0.4000,-14.6000,ALCISTA FUERTE,10,767.0500,8.3600,45.9000,14.9200,"Filtros estándar (Score ≥6.5, DD ≥10%)"
JNJ,Johnson & Johnson,Health Care,Pharmaceuticals,1973-06-30,265.8500,2026-09-01,56.7400,71.6200,DOWN,-0.1241,0.9386,False,0.6115,5.1559,0.8940,1.9390,256.9400,231.4500,264.2800,3.4700,14.8600,True,3.4684,ALCISTA,-3.3700,275.1100,275.1100,169.5100,-3.3700,56.8300,1.2050,True,249.2100,1,268.1100,False,-6.2600,NONE,6.3500,10.0000,5.0000,7.5000,4,5.0000,5.0000,False,3.8800,5.8200,1.5000,31.0572,21.6007,7.5346,6.5422,19.1830,0.2574,0.0859,0.2148,0.6814,0.0660,-0.0090,57.7090,1.0890,16885125120.0000,21037000704.0000,0.8026,640671547392.0000,0.2310,2.7800,2.0000,2409898597.0000,4.6300,2.2100,7.2300,4.4000,0.0264,OK,0,5.3200,False,10-18d,XLV,,UNH|LLY|ABBV,fda_calendar|drug_pricing_policy|patent_cliffs,42,2026-10-13,False,2026-07-15,2.9000,2.8500,1.6000,ALCISTA FUERTE,10,767.0500,8.3600,45.9000,14.9200,"Filtros estándar (Score ≥6.5, DD ≥10%)"
CMG,Chipotle Mexican Grill,Consumer Discretionary,Restaurants,2011-04-28,38.0300,2026-09-01,84.1300,47.7700,UP,0.4186,0.4643,False,0.8700,1.1543,0.8770,3.0350,34.2600,34.6800,35.5100,11.0100,9.6600,False,-0.7306,ALCISTA,-2.7100,39.0900,42.8200,28.0400,-11.1900,35.6300,0.9230,True,33.4700,3,39.0900,False,-12.0000,HAMMER|HAMMER,6.6500,8.0000,6.0000,7.5000,6,5.0000,7.0000,False,6.0700,9.1100,1.5000,35.2130,27.7770,21.9193,3.8735,23.2370,0.4956,0.1308,0.1143,0.3936,0.0930,-0.0130,246.3500,0.7150,1116464384.0000,1419405952.0000,0.7866,48123842560.0000,0.9370,1.9800,,1265418000.0000,4.4200,3.7900,5.7500,3.5900,0.0232,D/E:246,1,5.3100,False,10-18d,XLY,,AMZN|TSLA|HD,consumer_spending|employment_data|interest_rates,64,2026-11-04,False,2026-07-29,0.3300,0.3200,4.0000,ALCISTA FUERTE,10,767.0500,8.3600,45.9000,14.9200,"Filtros estándar (Score ≥6.5, DD ≥10%)"
ELV,Elevance Health,Health Care,Managed Health Care,2002-07-25,392.5400,2026-09-01,45.9300,63.0100,DOWN,0.1771,1.1555,False,0.3986,9.2207,0.7680,2.3490,394.7700,355.3100,395.7600,-0.5700,10.4800,True,1.9053,NEUTRO,-10.0200,436.2400,436.2400,272.0500,-10.0200,44.2900,1.2010,True,381.9900,2,405.5300,True,-2.6900,NONE,6.8000,8.5000,5.0000,7.5000,7,7.0000,5.0000,False,4.7000,7.0500,1.5000,17.4540,13.2590,1.8965,0.4233,9.4660,0.1113,0.0383,0.0247,0.2599,0.0140,-0.1310,68.9530,1.5180,4306375168.0000,4962999808.0000,0.8677,85129871360.0000,0.6920,3.9700,1.7400,216869290.0000,4.3200,0.0800,5.5400,7.8600,0.0506,OK,0,5.3100,False,7-15d,XLV,,UNH|JNJ|LLY,fda_calendar|drug_pricing_policy|patent_cliffs,50,2026-10-21,False,2026-07-15,7.4500,6.2100,20.0000,ALCISTA FUERTE,10,767.0500,8.3600,45.9000,14.9200,"Filtros estándar (Score ≥6.5, DD ≥10%)"
AJG,Arthur J. Gallagher & Co.,Financials,Insurance Brokers,2016-05-31,262.1500,2026-09-01,60.0500,70.9500,DOWN,0.3183,1.3026,False,0.7123,7.5714,1.0300,2.8880,248.7700,232.8600,257.7800,5.3800,12.5800,True,-0.4446,ALCISTA,-3.9000,272.7900,310.7300,190.1200,-15.6300,37.8900,1.1490,True,240.9000,2,261.9200,False,-8.1100,DOJI,6.2500,9.5000,5.0000,7.5000,4,5.0000,5.0000,False,5.7800,8.6600,1.5000,44.4322,17.6049,2.8330,4.4477,18.6430,0.0672,0.0232,0.1038,0.4319,0.3090,-0.1070,59.4010,1.0530,2082300032.0000,1568000000.0000,1.3280,67199791104.0000,0.5020,4.3400,1.0500,256341000.0000,4.6800,5.0000,4.7600,4.2000,0.0310,OK,0,5.3100,False,10-18d,XLF,,JPM|BAC|WFC,interest_rates|yield_curve|credit_spreads|loan_growth,58,2026-10-29,False,2026-07-30,2.8400,2.8100,94.0000,ALCISTA FUERTE,10,767.0500,8.3600,45.9000,14.9200,"Filtros estándar (Score ≥6.5, DD ≥10%)"
Q,Qnity Electronics,Information Technology,Semiconductor Materials & Equipment,2025-11-03,119.4300,2026-09-01,34.2400,46.4300,DOWN,-1.1518,-0.8042,False,-0.0152,5.9844,0.7190,5.0110,140.3800,120.7900,131.4500,-14.9300,-1.1200,True,,BAJISTA,-32.6300,177.2800,177.2800,70.3700,-32.6300,69.7300,1.1190,True,106.1400,2,122.6200,False,-11.1300,NONE,6.8500,6.5000,6.5000,7.5000,5,10.0000,5.0000,False,10.0200,15.0300,1.5000,42.9604,22.2066,3.4442,4.7957,18.8980,0.0672,0.0530,0.1125,0.4622,0.2210,-0.3430,59.9920,2.0080,772249984.0000,586000000.0000,1.3178,24985776128.0000,,2.2600,0.2700,209208543.0000,4.2700,2.7200,4.7300,5.5500,0.0309,OK,0,5.3000,False,3-7d,XLK,,AAPL|MSFT|NVDA,interest_rates|ai_capex_cycle|semiconductor_cycle,76,2026-11-16,False,2026-08-04,1.1900,1.0700,11.0000,ALCISTA FUERTE,10,767.0500,8.3600,45.9000,14.9200,"Filtros estándar (Score ≥6.5, DD ≥10%)"
BXP,"BXP, Inc.",Real Estate,Office REITs,2006-04-03,67.9900,2026-09-01,50.2900,38.2100,UP,0.0372,0.1388,False,0.3639,1.7014,0.9560,2.5020,68.2200,62.6200,68.8800,-0.3400,8.5800,True,-0.0568,NEUTRO,-9.2700,74.9400,75.9500,48.5400,-10.4800,40.0800,1.1160,True,66.6100,4,70.9800,True,-2.0300,NONE,6.9000,8.0000,6.0000,7.5000,9,5.0000,5.0000,False,5.0000,7.5100,1.5000,37.3571,31.0411,2.1039,3.8549,18.1140,0.0531,0.0168,0.0930,0.5645,0.0370,-0.2320,211.6310,0.5060,880636864.0000,296824992.0000,2.9669,12297856000.0000,1.0390,7.2100,4.0400,159661556.0000,4.2400,1.5900,4.6400,6.8600,0.0716,D/E:212,1,5.3000,False,7-15d,XLRE,,PLD|AMT|EQIX,interest_rates|cap_rates|occupancy_trends,56,2026-10-27,False,2026-07-28,0.5000,0.4300,14.8000,ALCISTA FUERTE,10,767.0500,8.3600,45.9000,14.9200,"Filtros estándar (Score ≥6.5, DD ≥10%)"
FERG,Ferguson Enterprises,Industrials,Building Products,2026-08-05,224.5100,2026-09-01,21.3600,32.6400,DOWN,-2.6221,-2.0385,False,0.0219,6.1142,0.8860,2.7230,236.0500,238.1400,237.4300,-4.8900,-5.7200,False,0.0480,BAJISTA,-15.8600,266.8400,268.5900,203.7400,-16.4100,10.2000,0.4140,True,227.7300,1,231.4900,True,1.4300,HAMMER,7.2000,5.5000,7.5000,7.5000,8,8.0000,7.0000,False,5.4500,8.1700,1.5000,22.0757,17.8585,7.0041,1.3812,16.2450,,,0.0632,0.3063,0.0460,0.0690,111.0630,1.7290,,1987399936.0000,,43432067072.0000,1.1210,1.3000,1.5600,193452717.0000,4.0300,2.0500,4.9000,5.3300,,D/E:111,1,5.3000,False,3-7d,XLI,,CAT|UNP|HON,pmi_manufacturing|supply_chain|capex_cycle,69,2026-11-09,False,2026-08-10,3.3900,3.3000,2.8000,ALCISTA FUERTE,10,767.0500,8.3600,45.9000,14.9200,"Filtros estándar (Score ≥6.5, DD ≥10%)"
RF,Regions Financial Corporation,Financials,Regional Banks,1998-08-28,29.8800,2026-09-01,26.9000,34.3100,DOWN,-0.1860,-0.1832,False,0.0063,0.5157,0.8260,1.7260,30.8000,28.0400,30.8500,-2.9900,6.5700,True,2.7744,NEUTRO,-7.9800,32.4700,32.4700,22.0400,-7.9800,35.5800,1.2080,True,30.1000,1,32.3400,True,0.7400,HAMMER|DOJI,7.6500,8.5000,7.5000,7.5000,7,8.0000,7.0000,False,3.4500,5.1800,1.5000,12.3471,10.5114,1.4584,3.5169,,0.1187,0.0139,0.3084,0.0000,0.0340,0.0850,,,,2150000128.0000,,25455652864.0000,1.0120,5.3300,3.6100,851929506.0000,3.7200,1.2500,4.5800,5.5900,,OK,0,5.2900,False,7-15d,XLF,,JPM|BAC|WFC,interest_rates|yield_curve|credit_spreads|loan_growth,45,2026-10-16,False,2026-07-17,0.6800,0.6300,7.9000,ALCISTA FUERTE,10,767.0500,8.3600,45.9000,14.9200,"Filtros estándar (Score ≥6.5, DD ≥10%)"
CDW,CDW Corporation,Information Technology,Technology Distributors,2019-09-23,151.5800,2026-09-01,65.8000,40.1900,UP,1.2648,-0.3720,True,0.9779,6.0527,0.9850,3.9930,137.1000,130.2300,139.9500,10.5600,16.4000,True,-0.7318,ALCISTA,-1.4200,153.7700,168.1300,96.0900,-9.8400,57.7500,1.1010,True,129.8000,1,153.7700,False,-14.3700,NONE,6.6500,9.5000,7.0000,7.5000,4,5.0000,5.0000,False,7.9900,11.9800,1.5000,17.7702,12.6979,7.7773,0.8064,12.4410,0.4401,0.0659,0.0460,0.2136,0.1000,0.0490,263.2780,1.1670,676787520.0000,1080300032.0000,0.6265,18950141952.0000,0.9400,4.1700,1.7100,125017426.0000,4.3900,0.9600,5.7800,6.7800,0.0357,FCF/NI:0.63|D/E:263,2,5.2900,False,10-18d,XLK,,AAPL|MSFT|NVDA,interest_rates|ai_capex_cycle|semiconductor_cycle,63,2026-11-03,False,2026-08-05,2.9100,2.8000,4.0000,ALCISTA FUERTE,10,767.0500,8.3600,45.9000,14.9200,"Filtros estándar (Score ≥6.5, DD ≥10%)"
ORCL,Oracle Corporation,Information Technology,Application Software,1989-08-31,149.1200,2026-09-01,53.8200,46.7600,UP,0.6768,0.5002,True,0.6116,5.9700,0.6620,4.0030,140.7100,169.3100,145.5800,5.9800,-11.9300,False,-6.5449,BAJISTA,-35.3400,230.6400,341.8200,114.5000,-56.3800,30.2400,0.6870,True,135.8400,3,148.5500,False,-8.9000,HAMMER|DOJI|HAMMER|DOJI,6.8500,6.5000,7.0000,7.5000,6,7.0000,7.0000,False,8.0100,12.0100,1.5000,25.8889,13.6480,11.4356,6.3770,18.7110,0.5338,0.0650,0.2537,0.6582,0.2060,0.2190,388.8700,1.1150,-24536750080.0000,16984000512.0000,-1.4447,429535821824.0000,1.7180,1.3700,1.3300,2880471000.0000,4.2500,3.6900,5.5700,3.3800,-0.0571,FCF/NI:-1.44|D/E:389,2,5.2900,False,3-7d,XLK,,AAPL|MSFT|NVDA,interest_rates|ai_capex_cycle|semiconductor_cycle,9,2026-09-10,False,2026-06-10,2.1100,1.9600,7.5000,ALCISTA FUERTE,10,767.0500,8.3600,45.9000,14.9200,"Filtros estándar (Score ≥6.5, DD ≥10%)"
EL,Estée Lauder Companies (The),Consumer Staples,Personal Care Products,2006-01-05,102.3000,2026-09-01,72.4400,75.9300,DOWN,1.4791,1.9742,False,0.7847,3.8336,1.2650,3.7470,86.6700,91.5700,94.9600,18.0300,11.7200,False,-0.2513,ALCISTA,-5.6100,108.3800,120.7900,65.9600,-15.3100,55.0800,1.1110,False,83.8500,1,,False,-18.0400,HAMMER,5.6500,8.0000,5.0000,5.0000,4,5.0000,7.0000,False,7.4900,11.2400,1.5000,208.7755,26.2088,9.7243,2.4594,17.4180,0.0474,0.0523,0.0121,0.7549,0.0630,,242.9320,1.2220,1812125056.0000,182000000.0000,9.9567,37011992576.0000,1.2460,3.3800,1.3500,247291223.0000,5.0300,5.8200,4.1200,5.1800,0.0490,D/E:243,1,5.2800,False,10-18d,XLP,,PG|KO|PEP,inflation|input_costs|fx_rates,62,2026-11-02,False,2026-08-19,0.3900,0.3200,22.1000,ALCISTA FUERTE,10,767.0500,8.3600,45.9000,14.9200,"Filtros estándar (Score ≥6.5, DD ≥10%)"
EFX,Equifax,Industrials,Research & Consulting Services,1997-06-19,189.1600,2026-09-01,60.2500,70.4400,DOWN,0.1453,1.0010,False,0.6762,5.6443,0.7880,2.9840,174.9200,187.6400,185.5000,8.1400,0.8100,False,-1.7771,ALCISTA,-3.7100,196.4500,269.5400,150.7500,-29.8200,25.4800,0.7340,True,178.2100,4,190.1500,False,-5.7900,NONE,6.5500,8.0000,5.0000,7.5000,6,7.0000,5.0000,False,5.9700,8.9500,1.5000,34.1444,18.6434,5.0785,3.4484,14.3740,0.1427,0.0616,0.1073,0.5554,0.1060,0.0070,120.9560,0.6020,947537472.0000,691400000.0000,1.3705,22223443968.0000,1.2960,3.8800,1.1500,117484896.0000,4.4100,2.9200,4.6200,5.9100,0.0426,D/E:121,1,5.2700,False,10-18d,XLI,,CAT|UNP|HON,pmi_manufacturing|supply_chain|capex_cycle,49,2026-10-20,False,2026-07-21,2.2500,2.2000,2.3000,ALCISTA FUERTE,10,767.0500,8.3600,45.9000,14.9200,"Filtros estándar (Score ≥6.5, DD ≥10%)"
VMRK,Vivmark Residential,Real Estate,Multi-Family Residential REITs,2001-12-03,65.1400,2026-09-01,50.2100,51.8100,DOWN,0.0378,0.2592,False,0.3451,1.4764,1.0990,2.2670,67.2100,62.8100,66.1700,-3.0800,3.7100,True,1.1095,NEUTRO,-8.9000,71.5000,71.5000,56.3000,-8.9000,15.7100,1.1950,False,56.3000,1,66.5400,False,-13.5800,HAMMER,5.7500,8.5000,5.0000,5.0000,4,5.0000,7.0000,False,4.5300,6.8000,1.5000,24.9579,45.5451,,16.3122,,0.0849,0.0256,0.3325,0.6232,0.0330,,75.1290,0.3480,1387120000.0000,1027489024.0000,1.3500,50403971072.0000,0.5450,11.6100,3.9100,773779120.0000,4.9300,3.8700,5.8500,5.1100,0.0275,OK,0,5.2600,False,7-15d,XLRE,,PLD|AMT|EQIX,interest_rates|cap_rates|occupancy_trends,50,2026-10-21,False,,,,,ALCISTA FUERTE,10,767.0500,8.3600,45.9000,14.9200,"Filtros estándar (Score ≥6.5, DD ≥10%)"
AEE,Ameren,Utilities,Multi-Utilities,1991-09-19,106.0100,2026-09-01,45.4000,33.7800,UP,-0.1693,-0.1660,False,0.0428,1.5950,0.7390,1.5050,110.7300,106.9100,108.3200,-4.2600,-0.8400,True,0.6239,BAJISTA,-10.4000,118.3200,118.3200,95.2500,-10.4000,11.3000,0.8570,True,106.3500,7,111.1600,True,0.3200,HAMMER,7.8000,7.0000,6.0000,7.5000,10,10.0000,7.0000,False,3.0100,4.5100,1.5000,18.6967,18.2497,2.1439,3.4893,13.1130,0.1194,0.0306,0.1858,0.5241,-0.0620,0.1190,157.8460,0.5310,-1786249984.0000,1563000064.0000,-1.1428,29348155392.0000,0.4760,8.0100,2.8300,276843251.0000,3.5600,2.8700,4.6500,3.1100,-0.0609,FCF/NI:-1.14|D/E:158,2,5.2600,False,3-7d,XLU,,NEE|DUK|SO,interest_rates|regulatory_environment,64,2026-11-04,False,2026-07-30,1.1300,1.0800,4.2000,ALCISTA FUERTE,10,767.0500,8.3600,45.9000,14.9200,"Filtros estándar (Score ≥6.5, DD ≥10%)"
IP,International Paper,Materials,Paper & Plastic Packaging Products & Materials,1957-03-04,37.9300,2026-09-01,33.8200,52.9400,DOWN,-0.3697,-0.1617,False,-0.3139,1.1723,0.8260,3.0910,39.1800,37.4800,40.3000,-3.2000,1.2100,True,-0.1607,NEUTRO,-14.4100,44.3200,48.4700,28.5100,-21.7500,33.0600,1.3230,True,35.4700,1,39.6200,False,-6.5000,BULL_ENGULF,6.9500,8.0000,6.5000,7.5000,4,8.0000,7.5000,False,6.1800,9.2700,1.5000,,12.6865,1.3894,0.8299,7.4390,-0.1648,0.0159,-0.1421,0.2961,-0.0220,,68.5090,1.0980,1646499968.0000,-2724999936.0000,-0.6042,20086585344.0000,0.8940,8.7600,4.7100,529569895.0000,4.0900,2.5000,2.7200,7.5200,0.0820,FCF/NI:-0.60|ROE:-16.5%,2,5.2300,False,7-15d,XLB,,LIN|APD|ECL,commodity_prices|dxy|china_demand|energy_costs,57,2026-10-28,False,2026-07-30,0.0400,-0.0400,205.4000,ALCISTA FUERTE,10,767.0500,8.3600,45.9000,14.9200,"Filtros estándar (Score ≥6.5, DD ≥10%)"
IBM,IBM,Information Technology,IT Consulting & Other Services,1957-03-04,233.8700,2026-09-01,47.7300,62.3900,DOWN,0.9562,1.1820,False,0.4987,6.3057,0.5280,2.6960,242.5000,260.6800,233.8100,-3.5600,-10.2900,False,-2.1114,BAJISTA,-24.4600,309.5800,330.0900,197.7700,-29.1500,18.2500,1.1350,True,229.3900,4,241.8700,True,-1.9200,NONE,6.4000,5.0000,5.0000,7.5000,9,7.0000,5.0000,False,5.3900,8.0900,1.5000,20.9186,17.7680,6.3955,3.1889,16.8500,0.3446,0.0530,0.1552,0.5810,0.0110,-0.0180,188.9700,0.7910,12049750016.0000,10705000448.0000,1.1256,220336963584.0000,0.7050,1.7500,2.8700,942134390.0000,4.4500,0.0000,5.8300,8.0300,0.0547,D/E:189,1,5.2300,False,3-7d,XLK,,AAPL|MSFT|NVDA,interest_rates|ai_capex_cycle|semiconductor_cycle,50,2026-10-21,False,2026-07-22,2.9300,2.9300,-10.0000,ALCISTA FUERTE,10,767.0500,8.3600,45.9000,14.9200,"Filtros estándar (Score ≥6.5, DD ≥10%)"
BIIB,Biogen,Health Care,Biotechnology,2003-11-13,216.6500,2026-09-01,61.0400,66.6900,DOWN,0.5967,1.0874,False,0.6788,5.4579,0.7840,2.5190,207.3800,189.6200,213.5600,4.4700,14.2500,True,3.4230,ALCISTA,-2.7800,222.8500,222.8500,131.5200,-2.7800,64.7300,1.0760,True,185.5900,3,218.0300,False,-14.3300,HAMMER|DOJI,7.1500,10.0000,5.0000,7.5000,6,7.0000,7.0000,False,5.0400,7.5600,1.5000,38.7567,13.1011,1.6978,3.1922,11.6340,0.0457,0.0521,0.0832,0.7832,0.0340,-0.8480,44.3290,1.8650,1266987520.0000,834600000.0000,1.5181,32010903552.0000,0.1620,4.3500,,147753998.0000,3.9500,0.9000,5.3100,5.9300,0.0396,OK,0,5.2300,False,10-18d,XLV,,UNH|JNJ|LLY,fda_calendar|drug_pricing_policy|patent_cliffs,58,2026-10-29,False,2026-07-29,3.6000,2.0300,77.4000,ALCISTA FUERTE,10,767.0500,8.3600,45.9000,14.9200,"Filtros estándar (Score ≥6.5, DD ≥10%)"
LOW,Lowe's,Consumer Discretionary,Home Improvement Retail,1984-02-29,204.7000,2026-09-01,29.4000,55.0300,DOWN,-1.4933,-0.3057,False,-0.1176,5.3557,0.9120,2.6160,214.3400,234.7500,213.8100,-4.5000,-12.8000,False,-0.8318,BAJISTA,-9.9800,227.4000,289.8700,199.4000,-29.3800,2.6600,1.4850,False,206.7200,1,223.4800,True,0.9900,NONE,6.2500,5.0000,7.5000,5.0000,7,8.0000,5.0000,False,5.2300,7.8500,1.5000,17.2889,15.6450,-15.4409,1.2700,12.0750,,0.1252,0.0735,0.3299,0.0830,0.0000,,1.1050,4615374848.0000,6624999936.0000,0.6967,114847752192.0000,0.8510,3.1400,2.4000,561054019.0000,4.5300,3.3300,4.9700,5.4200,0.0402,FCF/NI:0.70,1,5.2200,False,3-7d,XLY,,AMZN|TSLA|HD,consumer_spending|employment_data|interest_rates,78,2026-11-18,False,2026-08-19,4.4000,4.2200,4.2000,ALCISTA FUERTE,10,767.0500,8.3600,45.9000,14.9200,"Filtros estándar (Score ≥6.5, DD ≥10%)"
HLT,Hilton Worldwide,Consumer Discretionary,"Hotels, Resorts & Cruise Lines",2017-06-19,316.2800,2026-09-01,51.5400,63.5900,DOWN,-0.3701,1.4927,False,0.2274,6.8640,0.8710,2.1700,327.2000,311.7000,324.8500,-3.3400,1.4700,True,1.9420,NEUTRO,-11.6100,357.8400,357.8400,253.0400,-11.6100,24.9900,1.3060,True,290.4000,1,330.5300,False,-8.1800,NONE,6.2800,8.5000,5.0000,7.5000,4,6.5000,5.0000,False,4.3400,6.5100,1.5000,47.1356,30.2481,-11.3252,13.9466,27.2770,,0.1103,0.3103,0.7904,0.0250,0.1410,,0.6490,1393874944.0000,1584000000.0000,0.8800,71183532032.0000,1.0630,2.3100,0.1900,225064910.0000,4.4900,4.8500,5.5800,2.8000,0.0196,OK,0,5.2100,False,7-15d,XLY,,AMZN|TSLA|HD,consumer_spending|employment_data|interest_rates,57,2026-10-28,False,2026-07-28,2.2900,2.2700,78.0000,ALCISTA FUERTE,10,767.0500,8.3600,45.9000,14.9200,"Filtros estándar (Score ≥6.5, DD ≥10%)"
CPRT,Copart,Industrials,Diversified Support Services,2018-07-02,32.9900,2026-09-01,70.1400,77.1000,DOWN,0.1318,0.3948,False,0.7177,1.1836,1.1390,3.5880,29.7800,34.6600,31.7000,10.7800,-4.8100,False,-3.3857,BAJISTA,-4.7400,34.6300,50.1100,26.8100,-34.1600,23.0500,0.9250,True,32.5100,5,34.2800,True,-1.4700,HAMMER|DOJI,6.7500,6.5000,5.0000,7.5000,10,5.0000,7.0000,False,7.1800,10.7600,1.5000,20.4907,19.6882,3.4811,6.5840,13.4880,0.1761,0.1134,0.3348,0.4752,0.0210,0.0230,1.0590,7.6130,999977152.0000,1553201024.0000,0.6438,30542522368.0000,1.0140,3.9900,,925811482.0000,4.1900,0.2000,6.5600,6.0600,0.0327,FCF/NI:0.64,1,5.2100,False,3-7d,XLI,,CAT|UNP|HON,pmi_manufacturing|supply_chain|capex_cycle,2,2026-09-03,True,2026-05-21,0.4300,0.4100,5.7000,ALCISTA FUERTE,10,767.0500,8.3600,45.9000,14.9200,"Filtros estándar (Score ≥6.5, DD ≥10%)"
PCAR,Paccar,Industrials,Construction Machinery & Heavy Transportation Equipment,1980-12-31,124.1300,2026-09-01,29.7700,48.3400,DOWN,-0.9188,-0.6341,False,-0.1107,2.6982,0.7940,2.1740,127.0600,118.3600,129.0500,-2.3100,4.8700,True,2.9997,NEUTRO,-10.6200,138.8700,138.8700,90.0300,-10.6200,37.8800,0.8730,True,116.0100,1,122.4800,False,-6.5400,NONE,7.3000,8.5000,7.5000,7.5000,4,10.0000,5.0000,False,4.3500,6.5200,1.5000,26.1326,17.3938,3.2152,2.3489,21.8510,0.1276,0.0412,0.0900,0.1371,0.0050,0.0420,72.9100,5.5190,1943650048.0000,2504199936.0000,0.7762,65337679872.0000,0.9850,2.8100,1.1200,526364953.0000,3.8200,0.4500,5.7500,5.5100,0.0297,OK,0,5.2100,False,7-15d,XLI,,CAT|UNP|HON,pmi_manufacturing|supply_chain|capex_cycle,56,2026-10-27,False,2026-07-28,1.4300,1.3600,5.4000,ALCISTA FUERTE,10,767.0500,8.3600,45.9000,14.9200,"Filtros estándar (Score ≥6.5, DD ≥10%)"
EXE,Expand Energy,Energy,Oil & Gas Exploration & Production,2025-03-24,98.1600,2026-09-01,55.0600,55.9400,DOWN,0.1263,-0.0396,True,0.8548,2.2157,0.9560,2.2570,91.3600,100.3500,95.0600,7.4400,-2.1800,False,-0.7829,BAJISTA,-1.4600,99.6100,124.4300,84.4800,-21.1100,16.2000,0.7970,True,85.8500,1,98.2900,False,-12.5400,NONE,6.0000,6.5000,6.0000,7.5000,5,5.0000,5.0000,False,4.5100,6.7700,1.5000,8.4621,10.9980,1.1851,1.7953,3.8370,0.1489,0.0849,0.2197,0.4707,-0.1060,-0.4550,19.2070,0.9590,1466249984.0000,2780999936.0000,0.5272,22724413440.0000,0.3190,2.4800,2.3400,231503789.0000,4.6700,0.0000,5.7400,8.8700,0.0645,FCF/NI:0.53|RevG:-10.6%,2,5.2000,False,3-7d,XLE,,XOM|CVX|COP,oil_price|gas_price|opec_supply|inventories,56,2026-10-27,False,2026-07-28,1.3300,1.1200,19.1000,ALCISTA FUERTE,10,767.0500,8.3600,45.9000,14.9200,"Filtros estándar (Score ≥6.5, DD ≥10%)"
TXT,Textron,Industrials,Aerospace & Defense,1978-12-31,80.5600,2026-09-01,21.0800,38.7300,DOWN,-0.5484,-0.6517,True,0.0268,1.8721,0.7560,2.3240,88.6300,90.0500,85.4400,-9.1000,-10.5400,False,0.5645,BAJISTA,-17.2200,97.3200,101.5300,78.0700,-20.6500,3.1900,1.1170,True,,0,93.6900,False,,NONE,6.9000,5.5000,8.5000,7.5000,4,10.0000,5.0000,True,4.6500,6.9700,1.5000,15.6427,11.0918,1.7198,0.9056,9.8990,0.1213,0.0455,0.0612,0.1763,0.0300,0.0520,52.2850,1.8610,452750016.0000,939000000.0000,0.4822,13855264768.0000,0.9080,4.2000,0.1000,171986917.0000,4.0600,1.1500,4.2000,7.3000,0.0327,FCF/NI:0.48,1,5.2000,False,3-7d,XLI,,CAT|UNP|HON,pmi_manufacturing|supply_chain|capex_cycle,51,2026-10-22,False,2026-07-28,1.6200,1.5500,4.8000,ALCISTA FUERTE,10,767.0500,8.3600,45.9000,14.9200,"Filtros estándar (Score ≥6.5, DD ≥10%)"
MCD,McDonald's,Consumer Discretionary,Restaurants,1970-06-30,263.5400,2026-09-01,35.9700,58.8500,DOWN,-0.8112,-0.0791,False,0.1413,5.0264,0.8900,1.9070,270.6000,294.9000,268.6700,-2.6100,-10.6300,False,-0.9587,BAJISTA,-8.9000,289.2900,337.5600,259.8500,-21.9300,1.4200,1.1490,True,263.7300,4,278.5400,True,0.0700,NONE,6.8500,5.0000,6.5000,7.5000,9,8.0000,5.0000,False,3.8100,5.7200,1.5000,21.3912,18.8509,-182.2545,6.7321,16.0930,,0.1325,0.3172,0.5738,0.0370,0.0570,,1.0810,6262374912.0000,8787000320.0000,0.7127,186491863040.0000,0.4190,2.4200,2.8100,707641531.0000,4.0800,2.6100,4.9600,4.7600,0.0336,FCF/NI:0.71,1,5.1900,False,3-7d,XLY,,AMZN|TSLA|HD,consumer_spending|employment_data|interest_rates,65,2026-11-05,False,2026-08-04,3.3800,3.3200,1.8000,ALCISTA FUERTE,10,767.0500,8.3600,45.9000,14.9200,"Filtros estándar (Score ≥6.5, DD ≥10%)"
INTU,Intuit,Information Technology,Application Software,2000-12-05,359.3000,2026-09-01,60.1100,71.9500,DOWN,-1.0496,1.6134,False,0.7319,16.0364,1.0590,4.4630,306.9200,432.2800,343.3600,17.0700,-16.8800,False,-6.7632,BAJISTA,-3.6700,372.9800,697.2500,251.7200,-48.4700,42.7400,0.7620,False,300.6200,2,361.5800,False,-16.3300,HAMMER,5.3500,6.5000,5.0000,5.0000,4,5.0000,7.0000,False,8.9300,13.3900,1.5000,21.7362,13.0064,4.7770,4.5823,14.4350,0.2360,0.1047,0.2129,0.8098,0.1370,-0.0080,43.8920,1.5070,6438624768.0000,4566000128.0000,1.4101,98281840640.0000,0.9590,2.4300,1.5400,273537000.0000,5.0600,1.5000,5.9500,8.1800,0.0655,OK,0,5.1800,False,3-7d,XLK,,AAPL|MSFT|NVDA,interest_rates|ai_capex_cycle|semiconductor_cycle,79,2026-11-19,False,2026-08-25,4.0300,3.5900,12.3000,ALCISTA FUERTE,10,767.0500,8.3600,45.9000,14.9200,"Filtros estándar (Score ≥6.5, DD ≥10%)"
APD,Air Products,Materials,Industrial Gases,1985-04-30,309.4600,2026-09-01,51.5600,63.6100,DOWN,0.0881,-0.2062,True,0.8191,6.1500,0.8400,1.9870,297.4200,278.9100,303.3700,4.0500,10.9500,True,2.0617,ALCISTA,-1.7200,314.8700,314.8700,224.6400,-1.7200,37.7600,1.5160,True,298.6200,2,305.7300,True,-3.5000,BULL_ENGULF|HAMMER|DOJI,7.8500,10.0000,6.0000,9.5000,7,5.0000,9.5000,False,3.9700,5.9600,1.5000,,21.4377,4.9635,5.4683,19.1080,0.0002,0.0473,-0.0037,0.3206,0.0460,,110.0910,1.0850,-1497500032.0000,-47300000.0000,31.6596,68912267264.0000,0.7500,3.7600,2.3500,222685530.0000,3.3900,3.4200,3.8600,2.8000,-0.0217,D/E:110,1,5.1700,False,10-18d,XLB,,LIN|ECL|NEM,commodity_prices|dxy|china_demand|energy_costs,65,2026-11-05,False,2026-07-30,3.4700,3.3400,3.8000,ALCISTA FUERTE,10,767.0500,8.3600,45.9000,14.9200,"Filtros estándar (Score ≥6.5, DD ≥10%)"
ESS,Essex Property Trust,Real Estate,Multi-Family Residential REITs,2014-04-02,282.9600,2026-09-01,49.6700,54.9500,DOWN,-0.2619,0.7993,False,0.2598,4.5721,0.8410,1.6160,288.9400,262.9200,286.9800,-2.0700,7.6200,True,1.3680,NEUTRO,-6.7200,303.3500,303.3500,233.8500,-6.7200,21.0000,1.5930,False,279.6200,2,285.7900,True,-1.1800,NONE,6.6200,8.5000,5.0000,7.0000,7,6.5000,5.0000,False,3.2300,4.8500,1.5000,44.2817,45.5492,3.4163,9.8473,20.3620,0.0771,0.0296,0.2089,0.6877,0.0310,-0.7180,122.4090,0.2490,1043926720.0000,413841984.0000,2.5225,19505250304.0000,0.7080,4.4300,3.6500,64268439.0000,4.2100,1.2500,5.2900,6.3800,0.0535,D/E:122,1,5.1700,False,7-15d,XLRE,,PLD|AMT|EQIX,interest_rates|cap_rates|occupancy_trends,56,2026-10-27,False,2026-07-29,0.9400,1.4700,-36.0000,ALCISTA FUERTE,10,767.0500,8.3600,45.9000,14.9200,"Filtros estándar (Score ≥6.5, DD ≥10%)"
EQT,EQT Corporation,Energy,Oil & Gas Exploration & Production,2022-10-03,54.1800,2026-09-01,50.9800,51.9400,DOWN,0.0532,0.0305,True,0.6597,1.3507,1.0170,2.4930,52.1800,55.9600,53.5600,3.8400,-3.1800,False,-0.0989,BAJISTA,-4.0600,56.4700,67.8400,47.7900,-20.1300,13.3700,0.9210,True,51.0800,1,53.5700,False,-5.7200,HAMMER|DOJI,6.2000,6.5000,6.0000,7.5000,5,5.0000,7.0000,False,4.9900,7.4800,1.5000,12.5708,13.7736,1.3417,3.6465,6.1520,0.1108,0.0663,0.2918,0.8075,-0.0390,-0.7400,19.5950,0.6730,2460903936.0000,2711614976.0000,0.9075,33890459648.0000,0.5780,2.8000,1.2100,625516000.0000,4.4700,0.0000,5.9700,7.9300,0.0726,OK,0,5.1600,False,3-7d,XLE,,XOM|CVX|COP,oil_price|gas_price|opec_supply|inventories,49,2026-10-20,False,2026-07-21,0.3900,0.4000,-3.3000,ALCISTA FUERTE,10,767.0500,8.3600,45.9000,14.9200,"Filtros estándar (Score ≥6.5, DD ≥10%)"
CTVA,Corteva,Materials,Fertilizers & Agricultural Chemicals,2019-06-03,84.6300,2026-09-01,82.1800,71.5000,UP,0.9025,0.7824,True,0.9870,2.0636,0.9860,2.4380,82.5600,76.6400,81.0500,2.5100,10.4300,True,2.1999,ALCISTA,-6.9700,90.9700,90.9700,60.1000,-6.9700,40.8200,1.2010,False,83.7000,3,85.4300,True,-1.1000,HAMMER,7.2000,10.0000,7.0000,5.0000,9,5.0000,7.0000,False,4.8800,7.3200,1.5000,51.2909,20.5362,2.2437,3.1700,13.8520,0.0426,0.0455,0.0566,0.4954,-0.0120,-0.0990,19.1910,1.5160,2417250048.0000,1084999936.0000,2.2279,56464797696.0000,0.5690,3.2100,0.8600,667196000.0000,3.8000,0.0000,5.9800,5.7000,0.0428,OK,0,5.1600,False,10-18d,XLB,,LIN|APD|ECL,commodity_prices|dxy|china_demand|energy_costs,63,2026-11-03,False,2026-07-30,2.3000,2.2300,2.9000,ALCISTA FUERTE,10,767.0500,8.3600,45.9000,14.9200,"Filtros estándar (Score ≥6.5, DD ≥10%)"
ARE,Alexandria Real Estate Equities,Real Estate,Office REITs,2017-03-20,51.2900,2026-09-01,60.2700,51.1200,UP,0.3304,0.5855,False,0.6075,1.7907,0.9200,3.4910,50.5900,49.1400,50.9700,1.3700,4.3700,True,-2.6499,ALCISTA,-7.9800,55.7400,83.1700,38.9000,-38.3300,31.8500,0.9710,False,48.3900,2,54.4300,False,-5.6600,HAMMER|HAMMER,6.1500,9.5000,6.0000,5.0000,4,5.0000,7.0000,False,6.9800,10.4700,1.5000,,-63.3210,0.5630,3.1077,14.1730,-0.0408,0.0093,-0.3608,0.6820,-0.1190,,68.6700,2.3500,1344973952.0000,-1030056000.0000,-1.3057,8826767360.0000,1.1690,3.8600,5.5800,172095277.0000,4.4600,2.5000,3.3800,8.0000,0.1524,FCF/NI:-1.31|RevG:-11.9%|ROE:-4.1%,3,5.1400,False,10-18d,XLRE,,PLD|AMT|EQIX,interest_rates|cap_rates|occupancy_trends,55,2026-10-26,False,2026-08-03,0.1500,0.1200,26.2000,ALCISTA FUERTE,10,767.0500,8.3600,45.9000,14.9200,"Filtros estándar (Score ≥6.5, DD ≥10%)"
SWKS,Skyworks Solutions,Information Technology,Semiconductors,2015-03-12,67.0100,2026-09-01,41.1500,66.1900,DOWN,-0.2264,-0.2184,False,0.4309,2.5529,0.7070,3.8100,65.1400,63.1800,66.7900,2.8800,6.0500,True,-0.7709,ALCISTA,-18.1500,81.8700,88.0500,51.4800,-23.8900,30.1600,3.7260,False,55.4300,1,70.7500,False,-17.2800,HAMMER|HAMMER,6.2500,9.5000,5.0000,5.0000,4,7.0000,7.0000,False,7.6200,11.4300,1.5000,34.1888,13.4745,1.7575,2.5119,11.3210,0.0509,0.0344,0.0723,0.4073,-0.0310,-0.6860,11.8690,3.1010,448812512.0000,290100000.0000,1.5471,10083181568.0000,1.5100,5.3000,4.1300,150472782.0000,4.4000,0.0000,6.3400,7.2600,0.0445,OK,0,5.1400,False,10-18d,XLK,,AAPL|MSFT|NVDA,interest_rates|ai_capex_cycle|semiconductor_cycle,63,2026-11-03,False,2026-07-28,1.0800,1.0300,4.8000,ALCISTA FUERTE,10,767.0500,8.3600,45.9000,14.9200,"Filtros estándar (Score ≥6.5, DD ≥10%)"
VMC,Vulcan Materials Company,Materials,Construction Materials,1999-06-30,269.5800,2026-09-01,31.6700,41.9000,DOWN,-0.3069,-0.2959,False,0.1036,6.6353,0.7680,2.4610,285.5800,287.7500,276.7700,-5.6000,-6.3200,False,-0.4295,BAJISTA,-15.9000,320.5600,329.2000,251.3800,-18.1100,7.2400,1.2010,True,268.4400,3,288.4400,True,-0.4200,HAMMER,7.5000,5.0000,6.5000,7.5000,10,10.0000,7.0000,False,4.9200,7.3800,1.5000,32.3625,25.0136,4.1211,4.3042,16.9650,0.1323,0.0604,0.1375,0.2751,0.0250,0.0270,58.2200,1.7570,843600000.0000,1117100032.0000,0.7552,34931834880.0000,1.0570,6.3000,0.7600,129578739.0000,3.5500,0.5100,5.9100,4.3500,0.0241,OK,0,5.1300,False,3-7d,XLB,,LIN|APD|ECL,commodity_prices|dxy|china_demand|energy_costs,58,2026-10-29,False,2026-07-29,2.5900,2.4700,4.9000,ALCISTA FUERTE,10,767.0500,8.3600,45.9000,14.9200,"Filtros estándar (Score ≥6.5, DD ≥10%)"
NOW,ServiceNow,Information Technology,Systems Software,2019-11-21,147.9900,2026-09-01,69.4200,62.5600,UP,1.7156,-0.1573,True,1.1233,6.5186,0.9950,4.4050,113.1400,119.1500,127.6000,30.8100,24.2000,False,-4.3562,ALCISTA,-1.0800,149.6000,194.7300,81.2400,-24.0000,82.1600,1.4180,True,117.5900,1,,False,-20.5400,NONE,6.7500,8.0000,7.0000,9.5000,4,5.0000,5.0000,False,8.8100,13.2100,1.5000,90.2378,29.5654,12.2245,10.3856,54.1220,0.1424,0.0425,0.1134,0.7477,0.2400,-0.2190,67.5380,0.7010,5149374976.0000,1670000000.0000,3.0835,153001246720.0000,0.9300,1.2200,,1033862000.0000,4.0500,3.0000,4.7800,4.4200,0.0337,OK,0,5.1300,False,10-18d,XLK,,AAPL|MSFT|NVDA,interest_rates|ai_capex_cycle|semiconductor_cycle,57,2026-10-28,False,2026-07-22,0.9000,0.8600,5.0000,ALCISTA FUERTE,10,767.0500,8.3600,45.9000,14.9200,"Filtros estándar (Score ≥6.5, DD ≥10%)"
DUK,Duke Energy,Utilities,Electric Utilities,1976-06-30,119.9100,2026-09-01,40.3900,46.3900,DOWN,-0.2276,-0.1257,False,0.0869,1.6878,0.7330,1.4080,124.3000,122.3300,122.2900,-3.5300,-1.9800,True,0.0473,BAJISTA,-8.8100,131.4900,132.1800,110.9900,-9.2800,8.0300,0.9410,True,119.4100,3,128.8400,True,-0.4100,HAMMER|DOJI,7.6000,7.0000,5.0000,7.5000,10,10.0000,7.0000,False,2.8200,4.2200,1.5000,18.1133,16.7184,1.7392,2.8502,11.3200,0.0986,0.0284,0.1600,0.5197,0.0110,0.1060,162.1550,0.6610,-4477374976.0000,5168000000.0000,-0.8664,93494091776.0000,0.3710,3.9500,3.6100,779702193.0000,3.4600,2.7500,4.3400,3.2600,-0.0479,FCF/NI:-0.87|D/E:162,2,5.1200,False,3-7d,XLU,,NEE|SO|D,interest_rates|regulatory_environment,65,2026-11-05,False,2026-08-04,1.4300,1.3000,9.6000,ALCISTA FUERTE,10,767.0500,8.3600,45.9000,14.9200,"Filtros estándar (Score ≥6.5, DD ≥10%)"
AXON,Axon Enterprise,Industrials,Aerospace & Defense,2023-05-04,566.5600,2026-09-01,44.8700,56.7500,DOWN,-6.0887,-1.3174,False,0.1682,33.7900,1.0140,5.9640,556.5900,506.1400,594.1100,1.7900,11.9400,True,-1.6897,ALCISTA,-14.8100,665.0700,794.2900,339.0100,-28.6700,67.1200,1.1730,True,485.7500,1,651.6100,False,-14.2600,HAMMER|DOJI|HAMMER,6.6700,9.5000,5.0000,7.5000,4,6.5000,7.0000,False,11.9300,17.8900,1.5000,236.0667,53.6547,12.5254,14.2978,285.7800,0.0622,0.0051,0.0619,0.5952,0.3530,-0.1820,50.3630,2.1490,222160000.0000,199298000.0000,1.1147,46025871360.0000,1.3970,3.8400,,81237415.0000,4.0800,5.0000,5.2000,1.6900,0.0048,OK,0,5.1200,False,10-18d,XLI,,CAT|UNP|HON,pmi_manufacturing|supply_chain|capex_cycle,63,2026-11-03,False,2026-08-05,1.8800,1.8400,2.0000,ALCISTA FUERTE,10,767.0500,8.3600,45.9000,14.9200,"Filtros estándar (Score ≥6.5, DD ≥10%)"
ERIE,Erie Indemnity,Financials,Insurance Brokers,2024-09-23,255.5600,2026-09-01,52.4700,72.3000,DOWN,-0.8340,0.5325,False,0.4921,9.1000,0.9690,3.5610,242.7500,252.7600,254.5800,5.2800,1.1100,False,-1.8016,ALCISTA,-5.8600,271.4700,350.3300,203.4700,-27.0500,25.6000,6.0810,False,246.9900,1,261.7300,True,-3.3500,HAMMER|DOJI|BULL_ENGULF,6.3500,8.0000,5.0000,5.0000,7,5.0000,9.5000,False,7.1200,10.6800,1.5000,23.2116,18.2413,5.4166,3.2439,15.7150,0.2481,0.1415,0.1401,0.1790,0.0280,0.0320,2.5600,1.2460,481207744.0000,577001024.0000,0.8340,13363198976.0000,0.3000,8.8700,2.2900,46189068.0000,4.2900,0.2900,7.8600,4.8200,0.0360,OK,0,5.1100,False,10-18d,XLF,,JPM|BAC|WFC,interest_rates|yield_curve|credit_spreads|loan_growth,58,2026-10-29,False,2026-07-30,3.4500,3.3500,2.9000,ALCISTA FUERTE,10,767.0500,8.3600,45.9000,14.9200,"Filtros estándar (Score ≥6.5, DD ≥10%)"
APTV,Aptiv,Consumer Discretionary,Automotive Parts & Equipment,2012-12-24,44.7600,2026-09-01,27.6700,29.8700,DOWN,-0.0471,0.0505,False,0.1495,1.4657,0.5860,3.2750,54.9000,67.2300,49.0300,-18.4700,-33.4200,False,-4.9872,BAJISTA,-41.4900,76.5000,88.9300,44.5200,-49.6700,0.5400,4.2430,False,,0,50.5100,False,,NONE,6.1000,5.0000,7.5000,5.0000,4,10.0000,5.0000,False,6.5500,9.8200,1.5000,20.7222,6.8737,1.0655,0.4530,4.3970,0.0516,0.0672,0.0107,0.1925,0.0230,-0.3530,64.9380,2.0180,1615874944.0000,470000000.0000,3.4380,9293667328.0000,1.3600,2.4300,,207633331.0000,4.4500,0.5600,5.2800,8.0000,0.1739,OK,0,5.1100,False,3-7d,XLY,,AMZN|TSLA|HD,consumer_spending|employment_data|interest_rates,58,2026-10-29,False,2026-08-04,1.6300,1.4300,14.1000,ALCISTA FUERTE,10,767.0500,8.3600,45.9000,14.9200,"Filtros estándar (Score ≥6.5, DD ≥10%)"
MRK,Merck & Co.,Health Care,Pharmaceuticals,1957-03-04,147.7600,2026-09-01,67.9100,86.6600,DOWN,0.8538,2.2145,False,0.6982,4.9107,1.3820,3.3230,131.4400,115.9300,142.1800,12.4200,27.4500,True,5.0331,ALCISTA,-5.8400,156.9200,156.9200,75.8100,-5.8400,94.9000,0.9780,False,126.2200,1,,False,-14.5800,HAMMER|DOJI,6.0500,10.0000,5.0000,5.0000,4,5.0000,7.0000,False,6.6500,9.9700,1.5000,119.1613,15.4838,8.6989,5.4763,14.2490,0.0696,0.1187,0.0477,0.7590,0.0510,,128.4080,1.3230,15171500032.0000,3172999936.0000,4.7814,364549275648.0000,0.2110,2.8000,2.2900,2467171638.0000,4.4800,4.1000,4.6600,4.7300,0.0416,D/E:128,1,5.1100,False,10-18d,XLV,,UNH|JNJ|LLY,fda_calendar|drug_pricing_policy|patent_cliffs,58,2026-10-29,False,2026-08-04,-0.1300,-0.2600,49.4000,ALCISTA FUERTE,10,767.0500,8.3600,45.9000,14.9200,"Filtros estándar (Score ≥6.5, DD ≥10%)"
CME,CME Group,Financials,Financial Exchanges & Data,2006-08-11,285.5000,2026-09-01,73.0800,61.0500,UP,1.1645,0.8363,True,1.0210,5.8079,0.7910,2.0340,253.9900,274.9000,270.9700,12.4100,3.8600,False,0.3928,ALCISTA,-0.6700,287.4400,319.8200,218.3100,-10.7300,30.7800,1.8090,True,279.1800,1,290.9700,True,-2.2100,NONE,7.6000,8.5000,7.0000,9.5000,7,7.0000,5.0000,False,4.0700,6.1000,1.5000,24.2154,22.0801,3.8677,15.1927,21.8510,0.1580,0.0148,0.6344,1.0000,0.0080,0.0250,14.5870,1.0180,2909012480.0000,4264999936.0000,0.6821,102659883008.0000,0.2670,2.2700,1.8200,359576125.0000,3.4300,0.0000,6.1600,4.2500,0.0283,FCF/NI:0.68,1,5.1000,False,10-18d,XLF,,JPM|BAC|WFC,interest_rates|yield_curve|credit_spreads|loan_growth,50,2026-10-21,False,2026-07-22,2.9900,2.9100,2.8000,ALCISTA FUERTE,10,767.0500,8.3600,45.9000,14.9200,"Filtros estándar (Score ≥6.5, DD ≥10%)"
VRSK,Verisk Analytics,Industrials,Research & Consulting Services,2015-10-08,193.7800,2026-09-01,66.7000,46.6700,UP,1.0292,0.3571,True,0.8507,5.9914,0.8730,3.0920,189.4100,194.4500,188.8700,2.3100,-0.3400,False,-1.8563,BAJISTA,-14.2900,226.0800,271.3600,155.5200,-28.5900,24.6000,1.0780,True,190.3500,2,194.7900,True,-1.7700,HAMMER,6.8500,6.5000,7.0000,7.5000,8,5.0000,7.0000,False,6.1800,9.2800,1.5000,29.7665,22.2832,-21.7413,8.0426,19.3210,,0.1896,0.2824,0.7018,0.0440,-0.0340,,1.0050,1055550016.0000,885500032.0000,1.1920,25221632000.0000,0.6640,1.9700,1.0300,130156012.0000,3.9200,0.9200,5.6900,5.3400,0.0419,OK,0,5.0900,False,3-7d,XLI,,CAT|UNP|HON,pmi_manufacturing|supply_chain|capex_cycle,57,2026-10-28,False,2026-07-29,1.9800,1.9300,2.4000,ALCISTA FUERTE,10,767.0500,8.3600,45.9000,14.9200,"Filtros estándar (Score ≥6.5, DD ≥10%)"
MSI,Motorola Solutions,Information Technology,Communications Equipment,1957-03-04,485.3000,2026-09-01,66.6700,68.1000,DOWN,0.3480,1.0975,False,0.7662,9.9493,0.9170,2.0500,436.1800,418.7700,468.1300,11.2600,15.8900,True,1.1293,ALCISTA,-1.6800,493.5700,493.5700,357.3400,-1.6800,35.8100,1.1050,True,401.0000,2,493.5700,False,-17.3700,NONE,6.3500,10.0000,5.0000,7.5000,4,5.0000,5.0000,False,4.1000,6.1500,1.5000,38.3031,25.4043,30.0588,6.5632,23.7460,0.9157,0.1125,0.1744,0.5211,0.1330,0.0950,357.8500,1.0990,1979000064.0000,2134000000.0000,0.9274,80314138624.0000,0.8700,3.4000,1.0000,165493788.0000,4.2300,1.6700,6.8200,4.1800,0.0246,D/E:358,1,5.0800,False,10-18d,XLK,,AAPL|MSFT|NVDA,interest_rates|ai_capex_cycle|semiconductor_cycle,65,2026-11-05,False,2026-08-05,4.4100,3.8500,14.4000,ALCISTA FUERTE,10,767.0500,8.3600,45.9000,14.9200,"Filtros estándar (Score ≥6.5, DD ≥10%)"
PNR,Pentair,Industrials,Industrial Machinery & Supplies & Components,2012-10-01,60.4600,2026-09-01,29.7900,42.0400,DOWN,-0.3104,-0.1909,False,0.0230,1.9529,0.8430,3.2300,68.3000,86.2900,64.5400,-11.4800,-29.9400,False,-4.6310,BAJISTA,-22.1100,77.6200,112.5700,57.3500,-46.2900,5.4200,5.8790,False,57.3500,1,75.7900,False,-5.1400,NONE,5.8000,5.0000,7.5000,5.0000,4,8.0000,5.0000,False,6.4600,9.6900,1.5000,15.9105,11.6974,2.5743,2.4053,10.9440,0.1713,0.0866,0.1624,0.4139,-0.1700,-0.1110,47.0670,1.4510,558312512.0000,635500032.0000,0.8785,9649416192.0000,1.0300,2.0500,1.7200,159600000.0000,4.6000,0.0000,5.7700,8.6200,0.0579,RevG:-17.0%,1,5.0800,False,3-7d,XLI,,CAT|UNP|HON,pmi_manufacturing|supply_chain|capex_cycle,49,2026-10-20,False,2026-07-28,1.1400,1.1500,-58.0000,ALCISTA FUERTE,10,767.0500,8.3600,45.9000,14.9200,"Filtros estándar (Score ≥6.5, DD ≥10%)"
NOC,Northrop Grumman,Industrials,Aerospace & Defense,1957-03-04,539.7000,2026-09-01,35.1200,49.0400,DOWN,-4.4954,-4.3194,False,0.1561,12.0572,0.8390,2.2340,539.8100,598.2000,552.4600,-0.0200,-9.7800,False,-0.2785,BAJISTA,-8.8100,591.8200,767.1200,476.8500,-29.6500,13.1800,1.1840,True,534.2100,1,557.2700,True,-1.0200,HAMMER|DOJI,6.5300,5.0000,6.5000,7.5000,7,6.5000,7.0000,False,4.4700,6.7000,1.5000,17.3314,17.7300,4.2871,1.7875,12.6000,0.2696,0.0715,0.1048,0.2006,0.0510,-0.0580,95.3480,1.1680,2478000128.0000,4496000000.0000,0.5512,76671418368.0000,-0.1080,2.9400,1.8100,142063026.0000,4.0000,1.1500,4.9800,6.2000,0.0323,FCF/NI:0.55|D/E:95,2,5.0100,False,3-7d,XLI,,CAT|UNP|HON,pmi_manufacturing|supply_chain|capex_cycle,49,2026-10-20,False,2026-07-21,7.6800,6.8200,12.7000,ALCISTA FUERTE,10,767.0500,8.3600,45.9000,14.9200,"Filtros estándar (Score ≥6.5, DD ≥10%)"
JKHY,Jack Henry & Associates,Financials,Transaction & Payment Processing Services,2018-11-13,167.9100,2026-09-01,65.3600,63.6300,UP,0.9339,1.5122,False,0.7572,5.2307,1.0990,3.1150,151.0100,159.0800,161.6900,11.1900,5.5500,False,0.4218,ALCISTA,-4.0500,174.9900,191.8300,121.0400,-12.4700,38.7200,0.8680,True,151.6000,1,,False,-9.7100,HAMMER|HAMMER,6.4500,8.5000,6.0000,7.5000,4,5.0000,7.0000,False,6.2300,9.3500,1.5000,24.0215,21.4198,5.6009,4.6270,16.8590,0.2404,0.1299,0.1976,0.4390,0.0470,-0.1040,3.7930,1.1670,352223744.0000,502776000.0000,0.7006,11772608512.0000,0.5530,4.7400,1.4500,70112608.0000,4.0300,0.8200,7.0100,4.3000,0.0299,FCF/NI:0.70,1,5.0000,False,10-18d,XLF,,JPM|BAC|WFC,interest_rates|yield_curve|credit_spreads|loan_growth,63,2026-11-03,False,2026-08-18,1.5300,1.4400,6.4000,ALCISTA FUERTE,10,767.0500,8.3600,45.9000,14.9200,"Filtros estándar (Score ≥6.5, DD ≥10%)"
RCL,Royal Caribbean Group,Consumer Discretionary,"Hotels, Resorts & Cruise Lines",2014-12-05,268.7400,2026-09-01,15.3200,20.4700,DOWN,-3.8392,-3.0093,False,-0.0600,8.3329,0.7000,3.1010,301.9700,285.8000,296.3200,-11.0100,-5.9700,True,0.5650,BAJISTA,-19.5400,334.0000,360.3400,230.9000,-25.4200,16.3900,1.7620,True,266.0100,1,287.3700,True,-1.0200,NONE,7.6000,7.0000,7.5000,7.5000,8,10.0000,5.0000,False,6.2000,9.3000,1.5000,17.2712,13.2431,7.0217,3.8473,13.6790,0.4467,0.0768,0.2354,0.5028,0.0650,-0.0460,224.8160,0.2090,-1516249984.0000,4398000128.0000,-0.3448,71875067904.0000,1.7790,4.9400,1.7900,267452084.0000,3.2700,2.5000,4.1700,3.1100,-0.0211,FCF/NI:-0.34|D/E:225,2,5.0000,False,3-7d,XLY,,AMZN|TSLA|HD,consumer_spending|employment_data|interest_rates,56,2026-10-27,False,2026-07-28,4.2100,3.9800,5.7000,ALCISTA FUERTE,10,767.0500,8.3600,45.9000,14.9200,"Filtros estándar (Score ≥6.5, DD ≥10%)"
SBAC,SBA Communications,Real Estate,Telecom Tower REITs,2017-09-01,189.6600,2026-09-01,70.5900,55.3700,UP,0.9910,0.8079,True,1.0087,3.9977,0.6670,2.1080,181.7700,190.6000,183.6600,4.3400,-0.4900,False,-0.3979,BAJISTA,-9.4400,209.4400,221.5800,160.3300,-14.4100,18.2900,0.9420,True,177.9300,1,186.6300,False,-6.1800,HAMMER,6.7000,6.5000,7.0000,7.5000,5,7.0000,7.0000,False,4.2200,6.3200,1.5000,20.6152,23.1110,-4.3458,7.0092,19.1370,,0.0841,0.3451,0.7420,0.0230,-0.1050,,0.1650,752056384.0000,990718016.0000,0.7591,20120672256.0000,0.9790,3.0200,2.6200,106088110.0000,3.8300,0.8000,5.4400,5.4800,0.0374,OK,0,4.9800,False,3-7d,XLRE,,PLD|AMT|EQIX,interest_rates|cap_rates|occupancy_trends,62,2026-11-02,False,2026-08-03,1.8700,1.8900,-1.2000,ALCISTA FUERTE,10,767.0500,8.3600,45.9000,14.9200,"Filtros estándar (Score ≥6.5, DD ≥10%)"
GPC,Genuine Parts Company,Consumer Discretionary,Distributors,1973-12-31,135.6700,2026-09-01,52.6800,62.1400,DOWN,-0.2754,-0.2526,False,0.6398,3.0129,0.7840,2.2210,126.4600,118.1600,133.5100,7.2800,14.8200,True,0.7003,ALCISTA,-3.0200,139.8900,148.5800,89.8000,-8.6900,51.0800,1.0770,True,109.5000,1,136.3000,False,-19.2900,NONE,6.6500,10.0000,5.0000,7.5000,4,7.0000,5.0000,False,4.4400,6.6600,1.5000,542.6800,16.3364,4.1324,0.7460,12.0900,0.0071,0.0448,0.0013,0.3756,0.0600,-0.0980,146.4150,1.1590,917241984.0000,32766000.0000,27.9937,18703433728.0000,0.6460,4.8000,3.0900,137859758.0000,3.8600,2.2700,4.0600,5.4700,0.0490,D/E:146,1,4.9800,False,10-18d,XLY,,AMZN|TSLA|HD,consumer_spending|employment_data|interest_rates,49,2026-10-20,False,2026-07-21,2.1500,2.0800,3.5000,ALCISTA FUERTE,10,767.0500,8.3600,45.9000,14.9200,"Filtros estándar (Score ≥6.5, DD ≥10%)"
KMB,Kimberly-Clark,Consumer Staples,Household Products,1957-03-04,107.9500,2026-09-01,49.7700,54.2000,DOWN,-0.1359,0.0332,False,0.2216,2.0293,0.7110,1.8800,109.3900,101.5900,109.5400,-1.3100,6.2600,True,-0.0616,NEUTRO,-7.5900,116.8200,126.6300,91.1700,-14.7500,18.4100,1.2980,True,106.0900,3,111.9500,True,-1.7200,NONE,7.2200,8.0000,5.0000,7.5000,9,8.5000,5.0000,False,3.7600,5.6400,1.5000,21.3340,14.4170,20.5150,2.1651,11.9530,1.0491,0.1019,0.1179,0.3761,0.0060,-0.3230,348.9330,0.9090,941124992.0000,1684999936.0000,0.5585,35901906944.0000,0.2760,12.8900,4.6700,332579038.0000,3.4900,0.0000,6.1300,4.4900,0.0262,FCF/NI:0.56|D/E:349,2,4.9800,False,7-15d,XLP,,PG|KO|PEP,inflation|input_costs|fx_rates,63,2026-11-03,False,2026-08-04,2.1200,2.0100,5.7000,ALCISTA FUERTE,10,767.0500,8.3600,45.9000,14.9200,"Filtros estándar (Score ≥6.5, DD ≥10%)"
ETR,Entergy,Utilities,Electric Utilities,1957-03-04,106.3100,2026-09-01,55.5800,39.5200,UP,0.1366,0.0396,True,0.3881,1.8452,0.8040,1.7360,110.4600,104.1300,107.3800,-3.7600,2.0900,True,1.2466,NEUTRO,-8.5400,116.2400,117.7500,84.3000,-9.7100,26.1100,1.4070,True,108.0100,2,116.6400,True,1.6000,HAMMER,7.1000,8.5000,7.0000,7.5000,7,5.0000,7.0000,False,3.4700,5.2100,1.5000,27.0509,20.8583,2.7214,3.6795,14.5700,0.1025,0.0268,0.1333,0.4700,0.0590,-0.0190,186.7700,0.9120,-4400858112.0000,1797105024.0000,-2.4489,49607593984.0000,0.4860,7.9300,2.4200,466631498.0000,3.5500,3.5200,4.3800,2.6000,-0.0887,FCF/NI:-2.45|D/E:187,2,4.9700,False,7-15d,XLU,,NEE|DUK|SO,interest_rates|regulatory_environment,58,2026-10-29,False,2026-07-29,1.0300,1.0100,2.4000,ALCISTA FUERTE,10,767.0500,8.3600,45.9000,14.9200,"Filtros estándar (Score ≥6.5, DD ≥10%)"
LII,Lennox International,Industrials,Building Products,2024-12-23,382.6400,2026-09-01,27.1800,34.4100,DOWN,0.3236,-0.2537,True,0.0615,11.7986,0.6180,3.0830,488.6000,498.5000,420.7100,-21.6900,-23.2400,False,-1.6790,BAJISTA,-34.8400,587.2700,587.2700,381.8200,-34.8400,0.2100,1.2480,True,,0,540.8900,False,,NONE,6.8000,5.0000,8.5000,7.5000,4,10.0000,5.0000,True,6.1700,9.2500,1.5000,17.0062,14.5332,10.1939,2.4941,12.9800,0.7176,0.1599,0.1487,0.3333,0.0300,0.0010,156.0820,1.5690,277737504.0000,788499968.0000,0.3522,13224297472.0000,1.1990,2.9300,1.3800,34560675.0000,3.7400,0.4700,5.9600,4.9700,0.0210,FCF/NI:0.35|D/E:156,2,4.9600,False,3-7d,XLI,,CAT|UNP|HON,pmi_manufacturing|supply_chain|capex_cycle,57,2026-10-28,False,2026-07-29,7.7200,7.7000,28.0000,ALCISTA FUERTE,10,767.0500,8.3600,45.9000,14.9200,"Filtros estándar (Score ≥6.5, DD ≥10%)"
MET,MetLife,Financials,Life & Health Insurance,2000-12-11,95.1700,2026-09-01,41.3600,44.9800,DOWN,-0.3838,-0.5141,True,0.2754,1.5329,0.8170,1.6110,92.9100,80.5300,95.6300,2.4300,18.1800,True,2.5027,ALCISTA,-5.7100,100.9300,100.9300,66.4100,-5.7100,43.3100,0.9060,True,93.8500,3,98.5800,True,-1.3800,NONE,7.5200,10.0000,6.0000,7.5000,9,6.5000,5.0000,False,3.2200,4.8300,1.5000,18.4796,8.7183,2.2118,0.7617,13.9060,0.1309,0.0045,0.0457,0.2395,0.1050,0.0580,179.9330,2.0270,-20953999360.0000,3440999936.0000,-6.0895,60478337024.0000,0.7630,2.9000,2.4600,635476927.0000,3.2200,2.8300,3.9400,2.8300,-0.3465,FCF/NI:-6.09|D/E:180,2,4.9400,False,10-18d,XLF,,JPM|BAC|WFC,interest_rates|yield_curve|credit_spreads|loan_growth,69,2026-11-09,False,2026-08-05,2.4300,2.2900,6.2000,ALCISTA FUERTE,10,767.0500,8.3600,45.9000,14.9200,"Filtros estándar (Score ≥6.5, DD ≥10%)"
GLW,Corning Inc.,Information Technology,Electronic Components,1995-02-27,148.7300,2026-09-01,43.7500,51.7800,DOWN,0.0639,-0.2184,True,0.2452,8.3693,0.5650,5.6270,171.1200,141.9900,154.9300,-13.0800,4.7500,True,5.1947,NEUTRO,-45.2800,271.7800,271.7800,65.6900,-45.2800,126.4100,0.9740,True,148.9800,2,177.6600,True,0.1700,BULL_ENGULF|HAMMER|HAMMER,7.6800,8.5000,6.0000,7.5000,7,8.5000,9.5000,False,11.2500,16.8800,1.5000,68.5392,34.4244,10.7286,7.5521,33.1840,0.1681,0.0537,0.1120,0.3639,0.1660,0.1850,71.4480,1.8130,734499968.0000,1900000000.0000,0.3866,128114286592.0000,1.1480,1.2500,0.7500,861388331.0000,3.1200,2.8400,4.0100,2.3900,0.0057,FCF/NI:0.39,1,4.9400,False,7-15d,XLK,,AAPL|MSFT|NVDA,interest_rates|ai_capex_cycle|semiconductor_cycle,56,2026-10-27,False,2026-07-28,0.7800,0.7500,3.5000,ALCISTA FUERTE,10,767.0500,8.3600,45.9000,14.9200,"Filtros estándar (Score ≥6.5, DD ≥10%)"
LVS,Las Vegas Sands,Consumer Discretionary,Casinos & Gaming,2019-10-03,43.8100,2026-09-01,40.0500,50.3800,DOWN,-0.1635,0.1752,False,-0.1166,1.1364,0.8930,2.5940,46.2300,54.1300,45.9600,-5.2300,-19.0700,False,-1.7535,BAJISTA,-15.9700,52.1400,69.2400,43.5900,-36.7200,0.5000,1.5660,False,43.9300,2,53.2000,True,0.2800,NONE,5.7500,5.0000,5.0000,5.0000,7,8.0000,5.0000,False,5.1900,7.7800,1.5000,17.4542,12.4339,48.8406,2.0684,8.7520,1.2287,0.0955,0.1259,0.7933,-0.0070,-0.1980,1703.9020,0.9970,2212875008.0000,1727000064.0000,1.2813,28375789568.0000,0.8350,3.0100,2.6600,647701184.0000,4.4000,0.0000,6.7400,6.8000,0.0780,D/E:1704,1,4.9400,False,3-7d,XLY,,AMZN|TSLA|HD,consumer_spending|employment_data|interest_rates,50,2026-10-21,False,2026-07-22,0.5900,0.7600,-22.0000,ALCISTA FUERTE,10,767.0500,8.3600,45.9000,14.9200,"Filtros estándar (Score ≥6.5, DD ≥10%)"
NSC,Norfolk Southern,Industrials,Rail Transportation,1957-03-04,342.7900,2026-09-01,60.1800,68.7700,DOWN,-0.0446,0.9788,False,0.5337,6.2593,0.9310,1.8260,331.3800,305.4500,342.7800,3.4400,12.2200,True,2.0638,ALCISTA,-4.0300,357.1900,357.1900,263.5800,-4.0300,30.0500,1.0180,True,307.6300,2,343.6300,False,-10.2600,BULL_ENGULF,6.6000,10.0000,5.0000,7.5000,4,5.0000,7.5000,False,3.6500,5.4800,1.5000,29.7561,23.9360,4.7372,6.1398,16.4360,0.1699,0.0595,0.2102,0.4516,0.1140,-0.0440,105.5190,0.8310,1382249984.0000,2632999936.0000,0.5250,76993503232.0000,1.2690,5.8200,1.5500,224608373.0000,3.8100,3.1800,4.1800,4.1300,0.0180,FCF/NI:0.52|D/E:106,2,4.9300,False,10-18d,XLI,,CAT|UNP|HON,pmi_manufacturing|supply_chain|capex_cycle,51,2026-10-22,False,2026-07-23,3.5200,3.3200,5.9000,ALCISTA FUERTE,10,767.0500,8.3600,45.9000,14.9200,"Filtros estándar (Score ≥6.5, DD ≥10%)"
ARES,Ares Management,Financials,Asset Management & Custody Banks,2025-12-11,143.1700,2026-09-01,57.8500,53.3200,UP,-0.5522,-0.5136,False,0.6526,4.6061,0.8800,3.2170,129.0600,131.4900,139.3900,10.9300,8.8800,False,-0.2994,ALCISTA,-4.4700,149.8700,181.3200,93.5700,-21.0400,53.0100,0.8590,True,117.9500,3,140.4800,False,-17.6100,HAMMER|DOJI,6.6500,8.0000,6.0000,7.5000,6,5.0000,7.0000,False,6.4300,9.6500,1.5000,65.3744,19.9070,12.9789,7.8870,36.1490,0.1494,0.0259,0.1063,0.3741,0.0580,0.0650,172.3780,0.5440,2159716096.0000,572572992.0000,3.7719,47224139776.0000,1.5070,6.1300,3.7900,222028421.0000,3.7800,1.6200,4.9300,4.9500,0.0457,D/E:172,1,4.9300,False,10-18d,XLF,,JPM|BAC|WFC,interest_rates|yield_curve|credit_spreads|loan_growth,62,2026-11-02,False,2026-07-31,1.2900,1.2700,1.4000,ALCISTA FUERTE,10,767.0500,8.3600,45.9000,14.9200,"Filtros estándar (Score ≥6.5, DD ≥10%)"
TAP,Molson Coors Beverage Company,Consumer Staples,Brewers,1976-06-30,39.7600,2026-09-01,37.7300,55.3600,DOWN,-0.2117,-0.0223,False,-0.1070,1.1240,0.9070,2.8270,40.5400,43.1300,41.3400,-1.9100,-7.8200,False,-0.4357,BAJISTA,-9.6100,43.9900,53.0000,37.6000,-24.9800,5.7400,1.7850,True,39.7800,5,42.2700,True,0.0500,HAMMER,7.2000,5.0000,6.5000,7.5000,10,8.0000,7.0000,False,5.6500,8.4800,1.5000,,8.0941,0.7343,0.6689,5.9590,-0.1947,0.0379,-0.2081,0.3701,-0.0330,-0.4230,76.0300,0.8790,935137472.0000,-2306299904.0000,-0.4055,7413408256.0000,0.4270,9.3900,4.6300,174117990.0000,3.4100,0.0000,2.8800,8.0000,0.1261,FCF/NI:-0.41|ROE:-19.5%,2,4.9300,False,3-7d,XLP,,PG|KO|PEP,inflation|input_costs|fx_rates,63,2026-11-03,False,2026-08-06,1.5800,1.5100,4.4000,ALCISTA FUERTE,10,767.0500,8.3600,45.9000,14.9200,"Filtros estándar (Score ≥6.5, DD ≥10%)"
SRE,Sempra,Utilities,Multi-Utilities,2017-03-17,81.7000,2026-09-01,43.0800,34.9700,UP,-0.0810,-0.0101,False,-0.0806,2.0829,1.1410,2.5490,89.5200,90.3700,85.7700,-8.7300,-9.6000,False,-0.5652,BAJISTA,-14.9100,96.0200,100.3200,76.7500,-18.5600,6.4500,2.1820,False,,0,90.1200,False,,HAMMER,5.7000,5.0000,6.0000,5.0000,4,8.0000,7.0000,False,5.1000,7.6500,1.5000,24.4611,14.7485,1.6341,3.9421,17.1370,0.0668,0.0196,0.1682,0.4399,-0.0010,0.7130,84.6630,1.6420,-27657750528.0000,2262000128.0000,-12.2271,53423656960.0000,0.5760,3.1900,3.1200,653900348.0000,4.3200,5.0000,4.8100,2.9400,-0.5177,FCF/NI:-12.23,1,4.8700,False,3-7d,XLU,,NEE|DUK|SO,interest_rates|regulatory_environment,64,2026-11-04,False,2026-08-06,1.1600,1.0600,9.7000,ALCISTA FUERTE,10,767.0500,8.3600,45.9000,14.9200,"Filtros estándar (Score ≥6.5, DD ≥10%)"
CARR,Carrier Global,Industrials,Building Products,2020-04-03,58.2200,2026-09-01,13.7500,34.9100,DOWN,-0.2351,-0.2774,True,0.0988,1.3900,0.6210,2.3870,66.0700,60.9400,61.5000,-11.8800,-4.4600,True,0.8057,BAJISTA,-23.8800,76.4800,76.4800,49.6700,-23.8800,17.2200,1.0160,True,57.2900,1,64.5300,True,-1.6000,HAMMER|DOJI,8.0000,7.0000,8.5000,7.5000,8,10.0000,7.0000,True,4.7700,7.1600,1.5000,41.8849,17.5976,3.6536,2.1708,19.1940,0.0897,0.0298,0.0552,0.2469,0.0390,-0.1180,91.9980,1.0200,861750016.0000,1174000000.0000,0.7340,47992205312.0000,1.3090,2.1700,1.6300,824325057.0000,2.7800,0.7600,3.7900,3.9500,0.0180,FCF/NI:0.73|D/E:92,2,4.8700,False,5-10d,XLI,,CAT|UNP|HON,pmi_manufacturing|supply_chain|capex_cycle,56,2026-10-27,False,2026-07-28,0.8600,0.8200,5.2000,ALCISTA FUERTE,10,767.0500,8.3600,45.9000,14.9200,"Filtros estándar (Score ≥6.5, DD ≥10%)"
TYL,Tyler Technologies,Information Technology,Application Software,2020-06-22,372.2200,2026-09-01,78.9500,76.0600,UP,3.8568,3.2731,True,0.9624,13.8529,1.0190,3.7220,315.8200,359.8800,339.6100,17.8600,3.4300,False,-4.2055,ALCISTA,-2.6600,382.3900,566.5800,270.7100,-34.3000,37.5000,5.1970,False,314.0700,1,366.6300,False,-15.6200,NONE,6.2500,8.0000,7.0000,7.0000,4,5.0000,5.0000,False,7.4400,11.1700,1.5000,49.7620,24.2464,5.0162,6.2738,34.3020,0.0973,0.0418,0.1336,0.4721,0.0820,0.1550,47.9060,1.5540,594435648.0000,324616000.0000,1.8312,15243254784.0000,0.8090,4.4500,,40952274.0000,3.9300,1.3900,4.9600,5.7100,0.0390,OK,0,4.8600,False,10-18d,XLK,,AAPL|MSFT|NVDA,interest_rates|ai_capex_cycle|semiconductor_cycle,57,2026-10-28,False,2026-07-29,3.0800,3.0700,36.0000,ALCISTA FUERTE,10,767.0500,8.3600,45.9000,14.9200,"Filtros estándar (Score ≥6.5, DD ≥10%)"
F,Ford Motor Company,Consumer Discretionary,Automobile Manufacturers,1957-03-04,13.9400,2026-09-01,49.4000,47.9800,UP,-0.0235,-0.0198,False,0.4348,0.3793,0.7460,2.7210,13.9900,13.2000,14.0300,-0.3500,5.5800,True,1.3338,NEUTRO,-13.5000,16.1200,17.5900,10.8100,-20.7500,29.0000,1.0130,True,13.6000,1,14.5500,True,-2.4200,BULL_ENGULF,7.2500,8.5000,6.0000,7.5000,7,7.0000,7.5000,False,5.4400,8.1600,1.5000,,7.2858,1.5562,0.2957,25.7490,-0.1825,0.0035,-0.0394,0.0712,-0.0380,,456.7080,1.0890,-7940250112.0000,-7395999744.0000,1.0736,55587082240.0000,1.8480,0.0000,4.3200,3916743591.0000,3.2700,2.5000,3.4100,4.0000,-0.1428,D/E:457|ROE:-18.3%,2,4.8600,False,7-15d,XLY,,AMZN|TSLA|HD,consumer_spending|employment_data|interest_rates,51,2026-10-22,False,2026-07-28,0.4200,0.3500,21.3000,ALCISTA FUERTE,10,767.0500,8.3600,45.9000,14.9200,"Filtros estándar (Score ≥6.5, DD ≥10%)"
TRMB,Trimble Inc.,Information Technology,Application Software,2021-01-21,59.9400,2026-09-01,54.9400,58.1300,DOWN,0.0754,0.0944,False,0.6979,2.2086,1.1200,3.6850,55.0500,65.2800,58.5200,8.8900,-8.1700,False,-3.0593,BAJISTA,-3.3200,62.0000,84.4200,47.9200,-29.0000,25.0800,6.6040,False,52.8000,1,60.0600,False,-11.9100,NONE,5.1500,6.5000,5.0000,5.0000,4,5.0000,5.0000,False,7.3700,11.0500,1.5000,,14.5365,2.4636,3.6947,17.2950,-0.0194,0.0480,-0.0277,0.7177,0.1100,,28.5530,0.9540,686174976.0000,-104700000.0000,-6.5537,13976799232.0000,1.3560,3.8200,,233179848.0000,4.6600,3.6000,3.2600,7.5300,0.0491,FCF/NI:-6.55|ROE:-1.9%,2,4.8600,False,3-7d,XLK,,AAPL|MSFT|NVDA,interest_rates|ai_capex_cycle|semiconductor_cycle,64,2026-11-04,False,2026-08-12,0.8600,0.8000,7.2000,ALCISTA FUERTE,10,767.0500,8.3600,45.9000,14.9200,"Filtros estándar (Score ≥6.5, DD ≥10%)"
MOS,Mosaic Company (The),Materials,Fertilizers & Agricultural Chemicals,2011-09-26,24.1200,2026-09-01,54.5500,66.1300,DOWN,0.1666,0.1985,False,0.7716,0.9829,1.0070,4.0750,22.3900,24.2600,23.1500,7.7100,-0.5600,False,-1.8336,BAJISTA,-4.2900,25.2000,35.9800,19.8000,-32.9700,21.8200,0.8520,True,23.9700,7,26.8800,True,-0.6300,BULL_ENGULF,6.8000,6.5000,5.0000,7.5000,10,5.0000,7.5000,False,8.1500,12.2200,1.5000,,15.0206,0.6688,0.6260,7.9270,-0.0507,0.0124,-0.0521,0.1124,-0.0600,,52.2490,1.3370,-746275008.0000,-638499968.0000,1.1688,7667643392.0000,0.8210,3.9300,3.7300,317895646.0000,3.5700,2.5000,4.2800,4.0000,-0.0973,ROE:-5.1%,1,4.8600,False,3-7d,XLB,,LIN|APD|ECL,commodity_prices|dxy|china_demand|energy_costs,63,2026-11-03,False,2026-08-04,0.1300,0.1400,-5.9000,ALCISTA FUERTE,10,767.0500,8.3600,45.9000,14.9200,"Filtros estándar (Score ≥6.5, DD ≥10%)"
ECL,Ecolab,Materials,Specialty Chemicals,1989-01-31,283.2000,2026-09-01,48.4800,53.2700,DOWN,0.1524,0.4679,False,0.5199,5.4350,0.8450,1.9190,277.9900,271.3900,282.4400,1.8700,4.3500,True,0.6648,ALCISTA,-4.1100,295.3300,307.6000,242.4900,-7.9300,16.7900,1.0530,False,259.9700,2,279.7200,False,-8.2000,HAMMER|DOJI,6.0500,10.0000,5.0000,5.0000,4,5.0000,7.0000,False,3.8400,5.7600,1.5000,38.4783,30.0708,7.8952,4.7136,21.3270,0.2196,0.0723,0.1257,0.4421,0.0970,0.0330,138.0230,1.8410,1474824960.0000,2116400000.0000,0.6969,79389065216.0000,0.8900,2.9000,1.0200,280328603.0000,4.0500,2.9000,5.6200,3.5600,0.0186,FCF/NI:0.70|D/E:138,2,4.8500,False,10-18d,XLB,,LIN|APD|NEM,commodity_prices|dxy|china_demand|energy_costs,56,2026-10-27,False,2026-07-28,2.0900,2.0800,48.0000,ALCISTA FUERTE,10,767.0500,8.3600,45.9000,14.9200,"Filtros estándar (Score ≥6.5, DD ≥10%)"
RSG,Republic Services,Industrials,Environmental & Facilities Services,2008-12-05,220.9200,2026-09-01,64.2500,75.1300,DOWN,0.5148,0.9233,False,0.7469,3.6429,0.8110,1.6490,216.0300,213.7200,218.0300,2.2600,3.3700,True,0.1511,ALCISTA,-3.2000,228.2200,232.5000,195.8400,-4.9800,12.8100,1.3770,False,209.5600,1,218.7800,False,-5.1400,BULL_ENGULF,6.5000,10.0000,5.0000,7.0000,4,5.0000,7.5000,False,3.3000,4.9500,1.5000,31.4253,27.4195,5.6185,4.0050,15.5670,0.1815,0.0617,0.1294,0.4304,0.0460,0.0510,118.7980,0.6440,1942625024.0000,2185999872.0000,0.8887,67648573440.0000,0.3960,3.0000,1.2100,306212978.0000,3.7400,1.6400,4.8900,4.8400,0.0287,D/E:119,1,4.8400,False,10-18d,XLI,,CAT|UNP|HON,pmi_manufacturing|supply_chain|capex_cycle,58,2026-10-29,False,2026-08-06,1.8500,1.8200,1.7000,ALCISTA FUERTE,10,767.0500,8.3600,45.9000,14.9200,"Filtros estándar (Score ≥6.5, DD ≥10%)"
WMB,Williams Companies,Energy,Oil & Gas Storage & Transportation,1975-03-31,75.0500,2026-09-01,59.0200,50.1800,UP,0.2711,-0.1500,True,0.8781,2.2029,1.1550,2.9350,73.4700,69.1800,72.9300,2.1500,8.4800,True,2.0996,ALCISTA,-5.0000,79.0000,79.4900,54.3700,-5.5900,38.0500,2.8160,False,71.9000,4,75.6000,False,-4.2000,HAMMER|DOJI,7.1500,10.0000,7.0000,7.0000,6,5.0000,7.0000,False,5.8700,8.8100,1.5000,29.4314,28.6342,6.9775,7.4494,17.7170,0.2150,0.0503,0.2494,0.6364,0.0780,0.5120,200.3710,0.4770,-1516749952.0000,3070000128.0000,-0.4941,91798724608.0000,0.6150,3.7500,2.8500,1223167472.0000,3.3000,3.1500,4.3800,2.2200,-0.0165,FCF/NI:-0.49|D/E:200,2,4.8400,False,10-18d,XLE,,XOM|CVX|COP,oil_price|gas_price|opec_supply|inventories,62,2026-11-02,False,2026-08-03,0.5000,0.5000,25.0000,ALCISTA FUERTE,10,767.0500,8.3600,45.9000,14.9200,"Filtros estándar (Score ≥6.5, DD ≥10%)"
SYF,Synchrony Financial,Financials,Consumer Finance,2015-11-18,77.0800,2026-09-01,46.3400,57.7600,DOWN,-0.3158,-0.0531,False,0.0617,2.0143,0.9390,2.6130,76.3800,74.4100,78.6200,0.9100,3.5900,True,0.9444,ALCISTA,-5.9100,81.9200,87.6700,62.5500,-12.0800,23.2200,1.4060,False,70.3500,1,79.5900,False,-8.7400,NONE,6.3000,10.0000,5.0000,5.0000,4,8.0000,5.0000,False,5.2300,7.8400,1.5000,8.0042,7.3339,1.6501,2.5312,,0.2079,0.0290,0.3551,0.0000,0.0060,0.0360,,,,3435000064.0000,,25079584768.0000,1.3110,5.2500,1.7400,325370840.0000,3.8300,0.0500,5.4500,6.3400,,OK,0,4.8200,False,10-18d,XLF,,JPM|BAC|WFC,interest_rates|yield_curve|credit_spreads|loan_growth,43,2026-10-14,False,2026-07-21,2.5900,2.1300,21.9000,ALCISTA FUERTE,10,767.0500,8.3600,45.9000,14.9200,"Filtros estándar (Score ≥6.5, DD ≥10%)"
RVTY,Revvity,Health Care,Health Care Equipment,1985-05-31,128.6700,2026-09-01,73.3700,67.2700,UP,0.9589,0.7332,True,0.9318,3.6164,0.9360,2.8110,113.7900,101.3500,120.5000,13.0800,26.9600,True,2.5860,ALCISTA,-0.8700,129.8000,129.8000,81.1400,-0.8700,58.5900,1.0620,True,113.6900,1,,False,-11.6400,NONE,6.7500,10.0000,7.0000,7.5000,4,5.0000,5.0000,False,5.6200,8.4300,1.5000,62.1594,21.8386,1.9862,4.9309,19.0410,0.0321,0.0237,0.0816,0.5498,0.0130,0.0120,46.2250,1.8000,604992128.0000,237366000.0000,2.5488,14357821440.0000,1.0720,4.3300,0.2200,111586401.0000,3.4900,0.0300,5.0900,5.6500,0.0421,OK,0,4.7900,False,10-18d,XLV,,UNH|JNJ|LLY,fda_calendar|drug_pricing_policy|patent_cliffs,55,2026-10-26,False,2026-08-04,1.4100,1.2200,15.9000,ALCISTA FUERTE,10,767.0500,8.3600,45.9000,14.9200,"Filtros estándar (Score ≥6.5, DD ≥10%)"
VRSN,Verisign,Information Technology,Internet Services & Infrastructure,2006-02-01,288.2800,2026-09-01,46.7900,35.1900,UP,0.4978,-0.0454,True,0.5310,7.6459,0.8870,2.6520,274.4800,259.2600,285.2600,5.0300,11.1900,True,1.5966,ALCISTA,-4.5800,302.1100,311.5700,206.9300,-7.4700,39.3200,1.1140,True,270.8200,1,302.1100,False,-6.0600,DOJI,6.7500,10.0000,7.0000,7.5000,4,5.0000,5.0000,False,5.3000,7.9600,1.5000,31.7489,26.2413,-11.5613,15.2588,23.0500,,0.4512,0.4977,0.8847,0.0600,0.0770,,0.5910,832837504.0000,850000000.0000,0.9798,26060511232.0000,0.7030,1.7300,1.1100,90400000.0000,3.4700,0.4700,5.5700,4.5400,0.0320,OK,0,4.7800,False,10-18d,XLK,,AAPL|MSFT|NVDA,interest_rates|ai_capex_cycle|semiconductor_cycle,51,2026-10-22,False,2026-07-23,2.3800,2.3500,1.1000,ALCISTA FUERTE,10,767.0500,8.3600,45.9000,14.9200,"Filtros estándar (Score ≥6.5, DD ≥10%)"
SLB,Schlumberger,Energy,Oil & Gas Equipment & Services,1957-03-04,60.1000,2026-09-01,76.8300,67.6500,UP,0.4230,0.0819,True,1.2805,1.7107,1.0530,2.8460,49.8000,48.2600,53.3400,20.6900,24.5200,True,3.9801,ALCISTA,-0.6000,60.4600,60.4600,31.0500,-0.6000,93.5900,3.2480,False,53.2000,4,,False,-11.4800,NONE,6.9500,10.0000,7.0000,7.0000,6,5.0000,5.0000,False,5.6900,8.5400,1.5000,27.9535,18.5721,3.4210,2.4528,13.4180,0.1291,0.0617,0.0853,0.1699,0.0500,-0.2970,47.0020,1.4390,2955124992.0000,3100999936.0000,0.9530,89197002752.0000,0.7490,4.5700,2.0600,1484143231.0000,3.3300,0.0000,5.5000,4.6900,0.0331,OK,0,4.7800,False,10-18d,XLE,,XOM|CVX|COP,oil_price|gas_price|opec_supply|inventories,52,2026-10-23,False,2026-07-24,0.5500,0.5200,6.3000,ALCISTA FUERTE,10,767.0500,8.3600,45.9000,14.9200,"Filtros estándar (Score ≥6.5, DD ≥10%)"
DIS,Walt Disney Company (The),Communication Services,Movies & Entertainment,1976-06-30,107.5500,2026-09-01,60.6300,73.6000,DOWN,0.1366,0.7452,False,0.6642,2.2186,0.9900,2.0630,100.5900,103.3300,105.4000,6.9200,4.0800,False,-0.4725,ALCISTA,-3.8600,111.8700,118.0700,91.4900,-8.9100,17.5600,0.9020,True,99.9900,3,106.3000,False,-7.0300,HAMMER,6.4500,8.0000,5.0000,7.5000,6,5.0000,7.0000,False,4.1300,6.1900,1.5000,22.2671,14.3968,1.6910,1.8784,11.1330,0.0801,0.0481,0.0870,0.3760,0.0680,-0.4830,39.4040,0.7090,4860375040.0000,8600000512.0000,0.5652,185705168896.0000,1.3950,1.7000,1.3900,1726686902.0000,3.6400,1.5200,4.7600,4.8100,0.0262,FCF/NI:0.57,1,4.7600,False,10-18d,XLC,,GOOGL|META|NFLX,ad_spending_cycle|streaming_competition|regulation,72,2026-11-12,False,2026-08-05,2.0600,1.8500,11.1000,ALCISTA FUERTE,10,767.0500,8.3600,45.9000,14.9200,"Filtros estándar (Score ≥6.5, DD ≥10%)"
DE,Deere & Company,Industrials,Agricultural & Farm Machinery,1957-03-04,654.9100,2026-09-01,62.4200,63.7200,DOWN,3.1828,2.8452,True,0.9891,21.2371,1.1680,3.2430,610.9600,561.0200,621.4500,7.1900,16.7400,True,2.8822,ALCISTA,-0.8800,660.7000,670.4900,429.1400,-2.3200,52.6100,1.4900,True,585.1400,5,,False,-10.6500,NONE,7.2500,10.0000,6.0000,9.5000,6,5.0000,5.0000,False,6.4900,9.7300,1.5000,35.0970,29.1629,6.3128,3.6844,25.1430,0.1824,0.0376,0.1017,0.2518,-0.1110,-0.0850,376.0220,2.1320,4516250112.0000,4872999936.0000,0.9268,176580362240.0000,0.9010,5.0800,1.0300,269625412.0000,3.0800,0.0000,5.0300,4.4100,0.0256,D/E:376|RevG:-11.1%,2,4.7500,False,10-18d,XLI,,CAT|UNP|HON,pmi_manufacturing|supply_chain|capex_cycle,85,2026-11-25,False,2026-08-20,5.1000,4.7100,8.3000,ALCISTA FUERTE,10,767.0500,8.3600,45.9000,14.9200,"Filtros estándar (Score ≥6.5, DD ≥10%)"
CCI,Crown Castle,Real Estate,Telecom Tower REITs,2012-03-14,76.1400,2026-09-01,63.7900,45.6900,UP,0.3210,0.4020,False,0.6975,1.5714,0.6100,2.0640,77.0200,83.8700,75.6900,-1.1500,-9.2100,False,-1.8509,BAJISTA,-18.9800,93.9700,96.9700,69.7200,-21.4800,9.2100,1.3230,True,75.0800,1,80.3800,True,-1.3900,HAMMER|DOJI|HAMMER,6.9000,5.0000,6.0000,9.5000,7,7.0000,7.0000,False,4.1300,6.1900,1.5000,31.0775,26.3699,-9.9192,7.9964,20.3550,,0.0473,0.2072,0.7373,-0.0490,-0.6750,,0.5220,1036249984.0000,1074000000.0000,0.9649,33273180160.0000,0.9700,2.3500,5.5800,437000000.0000,3.2900,0.0000,5.5500,4.5100,0.0311,OK,0,4.7300,False,3-7d,XLRE,,PLD|AMT|EQIX,interest_rates|cap_rates|occupancy_trends,50,2026-10-21,False,2026-07-22,0.6900,0.5100,36.1000,ALCISTA FUERTE,10,767.0500,8.3600,45.9000,14.9200,"Filtros estándar (Score ≥6.5, DD ≥10%)"
COIN,Coinbase,Financials,Financial Exchanges & Data,2025-05-19,188.1200,2026-09-01,68.3100,67.3300,UP,3.3854,4.3125,False,0.8600,11.2521,1.1260,5.9810,160.8800,194.7900,170.1700,16.9300,-3.4200,False,-7.8819,BAJISTA,-2.9400,193.8100,402.1600,139.1100,-53.2200,35.2300,1.1140,False,163.1300,1,216.0500,False,-13.2800,BULL_ENGULF,5.7500,6.5000,6.0000,5.0000,5,5.0000,7.5000,False,11.9600,17.9400,1.5000,,65.8688,3.7939,8.2123,67.9190,-0.0785,0.0112,-0.1634,0.8581,-0.1730,,50.9820,2.4230,2668452864.0000,-987766016.0000,-2.7015,49633001472.0000,3.3610,2.9900,,222803032.0000,4.0100,2.5000,3.2100,6.7000,0.0538,FCF/NI:-2.70|RevG:-17.3%|ROE:-7.8%,3,4.7100,False,3-7d,XLF,,JPM|BAC|WFC,interest_rates|yield_curve|credit_spreads|loan_growth,58,2026-10-29,False,2026-07-30,-1.3600,-0.2300,-487.5000,ALCISTA FUERTE,10,767.0500,8.3600,45.9000,14.9200,"Filtros estándar (Score ≥6.5, DD ≥10%)"
PEG,Public Service Enterprise Group,Utilities,Electric Utilities,1957-03-04,73.3300,2026-09-01,36.8700,34.4000,UP,-0.0343,-0.0876,True,0.1977,1.0736,0.7350,1.4640,77.9100,79.3200,74.8400,-5.8800,-7.5500,False,-0.7424,BAJISTA,-12.3900,83.7000,86.1800,72.5300,-14.9100,1.1000,2.5960,True,74.2000,1,80.9400,True,1.1900,HAMMER,7.7800,5.0000,8.5000,9.5000,8,8.5000,7.0000,True,2.9300,4.3900,1.5000,18.1960,15.6942,2.1074,2.9139,13.6760,0.1183,0.0324,0.1604,0.3333,-0.0890,-0.4270,142.4090,0.8770,107750000.0000,2012000000.0000,0.0536,36549140480.0000,0.5270,3.3700,3.6600,498420030.0000,2.6300,0.0000,4.8200,3.1500,0.0029,FCF/NI:0.05,1,4.6900,False,3-7d,XLU,,NEE|DUK|SO,interest_rates|regulatory_environment,62,2026-11-02,False,2026-08-04,0.8600,0.8000,7.7000,ALCISTA FUERTE,10,767.0500,8.3600,45.9000,14.9200,"Filtros estándar (Score ≥6.5, DD ≥10%)"
WMT,Walmart,Consumer Staples,Consumer Staples Merchandise Retail,1982-08-31,104.8700,2026-09-01,34.1500,39.2000,DOWN,-0.7585,-0.9190,True,0.2468,2.7815,1.0090,2.6520,111.5300,118.0500,108.3000,-5.9700,-11.1600,False,0.5415,BAJISTA,-14.4900,122.6500,134.8400,95.0000,-22.2200,10.3900,1.2240,False,102.1500,1,116.9200,True,-2.5900,HAMMER|DOJI,6.3300,5.5000,7.5000,5.0000,7,6.5000,7.0000,False,5.3000,7.9600,1.5000,37.9964,32.5380,8.8513,1.1307,20.4690,0.2231,0.0641,0.0300,0.2484,0.0590,-0.0910,71.6530,0.7670,7127625216.0000,22076000256.0000,0.3229,832011960320.0000,0.6050,2.9700,0.9400,7933746241.0000,3.5700,3.0800,4.8900,2.6000,0.0086,FCF/NI:0.32,1,4.6700,False,3-7d,XLP,,PG|KO|PEP,inflation|input_costs|fx_rates,79,2026-11-19,False,2026-08-20,0.8100,0.7400,9.3000,ALCISTA FUERTE,10,767.0500,8.3600,45.9000,14.9200,"Filtros estándar (Score ≥6.5, DD ≥10%)"
NI,NiSource,Utilities,Multi-Utilities,2000-11-02,40.9200,2026-09-01,38.5000,19.2100,UP,0.0110,-0.0995,True,0.2499,0.7443,0.8240,1.8190,44.6500,44.5900,42.1200,-8.3500,-8.2300,True,-0.0286,BAJISTA,-16.2900,48.8800,48.8800,37.4500,-16.2900,9.2700,1.0800,False,41.4100,1,43.2200,True,1.2000,BULL_ENGULF,6.7700,6.5000,8.5000,5.0000,7,6.5000,7.5000,False,3.6400,5.4600,1.5000,21.6508,18.1662,2.0493,2.8516,12.9930,0.0855,0.0324,0.1315,0.5097,0.0460,-0.5840,146.6490,0.4980,-1772999936.0000,906000000.0000,-1.9570,19623598080.0000,0.5540,2.3000,2.9600,479560100.0000,3.2600,2.6400,4.1600,2.9500,-0.0904,FCF/NI:-1.96,1,4.6600,False,3-7d,XLU,,NEE|DUK|SO,interest_rates|regulatory_environment,57,2026-10-28,False,2026-08-05,0.1600,0.1600,1.5000,ALCISTA FUERTE,10,767.0500,8.3600,45.9000,14.9200,"Filtros estándar (Score ≥6.5, DD ≥10%)"
CPT,Camden Property Trust,Real Estate,Multi-Family Residential REITs,2022-04-04,105.8000,2026-09-01,37.4000,39.2000,DOWN,-0.2544,-0.1207,False,0.0643,1.6979,0.7800,1.6050,111.5800,105.8200,108.8300,-5.1800,-0.0200,True,0.9615,BAJISTA,-11.6900,119.8100,119.8100,94.3000,-11.6900,12.2000,1.5720,True,101.6800,2,104.0100,True,-3.9000,HAMMER|DOJI|HAMMER,8.0000,7.0000,6.5000,9.5000,8,10.0000,7.0000,False,3.2100,4.8100,1.5000,35.0331,97.0642,2.8535,7.7405,17.6220,0.0789,0.0187,0.2062,0.6162,-0.0080,-0.7570,125.6480,0.3520,139679632.0000,325515008.0000,0.4291,12244506624.0000,0.7890,4.5400,3.9900,115732578.0000,2.4200,0.0000,4.0900,3.3000,0.0114,FCF/NI:0.43|D/E:126,2,4.6500,False,3-7d,XLRE,,PLD|AMT|EQIX,interest_rates|cap_rates|occupancy_trends,65,2026-11-05,False,2026-07-30,0.1800,0.2700,-34.0000,ALCISTA FUERTE,10,767.0500,8.3600,45.9000,14.9200,"Filtros estándar (Score ≥6.5, DD ≥10%)"
STT,State Street Corporation,Financials,Asset Management & Custody Banks,2003-03-14,191.3800,2026-09-01,57.9300,56.0400,UP,-0.0518,-0.2242,True,0.6886,3.8864,0.8750,2.0310,182.2200,146.0500,188.6300,5.0200,31.0400,True,5.4042,ALCISTA,-2.3200,195.9300,195.9300,102.7600,-2.3200,86.2400,1.3220,True,182.9600,1,193.8400,False,-4.4000,HAMMER,6.9500,10.0000,7.0000,7.5000,4,5.0000,7.0000,False,4.0600,6.0900,1.5000,17.0723,12.5061,2.1996,3.4995,,0.1244,0.0087,0.2301,0.0000,-0.0280,-0.2410,,,,3220999936.0000,,52572422144.0000,1.4180,0.0100,1.9000,274701765.0000,3.1000,0.0000,4.6400,4.9200,,OK,0,4.6400,False,10-18d,XLF,,JPM|BAC|WFC,interest_rates|yield_curve|credit_spreads|loan_growth,43,2026-10-14,False,2026-07-16,3.6500,3.3400,9.2000,ALCISTA FUERTE,10,767.0500,8.3600,45.9000,14.9200,"Filtros estándar (Score ≥6.5, DD ≥10%)"
KMI,Kinder Morgan,Energy,Oil & Gas Storage & Transportation,2012-05-25,32.2400,2026-09-01,56.3500,46.3500,UP,0.0159,-0.0952,True,0.7426,0.8429,1.2110,2.6140,31.8500,30.4700,31.7300,1.2200,5.8000,True,2.0056,ALCISTA,-2.4800,33.0600,34.4900,24.7400,-6.5200,30.3400,1.5910,False,32.6800,7,34.2900,True,1.3600,NONE,7.4000,10.0000,7.0000,7.0000,9,5.0000,5.0000,False,5.2300,7.8400,1.5000,20.4051,20.9662,2.2677,3.9976,13.8010,0.1099,0.0445,0.1930,0.4941,0.1080,0.2120,98.6190,0.4580,1075000064.0000,3448999936.0000,0.3117,71792107520.0000,0.5540,4.6000,3.7400,2226802089.0000,2.7800,1.3600,3.4200,3.7000,0.0150,FCF/NI:0.31|D/E:99,2,4.6300,False,10-18d,XLE,,XOM|CVX|COP,oil_price|gas_price|opec_supply|inventories,57,2026-10-28,False,2026-07-22,0.3700,0.3100,18.3000,ALCISTA FUERTE,10,767.0500,8.3600,45.9000,14.9200,"Filtros estándar (Score ≥6.5, DD ≥10%)"
FDXF,FedEx Freight,Industrials,Cargo Ground Transportation,2026-06-01,133.7400,2026-09-01,41.4300,48.0400,DOWN,-0.6268,-1.1551,True,0.2614,5.8400,0.6740,4.3670,146.6900,,138.8300,-8.8300,,False,,NEUTRO,-31.1600,194.2700,200.0000,127.6500,-33.1300,4.7700,1.2020,True,135.6400,1,152.6700,True,1.4200,NONE,6.5200,5.0000,6.0000,7.5000,7,8.5000,5.0000,False,8.7300,13.1000,1.5000,30.4647,26.4635,-40.2347,2.2736,26.4010,0.6909,0.0567,0.0745,0.2928,0.0480,-0.6110,,1.5170,-511124992.0000,655000000.0000,-0.7803,19996555264.0000,,3.2700,,149518133.0000,3.3200,1.0500,6.3500,2.4300,-0.0256,FCF/NI:-0.78,1,4.6000,False,7-15d,XLI,,CAT|UNP|HON,pmi_manufacturing|supply_chain|capex_cycle,57,2026-09-08,False,,,,,ALCISTA FUERTE,10,767.0500,8.3600,45.9000,14.9200,"Filtros estándar (Score ≥6.5, DD ≥10%)"
GIS,General Mills,Consumer Staples,Packaged Foods & Meats,1957-03-04,41.2000,2026-09-01,70.9100,75.8100,DOWN,0.1784,0.2136,False,0.8874,1.1521,1.0340,2.7960,37.0400,39.0200,38.9800,11.2200,5.6000,False,-1.6904,ALCISTA,-1.7400,41.9300,48.3200,31.2100,-14.7400,32.0100,1.3130,True,34.6100,8,,False,-16.0000,DOJI,6.6500,8.0000,5.0000,9.5000,6,5.0000,5.0000,False,5.5900,8.3900,1.5000,,12.8309,3.9791,1.1955,7.2950,-0.0103,0.0574,-0.0047,0.3373,0.0220,-0.1450,217.6290,0.6820,2308499968.0000,-87600000.0000,-26.3527,22026735616.0000,-0.0470,4.9600,5.8700,534629472.0000,3.1900,0.8300,2.2800,7.0100,0.1048,FCF/NI:-26.35|D/E:218|ROE:-1.0%,3,4.5700,False,10-18d,XLP,,PG|KO|PEP,inflation|input_costs|fx_rates,22,2026-09-23,False,2026-07-01,0.9500,0.8000,19.2000,ALCISTA FUERTE,10,767.0500,8.3600,45.9000,14.9200,"Filtros estándar (Score ≥6.5, DD ≥10%)"
TRGP,Targa Resources,Energy,Oil & Gas Storage & Transportation,2022-10-12,293.6500,2026-09-01,68.3600,71.8500,DOWN,1.1243,2.4504,False,0.7318,9.1479,1.2000,3.1150,274.4400,233.1300,284.0600,7.0000,25.9600,True,5.7465,ALCISTA,-4.6400,307.9400,307.9400,141.1100,-4.6400,108.1100,1.3020,True,240.7300,1,289.6800,False,-18.0200,BULL_ENGULF,7.0000,10.0000,5.0000,9.5000,4,5.0000,7.5000,False,6.2300,9.3500,1.5000,27.5469,24.3096,20.1034,3.7612,15.0160,0.7084,0.0924,0.1354,0.4319,0.0420,0.2330,515.7940,0.7710,65837500.0000,2255300096.0000,0.0292,62967668736.0000,0.7160,4.3600,1.7400,214431021.0000,2.9300,1.0900,5.4300,2.1500,0.0010,FCF/NI:0.03|D/E:516,2,4.5600,False,10-18d,XLE,,XOM|CVX|COP,oil_price|gas_price|opec_supply|inventories,65,2026-11-05,False,2026-08-06,3.2500,2.8400,14.2000,ALCISTA FUERTE,10,767.0500,8.3600,45.9000,14.9200,"Filtros estándar (Score ≥6.5, DD ≥10%)"
TTWO,Take-Two Interactive,Communication Services,Interactive Home Entertainment,2018-03-19,219.7000,2026-09-01,21.7400,44.9700,DOWN,-1.9376,-1.4233,False,-0.1343,8.8907,1.0840,4.0470,241.5700,228.3100,236.8500,-9.0500,-3.7700,True,-0.6089,BAJISTA,-17.3900,265.9400,265.9400,187.6300,-17.3900,17.0900,2.5080,False,206.2200,2,221.2200,False,-6.1300,HAMMER,6.4500,6.5000,7.5000,5.0000,5,8.0000,7.0000,False,8.0900,12.1400,1.5000,,21.3280,11.6016,6.1437,55.0520,-0.0904,-0.0062,-0.0479,0.5713,0.0200,,81.6070,1.0620,1256137472.0000,-320400000.0000,-3.9205,41079603200.0000,0.9830,3.2000,,186980443.0000,3.2300,2.5900,2.6300,4.6700,0.0306,FCF/NI:-3.92|D/E:82|ROE:-9.0%,3,4.5200,False,3-7d,XLC,,GOOGL|META|NFLX,ad_spending_cycle|streaming_competition|regulation,69,2026-11-09,False,2026-08-07,-0.1800,-0.2100,13.9000,ALCISTA FUERTE,10,767.0500,8.3600,45.9000,14.9200,"Filtros estándar (Score ≥6.5, DD ≥10%)"
ECHO,EchoStar,Communication Services,Wireless Telecommunication Services,2026-03-23,86.4400,2026-09-01,42.2700,52.1500,DOWN,0.1327,0.1687,False,0.2899,2.7821,0.4640,3.2190,92.5300,107.2000,88.4100,-6.5800,-19.3600,False,1.4118,BAJISTA,-34.1300,131.2200,147.2500,54.7400,-41.3000,57.9100,0.5340,True,82.4800,1,91.8600,False,-4.5800,HAMMER|DOJI|HAMMER,6.1700,5.5000,5.0000,7.5000,4,8.5000,7.0000,False,6.4400,9.6600,1.5000,,5.5280,1.7737,1.7135,21.2340,-0.3343,0.0132,-0.3871,0.2954,-0.0400,,123.7570,5.2010,-18870501376.0000,-5672891904.0000,3.3264,25110018048.0000,1.0130,5.6600,,159142240.0000,3.3900,2.5000,4.4400,3.1900,-0.7515,D/E:124|ROE:-33.4%,2,4.5000,False,3-7d,XLC,,GOOGL|META|NFLX,ad_spending_cycle|streaming_competition|regulation,65,2026-11-05,False,2026-08-03,0.1400,2.6200,-94.8000,ALCISTA FUERTE,10,767.0500,8.3600,45.9000,14.9200,"Filtros estándar (Score ≥6.5, DD ≥10%)"
VST,Vistra Corp.,Utilities,Electric Utilities,2024-05-08,137.3700,2026-09-01,36.6100,37.0200,DOWN,-0.0329,-0.2469,True,0.2229,4.3275,0.6410,3.1500,151.3500,158.0900,142.2500,-9.2300,-13.1000,False,-3.1142,BAJISTA,-19.8300,171.3500,218.9100,132.4700,-37.2500,3.7000,0.9000,True,137.7200,1,156.9900,True,0.2500,HAMMER,7.0300,5.0000,7.5000,7.5000,7,8.5000,7.0000,True,6.3000,9.4500,1.5000,23.0874,13.2525,15.3537,2.3999,10.3320,0.4296,0.0589,0.1155,0.3831,-0.0550,-0.0620,373.2800,0.9730,37125000.0000,2027000064.0000,0.0183,46106206208.0000,1.4330,2.0400,0.6700,335635195.0000,2.7500,0.0000,5.7600,2.4600,0.0008,FCF/NI:0.02|D/E:373,2,4.4600,False,3-7d,XLU,,NEE|DUK|SO,interest_rates|regulatory_environment,65,2026-11-05,False,2026-08-10,0.7600,1.6300,-53.4000,ALCISTA FUERTE,10,767.0500,8.3600,45.9000,14.9200,"Filtros estándar (Score ≥6.5, DD ≥10%)"
WBD,Warner Bros. Discovery,Communication Services,Broadcasting,2022-04-11,28.5300,2026-09-01,72.9600,90.0800,DOWN,0.0534,0.1557,False,0.6753,0.3843,0.7660,1.3470,26.9900,27.1800,27.9900,5.7000,4.9800,False,2.5237,ALCISTA,-1.5900,28.9900,30.0000,11.2500,-4.9000,153.6000,1.2860,True,27.2900,12,,False,-4.3400,NONE,6.6500,8.5000,5.0000,7.5000,6,7.0000,5.0000,False,2.6900,4.0400,1.5000,,407.5714,2.1790,1.9806,13.0120,-0.0879,0.0171,-0.0877,0.4781,-0.1120,-0.9060,94.1990,0.7770,16167374848.0000,-3166000128.0000,-5.1066,71528611840.0000,1.5650,2.3500,,2507136702.0000,2.9800,0.0000,2.4500,7.0600,0.2260,FCF/NI:-5.11|D/E:94|RevG:-11.2%|ROE:-8.8%,4,4.4500,False,10-18d,XLC,,GOOGL|META|NFLX,ad_spending_cycle|streaming_competition|regulation,65,2026-11-05,False,2026-08-06,0.0600,-0.1100,153.9000,ALCISTA FUERTE,10,767.0500,8.3600,45.9000,14.9200,"Filtros estándar (Score ≥6.5, DD ≥10%)"
XYZ,"Block, Inc.",Financials,Transaction & Payment Processing Services,2025-07-23,82.0200,2026-09-01,57.2900,50.1600,UP,0.1101,-0.0287,True,0.5743,2.6841,0.9290,3.2730,79.5300,68.3000,81.4500,3.1200,20.0800,True,0.9414,ALCISTA,-5.6400,86.9200,86.9200,48.2100,-5.6400,70.1300,1.2380,True,75.2400,3,81.0400,False,-8.2700,NONE,7.0500,10.0000,7.0000,7.5000,6,5.0000,5.0000,False,6.5500,9.8200,1.5000,149.1273,15.7986,2.2350,1.9678,32.0910,0.0161,0.0201,0.0143,0.4657,0.0930,-0.8330,32.5800,2.2090,-27105876.0000,357142016.0000,-0.0759,49277206528.0000,2.5260,2.6400,,540816000.0000,2.7000,2.1100,3.9600,1.9300,-0.0006,FCF/NI:-0.08,1,4.4400,False,10-18d,XLF,,JPM|BAC|WFC,interest_rates|yield_curve|credit_spreads|loan_growth,69,2026-11-09,False,2026-08-05,1.0200,0.8700,16.7000,ALCISTA FUERTE,10,767.0500,8.3600,45.9000,14.9200,"Filtros estándar (Score ≥6.5, DD ≥10%)"
MRNA,Moderna,Health Care,Biotechnology,2021-07-21,140.3400,2026-09-01,68.1500,71.9600,DOWN,4.4299,9.5125,False,0.7283,20.3581,3.3100,14.5060,78.3200,52.3300,111.1200,79.2000,168.1700,True,16.2921,ALCISTA,-20.5600,176.6600,176.6600,22.2800,-20.5600,529.8900,0.5970,False,47.1400,1,176.6600,False,-66.4100,HAMMER|HAMMER,6.0500,10.0000,5.0000,5.0000,4,5.0000,7.0000,False,29.0100,43.5200,1.5000,,-30.6963,8.2821,25.1476,-23.7710,-0.3900,-0.1326,-1.4143,-0.6602,0.0210,,19.0360,2.2950,299249984.0000,-3151000064.0000,-0.0950,56028766208.0000,0.8990,9.9200,,399235889.0000,3.3400,2.8600,4.3300,2.7300,0.0053,FCF/NI:-0.09|ROE:-39.0%,2,4.4200,False,10-18d,XLV,,UNH|JNJ|LLY,fda_calendar|drug_pricing_policy|patent_cliffs,65,2026-11-05,False,2026-07-31,-1.9700,-2.0600,4.3000,ALCISTA FUERTE,10,767.0500,8.3600,45.9000,14.9200,"Filtros estándar (Score ≥6.5, DD ≥10%)"
CMS,CMS Energy,Utilities,Multi-Utilities,1957-03-04,68.0600,2026-09-01,43.4200,32.7100,UP,-0.1117,-0.1347,True,0.0876,1.0036,0.6840,1.4750,72.6500,72.6200,70.0200,-6.3200,-6.2800,True,-0.2406,BAJISTA,-13.0100,78.2400,79.1000,67.0600,-13.9600,1.4900,0.9520,True,68.5100,2,72.7300,True,0.6700,NONE,7.4000,6.5000,7.0000,7.5000,8,10.0000,5.0000,False,2.9500,4.4200,1.5000,20.5000,16.3731,2.2349,2.4217,13.6680,0.0916,0.0297,0.1164,0.4032,-0.0050,-0.4390,185.6040,0.9360,-2198874880.0000,1016000000.0000,-2.1642,21342060544.0000,0.3390,0.0000,3.3400,313577136.0000,2.3700,0.0000,4.2100,2.9700,-0.1030,FCF/NI:-2.16|D/E:186,2,4.3800,False,3-7d,XLU,,NEE|DUK|SO,interest_rates|regulatory_environment,58,2026-10-29,False,2026-07-28,0.3700,0.3600,3.1000,ALCISTA FUERTE,10,767.0500,8.3600,45.9000,14.9200,"Filtros estándar (Score ≥6.5, DD ≥10%)"
LNT,Alliant Energy,Utilities,Electric Utilities,2016-07-01,67.9800,2026-09-01,48.5100,30.2000,UP,-0.0239,-0.0542,True,0.1522,1.1329,0.8220,1.6660,72.4400,69.5200,69.6300,-6.1500,-2.2100,True,0.5068,BAJISTA,-13.0900,78.2200,78.2200,61.3700,-13.0900,10.7700,0.9820,True,67.3200,2,71.6400,True,-0.9800,HAMMER,7.1800,7.0000,7.0000,7.5000,8,6.5000,7.0000,False,3.3300,5.0000,1.5000,21.5127,18.4443,2.3411,3.9797,16.2490,0.1114,0.0245,0.1845,0.4450,0.0100,-0.0400,160.9510,0.4660,-1138625024.0000,817000000.0000,-1.3937,17626175488.0000,0.5390,8.6600,3.1500,259284699.0000,2.5000,0.1800,4.4900,2.9000,-0.0646,FCF/NI:-1.39|D/E:161,2,4.3700,False,3-7d,XLU,,NEE|DUK|SO,interest_rates|regulatory_environment,65,2026-11-05,False,2026-07-30,0.6500,0.5800,12.2000,ALCISTA FUERTE,10,767.0500,8.3600,45.9000,14.9200,"Filtros estándar (Score ≥6.5, DD ≥10%)"
IFF,International Flavors & Fragrances,Materials,Specialty Chemicals,1976-03-31,86.3300,2026-09-01,55.2800,58.7300,DOWN,0.1337,0.1099,True,0.7134,1.9064,0.7810,2.2080,80.3900,73.6100,84.0100,7.3900,17.2900,True,3.0824,ALCISTA,-3.3500,89.3200,89.3200,58.1300,-3.3500,48.5200,1.1440,True,74.2900,2,89.3200,False,-13.9500,NONE,6.8500,10.0000,6.0000,7.5000,4,7.0000,5.0000,False,4.4200,6.6200,1.5000,,21.8238,1.5770,2.0431,14.5320,-0.0555,0.0227,0.0257,0.3658,0.0180,-0.9160,44.8210,2.0610,-1720999936.0000,-791000000.0000,2.1757,22027098112.0000,0.9430,8.9000,1.8200,255149963.0000,2.6700,0.0600,4.6600,3.4000,-0.0781,ROE:-5.5%,1,4.3400,False,10-18d,XLB,,LIN|APD|ECL,commodity_prices|dxy|china_demand|energy_costs,63,2026-11-03,False,2026-08-04,0.8200,1.1200,-26.6000,ALCISTA FUERTE,10,767.0500,8.3600,45.9000,14.9200,"Filtros estándar (Score ≥6.5, DD ≥10%)"
CRL,Charles River Laboratories,Health Care,Life Sciences Tools & Services,2021-05-14,288.2400,2026-09-01,59.6800,86.6000,DOWN,-0.9821,1.0496,False,0.6191,9.9886,1.0750,3.4650,245.0400,197.1400,278.5000,17.6300,46.2100,True,5.3022,ALCISTA,-4.9700,303.3100,303.3100,144.2600,-4.9700,99.8100,1.0850,False,218.3900,1,,False,-24.2300,DOJI,5.8500,10.0000,5.0000,5.0000,4,5.0000,5.0000,False,6.9300,10.4000,1.5000,,22.7211,4.8447,3.4718,19.6100,-0.0752,0.0411,-0.0596,0.3458,-0.0270,,105.0470,1.3480,468856000.0000,-238458000.0000,-1.9662,13883865088.0000,1.3760,2.5100,,48167730.0000,3.3000,2.5000,2.5400,5.1400,0.0338,FCF/NI:-1.97|D/E:105|ROE:-7.5%,3,4.3200,False,10-18d,XLV,,UNH|JNJ|LLY,fda_calendar|drug_pricing_policy|patent_cliffs,64,2026-11-04,False,2026-08-05,3.0200,2.7400,10.3000,ALCISTA FUERTE,10,767.0500,8.3600,45.9000,14.9200,"Filtros estándar (Score ≥6.5, DD ≥10%)"
HONA,Honeywell Aerospace,Industrials,Aerospace & Defense,2026-06-29,158.1100,2026-09-01,44.4600,31.3500,UP,0.6192,-0.0167,True,0.3174,6.7150,0.4670,4.2470,200.8200,,171.8300,-21.2700,,False,,NEUTRO,-46.8500,297.5000,297.5000,150.0300,-46.8500,5.3900,0.8720,False,150.0300,1,176.2500,False,-5.1100,NONE,5.5500,5.0000,7.0000,5.0000,4,7.0000,5.0000,False,8.4900,12.7400,1.5000,49.5643,17.4201,-8.7966,2.7973,18.4510,,,0.1086,0.3453,0.0540,-0.7090,,1.5260,,1946000000.0000,,50113396736.0000,,1.4800,,316952725.0000,3.3400,1.2400,5.1000,3.7300,,OK,0,4.2200,False,7-15d,XLI,,CAT|UNP|HON,pmi_manufacturing|supply_chain|capex_cycle,64,2026-11-04,False,2026-08-05,1.8700,2.1200,-11.8000,ALCISTA FUERTE,10,767.0500,8.3600,45.9000,14.9200,"Filtros estándar (Score ≥6.5, DD ≥10%)"
CLX,Clorox,Consumer Staples,Household Products,1969-03-31,97.6800,2026-09-01,26.7400,74.4100,DOWN,-1.0101,-0.1869,False,-0.1310,2.8454,0.9510,2.9130,98.8300,101.2300,103.3100,-1.1700,-3.5100,False,-0.4788,BAJISTA,-10.7300,109.4200,125.8300,83.7200,-22.3700,16.6700,4.3490,False,91.6700,2,98.4800,False,-6.1500,NONE,5.9500,5.0000,7.5000,5.0000,5,8.0000,5.0000,False,5.8300,8.7400,1.5000,21.3275,15.5335,131.2903,1.7578,15.2890,1.6376,0.0832,0.0873,0.4232,-0.0200,-0.5010,2221.4290,0.6580,110375000.0000,587000000.0000,0.1880,11812540416.0000,0.5410,4.4700,4.8800,120931005.0000,2.8000,0.0000,5.3700,3.0600,0.0093,FCF/NI:0.19|D/E:2221,2,4.0600,False,3-7d,XLP,,PG|KO|PEP,inflation|input_costs|fx_rates,63,2026-11-03,False,2026-08-03,1.6600,1.6500,86.0000,ALCISTA FUERTE,10,767.0500,8.3600,45.9000,14.9200,"Filtros estándar (Score ≥6.5, DD ≥10%)"
TSCO,Tractor Supply,Consumer Discretionary,Other Specialty Retail,2014-01-24,34.9000,2026-09-01,53.5200,69.6800,DOWN,-0.1353,0.0080,False,0.5608,1.1110,1.0100,3.1830,32.0900,41.7600,34.3000,8.7700,-16.4300,False,-4.3207,BAJISTA,-4.7400,36.6400,61.3900,28.1700,-43.1500,23.9100,0.8150,True,28.9800,5,36.6400,False,-16.9500,HAMMER|DOJI,6.1500,6.5000,5.0000,7.5000,6,5.0000,7.0000,False,6.3700,9.5500,1.5000,18.0829,17.0131,6.9453,1.1545,12.6830,0.3951,0.0782,0.0643,0.3650,0.0230,-0.1500,248.7100,1.3340,103175000.0000,1011913984.0000,0.1020,18184300544.0000,0.4520,2.8400,2.7600,521040137.0000,2.6200,0.5600,4.2500,3.1000,0.0057,FCF/NI:0.10|D/E:249,2,4.0300,False,3-7d,XLY,,AMZN|TSLA|HD,consumer_spending|employment_data|interest_rates,51,2026-10-22,False,2026-07-23,0.6900,0.8200,-15.9000,ALCISTA FUERTE,10,767.0500,8.3600,45.9000,14.9200,"Filtros estándar (Score ≥6.5, DD ≥10%)"
PSKY,Paramount Skydance Corporation,Communication Services,Movies & Entertainment,1994-09-30,10.9100,2026-09-01,86.2800,88.7300,DOWN,0.1155,0.1519,False,0.8147,0.4057,0.9880,3.7190,9.4500,11.0600,10.0500,15.4200,-1.3400,False,-5.1452,BAJISTA,-2.6800,11.2100,20.5700,7.6200,-46.9700,43.1800,0.9870,True,10.1200,1,11.0400,False,-7.2300,NONE,5.8000,6.5000,5.0000,7.5000,5,5.0000,5.0000,False,7.4400,11.1600,1.5000,363.6667,12.8232,1.0390,0.4205,8.4150,-0.0090,0.0275,-0.0213,0.3333,0.0090,-0.5410,126.4790,1.0400,17593124864.0000,-621000000.0000,-28.3303,12240428032.0000,1.4710,6.4400,1.8400,1090445692.0000,2.8200,0.0000,2.4600,6.5200,1.4373,FCF/NI:-28.33|D/E:126|ROE:-0.9%,3,4.0100,False,3-7d,XLC,,GOOGL|META|NFLX,ad_spending_cycle|streaming_competition|regulation,69,2026-11-09,False,2026-08-04,0.1800,0.1800,-2.3000,ALCISTA FUERTE,10,767.0500,8.3600,45.9000,14.9200,"Filtros estándar (Score ≥6.5, DD ≥10%)"
