ticker,name,sector,industry,date_added,price,day_open,day_high,day_low,day_close,price_date,data_vintage,rsi_14,rsi_5d_ago,rsi_trend,macd_hist,macd_hist_prev,macd_hist_3d_ago,macd_improving,bb_pct_b,atr_14,atr_ratio_60d,atr_pct_price,sma_50,sma_200,ema_20,price_vs_50ma_pct,price_vs_200ma_pct,golden_cross,ma200_slope_20d,trend_bias,drawdown_60d,drawdown_60d_legacy_high,high_60d_close,high_60d,high_52w,low_52w,pct_from_52w_high,pct_from_52w_low,volume_ratio_20d,volume_decreasing,volume_decreasing_legacy,support_1_price,support_1_strength,resistance_1_price,near_support,dist_support_pct,candle_pattern,tech_score,tech_trend,tech_momentum,tech_volume,tech_support,tech_volatility,tech_candle,setup_hot,setup_hot_legacy,sidi_pass_dd12,sidi_pass_rsi40,sidi_pass_macd,sidi_pass_volume,stop_loss_atr_pct,target_atr_pct,risk_reward,sidi_strategy_version,spy_return_20d,abnormal_return_20d,abnormal_beta_spy,abnormal_beta_sector,abnormal_aligned_obs,abnormal_sector_etf,sidi_context_ready,pe,forward_pe,pb,ps,ev_ebitda,roe,roa,profit_margin,gross_margin,revenue_growth,eps_growth,debt_equity,current_ratio,fcf,net_income,fcf_ni_ratio,market_cap,beta,short_ratio,dividend_yield,shares_outstanding,fund_score,fund_growth,fund_solidity,fund_valuation,fcf_yield_calc,warnings,warning_count,combined_score,sidi_pass_fund65,sidi_pass_spy20,sidi_pass_abnormal20,sidi_pass_technical,full_setup,sidi_full_setup,sidi_gate_failures,legacy_full_setup,horizon,sector_etf,subsector,peer_group,critical_macro_variables,sidi_entry_rule,sidi_entry_reference_source,sidi_actual_fill_required,sidi_tp1_atr_mult,sidi_tp2_atr_mult,sidi_tp_atr_mult,sidi_sl_pct,sidi_time_stop_sessions,sidi_risk_pct,sidi_max_positions,sidi_partial_exit_rule,sidi_after_tp1_stop_rule,sidi_gap_stop_rule,sidi_intraday_conflict_rule,sidi_validation_cost_bps_rt,sidi_entry_status,sidi_atr14_signal,sidi_tp1_offset_abs,sidi_tp2_offset_abs,sidi_tp1_indicative_from_close,sidi_tp2_indicative_from_close,sidi_sl_indicative_from_close,sidi_plan_note,earnings_days_next,earnings_date,earnings_warning,latest_earnings_date,eps_actual,eps_estimate,eps_surprise_pct,market_regime,market_regime_score,spy_price,spy_vs200,spy_rsi,vix,market_filter_rec,market_sidi_strategy_version,market_spy20_gate
CF,CF Industries,Materials,Fertilizers & Agricultural Chemicals,2008-08-27,115.0100,113.8400,116.1600,112.9200,115.0100,2026-10-02,2026-10-05,24.3300,26.9700,DOWN,-1.6888,-1.9590,-2.3500,True,0.2029,4.2536,0.8800,3.6980,124.2300,111.7200,121.8600,-7.4300,2.9500,True,4.4816,NEUTRO,-17.4200,-18.8100,139.2700,141.6600,141.6600,74.3300,-18.8100,54.7300,0.7320,True,True,111.4900,2,129.3100,True,-3.0600,HAMMER|DOJI,7.6200,8.5000,8.5000,7.5000,7,6.5000,7.0000,True,True,True,True,True,True,7.4000,11.1000,1.5000,SIDI_INTRADAY_V2,0.6186,-21.8992,-1.7556,0.3389,294,XLB,True,8.7277,10.6570,3.1028,2.3007,5.6060,0.2987,0.1293,0.2712,0.4249,0.1760,0.9960,40.5040,4.8600,1276749952.0000,2099000064.0000,0.6083,17804931072,0.5270,3.6400,2.0900,151338130,8.8400,9.6300,7.9900,8.9300,0.0717,FCF/NI:0.61,1,8.3500,True,True,True,True,True,True,OK,True,SIDI_INTRADAY_V2: max 7 sesiones,XLB,,LIN|APD|ECL,commodity_prices|dxy|china_demand|energy_costs,POST_ANALYSIS_ACTUAL_FILL,LIVE_QUOTE_AT_ANALYSIS,True,1.0000,1.5000,1.0000,-5.0000,7,1.5000,3,SELL_50_PCT_AT_TP1_REST_AT_TP2,MOVE_REMAINDER_TO_BREAK_EVEN,EXIT_AT_OPEN_IF_OPEN_BELOW_SL,SL_FIRST,10,PENDING_ANALYSIS,4.2536,4.2536,6.3804,119.2636,121.3904,109.2595,Indicative levels use the signal close only. Final SL/TP1/TP2 and sizing must be recalculated from the actual post-analysis broker fill.,30,2026-11-04,False,2026-08-05,4.7300,5.5700,-15.1000,ALCISTA FUERTE,10,769.6400,7.3400,59.8000,15.3100,SIDI_INTRADAY_V2: Fund≥6.5 · DD60≥12% · RSI<40 · MACD↑ · Vol↓ · SPY20≤+1% · Abnormal20≤-10%,SIDI_INTRADAY_V2,True
JBHT,J.B. Hunt,Industrials,Cargo Ground Transportation,2015-07-01,234.2000,230.8400,234.6300,229.2800,234.2000,2026-10-02,2026-10-05,22.8800,16.0600,UP,-0.6287,-1.6011,-2.4162,True,0.3570,8.1900,0.9550,3.4970,260.6200,242.8300,241.2400,-10.1400,-3.5500,True,2.8317,BAJISTA,-21.3900,-21.7400,297.9100,299.2600,299.2600,131.0800,-21.7400,78.6700,0.8120,True,True,236.8700,1,276.5400,True,1.1400,NONE,7.2500,7.0000,9.5000,7.5000,8,5.0000,5.0000,True,True,True,True,True,True,6.9900,10.4900,1.5000,SIDI_INTRADAY_V2,0.6186,-14.4583,0.2323,0.4880,294,XLI,True,32.5818,22.9326,5.8820,1.6934,13.9750,0.1845,0.0738,0.0531,0.1850,0.1940,0.4580,38.3730,1.2550,903028352.0000,674505024.0000,1.3388,21507794944,1.3110,2.6000,0.7700,93900000,7.3400,10.0000,6.0600,5.7400,0.0420,OK,0,7.3000,True,True,True,True,True,True,OK,True,SIDI_INTRADAY_V2: max 7 sesiones,XLI,,CAT|UNP|HON,pmi_manufacturing|supply_chain|capex_cycle,POST_ANALYSIS_ACTUAL_FILL,LIVE_QUOTE_AT_ANALYSIS,True,1.0000,1.5000,1.0000,-5.0000,7,1.5000,3,SELL_50_PCT_AT_TP1_REST_AT_TP2,MOVE_REMAINDER_TO_BREAK_EVEN,EXIT_AT_OPEN_IF_OPEN_BELOW_SL,SL_FIRST,10,PENDING_ANALYSIS,8.1900,8.1900,12.2850,242.3900,246.4850,222.4900,Indicative levels use the signal close only. Final SL/TP1/TP2 and sizing must be recalculated from the actual post-analysis broker fill.,10,2026-10-15,False,2026-07-15,1.9100,1.7400,9.6000,ALCISTA FUERTE,10,769.6400,7.3400,59.8000,15.3100,SIDI_INTRADAY_V2: Fund≥6.5 · DD60≥12% · RSI<40 · MACD↑ · Vol↓ · SPY20≤+1% · Abnormal20≤-10%,SIDI_INTRADAY_V2,True
OMC,Omnicom Group,Communication Services,Advertising,1997-12-31,74.1500,74.9300,75.1100,73.6600,74.1500,2026-10-02,2026-10-05,23.3500,31.4600,DOWN,-0.1625,-0.2293,-0.3614,True,0.2101,1.8013,0.7090,2.4290,81.1700,76.8400,77.0000,-8.6500,-3.5000,True,0.7676,BAJISTA,-15.7700,-16.3600,88.0300,88.6600,88.6600,64.3200,-16.3600,15.2900,0.5940,True,True,71.7800,1,76.0700,True,-3.2000,NONE,7.5800,7.0000,8.5000,7.5000,8,8.5000,5.0000,True,True,True,True,True,True,4.8600,7.2900,1.5000,SIDI_INTRADAY_V2,0.6186,-12.6421,-0.1691,0.8281,294,XLC,True,197.8816,6.4507,2.1351,0.9580,7.9820,0.0605,0.0509,0.0174,0.1896,0.6340,0.5880,107.7440,0.9240,4260624896.0000,390200000.0000,10.9191,21431042048,0.7030,11.1300,4.3200,285006196,6.8800,10.0000,4.5800,5.9400,0.1988,D/E:108,1,7.1600,True,True,True,True,True,True,OK,False,SIDI_INTRADAY_V2: max 7 sesiones,XLC,,GOOGL|META|NFLX,ad_spending_cycle|streaming_competition|regulation,POST_ANALYSIS_ACTUAL_FILL,LIVE_QUOTE_AT_ANALYSIS,True,1.0000,1.5000,1.0000,-5.0000,7,1.5000,3,SELL_50_PCT_AT_TP1_REST_AT_TP2,MOVE_REMAINDER_TO_BREAK_EVEN,EXIT_AT_OPEN_IF_OPEN_BELOW_SL,SL_FIRST,10,PENDING_ANALYSIS,1.8013,1.8013,2.7020,75.9513,76.8520,70.4425,Indicative levels use the signal close only. Final SL/TP1/TP2 and sizing must be recalculated from the actual post-analysis broker fill.,15,2026-10-20,False,2026-07-28,2.6500,2.6600,-39.0000,ALCISTA FUERTE,10,769.6400,7.3400,59.8000,15.3100,SIDI_INTRADAY_V2: Fund≥6.5 · DD60≥12% · RSI<40 · MACD↑ · Vol↓ · SPY20≤+1% · Abnormal20≤-10%,SIDI_INTRADAY_V2,True
ABNB,Airbnb,Consumer Discretionary,"Hotels, Resorts & Cruise Lines",2023-09-18,162.4300,164.1320,164.9100,161.2900,162.4300,2026-10-02,2026-10-05,39.4300,24.5500,UP,-0.2509,-0.7511,-1.8685,True,0.4397,5.3439,1.0230,3.2900,169.6800,143.4900,164.0000,-4.2700,13.2000,True,3.1655,NEUTRO,-14.7300,-16.0400,190.5000,193.4500,193.4500,110.8100,-16.0400,46.5800,0.6860,True,True,141.2400,1,187.1200,False,-13.0500,HAMMER,6.9500,8.5000,8.5000,7.5000,4,5.0000,7.0000,True,True,True,True,True,True,6.5800,9.8700,1.5000,SIDI_INTRADAY_V2,0.6186,-13.1488,-0.3228,1.1327,294,XLY,True,37.3052,26.4489,12.3890,7.4522,31.2180,0.3454,0.0614,0.2045,0.8290,0.1650,0.3340,32.0040,1.4080,3206874880.0000,2691000064.0000,1.1917,98063130624,1.2440,3.2400,0.0000,419529556,7.2300,10.0000,6.9500,4.3200,0.0327,OK,0,7.1200,True,True,True,True,True,True,OK,True,SIDI_INTRADAY_V2: max 7 sesiones,XLY,,AMZN|TSLA|HD,consumer_spending|employment_data|interest_rates,POST_ANALYSIS_ACTUAL_FILL,LIVE_QUOTE_AT_ANALYSIS,True,1.0000,1.5000,1.0000,-5.0000,7,1.5000,3,SELL_50_PCT_AT_TP1_REST_AT_TP2,MOVE_REMAINDER_TO_BREAK_EVEN,EXIT_AT_OPEN_IF_OPEN_BELOW_SL,SL_FIRST,10,PENDING_ANALYSIS,5.3439,5.3439,8.0159,167.7739,170.4459,154.3085,Indicative levels use the signal close only. Final SL/TP1/TP2 and sizing must be recalculated from the actual post-analysis broker fill.,31,2026-11-05,False,2026-08-06,1.3700,1.2500,9.5000,ALCISTA FUERTE,10,769.6400,7.3400,59.8000,15.3100,SIDI_INTRADAY_V2: Fund≥6.5 · DD60≥12% · RSI<40 · MACD↑ · Vol↓ · SPY20≤+1% · Abnormal20≤-10%,SIDI_INTRADAY_V2,True
LYB,LyondellBasell,Materials,Specialty Chemicals,2012-09-05,58.5800,57.1600,58.8700,57.1100,58.5800,2026-10-02,2026-10-05,34.9900,31.7800,UP,-0.4733,-0.6109,-0.7060,True,0.2524,1.8321,0.8630,3.1280,62.0500,60.9800,60.5300,-5.5900,-3.9400,True,3.1227,BAJISTA,-13.0900,-14.3900,67.4000,68.4200,82.2200,39.1200,-28.7500,49.7600,0.9400,True,True,57.2600,2,64.3200,True,-2.2600,NONE,7.2800,7.0000,8.5000,7.5000,8,6.5000,5.0000,True,True,True,True,True,True,6.2600,9.3800,1.5000,SIDI_INTRADAY_V2,0.6186,-11.9204,-1.2526,0.0743,294,XLB,True,,9.4828,1.7850,0.6107,8.6120,-0.0227,0.0411,-0.0113,0.1289,0.1980,3.9600,132.7590,1.6410,1228000000.0000,-265000000.0000,-4.6340,19049547776,0.3460,3.8100,4.7100,323037952,6.5600,10.0000,2.5500,7.2300,0.0645,FCF/NI:-4.63|D/E:133|ROE:-2.3%,3,6.8500,True,True,True,True,True,True,OK,True,SIDI_INTRADAY_V2: max 7 sesiones,XLB,,LIN|APD|ECL,commodity_prices|dxy|china_demand|energy_costs,POST_ANALYSIS_ACTUAL_FILL,LIVE_QUOTE_AT_ANALYSIS,True,1.0000,1.5000,1.0000,-5.0000,7,1.5000,3,SELL_50_PCT_AT_TP1_REST_AT_TP2,MOVE_REMAINDER_TO_BREAK_EVEN,EXIT_AT_OPEN_IF_OPEN_BELOW_SL,SL_FIRST,10,PENDING_ANALYSIS,1.8321,1.8321,2.7481,60.4121,61.3282,55.6510,Indicative levels use the signal close only. Final SL/TP1/TP2 and sizing must be recalculated from the actual post-analysis broker fill.,25,2026-10-30,False,2026-07-31,4.3000,3.4200,25.6000,ALCISTA FUERTE,10,769.6400,7.3400,59.8000,15.3100,SIDI_INTRADAY_V2: Fund≥6.5 · DD60≥12% · RSI<40 · MACD↑ · Vol↓ · SPY20≤+1% · Abnormal20≤-10%,SIDI_INTRADAY_V2,True
CHTR,Charter Communications,Communication Services,Cable & Satellite,2016-09-08,109.2900,111.2600,112.8300,108.3000,109.2900,2026-10-02,2026-10-05,4.3900,19.8100,DOWN,-1.6263,-1.9516,-2.7827,True,0.1932,5.1607,0.7110,4.7220,140.2600,174.8900,124.0300,-22.0800,-37.5100,False,-4.1247,BAJISTA,-31.2500,-31.9900,158.9700,160.7000,284.6000,108.3000,-61.6000,0.9100,0.7750,True,True,,0,147.8500,False,,HAMMER|DOJI,6.7700,5.0000,8.5000,7.5000,4,8.5000,7.0000,True,True,True,True,True,True,9.4400,14.1700,1.5000,SIDI_INTRADAY_V2,0.6186,-26.2513,-1.3168,2.0108,294,XLC,True,2.7998,2.2861,0.7567,0.2569,5.2340,0.2720,0.0531,0.0905,0.5519,-0.0170,0.1610,441.5780,0.3610,2198374912.0000,4924000256.0000,0.4465,13975640064,0.6930,5.1600,0.0000,114457596,6.5000,5.0000,5.0600,9.9400,0.1573,FCF/NI:0.45|D/E:442,2,6.6100,True,True,True,True,True,True,OK,False,SIDI_INTRADAY_V2: max 7 sesiones,XLC,,GOOGL|META|NFLX,ad_spending_cycle|streaming_competition|regulation,POST_ANALYSIS_ACTUAL_FILL,LIVE_QUOTE_AT_ANALYSIS,True,1.0000,1.5000,1.0000,-5.0000,7,1.5000,3,SELL_50_PCT_AT_TP1_REST_AT_TP2,MOVE_REMAINDER_TO_BREAK_EVEN,EXIT_AT_OPEN_IF_OPEN_BELOW_SL,SL_FIRST,10,PENDING_ANALYSIS,5.1607,5.1607,7.7411,114.4507,117.0311,103.8255,Indicative levels use the signal close only. Final SL/TP1/TP2 and sizing must be recalculated from the actual post-analysis broker fill.,25,2026-10-30,False,2026-07-24,10.6600,10.0600,5.9000,ALCISTA FUERTE,10,769.6400,7.3400,59.8000,15.3100,SIDI_INTRADAY_V2: Fund≥6.5 · DD60≥12% · RSI<40 · MACD↑ · Vol↓ · SPY20≤+1% · Abnormal20≤-10%,SIDI_INTRADAY_V2,True
ALB,Albemarle Corporation,Materials,Specialty Chemicals,2016-07-01,104.5900,105.3500,106.2900,103.1900,104.5900,2026-10-02,2026-10-05,35.8200,33.4000,UP,-0.6221,-0.7231,-0.8432,True,0.1818,4.2400,0.7960,4.0540,122.5500,154.4700,113.5200,-14.6500,-32.2900,False,-0.6742,BAJISTA,-26.7400,-27.1500,142.7700,143.5800,219.7000,83.7600,-52.3900,24.8700,0.7670,True,True,,0,117.5900,False,,NONE,6.5700,5.0000,8.5000,7.5000,4,8.5000,5.0000,True,True,True,True,True,True,8.1100,12.1600,1.5000,SIDI_INTRADAY_V2,0.6186,-10.7982,0.2663,1.0648,294,XLB,True,386.2963,9.2346,1.5307,2.0833,10.2550,0.0265,0.0316,0.0379,0.2396,0.3110,,18.9760,2.0860,1334340224.0000,57427000.0000,23.2354,12307928064,1.3590,5.0000,1.5700,118005057,6.5800,7.5000,5.9800,6.2200,0.1084,OK,0,6.5800,True,True,True,True,True,True,OK,True,SIDI_INTRADAY_V2: max 7 sesiones,XLB,,LIN|APD|ECL,commodity_prices|dxy|china_demand|energy_costs,POST_ANALYSIS_ACTUAL_FILL,LIVE_QUOTE_AT_ANALYSIS,True,1.0000,1.5000,1.0000,-5.0000,7,1.5000,3,SELL_50_PCT_AT_TP1_REST_AT_TP2,MOVE_REMAINDER_TO_BREAK_EVEN,EXIT_AT_OPEN_IF_OPEN_BELOW_SL,SL_FIRST,10,PENDING_ANALYSIS,4.2400,4.2400,6.3600,108.8300,110.9500,99.3605,Indicative levels use the signal close only. Final SL/TP1/TP2 and sizing must be recalculated from the actual post-analysis broker fill.,30,2026-11-04,False,2026-08-05,3.7500,3.2400,15.7000,ALCISTA FUERTE,10,769.6400,7.3400,59.8000,15.3100,SIDI_INTRADAY_V2: Fund≥6.5 · DD60≥12% · RSI<40 · MACD↑ · Vol↓ · SPY20≤+1% · Abnormal20≤-10%,SIDI_INTRADAY_V2,True
CINF,Cincinnati Financial,Financials,Property & Casualty Insurance,1997-12-18,161.9500,161.8900,162.7400,160.9500,161.9500,2026-10-02,2026-10-05,19.8300,22.3700,DOWN,-0.3446,-0.5006,-0.6323,True,0.2405,2.4701,0.6710,1.5250,170.4200,165.6500,165.0800,-4.9700,-2.2300,True,0.3090,BAJISTA,-11.5900,-12.5900,183.1900,185.2700,193.7100,146.7000,-16.3900,10.4000,0.7940,False,False,157.0400,1,185.2700,True,-3.0300,HAMMER|DOJI,7.2800,7.0000,8.5000,5.0000,8,8.5000,7.0000,False,False,False,True,True,False,3.0500,4.5800,1.5000,SIDI_INTRADAY_V2,0.6186,0.9919,-0.5253,0.9210,294,XLF,True,7.6865,17.9698,1.4980,1.7906,5.4620,0.2148,0.0641,0.2384,0.3107,0.3160,0.8550,5.2550,1.1510,2984875008.0000,3327000064.0000,0.8972,24986226688,0.5280,8.3300,2.3200,153478045,8.6100,10.0000,7.5000,8.2900,0.1195,OK,0,8.0800,True,True,False,False,False,False,DD12|VOLUME|ABNORMAL20,False,5-10d,XLF,,JPM|BAC|WFC,interest_rates|yield_curve|credit_spreads|loan_growth,POST_ANALYSIS_ACTUAL_FILL,LIVE_QUOTE_AT_ANALYSIS,True,1.0000,1.5000,1.0000,-5.0000,7,1.5000,3,SELL_50_PCT_AT_TP1_REST_AT_TP2,MOVE_REMAINDER_TO_BREAK_EVEN,EXIT_AT_OPEN_IF_OPEN_BELOW_SL,SL_FIRST,10,PENDING_ANALYSIS,2.4701,2.4701,3.7051,164.4201,165.6551,153.8525,Indicative levels use the signal close only. Final SL/TP1/TP2 and sizing must be recalculated from the actual post-analysis broker fill.,21,2026-10-26,False,2026-07-27,1.4300,1.8200,-21.3000,ALCISTA FUERTE,10,769.6400,7.3400,59.8000,15.3100,SIDI_INTRADAY_V2: Fund≥6.5 · DD60≥12% · RSI<40 · MACD↑ · Vol↓ · SPY20≤+1% · Abnormal20≤-10%,SIDI_INTRADAY_V2,True
INCY,Incyte,Health Care,Biotechnology,2017-02-28,115.3000,116.7600,117.1900,114.5700,115.3000,2026-10-02,2026-10-05,36.2600,44.0000,DOWN,-1.1056,-0.8133,-0.3158,False,-0.1692,3.3050,0.9280,2.8660,123.6300,106.8600,122.7900,-6.7300,7.9000,True,2.1492,NEUTRO,-11.2600,-13.0500,129.9300,132.6000,132.6000,82.8200,-13.0500,39.2200,1.3390,False,False,115.7700,1,120.0400,True,0.4100,NONE,6.7500,8.5000,6.5000,5.0000,7,8.0000,5.0000,False,False,False,True,False,False,5.7300,8.6000,1.5000,SIDI_INTRADAY_V2,0.6186,-9.4959,0.0005,1.0193,294,XLV,True,14.4936,13.0060,3.6041,3.9629,9.7170,0.3067,0.1683,0.2771,0.5566,0.3770,0.3770,0.6030,4.5930,1180664576.0000,1612382976.0000,0.7322,23061936128,0.7390,7.6200,0.0000,202697746,8.8800,10.0000,8.7500,7.7200,0.0512,FCF/NI:0.73,1,8.0300,True,True,False,False,False,False,DD12|MACD|VOLUME|ABNORMAL20,False,7-15d,XLV,,UNH|JNJ|LLY,fda_calendar|drug_pricing_policy|patent_cliffs,POST_ANALYSIS_ACTUAL_FILL,LIVE_QUOTE_AT_ANALYSIS,True,1.0000,1.5000,1.0000,-5.0000,7,1.5000,3,SELL_50_PCT_AT_TP1_REST_AT_TP2,MOVE_REMAINDER_TO_BREAK_EVEN,EXIT_AT_OPEN_IF_OPEN_BELOW_SL,SL_FIRST,10,PENDING_ANALYSIS,3.3050,3.3050,4.9575,118.6050,120.2575,109.5350,Indicative levels use the signal close only. Final SL/TP1/TP2 and sizing must be recalculated from the actual post-analysis broker fill.,22,2026-10-27,False,2026-07-28,3.0900,2.1500,44.0000,ALCISTA FUERTE,10,769.6400,7.3400,59.8000,15.3100,SIDI_INTRADAY_V2: Fund≥6.5 · DD60≥12% · RSI<40 · MACD↑ · Vol↓ · SPY20≤+1% · Abnormal20≤-10%,SIDI_INTRADAY_V2,True
GEV,GE Vernova,Industrials,Heavy Electrical Equipment,2024-04-02,988.7000,1004.0000,1006.0000,960.5300,988.7000,2026-10-02,2026-10-05,87.0000,52.8400,UP,8.1623,7.4282,6.7607,True,0.8872,32.4273,0.6620,3.2800,965.0400,917.0600,954.3800,2.4500,7.8100,True,3.7703,ALCISTA,-9.4200,-13.3500,1091.5700,1140.9900,1195.9399,529.1800,-17.3300,86.8400,1.0080,True,True,921.5300,1,978.1100,False,-6.7900,BULL_ENGULF,7.3000,10.0000,7.0000,7.5000,4,7.0000,7.5000,False,False,False,False,True,True,6.5600,9.8400,1.5000,SIDI_INTRADAY_V2,0.6186,8.7460,0.6299,1.4184,294,XLI,True,28.4404,39.4045,22.0960,6.3868,65.0580,0.8258,0.0254,0.2303,0.2057,0.2190,0.3280,28.3640,0.8500,15722125312.0000,9528999936.0000,1.6499,264202911744,0.9670,4.2000,0.2000,266333581,8.4800,10.0000,8.5700,6.5900,0.0595,OK,0,8.0100,True,True,False,False,False,False,DD12|RSI40|ABNORMAL20,False,10-18d,XLI,,CAT|UNP|HON,pmi_manufacturing|supply_chain|capex_cycle,POST_ANALYSIS_ACTUAL_FILL,LIVE_QUOTE_AT_ANALYSIS,True,1.0000,1.5000,1.0000,-5.0000,7,1.5000,3,SELL_50_PCT_AT_TP1_REST_AT_TP2,MOVE_REMAINDER_TO_BREAK_EVEN,EXIT_AT_OPEN_IF_OPEN_BELOW_SL,SL_FIRST,10,PENDING_ANALYSIS,32.4273,32.4273,48.6410,1021.1273,1037.3410,939.2650,Indicative levels use the signal close only. Final SL/TP1/TP2 and sizing must be recalculated from the actual post-analysis broker fill.,23,2026-10-28,False,2026-07-22,2.4700,3.1800,-22.4000,ALCISTA FUERTE,10,769.6400,7.3400,59.8000,15.3100,SIDI_INTRADAY_V2: Fund≥6.5 · DD60≥12% · RSI<40 · MACD↑ · Vol↓ · SPY20≤+1% · Abnormal20≤-10%,SIDI_INTRADAY_V2,True
ALL,Allstate,Financials,Property & Casualty Insurance,1995-07-13,223.7400,223.7100,224.8000,221.8400,223.7400,2026-10-02,2026-10-05,10.2700,17.6900,DOWN,-1.9082,-2.3209,-2.8811,True,0.2024,5.5050,0.8980,2.4600,253.0900,223.0500,237.2800,-11.6000,0.3100,True,1.6333,NEUTRO,-18.3300,-18.9600,273.9700,276.0700,276.0700,184.5100,-18.9600,21.2600,0.7500,False,False,218.7700,2,224.9100,True,-2.2200,HAMMER|DOJI,7.1200,8.5000,8.5000,5.0000,7,6.5000,7.0000,False,False,True,True,True,False,4.9200,7.3800,1.5000,SIDI_INTRADAY_V2,0.6186,-11.4176,-0.9746,0.9965,294,XLF,True,4.4739,8.0487,1.7918,0.8061,3.5250,0.4611,0.0868,0.1897,0.3680,0.1180,0.6120,22.2610,0.3630,15158625280.0000,13189000192.0000,1.1493,56540299264,0.1380,4.0000,1.9300,252857950,8.3300,7.5500,8.4400,9.1100,0.2681,OK,0,7.8500,True,True,True,False,False,False,VOLUME,False,5-10d,XLF,,JPM|BAC|WFC,interest_rates|yield_curve|credit_spreads|loan_growth,POST_ANALYSIS_ACTUAL_FILL,LIVE_QUOTE_AT_ANALYSIS,True,1.0000,1.5000,1.0000,-5.0000,7,1.5000,3,SELL_50_PCT_AT_TP1_REST_AT_TP2,MOVE_REMAINDER_TO_BREAK_EVEN,EXIT_AT_OPEN_IF_OPEN_BELOW_SL,SL_FIRST,10,PENDING_ANALYSIS,5.5050,5.5050,8.2575,229.2450,231.9975,212.5530,Indicative levels use the signal close only. Final SL/TP1/TP2 and sizing must be recalculated from the actual post-analysis broker fill.,30,2026-11-04,False,2026-08-05,8.9900,6.0700,48.0000,ALCISTA FUERTE,10,769.6400,7.3400,59.8000,15.3100,SIDI_INTRADAY_V2: Fund≥6.5 · DD60≥12% · RSI<40 · MACD↑ · Vol↓ · SPY20≤+1% · Abnormal20≤-10%,SIDI_INTRADAY_V2,True
MU,Micron Technology,Information Technology,Semiconductors,1994-09-27,1074.8900,1107.3500,1108.0000,1072.0100,1074.8900,2026-10-02,2026-10-05,74.8800,59.2100,UP,4.0573,5.8018,7.0985,False,0.7167,42.2507,0.6660,3.9310,956.0500,681.5000,1032.1000,12.4300,57.7200,True,13.1179,ALCISTA,-2.0500,-3.0500,1097.3900,1108.7200,1254.8101,179.4300,-14.3400,499.0400,1.0330,True,True,990.9500,1,1089.1200,False,-7.8100,BULL_ENGULF,7.1000,10.0000,6.0000,7.5000,4,7.0000,7.5000,False,False,False,False,False,True,7.8600,11.7900,1.5000,SIDI_INTRADAY_V2,0.6186,-19.1182,-2.7554,3.4474,294,XLK,True,14.3244,5.1697,11.9344,9.0296,10.8080,0.8826,0.4456,0.6380,0.8072,3.7930,10.6050,3.7430,3.3140,29214251008.0000,84968996864.0000,0.3438,1202498699264,2.2260,1.0700,0.0600,1129393151,8.2200,10.0000,8.1300,6.2600,0.0243,FCF/NI:0.34,1,7.7700,True,True,True,False,False,False,DD12|RSI40|MACD,False,10-18d,XLK,,AAPL|MSFT|NVDA,interest_rates|ai_capex_cycle|semiconductor_cycle,POST_ANALYSIS_ACTUAL_FILL,LIVE_QUOTE_AT_ANALYSIS,True,1.0000,1.5000,1.0000,-5.0000,7,1.5000,3,SELL_50_PCT_AT_TP1_REST_AT_TP2,MOVE_REMAINDER_TO_BREAK_EVEN,EXIT_AT_OPEN_IF_OPEN_BELOW_SL,SL_FIRST,10,PENDING_ANALYSIS,42.2507,42.2507,63.3761,1117.1407,1138.2661,1021.1455,Indicative levels use the signal close only. Final SL/TP1/TP2 and sizing must be recalculated from the actual post-analysis broker fill.,79,2026-12-23,False,2026-09-30,33.4200,31.8200,5.0000,ALCISTA FUERTE,10,769.6400,7.3400,59.8000,15.3100,SIDI_INTRADAY_V2: Fund≥6.5 · DD60≥12% · RSI<40 · MACD↑ · Vol↓ · SPY20≤+1% · Abnormal20≤-10%,SIDI_INTRADAY_V2,True
FIX,Comfort Systems USA,Industrials,Construction & Engineering,2025-12-22,1728.0100,1714.0500,1750.3900,1706.4399,1728.0100,2026-10-02,2026-10-05,77.9600,55.1500,UP,13.7523,11.0013,11.2164,True,1.0613,62.1307,0.6790,3.5960,1656.6300,1554.8400,1648.3400,4.3100,11.1400,True,4.5496,ALCISTA,-8.1400,-8.2700,1881.1800,1883.7000,2072.1001,768.9000,-16.6100,124.7400,0.8840,True,True,1751.9000,2,1699.8400,True,1.3800,NONE,7.5000,10.0000,7.0000,7.5000,7,7.0000,5.0000,False,False,False,False,True,True,7.1900,10.7900,1.5000,SIDI_INTRADAY_V2,0.6186,14.2401,0.7375,1.7660,294,XLI,True,42.3401,28.5933,18.7952,5.3935,29.5500,0.5529,0.1704,0.1278,0.2566,0.5030,0.9190,11.4980,1.2140,1841915392.0000,1434401024.0000,1.2841,60558876672,1.6590,2.3800,0.2100,35194329,7.8400,10.0000,8.7500,4.2700,0.0304,OK,0,7.7000,True,True,False,False,False,False,DD12|RSI40|ABNORMAL20,False,10-18d,XLI,,CAT|UNP|HON,pmi_manufacturing|supply_chain|capex_cycle,POST_ANALYSIS_ACTUAL_FILL,LIVE_QUOTE_AT_ANALYSIS,True,1.0000,1.5000,1.0000,-5.0000,7,1.5000,3,SELL_50_PCT_AT_TP1_REST_AT_TP2,MOVE_REMAINDER_TO_BREAK_EVEN,EXIT_AT_OPEN_IF_OPEN_BELOW_SL,SL_FIRST,10,PENDING_ANALYSIS,62.1307,62.1307,93.1960,1790.1407,1821.2061,1641.6095,Indicative levels use the signal close only. Final SL/TP1/TP2 and sizing must be recalculated from the actual post-analysis broker fill.,17,2026-10-22,False,2026-07-23,12.5300,10.4600,19.9000,ALCISTA FUERTE,10,769.6400,7.3400,59.8000,15.3100,SIDI_INTRADAY_V2: Fund≥6.5 · DD60≥12% · RSI<40 · MACD↑ · Vol↓ · SPY20≤+1% · Abnormal20≤-10%,SIDI_INTRADAY_V2,True
EXPE,Expedia Group,Consumer Discretionary,"Hotels, Resorts & Cruise Lines",2007-10-02,265.0000,265.4400,269.0500,261.2700,265.0000,2026-10-02,2026-10-05,29.5500,30.8500,DOWN,-0.8447,-1.3705,-2.0879,True,0.2794,11.0450,0.9070,4.1680,297.8100,259.3200,276.5600,-11.0200,2.1900,True,0.7008,NEUTRO,-21.7500,-22.4000,338.6400,341.5100,341.5100,184.2800,-22.4000,43.8000,0.5810,False,False,261.4300,1,277.0900,True,-1.3500,HAMMER|DOJI,7.1200,8.5000,8.5000,5.0000,7,6.5000,7.0000,False,False,True,True,True,False,8.3400,12.5000,1.5000,SIDI_INTRADAY_V2,0.6186,-11.9197,-1.1133,1.4785,294,XLY,True,16.4428,10.7398,26.1290,2.0124,10.9450,0.8949,0.0611,0.1297,0.9043,0.1400,1.8870,230.2710,0.8010,3434374912.0000,2036000000.0000,1.6868,31595091968,1.3620,3.7800,0.7200,114495891,7.9900,10.0000,7.0200,6.7800,0.1087,D/E:230,1,7.6400,True,True,True,False,False,False,VOLUME,False,5-10d,XLY,,AMZN|TSLA|HD,consumer_spending|employment_data|interest_rates,POST_ANALYSIS_ACTUAL_FILL,LIVE_QUOTE_AT_ANALYSIS,True,1.0000,1.5000,1.0000,-5.0000,7,1.5000,3,SELL_50_PCT_AT_TP1_REST_AT_TP2,MOVE_REMAINDER_TO_BREAK_EVEN,EXIT_AT_OPEN_IF_OPEN_BELOW_SL,SL_FIRST,10,PENDING_ANALYSIS,11.0450,11.0450,16.5675,276.0450,281.5675,251.7500,Indicative levels use the signal close only. Final SL/TP1/TP2 and sizing must be recalculated from the actual post-analysis broker fill.,31,2026-11-05,False,2026-08-05,5.7600,5.2500,9.7000,ALCISTA FUERTE,10,769.6400,7.3400,59.8000,15.3100,SIDI_INTRADAY_V2: Fund≥6.5 · DD60≥12% · RSI<40 · MACD↑ · Vol↓ · SPY20≤+1% · Abnormal20≤-10%,SIDI_INTRADAY_V2,True
EXPD,Expeditors International,Industrials,Air Freight & Logistics,2007-10-10,192.4700,190.4700,193.3200,190.0100,192.4700,2026-10-02,2026-10-05,48.3500,47.9100,UP,-0.3181,-0.7377,-0.7379,True,0.8009,4.1550,1.0390,2.1590,184.8800,162.2800,188.3200,4.1100,18.6000,True,2.7492,ALCISTA,-0.7400,-1.0900,193.9000,194.5900,194.5900,111.7800,-1.0900,72.1800,1.4450,False,False,183.7200,3,191.1500,False,-4.5400,HAMMER|DOJI,7.1500,10.0000,7.0000,7.0000,6,5.0000,7.0000,False,False,False,False,True,False,4.3200,6.4800,1.5000,SIDI_INTRADAY_V2,0.6186,-0.7782,0.1736,0.1643,294,XLI,True,28.0262,24.0643,11.8159,2.0789,19.4330,0.4267,0.1523,0.0763,0.1355,0.3210,0.5150,26.7450,1.5660,797562240.0000,918798976.0000,0.8680,25028392960,1.0640,5.7700,0.8400,129990622,7.8600,10.0000,8.2900,4.8600,0.0319,OK,0,7.5800,True,True,False,False,False,False,DD12|RSI40|VOLUME|ABNORMAL20,False,10-18d,XLI,,CAT|UNP|HON,pmi_manufacturing|supply_chain|capex_cycle,POST_ANALYSIS_ACTUAL_FILL,LIVE_QUOTE_AT_ANALYSIS,True,1.0000,1.5000,1.0000,-5.0000,7,1.5000,3,SELL_50_PCT_AT_TP1_REST_AT_TP2,MOVE_REMAINDER_TO_BREAK_EVEN,EXIT_AT_OPEN_IF_OPEN_BELOW_SL,SL_FIRST,10,PENDING_ANALYSIS,4.1550,4.1550,6.2325,196.6250,198.7025,182.8465,Indicative levels use the signal close only. Final SL/TP1/TP2 and sizing must be recalculated from the actual post-analysis broker fill.,29,2026-11-03,False,2026-08-04,2.0300,1.6900,19.9000,ALCISTA FUERTE,10,769.6400,7.3400,59.8000,15.3100,SIDI_INTRADAY_V2: Fund≥6.5 · DD60≥12% · RSI<40 · MACD↑ · Vol↓ · SPY20≤+1% · Abnormal20≤-10%,SIDI_INTRADAY_V2,True
UBER,Uber,Industrials,Passenger Ground Transportation,2023-12-18,68.1100,68.2400,68.4700,67.2200,68.1100,2026-10-02,2026-10-05,24.4900,25.4400,DOWN,-0.2062,-0.2520,-0.2963,True,0.1861,1.4427,0.5930,2.1180,73.0300,74.7300,70.5400,-6.7400,-8.8600,False,-2.1860,BAJISTA,-15.2300,-17.3100,80.3500,82.3600,101.3000,65.4100,-32.7600,4.1300,0.8120,True,True,69.4600,3,76.3000,True,1.9800,HAMMER,7.5200,5.0000,8.5000,7.5000,9,8.5000,7.0000,True,True,True,True,True,True,4.2400,6.3500,1.5000,SIDI_INTRADAY_V2,0.6186,-9.6494,1.0605,-0.2471,294,XLI,True,15.2336,15.7118,5.1878,2.5692,20.0080,0.3716,0.0688,0.1734,0.4075,0.1220,0.8550,51.8720,0.8430,7244749824.0000,9578999808.0000,0.7563,141886439424,1.2650,2.6400,0.0000,2042560121,7.6100,8.3900,6.7700,7.6600,0.0511,OK,0,7.5700,True,True,False,True,False,False,ABNORMAL20,True,5-10d,XLI,,CAT|UNP|HON,pmi_manufacturing|supply_chain|capex_cycle,POST_ANALYSIS_ACTUAL_FILL,LIVE_QUOTE_AT_ANALYSIS,True,1.0000,1.5000,1.0000,-5.0000,7,1.5000,3,SELL_50_PCT_AT_TP1_REST_AT_TP2,MOVE_REMAINDER_TO_BREAK_EVEN,EXIT_AT_OPEN_IF_OPEN_BELOW_SL,SL_FIRST,10,PENDING_ANALYSIS,1.4427,1.4427,2.1641,69.5527,70.2741,64.7045,Indicative levels use the signal close only. Final SL/TP1/TP2 and sizing must be recalculated from the actual post-analysis broker fill.,29,2026-11-03,False,2026-08-05,1.1700,0.8300,40.2000,ALCISTA FUERTE,10,769.6400,7.3400,59.8000,15.3100,SIDI_INTRADAY_V2: Fund≥6.5 · DD60≥12% · RSI<40 · MACD↑ · Vol↓ · SPY20≤+1% · Abnormal20≤-10%,SIDI_INTRADAY_V2,True
RDDT,Reddit,Communication Services,Interactive Media & Services,2026-08-18,147.8600,149.7750,151.5000,144.8000,147.8600,2026-10-02,2026-10-05,35.6200,45.7000,DOWN,-0.4139,-0.5953,-0.7262,True,0.3054,6.9520,0.6810,4.7020,156.3200,168.5500,151.2700,-5.4100,-12.2800,False,-3.5254,BAJISTA,-27.2600,-28.9300,203.2700,208.0500,263.5000,119.2700,-43.8900,23.9700,0.6510,True,True,143.5400,3,162.0000,True,-2.9200,NONE,6.9000,5.0000,7.5000,7.5000,9,7.0000,5.0000,True,True,True,True,True,True,9.4000,14.1100,1.5000,SIDI_INTRADAY_V2,0.6186,-3.3032,1.0868,1.4119,294,XLC,True,34.9070,15.4942,8.7860,10.3924,32.0420,0.3071,0.1565,0.3135,0.9144,0.6110,1.7780,0.6350,10.4860,678068736.0000,871094976.0000,0.7784,28878716928,2.0530,3.1600,0.0000,146103200,7.9000,10.0000,9.5000,3.5800,0.0235,OK,0,7.5000,True,True,False,True,False,False,ABNORMAL20,False,3-7d,XLC,,GOOGL|META|NFLX,ad_spending_cycle|streaming_competition|regulation,POST_ANALYSIS_ACTUAL_FILL,LIVE_QUOTE_AT_ANALYSIS,True,1.0000,1.5000,1.0000,-5.0000,7,1.5000,3,SELL_50_PCT_AT_TP1_REST_AT_TP2,MOVE_REMAINDER_TO_BREAK_EVEN,EXIT_AT_OPEN_IF_OPEN_BELOW_SL,SL_FIRST,10,PENDING_ANALYSIS,6.9520,6.9520,10.4280,154.8120,158.2880,140.4670,Indicative levels use the signal close only. Final SL/TP1/TP2 and sizing must be recalculated from the actual post-analysis broker fill.,24,2026-10-29,False,2026-07-30,1.2500,0.9600,29.6000,ALCISTA FUERTE,10,769.6400,7.3400,59.8000,15.3100,SIDI_INTRADAY_V2: Fund≥6.5 · DD60≥12% · RSI<40 · MACD↑ · Vol↓ · SPY20≤+1% · Abnormal20≤-10%,SIDI_INTRADAY_V2,True
VLO,Valero Energy,Energy,Oil & Gas Refining & Marketing,2002-12-20,406.3000,403.7900,410.4100,389.6100,406.3000,2026-10-02,2026-10-05,60.9700,57.2600,UP,-1.1404,-1.8598,-3.3113,True,0.8118,18.0364,1.4830,4.4390,354.9700,258.8800,386.4000,14.4600,56.9400,True,9.2218,ALCISTA,-1.6900,-3.0400,413.2800,419.0400,419.0400,152.0700,-3.0400,167.1900,0.6510,True,True,364.9600,1,419.0400,False,-10.1700,BULL_ENGULF|HAMMER,7.2000,10.0000,7.0000,7.5000,4,5.0000,9.5000,False,False,False,False,True,True,8.8800,13.3200,1.5000,SIDI_INTRADAY_V2,0.6186,6.0783,-0.0246,1.1379,294,XLE,True,17.4450,10.4125,4.8198,0.9099,9.2480,0.2764,0.1056,0.0545,0.1612,0.5170,4.5350,40.1480,1.6360,8416374784.0000,7192999936.0000,1.1701,120499085312,0.5920,3.6900,1.1800,287927461,7.6600,8.8700,7.2200,6.7600,0.0698,OK,0,7.4800,True,True,False,False,False,False,DD12|RSI40|ABNORMAL20,False,10-18d,XLE,,XOM|CVX|COP,oil_price|gas_price|opec_supply|inventories,POST_ANALYSIS_ACTUAL_FILL,LIVE_QUOTE_AT_ANALYSIS,True,1.0000,1.5000,1.0000,-5.0000,7,1.5000,3,SELL_50_PCT_AT_TP1_REST_AT_TP2,MOVE_REMAINDER_TO_BREAK_EVEN,EXIT_AT_OPEN_IF_OPEN_BELOW_SL,SL_FIRST,10,PENDING_ANALYSIS,18.0364,18.0364,27.0546,424.3364,433.3546,385.9850,Indicative levels use the signal close only. Final SL/TP1/TP2 and sizing must be recalculated from the actual post-analysis broker fill.,17,2026-10-22,False,2026-07-30,12.5400,10.1300,23.8000,ALCISTA FUERTE,10,769.6400,7.3400,59.8000,15.3100,SIDI_INTRADAY_V2: Fund≥6.5 · DD60≥12% · RSI<40 · MACD↑ · Vol↓ · SPY20≤+1% · Abnormal20≤-10%,SIDI_INTRADAY_V2,True
WDC,Western Digital,Information Technology,"Technology Hardware, Storage & Peripherals",2009-07-01,415.2900,423.2000,427.7100,396.5700,415.2900,2026-10-02,2026-10-05,46.5100,47.0300,DOWN,0.6029,3.5795,3.5577,False,0.0907,26.0271,0.6590,6.2670,466.0600,399.8300,450.7800,-10.8900,3.8700,True,7.7500,NEUTRO,-28.6900,-29.5500,582.4000,589.4600,799.6100,112.3100,-48.0600,269.7700,3.1900,False,False,420.7100,3,478.6900,True,1.3000,HAMMER|DOJI|HAMMER,7.2500,8.5000,5.0000,5.0000,9,10.0000,7.0000,False,False,True,False,False,False,12.5300,18.8000,1.5000,SIDI_INTRADAY_V2,0.6186,-22.9342,-0.9849,2.3003,294,XLK,True,16.4093,13.9132,21.1206,12.3279,29.8560,1.3085,0.2076,0.7295,0.4885,0.4380,9.8410,13.4360,1.3290,2268750080.0000,9285999616.0000,0.2443,159264440320,2.1690,2.8600,0.1400,360540944,7.6100,10.0000,7.5400,4.9200,0.0142,FCF/NI:0.24,1,7.4700,True,True,True,False,False,False,RSI40|MACD|VOLUME,False,7-15d,XLK,,AAPL|MSFT|NVDA,interest_rates|ai_capex_cycle|semiconductor_cycle,POST_ANALYSIS_ACTUAL_FILL,LIVE_QUOTE_AT_ANALYSIS,True,1.0000,1.5000,1.0000,-5.0000,7,1.5000,3,SELL_50_PCT_AT_TP1_REST_AT_TP2,MOVE_REMAINDER_TO_BREAK_EVEN,EXIT_AT_OPEN_IF_OPEN_BELOW_SL,SL_FIRST,10,PENDING_ANALYSIS,26.0271,26.0271,39.0406,441.3171,454.3306,394.5255,Indicative levels use the signal close only. Final SL/TP1/TP2 and sizing must be recalculated from the actual post-analysis broker fill.,31,2026-11-05,False,2026-08-05,3.5600,3.3000,7.9000,ALCISTA FUERTE,10,769.6400,7.3400,59.8000,15.3100,SIDI_INTRADAY_V2: Fund≥6.5 · DD60≥12% · RSI<40 · MACD↑ · Vol↓ · SPY20≤+1% · Abnormal20≤-10%,SIDI_INTRADAY_V2,True
DXCM,Dexcom,Health Care,Health Care Equipment,2020-05-12,85.3600,86.6700,86.6700,84.8000,85.3600,2026-10-02,2026-10-05,53.5800,45.9700,UP,-0.3540,-0.3035,-0.2627,False,0.3345,2.0157,0.7570,2.3610,86.3800,73.0500,86.9300,-1.1800,16.8500,True,3.2486,NEUTRO,-7.5600,-7.8100,92.3400,92.5900,92.5900,54.1100,-7.8100,57.7500,0.5180,True,True,82.2900,1,90.3900,True,-3.6000,HAMMER|DOJI,7.2000,8.5000,6.0000,7.5000,7,7.0000,7.0000,False,False,False,False,False,True,4.7200,7.0800,1.5000,SIDI_INTRADAY_V2,0.6186,-5.6532,0.4614,0.6281,294,XLV,True,34.3552,27.7336,12.4640,6.5745,22.5650,0.3849,0.1033,0.2012,0.6247,0.1310,0.4360,53.3460,1.7330,1021162496.0000,999699968.0000,1.0215,32670007296,1.4770,4.4900,0.0000,377360765,7.5900,9.9600,7.8800,4.5000,0.0313,OK,0,7.4300,True,True,False,False,False,False,DD12|RSI40|MACD|ABNORMAL20,False,7-15d,XLV,,UNH|JNJ|LLY,fda_calendar|drug_pricing_policy|patent_cliffs,POST_ANALYSIS_ACTUAL_FILL,LIVE_QUOTE_AT_ANALYSIS,True,1.0000,1.5000,1.0000,-5.0000,7,1.5000,3,SELL_50_PCT_AT_TP1_REST_AT_TP2,MOVE_REMAINDER_TO_BREAK_EVEN,EXIT_AT_OPEN_IF_OPEN_BELOW_SL,SL_FIRST,10,PENDING_ANALYSIS,2.0157,2.0157,3.0235,87.3757,88.3835,81.0920,Indicative levels use the signal close only. Final SL/TP1/TP2 and sizing must be recalculated from the actual post-analysis broker fill.,24,2026-10-29,False,2026-07-30,0.7000,0.6100,15.1000,ALCISTA FUERTE,10,769.6400,7.3400,59.8000,15.3100,SIDI_INTRADAY_V2: Fund≥6.5 · DD60≥12% · RSI<40 · MACD↑ · Vol↓ · SPY20≤+1% · Abnormal20≤-10%,SIDI_INTRADAY_V2,True
NEM,Newmont,Materials,Gold,1969-06-30,115.5600,115.9900,116.6600,113.8600,115.5600,2026-10-02,2026-10-05,36.3700,37.8600,DOWN,-1.5940,-1.7253,-1.6295,True,0.1194,3.7000,0.9100,3.2020,117.7000,111.0900,120.4500,-1.8200,4.0200,True,3.0345,NEUTRO,-14.3100,-14.4100,134.8600,135.0100,135.0100,75.3400,-14.4100,53.3800,0.6090,True,True,106.4000,1,128.0900,False,-7.9300,HAMMER|DOJI|HAMMER,7.2000,8.5000,7.5000,7.5000,4,8.0000,7.0000,True,True,True,True,True,True,6.4000,9.6100,1.5000,SIDI_INTRADAY_V2,0.6186,-2.5645,1.0313,1.2217,294,XLB,True,14.5794,11.2999,3.4740,4.7279,6.9480,0.2591,0.1575,0.3336,0.6804,0.1510,0.1140,15.8070,2.5460,8815875072.0000,8597000192.0000,1.0255,121822633984,0.5300,2.0900,0.9000,1053692271,7.5900,6.4200,8.6100,7.7600,0.0724,OK,0,7.4300,True,True,False,True,False,False,ABNORMAL20,True,7-15d,XLB,Gold Miner,LIN|APD|ECL,gold_price|real_yields|commodity_prices|dxy|china_demand|energy_costs,POST_ANALYSIS_ACTUAL_FILL,LIVE_QUOTE_AT_ANALYSIS,True,1.0000,1.5000,1.0000,-5.0000,7,1.5000,3,SELL_50_PCT_AT_TP1_REST_AT_TP2,MOVE_REMAINDER_TO_BREAK_EVEN,EXIT_AT_OPEN_IF_OPEN_BELOW_SL,SL_FIRST,10,PENDING_ANALYSIS,3.7000,3.7000,5.5500,119.2600,121.1100,109.7820,Indicative levels use the signal close only. Final SL/TP1/TP2 and sizing must be recalculated from the actual post-analysis broker fill.,17,2026-10-22,False,2026-07-23,2.1000,1.9900,5.7000,ALCISTA FUERTE,10,769.6400,7.3400,59.8000,15.3100,SIDI_INTRADAY_V2: Fund≥6.5 · DD60≥12% · RSI<40 · MACD↑ · Vol↓ · SPY20≤+1% · Abnormal20≤-10%,SIDI_INTRADAY_V2,True
NVDA,Nvidia,Information Technology,Semiconductors,2001-11-30,233.9500,236.0600,237.8800,233.6000,233.9500,2026-10-02,2026-10-05,82.9700,43.9800,UP,0.8223,0.6107,0.4998,True,0.8987,5.1500,0.7480,2.2010,218.1200,200.3800,224.8500,7.2600,16.7500,True,2.1894,ALCISTA,0.0000,-1.6500,233.9500,237.8800,237.8800,163.9000,-1.6500,42.7400,1.2270,True,True,208.0800,3,232.0300,False,-11.0600,HAMMER,7.5500,10.0000,7.0000,7.5000,6,7.0000,7.0000,False,False,False,False,True,True,4.4000,6.6000,1.5000,SIDI_INTRADAY_V2,0.6186,-0.8354,0.7637,0.6161,294,XLK,True,29.9437,14.9916,24.9768,18.8776,27.8960,1.1721,0.5357,0.6366,0.7467,1.0590,1.2780,16.9710,4.5890,41809874944.0000,192880001024.0000,0.2168,5719337205760,2.2160,2.2900,0.4300,24147000000,7.3300,10.0000,8.2500,3.1300,0.0073,FCF/NI:0.22,1,7.4200,True,True,False,False,False,False,DD12|RSI40|ABNORMAL20,False,10-18d,XLK,,AAPL|MSFT|AVGO,interest_rates|ai_capex_cycle|semiconductor_cycle,POST_ANALYSIS_ACTUAL_FILL,LIVE_QUOTE_AT_ANALYSIS,True,1.0000,1.5000,1.0000,-5.0000,7,1.5000,3,SELL_50_PCT_AT_TP1_REST_AT_TP2,MOVE_REMAINDER_TO_BREAK_EVEN,EXIT_AT_OPEN_IF_OPEN_BELOW_SL,SL_FIRST,10,PENDING_ANALYSIS,5.1500,5.1500,7.7250,239.1000,241.6750,222.2525,Indicative levels use the signal close only. Final SL/TP1/TP2 and sizing must be recalculated from the actual post-analysis broker fill.,43,2026-11-17,False,2026-08-26,2.2200,2.0900,6.2000,ALCISTA FUERTE,10,769.6400,7.3400,59.8000,15.3100,SIDI_INTRADAY_V2: Fund≥6.5 · DD60≥12% · RSI<40 · MACD↑ · Vol↓ · SPY20≤+1% · Abnormal20≤-10%,SIDI_INTRADAY_V2,True
MPC,Marathon Petroleum,Energy,Oil & Gas Refining & Marketing,2011-07-01,422.3300,415.8800,424.6700,405.5700,422.3300,2026-10-02,2026-10-05,62.0900,52.5200,UP,-0.9259,-2.2661,-4.5434,True,0.9132,17.3150,1.4940,4.1000,365.1300,260.5700,396.5900,15.6700,62.0800,True,8.8757,ALCISTA,-0.6000,-2.0300,424.8900,431.0800,431.0800,160.0700,-2.0300,163.8400,0.7180,True,True,378.8000,1,431.0800,False,-10.3100,BULL_ENGULF,7.0000,10.0000,7.0000,7.5000,4,5.0000,7.5000,False,False,False,False,True,True,8.2000,12.3000,1.5000,SIDI_INTRADAY_V2,0.6186,5.5668,0.2434,1.2201,294,XLE,True,14.9765,8.7205,6.4163,0.8191,9.8570,0.4210,0.0874,0.0555,0.1282,0.5370,3.4800,133.3280,1.2500,9249375232.0000,8545999872.0000,1.0823,126268432384,0.5410,3.1400,0.9500,291936635,7.6800,9.0400,6.9900,6.9000,0.0733,D/E:133,1,7.4100,True,True,False,False,False,False,DD12|RSI40|ABNORMAL20,False,10-18d,XLE,,XOM|CVX|COP,oil_price|gas_price|opec_supply|inventories,POST_ANALYSIS_ACTUAL_FILL,LIVE_QUOTE_AT_ANALYSIS,True,1.0000,1.5000,1.0000,-5.0000,7,1.5000,3,SELL_50_PCT_AT_TP1_REST_AT_TP2,MOVE_REMAINDER_TO_BREAK_EVEN,EXIT_AT_OPEN_IF_OPEN_BELOW_SL,SL_FIRST,10,PENDING_ANALYSIS,17.3150,17.3150,25.9725,439.6450,448.3025,401.2135,Indicative levels use the signal close only. Final SL/TP1/TP2 and sizing must be recalculated from the actual post-analysis broker fill.,29,2026-11-03,False,2026-08-04,17.7300,13.9500,27.1000,ALCISTA FUERTE,10,769.6400,7.3400,59.8000,15.3100,SIDI_INTRADAY_V2: Fund≥6.5 · DD60≥12% · RSI<40 · MACD↑ · Vol↓ · SPY20≤+1% · Abnormal20≤-10%,SIDI_INTRADAY_V2,True
EME,Emcor,Industrials,Construction & Engineering,2025-09-22,786.6100,780.0000,794.9500,777.9500,786.6100,2026-10-02,2026-10-05,65.4400,52.2300,UP,4.5777,3.2724,3.3513,True,1.0333,21.3479,0.7330,2.7140,771.9200,772.2400,761.1500,1.9000,1.8600,False,1.8928,ALCISTA,-8.8000,-9.0400,862.5400,864.8300,951.4700,564.0100,-17.3300,39.4700,1.0250,True,True,779.0400,2,873.2700,True,-0.9600,NONE,7.2000,8.5000,7.0000,7.5000,7,7.0000,5.0000,False,False,False,False,True,True,5.4300,8.1400,1.5000,SIDI_INTRADAY_V2,0.6186,10.9572,0.6923,1.1875,294,XLI,True,24.4268,21.3500,8.5097,1.8609,17.2430,0.4035,0.1203,0.0774,0.1943,0.1980,0.3480,13.4320,1.2770,978281600.0000,1439158016.0000,0.6798,34608189440,1.1190,2.7500,0.2000,44109901,7.5100,10.0000,7.3000,4.8300,0.0283,FCF/NI:0.68,1,7.3900,True,True,False,False,False,False,DD12|RSI40|ABNORMAL20,False,10-18d,XLI,,CAT|UNP|HON,pmi_manufacturing|supply_chain|capex_cycle,POST_ANALYSIS_ACTUAL_FILL,LIVE_QUOTE_AT_ANALYSIS,True,1.0000,1.5000,1.0000,-5.0000,7,1.5000,3,SELL_50_PCT_AT_TP1_REST_AT_TP2,MOVE_REMAINDER_TO_BREAK_EVEN,EXIT_AT_OPEN_IF_OPEN_BELOW_SL,SL_FIRST,10,PENDING_ANALYSIS,21.3479,21.3479,32.0219,807.9579,818.6318,747.2795,Indicative levels use the signal close only. Final SL/TP1/TP2 and sizing must be recalculated from the actual post-analysis broker fill.,24,2026-10-29,False,2026-07-30,9.0600,7.2300,25.3000,ALCISTA FUERTE,10,769.6400,7.3400,59.8000,15.3100,SIDI_INTRADAY_V2: Fund≥6.5 · DD60≥12% · RSI<40 · MACD↑ · Vol↓ · SPY20≤+1% · Abnormal20≤-10%,SIDI_INTRADAY_V2,True
RL,Ralph Lauren Corporation,Consumer Discretionary,"Apparel, Accessories & Luxury Goods",2007-02-02,363.3700,362.7300,367.9800,359.2700,363.3700,2026-10-02,2026-10-05,67.0700,54.4200,UP,4.0099,3.9651,3.8274,True,0.9347,9.7235,0.8350,2.6760,362.1000,363.2900,351.5200,0.3500,0.0200,False,-0.1474,ALCISTA,-10.4400,-11.3800,405.7300,410.0200,419.3800,303.3300,-13.3500,19.7900,0.8190,True,True,368.9200,4,390.6800,True,1.5300,BULL_ENGULF|HAMMER|DOJI,7.5500,8.0000,7.0000,7.5000,9,5.0000,9.5000,False,False,False,False,True,True,5.3500,8.0300,1.5000,SIDI_INTRADAY_V2,0.6186,10.7365,0.3775,0.7785,294,XLY,True,22.9962,17.4057,7.9921,2.6025,14.2560,0.3754,0.1100,0.1176,0.7027,0.1400,0.2160,110.3730,2.0450,880087488.0000,982899968.0000,0.8954,21744539648,1.3550,4.3500,1.1000,37700963,7.2600,10.0000,6.0900,5.4200,0.0405,D/E:110,1,7.3800,True,True,False,False,False,False,DD12|RSI40|ABNORMAL20,False,10-18d,XLY,,AMZN|TSLA|HD,consumer_spending|employment_data|interest_rates,POST_ANALYSIS_ACTUAL_FILL,LIVE_QUOTE_AT_ANALYSIS,True,1.0000,1.5000,1.0000,-5.0000,7,1.5000,3,SELL_50_PCT_AT_TP1_REST_AT_TP2,MOVE_REMAINDER_TO_BREAK_EVEN,EXIT_AT_OPEN_IF_OPEN_BELOW_SL,SL_FIRST,10,PENDING_ANALYSIS,9.7235,9.7235,14.5852,373.0935,377.9552,345.2015,Indicative levels use the signal close only. Final SL/TP1/TP2 and sizing must be recalculated from the actual post-analysis broker fill.,31,2026-11-05,False,2026-08-06,4.5900,4.3200,6.2000,ALCISTA FUERTE,10,769.6400,7.3400,59.8000,15.3100,SIDI_INTRADAY_V2: Fund≥6.5 · DD60≥12% · RSI<40 · MACD↑ · Vol↓ · SPY20≤+1% · Abnormal20≤-10%,SIDI_INTRADAY_V2,True
DOC,Healthpeak Properties,Real Estate,Health Care REITs,2008-03-31,19.4900,19.5700,19.8500,19.4400,19.4900,2026-10-02,2026-10-05,32.9500,44.4300,DOWN,-0.0764,-0.0602,-0.0094,False,-0.0876,0.3743,0.8900,1.9200,20.8100,18.4600,20.2400,-6.3300,5.5600,True,2.0931,NEUTRO,-13.7400,-14.2300,22.5900,22.7200,22.7200,14.9600,-14.2300,30.2500,0.9300,True,True,18.7800,3,19.4200,True,-3.6300,NONE,7.5500,8.5000,6.5000,7.5000,9,8.0000,5.0000,False,False,True,True,False,True,3.8400,5.7600,1.5000,SIDI_INTRADAY_V2,0.6186,-1.5140,0.2026,1.1325,294,XLRE,True,55.7286,139.3214,1.7143,4.6878,15.1340,0.0304,0.0151,0.0825,0.5765,0.1110,0.6820,108.6530,2.2860,1645113088.0000,242743008.0000,6.7772,13828016128,0.9880,6.0700,6.2600,689527260,7.2300,10.0000,5.0200,6.5700,0.1190,D/E:109,1,7.3600,True,True,False,False,False,False,MACD|ABNORMAL20,False,7-15d,XLRE,,PLD|AMT|EQIX,interest_rates|cap_rates|occupancy_trends,POST_ANALYSIS_ACTUAL_FILL,LIVE_QUOTE_AT_ANALYSIS,True,1.0000,1.5000,1.0000,-5.0000,7,1.5000,3,SELL_50_PCT_AT_TP1_REST_AT_TP2,MOVE_REMAINDER_TO_BREAK_EVEN,EXIT_AT_OPEN_IF_OPEN_BELOW_SL,SL_FIRST,10,PENDING_ANALYSIS,0.3743,0.3743,0.5615,19.8643,20.0514,18.5155,Indicative levels use the signal close only. Final SL/TP1/TP2 and sizing must be recalculated from the actual post-analysis broker fill.,28,2026-11-02,False,2026-08-04,0.0800,0.0300,198.6000,ALCISTA FUERTE,10,769.6400,7.3400,59.8000,15.3100,SIDI_INTRADAY_V2: Fund≥6.5 · DD60≥12% · RSI<40 · MACD↑ · Vol↓ · SPY20≤+1% · Abnormal20≤-10%,SIDI_INTRADAY_V2,True
MDT,Medtronic,Health Care,Health Care Equipment,1986-10-31,86.3800,86.5500,87.9400,85.5900,86.3800,2026-10-02,2026-10-05,18.9300,30.8400,DOWN,-0.6627,-0.6968,-0.6312,True,0.1078,1.8640,0.8490,2.1580,89.2700,87.1400,89.0300,-3.2400,-0.8700,True,-0.9214,BAJISTA,-7.5200,-8.7200,93.4000,94.6300,102.9200,72.0600,-16.0700,19.8700,2.5450,False,False,77.9100,3,84.7000,False,-9.8000,HAMMER|DOJI,6.9500,6.5000,8.5000,5.0000,7,8.0000,7.0000,False,False,False,True,True,False,4.3200,6.4700,1.5000,SIDI_INTRADAY_V2,0.6186,-1.5979,-0.0286,1.0435,294,XLV,True,21.5676,13.6992,2.2369,2.9909,12.5330,0.1065,0.0512,0.1393,0.6527,0.1370,0.4070,55.3650,2.0670,5412499968.0000,5231000064.0000,1.0347,112282722304,0.5670,2.1700,3.3300,1279137890,7.6300,10.0000,5.8100,7.0000,0.0482,OK,0,7.3600,True,True,False,False,False,False,DD12|VOLUME|ABNORMAL20,False,3-7d,XLV,,UNH|JNJ|LLY,fda_calendar|drug_pricing_policy|patent_cliffs,POST_ANALYSIS_ACTUAL_FILL,LIVE_QUOTE_AT_ANALYSIS,True,1.0000,1.5000,1.0000,-5.0000,7,1.5000,3,SELL_50_PCT_AT_TP1_REST_AT_TP2,MOVE_REMAINDER_TO_BREAK_EVEN,EXIT_AT_OPEN_IF_OPEN_BELOW_SL,SL_FIRST,10,PENDING_ANALYSIS,1.8640,1.8640,2.7960,88.2440,89.1760,82.0610,Indicative levels use the signal close only. Final SL/TP1/TP2 and sizing must be recalculated from the actual post-analysis broker fill.,43,2026-11-17,False,2026-09-01,1.4500,1.3900,4.5000,ALCISTA FUERTE,10,769.6400,7.3400,59.8000,15.3100,SIDI_INTRADAY_V2: Fund≥6.5 · DD60≥12% · RSI<40 · MACD↑ · Vol↓ · SPY20≤+1% · Abnormal20≤-10%,SIDI_INTRADAY_V2,True
HIG,Hartford (The),Financials,Property & Casualty Insurance,1957-03-04,126.0500,125.7600,126.3200,124.7600,126.0500,2026-10-02,2026-10-05,24.4000,12.5500,UP,-0.4893,-0.7320,-0.9276,True,0.2684,2.4893,0.9370,1.9750,135.9800,134.8600,129.7000,-7.3000,-6.5300,True,-0.0784,BAJISTA,-13.1000,-13.3300,145.0400,145.4300,145.4300,118.2100,-13.3300,6.6300,0.8600,False,False,125.9500,2,140.2600,True,-0.0800,BULL_ENGULF|HAMMER,7.3300,6.5000,9.5000,5.0000,8,6.5000,9.5000,False,False,True,True,True,False,3.9500,5.9200,1.5000,SIDI_INTRADAY_V2,0.6186,-1.1652,-0.6684,1.0361,294,XLF,True,8.9710,9.2445,1.7841,1.1713,6.2420,0.2206,0.0385,0.1489,0.3787,0.0810,0.3610,22.3300,1.7720,5507500032.0000,4076999936.0000,1.3509,34335735808,0.4930,2.9500,1.9000,270872002,7.3500,6.5900,7.6800,7.8500,0.1604,OK,0,7.3400,True,True,False,False,False,False,VOLUME|ABNORMAL20,False,5-10d,XLF,,JPM|BAC|WFC,interest_rates|yield_curve|credit_spreads|loan_growth,POST_ANALYSIS_ACTUAL_FILL,LIVE_QUOTE_AT_ANALYSIS,True,1.0000,1.5000,1.0000,-5.0000,7,1.5000,3,SELL_50_PCT_AT_TP1_REST_AT_TP2,MOVE_REMAINDER_TO_BREAK_EVEN,EXIT_AT_OPEN_IF_OPEN_BELOW_SL,SL_FIRST,10,PENDING_ANALYSIS,2.4893,2.4893,3.7340,128.5393,129.7840,119.7475,Indicative levels use the signal close only. Final SL/TP1/TP2 and sizing must be recalculated from the actual post-analysis broker fill.,21,2026-10-26,False,2026-07-23,3.4200,3.1400,8.9000,ALCISTA FUERTE,10,769.6400,7.3400,59.8000,15.3100,SIDI_INTRADAY_V2: Fund≥6.5 · DD60≥12% · RSI<40 · MACD↑ · Vol↓ · SPY20≤+1% · Abnormal20≤-10%,SIDI_INTRADAY_V2,True
EOG,EOG Resources,Energy,Oil & Gas Exploration & Production,2000-11-02,141.3800,139.7500,141.6800,139.4600,141.3800,2026-10-02,2026-10-05,39.1900,41.9100,DOWN,-0.4836,-0.6809,-0.8550,True,0.3432,3.6450,0.9650,2.5780,144.3400,130.8500,142.7400,-2.0500,8.0500,True,2.9669,NEUTRO,-8.0400,-8.2900,153.7400,154.1600,154.1600,99.1200,-8.2900,42.6400,1.0780,False,False,138.9100,1,142.7700,True,-1.7500,NONE,6.5000,8.5000,7.5000,5.0000,7,5.0000,5.0000,False,False,False,True,True,False,5.1600,7.7300,1.5000,SIDI_INTRADAY_V2,0.6186,-1.1593,-0.3587,1.0967,294,XLE,True,11.2696,9.4452,2.3883,2.8866,5.3470,0.2251,0.1102,0.2573,0.6264,0.5870,1.0940,25.8910,1.8510,4478750208.0000,6876000256.0000,0.6514,77132603392,0.3710,5.3500,2.8900,532628530,7.8500,9.4600,6.4100,7.6600,0.0581,FCF/NI:0.65,1,7.3100,True,True,False,False,False,False,DD12|VOLUME|ABNORMAL20,False,7-15d,XLE,,XOM|CVX|COP,oil_price|gas_price|opec_supply|inventories,POST_ANALYSIS_ACTUAL_FILL,LIVE_QUOTE_AT_ANALYSIS,True,1.0000,1.5000,1.0000,-5.0000,7,1.5000,3,SELL_50_PCT_AT_TP1_REST_AT_TP2,MOVE_REMAINDER_TO_BREAK_EVEN,EXIT_AT_OPEN_IF_OPEN_BELOW_SL,SL_FIRST,10,PENDING_ANALYSIS,3.6450,3.6450,5.4675,145.0250,146.8475,134.3110,Indicative levels use the signal close only. Final SL/TP1/TP2 and sizing must be recalculated from the actual post-analysis broker fill.,31,2026-11-05,False,2026-08-04,5.0700,4.9700,2.1000,ALCISTA FUERTE,10,769.6400,7.3400,59.8000,15.3100,SIDI_INTRADAY_V2: Fund≥6.5 · DD60≥12% · RSI<40 · MACD↑ · Vol↓ · SPY20≤+1% · Abnormal20≤-10%,SIDI_INTRADAY_V2,True
LMT,Lockheed Martin,Industrials,Aerospace & Defense,1957-03-04,505.4100,505.7900,507.9700,498.5500,505.4100,2026-10-02,2026-10-05,26.0800,46.2000,DOWN,-1.4755,-1.4724,-0.9514,False,0.0370,11.2957,0.7950,2.2350,554.2200,556.9400,525.1800,-8.8100,-9.2500,False,1.3233,BAJISTA,-16.4500,-17.0100,604.9400,608.9800,683.2700,429.4700,-26.0300,17.6800,0.8700,True,True,506.9600,1,534.3800,True,0.3100,HAMMER|HAMMER|DOJI,7.3500,5.5000,7.5000,7.5000,7,10.0000,7.0000,False,False,True,True,False,True,4.4700,6.7000,1.5000,SIDI_INTRADAY_V2,0.6186,-2.1038,-0.8275,0.8050,294,XLI,True,18.6450,15.4435,13.2690,1.5159,13.7800,0.8917,0.0864,0.0816,0.1180,0.1050,4.4380,234.2380,1.1930,5562625024.0000,6287000064.0000,0.8848,116743192576,0.0950,2.2600,2.7300,230790753,7.2000,7.8500,6.9800,6.6800,0.0476,D/E:234,1,7.2600,True,True,False,False,False,False,MACD|ABNORMAL20,False,3-7d,XLI,,CAT|UNP|HON,pmi_manufacturing|supply_chain|capex_cycle,POST_ANALYSIS_ACTUAL_FILL,LIVE_QUOTE_AT_ANALYSIS,True,1.0000,1.5000,1.0000,-5.0000,7,1.5000,3,SELL_50_PCT_AT_TP1_REST_AT_TP2,MOVE_REMAINDER_TO_BREAK_EVEN,EXIT_AT_OPEN_IF_OPEN_BELOW_SL,SL_FIRST,10,PENDING_ANALYSIS,11.2957,11.2957,16.9436,516.7057,522.3536,480.1395,Indicative levels use the signal close only. Final SL/TP1/TP2 and sizing must be recalculated from the actual post-analysis broker fill.,17,2026-10-22,False,2026-07-23,7.9400,7.2000,10.3000,ALCISTA FUERTE,10,769.6400,7.3400,59.8000,15.3100,SIDI_INTRADAY_V2: Fund≥6.5 · DD60≥12% · RSI<40 · MACD↑ · Vol↓ · SPY20≤+1% · Abnormal20≤-10%,SIDI_INTRADAY_V2,True
AMCR,Amcor,Materials,Paper & Plastic Packaging Products & Materials,2019-06-07,41.8600,42.1800,42.4200,41.8500,41.8600,2026-10-02,2026-10-05,46.6300,32.1100,UP,-0.0078,-0.0120,0.0181,True,0.2759,0.8557,0.7620,2.0440,44.5900,41.7500,42.8400,-6.1200,0.2600,True,0.6609,NEUTRO,-12.6100,-13.2400,47.9000,48.2500,48.7600,35.1500,-14.1400,19.0900,0.7400,True,True,41.4100,4,43.3300,True,-1.0800,HAMMER,7.9200,8.5000,7.0000,7.5000,9,8.5000,7.0000,False,False,True,False,True,True,4.0900,6.1300,1.5000,SIDI_INTRADAY_V2,0.6186,0.7764,0.3221,1.2363,294,XLB,True,17.4160,9.5141,1.6241,0.8146,9.4380,0.0940,0.0357,0.0471,0.1995,0.2590,,128.2940,1.2540,1504000000.0000,1106000000.0000,1.3599,19147649024,0.5760,6.2500,6.2100,461945690,6.6800,7.5000,4.8800,7.8400,0.0785,D/E:128,1,7.1800,True,True,False,False,False,False,RSI40|ABNORMAL20,False,7-15d,XLB,,LIN|APD|ECL,commodity_prices|dxy|china_demand|energy_costs,POST_ANALYSIS_ACTUAL_FILL,LIVE_QUOTE_AT_ANALYSIS,True,1.0000,1.5000,1.0000,-5.0000,7,1.5000,3,SELL_50_PCT_AT_TP1_REST_AT_TP2,MOVE_REMAINDER_TO_BREAK_EVEN,EXIT_AT_OPEN_IF_OPEN_BELOW_SL,SL_FIRST,10,PENDING_ANALYSIS,0.8557,0.8557,1.2835,42.7157,43.1435,39.7670,Indicative levels use the signal close only. Final SL/TP1/TP2 and sizing must be recalculated from the actual post-analysis broker fill.,31,2026-11-05,False,2026-08-12,1.2300,1.1800,4.2000,ALCISTA FUERTE,10,769.6400,7.3400,59.8000,15.3100,SIDI_INTRADAY_V2: Fund≥6.5 · DD60≥12% · RSI<40 · MACD↑ · Vol↓ · SPY20≤+1% · Abnormal20≤-10%,SIDI_INTRADAY_V2,True
INVH,Invitation Homes,Real Estate,Single-Family Residential REITs,2022-09-19,26.0400,26.5400,26.5650,25.9500,26.0400,2026-10-02,2026-10-05,22.2200,19.0200,UP,0.0061,0.0162,0.0004,False,0.0998,0.4082,0.8320,1.5670,28.4900,27.2600,27.0100,-8.5900,-4.4700,True,0.2586,BAJISTA,-13.6600,-14.7600,30.1600,30.5500,30.5500,23.4500,-14.7600,11.0400,1.0290,False,False,,0,29.0700,False,,NONE,6.5500,7.0000,8.5000,5.0000,5,8.0000,5.0000,False,False,True,True,False,False,3.1300,4.7000,1.5000,SIDI_INTRADAY_V2,0.6186,-2.9872,-0.1697,0.9447,294,XLRE,True,23.9495,36.7216,1.7028,5.4137,15.9230,0.0705,0.0248,0.2320,0.5626,0.1010,0.6050,94.4250,0.4300,1168785536.0000,658753984.0000,1.7742,15418219520,0.8330,3.7600,4.6100,590623226,7.6000,10.0000,5.3800,7.3900,0.0758,D/E:94,1,7.1800,True,True,False,False,False,False,MACD|VOLUME|ABNORMAL20,False,3-7d,XLRE,,PLD|AMT|EQIX,interest_rates|cap_rates|occupancy_trends,POST_ANALYSIS_ACTUAL_FILL,LIVE_QUOTE_AT_ANALYSIS,True,1.0000,1.5000,1.0000,-5.0000,7,1.5000,3,SELL_50_PCT_AT_TP1_REST_AT_TP2,MOVE_REMAINDER_TO_BREAK_EVEN,EXIT_AT_OPEN_IF_OPEN_BELOW_SL,SL_FIRST,10,PENDING_ANALYSIS,0.4082,0.4082,0.6123,26.4482,26.6523,24.7380,Indicative levels use the signal close only. Final SL/TP1/TP2 and sizing must be recalculated from the actual post-analysis broker fill.,23,2026-10-28,False,2026-07-29,0.1500,0.1400,9.8000,ALCISTA FUERTE,10,769.6400,7.3400,59.8000,15.3100,SIDI_INTRADAY_V2: Fund≥6.5 · DD60≥12% · RSI<40 · MACD↑ · Vol↓ · SPY20≤+1% · Abnormal20≤-10%,SIDI_INTRADAY_V2,True
RTX,RTX Corporation,Industrials,Aerospace & Defense,1957-03-04,184.6800,184.5000,185.8200,183.8300,184.6800,2026-10-02,2026-10-05,22.2700,23.0000,DOWN,-0.4429,-0.5208,-0.5779,True,0.1020,3.5621,0.7880,1.9290,206.3100,193.8100,192.8000,-10.4800,-4.7100,True,1.1204,BAJISTA,-18.1000,-18.4300,225.4900,226.4100,226.4100,153.3600,-18.4300,20.4200,0.9680,True,True,170.4400,4,203.2600,False,-7.7100,HAMMER|DOJI|HAMMER|DOJI,7.8500,7.0000,8.5000,7.5000,7,10.0000,7.0000,True,True,True,True,True,True,3.8600,5.7900,1.5000,SIDI_INTRADAY_V2,0.6186,-7.7188,-0.7912,1.0589,294,XLI,True,32.4771,23.4774,3.7456,2.6590,17.6920,0.1227,0.0421,0.0828,0.2035,0.1450,0.2870,57.0200,1.0110,9880000512.0000,7737999872.0000,1.2768,248620941312,0.3080,3.3400,1.5800,1347758144,6.7300,9.1300,5.1200,5.8300,0.0397,OK,0,7.1800,True,True,False,True,False,False,ABNORMAL20,True,3-7d,XLI,,CAT|UNP|HON,pmi_manufacturing|supply_chain|capex_cycle,POST_ANALYSIS_ACTUAL_FILL,LIVE_QUOTE_AT_ANALYSIS,True,1.0000,1.5000,1.0000,-5.0000,7,1.5000,3,SELL_50_PCT_AT_TP1_REST_AT_TP2,MOVE_REMAINDER_TO_BREAK_EVEN,EXIT_AT_OPEN_IF_OPEN_BELOW_SL,SL_FIRST,10,PENDING_ANALYSIS,3.5621,3.5621,5.3431,188.2421,190.0232,175.4460,Indicative levels use the signal close only. Final SL/TP1/TP2 and sizing must be recalculated from the actual post-analysis broker fill.,15,2026-10-20,False,2026-07-23,1.8900,1.6600,13.7000,ALCISTA FUERTE,10,769.6400,7.3400,59.8000,15.3100,SIDI_INTRADAY_V2: Fund≥6.5 · DD60≥12% · RSI<40 · MACD↑ · Vol↓ · SPY20≤+1% · Abnormal20≤-10%,SIDI_INTRADAY_V2,True
SNDK,Sandisk,Information Technology,"Technology Hardware, Storage & Peripherals",2025-11-28,1719.9900,1773.1200,1774.2300,1713.4700,1719.9900,2026-10-02,2026-10-05,60.3100,52.2300,UP,-4.0661,0.2068,1.9711,False,0.5168,93.2554,0.6240,5.4220,1539.6700,1145.8500,1701.8600,11.7100,50.1100,True,14.9765,ALCISTA,-10.2300,-11.6500,1915.9200,1946.8300,2354.3899,115.6800,-26.9500,1386.8500,0.8670,True,True,1501.1899,3,1696.3700,False,-12.7200,NONE,7.1500,10.0000,6.0000,7.5000,6,7.0000,5.0000,False,False,False,False,False,True,10.8400,16.2700,1.5000,SIDI_INTRADAY_V2,0.6186,-24.4189,-3.2445,4.0150,294,XLK,True,23.1666,6.4853,16.1798,12.3566,19.5990,0.9164,0.4391,0.5646,0.7147,3.7160,,1.2770,2.2900,7720875008.0000,11432999936.0000,0.6753,250196410368,,0.4800,0.0000,146419001,7.2000,7.5000,8.3300,5.5300,0.0309,FCF/NI:0.68,1,7.1800,True,True,True,False,False,False,DD12|RSI40|MACD,False,10-18d,XLK,,AAPL|MSFT|NVDA,interest_rates|ai_capex_cycle|semiconductor_cycle,POST_ANALYSIS_ACTUAL_FILL,LIVE_QUOTE_AT_ANALYSIS,True,1.0000,1.5000,1.0000,-5.0000,7,1.5000,3,SELL_50_PCT_AT_TP1_REST_AT_TP2,MOVE_REMAINDER_TO_BREAK_EVEN,EXIT_AT_OPEN_IF_OPEN_BELOW_SL,SL_FIRST,10,PENDING_ANALYSIS,93.2554,93.2554,139.8831,1813.2454,1859.8731,1633.9905,Indicative levels use the signal close only. Final SL/TP1/TP2 and sizing must be recalculated from the actual post-analysis broker fill.,24,2026-10-29,False,2026-08-05,39.2500,34.5200,13.7000,ALCISTA FUERTE,10,769.6400,7.3400,59.8000,15.3100,SIDI_INTRADAY_V2: Fund≥6.5 · DD60≥12% · RSI<40 · MACD↑ · Vol↓ · SPY20≤+1% · Abnormal20≤-10%,SIDI_INTRADAY_V2,True
BRK-B,Berkshire Hathaway,Financials,Multi-Sector Holdings,2010-02-16,502.6500,500.1000,503.6200,499.0100,502.6500,2026-10-02,2026-10-05,35.8500,49.3200,DOWN,-0.9873,-1.2167,-0.9682,True,0.3100,5.9107,0.8700,1.1760,507.3800,492.7700,504.9400,-0.9300,2.0100,True,0.0748,NEUTRO,-5.0600,-6.5300,529.4200,537.7400,537.7400,464.0100,-6.5300,8.3300,0.8970,False,False,495.0900,7,512.5800,True,-1.5000,NONE,6.8000,8.5000,7.5000,5.0000,9,5.0000,5.0000,False,False,False,True,True,False,2.3500,3.5300,1.5000,SIDI_INTRADAY_V2,0.6186,4.2704,-0.1719,0.5464,294,XLF,True,12.6171,23.2762,0.0010,2.8037,-1.7900,0.1212,0.0601,0.2230,0.3033,0.1000,1.0780,17.1420,2.8910,71975247872.0000,85768003584.0000,0.8392,1078489579520,0.5950,3.1600,0.0000,1408035161,7.4200,7.0900,7.1100,8.1800,0.0667,OK,0,7.1700,True,True,False,False,False,False,DD12|VOLUME|ABNORMAL20,False,7-15d,XLF,,JPM|BAC|WFC,interest_rates|yield_curve|credit_spreads|loan_growth,POST_ANALYSIS_ACTUAL_FILL,LIVE_QUOTE_AT_ANALYSIS,True,1.0000,1.5000,1.0000,-5.0000,7,1.5000,3,SELL_50_PCT_AT_TP1_REST_AT_TP2,MOVE_REMAINDER_TO_BREAK_EVEN,EXIT_AT_OPEN_IF_OPEN_BELOW_SL,SL_FIRST,10,PENDING_ANALYSIS,5.9107,5.9107,8.8661,508.5607,511.5160,477.5175,Indicative levels use the signal close only. Final SL/TP1/TP2 and sizing must be recalculated from the actual post-analysis broker fill.,33,2026-11-07,False,2026-08-08,6.0300,5.1300,17.4000,ALCISTA FUERTE,10,769.6400,7.3400,59.8000,15.3100,SIDI_INTRADAY_V2: Fund≥6.5 · DD60≥12% · RSI<40 · MACD↑ · Vol↓ · SPY20≤+1% · Abnormal20≤-10%,SIDI_INTRADAY_V2,True
BMY,Bristol Myers Squibb,Health Care,Pharmaceuticals,1957-03-04,61.1500,60.6600,61.2400,60.2400,61.1500,2026-10-02,2026-10-05,36.9300,27.3500,UP,-0.1446,-0.1551,-0.1366,True,0.2384,1.3030,0.8360,2.1310,63.8600,58.1200,62.5000,-4.2400,5.2200,True,2.6643,NEUTRO,-9.2600,-9.9900,67.3900,67.9400,67.9400,40.7100,-9.9900,50.2100,0.8290,False,False,62.3500,1,67.6300,True,1.9700,NONE,6.9200,8.5000,8.5000,5.0000,7,6.5000,5.0000,False,False,False,True,True,False,4.2600,6.3900,1.5000,SIDI_INTRADAY_V2,0.6186,-6.0270,0.0270,1.0105,294,XLV,True,12.9548,8.9591,5.3835,2.4426,8.3940,0.4660,0.1072,0.1887,0.7166,0.0570,1.5310,201.8590,1.5320,8114375168.0000,9281999872.0000,0.8742,120142258176,0.1840,5.3600,4.1200,2042714656,7.3400,6.8800,7.1100,8.1500,0.0675,D/E:202,1,7.1700,True,True,False,False,False,False,DD12|VOLUME|ABNORMAL20,False,7-15d,XLV,,UNH|JNJ|LLY,fda_calendar|drug_pricing_policy|patent_cliffs,POST_ANALYSIS_ACTUAL_FILL,LIVE_QUOTE_AT_ANALYSIS,True,1.0000,1.5000,1.0000,-5.0000,7,1.5000,3,SELL_50_PCT_AT_TP1_REST_AT_TP2,MOVE_REMAINDER_TO_BREAK_EVEN,EXIT_AT_OPEN_IF_OPEN_BELOW_SL,SL_FIRST,10,PENDING_ANALYSIS,1.3030,1.3030,1.9545,62.4530,63.1045,58.0925,Indicative levels use the signal close only. Final SL/TP1/TP2 and sizing must be recalculated from the actual post-analysis broker fill.,24,2026-10-29,False,2026-07-30,2.0400,1.6000,27.7000,ALCISTA FUERTE,10,769.6400,7.3400,59.8000,15.3100,SIDI_INTRADAY_V2: Fund≥6.5 · DD60≥12% · RSI<40 · MACD↑ · Vol↓ · SPY20≤+1% · Abnormal20≤-10%,SIDI_INTRADAY_V2,True
CVX,Chevron Corporation,Energy,Integrated Oil & Gas,1957-03-04,206.6900,204.8000,207.3200,204.4500,206.6900,2026-10-02,2026-10-05,41.6600,44.0600,DOWN,-0.8755,-1.0631,-1.4075,True,0.3865,4.1686,0.9940,2.0170,201.9400,184.1300,206.4400,2.3500,12.2500,True,3.4859,ALCISTA,-5.0900,-5.0900,217.7700,217.7800,217.7800,142.5100,-5.0900,45.0300,0.6790,True,True,184.2600,1,208.9800,False,-10.8500,BULL_ENGULF,6.8000,10.0000,6.0000,7.5000,4,5.0000,7.5000,False,False,False,False,True,True,4.0300,6.0500,1.5000,SIDI_INTRADAY_V2,0.6186,-0.1334,-0.2225,0.9704,294,XLE,True,19.8826,14.2109,2.1341,1.9353,8.6780,0.1223,0.0586,0.0983,0.4427,0.5350,3.2190,18.9590,1.2520,21934000128.0000,20590999552.0000,1.0652,405228027904,0.5230,2.6200,3.4400,1961603274,7.4200,9.0200,6.3200,6.8500,0.0541,OK,0,7.1700,True,True,False,False,False,False,DD12|RSI40|ABNORMAL20,False,10-18d,XLE,,XOM|COP|SLB,oil_price|gas_price|opec_supply|inventories,POST_ANALYSIS_ACTUAL_FILL,LIVE_QUOTE_AT_ANALYSIS,True,1.0000,1.5000,1.0000,-5.0000,7,1.5000,3,SELL_50_PCT_AT_TP1_REST_AT_TP2,MOVE_REMAINDER_TO_BREAK_EVEN,EXIT_AT_OPEN_IF_OPEN_BELOW_SL,SL_FIRST,10,PENDING_ANALYSIS,4.1686,4.1686,6.2529,210.8586,212.9429,196.3555,Indicative levels use the signal close only. Final SL/TP1/TP2 and sizing must be recalculated from the actual post-analysis broker fill.,25,2026-10-30,False,2026-07-31,6.0600,5.5700,8.8000,ALCISTA FUERTE,10,769.6400,7.3400,59.8000,15.3100,SIDI_INTRADAY_V2: Fund≥6.5 · DD60≥12% · RSI<40 · MACD↑ · Vol↓ · SPY20≤+1% · Abnormal20≤-10%,SIDI_INTRADAY_V2,True
GOOGL,Alphabet Inc. (Class A),Communication Services,Interactive Media & Services,2006-04-03,343.5000,341.3200,345.7700,341.1600,343.5000,2026-10-02,2026-10-05,45.0200,53.9900,DOWN,-0.1565,-0.2950,0.0020,True,0.5364,9.1750,0.9440,2.6710,344.2300,338.5400,343.1500,-0.2100,1.4600,True,0.9900,NEUTRO,-8.9800,-10.6000,377.4100,384.2300,408.1000,235.2300,-15.8300,46.0300,0.8670,True,True,349.4600,3,364.1700,True,1.7300,HAMMER|DOJI,7.2000,8.5000,6.0000,7.5000,9,5.0000,7.0000,False,False,False,False,True,True,5.3400,8.0100,1.5000,SIDI_INTRADAY_V2,0.6186,2.8564,0.7602,1.1477,294,XLC,True,17.2950,22.8703,6.7724,9.4554,23.6620,0.4868,0.1296,0.5477,0.6090,0.2420,2.9400,18.8590,2.7240,22665000960.0000,244118994944.0000,0.0928,4215536353280,1.2110,3.6800,0.2600,5867155790,7.1400,10.0000,7.9600,2.8400,0.0054,FCF/NI:0.09,1,7.1600,True,True,False,False,False,False,DD12|RSI40|ABNORMAL20,False,7-15d,XLC,,META|NFLX|DIS,ad_spending_cycle|streaming_competition|regulation,POST_ANALYSIS_ACTUAL_FILL,LIVE_QUOTE_AT_ANALYSIS,True,1.0000,1.5000,1.0000,-5.0000,7,1.5000,3,SELL_50_PCT_AT_TP1_REST_AT_TP2,MOVE_REMAINDER_TO_BREAK_EVEN,EXIT_AT_OPEN_IF_OPEN_BELOW_SL,SL_FIRST,10,PENDING_ANALYSIS,9.1750,9.1750,13.7625,352.6750,357.2625,326.3250,Indicative levels use the signal close only. Final SL/TP1/TP2 and sizing must be recalculated from the actual post-analysis broker fill.,23,2026-10-28,False,2026-07-22,9.1100,2.9000,214.2000,ALCISTA FUERTE,10,769.6400,7.3400,59.8000,15.3100,SIDI_INTRADAY_V2: Fund≥6.5 · DD60≥12% · RSI<40 · MACD↑ · Vol↓ · SPY20≤+1% · Abnormal20≤-10%,SIDI_INTRADAY_V2,True
GOOG,Alphabet Inc. (Class C),Communication Services,Interactive Media & Services,2014-04-03,340.3500,338.1000,342.7800,337.9600,340.3500,2026-10-02,2026-10-05,45.4000,54.4900,DOWN,-0.0623,-0.2118,0.0746,True,0.5488,9.0353,0.9590,2.6550,341.6400,337.0100,339.8400,-0.3800,0.9900,True,0.8765,NEUTRO,-9.2700,-10.8000,375.1100,381.5600,403.9600,236.0700,-15.7500,44.1700,0.9770,True,True,346.5700,3,359.9800,True,1.8300,HAMMER|DOJI,7.2000,8.5000,6.0000,7.5000,9,5.0000,7.0000,False,False,False,False,True,True,5.3100,7.9600,1.5000,SIDI_INTRADAY_V2,0.6186,2.9600,0.7542,1.1152,294,XLC,True,17.1340,22.6573,6.7094,9.3672,23.4390,0.4868,0.1296,0.5477,0.6090,0.2420,2.9400,18.8590,2.7240,22665000960.0000,244118994944.0000,0.0928,4176278454272,1.2110,3.2800,0.2600,5527000000,7.1400,10.0000,7.9600,2.8600,0.0054,FCF/NI:0.09,1,7.1600,True,True,False,False,False,False,DD12|RSI40|ABNORMAL20,False,7-15d,XLC,,GOOGL|META|NFLX,ad_spending_cycle|streaming_competition|regulation,POST_ANALYSIS_ACTUAL_FILL,LIVE_QUOTE_AT_ANALYSIS,True,1.0000,1.5000,1.0000,-5.0000,7,1.5000,3,SELL_50_PCT_AT_TP1_REST_AT_TP2,MOVE_REMAINDER_TO_BREAK_EVEN,EXIT_AT_OPEN_IF_OPEN_BELOW_SL,SL_FIRST,10,PENDING_ANALYSIS,9.0353,9.0353,13.5529,349.3853,353.9030,323.3325,Indicative levels use the signal close only. Final SL/TP1/TP2 and sizing must be recalculated from the actual post-analysis broker fill.,23,2026-10-28,False,2026-07-22,2.8500,2.9100,-2.1000,ALCISTA FUERTE,10,769.6400,7.3400,59.8000,15.3100,SIDI_INTRADAY_V2: Fund≥6.5 · DD60≥12% · RSI<40 · MACD↑ · Vol↓ · SPY20≤+1% · Abnormal20≤-10%,SIDI_INTRADAY_V2,True
EQIX,Equinix,Real Estate,Data Center REITs,2015-03-20,1025.7200,1024.0100,1036.5200,1017.5700,1025.7200,2026-10-02,2026-10-05,59.2500,43.0300,UP,-0.5627,-1.5669,-1.3034,True,0.4929,24.0936,0.8110,2.3490,1042.0200,980.1600,1027.4000,-1.5600,4.6500,True,3.0355,NEUTRO,-6.4900,-7.0900,1096.8600,1103.9500,1118.6600,709.7900,-8.3100,44.5100,0.6560,True,True,1044.4301,7,1101.6300,True,1.8200,HAMMER|HAMMER|DOJI,7.4000,8.5000,7.0000,7.5000,9,5.0000,7.0000,False,False,False,False,True,True,4.7000,7.0500,1.5000,SIDI_INTRADAY_V2,0.6186,2.9877,0.4246,0.5437,294,XLRE,True,65.9009,55.0000,7.0261,10.2029,27.2250,0.1074,0.0368,0.1548,0.5198,0.1670,0.2880,162.2170,1.1290,3785999872.0000,1532999936.0000,2.4697,101049671680,0.9700,3.2000,2.0100,98671686,6.9900,10.0000,6.0300,4.5900,0.0375,D/E:162,1,7.1500,True,True,False,False,False,False,DD12|RSI40|ABNORMAL20,False,7-15d,XLRE,,PLD|AMT|SPG,interest_rates|cap_rates|occupancy_trends,POST_ANALYSIS_ACTUAL_FILL,LIVE_QUOTE_AT_ANALYSIS,True,1.0000,1.5000,1.0000,-5.0000,7,1.5000,3,SELL_50_PCT_AT_TP1_REST_AT_TP2,MOVE_REMAINDER_TO_BREAK_EVEN,EXIT_AT_OPEN_IF_OPEN_BELOW_SL,SL_FIRST,10,PENDING_ANALYSIS,24.0936,24.0936,36.1404,1049.8136,1061.8604,974.4340,Indicative levels use the signal close only. Final SL/TP1/TP2 and sizing must be recalculated from the actual post-analysis broker fill.,23,2026-10-28,False,2026-07-29,5.1000,4.8000,6.3000,ALCISTA FUERTE,10,769.6400,7.3400,59.8000,15.3100,SIDI_INTRADAY_V2: Fund≥6.5 · DD60≥12% · RSI<40 · MACD↑ · Vol↓ · SPY20≤+1% · Abnormal20≤-10%,SIDI_INTRADAY_V2,True
FANG,Diamondback Energy,Energy,Oil & Gas Exploration & Production,2018-12-03,184.7100,183.2900,185.6800,183.2700,184.7100,2026-10-02,2026-10-05,28.9300,37.8900,DOWN,-1.0239,-1.2698,-1.7617,True,0.2539,5.7164,0.9540,3.0950,197.3400,183.0800,191.1900,-6.4000,0.8900,True,2.3953,NEUTRO,-12.6800,-14.8400,211.5300,216.9000,216.9000,133.8100,-14.8400,38.0400,0.6550,True,True,184.1500,2,205.0000,True,-0.3000,BULL_ENGULF,7.6700,8.5000,8.5000,7.5000,7,6.5000,7.5000,True,True,True,True,True,True,6.1900,9.2800,1.5000,SIDI_INTRADAY_V2,0.6186,-5.9597,0.0142,1.2004,294,XLE,True,35.2933,9.8834,1.3717,3.2081,5.9390,0.0349,0.0131,0.0903,0.7235,0.5250,1.7950,28.6780,0.4670,5035500032.0000,1458000000.0000,3.4537,52124540928,0.5370,3.9800,2.3800,281313297,6.7800,8.9400,4.6200,6.7700,0.0966,OK,0,7.1400,True,True,False,True,False,False,ABNORMAL20,True,5-10d,XLE,,XOM|CVX|COP,oil_price|gas_price|opec_supply|inventories,POST_ANALYSIS_ACTUAL_FILL,LIVE_QUOTE_AT_ANALYSIS,True,1.0000,1.5000,1.0000,-5.0000,7,1.5000,3,SELL_50_PCT_AT_TP1_REST_AT_TP2,MOVE_REMAINDER_TO_BREAK_EVEN,EXIT_AT_OPEN_IF_OPEN_BELOW_SL,SL_FIRST,10,PENDING_ANALYSIS,5.7164,5.7164,8.5746,190.4264,193.2846,175.4745,Indicative levels use the signal close only. Final SL/TP1/TP2 and sizing must be recalculated from the actual post-analysis broker fill.,28,2026-11-02,False,2026-08-03,6.4800,5.9800,8.3000,ALCISTA FUERTE,10,769.6400,7.3400,59.8000,15.3100,SIDI_INTRADAY_V2: Fund≥6.5 · DD60≥12% · RSI<40 · MACD↑ · Vol↓ · SPY20≤+1% · Abnormal20≤-10%,SIDI_INTRADAY_V2,True
AIZ,Assurant,Financials,Multi-line Insurance,2007-04-10,267.3200,266.1500,269.3000,263.1500,267.3200,2026-10-02,2026-10-05,28.0200,23.3100,UP,-1.1027,-1.5687,-2.2571,True,0.2930,5.9393,1.0330,2.2220,279.7900,249.1100,272.3400,-4.4600,7.3100,True,2.1283,NEUTRO,-11.0800,-11.7800,300.6400,303.0000,303.0000,203.0800,-11.7800,31.6300,0.8610,True,True,271.1300,3,286.9400,True,1.4200,HAMMER|DOJI|HAMMER,8.1200,8.5000,9.5000,7.5000,9,6.5000,7.0000,False,True,False,True,True,True,4.4400,6.6700,1.5000,SIDI_INTRADAY_V2,0.6186,-3.5015,-0.2499,0.7878,294,XLF,True,12.8509,11.4561,2.1740,0.9840,7.6910,0.1834,0.0256,0.0790,0.1327,0.0940,0.3050,36.2110,0.3820,2149574912.0000,1054700032.0000,2.0381,13241211904,0.5250,4.1900,1.3200,49323767,6.4300,6.0800,6.1600,7.1600,0.1623,OK,0,7.1100,False,True,False,False,False,False,DD12|FUND65|ABNORMAL20,False,5-10d,XLF,,JPM|BAC|WFC,interest_rates|yield_curve|credit_spreads|loan_growth,POST_ANALYSIS_ACTUAL_FILL,LIVE_QUOTE_AT_ANALYSIS,True,1.0000,1.5000,1.0000,-5.0000,7,1.5000,3,SELL_50_PCT_AT_TP1_REST_AT_TP2,MOVE_REMAINDER_TO_BREAK_EVEN,EXIT_AT_OPEN_IF_OPEN_BELOW_SL,SL_FIRST,10,PENDING_ANALYSIS,5.9393,5.9393,8.9090,273.2593,276.2289,253.9540,Indicative levels use the signal close only. Final SL/TP1/TP2 and sizing must be recalculated from the actual post-analysis broker fill.,29,2026-11-03,False,2026-08-04,6.4100,5.1800,23.7000,ALCISTA FUERTE,10,769.6400,7.3400,59.8000,15.3100,SIDI_INTRADAY_V2: Fund≥6.5 · DD60≥12% · RSI<40 · MACD↑ · Vol↓ · SPY20≤+1% · Abnormal20≤-10%,SIDI_INTRADAY_V2,True
CSGP,CoStar Group,Real Estate,Real Estate Services,2022-09-19,27.3800,27.4800,27.8100,27.1500,27.3800,2026-10-02,2026-10-05,16.7200,31.0000,DOWN,-0.1789,-0.2224,-0.3479,True,0.2136,1.0250,0.7300,3.7440,30.2800,40.0700,28.8100,-9.5800,-31.6700,False,-8.7445,BAJISTA,-18.8300,-19.0400,33.7300,33.8200,85.2400,25.8900,-67.8800,5.7600,0.6050,True,True,26.6800,1,31.4600,True,-2.5600,HAMMER|HAMMER,7.2200,5.0000,8.5000,7.5000,7,8.5000,7.0000,True,True,True,True,True,True,7.4900,11.2300,1.5000,SIDI_INTRADAY_V2,0.6186,-2.3749,-0.4987,1.0369,294,XLRE,True,152.0278,15.3982,1.3965,3.1182,27.9090,0.0089,0.0047,0.0208,0.7868,0.1840,12.6100,14.5370,2.2140,412700000.0000,74000000.0000,5.5770,11088232448,0.7960,2.2200,0.0000,405197588,7.0400,10.0000,5.9100,4.8900,0.0372,OK,0,7.1100,True,True,False,True,False,False,ABNORMAL20,True,5-10d,XLRE,,PLD|AMT|EQIX,interest_rates|cap_rates|occupancy_trends,POST_ANALYSIS_ACTUAL_FILL,LIVE_QUOTE_AT_ANALYSIS,True,1.0000,1.5000,1.0000,-5.0000,7,1.5000,3,SELL_50_PCT_AT_TP1_REST_AT_TP2,MOVE_REMAINDER_TO_BREAK_EVEN,EXIT_AT_OPEN_IF_OPEN_BELOW_SL,SL_FIRST,10,PENDING_ANALYSIS,1.0250,1.0250,1.5375,28.4050,28.9175,26.0110,Indicative levels use the signal close only. Final SL/TP1/TP2 and sizing must be recalculated from the actual post-analysis broker fill.,22,2026-10-27,False,2026-07-28,0.3200,0.2900,11.9000,ALCISTA FUERTE,10,769.6400,7.3400,59.8000,15.3100,SIDI_INTRADAY_V2: Fund≥6.5 · DD60≥12% · RSI<40 · MACD↑ · Vol↓ · SPY20≤+1% · Abnormal20≤-10%,SIDI_INTRADAY_V2,True
VEEV,Veeva Systems,Health Care,Health Care Technology,2026-05-07,273.3300,283.1000,284.5900,272.8400,273.3300,2026-10-02,2026-10-05,57.7000,55.8500,UP,-0.4305,0.2097,-0.2617,False,0.6101,8.6086,0.9580,3.1500,250.7300,201.2300,270.6100,9.0100,35.8300,True,1.3060,ALCISTA,-4.3300,-7.7300,285.6900,296.2400,310.5000,148.0500,-11.9700,84.6200,0.7160,True,True,257.8700,1,272.3900,False,-5.6600,NONE,6.5500,10.0000,6.0000,7.5000,4,5.0000,5.0000,False,False,False,False,False,True,6.3000,9.4500,1.5000,SIDI_INTRADAY_V2,0.6186,-9.1877,0.2662,0.3638,294,XLV,True,45.3082,26.9622,6.1653,12.9402,34.5600,0.1442,0.0758,0.2934,0.7496,0.1760,0.3950,2.0410,5.4580,1257709824.0000,1014771968.0000,1.2394,44748369920,0.9340,2.8500,0.0000,161908850,7.4700,10.0000,7.7900,4.1500,0.0281,OK,0,7.1000,True,True,False,False,False,False,DD12|RSI40|MACD|ABNORMAL20,False,10-18d,XLV,,UNH|JNJ|LLY,fda_calendar|drug_pricing_policy|patent_cliffs,POST_ANALYSIS_ACTUAL_FILL,LIVE_QUOTE_AT_ANALYSIS,True,1.0000,1.5000,1.0000,-5.0000,7,1.5000,3,SELL_50_PCT_AT_TP1_REST_AT_TP2,MOVE_REMAINDER_TO_BREAK_EVEN,EXIT_AT_OPEN_IF_OPEN_BELOW_SL,SL_FIRST,10,PENDING_ANALYSIS,8.6086,8.6086,12.9129,281.9386,286.2429,259.6635,Indicative levels use the signal close only. Final SL/TP1/TP2 and sizing must be recalculated from the actual post-analysis broker fill.,51,2026-11-25,False,2026-08-26,2.3500,2.2200,5.8000,ALCISTA FUERTE,10,769.6400,7.3400,59.8000,15.3100,SIDI_INTRADAY_V2: Fund≥6.5 · DD60≥12% · RSI<40 · MACD↑ · Vol↓ · SPY20≤+1% · Abnormal20≤-10%,SIDI_INTRADAY_V2,True
PODD,Insulet Corporation,Health Care,Health Care Equipment,2023-03-15,131.6900,131.8300,132.5300,128.0100,131.6900,2026-10-02,2026-10-05,31.7600,31.8300,DOWN,-0.4142,-0.5096,-0.3132,True,0.2010,3.9314,0.6260,2.9850,145.2400,193.3800,137.0600,-9.3300,-31.9000,False,-8.3980,BAJISTA,-22.8200,-23.8400,170.6200,172.9200,354.8800,126.4000,-62.8900,4.1900,1.6980,False,False,131.2400,1,144.5200,True,-0.3400,HAMMER|DOJI,6.9200,5.0000,7.5000,7.0000,7,8.5000,7.0000,False,False,True,True,True,False,5.9700,8.9600,1.5000,SIDI_INTRADAY_V2,0.6186,-2.7985,-0.2570,0.9243,294,XLV,True,25.2303,17.4629,6.5700,3.0602,15.5260,0.2602,0.0972,0.1229,0.7107,0.2350,3.2860,66.6850,2.4850,236900000.0000,375300000.0000,0.6312,9344091136,1.1010,2.8600,0.0000,69354199,7.2100,10.0000,6.7500,4.4900,0.0254,FCF/NI:0.63,1,7.0900,True,True,False,False,False,False,VOLUME|ABNORMAL20,False,3-7d,XLV,,UNH|JNJ|LLY,fda_calendar|drug_pricing_policy|patent_cliffs,POST_ANALYSIS_ACTUAL_FILL,LIVE_QUOTE_AT_ANALYSIS,True,1.0000,1.5000,1.0000,-5.0000,7,1.5000,3,SELL_50_PCT_AT_TP1_REST_AT_TP2,MOVE_REMAINDER_TO_BREAK_EVEN,EXIT_AT_OPEN_IF_OPEN_BELOW_SL,SL_FIRST,10,PENDING_ANALYSIS,3.9314,3.9314,5.8971,135.6214,137.5871,125.1055,Indicative levels use the signal close only. Final SL/TP1/TP2 and sizing must be recalculated from the actual post-analysis broker fill.,30,2026-11-04,False,2026-08-05,1.6600,1.4500,14.3000,ALCISTA FUERTE,10,769.6400,7.3400,59.8000,15.3100,SIDI_INTRADAY_V2: Fund≥6.5 · DD60≥12% · RSI<40 · MACD↑ · Vol↓ · SPY20≤+1% · Abnormal20≤-10%,SIDI_INTRADAY_V2,True
DVA,DaVita,Health Care,Health Care Services,2008-07-31,178.6900,176.3500,180.0000,176.2700,178.6900,2026-10-02,2026-10-05,36.4200,44.3000,DOWN,-0.0418,-0.2637,-0.1774,True,0.3490,5.3214,0.8290,2.9780,189.4700,170.0800,180.6600,-5.6900,5.0700,True,3.8651,NEUTRO,-25.8400,-27.8000,240.9600,247.4900,247.4900,101.0000,-27.8000,76.9200,0.6310,True,True,176.5900,1,195.7500,True,-1.1800,BULL_ENGULF,7.2500,8.5000,7.5000,7.5000,7,5.0000,7.5000,True,True,True,True,True,True,5.9600,8.9300,1.5000,SIDI_INTRADAY_V2,0.6186,-3.5928,0.2378,0.1442,294,XLV,True,15.0866,10.4198,-14.9315,0.8184,9.1860,0.8848,0.0751,0.0605,0.3236,0.0520,0.5580,1241.9860,1.4670,1042451584.0000,822476032.0000,1.2675,11465046016,0.7950,7.1500,0.0000,64185000,6.9600,6.6700,6.8700,7.4000,0.0909,D/E:1242,1,7.0800,True,True,False,True,False,False,ABNORMAL20,True,7-15d,XLV,,UNH|JNJ|LLY,fda_calendar|drug_pricing_policy|patent_cliffs,POST_ANALYSIS_ACTUAL_FILL,LIVE_QUOTE_AT_ANALYSIS,True,1.0000,1.5000,1.0000,-5.0000,7,1.5000,3,SELL_50_PCT_AT_TP1_REST_AT_TP2,MOVE_REMAINDER_TO_BREAK_EVEN,EXIT_AT_OPEN_IF_OPEN_BELOW_SL,SL_FIRST,10,PENDING_ANALYSIS,5.3214,5.3214,7.9821,184.0114,186.6721,169.7555,Indicative levels use the signal close only. Final SL/TP1/TP2 and sizing must be recalculated from the actual post-analysis broker fill.,23,2026-10-28,False,2026-08-04,4.0200,3.8800,3.5000,ALCISTA FUERTE,10,769.6400,7.3400,59.8000,15.3100,SIDI_INTRADAY_V2: Fund≥6.5 · DD60≥12% · RSI<40 · MACD↑ · Vol↓ · SPY20≤+1% · Abnormal20≤-10%,SIDI_INTRADAY_V2,True
ZBH,Zimmer Biomet,Health Care,Health Care Equipment,2001-08-07,88.2900,88.1300,88.8100,87.1100,88.2900,2026-10-02,2026-10-05,28.0900,35.7500,DOWN,-0.5908,-0.6264,-0.5374,True,0.1218,2.3955,0.8100,2.7130,95.8400,90.8500,92.4900,-7.8800,-2.8200,True,0.1080,BAJISTA,-12.6800,-13.9400,101.1100,102.5900,105.7500,78.7000,-16.5100,12.1800,0.9000,True,True,86.6500,3,90.6200,True,-1.8600,HAMMER|DOJI,8.0000,7.0000,8.5000,7.5000,10,8.0000,7.0000,True,False,True,True,True,True,5.4300,8.1400,1.5000,SIDI_INTRADAY_V2,0.6186,-6.3910,0.0171,0.9076,294,XLV,True,22.0364,10.0134,1.3708,2.0352,9.4990,0.0641,0.0388,0.0948,0.6952,0.0480,0.3380,60.1750,1.6910,1072150016.0000,806700032.0000,1.3291,17317074944,0.4850,5.2400,1.0900,190737689,6.4600,6.5000,5.1500,7.9500,0.0619,OK,0,7.0800,False,True,False,True,False,False,FUND65|ABNORMAL20,False,5-10d,XLV,,UNH|JNJ|LLY,fda_calendar|drug_pricing_policy|patent_cliffs,POST_ANALYSIS_ACTUAL_FILL,LIVE_QUOTE_AT_ANALYSIS,True,1.0000,1.5000,1.0000,-5.0000,7,1.5000,3,SELL_50_PCT_AT_TP1_REST_AT_TP2,MOVE_REMAINDER_TO_BREAK_EVEN,EXIT_AT_OPEN_IF_OPEN_BELOW_SL,SL_FIRST,10,PENDING_ANALYSIS,2.3955,2.3955,3.5933,90.6855,91.8833,83.8755,Indicative levels use the signal close only. Final SL/TP1/TP2 and sizing must be recalculated from the actual post-analysis broker fill.,31,2026-11-05,False,2026-08-05,2.0700,2.0100,3.0000,ALCISTA FUERTE,10,769.6400,7.3400,59.8000,15.3100,SIDI_INTRADAY_V2: Fund≥6.5 · DD60≥12% · RSI<40 · MACD↑ · Vol↓ · SPY20≤+1% · Abnormal20≤-10%,SIDI_INTRADAY_V2,True
AVGO,Broadcom,Information Technology,Semiconductors,2014-05-08,355.1400,349.8600,357.3500,347.4200,355.1400,2026-10-02,2026-10-05,56.9300,47.3800,UP,0.9598,0.5383,1.1989,True,0.5403,9.9499,0.7290,2.8020,372.6700,366.2600,355.6500,-4.7000,-3.0400,True,-0.5470,BAJISTA,-16.8300,-17.7800,426.9800,431.9400,493.3200,288.9800,-28.0100,22.9000,0.9830,True,True,356.4700,2,368.1500,True,0.3700,NONE,6.9500,6.5000,7.0000,7.5000,8,7.0000,5.0000,False,False,True,False,True,True,5.6000,8.4100,1.5000,SIDI_INTRADAY_V2,0.6186,-5.9598,-0.2937,1.2781,294,XLK,True,46.1284,18.6237,17.2965,19.3500,33.1180,0.4425,0.1537,0.4294,0.7551,0.8550,2.1530,59.6040,2.5040,30596499456.0000,38264999936.0000,0.7996,1724163555328,1.4760,2.0100,0.7300,4773629865,7.1500,10.0000,7.4200,3.5200,0.0177,OK,0,7.0700,True,True,False,False,False,False,RSI40|ABNORMAL20,False,3-7d,XLK,,AAPL|MSFT|NVDA,interest_rates|ai_capex_cycle|semiconductor_cycle,POST_ANALYSIS_ACTUAL_FILL,LIVE_QUOTE_AT_ANALYSIS,True,1.0000,1.5000,1.0000,-5.0000,7,1.5000,3,SELL_50_PCT_AT_TP1_REST_AT_TP2,MOVE_REMAINDER_TO_BREAK_EVEN,EXIT_AT_OPEN_IF_OPEN_BELOW_SL,SL_FIRST,10,PENDING_ANALYSIS,9.9499,9.9499,14.9248,365.0899,370.0648,337.3830,Indicative levels use the signal close only. Final SL/TP1/TP2 and sizing must be recalculated from the actual post-analysis broker fill.,65,2026-12-09,False,2026-09-02,3.3200,3.2400,2.5000,ALCISTA FUERTE,10,769.6400,7.3400,59.8000,15.3100,SIDI_INTRADAY_V2: Fund≥6.5 · DD60≥12% · RSI<40 · MACD↑ · Vol↓ · SPY20≤+1% · Abnormal20≤-10%,SIDI_INTRADAY_V2,True
DLTR,Dollar Tree,Consumer Staples,Consumer Staples Merchandise Retail,2011-12-19,112.1600,114.5800,115.2300,111.1200,112.1600,2026-10-02,2026-10-05,36.0600,22.7800,UP,0.1647,0.2027,-0.0667,False,0.3004,3.5864,0.8390,3.1980,124.0600,117.2800,116.6600,-9.5900,-4.3700,True,0.2651,BAJISTA,-17.9800,-18.1700,136.7500,137.0700,142.4000,84.7100,-21.2400,32.4000,0.5650,True,True,107.5400,1,110.7400,False,-4.1200,HAMMER,6.6000,7.0000,7.5000,7.5000,5,5.0000,7.0000,False,True,True,True,False,True,6.4000,9.5900,1.5000,SIDI_INTRADAY_V2,0.6186,-11.4078,0.6286,1.0828,294,XLP,True,13.7716,14.2895,6.1950,1.0571,11.0460,0.4603,0.0826,0.0804,0.3718,0.0700,1.9720,223.9450,1.1340,1049587520.0000,1618099968.0000,0.6487,21214420992,0.7160,2.6500,0.0000,187630299,7.3900,8.7000,6.3100,7.1100,0.0495,FCF/NI:0.65|D/E:224,2,7.0700,True,True,True,False,False,False,MACD,True,3-7d,XLP,,PG|KO|PEP,inflation|input_costs|fx_rates,POST_ANALYSIS_ACTUAL_FILL,LIVE_QUOTE_AT_ANALYSIS,True,1.0000,1.5000,1.0000,-5.0000,7,1.5000,3,SELL_50_PCT_AT_TP1_REST_AT_TP2,MOVE_REMAINDER_TO_BREAK_EVEN,EXIT_AT_OPEN_IF_OPEN_BELOW_SL,SL_FIRST,10,PENDING_ANALYSIS,3.5864,3.5864,5.3796,115.7464,117.5396,106.5520,Indicative levels use the signal close only. Final SL/TP1/TP2 and sizing must be recalculated from the actual post-analysis broker fill.,-39,2026-12-02,False,2026-08-27,2.7000,1.1400,136.1000,ALCISTA FUERTE,10,769.6400,7.3400,59.8000,15.3100,SIDI_INTRADAY_V2: Fund≥6.5 · DD60≥12% · RSI<40 · MACD↑ · Vol↓ · SPY20≤+1% · Abnormal20≤-10%,SIDI_INTRADAY_V2,True
CHRW,C.H. Robinson,Industrials,Air Freight & Logistics,2007-03-02,157.7200,155.0600,158.3500,154.2900,157.7200,2026-10-02,2026-10-05,50.7400,48.8400,UP,0.7600,0.2730,0.0046,True,0.9468,4.0650,0.7420,2.5770,150.9600,171.1200,151.1600,4.4800,-7.8300,False,-0.1357,BAJISTA,-24.3600,-24.6900,208.5200,209.4300,209.4300,121.7800,-24.6900,29.5100,1.1080,True,True,157.9800,2,182.8500,True,0.1700,NONE,6.9500,6.5000,7.0000,7.5000,8,7.0000,5.0000,False,False,True,False,True,True,5.1500,7.7300,1.5000,SIDI_INTRADAY_V2,0.6186,11.1653,0.1388,0.3634,294,XLI,True,26.0477,18.1458,9.8208,0.9384,21.7100,0.3712,0.0996,0.0373,0.0845,0.1930,0.2380,121.1880,1.5820,480618368.0000,633326976.0000,0.7589,15949028352,0.9490,3.9000,1.6000,116851258,7.1400,9.8500,6.3900,4.8600,0.0301,D/E:121,1,7.0600,True,True,False,False,False,False,RSI40|ABNORMAL20,False,3-7d,XLI,,CAT|UNP|HON,pmi_manufacturing|supply_chain|capex_cycle,POST_ANALYSIS_ACTUAL_FILL,LIVE_QUOTE_AT_ANALYSIS,True,1.0000,1.5000,1.0000,-5.0000,7,1.5000,3,SELL_50_PCT_AT_TP1_REST_AT_TP2,MOVE_REMAINDER_TO_BREAK_EVEN,EXIT_AT_OPEN_IF_OPEN_BELOW_SL,SL_FIRST,10,PENDING_ANALYSIS,4.0650,4.0650,6.0975,161.7850,163.8175,149.8340,Indicative levels use the signal close only. Final SL/TP1/TP2 and sizing must be recalculated from the actual post-analysis broker fill.,23,2026-10-28,False,2026-07-29,1.6100,1.5200,5.6000,ALCISTA FUERTE,10,769.6400,7.3400,59.8000,15.3100,SIDI_INTRADAY_V2: Fund≥6.5 · DD60≥12% · RSI<40 · MACD↑ · Vol↓ · SPY20≤+1% · Abnormal20≤-10%,SIDI_INTRADAY_V2,True
NFLX,Netflix,Communication Services,Movies & Entertainment,2010-12-20,67.0600,67.6000,67.8700,66.7500,67.0600,2026-10-02,2026-10-05,15.5800,31.8700,DOWN,-0.7454,-0.7383,-0.7932,False,0.0762,1.9457,0.8230,2.9010,75.5600,84.0700,72.6400,-11.2500,-20.2300,False,-3.4158,BAJISTA,-18.9400,-19.7800,82.7300,83.6000,124.8600,65.0800,-46.2900,3.0400,1.0780,False,False,65.0800,1,78.4400,True,-2.9500,NONE,6.2500,5.0000,7.5000,5.0000,7,8.0000,5.0000,False,False,True,True,False,False,5.8000,8.7000,1.5000,SIDI_INTRADAY_V2,0.6186,-17.6592,-0.5903,1.0895,294,XLC,True,20.9890,17.5209,9.2176,5.7457,19.4720,0.4954,0.1608,0.2822,0.4912,0.1340,0.1110,55.2360,1.1420,25387552768.0000,13649642496.0000,1.8599,277922152448,1.6130,3.4400,0.0000,4163939676,7.5800,8.2200,7.8400,6.5300,0.0913,OK,0,7.0500,True,True,True,False,False,False,MACD|VOLUME,False,3-7d,XLC,,GOOGL|META|DIS,ad_spending_cycle|streaming_competition|regulation,POST_ANALYSIS_ACTUAL_FILL,LIVE_QUOTE_AT_ANALYSIS,True,1.0000,1.5000,1.0000,-5.0000,7,1.5000,3,SELL_50_PCT_AT_TP1_REST_AT_TP2,MOVE_REMAINDER_TO_BREAK_EVEN,EXIT_AT_OPEN_IF_OPEN_BELOW_SL,SL_FIRST,10,PENDING_ANALYSIS,1.9457,1.9457,2.9185,69.0057,69.9785,63.7070,Indicative levels use the signal close only. Final SL/TP1/TP2 and sizing must be recalculated from the actual post-analysis broker fill.,15,2026-10-20,False,2026-07-16,0.8000,0.7900,1.4000,ALCISTA FUERTE,10,769.6400,7.3400,59.8000,15.3100,SIDI_INTRADAY_V2: Fund≥6.5 · DD60≥12% · RSI<40 · MACD↑ · Vol↓ · SPY20≤+1% · Abnormal20≤-10%,SIDI_INTRADAY_V2,True
ROST,Ross Stores,Consumer Discretionary,Apparel Retail,2009-12-21,228.5400,234.9800,236.0000,227.6600,228.5400,2026-10-02,2026-10-05,47.7400,58.7800,DOWN,0.3898,0.8701,1.2267,False,0.3549,4.9700,0.9010,2.1750,237.4800,217.1300,232.4200,-3.7600,5.2500,True,2.7161,NEUTRO,-10.2800,-10.9000,254.7400,256.5000,256.5000,146.2700,-10.9000,56.2400,1.2110,True,True,231.8400,4,242.3400,True,1.4400,HAMMER|DOJI,7.0000,8.5000,5.0000,7.5000,9,5.0000,7.0000,False,False,False,False,False,True,4.3500,6.5200,1.5000,SIDI_INTRADAY_V2,0.6186,-0.1039,-0.1480,0.5673,294,XLY,True,27.3827,25.2375,10.7355,2.9513,20.0870,0.4263,0.1278,0.1085,0.3338,0.1330,0.7050,70.2810,1.6120,2002041600.0000,2659063040.0000,0.7529,72341757952,0.8370,3.5500,0.7800,319453110,7.0800,10.0000,6.6400,4.1700,0.0277,OK,0,7.0500,True,True,False,False,False,False,DD12|RSI40|MACD|ABNORMAL20,False,7-15d,XLY,,AMZN|TSLA|HD,consumer_spending|employment_data|interest_rates,POST_ANALYSIS_ACTUAL_FILL,LIVE_QUOTE_AT_ANALYSIS,True,1.0000,1.5000,1.0000,-5.0000,7,1.5000,3,SELL_50_PCT_AT_TP1_REST_AT_TP2,MOVE_REMAINDER_TO_BREAK_EVEN,EXIT_AT_OPEN_IF_OPEN_BELOW_SL,SL_FIRST,10,PENDING_ANALYSIS,4.9700,4.9700,7.4550,233.5100,235.9950,217.1130,Indicative levels use the signal close only. Final SL/TP1/TP2 and sizing must be recalculated from the actual post-analysis broker fill.,45,2026-11-19,False,2026-08-20,2.6600,1.9500,36.7000,ALCISTA FUERTE,10,769.6400,7.3400,59.8000,15.3100,SIDI_INTRADAY_V2: Fund≥6.5 · DD60≥12% · RSI<40 · MACD↑ · Vol↓ · SPY20≤+1% · Abnormal20≤-10%,SIDI_INTRADAY_V2,True
DG,Dollar General,Consumer Staples,Consumer Staples Merchandise Retail,2012-12-03,118.9400,119.2500,119.3400,117.3100,118.9400,2026-10-02,2026-10-05,28.7300,37.8800,DOWN,-0.6438,-0.6011,-0.2985,False,0.1527,3.4800,0.8690,2.9260,124.2800,126.1200,122.8000,-4.3000,-5.6900,False,0.8503,BAJISTA,-10.7100,-11.3200,133.2100,134.1300,156.6800,93.7800,-24.0900,26.8300,0.6700,True,True,118.6100,4,125.7800,True,-0.2800,HAMMER,7.2800,5.5000,7.5000,7.5000,10,6.5000,7.0000,False,False,False,True,False,True,5.8500,8.7800,1.5000,SIDI_INTRADAY_V2,0.6186,-2.2991,0.5495,1.1431,294,XLP,True,15.5805,14.4740,2.8494,0.6065,11.2850,0.1969,0.0489,0.0390,0.3116,0.0520,0.3330,169.8110,1.2090,1738019712.0000,1703399040.0000,1.0203,26467395584,0.2260,2.2500,1.9800,220616790,6.8700,7.6200,5.4200,7.6800,0.0657,D/E:170,1,7.0300,True,True,False,False,False,False,DD12|MACD|ABNORMAL20,False,3-7d,XLP,,PG|KO|PEP,inflation|input_costs|fx_rates,POST_ANALYSIS_ACTUAL_FILL,LIVE_QUOTE_AT_ANALYSIS,True,1.0000,1.5000,1.0000,-5.0000,7,1.5000,3,SELL_50_PCT_AT_TP1_REST_AT_TP2,MOVE_REMAINDER_TO_BREAK_EVEN,EXIT_AT_OPEN_IF_OPEN_BELOW_SL,SL_FIRST,10,PENDING_ANALYSIS,3.4800,3.4800,5.2200,122.4200,124.1600,112.9930,Indicative levels use the signal close only. Final SL/TP1/TP2 and sizing must be recalculated from the actual post-analysis broker fill.,-39,2026-12-03,False,2026-08-27,2.4800,2.0100,23.5000,ALCISTA FUERTE,10,769.6400,7.3400,59.8000,15.3100,SIDI_INTRADAY_V2: Fund≥6.5 · DD60≥12% · RSI<40 · MACD↑ · Vol↓ · SPY20≤+1% · Abnormal20≤-10%,SIDI_INTRADAY_V2,True
TER,Teradyne,Information Technology,Semiconductor Materials & Equipment,2020-09-21,449.0400,430.8000,451.8600,427.0300,449.0400,2026-10-02,2026-10-05,91.0300,60.8000,UP,7.3696,5.3588,5.5054,True,1.0861,18.0971,0.6860,4.0300,374.8400,334.8700,389.7500,19.7900,34.0900,True,6.2654,ALCISTA,0.0000,-0.6200,449.0400,451.8600,487.7200,131.5000,-7.9300,241.4900,1.3350,True,True,340.2100,1,444.0000,False,-24.2400,HAMMER,7.6500,10.0000,7.0000,9.5000,4,7.0000,7.0000,False,False,False,False,True,True,8.0600,12.0900,1.5000,SIDI_INTRADAY_V2,0.6186,19.1128,-0.4398,2.2145,294,XLK,True,61.0646,38.1507,20.2372,15.5692,46.5050,0.3646,0.1975,0.2577,0.5924,1.0390,3.8580,2.8830,2.1250,437381248.0000,1150220032.0000,0.3803,69501280256,1.7470,3.2000,0.1200,156340750,6.6200,10.0000,6.9200,2.3400,0.0063,FCF/NI:0.38,1,7.0300,True,True,False,False,False,False,DD12|RSI40|ABNORMAL20,False,10-18d,XLK,,AAPL|MSFT|NVDA,interest_rates|ai_capex_cycle|semiconductor_cycle,POST_ANALYSIS_ACTUAL_FILL,LIVE_QUOTE_AT_ANALYSIS,True,1.0000,1.5000,1.0000,-5.0000,7,1.5000,3,SELL_50_PCT_AT_TP1_REST_AT_TP2,MOVE_REMAINDER_TO_BREAK_EVEN,EXIT_AT_OPEN_IF_OPEN_BELOW_SL,SL_FIRST,10,PENDING_ANALYSIS,18.0971,18.0971,27.1457,467.1371,476.1857,426.5880,Indicative levels use the signal close only. Final SL/TP1/TP2 and sizing must be recalculated from the actual post-analysis broker fill.,16,2026-10-21,False,2026-07-28,2.4700,2.0500,20.3000,ALCISTA FUERTE,10,769.6400,7.3400,59.8000,15.3100,SIDI_INTRADAY_V2: Fund≥6.5 · DD60≥12% · RSI<40 · MACD↑ · Vol↓ · SPY20≤+1% · Abnormal20≤-10%,SIDI_INTRADAY_V2,True
NUE,Nucor,Materials,Steel,1985-04-30,240.3900,238.8800,242.8900,238.0300,240.3900,2026-10-02,2026-10-05,38.4400,37.8600,UP,-1.5623,-2.0252,-1.8028,True,0.2540,7.5561,0.9370,3.1430,255.2300,213.6000,246.5000,-5.8200,12.5400,True,4.5715,NEUTRO,-12.2900,-13.9800,274.0900,279.4500,279.4500,129.8000,-13.9800,85.2000,0.8530,True,True,244.1500,1,263.4000,True,1.5600,NONE,7.4200,8.5000,8.5000,7.5000,7,6.5000,5.0000,True,True,True,True,True,True,6.2900,9.4300,1.5000,SIDI_INTRADAY_V2,0.6186,-8.6029,0.2250,0.8830,294,XLB,True,19.8749,12.4563,2.5575,1.5663,10.5800,0.1455,0.0732,0.0799,0.1555,0.2300,0.9380,30.5120,2.5080,683374976.0000,2872999936.0000,0.2379,56544452608,1.8520,3.1300,0.9300,226875676,6.7500,10.0000,5.9300,3.9000,0.0121,FCF/NI:0.24,1,7.0200,True,True,False,True,False,False,ABNORMAL20,True,7-15d,XLB,,LIN|APD|ECL,commodity_prices|dxy|china_demand|energy_costs,POST_ANALYSIS_ACTUAL_FILL,LIVE_QUOTE_AT_ANALYSIS,True,1.0000,1.5000,1.0000,-5.0000,7,1.5000,3,SELL_50_PCT_AT_TP1_REST_AT_TP2,MOVE_REMAINDER_TO_BREAK_EVEN,EXIT_AT_OPEN_IF_OPEN_BELOW_SL,SL_FIRST,10,PENDING_ANALYSIS,7.5561,7.5561,11.3341,247.9461,251.7241,228.3705,Indicative levels use the signal close only. Final SL/TP1/TP2 and sizing must be recalculated from the actual post-analysis broker fill.,21,2026-10-26,False,2026-07-27,4.8400,4.5300,6.9000,ALCISTA FUERTE,10,769.6400,7.3400,59.8000,15.3100,SIDI_INTRADAY_V2: Fund≥6.5 · DD60≥12% · RSI<40 · MACD↑ · Vol↓ · SPY20≤+1% · Abnormal20≤-10%,SIDI_INTRADAY_V2,True
FIS,Fidelity National Information Services,Financials,Transaction & Payment Processing Services,2006-11-10,32.4400,33.1200,33.1200,32.1000,32.4400,2026-10-02,2026-10-05,12.3400,14.9900,DOWN,-0.2406,-0.2441,-0.2537,True,0.1174,0.9386,0.6520,2.8930,39.5900,45.8000,35.6900,-18.0500,-29.1700,False,-5.5744,BAJISTA,-29.9000,-30.1800,46.2800,46.4600,66.6000,32.1000,-51.2900,1.0600,1.0840,False,False,,0,43.3200,False,,NONE,6.3000,5.0000,8.5000,5.0000,4,10.0000,5.0000,False,False,True,True,True,False,5.7900,8.6800,1.5000,SIDI_INTRADAY_V2,0.6186,-6.9814,-0.6513,1.5026,294,XLF,True,5.0860,4.9435,1.0653,1.4028,10.5690,0.2235,0.0428,0.2765,0.3584,0.2910,,132.5100,0.5350,2653125120.0000,3372999936.0000,0.7866,17113868288,0.8280,3.2800,5.4300,516879151,7.4800,7.5000,5.7300,9.5100,0.1550,OK,0,7.0100,True,True,False,False,False,False,VOLUME|ABNORMAL20,False,3-7d,XLF,,JPM|BAC|WFC,interest_rates|yield_curve|credit_spreads|loan_growth,POST_ANALYSIS_ACTUAL_FILL,LIVE_QUOTE_AT_ANALYSIS,True,1.0000,1.5000,1.0000,-5.0000,7,1.5000,3,SELL_50_PCT_AT_TP1_REST_AT_TP2,MOVE_REMAINDER_TO_BREAK_EVEN,EXIT_AT_OPEN_IF_OPEN_BELOW_SL,SL_FIRST,10,PENDING_ANALYSIS,0.9386,0.9386,1.4079,33.3786,33.8479,30.8180,Indicative levels use the signal close only. Final SL/TP1/TP2 and sizing must be recalculated from the actual post-analysis broker fill.,30,2026-11-04,False,2026-08-04,1.4800,1.4700,54.0000,ALCISTA FUERTE,10,769.6400,7.3400,59.8000,15.3100,SIDI_INTRADAY_V2: Fund≥6.5 · DD60≥12% · RSI<40 · MACD↑ · Vol↓ · SPY20≤+1% · Abnormal20≤-10%,SIDI_INTRADAY_V2,True
GS,Goldman Sachs,Financials,Investment Banking & Brokerage,2002-07-22,902.5600,905.5100,913.0000,897.2600,902.5600,2026-10-02,2026-10-05,26.6300,25.2100,UP,-4.5969,-5.6114,-5.6055,True,0.2067,24.2807,0.8060,2.6900,1001.0600,952.1400,948.6000,-9.8400,-5.2100,True,1.5284,BAJISTA,-21.2700,-21.4000,1146.4600,1148.3700,1148.3700,725.7400,-21.4000,24.3600,0.7500,True,True,890.6900,1,943.2100,True,-1.3100,HAMMER|DOJI,7.6800,7.0000,9.5000,7.5000,8,6.5000,7.0000,True,True,True,True,True,True,5.3800,8.0700,1.5000,SIDI_INTRADAY_V2,0.6186,-8.5542,1.3518,0.5501,294,XLF,True,13.8442,12.3062,2.4759,3.8628,,0.1690,0.0107,0.3104,0.8208,0.4250,0.9230,725.3810,1.5630,,19982000128.0000,,261010391040,1.2840,3.7800,2.2200,291171408,6.5700,10.0000,4.4900,5.0000,,D/E:725,1,7.0100,True,True,False,True,False,False,ABNORMAL20,False,5-10d,XLF,,JPM|BAC|WFC,interest_rates|yield_curve|credit_spreads|loan_growth,POST_ANALYSIS_ACTUAL_FILL,LIVE_QUOTE_AT_ANALYSIS,True,1.0000,1.5000,1.0000,-5.0000,7,1.5000,3,SELL_50_PCT_AT_TP1_REST_AT_TP2,MOVE_REMAINDER_TO_BREAK_EVEN,EXIT_AT_OPEN_IF_OPEN_BELOW_SL,SL_FIRST,10,PENDING_ANALYSIS,24.2807,24.2807,36.4211,926.8407,938.9810,857.4320,Indicative levels use the signal close only. Final SL/TP1/TP2 and sizing must be recalculated from the actual post-analysis broker fill.,8,2026-10-13,False,2026-07-14,20.9800,14.5400,44.3000,ALCISTA FUERTE,10,769.6400,7.3400,59.8000,15.3100,SIDI_INTRADAY_V2: Fund≥6.5 · DD60≥12% · RSI<40 · MACD↑ · Vol↓ · SPY20≤+1% · Abnormal20≤-10%,SIDI_INTRADAY_V2,True
TROW,T. Rowe Price,Financials,Asset Management & Custody Banks,2019-07-29,104.6200,106.6600,107.0100,104.5200,104.6200,2026-10-02,2026-10-05,50.4800,36.3000,UP,0.3116,0.3152,0.1907,False,0.4514,2.0700,0.8300,1.9790,109.1000,101.5500,105.4500,-4.1100,3.0200,True,0.7680,NEUTRO,-12.9500,-13.1800,120.1800,120.5000,120.5000,83.1700,-13.1800,25.7800,1.0290,True,True,103.7400,2,120.0900,True,-0.8400,NONE,6.7000,8.5000,6.0000,7.5000,7,5.0000,5.0000,False,False,True,False,False,True,3.9600,5.9400,1.5000,SIDI_INTRADAY_V2,0.6186,-0.3983,0.4009,0.6163,294,XLF,True,10.3820,10.0157,2.0048,2.9054,6.9860,0.1940,0.1066,0.2926,0.5161,0.1070,0.2860,3.7020,4.0390,2023912448.0000,2167300096.0000,0.9338,22057926656,1.4710,20.7000,4.9700,213315850,7.2200,6.1200,8.0700,7.5200,0.0918,OK,0,7.0100,True,True,False,False,False,False,RSI40|MACD|ABNORMAL20,False,7-15d,XLF,,JPM|BAC|WFC,interest_rates|yield_curve|credit_spreads|loan_growth,POST_ANALYSIS_ACTUAL_FILL,LIVE_QUOTE_AT_ANALYSIS,True,1.0000,1.5000,1.0000,-5.0000,7,1.5000,3,SELL_50_PCT_AT_TP1_REST_AT_TP2,MOVE_REMAINDER_TO_BREAK_EVEN,EXIT_AT_OPEN_IF_OPEN_BELOW_SL,SL_FIRST,10,PENDING_ANALYSIS,2.0700,2.0700,3.1050,106.6900,107.7250,99.3890,Indicative levels use the signal close only. Final SL/TP1/TP2 and sizing must be recalculated from the actual post-analysis broker fill.,25,2026-10-30,False,2026-07-31,2.5700,2.5200,2.0000,ALCISTA FUERTE,10,769.6400,7.3400,59.8000,15.3100,SIDI_INTRADAY_V2: Fund≥6.5 · DD60≥12% · RSI<40 · MACD↑ · Vol↓ · SPY20≤+1% · Abnormal20≤-10%,SIDI_INTRADAY_V2,True
PRU,Prudential Financial,Financials,Life & Health Insurance,2002-07-22,112.6000,111.5000,112.8900,110.6100,112.6000,2026-10-02,2026-10-05,24.6300,40.1800,DOWN,-0.6543,-0.5947,-0.3335,False,-0.0178,2.3793,0.9790,2.1130,119.4900,106.6100,116.9400,-5.7600,5.6200,True,1.1672,NEUTRO,-8.9700,-10.8200,123.7000,126.2600,126.2600,89.6200,-10.8200,25.6400,1.2050,True,True,103.9900,1,124.4700,False,-7.6500,HAMMER|DOJI,7.2000,8.5000,7.5000,7.5000,4,8.0000,7.0000,False,False,False,True,False,True,4.2300,6.3400,1.5000,SIDI_INTRADAY_V2,0.6186,-2.3517,0.0024,1.0104,294,XLF,True,10.2948,7.6485,1.2425,0.6012,11.4110,0.1201,0.0043,0.0601,0.2902,0.1410,0.8920,163.8910,0.7770,7527750144.0000,3872000000.0000,1.9442,39210975232,0.8400,9.8300,4.9700,345000000,6.8700,8.1500,4.7300,7.8600,0.1920,D/E:164,1,7.0000,True,True,False,False,False,False,DD12|MACD|ABNORMAL20,False,7-15d,XLF,,JPM|BAC|WFC,interest_rates|yield_curve|credit_spreads|loan_growth,POST_ANALYSIS_ACTUAL_FILL,LIVE_QUOTE_AT_ANALYSIS,True,1.0000,1.5000,1.0000,-5.0000,7,1.5000,3,SELL_50_PCT_AT_TP1_REST_AT_TP2,MOVE_REMAINDER_TO_BREAK_EVEN,EXIT_AT_OPEN_IF_OPEN_BELOW_SL,SL_FIRST,10,PENDING_ANALYSIS,2.3793,2.3793,3.5690,114.9793,116.1689,106.9700,Indicative levels use the signal close only. Final SL/TP1/TP2 and sizing must be recalculated from the actual post-analysis broker fill.,23,2026-10-28,False,2026-08-04,4.0800,3.5200,16.0000,ALCISTA FUERTE,10,769.6400,7.3400,59.8000,15.3100,SIDI_INTRADAY_V2: Fund≥6.5 · DD60≥12% · RSI<40 · MACD↑ · Vol↓ · SPY20≤+1% · Abnormal20≤-10%,SIDI_INTRADAY_V2,True
PLD,Prologis,Real Estate,Industrial REITs,2003-07-17,128.9100,128.5600,129.7900,128.1300,128.9100,2026-10-02,2026-10-05,30.3400,38.8400,DOWN,-0.4551,-0.4253,-0.0780,False,-0.0001,2.1380,0.8060,1.6590,137.8700,135.9800,133.5200,-6.5000,-5.2000,True,0.7535,BAJISTA,-13.4100,-15.2700,148.8800,152.1400,152.1400,107.6500,-15.2700,19.7500,1.0590,False,False,,0,145.7100,False,,HAMMER,6.3500,7.0000,6.5000,5.0000,5,8.0000,7.0000,False,False,True,True,False,False,3.3200,4.9800,1.5000,SIDI_INTRADAY_V2,0.6186,1.9219,0.1881,1.0598,294,XLRE,True,28.6600,38.6910,2.2424,12.9817,23.7590,0.0775,0.0252,0.4358,0.7555,0.1230,0.8530,63.8230,0.6490,5406941184.0000,4202444032.0000,1.2866,125370630144,1.3240,6.1900,3.3200,950333372,7.4000,10.0000,5.9500,6.0500,0.0431,OK,0,6.9800,True,True,False,False,False,False,MACD|VOLUME|ABNORMAL20,False,3-7d,XLRE,,AMT|EQIX|SPG,interest_rates|cap_rates|occupancy_trends,POST_ANALYSIS_ACTUAL_FILL,LIVE_QUOTE_AT_ANALYSIS,True,1.0000,1.5000,1.0000,-5.0000,7,1.5000,3,SELL_50_PCT_AT_TP1_REST_AT_TP2,MOVE_REMAINDER_TO_BREAK_EVEN,EXIT_AT_OPEN_IF_OPEN_BELOW_SL,SL_FIRST,10,PENDING_ANALYSIS,2.1380,2.1380,3.2070,131.0480,132.1170,122.4645,Indicative levels use the signal close only. Final SL/TP1/TP2 and sizing must be recalculated from the actual post-analysis broker fill.,10,2026-10-15,False,2026-07-16,1.1100,0.7500,48.3000,ALCISTA FUERTE,10,769.6400,7.3400,59.8000,15.3100,SIDI_INTRADAY_V2: Fund≥6.5 · DD60≥12% · RSI<40 · MACD↑ · Vol↓ · SPY20≤+1% · Abnormal20≤-10%,SIDI_INTRADAY_V2,True
VRT,Vertiv,Industrials,Electrical Components & Equipment,2026-03-23,252.1800,250.6400,254.8000,248.5400,252.1800,2026-10-02,2026-10-05,60.6800,38.6100,UP,1.0446,0.5426,0.7326,True,0.5170,9.5361,0.5810,3.7810,260.7200,264.5000,251.1600,-3.2800,-4.6600,False,3.0344,BAJISTA,-20.8900,-22.1000,318.7800,323.7300,379.7600,147.7200,-33.6000,70.7200,0.6290,True,True,249.3000,2,255.4000,True,-1.1400,NONE,6.7500,5.5000,7.0000,7.5000,8,7.0000,5.0000,False,False,True,False,True,True,7.5600,11.3400,1.5000,SIDI_INTRADAY_V2,0.6186,1.9186,0.6854,2.0290,294,XLI,True,57.9434,27.9032,20.7225,8.5891,36.3270,0.4394,0.1089,0.1509,0.3804,0.2410,0.5300,70.1660,1.3790,2696537600.0000,1732000000.0000,1.5569,98599313408,2.0480,2.7200,0.1000,384988173,7.1200,10.0000,7.0900,3.8000,0.0273,OK,0,6.9700,True,True,False,False,False,False,RSI40|ABNORMAL20,False,3-7d,XLI,,CAT|UNP|HON,pmi_manufacturing|supply_chain|capex_cycle,POST_ANALYSIS_ACTUAL_FILL,LIVE_QUOTE_AT_ANALYSIS,True,1.0000,1.5000,1.0000,-5.0000,7,1.5000,3,SELL_50_PCT_AT_TP1_REST_AT_TP2,MOVE_REMAINDER_TO_BREAK_EVEN,EXIT_AT_OPEN_IF_OPEN_BELOW_SL,SL_FIRST,10,PENDING_ANALYSIS,9.5361,9.5361,14.3041,261.7161,266.4841,239.5710,Indicative levels use the signal close only. Final SL/TP1/TP2 and sizing must be recalculated from the actual post-analysis broker fill.,16,2026-10-21,False,2026-07-29,1.5200,1.4300,6.4000,ALCISTA FUERTE,10,769.6400,7.3400,59.8000,15.3100,SIDI_INTRADAY_V2: Fund≥6.5 · DD60≥12% · RSI<40 · MACD↑ · Vol↓ · SPY20≤+1% · Abnormal20≤-10%,SIDI_INTRADAY_V2,True
BKNG,Booking Holdings,Consumer Discretionary,"Hotels, Resorts & Cruise Lines",2009-11-06,159.0200,161.2300,162.2400,158.3800,159.0200,2026-10-02,2026-10-05,26.6500,21.7200,UP,0.0538,-0.0563,-0.6289,True,0.2297,5.5457,0.8220,3.4870,189.2600,181.8500,169.8600,-15.9800,-12.5500,True,-1.6415,BAJISTA,-25.6600,-26.6500,213.9000,216.8000,222.9500,149.4000,-28.6800,6.4400,0.8390,False,False,157.7400,1,176.3700,True,-0.8100,HAMMER|DOJI,6.9200,6.5000,9.5000,5.0000,7,6.5000,7.0000,False,False,True,True,True,False,6.9700,10.4600,1.5000,SIDI_INTRADAY_V2,0.6186,-16.3791,-1.0611,1.4394,294,XLY,True,17.4440,12.7255,-11.0604,4.3172,11.8310,,0.2038,0.2553,0.8723,0.0810,1.3000,,1.0940,7725875200.0000,7208999936.0000,1.0717,121923256320,1.1280,3.2000,1.0600,774878436,6.9900,8.7600,5.7200,6.4100,0.0634,OK,0,6.9600,True,True,True,False,False,False,VOLUME,False,5-10d,XLY,,AMZN|TSLA|HD,consumer_spending|employment_data|interest_rates,POST_ANALYSIS_ACTUAL_FILL,LIVE_QUOTE_AT_ANALYSIS,True,1.0000,1.5000,1.0000,-5.0000,7,1.5000,3,SELL_50_PCT_AT_TP1_REST_AT_TP2,MOVE_REMAINDER_TO_BREAK_EVEN,EXIT_AT_OPEN_IF_OPEN_BELOW_SL,SL_FIRST,10,PENDING_ANALYSIS,5.5457,5.5457,8.3186,164.5657,167.3385,151.0690,Indicative levels use the signal close only. Final SL/TP1/TP2 and sizing must be recalculated from the actual post-analysis broker fill.,22,2026-10-27,False,2026-08-04,2.5400,2.4300,4.5000,ALCISTA FUERTE,10,769.6400,7.3400,59.8000,15.3100,SIDI_INTRADAY_V2: Fund≥6.5 · DD60≥12% · RSI<40 · MACD↑ · Vol↓ · SPY20≤+1% · Abnormal20≤-10%,SIDI_INTRADAY_V2,True
HAS,Hasbro,Consumer Discretionary,Leisure Products,1984-09-30,89.5400,90.1000,90.8500,89.3300,89.5400,2026-10-02,2026-10-05,44.9100,32.9500,UP,0.1676,0.0779,-0.1321,True,0.5748,2.3143,0.9710,2.5850,91.7400,89.2600,89.3500,-2.4000,0.3200,True,1.1736,NEUTRO,-7.4400,-8.8200,96.7400,98.2000,104.6000,67.3300,-14.4000,32.9900,1.0280,False,False,86.8000,5,97.3600,True,-3.0600,NONE,6.7000,8.5000,7.0000,5.0000,9,5.0000,5.0000,False,False,False,False,True,False,5.1700,7.7500,1.5000,SIDI_INTRADAY_V2,0.6186,-1.6249,0.2926,0.2813,294,XLY,True,16.1521,13.8853,18.0869,2.5607,11.6550,1.5956,0.1308,0.1597,0.6382,0.1620,,531.0420,1.6610,688150016.0000,794099968.0000,0.8666,12734904320,0.4410,5.3500,3.1300,141044467,7.1300,7.5000,7.0600,6.7700,0.0540,D/E:531,1,6.9600,True,True,False,False,False,False,DD12|RSI40|VOLUME|ABNORMAL20,False,7-15d,XLY,,AMZN|TSLA|HD,consumer_spending|employment_data|interest_rates,POST_ANALYSIS_ACTUAL_FILL,LIVE_QUOTE_AT_ANALYSIS,True,1.0000,1.5000,1.0000,-5.0000,7,1.5000,3,SELL_50_PCT_AT_TP1_REST_AT_TP2,MOVE_REMAINDER_TO_BREAK_EVEN,EXIT_AT_OPEN_IF_OPEN_BELOW_SL,SL_FIRST,10,PENDING_ANALYSIS,2.3143,2.3143,3.4714,91.8543,93.0115,85.0630,Indicative levels use the signal close only. Final SL/TP1/TP2 and sizing must be recalculated from the actual post-analysis broker fill.,15,2026-10-20,False,2026-07-21,1.2800,1.1300,12.8000,ALCISTA FUERTE,10,769.6400,7.3400,59.8000,15.3100,SIDI_INTRADAY_V2: Fund≥6.5 · DD60≥12% · RSI<40 · MACD↑ · Vol↓ · SPY20≤+1% · Abnormal20≤-10%,SIDI_INTRADAY_V2,True
PSX,Phillips 66,Energy,Oil & Gas Refining & Marketing,2012-05-01,264.5800,261.5200,267.2700,255.8000,264.5800,2026-10-02,2026-10-05,57.2300,50.6900,UP,-1.4860,-2.0246,-2.9476,True,0.6841,9.7179,1.3510,3.6730,240.2600,182.4200,256.7500,10.1200,45.0400,True,7.3578,ALCISTA,-3.5100,-4.5300,274.2100,277.1200,277.1200,123.0900,-4.5300,114.9400,0.6210,True,True,233.5500,1,277.1200,False,-11.7300,BULL_ENGULF,7.0000,10.0000,7.0000,7.5000,4,5.0000,7.5000,False,False,False,False,True,True,7.3500,11.0200,1.5000,SIDI_INTRADAY_V2,0.6186,2.2382,0.1194,1.1015,294,XLE,True,15.3983,10.2794,3.4128,0.7066,12.4170,0.2345,0.0604,0.0466,0.1310,0.5310,3.4490,62.8840,1.3200,4545375232.0000,7085000192.0000,0.6415,107524169728,0.7010,2.4300,1.9200,399020916,6.9300,8.9900,5.6700,6.0000,0.0423,FCF/NI:0.64,1,6.9600,True,True,False,False,False,False,DD12|RSI40|ABNORMAL20,False,10-18d,XLE,,XOM|CVX|COP,oil_price|gas_price|opec_supply|inventories,POST_ANALYSIS_ACTUAL_FILL,LIVE_QUOTE_AT_ANALYSIS,True,1.0000,1.5000,1.0000,-5.0000,7,1.5000,3,SELL_50_PCT_AT_TP1_REST_AT_TP2,MOVE_REMAINDER_TO_BREAK_EVEN,EXIT_AT_OPEN_IF_OPEN_BELOW_SL,SL_FIRST,10,PENDING_ANALYSIS,9.7179,9.7179,14.5769,274.2979,279.1568,251.3510,Indicative levels use the signal close only. Final SL/TP1/TP2 and sizing must be recalculated from the actual post-analysis broker fill.,23,2026-10-28,False,2026-08-05,9.4100,7.5000,25.4000,ALCISTA FUERTE,10,769.6400,7.3400,59.8000,15.3100,SIDI_INTRADAY_V2: Fund≥6.5 · DD60≥12% · RSI<40 · MACD↑ · Vol↓ · SPY20≤+1% · Abnormal20≤-10%,SIDI_INTRADAY_V2,True
ADM,Archer Daniels Midland,Consumer Staples,Agricultural Products & Services,1957-03-04,80.4500,78.6700,80.8600,78.4100,80.4500,2026-10-02,2026-10-05,29.5600,38.2300,DOWN,-0.6712,-0.7995,-0.8345,True,0.2330,2.1543,0.9090,2.6780,81.7000,73.6900,82.0500,-1.5300,9.1800,True,3.5706,NEUTRO,-8.6700,-9.3500,88.0900,88.7500,88.7500,54.0000,-9.3500,48.9800,0.9380,True,True,75.8400,3,82.0400,False,-5.7300,HAMMER,7.4800,8.5000,8.5000,7.5000,6,6.5000,7.0000,False,False,False,True,True,True,5.3600,8.0300,1.5000,SIDI_INTRADAY_V2,0.6186,-7.5978,-0.0743,0.0666,294,XLP,True,22.4658,14.4618,1.6767,0.4814,15.8000,0.0764,0.0226,0.0216,0.0687,0.0720,3.1560,39.1340,1.3890,1164625024.0000,1770000000.0000,0.6580,39520432128,0.6290,4.0100,2.5900,481956527,6.5900,8.8200,5.2400,5.5700,0.0295,FCF/NI:0.66,1,6.9500,True,True,False,False,False,False,DD12|ABNORMAL20,False,7-15d,XLP,,PG|KO|PEP,inflation|input_costs|fx_rates,POST_ANALYSIS_ACTUAL_FILL,LIVE_QUOTE_AT_ANALYSIS,True,1.0000,1.5000,1.0000,-5.0000,7,1.5000,3,SELL_50_PCT_AT_TP1_REST_AT_TP2,MOVE_REMAINDER_TO_BREAK_EVEN,EXIT_AT_OPEN_IF_OPEN_BELOW_SL,SL_FIRST,10,PENDING_ANALYSIS,2.1543,2.1543,3.2315,82.6043,83.6814,76.4275,Indicative levels use the signal close only. Final SL/TP1/TP2 and sizing must be recalculated from the actual post-analysis broker fill.,29,2026-11-03,False,2026-08-04,1.8400,1.4400,28.0000,ALCISTA FUERTE,10,769.6400,7.3400,59.8000,15.3100,SIDI_INTRADAY_V2: Fund≥6.5 · DD60≥12% · RSI<40 · MACD↑ · Vol↓ · SPY20≤+1% · Abnormal20≤-10%,SIDI_INTRADAY_V2,True
BX,Blackstone Inc.,Financials,Asset Management & Custody Banks,2023-09-18,111.7500,112.6400,115.5800,111.6200,111.7500,2026-10-02,2026-10-05,18.2900,23.2700,DOWN,-1.1215,-1.2743,-1.3926,True,0.1280,3.6071,0.8550,3.2280,132.2900,126.5300,121.6600,-15.5200,-11.6800,True,-1.5456,BAJISTA,-25.1600,-25.6200,149.3200,150.2400,163.3700,99.7800,-31.6000,12.0000,1.2760,False,False,111.2500,2,125.7800,True,-0.4500,HAMMER,6.9500,6.5000,8.5000,5.0000,7,8.0000,7.0000,False,False,True,True,True,False,6.4600,9.6800,1.5000,SIDI_INTRADAY_V2,0.6186,-7.6481,0.5726,1.3717,294,XLF,True,25.0738,15.0718,9.9459,8.6525,,0.3137,0.1433,0.2273,1.0000,0.2860,0.5730,68.1850,0.8720,,3519035904.0000,,133968977920,1.5870,6.0900,4.6800,750625114,6.9300,10.0000,6.2700,4.1200,,OK,0,6.9400,True,True,False,False,False,False,VOLUME|ABNORMAL20,False,5-10d,XLF,,JPM|BAC|WFC,interest_rates|yield_curve|credit_spreads|loan_growth,POST_ANALYSIS_ACTUAL_FILL,LIVE_QUOTE_AT_ANALYSIS,True,1.0000,1.5000,1.0000,-5.0000,7,1.5000,3,SELL_50_PCT_AT_TP1_REST_AT_TP2,MOVE_REMAINDER_TO_BREAK_EVEN,EXIT_AT_OPEN_IF_OPEN_BELOW_SL,SL_FIRST,10,PENDING_ANALYSIS,3.6071,3.6071,5.4107,115.3571,117.1607,106.1625,Indicative levels use the signal close only. Final SL/TP1/TP2 and sizing must be recalculated from the actual post-analysis broker fill.,17,2026-10-22,False,2026-07-23,1.5200,1.3400,13.7000,ALCISTA FUERTE,10,769.6400,7.3400,59.8000,15.3100,SIDI_INTRADAY_V2: Fund≥6.5 · DD60≥12% · RSI<40 · MACD↑ · Vol↓ · SPY20≤+1% · Abnormal20≤-10%,SIDI_INTRADAY_V2,True
OXY,Occidental Petroleum,Energy,Oil & Gas Exploration & Production,1957-03-04,58.0800,56.9100,58.1600,56.8100,58.0800,2026-10-02,2026-10-05,39.0800,39.5400,DOWN,-0.2519,-0.4232,-0.6545,True,0.4299,1.6514,1.0470,2.8430,58.2100,53.5900,57.9600,-0.2200,8.3700,True,3.4400,NEUTRO,-8.5600,-8.9200,63.5200,63.7700,66.8300,38.2600,-13.1000,51.7900,0.9370,False,False,57.2800,1,58.7200,True,-1.3800,NONE,6.5000,8.5000,7.5000,5.0000,7,5.0000,5.0000,False,False,False,True,True,False,5.6900,8.5300,1.5000,SIDI_INTRADAY_V2,0.6186,-0.0342,-0.3318,1.2651,294,XLE,True,16.8438,14.5099,1.7715,2.4772,5.6460,0.1063,0.0468,0.3032,0.7332,0.5340,9.6490,34.5110,1.4110,3788124928.0000,3399000064.0000,1.1145,59268501504,0.2450,2.9400,1.9300,999637371,7.2400,9.0100,5.4800,7.2200,0.0639,OK,0,6.9400,True,True,False,False,False,False,DD12|VOLUME|ABNORMAL20,False,7-15d,XLE,,XOM|CVX|COP,oil_price|gas_price|opec_supply|inventories,POST_ANALYSIS_ACTUAL_FILL,LIVE_QUOTE_AT_ANALYSIS,True,1.0000,1.5000,1.0000,-5.0000,7,1.5000,3,SELL_50_PCT_AT_TP1_REST_AT_TP2,MOVE_REMAINDER_TO_BREAK_EVEN,EXIT_AT_OPEN_IF_OPEN_BELOW_SL,SL_FIRST,10,PENDING_ANALYSIS,1.6514,1.6514,2.4771,59.7314,60.5571,55.1760,Indicative levels use the signal close only. Final SL/TP1/TP2 and sizing must be recalculated from the actual post-analysis broker fill.,35,2026-11-09,False,2026-08-05,2.4000,1.8600,29.0000,ALCISTA FUERTE,10,769.6400,7.3400,59.8000,15.3100,SIDI_INTRADAY_V2: Fund≥6.5 · DD60≥12% · RSI<40 · MACD↑ · Vol↓ · SPY20≤+1% · Abnormal20≤-10%,SIDI_INTRADAY_V2,True
RJF,Raymond James Financial,Financials,Investment Banking & Brokerage,2017-03-20,158.2100,159.5000,160.4300,156.5200,158.2100,2026-10-02,2026-10-05,26.2100,12.4700,UP,-0.4108,-0.5488,-0.9236,True,0.2562,3.8073,0.9760,2.4070,171.9300,159.7400,163.7600,-7.9800,-0.9600,True,0.5249,BAJISTA,-12.3800,-13.1200,180.5600,182.1100,182.1100,137.8500,-13.1200,14.7700,0.6980,True,True,155.4300,2,159.6100,True,-1.7600,BULL_ENGULF,7.7300,7.0000,9.5000,7.5000,8,6.5000,7.5000,True,True,True,True,True,True,4.8100,7.2200,1.5000,SIDI_INTRADAY_V2,0.6186,-1.7623,-0.0186,1.2846,294,XLF,True,13.8605,11.1735,2.4052,2.0067,,0.1842,0.0258,0.1513,0.9316,0.1510,0.4200,47.5940,2.1090,,2299000064.0000,,30581663744,0.9460,6.6000,1.3700,192361711,6.4200,8.4100,5.6500,5.0200,,OK,0,6.9400,False,True,False,True,False,False,FUND65|ABNORMAL20,False,5-10d,XLF,,JPM|BAC|WFC,interest_rates|yield_curve|credit_spreads|loan_growth,POST_ANALYSIS_ACTUAL_FILL,LIVE_QUOTE_AT_ANALYSIS,True,1.0000,1.5000,1.0000,-5.0000,7,1.5000,3,SELL_50_PCT_AT_TP1_REST_AT_TP2,MOVE_REMAINDER_TO_BREAK_EVEN,EXIT_AT_OPEN_IF_OPEN_BELOW_SL,SL_FIRST,10,PENDING_ANALYSIS,3.8073,3.8073,5.7110,162.0173,163.9210,150.2995,Indicative levels use the signal close only. Final SL/TP1/TP2 and sizing must be recalculated from the actual post-analysis broker fill.,23,2026-10-28,False,2026-07-22,3.1400,2.9100,7.8000,ALCISTA FUERTE,10,769.6400,7.3400,59.8000,15.3100,SIDI_INTRADAY_V2: Fund≥6.5 · DD60≥12% · RSI<40 · MACD↑ · Vol↓ · SPY20≤+1% · Abnormal20≤-10%,SIDI_INTRADAY_V2,True
SCHW,Charles Schwab Corporation,Financials,Investment Banking & Brokerage,1997-06-02,96.7000,97.2900,98.5500,96.3200,96.7000,2026-10-02,2026-10-05,21.9800,20.5500,UP,-0.7237,-0.7575,-0.9461,True,0.1224,2.4307,1.0810,2.5140,106.2300,97.8700,102.0900,-8.9700,-1.1900,True,1.1197,BAJISTA,-14.9100,-15.5700,113.6500,114.5300,114.5300,83.7200,-15.5700,15.5100,0.9030,True,True,87.3300,3,103.6700,False,-9.6900,NONE,7.5500,7.0000,9.5000,7.5000,7,8.0000,5.0000,True,True,True,True,True,True,5.0300,7.5400,1.5000,SIDI_INTRADAY_V2,0.6186,-2.2692,-0.4273,1.2752,294,XLF,True,17.7286,12.3563,3.8284,6.4675,,0.2027,0.0207,0.3879,0.9749,0.2090,0.4260,151.1060,0.6550,,9722500096.0000,,168316239872,0.7820,2.5500,1.3200,1729335714,6.5100,9.9100,4.7700,4.5800,,D/E:151,1,6.9300,True,True,False,True,False,False,ABNORMAL20,False,3-7d,XLF,,JPM|BAC|WFC,interest_rates|yield_curve|credit_spreads|loan_growth,POST_ANALYSIS_ACTUAL_FILL,LIVE_QUOTE_AT_ANALYSIS,True,1.0000,1.5000,1.0000,-5.0000,7,1.5000,3,SELL_50_PCT_AT_TP1_REST_AT_TP2,MOVE_REMAINDER_TO_BREAK_EVEN,EXIT_AT_OPEN_IF_OPEN_BELOW_SL,SL_FIRST,10,PENDING_ANALYSIS,2.4307,2.4307,3.6460,99.1307,100.3461,91.8650,Indicative levels use the signal close only. Final SL/TP1/TP2 and sizing must be recalculated from the actual post-analysis broker fill.,10,2026-10-15,False,2026-07-21,1.6200,1.5500,4.5000,ALCISTA FUERTE,10,769.6400,7.3400,59.8000,15.3100,SIDI_INTRADAY_V2: Fund≥6.5 · DD60≥12% · RSI<40 · MACD↑ · Vol↓ · SPY20≤+1% · Abnormal20≤-10%,SIDI_INTRADAY_V2,True
COP,ConocoPhillips,Energy,Oil & Gas Exploration & Production,1957-03-04,126.7500,125.0100,127.1300,125.0100,126.7500,2026-10-02,2026-10-05,34.6300,39.0200,DOWN,-0.9891,-1.1771,-1.4863,True,0.2775,3.4750,1.0810,2.7420,127.7500,115.3400,129.0900,-0.7800,9.8900,True,3.7967,NEUTRO,-10.2500,-10.5000,141.2200,141.6200,141.6200,82.9500,-10.5000,52.7900,0.7620,True,True,112.5800,4,126.2100,False,-11.1800,BULL_ENGULF,7.3200,8.5000,7.5000,7.5000,6,6.5000,7.5000,False,True,False,True,True,True,5.4800,8.2200,1.5000,SIDI_INTRADAY_V2,0.6186,-5.1051,-0.3568,1.0826,294,XLE,True,17.0384,13.2997,2.3648,2.3975,6.2680,0.1418,0.0753,0.1440,0.4757,0.3550,1.0700,35.6390,1.5420,7691375104.0000,9253000192.0000,0.8312,154540048384,0.2440,2.5100,2.6500,1201337479,6.6700,7.5000,5.8700,6.6200,0.0498,OK,0,6.9300,True,True,False,False,False,False,DD12|ABNORMAL20,True,7-15d,XLE,,XOM|CVX|SLB,oil_price|gas_price|opec_supply|inventories,POST_ANALYSIS_ACTUAL_FILL,LIVE_QUOTE_AT_ANALYSIS,True,1.0000,1.5000,1.0000,-5.0000,7,1.5000,3,SELL_50_PCT_AT_TP1_REST_AT_TP2,MOVE_REMAINDER_TO_BREAK_EVEN,EXIT_AT_OPEN_IF_OPEN_BELOW_SL,SL_FIRST,10,PENDING_ANALYSIS,3.4750,3.4750,5.2125,130.2250,131.9625,120.4125,Indicative levels use the signal close only. Final SL/TP1/TP2 and sizing must be recalculated from the actual post-analysis broker fill.,31,2026-11-05,False,2026-08-06,3.2400,2.9300,10.6000,ALCISTA FUERTE,10,769.6400,7.3400,59.8000,15.3100,SIDI_INTRADAY_V2: Fund≥6.5 · DD60≥12% · RSI<40 · MACD↑ · Vol↓ · SPY20≤+1% · Abnormal20≤-10%,SIDI_INTRADAY_V2,True
TGT,Target Corporation,Consumer Staples,Consumer Staples Merchandise Retail,1976-12-31,156.0000,157.0000,157.0800,154.7200,156.0000,2026-10-02,2026-10-05,43.6600,37.9500,UP,-0.5328,-0.5403,-0.6307,True,0.3344,3.5464,0.8350,2.2730,155.3900,127.3200,157.3800,0.3900,22.5300,True,5.7570,ALCISTA,-8.1800,-8.6400,169.8900,170.7500,170.7500,81.2000,-8.6400,92.1100,1.2330,False,False,153.7600,2,170.7500,True,-1.4400,HAMMER|DOJI,6.9000,10.0000,7.0000,5.0000,7,5.0000,7.0000,False,False,False,False,True,False,4.5500,6.8200,1.5000,SIDI_INTRADAY_V2,0.6186,-4.6572,0.2111,1.0700,294,XLP,True,15.8738,16.0101,3.8920,0.6448,9.8520,0.2641,0.0569,0.0408,0.2838,0.0530,1.0050,107.5830,0.9880,3432999936.0000,4392000000.0000,0.7816,69445263360,0.9810,3.7100,2.9700,454291461,6.9400,7.6800,6.1400,7.0300,0.0494,D/E:108,1,6.9200,True,True,False,False,False,False,DD12|RSI40|VOLUME|ABNORMAL20,False,10-18d,XLP,,PG|KO|PEP,inflation|input_costs|fx_rates,POST_ANALYSIS_ACTUAL_FILL,LIVE_QUOTE_AT_ANALYSIS,True,1.0000,1.5000,1.0000,-5.0000,7,1.5000,3,SELL_50_PCT_AT_TP1_REST_AT_TP2,MOVE_REMAINDER_TO_BREAK_EVEN,EXIT_AT_OPEN_IF_OPEN_BELOW_SL,SL_FIRST,10,PENDING_ANALYSIS,3.5464,3.5464,5.3196,159.5464,161.3196,148.2000,Indicative levels use the signal close only. Final SL/TP1/TP2 and sizing must be recalculated from the actual post-analysis broker fill.,44,2026-11-18,False,2026-08-19,4.1100,2.3400,75.8000,ALCISTA FUERTE,10,769.6400,7.3400,59.8000,15.3100,SIDI_INTRADAY_V2: Fund≥6.5 · DD60≥12% · RSI<40 · MACD↑ · Vol↓ · SPY20≤+1% · Abnormal20≤-10%,SIDI_INTRADAY_V2,True
TRV,Travelers Companies (The),Financials,Property & Casualty Insurance,2002-08-21,360.3800,361.6000,362.7500,358.3600,360.3800,2026-10-02,2026-10-05,25.8700,43.7900,DOWN,-1.3394,-1.4914,-1.4473,True,0.2482,6.3850,0.8160,1.7720,370.7800,318.1200,365.4900,-2.8000,13.2800,True,2.7548,NEUTRO,-8.9600,-9.3000,395.8700,397.3400,397.3400,248.4600,-9.3000,45.0400,0.6470,True,True,358.1500,2,383.9900,True,-0.6200,NONE,7.4200,8.5000,8.5000,7.5000,7,6.5000,5.0000,False,False,False,True,True,True,3.5400,5.3200,1.5000,SIDI_INTRADAY_V2,0.6186,1.6525,-0.6242,0.8991,294,XLF,True,9.7027,11.9114,2.2751,1.5383,6.8970,0.2651,0.0478,0.1695,0.3473,0.0030,0.5710,27.3780,0.3230,14775124992.0000,8242999808.0000,1.7924,75343560704,0.4370,4.2100,1.3900,208575022,6.5900,5.0000,7.3200,7.5800,0.1961,OK,0,6.9200,True,True,False,False,False,False,DD12|ABNORMAL20,False,5-10d,XLF,,JPM|BAC|WFC,interest_rates|yield_curve|credit_spreads|loan_growth,POST_ANALYSIS_ACTUAL_FILL,LIVE_QUOTE_AT_ANALYSIS,True,1.0000,1.5000,1.0000,-5.0000,7,1.5000,3,SELL_50_PCT_AT_TP1_REST_AT_TP2,MOVE_REMAINDER_TO_BREAK_EVEN,EXIT_AT_OPEN_IF_OPEN_BELOW_SL,SL_FIRST,10,PENDING_ANALYSIS,6.3850,6.3850,9.5775,366.7650,369.9575,342.3610,Indicative levels use the signal close only. Final SL/TP1/TP2 and sizing must be recalculated from the actual post-analysis broker fill.,11,2026-10-16,False,2026-07-17,10.0400,5.3900,86.1000,ALCISTA FUERTE,10,769.6400,7.3400,59.8000,15.3100,SIDI_INTRADAY_V2: Fund≥6.5 · DD60≥12% · RSI<40 · MACD↑ · Vol↓ · SPY20≤+1% · Abnormal20≤-10%,SIDI_INTRADAY_V2,True
APP,AppLovin,Communication Services,Advertising,2025-09-22,268.2200,270.1750,279.9400,266.8400,268.2200,2026-10-02,2026-10-05,20.0600,45.6400,DOWN,-3.2364,-1.7680,0.8112,False,-0.1525,15.6129,0.7510,5.8210,330.7100,456.2200,308.3400,-18.9000,-41.2100,False,-6.3472,BAJISTA,-47.0900,-49.7700,506.9800,534.0300,738.0100,266.8400,-63.6600,0.5200,1.6820,False,False,,0,336.9000,False,,NONE,6.1000,5.0000,7.5000,5.0000,4,10.0000,5.0000,False,False,True,True,False,False,11.6400,17.4600,1.5000,SIDI_INTRADAY_V2,0.6186,-5.0131,1.1923,0.7596,294,XLC,True,21.9531,13.6129,30.2745,13.9959,16.6620,2.0369,0.4646,0.6458,0.8846,0.5280,0.5700,111.1300,4.3000,3179956224.0000,4409847808.0000,0.7211,95579529216,2.5570,2.3600,0.0000,304443000,7.4500,10.0000,7.3000,4.6600,0.0333,FCF/NI:0.72|D/E:111,2,6.9100,True,True,False,False,False,False,MACD|VOLUME|ABNORMAL20,False,3-7d,XLC,,GOOGL|META|NFLX,ad_spending_cycle|streaming_competition|regulation,POST_ANALYSIS_ACTUAL_FILL,LIVE_QUOTE_AT_ANALYSIS,True,1.0000,1.5000,1.0000,-5.0000,7,1.5000,3,SELL_50_PCT_AT_TP1_REST_AT_TP2,MOVE_REMAINDER_TO_BREAK_EVEN,EXIT_AT_OPEN_IF_OPEN_BELOW_SL,SL_FIRST,10,PENDING_ANALYSIS,15.6129,15.6129,23.4194,283.8329,291.6394,254.8090,Indicative levels use the signal close only. Final SL/TP1/TP2 and sizing must be recalculated from the actual post-analysis broker fill.,30,2026-11-04,False,2026-08-05,3.7600,3.7400,43.0000,ALCISTA FUERTE,10,769.6400,7.3400,59.8000,15.3100,SIDI_INTRADAY_V2: Fund≥6.5 · DD60≥12% · RSI<40 · MACD↑ · Vol↓ · SPY20≤+1% · Abnormal20≤-10%,SIDI_INTRADAY_V2,True
PSA,Public Storage,Real Estate,Self-Storage REITs,2005-08-19,283.8100,285.2700,288.9100,283.6000,283.8100,2026-10-02,2026-10-05,39.4600,37.2400,UP,-0.1240,-0.2646,-0.3577,True,0.1857,5.6314,0.8420,1.9840,307.2100,294.3400,291.7300,-7.6200,-3.5800,True,1.0421,BAJISTA,-13.2400,-14.5500,327.1100,332.1400,332.1400,249.0600,-14.5500,13.9500,0.9340,True,True,287.1800,4,305.6300,True,1.1900,NONE,7.5800,7.0000,8.5000,7.5000,10,6.5000,5.0000,True,True,True,True,True,True,3.9700,5.9500,1.5000,SIDI_INTRADAY_V2,0.6186,2.9754,0.2012,1.1619,294,XLRE,True,27.0544,28.7459,10.2776,10.7786,18.6840,0.2193,0.0698,0.4163,0.7442,0.0330,0.4510,109.6320,0.2200,2334240256.0000,1845432960.0000,1.2649,52927782912,0.9290,7.9600,4.2300,186852295,6.4600,6.3700,7.1000,5.8200,0.0441,D/E:110,1,6.9100,False,True,False,True,False,False,FUND65|ABNORMAL20,False,3-7d,XLRE,,PLD|AMT|EQIX,interest_rates|cap_rates|occupancy_trends,POST_ANALYSIS_ACTUAL_FILL,LIVE_QUOTE_AT_ANALYSIS,True,1.0000,1.5000,1.0000,-5.0000,7,1.5000,3,SELL_50_PCT_AT_TP1_REST_AT_TP2,MOVE_REMAINDER_TO_BREAK_EVEN,EXIT_AT_OPEN_IF_OPEN_BELOW_SL,SL_FIRST,10,PENDING_ANALYSIS,5.6314,5.6314,8.4471,289.4414,292.2571,269.6195,Indicative levels use the signal close only. Final SL/TP1/TP2 and sizing must be recalculated from the actual post-analysis broker fill.,23,2026-10-28,False,2026-07-29,2.4500,2.5300,-2.9000,ALCISTA FUERTE,10,769.6400,7.3400,59.8000,15.3100,SIDI_INTRADAY_V2: Fund≥6.5 · DD60≥12% · RSI<40 · MACD↑ · Vol↓ · SPY20≤+1% · Abnormal20≤-10%,SIDI_INTRADAY_V2,True
REG,Regency Centers,Real Estate,Retail REITs,2017-03-02,71.6000,72.0500,72.5000,71.4500,71.6000,2026-10-02,2026-10-05,22.6200,37.1200,DOWN,-0.0705,-0.0502,0.0305,False,0.0642,1.0057,0.8470,1.4050,75.4200,74.9800,73.2900,-5.0600,-4.5100,True,0.9035,BAJISTA,-12.5200,-13.5500,81.8500,82.8200,82.8200,64.4400,-13.5500,11.1000,0.8340,True,True,,0,81.5800,False,,HAMMER,7.0500,7.0000,7.5000,7.5000,5,8.0000,7.0000,False,False,True,True,False,True,2.8100,4.2100,1.5000,SIDI_INTRADAY_V2,0.6186,0.9456,-0.2147,0.7805,294,XLRE,True,24.1043,28.4728,1.9669,7.9407,17.2980,0.0819,0.0323,0.3300,0.7154,0.0890,0.0890,71.9720,0.9640,743363968.0000,542515008.0000,1.3702,13384356864,0.8230,5.2300,4.2200,183120547,6.8200,7.2200,6.0100,7.2900,0.0555,OK,0,6.9100,True,True,False,False,False,False,MACD|ABNORMAL20,False,3-7d,XLRE,,PLD|AMT|EQIX,interest_rates|cap_rates|occupancy_trends,POST_ANALYSIS_ACTUAL_FILL,LIVE_QUOTE_AT_ANALYSIS,True,1.0000,1.5000,1.0000,-5.0000,7,1.5000,3,SELL_50_PCT_AT_TP1_REST_AT_TP2,MOVE_REMAINDER_TO_BREAK_EVEN,EXIT_AT_OPEN_IF_OPEN_BELOW_SL,SL_FIRST,10,PENDING_ANALYSIS,1.0057,1.0057,1.5086,72.6057,73.1085,68.0200,Indicative levels use the signal close only. Final SL/TP1/TP2 and sizing must be recalculated from the actual post-analysis broker fill.,31,2026-11-05,False,2026-07-29,0.6100,0.5900,3.6000,ALCISTA FUERTE,10,769.6400,7.3400,59.8000,15.3100,SIDI_INTRADAY_V2: Fund≥6.5 · DD60≥12% · RSI<40 · MACD↑ · Vol↓ · SPY20≤+1% · Abnormal20≤-10%,SIDI_INTRADAY_V2,True
SMCI,Supermicro,Information Technology,"Technology Hardware, Storage & Peripherals",2024-03-18,43.6900,42.7800,44.5900,42.2800,43.6900,2026-10-02,2026-10-05,71.2500,58.7100,UP,0.0803,-0.0110,0.0860,True,0.9054,2.2429,0.9830,5.1340,36.5200,32.0000,40.3200,19.6500,36.5200,True,2.1132,ALCISTA,0.0000,-2.0200,43.6900,44.5900,58.7800,19.4800,-25.6700,124.2800,1.1530,True,True,35.5000,2,51.4000,False,-18.7600,NONE,6.7500,10.0000,7.0000,7.5000,4,5.0000,5.0000,False,False,False,False,True,True,10.2700,15.4000,1.5000,SIDI_INTRADAY_V2,0.6186,6.2737,0.8661,1.8795,294,XLK,True,13.4018,8.2033,2.7990,0.7235,12.2670,0.2147,0.0788,0.0571,0.1082,0.9320,4.3470,63.9510,3.8720,-8248783872.0000,2195842048.0000,-3.7565,28261881856,2.0090,2.4700,0.0000,646873027,7.0200,10.0000,4.9500,5.9500,-0.2919,FCF/NI:-3.76,1,6.9100,True,True,False,False,False,False,DD12|RSI40|ABNORMAL20,False,10-18d,XLK,,AAPL|MSFT|NVDA,interest_rates|ai_capex_cycle|semiconductor_cycle,POST_ANALYSIS_ACTUAL_FILL,LIVE_QUOTE_AT_ANALYSIS,True,1.0000,1.5000,1.0000,-5.0000,7,1.5000,3,SELL_50_PCT_AT_TP1_REST_AT_TP2,MOVE_REMAINDER_TO_BREAK_EVEN,EXIT_AT_OPEN_IF_OPEN_BELOW_SL,SL_FIRST,10,PENDING_ANALYSIS,2.2429,2.2429,3.3643,45.9329,47.0543,41.5055,Indicative levels use the signal close only. Final SL/TP1/TP2 and sizing must be recalculated from the actual post-analysis broker fill.,29,2026-11-03,False,2026-08-11,1.7000,0.9600,77.5000,ALCISTA FUERTE,10,769.6400,7.3400,59.8000,15.3100,SIDI_INTRADAY_V2: Fund≥6.5 · DD60≥12% · RSI<40 · MACD↑ · Vol↓ · SPY20≤+1% · Abnormal20≤-10%,SIDI_INTRADAY_V2,True
NTRS,Northern Trust,Financials,Asset Management & Custody Banks,1998-01-30,171.4000,169.2000,171.8500,168.2700,171.4000,2026-10-02,2026-10-05,28.5100,31.3200,DOWN,-0.7647,-0.9554,-0.7687,True,0.2277,3.8371,0.9640,2.2390,181.8800,161.5000,176.4200,-5.7600,6.1300,True,3.1192,NEUTRO,-10.0600,-12.0400,190.5700,194.8600,194.8600,118.6100,-12.0400,44.5100,1.0390,False,False,174.2600,1,168.6600,True,1.6700,HAMMER|DOJI,7.1200,8.5000,8.5000,5.0000,7,6.5000,7.0000,False,False,False,True,True,False,4.4800,6.7200,1.5000,SIDI_INTRADAY_V2,0.6186,-3.7701,0.2943,0.7743,294,XLF,True,14.6336,13.2911,2.4898,3.4301,,0.1707,0.0128,0.2467,0.0000,0.3640,0.9860,,,,2181299968.0000,,31163752448,1.2530,4.1900,1.9100,182955653,6.7600,10.0000,5.0900,4.9300,,OK,0,6.9000,True,True,False,False,False,False,DD12|VOLUME|ABNORMAL20,False,5-10d,XLF,,JPM|BAC|WFC,interest_rates|yield_curve|credit_spreads|loan_growth,POST_ANALYSIS_ACTUAL_FILL,LIVE_QUOTE_AT_ANALYSIS,True,1.0000,1.5000,1.0000,-5.0000,7,1.5000,3,SELL_50_PCT_AT_TP1_REST_AT_TP2,MOVE_REMAINDER_TO_BREAK_EVEN,EXIT_AT_OPEN_IF_OPEN_BELOW_SL,SL_FIRST,10,PENDING_ANALYSIS,3.8371,3.8371,5.7557,175.2371,177.1557,162.8300,Indicative levels use the signal close only. Final SL/TP1/TP2 and sizing must be recalculated from the actual post-analysis broker fill.,16,2026-10-21,False,2026-07-22,4.2300,4.6200,-8.3000,ALCISTA FUERTE,10,769.6400,7.3400,59.8000,15.3100,SIDI_INTRADAY_V2: Fund≥6.5 · DD60≥12% · RSI<40 · MACD↑ · Vol↓ · SPY20≤+1% · Abnormal20≤-10%,SIDI_INTRADAY_V2,True
PLTR,Palantir Technologies,Information Technology,Application Software,2024-09-23,188.7500,193.0300,194.7800,188.2600,188.7500,2026-10-02,2026-10-05,75.1000,69.3600,UP,0.0614,0.2214,0.4917,False,0.7403,5.7459,0.7680,3.0440,169.7800,152.1000,182.6200,11.1800,24.0900,True,0.4942,ALCISTA,-1.9900,-3.1000,192.5900,194.7800,207.5200,106.3700,-9.0400,77.4500,0.7740,True,True,131.6300,1,188.3700,False,-30.2600,HAMMER|DOJI,7.0500,10.0000,6.0000,7.5000,4,7.0000,7.0000,False,False,False,False,False,True,6.0900,9.1300,1.5000,SIDI_INTRADAY_V2,0.6186,1.1506,1.0741,0.3783,294,XLK,True,162.0801,80.2048,46.2175,73.3935,166.9370,0.3810,0.1729,0.4901,0.8480,0.9280,2.1540,2.1390,7.2280,2159104512.0000,3016691968.0000,0.7157,451805970432,1.6020,2.0800,0.0000,2300713329,6.8000,10.0000,8.0000,1.6800,0.0048,FCF/NI:0.72,1,6.9000,True,True,False,False,False,False,DD12|RSI40|MACD|ABNORMAL20,False,10-18d,XLK,,AAPL|MSFT|NVDA,interest_rates|ai_capex_cycle|semiconductor_cycle,POST_ANALYSIS_ACTUAL_FILL,LIVE_QUOTE_AT_ANALYSIS,True,1.0000,1.5000,1.0000,-5.0000,7,1.5000,3,SELL_50_PCT_AT_TP1_REST_AT_TP2,MOVE_REMAINDER_TO_BREAK_EVEN,EXIT_AT_OPEN_IF_OPEN_BELOW_SL,SL_FIRST,10,PENDING_ANALYSIS,5.7459,5.7459,8.6189,194.4959,197.3689,179.3125,Indicative levels use the signal close only. Final SL/TP1/TP2 and sizing must be recalculated from the actual post-analysis broker fill.,28,2026-11-02,False,2026-08-03,0.4100,0.3500,18.5000,ALCISTA FUERTE,10,769.6400,7.3400,59.8000,15.3100,SIDI_INTRADAY_V2: Fund≥6.5 · DD60≥12% · RSI<40 · MACD↑ · Vol↓ · SPY20≤+1% · Abnormal20≤-10%,SIDI_INTRADAY_V2,True
WELL,Welltower,Real Estate,Health Care REITs,2009-01-30,227.7100,226.8700,229.9300,225.3600,227.7100,2026-10-02,2026-10-05,39.1500,40.6600,DOWN,-0.4991,-0.4359,-0.1336,False,0.0800,4.6564,0.9170,2.0450,235.4300,212.9400,232.2500,-3.2800,6.9400,True,1.7099,NEUTRO,-9.3200,-10.4400,251.1200,254.2400,254.2400,161.3700,-10.4400,41.1100,1.0000,True,True,226.7400,3,237.7700,True,-0.4300,NONE,7.5500,8.5000,6.5000,7.5000,9,8.0000,5.0000,False,False,False,True,False,True,4.0900,6.1300,1.5000,SIDI_INTRADAY_V2,0.6186,0.4719,-0.3840,1.2097,294,XLRE,True,101.4125,71.1163,3.5028,12.7677,54.8180,0.0384,0.0083,0.1215,0.3956,0.3910,0.3560,41.3750,1.3170,2756164352.0000,1550674048.0000,1.7774,162957361152,0.7470,7.2400,1.4900,720572011,6.4600,10.0000,5.9600,2.9200,0.0169,OK,0,6.9000,False,True,False,False,False,False,DD12|MACD|FUND65|ABNORMAL20,False,7-15d,XLRE,,PLD|AMT|EQIX,interest_rates|cap_rates|occupancy_trends,POST_ANALYSIS_ACTUAL_FILL,LIVE_QUOTE_AT_ANALYSIS,True,1.0000,1.5000,1.0000,-5.0000,7,1.5000,3,SELL_50_PCT_AT_TP1_REST_AT_TP2,MOVE_REMAINDER_TO_BREAK_EVEN,EXIT_AT_OPEN_IF_OPEN_BELOW_SL,SL_FIRST,10,PENDING_ANALYSIS,4.6564,4.6564,6.9846,232.3664,234.6946,216.3245,Indicative levels use the signal close only. Final SL/TP1/TP2 and sizing must be recalculated from the actual post-analysis broker fill.,21,2026-10-26,False,2026-07-27,0.5400,0.6500,-16.9000,ALCISTA FUERTE,10,769.6400,7.3400,59.8000,15.3100,SIDI_INTRADAY_V2: Fund≥6.5 · DD60≥12% · RSI<40 · MACD↑ · Vol↓ · SPY20≤+1% · Abnormal20≤-10%,SIDI_INTRADAY_V2,True
HSY,Hershey Company (The),Consumer Staples,Packaged Foods & Meats,1957-03-04,160.1900,159.0000,161.0000,158.7800,160.1900,2026-10-02,2026-10-05,21.2100,29.8500,DOWN,-0.8378,-0.9893,-0.7264,True,0.1168,3.1743,0.7810,1.9820,175.8000,188.6400,167.3900,-8.8800,-15.0800,False,-0.5958,BAJISTA,-15.6600,-15.8900,189.9400,190.4600,235.8000,156.1600,-32.0600,2.5800,0.7840,False,False,,0,177.2400,False,,NONE,6.3000,5.0000,8.5000,5.0000,4,10.0000,5.0000,False,False,True,True,True,False,3.9600,5.9400,1.5000,SIDI_INTRADAY_V2,0.6186,0.5016,-0.1023,1.2104,294,XLP,True,22.1441,16.4411,7.1379,2.6775,13.7120,0.3281,0.0992,0.1224,0.3838,0.0660,6.3100,129.8210,1.1800,1743636352.0000,1489106944.0000,1.1709,32569044992,0.0890,7.6300,3.6300,146312143,7.2600,8.4600,6.5800,6.6600,0.0535,D/E:130,1,6.8800,True,True,False,False,False,False,VOLUME|ABNORMAL20,False,3-7d,XLP,,PG|KO|PEP,inflation|input_costs|fx_rates,POST_ANALYSIS_ACTUAL_FILL,LIVE_QUOTE_AT_ANALYSIS,True,1.0000,1.5000,1.0000,-5.0000,7,1.5000,3,SELL_50_PCT_AT_TP1_REST_AT_TP2,MOVE_REMAINDER_TO_BREAK_EVEN,EXIT_AT_OPEN_IF_OPEN_BELOW_SL,SL_FIRST,10,PENDING_ANALYSIS,3.1743,3.1743,4.7614,163.3643,164.9514,152.1805,Indicative levels use the signal close only. Final SL/TP1/TP2 and sizing must be recalculated from the actual post-analysis broker fill.,31,2026-11-05,False,2026-07-30,1.9000,1.4300,33.1000,ALCISTA FUERTE,10,769.6400,7.3400,59.8000,15.3100,SIDI_INTRADAY_V2: Fund≥6.5 · DD60≥12% · RSI<40 · MACD↑ · Vol↓ · SPY20≤+1% · Abnormal20≤-10%,SIDI_INTRADAY_V2,True
MPWR,Monolithic Power Systems,Information Technology,Semiconductors,2021-02-12,1439.7300,1406.0000,1455.9900,1393.1300,1439.7300,2026-10-02,2026-10-05,84.2200,64.5500,UP,21.1596,18.2505,22.6575,True,0.9466,54.2442,0.7930,3.7680,1302.7300,1279.3300,1311.8400,10.5200,12.5400,True,2.8009,ALCISTA,0.0000,-8.0600,1439.7300,1565.9000,1708.9500,827.6300,-15.7500,73.9600,0.9560,True,True,1232.5300,3,1473.2000,False,-14.3900,HAMMER|HAMMER|DOJI,7.5500,10.0000,7.0000,7.5000,6,7.0000,7.0000,False,False,False,False,True,True,7.5400,11.3000,1.5000,SIDI_INTRADAY_V2,0.6186,12.4597,0.1542,1.2995,294,XLK,True,87.4042,41.0839,18.1272,21.5739,69.3380,0.2198,0.1357,0.2450,0.5520,0.4760,0.8580,0.4860,4.9750,444316128.0000,801945984.0000,0.5540,70614810624,1.6810,3.1000,0.5600,49143000,6.4400,9.6500,6.9100,2.1500,0.0063,FCF/NI:0.55,1,6.8800,False,True,False,False,False,False,DD12|RSI40|FUND65|ABNORMAL20,False,10-18d,XLK,,AAPL|MSFT|NVDA,interest_rates|ai_capex_cycle|semiconductor_cycle,POST_ANALYSIS_ACTUAL_FILL,LIVE_QUOTE_AT_ANALYSIS,True,1.0000,1.5000,1.0000,-5.0000,7,1.5000,3,SELL_50_PCT_AT_TP1_REST_AT_TP2,MOVE_REMAINDER_TO_BREAK_EVEN,EXIT_AT_OPEN_IF_OPEN_BELOW_SL,SL_FIRST,10,PENDING_ANALYSIS,54.2442,54.2442,81.3663,1493.9742,1521.0963,1367.7435,Indicative levels use the signal close only. Final SL/TP1/TP2 and sizing must be recalculated from the actual post-analysis broker fill.,24,2026-10-29,False,2026-07-30,6.5000,5.8800,10.5000,ALCISTA FUERTE,10,769.6400,7.3400,59.8000,15.3100,SIDI_INTRADAY_V2: Fund≥6.5 · DD60≥12% · RSI<40 · MACD↑ · Vol↓ · SPY20≤+1% · Abnormal20≤-10%,SIDI_INTRADAY_V2,True
EBAY,eBay Inc.,Consumer Discretionary,Broadline Retail,2002-07-22,106.4000,106.8200,108.3800,105.6700,106.4000,2026-10-02,2026-10-05,42.4400,60.8600,DOWN,-0.3195,-0.3344,-0.2004,True,0.3973,3.3136,0.9830,3.1140,107.1600,100.5600,107.1400,-0.7100,5.8100,True,2.6317,NEUTRO,-9.1300,-9.6600,117.0800,117.7700,118.6200,77.3200,-10.3000,37.6100,0.5790,True,True,105.9800,5,110.1900,True,-0.3900,NONE,7.0000,8.5000,6.0000,7.5000,9,5.0000,5.0000,False,False,False,False,True,True,6.2300,9.3400,1.5000,SIDI_INTRADAY_V2,0.6186,0.3356,-0.0869,0.4376,294,XLY,True,22.4863,15.9120,10.1889,3.9582,16.5310,0.4661,0.0915,0.1857,0.7205,0.1480,0.5500,153.0120,1.0190,1579624960.0000,2193999872.0000,0.7200,47530450944,1.3220,4.0300,1.1700,445000000,6.7600,10.0000,5.1900,4.8000,0.0332,FCF/NI:0.72|D/E:153,2,6.8600,True,True,False,False,False,False,DD12|RSI40|ABNORMAL20,False,7-15d,XLY,,AMZN|TSLA|HD,consumer_spending|employment_data|interest_rates,POST_ANALYSIS_ACTUAL_FILL,LIVE_QUOTE_AT_ANALYSIS,True,1.0000,1.5000,1.0000,-5.0000,7,1.5000,3,SELL_50_PCT_AT_TP1_REST_AT_TP2,MOVE_REMAINDER_TO_BREAK_EVEN,EXIT_AT_OPEN_IF_OPEN_BELOW_SL,SL_FIRST,10,PENDING_ANALYSIS,3.3136,3.3136,4.9704,109.7136,111.3704,101.0800,Indicative levels use the signal close only. Final SL/TP1/TP2 and sizing must be recalculated from the actual post-analysis broker fill.,30,2026-11-04,False,2026-08-05,1.6000,1.5100,6.2000,ALCISTA FUERTE,10,769.6400,7.3400,59.8000,15.3100,SIDI_INTRADAY_V2: Fund≥6.5 · DD60≥12% · RSI<40 · MACD↑ · Vol↓ · SPY20≤+1% · Abnormal20≤-10%,SIDI_INTRADAY_V2,True
C,Citigroup,Financials,Diversified Banks,1988-05-31,128.5000,128.3500,128.7200,126.8100,128.5000,2026-10-02,2026-10-05,32.5000,40.8800,DOWN,-0.6873,-0.7115,-0.4359,True,0.1261,3.4871,1.0200,2.7140,133.8500,125.0300,132.2400,-4.0000,2.7700,True,2.4952,NEUTRO,-8.2700,-10.4900,140.0800,143.5600,147.2100,91.7200,-12.7100,40.1000,0.7780,True,True,130.3500,4,133.9700,True,1.4400,HAMMER|HAMMER|DOJI,7.9500,8.5000,7.5000,7.5000,9,8.0000,7.0000,False,False,False,True,True,True,5.4300,8.1400,1.5000,SIDI_INTRADAY_V2,0.6186,1.6165,0.7895,0.9550,294,XLF,True,13.9104,9.9868,1.1226,2.6443,,0.0853,0.0066,0.2183,0.0000,0.1550,0.6100,,,,16460000256.0000,,216070635520,1.1110,2.8200,2.0900,1677436783,6.1200,8.5100,4.2600,5.5100,,OK,0,6.8500,False,True,False,False,False,False,DD12|FUND65|ABNORMAL20,False,7-15d,XLF,,JPM|BAC|WFC,interest_rates|yield_curve|credit_spreads|loan_growth,POST_ANALYSIS_ACTUAL_FILL,LIVE_QUOTE_AT_ANALYSIS,True,1.0000,1.5000,1.0000,-5.0000,7,1.5000,3,SELL_50_PCT_AT_TP1_REST_AT_TP2,MOVE_REMAINDER_TO_BREAK_EVEN,EXIT_AT_OPEN_IF_OPEN_BELOW_SL,SL_FIRST,10,PENDING_ANALYSIS,3.4871,3.4871,5.2306,131.9871,133.7306,122.0750,Indicative levels use the signal close only. Final SL/TP1/TP2 and sizing must be recalculated from the actual post-analysis broker fill.,8,2026-10-13,False,2026-07-14,3.1400,2.7100,15.6000,ALCISTA FUERTE,10,769.6400,7.3400,59.8000,15.3100,SIDI_INTRADAY_V2: Fund≥6.5 · DD60≥12% · RSI<40 · MACD↑ · Vol↓ · SPY20≤+1% · Abnormal20≤-10%,SIDI_INTRADAY_V2,True
PWR,Quanta Services,Industrials,Construction & Engineering,2009-07-01,676.5600,669.6400,683.6700,668.0700,676.5600,2026-10-02,2026-10-05,72.5800,57.6900,UP,5.1331,4.0029,3.9717,True,1.0927,19.2416,0.7280,2.8440,642.9300,605.4500,643.4900,5.2300,11.7500,True,3.2056,ALCISTA,-6.3200,-6.6400,722.1900,724.6800,788.4900,404.1900,-14.2000,67.3800,1.0530,True,True,686.8000,2,707.9400,True,1.5100,BULL_ENGULF,7.7500,10.0000,7.0000,7.5000,7,7.0000,7.5000,False,False,False,False,True,True,5.6900,8.5300,1.5000,SIDI_INTRADAY_V2,0.6186,12.5097,0.3201,1.4391,294,XLI,True,78.6942,34.7427,10.7116,3.1389,35.4410,0.1534,0.0523,0.0403,0.1546,0.4110,0.9470,67.7800,1.0980,1955491328.0000,1326876032.0000,1.4738,103285907456,1.2670,3.0200,0.0700,150343393,6.2500,10.0000,5.1900,3.1000,0.0189,OK,0,6.8500,False,True,False,False,False,False,DD12|RSI40|FUND65|ABNORMAL20,False,10-18d,XLI,,CAT|UNP|HON,pmi_manufacturing|supply_chain|capex_cycle,POST_ANALYSIS_ACTUAL_FILL,LIVE_QUOTE_AT_ANALYSIS,True,1.0000,1.5000,1.0000,-5.0000,7,1.5000,3,SELL_50_PCT_AT_TP1_REST_AT_TP2,MOVE_REMAINDER_TO_BREAK_EVEN,EXIT_AT_OPEN_IF_OPEN_BELOW_SL,SL_FIRST,10,PENDING_ANALYSIS,19.2416,19.2416,28.8624,695.8016,705.4224,642.7320,Indicative levels use the signal close only. Final SL/TP1/TP2 and sizing must be recalculated from the actual post-analysis broker fill.,24,2026-10-29,False,2026-07-30,4.2400,3.3100,28.1000,ALCISTA FUERTE,10,769.6400,7.3400,59.8000,15.3100,SIDI_INTRADAY_V2: Fund≥6.5 · DD60≥12% · RSI<40 · MACD↑ · Vol↓ · SPY20≤+1% · Abnormal20≤-10%,SIDI_INTRADAY_V2,True
ADI,Analog Devices,Information Technology,Semiconductors,1999-10-12,417.1500,415.6100,421.7000,414.0000,417.1500,2026-10-02,2026-10-05,87.5900,67.4100,UP,4.2963,3.6467,3.7928,True,1.0363,10.8350,0.8660,2.5970,374.8600,357.8000,386.1100,11.2800,16.5900,True,3.5272,ALCISTA,0.0000,-1.0800,417.1500,421.7000,444.5600,220.7100,-6.1600,89.0000,0.8150,True,True,380.5100,3,438.7100,False,-8.7800,HAMMER,7.2500,10.0000,7.0000,7.5000,6,5.0000,7.0000,False,False,False,False,True,True,5.1900,7.7900,1.5000,SIDI_INTRADAY_V2,0.6186,13.1739,0.5365,0.6733,294,XLK,True,49.2837,25.3833,5.9933,14.4852,30.1870,0.1223,0.0641,0.2979,0.6580,0.3960,1.6350,27.3140,1.2500,4147339008.0000,4135003904.0000,1.0030,201079652352,1.2310,2.3300,1.0500,484565465,6.5500,9.5800,5.6000,4.1300,0.0206,OK,0,6.8300,True,True,False,False,False,False,DD12|RSI40|ABNORMAL20,False,10-18d,XLK,,AAPL|MSFT|NVDA,interest_rates|ai_capex_cycle|semiconductor_cycle,POST_ANALYSIS_ACTUAL_FILL,LIVE_QUOTE_AT_ANALYSIS,True,1.0000,1.5000,1.0000,-5.0000,7,1.5000,3,SELL_50_PCT_AT_TP1_REST_AT_TP2,MOVE_REMAINDER_TO_BREAK_EVEN,EXIT_AT_OPEN_IF_OPEN_BELOW_SL,SL_FIRST,10,PENDING_ANALYSIS,10.8350,10.8350,16.2525,427.9850,433.4025,396.2925,Indicative levels use the signal close only. Final SL/TP1/TP2 and sizing must be recalculated from the actual post-analysis broker fill.,50,2026-11-24,False,2026-08-19,3.4500,3.3400,3.3000,ALCISTA FUERTE,10,769.6400,7.3400,59.8000,15.3100,SIDI_INTRADAY_V2: Fund≥6.5 · DD60≥12% · RSI<40 · MACD↑ · Vol↓ · SPY20≤+1% · Abnormal20≤-10%,SIDI_INTRADAY_V2,True
ULTA,Ulta Beauty,Consumer Discretionary,Other Specialty Retail,2016-04-18,543.6900,537.7400,548.1600,535.7700,543.6900,2026-10-02,2026-10-05,47.3900,41.7800,UP,-1.7353,-1.7829,-1.0667,True,0.4223,14.8707,0.9120,2.7350,534.5600,555.6700,543.6800,1.7100,-2.1600,False,-0.0637,BAJISTA,-3.8000,-4.3500,565.1500,568.4400,714.9700,443.6000,-23.9600,22.5600,0.6940,True,True,503.0500,1,543.2100,False,-7.4700,HAMMER,6.4000,6.5000,7.0000,7.5000,5,5.0000,7.0000,False,False,False,False,True,True,5.4700,8.2100,1.5000,SIDI_INTRADAY_V2,0.6186,-0.8473,-0.1687,0.4547,294,XLY,True,19.9109,17.0313,8.8461,1.8032,13.2120,0.4612,0.1484,0.0934,0.4310,0.0890,0.1330,95.4720,1.3450,914087360.0000,1210027008.0000,0.7554,23360757760,0.8380,3.5100,0.0000,42757471,7.0800,9.1800,6.3700,5.4400,0.0391,D/E:95,1,6.8100,True,True,False,False,False,False,DD12|RSI40|ABNORMAL20,False,3-7d,XLY,,AMZN|TSLA|HD,consumer_spending|employment_data|interest_rates,POST_ANALYSIS_ACTUAL_FILL,LIVE_QUOTE_AT_ANALYSIS,True,1.0000,1.5000,1.0000,-5.0000,7,1.5000,3,SELL_50_PCT_AT_TP1_REST_AT_TP2,MOVE_REMAINDER_TO_BREAK_EVEN,EXIT_AT_OPEN_IF_OPEN_BELOW_SL,SL_FIRST,10,PENDING_ANALYSIS,14.8707,14.8707,22.3060,558.5607,565.9961,516.5055,Indicative levels use the signal close only. Final SL/TP1/TP2 and sizing must be recalculated from the actual post-analysis broker fill.,59,2026-12-03,False,2026-08-27,6.5500,6.2000,5.6000,ALCISTA FUERTE,10,769.6400,7.3400,59.8000,15.3100,SIDI_INTRADAY_V2: Fund≥6.5 · DD60≥12% · RSI<40 · MACD↑ · Vol↓ · SPY20≤+1% · Abnormal20≤-10%,SIDI_INTRADAY_V2,True
BLK,BlackRock,Financials,Asset Management & Custody Banks,2011-04-04,1059.6300,1075.4200,1089.3700,1058.2300,1059.6300,2026-10-02,2026-10-05,48.2900,43.1800,UP,0.1481,0.2251,0.4895,False,0.3401,24.0564,0.9590,2.2700,1106.0500,1050.9300,1076.8500,-4.2000,0.8300,True,0.3898,NEUTRO,-9.9600,-10.2900,1176.8000,1181.1100,1194.4100,907.5900,-11.2800,16.7500,1.0740,True,True,1018.9800,3,1072.2100,True,-3.8400,NONE,7.0000,8.5000,6.0000,7.5000,9,5.0000,5.0000,False,False,False,False,False,True,4.5400,6.8100,1.5000,SIDI_INTRADAY_V2,0.6186,5.0351,0.6134,1.0391,294,XLF,True,25.3499,16.4914,2.8494,6.3036,15.4870,0.1228,0.0374,0.2409,0.4715,0.3060,0.1960,23.1920,2.4470,7578124800.0000,6576000000.0000,1.1524,172081790976,1.4210,3.7200,2.1600,154869259,6.6700,7.4800,6.8600,5.5000,0.0440,OK,0,6.8000,True,True,False,False,False,False,DD12|RSI40|MACD|ABNORMAL20,False,7-15d,XLF,,JPM|BAC|WFC,interest_rates|yield_curve|credit_spreads|loan_growth,POST_ANALYSIS_ACTUAL_FILL,LIVE_QUOTE_AT_ANALYSIS,True,1.0000,1.5000,1.0000,-5.0000,7,1.5000,3,SELL_50_PCT_AT_TP1_REST_AT_TP2,MOVE_REMAINDER_TO_BREAK_EVEN,EXIT_AT_OPEN_IF_OPEN_BELOW_SL,SL_FIRST,10,PENDING_ANALYSIS,24.0564,24.0564,36.0846,1083.6864,1095.7146,1006.6485,Indicative levels use the signal close only. Final SL/TP1/TP2 and sizing must be recalculated from the actual post-analysis broker fill.,9,2026-10-14,False,2026-07-15,13.9100,12.6900,9.6000,ALCISTA FUERTE,10,769.6400,7.3400,59.8000,15.3100,SIDI_INTRADAY_V2: Fund≥6.5 · DD60≥12% · RSI<40 · MACD↑ · Vol↓ · SPY20≤+1% · Abnormal20≤-10%,SIDI_INTRADAY_V2,True
KEYS,Keysight Technologies,Information Technology,Electronic Equipment & Instruments,2018-11-06,384.6400,380.7300,387.9300,378.2400,384.6400,2026-10-02,2026-10-05,94.8400,67.2900,UP,4.4695,3.8781,3.8049,True,1.0120,10.4891,0.8420,2.7270,334.1100,302.5300,350.0700,15.1300,27.1400,True,5.1349,ALCISTA,0.0000,-0.8500,384.6400,387.9300,387.9300,158.7900,-0.8500,142.2300,1.1890,True,True,328.2500,6,,False,-14.6600,NONE,7.0500,10.0000,7.0000,7.5000,6,5.0000,5.0000,False,False,False,False,True,True,5.4500,8.1800,1.5000,SIDI_INTRADAY_V2,0.6186,12.8715,-0.0929,1.0351,294,XLK,True,52.2253,27.8227,10.0025,9.9825,38.6600,0.2090,0.0723,0.1914,0.6328,0.3650,1.0910,42.0940,2.0240,1867124992.0000,1279000064.0000,1.4598,65705111552,1.1770,1.6800,0.0000,170244745,6.6300,9.1800,5.9500,4.4300,0.0284,OK,0,6.8000,True,True,False,False,False,False,DD12|RSI40|ABNORMAL20,False,10-18d,XLK,,AAPL|MSFT|NVDA,interest_rates|ai_capex_cycle|semiconductor_cycle,POST_ANALYSIS_ACTUAL_FILL,LIVE_QUOTE_AT_ANALYSIS,True,1.0000,1.5000,1.0000,-5.0000,7,1.5000,3,SELL_50_PCT_AT_TP1_REST_AT_TP2,MOVE_REMAINDER_TO_BREAK_EVEN,EXIT_AT_OPEN_IF_OPEN_BELOW_SL,SL_FIRST,10,PENDING_ANALYSIS,10.4891,10.4891,15.7337,395.1291,400.3736,365.4080,Indicative levels use the signal close only. Final SL/TP1/TP2 and sizing must be recalculated from the actual post-analysis broker fill.,50,2026-11-24,False,2026-08-18,3.0700,2.4800,23.7000,ALCISTA FUERTE,10,769.6400,7.3400,59.8000,15.3100,SIDI_INTRADAY_V2: Fund≥6.5 · DD60≥12% · RSI<40 · MACD↑ · Vol↓ · SPY20≤+1% · Abnormal20≤-10%,SIDI_INTRADAY_V2,True
MAS,Masco,Industrials,Building Products,1981-06-30,68.3600,69.4300,69.6000,67.9100,68.3600,2026-10-02,2026-10-05,45.0000,37.0900,UP,0.1811,0.1476,0.1487,True,0.4253,1.7207,0.7990,2.5170,72.0500,69.6200,69.0700,-5.1200,-1.8200,True,0.9801,BAJISTA,-15.8700,-17.9100,81.2500,83.2700,83.2700,57.5100,-17.9100,18.8600,0.5650,True,True,67.4900,2,71.1100,True,-1.2700,NONE,7.0500,7.0000,7.0000,7.5000,8,7.0000,5.0000,False,False,True,False,True,True,5.0300,7.5500,1.5000,SIDI_INTRADAY_V2,0.6186,-2.4862,0.3998,1.0474,294,XLI,True,15.7051,14.6419,-36.8233,1.7638,11.0560,58.6250,0.1586,0.1161,0.3721,-0.0290,0.2450,,1.8650,897124992.0000,885000000.0000,1.0137,13440295936,1.2910,4.7400,1.8700,197187430,6.6400,5.0000,7.7000,7.3200,0.0667,OK,0,6.8000,True,True,False,False,False,False,RSI40|ABNORMAL20,False,3-7d,XLI,,CAT|UNP|HON,pmi_manufacturing|supply_chain|capex_cycle,POST_ANALYSIS_ACTUAL_FILL,LIVE_QUOTE_AT_ANALYSIS,True,1.0000,1.5000,1.0000,-5.0000,7,1.5000,3,SELL_50_PCT_AT_TP1_REST_AT_TP2,MOVE_REMAINDER_TO_BREAK_EVEN,EXIT_AT_OPEN_IF_OPEN_BELOW_SL,SL_FIRST,10,PENDING_ANALYSIS,1.7207,1.7207,2.5810,70.0807,70.9411,64.9420,Indicative levels use the signal close only. Final SL/TP1/TP2 and sizing must be recalculated from the actual post-analysis broker fill.,23,2026-10-28,False,2026-07-29,1.6400,1.3100,25.1000,ALCISTA FUERTE,10,769.6400,7.3400,59.8000,15.3100,SIDI_INTRADAY_V2: Fund≥6.5 · DD60≥12% · RSI<40 · MACD↑ · Vol↓ · SPY20≤+1% · Abnormal20≤-10%,SIDI_INTRADAY_V2,True
MNST,Monster Beverage,Consumer Staples,Soft Drinks & Non-alcoholic Beverages,2012-06-28,42.9400,42.3700,42.9900,42.1100,42.9400,2026-10-02,2026-10-05,40.4300,44.1900,DOWN,-0.0490,-0.1380,-0.1523,True,0.3957,0.9757,0.9030,2.2720,45.4800,42.4000,43.4900,-5.5900,1.2800,True,1.5609,NEUTRO,-14.0700,-14.4100,49.9700,50.1700,50.1700,32.9400,-14.4100,30.3600,0.7560,False,False,42.1900,1,44.8000,True,-1.7500,BULL_ENGULF,6.4500,8.5000,6.0000,5.0000,7,5.0000,7.5000,False,False,True,False,True,False,4.5400,6.8200,1.5000,SIDI_INTRADAY_V2,0.6186,1.1333,0.5132,0.8641,294,XLP,True,40.0093,33.0059,9.0397,9.1822,27.5440,0.2570,0.1748,0.2308,0.5555,0.2020,0.1800,0.9920,3.7290,1681231104.0000,2127670016.0000,0.7902,84650622976,0.4920,4.3500,0.0000,1959051764,7.0300,9.0000,8.2000,3.3800,0.0199,OK,0,6.8000,True,True,False,False,False,False,RSI40|VOLUME|ABNORMAL20,False,7-15d,XLP,,PG|KO|PEP,inflation|input_costs|fx_rates,POST_ANALYSIS_ACTUAL_FILL,LIVE_QUOTE_AT_ANALYSIS,True,1.0000,1.5000,1.0000,-5.0000,7,1.5000,3,SELL_50_PCT_AT_TP1_REST_AT_TP2,MOVE_REMAINDER_TO_BREAK_EVEN,EXIT_AT_OPEN_IF_OPEN_BELOW_SL,SL_FIRST,10,PENDING_ANALYSIS,0.9757,0.9757,1.4636,43.9157,44.4035,40.7930,Indicative levels use the signal close only. Final SL/TP1/TP2 and sizing must be recalculated from the actual post-analysis broker fill.,31,2026-11-05,False,2026-08-06,0.3000,0.2900,1.8000,ALCISTA FUERTE,10,769.6400,7.3400,59.8000,15.3100,SIDI_INTRADAY_V2: Fund≥6.5 · DD60≥12% · RSI<40 · MACD↑ · Vol↓ · SPY20≤+1% · Abnormal20≤-10%,SIDI_INTRADAY_V2,True
NXPI,NXP Semiconductors,Information Technology,Semiconductors,2021-03-22,243.6600,245.3700,248.8600,242.7300,243.6600,2026-10-02,2026-10-05,69.8400,57.7700,UP,1.9410,1.7824,1.9545,True,0.9515,7.2178,0.7650,2.9620,231.8700,243.7500,233.5900,5.0800,-0.0400,False,1.0360,BAJISTA,-16.2500,-16.7200,290.9500,292.5800,337.2800,179.8200,-27.7600,35.5000,0.7470,True,True,216.8100,4,241.4000,False,-11.0200,HAMMER|HAMMER|DOJI,7.1000,7.0000,7.0000,7.5000,7,7.0000,7.0000,False,False,True,False,True,True,5.9200,8.8900,1.5000,SIDI_INTRADAY_V2,0.6186,2.3636,-0.1537,1.0613,294,XLK,True,20.6311,13.3218,5.3464,4.6204,13.7250,0.2792,0.1046,0.2256,0.5610,0.1950,0.7260,93.3250,2.0400,3555000064.0000,2975000064.0000,1.1950,60920340480,1.8110,2.3400,1.6600,252164174,6.5900,5.8600,5.9600,8.1900,0.0584,D/E:93,1,6.7900,True,True,False,False,False,False,RSI40|ABNORMAL20,False,3-7d,XLK,,AAPL|MSFT|NVDA,interest_rates|ai_capex_cycle|semiconductor_cycle,POST_ANALYSIS_ACTUAL_FILL,LIVE_QUOTE_AT_ANALYSIS,True,1.0000,1.5000,1.0000,-5.0000,7,1.5000,3,SELL_50_PCT_AT_TP1_REST_AT_TP2,MOVE_REMAINDER_TO_BREAK_EVEN,EXIT_AT_OPEN_IF_OPEN_BELOW_SL,SL_FIRST,10,PENDING_ANALYSIS,7.2178,7.2178,10.8267,250.8778,254.4867,231.4770,Indicative levels use the signal close only. Final SL/TP1/TP2 and sizing must be recalculated from the actual post-analysis broker fill.,22,2026-10-27,False,2026-07-28,3.6100,3.5300,2.4000,ALCISTA FUERTE,10,769.6400,7.3400,59.8000,15.3100,SIDI_INTRADAY_V2: Fund≥6.5 · DD60≥12% · RSI<40 · MACD↑ · Vol↓ · SPY20≤+1% · Abnormal20≤-10%,SIDI_INTRADAY_V2,True
MCO,Moody's Corporation,Financials,Financial Exchanges & Data,1998-07-01,441.3600,447.1900,448.5200,438.0100,441.3600,2026-10-02,2026-10-05,22.2700,33.5100,DOWN,-2.4878,-2.0348,-1.5095,False,-0.0403,10.5314,0.8780,2.3860,480.6700,469.5900,466.1900,-8.1800,-6.0100,True,-0.2901,BAJISTA,-14.7800,-15.4800,517.9300,522.2100,543.2500,399.6100,-18.7600,10.4500,1.9480,False,False,438.0200,3,467.8300,True,-0.7600,DOJI,7.0000,6.5000,7.5000,5.0000,10,8.0000,5.0000,False,False,True,True,False,False,4.7700,7.1600,1.5000,SIDI_INTRADAY_V2,0.6186,-2.0461,-0.2372,1.2462,294,XLF,True,28.3020,23.5640,25.5362,9.4664,20.4050,0.7693,0.1562,0.3425,0.7497,0.1510,0.5670,240.6820,1.1900,2579124992.0000,2795000064.0000,0.9228,77245652992,1.3460,4.1900,0.9300,173180984,6.6400,8.4100,6.9300,4.2500,0.0334,D/E:241,1,6.7800,True,True,False,False,False,False,MACD|VOLUME|ABNORMAL20,False,3-7d,XLF,,JPM|BAC|WFC,interest_rates|yield_curve|credit_spreads|loan_growth,POST_ANALYSIS_ACTUAL_FILL,LIVE_QUOTE_AT_ANALYSIS,True,1.0000,1.5000,1.0000,-5.0000,7,1.5000,3,SELL_50_PCT_AT_TP1_REST_AT_TP2,MOVE_REMAINDER_TO_BREAK_EVEN,EXIT_AT_OPEN_IF_OPEN_BELOW_SL,SL_FIRST,10,PENDING_ANALYSIS,10.5314,10.5314,15.7971,451.8914,457.1571,419.2920,Indicative levels use the signal close only. Final SL/TP1/TP2 and sizing must be recalculated from the actual post-analysis broker fill.,16,2026-10-21,False,2026-07-22,4.6800,4.2500,10.0000,ALCISTA FUERTE,10,769.6400,7.3400,59.8000,15.3100,SIDI_INTRADAY_V2: Fund≥6.5 · DD60≥12% · RSI<40 · MACD↑ · Vol↓ · SPY20≤+1% · Abnormal20≤-10%,SIDI_INTRADAY_V2,True
HUM,Humana,Health Care,Managed Health Care,2012-12-10,388.3600,378.5400,390.0000,378.5000,388.3600,2026-10-02,2026-10-05,39.7800,47.7900,DOWN,-0.6579,-1.1738,-0.8452,True,0.4586,12.7679,0.9000,3.2880,385.3700,292.4700,387.1500,0.7800,32.7900,True,5.2651,ALCISTA,-5.2300,-9.4500,409.8000,428.8800,428.8800,161.9000,-9.4500,139.8700,0.7280,False,False,369.1300,1,382.5900,False,-4.9500,HAMMER|DOJI|BULL_ENGULF,6.8000,10.0000,7.5000,5.0000,4,5.0000,9.5000,False,False,False,True,True,False,6.5800,9.8600,1.5000,SIDI_INTRADAY_V2,0.6186,-17.5291,0.4155,0.2041,294,XLV,True,37.2750,23.7682,2.4648,0.3251,10.4480,0.0689,0.0390,0.0088,0.1365,0.2620,0.2710,76.4850,1.7420,1940999936.0000,1279000064.0000,1.5176,47356067840,0.7440,3.0300,0.9100,120080308,6.7500,9.3400,5.0400,5.7100,0.0410,OK,0,6.7700,True,True,True,False,False,False,DD12|VOLUME,False,10-18d,XLV,,UNH|JNJ|LLY,fda_calendar|drug_pricing_policy|patent_cliffs,POST_ANALYSIS_ACTUAL_FILL,LIVE_QUOTE_AT_ANALYSIS,True,1.0000,1.5000,1.0000,-5.0000,7,1.5000,3,SELL_50_PCT_AT_TP1_REST_AT_TP2,MOVE_REMAINDER_TO_BREAK_EVEN,EXIT_AT_OPEN_IF_OPEN_BELOW_SL,SL_FIRST,10,PENDING_ANALYSIS,12.7679,12.7679,19.1518,401.1279,407.5119,368.9420,Indicative levels use the signal close only. Final SL/TP1/TP2 and sizing must be recalculated from the actual post-analysis broker fill.,32,2026-11-06,False,2026-07-29,7.6100,7.0000,8.8000,ALCISTA FUERTE,10,769.6400,7.3400,59.8000,15.3100,SIDI_INTRADAY_V2: Fund≥6.5 · DD60≥12% · RSI<40 · MACD↑ · Vol↓ · SPY20≤+1% · Abnormal20≤-10%,SIDI_INTRADAY_V2,True
MS,Morgan Stanley,Financials,Investment Banking & Brokerage,1993-07-29,190.3100,188.9400,191.5300,188.5100,190.3100,2026-10-02,2026-10-05,23.0200,18.6300,UP,-1.3505,-1.6294,-1.4630,True,0.1819,4.6493,0.8200,2.4430,209.3200,192.5000,199.8100,-9.0800,-1.1400,True,1.8630,BAJISTA,-16.2700,-17.6100,227.3000,230.9800,230.9800,148.4700,-17.6100,28.1800,1.1340,False,False,184.3400,2,218.2400,True,-3.1400,NONE,6.9800,7.0000,9.5000,5.0000,8,6.5000,5.0000,False,False,True,True,True,False,4.8900,7.3300,1.5000,SIDI_INTRADAY_V2,0.6186,-7.7725,0.9309,0.7270,294,XLF,True,15.3494,13.9615,2.8027,3.8347,,0.1797,0.0135,0.2590,0.8764,0.2800,0.6240,517.2820,1.9990,,19547000832.0000,,298446848000,1.2140,3.4800,2.4200,1570566292,6.6100,10.0000,4.7500,4.8300,,D/E:517,1,6.7600,True,True,False,False,False,False,VOLUME|ABNORMAL20,False,5-10d,XLF,,JPM|BAC|WFC,interest_rates|yield_curve|credit_spreads|loan_growth,POST_ANALYSIS_ACTUAL_FILL,LIVE_QUOTE_AT_ANALYSIS,True,1.0000,1.5000,1.0000,-5.0000,7,1.5000,3,SELL_50_PCT_AT_TP1_REST_AT_TP2,MOVE_REMAINDER_TO_BREAK_EVEN,EXIT_AT_OPEN_IF_OPEN_BELOW_SL,SL_FIRST,10,PENDING_ANALYSIS,4.6493,4.6493,6.9740,194.9593,197.2840,180.7945,Indicative levels use the signal close only. Final SL/TP1/TP2 and sizing must be recalculated from the actual post-analysis broker fill.,9,2026-10-14,False,2026-07-15,3.4600,2.9300,17.9000,ALCISTA FUERTE,10,769.6400,7.3400,59.8000,15.3100,SIDI_INTRADAY_V2: Fund≥6.5 · DD60≥12% · RSI<40 · MACD↑ · Vol↓ · SPY20≤+1% · Abnormal20≤-10%,SIDI_INTRADAY_V2,True
SYK,Stryker Corporation,Health Care,Health Care Equipment,2000-12-12,275.4300,273.1900,276.9700,271.2100,275.4300,2026-10-02,2026-10-05,42.4500,27.3800,UP,1.7585,1.5154,1.1043,True,0.4595,6.2631,0.6150,2.2740,310.2800,328.1900,282.0500,-11.2300,-16.0800,False,-2.4414,BAJISTA,-21.5600,-21.6100,351.1400,351.3800,388.2500,266.1600,-29.0600,3.4800,0.6280,True,True,279.3700,1,317.0800,True,1.4300,HAMMER,6.7000,5.0000,7.0000,7.5000,7,7.0000,7.0000,False,False,True,False,True,True,4.5500,6.8200,1.5000,SIDI_INTRADAY_V2,0.6186,-2.2757,-0.1879,1.1910,294,XLV,True,29.2466,16.8810,4.5129,4.1900,15.9460,0.1651,0.0816,0.1443,0.6559,0.0940,0.4410,64.3910,2.1570,4108875008.0000,3728999936.0000,1.1019,108255830016,0.7810,2.6900,1.2800,383573046,6.8000,8.4200,6.3700,5.4300,0.0380,OK,0,6.7600,True,True,False,False,False,False,RSI40|ABNORMAL20,False,3-7d,XLV,,UNH|JNJ|LLY,fda_calendar|drug_pricing_policy|patent_cliffs,POST_ANALYSIS_ACTUAL_FILL,LIVE_QUOTE_AT_ANALYSIS,True,1.0000,1.5000,1.0000,-5.0000,7,1.5000,3,SELL_50_PCT_AT_TP1_REST_AT_TP2,MOVE_REMAINDER_TO_BREAK_EVEN,EXIT_AT_OPEN_IF_OPEN_BELOW_SL,SL_FIRST,10,PENDING_ANALYSIS,6.2631,6.2631,9.3946,281.6931,284.8247,261.6585,Indicative levels use the signal close only. Final SL/TP1/TP2 and sizing must be recalculated from the actual post-analysis broker fill.,24,2026-10-29,False,2026-07-30,3.6900,3.4900,5.8000,ALCISTA FUERTE,10,769.6400,7.3400,59.8000,15.3100,SIDI_INTRADAY_V2: Fund≥6.5 · DD60≥12% · RSI<40 · MACD↑ · Vol↓ · SPY20≤+1% · Abnormal20≤-10%,SIDI_INTRADAY_V2,True
HPE,Hewlett Packard Enterprise,Information Technology,"Technology Hardware, Storage & Peripherals",2015-11-02,69.3300,66.8800,70.2900,66.0000,69.3300,2026-10-02,2026-10-05,84.9400,65.8600,UP,0.5364,0.2595,0.2370,True,1.0426,3.5991,1.1340,5.1910,55.6200,36.7200,60.9600,24.6400,88.8000,True,11.6525,ALCISTA,0.0000,-1.3700,69.3300,70.2900,70.2900,19.5700,-1.3700,254.2300,1.2300,False,False,55.2600,2,,False,-20.2900,HAMMER,6.4500,10.0000,7.0000,5.0000,4,5.0000,7.0000,False,False,False,False,True,False,10.3800,15.5700,1.5000,SIDI_INTRADAY_V2,0.6186,5.1218,-0.7080,1.4839,294,XLK,True,35.3093,14.5767,3.4312,2.1717,15.4140,0.1094,0.0264,0.0667,0.3662,0.3370,4.1020,76.4640,1.1130,4738625024.0000,2675000064.0000,1.7714,90931339264,1.4040,2.3000,0.8200,1327464779,6.9500,8.8200,4.6100,7.5000,0.0521,OK,0,6.7500,True,True,False,False,False,False,DD12|RSI40|VOLUME|ABNORMAL20,False,10-18d,XLK,,AAPL|MSFT|NVDA,interest_rates|ai_capex_cycle|semiconductor_cycle,POST_ANALYSIS_ACTUAL_FILL,LIVE_QUOTE_AT_ANALYSIS,True,1.0000,1.5000,1.0000,-5.0000,7,1.5000,3,SELL_50_PCT_AT_TP1_REST_AT_TP2,MOVE_REMAINDER_TO_BREAK_EVEN,EXIT_AT_OPEN_IF_OPEN_BELOW_SL,SL_FIRST,10,PENDING_ANALYSIS,3.5991,3.5991,5.3986,72.9291,74.7287,65.8635,Indicative levels use the signal close only. Final SL/TP1/TP2 and sizing must be recalculated from the actual post-analysis broker fill.,-33,2026-12-03,False,2026-09-02,1.1100,0.9400,18.4000,ALCISTA FUERTE,10,769.6400,7.3400,59.8000,15.3100,SIDI_INTRADAY_V2: Fund≥6.5 · DD60≥12% · RSI<40 · MACD↑ · Vol↓ · SPY20≤+1% · Abnormal20≤-10%,SIDI_INTRADAY_V2,True
STLD,Steel Dynamics,Materials,Steel,2022-12-22,231.9900,228.7800,233.1400,228.1400,231.9900,2026-10-02,2026-10-05,48.2700,41.3600,UP,-0.5019,-1.0823,-0.9830,True,0.4146,7.3203,0.8620,3.1550,242.3300,215.8300,232.7900,-4.2700,7.4900,True,3.4114,NEUTRO,-13.4200,-14.9300,267.9600,272.7100,287.4000,139.2800,-19.2800,66.5700,0.5690,True,True,228.2200,1,242.6000,True,-1.6200,HAMMER|DOJI,7.1000,8.5000,7.0000,7.5000,7,5.0000,7.0000,False,False,True,False,True,True,6.3100,9.4700,1.5000,SIDI_INTRADAY_V2,0.6186,-2.8700,0.2159,1.0318,294,XLB,True,21.8223,12.1126,3.6697,1.6797,13.8420,0.1757,0.0787,0.0783,0.1465,0.3340,0.8360,46.9240,3.1830,234191248.0000,1607240960.0000,0.1457,34499072000,1.4860,3.1800,0.9100,143328088,6.5000,10.0000,5.8300,3.1900,0.0068,FCF/NI:0.15,1,6.7400,True,True,False,False,False,False,RSI40|ABNORMAL20,False,7-15d,XLB,,LIN|APD|ECL,commodity_prices|dxy|china_demand|energy_costs,POST_ANALYSIS_ACTUAL_FILL,LIVE_QUOTE_AT_ANALYSIS,True,1.0000,1.5000,1.0000,-5.0000,7,1.5000,3,SELL_50_PCT_AT_TP1_REST_AT_TP2,MOVE_REMAINDER_TO_BREAK_EVEN,EXIT_AT_OPEN_IF_OPEN_BELOW_SL,SL_FIRST,10,PENDING_ANALYSIS,7.3203,7.3203,10.9804,239.3103,242.9704,220.3905,Indicative levels use the signal close only. Final SL/TP1/TP2 and sizing must be recalculated from the actual post-analysis broker fill.,14,2026-10-19,False,2026-07-20,3.6900,3.6700,56.0000,ALCISTA FUERTE,10,769.6400,7.3400,59.8000,15.3100,SIDI_INTRADAY_V2: Fund≥6.5 · DD60≥12% · RSI<40 · MACD↑ · Vol↓ · SPY20≤+1% · Abnormal20≤-10%,SIDI_INTRADAY_V2,True
CBOE,Cboe Global Markets,Financials,Financial Exchanges & Data,2017-03-01,271.2600,278.9300,280.3300,269.5400,271.2600,2026-10-02,2026-10-05,41.4600,18.3400,UP,0.6410,0.2767,-2.2436,True,0.4335,10.8686,1.0330,4.0070,287.2700,285.8900,274.4300,-5.5700,-5.1200,True,0.7772,BAJISTA,-13.3600,-14.3900,313.0800,316.8600,369.3800,226.5200,-26.5600,19.7500,1.0020,False,False,270.9100,2,305.3400,True,-0.1300,NONE,6.2500,7.0000,7.0000,5.0000,8,5.0000,5.0000,False,False,True,False,True,False,8.0100,12.0200,1.5000,SIDI_INTRADAY_V2,0.6186,-10.9152,-0.4422,0.0605,294,XLF,True,21.5799,18.2418,5.1456,5.7127,14.2710,0.2630,0.1158,0.2673,0.5408,0.2290,0.5020,28.0900,1.5650,678249984.0000,1347399936.0000,0.5034,28913815552,0.4140,2.8700,1.2700,104431019,7.0500,10.0000,6.8800,3.8100,0.0235,FCF/NI:0.50,1,6.7300,True,True,True,False,False,False,RSI40|VOLUME,False,3-7d,XLF,,JPM|BAC|WFC,interest_rates|yield_curve|credit_spreads|loan_growth,POST_ANALYSIS_ACTUAL_FILL,LIVE_QUOTE_AT_ANALYSIS,True,1.0000,1.5000,1.0000,-5.0000,7,1.5000,3,SELL_50_PCT_AT_TP1_REST_AT_TP2,MOVE_REMAINDER_TO_BREAK_EVEN,EXIT_AT_OPEN_IF_OPEN_BELOW_SL,SL_FIRST,10,PENDING_ANALYSIS,10.8686,10.8686,16.3029,282.1286,287.5629,257.6970,Indicative levels use the signal close only. Final SL/TP1/TP2 and sizing must be recalculated from the actual post-analysis broker fill.,25,2026-10-30,False,2026-07-31,3.5600,3.4900,2.0000,ALCISTA FUERTE,10,769.6400,7.3400,59.8000,15.3100,SIDI_INTRADAY_V2: Fund≥6.5 · DD60≥12% · RSI<40 · MACD↑ · Vol↓ · SPY20≤+1% · Abnormal20≤-10%,SIDI_INTRADAY_V2,True
AMZN,Amazon,Consumer Discretionary,Broadline Retail,2005-11-18,251.5200,251.5100,253.5600,250.0200,251.5200,2026-10-02,2026-10-05,47.5000,40.0500,UP,-0.0637,-0.3748,-0.6570,True,0.4923,5.3707,0.7630,2.1350,256.5400,241.3600,251.7600,-1.9600,4.2100,True,0.9909,NEUTRO,-11.4400,-12.4200,284.0200,287.2000,287.2000,196.0000,-12.4200,28.3300,0.9490,True,True,244.3000,1,249.7100,True,-2.8700,HAMMER|DOJI,7.4000,8.5000,7.0000,7.5000,7,7.0000,7.0000,False,False,False,False,True,True,4.2700,6.4100,1.5000,SIDI_INTRADAY_V2,0.6186,1.5151,-0.2867,1.4463,294,XLY,True,20.2466,24.0237,4.9196,3.4996,16.8230,0.3056,0.0659,0.1744,0.5077,0.1960,2.4230,45.6170,1.0330,3219124992.0000,135281000448.0000,0.0238,2714537558016,1.4560,2.5100,0.0000,10786313572,6.2600,10.0000,5.4000,2.8900,0.0012,FCF/NI:0.02,1,6.7200,False,True,False,False,False,False,DD12|RSI40|FUND65|ABNORMAL20,False,7-15d,XLY,,TSLA|HD|MCD,consumer_spending|employment_data|interest_rates,POST_ANALYSIS_ACTUAL_FILL,LIVE_QUOTE_AT_ANALYSIS,True,1.0000,1.5000,1.0000,-5.0000,7,1.5000,3,SELL_50_PCT_AT_TP1_REST_AT_TP2,MOVE_REMAINDER_TO_BREAK_EVEN,EXIT_AT_OPEN_IF_OPEN_BELOW_SL,SL_FIRST,10,PENDING_ANALYSIS,5.3707,5.3707,8.0561,256.8907,259.5761,238.9440,Indicative levels use the signal close only. Final SL/TP1/TP2 and sizing must be recalculated from the actual post-analysis broker fill.,24,2026-10-29,False,2026-07-30,5.7500,1.8300,214.9000,ALCISTA FUERTE,10,769.6400,7.3400,59.8000,15.3100,SIDI_INTRADAY_V2: Fund≥6.5 · DD60≥12% · RSI<40 · MACD↑ · Vol↓ · SPY20≤+1% · Abnormal20≤-10%,SIDI_INTRADAY_V2,True
BBY,Best Buy,Consumer Discretionary,Computer & Electronics Retail,1999-06-29,87.9700,87.9800,89.0400,87.4100,87.9700,2026-10-02,2026-10-05,32.6100,52.5900,DOWN,-0.7539,-0.7279,-0.4812,False,0.2440,2.7864,0.9400,3.1670,86.9300,71.3900,89.3200,1.2000,23.2200,True,2.7402,ALCISTA,-7.2200,-8.8700,94.8200,96.5300,96.5300,53.8100,-8.8700,63.4800,0.6500,True,True,76.1400,2,86.4400,False,-13.4500,HAMMER|HAMMER|DOJI,7.0700,10.0000,6.5000,7.5000,4,6.5000,7.0000,False,False,False,True,False,True,6.3300,9.5000,1.5000,SIDI_INTRADAY_V2,0.6186,-1.5366,-0.5521,0.7436,294,XLY,True,14.5158,12.0945,5.7668,0.4336,7.7080,0.4313,0.0725,0.0301,0.2260,0.0360,0.7010,130.0970,1.1170,1403374976.0000,1272000000.0000,1.1033,18296643584,1.2820,3.7700,4.3700,209727698,6.4900,6.3900,5.9200,7.2700,0.0767,D/E:130,1,6.7200,False,True,False,False,False,False,DD12|MACD|FUND65|ABNORMAL20,False,10-18d,XLY,,AMZN|TSLA|HD,consumer_spending|employment_data|interest_rates,POST_ANALYSIS_ACTUAL_FILL,LIVE_QUOTE_AT_ANALYSIS,True,1.0000,1.5000,1.0000,-5.0000,7,1.5000,3,SELL_50_PCT_AT_TP1_REST_AT_TP2,MOVE_REMAINDER_TO_BREAK_EVEN,EXIT_AT_OPEN_IF_OPEN_BELOW_SL,SL_FIRST,10,PENDING_ANALYSIS,2.7864,2.7864,4.1796,90.7564,92.1496,83.5715,Indicative levels use the signal close only. Final SL/TP1/TP2 and sizing must be recalculated from the actual post-analysis broker fill.,50,2026-11-24,False,2026-08-27,1.4700,1.3800,6.5000,ALCISTA FUERTE,10,769.6400,7.3400,59.8000,15.3100,SIDI_INTRADAY_V2: Fund≥6.5 · DD60≥12% · RSI<40 · MACD↑ · Vol↓ · SPY20≤+1% · Abnormal20≤-10%,SIDI_INTRADAY_V2,True
HON,Honeywell Technologies,Industrials,Industrial Conglomerates,1957-03-04,213.9900,216.0800,216.1300,212.5400,213.9900,2026-10-02,2026-10-05,79.4500,56.2000,UP,1.5391,1.5321,1.5652,True,0.8438,4.2171,0.7020,1.9710,221.3200,228.9300,211.4900,-3.3100,-6.5300,False,0.4326,BAJISTA,-13.7300,-14.8300,248.0500,251.2500,258.0900,193.2600,-17.0900,10.7300,0.6060,True,True,216.1600,3,229.8600,True,1.0100,HAMMER|DOJI,7.2500,5.5000,7.0000,7.5000,10,7.0000,7.0000,False,False,True,False,True,True,3.9400,5.9100,1.5000,SIDI_INTRADAY_V2,0.6186,8.4846,-0.0617,0.9147,294,XLI,True,7.8697,21.6274,3.6451,1.7755,11.0320,0.4658,0.0572,0.2158,0.3651,0.0430,2.6390,185.3690,1.2110,2610374912.0000,8265999872.0000,0.3158,67568439296,0.8880,2.7100,1.3100,316940010,6.3600,5.8700,5.4800,7.9600,0.0386,FCF/NI:0.32|D/E:185,2,6.7200,False,True,False,False,False,False,RSI40|FUND65|ABNORMAL20,False,3-7d,XLI,,CAT|UNP|RTX,pmi_manufacturing|supply_chain|capex_cycle,POST_ANALYSIS_ACTUAL_FILL,LIVE_QUOTE_AT_ANALYSIS,True,1.0000,1.5000,1.0000,-5.0000,7,1.5000,3,SELL_50_PCT_AT_TP1_REST_AT_TP2,MOVE_REMAINDER_TO_BREAK_EVEN,EXIT_AT_OPEN_IF_OPEN_BELOW_SL,SL_FIRST,10,PENDING_ANALYSIS,4.2171,4.2171,6.3257,218.2071,220.3157,203.2905,Indicative levels use the signal close only. Final SL/TP1/TP2 and sizing must be recalculated from the actual post-analysis broker fill.,17,2026-10-22,False,2026-07-23,1.9500,1.8200,7.2000,ALCISTA FUERTE,10,769.6400,7.3400,59.8000,15.3100,SIDI_INTRADAY_V2: Fund≥6.5 · DD60≥12% · RSI<40 · MACD↑ · Vol↓ · SPY20≤+1% · Abnormal20≤-10%,SIDI_INTRADAY_V2,True
CVS,CVS Health,Health Care,Health Care Services,1957-03-04,86.4600,85.2500,87.1500,85.2500,86.4600,2026-10-02,2026-10-05,27.0100,28.3200,DOWN,-0.1848,-0.3088,-0.3190,True,0.2723,2.1650,0.8780,2.5040,94.9000,86.9300,89.4300,-8.9000,-0.5400,True,1.6391,BAJISTA,-21.3400,-21.4000,109.9200,110.0000,110.0000,68.4800,-21.4000,26.2500,1.3180,False,False,,0,97.9400,False,,HAMMER,6.9300,7.0000,8.5000,7.0000,5,6.5000,7.0000,False,False,True,True,True,False,5.0100,7.5100,1.5000,SIDI_INTRADAY_V2,0.6186,-13.6802,0.0610,0.3564,294,XLV,True,22.8171,10.1589,1.3903,0.2687,10.3790,0.0621,0.0297,0.0118,0.1365,0.0710,1.8880,95.5030,0.8660,8076000256.0000,4889999872.0000,1.6515,110893129728,0.5960,2.7700,3.0800,1278970369,6.5700,7.4600,4.5600,7.8800,0.0728,D/E:96,1,6.7100,True,True,True,False,False,False,VOLUME,False,3-7d,XLV,,UNH|JNJ|LLY,fda_calendar|drug_pricing_policy|patent_cliffs,POST_ANALYSIS_ACTUAL_FILL,LIVE_QUOTE_AT_ANALYSIS,True,1.0000,1.5000,1.0000,-5.0000,7,1.5000,3,SELL_50_PCT_AT_TP1_REST_AT_TP2,MOVE_REMAINDER_TO_BREAK_EVEN,EXIT_AT_OPEN_IF_OPEN_BELOW_SL,SL_FIRST,10,PENDING_ANALYSIS,2.1650,2.1650,3.2475,88.6250,89.7075,82.1370,Indicative levels use the signal close only. Final SL/TP1/TP2 and sizing must be recalculated from the actual post-analysis broker fill.,30,2026-11-04,False,2026-08-05,2.5800,1.8500,39.4000,ALCISTA FUERTE,10,769.6400,7.3400,59.8000,15.3100,SIDI_INTRADAY_V2: Fund≥6.5 · DD60≥12% · RSI<40 · MACD↑ · Vol↓ · SPY20≤+1% · Abnormal20≤-10%,SIDI_INTRADAY_V2,True
HWM,Howmet Aerospace,Industrials,Aerospace & Defense,2016-10-21,231.2700,230.4700,232.8600,226.3900,231.2700,2026-10-02,2026-10-05,55.2500,27.8800,UP,1.8263,1.5712,1.5711,True,0.5365,5.7421,0.6580,2.4830,258.1600,248.3100,234.6100,-10.4100,-6.8600,True,1.3327,BAJISTA,-20.9700,-25.3600,292.6500,309.8500,309.8500,183.4500,-25.3600,26.0700,0.6530,True,True,233.2600,2,264.1200,True,0.8600,HAMMER,7.2500,7.0000,7.0000,7.5000,8,7.0000,7.0000,False,False,True,False,True,True,4.9700,7.4500,1.5000,SIDI_INTRADAY_V2,0.6186,-9.2340,-0.1798,1.2772,294,XLI,True,49.8599,35.8057,16.1445,10.1199,34.4780,0.3473,0.1281,0.2052,0.3603,0.2410,0.3300,81.3680,1.8180,1189874944.0000,1870000000.0000,0.6363,92262711296,1.2040,2.6500,0.2400,398801399,6.3500,10.0000,5.7700,2.7700,0.0129,FCF/NI:0.64|D/E:81,2,6.7100,False,True,False,False,False,False,RSI40|FUND65|ABNORMAL20,False,3-7d,XLI,,CAT|UNP|HON,pmi_manufacturing|supply_chain|capex_cycle,POST_ANALYSIS_ACTUAL_FILL,LIVE_QUOTE_AT_ANALYSIS,True,1.0000,1.5000,1.0000,-5.0000,7,1.5000,3,SELL_50_PCT_AT_TP1_REST_AT_TP2,MOVE_REMAINDER_TO_BREAK_EVEN,EXIT_AT_OPEN_IF_OPEN_BELOW_SL,SL_FIRST,10,PENDING_ANALYSIS,5.7421,5.7421,8.6131,237.0121,239.8832,219.7065,Indicative levels use the signal close only. Final SL/TP1/TP2 and sizing must be recalculated from the actual post-analysis broker fill.,24,2026-10-29,False,2026-08-06,1.3300,1.2500,6.7000,ALCISTA FUERTE,10,769.6400,7.3400,59.8000,15.3100,SIDI_INTRADAY_V2: Fund≥6.5 · DD60≥12% · RSI<40 · MACD↑ · Vol↓ · SPY20≤+1% · Abnormal20≤-10%,SIDI_INTRADAY_V2,True
JBL,Jabil,Information Technology,Electronic Manufacturing Services,2023-12-18,304.4100,303.7000,308.8400,301.3600,304.4100,2026-10-02,2026-10-05,53.6400,54.2600,DOWN,0.4475,0.4392,2.9686,True,0.4550,13.7807,0.9650,4.5270,316.8400,301.5600,307.3400,-3.9200,0.9500,True,3.2169,NEUTRO,-17.7900,-19.2300,370.2800,376.8900,428.8400,189.4600,-29.0200,60.6800,0.9270,False,False,309.9400,1,323.0500,True,1.8200,HAMMER|DOJI,6.4000,8.5000,6.0000,5.0000,7,5.0000,7.0000,False,False,True,False,True,False,9.0500,13.5800,1.5000,SIDI_INTRADAY_V2,0.6186,-5.6221,0.1286,1.1723,294,XLK,True,31.3067,13.7693,19.8324,0.8896,13.5830,0.6637,0.0499,0.0290,0.0923,0.2860,0.8900,248.6090,0.9930,1275500032.0000,1042000000.0000,1.2241,31985209344,1.2950,3.2300,0.1100,104787089,6.9100,8.0100,6.8300,5.7100,0.0399,D/E:249,1,6.7100,True,True,False,False,False,False,RSI40|VOLUME|ABNORMAL20,False,7-15d,XLK,,AAPL|MSFT|NVDA,interest_rates|ai_capex_cycle|semiconductor_cycle,POST_ANALYSIS_ACTUAL_FILL,LIVE_QUOTE_AT_ANALYSIS,True,1.0000,1.5000,1.0000,-5.0000,7,1.5000,3,SELL_50_PCT_AT_TP1_REST_AT_TP2,MOVE_REMAINDER_TO_BREAK_EVEN,EXIT_AT_OPEN_IF_OPEN_BELOW_SL,SL_FIRST,10,PENDING_ANALYSIS,13.7807,13.7807,20.6711,318.1907,325.0811,289.1895,Indicative levels use the signal close only. Final SL/TP1/TP2 and sizing must be recalculated from the actual post-analysis broker fill.,72,2026-12-16,False,2026-09-30,4.4000,4.0800,8.0000,ALCISTA FUERTE,10,769.6400,7.3400,59.8000,15.3100,SIDI_INTRADAY_V2: Fund≥6.5 · DD60≥12% · RSI<40 · MACD↑ · Vol↓ · SPY20≤+1% · Abnormal20≤-10%,SIDI_INTRADAY_V2,True
WSM,"Williams-Sonoma, Inc.",Consumer Discretionary,Homefurnishing Retail,2025-03-24,232.3000,237.4400,237.8400,231.2100,232.3000,2026-10-02,2026-10-05,53.1800,55.0000,DOWN,1.0320,1.0266,1.0440,True,0.7855,6.5736,0.9120,2.8300,233.6600,207.9800,229.3600,-0.5800,11.6900,True,2.4116,NEUTRO,-7.7400,-8.8600,251.7800,254.8900,254.8900,164.9600,-8.8600,40.8200,0.8220,True,True,216.1300,4,234.0400,False,-6.9600,NONE,6.5500,8.5000,6.0000,7.5000,6,5.0000,5.0000,False,False,False,False,True,True,5.6600,8.4900,1.5000,SIDI_INTRADAY_V2,0.6186,5.5842,0.2535,0.7014,294,XLY,True,24.1210,22.3680,14.8098,3.4599,16.7860,0.5496,0.1664,0.1473,0.4569,0.0670,0.4200,71.3690,1.4470,1069320128.0000,1179083008.0000,0.9069,27696676864,1.4690,4.7600,1.3100,117768000,6.8200,8.0300,7.1000,5.1000,0.0386,OK,0,6.7100,True,True,False,False,False,False,DD12|RSI40|ABNORMAL20,False,7-15d,XLY,,AMZN|TSLA|HD,consumer_spending|employment_data|interest_rates,POST_ANALYSIS_ACTUAL_FILL,LIVE_QUOTE_AT_ANALYSIS,True,1.0000,1.5000,1.0000,-5.0000,7,1.5000,3,SELL_50_PCT_AT_TP1_REST_AT_TP2,MOVE_REMAINDER_TO_BREAK_EVEN,EXIT_AT_OPEN_IF_OPEN_BELOW_SL,SL_FIRST,10,PENDING_ANALYSIS,6.5736,6.5736,9.8604,238.8736,242.1604,220.6850,Indicative levels use the signal close only. Final SL/TP1/TP2 and sizing must be recalculated from the actual post-analysis broker fill.,44,2026-11-18,False,2026-08-26,2.8400,2.0600,37.9000,ALCISTA FUERTE,10,769.6400,7.3400,59.8000,15.3100,SIDI_INTRADAY_V2: Fund≥6.5 · DD60≥12% · RSI<40 · MACD↑ · Vol↓ · SPY20≤+1% · Abnormal20≤-10%,SIDI_INTRADAY_V2,True
PEP,PepsiCo,Consumer Staples,Soft Drinks & Non-alcoholic Beverages,1957-03-04,125.8900,125.9600,126.3000,125.1600,125.8900,2026-10-02,2026-10-05,16.4400,19.6800,DOWN,-0.5445,-0.6029,-0.5808,True,0.1461,2.2407,0.8310,1.7800,136.1000,144.5600,131.0300,-7.5000,-12.9100,False,-0.7202,BAJISTA,-12.0500,-12.7900,143.1400,144.3600,166.4100,125.1600,-24.3500,0.5800,0.6610,False,False,,0,140.4600,False,,HAMMER|DOJI,6.2000,5.0000,8.5000,5.0000,4,8.0000,7.0000,False,False,True,True,True,False,3.5600,5.3400,1.5000,SIDI_INTRADAY_V2,0.6186,-2.4354,-0.1287,1.0284,294,XLP,True,16.3761,14.0048,7.7239,1.7613,11.3600,0.5151,0.0893,0.1079,0.5417,0.0640,1.3700,238.9490,0.9340,7831875072.0000,10451000320.0000,0.7494,170681696256,0.3640,3.4600,4.7000,1366000000,7.0400,8.3400,6.2300,6.4600,0.0459,FCF/NI:0.75|D/E:239,2,6.7000,True,True,False,False,False,False,VOLUME|ABNORMAL20,False,3-7d,XLP,,PG|KO|WMT,inflation|input_costs|fx_rates,POST_ANALYSIS_ACTUAL_FILL,LIVE_QUOTE_AT_ANALYSIS,True,1.0000,1.5000,1.0000,-5.0000,7,1.5000,3,SELL_50_PCT_AT_TP1_REST_AT_TP2,MOVE_REMAINDER_TO_BREAK_EVEN,EXIT_AT_OPEN_IF_OPEN_BELOW_SL,SL_FIRST,10,PENDING_ANALYSIS,2.2407,2.2407,3.3610,128.1307,129.2510,119.5955,Indicative levels use the signal close only. Final SL/TP1/TP2 and sizing must be recalculated from the actual post-analysis broker fill.,3,2026-10-08,True,2026-07-09,2.2000,2.2100,-37.0000,ALCISTA FUERTE,10,769.6400,7.3400,59.8000,15.3100,SIDI_INTRADAY_V2: Fund≥6.5 · DD60≥12% · RSI<40 · MACD↑ · Vol↓ · SPY20≤+1% · Abnormal20≤-10%,SIDI_INTRADAY_V2,True
AMD,Advanced Micro Devices,Information Technology,Semiconductors,2017-03-20,633.9100,635.9500,645.4600,628.5500,633.9100,2026-10-02,2026-10-05,84.2800,80.3900,UP,4.3933,4.8069,8.5878,False,0.7968,25.2414,0.8560,3.9820,513.5300,374.7200,576.3400,23.4400,69.1700,True,10.2736,ALCISTA,0.0000,-1.7900,633.9100,645.4600,645.4600,163.1400,-1.7900,288.5700,0.8730,True,True,464.2100,3,,False,-26.7700,HAMMER|HAMMER|HAMMER,7.0500,10.0000,6.0000,7.5000,6,5.0000,7.0000,False,False,False,False,False,True,7.9600,11.9500,1.5000,SIDI_INTRADAY_V2,0.6186,11.3012,-0.7783,2.2158,294,XLK,True,161.1837,40.4225,15.3393,24.9719,107.3000,0.1020,0.0513,0.1558,0.5572,0.5010,1.5950,6.3610,2.6090,8841499648.0000,6469000192.0000,1.3667,1031463043072,2.4540,2.2300,0.0000,1632475042,6.4300,10.0000,6.5400,2.1400,0.0086,OK,0,6.6800,False,True,False,False,False,False,DD12|RSI40|MACD|FUND65|ABNORMAL20,False,10-18d,XLK,,AAPL|MSFT|NVDA,interest_rates|ai_capex_cycle|semiconductor_cycle,POST_ANALYSIS_ACTUAL_FILL,LIVE_QUOTE_AT_ANALYSIS,True,1.0000,1.5000,1.0000,-5.0000,7,1.5000,3,SELL_50_PCT_AT_TP1_REST_AT_TP2,MOVE_REMAINDER_TO_BREAK_EVEN,EXIT_AT_OPEN_IF_OPEN_BELOW_SL,SL_FIRST,10,PENDING_ANALYSIS,25.2414,25.2414,37.8621,659.1514,671.7721,602.2145,Indicative levels use the signal close only. Final SL/TP1/TP2 and sizing must be recalculated from the actual post-analysis broker fill.,29,2026-11-03,False,2026-08-04,1.6600,1.6100,3.2000,ALCISTA FUERTE,10,769.6400,7.3400,59.8000,15.3100,SIDI_INTRADAY_V2: Fund≥6.5 · DD60≥12% · RSI<40 · MACD↑ · Vol↓ · SPY20≤+1% · Abnormal20≤-10%,SIDI_INTRADAY_V2,True
MKC,McCormick & Company,Consumer Staples,Packaged Foods & Meats,2003-03-20,44.6700,43.5200,45.0300,43.2500,44.6700,2026-10-02,2026-10-05,20.9900,18.7300,UP,-0.4559,-0.4222,-0.1947,False,-0.0065,1.3557,0.8990,3.0350,51.6800,54.9100,48.7800,-13.5700,-18.6500,False,-2.6764,BAJISTA,-20.9100,-21.4500,56.4800,56.8700,71.1300,43.2500,-37.2000,3.2800,1.4120,False,False,45.2500,3,48.0100,True,1.3100,NONE,7.1500,5.0000,8.5000,7.0000,9,8.0000,5.0000,False,False,True,True,False,False,6.0700,9.1000,1.5000,SIDI_INTRADAY_V2,0.6186,-10.0642,-0.2896,1.0596,294,XLP,True,7.4160,13.8656,1.7124,1.5603,11.4950,0.2262,0.0525,0.1939,0.3891,0.1740,-0.5710,66.1410,0.6570,742000000.0000,1490499968.0000,0.4978,11992204288,0.6410,5.9400,4.3000,254541615,6.3600,5.0000,4.9300,9.6100,0.0619,FCF/NI:0.50,1,6.6800,False,True,True,False,False,False,MACD|VOLUME|FUND65,False,3-7d,XLP,,PG|KO|PEP,inflation|input_costs|fx_rates,POST_ANALYSIS_ACTUAL_FILL,LIVE_QUOTE_AT_ANALYSIS,True,1.0000,1.5000,1.0000,-5.0000,7,1.5000,3,SELL_50_PCT_AT_TP1_REST_AT_TP2,MOVE_REMAINDER_TO_BREAK_EVEN,EXIT_AT_OPEN_IF_OPEN_BELOW_SL,SL_FIRST,10,PENDING_ANALYSIS,1.3557,1.3557,2.0335,46.0257,46.7035,42.4365,Indicative levels use the signal close only. Final SL/TP1/TP2 and sizing must be recalculated from the actual post-analysis broker fill.,-4,2027-01-21,False,2026-10-01,0.8600,0.7600,13.8000,ALCISTA FUERTE,10,769.6400,7.3400,59.8000,15.3100,SIDI_INTRADAY_V2: Fund≥6.5 · DD60≥12% · RSI<40 · MACD↑ · Vol↓ · SPY20≤+1% · Abnormal20≤-10%,SIDI_INTRADAY_V2,True
ABBV,AbbVie,Health Care,Biotechnology,2012-12-31,262.8200,259.7400,264.0600,257.8700,262.8200,2026-10-02,2026-10-05,53.1300,65.0200,DOWN,-0.4815,-0.4887,0.0789,True,0.5881,4.7350,0.8020,1.8020,257.8400,229.4800,261.7800,1.9300,14.5300,True,1.6914,ALCISTA,-1.3000,-2.4400,266.2800,269.3900,269.3900,189.4000,-2.4400,38.7600,1.3710,True,True,246.7700,1,264.8100,False,-6.1100,BULL_ENGULF,7.2000,10.0000,6.0000,9.5000,4,5.0000,7.5000,False,False,False,False,True,True,3.6000,5.4000,1.5000,SIDI_INTRADAY_V2,0.6186,3.9348,-0.3958,1.1479,294,XLV,True,74.2677,16.1700,-78.2696,7.2157,17.1890,,0.1051,0.0980,0.7279,0.1020,2.9040,,0.8090,16870250496.0000,6270000128.0000,2.6906,464588406784,0.2280,4.4400,2.6300,1767117285,6.3100,8.7500,5.6300,4.2500,0.0363,OK,0,6.6700,False,True,False,False,False,False,DD12|RSI40|FUND65|ABNORMAL20,False,10-18d,XLV,,UNH|JNJ|LLY,fda_calendar|drug_pricing_policy|patent_cliffs,POST_ANALYSIS_ACTUAL_FILL,LIVE_QUOTE_AT_ANALYSIS,True,1.0000,1.5000,1.0000,-5.0000,7,1.5000,3,SELL_50_PCT_AT_TP1_REST_AT_TP2,MOVE_REMAINDER_TO_BREAK_EVEN,EXIT_AT_OPEN_IF_OPEN_BELOW_SL,SL_FIRST,10,PENDING_ANALYSIS,4.7350,4.7350,7.1025,267.5550,269.9225,249.6790,Indicative levels use the signal close only. Final SL/TP1/TP2 and sizing must be recalculated from the actual post-analysis broker fill.,25,2026-10-30,False,2026-07-31,3.6500,3.6100,1.1000,ALCISTA FUERTE,10,769.6400,7.3400,59.8000,15.3100,SIDI_INTRADAY_V2: Fund≥6.5 · DD60≥12% · RSI<40 · MACD↑ · Vol↓ · SPY20≤+1% · Abnormal20≤-10%,SIDI_INTRADAY_V2,True
CAT,Caterpillar Inc.,Industrials,Construction Machinery & Heavy Transportation Equipment,1957-03-04,845.4200,840.8000,858.8700,836.4600,845.4200,2026-10-02,2026-10-05,73.7200,52.6400,UP,5.5250,4.3231,5.0119,True,1.0469,20.7293,0.6450,2.4520,823.4500,793.3400,816.8500,2.6700,6.5700,True,3.0581,ALCISTA,-11.0700,-12.2000,950.6500,962.8400,1071.4700,479.2400,-21.1000,76.4100,1.0250,True,True,797.6000,2,840.6700,False,-5.6600,NONE,7.0500,10.0000,7.0000,7.5000,4,7.0000,5.0000,False,False,False,False,True,True,4.9000,7.3600,1.5000,SIDI_INTRADAY_V2,0.6186,9.2940,0.0868,1.8166,294,XLI,True,36.5480,26.2224,20.1221,5.2225,26.3260,0.5697,0.0903,0.1451,0.2971,0.2400,0.6820,232.7830,1.3680,5048999936.0000,10844000256.0000,0.4656,390268583936,1.5800,3.5400,0.7700,459674889,6.4200,10.0000,5.7900,2.9800,0.0129,FCF/NI:0.47|D/E:233,2,6.6700,False,True,False,False,False,False,DD12|RSI40|FUND65|ABNORMAL20,False,10-18d,XLI,,UNP|HON|RTX,pmi_manufacturing|supply_chain|capex_cycle,POST_ANALYSIS_ACTUAL_FILL,LIVE_QUOTE_AT_ANALYSIS,True,1.0000,1.5000,1.0000,-5.0000,7,1.5000,3,SELL_50_PCT_AT_TP1_REST_AT_TP2,MOVE_REMAINDER_TO_BREAK_EVEN,EXIT_AT_OPEN_IF_OPEN_BELOW_SL,SL_FIRST,10,PENDING_ANALYSIS,20.7293,20.7293,31.0939,866.1493,876.5139,803.1490,Indicative levels use the signal close only. Final SL/TP1/TP2 and sizing must be recalculated from the actual post-analysis broker fill.,24,2026-10-29,False,2026-08-04,8.1700,6.2000,31.8000,ALCISTA FUERTE,10,769.6400,7.3400,59.8000,15.3100,SIDI_INTRADAY_V2: Fund≥6.5 · DD60≥12% · RSI<40 · MACD↑ · Vol↓ · SPY20≤+1% · Abnormal20≤-10%,SIDI_INTRADAY_V2,True
DD,DuPont,Industrials,Industrial Conglomerates,2019-06-03,129.9800,130.7400,130.8600,129.1400,129.9800,2026-10-02,2026-10-05,69.2100,50.3200,UP,0.4115,0.4299,0.5962,False,0.5810,2.2871,0.6640,1.7600,135.1600,136.6900,130.6900,-3.8300,-4.9100,False,0.9044,BAJISTA,-11.4100,-12.6300,146.7200,148.7700,156.0400,90.8900,-16.7000,43.0100,0.6230,True,True,131.7300,6,141.3700,True,1.3500,HAMMER,7.0500,5.5000,6.0000,7.5000,10,7.0000,7.0000,False,False,False,False,False,True,3.5200,5.2800,1.5000,SIDI_INTRADAY_V2,0.6186,3.1852,0.5182,0.6990,294,XLI,True,35.2151,16.4474,1.2848,2.5311,12.0680,0.0179,0.0207,0.0079,0.3513,0.0400,1.4960,22.9020,2.4270,1835250048.0000,306000000.0000,5.9975,17687541760,1.0790,4.0400,1.8500,135019401,6.4100,5.7800,5.9100,7.7200,0.1038,OK,0,6.6700,False,True,False,False,False,False,DD12|RSI40|MACD|FUND65|ABNORMAL20,False,3-7d,XLI,,CAT|UNP|HON,pmi_manufacturing|supply_chain|capex_cycle,POST_ANALYSIS_ACTUAL_FILL,LIVE_QUOTE_AT_ANALYSIS,True,1.0000,1.5000,1.0000,-5.0000,7,1.5000,3,SELL_50_PCT_AT_TP1_REST_AT_TP2,MOVE_REMAINDER_TO_BREAK_EVEN,EXIT_AT_OPEN_IF_OPEN_BELOW_SL,SL_FIRST,10,PENDING_ANALYSIS,2.2871,2.2871,3.4306,132.2671,133.4106,123.4810,Indicative levels use the signal close only. Final SL/TP1/TP2 and sizing must be recalculated from the actual post-analysis broker fill.,31,2026-11-05,False,2026-08-04,1.8800,1.7600,6.8000,ALCISTA FUERTE,10,769.6400,7.3400,59.8000,15.3100,SIDI_INTRADAY_V2: Fund≥6.5 · DD60≥12% · RSI<40 · MACD↑ · Vol↓ · SPY20≤+1% · Abnormal20≤-10%,SIDI_INTRADAY_V2,True
JPM,JPMorgan Chase,Financials,Diversified Banks,1975-06-30,332.3800,334.0000,334.8500,330.0000,332.3800,2026-10-02,2026-10-05,30.0400,32.8200,DOWN,-1.6412,-1.8262,-1.8225,True,0.1402,7.0429,1.0550,2.1190,352.2400,320.1600,342.8400,-5.6400,3.8200,True,1.3126,NEUTRO,-8.9800,-9.3100,365.1800,366.5000,366.5000,276.4300,-9.3100,20.2400,0.7920,False,False,293.1100,2,342.8400,False,-11.8100,NONE,6.5000,8.5000,7.5000,5.0000,4,8.0000,5.0000,False,False,False,True,True,False,4.2400,6.3600,1.5000,SIDI_INTRADAY_V2,0.6186,0.6738,0.0725,1.1204,294,XLF,True,14.2532,13.2911,2.5011,4.7459,,0.1779,0.0136,0.3492,0.0000,0.3040,0.4690,,,,63634001920.0000,,884298874880,1.0150,3.8800,1.9900,2658186195,6.7900,10.0000,5.1600,4.9600,,OK,0,6.6700,True,True,False,False,False,False,DD12|VOLUME|ABNORMAL20,False,7-15d,XLF,,BAC|WFC|GS,interest_rates|yield_curve|credit_spreads|loan_growth,POST_ANALYSIS_ACTUAL_FILL,LIVE_QUOTE_AT_ANALYSIS,True,1.0000,1.5000,1.0000,-5.0000,7,1.5000,3,SELL_50_PCT_AT_TP1_REST_AT_TP2,MOVE_REMAINDER_TO_BREAK_EVEN,EXIT_AT_OPEN_IF_OPEN_BELOW_SL,SL_FIRST,10,PENDING_ANALYSIS,7.0429,7.0429,10.5644,339.4229,342.9443,315.7610,Indicative levels use the signal close only. Final SL/TP1/TP2 and sizing must be recalculated from the actual post-analysis broker fill.,8,2026-10-13,False,2026-07-14,6.1400,5.8000,5.9000,ALCISTA FUERTE,10,769.6400,7.3400,59.8000,15.3100,SIDI_INTRADAY_V2: Fund≥6.5 · DD60≥12% · RSI<40 · MACD↑ · Vol↓ · SPY20≤+1% · Abnormal20≤-10%,SIDI_INTRADAY_V2,True
APO,Apollo Global Management,Financials,Asset Management & Custody Banks,2024-12-23,114.0200,115.2000,116.9500,113.8000,114.0200,2026-10-02,2026-10-05,19.7900,24.4900,DOWN,-1.2497,-1.2543,-1.0441,True,0.0474,3.9407,0.9500,3.4560,128.4900,125.7900,122.8500,-11.2600,-9.3600,True,-0.7260,BAJISTA,-20.2500,-20.6700,142.9800,143.7200,151.3900,98.7200,-24.6800,15.4900,0.9560,True,True,116.2300,2,124.7100,True,1.9400,NONE,7.2500,6.5000,8.5000,7.5000,7,8.0000,5.0000,True,False,True,True,True,True,6.9100,10.3700,1.5000,SIDI_INTRADAY_V2,0.6186,-9.5142,0.5496,0.8431,294,XLF,True,41.1577,10.7230,3.3731,1.9049,,0.1141,0.0094,0.0527,0.3614,0.6380,0.6370,100.9690,1.9480,,1888000000.0000,,67812073472,1.5800,9.2800,1.9700,590543159,6.2700,10.0000,4.4400,4.0600,,OK,0,6.6600,False,True,False,True,False,False,FUND65|ABNORMAL20,False,5-10d,XLF,,JPM|BAC|WFC,interest_rates|yield_curve|credit_spreads|loan_growth,POST_ANALYSIS_ACTUAL_FILL,LIVE_QUOTE_AT_ANALYSIS,True,1.0000,1.5000,1.0000,-5.0000,7,1.5000,3,SELL_50_PCT_AT_TP1_REST_AT_TP2,MOVE_REMAINDER_TO_BREAK_EVEN,EXIT_AT_OPEN_IF_OPEN_BELOW_SL,SL_FIRST,10,PENDING_ANALYSIS,3.9407,3.9407,5.9111,117.9607,119.9310,108.3190,Indicative levels use the signal close only. Final SL/TP1/TP2 and sizing must be recalculated from the actual post-analysis broker fill.,29,2026-11-03,False,2026-08-04,2.1100,2.1600,-2.2000,ALCISTA FUERTE,10,769.6400,7.3400,59.8000,15.3100,SIDI_INTRADAY_V2: Fund≥6.5 · DD60≥12% · RSI<40 · MACD↑ · Vol↓ · SPY20≤+1% · Abnormal20≤-10%,SIDI_INTRADAY_V2,True
CRM,Salesforce,Information Technology,Application Software,2008-09-15,234.6900,238.1100,239.0000,233.1700,234.6900,2026-10-02,2026-10-05,28.6700,31.6500,DOWN,-2.9343,-3.4570,-4.6227,True,0.3398,7.8847,0.8840,3.3600,219.7700,199.6600,235.2000,6.7900,17.5500,True,0.0281,ALCISTA,-11.0900,-12.3600,263.9700,267.8000,267.8000,146.0600,-12.3600,60.6800,0.6540,True,True,170.4100,2,261.8800,False,-27.3900,HAMMER,7.2500,10.0000,8.5000,7.5000,4,5.0000,7.0000,False,True,False,True,True,True,6.7200,10.0800,1.5000,SIDI_INTRADAY_V2,0.6186,-16.4627,0.3777,-0.1328,294,XLK,True,20.9360,14.2834,4.9071,4.2862,17.3750,0.1938,0.0570,0.2199,0.7728,0.1080,1.1890,110.4170,0.8390,17731874816.0000,9662000128.0000,1.8352,188327084032,1.2560,1.9700,0.7500,823000000,6.2600,5.8800,4.9600,8.2300,0.0942,D/E:110,1,6.6600,False,True,True,False,False,False,DD12|FUND65,False,10-18d,XLK,,AAPL|MSFT|NVDA,interest_rates|ai_capex_cycle|semiconductor_cycle,POST_ANALYSIS_ACTUAL_FILL,LIVE_QUOTE_AT_ANALYSIS,True,1.0000,1.5000,1.0000,-5.0000,7,1.5000,3,SELL_50_PCT_AT_TP1_REST_AT_TP2,MOVE_REMAINDER_TO_BREAK_EVEN,EXIT_AT_OPEN_IF_OPEN_BELOW_SL,SL_FIRST,10,PENDING_ANALYSIS,7.8847,7.8847,11.8270,242.5747,246.5170,222.9555,Indicative levels use the signal close only. Final SL/TP1/TP2 and sizing must be recalculated from the actual post-analysis broker fill.,58,2026-12-02,False,2026-08-26,5.9000,3.2700,80.4000,ALCISTA FUERTE,10,769.6400,7.3400,59.8000,15.3100,SIDI_INTRADAY_V2: Fund≥6.5 · DD60≥12% · RSI<40 · MACD↑ · Vol↓ · SPY20≤+1% · Abnormal20≤-10%,SIDI_INTRADAY_V2,True
GE,GE Aerospace,Industrials,Aerospace & Defense,1957-03-04,309.5600,316.5000,318.5000,308.1900,309.5600,2026-10-02,2026-10-05,41.7200,40.0000,UP,0.4508,0.7311,1.3361,False,0.1875,8.4936,0.9080,2.7440,341.7200,323.4400,321.2600,-9.4100,-4.2900,True,0.8784,BAJISTA,-18.8000,-20.3900,381.2200,388.8400,388.8400,268.5800,-20.3900,15.2600,0.9400,True,True,309.0100,3,329.1700,True,-0.1800,NONE,7.0800,7.0000,6.0000,7.5000,10,6.5000,5.0000,False,False,True,False,False,True,5.4900,8.2300,1.5000,SIDI_INTRADAY_V2,0.6186,-4.9007,-0.2357,1.4961,294,XLI,True,36.2571,33.8821,18.0848,6.2997,28.8860,0.4823,0.0507,0.1772,0.3105,0.2110,0.1940,113.2250,0.9820,6594625024.0000,8963999744.0000,0.7357,319008964608,1.3740,3.9700,0.6100,1037562513,6.3600,8.8600,6.2100,3.6200,0.0207,FCF/NI:0.74|D/E:113,2,6.6500,False,True,False,False,False,False,RSI40|MACD|FUND65|ABNORMAL20,False,3-7d,XLI,,CAT|UNP|HON,pmi_manufacturing|supply_chain|capex_cycle,POST_ANALYSIS_ACTUAL_FILL,LIVE_QUOTE_AT_ANALYSIS,True,1.0000,1.5000,1.0000,-5.0000,7,1.5000,3,SELL_50_PCT_AT_TP1_REST_AT_TP2,MOVE_REMAINDER_TO_BREAK_EVEN,EXIT_AT_OPEN_IF_OPEN_BELOW_SL,SL_FIRST,10,PENDING_ANALYSIS,8.4936,8.4936,12.7404,318.0536,322.3004,294.0820,Indicative levels use the signal close only. Final SL/TP1/TP2 and sizing must be recalculated from the actual post-analysis broker fill.,15,2026-10-20,False,2026-07-16,2.0200,1.8600,8.6000,ALCISTA FUERTE,10,769.6400,7.3400,59.8000,15.3100,SIDI_INTRADAY_V2: Fund≥6.5 · DD60≥12% · RSI<40 · MACD↑ · Vol↓ · SPY20≤+1% · Abnormal20≤-10%,SIDI_INTRADAY_V2,True
GL,Globe Life,Financials,Life & Health Insurance,1989-04-30,165.6800,165.7700,166.9500,164.2400,165.6800,2026-10-02,2026-10-05,16.0400,28.0800,DOWN,-0.3617,-0.4226,-0.4642,True,0.1535,3.0814,0.8090,1.8600,174.5700,157.0700,169.3800,-5.0900,5.4800,True,2.4147,NEUTRO,-10.9300,-13.5100,186.0200,191.5500,191.5500,127.0700,-13.5100,30.3900,0.6830,True,True,168.5500,3,181.9900,True,1.7300,HAMMER|DOJI,7.9200,8.5000,8.5000,7.5000,9,6.5000,7.0000,False,True,False,True,True,True,3.7200,5.5800,1.5000,SIDI_INTRADAY_V2,0.6186,-0.7382,-0.0754,0.8495,294,XLF,True,10.9579,9.9971,2.0670,2.0495,9.3460,0.2094,0.0336,0.1958,0.3391,0.0800,0.1970,55.6750,0.7950,1163503360.0000,1212199040.0000,0.9598,12690533376,0.4390,4.9400,0.8000,76849447,5.7900,4.0700,6.1200,7.4200,0.0917,OK,0,6.6400,False,True,False,False,False,False,DD12|FUND65|ABNORMAL20,False,5-10d,XLF,,JPM|BAC|WFC,interest_rates|yield_curve|credit_spreads|loan_growth,POST_ANALYSIS_ACTUAL_FILL,LIVE_QUOTE_AT_ANALYSIS,True,1.0000,1.5000,1.0000,-5.0000,7,1.5000,3,SELL_50_PCT_AT_TP1_REST_AT_TP2,MOVE_REMAINDER_TO_BREAK_EVEN,EXIT_AT_OPEN_IF_OPEN_BELOW_SL,SL_FIRST,10,PENDING_ANALYSIS,3.0814,3.0814,4.6221,168.7614,170.3021,157.3960,Indicative levels use the signal close only. Final SL/TP1/TP2 and sizing must be recalculated from the actual post-analysis broker fill.,16,2026-10-21,False,2026-07-22,3.6100,3.6800,-2.0000,ALCISTA FUERTE,10,769.6400,7.3400,59.8000,15.3100,SIDI_INTRADAY_V2: Fund≥6.5 · DD60≥12% · RSI<40 · MACD↑ · Vol↓ · SPY20≤+1% · Abnormal20≤-10%,SIDI_INTRADAY_V2,True
IBKR,Interactive Brokers,Financials,Investment Banking & Brokerage,2025-08-28,88.3000,86.5500,88.9200,86.5500,88.3000,2026-10-02,2026-10-05,44.2100,41.6400,UP,-0.3609,-0.5461,-0.4124,True,0.3777,2.7836,0.8450,3.1520,90.6000,81.1600,89.2000,-2.5400,8.8000,True,3.2488,NEUTRO,-9.9900,-10.5000,98.1000,98.6600,98.6600,58.7000,-10.5000,50.4200,1.2870,False,False,86.9700,8,90.9400,True,-1.5000,HAMMER,6.9000,8.5000,7.0000,5.0000,9,5.0000,7.0000,False,False,False,False,True,False,6.3000,9.4600,1.5000,SIDI_INTRADAY_V2,0.6186,0.4634,1.5392,0.6047,294,XLF,True,35.3294,27.6676,6.7946,22.1932,,0.2402,0.0228,0.1647,0.9304,0.2630,0.3530,205.7480,1.0930,,1126000000.0000,,151690690560,1.3700,3.2700,0.4000,453077771,6.4600,9.8800,5.1900,3.9700,,D/E:206,1,6.6400,False,True,False,False,False,False,DD12|RSI40|VOLUME|FUND65|ABNORMAL20,False,7-15d,XLF,,JPM|BAC|WFC,interest_rates|yield_curve|credit_spreads|loan_growth,POST_ANALYSIS_ACTUAL_FILL,LIVE_QUOTE_AT_ANALYSIS,True,1.0000,1.5000,1.0000,-5.0000,7,1.5000,3,SELL_50_PCT_AT_TP1_REST_AT_TP2,MOVE_REMAINDER_TO_BREAK_EVEN,EXIT_AT_OPEN_IF_OPEN_BELOW_SL,SL_FIRST,10,PENDING_ANALYSIS,2.7836,2.7836,4.1754,91.0836,92.4754,83.8850,Indicative levels use the signal close only. Final SL/TP1/TP2 and sizing must be recalculated from the actual post-analysis broker fill.,10,2026-10-15,False,2026-07-21,0.6900,0.6400,8.0000,ALCISTA FUERTE,10,769.6400,7.3400,59.8000,15.3100,SIDI_INTRADAY_V2: Fund≥6.5 · DD60≥12% · RSI<40 · MACD↑ · Vol↓ · SPY20≤+1% · Abnormal20≤-10%,SIDI_INTRADAY_V2,True
ROK,Rockwell Automation,Industrials,Electrical Components & Equipment,2000-03-12,454.3500,447.7400,455.1300,445.2300,454.3500,2026-10-02,2026-10-05,80.1100,50.2700,UP,3.7659,2.8843,2.4134,True,1.1379,9.9386,0.7940,2.1870,437.3500,421.7800,432.4900,3.8900,7.7200,True,0.9491,ALCISTA,-5.2500,-6.8700,479.5000,487.8500,495.8300,328.3200,-8.3700,38.3900,1.0410,True,True,457.0100,5,487.8500,True,0.5800,BULL_ENGULF,8.0500,10.0000,7.0000,7.5000,9,7.0000,7.5000,False,False,False,False,True,True,4.3700,6.5600,1.5000,SIDI_INTRADAY_V2,0.6186,7.0131,0.2474,1.0169,294,XLI,True,42.6957,30.5784,14.4924,5.6433,25.6170,0.3063,0.0999,0.1339,0.4909,0.0790,0.4040,103.3470,1.0750,1303874944.0000,1199000064.0000,1.0875,50637082624,1.5010,5.5400,1.2100,111048676,5.7000,7.0200,5.8900,3.9300,0.0257,D/E:103,1,6.6400,False,True,False,False,False,False,DD12|RSI40|FUND65|ABNORMAL20,False,10-18d,XLI,,CAT|UNP|HON,pmi_manufacturing|supply_chain|capex_cycle,POST_ANALYSIS_ACTUAL_FILL,LIVE_QUOTE_AT_ANALYSIS,True,1.0000,1.5000,1.0000,-5.0000,7,1.5000,3,SELL_50_PCT_AT_TP1_REST_AT_TP2,MOVE_REMAINDER_TO_BREAK_EVEN,EXIT_AT_OPEN_IF_OPEN_BELOW_SL,SL_FIRST,10,PENDING_ANALYSIS,9.9386,9.9386,14.9079,464.2886,469.2579,431.6325,Indicative levels use the signal close only. Final SL/TP1/TP2 and sizing must be recalculated from the actual post-analysis broker fill.,31,2026-11-05,False,2026-08-03,3.4900,3.3800,3.1000,ALCISTA FUERTE,10,769.6400,7.3400,59.8000,15.3100,SIDI_INTRADAY_V2: Fund≥6.5 · DD60≥12% · RSI<40 · MACD↑ · Vol↓ · SPY20≤+1% · Abnormal20≤-10%,SIDI_INTRADAY_V2,True
AMT,American Tower,Real Estate,Telecom Tower REITs,2007-11-19,162.2000,162.2200,165.2300,160.8500,162.2000,2026-10-02,2026-10-05,21.6600,35.9000,DOWN,-1.2326,-1.2904,-1.0712,True,0.0783,3.6114,0.8410,2.2270,171.1500,173.2300,168.5300,-5.2300,-6.3700,False,-0.1385,BAJISTA,-8.5400,-9.4100,177.3400,179.0400,192.1500,158.3500,-15.5900,2.4300,1.0810,False,False,164.0100,1,192.1500,True,1.1200,HAMMER|DOJI,6.8000,5.0000,8.5000,5.0000,8,8.0000,7.0000,False,False,False,True,True,False,4.4500,6.6800,1.5000,SIDI_INTRADAY_V2,0.6186,0.7231,-0.3911,1.1802,294,XLRE,True,22.2875,23.1140,20.2969,6.9003,17.7910,0.3391,0.0489,0.3108,0.7377,0.0470,1.3850,438.7210,0.3520,2920012544.0000,3400999936.0000,0.8586,75499511808,0.8850,2.9600,4.4100,465960048,6.5200,7.1600,6.6600,5.6100,0.0387,D/E:439,1,6.6300,True,True,False,False,False,False,DD12|VOLUME|ABNORMAL20,False,5-10d,XLRE,,PLD|EQIX|SPG,interest_rates|cap_rates|occupancy_trends,POST_ANALYSIS_ACTUAL_FILL,LIVE_QUOTE_AT_ANALYSIS,True,1.0000,1.5000,1.0000,-5.0000,7,1.5000,3,SELL_50_PCT_AT_TP1_REST_AT_TP2,MOVE_REMAINDER_TO_BREAK_EVEN,EXIT_AT_OPEN_IF_OPEN_BELOW_SL,SL_FIRST,10,PENDING_ANALYSIS,3.6114,3.6114,5.4171,165.8114,167.6171,154.0900,Indicative levels use the signal close only. Final SL/TP1/TP2 and sizing must be recalculated from the actual post-analysis broker fill.,22,2026-10-27,False,2026-07-28,1.8700,1.5500,20.6000,ALCISTA FUERTE,10,769.6400,7.3400,59.8000,15.3100,SIDI_INTRADAY_V2: Fund≥6.5 · DD60≥12% · RSI<40 · MACD↑ · Vol↓ · SPY20≤+1% · Abnormal20≤-10%,SIDI_INTRADAY_V2,True
UNH,UnitedHealth Group,Health Care,Managed Health Care,1994-07-01,371.9000,365.1400,372.6800,364.4700,371.9000,2026-10-02,2026-10-05,36.4000,33.3300,UP,-0.0759,-0.3896,0.3094,True,0.3158,7.3364,0.7060,1.9730,392.0200,352.5600,377.7800,-5.1300,5.4900,True,1.7214,NEUTRO,-14.2500,-18.9400,433.6800,458.7900,458.7900,252.9600,-18.9400,47.0200,0.6500,True,True,370.3100,1,411.7300,True,-0.4300,BULL_ENGULF,7.7500,8.5000,8.5000,7.5000,7,7.0000,7.5000,True,False,True,True,True,True,3.9500,5.9200,1.5000,SIDI_INTRADAY_V2,0.6186,-9.1746,0.1172,0.5513,294,XLV,True,23.8968,16.4348,3.4160,0.7403,14.3610,0.1415,0.0487,0.0314,0.1972,0.0040,0.6150,69.2110,0.7770,24272250880.0000,14122000384.0000,1.7188,333541736448,0.6150,2.7800,2.5000,897594847,5.8700,5.0000,5.6300,7.1500,0.0728,OK,0,6.6200,False,True,False,True,False,False,FUND65|ABNORMAL20,False,7-15d,XLV,,JNJ|LLY|ABBV,fda_calendar|drug_pricing_policy|patent_cliffs,POST_ANALYSIS_ACTUAL_FILL,LIVE_QUOTE_AT_ANALYSIS,True,1.0000,1.5000,1.0000,-5.0000,7,1.5000,3,SELL_50_PCT_AT_TP1_REST_AT_TP2,MOVE_REMAINDER_TO_BREAK_EVEN,EXIT_AT_OPEN_IF_OPEN_BELOW_SL,SL_FIRST,10,PENDING_ANALYSIS,7.3364,7.3364,11.0046,379.2364,382.9046,353.3050,Indicative levels use the signal close only. Final SL/TP1/TP2 and sizing must be recalculated from the actual post-analysis broker fill.,8,2026-10-13,False,2026-07-16,6.3800,4.9200,29.8000,ALCISTA FUERTE,10,769.6400,7.3400,59.8000,15.3100,SIDI_INTRADAY_V2: Fund≥6.5 · DD60≥12% · RSI<40 · MACD↑ · Vol↓ · SPY20≤+1% · Abnormal20≤-10%,SIDI_INTRADAY_V2,True
CAH,Cardinal Health,Health Care,Health Care Distributors,1997-05-27,228.3000,229.5400,231.1000,224.4500,228.3000,2026-10-02,2026-10-05,40.8500,6.5700,UP,0.1809,-0.2246,-1.2721,True,0.4813,5.5688,1.0120,2.4390,232.1500,217.0100,227.6100,-1.6600,5.2000,True,1.2244,NEUTRO,-7.9600,-11.4100,248.0300,257.7000,257.7000,149.3700,-11.4100,52.8400,0.9810,True,True,227.1500,1,242.6500,True,-0.5000,HAMMER,7.1000,8.5000,7.0000,7.5000,7,5.0000,7.0000,False,False,False,False,True,True,4.8800,7.3200,1.5000,SIDI_INTRADAY_V2,0.6186,-7.4088,-0.1109,0.5597,294,XLV,True,32.0512,16.4838,-18.7287,0.2111,13.7600,,0.0372,0.0067,0.0384,0.0580,0.6880,,0.8830,4752500224.0000,1714000000.0000,2.7728,53659246592,0.5010,4.4900,0.9000,231559345,6.2800,6.9200,5.6500,6.2600,0.0886,OK,0,6.6100,False,True,False,False,False,False,DD12|RSI40|FUND65|ABNORMAL20,False,7-15d,XLV,,UNH|JNJ|LLY,fda_calendar|drug_pricing_policy|patent_cliffs,POST_ANALYSIS_ACTUAL_FILL,LIVE_QUOTE_AT_ANALYSIS,True,1.0000,1.5000,1.0000,-5.0000,7,1.5000,3,SELL_50_PCT_AT_TP1_REST_AT_TP2,MOVE_REMAINDER_TO_BREAK_EVEN,EXIT_AT_OPEN_IF_OPEN_BELOW_SL,SL_FIRST,10,PENDING_ANALYSIS,5.5688,5.5688,8.3532,233.8688,236.6532,216.8850,Indicative levels use the signal close only. Final SL/TP1/TP2 and sizing must be recalculated from the actual post-analysis broker fill.,31,2026-11-05,False,2026-08-11,2.6000,2.4200,7.4000,ALCISTA FUERTE,10,769.6400,7.3400,59.8000,15.3100,SIDI_INTRADAY_V2: Fund≥6.5 · DD60≥12% · RSI<40 · MACD↑ · Vol↓ · SPY20≤+1% · Abnormal20≤-10%,SIDI_INTRADAY_V2,True
ROP,Roper Technologies,Information Technology,Electronic Equipment & Instruments,2009-12-23,354.3200,362.8800,363.9000,353.6000,354.3200,2026-10-02,2026-10-05,22.1700,13.0500,UP,-1.8268,-2.3851,-4.0069,True,0.2364,9.4110,0.8140,2.6560,389.9000,367.2000,370.0200,-9.1200,-3.5100,True,-1.8176,BAJISTA,-16.6600,-17.3200,425.1300,428.5200,516.2900,304.4300,-31.3700,16.3900,0.8410,False,False,336.9700,3,374.1100,False,-4.9000,NONE,6.7200,6.5000,9.5000,5.0000,7,6.5000,5.0000,False,False,True,True,True,False,5.3100,7.9700,1.5000,SIDI_INTRADAY_V2,0.6186,-17.1839,0.7557,-0.5847,294,XLK,True,14.8817,14.6503,1.8889,4.2660,14.2050,0.1307,0.0423,0.3024,0.6953,0.0850,2.3300,60.5310,0.5530,2265687552.0000,2504300032.0000,0.9047,35323437056,0.7510,8.0600,1.0300,98900874,6.5300,5.5900,4.7200,9.7400,0.0641,OK,0,6.6100,True,True,True,False,False,False,VOLUME,False,3-7d,XLK,,AAPL|MSFT|NVDA,interest_rates|ai_capex_cycle|semiconductor_cycle,POST_ANALYSIS_ACTUAL_FILL,LIVE_QUOTE_AT_ANALYSIS,True,1.0000,1.5000,1.0000,-5.0000,7,1.5000,3,SELL_50_PCT_AT_TP1_REST_AT_TP2,MOVE_REMAINDER_TO_BREAK_EVEN,EXIT_AT_OPEN_IF_OPEN_BELOW_SL,SL_FIRST,10,PENDING_ANALYSIS,9.4110,9.4110,14.1165,363.7310,368.4365,336.6040,Indicative levels use the signal close only. Final SL/TP1/TP2 and sizing must be recalculated from the actual post-analysis broker fill.,17,2026-10-22,False,2026-07-23,5.3800,5.2900,1.8000,ALCISTA FUERTE,10,769.6400,7.3400,59.8000,15.3100,SIDI_INTRADAY_V2: Fund≥6.5 · DD60≥12% · RSI<40 · MACD↑ · Vol↓ · SPY20≤+1% · Abnormal20≤-10%,SIDI_INTRADAY_V2,True
AVY,Avery Dennison,Materials,Paper & Plastic Packaging Products & Materials,1987-12-31,169.8700,172.7700,174.0000,169.7300,169.8700,2026-10-02,2026-10-05,47.5400,40.2900,UP,0.0066,0.0642,-0.0418,False,0.3622,3.5950,0.7640,2.1160,173.2500,171.0000,171.3700,-1.9500,-0.6600,True,0.0279,BAJISTA,-7.0000,-9.0700,182.6500,186.8200,196.1500,150.8300,-13.4000,12.6200,0.7500,True,True,155.4900,4,166.8800,False,-8.4600,HAMMER,6.9000,7.0000,6.0000,7.5000,7,7.0000,7.0000,False,False,False,False,False,True,4.2300,6.3500,1.5000,SIDI_INTRADAY_V2,0.6186,5.6995,-0.0970,1.0144,294,XLB,True,18.5424,15.1346,5.5321,1.4002,10.8820,0.3116,0.0839,0.0762,0.2898,0.1090,0.1080,158.6530,1.1320,1004600000.0000,704899968.0000,1.4252,12949248000,0.8000,2.0200,2.3500,76490385,6.4000,5.0400,7.0800,7.1800,0.0776,D/E:159,1,6.6000,False,True,False,False,False,False,DD12|RSI40|MACD|FUND65|ABNORMAL20,False,3-7d,XLB,,LIN|APD|ECL,commodity_prices|dxy|china_demand|energy_costs,POST_ANALYSIS_ACTUAL_FILL,LIVE_QUOTE_AT_ANALYSIS,True,1.0000,1.5000,1.0000,-5.0000,7,1.5000,3,SELL_50_PCT_AT_TP1_REST_AT_TP2,MOVE_REMAINDER_TO_BREAK_EVEN,EXIT_AT_OPEN_IF_OPEN_BELOW_SL,SL_FIRST,10,PENDING_ANALYSIS,3.5950,3.5950,5.3925,173.4650,175.2625,161.3765,Indicative levels use the signal close only. Final SL/TP1/TP2 and sizing must be recalculated from the actual post-analysis broker fill.,24,2026-10-29,False,2026-07-30,2.8900,2.4700,17.0000,ALCISTA FUERTE,10,769.6400,7.3400,59.8000,15.3100,SIDI_INTRADAY_V2: Fund≥6.5 · DD60≥12% · RSI<40 · MACD↑ · Vol↓ · SPY20≤+1% · Abnormal20≤-10%,SIDI_INTRADAY_V2,True
SPG,Simon Property Group,Real Estate,Retail REITs,2002-06-26,200.9500,201.0000,202.8900,200.5700,200.9500,2026-10-02,2026-10-05,33.8200,42.5700,DOWN,0.0755,0.1168,0.4447,False,0.0761,2.6736,0.7230,1.3300,213.4700,200.0400,205.1800,-5.8700,0.4500,True,1.4957,NEUTRO,-14.1900,-14.8400,234.1900,235.9700,235.9700,164.5700,-14.8400,22.1100,0.9660,True,True,202.4900,6,219.6900,True,0.7700,HAMMER|DOJI,8.0500,8.5000,6.5000,7.5000,9,10.0000,7.0000,False,False,True,True,False,True,2.6600,3.9900,1.5000,SIDI_INTRADAY_V2,0.6186,1.7167,-0.0063,0.9781,294,XLRE,True,14.2689,29.8509,14.8877,11.0588,18.5150,1.2051,0.0563,0.6657,0.8143,0.1950,-0.1250,503.5040,0.2660,2595271168.0000,4617150976.0000,0.5621,76756074496,1.3330,8.5100,4.4300,323551515,5.6300,5.0000,5.8600,6.1100,0.0338,FCF/NI:0.56|D/E:504,2,6.6000,False,True,False,False,False,False,MACD|FUND65|ABNORMAL20,False,7-15d,XLRE,,PLD|AMT|EQIX,interest_rates|cap_rates|occupancy_trends,POST_ANALYSIS_ACTUAL_FILL,LIVE_QUOTE_AT_ANALYSIS,True,1.0000,1.5000,1.0000,-5.0000,7,1.5000,3,SELL_50_PCT_AT_TP1_REST_AT_TP2,MOVE_REMAINDER_TO_BREAK_EVEN,EXIT_AT_OPEN_IF_OPEN_BELOW_SL,SL_FIRST,10,PENDING_ANALYSIS,2.6736,2.6736,4.0104,203.6236,204.9604,190.9025,Indicative levels use the signal close only. Final SL/TP1/TP2 and sizing must be recalculated from the actual post-analysis broker fill.,28,2026-11-02,False,2026-08-10,1.7300,1.5700,10.1000,ALCISTA FUERTE,10,769.6400,7.3400,59.8000,15.3100,SIDI_INTRADAY_V2: Fund≥6.5 · DD60≥12% · RSI<40 · MACD↑ · Vol↓ · SPY20≤+1% · Abnormal20≤-10%,SIDI_INTRADAY_V2,True
CI,Cigna,Health Care,Health Care Services,1976-06-30,270.5300,270.0300,271.4000,266.0000,270.5300,2026-10-02,2026-10-05,28.0900,41.1800,DOWN,-0.5828,-0.7144,-0.6790,True,0.2895,7.0607,0.9450,2.6100,278.0000,277.2300,274.3200,-2.6900,-2.4200,True,0.3504,BAJISTA,-10.6600,-10.9400,302.8200,303.7500,308.4800,234.2000,-12.3000,15.5100,1.1500,False,False,272.0000,8,288.2400,True,0.5400,HAMMER|HAMMER|DOJI,7.2800,7.0000,8.5000,5.0000,10,6.5000,7.0000,False,False,False,True,True,False,5.2200,7.8300,1.5000,SIDI_INTRADAY_V2,0.6186,-2.6762,-0.1191,0.6394,294,XLV,True,11.1800,8.0767,1.6733,0.2531,7.5560,0.1676,0.0446,0.0227,0.0914,0.0670,0.1020,74.2900,0.8460,7980125184.0000,6416000000.0000,1.2438,71462518784,0.2980,4.6800,2.3100,264240486,6.0900,3.6100,5.8900,9.2000,0.1117,OK,0,6.5700,False,True,False,False,False,False,DD12|VOLUME|FUND65|ABNORMAL20,False,5-10d,XLV,,UNH|JNJ|LLY,fda_calendar|drug_pricing_policy|patent_cliffs,POST_ANALYSIS_ACTUAL_FILL,LIVE_QUOTE_AT_ANALYSIS,True,1.0000,1.5000,1.0000,-5.0000,7,1.5000,3,SELL_50_PCT_AT_TP1_REST_AT_TP2,MOVE_REMAINDER_TO_BREAK_EVEN,EXIT_AT_OPEN_IF_OPEN_BELOW_SL,SL_FIRST,10,PENDING_ANALYSIS,7.0607,7.0607,10.5910,277.5907,281.1210,257.0035,Indicative levels use the signal close only. Final SL/TP1/TP2 and sizing must be recalculated from the actual post-analysis broker fill.,31,2026-11-05,False,2026-07-30,7.7800,7.6000,2.4000,ALCISTA FUERTE,10,769.6400,7.3400,59.8000,15.3100,SIDI_INTRADAY_V2: Fund≥6.5 · DD60≥12% · RSI<40 · MACD↑ · Vol↓ · SPY20≤+1% · Abnormal20≤-10%,SIDI_INTRADAY_V2,True
DELL,Dell Technologies,Information Technology,"Technology Hardware, Storage & Peripherals",2024-09-23,562.5200,554.2500,568.0000,548.0100,562.5200,2026-10-02,2026-10-05,57.0900,56.8400,UP,-4.1776,-5.4233,-4.3096,True,0.6866,27.0343,0.8370,4.8060,488.9600,292.6300,537.4000,15.0500,92.2300,True,16.6751,ALCISTA,-4.4000,-5.5400,588.4000,595.5100,595.5100,109.7000,-5.5400,412.7900,0.6430,True,True,422.9400,2,595.5100,False,-24.8100,HAMMER|DOJI,6.9500,10.0000,7.0000,7.5000,4,5.0000,7.0000,False,False,False,False,True,True,9.6100,14.4200,1.5000,SIDI_INTRADAY_V2,0.6186,-21.5834,-1.4885,2.0761,294,XLK,True,32.3448,19.1066,-249.4753,2.3395,21.5150,,0.0864,0.0752,0.1991,0.5770,2.7290,,0.9620,6033375232.0000,11377999872.0000,0.5303,353721712640,1.4420,1.5000,0.4500,315433188,6.3100,10.0000,4.9300,3.6200,0.0171,FCF/NI:0.53,1,6.5700,False,True,True,False,False,False,DD12|RSI40|FUND65,False,10-18d,XLK,,AAPL|MSFT|NVDA,interest_rates|ai_capex_cycle|semiconductor_cycle,POST_ANALYSIS_ACTUAL_FILL,LIVE_QUOTE_AT_ANALYSIS,True,1.0000,1.5000,1.0000,-5.0000,7,1.5000,3,SELL_50_PCT_AT_TP1_REST_AT_TP2,MOVE_REMAINDER_TO_BREAK_EVEN,EXIT_AT_OPEN_IF_OPEN_BELOW_SL,SL_FIRST,10,PENDING_ANALYSIS,27.0343,27.0343,40.5515,589.5543,603.0715,534.3940,Indicative levels use the signal close only. Final SL/TP1/TP2 and sizing must be recalculated from the actual post-analysis broker fill.,53,2026-11-27,False,2026-09-01,7.0400,4.9200,43.1000,ALCISTA FUERTE,10,769.6400,7.3400,59.8000,15.3100,SIDI_INTRADAY_V2: Fund≥6.5 · DD60≥12% · RSI<40 · MACD↑ · Vol↓ · SPY20≤+1% · Abnormal20≤-10%,SIDI_INTRADAY_V2,True
GD,General Dynamics,Industrials,Aerospace & Defense,1957-03-04,330.0900,333.0200,333.2200,328.0000,330.0900,2026-10-02,2026-10-05,14.3200,21.5800,DOWN,-1.1576,-1.3498,-1.8321,True,0.1197,6.2400,0.8610,1.8900,369.5100,353.4000,346.3400,-10.6700,-6.6000,True,0.3436,BAJISTA,-16.6400,-17.4800,395.9700,400.0000,400.0000,305.4300,-17.4800,8.0800,1.0920,False,False,332.6900,2,351.3400,True,0.7900,HAMMER|DOJI|BULL_ENGULF,7.4500,7.0000,8.5000,5.0000,8,8.0000,9.5000,False,False,True,True,True,False,3.7800,5.6700,1.5000,SIDI_INTRADAY_V2,0.6186,-10.1961,-0.2143,0.4635,294,XLI,True,20.1888,17.7965,3.3323,1.6319,14.2200,0.1780,0.0608,0.0818,0.1537,0.0810,0.1340,35.3350,1.4410,4400124928.0000,4487000064.0000,0.9806,89526018048,0.3290,2.7200,1.9300,270557195,5.9600,4.6000,6.1900,7.2800,0.0491,OK,0,6.5600,False,True,True,False,False,False,VOLUME|FUND65,False,5-10d,XLI,,CAT|UNP|HON,pmi_manufacturing|supply_chain|capex_cycle,POST_ANALYSIS_ACTUAL_FILL,LIVE_QUOTE_AT_ANALYSIS,True,1.0000,1.5000,1.0000,-5.0000,7,1.5000,3,SELL_50_PCT_AT_TP1_REST_AT_TP2,MOVE_REMAINDER_TO_BREAK_EVEN,EXIT_AT_OPEN_IF_OPEN_BELOW_SL,SL_FIRST,10,PENDING_ANALYSIS,6.2400,6.2400,9.3600,336.3300,339.4500,313.5855,Indicative levels use the signal close only. Final SL/TP1/TP2 and sizing must be recalculated from the actual post-analysis broker fill.,23,2026-10-28,False,2026-07-29,4.2400,3.9700,6.9000,ALCISTA FUERTE,10,769.6400,7.3400,59.8000,15.3100,SIDI_INTRADAY_V2: Fund≥6.5 · DD60≥12% · RSI<40 · MACD↑ · Vol↓ · SPY20≤+1% · Abnormal20≤-10%,SIDI_INTRADAY_V2,True
ADSK,Autodesk,Information Technology,Application Software,1989-12-01,212.0000,213.0000,214.3300,210.6700,212.0000,2026-10-02,2026-10-05,28.7900,42.7300,DOWN,-0.1086,-0.5636,-1.4634,True,0.4026,6.5764,0.7110,3.1020,233.4100,238.9700,217.6600,-9.1700,-11.2800,False,-3.3984,BAJISTA,-21.6500,-21.9800,270.5800,271.7200,326.2000,185.5000,-35.0100,14.2900,0.7250,True,True,206.3300,1,216.5000,True,-2.6700,BULL_ENGULF,7.0500,5.0000,8.5000,7.5000,7,7.0000,7.5000,True,True,True,True,True,True,6.2000,9.3100,1.5000,SIDI_INTRADAY_V2,0.6186,-5.1078,1.3172,-0.6733,294,XLK,True,28.8774,15.6799,13.7546,5.9734,19.1850,0.5385,0.1147,0.2108,0.9250,0.1610,0.5960,109.5180,0.8550,3157499904.0000,1642000000.0000,1.9230,46532804608,1.3270,3.7100,0.0000,209000000,6.2000,4.6400,6.9800,7.1300,0.0679,D/E:110,1,6.5400,False,True,False,True,False,False,FUND65|ABNORMAL20,False,5-10d,XLK,,AAPL|MSFT|NVDA,interest_rates|ai_capex_cycle|semiconductor_cycle,POST_ANALYSIS_ACTUAL_FILL,LIVE_QUOTE_AT_ANALYSIS,True,1.0000,1.5000,1.0000,-5.0000,7,1.5000,3,SELL_50_PCT_AT_TP1_REST_AT_TP2,MOVE_REMAINDER_TO_BREAK_EVEN,EXIT_AT_OPEN_IF_OPEN_BELOW_SL,SL_FIRST,10,PENDING_ANALYSIS,6.5764,6.5764,9.8646,218.5764,221.8646,201.4000,Indicative levels use the signal close only. Final SL/TP1/TP2 and sizing must be recalculated from the actual post-analysis broker fill.,53,2026-11-27,False,2026-08-27,3.3000,3.1200,5.6000,ALCISTA FUERTE,10,769.6400,7.3400,59.8000,15.3100,SIDI_INTRADAY_V2: Fund≥6.5 · DD60≥12% · RSI<40 · MACD↑ · Vol↓ · SPY20≤+1% · Abnormal20≤-10%,SIDI_INTRADAY_V2,True
YUM,Yum! Brands,Consumer Discretionary,Restaurants,1997-10-06,136.1200,136.7000,137.8800,135.9500,136.1200,2026-10-02,2026-10-05,28.0400,33.6300,DOWN,-0.1161,-0.1521,-0.2099,True,0.2461,3.0493,0.7150,2.2400,146.1800,152.6900,140.4200,-6.8800,-10.8500,False,-0.3958,BAJISTA,-16.3500,-17.7400,162.7200,165.4800,169.2900,134.2600,-19.5900,1.3900,0.7550,True,True,134.2600,1,154.0800,True,-1.3700,HAMMER,7.2200,5.0000,8.5000,7.5000,7,8.5000,7.0000,True,True,True,True,True,True,4.4800,6.7200,1.5000,SIDI_INTRADAY_V2,0.6186,-8.5869,-0.3731,0.4007,294,XLY,True,17.2217,19.5894,-5.1819,4.2784,16.2580,,0.2269,0.2541,0.4531,0.1220,1.3160,,0.5920,833249984.0000,2216000000.0000,0.3760,37316497408,0.5460,4.3300,2.2000,272901085,6.0900,10.0000,4.3200,3.5900,0.0223,FCF/NI:0.38,1,6.5400,False,True,False,True,False,False,FUND65|ABNORMAL20,False,5-10d,XLY,,AMZN|TSLA|HD,consumer_spending|employment_data|interest_rates,POST_ANALYSIS_ACTUAL_FILL,LIVE_QUOTE_AT_ANALYSIS,True,1.0000,1.5000,1.0000,-5.0000,7,1.5000,3,SELL_50_PCT_AT_TP1_REST_AT_TP2,MOVE_REMAINDER_TO_BREAK_EVEN,EXIT_AT_OPEN_IF_OPEN_BELOW_SL,SL_FIRST,10,PENDING_ANALYSIS,3.0493,3.0493,4.5739,139.1693,140.6940,129.3140,Indicative levels use the signal close only. Final SL/TP1/TP2 and sizing must be recalculated from the actual post-analysis broker fill.,29,2026-11-03,False,2026-07-30,1.6200,1.5600,3.7000,ALCISTA FUERTE,10,769.6400,7.3400,59.8000,15.3100,SIDI_INTRADAY_V2: Fund≥6.5 · DD60≥12% · RSI<40 · MACD↑ · Vol↓ · SPY20≤+1% · Abnormal20≤-10%,SIDI_INTRADAY_V2,True
STZ,Constellation Brands,Consumer Staples,Distillers & Vintners,2005-07-01,112.8700,113.6400,113.6400,112.0500,112.8700,2026-10-02,2026-10-05,2.2800,21.2600,DOWN,-0.3200,-0.4713,-0.7684,True,0.2008,2.3336,0.6780,2.0670,126.9500,141.7600,118.5000,-11.0900,-20.3800,False,-1.1389,BAJISTA,-18.9000,-18.9500,139.1800,139.2600,166.1700,111.5400,-32.0800,1.1900,0.6690,True,True,,0,134.0400,False,,HAMMER|DOJI|HAMMER|DOJI,6.7700,5.0000,8.5000,7.5000,4,8.5000,7.0000,True,True,True,True,True,True,4.1300,6.2000,1.5000,SIDI_INTRADAY_V2,0.6186,-6.3323,0.0576,0.8741,294,XLP,True,10.6610,9.1258,2.3250,2.1108,8.6820,0.2369,0.0857,0.2014,0.5272,-0.0330,0.3070,123.2050,0.9130,2210487552.0000,1824400000.0000,1.2116,19116937216,0.4290,4.0300,3.6500,170752511,6.3700,5.0000,5.8100,8.6200,0.1156,D/E:123,1,6.5300,False,True,False,True,False,False,FUND65|ABNORMAL20,False,3-7d,XLP,,PG|KO|PEP,inflation|input_costs|fx_rates,POST_ANALYSIS_ACTUAL_FILL,LIVE_QUOTE_AT_ANALYSIS,True,1.0000,1.5000,1.0000,-5.0000,7,1.5000,3,SELL_50_PCT_AT_TP1_REST_AT_TP2,MOVE_REMAINDER_TO_BREAK_EVEN,EXIT_AT_OPEN_IF_OPEN_BELOW_SL,SL_FIRST,10,PENDING_ANALYSIS,2.3336,2.3336,3.5004,115.2036,116.3704,107.2265,Indicative levels use the signal close only. Final SL/TP1/TP2 and sizing must be recalculated from the actual post-analysis broker fill.,1,2026-10-06,True,2026-06-30,3.4300,3.2000,7.1000,ALCISTA FUERTE,10,769.6400,7.3400,59.8000,15.3100,SIDI_INTRADAY_V2: Fund≥6.5 · DD60≥12% · RSI<40 · MACD↑ · Vol↓ · SPY20≤+1% · Abnormal20≤-10%,SIDI_INTRADAY_V2,True
AMGN,Amgen,Health Care,Biotechnology,1992-01-02,403.0400,410.1600,410.1600,401.9600,403.0400,2026-10-02,2026-10-05,63.0000,40.3500,UP,1.5355,2.5167,3.2245,False,0.5527,9.6236,0.9270,2.3880,408.5400,360.9800,407.2000,-1.3500,11.6500,True,2.0611,NEUTRO,-9.2500,-9.8400,444.1200,447.0300,447.0300,280.2300,-9.8400,43.8300,1.0550,False,False,354.1400,2,395.6900,False,-12.1300,NONE,5.7500,8.5000,6.0000,5.0000,4,5.0000,5.0000,False,False,False,False,False,False,4.7800,7.1600,1.5000,SIDI_INTRADAY_V2,0.6186,-5.4345,0.1755,1.0322,294,XLV,True,24.9115,16.4046,18.5511,5.6919,15.1270,0.9147,0.0867,0.2295,0.7189,0.0950,0.6490,490.2810,1.3710,8645624832.0000,8743000064.0000,0.9889,216833982464,0.4070,5.4000,2.5000,540632005,7.0300,8.4600,6.9100,5.5200,0.0399,D/E:490,1,6.5200,True,True,False,False,False,False,DD12|RSI40|MACD|VOLUME|ABNORMAL20,False,7-15d,XLV,,UNH|JNJ|LLY,fda_calendar|drug_pricing_policy|patent_cliffs,POST_ANALYSIS_ACTUAL_FILL,LIVE_QUOTE_AT_ANALYSIS,True,1.0000,1.5000,1.0000,-5.0000,7,1.5000,3,SELL_50_PCT_AT_TP1_REST_AT_TP2,MOVE_REMAINDER_TO_BREAK_EVEN,EXIT_AT_OPEN_IF_OPEN_BELOW_SL,SL_FIRST,10,PENDING_ANALYSIS,9.6236,9.6236,14.4354,412.6636,417.4754,382.8880,Indicative levels use the signal close only. Final SL/TP1/TP2 and sizing must be recalculated from the actual post-analysis broker fill.,29,2026-11-03,False,2026-08-04,6.2900,5.6200,12.0000,ALCISTA FUERTE,10,769.6400,7.3400,59.8000,15.3100,SIDI_INTRADAY_V2: Fund≥6.5 · DD60≥12% · RSI<40 · MACD↑ · Vol↓ · SPY20≤+1% · Abnormal20≤-10%,SIDI_INTRADAY_V2,True
AFL,Aflac,Financials,Life & Health Insurance,1999-05-28,111.5400,110.7800,111.8000,110.0000,111.5400,2026-10-02,2026-10-05,18.7400,34.0100,DOWN,-0.2751,-0.2728,-0.0871,False,0.0660,1.6679,0.8470,1.4950,118.5700,114.1300,114.5400,-5.9300,-2.2700,True,0.5865,BAJISTA,-13.4700,-13.9100,128.9000,129.5700,129.5700,103.2700,-13.9100,8.0100,0.9060,True,True,113.7500,2,118.8100,True,1.9800,NONE,7.3000,7.0000,7.5000,7.5000,8,8.0000,5.0000,False,False,True,True,False,True,2.9900,4.4900,1.5000,SIDI_INTRADAY_V2,0.6186,0.4796,-0.5668,0.8188,294,XLF,True,12.0629,14.8535,1.8588,3.1127,10.4140,0.1691,0.0313,0.2691,0.5089,-0.0100,0.4680,53.3650,0.8920,5152249856.0000,4862000128.0000,1.0597,56243195904,0.5560,5.4600,2.1900,501343298,5.9800,5.0000,5.7900,7.3300,0.0916,OK,0,6.5100,False,True,False,False,False,False,MACD|FUND65|ABNORMAL20,False,3-7d,XLF,,JPM|BAC|WFC,interest_rates|yield_curve|credit_spreads|loan_growth,POST_ANALYSIS_ACTUAL_FILL,LIVE_QUOTE_AT_ANALYSIS,True,1.0000,1.5000,1.0000,-5.0000,7,1.5000,3,SELL_50_PCT_AT_TP1_REST_AT_TP2,MOVE_REMAINDER_TO_BREAK_EVEN,EXIT_AT_OPEN_IF_OPEN_BELOW_SL,SL_FIRST,10,PENDING_ANALYSIS,1.6679,1.6679,2.5019,113.2079,114.0419,105.9630,Indicative levels use the signal close only. Final SL/TP1/TP2 and sizing must be recalculated from the actual post-analysis broker fill.,30,2026-11-04,False,2026-08-06,1.7500,1.7600,-45.0000,ALCISTA FUERTE,10,769.6400,7.3400,59.8000,15.3100,SIDI_INTRADAY_V2: Fund≥6.5 · DD60≥12% · RSI<40 · MACD↑ · Vol↓ · SPY20≤+1% · Abnormal20≤-10%,SIDI_INTRADAY_V2,True
O,Realty Income,Real Estate,Retail REITs,2015-04-07,54.1300,53.8600,54.3400,53.4400,54.1300,2026-10-02,2026-10-05,13.5200,4.7500,UP,-0.1745,-0.2319,-0.2372,True,0.1979,0.8780,0.8960,1.6220,60.1600,60.4300,56.5800,-10.0200,-10.4300,False,0.3638,BAJISTA,-16.5500,-18.2900,64.8700,66.2500,66.2500,53.2800,-18.2900,1.6000,0.8520,False,False,,0,63.2400,False,,NONE,6.0700,5.5000,9.5000,5.0000,4,6.5000,5.0000,False,False,True,True,True,False,3.2400,4.8700,1.5000,SIDI_INTRADAY_V2,0.6186,-5.5622,-0.2706,0.9155,294,XLRE,True,39.1848,34.8193,1.2937,8.4357,15.7470,0.0323,0.0236,0.2090,0.9268,0.0960,0.6920,74.7220,1.5280,1582081920.0000,1267576960.0000,1.2481,51166740480,0.6960,7.4100,6.0200,946218033,6.8000,9.9300,5.1300,5.1000,0.0309,OK,0,6.5100,True,True,False,False,False,False,VOLUME|ABNORMAL20,False,3-7d,XLRE,,PLD|AMT|EQIX,interest_rates|cap_rates|occupancy_trends,POST_ANALYSIS_ACTUAL_FILL,LIVE_QUOTE_AT_ANALYSIS,True,1.0000,1.5000,1.0000,-5.0000,7,1.5000,3,SELL_50_PCT_AT_TP1_REST_AT_TP2,MOVE_REMAINDER_TO_BREAK_EVEN,EXIT_AT_OPEN_IF_OPEN_BELOW_SL,SL_FIRST,10,PENDING_ANALYSIS,0.8780,0.8780,1.3170,55.0080,55.4470,51.4235,Indicative levels use the signal close only. Final SL/TP1/TP2 and sizing must be recalculated from the actual post-analysis broker fill.,28,2026-11-02,False,2026-08-05,0.3700,0.4200,-12.7000,ALCISTA FUERTE,10,769.6400,7.3400,59.8000,15.3100,SIDI_INTRADAY_V2: Fund≥6.5 · DD60≥12% · RSI<40 · MACD↑ · Vol↓ · SPY20≤+1% · Abnormal20≤-10%,SIDI_INTRADAY_V2,True
WDAY,"Workday, Inc.",Information Technology,Application Software,2024-12-23,186.1400,187.5600,188.6100,185.2100,186.1400,2026-10-02,2026-10-05,40.6400,44.3300,DOWN,-1.3029,-1.2560,-1.3423,False,0.2489,6.9671,0.7440,3.7430,185.8900,157.2500,189.8100,0.1400,18.3800,True,-1.9216,ALCISTA,-10.0400,-18.1800,206.9200,227.4900,247.4000,110.3600,-24.7600,68.6700,0.5830,True,True,188.0500,1,201.0000,True,1.0300,NONE,7.2300,9.5000,5.0000,7.5000,7,8.5000,5.0000,False,False,False,False,False,True,7.4900,11.2300,1.5000,SIDI_INTRADAY_V2,0.6186,-13.3027,1.3712,-0.8252,294,XLK,True,37.8289,14.0361,6.9293,4.4080,28.5170,0.1601,0.0451,0.1232,0.7580,0.1280,2.0600,58.3900,0.9080,3046374912.0000,1251000064.0000,2.4352,44763340800,1.0740,3.8300,0.0000,196000000,6.0300,6.1400,5.0400,7.0600,0.0681,OK,0,6.5100,False,True,True,False,False,False,DD12|RSI40|MACD|FUND65,False,10-18d,XLK,,AAPL|MSFT|NVDA,interest_rates|ai_capex_cycle|semiconductor_cycle,POST_ANALYSIS_ACTUAL_FILL,LIVE_QUOTE_AT_ANALYSIS,True,1.0000,1.5000,1.0000,-5.0000,7,1.5000,3,SELL_50_PCT_AT_TP1_REST_AT_TP2,MOVE_REMAINDER_TO_BREAK_EVEN,EXIT_AT_OPEN_IF_OPEN_BELOW_SL,SL_FIRST,10,PENDING_ANALYSIS,6.9671,6.9671,10.4506,193.1071,196.5906,176.8330,Indicative levels use the signal close only. Final SL/TP1/TP2 and sizing must be recalculated from the actual post-analysis broker fill.,-39,2026-12-01,False,2026-08-27,2.7500,2.6100,5.3000,ALCISTA FUERTE,10,769.6400,7.3400,59.8000,15.3100,SIDI_INTRADAY_V2: Fund≥6.5 · DD60≥12% · RSI<40 · MACD↑ · Vol↓ · SPY20≤+1% · Abnormal20≤-10%,SIDI_INTRADAY_V2,True
NDSN,Nordson Corporation,Industrials,Industrial Machinery & Supplies & Components,2022-02-15,333.5400,331.7900,335.7700,331.0900,333.5400,2026-10-02,2026-10-05,88.2600,60.1000,UP,1.4785,1.3493,1.5711,True,0.9385,5.6850,0.8750,1.7040,314.8000,285.6300,322.0000,5.9500,16.7700,True,3.1443,ALCISTA,-0.0500,-1.3500,333.7000,338.1000,338.1000,220.5400,-1.3500,51.2300,0.8710,True,True,308.0400,5,338.1000,False,-7.6400,NONE,7.0500,10.0000,7.0000,7.5000,6,5.0000,5.0000,False,False,False,False,True,True,3.4100,5.1100,1.5000,SIDI_INTRADAY_V2,0.6186,5.2384,0.1053,0.7822,294,XLI,True,33.8662,25.7723,5.7010,6.2565,21.1740,0.1776,0.0847,0.1863,0.5539,0.1030,0.2300,55.6190,1.8230,613806656.0000,555177984.0000,1.1056,18643103744,0.9920,3.4600,1.1300,55717948,6.1200,7.4600,5.7400,4.9900,0.0329,OK,0,6.4900,False,True,False,False,False,False,DD12|RSI40|FUND65|ABNORMAL20,False,10-18d,XLI,,CAT|UNP|HON,pmi_manufacturing|supply_chain|capex_cycle,POST_ANALYSIS_ACTUAL_FILL,LIVE_QUOTE_AT_ANALYSIS,True,1.0000,1.5000,1.0000,-5.0000,7,1.5000,3,SELL_50_PCT_AT_TP1_REST_AT_TP2,MOVE_REMAINDER_TO_BREAK_EVEN,EXIT_AT_OPEN_IF_OPEN_BELOW_SL,SL_FIRST,10,PENDING_ANALYSIS,5.6850,5.6850,8.5275,339.2250,342.0675,316.8630,Indicative levels use the signal close only. Final SL/TP1/TP2 and sizing must be recalculated from the actual post-analysis broker fill.,-47,2026-12-09,False,2026-08-19,3.2500,3.0900,5.0000,ALCISTA FUERTE,10,769.6400,7.3400,59.8000,15.3100,SIDI_INTRADAY_V2: Fund≥6.5 · DD60≥12% · RSI<40 · MACD↑ · Vol↓ · SPY20≤+1% · Abnormal20≤-10%,SIDI_INTRADAY_V2,True
PNC,PNC Financial Services,Financials,Diversified Banks,1988-04-30,221.0300,221.0400,222.7800,219.5200,221.0300,2026-10-02,2026-10-05,15.6700,21.6300,DOWN,-0.8187,-1.0127,-1.3133,True,0.1970,4.9143,1.0790,2.2230,242.0500,225.9700,229.9700,-8.6900,-2.1900,True,1.8823,BAJISTA,-13.9900,-14.6500,256.9700,258.9600,258.9600,172.8200,-14.6500,27.9000,1.0440,False,False,214.2100,2,222.7500,True,-3.0800,HAMMER|DOJI|HAMMER|HAMMER|DOJI,6.9800,7.0000,8.5000,5.0000,8,6.5000,7.0000,False,False,True,True,True,False,4.4500,6.6700,1.5000,SIDI_INTRADAY_V2,0.6186,-1.9231,-0.0531,1.0256,294,XLF,True,12.1883,10.3162,1.5211,3.6310,,0.1262,0.0131,0.3137,0.0000,0.2360,0.2490,,,,7261000192.0000,,88302190592,0.9310,5.1500,3.6200,398943667,6.1600,8.2900,4.6600,5.4400,,OK,0,6.4900,False,True,False,False,False,False,VOLUME|FUND65|ABNORMAL20,False,5-10d,XLF,,JPM|BAC|WFC,interest_rates|yield_curve|credit_spreads|loan_growth,POST_ANALYSIS_ACTUAL_FILL,LIVE_QUOTE_AT_ANALYSIS,True,1.0000,1.5000,1.0000,-5.0000,7,1.5000,3,SELL_50_PCT_AT_TP1_REST_AT_TP2,MOVE_REMAINDER_TO_BREAK_EVEN,EXIT_AT_OPEN_IF_OPEN_BELOW_SL,SL_FIRST,10,PENDING_ANALYSIS,4.9143,4.9143,7.3714,225.9443,228.4015,209.9785,Indicative levels use the signal close only. Final SL/TP1/TP2 and sizing must be recalculated from the actual post-analysis broker fill.,10,2026-10-15,False,2026-07-15,4.8100,4.4500,8.0000,ALCISTA FUERTE,10,769.6400,7.3400,59.8000,15.3100,SIDI_INTRADAY_V2: Fund≥6.5 · DD60≥12% · RSI<40 · MACD↑ · Vol↓ · SPY20≤+1% · Abnormal20≤-10%,SIDI_INTRADAY_V2,True
STT,State Street Corporation,Financials,Asset Management & Custody Banks,2003-03-14,175.9600,175.0000,176.6800,174.2600,175.9600,2026-10-02,2026-10-05,24.4500,22.3000,UP,-0.9714,-1.1673,-1.0776,True,0.2159,3.9894,0.9090,2.2670,185.2500,153.3100,181.0700,-5.0100,14.7800,True,4.4572,NEUTRO,-8.9400,-9.7200,193.2400,194.9000,194.9000,102.2200,-9.7200,72.1500,0.8120,False,False,163.0600,1,174.1200,False,-7.3300,NONE,6.6700,8.5000,9.5000,5.0000,4,6.5000,5.0000,False,False,False,True,True,False,4.5300,6.8000,1.5000,SIDI_INTRADAY_V2,0.6186,-6.4533,0.3957,0.8181,294,XLF,True,15.4330,11.3478,2.0114,3.2001,,0.1244,0.0087,0.2301,0.0000,0.1840,0.6820,,,,3220999936.0000,,48075554816,1.4180,3.7300,2.0900,274701765,6.3600,9.2600,4.6400,4.9700,,OK,0,6.4800,False,True,False,False,False,False,DD12|VOLUME|FUND65|ABNORMAL20,False,7-15d,XLF,,JPM|BAC|WFC,interest_rates|yield_curve|credit_spreads|loan_growth,POST_ANALYSIS_ACTUAL_FILL,LIVE_QUOTE_AT_ANALYSIS,True,1.0000,1.5000,1.0000,-5.0000,7,1.5000,3,SELL_50_PCT_AT_TP1_REST_AT_TP2,MOVE_REMAINDER_TO_BREAK_EVEN,EXIT_AT_OPEN_IF_OPEN_BELOW_SL,SL_FIRST,10,PENDING_ANALYSIS,3.9894,3.9894,5.9841,179.9494,181.9441,167.1620,Indicative levels use the signal close only. Final SL/TP1/TP2 and sizing must be recalculated from the actual post-analysis broker fill.,9,2026-10-14,False,2026-07-16,3.6500,3.3400,9.2000,ALCISTA FUERTE,10,769.6400,7.3400,59.8000,15.3100,SIDI_INTRADAY_V2: Fund≥6.5 · DD60≥12% · RSI<40 · MACD↑ · Vol↓ · SPY20≤+1% · Abnormal20≤-10%,SIDI_INTRADAY_V2,True
VRTX,Vertex Pharmaceuticals,Health Care,Biotechnology,2013-09-23,504.7300,509.5000,509.5000,499.9500,504.7300,2026-10-02,2026-10-05,37.6000,36.1000,UP,-1.6759,-0.9742,-0.0124,False,0.1263,11.4621,0.8290,2.2710,518.2000,473.6200,519.8200,-2.6000,6.5700,True,1.7249,NEUTRO,-9.5400,-9.9100,557.9600,560.2500,560.2500,400.7400,-9.9100,25.9500,0.9300,True,True,466.7000,3,497.3100,False,-7.5300,NONE,7.3000,8.5000,7.5000,7.5000,6,8.0000,5.0000,False,False,False,True,False,True,4.5400,6.8100,1.5000,SIDI_INTRADAY_V2,0.6186,-5.5290,0.1917,1.0831,294,XLV,True,29.3419,25.0570,6.3037,10.1383,23.9300,0.2354,0.1193,0.3500,0.5496,0.1250,0.0800,9.7670,3.1850,2627887616.0000,4405199872.0000,0.5965,127612534784,0.2810,4.7200,0.0000,253300000,5.9200,5.6400,7.9100,3.9400,0.0206,FCF/NI:0.60,1,6.4700,False,True,False,False,False,False,DD12|MACD|FUND65|ABNORMAL20,False,7-15d,XLV,,UNH|JNJ|LLY,fda_calendar|drug_pricing_policy|patent_cliffs,POST_ANALYSIS_ACTUAL_FILL,LIVE_QUOTE_AT_ANALYSIS,True,1.0000,1.5000,1.0000,-5.0000,7,1.5000,3,SELL_50_PCT_AT_TP1_REST_AT_TP2,MOVE_REMAINDER_TO_BREAK_EVEN,EXIT_AT_OPEN_IF_OPEN_BELOW_SL,SL_FIRST,10,PENDING_ANALYSIS,11.4621,11.4621,17.1931,516.1921,521.9231,479.4935,Indicative levels use the signal close only. Final SL/TP1/TP2 and sizing must be recalculated from the actual post-analysis broker fill.,28,2026-11-02,False,2026-08-03,4.7300,4.7500,-32.0000,ALCISTA FUERTE,10,769.6400,7.3400,59.8000,15.3100,SIDI_INTRADAY_V2: Fund≥6.5 · DD60≥12% · RSI<40 · MACD↑ · Vol↓ · SPY20≤+1% · Abnormal20≤-10%,SIDI_INTRADAY_V2,True
APH,Amphenol,Information Technology,Electronic Components,2008-09-30,86.9600,86.8200,88.0200,85.7200,86.9600,2026-10-02,2026-10-05,79.0500,53.1600,UP,0.6389,0.5692,0.5627,True,0.9371,2.6180,0.8340,3.0110,81.0500,73.9200,82.6200,7.3000,17.6400,True,1.9315,ALCISTA,0.0000,-1.2100,86.9600,88.0300,89.1200,58.8200,-2.4300,47.8300,0.7420,True,True,77.0000,7,88.5800,False,-11.4500,HAMMER|HAMMER|DOJI,7.2500,10.0000,7.0000,7.5000,6,5.0000,7.0000,False,False,False,False,True,True,6.0200,9.0300,1.5000,SIDI_INTRADAY_V2,0.6186,2.2499,0.4299,0.6310,294,XLK,True,43.7550,26.6179,13.9258,7.4383,24.0880,0.3811,0.1447,0.1773,0.3895,0.5500,0.5930,120.4150,1.8880,3818374912.0000,5143399936.0000,0.7424,215796760576,1.2350,2.7500,0.5800,2465966914,5.9300,8.0600,5.7600,3.6200,0.0177,FCF/NI:0.74|D/E:120,2,6.4600,False,True,False,False,False,False,DD12|RSI40|FUND65|ABNORMAL20,False,10-18d,XLK,,AAPL|MSFT|NVDA,interest_rates|ai_capex_cycle|semiconductor_cycle,POST_ANALYSIS_ACTUAL_FILL,LIVE_QUOTE_AT_ANALYSIS,True,1.0000,1.5000,1.0000,-5.0000,7,1.5000,3,SELL_50_PCT_AT_TP1_REST_AT_TP2,MOVE_REMAINDER_TO_BREAK_EVEN,EXIT_AT_OPEN_IF_OPEN_BELOW_SL,SL_FIRST,10,PENDING_ANALYSIS,2.6180,2.6180,3.9270,89.5780,90.8870,82.6120,Indicative levels use the signal close only. Final SL/TP1/TP2 and sizing must be recalculated from the actual post-analysis broker fill.,23,2026-10-28,False,2026-07-29,0.6800,0.6000,13.2000,ALCISTA FUERTE,10,769.6400,7.3400,59.8000,15.3100,SIDI_INTRADAY_V2: Fund≥6.5 · DD60≥12% · RSI<40 · MACD↑ · Vol↓ · SPY20≤+1% · Abnormal20≤-10%,SIDI_INTRADAY_V2,True
GRMN,Garmin,Consumer Discretionary,Consumer Electronics,2012-12-12,281.1600,284.0100,286.4700,280.0900,281.1600,2026-10-02,2026-10-05,50.9500,69.4000,DOWN,0.0744,0.6138,1.7571,False,0.4758,7.4314,0.9730,2.6430,287.1300,244.5900,284.5300,-2.0800,14.9500,True,3.6814,NEUTRO,-9.8700,-10.1900,311.9500,313.0700,313.0700,183.6400,-10.1900,53.1100,1.0070,True,True,268.9500,2,284.2100,False,-4.3400,NONE,6.0500,8.5000,5.0000,7.5000,4,5.0000,5.0000,False,False,False,False,False,True,5.2900,7.9300,1.5000,SIDI_INTRADAY_V2,0.6186,2.3708,0.1825,0.5047,294,XLY,True,29.2975,25.7966,6.0656,7.1369,22.4030,0.2189,0.1217,0.2447,0.6008,0.1140,0.3530,2.5130,3.0280,1043656256.0000,1877294976.0000,0.5559,54750429184,0.8300,3.7100,1.4900,192856206,6.7300,10.0000,6.1500,3.5900,0.0191,FCF/NI:0.56,1,6.4600,True,True,False,False,False,False,DD12|RSI40|MACD|ABNORMAL20,False,7-15d,XLY,,AMZN|TSLA|HD,consumer_spending|employment_data|interest_rates,POST_ANALYSIS_ACTUAL_FILL,LIVE_QUOTE_AT_ANALYSIS,True,1.0000,1.5000,1.0000,-5.0000,7,1.5000,3,SELL_50_PCT_AT_TP1_REST_AT_TP2,MOVE_REMAINDER_TO_BREAK_EVEN,EXIT_AT_OPEN_IF_OPEN_BELOW_SL,SL_FIRST,10,PENDING_ANALYSIS,7.4314,7.4314,11.1471,288.5914,292.3071,267.1020,Indicative levels use the signal close only. Final SL/TP1/TP2 and sizing must be recalculated from the actual post-analysis broker fill.,23,2026-10-28,False,2026-07-29,2.8100,2.2900,22.5000,ALCISTA FUERTE,10,769.6400,7.3400,59.8000,15.3100,SIDI_INTRADAY_V2: Fund≥6.5 · DD60≥12% · RSI<40 · MACD↑ · Vol↓ · SPY20≤+1% · Abnormal20≤-10%,SIDI_INTRADAY_V2,True
XOM,ExxonMobil,Energy,Integrated Oil & Gas,1957-03-04,164.0100,161.5500,164.6100,161.5500,164.0100,2026-10-02,2026-10-05,48.0100,51.9600,DOWN,-0.1317,-0.2519,-0.5501,True,0.6170,3.5886,0.9970,2.1880,160.2200,147.6500,162.2400,2.3700,11.0800,True,3.3562,ALCISTA,-3.1400,-3.3200,169.3200,169.6400,174.0900,107.2800,-5.7900,52.8800,0.8000,True,True,148.1300,1,163.7700,False,-9.6800,NONE,6.5500,10.0000,6.0000,7.5000,4,5.0000,5.0000,False,False,False,False,True,True,4.3800,6.5600,1.5000,SIDI_INTRADAY_V2,0.6186,3.9732,-0.2507,1.0298,294,XLE,True,21.1313,14.4687,2.6029,1.8699,10.4940,0.1258,0.0552,0.0907,0.2977,0.4410,1.1280,15.9210,1.1350,20671000576.0000,32757000192.0000,0.6310,675134832640,0.2090,2.8400,2.5100,4111911960,6.3800,8.2300,5.8800,4.8100,0.0306,FCF/NI:0.63,1,6.4500,False,True,False,False,False,False,DD12|RSI40|FUND65|ABNORMAL20,False,10-18d,XLE,,CVX|COP|SLB,oil_price|gas_price|opec_supply|inventories,POST_ANALYSIS_ACTUAL_FILL,LIVE_QUOTE_AT_ANALYSIS,True,1.0000,1.5000,1.0000,-5.0000,7,1.5000,3,SELL_50_PCT_AT_TP1_REST_AT_TP2,MOVE_REMAINDER_TO_BREAK_EVEN,EXIT_AT_OPEN_IF_OPEN_BELOW_SL,SL_FIRST,10,PENDING_ANALYSIS,3.5886,3.5886,5.3829,167.5986,169.3929,155.8095,Indicative levels use the signal close only. Final SL/TP1/TP2 and sizing must be recalculated from the actual post-analysis broker fill.,25,2026-10-30,False,2026-07-31,4.1100,3.6300,13.3000,ALCISTA FUERTE,10,769.6400,7.3400,59.8000,15.3100,SIDI_INTRADAY_V2: Fund≥6.5 · DD60≥12% · RSI<40 · MACD↑ · Vol↓ · SPY20≤+1% · Abnormal20≤-10%,SIDI_INTRADAY_V2,True
HST,Host Hotels & Resorts,Real Estate,Hotel & Resort REITs,2007-03-20,22.5600,22.7100,22.8400,22.4900,22.5600,2026-10-02,2026-10-05,57.8800,58.8500,DOWN,0.1198,0.1177,0.1087,True,0.9484,0.4388,0.8880,1.9450,22.7400,20.6000,22.2200,-0.7800,9.5100,True,2.9003,NEUTRO,-10.8700,-11.4600,25.3100,25.4800,25.4800,14.4600,-11.4600,56.0100,0.8090,False,False,22.8400,1,23.2100,True,1.2500,HAMMER,6.4000,8.5000,6.0000,5.0000,7,5.0000,7.0000,False,False,False,False,True,False,3.8900,5.8400,1.5000,SIDI_INTRADAY_V2,0.6186,6.4810,0.4658,0.6626,294,XLRE,True,15.1318,21.2156,2.4014,2.4957,11.4330,0.1556,0.0433,0.1647,0.2919,0.0360,0.0840,85.2980,1.6710,1692375040.0000,1027000000.0000,1.6479,15558398976,1.1170,5.2900,3.5500,685124399,6.4800,4.0400,7.5700,8.0400,0.1088,D/E:85,1,6.4500,False,True,False,False,False,False,DD12|RSI40|VOLUME|FUND65|ABNORMAL20,False,7-15d,XLRE,,PLD|AMT|EQIX,interest_rates|cap_rates|occupancy_trends,POST_ANALYSIS_ACTUAL_FILL,LIVE_QUOTE_AT_ANALYSIS,True,1.0000,1.5000,1.0000,-5.0000,7,1.5000,3,SELL_50_PCT_AT_TP1_REST_AT_TP2,MOVE_REMAINDER_TO_BREAK_EVEN,EXIT_AT_OPEN_IF_OPEN_BELOW_SL,SL_FIRST,10,PENDING_ANALYSIS,0.4388,0.4388,0.6582,22.9988,23.2182,21.4320,Indicative levels use the signal close only. Final SL/TP1/TP2 and sizing must be recalculated from the actual post-analysis broker fill.,30,2026-11-04,False,2026-08-05,0.3500,0.3400,4.4000,ALCISTA FUERTE,10,769.6400,7.3400,59.8000,15.3100,SIDI_INTRADAY_V2: Fund≥6.5 · DD60≥12% · RSI<40 · MACD↑ · Vol↓ · SPY20≤+1% · Abnormal20≤-10%,SIDI_INTRADAY_V2,True
NRG,NRG Energy,Utilities,Independent Power Producers & Energy Traders,2010-01-29,95.2300,97.6300,98.5100,93.4200,95.2300,2026-10-02,2026-10-05,22.3700,20.2400,UP,-0.3867,-0.4529,-0.6335,True,0.1866,3.6064,0.6590,3.7870,114.1600,140.1500,103.1900,-16.5800,-32.0500,False,-4.0298,BAJISTA,-33.1600,-33.9700,142.4800,144.2200,188.7100,93.3600,-49.5400,2.0000,1.1480,False,False,,0,143.4900,False,,NONE,6.2800,5.0000,9.5000,5.0000,4,8.5000,5.0000,False,False,True,True,True,False,7.5700,11.3600,1.5000,SIDI_INTRADAY_V2,0.6186,0.0526,1.1141,1.4271,294,XLU,True,25.6335,8.7513,4.8975,0.6214,13.5180,0.2377,0.0406,0.0256,0.1880,0.1100,,483.3570,0.9680,772374976.0000,782000000.0000,0.9877,20583809024,1.1610,2.1600,2.0000,210210483,6.5600,7.5000,6.9300,5.0400,0.0375,D/E:483,1,6.4500,True,True,False,False,False,False,VOLUME|ABNORMAL20,False,3-7d,XLU,,NEE|DUK|SO,interest_rates|regulatory_environment,POST_ANALYSIS_ACTUAL_FILL,LIVE_QUOTE_AT_ANALYSIS,True,1.0000,1.5000,1.0000,-5.0000,7,1.5000,3,SELL_50_PCT_AT_TP1_REST_AT_TP2,MOVE_REMAINDER_TO_BREAK_EVEN,EXIT_AT_OPEN_IF_OPEN_BELOW_SL,SL_FIRST,10,PENDING_ANALYSIS,3.6064,3.6064,5.4096,98.8364,100.6396,90.4685,Indicative levels use the signal close only. Final SL/TP1/TP2 and sizing must be recalculated from the actual post-analysis broker fill.,31,2026-11-05,False,2026-08-04,1.4900,1.7400,-14.4000,ALCISTA FUERTE,10,769.6400,7.3400,59.8000,15.3100,SIDI_INTRADAY_V2: Fund≥6.5 · DD60≥12% · RSI<40 · MACD↑ · Vol↓ · SPY20≤+1% · Abnormal20≤-10%,SIDI_INTRADAY_V2,True
COF,Capital One,Financials,Consumer Finance,1998-07-01,194.7200,196.2400,197.0400,192.9300,194.7200,2026-10-02,2026-10-05,29.7700,23.1200,UP,-0.7170,-0.9100,-1.0104,True,0.2186,4.7136,0.9170,2.4210,210.8500,204.4000,201.6400,-7.6500,-4.7400,True,-0.7666,BAJISTA,-14.0500,-14.3500,226.5400,227.3400,256.6400,173.6200,-24.1300,12.1500,1.1940,True,True,191.0300,2,194.8400,True,-1.8900,NONE,7.3800,6.5000,9.5000,7.5000,8,6.5000,5.0000,True,True,True,True,True,True,4.8400,7.2600,1.5000,SIDI_INTRADAY_V2,0.6186,1.1813,0.5306,1.3276,294,XLF,True,12.5755,8.2185,1.1665,2.4968,,0.0903,0.0152,0.2187,0.0000,11.1100,,,,,9822999552.0000,,120123310080,1.0400,3.1200,1.6400,613500000,5.8200,7.5000,4.3100,5.6100,,OK,0,6.4400,False,True,False,True,False,False,FUND65|ABNORMAL20,False,5-10d,XLF,,JPM|BAC|WFC,interest_rates|yield_curve|credit_spreads|loan_growth,POST_ANALYSIS_ACTUAL_FILL,LIVE_QUOTE_AT_ANALYSIS,True,1.0000,1.5000,1.0000,-5.0000,7,1.5000,3,SELL_50_PCT_AT_TP1_REST_AT_TP2,MOVE_REMAINDER_TO_BREAK_EVEN,EXIT_AT_OPEN_IF_OPEN_BELOW_SL,SL_FIRST,10,PENDING_ANALYSIS,4.7136,4.7136,7.0704,199.4336,201.7904,184.9840,Indicative levels use the signal close only. Final SL/TP1/TP2 and sizing must be recalculated from the actual post-analysis broker fill.,15,2026-10-20,False,2026-07-21,5.8100,4.6900,23.8000,ALCISTA FUERTE,10,769.6400,7.3400,59.8000,15.3100,SIDI_INTRADAY_V2: Fund≥6.5 · DD60≥12% · RSI<40 · MACD↑ · Vol↓ · SPY20≤+1% · Abnormal20≤-10%,SIDI_INTRADAY_V2,True
ED,Consolidated Edison,Utilities,Multi-Utilities,1957-03-04,103.3900,103.7600,104.4800,103.0300,103.3900,2026-10-02,2026-10-05,38.7600,30.6200,UP,-0.0678,-0.1450,-0.2513,True,0.3118,1.5857,0.8430,1.5340,106.7400,106.5400,104.5000,-3.1400,-2.9600,True,0.8319,BAJISTA,-7.7600,-9.5200,112.0900,114.2600,114.3300,92.4300,-9.5700,11.8500,1.2060,False,False,105.3200,4,109.1400,True,1.8600,NONE,6.8500,7.0000,8.5000,5.0000,10,5.0000,5.0000,False,False,False,True,True,False,3.0700,4.6000,1.5000,SIDI_INTRADAY_V2,0.6186,-1.0440,-0.4141,0.7985,294,XLU,True,17.0906,15.9603,1.4924,2.1689,10.5630,0.0896,0.0324,0.1253,0.5337,0.1320,0.2210,110.1130,1.2680,-844875008.0000,2216999936.0000,-0.3811,38366023680,0.2500,5.0900,3.4000,369828633,6.1600,10.0000,4.7300,3.3500,-0.0220,FCF/NI:-0.38,1,6.4400,False,True,False,False,False,False,DD12|VOLUME|FUND65|ABNORMAL20,False,3-7d,XLU,,NEE|DUK|SO,interest_rates|regulatory_environment,POST_ANALYSIS_ACTUAL_FILL,LIVE_QUOTE_AT_ANALYSIS,True,1.0000,1.5000,1.0000,-5.0000,7,1.5000,3,SELL_50_PCT_AT_TP1_REST_AT_TP2,MOVE_REMAINDER_TO_BREAK_EVEN,EXIT_AT_OPEN_IF_OPEN_BELOW_SL,SL_FIRST,10,PENDING_ANALYSIS,1.5857,1.5857,2.3786,104.9757,105.7686,98.2205,Indicative levels use the signal close only. Final SL/TP1/TP2 and sizing must be recalculated from the actual post-analysis broker fill.,31,2026-11-05,False,2026-08-06,0.8300,0.7700,7.4000,ALCISTA FUERTE,10,769.6400,7.3400,59.8000,15.3100,SIDI_INTRADAY_V2: Fund≥6.5 · DD60≥12% · RSI<40 · MACD↑ · Vol↓ · SPY20≤+1% · Abnormal20≤-10%,SIDI_INTRADAY_V2,True
MDLZ,Mondelez International,Consumer Staples,Packaged Foods & Meats,2012-10-02,58.1900,57.6800,58.3200,57.4800,58.1900,2026-10-02,2026-10-05,25.8000,42.0400,DOWN,-0.3182,-0.3485,-0.2394,True,0.1042,1.0703,0.7550,1.8390,61.4100,58.5700,60.0100,-5.2400,-0.6400,True,1.1608,BAJISTA,-9.6700,-11.9200,64.4200,66.0700,66.0700,49.9000,-11.9200,16.6200,0.9560,False,False,57.2900,2,64.9800,True,-1.5400,HAMMER|BULL_ENGULF,7.7500,7.0000,8.5000,5.0000,8,10.0000,9.5000,False,False,False,True,True,False,3.6800,5.5200,1.5000,SIDI_INTRADAY_V2,0.6186,-1.5485,-0.2615,1.1276,294,XLP,True,21.3971,17.3070,2.7977,1.8830,15.5700,0.1334,0.0412,0.0886,0.3115,0.0410,1.4490,82.6430,0.5990,2252375040.0000,3516000000.0000,0.6406,74708418560,0.3910,3.8700,3.5700,1283649766,5.5700,6.9600,4.4500,5.2400,0.0301,FCF/NI:0.64|D/E:83,2,6.4400,False,True,False,False,False,False,DD12|VOLUME|FUND65|ABNORMAL20,False,5-10d,XLP,,PG|KO|PEP,inflation|input_costs|fx_rates,POST_ANALYSIS_ACTUAL_FILL,LIVE_QUOTE_AT_ANALYSIS,True,1.0000,1.5000,1.0000,-5.0000,7,1.5000,3,SELL_50_PCT_AT_TP1_REST_AT_TP2,MOVE_REMAINDER_TO_BREAK_EVEN,EXIT_AT_OPEN_IF_OPEN_BELOW_SL,SL_FIRST,10,PENDING_ANALYSIS,1.0703,1.0703,1.6055,59.2603,59.7954,55.2805,Indicative levels use the signal close only. Final SL/TP1/TP2 and sizing must be recalculated from the actual post-analysis broker fill.,22,2026-10-27,False,2026-07-28,0.7300,0.6800,7.4000,ALCISTA FUERTE,10,769.6400,7.3400,59.8000,15.3100,SIDI_INTRADAY_V2: Fund≥6.5 · DD60≥12% · RSI<40 · MACD↑ · Vol↓ · SPY20≤+1% · Abnormal20≤-10%,SIDI_INTRADAY_V2,True
NTAP,NetApp,Information Technology,"Technology Hardware, Storage & Peripherals",1999-06-25,226.2700,216.4300,231.9000,216.2500,226.2700,2026-10-02,2026-10-05,89.1900,63.1600,UP,2.7163,1.9258,1.3763,True,1.1506,7.7221,0.9870,3.4130,192.3300,138.2900,201.3300,17.6500,63.6200,True,6.6979,ALCISTA,0.0000,-2.4300,226.2700,231.9000,231.9000,92.9300,-2.4300,143.4800,2.0180,False,False,161.0000,1,,False,-28.8500,HAMMER|DOJI,6.8500,10.0000,7.0000,7.0000,4,5.0000,7.0000,False,False,False,False,True,False,6.8300,10.2400,1.5000,SIDI_INTRADAY_V2,0.6186,6.7079,-0.3488,0.7390,294,XLK,True,31.0712,19.8090,28.8798,5.8544,20.7170,1.1482,0.1166,0.1918,0.7063,0.2990,0.6350,169.4980,1.2420,1171374976.0000,1418000000.0000,0.8261,43270123520,1.4500,4.1200,0.9200,196419005,6.1600,6.6400,6.9800,4.6300,0.0271,D/E:169,1,6.4400,False,True,False,False,False,False,DD12|RSI40|VOLUME|FUND65|ABNORMAL20,False,10-18d,XLK,,AAPL|MSFT|NVDA,interest_rates|ai_capex_cycle|semiconductor_cycle,POST_ANALYSIS_ACTUAL_FILL,LIVE_QUOTE_AT_ANALYSIS,True,1.0000,1.5000,1.0000,-5.0000,7,1.5000,3,SELL_50_PCT_AT_TP1_REST_AT_TP2,MOVE_REMAINDER_TO_BREAK_EVEN,EXIT_AT_OPEN_IF_OPEN_BELOW_SL,SL_FIRST,10,PENDING_ANALYSIS,7.7221,7.7221,11.5831,233.9921,237.8531,214.9565,Indicative levels use the signal close only. Final SL/TP1/TP2 and sizing must be recalculated from the actual post-analysis broker fill.,57,2026-12-01,False,2026-09-02,2.5800,2.1200,21.5000,ALCISTA FUERTE,10,769.6400,7.3400,59.8000,15.3100,SIDI_INTRADAY_V2: Fund≥6.5 · DD60≥12% · RSI<40 · MACD↑ · Vol↓ · SPY20≤+1% · Abnormal20≤-10%,SIDI_INTRADAY_V2,True
CIEN,Ciena,Information Technology,Communications Equipment,2026-02-09,391.3400,385.0000,395.9600,377.0300,391.3400,2026-10-02,2026-10-05,77.2300,63.0600,UP,6.0558,4.5132,3.3601,True,1.0840,21.1129,0.7700,5.3950,373.9600,391.3200,361.0100,4.6500,0.0000,False,3.9321,ALCISTA,-15.0600,-16.1400,460.7200,466.6600,637.5100,147.3600,-38.6100,165.5700,0.9600,False,False,384.1900,1,420.6400,True,-1.8300,HAMMER,6.9000,8.5000,7.0000,5.0000,7,7.0000,7.0000,False,False,True,False,True,False,10.7900,16.1900,1.5000,SIDI_INTRADAY_V2,0.6186,11.9824,-1.6096,2.2006,294,XLK,True,88.0447,33.2727,18.2694,9.2694,54.7530,0.2240,0.0773,0.1087,0.4407,0.3700,4.2290,107.4960,3.7970,633368384.0000,654409984.0000,0.9678,55810162688,1.2890,1.5400,0.0000,141808525,6.1100,9.2400,6.0300,2.5400,0.0113,D/E:107,1,6.4300,False,True,False,False,False,False,RSI40|VOLUME|FUND65|ABNORMAL20,False,10-18d,XLK,,AAPL|MSFT|NVDA,interest_rates|ai_capex_cycle|semiconductor_cycle,POST_ANALYSIS_ACTUAL_FILL,LIVE_QUOTE_AT_ANALYSIS,True,1.0000,1.5000,1.0000,-5.0000,7,1.5000,3,SELL_50_PCT_AT_TP1_REST_AT_TP2,MOVE_REMAINDER_TO_BREAK_EVEN,EXIT_AT_OPEN_IF_OPEN_BELOW_SL,SL_FIRST,10,PENDING_ANALYSIS,21.1129,21.1129,31.6694,412.4529,423.0093,371.7730,Indicative levels use the signal close only. Final SL/TP1/TP2 and sizing must be recalculated from the actual post-analysis broker fill.,-32,2026-12-10,False,2026-09-03,2.1100,1.7300,22.1000,ALCISTA FUERTE,10,769.6400,7.3400,59.8000,15.3100,SIDI_INTRADAY_V2: Fund≥6.5 · DD60≥12% · RSI<40 · MACD↑ · Vol↓ · SPY20≤+1% · Abnormal20≤-10%,SIDI_INTRADAY_V2,True
SNPS,Synopsys,Information Technology,Application Software,2017-03-16,489.9000,497.8600,500.0300,483.2400,489.9000,2026-10-02,2026-10-05,84.2100,66.8200,UP,10.1981,8.2979,3.6786,True,1.1138,18.8500,1.2410,3.8480,407.6100,444.9000,423.8800,20.1900,10.1100,False,-0.5086,ALCISTA,-0.1300,-2.0300,490.5400,500.0300,539.4800,362.5500,-9.1900,35.1300,1.4030,False,False,444.8200,1,502.2800,False,-9.2000,NONE,5.8500,8.0000,7.0000,5.0000,4,5.0000,5.0000,False,False,False,False,True,False,7.7000,11.5400,1.5000,SIDI_INTRADAY_V2,0.6186,16.3155,0.2662,0.6296,294,XLK,True,85.9523,26.1793,2.9922,9.9007,48.7190,0.0366,0.0135,0.1143,0.8292,0.4240,0.8930,34.8040,1.3370,3425542400.0000,1076558976.0000,3.1819,93229309952,1.2080,2.9800,0.0000,191636646,6.8100,9.7900,4.7600,5.7100,0.0367,OK,0,6.4300,True,True,False,False,False,False,DD12|RSI40|VOLUME|ABNORMAL20,False,10-18d,XLK,,AAPL|MSFT|NVDA,interest_rates|ai_capex_cycle|semiconductor_cycle,POST_ANALYSIS_ACTUAL_FILL,LIVE_QUOTE_AT_ANALYSIS,True,1.0000,1.5000,1.0000,-5.0000,7,1.5000,3,SELL_50_PCT_AT_TP1_REST_AT_TP2,MOVE_REMAINDER_TO_BREAK_EVEN,EXIT_AT_OPEN_IF_OPEN_BELOW_SL,SL_FIRST,10,PENDING_ANALYSIS,18.8500,18.8500,28.2750,508.7500,518.1750,465.4050,Indicative levels use the signal close only. Final SL/TP1/TP2 and sizing must be recalculated from the actual post-analysis broker fill.,-40,2026-12-09,False,2026-08-26,3.9100,3.6700,6.4000,ALCISTA FUERTE,10,769.6400,7.3400,59.8000,15.3100,SIDI_INTRADAY_V2: Fund≥6.5 · DD60≥12% · RSI<40 · MACD↑ · Vol↓ · SPY20≤+1% · Abnormal20≤-10%,SIDI_INTRADAY_V2,True
ALLE,Allegion,Industrials,Building Products,2013-12-02,154.2100,155.5100,157.3000,154.0800,154.2100,2026-10-02,2026-10-05,47.8500,45.1000,UP,0.1968,0.2083,0.2607,False,0.5786,2.8929,0.7330,1.8760,157.8800,149.2300,154.4200,-2.3200,3.3400,True,-0.4384,NEUTRO,-8.3900,-9.4300,168.3400,170.2700,181.0300,124.0500,-14.8100,24.3200,0.8450,True,True,133.0300,3,170.2700,False,-13.7300,HAMMER,6.9500,8.0000,6.0000,7.5000,6,7.0000,7.0000,False,False,False,False,False,True,3.7500,5.6300,1.5000,SIDI_INTRADAY_V2,0.6186,0.5168,-0.4805,1.0944,294,XLI,True,20.2438,15.7899,6.2015,3.0628,14.3100,0.3373,0.1103,0.1536,0.4480,0.1270,0.1620,104.8950,1.9300,484449984.0000,658600000.0000,0.7356,13134782464,0.8230,2.2500,1.4300,85036786,6.0700,6.6900,5.5900,5.9200,0.0369,FCF/NI:0.74|D/E:105,2,6.4200,False,True,False,False,False,False,DD12|RSI40|MACD|FUND65|ABNORMAL20,False,7-15d,XLI,,CAT|UNP|HON,pmi_manufacturing|supply_chain|capex_cycle,POST_ANALYSIS_ACTUAL_FILL,LIVE_QUOTE_AT_ANALYSIS,True,1.0000,1.5000,1.0000,-5.0000,7,1.5000,3,SELL_50_PCT_AT_TP1_REST_AT_TP2,MOVE_REMAINDER_TO_BREAK_EVEN,EXIT_AT_OPEN_IF_OPEN_BELOW_SL,SL_FIRST,10,PENDING_ANALYSIS,2.8929,2.8929,4.3393,157.1029,158.5494,146.4995,Indicative levels use the signal close only. Final SL/TP1/TP2 and sizing must be recalculated from the actual post-analysis broker fill.,17,2026-10-22,False,2026-07-23,2.4000,2.2200,8.3000,ALCISTA FUERTE,10,769.6400,7.3400,59.8000,15.3100,SIDI_INTRADAY_V2: Fund≥6.5 · DD60≥12% · RSI<40 · MACD↑ · Vol↓ · SPY20≤+1% · Abnormal20≤-10%,SIDI_INTRADAY_V2,True
ISRG,Intuitive Surgical,Health Care,Health Care Equipment,2008-06-02,391.9500,405.1500,406.4700,391.3900,391.9500,2026-10-02,2026-10-05,60.1800,73.8400,DOWN,0.8610,2.2800,4.0546,False,0.5585,10.7700,0.8280,2.7480,380.0400,447.2200,392.9400,3.1300,-12.3600,False,-3.7641,BAJISTA,-5.5100,-5.9000,414.7900,416.5100,603.8800,328.5700,-35.0900,19.2900,0.7590,True,True,397.1000,2,405.3400,True,1.3100,NONE,6.1000,6.5000,5.0000,7.5000,7,5.0000,5.0000,False,False,False,False,False,True,5.5000,8.2400,1.5000,SIDI_INTRADAY_V2,0.6186,18.1325,0.7193,1.0151,294,XLV,True,46.2827,33.3784,7.8613,12.9212,31.9030,0.1742,0.1051,0.2845,0.6668,0.1850,0.2650,,4.9630,2615200000.0000,3138800128.0000,0.8332,142577713152,1.4630,3.5800,0.0000,353278038,6.6300,9.2300,6.8800,3.3000,0.0183,OK,0,6.4200,True,True,False,False,False,False,DD12|RSI40|MACD|ABNORMAL20,False,3-7d,XLV,,UNH|JNJ|LLY,fda_calendar|drug_pricing_policy|patent_cliffs,POST_ANALYSIS_ACTUAL_FILL,LIVE_QUOTE_AT_ANALYSIS,True,1.0000,1.5000,1.0000,-5.0000,7,1.5000,3,SELL_50_PCT_AT_TP1_REST_AT_TP2,MOVE_REMAINDER_TO_BREAK_EVEN,EXIT_AT_OPEN_IF_OPEN_BELOW_SL,SL_FIRST,10,PENDING_ANALYSIS,10.7700,10.7700,16.1550,402.7200,408.1050,372.3525,Indicative levels use the signal close only. Final SL/TP1/TP2 and sizing must be recalculated from the actual post-analysis broker fill.,15,2026-10-20,False,2026-07-16,2.8000,2.5000,11.9000,ALCISTA FUERTE,10,769.6400,7.3400,59.8000,15.3100,SIDI_INTRADAY_V2: Fund≥6.5 · DD60≥12% · RSI<40 · MACD↑ · Vol↓ · SPY20≤+1% · Abnormal20≤-10%,SIDI_INTRADAY_V2,True
CFG,Citizens Financial Group,Financials,Regional Banks,2016-01-29,64.3300,64.0500,64.6200,63.8400,64.3300,2026-10-02,2026-10-05,21.9000,26.5000,DOWN,-0.2348,-0.3302,-0.3885,True,0.2420,1.4996,0.9480,2.3310,69.7800,64.5600,66.4200,-7.8100,-0.3500,True,2.1505,BAJISTA,-13.9200,-14.6000,74.7300,75.3300,75.3300,46.5500,-14.6000,38.1800,1.2160,False,False,63.1800,2,65.7600,True,-1.7800,HAMMER,6.9800,7.0000,8.5000,5.0000,8,6.5000,7.0000,False,False,True,True,True,False,4.6600,6.9900,1.5000,SIDI_INTRADAY_V2,0.6186,-0.3714,0.2140,1.0870,294,XLF,True,14.0664,9.8757,1.1337,3.3321,,0.0827,0.0094,0.2605,0.0000,0.1470,0.4130,,,,1984000000.0000,,27193280512,1.0620,5.4100,2.8600,421176788,6.0300,8.3000,4.2300,5.4900,,OK,0,6.4100,False,True,False,False,False,False,VOLUME|FUND65|ABNORMAL20,False,5-10d,XLF,,JPM|BAC|WFC,interest_rates|yield_curve|credit_spreads|loan_growth,POST_ANALYSIS_ACTUAL_FILL,LIVE_QUOTE_AT_ANALYSIS,True,1.0000,1.5000,1.0000,-5.0000,7,1.5000,3,SELL_50_PCT_AT_TP1_REST_AT_TP2,MOVE_REMAINDER_TO_BREAK_EVEN,EXIT_AT_OPEN_IF_OPEN_BELOW_SL,SL_FIRST,10,PENDING_ANALYSIS,1.4996,1.4996,2.2494,65.8296,66.5794,61.1135,Indicative levels use the signal close only. Final SL/TP1/TP2 and sizing must be recalculated from the actual post-analysis broker fill.,11,2026-10-16,False,2026-07-16,1.3000,1.2500,4.4000,ALCISTA FUERTE,10,769.6400,7.3400,59.8000,15.3100,SIDI_INTRADAY_V2: Fund≥6.5 · DD60≥12% · RSI<40 · MACD↑ · Vol↓ · SPY20≤+1% · Abnormal20≤-10%,SIDI_INTRADAY_V2,True
HOOD,Robinhood Markets,Financials,Investment Banking & Brokerage,2025-09-22,112.7400,113.5850,119.3800,112.4400,112.7400,2026-10-02,2026-10-05,48.2100,47.0500,UP,-1.2851,-1.1912,-0.3879,False,0.3476,6.4018,1.0240,5.6780,105.4000,94.3300,114.2500,6.9700,19.5200,True,-0.7783,ALCISTA,-9.6100,-11.0500,124.7200,126.7400,153.8600,63.5200,-26.7300,77.5000,1.3070,False,False,101.1900,2,112.4800,False,-10.2400,NONE,6.3500,9.5000,6.0000,7.0000,4,5.0000,5.0000,False,False,False,False,False,False,11.3600,17.0400,1.5000,SIDI_INTRADAY_V2,0.6186,-3.9799,2.2679,0.7978,294,XLF,True,50.0419,33.0489,10.7724,20.7079,,0.2362,0.0453,0.4201,0.9189,0.3230,0.4760,240.2790,1.1160,,2072000000.0000,,102131343360,2.3540,1.6000,0.0000,790630234,6.4300,10.0000,5.1300,3.7700,,D/E:240,1,6.4000,False,True,False,False,False,False,DD12|RSI40|MACD|VOLUME|FUND65|ABNORMAL20,False,10-18d,XLF,,JPM|BAC|WFC,interest_rates|yield_curve|credit_spreads|loan_growth,POST_ANALYSIS_ACTUAL_FILL,LIVE_QUOTE_AT_ANALYSIS,True,1.0000,1.5000,1.0000,-5.0000,7,1.5000,3,SELL_50_PCT_AT_TP1_REST_AT_TP2,MOVE_REMAINDER_TO_BREAK_EVEN,EXIT_AT_OPEN_IF_OPEN_BELOW_SL,SL_FIRST,10,PENDING_ANALYSIS,6.4018,6.4018,9.6027,119.1418,122.3427,107.1030,Indicative levels use the signal close only. Final SL/TP1/TP2 and sizing must be recalculated from the actual post-analysis broker fill.,22,2026-10-27,False,2026-07-29,0.6200,0.4300,43.7000,ALCISTA FUERTE,10,769.6400,7.3400,59.8000,15.3100,SIDI_INTRADAY_V2: Fund≥6.5 · DD60≥12% · RSI<40 · MACD↑ · Vol↓ · SPY20≤+1% · Abnormal20≤-10%,SIDI_INTRADAY_V2,True
V,Visa Inc.,Financials,Transaction & Payment Processing Services,2009-12-21,360.6600,360.2100,361.3800,356.7500,360.6600,2026-10-02,2026-10-05,29.0700,40.5600,DOWN,-1.2653,-1.3292,-0.9111,True,0.1491,5.6564,0.8190,1.5680,368.5000,336.5100,366.5400,-2.1300,7.1800,True,1.1549,NEUTRO,-6.1100,-6.4600,384.1400,385.5700,385.5700,292.7400,-6.4600,23.2000,0.6540,True,True,361.7300,6,373.2800,True,0.3000,HAMMER|DOJI,8.1500,8.5000,8.5000,7.5000,9,8.0000,7.0000,False,False,False,True,True,True,3.1400,4.7100,1.5000,SIDI_INTRADAY_V2,0.6186,3.9205,-0.4242,1.1567,294,XLF,True,31.2284,24.4552,19.4453,15.4843,21.6590,0.6119,0.1911,0.5078,0.9772,0.1440,0.1020,67.8210,0.9850,20404000768.0000,22397999104.0000,0.9110,688864690176,0.7710,3.0300,0.7400,1704112694,5.2300,4.2800,7.3200,3.9000,0.0296,OK,0,6.4000,False,True,False,False,False,False,DD12|FUND65|ABNORMAL20,False,5-10d,XLF,,JPM|BAC|WFC,interest_rates|yield_curve|credit_spreads|loan_growth,POST_ANALYSIS_ACTUAL_FILL,LIVE_QUOTE_AT_ANALYSIS,True,1.0000,1.5000,1.0000,-5.0000,7,1.5000,3,SELL_50_PCT_AT_TP1_REST_AT_TP2,MOVE_REMAINDER_TO_BREAK_EVEN,EXIT_AT_OPEN_IF_OPEN_BELOW_SL,SL_FIRST,10,PENDING_ANALYSIS,5.6564,5.6564,8.4846,366.3164,369.1446,342.6270,Indicative levels use the signal close only. Final SL/TP1/TP2 and sizing must be recalculated from the actual post-analysis broker fill.,22,2026-10-27,False,2026-07-28,3.3200,3.2300,2.8000,ALCISTA FUERTE,10,769.6400,7.3400,59.8000,15.3100,SIDI_INTRADAY_V2: Fund≥6.5 · DD60≥12% · RSI<40 · MACD↑ · Vol↓ · SPY20≤+1% · Abnormal20≤-10%,SIDI_INTRADAY_V2,True
ABT,Abbott Laboratories,Health Care,Health Care Equipment,1957-03-04,97.5000,97.2500,97.5900,95.0600,97.5000,2026-10-02,2026-10-05,25.1100,23.6100,UP,-0.5415,-0.5458,-0.3289,True,0.0561,2.0086,0.7400,2.0600,106.8400,103.1400,102.2600,-8.7400,-5.4700,True,-2.0601,BAJISTA,-16.4300,-16.9100,116.6700,117.3400,132.3100,81.3900,-26.3100,19.7900,0.9860,True,True,87.6000,3,97.4400,False,-10.1500,HAMMER|DOJI,7.9500,6.5000,9.5000,7.5000,7,10.0000,7.0000,True,False,True,True,True,True,4.1200,6.1800,1.5000,SIDI_INTRADAY_V2,0.6186,-5.8980,-0.2310,0.9808,294,XLV,True,32.3129,16.5148,3.3913,3.7455,16.8210,0.1058,0.0533,0.1165,0.5685,0.1300,-0.4750,63.2120,1.3760,7209124864.0000,5400999936.0000,1.3348,174477410304,0.5830,2.4800,2.5800,1741813154,5.3500,4.9200,5.4800,5.7000,0.0413,OK,0,6.3900,False,True,False,True,False,False,FUND65|ABNORMAL20,False,3-7d,XLV,,UNH|JNJ|LLY,fda_calendar|drug_pricing_policy|patent_cliffs,POST_ANALYSIS_ACTUAL_FILL,LIVE_QUOTE_AT_ANALYSIS,True,1.0000,1.5000,1.0000,-5.0000,7,1.5000,3,SELL_50_PCT_AT_TP1_REST_AT_TP2,MOVE_REMAINDER_TO_BREAK_EVEN,EXIT_AT_OPEN_IF_OPEN_BELOW_SL,SL_FIRST,10,PENDING_ANALYSIS,2.0086,2.0086,3.0129,99.5086,100.5129,92.6250,Indicative levels use the signal close only. Final SL/TP1/TP2 and sizing must be recalculated from the actual post-analysis broker fill.,16,2026-10-21,False,2026-07-16,1.3100,1.2800,2.6000,ALCISTA FUERTE,10,769.6400,7.3400,59.8000,15.3100,SIDI_INTRADAY_V2: Fund≥6.5 · DD60≥12% · RSI<40 · MACD↑ · Vol↓ · SPY20≤+1% · Abnormal20≤-10%,SIDI_INTRADAY_V2,True
COST,Costco,Consumer Staples,Consumer Staples Merchandise Retail,1993-10-01,920.6500,921.1800,921.1800,909.6600,920.6500,2026-10-02,2026-10-05,50.9000,53.5000,DOWN,3.3927,3.1882,3.7961,True,0.8079,15.1172,0.8770,1.6420,933.1300,959.4300,915.1300,-1.3400,-4.0400,False,0.1636,BAJISTA,-5.4800,-6.7700,974.0300,987.5500,1094.7600,840.3500,-15.9000,9.5600,0.8430,False,False,923.3800,5,979.5600,True,0.3000,HAMMER|DOJI,6.2500,5.5000,6.0000,5.0000,10,5.0000,7.0000,False,False,False,False,True,False,3.2800,4.9300,1.5000,SIDI_INTRADAY_V2,0.6186,5.0836,-0.2071,0.9026,294,XLP,True,44.4658,36.9030,11.4287,1.3498,27.5340,0.2840,0.0879,0.0304,0.1282,0.1110,0.1500,23.9530,1.0600,7147500032.0000,9226000384.0000,0.7747,409183256576,0.8700,3.8100,0.6400,443266000,6.4800,8.2500,7.6200,3.0800,0.0175,OK,0,6.3900,False,True,False,False,False,False,DD12|RSI40|VOLUME|FUND65|ABNORMAL20,False,3-7d,XLP,,PG|KO|PEP,inflation|input_costs|fx_rates,POST_ANALYSIS_ACTUAL_FILL,LIVE_QUOTE_AT_ANALYSIS,True,1.0000,1.5000,1.0000,-5.0000,7,1.5000,3,SELL_50_PCT_AT_TP1_REST_AT_TP2,MOVE_REMAINDER_TO_BREAK_EVEN,EXIT_AT_OPEN_IF_OPEN_BELOW_SL,SL_FIRST,10,PENDING_ANALYSIS,15.1172,15.1172,22.6758,935.7672,943.3258,874.6175,Indicative levels use the signal close only. Final SL/TP1/TP2 and sizing must be recalculated from the actual post-analysis broker fill.,66,2026-12-10,False,2026-09-24,6.7500,6.5300,3.4000,ALCISTA FUERTE,10,769.6400,7.3400,59.8000,15.3100,SIDI_INTRADAY_V2: Fund≥6.5 · DD60≥12% · RSI<40 · MACD↑ · Vol↓ · SPY20≤+1% · Abnormal20≤-10%,SIDI_INTRADAY_V2,True
GEN,Gen Digital,Information Technology,Systems Software,2003-03-25,21.9900,22.4100,22.8800,21.9000,21.9900,2026-10-02,2026-10-05,12.3200,14.2000,DOWN,-0.7497,-0.8904,-1.1817,True,0.1957,1.4000,1.4470,6.3670,27.9600,24.4200,25.5300,-21.3400,-9.9600,True,0.2335,BAJISTA,-29.9900,-30.5200,31.4100,31.6500,31.6500,17.6100,-30.5200,24.8900,1.0080,False,False,22.3600,1,27.6900,True,1.6900,NONE,6.6200,7.0000,8.5000,5.0000,7,6.5000,5.0000,False,False,True,True,True,False,12.7300,19.1000,1.5000,SIDI_INTRADAY_V2,0.6186,-37.5973,1.1491,-0.2369,294,XLK,True,13.0058,6.7209,5.0158,2.6211,8.6330,0.4194,0.0849,0.2073,0.7801,0.0630,0.6400,307.8310,0.4660,1547124992.0000,1053000000.0000,1.4693,13312574464,1.2570,6.3100,2.2700,598587032,6.2300,3.6500,6.1600,9.3200,0.1162,D/E:308,1,6.3900,False,True,True,False,False,False,VOLUME|FUND65,False,5-10d,XLK,,AAPL|MSFT|NVDA,interest_rates|ai_capex_cycle|semiconductor_cycle,POST_ANALYSIS_ACTUAL_FILL,LIVE_QUOTE_AT_ANALYSIS,True,1.0000,1.5000,1.0000,-5.0000,7,1.5000,3,SELL_50_PCT_AT_TP1_REST_AT_TP2,MOVE_REMAINDER_TO_BREAK_EVEN,EXIT_AT_OPEN_IF_OPEN_BELOW_SL,SL_FIRST,10,PENDING_ANALYSIS,1.4000,1.4000,2.1000,23.3900,24.0900,20.8905,Indicative levels use the signal close only. Final SL/TP1/TP2 and sizing must be recalculated from the actual post-analysis broker fill.,31,2026-11-05,False,2026-08-06,0.7100,0.6900,3.0000,ALCISTA FUERTE,10,769.6400,7.3400,59.8000,15.3100,SIDI_INTRADAY_V2: Fund≥6.5 · DD60≥12% · RSI<40 · MACD↑ · Vol↓ · SPY20≤+1% · Abnormal20≤-10%,SIDI_INTRADAY_V2,True
KO,Coca-Cola Company (The),Consumer Staples,Soft Drinks & Non-alcoholic Beverages,1957-03-04,85.6500,86.3000,86.4500,85.1700,85.6500,2026-10-02,2026-10-05,27.2600,51.7100,DOWN,-0.3289,-0.2982,-0.2053,False,-0.0360,1.1171,0.7230,1.3040,87.5600,79.1300,87.3200,-2.1800,8.2500,True,2.3208,NEUTRO,-6.3400,-6.8400,91.4400,91.9400,91.9400,64.1400,-6.8400,33.5500,1.2810,False,False,86.8900,1,89.8500,True,1.4500,HAMMER,7.4500,8.5000,7.5000,5.0000,7,10.0000,7.0000,False,False,False,True,False,False,2.6100,3.9100,1.5000,SIDI_INTRADAY_V2,0.6186,-0.7519,-0.2117,1.0032,294,XLP,True,25.9219,24.4783,10.2750,7.4088,23.4480,0.4205,0.0940,0.2856,0.6189,0.0670,0.1690,115.5190,1.3050,5218749952.0000,14316000256.0000,0.3645,371396018176,0.3180,2.7700,2.4800,4302549243,5.6700,7.2500,6.1700,3.2500,0.0141,FCF/NI:0.36|D/E:116,2,6.3800,False,True,False,False,False,False,DD12|MACD|VOLUME|FUND65|ABNORMAL20,False,7-15d,XLP,,PG|PEP|WMT,inflation|input_costs|fx_rates,POST_ANALYSIS_ACTUAL_FILL,LIVE_QUOTE_AT_ANALYSIS,True,1.0000,1.5000,1.0000,-5.0000,7,1.5000,3,SELL_50_PCT_AT_TP1_REST_AT_TP2,MOVE_REMAINDER_TO_BREAK_EVEN,EXIT_AT_OPEN_IF_OPEN_BELOW_SL,SL_FIRST,10,PENDING_ANALYSIS,1.1171,1.1171,1.6757,86.7671,87.3257,81.3675,Indicative levels use the signal close only. Final SL/TP1/TP2 and sizing must be recalculated from the actual post-analysis broker fill.,22,2026-10-27,False,2026-07-28,0.9700,0.9300,4.0000,ALCISTA FUERTE,10,769.6400,7.3400,59.8000,15.3100,SIDI_INTRADAY_V2: Fund≥6.5 · DD60≥12% · RSI<40 · MACD↑ · Vol↓ · SPY20≤+1% · Abnormal20≤-10%,SIDI_INTRADAY_V2,True
LH,Labcorp,Health Care,Health Care Services,2004-11-01,308.4900,305.7700,309.3600,302.7100,308.4900,2026-10-02,2026-10-05,42.4000,36.5700,UP,-1.3410,-1.6979,-1.9027,True,0.2984,7.2750,0.9080,2.3580,319.0100,279.2600,313.8000,-3.3000,10.4700,True,1.9428,NEUTRO,-8.9000,-9.5500,338.6100,341.0700,341.0700,242.0700,-9.5500,27.4400,0.7080,True,True,304.2900,2,341.0700,True,-1.3600,NONE,7.1200,8.5000,7.0000,7.5000,7,6.5000,5.0000,False,False,False,False,True,True,4.7200,7.0700,1.5000,SIDI_INTRADAY_V2,0.6186,-6.4430,0.1292,0.6542,294,XLV,True,25.4007,15.4814,2.8866,1.7358,13.6720,0.1173,0.0553,0.0699,0.2888,0.0580,0.2820,79.1240,1.7960,892049984.0000,1002300032.0000,0.8900,24905404416,0.8460,3.5000,0.9300,81100000,5.8900,6.4500,5.5700,5.6200,0.0358,OK,0,6.3800,False,True,False,False,False,False,DD12|RSI40|FUND65|ABNORMAL20,False,7-15d,XLV,,UNH|JNJ|LLY,fda_calendar|drug_pricing_policy|patent_cliffs,POST_ANALYSIS_ACTUAL_FILL,LIVE_QUOTE_AT_ANALYSIS,True,1.0000,1.5000,1.0000,-5.0000,7,1.5000,3,SELL_50_PCT_AT_TP1_REST_AT_TP2,MOVE_REMAINDER_TO_BREAK_EVEN,EXIT_AT_OPEN_IF_OPEN_BELOW_SL,SL_FIRST,10,PENDING_ANALYSIS,7.2750,7.2750,10.9125,315.7650,319.4025,293.0655,Indicative levels use the signal close only. Final SL/TP1/TP2 and sizing must be recalculated from the actual post-analysis broker fill.,23,2026-10-28,False,2026-07-30,4.9900,4.7700,4.7000,ALCISTA FUERTE,10,769.6400,7.3400,59.8000,15.3100,SIDI_INTRADAY_V2: Fund≥6.5 · DD60≥12% · RSI<40 · MACD↑ · Vol↓ · SPY20≤+1% · Abnormal20≤-10%,SIDI_INTRADAY_V2,True
WYNN,Wynn Resorts,Consumer Discretionary,Casinos & Gaming,2008-11-14,75.8800,78.0800,78.2400,75.7500,75.8800,2026-10-02,2026-10-05,19.4100,19.4200,DOWN,-0.3011,-0.2501,-0.3453,False,0.0913,2.7029,1.0220,3.5620,92.6800,102.7000,83.3300,-18.1300,-26.1100,False,-3.7905,BAJISTA,-27.4100,-30.3700,104.5300,108.9700,133.7500,75.7500,-43.2700,0.1700,0.9130,False,False,,0,100.3400,False,,NONE,5.8000,5.0000,7.5000,5.0000,4,8.0000,5.0000,False,False,True,True,False,False,7.1200,10.6900,1.5000,SIDI_INTRADAY_V2,0.6186,-14.0278,0.0673,0.4907,294,XLY,True,18.7818,15.2009,-47.0956,1.0879,9.5100,,0.0573,0.0605,0.6830,0.0690,1.0610,,0.9120,476188864.0000,448884992.0000,1.0608,8064914944,0.9520,5.4300,1.3200,102973891,6.7700,8.1300,5.6600,6.4800,0.0590,OK,0,6.3800,True,True,True,False,False,False,MACD|VOLUME,False,3-7d,XLY,,AMZN|TSLA|HD,consumer_spending|employment_data|interest_rates,POST_ANALYSIS_ACTUAL_FILL,LIVE_QUOTE_AT_ANALYSIS,True,1.0000,1.5000,1.0000,-5.0000,7,1.5000,3,SELL_50_PCT_AT_TP1_REST_AT_TP2,MOVE_REMAINDER_TO_BREAK_EVEN,EXIT_AT_OPEN_IF_OPEN_BELOW_SL,SL_FIRST,10,PENDING_ANALYSIS,2.7029,2.7029,4.0544,78.5829,79.9343,72.0860,Indicative levels use the signal close only. Final SL/TP1/TP2 and sizing must be recalculated from the actual post-analysis broker fill.,31,2026-11-05,False,2026-08-04,1.2400,0.9800,26.4000,ALCISTA FUERTE,10,769.6400,7.3400,59.8000,15.3100,SIDI_INTRADAY_V2: Fund≥6.5 · DD60≥12% · RSI<40 · MACD↑ · Vol↓ · SPY20≤+1% · Abnormal20≤-10%,SIDI_INTRADAY_V2,True
FAST,Fastenal,Industrials,Trading Companies & Distributors,2008-09-15,50.7500,50.6000,51.0400,50.4300,50.7500,2026-10-02,2026-10-05,61.8900,58.7700,UP,0.0626,0.0300,0.0878,True,0.8766,0.9214,0.7860,1.8160,49.8700,45.9000,49.9700,1.7600,10.5600,True,2.1814,ALCISTA,-3.1100,-4.1000,52.3800,52.9200,52.9200,38.3400,-4.1000,32.3700,1.0200,False,False,48.6100,3,52.1600,False,-4.2100,NONE,6.8500,10.0000,7.0000,5.0000,6,7.0000,5.0000,False,False,False,False,True,False,3.6300,5.4500,1.5000,SIDI_INTRADAY_V2,0.6186,3.3439,-0.2734,0.7889,294,XLI,True,43.3547,36.1601,14.3049,6.6527,29.9140,0.3433,0.2152,0.1545,0.4470,0.1470,0.1460,10.8510,4.1800,916124992.0000,1352099968.0000,0.6776,58206814208,0.6900,6.0100,1.8900,1147497573,6.0500,6.9700,7.6400,3.1200,0.0157,FCF/NI:0.68,1,6.3700,False,True,False,False,False,False,DD12|RSI40|VOLUME|FUND65|ABNORMAL20,False,10-18d,XLI,,CAT|UNP|HON,pmi_manufacturing|supply_chain|capex_cycle,POST_ANALYSIS_ACTUAL_FILL,LIVE_QUOTE_AT_ANALYSIS,True,1.0000,1.5000,1.0000,-5.0000,7,1.5000,3,SELL_50_PCT_AT_TP1_REST_AT_TP2,MOVE_REMAINDER_TO_BREAK_EVEN,EXIT_AT_OPEN_IF_OPEN_BELOW_SL,SL_FIRST,10,PENDING_ANALYSIS,0.9214,0.9214,1.3821,51.6714,52.1321,48.2125,Indicative levels use the signal close only. Final SL/TP1/TP2 and sizing must be recalculated from the actual post-analysis broker fill.,9,2026-10-14,False,2026-07-14,0.3300,0.3300,1.2000,ALCISTA FUERTE,10,769.6400,7.3400,59.8000,15.3100,SIDI_INTRADAY_V2: Fund≥6.5 · DD60≥12% · RSI<40 · MACD↑ · Vol↓ · SPY20≤+1% · Abnormal20≤-10%,SIDI_INTRADAY_V2,True
TPR,"Tapestry, Inc.",Consumer Discretionary,"Apparel, Accessories & Luxury Goods",2004-09-01,118.1200,119.2400,119.6100,116.7100,118.1200,2026-10-02,2026-10-05,50.5300,34.2500,UP,1.3752,1.2256,0.6717,True,0.7119,3.1293,0.6910,2.6490,130.2200,137.8100,117.5500,-9.2900,-14.2900,False,0.3684,BAJISTA,-28.0400,-28.0500,164.1600,164.1800,164.1800,91.8200,-28.0500,28.6500,1.1260,False,False,112.1100,1,121.1600,False,-5.0900,NONE,5.6500,5.5000,7.0000,5.0000,4,7.0000,5.0000,False,False,True,False,True,False,5.3000,7.9500,1.5000,SIDI_INTRADAY_V2,0.6186,4.2692,-0.0687,0.9192,294,XLY,True,16.1073,13.1580,33.9027,2.9031,13.0250,1.9713,0.1754,0.1909,0.7660,0.0890,,571.6080,1.7520,1399924992.0000,1527699968.0000,0.9164,23236777984,1.4290,4.6200,1.5700,198435342,6.8500,6.6800,7.0700,6.7900,0.0602,D/E:572,1,6.3700,True,True,False,False,False,False,RSI40|VOLUME|ABNORMAL20,False,3-7d,XLY,,AMZN|TSLA|HD,consumer_spending|employment_data|interest_rates,POST_ANALYSIS_ACTUAL_FILL,LIVE_QUOTE_AT_ANALYSIS,True,1.0000,1.5000,1.0000,-5.0000,7,1.5000,3,SELL_50_PCT_AT_TP1_REST_AT_TP2,MOVE_REMAINDER_TO_BREAK_EVEN,EXIT_AT_OPEN_IF_OPEN_BELOW_SL,SL_FIRST,10,PENDING_ANALYSIS,3.1293,3.1293,4.6940,121.2493,122.8140,112.2140,Indicative levels use the signal close only. Final SL/TP1/TP2 and sizing must be recalculated from the actual post-analysis broker fill.,31,2026-11-05,False,2026-08-13,1.3200,1.2800,3.4000,ALCISTA FUERTE,10,769.6400,7.3400,59.8000,15.3100,SIDI_INTRADAY_V2: Fund≥6.5 · DD60≥12% · RSI<40 · MACD↑ · Vol↓ · SPY20≤+1% · Abnormal20≤-10%,SIDI_INTRADAY_V2,True
BG,Bunge Global,Consumer Staples,Agricultural Products & Services,2023-03-15,106.7200,105.8500,107.4800,104.0400,106.7200,2026-10-02,2026-10-05,18.7700,34.1500,DOWN,-1.1873,-1.3244,-1.4404,True,0.1847,3.5529,0.9170,3.3290,113.5300,115.0500,112.1700,-6.0000,-7.2400,False,1.9944,BAJISTA,-14.3400,-16.2800,124.5900,127.4700,134.0200,77.1300,-20.3700,38.3600,0.9830,False,False,106.5700,1,119.6300,True,-0.1400,HAMMER|DOJI|HAMMER|BULL_ENGULF,6.9300,5.5000,8.5000,5.0000,8,6.5000,9.5000,False,False,True,True,True,False,6.6600,9.9900,1.5000,SIDI_INTRADAY_V2,0.6186,-11.5528,-0.1807,0.0792,294,XLP,True,21.1434,9.4246,1.2781,0.2221,12.2310,0.0718,0.0347,0.0110,0.0492,0.8830,0.3300,97.9950,1.5670,-6475375104.0000,1010000000.0000,-6.4113,20391522304,0.7190,4.1800,2.7000,192119123,5.9800,10.0000,3.6100,4.0400,-0.3176,FCF/NI:-6.41|D/E:98,2,6.3600,False,True,True,False,False,False,VOLUME|FUND65,False,5-10d,XLP,,PG|KO|PEP,inflation|input_costs|fx_rates,POST_ANALYSIS_ACTUAL_FILL,LIVE_QUOTE_AT_ANALYSIS,True,1.0000,1.5000,1.0000,-5.0000,7,1.5000,3,SELL_50_PCT_AT_TP1_REST_AT_TP2,MOVE_REMAINDER_TO_BREAK_EVEN,EXIT_AT_OPEN_IF_OPEN_BELOW_SL,SL_FIRST,10,PENDING_ANALYSIS,3.5529,3.5529,5.3293,110.2729,112.0494,101.3840,Indicative levels use the signal close only. Final SL/TP1/TP2 and sizing must be recalculated from the actual post-analysis broker fill.,24,2026-10-29,False,2026-07-29,2.0000,1.9400,2.9000,ALCISTA FUERTE,10,769.6400,7.3400,59.8000,15.3100,SIDI_INTRADAY_V2: Fund≥6.5 · DD60≥12% · RSI<40 · MACD↑ · Vol↓ · SPY20≤+1% · Abnormal20≤-10%,SIDI_INTRADAY_V2,True
GNRC,Generac,Industrials,Heavy Electrical Equipment,2021-03-22,216.8000,211.7500,218.5900,211.0200,216.8000,2026-10-02,2026-10-05,74.4800,62.5300,UP,2.8325,2.5977,3.2890,True,0.8725,11.6614,1.0910,5.3790,200.8000,212.5900,202.1000,7.9700,1.9800,False,2.0725,ALCISTA,-7.3300,-8.4000,233.9400,236.6700,296.4400,134.8000,-26.8700,60.8300,0.7630,True,True,211.1900,1,225.6700,True,-2.5900,HAMMER,7.1000,8.5000,7.0000,7.5000,7,5.0000,7.0000,False,False,False,False,True,True,10.7600,16.1400,1.5000,SIDI_INTRADAY_V2,0.6186,26.1633,0.6168,1.4077,294,XLI,True,49.3770,16.9553,4.4042,2.8581,21.8970,0.0949,0.0472,0.0582,0.3954,0.1060,0.9200,49.0030,2.0450,289056512.0000,258195008.0000,1.1195,12686342144,1.9160,2.6700,0.0000,59063935,5.8600,7.8800,5.4100,4.0200,0.0228,OK,0,6.3600,False,True,False,False,False,False,DD12|RSI40|FUND65|ABNORMAL20,False,10-18d,XLI,,CAT|UNP|HON,pmi_manufacturing|supply_chain|capex_cycle,POST_ANALYSIS_ACTUAL_FILL,LIVE_QUOTE_AT_ANALYSIS,True,1.0000,1.5000,1.0000,-5.0000,7,1.5000,3,SELL_50_PCT_AT_TP1_REST_AT_TP2,MOVE_REMAINDER_TO_BREAK_EVEN,EXIT_AT_OPEN_IF_OPEN_BELOW_SL,SL_FIRST,10,PENDING_ANALYSIS,11.6614,11.6614,17.4921,228.4614,234.2921,205.9600,Indicative levels use the signal close only. Final SL/TP1/TP2 and sizing must be recalculated from the actual post-analysis broker fill.,23,2026-10-28,False,2026-07-29,2.9100,2.0100,44.6000,ALCISTA FUERTE,10,769.6400,7.3400,59.8000,15.3100,SIDI_INTRADAY_V2: Fund≥6.5 · DD60≥12% · RSI<40 · MACD↑ · Vol↓ · SPY20≤+1% · Abnormal20≤-10%,SIDI_INTRADAY_V2,True
LLY,Lilly (Eli),Health Care,Pharmaceuticals,1970-12-31,1142.8500,1153.8199,1164.9200,1136.6600,1142.8500,2026-10-02,2026-10-05,51.7400,61.7900,DOWN,0.6656,2.4008,6.3241,False,0.4039,31.1964,0.8630,2.7300,1176.2800,1071.3400,1161.9800,-2.8400,6.6700,True,1.0971,NEUTRO,-10.7400,-11.5900,1280.3400,1292.6500,1292.6500,778.9400,-11.5900,46.7200,0.9100,True,True,1147.9100,3,1181.0400,True,0.4400,NONE,6.8000,8.5000,5.0000,7.5000,9,5.0000,5.0000,False,False,False,False,False,True,5.4600,8.1900,1.5000,SIDI_INTRADAY_V2,0.6186,5.5677,-0.0119,1.5922,294,XLV,True,38.6151,24.1707,30.2706,12.8708,25.5270,1.0229,0.2036,0.3353,0.8340,0.4770,0.2620,162.0710,1.3550,11065900032.0000,26710999040.0000,0.4143,1025368129536,0.4530,3.0900,0.6100,891357065,6.0700,9.1800,5.8700,2.6900,0.0108,FCF/NI:0.41|D/E:162,2,6.3600,False,True,False,False,False,False,DD12|RSI40|MACD|FUND65|ABNORMAL20,False,7-15d,XLV,,UNH|JNJ|ABBV,fda_calendar|drug_pricing_policy|patent_cliffs,POST_ANALYSIS_ACTUAL_FILL,LIVE_QUOTE_AT_ANALYSIS,True,1.0000,1.5000,1.0000,-5.0000,7,1.5000,3,SELL_50_PCT_AT_TP1_REST_AT_TP2,MOVE_REMAINDER_TO_BREAK_EVEN,EXIT_AT_OPEN_IF_OPEN_BELOW_SL,SL_FIRST,10,PENDING_ANALYSIS,31.1964,31.1964,46.7946,1174.0464,1189.6446,1085.7075,Indicative levels use the signal close only. Final SL/TP1/TP2 and sizing must be recalculated from the actual post-analysis broker fill.,24,2026-10-29,False,2026-08-05,8.3800,6.5800,27.3000,ALCISTA FUERTE,10,769.6400,7.3400,59.8000,15.3100,SIDI_INTRADAY_V2: Fund≥6.5 · DD60≥12% · RSI<40 · MACD↑ · Vol↓ · SPY20≤+1% · Abnormal20≤-10%,SIDI_INTRADAY_V2,True
TKO,TKO Group Holdings,Communication Services,Movies & Entertainment,2025-03-24,175.5800,176.5000,176.9100,173.1600,175.5800,2026-10-02,2026-10-05,21.4400,46.6000,DOWN,-1.4797,-1.4301,-1.2434,False,0.0259,5.3629,0.9610,3.0540,187.6000,195.1400,184.3400,-6.4100,-10.0200,False,-0.2192,BAJISTA,-12.5900,-13.1700,200.8700,202.2100,224.2300,171.1900,-21.7000,2.5600,0.7580,True,True,,0,188.6800,False,,HAMMER,6.5000,5.0000,7.5000,7.5000,4,8.0000,7.0000,False,False,True,True,False,True,6.1100,9.1600,1.5000,SIDI_INTRADAY_V2,0.6186,-5.4321,-0.0485,0.7329,294,XLC,True,61.7675,37.7366,3.8665,6.3064,13.6820,0.0706,0.0450,0.0433,0.5946,0.1820,0.1440,59.2160,1.2780,856147520.0000,229556000.0000,3.7296,33435441152,0.6920,8.0400,1.8000,73111098,6.2700,9.5600,5.2600,3.6200,0.0256,OK,0,6.3600,False,True,False,False,False,False,MACD|FUND65|ABNORMAL20,False,3-7d,XLC,,GOOGL|META|NFLX,ad_spending_cycle|streaming_competition|regulation,POST_ANALYSIS_ACTUAL_FILL,LIVE_QUOTE_AT_ANALYSIS,True,1.0000,1.5000,1.0000,-5.0000,7,1.5000,3,SELL_50_PCT_AT_TP1_REST_AT_TP2,MOVE_REMAINDER_TO_BREAK_EVEN,EXIT_AT_OPEN_IF_OPEN_BELOW_SL,SL_FIRST,10,PENDING_ANALYSIS,5.3629,5.3629,8.0443,180.9429,183.6244,166.8010,Indicative levels use the signal close only. Final SL/TP1/TP2 and sizing must be recalculated from the actual post-analysis broker fill.,30,2026-11-04,False,2026-08-03,1.3400,1.0900,23.3000,ALCISTA FUERTE,10,769.6400,7.3400,59.8000,15.3100,SIDI_INTRADAY_V2: Fund≥6.5 · DD60≥12% · RSI<40 · MACD↑ · Vol↓ · SPY20≤+1% · Abnormal20≤-10%,SIDI_INTRADAY_V2,True
ADBE,Adobe Inc.,Information Technology,Application Software,1997-05-05,237.6900,243.0500,243.9200,236.8800,237.6900,2026-10-02,2026-10-05,26.3000,29.3100,DOWN,-1.0323,-1.4217,-3.0560,True,0.2732,8.1186,0.7650,3.4160,258.4900,259.8700,246.8100,-8.0500,-8.5400,False,-3.1151,BAJISTA,-18.8200,-19.3000,292.7900,294.5300,363.7000,190.1200,-34.6500,25.0200,0.5520,True,True,236.7200,5,259.1000,True,-0.4100,NONE,7.3200,5.0000,8.5000,7.5000,9,8.5000,5.0000,True,True,True,True,True,True,6.8300,10.2500,1.5000,SIDI_INTRADAY_V2,0.6186,-15.9214,1.2335,-0.6512,294,XLK,True,13.2205,8.5563,7.8698,3.5485,9.4440,0.6190,0.2008,0.2805,0.8925,0.1290,0.1050,57.6930,0.7700,9345125376.0000,7283999744.0000,1.2830,92154773504,1.4150,3.6300,0.0000,389200000,5.7000,1.2800,7.2500,9.0300,0.1014,OK,0,6.3500,False,True,True,True,False,False,FUND65,False,5-10d,XLK,,AAPL|MSFT|NVDA,interest_rates|ai_capex_cycle|semiconductor_cycle,POST_ANALYSIS_ACTUAL_FILL,LIVE_QUOTE_AT_ANALYSIS,True,1.0000,1.5000,1.0000,-5.0000,7,1.5000,3,SELL_50_PCT_AT_TP1_REST_AT_TP2,MOVE_REMAINDER_TO_BREAK_EVEN,EXIT_AT_OPEN_IF_OPEN_BELOW_SL,SL_FIRST,10,PENDING_ANALYSIS,8.1186,8.1186,12.1779,245.8086,249.8679,225.8055,Indicative levels use the signal close only. Final SL/TP1/TP2 and sizing must be recalculated from the actual post-analysis broker fill.,65,2026-12-09,False,2026-09-10,6.1300,6.0900,71.0000,ALCISTA FUERTE,10,769.6400,7.3400,59.8000,15.3100,SIDI_INTRADAY_V2: Fund≥6.5 · DD60≥12% · RSI<40 · MACD↑ · Vol↓ · SPY20≤+1% · Abnormal20≤-10%,SIDI_INTRADAY_V2,True
URI,United Rentals,Industrials,Trading Companies & Distributors,2014-09-20,1081.0400,1048.6899,1081.4900,1048.6899,1081.0400,2026-10-02,2026-10-05,68.2300,60.5600,UP,7.4637,4.2001,5.8865,True,1.1513,32.4114,0.9750,2.9980,1064.3700,945.2600,1031.8000,1.5700,14.3600,True,2.3754,ALCISTA,-7.1900,-8.1600,1164.8200,1177.1500,1177.1500,698.9400,-8.1600,54.6700,1.2420,False,False,1051.3400,4,1104.9700,True,-2.7500,NONE,7.0000,10.0000,7.0000,5.0000,9,5.0000,5.0000,False,False,False,False,True,False,6.0000,8.9900,1.5000,SIDI_INTRADAY_V2,0.6186,6.4206,-1.2026,1.9717,294,XLI,True,26.0730,18.9186,7.3284,4.0099,17.6000,0.2889,0.0877,0.1567,0.3848,0.1180,0.2550,166.7930,0.7640,1706249984.0000,2638000128.0000,0.6468,67494199296,1.8260,3.7300,0.7300,62242489,5.9200,8.2700,4.7400,4.5600,0.0253,FCF/NI:0.65|D/E:167,2,6.3500,False,True,False,False,False,False,DD12|RSI40|VOLUME|FUND65|ABNORMAL20,False,10-18d,XLI,,CAT|UNP|HON,pmi_manufacturing|supply_chain|capex_cycle,POST_ANALYSIS_ACTUAL_FILL,LIVE_QUOTE_AT_ANALYSIS,True,1.0000,1.5000,1.0000,-5.0000,7,1.5000,3,SELL_50_PCT_AT_TP1_REST_AT_TP2,MOVE_REMAINDER_TO_BREAK_EVEN,EXIT_AT_OPEN_IF_OPEN_BELOW_SL,SL_FIRST,10,PENDING_ANALYSIS,32.4114,32.4114,48.6171,1113.4514,1129.6571,1026.9880,Indicative levels use the signal close only. Final SL/TP1/TP2 and sizing must be recalculated from the actual post-analysis broker fill.,16,2026-10-21,False,2026-07-22,12.7600,11.5900,10.1000,ALCISTA FUERTE,10,769.6400,7.3400,59.8000,15.3100,SIDI_INTRADAY_V2: Fund≥6.5 · DD60≥12% · RSI<40 · MACD↑ · Vol↓ · SPY20≤+1% · Abnormal20≤-10%,SIDI_INTRADAY_V2,True
BAC,Bank of America,Financials,Diversified Banks,1976-06-30,53.7500,53.8900,54.0000,53.3100,53.7500,2026-10-02,2026-10-05,15.4600,17.9200,DOWN,-0.4131,-0.4499,-0.4589,True,0.1580,1.1107,0.9550,2.0660,60.6800,54.8100,57.2500,-11.4200,-1.9400,True,1.0821,BAJISTA,-16.6400,-17.1800,64.4800,64.9000,64.9000,45.6500,-17.1800,17.7500,0.9010,False,False,51.3000,2,53.6500,False,-4.5600,HAMMER|HAMMER,6.5300,7.0000,8.5000,5.0000,5,6.5000,7.0000,False,False,True,True,True,False,4.1300,6.2000,1.5000,SIDI_INTRADAY_V2,0.6186,-7.1404,0.0183,1.1129,294,XLF,True,12.4896,10.2855,1.3746,3.3193,,0.1120,0.0097,0.2952,0.0000,0.1680,0.3410,,,,32124999680.0000,,378167853056,1.2140,2.5100,2.3800,6992748365,6.2100,8.5400,4.5200,5.4800,,OK,0,6.3400,False,True,False,False,False,False,VOLUME|FUND65|ABNORMAL20,False,3-7d,XLF,,JPM|WFC|GS,interest_rates|yield_curve|credit_spreads|loan_growth,POST_ANALYSIS_ACTUAL_FILL,LIVE_QUOTE_AT_ANALYSIS,True,1.0000,1.5000,1.0000,-5.0000,7,1.5000,3,SELL_50_PCT_AT_TP1_REST_AT_TP2,MOVE_REMAINDER_TO_BREAK_EVEN,EXIT_AT_OPEN_IF_OPEN_BELOW_SL,SL_FIRST,10,PENDING_ANALYSIS,1.1107,1.1107,1.6661,54.8607,55.4160,51.0625,Indicative levels use the signal close only. Final SL/TP1/TP2 and sizing must be recalculated from the actual post-analysis broker fill.,9,2026-10-14,False,2026-07-14,1.2100,1.1200,7.7000,ALCISTA FUERTE,10,769.6400,7.3400,59.8000,15.3100,SIDI_INTRADAY_V2: Fund≥6.5 · DD60≥12% · RSI<40 · MACD↑ · Vol↓ · SPY20≤+1% · Abnormal20≤-10%,SIDI_INTRADAY_V2,True
IVZ,Invesco,Financials,Asset Management & Custody Banks,2008-08-21,30.6600,30.9000,31.2900,30.4400,30.6600,2026-10-02,2026-10-05,41.3800,31.8700,UP,-0.0752,-0.1136,-0.1356,True,0.3784,0.8821,0.9500,2.8770,31.3400,27.5300,30.9400,-2.1600,11.3800,True,2.5749,NEUTRO,-7.9600,-8.9100,33.3100,33.6600,33.6600,20.0300,-8.9100,53.0400,0.8730,False,False,29.5900,2,31.2200,True,-3.4900,BULL_ENGULF,6.6500,8.5000,7.0000,5.0000,7,5.0000,7.5000,False,False,False,False,True,False,5.7500,8.6300,1.5000,SIDI_INTRADAY_V2,0.6186,1.1779,1.2095,0.8869,294,XLF,True,,9.2620,1.3422,1.9371,12.2880,-0.0057,0.0291,-0.0093,0.2952,0.2050,,12.0560,0.7080,1140787456.0000,-309200000.0000,-3.6895,13370820608,1.6310,3.8000,2.8000,441499780,6.1400,7.3000,3.9700,7.3100,0.0853,FCF/NI:-3.69|ROE:-0.6%,2,6.3400,False,True,False,False,False,False,DD12|RSI40|VOLUME|FUND65|ABNORMAL20,False,7-15d,XLF,,JPM|BAC|WFC,interest_rates|yield_curve|credit_spreads|loan_growth,POST_ANALYSIS_ACTUAL_FILL,LIVE_QUOTE_AT_ANALYSIS,True,1.0000,1.5000,1.0000,-5.0000,7,1.5000,3,SELL_50_PCT_AT_TP1_REST_AT_TP2,MOVE_REMAINDER_TO_BREAK_EVEN,EXIT_AT_OPEN_IF_OPEN_BELOW_SL,SL_FIRST,10,PENDING_ANALYSIS,0.8821,0.8821,1.3232,31.5421,31.9832,29.1270,Indicative levels use the signal close only. Final SL/TP1/TP2 and sizing must be recalculated from the actual post-analysis broker fill.,22,2026-10-27,False,2026-07-28,0.7100,0.6600,7.2000,ALCISTA FUERTE,10,769.6400,7.3400,59.8000,15.3100,SIDI_INTRADAY_V2: Fund≥6.5 · DD60≥12% · RSI<40 · MACD↑ · Vol↓ · SPY20≤+1% · Abnormal20≤-10%,SIDI_INTRADAY_V2,True
ATO,Atmos Energy,Utilities,Gas Utilities,2019-02-15,157.1700,157.0700,158.6200,156.5900,157.1700,2026-10-02,2026-10-05,20.8200,14.9200,UP,-0.0286,-0.1657,-0.3200,True,0.2935,2.0293,0.7360,1.2910,166.3100,172.8300,160.0500,-5.4900,-9.0600,False,-0.4674,BAJISTA,-11.9100,-13.4300,178.4200,181.5500,190.2800,154.7200,-17.4000,1.5800,0.8030,True,True,155.0000,1,170.8400,True,-1.3800,HAMMER|HAMMER|DOJI,7.4300,5.0000,9.5000,7.5000,7,8.5000,7.0000,False,True,False,True,True,True,2.5800,3.8700,1.5000,SIDI_INTRADAY_V2,0.6186,-1.8613,-0.2557,0.8044,294,XLU,True,18.8129,17.5006,1.7481,5.4197,13.8560,0.0979,0.0389,0.2850,0.6221,0.0480,0.2330,67.6620,0.8140,-2220956928.0000,1402008064.0000,-1.5841,26673154048,0.5670,4.7800,2.5500,168988553,5.5600,7.7700,5.4200,3.1300,-0.0833,FCF/NI:-1.58,1,6.3100,False,True,False,False,False,False,DD12|FUND65|ABNORMAL20,False,5-10d,XLU,,NEE|DUK|SO,interest_rates|regulatory_environment,POST_ANALYSIS_ACTUAL_FILL,LIVE_QUOTE_AT_ANALYSIS,True,1.0000,1.5000,1.0000,-5.0000,7,1.5000,3,SELL_50_PCT_AT_TP1_REST_AT_TP2,MOVE_REMAINDER_TO_BREAK_EVEN,EXIT_AT_OPEN_IF_OPEN_BELOW_SL,SL_FIRST,10,PENDING_ANALYSIS,2.0293,2.0293,3.0440,159.1993,160.2139,149.3115,Indicative levels use the signal close only. Final SL/TP1/TP2 and sizing must be recalculated from the actual post-analysis broker fill.,30,2026-11-04,False,2026-08-05,1.4300,1.3500,5.6000,ALCISTA FUERTE,10,769.6400,7.3400,59.8000,15.3100,SIDI_INTRADAY_V2: Fund≥6.5 · DD60≥12% · RSI<40 · MACD↑ · Vol↓ · SPY20≤+1% · Abnormal20≤-10%,SIDI_INTRADAY_V2,True
CPAY,Corpay,Financials,Transaction & Payment Processing Services,2018-06-20,394.6000,391.9900,397.3100,388.9400,394.6000,2026-10-02,2026-10-05,31.5500,31.8900,DOWN,-1.5513,-2.0224,-1.9146,True,0.2995,7.5586,0.7520,1.9160,401.6900,346.7300,398.4500,-1.7600,13.8100,True,3.1221,NEUTRO,-7.2100,-7.6900,425.2400,427.4600,427.4600,252.8400,-7.6900,56.0700,1.1920,False,False,401.5200,1,424.6200,True,1.7500,NONE,7.0200,8.5000,7.5000,5.0000,7,8.5000,5.0000,False,False,False,True,True,False,3.8300,5.7500,1.5000,SIDI_INTRADAY_V2,0.6186,1.2597,0.0864,1.0275,294,XLF,True,24.3264,12.7248,7.4178,5.2335,12.0890,0.2922,0.0632,0.2272,0.8054,0.2150,-0.0700,275.2910,0.9720,1946175872.0000,1133502976.0000,1.7170,26275002368,0.8940,7.5000,0.0000,65659599,5.8300,5.0000,6.3600,6.1800,0.0741,D/E:275,1,6.3100,False,True,False,False,False,False,DD12|VOLUME|FUND65|ABNORMAL20,False,7-15d,XLF,,JPM|BAC|WFC,interest_rates|yield_curve|credit_spreads|loan_growth,POST_ANALYSIS_ACTUAL_FILL,LIVE_QUOTE_AT_ANALYSIS,True,1.0000,1.5000,1.0000,-5.0000,7,1.5000,3,SELL_50_PCT_AT_TP1_REST_AT_TP2,MOVE_REMAINDER_TO_BREAK_EVEN,EXIT_AT_OPEN_IF_OPEN_BELOW_SL,SL_FIRST,10,PENDING_ANALYSIS,7.5586,7.5586,11.3379,402.1586,405.9379,374.8700,Indicative levels use the signal close only. Final SL/TP1/TP2 and sizing must be recalculated from the actual post-analysis broker fill.,30,2026-11-04,False,2026-08-05,7.0000,6.5800,6.3000,ALCISTA FUERTE,10,769.6400,7.3400,59.8000,15.3100,SIDI_INTRADAY_V2: Fund≥6.5 · DD60≥12% · RSI<40 · MACD↑ · Vol↓ · SPY20≤+1% · Abnormal20≤-10%,SIDI_INTRADAY_V2,True
LHX,L3Harris,Industrials,Aerospace & Defense,2008-09-22,236.6000,238.2200,238.6200,234.6600,236.6000,2026-10-02,2026-10-05,18.9100,17.8300,UP,0.3453,0.2207,-0.2148,True,0.2043,4.7771,0.6830,2.0190,264.3400,308.1400,245.2000,-10.5000,-23.2200,False,-1.0600,BAJISTA,-22.1100,-23.0400,303.7400,307.4200,374.5900,234.0100,-36.8400,1.1100,0.9240,False,False,,0,268.6200,False,,HAMMER|DOJI,6.4800,5.0000,9.5000,5.0000,4,8.5000,7.0000,False,False,True,True,True,False,4.0400,6.0600,1.5000,SIDI_INTRADAY_V2,0.6186,-4.1001,-0.6424,0.7333,294,XLI,True,23.9889,17.5762,2.2281,1.9324,13.3930,0.0934,0.0438,0.0817,0.2548,0.0840,0.2830,52.7530,1.1840,1608999936.0000,1860000000.0000,0.8651,44313493504,0.5050,2.6400,2.1100,186214616,6.2000,7.1800,5.0600,6.4000,0.0363,OK,0,6.3100,False,True,False,False,False,False,VOLUME|FUND65|ABNORMAL20,False,3-7d,XLI,,CAT|UNP|HON,pmi_manufacturing|supply_chain|capex_cycle,POST_ANALYSIS_ACTUAL_FILL,LIVE_QUOTE_AT_ANALYSIS,True,1.0000,1.5000,1.0000,-5.0000,7,1.5000,3,SELL_50_PCT_AT_TP1_REST_AT_TP2,MOVE_REMAINDER_TO_BREAK_EVEN,EXIT_AT_OPEN_IF_OPEN_BELOW_SL,SL_FIRST,10,PENDING_ANALYSIS,4.7771,4.7771,7.1656,241.3771,243.7656,224.7700,Indicative levels use the signal close only. Final SL/TP1/TP2 and sizing must be recalculated from the actual post-analysis broker fill.,24,2026-10-29,False,2026-07-29,3.6300,2.8400,27.9000,ALCISTA FUERTE,10,769.6400,7.3400,59.8000,15.3100,SIDI_INTRADAY_V2: Fund≥6.5 · DD60≥12% · RSI<40 · MACD↑ · Vol↓ · SPY20≤+1% · Abnormal20≤-10%,SIDI_INTRADAY_V2,True
REGN,Regeneron Pharmaceuticals,Health Care,Biotechnology,2013-05-01,735.2000,740.5000,742.5000,729.2000,735.2000,2026-10-02,2026-10-05,29.6200,35.0800,DOWN,-8.0978,-7.8422,-6.7571,False,0.0304,21.4200,1.0920,2.9130,784.5600,734.5400,776.1900,-6.2900,0.0900,True,0.6558,NEUTRO,-13.7100,-14.4500,852.0300,859.3400,859.3400,538.2400,-14.4500,36.5900,0.8130,False,False,667.0700,1,728.6500,False,-9.2700,NONE,6.5000,8.5000,7.5000,5.0000,4,8.0000,5.0000,False,False,True,True,False,False,5.8300,8.7400,1.5000,SIDI_INTRADAY_V2,0.6186,-9.3783,0.3406,0.8690,294,XLV,True,17.9299,11.7952,2.2938,4.8054,14.4870,0.1404,0.0653,0.2787,0.4446,0.1670,-0.0450,8.5350,3.3350,3065299968.0000,4328699904.0000,0.7081,74651123712,0.1530,4.0400,0.5100,101137842,6.1800,5.0000,6.8900,6.7200,0.0411,FCF/NI:0.71,1,6.3100,False,True,False,False,False,False,MACD|VOLUME|FUND65|ABNORMAL20,False,7-15d,XLV,,UNH|JNJ|LLY,fda_calendar|drug_pricing_policy|patent_cliffs,POST_ANALYSIS_ACTUAL_FILL,LIVE_QUOTE_AT_ANALYSIS,True,1.0000,1.5000,1.0000,-5.0000,7,1.5000,3,SELL_50_PCT_AT_TP1_REST_AT_TP2,MOVE_REMAINDER_TO_BREAK_EVEN,EXIT_AT_OPEN_IF_OPEN_BELOW_SL,SL_FIRST,10,PENDING_ANALYSIS,21.4200,21.4200,32.1300,756.6200,767.3300,698.4400,Indicative levels use the signal close only. Final SL/TP1/TP2 and sizing must be recalculated from the actual post-analysis broker fill.,25,2026-10-30,False,2026-07-30,14.2900,10.2100,40.0000,ALCISTA FUERTE,10,769.6400,7.3400,59.8000,15.3100,SIDI_INTRADAY_V2: Fund≥6.5 · DD60≥12% · RSI<40 · MACD↑ · Vol↓ · SPY20≤+1% · Abnormal20≤-10%,SIDI_INTRADAY_V2,True
ADP,Automatic Data Processing,Industrials,Human Resource & Employment Services,1981-03-31,257.6800,264.9200,264.9200,256.5100,257.6800,2026-10-02,2026-10-05,20.2700,34.5800,DOWN,-1.4278,-1.3705,-1.6900,False,0.0941,5.5807,0.8310,2.1660,270.1700,235.0000,266.3500,-4.6200,9.6500,True,0.7475,NEUTRO,-9.7900,-9.9600,285.6500,286.1700,286.1700,185.5600,-9.9600,38.8700,0.9640,True,True,238.8700,1,262.3200,False,-7.3000,HAMMER,7.2000,8.5000,7.5000,7.5000,4,8.0000,7.0000,False,False,False,True,False,True,4.3300,6.5000,1.5000,SIDI_INTRADAY_V2,0.6186,-16.0062,0.3116,-0.7380,294,XLI,True,23.6243,19.2896,17.0470,4.6662,16.1670,0.7224,0.0625,0.2011,0.4865,0.0680,0.0980,91.4360,1.0510,5243049984.0000,4413499904.0000,1.1880,102411214848,0.8410,5.0800,2.6400,396251548,5.7000,3.3700,7.3000,6.5500,0.0512,D/E:91,1,6.3000,False,True,True,False,False,False,DD12|MACD|FUND65,False,7-15d,XLI,,CAT|UNP|HON,pmi_manufacturing|supply_chain|capex_cycle,POST_ANALYSIS_ACTUAL_FILL,LIVE_QUOTE_AT_ANALYSIS,True,1.0000,1.5000,1.0000,-5.0000,7,1.5000,3,SELL_50_PCT_AT_TP1_REST_AT_TP2,MOVE_REMAINDER_TO_BREAK_EVEN,EXIT_AT_OPEN_IF_OPEN_BELOW_SL,SL_FIRST,10,PENDING_ANALYSIS,5.5807,5.5807,8.3711,263.2607,266.0511,244.7960,Indicative levels use the signal close only. Final SL/TP1/TP2 and sizing must be recalculated from the actual post-analysis broker fill.,23,2026-10-28,False,2026-07-28,2.6400,2.6000,1.6000,ALCISTA FUERTE,10,769.6400,7.3400,59.8000,15.3100,SIDI_INTRADAY_V2: Fund≥6.5 · DD60≥12% · RSI<40 · MACD↑ · Vol↓ · SPY20≤+1% · Abnormal20≤-10%,SIDI_INTRADAY_V2,True
CVNA,Carvana,Consumer Discretionary,Automotive Retail,2025-12-22,63.7700,64.3300,66.0200,63.2100,63.7700,2026-10-02,2026-10-05,34.6300,26.7000,UP,-0.3285,-0.4983,-0.7112,True,0.3166,3.2232,0.8880,5.0540,68.7500,71.9500,65.9400,-7.2400,-11.3700,False,-1.4102,BAJISTA,-15.8400,-16.9700,75.7700,76.8000,97.3800,54.4600,-34.5100,17.0900,1.1370,False,False,64.7600,1,73.2800,True,1.5500,HAMMER,6.2000,5.0000,8.5000,5.0000,7,5.0000,7.0000,False,False,True,True,True,False,10.1100,15.1600,1.5000,SIDI_INTRADAY_V2,0.6186,-8.1860,0.6117,1.2461,294,XLY,True,34.0004,28.3106,11.4710,2.8426,19.7550,0.5877,0.1170,0.0626,0.1937,0.5240,0.6150,110.8800,3.9260,424375008.0000,1568000000.0000,0.2706,71230767104,3.5480,8.1400,0.0000,719916415,6.3600,10.0000,6.2300,2.2600,0.0060,FCF/NI:0.27|D/E:111,2,6.3000,False,True,False,False,False,False,VOLUME|FUND65|ABNORMAL20,False,3-7d,XLY,,AMZN|TSLA|HD,consumer_spending|employment_data|interest_rates,POST_ANALYSIS_ACTUAL_FILL,LIVE_QUOTE_AT_ANALYSIS,True,1.0000,1.5000,1.0000,-5.0000,7,1.5000,3,SELL_50_PCT_AT_TP1_REST_AT_TP2,MOVE_REMAINDER_TO_BREAK_EVEN,EXIT_AT_OPEN_IF_OPEN_BELOW_SL,SL_FIRST,10,PENDING_ANALYSIS,3.2232,3.2232,4.8348,66.9932,68.6048,60.5815,Indicative levels use the signal close only. Final SL/TP1/TP2 and sizing must be recalculated from the actual post-analysis broker fill.,23,2026-10-28,False,2026-07-29,0.4200,0.3800,10.1000,ALCISTA FUERTE,10,769.6400,7.3400,59.8000,15.3100,SIDI_INTRADAY_V2: Fund≥6.5 · DD60≥12% · RSI<40 · MACD↑ · Vol↓ · SPY20≤+1% · Abnormal20≤-10%,SIDI_INTRADAY_V2,True
CTAS,Cintas,Industrials,Diversified Support Services,2001-03-01,193.0200,196.6300,196.6300,191.8500,193.0200,2026-10-02,2026-10-05,37.4000,48.9800,DOWN,-0.4570,-0.2804,-0.0577,False,0.0049,4.0150,0.8810,2.0800,201.5200,187.3400,197.8700,-4.2200,3.0300,True,0.7878,NEUTRO,-10.6300,-11.7000,215.9700,218.6000,218.6000,160.3100,-11.7000,20.4100,0.8770,True,True,191.0900,1,206.9200,True,-1.0000,HAMMER|DOJI,7.4500,8.5000,6.5000,7.5000,7,8.0000,7.0000,False,False,False,True,False,True,4.1600,6.2400,1.5000,SIDI_INTRADAY_V2,0.6186,-4.5112,-0.2109,0.2742,294,XLI,True,38.3511,31.5600,15.1374,6.7195,25.6320,0.4138,0.1666,0.1782,0.5099,0.1090,0.1330,52.0960,1.4540,1623005312.0000,2054226944.0000,0.7901,77682081792,0.9170,6.3500,1.0800,399517000,5.5300,5.4700,7.2200,3.6200,0.0209,OK,0,6.3000,False,True,False,False,False,False,DD12|MACD|FUND65|ABNORMAL20,False,7-15d,XLI,,CAT|UNP|HON,pmi_manufacturing|supply_chain|capex_cycle,POST_ANALYSIS_ACTUAL_FILL,LIVE_QUOTE_AT_ANALYSIS,True,1.0000,1.5000,1.0000,-5.0000,7,1.5000,3,SELL_50_PCT_AT_TP1_REST_AT_TP2,MOVE_REMAINDER_TO_BREAK_EVEN,EXIT_AT_OPEN_IF_OPEN_BELOW_SL,SL_FIRST,10,PENDING_ANALYSIS,4.0150,4.0150,6.0225,197.0350,199.0425,183.3690,Indicative levels use the signal close only. Final SL/TP1/TP2 and sizing must be recalculated from the actual post-analysis broker fill.,73,2026-12-17,False,2026-09-23,1.3600,1.3600,23.0000,ALCISTA FUERTE,10,769.6400,7.3400,59.8000,15.3100,SIDI_INTRADAY_V2: Fund≥6.5 · DD60≥12% · RSI<40 · MACD↑ · Vol↓ · SPY20≤+1% · Abnormal20≤-10%,SIDI_INTRADAY_V2,True
CASY,Casey's,Consumer Staples,Food Retail,2026-04-09,617.7600,622.0100,626.1600,609.3700,617.7600,2026-10-02,2026-10-05,48.4900,16.9600,UP,9.2419,8.0907,4.4073,True,0.4929,17.8528,0.6500,2.8900,745.4200,731.6200,636.0900,-17.1300,-15.5600,True,0.8913,BAJISTA,-29.3700,-30.1800,874.5900,884.8300,927.1500,496.2000,-33.3700,24.5000,0.7460,False,False,575.1000,1,883.7500,False,-6.9100,NONE,5.9500,7.0000,7.0000,5.0000,4,7.0000,5.0000,False,False,True,False,True,False,5.7800,8.6700,1.5000,SIDI_INTRADAY_V2,0.6186,-18.6724,-0.2030,0.7292,294,XLP,True,29.4532,26.0712,5.5231,1.2103,16.1080,0.1998,0.0791,0.0414,0.2382,0.2430,0.2770,70.5470,1.0190,503306880.0000,772812992.0000,0.6513,22599202816,0.5850,2.6700,0.4200,36960167,6.5200,10.0000,5.2600,3.9400,0.0223,FCF/NI:0.65,1,6.2900,True,True,True,False,False,False,RSI40|VOLUME,False,3-7d,XLP,,PG|KO|PEP,inflation|input_costs|fx_rates,POST_ANALYSIS_ACTUAL_FILL,LIVE_QUOTE_AT_ANALYSIS,True,1.0000,1.5000,1.0000,-5.0000,7,1.5000,3,SELL_50_PCT_AT_TP1_REST_AT_TP2,MOVE_REMAINDER_TO_BREAK_EVEN,EXIT_AT_OPEN_IF_OPEN_BELOW_SL,SL_FIRST,10,PENDING_ANALYSIS,17.8528,17.8528,26.7792,635.6128,644.5392,586.8720,Indicative levels use the signal close only. Final SL/TP1/TP2 and sizing must be recalculated from the actual post-analysis broker fill.,64,2026-12-08,False,2026-09-08,7.3700,6.8200,8.1000,ALCISTA FUERTE,10,769.6400,7.3400,59.8000,15.3100,SIDI_INTRADAY_V2: Fund≥6.5 · DD60≥12% · RSI<40 · MACD↑ · Vol↓ · SPY20≤+1% · Abnormal20≤-10%,SIDI_INTRADAY_V2,True
PAYX,Paychex,Industrials,Human Resource & Employment Services,1998-10-01,98.9400,100.6800,101.0000,98.5000,98.9400,2026-10-02,2026-10-05,9.6800,13.5000,DOWN,-1.4544,-1.6848,-2.1768,True,0.1619,3.1314,0.9530,3.1650,117.0000,102.2500,108.3900,-15.4400,-3.2300,True,0.2009,BAJISTA,-22.3000,-22.6900,127.3400,127.9800,127.9800,83.5000,-22.6900,18.5000,0.6380,False,False,96.2600,1,102.0500,True,-2.7100,NONE,6.7800,7.0000,8.5000,5.0000,8,6.5000,5.0000,False,False,True,True,True,False,6.3300,9.4900,1.5000,SIDI_INTRADAY_V2,0.6186,-29.9412,0.3956,-0.7275,294,XLI,True,19.6528,15.5043,9.4297,5.3404,12.6400,0.4706,0.1019,0.2735,0.7439,0.0590,0.1390,124.7040,1.2770,1887112448.0000,1806000000.0000,1.0449,35259867136,0.8480,8.5800,4.8100,355980473,5.9700,4.0100,6.9200,7.1400,0.0535,D/E:125,1,6.2900,False,True,True,False,False,False,VOLUME|FUND65,False,5-10d,XLI,,CAT|UNP|HON,pmi_manufacturing|supply_chain|capex_cycle,POST_ANALYSIS_ACTUAL_FILL,LIVE_QUOTE_AT_ANALYSIS,True,1.0000,1.5000,1.0000,-5.0000,7,1.5000,3,SELL_50_PCT_AT_TP1_REST_AT_TP2,MOVE_REMAINDER_TO_BREAK_EVEN,EXIT_AT_OPEN_IF_OPEN_BELOW_SL,SL_FIRST,10,PENDING_ANALYSIS,3.1314,3.1314,4.6971,102.0714,103.6371,93.9930,Indicative levels use the signal close only. Final SL/TP1/TP2 and sizing must be recalculated from the actual post-analysis broker fill.,74,2026-12-18,False,2026-09-23,1.3400,1.3200,1.6000,ALCISTA FUERTE,10,769.6400,7.3400,59.8000,15.3100,SIDI_INTRADAY_V2: Fund≥6.5 · DD60≥12% · RSI<40 · MACD↑ · Vol↓ · SPY20≤+1% · Abnormal20≤-10%,SIDI_INTRADAY_V2,True
MMM,3M,Industrials,Industrial Conglomerates,1957-03-04,161.8900,163.5000,164.7100,161.1200,161.8900,2026-10-02,2026-10-05,49.7600,51.6600,DOWN,-0.1500,0.0844,0.6779,False,0.1423,3.5336,0.9150,2.1830,173.0400,159.4600,167.1000,-6.4500,1.5200,True,-0.0016,NEUTRO,-11.5300,-12.0600,182.9800,184.0900,184.0900,138.0200,-12.0600,17.3000,0.9910,False,False,160.2700,1,169.0200,True,-1.0000,NONE,6.3500,8.0000,5.0000,5.0000,7,8.0000,5.0000,False,False,False,False,False,False,4.3700,6.5500,1.5000,SIDI_INTRADAY_V2,0.6186,-3.5786,0.1239,0.5590,294,XLI,True,28.7980,16.4943,28.3250,3.3207,14.0880,0.8189,0.0874,0.1190,0.3941,0.0250,0.3280,437.9370,1.2400,6350125056.0000,2996999936.0000,2.1188,83615367168,1.0580,3.5700,1.9300,515722417,6.2300,5.3000,6.8900,6.5400,0.0759,D/E:438,1,6.2800,False,True,False,False,False,False,DD12|RSI40|MACD|VOLUME|FUND65|ABNORMAL20,False,7-15d,XLI,,CAT|UNP|HON,pmi_manufacturing|supply_chain|capex_cycle,POST_ANALYSIS_ACTUAL_FILL,LIVE_QUOTE_AT_ANALYSIS,True,1.0000,1.5000,1.0000,-5.0000,7,1.5000,3,SELL_50_PCT_AT_TP1_REST_AT_TP2,MOVE_REMAINDER_TO_BREAK_EVEN,EXIT_AT_OPEN_IF_OPEN_BELOW_SL,SL_FIRST,10,PENDING_ANALYSIS,3.5336,3.5336,5.3004,165.4236,167.1904,153.7955,Indicative levels use the signal close only. Final SL/TP1/TP2 and sizing must be recalculated from the actual post-analysis broker fill.,15,2026-10-20,False,2026-07-21,2.4000,2.2500,6.8000,ALCISTA FUERTE,10,769.6400,7.3400,59.8000,15.3100,SIDI_INTRADAY_V2: Fund≥6.5 · DD60≥12% · RSI<40 · MACD↑ · Vol↓ · SPY20≤+1% · Abnormal20≤-10%,SIDI_INTRADAY_V2,True
DPZ,Domino's,Consumer Discretionary,Restaurants,2020-05-12,297.6200,296.7900,301.3100,294.9700,297.6200,2026-10-02,2026-10-05,27.8700,19.5300,UP,0.5266,0.1276,-0.7851,True,0.3642,7.9064,0.6880,2.6570,329.5300,349.7500,305.7500,-9.6800,-14.9000,False,-2.8747,BAJISTA,-18.5400,-19.5300,365.3700,369.8700,434.7300,280.2700,-31.5400,6.1900,0.7740,True,True,294.5100,3,316.8100,True,-1.0400,HAMMER,7.5000,5.0000,9.5000,7.5000,9,7.0000,7.0000,True,True,True,True,True,True,5.3100,7.9700,1.5000,SIDI_INTRADAY_V2,0.6186,-9.6923,-0.9913,0.8845,294,XLY,True,16.8210,14.2179,-2.4639,1.9524,14.4640,,0.3389,0.1186,0.2871,0.0430,0.0680,,1.5380,531496512.0000,596523008.0000,0.8910,9816095744,0.9510,4.0200,2.6700,33081735,5.4600,4.5300,5.8500,6.0800,0.0541,OK,0,6.2800,False,True,False,True,False,False,FUND65|ABNORMAL20,False,5-10d,XLY,,AMZN|TSLA|HD,consumer_spending|employment_data|interest_rates,POST_ANALYSIS_ACTUAL_FILL,LIVE_QUOTE_AT_ANALYSIS,True,1.0000,1.5000,1.0000,-5.0000,7,1.5000,3,SELL_50_PCT_AT_TP1_REST_AT_TP2,MOVE_REMAINDER_TO_BREAK_EVEN,EXIT_AT_OPEN_IF_OPEN_BELOW_SL,SL_FIRST,10,PENDING_ANALYSIS,7.9064,7.9064,11.8596,305.5264,309.4796,282.7390,Indicative levels use the signal close only. Final SL/TP1/TP2 and sizing must be recalculated from the actual post-analysis broker fill.,8,2026-10-13,False,2026-07-20,4.0700,4.1700,-2.4000,ALCISTA FUERTE,10,769.6400,7.3400,59.8000,15.3100,SIDI_INTRADAY_V2: Fund≥6.5 · DD60≥12% · RSI<40 · MACD↑ · Vol↓ · SPY20≤+1% · Abnormal20≤-10%,SIDI_INTRADAY_V2,True
ODFL,Old Dominion,Industrials,Cargo Ground Transportation,2019-12-09,180.4800,180.4900,182.9100,179.8300,180.4800,2026-10-02,2026-10-05,47.8900,29.0400,UP,1.5337,1.2189,1.0195,True,0.6372,4.7507,0.7290,2.6320,196.4000,199.3200,180.6300,-8.1000,-9.4500,False,1.8414,BAJISTA,-23.7800,-24.2100,236.7800,238.1400,251.6400,125.2300,-28.2800,44.1200,1.0540,False,False,169.6500,1,180.1800,False,-6.0000,HAMMER|DOJI,5.8500,5.5000,7.0000,5.0000,4,7.0000,7.0000,False,False,True,False,True,False,5.2600,7.9000,1.5000,SIDI_INTRADAY_V2,0.6186,-0.7531,0.1871,0.6583,294,XLI,True,34.3769,26.7194,8.1559,6.6162,20.7220,0.2482,0.1578,0.1944,0.3957,0.1040,0.3230,0.4400,1.8890,970776000.0000,1089276032.0000,0.8912,37067067392,1.2030,5.1500,0.6400,207356622,6.5600,7.8200,7.2300,4.2900,0.0262,OK,0,6.2800,True,True,False,False,False,False,RSI40|VOLUME|ABNORMAL20,False,3-7d,XLI,,CAT|UNP|HON,pmi_manufacturing|supply_chain|capex_cycle,POST_ANALYSIS_ACTUAL_FILL,LIVE_QUOTE_AT_ANALYSIS,True,1.0000,1.5000,1.0000,-5.0000,7,1.5000,3,SELL_50_PCT_AT_TP1_REST_AT_TP2,MOVE_REMAINDER_TO_BREAK_EVEN,EXIT_AT_OPEN_IF_OPEN_BELOW_SL,SL_FIRST,10,PENDING_ANALYSIS,4.7507,4.7507,7.1261,185.2307,187.6060,171.4560,Indicative levels use the signal close only. Final SL/TP1/TP2 and sizing must be recalculated from the actual post-analysis broker fill.,23,2026-10-28,False,2026-07-29,1.6800,1.5300,9.7000,ALCISTA FUERTE,10,769.6400,7.3400,59.8000,15.3100,SIDI_INTRADAY_V2: Fund≥6.5 · DD60≥12% · RSI<40 · MACD↑ · Vol↓ · SPY20≤+1% · Abnormal20≤-10%,SIDI_INTRADAY_V2,True
CBRE,CBRE Group,Real Estate,Real Estate Services,2006-11-10,129.5800,132.5200,134.5200,129.4700,129.5800,2026-10-02,2026-10-05,28.2000,26.8000,UP,-0.9094,-1.0114,-1.0119,True,0.1240,4.0143,0.9040,3.0980,144.0000,145.1500,136.6500,-10.0100,-10.7300,False,-1.3792,BAJISTA,-16.4400,-17.2300,155.0700,156.5500,174.2700,121.6900,-25.6400,6.4800,0.9290,False,False,128.5500,1,148.9700,True,-0.7900,NONE,6.6500,5.0000,9.5000,5.0000,7,8.0000,5.0000,False,False,True,True,True,False,6.2000,9.2900,1.5000,SIDI_INTRADAY_V2,0.6186,-5.4729,0.3888,1.0842,294,XLRE,True,29.7151,14.2849,4.4818,0.8603,21.5070,0.1580,0.0259,0.0298,0.1857,0.1550,-0.0420,117.7890,1.1410,1637624960.0000,1300999936.0000,1.2587,37602799616,1.2340,2.8400,0.0000,289575298,6.0200,5.0000,7.2400,5.8000,0.0436,D/E:118,1,6.2700,False,True,False,False,False,False,VOLUME|FUND65|ABNORMAL20,False,5-10d,XLRE,,PLD|AMT|EQIX,interest_rates|cap_rates|occupancy_trends,POST_ANALYSIS_ACTUAL_FILL,LIVE_QUOTE_AT_ANALYSIS,True,1.0000,1.5000,1.0000,-5.0000,7,1.5000,3,SELL_50_PCT_AT_TP1_REST_AT_TP2,MOVE_REMAINDER_TO_BREAK_EVEN,EXIT_AT_OPEN_IF_OPEN_BELOW_SL,SL_FIRST,10,PENDING_ANALYSIS,4.0143,4.0143,6.0215,133.5943,135.6014,123.1010,Indicative levels use the signal close only. Final SL/TP1/TP2 and sizing must be recalculated from the actual post-analysis broker fill.,17,2026-10-22,False,2026-07-29,1.5600,1.4700,5.8000,ALCISTA FUERTE,10,769.6400,7.3400,59.8000,15.3100,SIDI_INTRADAY_V2: Fund≥6.5 · DD60≥12% · RSI<40 · MACD↑ · Vol↓ · SPY20≤+1% · Abnormal20≤-10%,SIDI_INTRADAY_V2,True
NEE,NextEra Energy,Utilities,Multi-Utilities,1976-06-30,76.8300,76.6700,77.7000,76.5700,76.8300,2026-10-02,2026-10-05,27.1900,16.2500,UP,-0.1626,-0.3022,-0.4939,True,0.2849,1.3371,0.9260,1.7400,82.7400,86.3100,78.7700,-7.1500,-10.9900,False,-0.2584,BAJISTA,-13.7900,-14.9300,89.1200,90.3100,97.3000,74.4100,-21.0400,3.2500,1.4280,False,False,,0,85.8200,False,,BULL_ENGULF,6.6200,5.0000,9.5000,7.0000,4,6.5000,7.5000,False,False,True,True,True,False,3.4800,5.2200,1.5000,SIDI_INTRADAY_V2,0.6186,-1.8712,-0.0044,1.0062,294,XLU,True,17.2618,17.4978,2.8047,5.5821,19.0920,0.1168,0.0244,0.3240,0.6102,0.1240,0.5310,161.6760,0.5340,-17766875136.0000,9299000320.0000,-1.9106,160205783040,0.6390,5.1800,3.2400,2085605358,6.0200,10.0000,4.5900,3.0400,-0.1109,FCF/NI:-1.91|D/E:162,2,6.2600,False,True,False,False,False,False,VOLUME|FUND65|ABNORMAL20,False,3-7d,XLU,,DUK|SO|D,interest_rates|regulatory_environment,POST_ANALYSIS_ACTUAL_FILL,LIVE_QUOTE_AT_ANALYSIS,True,1.0000,1.5000,1.0000,-5.0000,7,1.5000,3,SELL_50_PCT_AT_TP1_REST_AT_TP2,MOVE_REMAINDER_TO_BREAK_EVEN,EXIT_AT_OPEN_IF_OPEN_BELOW_SL,SL_FIRST,10,PENDING_ANALYSIS,1.3371,1.3371,2.0057,78.1671,78.8357,72.9885,Indicative levels use the signal close only. Final SL/TP1/TP2 and sizing must be recalculated from the actual post-analysis broker fill.,22,2026-10-27,False,2026-07-24,1.1500,1.1100,3.8000,ALCISTA FUERTE,10,769.6400,7.3400,59.8000,15.3100,SIDI_INTRADAY_V2: Fund≥6.5 · DD60≥12% · RSI<40 · MACD↑ · Vol↓ · SPY20≤+1% · Abnormal20≤-10%,SIDI_INTRADAY_V2,True
TFC,Truist Financial,Financials,Diversified Banks,1997-12-04,46.4500,46.4300,46.7300,46.2100,46.4500,2026-10-02,2026-10-05,24.4800,23.9200,UP,-0.1911,-0.2358,-0.2587,True,0.1961,1.0907,1.0740,2.3480,50.2300,49.0400,48.1100,-7.5300,-5.2900,True,0.6282,BAJISTA,-12.5200,-13.4800,53.1000,53.6900,54.5200,39.1000,-14.8000,18.7800,1.1340,False,False,47.3400,1,48.8100,True,1.9200,HAMMER|HAMMER|DOJI,7.1800,7.0000,9.5000,5.0000,8,6.5000,7.0000,False,False,True,True,True,False,4.7000,7.0400,1.5000,SIDI_INTRADAY_V2,0.6186,-0.0941,-0.0550,1.1559,294,XLF,True,10.7080,9.3326,0.9696,2.9905,,0.0906,0.0106,0.3069,0.0000,0.0820,0.3670,,,,5533000192.0000,,56903352320,0.9060,4.5400,4.4800,1221626188,5.6400,6.6200,4.3100,6.0400,,OK,0,6.2600,False,True,False,False,False,False,VOLUME|FUND65|ABNORMAL20,False,5-10d,XLF,,JPM|BAC|WFC,interest_rates|yield_curve|credit_spreads|loan_growth,POST_ANALYSIS_ACTUAL_FILL,LIVE_QUOTE_AT_ANALYSIS,True,1.0000,1.5000,1.0000,-5.0000,7,1.5000,3,SELL_50_PCT_AT_TP1_REST_AT_TP2,MOVE_REMAINDER_TO_BREAK_EVEN,EXIT_AT_OPEN_IF_OPEN_BELOW_SL,SL_FIRST,10,PENDING_ANALYSIS,1.0907,1.0907,1.6361,47.5407,48.0861,44.1275,Indicative levels use the signal close only. Final SL/TP1/TP2 and sizing must be recalculated from the actual post-analysis broker fill.,11,2026-10-16,False,2026-07-17,1.2300,1.0800,13.8000,ALCISTA FUERTE,10,769.6400,7.3400,59.8000,15.3100,SIDI_INTRADAY_V2: Fund≥6.5 · DD60≥12% · RSI<40 · MACD↑ · Vol↓ · SPY20≤+1% · Abnormal20≤-10%,SIDI_INTRADAY_V2,True
WAB,Wabtec,Industrials,Construction Machinery & Heavy Transportation Equipment,2019-02-27,287.5400,290.9200,293.3400,286.9100,287.5400,2026-10-02,2026-10-05,63.9700,57.2100,UP,0.6206,0.8168,1.3645,False,0.6410,5.7271,0.8450,1.9920,290.4800,261.0500,286.9700,-1.0100,10.1500,True,3.0576,NEUTRO,-5.8700,-6.1300,305.4700,306.3200,306.3200,185.1900,-6.1300,55.2600,1.1770,True,True,273.9000,3,288.9300,False,-4.7400,NONE,6.5500,8.5000,6.0000,7.5000,6,5.0000,5.0000,False,False,False,False,False,True,3.9800,5.9800,1.5000,SIDI_INTRADAY_V2,0.6186,3.0155,-0.3786,1.3817,294,XLI,True,39.2245,23.4298,4.4006,4.1146,20.7000,0.1155,0.0617,0.1059,0.3574,0.1750,0.1890,61.6860,1.1210,1101374976.0000,1266000000.0000,0.8700,49293250560,0.9170,4.7200,0.4300,168910851,6.0700,8.7500,5.0300,4.1500,0.0223,OK,0,6.2600,False,True,False,False,False,False,DD12|RSI40|MACD|FUND65|ABNORMAL20,False,7-15d,XLI,,CAT|UNP|HON,pmi_manufacturing|supply_chain|capex_cycle,POST_ANALYSIS_ACTUAL_FILL,LIVE_QUOTE_AT_ANALYSIS,True,1.0000,1.5000,1.0000,-5.0000,7,1.5000,3,SELL_50_PCT_AT_TP1_REST_AT_TP2,MOVE_REMAINDER_TO_BREAK_EVEN,EXIT_AT_OPEN_IF_OPEN_BELOW_SL,SL_FIRST,10,PENDING_ANALYSIS,5.7271,5.7271,8.5907,293.2671,296.1307,273.1630,Indicative levels use the signal close only. Final SL/TP1/TP2 and sizing must be recalculated from the actual post-analysis broker fill.,16,2026-10-21,False,2026-07-22,2.7600,2.6100,5.9000,ALCISTA FUERTE,10,769.6400,7.3400,59.8000,15.3100,SIDI_INTRADAY_V2: Fund≥6.5 · DD60≥12% · RSI<40 · MACD↑ · Vol↓ · SPY20≤+1% · Abnormal20≤-10%,SIDI_INTRADAY_V2,True
AMP,Ameriprise Financial,Financials,Asset Management & Custody Banks,2005-10-03,490.9100,492.5900,497.1800,487.3200,490.9100,2026-10-02,2026-10-05,18.7400,18.6800,UP,-4.2053,-4.9151,-6.5351,True,0.1964,15.5621,1.2240,3.1700,543.2700,490.8800,517.7900,-9.6400,0.0100,True,1.3628,NEUTRO,-13.9800,-14.2600,570.6800,572.5600,572.5600,419.5200,-14.2600,17.0200,0.6780,False,False,456.5300,2,541.7300,False,-7.0000,HAMMER,6.8800,8.5000,9.5000,5.0000,4,6.5000,7.0000,False,False,True,True,True,False,6.3400,9.5100,1.5000,SIDI_INTRADAY_V2,0.6186,-3.4671,-0.0399,1.2524,294,XLF,True,11.8765,9.4997,6.8348,2.1920,,0.6343,0.0228,0.1990,0.5493,0.1160,0.1170,67.5780,2.1820,2903124992.0000,3948000000.0000,0.7353,43486167040,1.1560,6.1500,1.3900,88400000,5.8300,3.7800,6.9300,6.9400,0.0668,FCF/NI:0.74,1,6.2500,False,True,False,False,False,False,VOLUME|FUND65|ABNORMAL20,False,7-15d,XLF,,JPM|BAC|WFC,interest_rates|yield_curve|credit_spreads|loan_growth,POST_ANALYSIS_ACTUAL_FILL,LIVE_QUOTE_AT_ANALYSIS,True,1.0000,1.5000,1.0000,-5.0000,7,1.5000,3,SELL_50_PCT_AT_TP1_REST_AT_TP2,MOVE_REMAINDER_TO_BREAK_EVEN,EXIT_AT_OPEN_IF_OPEN_BELOW_SL,SL_FIRST,10,PENDING_ANALYSIS,15.5621,15.5621,23.3431,506.4721,514.2532,466.3645,Indicative levels use the signal close only. Final SL/TP1/TP2 and sizing must be recalculated from the actual post-analysis broker fill.,24,2026-10-29,False,2026-07-23,11.0700,10.8100,2.4000,ALCISTA FUERTE,10,769.6400,7.3400,59.8000,15.3100,SIDI_INTRADAY_V2: Fund≥6.5 · DD60≥12% · RSI<40 · MACD↑ · Vol↓ · SPY20≤+1% · Abnormal20≤-10%,SIDI_INTRADAY_V2,True
DVN,Devon Energy,Energy,Oil & Gas Exploration & Production,2000-08-30,47.6500,46.5500,47.7100,45.7500,47.6500,2026-10-02,2026-10-05,43.3900,47.3800,DOWN,-0.2782,-0.3692,-0.4027,True,0.4006,1.5886,1.2040,3.3340,46.7100,44.0800,47.6100,2.0100,8.1000,True,2.8765,ALCISTA,-7.1700,-7.5800,51.3300,51.5600,52.0000,30.6900,-8.3700,55.2700,0.6100,True,True,45.8900,2,49.6000,True,-3.7000,BULL_ENGULF,7.2500,10.0000,6.0000,7.5000,7,5.0000,7.5000,False,False,False,False,True,True,6.6700,10.0000,1.5000,SIDI_INTRADAY_V2,0.6186,2.4405,-0.1785,1.2979,294,XLE,True,10.5621,8.9264,1.3354,2.8395,7.1000,0.1152,0.0591,0.1746,0.5035,0.6420,0.4400,28.4880,0.7170,782625024.0000,3280000000.0000,0.2386,53327998976,0.5360,2.9100,2.6900,1100000000,5.5900,7.4300,4.3000,4.9500,0.0147,FCF/NI:0.24,1,6.2500,False,True,False,False,False,False,DD12|RSI40|FUND65|ABNORMAL20,False,10-18d,XLE,,XOM|CVX|COP,oil_price|gas_price|opec_supply|inventories,POST_ANALYSIS_ACTUAL_FILL,LIVE_QUOTE_AT_ANALYSIS,True,1.0000,1.5000,1.0000,-5.0000,7,1.5000,3,SELL_50_PCT_AT_TP1_REST_AT_TP2,MOVE_REMAINDER_TO_BREAK_EVEN,EXIT_AT_OPEN_IF_OPEN_BELOW_SL,SL_FIRST,10,PENDING_ANALYSIS,1.5886,1.5886,2.3829,49.2386,50.0329,45.2675,Indicative levels use the signal close only. Final SL/TP1/TP2 and sizing must be recalculated from the actual post-analysis broker fill.,30,2026-11-04,False,2026-08-04,1.5700,1.4100,11.3000,ALCISTA FUERTE,10,769.6400,7.3400,59.8000,15.3100,SIDI_INTRADAY_V2: Fund≥6.5 · DD60≥12% · RSI<40 · MACD↑ · Vol↓ · SPY20≤+1% · Abnormal20≤-10%,SIDI_INTRADAY_V2,True
GWW,W. W. Grainger,Industrials,Industrial Machinery & Supplies & Components,1981-06-30,1280.3000,1289.0100,1300.0000,1274.8000,1280.3000,2026-10-02,2026-10-05,50.9000,24.4300,UP,2.5257,1.0553,-1.1350,True,0.6226,24.7643,0.8510,1.9340,1301.9500,1203.2400,1273.8100,-1.6600,6.4000,True,2.6954,NEUTRO,-8.5000,-9.6600,1399.3000,1417.1400,1417.1400,901.2200,-9.6600,42.0600,0.9710,False,False,1254.1801,2,1293.7500,True,-2.0400,BULL_ENGULF,6.6500,8.5000,7.0000,5.0000,7,5.0000,7.5000,False,False,False,False,True,False,3.8700,5.8000,1.5000,SIDI_INTRADAY_V2,0.6186,-4.4728,-0.2505,0.6308,294,XLI,True,32.8597,25.2674,14.6903,3.2280,19.5560,0.4609,0.1993,0.0992,0.3940,0.1030,0.2050,61.9770,2.8050,1247750016.0000,1870000000.0000,0.6672,60830801920,1.0130,4.6500,0.7800,47213119,5.9900,6.8900,7.0100,3.7400,0.0205,FCF/NI:0.67,1,6.2500,False,True,False,False,False,False,DD12|RSI40|VOLUME|FUND65|ABNORMAL20,False,7-15d,XLI,,CAT|UNP|HON,pmi_manufacturing|supply_chain|capex_cycle,POST_ANALYSIS_ACTUAL_FILL,LIVE_QUOTE_AT_ANALYSIS,True,1.0000,1.5000,1.0000,-5.0000,7,1.5000,3,SELL_50_PCT_AT_TP1_REST_AT_TP2,MOVE_REMAINDER_TO_BREAK_EVEN,EXIT_AT_OPEN_IF_OPEN_BELOW_SL,SL_FIRST,10,PENDING_ANALYSIS,24.7643,24.7643,37.1465,1305.0643,1317.4464,1216.2850,Indicative levels use the signal close only. Final SL/TP1/TP2 and sizing must be recalculated from the actual post-analysis broker fill.,30,2026-11-04,False,2026-08-04,12.0100,11.3000,6.3000,ALCISTA FUERTE,10,769.6400,7.3400,59.8000,15.3100,SIDI_INTRADAY_V2: Fund≥6.5 · DD60≥12% · RSI<40 · MACD↑ · Vol↓ · SPY20≤+1% · Abnormal20≤-10%,SIDI_INTRADAY_V2,True
CNP,CenterPoint Energy,Utilities,Multi-Utilities,1985-07-31,37.7900,37.4300,37.9000,37.3100,37.7900,2026-10-02,2026-10-05,40.8100,21.3000,UP,0.0408,-0.0392,-0.1168,True,0.4336,0.5714,0.6970,1.5120,39.5900,41.0100,37.9400,-4.5400,-7.8400,False,-0.0300,BAJISTA,-14.6900,-16.0100,44.3000,44.9900,44.9900,36.3700,-16.0100,3.9000,1.3010,False,False,38.4500,1,41.0200,True,1.7500,BULL_ENGULF,6.8000,5.0000,7.0000,7.0000,8,7.0000,7.5000,False,False,True,False,True,False,3.0200,4.5400,1.5000,SIDI_INTRADAY_V2,0.6186,0.5916,-0.2485,0.9643,294,XLU,True,22.5296,18.2404,2.1399,2.6071,12.7350,0.0983,0.0300,0.1161,0.4703,0.1070,0.2330,210.2560,1.1230,-5191875072.0000,1116999936.0000,-4.6481,25080774656,0.4590,7.8700,2.5400,658720288,5.8500,10.0000,4.3000,2.8200,-0.2070,FCF/NI:-4.65|D/E:210,2,6.2300,False,True,False,False,False,False,RSI40|VOLUME|FUND65|ABNORMAL20,False,3-7d,XLU,,NEE|DUK|SO,interest_rates|regulatory_environment,POST_ANALYSIS_ACTUAL_FILL,LIVE_QUOTE_AT_ANALYSIS,True,1.0000,1.5000,1.0000,-5.0000,7,1.5000,3,SELL_50_PCT_AT_TP1_REST_AT_TP2,MOVE_REMAINDER_TO_BREAK_EVEN,EXIT_AT_OPEN_IF_OPEN_BELOW_SL,SL_FIRST,10,PENDING_ANALYSIS,0.5714,0.5714,0.8571,38.3614,38.6471,35.9005,Indicative levels use the signal close only. Final SL/TP1/TP2 and sizing must be recalculated from the actual post-analysis broker fill.,22,2026-10-27,False,2026-07-28,0.4000,0.3700,7.4000,ALCISTA FUERTE,10,769.6400,7.3400,59.8000,15.3100,SIDI_INTRADAY_V2: Fund≥6.5 · DD60≥12% · RSI<40 · MACD↑ · Vol↓ · SPY20≤+1% · Abnormal20≤-10%,SIDI_INTRADAY_V2,True
STE,Steris,Health Care,Health Care Equipment,2019-12-23,208.5400,209.6400,210.2700,206.5300,208.5400,2026-10-02,2026-10-05,36.8400,25.2700,UP,0.4718,0.4540,0.2160,True,0.3538,3.5579,0.6410,1.7060,223.5600,227.0100,212.8300,-6.7200,-8.1300,False,-2.0057,BAJISTA,-12.4500,-13.3500,238.1800,240.6600,267.1400,193.9700,-21.9400,7.5100,1.0110,True,True,206.5100,2,219.5100,True,-0.9700,HAMMER,7.0000,5.0000,8.5000,7.5000,7,7.0000,7.0000,True,True,True,True,True,True,3.4100,5.1200,1.5000,SIDI_INTRADAY_V2,0.6186,-2.7961,0.0997,0.9582,294,XLV,True,25.6449,17.1285,2.8381,3.3877,13.3550,0.1139,0.0680,0.1333,0.4442,0.0730,0.1400,28.3120,1.9060,798862528.0000,805000000.0000,0.9924,20453085184,0.9250,4.6200,1.2400,97500110,5.7100,4.5400,6.7400,5.8800,0.0391,OK,0,6.2300,False,True,False,True,False,False,FUND65|ABNORMAL20,False,3-7d,XLV,,UNH|JNJ|LLY,fda_calendar|drug_pricing_policy|patent_cliffs,POST_ANALYSIS_ACTUAL_FILL,LIVE_QUOTE_AT_ANALYSIS,True,1.0000,1.5000,1.0000,-5.0000,7,1.5000,3,SELL_50_PCT_AT_TP1_REST_AT_TP2,MOVE_REMAINDER_TO_BREAK_EVEN,EXIT_AT_OPEN_IF_OPEN_BELOW_SL,SL_FIRST,10,PENDING_ANALYSIS,3.5579,3.5579,5.3369,212.0979,213.8768,198.1130,Indicative levels use the signal close only. Final SL/TP1/TP2 and sizing must be recalculated from the actual post-analysis broker fill.,30,2026-11-04,False,2026-08-05,2.5900,2.4900,3.9000,ALCISTA FUERTE,10,769.6400,7.3400,59.8000,15.3100,SIDI_INTRADAY_V2: Fund≥6.5 · DD60≥12% · RSI<40 · MACD↑ · Vol↓ · SPY20≤+1% · Abnormal20≤-10%,SIDI_INTRADAY_V2,True
DLR,Digital Realty,Real Estate,Data Center REITs,2016-05-18,178.5500,178.5100,180.4800,177.3500,178.5500,2026-10-02,2026-10-05,51.1900,38.8700,UP,-0.4281,-0.6521,-0.6281,True,0.3070,4.1007,0.7710,2.2970,187.2200,178.8600,181.1800,-4.6300,-0.1700,True,1.5535,BAJISTA,-10.1800,-13.3500,198.7900,206.0600,206.0600,143.3000,-13.3500,24.6000,0.9000,True,True,179.4100,6,190.1100,True,0.4800,HAMMER|DOJI,7.5500,7.0000,7.0000,7.5000,10,7.0000,7.0000,False,False,False,False,True,True,4.5900,6.8900,1.5000,SIDI_INTRADAY_V2,0.6186,4.3706,0.5559,0.9664,294,XLRE,True,86.6408,64.6180,2.4731,9.9756,27.1250,0.0291,0.0148,0.1182,0.5699,0.2990,-0.5870,67.9440,0.8900,3768482048.0000,758297984.0000,4.9697,67405418496,1.0110,4.2900,2.7300,370998727,5.3300,5.0000,4.9700,6.1500,0.0559,OK,0,6.2200,False,True,False,False,False,False,DD12|RSI40|FUND65|ABNORMAL20,False,3-7d,XLRE,,PLD|AMT|EQIX,interest_rates|cap_rates|occupancy_trends,POST_ANALYSIS_ACTUAL_FILL,LIVE_QUOTE_AT_ANALYSIS,True,1.0000,1.5000,1.0000,-5.0000,7,1.5000,3,SELL_50_PCT_AT_TP1_REST_AT_TP2,MOVE_REMAINDER_TO_BREAK_EVEN,EXIT_AT_OPEN_IF_OPEN_BELOW_SL,SL_FIRST,10,PENDING_ANALYSIS,4.1007,4.1007,6.1510,182.6507,184.7011,169.6225,Indicative levels use the signal close only. Final SL/TP1/TP2 and sizing must be recalculated from the actual post-analysis broker fill.,24,2026-10-29,False,2026-07-23,0.6200,0.7300,-15.0000,ALCISTA FUERTE,10,769.6400,7.3400,59.8000,15.3100,SIDI_INTRADAY_V2: Fund≥6.5 · DD60≥12% · RSI<40 · MACD↑ · Vol↓ · SPY20≤+1% · Abnormal20≤-10%,SIDI_INTRADAY_V2,True
EMR,Emerson Electric,Industrials,Electrical Components & Equipment,1965-03-31,161.6100,161.5900,164.1300,160.2400,161.6100,2026-10-02,2026-10-05,74.8000,60.0100,UP,0.9966,0.8340,1.0439,True,0.9712,3.8000,0.9400,2.3510,154.4900,143.8200,154.9200,4.6100,12.3700,True,1.5473,ALCISTA,-1.3500,-2.5200,163.8200,165.7900,165.7900,121.7300,-2.5200,32.7600,1.1780,False,False,146.3200,5,165.7900,False,-9.4600,BULL_ENGULF|HAMMER|DOJI,7.0000,10.0000,7.0000,5.0000,6,5.0000,9.5000,False,False,False,False,True,False,4.7000,7.0500,1.5000,SIDI_INTRADAY_V2,0.6186,10.2137,0.2101,1.3355,294,XLI,True,35.6674,22.4237,4.4615,4.8989,16.8010,0.1280,0.0690,0.1383,0.5316,0.0700,0.2300,67.6770,0.8960,3706249984.0000,2576000000.0000,1.4388,91296292864,1.2070,4.0200,1.3700,560100000,5.6900,6.4000,4.9700,5.6900,0.0406,OK,0,6.2100,False,True,False,False,False,False,DD12|RSI40|VOLUME|FUND65|ABNORMAL20,False,10-18d,XLI,,CAT|UNP|HON,pmi_manufacturing|supply_chain|capex_cycle,POST_ANALYSIS_ACTUAL_FILL,LIVE_QUOTE_AT_ANALYSIS,True,1.0000,1.5000,1.0000,-5.0000,7,1.5000,3,SELL_50_PCT_AT_TP1_REST_AT_TP2,MOVE_REMAINDER_TO_BREAK_EVEN,EXIT_AT_OPEN_IF_OPEN_BELOW_SL,SL_FIRST,10,PENDING_ANALYSIS,3.8000,3.8000,5.7000,165.4100,167.3100,153.5295,Indicative levels use the signal close only. Final SL/TP1/TP2 and sizing must be recalculated from the actual post-analysis broker fill.,30,2026-11-04,False,2026-08-04,1.7100,1.6800,2.0000,ALCISTA FUERTE,10,769.6400,7.3400,59.8000,15.3100,SIDI_INTRADAY_V2: Fund≥6.5 · DD60≥12% · RSI<40 · MACD↑ · Vol↓ · SPY20≤+1% · Abnormal20≤-10%,SIDI_INTRADAY_V2,True
TSN,Tyson Foods,Consumer Staples,Packaged Foods & Meats,2005-08-10,51.8900,50.6300,51.9500,50.4600,51.8900,2026-10-02,2026-10-05,38.5200,46.0700,DOWN,0.1033,-0.0011,0.0005,True,0.5310,0.9650,0.7030,1.8600,54.9900,59.1000,52.1000,-5.6400,-12.1900,False,-0.5214,BAJISTA,-14.3900,-16.9100,60.6100,62.4500,68.2600,48.8400,-23.9800,6.2400,0.8740,True,True,50.7100,1,59.1700,True,-2.2700,NONE,6.6000,5.0000,7.5000,7.5000,7,7.0000,5.0000,True,True,True,True,True,True,3.7200,5.5800,1.5000,SIDI_INTRADAY_V2,0.6186,5.0072,-0.2379,0.6357,294,XLP,True,32.0494,12.5777,1.0103,0.3280,9.2450,0.0326,0.0256,0.0103,0.0655,-0.0010,2.0410,44.0250,1.4330,1191250048.0000,574000000.0000,2.0753,18265534464,0.3950,2.7800,3.9300,281792507,5.9500,5.0000,5.4500,7.6300,0.0652,OK,0,6.2100,False,True,False,True,False,False,FUND65|ABNORMAL20,False,3-7d,XLP,,PG|KO|PEP,inflation|input_costs|fx_rates,POST_ANALYSIS_ACTUAL_FILL,LIVE_QUOTE_AT_ANALYSIS,True,1.0000,1.5000,1.0000,-5.0000,7,1.5000,3,SELL_50_PCT_AT_TP1_REST_AT_TP2,MOVE_REMAINDER_TO_BREAK_EVEN,EXIT_AT_OPEN_IF_OPEN_BELOW_SL,SL_FIRST,10,PENDING_ANALYSIS,0.9650,0.9650,1.4475,52.8550,53.3375,49.2955,Indicative levels use the signal close only. Final SL/TP1/TP2 and sizing must be recalculated from the actual post-analysis broker fill.,42,2026-11-16,False,2026-08-03,0.9900,0.9900,34.0000,ALCISTA FUERTE,10,769.6400,7.3400,59.8000,15.3100,SIDI_INTRADAY_V2: Fund≥6.5 · DD60≥12% · RSI<40 · MACD↑ · Vol↓ · SPY20≤+1% · Abnormal20≤-10%,SIDI_INTRADAY_V2,True
SJM,J.M. Smucker Company (The),Consumer Staples,Packaged Foods & Meats,2008-11-06,117.1900,115.8000,117.3200,115.1500,117.1900,2026-10-02,2026-10-05,37.6900,33.6100,UP,-0.7631,-0.7668,-0.5247,True,0.0522,2.5814,0.8040,2.2030,122.1800,107.0600,121.1100,-4.0800,9.4700,True,2.1118,NEUTRO,-11.4500,-13.7600,132.3400,135.8900,135.8900,86.4700,-13.7600,35.5300,0.8830,True,True,119.3700,1,125.5600,True,1.8600,NONE,7.6500,8.5000,8.5000,7.5000,7,8.0000,5.0000,False,False,False,True,True,True,4.4100,6.6100,1.5000,SIDI_INTRADAY_V2,0.6186,-7.7813,-0.3214,1.1333,294,XLP,True,54.3808,10.6553,2.1617,1.3576,8.5760,0.0393,0.0626,0.0251,0.3795,0.0500,,120.6820,0.8700,1464337536.0000,229500000.0000,6.3806,12431548416,0.2660,3.3700,3.8200,106823183,5.2400,5.0000,4.2600,6.6700,0.1178,D/E:121,1,6.2000,False,True,False,False,False,False,DD12|FUND65|ABNORMAL20,False,7-15d,XLP,,PG|KO|PEP,inflation|input_costs|fx_rates,POST_ANALYSIS_ACTUAL_FILL,LIVE_QUOTE_AT_ANALYSIS,True,1.0000,1.5000,1.0000,-5.0000,7,1.5000,3,SELL_50_PCT_AT_TP1_REST_AT_TP2,MOVE_REMAINDER_TO_BREAK_EVEN,EXIT_AT_OPEN_IF_OPEN_BELOW_SL,SL_FIRST,10,PENDING_ANALYSIS,2.5814,2.5814,3.8721,119.7714,121.0621,111.3305,Indicative levels use the signal close only. Final SL/TP1/TP2 and sizing must be recalculated from the actual post-analysis broker fill.,50,2026-11-24,False,2026-08-26,3.2400,2.2200,46.2000,ALCISTA FUERTE,10,769.6400,7.3400,59.8000,15.3100,SIDI_INTRADAY_V2: Fund≥6.5 · DD60≥12% · RSI<40 · MACD↑ · Vol↓ · SPY20≤+1% · Abnormal20≤-10%,SIDI_INTRADAY_V2,True
BSX,Boston Scientific,Health Care,Health Care Equipment,1995-02-24,42.6000,43.3200,43.4400,41.9400,42.6000,2026-10-02,2026-10-05,30.2100,32.9500,DOWN,-0.0127,0.0353,0.0636,False,0.1567,1.1321,0.6850,2.6580,46.8800,61.7300,44.4900,-9.1200,-30.9900,False,-7.9064,BAJISTA,-18.0900,-19.6100,52.0100,52.9900,105.6500,41.9400,-59.6800,1.5700,0.8580,True,True,42.4900,5,46.0600,True,-0.2600,HAMMER,7.1200,5.0000,6.5000,7.5000,9,8.5000,7.0000,False,False,True,True,False,True,5.3200,7.9700,1.5000,SIDI_INTRADAY_V2,0.6186,2.2641,0.1248,0.8373,294,XLV,True,17.3370,12.5564,2.4851,2.9558,12.9690,0.1534,0.0619,0.1750,0.6919,0.0750,0.1510,50.1510,1.2400,2451375104.0000,3673999872.0000,0.6672,62059630592,0.5750,2.2800,0.0000,1449229526,5.5700,4.8200,5.4400,6.6100,0.0395,FCF/NI:0.67,1,6.1900,False,True,False,False,False,False,MACD|FUND65|ABNORMAL20,False,3-7d,XLV,,UNH|JNJ|LLY,fda_calendar|drug_pricing_policy|patent_cliffs,POST_ANALYSIS_ACTUAL_FILL,LIVE_QUOTE_AT_ANALYSIS,True,1.0000,1.5000,1.0000,-5.0000,7,1.5000,3,SELL_50_PCT_AT_TP1_REST_AT_TP2,MOVE_REMAINDER_TO_BREAK_EVEN,EXIT_AT_OPEN_IF_OPEN_BELOW_SL,SL_FIRST,10,PENDING_ANALYSIS,1.1321,1.1321,1.6982,43.7321,44.2981,40.4700,Indicative levels use the signal close only. Final SL/TP1/TP2 and sizing must be recalculated from the actual post-analysis broker fill.,23,2026-10-28,False,2026-07-29,0.8600,0.8300,3.9000,ALCISTA FUERTE,10,769.6400,7.3400,59.8000,15.3100,SIDI_INTRADAY_V2: Fund≥6.5 · DD60≥12% · RSI<40 · MACD↑ · Vol↓ · SPY20≤+1% · Abnormal20≤-10%,SIDI_INTRADAY_V2,True
FOX,Fox Corporation (Class B),Communication Services,Broadcasting,2019-03-19,55.8900,54.9300,56.0860,54.4000,55.8900,2026-10-02,2026-10-05,20.6700,41.2600,DOWN,-0.4035,-0.4679,-0.4771,True,0.2128,1.3519,0.8580,2.4190,57.2700,56.3900,57.2500,-2.4100,-0.8800,True,-0.3140,BAJISTA,-10.4100,-10.7500,62.3800,62.6200,67.4800,43.8600,-17.1700,27.4200,0.8210,True,True,56.2300,2,58.7500,True,0.6100,NONE,7.1700,6.5000,8.5000,7.5000,8,6.5000,5.0000,False,True,False,True,True,True,4.8400,7.2600,1.5000,SIDI_INTRADAY_V2,0.6186,-10.9151,-0.7505,0.8921,294,XLC,True,14.5156,9.7024,2.0113,1.3724,6.9560,0.1429,0.0950,0.0984,0.3663,0.2810,0.0310,64.0600,3.1690,555374976.0000,1684999936.0000,0.3296,23504089088,0.6130,10.1100,1.0400,220248764,5.5200,6.2500,5.3000,4.9300,0.0236,FCF/NI:0.33,1,6.1800,False,True,True,False,False,False,DD12|FUND65,False,5-10d,XLC,,GOOGL|META|NFLX,ad_spending_cycle|streaming_competition|regulation,POST_ANALYSIS_ACTUAL_FILL,LIVE_QUOTE_AT_ANALYSIS,True,1.0000,1.5000,1.0000,-5.0000,7,1.5000,3,SELL_50_PCT_AT_TP1_REST_AT_TP2,MOVE_REMAINDER_TO_BREAK_EVEN,EXIT_AT_OPEN_IF_OPEN_BELOW_SL,SL_FIRST,10,PENDING_ANALYSIS,1.3519,1.3519,2.0278,57.2419,57.9179,53.0955,Indicative levels use the signal close only. Final SL/TP1/TP2 and sizing must be recalculated from the actual post-analysis broker fill.,24,2026-10-29,False,2026-08-06,1.7900,1.3600,31.6000,ALCISTA FUERTE,10,769.6400,7.3400,59.8000,15.3100,SIDI_INTRADAY_V2: Fund≥6.5 · DD60≥12% · RSI<40 · MACD↑ · Vol↓ · SPY20≤+1% · Abnormal20≤-10%,SIDI_INTRADAY_V2,True
BNY,BNY Mellon,Financials,Asset Management & Custody Banks,1995-03-31,145.4000,144.5500,145.9000,143.6900,145.4000,2026-10-02,2026-10-05,16.5400,9.4000,UP,-1.0005,-1.1787,-1.1129,True,0.1922,3.0229,0.9500,2.0790,157.4100,136.0900,151.7200,-7.6300,6.8400,True,3.2589,NEUTRO,-11.7900,-12.3300,164.8400,165.8400,165.8400,101.2600,-12.3300,43.5900,0.7220,False,False,141.2200,1,144.4100,True,-2.8800,HAMMER|DOJI,7.3300,8.5000,9.5000,5.0000,7,6.5000,7.0000,False,False,False,True,True,False,4.1600,6.2400,1.5000,SIDI_INTRADAY_V2,0.6186,-9.2909,0.3043,0.6754,294,XLF,True,16.7830,14.0045,2.4452,4.5571,,0.1412,0.0126,0.2941,0.0000,0.1310,0.2690,,,,6024000000.0000,,97589248000,1.0510,3.7300,1.5300,678504142,5.3900,6.4800,4.8000,4.7900,,OK,0,6.1700,False,True,False,False,False,False,DD12|VOLUME|FUND65|ABNORMAL20,False,5-10d,XLF,,JPM|BAC|WFC,interest_rates|yield_curve|credit_spreads|loan_growth,POST_ANALYSIS_ACTUAL_FILL,LIVE_QUOTE_AT_ANALYSIS,True,1.0000,1.5000,1.0000,-5.0000,7,1.5000,3,SELL_50_PCT_AT_TP1_REST_AT_TP2,MOVE_REMAINDER_TO_BREAK_EVEN,EXIT_AT_OPEN_IF_OPEN_BELOW_SL,SL_FIRST,10,PENDING_ANALYSIS,3.0229,3.0229,4.5343,148.4229,149.9343,138.1300,Indicative levels use the signal close only. Final SL/TP1/TP2 and sizing must be recalculated from the actual post-analysis broker fill.,10,2026-10-15,False,2026-07-15,2.4600,2.2200,10.7000,ALCISTA FUERTE,10,769.6400,7.3400,59.8000,15.3100,SIDI_INTRADAY_V2: Fund≥6.5 · DD60≥12% · RSI<40 · MACD↑ · Vol↓ · SPY20≤+1% · Abnormal20≤-10%,SIDI_INTRADAY_V2,True
GEHC,GE HealthCare,Health Care,Health Care Equipment,2023-01-04,64.2900,64.7300,64.9850,63.9550,64.2900,2026-10-02,2026-10-05,50.2500,39.0000,UP,0.0373,0.0904,0.2688,False,0.3150,1.3240,0.7040,2.0590,68.7200,71.2300,66.1400,-6.4400,-9.7400,False,-2.0040,BAJISTA,-14.0700,-15.0200,74.8200,75.6500,89.6400,58.7200,-28.2800,9.4900,0.8810,True,True,63.0000,1,64.3100,True,-2.0100,NONE,6.3000,5.0000,6.0000,7.5000,7,7.0000,5.0000,False,False,True,False,False,True,4.1200,6.1800,1.5000,SIDI_INTRADAY_V2,0.6186,-1.0002,0.3335,0.9929,294,XLV,True,14.9517,12.0173,2.6768,1.3912,10.5050,0.1938,0.0513,0.0933,0.3953,0.0580,0.1680,93.9650,1.2640,1573124992.0000,1984999936.0000,0.7925,29586161664,0.8480,6.0100,0.2500,454891786,6.0900,4.4200,6.1700,7.9600,0.0532,D/E:94,1,6.1700,False,True,False,False,False,False,RSI40|MACD|FUND65|ABNORMAL20,False,3-7d,XLV,,UNH|JNJ|LLY,fda_calendar|drug_pricing_policy|patent_cliffs,POST_ANALYSIS_ACTUAL_FILL,LIVE_QUOTE_AT_ANALYSIS,True,1.0000,1.5000,1.0000,-5.0000,7,1.5000,3,SELL_50_PCT_AT_TP1_REST_AT_TP2,MOVE_REMAINDER_TO_BREAK_EVEN,EXIT_AT_OPEN_IF_OPEN_BELOW_SL,SL_FIRST,10,PENDING_ANALYSIS,1.3240,1.3240,1.9860,65.6140,66.2760,61.0755,Indicative levels use the signal close only. Final SL/TP1/TP2 and sizing must be recalculated from the actual post-analysis broker fill.,23,2026-10-28,False,2026-07-29,1.1300,1.0400,9.1000,ALCISTA FUERTE,10,769.6400,7.3400,59.8000,15.3100,SIDI_INTRADAY_V2: Fund≥6.5 · DD60≥12% · RSI<40 · MACD↑ · Vol↓ · SPY20≤+1% · Abnormal20≤-10%,SIDI_INTRADAY_V2,True
STX,Seagate Technology,Information Technology,"Technology Hardware, Storage & Peripherals",2012-07-02,848.9900,822.5600,852.2900,791.7500,848.9900,2026-10-02,2026-10-05,56.2100,59.2800,DOWN,3.2605,9.8320,10.3164,False,0.3897,52.7347,0.8190,6.2110,854.1300,649.7300,880.5100,-0.6000,30.6700,True,10.2377,NEUTRO,-14.5900,-16.2100,993.9900,1013.1800,1143.2700,207.7800,-25.7400,308.6100,3.1570,False,False,800.6800,1,840.0400,False,-5.6900,HAMMER|DOJI,5.7500,8.5000,5.0000,5.0000,4,5.0000,7.0000,False,False,True,False,False,False,12.4200,18.6300,1.5000,SIDI_INTRADAY_V2,0.6186,-16.1659,-1.7669,2.2894,294,XLK,True,64.0935,16.0895,93.2391,16.6121,43.2280,3.7153,0.2935,0.2611,0.4558,0.4850,1.4880,179.8800,1.6700,1943750016.0000,3184000000.0000,0.6105,202584440832,2.0810,2.5700,0.3500,227393014,6.4400,10.0000,6.3400,2.4100,0.0096,FCF/NI:0.61|D/E:180,2,6.1600,False,True,True,False,False,False,RSI40|MACD|VOLUME|FUND65,False,7-15d,XLK,,AAPL|MSFT|NVDA,interest_rates|ai_capex_cycle|semiconductor_cycle,POST_ANALYSIS_ACTUAL_FILL,LIVE_QUOTE_AT_ANALYSIS,True,1.0000,1.5000,1.0000,-5.0000,7,1.5000,3,SELL_50_PCT_AT_TP1_REST_AT_TP2,MOVE_REMAINDER_TO_BREAK_EVEN,EXIT_AT_OPEN_IF_OPEN_BELOW_SL,SL_FIRST,10,PENDING_ANALYSIS,52.7347,52.7347,79.1020,901.7247,928.0920,806.5405,Indicative levels use the signal close only. Final SL/TP1/TP2 and sizing must be recalculated from the actual post-analysis broker fill.,22,2026-10-27,False,2026-07-28,5.7100,5.0900,12.1000,ALCISTA FUERTE,10,769.6400,7.3400,59.8000,15.3100,SIDI_INTRADAY_V2: Fund≥6.5 · DD60≥12% · RSI<40 · MACD↑ · Vol↓ · SPY20≤+1% · Abnormal20≤-10%,SIDI_INTRADAY_V2,True
BR,Broadridge Financial Solutions,Industrials,Data Processing & Outsourced Services,2018-06-18,156.9300,161.1500,161.1500,156.8600,156.9300,2026-10-02,2026-10-05,13.5000,34.1600,DOWN,-0.9943,-0.8702,-1.1177,False,0.0177,3.4779,0.6830,2.2160,167.8500,169.1200,164.8000,-6.5100,-7.2100,False,-3.3005,BAJISTA,-14.8600,-15.5200,184.3100,185.7700,233.4000,133.0100,-32.7600,17.9800,0.7120,True,True,147.1400,1,154.1800,False,-6.2400,NONE,6.7500,5.0000,7.5000,7.5000,5,10.0000,5.0000,False,True,True,True,False,True,4.4300,6.6500,1.5000,SIDI_INTRADAY_V2,0.6186,-13.5592,0.7066,-0.5712,294,XLI,True,16.4234,13.6202,6.3276,2.3807,11.6140,0.4092,0.0930,0.1504,0.3178,0.0750,0.0840,123.9390,1.2360,1194499968.0000,1124300032.0000,1.0624,17800382464,0.9320,2.6100,2.7800,112900032,5.7500,3.2800,6.5200,7.7300,0.0671,D/E:124,1,6.1500,False,True,True,False,False,False,MACD|FUND65,False,3-7d,XLI,,CAT|UNP|HON,pmi_manufacturing|supply_chain|capex_cycle,POST_ANALYSIS_ACTUAL_FILL,LIVE_QUOTE_AT_ANALYSIS,True,1.0000,1.5000,1.0000,-5.0000,7,1.5000,3,SELL_50_PCT_AT_TP1_REST_AT_TP2,MOVE_REMAINDER_TO_BREAK_EVEN,EXIT_AT_OPEN_IF_OPEN_BELOW_SL,SL_FIRST,10,PENDING_ANALYSIS,3.4779,3.4779,5.2168,160.4079,162.1469,149.0835,Indicative levels use the signal close only. Final SL/TP1/TP2 and sizing must be recalculated from the actual post-analysis broker fill.,29,2026-11-03,False,2026-08-04,3.8200,3.7600,1.7000,ALCISTA FUERTE,10,769.6400,7.3400,59.8000,15.3100,SIDI_INTRADAY_V2: Fund≥6.5 · DD60≥12% · RSI<40 · MACD↑ · Vol↓ · SPY20≤+1% · Abnormal20≤-10%,SIDI_INTRADAY_V2,True
EW,Edwards Lifesciences,Health Care,Health Care Equipment,2011-04-01,85.1500,85.5200,86.4800,84.6600,85.1500,2026-10-02,2026-10-05,48.6400,39.2500,UP,-0.1577,-0.1099,0.0198,False,0.2070,2.0450,0.9210,2.4020,88.4800,85.1300,87.1800,-3.7600,0.0200,True,0.2438,NEUTRO,-9.0900,-9.3300,93.6600,93.9100,96.2900,72.3000,-11.5700,17.7700,0.6890,True,True,84.0100,3,93.4300,True,-1.3300,NONE,7.2200,8.5000,6.0000,7.5000,9,6.5000,5.0000,False,False,False,False,False,True,4.8000,7.2000,1.5000,SIDI_INTRADAY_V2,0.6186,-2.5221,0.4388,0.4706,294,XLV,True,51.7619,25.7496,4.7222,7.6883,22.8560,0.0917,0.0837,0.1543,0.7784,0.1360,-0.2540,6.5680,4.5220,1232412544.0000,979900032.0000,1.2577,50071568384,0.8640,3.2000,0.0000,575800000,5.4300,5.0000,7.2000,3.8600,0.0246,OK,0,6.1500,False,True,False,False,False,False,DD12|RSI40|MACD|FUND65|ABNORMAL20,False,7-15d,XLV,,UNH|JNJ|LLY,fda_calendar|drug_pricing_policy|patent_cliffs,POST_ANALYSIS_ACTUAL_FILL,LIVE_QUOTE_AT_ANALYSIS,True,1.0000,1.5000,1.0000,-5.0000,7,1.5000,3,SELL_50_PCT_AT_TP1_REST_AT_TP2,MOVE_REMAINDER_TO_BREAK_EVEN,EXIT_AT_OPEN_IF_OPEN_BELOW_SL,SL_FIRST,10,PENDING_ANALYSIS,2.0450,2.0450,3.0675,87.1950,88.2175,80.8925,Indicative levels use the signal close only. Final SL/TP1/TP2 and sizing must be recalculated from the actual post-analysis broker fill.,30,2026-11-04,False,2026-07-23,0.7800,0.7400,5.1000,ALCISTA FUERTE,10,769.6400,7.3400,59.8000,15.3100,SIDI_INTRADAY_V2: Fund≥6.5 · DD60≥12% · RSI<40 · MACD↑ · Vol↓ · SPY20≤+1% · Abnormal20≤-10%,SIDI_INTRADAY_V2,True
MCHP,Microchip Technology,Information Technology,Semiconductors,2007-09-07,81.3200,81.2500,83.4000,80.8000,81.3200,2026-10-02,2026-10-05,75.4100,60.6600,UP,0.9469,0.8399,0.9692,True,1.0105,2.7571,0.7840,3.3900,75.6000,78.1800,76.2000,7.5700,4.0100,False,2.2650,ALCISTA,-7.6500,-8.5400,88.0600,88.9200,104.7500,47.2800,-22.3700,71.9900,0.9330,True,True,81.1100,1,99.3300,True,-0.2600,HAMMER|HAMMER|DOJI,7.4000,8.5000,7.0000,7.5000,7,7.0000,7.0000,False,False,False,False,True,True,6.7800,10.1700,1.5000,SIDI_INTRADAY_V2,0.6186,6.8315,0.5931,1.0173,294,XLK,True,119.1691,17.6795,6.8211,8.5904,32.7230,0.0719,0.0354,0.0934,0.6019,0.3800,,83.6880,1.9210,1364762496.0000,367200000.0000,3.7167,44002713600,1.7590,4.0700,2.2400,543008691,5.3100,6.8700,4.5600,4.3600,0.0310,D/E:84,1,6.1500,False,True,False,False,False,False,DD12|RSI40|FUND65|ABNORMAL20,False,10-18d,XLK,,AAPL|MSFT|NVDA,interest_rates|ai_capex_cycle|semiconductor_cycle,POST_ANALYSIS_ACTUAL_FILL,LIVE_QUOTE_AT_ANALYSIS,True,1.0000,1.5000,1.0000,-5.0000,7,1.5000,3,SELL_50_PCT_AT_TP1_REST_AT_TP2,MOVE_REMAINDER_TO_BREAK_EVEN,EXIT_AT_OPEN_IF_OPEN_BELOW_SL,SL_FIRST,10,PENDING_ANALYSIS,2.7571,2.7571,4.1357,84.0771,85.4556,77.2540,Indicative levels use the signal close only. Final SL/TP1/TP2 and sizing must be recalculated from the actual post-analysis broker fill.,31,2026-11-05,False,2026-08-06,0.7600,0.7000,8.7000,ALCISTA FUERTE,10,769.6400,7.3400,59.8000,15.3100,SIDI_INTRADAY_V2: Fund≥6.5 · DD60≥12% · RSI<40 · MACD↑ · Vol↓ · SPY20≤+1% · Abnormal20≤-10%,SIDI_INTRADAY_V2,True
WST,West Pharmaceutical Services,Health Care,Health Care Supplies,2020-05-22,364.9800,364.7400,368.8500,363.2600,364.9800,2026-10-02,2026-10-05,58.2100,74.1800,DOWN,-0.1168,0.5344,2.0867,False,0.5735,8.4821,0.9740,2.3240,351.8200,302.0500,363.3600,3.7400,20.8300,True,3.0862,ALCISTA,-3.0900,-5.3800,376.6300,385.7500,385.7500,223.5200,-5.3800,63.2900,0.7410,True,True,349.1800,1,359.4800,False,-4.3300,HAMMER|DOJI,6.5500,10.0000,5.0000,7.5000,4,5.0000,7.0000,False,False,False,False,False,True,4.6500,6.9700,1.5000,SIDI_INTRADAY_V2,0.6186,2.8270,0.3127,0.3273,294,XLV,True,47.9014,37.4744,8.8080,7.9140,28.0270,0.1909,0.1138,0.1698,0.3679,0.1380,0.1810,10.5850,2.8220,277937504.0000,564899968.0000,0.4920,26328274944,1.1250,4.8900,0.2400,70375762,5.8800,7.7300,6.8000,2.6300,0.0106,FCF/NI:0.49,1,6.1500,False,True,False,False,False,False,DD12|RSI40|MACD|FUND65|ABNORMAL20,False,10-18d,XLV,,UNH|JNJ|LLY,fda_calendar|drug_pricing_policy|patent_cliffs,POST_ANALYSIS_ACTUAL_FILL,LIVE_QUOTE_AT_ANALYSIS,True,1.0000,1.5000,1.0000,-5.0000,7,1.5000,3,SELL_50_PCT_AT_TP1_REST_AT_TP2,MOVE_REMAINDER_TO_BREAK_EVEN,EXIT_AT_OPEN_IF_OPEN_BELOW_SL,SL_FIRST,10,PENDING_ANALYSIS,8.4821,8.4821,12.7232,373.4621,377.7031,346.7310,Indicative levels use the signal close only. Final SL/TP1/TP2 and sizing must be recalculated from the actual post-analysis broker fill.,17,2026-10-22,False,2026-07-23,2.3700,2.0800,13.9000,ALCISTA FUERTE,10,769.6400,7.3400,59.8000,15.3100,SIDI_INTRADAY_V2: Fund≥6.5 · DD60≥12% · RSI<40 · MACD↑ · Vol↓ · SPY20≤+1% · Abnormal20≤-10%,SIDI_INTRADAY_V2,True
CSX,CSX Corporation,Industrials,Rail Transportation,1957-03-04,47.4300,46.8800,47.5900,46.7500,47.4300,2026-10-02,2026-10-05,37.7900,29.3600,UP,0.0280,-0.0524,-0.0882,True,0.4491,0.8664,0.8660,1.8270,49.3700,44.0900,47.6300,-3.9200,7.5700,True,2.9257,NEUTRO,-10.6500,-11.2700,53.0800,53.4500,53.4500,33.2000,-11.2700,42.8500,1.0220,True,True,47.8600,2,51.7300,True,0.9200,NONE,7.2000,8.5000,8.5000,7.5000,7,5.0000,5.0000,False,True,False,True,True,True,3.6500,5.4800,1.5000,SIDI_INTRADAY_V2,0.6186,-5.5907,-0.5310,0.8618,294,XLI,True,27.5523,20.8195,6.2339,6.0494,15.5060,0.2436,0.0738,0.2221,0.4707,0.1010,0.2270,138.0680,0.8200,1953250048.0000,3223000064.0000,0.6060,87788781568,1.2030,4.4900,1.1800,1852474917,5.4400,7.3200,4.5300,4.3200,0.0222,FCF/NI:0.61|D/E:138,2,6.1400,False,True,False,False,False,False,DD12|FUND65|ABNORMAL20,False,7-15d,XLI,,CAT|UNP|HON,pmi_manufacturing|supply_chain|capex_cycle,POST_ANALYSIS_ACTUAL_FILL,LIVE_QUOTE_AT_ANALYSIS,True,1.0000,1.5000,1.0000,-5.0000,7,1.5000,3,SELL_50_PCT_AT_TP1_REST_AT_TP2,MOVE_REMAINDER_TO_BREAK_EVEN,EXIT_AT_OPEN_IF_OPEN_BELOW_SL,SL_FIRST,10,PENDING_ANALYSIS,0.8664,0.8664,1.2996,48.2964,48.7296,45.0585,Indicative levels use the signal close only. Final SL/TP1/TP2 and sizing must be recalculated from the actual post-analysis broker fill.,16,2026-10-21,False,2026-07-22,0.5400,0.5200,4.2000,ALCISTA FUERTE,10,769.6400,7.3400,59.8000,15.3100,SIDI_INTRADAY_V2: Fund≥6.5 · DD60≥12% · RSI<40 · MACD↑ · Vol↓ · SPY20≤+1% · Abnormal20≤-10%,SIDI_INTRADAY_V2,True
DDOG,Datadog,Information Technology,Application Software,2025-07-09,277.2200,280.3100,282.0000,274.5750,277.2200,2026-10-02,2026-10-05,89.5700,84.1200,UP,4.7698,5.1526,5.4020,False,0.8727,11.5552,0.8430,4.1680,244.6600,184.8300,252.9400,13.3100,49.9800,True,4.8967,ALCISTA,-3.7900,-5.3000,288.1500,292.7200,292.7200,98.0100,-5.3000,182.8500,0.6240,True,True,237.6700,1,277.7000,False,-14.2700,HAMMER,6.7500,10.0000,6.0000,7.5000,4,5.0000,7.0000,False,False,False,False,False,True,8.3400,12.5000,1.5000,SIDI_INTRADAY_V2,0.6186,11.2048,-0.7275,0.8669,294,XLK,True,558.7500,93.9246,22.9636,25.2895,1156.0750,0.0470,0.0018,0.0448,0.7954,0.3560,14.9850,29.2590,3.2050,1051412352.0000,177584000.0000,5.9206,100316577792,1.5120,2.7700,0.0000,334904614,5.7300,9.0600,5.5900,2.0100,0.0105,OK,0,6.1400,False,True,False,False,False,False,DD12|RSI40|MACD|FUND65|ABNORMAL20,False,10-18d,XLK,,AAPL|MSFT|NVDA,interest_rates|ai_capex_cycle|semiconductor_cycle,POST_ANALYSIS_ACTUAL_FILL,LIVE_QUOTE_AT_ANALYSIS,True,1.0000,1.5000,1.0000,-5.0000,7,1.5000,3,SELL_50_PCT_AT_TP1_REST_AT_TP2,MOVE_REMAINDER_TO_BREAK_EVEN,EXIT_AT_OPEN_IF_OPEN_BELOW_SL,SL_FIRST,10,PENDING_ANALYSIS,11.5552,11.5552,17.3328,288.7752,294.5528,263.3590,Indicative levels use the signal close only. Final SL/TP1/TP2 and sizing must be recalculated from the actual post-analysis broker fill.,31,2026-11-05,False,2026-08-06,0.6500,0.5800,11.4000,ALCISTA FUERTE,10,769.6400,7.3400,59.8000,15.3100,SIDI_INTRADAY_V2: Fund≥6.5 · DD60≥12% · RSI<40 · MACD↑ · Vol↓ · SPY20≤+1% · Abnormal20≤-10%,SIDI_INTRADAY_V2,True
MA,Mastercard,Financials,Transaction & Payment Processing Services,2008-07-18,552.2600,551.3200,554.6800,545.4100,552.2600,2026-10-02,2026-10-05,30.3000,40.0300,DOWN,-2.1070,-2.1331,-1.0935,True,0.0854,8.9221,0.8390,1.6160,570.7000,531.1500,564.2300,-3.2300,3.9800,True,0.4339,NEUTRO,-7.9400,-8.1400,599.8600,601.2300,601.2300,463.7400,-8.1400,19.0900,0.8910,False,False,523.6100,1,556.0200,False,-5.1900,HAMMER|DOJI|HAMMER,6.7000,8.5000,7.5000,5.0000,4,8.0000,7.0000,False,False,False,True,True,False,3.2300,4.8500,1.5000,SIDI_INTRADAY_V2,0.6186,3.9447,-0.4293,1.1773,294,XLF,True,30.9348,24.4256,87.9292,14.0428,22.3780,2.4120,0.2406,0.4634,1.0000,0.1410,0.2210,439.5830,1.0610,16961250304.0000,16257000448.0000,1.0433,492663603200,0.7600,2.7300,0.6300,869464115,5.7600,6.0100,6.8100,4.2500,0.0344,D/E:440,1,6.1400,False,True,False,False,False,False,DD12|VOLUME|FUND65|ABNORMAL20,False,7-15d,XLF,,JPM|BAC|WFC,interest_rates|yield_curve|credit_spreads|loan_growth,POST_ANALYSIS_ACTUAL_FILL,LIVE_QUOTE_AT_ANALYSIS,True,1.0000,1.5000,1.0000,-5.0000,7,1.5000,3,SELL_50_PCT_AT_TP1_REST_AT_TP2,MOVE_REMAINDER_TO_BREAK_EVEN,EXIT_AT_OPEN_IF_OPEN_BELOW_SL,SL_FIRST,10,PENDING_ANALYSIS,8.9221,8.9221,13.3832,561.1821,565.6431,524.6470,Indicative levels use the signal close only. Final SL/TP1/TP2 and sizing must be recalculated from the actual post-analysis broker fill.,24,2026-10-29,False,2026-07-30,5.0400,4.7800,5.5000,ALCISTA FUERTE,10,769.6400,7.3400,59.8000,15.3100,SIDI_INTRADAY_V2: Fund≥6.5 · DD60≥12% · RSI<40 · MACD↑ · Vol↓ · SPY20≤+1% · Abnormal20≤-10%,SIDI_INTRADAY_V2,True
ANET,Arista Networks,Information Technology,Communications Equipment,2018-08-28,207.3500,208.2600,208.6320,204.6600,207.3500,2026-10-02,2026-10-05,81.4100,62.1700,UP,0.1750,0.1031,0.4207,True,0.8081,6.3363,0.6920,3.0560,193.4200,158.9200,200.8700,7.2000,30.4800,True,4.8216,ALCISTA,-1.5000,-3.5100,210.5000,214.8900,214.8900,114.5200,-3.5100,81.0600,0.8670,True,True,186.1100,1,206.1300,False,-10.2400,HAMMER|DOJI|HAMMER,7.2500,10.0000,7.0000,7.5000,4,7.0000,7.0000,False,False,False,False,True,True,6.1100,9.1700,1.5000,SIDI_INTRADAY_V2,0.6186,-1.4494,-0.1027,1.1855,294,XLK,True,65.7366,40.0587,17.7606,24.9336,53.4900,0.3148,0.1412,0.3837,0.6300,0.3770,0.3570,,2.9570,3891512576.0000,4044600064.0000,0.9622,262820298752,1.6050,2.6200,0.0000,1261224648,5.3800,5.9800,6.8300,3.0000,0.0148,OK,0,6.1300,False,True,False,False,False,False,DD12|RSI40|FUND65|ABNORMAL20,False,10-18d,XLK,,AAPL|MSFT|NVDA,interest_rates|ai_capex_cycle|semiconductor_cycle,POST_ANALYSIS_ACTUAL_FILL,LIVE_QUOTE_AT_ANALYSIS,True,1.0000,1.5000,1.0000,-5.0000,7,1.5000,3,SELL_50_PCT_AT_TP1_REST_AT_TP2,MOVE_REMAINDER_TO_BREAK_EVEN,EXIT_AT_OPEN_IF_OPEN_BELOW_SL,SL_FIRST,10,PENDING_ANALYSIS,6.3363,6.3363,9.5044,213.6863,216.8544,196.9825,Indicative levels use the signal close only. Final SL/TP1/TP2 and sizing must be recalculated from the actual post-analysis broker fill.,29,2026-11-03,False,2026-08-04,1.0200,0.8900,15.2000,ALCISTA FUERTE,10,769.6400,7.3400,59.8000,15.3100,SIDI_INTRADAY_V2: Fund≥6.5 · DD60≥12% · RSI<40 · MACD↑ · Vol↓ · SPY20≤+1% · Abnormal20≤-10%,SIDI_INTRADAY_V2,True
DGX,Quest Diagnostics,Health Care,Health Care Services,2002-12-12,233.3300,230.5800,233.4800,228.8300,233.3300,2026-10-02,2026-10-05,44.3200,48.9900,DOWN,-1.2495,-1.4064,-1.2830,True,0.3098,5.8014,1.0370,2.4860,237.7900,205.1600,236.7100,-1.8700,13.7300,True,2.7486,NEUTRO,-5.7100,-6.2300,247.4500,248.8400,248.8400,168.9700,-6.2300,38.0900,0.9660,False,False,232.2800,1,240.1300,True,-0.4500,HAMMER|DOJI|BULL_ENGULF,6.6500,8.5000,6.0000,5.0000,7,5.0000,9.5000,False,False,False,False,True,False,4.9700,7.4600,1.5000,SIDI_INTRADAY_V2,0.6186,-2.2323,-0.3180,0.6855,294,XLV,True,24.4825,19.1248,3.3753,2.2020,14.0840,0.1460,0.0640,0.0919,0.3319,0.1020,0.1500,81.0740,1.5910,909625024.0000,1058000000.0000,0.8598,25454856192,0.5400,3.8600,1.4700,110373360,5.7900,5.9300,5.8200,5.5900,0.0357,D/E:81,1,6.1300,False,True,False,False,False,False,DD12|RSI40|VOLUME|FUND65|ABNORMAL20,False,7-15d,XLV,,UNH|JNJ|LLY,fda_calendar|drug_pricing_policy|patent_cliffs,POST_ANALYSIS_ACTUAL_FILL,LIVE_QUOTE_AT_ANALYSIS,True,1.0000,1.5000,1.0000,-5.0000,7,1.5000,3,SELL_50_PCT_AT_TP1_REST_AT_TP2,MOVE_REMAINDER_TO_BREAK_EVEN,EXIT_AT_OPEN_IF_OPEN_BELOW_SL,SL_FIRST,10,PENDING_ANALYSIS,5.8014,5.8014,8.7021,239.1314,242.0321,221.6635,Indicative levels use the signal close only. Final SL/TP1/TP2 and sizing must be recalculated from the actual post-analysis broker fill.,17,2026-10-22,False,2026-07-23,3.1200,2.8200,10.5000,ALCISTA FUERTE,10,769.6400,7.3400,59.8000,15.3100,SIDI_INTRADAY_V2: Fund≥6.5 · DD60≥12% · RSI<40 · MACD↑ · Vol↓ · SPY20≤+1% · Abnormal20≤-10%,SIDI_INTRADAY_V2,True
WRB,W. R. Berkley Corporation,Financials,Property & Casualty Insurance,2019-12-05,68.9800,68.8300,69.3200,68.3600,68.9800,2026-10-02,2026-10-05,39.5800,34.3400,UP,0.0352,-0.0429,-0.1608,True,0.4959,1.2759,0.8730,1.8500,70.0100,68.3900,68.7000,-1.4700,0.8600,True,-0.3120,NEUTRO,-9.3100,-10.8100,76.0600,77.3400,77.3400,62.2200,-10.8100,10.8700,0.5800,True,True,68.2300,6,71.3200,True,-1.0800,BULL_ENGULF|HAMMER,7.8500,8.0000,8.5000,7.5000,9,5.0000,9.5000,False,True,False,True,True,True,3.7000,5.5500,1.5000,SIDI_INTRADAY_V2,0.6186,7.0530,-0.7998,0.8783,294,XLF,True,14.3645,14.3881,2.8018,1.7434,10.0830,0.2021,0.0356,0.1294,0.4379,0.0120,0.1500,31.5270,0.4060,3045504768.0000,1928020992.0000,1.5796,25969221632,0.2710,7.3600,0.5800,371227529,4.9800,1.7800,6.5200,6.9100,0.1173,OK,0,6.1300,False,True,False,False,False,False,DD12|FUND65|ABNORMAL20,False,7-15d,XLF,,JPM|BAC|WFC,interest_rates|yield_curve|credit_spreads|loan_growth,POST_ANALYSIS_ACTUAL_FILL,LIVE_QUOTE_AT_ANALYSIS,True,1.0000,1.5000,1.0000,-5.0000,7,1.5000,3,SELL_50_PCT_AT_TP1_REST_AT_TP2,MOVE_REMAINDER_TO_BREAK_EVEN,EXIT_AT_OPEN_IF_OPEN_BELOW_SL,SL_FIRST,10,PENDING_ANALYSIS,1.2759,1.2759,1.9139,70.2559,70.8939,65.5310,Indicative levels use the signal close only. Final SL/TP1/TP2 and sizing must be recalculated from the actual post-analysis broker fill.,14,2026-10-19,False,2026-07-20,1.2700,1.0800,17.3000,ALCISTA FUERTE,10,769.6400,7.3400,59.8000,15.3100,SIDI_INTRADAY_V2: Fund≥6.5 · DD60≥12% · RSI<40 · MACD↑ · Vol↓ · SPY20≤+1% · Abnormal20≤-10%,SIDI_INTRADAY_V2,True
AES,AES Corporation,Utilities,Independent Power Producers & Energy Traders,1998-10-02,14.9100,14.9200,14.9400,14.8900,14.9100,2026-10-02,2026-10-05,73.9100,66.6700,UP,0.0049,0.0048,0.0008,True,0.9536,0.0464,0.8970,0.3110,14.7700,14.4400,14.8400,0.9700,3.2200,True,1.0280,ALCISTA,-0.0700,-0.2000,14.9200,14.9400,17.2300,12.7400,-13.4600,17.0000,0.8970,False,False,14.5900,22,,True,-2.1200,NONE,7.0000,10.0000,7.0000,5.0000,9,5.0000,5.0000,False,False,False,False,True,False,0.6200,0.9300,1.5000,SIDI_INTRADAY_V2,0.6186,0.0810,0.0696,0.0155,294,XLU,True,5.5805,6.2856,2.1501,0.8140,12.1890,0.0957,0.0296,0.1434,0.2027,0.1990,,256.8860,0.7460,-3089125120.0000,1911000064.0000,-1.6165,10626049024,0.9540,2.4200,4.7200,713157713,5.5300,7.5000,4.0400,4.9600,-0.2907,FCF/NI:-1.62|D/E:257,2,6.1200,False,True,False,False,False,False,DD12|RSI40|VOLUME|FUND65|ABNORMAL20,False,10-18d,XLU,,NEE|DUK|SO,interest_rates|regulatory_environment,POST_ANALYSIS_ACTUAL_FILL,LIVE_QUOTE_AT_ANALYSIS,True,1.0000,1.5000,1.0000,-5.0000,7,1.5000,3,SELL_50_PCT_AT_TP1_REST_AT_TP2,MOVE_REMAINDER_TO_BREAK_EVEN,EXIT_AT_OPEN_IF_OPEN_BELOW_SL,SL_FIRST,10,PENDING_ANALYSIS,0.0464,0.0464,0.0696,14.9564,14.9796,14.1645,Indicative levels use the signal close only. Final SL/TP1/TP2 and sizing must be recalculated from the actual post-analysis broker fill.,30,2026-11-04,False,2026-08-04,0.4400,0.4700,-6.0000,ALCISTA FUERTE,10,769.6400,7.3400,59.8000,15.3100,SIDI_INTRADAY_V2: Fund≥6.5 · DD60≥12% · RSI<40 · MACD↑ · Vol↓ · SPY20≤+1% · Abnormal20≤-10%,SIDI_INTRADAY_V2,True
BALL,Ball Corporation,Materials,"Metal, Glass & Plastic Containers",1984-10-31,56.3700,56.8700,57.2200,56.3400,56.3700,2026-10-02,2026-10-05,22.3200,20.0200,UP,-0.3015,-0.3597,-0.4144,True,0.1652,1.2657,0.9100,2.2450,61.6400,59.7200,58.7600,-8.5400,-5.6100,True,1.8552,BAJISTA,-15.4600,-16.2800,66.6800,67.3400,67.6200,44.2100,-16.6400,27.5000,0.8890,False,False,56.9100,2,61.9400,True,0.9600,NONE,6.9800,7.0000,9.5000,5.0000,8,6.5000,5.0000,False,False,True,True,True,False,4.4900,6.7400,1.5000,SIDI_INTRADAY_V2,0.6186,-5.7204,-0.0462,0.7042,294,XLB,True,16.2350,12.5996,2.6242,1.0591,10.6090,0.1715,0.0463,0.0661,0.1863,0.1970,0.0920,131.4950,1.0690,379875008.0000,945000000.0000,0.4020,15172058112,0.9610,4.5500,1.4200,266246511,5.5500,6.9400,4.4000,5.2700,0.0250,FCF/NI:0.40|D/E:131,2,6.1200,False,True,False,False,False,False,VOLUME|FUND65|ABNORMAL20,False,5-10d,XLB,,LIN|APD|ECL,commodity_prices|dxy|china_demand|energy_costs,POST_ANALYSIS_ACTUAL_FILL,LIVE_QUOTE_AT_ANALYSIS,True,1.0000,1.5000,1.0000,-5.0000,7,1.5000,3,SELL_50_PCT_AT_TP1_REST_AT_TP2,MOVE_REMAINDER_TO_BREAK_EVEN,EXIT_AT_OPEN_IF_OPEN_BELOW_SL,SL_FIRST,10,PENDING_ANALYSIS,1.2657,1.2657,1.8986,57.6357,58.2685,53.5515,Indicative levels use the signal close only. Final SL/TP1/TP2 and sizing must be recalculated from the actual post-analysis broker fill.,29,2026-11-03,False,2026-08-04,1.0300,0.9900,4.3000,ALCISTA FUERTE,10,769.6400,7.3400,59.8000,15.3100,SIDI_INTRADAY_V2: Fund≥6.5 · DD60≥12% · RSI<40 · MACD↑ · Vol↓ · SPY20≤+1% · Abnormal20≤-10%,SIDI_INTRADAY_V2,True
MAR,Marriott International,Consumer Discretionary,"Hotels, Resorts & Cruise Lines",1998-05-29,358.9600,359.3200,360.6000,356.3600,358.9600,2026-10-02,2026-10-05,70.3800,65.8100,UP,2.5872,2.7402,3.5637,False,0.8444,7.0157,0.8740,1.9540,351.6200,348.2700,349.6100,2.0900,3.0700,True,1.4787,ALCISTA,-6.2100,-6.3900,382.7400,383.4500,410.1500,254.6400,-12.4800,40.9700,0.6290,True,True,362.3700,5,383.1800,True,0.9500,HAMMER|DOJI,7.5000,10.0000,6.0000,7.5000,9,5.0000,7.0000,False,False,False,False,False,True,3.9100,5.8600,1.5000,SIDI_INTRADAY_V2,0.6186,8.9394,-0.1628,0.6502,294,XLY,True,36.8634,27.0640,-20.6029,12.5740,23.0400,,0.0976,0.3503,0.7924,0.1110,0.0430,,0.5350,2060375040.0000,2587000064.0000,0.7964,92858875904,1.1670,4.6800,0.8100,260766288,5.2000,6.5600,5.5500,3.2000,0.0222,OK,0,6.1200,False,True,False,False,False,False,DD12|RSI40|MACD|FUND65|ABNORMAL20,False,10-18d,XLY,,AMZN|TSLA|HD,consumer_spending|employment_data|interest_rates,POST_ANALYSIS_ACTUAL_FILL,LIVE_QUOTE_AT_ANALYSIS,True,1.0000,1.5000,1.0000,-5.0000,7,1.5000,3,SELL_50_PCT_AT_TP1_REST_AT_TP2,MOVE_REMAINDER_TO_BREAK_EVEN,EXIT_AT_OPEN_IF_OPEN_BELOW_SL,SL_FIRST,10,PENDING_ANALYSIS,7.0157,7.0157,10.5236,365.9757,369.4835,341.0120,Indicative levels use the signal close only. Final SL/TP1/TP2 and sizing must be recalculated from the actual post-analysis broker fill.,29,2026-11-03,False,2026-08-03,3.1900,3.0800,3.6000,ALCISTA FUERTE,10,769.6400,7.3400,59.8000,15.3100,SIDI_INTRADAY_V2: Fund≥6.5 · DD60≥12% · RSI<40 · MACD↑ · Vol↓ · SPY20≤+1% · Abnormal20≤-10%,SIDI_INTRADAY_V2,True
RMD,ResMed|,Health Care,Health Care Equipment,2017-07-26,218.8900,221.6600,223.7300,218.0300,218.8900,2026-10-02,2026-10-05,39.7400,39.3800,UP,-0.7778,-0.7033,-0.7762,False,0.1920,4.9964,0.7410,2.2830,223.0300,224.6900,223.1500,-1.8600,-2.5800,False,-1.1276,BAJISTA,-8.9200,-9.7000,240.3300,242.4000,281.8900,179.7500,-22.3500,21.7700,0.7330,True,True,215.8000,1,221.7900,True,-1.4100,HAMMER|DOJI,7.1800,5.0000,7.5000,7.5000,8,8.5000,7.0000,False,False,False,True,False,True,4.5700,6.8500,1.5000,SIDI_INTRADAY_V2,0.6186,1.4978,0.1827,0.9091,294,XLV,True,21.3677,16.8453,4.8814,5.5442,14.7590,0.2427,0.1400,0.2695,0.6162,0.0860,0.0240,12.5420,3.1000,939248256.0000,1523293056.0000,0.6166,31343566848,0.7500,10.5800,1.2100,140639243,5.4200,3.0800,7.9700,5.1800,0.0300,FCF/NI:0.62,1,6.1200,False,True,False,False,False,False,DD12|MACD|FUND65|ABNORMAL20,False,3-7d,XLV,,UNH|JNJ|LLY,fda_calendar|drug_pricing_policy|patent_cliffs,POST_ANALYSIS_ACTUAL_FILL,LIVE_QUOTE_AT_ANALYSIS,True,1.0000,1.5000,1.0000,-5.0000,7,1.5000,3,SELL_50_PCT_AT_TP1_REST_AT_TP2,MOVE_REMAINDER_TO_BREAK_EVEN,EXIT_AT_OPEN_IF_OPEN_BELOW_SL,SL_FIRST,10,PENDING_ANALYSIS,4.9964,4.9964,7.4946,223.8864,226.3846,207.9455,Indicative levels use the signal close only. Final SL/TP1/TP2 and sizing must be recalculated from the actual post-analysis broker fill.,24,2026-10-29,False,2026-08-06,2.9500,2.8900,2.0000,ALCISTA FUERTE,10,769.6400,7.3400,59.8000,15.3100,SIDI_INTRADAY_V2: Fund≥6.5 · DD60≥12% · RSI<40 · MACD↑ · Vol↓ · SPY20≤+1% · Abnormal20≤-10%,SIDI_INTRADAY_V2,True
SWK,Stanley Black & Decker,Industrials,Industrial Machinery & Supplies & Components,1982-09-30,91.3400,91.3100,92.2200,90.4600,91.3400,2026-10-02,2026-10-05,58.4300,34.4800,UP,0.1914,0.0258,-0.0196,True,0.6197,2.6079,0.8950,2.8550,94.8300,82.4400,90.9900,-3.6800,10.8000,True,2.8163,NEUTRO,-11.4100,-11.9800,103.1000,103.7800,103.7800,59.3500,-11.9800,53.8900,1.1630,False,False,87.2500,1,91.7000,False,-4.4800,BULL_ENGULF|HAMMER|DOJI,6.4000,8.5000,7.0000,5.0000,4,5.0000,9.5000,False,False,False,False,True,False,5.7100,8.5700,1.5000,SIDI_INTRADAY_V2,0.6186,-5.0400,0.4080,1.1882,294,XLI,True,21.9633,14.0805,1.5142,0.8897,10.2810,0.0689,0.0380,0.0407,0.3221,0.0040,2.4780,58.1720,1.4320,1419049984.0000,620499968.0000,2.2869,13565825024,1.1700,4.5500,3.6800,151016641,5.9400,5.0000,4.8800,8.2800,0.1046,OK,0,6.1200,False,True,False,False,False,False,DD12|RSI40|VOLUME|FUND65|ABNORMAL20,False,7-15d,XLI,,CAT|UNP|HON,pmi_manufacturing|supply_chain|capex_cycle,POST_ANALYSIS_ACTUAL_FILL,LIVE_QUOTE_AT_ANALYSIS,True,1.0000,1.5000,1.0000,-5.0000,7,1.5000,3,SELL_50_PCT_AT_TP1_REST_AT_TP2,MOVE_REMAINDER_TO_BREAK_EVEN,EXIT_AT_OPEN_IF_OPEN_BELOW_SL,SL_FIRST,10,PENDING_ANALYSIS,2.6079,2.6079,3.9118,93.9479,95.2519,86.7730,Indicative levels use the signal close only. Final SL/TP1/TP2 and sizing must be recalculated from the actual post-analysis broker fill.,30,2026-11-04,False,2026-07-29,1.5700,1.2100,29.9000,ALCISTA FUERTE,10,769.6400,7.3400,59.8000,15.3100,SIDI_INTRADAY_V2: Fund≥6.5 · DD60≥12% · RSI<40 · MACD↑ · Vol↓ · SPY20≤+1% · Abnormal20≤-10%,SIDI_INTRADAY_V2,True
FOXA,Fox Corporation (Class A),Communication Services,Broadcasting,2019-03-19,62.2800,61.3000,62.4800,60.5300,62.2800,2026-10-02,2026-10-05,16.2900,40.5000,DOWN,-0.4759,-0.5468,-0.5470,True,0.1967,1.5011,0.8310,2.4100,64.1600,62.8200,63.9900,-2.9300,-0.8600,True,-0.3486,BAJISTA,-11.0500,-11.8300,70.0200,70.6400,75.6800,48.1300,-17.7100,29.4100,0.9500,True,True,62.8700,2,64.3700,True,0.9400,NONE,7.1700,6.5000,8.5000,7.5000,8,6.5000,5.0000,False,True,False,True,True,True,4.8200,7.2300,1.5000,SIDI_INTRADAY_V2,0.6186,-11.6059,-0.6516,0.8220,294,XLC,True,16.1979,10.6369,2.2444,1.5315,7.6470,0.1429,0.0950,0.0984,0.3663,0.2810,0.0310,64.0600,3.1690,555374976.0000,1684999936.0000,0.3296,26228101120,0.6130,8.9700,0.9300,201424858,5.4000,6.2500,5.3000,4.5100,0.0212,FCF/NI:0.33,1,6.1100,False,True,True,False,False,False,DD12|FUND65,False,5-10d,XLC,,GOOGL|META|NFLX,ad_spending_cycle|streaming_competition|regulation,POST_ANALYSIS_ACTUAL_FILL,LIVE_QUOTE_AT_ANALYSIS,True,1.0000,1.5000,1.0000,-5.0000,7,1.5000,3,SELL_50_PCT_AT_TP1_REST_AT_TP2,MOVE_REMAINDER_TO_BREAK_EVEN,EXIT_AT_OPEN_IF_OPEN_BELOW_SL,SL_FIRST,10,PENDING_ANALYSIS,1.5011,1.5011,2.2517,63.7811,64.5316,59.1660,Indicative levels use the signal close only. Final SL/TP1/TP2 and sizing must be recalculated from the actual post-analysis broker fill.,24,2026-10-29,False,2026-08-06,1.7900,1.3800,29.3000,ALCISTA FUERTE,10,769.6400,7.3400,59.8000,15.3100,SIDI_INTRADAY_V2: Fund≥6.5 · DD60≥12% · RSI<40 · MACD↑ · Vol↓ · SPY20≤+1% · Abnormal20≤-10%,SIDI_INTRADAY_V2,True
GPN,Global Payments,Financials,Transaction & Payment Processing Services,2016-04-25,78.3800,80.3000,80.5000,77.9200,78.3800,2026-10-02,2026-10-05,15.7700,33.9900,DOWN,-0.8680,-0.7268,-0.5316,False,-0.0519,2.3950,0.8250,3.0560,87.8600,76.0500,84.9500,-10.7900,3.0700,True,1.3358,NEUTRO,-17.1100,-18.0200,94.5600,95.6100,95.6100,60.7500,-18.0200,29.0100,1.0100,True,True,77.0300,1,79.1000,True,-1.7200,NONE,7.4500,8.5000,7.5000,7.5000,7,8.0000,5.0000,False,False,True,True,False,True,6.1100,9.1700,1.5000,SIDI_INTRADAY_V2,0.6186,-2.3157,0.3496,1.4669,294,XLF,True,37.6995,5.0155,0.9236,2.0818,8.8680,0.0243,0.0233,-0.0915,0.6396,0.6860,-0.9520,98.2730,0.8250,7867763200.0000,494190016.0000,15.9205,21248856064,0.8050,6.5900,1.2800,264618390,5.2200,5.0000,3.9900,6.9300,0.3703,OK,0,6.1100,False,True,False,False,False,False,MACD|FUND65|ABNORMAL20,False,7-15d,XLF,,JPM|BAC|WFC,interest_rates|yield_curve|credit_spreads|loan_growth,POST_ANALYSIS_ACTUAL_FILL,LIVE_QUOTE_AT_ANALYSIS,True,1.0000,1.5000,1.0000,-5.0000,7,1.5000,3,SELL_50_PCT_AT_TP1_REST_AT_TP2,MOVE_REMAINDER_TO_BREAK_EVEN,EXIT_AT_OPEN_IF_OPEN_BELOW_SL,SL_FIRST,10,PENDING_ANALYSIS,2.3950,2.3950,3.5925,80.7750,81.9725,74.4610,Indicative levels use the signal close only. Final SL/TP1/TP2 and sizing must be recalculated from the actual post-analysis broker fill.,29,2026-11-03,False,2026-08-05,3.4600,3.4400,63.0000,ALCISTA FUERTE,10,769.6400,7.3400,59.8000,15.3100,SIDI_INTRADAY_V2: Fund≥6.5 · DD60≥12% · RSI<40 · MACD↑ · Vol↓ · SPY20≤+1% · Abnormal20≤-10%,SIDI_INTRADAY_V2,True
TMUS,T-Mobile US,Communication Services,Wireless Telecommunication Services,2019-07-15,163.6400,161.6000,164.5700,160.8100,163.6400,2026-10-02,2026-10-05,22.8300,28.8500,DOWN,-0.6359,-0.8914,-1.1138,True,0.2747,4.6879,0.8420,2.8650,175.8600,189.4300,169.1900,-6.9500,-13.6200,False,-1.6411,BAJISTA,-15.8700,-17.2400,194.5200,197.7200,228.4300,160.8100,-28.3600,1.7600,0.6500,True,True,164.7100,1,188.3600,True,0.6500,BULL_ENGULF,6.9800,5.0000,8.5000,7.5000,7,6.5000,7.5000,True,True,True,True,True,True,5.7300,8.5900,1.5000,SIDI_INTRADAY_V2,0.6186,-12.1980,-1.0664,1.1410,294,XLC,True,17.1860,11.4564,3.1419,1.9137,8.5290,0.1799,0.0597,0.1145,0.6305,0.0790,0.0530,214.0350,0.9240,11335999488.0000,10560000000.0000,1.0735,176422305792,0.3170,4.5500,2.8600,1072671613,5.5300,4.1900,5.6100,7.0000,0.0643,D/E:214,1,6.1100,False,True,True,True,False,False,FUND65,False,5-10d,XLC,,GOOGL|META|NFLX,ad_spending_cycle|streaming_competition|regulation,POST_ANALYSIS_ACTUAL_FILL,LIVE_QUOTE_AT_ANALYSIS,True,1.0000,1.5000,1.0000,-5.0000,7,1.5000,3,SELL_50_PCT_AT_TP1_REST_AT_TP2,MOVE_REMAINDER_TO_BREAK_EVEN,EXIT_AT_OPEN_IF_OPEN_BELOW_SL,SL_FIRST,10,PENDING_ANALYSIS,4.6879,4.6879,7.0319,168.3279,170.6718,155.4580,Indicative levels use the signal close only. Final SL/TP1/TP2 and sizing must be recalculated from the actual post-analysis broker fill.,23,2026-10-28,False,2026-07-23,2.9900,2.6000,14.9000,ALCISTA FUERTE,10,769.6400,7.3400,59.8000,15.3100,SIDI_INTRADAY_V2: Fund≥6.5 · DD60≥12% · RSI<40 · MACD↑ · Vol↓ · SPY20≤+1% · Abnormal20≤-10%,SIDI_INTRADAY_V2,True
MRVL,Marvell Technology,Information Technology,Semiconductors,2026-06-22,272.2900,278.0000,280.0000,271.5900,272.2900,2026-10-02,2026-10-05,83.2600,70.0200,UP,2.1777,2.1492,2.4298,True,0.8668,11.7664,0.7220,4.3210,226.7300,166.8700,250.0600,20.1000,63.1800,True,10.5007,ALCISTA,0.0000,-2.7500,272.2900,280.0000,329.8000,70.6400,-17.4400,285.4800,0.8960,True,True,200.6200,1,299.9300,False,-26.3200,HAMMER|DOJI|HAMMER,7.2500,10.0000,7.0000,7.5000,4,7.0000,7.0000,False,False,False,False,True,True,8.6400,12.9600,1.5000,SIDI_INTRADAY_V2,0.6186,1.0734,-1.1957,2.6983,294,XLK,True,89.5477,40.3335,12.8803,25.8881,84.2450,0.1652,0.0413,0.2793,0.5222,0.3650,0.5000,28.5250,3.1680,2408049920.0000,2639899904.0000,0.9122,244649869312,2.2600,1.3100,0.0900,876926613,5.3300,6.6800,6.4100,2.5100,0.0098,OK,0,6.1000,False,True,False,False,False,False,DD12|RSI40|FUND65|ABNORMAL20,False,10-18d,XLK,,AAPL|MSFT|NVDA,interest_rates|ai_capex_cycle|semiconductor_cycle,POST_ANALYSIS_ACTUAL_FILL,LIVE_QUOTE_AT_ANALYSIS,True,1.0000,1.5000,1.0000,-5.0000,7,1.5000,3,SELL_50_PCT_AT_TP1_REST_AT_TP2,MOVE_REMAINDER_TO_BREAK_EVEN,EXIT_AT_OPEN_IF_OPEN_BELOW_SL,SL_FIRST,10,PENDING_ANALYSIS,11.7664,11.7664,17.6496,284.0564,289.9396,258.6755,Indicative levels use the signal close only. Final SL/TP1/TP2 and sizing must be recalculated from the actual post-analysis broker fill.,57,2026-12-01,False,2026-08-27,0.9400,0.9300,99.0000,ALCISTA FUERTE,10,769.6400,7.3400,59.8000,15.3100,SIDI_INTRADAY_V2: Fund≥6.5 · DD60≥12% · RSI<40 · MACD↑ · Vol↓ · SPY20≤+1% · Abnormal20≤-10%,SIDI_INTRADAY_V2,True
PGR,Progressive Corporation,Financials,Property & Casualty Insurance,1997-08-04,210.3100,209.8600,211.9700,207.6800,210.3100,2026-10-02,2026-10-05,35.0100,29.5800,UP,-0.1810,-0.4182,-0.9352,True,0.4051,4.5731,0.8770,2.1740,214.2600,208.2200,211.5000,-1.8400,1.0000,True,-0.0402,NEUTRO,-10.2600,-10.4600,234.3700,234.8900,239.2600,187.6900,-12.1000,12.0500,0.9590,False,False,212.5300,1,224.3200,True,1.0500,HAMMER,6.8000,8.0000,8.5000,5.0000,7,5.0000,7.0000,False,False,False,True,True,False,4.3500,6.5200,1.5000,SIDI_INTRADAY_V2,0.6186,0.3770,-1.1207,0.9660,294,XLF,True,10.5644,12.9737,3.5648,1.3433,8.3450,0.3494,0.0784,0.1285,0.1852,0.0730,0.0500,24.4280,0.2930,15114500096.0000,11694999552.0000,1.2924,122264158208,0.2350,2.9900,0.1900,580400000,5.6400,1.6500,8.2400,7.2600,0.1236,OK,0,6.1000,False,True,False,False,False,False,DD12|VOLUME|FUND65|ABNORMAL20,False,7-15d,XLF,,JPM|BAC|WFC,interest_rates|yield_curve|credit_spreads|loan_growth,POST_ANALYSIS_ACTUAL_FILL,LIVE_QUOTE_AT_ANALYSIS,True,1.0000,1.5000,1.0000,-5.0000,7,1.5000,3,SELL_50_PCT_AT_TP1_REST_AT_TP2,MOVE_REMAINDER_TO_BREAK_EVEN,EXIT_AT_OPEN_IF_OPEN_BELOW_SL,SL_FIRST,10,PENDING_ANALYSIS,4.5731,4.5731,6.8597,214.8831,217.1696,199.7945,Indicative levels use the signal close only. Final SL/TP1/TP2 and sizing must be recalculated from the actual post-analysis broker fill.,9,2026-10-14,False,2026-07-15,4.8500,4.8400,33.0000,ALCISTA FUERTE,10,769.6400,7.3400,59.8000,15.3100,SIDI_INTRADAY_V2: Fund≥6.5 · DD60≥12% · RSI<40 · MACD↑ · Vol↓ · SPY20≤+1% · Abnormal20≤-10%,SIDI_INTRADAY_V2,True
UHS,Universal Health Services,Health Care,Health Care Facilities,2014-09-20,175.7200,175.4600,176.7300,173.5000,175.7200,2026-10-02,2026-10-05,53.7000,61.4500,DOWN,-0.6495,-0.6515,-0.3308,True,0.4649,5.3293,0.9420,3.0330,172.5000,180.4100,175.6700,1.8700,-2.6000,False,-2.9147,BAJISTA,-3.1300,-5.5600,181.3900,186.0600,245.2600,139.9200,-28.3500,25.5900,0.7530,True,True,165.5700,2,175.1900,False,-5.7800,HAMMER|DOJI,6.2000,6.5000,6.0000,7.5000,5,5.0000,7.0000,False,False,False,False,True,True,6.0700,9.1000,1.5000,SIDI_INTRADAY_V2,0.6186,10.1623,0.0085,0.6937,294,XLV,True,7.2524,7.4100,1.3949,0.5786,5.7860,0.2095,0.0832,0.0842,0.4461,0.0830,0.1010,68.7400,1.1160,498316992.0000,1526027008.0000,0.3265,10480680960,1.0290,4.1900,0.4600,51687770,6.0400,4.2600,5.2500,9.0400,0.0475,FCF/NI:0.33,1,6.1000,False,True,False,False,False,False,DD12|RSI40|FUND65|ABNORMAL20,False,3-7d,XLV,,UNH|JNJ|LLY,fda_calendar|drug_pricing_policy|patent_cliffs,POST_ANALYSIS_ACTUAL_FILL,LIVE_QUOTE_AT_ANALYSIS,True,1.0000,1.5000,1.0000,-5.0000,7,1.5000,3,SELL_50_PCT_AT_TP1_REST_AT_TP2,MOVE_REMAINDER_TO_BREAK_EVEN,EXIT_AT_OPEN_IF_OPEN_BELOW_SL,SL_FIRST,10,PENDING_ANALYSIS,5.3293,5.3293,7.9939,181.0493,183.7140,166.9340,Indicative levels use the signal close only. Final SL/TP1/TP2 and sizing must be recalculated from the actual post-analysis broker fill.,21,2026-10-26,False,2026-07-27,5.9800,6.0100,-45.0000,ALCISTA FUERTE,10,769.6400,7.3400,59.8000,15.3100,SIDI_INTRADAY_V2: Fund≥6.5 · DD60≥12% · RSI<40 · MACD↑ · Vol↓ · SPY20≤+1% · Abnormal20≤-10%,SIDI_INTRADAY_V2,True
AME,Ametek,Industrials,Electrical Components & Equipment,2013-09-23,251.9300,252.4100,253.7200,250.1300,251.9300,2026-10-02,2026-10-05,80.0100,66.1700,UP,1.3470,1.3918,1.9699,False,0.8505,4.8564,0.9180,1.9280,243.5800,229.6500,244.7000,3.4300,9.7000,True,2.0497,ALCISTA,-2.4100,-3.3900,258.1400,260.7800,260.7800,178.1500,-3.3900,41.4100,1.0670,False,False,233.6500,1,260.7800,False,-7.2600,HAMMER|HAMMER,6.2500,10.0000,6.0000,5.0000,4,5.0000,7.0000,False,False,False,False,False,False,3.8600,5.7800,1.5000,SIDI_INTRADAY_V2,0.6186,9.7039,-0.0762,1.1359,294,XLI,True,37.0921,26.3913,5.1653,7.3947,23.8230,0.1456,0.0816,0.2004,0.3691,0.1500,0.1420,20.5220,1.2140,1492221312.0000,1576269952.0000,0.9467,58151096320,0.9620,2.0900,0.5400,229203002,5.9800,6.9800,6.3700,4.3800,0.0257,OK,0,6.0900,False,True,False,False,False,False,DD12|RSI40|MACD|VOLUME|FUND65|ABNORMAL20,False,10-18d,XLI,,CAT|UNP|HON,pmi_manufacturing|supply_chain|capex_cycle,POST_ANALYSIS_ACTUAL_FILL,LIVE_QUOTE_AT_ANALYSIS,True,1.0000,1.5000,1.0000,-5.0000,7,1.5000,3,SELL_50_PCT_AT_TP1_REST_AT_TP2,MOVE_REMAINDER_TO_BREAK_EVEN,EXIT_AT_OPEN_IF_OPEN_BELOW_SL,SL_FIRST,10,PENDING_ANALYSIS,4.8564,4.8564,7.2846,256.7864,259.2146,239.3335,Indicative levels use the signal close only. Final SL/TP1/TP2 and sizing must be recalculated from the actual post-analysis broker fill.,24,2026-10-29,False,2026-08-04,2.0900,1.9900,4.8000,ALCISTA FUERTE,10,769.6400,7.3400,59.8000,15.3100,SIDI_INTRADAY_V2: Fund≥6.5 · DD60≥12% · RSI<40 · MACD↑ · Vol↓ · SPY20≤+1% · Abnormal20≤-10%,SIDI_INTRADAY_V2,True
SHW,Sherwin-Williams,Materials,Specialty Chemicals,1964-06-30,319.5100,324.9900,326.3100,318.8500,319.5100,2026-10-02,2026-10-05,44.4600,45.5100,DOWN,0.3860,0.7303,1.5289,False,0.2435,8.0929,0.9270,2.5330,338.6800,331.9300,326.8500,-5.6600,-3.7400,True,-0.1944,BAJISTA,-13.3800,-13.9500,368.8800,371.3000,375.0900,289.1900,-14.8200,10.4800,0.9110,True,True,314.8800,3,327.3800,True,-1.4500,HAMMER|DOJI,6.9800,6.5000,5.0000,7.5000,10,6.5000,7.0000,False,False,True,False,False,True,5.0700,7.6000,1.5000,SIDI_INTRADAY_V2,0.6186,4.4701,0.3164,1.0135,294,XLB,True,29.3226,23.4378,19.9180,3.1640,19.5040,0.6512,0.0952,0.1101,0.4898,0.0750,0.1430,389.9580,0.7270,2506037504.0000,2688199936.0000,0.9322,77233504256,1.0830,4.1000,1.0000,242758151,5.4900,4.9800,6.7500,4.6100,0.0324,D/E:390,1,6.0900,False,True,False,False,False,False,RSI40|MACD|FUND65|ABNORMAL20,False,3-7d,XLB,,LIN|APD|ECL,commodity_prices|dxy|china_demand|energy_costs,POST_ANALYSIS_ACTUAL_FILL,LIVE_QUOTE_AT_ANALYSIS,True,1.0000,1.5000,1.0000,-5.0000,7,1.5000,3,SELL_50_PCT_AT_TP1_REST_AT_TP2,MOVE_REMAINDER_TO_BREAK_EVEN,EXIT_AT_OPEN_IF_OPEN_BELOW_SL,SL_FIRST,10,PENDING_ANALYSIS,8.0929,8.0929,12.1394,327.6029,331.6493,303.5345,Indicative levels use the signal close only. Final SL/TP1/TP2 and sizing must be recalculated from the actual post-analysis broker fill.,22,2026-10-27,False,2026-07-28,3.7000,3.5200,5.1000,ALCISTA FUERTE,10,769.6400,7.3400,59.8000,15.3100,SIDI_INTRADAY_V2: Fund≥6.5 · DD60≥12% · RSI<40 · MACD↑ · Vol↓ · SPY20≤+1% · Abnormal20≤-10%,SIDI_INTRADAY_V2,True
ZBRA,Zebra Technologies,Information Technology,Electronic Equipment & Instruments,2019-12-23,375.8600,381.5000,383.1800,375.7700,375.8600,2026-10-02,2026-10-05,68.5500,54.5500,UP,1.4332,1.5786,1.7082,False,0.8365,10.0871,0.8380,2.6840,350.8800,267.1800,362.7900,7.1200,40.6800,True,4.1248,ALCISTA,-1.8800,-2.6800,383.0600,386.2300,386.2300,199.0500,-2.6800,88.8300,0.6020,True,True,350.3600,1,386.2300,False,-6.7800,NONE,6.5500,10.0000,6.0000,7.5000,4,5.0000,5.0000,False,False,False,False,False,True,5.3700,8.0500,1.5000,SIDI_INTRADAY_V2,0.6186,-0.3835,1.7068,0.0202,294,XLK,True,34.3529,16.8612,5.1706,3.0533,17.3880,0.1529,0.0732,0.0922,0.4958,0.2040,1.2150,86.2300,0.5160,576750016.0000,539000000.0000,1.0700,17852518400,1.5840,3.3200,0.0000,47633392,5.7900,7.1200,4.6800,5.5600,0.0323,D/E:86,1,6.0900,False,True,False,False,False,False,DD12|RSI40|MACD|FUND65|ABNORMAL20,False,10-18d,XLK,,AAPL|MSFT|NVDA,interest_rates|ai_capex_cycle|semiconductor_cycle,POST_ANALYSIS_ACTUAL_FILL,LIVE_QUOTE_AT_ANALYSIS,True,1.0000,1.5000,1.0000,-5.0000,7,1.5000,3,SELL_50_PCT_AT_TP1_REST_AT_TP2,MOVE_REMAINDER_TO_BREAK_EVEN,EXIT_AT_OPEN_IF_OPEN_BELOW_SL,SL_FIRST,10,PENDING_ANALYSIS,10.0871,10.0871,15.1306,385.9471,390.9907,357.0670,Indicative levels use the signal close only. Final SL/TP1/TP2 and sizing must be recalculated from the actual post-analysis broker fill.,29,2026-11-03,False,2026-08-04,6.3500,4.3800,45.1000,ALCISTA FUERTE,10,769.6400,7.3400,59.8000,15.3100,SIDI_INTRADAY_V2: Fund≥6.5 · DD60≥12% · RSI<40 · MACD↑ · Vol↓ · SPY20≤+1% · Abnormal20≤-10%,SIDI_INTRADAY_V2,True
BRO,Brown & Brown,Financials,Insurance Brokers,2021-09-20,59.9100,61.3600,62.0600,59.8200,59.9100,2026-10-02,2026-10-05,16.2100,16.5800,DOWN,-0.2755,-0.3108,-0.6392,True,0.1818,1.6621,0.8000,2.7740,68.6000,67.6700,63.8200,-12.6700,-11.4700,True,-2.1725,BAJISTA,-19.8000,-20.6000,74.7000,75.4600,95.6300,53.6900,-37.3500,11.5900,1.0710,False,False,57.9200,1,59.5700,True,-3.3300,NONE,6.5200,6.5000,8.5000,5.0000,7,6.5000,5.0000,False,False,True,True,True,False,5.5500,8.3200,1.5000,SIDI_INTRADAY_V2,0.6186,-5.3199,-1.2177,1.5632,294,XLF,True,19.0773,12.5643,1.5860,3.0370,9.4120,0.1002,0.0538,0.1808,0.5628,0.3240,0.0710,63.9750,1.1270,1642749952.0000,1191000064.0000,1.3793,20235560960,0.5930,8.1600,1.1000,334610357,5.7900,5.5800,5.0500,6.9000,0.0812,OK,0,6.0800,False,True,False,False,False,False,VOLUME|FUND65|ABNORMAL20,False,5-10d,XLF,,JPM|BAC|WFC,interest_rates|yield_curve|credit_spreads|loan_growth,POST_ANALYSIS_ACTUAL_FILL,LIVE_QUOTE_AT_ANALYSIS,True,1.0000,1.5000,1.0000,-5.0000,7,1.5000,3,SELL_50_PCT_AT_TP1_REST_AT_TP2,MOVE_REMAINDER_TO_BREAK_EVEN,EXIT_AT_OPEN_IF_OPEN_BELOW_SL,SL_FIRST,10,PENDING_ANALYSIS,1.6621,1.6621,2.4931,61.5721,62.4031,56.9145,Indicative levels use the signal close only. Final SL/TP1/TP2 and sizing must be recalculated from the actual post-analysis broker fill.,21,2026-10-26,False,2026-07-27,1.0700,1.0700,-39.0000,ALCISTA FUERTE,10,769.6400,7.3400,59.8000,15.3100,SIDI_INTRADAY_V2: Fund≥6.5 · DD60≥12% · RSI<40 · MACD↑ · Vol↓ · SPY20≤+1% · Abnormal20≤-10%,SIDI_INTRADAY_V2,True
DHR,Danaher Corporation,Health Care,Life Sciences Tools & Services,1998-11-18,214.0600,213.4000,216.0600,211.9800,214.0600,2026-10-02,2026-10-05,62.4400,73.8700,DOWN,-0.3372,0.1899,1.6435,False,0.5234,6.0513,0.9450,2.8270,208.4500,200.8100,215.4300,2.6900,6.6000,True,-0.5714,ALCISTA,-5.6700,-6.1000,226.9300,227.9800,241.3500,160.3100,-11.3100,33.5300,0.8910,True,True,199.2000,3,220.2800,False,-6.9400,HAMMER,6.7500,9.5000,5.0000,7.5000,6,5.0000,7.0000,False,False,False,False,False,True,5.6500,8.4800,1.5000,SIDI_INTRADAY_V2,0.6186,5.1777,0.0555,0.8818,294,XLV,True,38.9242,23.4751,2.9191,6.1141,21.6740,0.0761,0.0395,0.1595,0.5875,0.0550,0.5970,52.9700,1.6510,4325125120.0000,3990000128.0000,1.0840,153507545088,0.7970,2.5600,0.7500,702986054,5.6300,6.7900,5.3900,4.5500,0.0282,OK,0,6.0800,False,True,False,False,False,False,DD12|RSI40|MACD|FUND65|ABNORMAL20,False,10-18d,XLV,,UNH|JNJ|LLY,fda_calendar|drug_pricing_policy|patent_cliffs,POST_ANALYSIS_ACTUAL_FILL,LIVE_QUOTE_AT_ANALYSIS,True,1.0000,1.5000,1.0000,-5.0000,7,1.5000,3,SELL_50_PCT_AT_TP1_REST_AT_TP2,MOVE_REMAINDER_TO_BREAK_EVEN,EXIT_AT_OPEN_IF_OPEN_BELOW_SL,SL_FIRST,10,PENDING_ANALYSIS,6.0513,6.0513,9.0770,220.1113,223.1370,203.3570,Indicative levels use the signal close only. Final SL/TP1/TP2 and sizing must be recalculated from the actual post-analysis broker fill.,16,2026-10-21,False,2026-07-21,1.9400,1.8400,5.3000,ALCISTA FUERTE,10,769.6400,7.3400,59.8000,15.3100,SIDI_INTRADAY_V2: Fund≥6.5 · DD60≥12% · RSI<40 · MACD↑ · Vol↓ · SPY20≤+1% · Abnormal20≤-10%,SIDI_INTRADAY_V2,True
MSCI,MSCI,Financials,Financial Exchanges & Data,2018-04-04,535.9500,546.4800,549.8900,535.9500,535.9500,2026-10-02,2026-10-05,39.2400,38.3700,UP,-0.8152,-0.4780,-0.4543,False,0.0933,11.0564,0.7270,2.0630,559.9500,569.6000,549.8400,-4.2900,-5.9100,False,0.0679,BAJISTA,-15.5900,-16.5800,634.9700,642.4700,642.4700,495.5400,-16.5800,8.1500,0.8310,True,True,544.9800,5,564.1800,True,1.6800,HAMMER|DOJI,7.8000,5.5000,7.5000,7.5000,10,10.0000,7.0000,False,False,True,True,False,True,4.1300,6.1900,1.5000,SIDI_INTRADAY_V2,0.6186,3.2364,-0.3248,1.0326,294,XLF,True,29.9730,24.3866,-14.8269,11.9614,23.0110,,0.2113,0.4073,0.8297,0.1220,0.1960,,0.8940,1194705920.0000,1358004992.0000,0.8798,39876313088,1.2370,2.6900,1.5300,72700000,4.9300,5.1400,5.6600,3.8300,0.0300,OK,0,6.0800,False,True,False,False,False,False,MACD|FUND65|ABNORMAL20,False,3-7d,XLF,,JPM|BAC|WFC,interest_rates|yield_curve|credit_spreads|loan_growth,POST_ANALYSIS_ACTUAL_FILL,LIVE_QUOTE_AT_ANALYSIS,True,1.0000,1.5000,1.0000,-5.0000,7,1.5000,3,SELL_50_PCT_AT_TP1_REST_AT_TP2,MOVE_REMAINDER_TO_BREAK_EVEN,EXIT_AT_OPEN_IF_OPEN_BELOW_SL,SL_FIRST,10,PENDING_ANALYSIS,11.0564,11.0564,16.5846,547.0064,552.5346,509.1525,Indicative levels use the signal close only. Final SL/TP1/TP2 and sizing must be recalculated from the actual post-analysis broker fill.,15,2026-10-20,False,2026-07-21,4.9400,4.9800,-84.0000,ALCISTA FUERTE,10,769.6400,7.3400,59.8000,15.3100,SIDI_INTRADAY_V2: Fund≥6.5 · DD60≥12% · RSI<40 · MACD↑ · Vol↓ · SPY20≤+1% · Abnormal20≤-10%,SIDI_INTRADAY_V2,True
PH,Parker Hannifin,Industrials,Industrial Machinery & Supplies & Components,1985-11-30,972.5500,976.9400,983.9600,966.5500,972.5500,2026-10-02,2026-10-05,69.6300,55.8200,UP,3.9078,3.7775,5.3269,True,0.7519,19.3750,0.8060,1.9920,987.1500,941.9000,964.8300,-1.4800,3.2500,True,1.0784,NEUTRO,-9.2500,-11.4000,1071.7100,1097.7300,1097.7300,709.4600,-11.4000,37.0800,0.5930,True,True,933.4700,3,1000.2400,False,-4.0200,NONE,6.7500,8.5000,7.0000,7.5000,6,5.0000,5.0000,False,False,False,False,True,True,3.9800,5.9800,1.5000,SIDI_INTRADAY_V2,0.6186,2.2949,-0.4491,1.2360,294,XLI,True,34.3588,24.8806,8.0105,5.7401,23.0980,0.2508,0.0979,0.1697,0.3755,0.0980,0.1930,56.6600,1.2620,2961750016.0000,3648000000.0000,0.8119,123405721600,1.1190,2.3500,0.8200,126112415,5.6100,6.4600,6.0300,4.1300,0.0240,OK,0,6.0700,False,True,False,False,False,False,DD12|RSI40|FUND65|ABNORMAL20,False,7-15d,XLI,,CAT|UNP|HON,pmi_manufacturing|supply_chain|capex_cycle,POST_ANALYSIS_ACTUAL_FILL,LIVE_QUOTE_AT_ANALYSIS,True,1.0000,1.5000,1.0000,-5.0000,7,1.5000,3,SELL_50_PCT_AT_TP1_REST_AT_TP2,MOVE_REMAINDER_TO_BREAK_EVEN,EXIT_AT_OPEN_IF_OPEN_BELOW_SL,SL_FIRST,10,PENDING_ANALYSIS,19.3750,19.3750,29.0625,991.9250,1001.6125,923.9225,Indicative levels use the signal close only. Final SL/TP1/TP2 and sizing must be recalculated from the actual post-analysis broker fill.,31,2026-11-05,False,2026-08-06,9.2700,8.2700,12.2000,ALCISTA FUERTE,10,769.6400,7.3400,59.8000,15.3100,SIDI_INTRADAY_V2: Fund≥6.5 · DD60≥12% · RSI<40 · MACD↑ · Vol↓ · SPY20≤+1% · Abnormal20≤-10%,SIDI_INTRADAY_V2,True
T,AT&T,Communication Services,Integrated Telecommunication Services,1983-11-30,24.3000,24.3600,24.5000,24.2100,24.3000,2026-10-02,2026-10-05,17.9700,46.4800,DOWN,-0.2172,-0.2239,-0.2005,True,0.1055,0.5421,0.8720,2.2310,24.9700,24.7900,25.0800,-2.6700,-1.9700,True,0.3888,BAJISTA,-9.0600,-9.7700,26.7200,26.9300,28.7500,19.6300,-15.4800,23.8100,0.7660,True,True,22.5500,1,26.4200,False,-7.2000,NONE,7.0500,7.0000,8.5000,7.5000,5,8.0000,5.0000,False,False,False,True,True,True,4.4600,6.6900,1.5000,SIDI_INTRADAY_V2,0.6186,-7.9421,-0.8084,0.6281,294,XLC,True,7.9620,9.3955,1.5026,1.2992,7.4030,0.1834,0.0416,0.1694,0.5972,0.0230,0.0620,129.0540,0.9710,10142000128.0000,21479999488.0000,0.4722,165313806336,0.4420,3.9400,4.5700,6852385650,5.3900,3.1500,4.6000,8.9200,0.0613,FCF/NI:0.47|D/E:129,2,6.0500,False,True,False,False,False,False,DD12|FUND65|ABNORMAL20,False,3-7d,XLC,,GOOGL|META|NFLX,ad_spending_cycle|streaming_competition|regulation,POST_ANALYSIS_ACTUAL_FILL,LIVE_QUOTE_AT_ANALYSIS,True,1.0000,1.5000,1.0000,-5.0000,7,1.5000,3,SELL_50_PCT_AT_TP1_REST_AT_TP2,MOVE_REMAINDER_TO_BREAK_EVEN,EXIT_AT_OPEN_IF_OPEN_BELOW_SL,SL_FIRST,10,PENDING_ANALYSIS,0.5421,0.5421,0.8132,24.8421,25.1132,23.0850,Indicative levels use the signal close only. Final SL/TP1/TP2 and sizing must be recalculated from the actual post-analysis broker fill.,16,2026-10-21,False,2026-07-22,0.6500,0.5900,10.5000,ALCISTA FUERTE,10,769.6400,7.3400,59.8000,15.3100,SIDI_INTRADAY_V2: Fund≥6.5 · DD60≥12% · RSI<40 · MACD↑ · Vol↓ · SPY20≤+1% · Abnormal20≤-10%,SIDI_INTRADAY_V2,True
HSIC,Henry Schein,Health Care,Health Care Distributors,2015-03-17,84.8800,85.1800,85.5600,83.4500,84.8800,2026-10-02,2026-10-05,35.3200,38.1500,DOWN,-0.1883,-0.2340,-0.2291,True,0.2627,1.8807,0.9850,2.2160,87.7100,80.2600,86.2500,-3.2300,5.7500,True,1.6099,NEUTRO,-6.5800,-7.9200,90.8600,92.1800,92.1800,61.9500,-7.9200,37.0100,0.9790,True,True,68.7000,1,89.3400,False,-19.0600,HAMMER,6.9700,8.5000,7.5000,7.5000,4,6.5000,7.0000,False,False,False,True,True,True,4.4300,6.6500,1.5000,SIDI_INTRADAY_V2,0.6186,-5.9447,0.3417,0.4640,294,XLV,True,24.4009,13.9726,2.9670,0.7009,13.5940,0.0885,0.0439,0.0296,0.3132,0.0670,0.1710,80.7330,1.3190,446000000.0000,403000000.0000,1.1067,9534263296,0.8430,8.2500,0.0000,113916757,5.4400,4.8500,5.0900,6.5400,0.0468,D/E:81,1,6.0500,False,True,False,False,False,False,DD12|FUND65|ABNORMAL20,False,7-15d,XLV,,UNH|JNJ|LLY,fda_calendar|drug_pricing_policy|patent_cliffs,POST_ANALYSIS_ACTUAL_FILL,LIVE_QUOTE_AT_ANALYSIS,True,1.0000,1.5000,1.0000,-5.0000,7,1.5000,3,SELL_50_PCT_AT_TP1_REST_AT_TP2,MOVE_REMAINDER_TO_BREAK_EVEN,EXIT_AT_OPEN_IF_OPEN_BELOW_SL,SL_FIRST,10,PENDING_ANALYSIS,1.8807,1.8807,2.8211,86.7607,87.7010,80.6360,Indicative levels use the signal close only. Final SL/TP1/TP2 and sizing must be recalculated from the actual post-analysis broker fill.,29,2026-11-03,False,2026-08-04,1.2700,1.2400,2.5000,ALCISTA FUERTE,10,769.6400,7.3400,59.8000,15.3100,SIDI_INTRADAY_V2: Fund≥6.5 · DD60≥12% · RSI<40 · MACD↑ · Vol↓ · SPY20≤+1% · Abnormal20≤-10%,SIDI_INTRADAY_V2,True
IDXX,Idexx Laboratories,Health Care,Health Care Equipment,2017-01-05,518.3900,523.5000,524.0200,516.0200,518.3900,2026-10-02,2026-10-05,56.1500,39.5000,UP,2.1639,2.5321,3.3997,False,0.5317,11.6986,0.6990,2.2570,543.8000,587.9500,523.5800,-4.6700,-11.8300,False,-3.2674,BAJISTA,-12.9900,-16.9400,595.7600,624.1500,769.9800,500.6100,-32.6700,3.5500,0.6030,True,True,520.9600,2,581.2800,True,0.5000,NONE,6.3000,5.0000,6.0000,7.5000,7,7.0000,5.0000,False,False,True,False,False,True,4.5100,6.7700,1.5000,SIDI_INTRADAY_V2,0.6186,5.7615,0.5790,0.7812,294,XLV,True,36.7994,31.2869,25.6129,9.0721,25.7380,0.7421,0.2708,0.2503,0.6245,0.0970,0.1760,67.9710,1.1720,909368384.0000,1139655936.0000,0.7979,41307480064,1.5480,3.8200,0.0000,78882997,5.8800,6.1800,7.5000,3.6400,0.0220,OK,0,6.0500,False,True,False,False,False,False,RSI40|MACD|FUND65|ABNORMAL20,False,3-7d,XLV,,UNH|JNJ|LLY,fda_calendar|drug_pricing_policy|patent_cliffs,POST_ANALYSIS_ACTUAL_FILL,LIVE_QUOTE_AT_ANALYSIS,True,1.0000,1.5000,1.0000,-5.0000,7,1.5000,3,SELL_50_PCT_AT_TP1_REST_AT_TP2,MOVE_REMAINDER_TO_BREAK_EVEN,EXIT_AT_OPEN_IF_OPEN_BELOW_SL,SL_FIRST,10,PENDING_ANALYSIS,11.6986,11.6986,17.5479,530.0886,535.9379,492.4705,Indicative levels use the signal close only. Final SL/TP1/TP2 and sizing must be recalculated from the actual post-analysis broker fill.,28,2026-11-02,False,2026-08-04,4.2700,3.9300,8.5000,ALCISTA FUERTE,10,769.6400,7.3400,59.8000,15.3100,SIDI_INTRADAY_V2: Fund≥6.5 · DD60≥12% · RSI<40 · MACD↑ · Vol↓ · SPY20≤+1% · Abnormal20≤-10%,SIDI_INTRADAY_V2,True
NWS,News Corp (Class B),Communication Services,Publishing,2015-09-18,31.6500,31.5300,31.9000,31.1500,31.6500,2026-10-02,2026-10-05,29.7200,32.2500,DOWN,-0.1486,-0.1825,-0.2270,True,0.2417,0.7300,0.8480,2.3060,32.9200,30.0700,32.3900,-3.8600,5.2700,True,1.2251,NEUTRO,-10.1200,-11.2300,35.2100,35.6500,35.6500,25.3200,-11.2300,25.0000,0.6880,True,True,29.3100,4,31.6100,False,-7.4000,HAMMER,7.4800,8.5000,8.5000,7.5000,6,6.5000,7.0000,False,True,False,True,True,True,4.6100,6.9200,1.5000,SIDI_INTRADAY_V2,0.6186,-13.0917,-0.6597,0.9287,294,XLC,True,30.8738,21.0356,2.0269,1.8995,13.9370,0.0798,0.0466,0.0635,0.5717,0.1080,-0.7490,31.5610,1.6230,1045124992.0000,573000000.0000,1.8240,17148505088,0.9760,4.4700,0.6300,179555922,5.0800,2.5000,6.3700,6.6000,0.0609,OK,0,6.0400,False,True,True,False,False,False,DD12|FUND65,False,7-15d,XLC,,GOOGL|META|NFLX,ad_spending_cycle|streaming_competition|regulation,POST_ANALYSIS_ACTUAL_FILL,LIVE_QUOTE_AT_ANALYSIS,True,1.0000,1.5000,1.0000,-5.0000,7,1.5000,3,SELL_50_PCT_AT_TP1_REST_AT_TP2,MOVE_REMAINDER_TO_BREAK_EVEN,EXIT_AT_OPEN_IF_OPEN_BELOW_SL,SL_FIRST,10,PENDING_ANALYSIS,0.7300,0.7300,1.0950,32.3800,32.7450,30.0675,Indicative levels use the signal close only. Final SL/TP1/TP2 and sizing must be recalculated from the actual post-analysis broker fill.,31,2026-11-05,False,2026-08-05,0.3500,0.2300,51.2000,ALCISTA FUERTE,10,769.6400,7.3400,59.8000,15.3100,SIDI_INTRADAY_V2: Fund≥6.5 · DD60≥12% · RSI<40 · MACD↑ · Vol↓ · SPY20≤+1% · Abnormal20≤-10%,SIDI_INTRADAY_V2,True
UDR,"UDR, Inc.",Real Estate,Multi-Family Residential REITs,2016-03-07,33.2700,33.8600,33.9400,33.2200,33.2700,2026-10-02,2026-10-05,21.7100,19.2600,UP,0.0279,0.0352,0.0082,False,0.1687,0.5486,0.8160,1.6490,36.3500,36.4200,34.4500,-8.4800,-8.6600,False,0.0534,BAJISTA,-17.0400,-17.8500,40.1100,40.5000,41.5200,31.7800,-19.8700,4.6800,0.7230,False,False,,0,38.6600,False,,NONE,5.8800,5.5000,8.5000,5.0000,4,6.5000,5.0000,False,False,True,True,False,False,3.3000,4.9500,1.5000,SIDI_INTRADAY_V2,0.6186,-1.6595,-0.1838,0.9906,294,XLRE,True,21.1804,59.7589,3.7130,7.0198,16.9340,0.1374,0.0224,0.2956,0.6658,-0.0010,0.9090,156.1440,0.1780,779827776.0000,517310016.0000,1.5075,12399305728,0.7070,2.9500,5.2300,324915653,6.1500,5.0000,6.3800,7.2300,0.0629,D/E:156,1,6.0400,False,True,False,False,False,False,MACD|VOLUME|FUND65|ABNORMAL20,False,3-7d,XLRE,,PLD|AMT|EQIX,interest_rates|cap_rates|occupancy_trends,POST_ANALYSIS_ACTUAL_FILL,LIVE_QUOTE_AT_ANALYSIS,True,1.0000,1.5000,1.0000,-5.0000,7,1.5000,3,SELL_50_PCT_AT_TP1_REST_AT_TP2,MOVE_REMAINDER_TO_BREAK_EVEN,EXIT_AT_OPEN_IF_OPEN_BELOW_SL,SL_FIRST,10,PENDING_ANALYSIS,0.5486,0.5486,0.8229,33.8186,34.0929,31.6065,Indicative levels use the signal close only. Final SL/TP1/TP2 and sizing must be recalculated from the actual post-analysis broker fill.,23,2026-10-28,False,2026-07-27,0.2100,0.1300,61.0000,ALCISTA FUERTE,10,769.6400,7.3400,59.8000,15.3100,SIDI_INTRADAY_V2: Fund≥6.5 · DD60≥12% · RSI<40 · MACD↑ · Vol↓ · SPY20≤+1% · Abnormal20≤-10%,SIDI_INTRADAY_V2,True
DECK,Deckers Brands,Consumer Discretionary,Footwear,2024-03-18,79.1200,79.5000,79.9000,78.3000,79.1200,2026-10-02,2026-10-05,44.6900,30.2800,UP,0.5826,0.5335,0.3820,True,0.4326,2.0993,0.6770,2.6530,87.7900,101.2800,80.5800,-9.8800,-21.8800,False,-1.2148,BAJISTA,-27.4300,-28.5800,109.0300,110.7800,122.2900,77.2000,-35.3000,2.4900,0.7770,False,False,77.3700,1,83.0000,True,-2.2100,HAMMER|HAMMER,6.2000,5.0000,7.0000,5.0000,7,7.0000,7.0000,False,False,True,False,True,False,5.3100,7.9600,1.5000,SIDI_INTRADAY_V2,0.6186,3.5998,-0.3611,1.3391,294,XLY,True,11.3097,9.6041,4.7499,1.9701,7.2820,0.4256,0.2032,0.1836,0.5780,0.0570,0.0110,20.5210,2.7470,871420352.0000,1014840000.0000,0.8587,10889088000,1.1210,3.2000,0.0000,136181857,5.9200,2.5300,7.6900,7.7900,0.0800,OK,0,6.0300,False,True,False,False,False,False,RSI40|VOLUME|FUND65|ABNORMAL20,False,3-7d,XLY,,AMZN|TSLA|HD,consumer_spending|employment_data|interest_rates,POST_ANALYSIS_ACTUAL_FILL,LIVE_QUOTE_AT_ANALYSIS,True,1.0000,1.5000,1.0000,-5.0000,7,1.5000,3,SELL_50_PCT_AT_TP1_REST_AT_TP2,MOVE_REMAINDER_TO_BREAK_EVEN,EXIT_AT_OPEN_IF_OPEN_BELOW_SL,SL_FIRST,10,PENDING_ANALYSIS,2.0993,2.0993,3.1490,81.2193,82.2690,75.1640,Indicative levels use the signal close only. Final SL/TP1/TP2 and sizing must be recalculated from the actual post-analysis broker fill.,17,2026-10-22,False,2026-07-23,0.9400,0.8700,7.6000,ALCISTA FUERTE,10,769.6400,7.3400,59.8000,15.3100,SIDI_INTRADAY_V2: Fund≥6.5 · DD60≥12% · RSI<40 · MACD↑ · Vol↓ · SPY20≤+1% · Abnormal20≤-10%,SIDI_INTRADAY_V2,True
BEN,Franklin Resources,Financials,Asset Management & Custody Banks,1998-04-30,32.8100,32.7800,33.2700,32.7600,32.8100,2026-10-02,2026-10-05,46.4800,31.4500,UP,-0.0133,-0.0569,-0.0841,True,0.4561,0.7517,0.9130,2.2910,33.3400,28.9200,32.8100,-1.5800,13.4600,True,4.1059,NEUTRO,-7.3400,-8.6400,35.4100,35.9100,35.9100,20.1200,-8.6400,63.1100,1.2460,False,False,32.7100,2,33.6400,True,-0.3200,BULL_ENGULF|DOJI,6.6500,8.5000,7.0000,5.0000,7,5.0000,7.5000,False,False,False,False,True,False,4.5800,6.8700,1.5000,SIDI_INTRADAY_V2,0.6186,6.7118,0.8408,0.9738,294,XLF,True,22.3401,10.3086,1.4199,1.7895,11.2470,0.0789,0.0264,0.0872,0.3771,0.1430,1.0670,24.8050,5.4860,-2990862592.0000,759200000.0000,-3.9395,16685245440,1.5760,5.3900,4.0200,508076910,5.6200,8.2000,5.4300,2.8400,-0.1793,FCF/NI:-3.94,1,6.0300,False,True,False,False,False,False,DD12|RSI40|VOLUME|FUND65|ABNORMAL20,False,7-15d,XLF,,JPM|BAC|WFC,interest_rates|yield_curve|credit_spreads|loan_growth,POST_ANALYSIS_ACTUAL_FILL,LIVE_QUOTE_AT_ANALYSIS,True,1.0000,1.5000,1.0000,-5.0000,7,1.5000,3,SELL_50_PCT_AT_TP1_REST_AT_TP2,MOVE_REMAINDER_TO_BREAK_EVEN,EXIT_AT_OPEN_IF_OPEN_BELOW_SL,SL_FIRST,10,PENDING_ANALYSIS,0.7517,0.7517,1.1276,33.5617,33.9376,31.1695,Indicative levels use the signal close only. Final SL/TP1/TP2 and sizing must be recalculated from the actual post-analysis broker fill.,32,2026-11-06,False,2026-07-31,0.7200,0.6600,8.3000,ALCISTA FUERTE,10,769.6400,7.3400,59.8000,15.3100,SIDI_INTRADAY_V2: Fund≥6.5 · DD60≥12% · RSI<40 · MACD↑ · Vol↓ · SPY20≤+1% · Abnormal20≤-10%,SIDI_INTRADAY_V2,True
CTVA,Corteva,Materials,Fertilizers & Agricultural Chemicals,2019-06-03,11.9200,12.3850,13.0400,11.8700,11.9200,2026-10-02,2026-10-05,3.6900,18.2300,DOWN,-7.0387,-4.6991,-0.6580,False,-0.2283,6.7489,2.7180,56.6190,78.7700,77.8600,68.2400,-84.8700,-84.6900,True,1.2298,BAJISTA,-86.8000,-86.8800,90.3200,90.8700,90.8700,11.8400,-86.8800,0.6800,6.3430,False,False,,0,80.8800,False,,NONE,6.2000,7.0000,7.5000,5.0000,4,8.0000,5.0000,False,False,True,True,False,False,113.2400,169.8600,1.5000,SIDI_INTRADAY_V2,0.6186,-99.2149,-0.8048,0.8998,294,XLB,True,7.5586,2.9701,0.3246,,,,,0.0000,0.0000,,,,,,,,8169815552,,4.3100,6.0400,667196000,5.9000,5.0000,5.0000,8.0000,,OK,0,6.0200,False,True,True,False,False,False,MACD|VOLUME|FUND65,False,3-7d,XLB,,LIN|APD|ECL,commodity_prices|dxy|china_demand|energy_costs,POST_ANALYSIS_ACTUAL_FILL,LIVE_QUOTE_AT_ANALYSIS,True,1.0000,1.5000,1.0000,-5.0000,7,1.5000,3,SELL_50_PCT_AT_TP1_REST_AT_TP2,MOVE_REMAINDER_TO_BREAK_EVEN,EXIT_AT_OPEN_IF_OPEN_BELOW_SL,SL_FIRST,10,PENDING_ANALYSIS,6.7489,6.7489,10.1234,18.6689,22.0434,11.3240,Indicative levels use the signal close only. Final SL/TP1/TP2 and sizing must be recalculated from the actual post-analysis broker fill.,29,2026-11-03,False,2026-07-30,2.3000,2.2300,2.9000,ALCISTA FUERTE,10,769.6400,7.3400,59.8000,15.3100,SIDI_INTRADAY_V2: Fund≥6.5 · DD60≥12% · RSI<40 · MACD↑ · Vol↓ · SPY20≤+1% · Abnormal20≤-10%,SIDI_INTRADAY_V2,True
FTNT,Fortinet,Information Technology,Systems Software,2018-10-11,180.9500,182.0900,183.0900,180.0400,180.9500,2026-10-02,2026-10-05,67.5000,70.2400,DOWN,0.5559,0.5413,0.6721,True,0.8000,6.0836,0.8850,3.3620,163.6500,118.5700,172.4000,10.5700,52.6000,True,8.1061,ALCISTA,0.0000,-1.1700,180.9500,183.0900,183.0900,73.5500,-1.1700,146.0200,0.8580,True,True,150.0200,4,181.3700,False,-17.0900,HAMMER|DOJI,7.0500,10.0000,6.0000,7.5000,6,5.0000,7.0000,False,False,False,False,True,True,6.7200,10.0900,1.5000,SIDI_INTRADAY_V2,0.6186,1.0724,-0.4506,0.7060,294,XLK,True,64.7103,48.4757,86.6272,17.8501,49.7950,1.1744,0.1417,0.2817,0.8020,0.2560,0.4390,36.1940,1.2820,2265587456.0000,2120700032.0000,1.0683,134364987392,1.0370,3.2400,0.0000,733713653,5.3400,4.9200,7.7800,2.9900,0.0169,OK,0,6.0200,False,True,False,False,False,False,DD12|RSI40|FUND65|ABNORMAL20,False,10-18d,XLK,,AAPL|MSFT|NVDA,interest_rates|ai_capex_cycle|semiconductor_cycle,POST_ANALYSIS_ACTUAL_FILL,LIVE_QUOTE_AT_ANALYSIS,True,1.0000,1.5000,1.0000,-5.0000,7,1.5000,3,SELL_50_PCT_AT_TP1_REST_AT_TP2,MOVE_REMAINDER_TO_BREAK_EVEN,EXIT_AT_OPEN_IF_OPEN_BELOW_SL,SL_FIRST,10,PENDING_ANALYSIS,6.0836,6.0836,9.1254,187.0336,190.0754,171.9025,Indicative levels use the signal close only. Final SL/TP1/TP2 and sizing must be recalculated from the actual post-analysis broker fill.,23,2026-10-28,False,2026-07-29,0.9000,0.7500,20.5000,ALCISTA FUERTE,10,769.6400,7.3400,59.8000,15.3100,SIDI_INTRADAY_V2: Fund≥6.5 · DD60≥12% · RSI<40 · MACD↑ · Vol↓ · SPY20≤+1% · Abnormal20≤-10%,SIDI_INTRADAY_V2,True
SNA,Snap-on,Industrials,Industrial Machinery & Supplies & Components,1982-09-30,368.9000,371.4500,372.2600,367.8300,368.9000,2026-10-02,2026-10-05,34.2200,25.2200,UP,0.4605,0.1877,0.1211,True,0.3268,5.5614,0.7470,1.5080,389.2700,375.5700,373.2200,-5.2300,-1.7800,True,1.0296,BAJISTA,-11.4800,-12.2500,416.7200,420.4100,420.4100,312.3400,-12.2500,18.1100,0.8450,True,True,350.9300,1,392.8600,False,-4.8700,NONE,6.9000,7.0000,8.5000,7.5000,5,7.0000,5.0000,False,True,False,True,True,True,3.0200,4.5200,1.5000,SIDI_INTRADAY_V2,0.6186,-2.6216,-0.1088,0.8058,294,XLI,True,18.7574,17.1388,3.1507,3.6089,13.2620,0.1793,0.0985,0.1960,0.5183,0.0420,0.0510,21.5950,3.4330,1109474944.0000,1033699968.0000,1.0733,19036614656,0.7000,13.9100,2.6500,51727124,5.4300,1.4900,7.2500,7.9200,0.0583,OK,0,6.0200,False,True,False,False,False,False,DD12|FUND65|ABNORMAL20,False,3-7d,XLI,,CAT|UNP|HON,pmi_manufacturing|supply_chain|capex_cycle,POST_ANALYSIS_ACTUAL_FILL,LIVE_QUOTE_AT_ANALYSIS,True,1.0000,1.5000,1.0000,-5.0000,7,1.5000,3,SELL_50_PCT_AT_TP1_REST_AT_TP2,MOVE_REMAINDER_TO_BREAK_EVEN,EXIT_AT_OPEN_IF_OPEN_BELOW_SL,SL_FIRST,10,PENDING_ANALYSIS,5.5614,5.5614,8.3421,374.4614,377.2421,350.4550,Indicative levels use the signal close only. Final SL/TP1/TP2 and sizing must be recalculated from the actual post-analysis broker fill.,10,2026-10-15,False,2026-07-23,4.9600,4.9500,26.0000,ALCISTA FUERTE,10,769.6400,7.3400,59.8000,15.3100,SIDI_INTRADAY_V2: Fund≥6.5 · DD60≥12% · RSI<40 · MACD↑ · Vol↓ · SPY20≤+1% · Abnormal20≤-10%,SIDI_INTRADAY_V2,True
WFC,Wells Fargo,Financials,Diversified Banks,1976-06-30,80.4500,80.3200,80.7400,79.8100,80.4500,2026-10-02,2026-10-05,20.6300,29.5300,DOWN,-0.6604,-0.7690,-0.8572,True,0.1888,1.9900,1.0180,2.4740,86.0700,84.0500,83.7500,-6.5300,-4.2800,True,-0.0845,BAJISTA,-10.9000,-12.5400,90.2900,91.9900,96.1800,72.3600,-16.3500,11.1700,0.7370,True,True,78.3500,1,82.7700,True,-2.6100,HAMMER,7.3800,6.5000,8.5000,7.5000,8,6.5000,7.0000,False,True,False,True,True,True,4.9500,7.4200,1.5000,SIDI_INTRADAY_V2,0.6186,0.7992,-0.1309,1.2455,294,XLF,True,11.8430,10.2286,1.5318,2.9677,,0.1258,0.0108,0.2723,0.0000,0.0950,0.2500,,,,21614999552.0000,,246395469824,0.9520,2.4300,2.4900,3023999336,5.1100,5.2600,4.6500,5.4800,,OK,0,6.0200,False,True,False,False,False,False,DD12|FUND65|ABNORMAL20,False,5-10d,XLF,,JPM|BAC|GS,interest_rates|yield_curve|credit_spreads|loan_growth,POST_ANALYSIS_ACTUAL_FILL,LIVE_QUOTE_AT_ANALYSIS,True,1.0000,1.5000,1.0000,-5.0000,7,1.5000,3,SELL_50_PCT_AT_TP1_REST_AT_TP2,MOVE_REMAINDER_TO_BREAK_EVEN,EXIT_AT_OPEN_IF_OPEN_BELOW_SL,SL_FIRST,10,PENDING_ANALYSIS,1.9900,1.9900,2.9850,82.4400,83.4350,76.4275,Indicative levels use the signal close only. Final SL/TP1/TP2 and sizing must be recalculated from the actual post-analysis broker fill.,8,2026-10-13,False,2026-07-14,2.0000,1.7200,16.4000,ALCISTA FUERTE,10,769.6400,7.3400,59.8000,15.3100,SIDI_INTRADAY_V2: Fund≥6.5 · DD60≥12% · RSI<40 · MACD↑ · Vol↓ · SPY20≤+1% · Abnormal20≤-10%,SIDI_INTRADAY_V2,True
FDX,FedEx,Industrials,Air Freight & Logistics,1980-12-31,290.3600,287.6500,290.8400,287.2300,290.3600,2026-10-02,2026-10-05,31.9700,23.1000,UP,-0.6477,-1.2803,-2.0056,True,0.3129,6.6400,0.8710,2.2870,312.4700,296.9700,297.8900,-7.0800,-2.2300,True,2.8629,BAJISTA,-14.1000,-14.6900,338.0200,340.3500,342.7300,177.9700,-15.2800,63.1500,0.8860,False,False,288.7600,1,340.2800,True,-0.5500,HAMMER,6.7500,7.0000,8.5000,5.0000,8,5.0000,7.0000,False,False,True,True,True,False,4.5700,6.8600,1.5000,SIDI_INTRADAY_V2,0.6186,-9.7219,0.3327,0.6785,294,XLI,True,15.5388,13.8232,2.1859,0.7202,8.2820,0.1485,0.0501,0.0468,0.2732,0.1250,-0.0430,135.6970,1.4750,5656625152.0000,4425999872.0000,1.2780,68219068416,1.3280,3.4300,1.6800,236670435,5.5200,3.4900,4.8700,8.6600,0.0829,D/E:136,1,6.0100,False,True,False,False,False,False,VOLUME|FUND65|ABNORMAL20,False,3-7d,XLI,,CAT|UNP|HON,pmi_manufacturing|supply_chain|capex_cycle,POST_ANALYSIS_ACTUAL_FILL,LIVE_QUOTE_AT_ANALYSIS,True,1.0000,1.5000,1.0000,-5.0000,7,1.5000,3,SELL_50_PCT_AT_TP1_REST_AT_TP2,MOVE_REMAINDER_TO_BREAK_EVEN,EXIT_AT_OPEN_IF_OPEN_BELOW_SL,SL_FIRST,10,PENDING_ANALYSIS,6.6400,6.6400,9.9600,297.0000,300.3200,275.8420,Indicative levels use the signal close only. Final SL/TP1/TP2 and sizing must be recalculated from the actual post-analysis broker fill.,23,2026-10-12,False,2026-06-23,6.3100,5.9200,6.5000,ALCISTA FUERTE,10,769.6400,7.3400,59.8000,15.3100,SIDI_INTRADAY_V2: Fund≥6.5 · DD60≥12% · RSI<40 · MACD↑ · Vol↓ · SPY20≤+1% · Abnormal20≤-10%,SIDI_INTRADAY_V2,True
CB,Chubb Limited,Financials,Property & Casualty Insurance,2010-07-15,330.8900,330.7100,332.0100,328.3500,330.8900,2026-10-02,2026-10-05,28.2900,32.3700,DOWN,-0.6659,-0.8379,-0.6558,True,0.2094,4.5929,0.7110,1.3880,342.0900,328.1400,335.3100,-3.2700,0.8400,True,1.2562,NEUTRO,-8.7000,-9.3000,362.4100,364.8100,364.8100,262.9000,-9.3000,25.8600,1.1990,True,True,318.0400,1,332.9600,True,-3.8800,HAMMER|DOJI,7.9300,8.5000,8.5000,7.5000,7,8.5000,7.0000,False,False,False,True,True,True,2.7800,4.1600,1.5000,SIDI_INTRADAY_V2,0.6186,2.5477,-0.8663,0.9252,294,XLF,True,11.7747,11.3938,1.7007,2.0719,10.0900,0.1482,0.0336,0.1807,0.3113,0.0610,-0.0070,30.9410,0.4100,10488000512.0000,11185000448.0000,0.9377,128239263744,0.3650,2.2700,1.2300,385799859,4.7100,1.0800,6.0300,7.4200,0.0818,OK,0,6.0000,False,True,False,False,False,False,DD12|FUND65|ABNORMAL20,False,5-10d,XLF,,JPM|BAC|WFC,interest_rates|yield_curve|credit_spreads|loan_growth,POST_ANALYSIS_ACTUAL_FILL,LIVE_QUOTE_AT_ANALYSIS,True,1.0000,1.5000,1.0000,-5.0000,7,1.5000,3,SELL_50_PCT_AT_TP1_REST_AT_TP2,MOVE_REMAINDER_TO_BREAK_EVEN,EXIT_AT_OPEN_IF_OPEN_BELOW_SL,SL_FIRST,10,PENDING_ANALYSIS,4.5929,4.5929,6.8894,335.4829,337.7793,314.3455,Indicative levels use the signal close only. Final SL/TP1/TP2 and sizing must be recalculated from the actual post-analysis broker fill.,15,2026-10-20,False,2026-07-21,7.2600,6.7500,7.6000,ALCISTA FUERTE,10,769.6400,7.3400,59.8000,15.3100,SIDI_INTRADAY_V2: Fund≥6.5 · DD60≥12% · RSI<40 · MACD↑ · Vol↓ · SPY20≤+1% · Abnormal20≤-10%,SIDI_INTRADAY_V2,True
COO,Cooper Companies (The),Health Care,Health Care Supplies,2016-09-23,56.9100,57.5200,57.6900,56.7200,56.9100,2026-10-02,2026-10-05,62.0400,20.9200,UP,0.7466,0.6893,0.4244,True,0.4942,1.5636,0.7970,2.7470,66.9700,71.3800,58.5800,-15.0200,-20.2700,False,-2.7438,BAJISTA,-25.9200,-27.1400,76.8200,78.1100,89.8300,51.0100,-36.6500,11.5700,0.5800,False,False,51.0100,1,63.3200,False,-10.3700,DOJI|BULL_ENGULF,5.8000,5.0000,7.0000,5.0000,4,7.0000,7.5000,False,False,True,False,True,False,5.4900,8.2400,1.5000,SIDI_INTRADAY_V2,0.6186,-14.3771,0.0726,0.9166,294,XLV,True,19.2852,11.9563,1.2810,2.5187,14.4510,0.0684,0.0273,0.1346,0.6593,0.0060,3.5710,33.6340,1.2220,542649984.0000,570300032.0000,0.9515,10671514624,0.8250,2.9600,0.0000,190155294,6.1300,5.0000,5.7300,7.9100,0.0509,OK,0,6.0000,False,True,True,False,False,False,RSI40|VOLUME|FUND65,False,3-7d,XLV,,UNH|JNJ|LLY,fda_calendar|drug_pricing_policy|patent_cliffs,POST_ANALYSIS_ACTUAL_FILL,LIVE_QUOTE_AT_ANALYSIS,True,1.0000,1.5000,1.0000,-5.0000,7,1.5000,3,SELL_50_PCT_AT_TP1_REST_AT_TP2,MOVE_REMAINDER_TO_BREAK_EVEN,EXIT_AT_OPEN_IF_OPEN_BELOW_SL,SL_FIRST,10,PENDING_ANALYSIS,1.5636,1.5636,2.3454,58.4736,59.2554,54.0645,Indicative levels use the signal close only. Final SL/TP1/TP2 and sizing must be recalculated from the actual post-analysis broker fill.,-26,2026-12-10,False,2026-09-09,1.1500,1.1200,2.7000,ALCISTA FUERTE,10,769.6400,7.3400,59.8000,15.3100,SIDI_INTRADAY_V2: Fund≥6.5 · DD60≥12% · RSI<40 · MACD↑ · Vol↓ · SPY20≤+1% · Abnormal20≤-10%,SIDI_INTRADAY_V2,True
CSCO,Cisco,Information Technology,Communications Equipment,1993-12-01,112.2000,109.8300,112.2300,109.0000,112.2000,2026-10-02,2026-10-05,56.6700,44.4200,UP,0.4716,0.1349,-0.0832,True,1.0003,2.6657,0.8060,2.3760,111.6700,96.9400,108.6700,0.4700,15.7400,True,3.4386,ALCISTA,-9.0800,-9.6800,123.4000,124.2300,129.3800,65.6000,-13.2800,71.0500,0.9520,True,True,112.0600,4,121.5500,True,-0.1200,NONE,7.5000,10.0000,7.0000,7.5000,9,5.0000,5.0000,False,False,False,False,True,True,4.7500,7.1300,1.5000,SIDI_INTRADAY_V2,0.6186,-3.2381,0.0032,0.5586,294,XLK,True,33.7147,19.9757,8.8103,6.9899,24.5480,0.2732,0.0798,0.2095,0.6452,0.1760,0.5210,62.0170,0.9310,11182624768.0000,13267000320.0000,0.8429,442634207232,0.9790,3.9600,1.5000,3942586873,4.9700,4.3800,5.7800,4.7000,0.0253,OK,0,5.9800,False,True,False,False,False,False,DD12|RSI40|FUND65|ABNORMAL20,False,10-18d,XLK,,AAPL|MSFT|NVDA,interest_rates|ai_capex_cycle|semiconductor_cycle,POST_ANALYSIS_ACTUAL_FILL,LIVE_QUOTE_AT_ANALYSIS,True,1.0000,1.5000,1.0000,-5.0000,7,1.5000,3,SELL_50_PCT_AT_TP1_REST_AT_TP2,MOVE_REMAINDER_TO_BREAK_EVEN,EXIT_AT_OPEN_IF_OPEN_BELOW_SL,SL_FIRST,10,PENDING_ANALYSIS,2.6657,2.6657,3.9986,114.8657,116.1985,106.5900,Indicative levels use the signal close only. Final SL/TP1/TP2 and sizing must be recalculated from the actual post-analysis broker fill.,38,2026-11-12,False,2026-08-12,1.2200,1.1700,4.4000,ALCISTA FUERTE,10,769.6400,7.3400,59.8000,15.3100,SIDI_INTRADAY_V2: Fund≥6.5 · DD60≥12% · RSI<40 · MACD↑ · Vol↓ · SPY20≤+1% · Abnormal20≤-10%,SIDI_INTRADAY_V2,True
FSLR,First Solar,Information Technology,Semiconductors,2022-12-19,174.6100,174.9700,178.2700,173.1000,174.6100,2026-10-02,2026-10-05,31.2000,36.2300,DOWN,-1.5887,-2.0005,-2.3176,True,0.1923,9.0114,0.8490,5.1610,207.5100,224.2300,189.0000,-15.8600,-22.1300,False,-2.8634,BAJISTA,-30.1700,-35.2600,250.0500,269.7000,320.9500,168.6000,-45.6000,3.5600,0.7610,True,True,,0,240.8400,False,,HAMMER|DOJI,6.2700,5.0000,7.5000,7.5000,4,6.5000,7.0000,True,True,True,True,True,True,10.3200,15.4800,1.5000,SIDI_INTRADAY_V2,0.6186,-15.1276,1.2460,0.4993,294,XLK,True,10.7873,7.5372,1.8220,3.4964,7.2230,0.1851,0.0862,0.3246,0.4402,-0.0370,0.2330,1.8800,2.5180,1598684800.0000,1746013952.0000,0.9156,18803990528,1.7940,5.6500,0.0000,107469788,5.7900,0.9000,7.0700,10.0000,0.0850,OK,0,5.9800,False,True,True,True,False,False,FUND65,False,3-7d,XLK,,AAPL|MSFT|NVDA,interest_rates|ai_capex_cycle|semiconductor_cycle,POST_ANALYSIS_ACTUAL_FILL,LIVE_QUOTE_AT_ANALYSIS,True,1.0000,1.5000,1.0000,-5.0000,7,1.5000,3,SELL_50_PCT_AT_TP1_REST_AT_TP2,MOVE_REMAINDER_TO_BREAK_EVEN,EXIT_AT_OPEN_IF_OPEN_BELOW_SL,SL_FIRST,10,PENDING_ANALYSIS,9.0114,9.0114,13.5171,183.6214,188.1271,165.8795,Indicative levels use the signal close only. Final SL/TP1/TP2 and sizing must be recalculated from the actual post-analysis broker fill.,24,2026-10-29,False,2026-07-30,3.9200,2.8800,36.1000,ALCISTA FUERTE,10,769.6400,7.3400,59.8000,15.3100,SIDI_INTRADAY_V2: Fund≥6.5 · DD60≥12% · RSI<40 · MACD↑ · Vol↓ · SPY20≤+1% · Abnormal20≤-10%,SIDI_INTRADAY_V2,True
IT,Gartner,Information Technology,IT Consulting & Other Services,2017-04-05,184.8000,192.7400,192.7400,184.6000,184.8000,2026-10-02,2026-10-05,36.4200,51.0300,DOWN,-0.1267,0.0614,-0.6859,False,0.5258,8.1579,0.9360,4.4140,182.2500,173.0900,185.4600,1.4000,6.7700,True,-2.6446,ALCISTA,-8.8700,-9.5400,202.7800,204.2900,261.8400,124.2500,-29.4200,48.7300,0.5870,True,True,176.0400,1,194.5300,False,-4.7400,HAMMER|DOJI,6.7500,9.5000,6.5000,7.5000,4,5.0000,7.0000,False,False,False,True,False,True,8.8300,13.2400,1.5000,SIDI_INTRADAY_V2,0.6186,-3.8821,1.0729,-0.6980,294,XLK,True,16.8626,11.4007,-71.7860,1.8221,9.7630,1.1358,0.1017,0.1200,0.6963,-0.0060,0.3310,,0.8800,1052553024.0000,775350976.0000,1.3575,11777284096,0.9780,6.9900,0.0000,63148976,5.4700,1.4900,7.4000,7.8600,0.0894,OK,0,5.9800,False,True,False,False,False,False,DD12|MACD|FUND65|ABNORMAL20,False,10-18d,XLK,,AAPL|MSFT|NVDA,interest_rates|ai_capex_cycle|semiconductor_cycle,POST_ANALYSIS_ACTUAL_FILL,LIVE_QUOTE_AT_ANALYSIS,True,1.0000,1.5000,1.0000,-5.0000,7,1.5000,3,SELL_50_PCT_AT_TP1_REST_AT_TP2,MOVE_REMAINDER_TO_BREAK_EVEN,EXIT_AT_OPEN_IF_OPEN_BELOW_SL,SL_FIRST,10,PENDING_ANALYSIS,8.1579,8.1579,12.2369,192.9579,197.0369,175.5600,Indicative levels use the signal close only. Final SL/TP1/TP2 and sizing must be recalculated from the actual post-analysis broker fill.,29,2026-11-03,False,2026-08-04,4.3700,3.7300,17.1000,ALCISTA FUERTE,10,769.6400,7.3400,59.8000,15.3100,SIDI_INTRADAY_V2: Fund≥6.5 · DD60≥12% · RSI<40 · MACD↑ · Vol↓ · SPY20≤+1% · Abnormal20≤-10%,SIDI_INTRADAY_V2,True
TXN,Texas Instruments,Information Technology,Semiconductors,2001-03-12,293.8000,290.0000,297.0600,288.2000,293.8000,2026-10-02,2026-10-05,81.5800,69.5300,UP,2.9616,2.3923,2.6880,True,1.1051,7.6657,0.7440,2.6090,270.4000,247.1700,273.7000,8.6500,18.8600,True,4.3160,ALCISTA,-5.1900,-5.6300,309.8700,311.3400,332.3300,150.2000,-11.5900,95.6000,0.8620,True,True,273.4000,3,289.6200,False,-6.9400,HAMMER|DOJI,7.5500,10.0000,7.0000,7.5000,6,7.0000,7.0000,False,False,False,False,True,True,5.2200,7.8300,1.5000,SIDI_INTRADAY_V2,0.6186,9.2508,0.5124,0.6813,294,XLK,True,44.3714,27.3860,14.7807,13.6858,28.9250,0.3518,0.1306,0.3111,0.5833,0.2280,0.5180,78.0360,4.8570,3545250048.0000,6016999936.0000,0.5892,266229956608,1.3390,3.6100,2.0700,913247686,4.9300,5.0300,6.2700,3.2400,0.0133,FCF/NI:0.59,1,5.9800,False,True,False,False,False,False,DD12|RSI40|FUND65|ABNORMAL20,False,10-18d,XLK,,AAPL|MSFT|NVDA,interest_rates|ai_capex_cycle|semiconductor_cycle,POST_ANALYSIS_ACTUAL_FILL,LIVE_QUOTE_AT_ANALYSIS,True,1.0000,1.5000,1.0000,-5.0000,7,1.5000,3,SELL_50_PCT_AT_TP1_REST_AT_TP2,MOVE_REMAINDER_TO_BREAK_EVEN,EXIT_AT_OPEN_IF_OPEN_BELOW_SL,SL_FIRST,10,PENDING_ANALYSIS,7.6657,7.6657,11.4985,301.4657,305.2986,279.1100,Indicative levels use the signal close only. Final SL/TP1/TP2 and sizing must be recalculated from the actual post-analysis broker fill.,16,2026-10-21,False,2026-07-22,2.1400,1.9400,10.5000,ALCISTA FUERTE,10,769.6400,7.3400,59.8000,15.3100,SIDI_INTRADAY_V2: Fund≥6.5 · DD60≥12% · RSI<40 · MACD↑ · Vol↓ · SPY20≤+1% · Abnormal20≤-10%,SIDI_INTRADAY_V2,True
ORLY,O'Reilly Automotive,Consumer Discretionary,Automotive Retail,2009-03-27,84.9000,85.7300,85.7300,84.4400,84.9000,2026-10-02,2026-10-05,40.5200,43.9800,DOWN,0.1200,0.1599,0.2469,False,0.3458,1.8150,0.7890,2.1380,88.3800,90.9500,86.0000,-3.9400,-6.6500,False,-1.3834,BAJISTA,-9.2300,-9.8000,93.5300,94.1200,105.3900,82.5900,-19.4400,2.8000,0.6130,True,True,85.0600,2,93.5400,True,0.1800,HAMMER,6.4500,5.0000,5.0000,7.5000,8,7.0000,7.0000,False,False,False,False,False,True,4.2800,6.4100,1.5000,SIDI_INTRADAY_V2,0.6186,0.2241,-0.8181,0.7566,294,XLY,True,26.5079,22.8716,-37.1276,3.6370,18.7080,,0.1367,0.1427,0.5164,0.0810,0.1030,,0.7520,1570733824.0000,2650373888.0000,0.5926,67548225536,0.5420,4.9500,0.0000,808960792,5.6500,8.2100,4.8700,3.5700,0.0233,FCF/NI:0.59,1,5.9700,False,True,False,False,False,False,DD12|RSI40|MACD|FUND65|ABNORMAL20,False,3-7d,XLY,,AMZN|TSLA|HD,consumer_spending|employment_data|interest_rates,POST_ANALYSIS_ACTUAL_FILL,LIVE_QUOTE_AT_ANALYSIS,True,1.0000,1.5000,1.0000,-5.0000,7,1.5000,3,SELL_50_PCT_AT_TP1_REST_AT_TP2,MOVE_REMAINDER_TO_BREAK_EVEN,EXIT_AT_OPEN_IF_OPEN_BELOW_SL,SL_FIRST,10,PENDING_ANALYSIS,1.8150,1.8150,2.7225,86.7150,87.6225,80.6550,Indicative levels use the signal close only. Final SL/TP1/TP2 and sizing must be recalculated from the actual post-analysis broker fill.,23,2026-10-28,False,2026-07-29,0.8600,0.8600,17.0000,ALCISTA FUERTE,10,769.6400,7.3400,59.8000,15.3100,SIDI_INTRADAY_V2: Fund≥6.5 · DD60≥12% · RSI<40 · MACD↑ · Vol↓ · SPY20≤+1% · Abnormal20≤-10%,SIDI_INTRADAY_V2,True
DASH,DoorDash,Consumer Discretionary,Specialized Consumer Services,2025-03-24,189.1500,184.8700,189.5600,180.4300,189.1500,2026-10-02,2026-10-05,37.8500,29.3100,UP,-0.7847,-1.4741,-1.8634,True,0.3569,7.7745,0.9740,4.1100,205.8200,186.7300,194.3400,-8.1000,1.3000,True,-0.9318,NEUTRO,-20.1700,-20.8000,236.9300,238.8300,285.5000,143.3000,-33.7500,32.0000,0.9750,False,False,191.7400,1,199.0500,True,1.3700,NONE,6.6000,8.0000,8.5000,5.0000,7,5.0000,5.0000,False,False,True,True,True,False,8.2200,12.3300,1.5000,SIDI_INTRADAY_V2,0.6186,-15.0593,-0.0106,0.9667,294,XLY,True,100.9737,23.2500,8.3781,5.2312,55.6590,0.0889,0.0297,0.0529,0.5222,0.3560,-0.3000,33.2760,1.3680,5147500032.0000,841000000.0000,6.1207,83128213504,1.8930,4.1600,0.0000,409082893,5.5400,5.0000,5.8500,5.8100,0.0619,OK,0,5.9600,False,True,True,False,False,False,VOLUME|FUND65,False,7-15d,XLY,,AMZN|TSLA|HD,consumer_spending|employment_data|interest_rates,POST_ANALYSIS_ACTUAL_FILL,LIVE_QUOTE_AT_ANALYSIS,True,1.0000,1.5000,1.0000,-5.0000,7,1.5000,3,SELL_50_PCT_AT_TP1_REST_AT_TP2,MOVE_REMAINDER_TO_BREAK_EVEN,EXIT_AT_OPEN_IF_OPEN_BELOW_SL,SL_FIRST,10,PENDING_ANALYSIS,7.7745,7.7745,11.6617,196.9245,200.8118,179.6925,Indicative levels use the signal close only. Final SL/TP1/TP2 and sizing must be recalculated from the actual post-analysis broker fill.,30,2026-11-04,False,2026-08-05,0.4600,0.4700,-2.4000,ALCISTA FUERTE,10,769.6400,7.3400,59.8000,15.3100,SIDI_INTRADAY_V2: Fund≥6.5 · DD60≥12% · RSI<40 · MACD↑ · Vol↓ · SPY20≤+1% · Abnormal20≤-10%,SIDI_INTRADAY_V2,True
JCI,Johnson Controls,Industrials,Building Products,2010-08-27,156.2400,154.0000,156.9500,153.1700,156.2400,2026-10-02,2026-10-05,87.4500,59.0300,UP,1.2794,0.9973,1.0059,True,1.0783,3.3003,0.7910,2.1120,145.6600,136.9300,146.9500,7.2600,14.1000,True,2.3448,ALCISTA,0.0000,-0.4500,156.2400,156.9500,156.9500,103.5900,-0.4500,50.8200,0.9640,True,True,136.6600,8,156.6200,False,-12.5300,NONE,7.3500,10.0000,7.0000,7.5000,6,7.0000,5.0000,False,False,False,False,True,True,4.2200,6.3400,1.5000,SIDI_INTRADAY_V2,0.6186,12.3945,0.0099,1.2046,294,XLI,True,44.3856,25.7480,7.0596,3.8078,23.9320,0.1433,0.0540,0.1432,0.3665,0.0930,0.1530,70.1070,1.0000,2984124928.0000,2180000000.0000,1.3689,95177121792,1.2800,3.1400,1.0200,605741470,5.0300,5.4100,5.0700,4.5500,0.0314,OK,0,5.9600,False,True,False,False,False,False,DD12|RSI40|FUND65|ABNORMAL20,False,10-18d,XLI,,CAT|UNP|HON,pmi_manufacturing|supply_chain|capex_cycle,POST_ANALYSIS_ACTUAL_FILL,LIVE_QUOTE_AT_ANALYSIS,True,1.0000,1.5000,1.0000,-5.0000,7,1.5000,3,SELL_50_PCT_AT_TP1_REST_AT_TP2,MOVE_REMAINDER_TO_BREAK_EVEN,EXIT_AT_OPEN_IF_OPEN_BELOW_SL,SL_FIRST,10,PENDING_ANALYSIS,3.3003,3.3003,4.9505,159.5403,161.1904,148.4280,Indicative levels use the signal close only. Final SL/TP1/TP2 and sizing must be recalculated from the actual post-analysis broker fill.,22,2026-10-27,False,2026-07-29,1.4200,1.3000,9.0000,ALCISTA FUERTE,10,769.6400,7.3400,59.8000,15.3100,SIDI_INTRADAY_V2: Fund≥6.5 · DD60≥12% · RSI<40 · MACD↑ · Vol↓ · SPY20≤+1% · Abnormal20≤-10%,SIDI_INTRADAY_V2,True
HD,Home Depot (The),Consumer Discretionary,Home Improvement Retail,1988-03-31,282.8500,286.5600,287.7000,280.8900,282.8500,2026-10-02,2026-10-05,20.3300,25.4100,DOWN,-0.9898,-1.1248,-0.9646,True,0.1136,6.6436,0.8450,2.3490,321.1500,334.6200,298.9200,-11.9200,-15.4700,False,-1.2278,BAJISTA,-19.8800,-20.4900,353.0200,355.7400,389.1800,277.1500,-27.3200,2.0600,0.9340,False,False,284.8500,1,352.9300,True,0.7100,HAMMER|DOJI,6.6500,5.0000,8.5000,5.0000,7,8.0000,7.0000,False,False,True,True,True,False,4.7000,7.0500,1.5000,SIDI_INTRADAY_V2,0.6186,-5.3917,-0.3035,1.0151,294,XLY,True,19.6795,17.5491,16.8901,1.6585,13.9280,1.0430,0.1214,0.0841,0.3280,0.0570,0.0460,380.2610,1.0780,10762625024.0000,14227000320.0000,0.7565,280570265600,0.9990,2.6500,3.3000,997689626,5.4900,4.2100,6.9500,5.2700,0.0384,D/E:380,1,5.9500,False,True,False,False,False,False,VOLUME|FUND65|ABNORMAL20,False,5-10d,XLY,,AMZN|TSLA|MCD,consumer_spending|employment_data|interest_rates,POST_ANALYSIS_ACTUAL_FILL,LIVE_QUOTE_AT_ANALYSIS,True,1.0000,1.5000,1.0000,-5.0000,7,1.5000,3,SELL_50_PCT_AT_TP1_REST_AT_TP2,MOVE_REMAINDER_TO_BREAK_EVEN,EXIT_AT_OPEN_IF_OPEN_BELOW_SL,SL_FIRST,10,PENDING_ANALYSIS,6.6436,6.6436,9.9654,289.4936,292.8154,268.7075,Indicative levels use the signal close only. Final SL/TP1/TP2 and sizing must be recalculated from the actual post-analysis broker fill.,43,2026-11-17,False,2026-08-18,4.9200,4.7300,4.0000,ALCISTA FUERTE,10,769.6400,7.3400,59.8000,15.3100,SIDI_INTRADAY_V2: Fund≥6.5 · DD60≥12% · RSI<40 · MACD↑ · Vol↓ · SPY20≤+1% · Abnormal20≤-10%,SIDI_INTRADAY_V2,True
TT,Trane Technologies,Industrials,Building Products,2010-11-17,463.9100,465.0000,466.3100,456.7300,463.9100,2026-10-02,2026-10-05,81.5800,54.9700,UP,4.2806,3.9870,3.8210,True,0.9457,11.0293,0.8710,2.3770,453.7700,445.9000,447.1400,2.2400,4.0400,True,0.8529,ALCISTA,-3.9200,-5.8100,482.8200,492.5500,504.6800,345.6200,-8.0800,34.2300,1.1420,False,False,462.2500,4,489.8500,True,-0.3600,HAMMER,7.2000,10.0000,7.0000,5.0000,9,5.0000,7.0000,False,False,False,False,True,False,4.7500,7.1300,1.5000,SIDI_INTRADAY_V2,0.6186,7.7518,-0.1123,1.3545,294,XLI,True,34.9773,26.6512,11.9921,4.6501,24.4620,0.3664,0.1100,0.1328,0.3539,0.1060,0.0710,53.4040,1.0730,3121687552.0000,2999600128.0000,1.0407,103277780992,1.1570,3.4300,0.9100,220023177,5.1100,3.9800,6.7800,4.4900,0.0302,OK,0,5.9500,False,True,False,False,False,False,DD12|RSI40|VOLUME|FUND65|ABNORMAL20,False,10-18d,XLI,,CAT|UNP|HON,pmi_manufacturing|supply_chain|capex_cycle,POST_ANALYSIS_ACTUAL_FILL,LIVE_QUOTE_AT_ANALYSIS,True,1.0000,1.5000,1.0000,-5.0000,7,1.5000,3,SELL_50_PCT_AT_TP1_REST_AT_TP2,MOVE_REMAINDER_TO_BREAK_EVEN,EXIT_AT_OPEN_IF_OPEN_BELOW_SL,SL_FIRST,10,PENDING_ANALYSIS,11.0293,11.0293,16.5439,474.9393,480.4540,440.7145,Indicative levels use the signal close only. Final SL/TP1/TP2 and sizing must be recalculated from the actual post-analysis broker fill.,24,2026-10-29,False,2026-07-30,4.3100,4.2600,1.1000,ALCISTA FUERTE,10,769.6400,7.3400,59.8000,15.3100,SIDI_INTRADAY_V2: Fund≥6.5 · DD60≥12% · RSI<40 · MACD↑ · Vol↓ · SPY20≤+1% · Abnormal20≤-10%,SIDI_INTRADAY_V2,True
BAX,Baxter International,Health Care,Health Care Equipment,1972-09-30,23.4900,23.8400,23.8500,23.4000,23.4900,2026-10-02,2026-10-05,44.5700,21.6600,UP,0.0625,0.0611,-0.0114,True,0.4045,0.6486,0.7200,2.7610,25.2500,20.8200,23.9200,-6.9600,12.8500,True,2.6077,NEUTRO,-17.1100,-21.6700,28.3400,29.9900,29.9900,15.7200,-21.6700,49.4700,0.6870,False,False,22.5600,1,23.6100,True,-3.9600,NONE,6.7000,8.5000,7.0000,5.0000,7,7.0000,5.0000,False,False,True,False,True,False,5.5200,8.2800,1.5000,SIDI_INTRADAY_V2,0.6186,-6.3125,0.9439,0.9807,294,XLV,True,,11.7634,1.9956,1.0797,10.4220,-0.1437,0.0285,-0.0927,0.3410,0.0530,0.3680,156.4490,1.9460,1000374976.0000,-968000000.0000,-1.0334,12384638976,0.6510,4.7300,0.1700,516995999,5.4300,6.7100,2.5500,7.3000,0.0808,FCF/NI:-1.03|D/E:156|ROE:-14.4%,3,5.9400,False,True,False,False,False,False,RSI40|VOLUME|FUND65|ABNORMAL20,False,7-15d,XLV,,UNH|JNJ|LLY,fda_calendar|drug_pricing_policy|patent_cliffs,POST_ANALYSIS_ACTUAL_FILL,LIVE_QUOTE_AT_ANALYSIS,True,1.0000,1.5000,1.0000,-5.0000,7,1.5000,3,SELL_50_PCT_AT_TP1_REST_AT_TP2,MOVE_REMAINDER_TO_BREAK_EVEN,EXIT_AT_OPEN_IF_OPEN_BELOW_SL,SL_FIRST,10,PENDING_ANALYSIS,0.6486,0.6486,0.9729,24.1386,24.4629,22.3155,Indicative levels use the signal close only. Final SL/TP1/TP2 and sizing must be recalculated from the actual post-analysis broker fill.,24,2026-10-29,False,2026-07-30,0.5600,0.3700,52.5000,ALCISTA FUERTE,10,769.6400,7.3400,59.8000,15.3100,SIDI_INTRADAY_V2: Fund≥6.5 · DD60≥12% · RSI<40 · MACD↑ · Vol↓ · SPY20≤+1% · Abnormal20≤-10%,SIDI_INTRADAY_V2,True
FRT,Federal Realty Investment Trust,Real Estate,Retail REITs,2016-02-01,106.6900,107.0200,108.9000,106.5000,106.6900,2026-10-02,2026-10-05,18.9500,15.3800,UP,-0.1351,-0.1216,-0.1743,False,0.1442,1.8143,1.0290,1.7000,115.2800,110.1700,110.3600,-7.4500,-3.1600,True,1.5723,BAJISTA,-15.1700,-15.8800,125.7700,126.8400,126.8400,86.3300,-15.8800,23.5800,1.0990,False,False,,0,124.9800,False,,NONE,6.5500,7.0000,8.5000,5.0000,5,8.0000,5.0000,False,False,True,True,False,False,3.4000,5.1000,1.5000,SIDI_INTRADAY_V2,0.6186,-4.3954,-0.0067,0.7447,294,XLRE,True,21.5495,33.9890,2.8920,6.9428,17.2130,0.1255,0.0326,0.3266,0.6814,0.0720,-0.4560,134.1140,0.5640,456137632.0000,426705984.0000,1.0690,9271585792,0.9350,5.6600,4.3500,86389197,5.5100,3.5800,6.3300,6.8200,0.0492,D/E:134,1,5.9300,False,True,False,False,False,False,MACD|VOLUME|FUND65|ABNORMAL20,False,3-7d,XLRE,,PLD|AMT|EQIX,interest_rates|cap_rates|occupancy_trends,POST_ANALYSIS_ACTUAL_FILL,LIVE_QUOTE_AT_ANALYSIS,True,1.0000,1.5000,1.0000,-5.0000,7,1.5000,3,SELL_50_PCT_AT_TP1_REST_AT_TP2,MOVE_REMAINDER_TO_BREAK_EVEN,EXIT_AT_OPEN_IF_OPEN_BELOW_SL,SL_FIRST,10,PENDING_ANALYSIS,1.8143,1.8143,2.7214,108.5043,109.4115,101.3555,Indicative levels use the signal close only. Final SL/TP1/TP2 and sizing must be recalculated from the actual post-analysis broker fill.,25,2026-10-30,False,2026-07-31,0.9700,0.7200,35.3000,ALCISTA FUERTE,10,769.6400,7.3400,59.8000,15.3100,SIDI_INTRADAY_V2: Fund≥6.5 · DD60≥12% · RSI<40 · MACD↑ · Vol↓ · SPY20≤+1% · Abnormal20≤-10%,SIDI_INTRADAY_V2,True
KVUE,Kenvue,Consumer Staples,Personal Care Products,2023-08-25,17.2000,17.3300,17.3800,17.1610,17.2000,2026-10-02,2026-10-05,35.4800,32.5000,UP,-0.0169,0.0020,0.0397,False,0.0589,0.2863,0.7290,1.6650,18.4100,17.5300,17.8000,-6.5600,-1.9000,True,0.9160,BAJISTA,-11.0700,-12.2100,19.3400,19.5900,19.6700,13.2200,-12.5700,30.1200,0.5280,True,True,16.3600,2,17.4000,False,-4.9000,NONE,7.1500,7.0000,7.5000,7.5000,5,10.0000,5.0000,False,False,False,True,False,True,3.3300,4.9900,1.5000,SIDI_INTRADAY_V2,0.6186,-4.5031,0.2072,0.9523,294,XLP,True,20.1047,13.9457,3.1459,2.1554,11.6460,0.1558,0.0699,0.1076,0.5844,0.0300,0.0850,81.6170,1.0050,1907500032.0000,1658000000.0000,1.1505,33210175488,0.4470,2.1200,4.8800,1920773467,5.1200,2.9200,5.5100,7.2400,0.0574,D/E:82,1,5.9300,False,True,False,False,False,False,DD12|MACD|FUND65|ABNORMAL20,False,3-7d,XLP,,PG|KO|PEP,inflation|input_costs|fx_rates,POST_ANALYSIS_ACTUAL_FILL,LIVE_QUOTE_AT_ANALYSIS,True,1.0000,1.5000,1.0000,-5.0000,7,1.5000,3,SELL_50_PCT_AT_TP1_REST_AT_TP2,MOVE_REMAINDER_TO_BREAK_EVEN,EXIT_AT_OPEN_IF_OPEN_BELOW_SL,SL_FIRST,10,PENDING_ANALYSIS,0.2863,0.2863,0.4294,17.4863,17.6294,16.3400,Indicative levels use the signal close only. Final SL/TP1/TP2 and sizing must be recalculated from the actual post-analysis broker fill.,31,2026-11-05,False,2026-08-06,0.3100,0.3200,-2.8000,ALCISTA FUERTE,10,769.6400,7.3400,59.8000,15.3100,SIDI_INTRADAY_V2: Fund≥6.5 · DD60≥12% · RSI<40 · MACD↑ · Vol↓ · SPY20≤+1% · Abnormal20≤-10%,SIDI_INTRADAY_V2,True
MGM,MGM Resorts,Consumer Discretionary,Casinos & Gaming,2017-07-26,30.4800,30.6000,30.6400,29.9200,30.4800,2026-10-02,2026-10-05,9.5200,10.5800,DOWN,-0.6422,-0.7109,-0.7209,True,0.1074,1.3029,1.3220,4.2740,40.9800,39.7500,35.7500,-25.6300,-23.3200,True,0.5276,BAJISTA,-35.4800,-36.8300,47.2400,48.2500,51.5900,29.1900,-40.9200,4.4200,0.8310,False,False,,0,40.9400,False,,HAMMER,6.6000,7.0000,8.5000,5.0000,4,8.0000,7.0000,False,False,True,True,True,False,8.5500,12.8200,1.5000,SIDI_INTRADAY_V2,0.6186,-29.8580,0.4576,0.0507,294,XLY,True,18.9074,15.5079,3.0655,0.4339,16.0580,0.1892,0.0177,0.0240,0.4416,0.0100,5.1940,893.3110,1.3350,878991104.0000,423588000.0000,2.0751,7706285568,1.3510,9.7500,0.0000,251592756,5.4600,5.0300,4.3700,7.2500,0.1141,D/E:893,1,5.9200,False,True,True,False,False,False,VOLUME|FUND65,False,3-7d,XLY,,AMZN|TSLA|HD,consumer_spending|employment_data|interest_rates,POST_ANALYSIS_ACTUAL_FILL,LIVE_QUOTE_AT_ANALYSIS,True,1.0000,1.5000,1.0000,-5.0000,7,1.5000,3,SELL_50_PCT_AT_TP1_REST_AT_TP2,MOVE_REMAINDER_TO_BREAK_EVEN,EXIT_AT_OPEN_IF_OPEN_BELOW_SL,SL_FIRST,10,PENDING_ANALYSIS,1.3029,1.3029,1.9543,31.7829,32.4344,28.9560,Indicative levels use the signal close only. Final SL/TP1/TP2 and sizing must be recalculated from the actual post-analysis broker fill.,23,2026-10-28,False,2026-07-29,0.5900,0.5800,1.9000,ALCISTA FUERTE,10,769.6400,7.3400,59.8000,15.3100,SIDI_INTRADAY_V2: Fund≥6.5 · DD60≥12% · RSI<40 · MACD↑ · Vol↓ · SPY20≤+1% · Abnormal20≤-10%,SIDI_INTRADAY_V2,True
LYV,Live Nation Entertainment,Communication Services,Movies & Entertainment,2019-12-23,168.7700,167.9000,169.4600,166.5900,168.7700,2026-10-02,2026-10-05,43.1600,42.2200,UP,0.1980,0.1833,0.4430,True,0.3021,3.7329,0.8490,2.2120,177.2400,163.8000,171.2800,-4.7800,3.0400,True,2.2218,NEUTRO,-10.4500,-10.8200,188.4600,189.2500,189.2500,125.3400,-10.8200,34.6500,0.9980,False,False,166.1500,1,188.3500,True,-1.5500,NONE,6.4000,8.5000,7.0000,5.0000,7,5.0000,5.0000,False,False,False,False,True,False,4.4200,6.6400,1.5000,SIDI_INTRADAY_V2,0.6186,-5.4631,0.3593,0.4936,294,XLC,True,,87.1842,476.4846,1.5083,27.8980,0.1768,0.0210,0.0051,0.2578,0.0940,1.5620,620.2140,0.8520,1695030656.0000,-258028992.0000,-6.5691,39627575296,1.1710,13.0500,0.0000,232959505,5.5900,7.1100,4.1200,5.5400,0.0428,FCF/NI:-6.57|D/E:620,2,5.9100,False,True,False,False,False,False,DD12|RSI40|VOLUME|FUND65|ABNORMAL20,False,7-15d,XLC,,GOOGL|META|NFLX,ad_spending_cycle|streaming_competition|regulation,POST_ANALYSIS_ACTUAL_FILL,LIVE_QUOTE_AT_ANALYSIS,True,1.0000,1.5000,1.0000,-5.0000,7,1.5000,3,SELL_50_PCT_AT_TP1_REST_AT_TP2,MOVE_REMAINDER_TO_BREAK_EVEN,EXIT_AT_OPEN_IF_OPEN_BELOW_SL,SL_FIRST,10,PENDING_ANALYSIS,3.7329,3.7329,5.5993,172.5029,174.3693,160.3315,Indicative levels use the signal close only. Final SL/TP1/TP2 and sizing must be recalculated from the actual post-analysis broker fill.,29,2026-11-03,False,2026-07-30,1.0500,0.5700,82.9000,ALCISTA FUERTE,10,769.6400,7.3400,59.8000,15.3100,SIDI_INTRADAY_V2: Fund≥6.5 · DD60≥12% · RSI<40 · MACD↑ · Vol↓ · SPY20≤+1% · Abnormal20≤-10%,SIDI_INTRADAY_V2,True
UPS,United Parcel Service,Industrials,Air Freight & Logistics,2002-07-22,93.0200,94.2400,94.7600,92.6600,93.0200,2026-10-02,2026-10-05,26.1400,32.4000,DOWN,-0.2510,-0.3057,-0.4946,True,0.1958,2.1529,0.8810,2.3140,101.4100,102.4300,96.8000,-8.2700,-9.1900,False,0.5700,BAJISTA,-19.7200,-20.2000,115.8700,116.5600,116.8600,76.9500,-20.4000,20.8900,0.9710,True,True,92.3100,3,103.6600,True,-0.7700,HAMMER|DOJI,7.3300,5.5000,8.5000,7.5000,9,6.5000,7.0000,True,True,True,True,True,True,4.6300,6.9400,1.5000,SIDI_INTRADAY_V2,0.6186,-9.1188,0.4334,0.5448,294,XLI,True,17.2602,11.5159,5.2448,0.8785,8.5400,0.2960,0.0728,0.0508,0.2241,0.0760,-0.5300,189.9000,1.1790,5593999872.0000,4569999872.0000,1.2241,79003574272,1.0460,6.5300,7.0500,749349405,4.9600,1.9300,5.6200,7.7200,0.0708,D/E:190,1,5.9100,False,True,False,True,False,False,FUND65|ABNORMAL20,False,5-10d,XLI,,CAT|UNP|HON,pmi_manufacturing|supply_chain|capex_cycle,POST_ANALYSIS_ACTUAL_FILL,LIVE_QUOTE_AT_ANALYSIS,True,1.0000,1.5000,1.0000,-5.0000,7,1.5000,3,SELL_50_PCT_AT_TP1_REST_AT_TP2,MOVE_REMAINDER_TO_BREAK_EVEN,EXIT_AT_OPEN_IF_OPEN_BELOW_SL,SL_FIRST,10,PENDING_ANALYSIS,2.1529,2.1529,3.2293,95.1729,96.2493,88.3690,Indicative levels use the signal close only. Final SL/TP1/TP2 and sizing must be recalculated from the actual post-analysis broker fill.,22,2026-10-27,False,2026-07-28,1.7600,1.6600,5.8000,ALCISTA FUERTE,10,769.6400,7.3400,59.8000,15.3100,SIDI_INTRADAY_V2: Fund≥6.5 · DD60≥12% · RSI<40 · MACD↑ · Vol↓ · SPY20≤+1% · Abnormal20≤-10%,SIDI_INTRADAY_V2,True
ACGL,Arch Capital Group,Financials,Property & Casualty Insurance,2022-11-01,93.6000,94.1000,94.4000,92.4800,93.6000,2026-10-02,2026-10-05,27.9600,30.7600,DOWN,-0.1724,-0.1874,-0.1172,True,0.1336,1.8786,0.8910,2.0070,98.2000,96.3700,95.6100,-4.6900,-2.8700,True,0.3123,BAJISTA,-12.1000,-12.6000,106.4800,107.0900,107.0900,82.4500,-12.6000,13.5200,0.7000,False,False,94.6500,1,105.0900,True,1.1200,HAMMER,7.2000,7.0000,8.5000,5.0000,8,8.0000,7.0000,False,False,True,True,True,False,4.0100,6.0200,1.5000,SIDI_INTRADAY_V2,0.6186,2.2240,-0.7968,1.0230,294,XLF,True,7.4053,9.6998,1.3853,1.6780,5.8330,0.1994,0.0412,0.2440,0.3876,-0.1050,-0.0710,17.8360,0.5890,4302125056.0000,4652000256.0000,0.9248,32272240640,0.2560,2.5000,0.0000,341000000,5.0400,0.0000,7.1800,8.4300,0.1333,RevG:-10.5%,1,5.9000,False,True,False,False,False,False,VOLUME|FUND65|ABNORMAL20,False,5-10d,XLF,,JPM|BAC|WFC,interest_rates|yield_curve|credit_spreads|loan_growth,POST_ANALYSIS_ACTUAL_FILL,LIVE_QUOTE_AT_ANALYSIS,True,1.0000,1.5000,1.0000,-5.0000,7,1.5000,3,SELL_50_PCT_AT_TP1_REST_AT_TP2,MOVE_REMAINDER_TO_BREAK_EVEN,EXIT_AT_OPEN_IF_OPEN_BELOW_SL,SL_FIRST,10,PENDING_ANALYSIS,1.8786,1.8786,2.8179,95.4786,96.4179,88.9200,Indicative levels use the signal close only. Final SL/TP1/TP2 and sizing must be recalculated from the actual post-analysis broker fill.,22,2026-10-27,False,2026-07-28,2.5600,2.4600,4.0000,ALCISTA FUERTE,10,769.6400,7.3400,59.8000,15.3100,SIDI_INTRADAY_V2: Fund≥6.5 · DD60≥12% · RSI<40 · MACD↑ · Vol↓ · SPY20≤+1% · Abnormal20≤-10%,SIDI_INTRADAY_V2,True
AZO,AutoZone,Consumer Discretionary,Automotive Retail,1997-01-02,2792.0300,2840.0000,2840.0400,2781.6101,2792.0300,2026-10-02,2026-10-05,33.2600,39.9200,DOWN,-1.5582,1.2472,5.9736,False,0.0978,89.2571,1.0690,3.1970,2963.6500,3296.6800,2876.4000,-5.7900,-15.3100,False,-2.6324,BAJISTA,-11.1400,-11.9800,3142.1700,3172.0700,4293.0298,2756.1299,-34.9600,1.3000,0.4150,False,False,2764.8799,1,2999.3000,True,-0.9700,HAMMER,6.2500,5.0000,6.5000,5.0000,7,8.0000,7.0000,False,False,False,True,False,False,6.3900,9.5900,1.5000,SIDI_INTRADAY_V2,0.6186,-0.3530,-0.7866,0.8002,294,XLY,True,18.2687,14.4870,-18.0112,2.2161,13.2870,,0.1135,0.1265,0.5234,0.0560,0.1500,,0.9010,,2572776960.0000,,45072289792,0.3980,1.6400,0.0000,16173000,5.6600,7.4500,4.9100,4.4300,,OK,0,5.9000,False,True,False,False,False,False,DD12|MACD|VOLUME|FUND65|ABNORMAL20,False,3-7d,XLY,,AMZN|TSLA|HD,consumer_spending|employment_data|interest_rates,POST_ANALYSIS_ACTUAL_FILL,LIVE_QUOTE_AT_ANALYSIS,True,1.0000,1.5000,1.0000,-5.0000,7,1.5000,3,SELL_50_PCT_AT_TP1_REST_AT_TP2,MOVE_REMAINDER_TO_BREAK_EVEN,EXIT_AT_OPEN_IF_OPEN_BELOW_SL,SL_FIRST,10,PENDING_ANALYSIS,89.2571,89.2571,133.8856,2881.2871,2925.9157,2652.4285,Indicative levels use the signal close only. Final SL/TP1/TP2 and sizing must be recalculated from the actual post-analysis broker fill.,64,2026-12-08,False,2026-09-22,56.0500,53.8900,4.0000,ALCISTA FUERTE,10,769.6400,7.3400,59.8000,15.3100,SIDI_INTRADAY_V2: Fund≥6.5 · DD60≥12% · RSI<40 · MACD↑ · Vol↓ · SPY20≤+1% · Abnormal20≤-10%,SIDI_INTRADAY_V2,True
DAL,Delta Air Lines,Industrials,Passenger Airlines,2013-09-11,84.0900,85.7600,86.1700,83.3400,84.0900,2026-10-02,2026-10-05,62.4600,63.9900,DOWN,0.5918,0.6717,0.8679,False,0.7729,2.4371,0.9910,2.8980,84.0800,75.5400,82.5600,0.0100,11.3200,True,2.4083,ALCISTA,-9.7200,-11.4900,93.1400,95.0100,95.4400,54.6000,-11.9000,54.0100,1.1060,False,False,80.6600,2,83.6200,False,-4.0800,HAMMER,6.0500,10.0000,5.0000,5.0000,4,5.0000,7.0000,False,False,False,False,False,False,5.8000,8.6900,1.5000,SIDI_INTRADAY_V2,0.6186,6.5062,0.7469,0.8623,294,XLI,True,13.9254,10.3477,2.5176,0.8088,9.5140,0.2013,0.0402,0.0578,0.1870,0.1870,-0.2540,96.6490,0.4240,2817374976.0000,3950000128.0000,0.7133,55220609024,1.3360,5.0700,1.0200,657623030,5.7800,5.0000,4.3100,8.4200,0.0510,FCF/NI:0.71|D/E:97,2,5.8900,False,True,False,False,False,False,DD12|RSI40|MACD|VOLUME|FUND65|ABNORMAL20,False,10-18d,XLI,,CAT|UNP|HON,pmi_manufacturing|supply_chain|capex_cycle,POST_ANALYSIS_ACTUAL_FILL,LIVE_QUOTE_AT_ANALYSIS,True,1.0000,1.5000,1.0000,-5.0000,7,1.5000,3,SELL_50_PCT_AT_TP1_REST_AT_TP2,MOVE_REMAINDER_TO_BREAK_EVEN,EXIT_AT_OPEN_IF_OPEN_BELOW_SL,SL_FIRST,10,PENDING_ANALYSIS,2.4371,2.4371,3.6557,86.5271,87.7456,79.8855,Indicative levels use the signal close only. Final SL/TP1/TP2 and sizing must be recalculated from the actual post-analysis broker fill.,4,2026-10-09,True,2026-07-10,1.5600,1.4900,4.5000,ALCISTA FUERTE,10,769.6400,7.3400,59.8000,15.3100,SIDI_INTRADAY_V2: Fund≥6.5 · DD60≥12% · RSI<40 · MACD↑ · Vol↓ · SPY20≤+1% · Abnormal20≤-10%,SIDI_INTRADAY_V2,True
HLT,Hilton Worldwide,Consumer Discretionary,"Hotels, Resorts & Cruise Lines",2017-06-19,319.3600,319.0000,321.5900,316.7700,319.3600,2026-10-02,2026-10-05,60.1100,53.8200,UP,1.8131,1.8380,2.2385,False,0.8676,6.2929,0.8780,1.9700,317.5500,315.8600,314.3800,0.5700,1.1100,True,1.1314,ALCISTA,-4.7600,-6.0800,335.3300,340.0500,357.8400,253.0400,-10.7500,26.2100,0.6700,True,True,308.8500,3,330.5300,True,-3.2900,HAMMER|DOJI,7.5000,10.0000,6.0000,7.5000,9,5.0000,7.0000,False,False,False,False,False,True,3.9400,5.9100,1.5000,SIDI_INTRADAY_V2,0.6186,3.6584,0.0943,0.4969,294,XLY,True,46.5894,30.3911,-11.3775,14.0110,27.5010,,0.1103,0.3103,0.7904,0.0250,0.1410,,0.6490,1393874944.0000,1584000000.0000,0.8800,71512121344,1.1050,3.0700,0.1900,225064910,4.8200,5.8200,5.5800,2.7700,0.0195,OK,0,5.8900,False,True,False,False,False,False,DD12|RSI40|MACD|FUND65|ABNORMAL20,False,10-18d,XLY,,AMZN|TSLA|HD,consumer_spending|employment_data|interest_rates,POST_ANALYSIS_ACTUAL_FILL,LIVE_QUOTE_AT_ANALYSIS,True,1.0000,1.5000,1.0000,-5.0000,7,1.5000,3,SELL_50_PCT_AT_TP1_REST_AT_TP2,MOVE_REMAINDER_TO_BREAK_EVEN,EXIT_AT_OPEN_IF_OPEN_BELOW_SL,SL_FIRST,10,PENDING_ANALYSIS,6.2929,6.2929,9.4394,325.6529,328.7994,303.3920,Indicative levels use the signal close only. Final SL/TP1/TP2 and sizing must be recalculated from the actual post-analysis broker fill.,22,2026-10-27,False,2026-07-28,2.2900,2.2700,78.0000,ALCISTA FUERTE,10,769.6400,7.3400,59.8000,15.3100,SIDI_INTRADAY_V2: Fund≥6.5 · DD60≥12% · RSI<40 · MACD↑ · Vol↓ · SPY20≤+1% · Abnormal20≤-10%,SIDI_INTRADAY_V2,True
KEY,KeyCorp,Financials,Regional Banks,1994-03-01,20.0800,20.1500,20.2700,20.0000,20.0800,2026-10-02,2026-10-05,21.3600,26.1400,DOWN,-0.0532,-0.0682,-0.0809,True,0.2147,0.4343,0.9990,2.1630,21.7000,21.2600,20.7700,-7.4700,-5.5300,True,1.3290,BAJISTA,-15.5000,-15.7800,23.7600,23.8400,23.8400,15.8200,-15.7800,26.9300,0.8050,False,False,20.3400,2,23.4200,True,1.2900,HAMMER,6.9800,7.0000,8.5000,5.0000,8,6.5000,7.0000,False,False,True,True,True,False,4.3300,6.4900,1.5000,SIDI_INTRADAY_V2,0.6186,-0.8216,0.1931,0.9456,294,XLF,True,11.7442,9.4482,1.2519,2.9244,,0.1033,0.0108,0.2754,0.0000,0.1010,0.2530,,,,1886000000.0000,,21555998720,1.0870,2.9700,4.0800,1067128554,5.1600,5.4600,4.4300,5.6500,,OK,0,5.8900,False,True,False,False,False,False,VOLUME|FUND65|ABNORMAL20,False,5-10d,XLF,,JPM|BAC|WFC,interest_rates|yield_curve|credit_spreads|loan_growth,POST_ANALYSIS_ACTUAL_FILL,LIVE_QUOTE_AT_ANALYSIS,True,1.0000,1.5000,1.0000,-5.0000,7,1.5000,3,SELL_50_PCT_AT_TP1_REST_AT_TP2,MOVE_REMAINDER_TO_BREAK_EVEN,EXIT_AT_OPEN_IF_OPEN_BELOW_SL,SL_FIRST,10,PENDING_ANALYSIS,0.4343,0.4343,0.6515,20.5143,20.7314,19.0760,Indicative levels use the signal close only. Final SL/TP1/TP2 and sizing must be recalculated from the actual post-analysis broker fill.,15,2026-10-20,False,2026-07-21,0.4400,0.4200,4.4000,ALCISTA FUERTE,10,769.6400,7.3400,59.8000,15.3100,SIDI_INTRADAY_V2: Fund≥6.5 · DD60≥12% · RSI<40 · MACD↑ · Vol↓ · SPY20≤+1% · Abnormal20≤-10%,SIDI_INTRADAY_V2,True
PM,Philip Morris International,Consumer Staples,Tobacco,2008-03-31,187.4600,186.8800,189.1000,185.8800,187.4600,2026-10-02,2026-10-05,37.1000,66.0600,DOWN,-0.1965,-0.0754,0.3581,False,0.4274,4.1563,0.8560,2.2170,188.4000,174.9600,188.6400,-0.5000,7.1400,True,2.3531,NEUTRO,-5.5500,-9.0000,198.4700,205.9900,205.9900,137.2500,-9.0000,36.5800,0.6920,True,True,183.1600,4,188.9600,True,-2.3000,NONE,7.1000,8.5000,6.5000,7.5000,9,5.0000,5.0000,False,False,False,True,False,True,4.4300,6.6500,1.5000,SIDI_INTRADAY_V2,0.6186,6.0240,-0.0986,1.1742,294,XLP,True,27.1954,20.5946,-34.3708,6.9342,18.7200,,0.1459,0.2556,0.6748,0.1040,-0.0750,,0.9800,9714374656.0000,10844000256.0000,0.8958,295014334464,0.3600,3.2300,3.4100,1558613439,5.0800,5.0000,5.6800,4.4800,0.0329,OK,0,5.8900,False,True,False,False,False,False,DD12|MACD|FUND65|ABNORMAL20,False,7-15d,XLP,,PG|KO|PEP,inflation|input_costs|fx_rates,POST_ANALYSIS_ACTUAL_FILL,LIVE_QUOTE_AT_ANALYSIS,True,1.0000,1.5000,1.0000,-5.0000,7,1.5000,3,SELL_50_PCT_AT_TP1_REST_AT_TP2,MOVE_REMAINDER_TO_BREAK_EVEN,EXIT_AT_OPEN_IF_OPEN_BELOW_SL,SL_FIRST,10,PENDING_ANALYSIS,4.1563,4.1563,6.2344,191.6163,193.6945,178.0870,Indicative levels use the signal close only. Final SL/TP1/TP2 and sizing must be recalculated from the actual post-analysis broker fill.,16,2026-10-21,False,2026-07-22,2.2000,2.0500,7.3000,ALCISTA FUERTE,10,769.6400,7.3400,59.8000,15.3100,SIDI_INTRADAY_V2: Fund≥6.5 · DD60≥12% · RSI<40 · MACD↑ · Vol↓ · SPY20≤+1% · Abnormal20≤-10%,SIDI_INTRADAY_V2,True
GDDY,GoDaddy,Information Technology,Internet Services & Infrastructure,2024-06-24,97.2100,96.8800,97.4030,95.6200,97.2100,2026-10-02,2026-10-05,40.3800,45.9000,DOWN,-0.4999,-0.6419,-0.8395,True,0.4472,4.9893,1.0600,5.1320,96.6600,93.4200,97.4500,0.5700,4.0600,True,-2.9881,ALCISTA,-7.5100,-11.9100,105.1000,110.3500,139.4400,71.5900,-30.2900,35.7900,0.6380,True,True,92.1000,2,97.0000,False,-5.2600,HAMMER|HAMMER,6.6500,9.5000,6.0000,7.5000,4,5.0000,7.0000,False,False,False,False,True,True,10.2600,15.4000,1.5000,SIDI_INTRADAY_V2,0.6186,-5.2892,1.1706,-0.7432,294,XLK,True,14.6592,8.9331,1858.6793,2.4443,10.8410,4.4286,0.0988,0.1783,0.6380,0.0660,0.2980,57334.3300,0.6320,1204950016.0000,910300032.0000,1.3237,12476065792,0.9400,4.4800,0.0000,126647704,5.3700,1.6300,6.5800,8.3100,0.0966,D/E:57334,1,5.8800,False,True,False,False,False,False,DD12|RSI40|FUND65|ABNORMAL20,False,10-18d,XLK,,AAPL|MSFT|NVDA,interest_rates|ai_capex_cycle|semiconductor_cycle,POST_ANALYSIS_ACTUAL_FILL,LIVE_QUOTE_AT_ANALYSIS,True,1.0000,1.5000,1.0000,-5.0000,7,1.5000,3,SELL_50_PCT_AT_TP1_REST_AT_TP2,MOVE_REMAINDER_TO_BREAK_EVEN,EXIT_AT_OPEN_IF_OPEN_BELOW_SL,SL_FIRST,10,PENDING_ANALYSIS,4.9893,4.9893,7.4840,102.1993,104.6940,92.3495,Indicative levels use the signal close only. Final SL/TP1/TP2 and sizing must be recalculated from the actual post-analysis broker fill.,24,2026-10-29,False,2026-07-30,1.8300,1.6900,8.0000,ALCISTA FUERTE,10,769.6400,7.3400,59.8000,15.3100,SIDI_INTRADAY_V2: Fund≥6.5 · DD60≥12% · RSI<40 · MACD↑ · Vol↓ · SPY20≤+1% · Abnormal20≤-10%,SIDI_INTRADAY_V2,True
AMAT,Applied Materials,Information Technology,Semiconductor Materials & Equipment,1995-03-16,540.0400,543.2100,547.2500,535.1000,540.0400,2026-10-02,2026-10-05,92.9000,60.0700,UP,12.0891,11.3482,9.8693,True,0.9997,17.9564,0.5910,3.3250,486.8900,426.9600,484.7900,10.9200,26.4900,True,5.3841,ALCISTA,-10.2700,-11.9700,601.8600,613.4800,738.8800,202.2800,-26.9100,166.9700,0.9590,True,True,527.0700,1,563.1600,True,-2.4000,NONE,7.5000,10.0000,7.0000,7.5000,7,7.0000,5.0000,False,False,False,False,True,True,6.6500,9.9800,1.5000,SIDI_INTRADAY_V2,0.6186,9.6600,-0.9626,2.1061,294,XLK,True,46.4883,29.1783,16.6858,13.8661,42.0170,0.4107,0.1548,0.3005,0.4940,0.2480,0.4280,28.6660,2.4230,3075375104.0000,9267000320.0000,0.3319,427590287360,1.5910,2.2000,0.3900,793597443,4.7700,4.7500,6.5900,2.6800,0.0072,FCF/NI:0.33,1,5.8600,False,True,False,False,False,False,DD12|RSI40|FUND65|ABNORMAL20,False,10-18d,XLK,,AAPL|MSFT|NVDA,interest_rates|ai_capex_cycle|semiconductor_cycle,POST_ANALYSIS_ACTUAL_FILL,LIVE_QUOTE_AT_ANALYSIS,True,1.0000,1.5000,1.0000,-5.0000,7,1.5000,3,SELL_50_PCT_AT_TP1_REST_AT_TP2,MOVE_REMAINDER_TO_BREAK_EVEN,EXIT_AT_OPEN_IF_OPEN_BELOW_SL,SL_FIRST,10,PENDING_ANALYSIS,17.9564,17.9564,26.9346,557.9964,566.9746,513.0380,Indicative levels use the signal close only. Final SL/TP1/TP2 and sizing must be recalculated from the actual post-analysis broker fill.,38,2026-11-12,False,2026-08-13,3.5000,3.3900,3.1000,ALCISTA FUERTE,10,769.6400,7.3400,59.8000,15.3100,SIDI_INTRADAY_V2: Fund≥6.5 · DD60≥12% · RSI<40 · MACD↑ · Vol↓ · SPY20≤+1% · Abnormal20≤-10%,SIDI_INTRADAY_V2,True
KDP,Keurig Dr Pepper,Consumer Staples,Soft Drinks & Non-alcoholic Beverages,2022-06-21,30.3700,30.9800,30.9800,30.2800,30.3700,2026-10-02,2026-10-05,42.6500,44.7200,DOWN,-0.1154,-0.0983,-0.0466,False,0.1333,0.8307,0.9760,2.7350,31.0400,28.9900,31.0800,-2.1700,4.7500,True,1.3640,NEUTRO,-6.9600,-7.7800,32.6400,32.9300,33.5800,24.2600,-9.5500,25.2000,0.9160,False,False,30.3400,1,31.8800,True,-0.1000,NONE,6.4500,8.5000,5.0000,5.0000,7,8.0000,5.0000,False,False,False,False,False,False,5.4700,8.2100,1.5000,SIDI_INTRADAY_V2,0.6186,-4.6789,0.0628,1.0552,294,XLP,True,31.1010,12.1475,1.6738,2.0856,17.0470,0.0510,0.0338,0.0710,0.5096,0.7560,-0.9000,99.6490,0.4790,4607249920.0000,1344999936.0000,3.4255,41899831296,0.4100,8.7500,3.0300,1360826038,5.4600,5.0000,4.3600,7.2900,0.1100,D/E:100,1,5.8600,False,True,False,False,False,False,DD12|RSI40|MACD|VOLUME|FUND65|ABNORMAL20,False,7-15d,XLP,,PG|KO|PEP,inflation|input_costs|fx_rates,POST_ANALYSIS_ACTUAL_FILL,LIVE_QUOTE_AT_ANALYSIS,True,1.0000,1.5000,1.0000,-5.0000,7,1.5000,3,SELL_50_PCT_AT_TP1_REST_AT_TP2,MOVE_REMAINDER_TO_BREAK_EVEN,EXIT_AT_OPEN_IF_OPEN_BELOW_SL,SL_FIRST,10,PENDING_ANALYSIS,0.8307,0.8307,1.2460,31.2007,31.6161,28.8515,Indicative levels use the signal close only. Final SL/TP1/TP2 and sizing must be recalculated from the actual post-analysis broker fill.,29,2026-11-03,False,2026-08-06,0.5700,0.5400,6.2000,ALCISTA FUERTE,10,769.6400,7.3400,59.8000,15.3100,SIDI_INTRADAY_V2: Fund≥6.5 · DD60≥12% · RSI<40 · MACD↑ · Vol↓ · SPY20≤+1% · Abnormal20≤-10%,SIDI_INTRADAY_V2,True
CNC,Centene Corporation,Health Care,Managed Health Care,2016-03-30,62.9900,61.0000,63.3600,60.7500,62.9900,2026-10-02,2026-10-05,27.1000,35.5800,DOWN,-0.3063,-0.4553,-0.4938,True,0.3515,2.1200,0.8630,3.3660,64.7100,52.7900,63.7200,-2.6600,19.3200,True,5.1880,NEUTRO,-9.2500,-9.5400,69.4100,69.6300,69.6300,31.6300,-9.5400,99.1500,0.7560,True,True,63.3600,3,66.5500,True,0.5900,HAMMER|DOJI,7.7000,8.5000,8.5000,7.5000,9,5.0000,7.0000,False,False,False,True,True,True,6.7300,10.1000,1.5000,SIDI_INTRADAY_V2,0.6186,-17.2456,0.0986,0.2822,294,XLV,True,,11.8910,1.3923,0.1742,4.3990,-0.2036,0.0248,-0.0283,0.1142,0.0460,,71.0820,1.1450,9639624704.0000,-5100000256.0000,-1.8901,31413143552,1.1300,3.5600,0.0000,493995000,4.6100,3.9200,2.7100,7.6400,0.3069,FCF/NI:-1.89|ROE:-20.4%,2,5.8500,False,True,True,False,False,False,DD12|FUND65,False,5-10d,XLV,,UNH|JNJ|LLY,fda_calendar|drug_pricing_policy|patent_cliffs,POST_ANALYSIS_ACTUAL_FILL,LIVE_QUOTE_AT_ANALYSIS,True,1.0000,1.5000,1.0000,-5.0000,7,1.5000,3,SELL_50_PCT_AT_TP1_REST_AT_TP2,MOVE_REMAINDER_TO_BREAK_EVEN,EXIT_AT_OPEN_IF_OPEN_BELOW_SL,SL_FIRST,10,PENDING_ANALYSIS,2.1200,2.1200,3.1800,65.1100,66.1700,59.8405,Indicative levels use the signal close only. Final SL/TP1/TP2 and sizing must be recalculated from the actual post-analysis broker fill.,22,2026-10-27,False,2026-07-28,2.5100,1.0800,132.6000,ALCISTA FUERTE,10,769.6400,7.3400,59.8000,15.3100,SIDI_INTRADAY_V2: Fund≥6.5 · DD60≥12% · RSI<40 · MACD↑ · Vol↓ · SPY20≤+1% · Abnormal20≤-10%,SIDI_INTRADAY_V2,True
HII,Huntington Ingalls Industries,Industrials,Aerospace & Defense,2018-01-03,268.5400,274.9000,275.5100,267.3100,268.5400,2026-10-02,2026-10-05,39.0800,17.9200,UP,0.5213,0.1995,-1.4797,True,0.3414,7.2500,0.8290,2.7000,293.5800,341.4300,274.2700,-8.5300,-21.3500,False,-1.0233,BAJISTA,-18.4400,-19.3500,329.2700,332.9800,455.9000,256.7900,-41.1000,4.5800,1.2570,False,False,262.4000,1,294.8200,True,-2.2900,HAMMER|DOJI,6.2000,5.0000,8.5000,5.0000,7,5.0000,7.0000,False,False,True,True,True,False,5.4000,8.1000,1.5000,SIDI_INTRADAY_V2,0.6186,-0.0407,0.0417,0.6620,294,XLI,True,15.8525,12.7674,1.9732,0.7950,11.5420,0.1297,0.0428,0.0501,0.1240,0.1090,0.3650,55.2520,1.2300,-300249984.0000,661000000.0000,-0.4542,10481820672,0.2100,3.0100,2.0600,39404598,5.6200,7.9800,4.0100,4.7500,-0.0286,FCF/NI:-0.45,1,5.8500,False,True,False,False,False,False,VOLUME|FUND65|ABNORMAL20,False,3-7d,XLI,,CAT|UNP|HON,pmi_manufacturing|supply_chain|capex_cycle,POST_ANALYSIS_ACTUAL_FILL,LIVE_QUOTE_AT_ANALYSIS,True,1.0000,1.5000,1.0000,-5.0000,7,1.5000,3,SELL_50_PCT_AT_TP1_REST_AT_TP2,MOVE_REMAINDER_TO_BREAK_EVEN,EXIT_AT_OPEN_IF_OPEN_BELOW_SL,SL_FIRST,10,PENDING_ANALYSIS,7.2500,7.2500,10.8750,275.7900,279.4150,255.1130,Indicative levels use the signal close only. Final SL/TP1/TP2 and sizing must be recalculated from the actual post-analysis broker fill.,24,2026-10-29,False,2026-07-30,5.2700,3.8200,38.0000,ALCISTA FUERTE,10,769.6400,7.3400,59.8000,15.3100,SIDI_INTRADAY_V2: Fund≥6.5 · DD60≥12% · RSI<40 · MACD↑ · Vol↓ · SPY20≤+1% · Abnormal20≤-10%,SIDI_INTRADAY_V2,True
BE,Bloom Energy,Industrials,Electrical Components & Equipment,2026-09-21,289.1500,284.0000,297.5900,283.1000,289.1500,2026-10-02,2026-10-05,59.8900,61.1500,DOWN,0.0514,-0.3056,0.7284,True,0.8897,20.7056,0.8970,7.1610,236.1600,207.4200,267.8400,22.4400,39.4000,True,8.8698,ALCISTA,-0.7200,-4.3700,291.2500,302.3500,351.2800,75.7000,-17.6900,281.9700,0.7230,True,True,250.3600,4,285.9100,False,-13.4100,NONE,6.8500,10.0000,6.0000,7.5000,6,5.0000,5.0000,False,False,False,False,True,True,14.3200,21.4800,1.5000,SIDI_INTRADAY_V2,0.6186,24.2329,3.3232,0.8651,294,XLI,True,381.2632,58.6309,52.7316,27.4135,203.8080,0.2221,0.0560,0.0787,0.3165,1.6550,,171.5780,4.0870,531637504.0000,244942000.0000,2.1705,85342248960,3.7760,1.4600,0.0000,294527346,5.1700,7.5000,5.9300,1.5600,0.0062,D/E:172,1,5.8400,False,True,False,False,False,False,DD12|RSI40|FUND65|ABNORMAL20,False,10-18d,XLI,,CAT|UNP|HON,pmi_manufacturing|supply_chain|capex_cycle,POST_ANALYSIS_ACTUAL_FILL,LIVE_QUOTE_AT_ANALYSIS,True,1.0000,1.5000,1.0000,-5.0000,7,1.5000,3,SELL_50_PCT_AT_TP1_REST_AT_TP2,MOVE_REMAINDER_TO_BREAK_EVEN,EXIT_AT_OPEN_IF_OPEN_BELOW_SL,SL_FIRST,10,PENDING_ANALYSIS,20.7056,20.7056,31.0584,309.8556,320.2084,274.6925,Indicative levels use the signal close only. Final SL/TP1/TP2 and sizing must be recalculated from the actual post-analysis broker fill.,22,2026-10-27,False,2026-07-28,0.7800,0.4100,91.8000,ALCISTA FUERTE,10,769.6400,7.3400,59.8000,15.3100,SIDI_INTRADAY_V2: Fund≥6.5 · DD60≥12% · RSI<40 · MACD↑ · Vol↓ · SPY20≤+1% · Abnormal20≤-10%,SIDI_INTRADAY_V2,True
FICO,Fair Isaac,Information Technology,Application Software,2023-03-20,661.2500,614.0000,675.5000,609.0000,661.2500,2026-10-02,2026-10-05,16.1700,37.5000,DOWN,-27.2215,-30.4846,-23.9517,True,0.0982,54.0929,0.9720,8.1800,1028.4300,1218.6600,852.7500,-35.7000,-45.7400,False,-6.8817,BAJISTA,-51.8400,-53.1100,1373.0800,1410.1700,1998.0100,586.0500,-66.9000,12.8300,1.6730,False,False,,0,1014.5000,False,,NONE,6.0000,5.0000,8.5000,5.0000,4,8.0000,5.0000,False,False,True,True,True,False,16.3600,24.5400,1.5000,SIDI_INTRADAY_V2,0.6186,-40.6765,1.5155,-0.8631,294,XLK,True,19.7239,13.2600,-3.5911,6.1472,15.5390,,0.3998,0.3405,0.8510,0.2570,0.4120,,1.1830,774413504.0000,815017024.0000,0.9502,14713679872,1.3410,5.5200,0.0000,21597635,5.7300,4.7700,5.7400,6.8300,0.0526,OK,0,5.8400,False,True,True,False,False,False,VOLUME|FUND65,False,3-7d,XLK,,AAPL|MSFT|NVDA,interest_rates|ai_capex_cycle|semiconductor_cycle,POST_ANALYSIS_ACTUAL_FILL,LIVE_QUOTE_AT_ANALYSIS,True,1.0000,1.5000,1.0000,-5.0000,7,1.5000,3,SELL_50_PCT_AT_TP1_REST_AT_TP2,MOVE_REMAINDER_TO_BREAK_EVEN,EXIT_AT_OPEN_IF_OPEN_BELOW_SL,SL_FIRST,10,PENDING_ANALYSIS,54.0929,54.0929,81.1394,715.3429,742.3894,628.1875,Indicative levels use the signal close only. Final SL/TP1/TP2 and sizing must be recalculated from the actual post-analysis broker fill.,30,2026-11-04,False,2026-07-29,12.1800,11.7800,3.4000,ALCISTA FUERTE,10,769.6400,7.3400,59.8000,15.3100,SIDI_INTRADAY_V2: Fund≥6.5 · DD60≥12% · RSI<40 · MACD↑ · Vol↓ · SPY20≤+1% · Abnormal20≤-10%,SIDI_INTRADAY_V2,True
ACN,Accenture,Information Technology,IT Consulting & Other Services,2011-07-06,198.9000,211.0200,213.3100,198.3600,198.9000,2026-10-02,2026-10-05,52.3600,41.1500,UP,1.2737,0.7630,-2.0788,True,0.8635,10.1743,1.3800,5.1150,180.0900,193.4600,186.0900,10.4400,2.8100,False,-3.3659,ALCISTA,-6.3100,-12.6200,212.3000,227.6300,285.2100,116.7500,-30.2600,70.3700,1.4610,False,False,175.9400,2,196.2000,False,-11.5400,NONE,5.8500,8.0000,7.0000,5.0000,4,5.0000,5.0000,False,False,False,False,True,False,10.2300,15.3500,1.5000,SIDI_INTRADAY_V2,0.6186,10.4938,1.5990,-1.0330,294,XLK,True,15.6486,12.2818,3.6990,1.6162,8.5860,0.2602,0.1053,0.1128,0.3205,0.0620,0.4640,40.2830,1.4270,11181248512.0000,8367055872.0000,1.3363,119891689472,1.1020,5.1900,3.2800,611942109,5.8200,2.5800,6.1600,9.2000,0.0933,OK,0,5.8300,False,True,False,False,False,False,DD12|RSI40|VOLUME|FUND65|ABNORMAL20,False,10-18d,XLK,,AAPL|MSFT|NVDA,interest_rates|ai_capex_cycle|semiconductor_cycle,POST_ANALYSIS_ACTUAL_FILL,LIVE_QUOTE_AT_ANALYSIS,True,1.0000,1.5000,1.0000,-5.0000,7,1.5000,3,SELL_50_PCT_AT_TP1_REST_AT_TP2,MOVE_REMAINDER_TO_BREAK_EVEN,EXIT_AT_OPEN_IF_OPEN_BELOW_SL,SL_FIRST,10,PENDING_ANALYSIS,10.1743,10.1743,15.2614,209.0743,214.1615,188.9550,Indicative levels use the signal close only. Final SL/TP1/TP2 and sizing must be recalculated from the actual post-analysis broker fill.,73,2026-12-17,False,2026-10-01,3.2900,3.1800,3.4000,ALCISTA FUERTE,10,769.6400,7.3400,59.8000,15.3100,SIDI_INTRADAY_V2: Fund≥6.5 · DD60≥12% · RSI<40 · MACD↑ · Vol↓ · SPY20≤+1% · Abnormal20≤-10%,SIDI_INTRADAY_V2,True
COR,Cencora,Health Care,Health Care Distributors,2001-08-30,309.0500,308.2900,310.4300,302.1400,309.0500,2026-10-02,2026-10-05,35.5000,25.9700,UP,-1.0965,-1.5463,-2.0028,True,0.3253,8.4521,1.0680,2.7350,317.5100,317.1700,312.7900,-2.6600,-2.5600,True,-1.1524,BAJISTA,-8.3500,-8.7600,337.2200,338.7100,375.3300,243.7800,-17.6600,26.7700,0.8710,False,False,299.0600,4,311.5700,True,-3.2300,HAMMER|DOJI,6.9500,6.5000,8.5000,5.0000,10,5.0000,7.0000,False,False,False,True,True,False,5.4700,8.2000,1.5000,SIDI_INTRADAY_V2,0.6186,-5.4681,-0.5479,0.7209,294,XLV,True,23.2802,15.8168,19.6138,0.1798,12.7670,0.9687,0.0356,0.0079,0.0396,0.0510,0.1190,446.5160,0.9350,2043314048.0000,2624793088.0000,0.7785,59840536576,0.5810,3.8200,0.7800,190827165,5.0600,3.2500,6.7900,5.1500,0.0341,D/E:447,1,5.8200,False,True,False,False,False,False,DD12|VOLUME|FUND65|ABNORMAL20,False,3-7d,XLV,,UNH|JNJ|LLY,fda_calendar|drug_pricing_policy|patent_cliffs,POST_ANALYSIS_ACTUAL_FILL,LIVE_QUOTE_AT_ANALYSIS,True,1.0000,1.5000,1.0000,-5.0000,7,1.5000,3,SELL_50_PCT_AT_TP1_REST_AT_TP2,MOVE_REMAINDER_TO_BREAK_EVEN,EXIT_AT_OPEN_IF_OPEN_BELOW_SL,SL_FIRST,10,PENDING_ANALYSIS,8.4521,8.4521,12.6781,317.5021,321.7282,293.5975,Indicative levels use the signal close only. Final SL/TP1/TP2 and sizing must be recalculated from the actual post-analysis broker fill.,30,2026-11-04,False,2026-08-05,4.4800,4.3500,3.0000,ALCISTA FUERTE,10,769.6400,7.3400,59.8000,15.3100,SIDI_INTRADAY_V2: Fund≥6.5 · DD60≥12% · RSI<40 · MACD↑ · Vol↓ · SPY20≤+1% · Abnormal20≤-10%,SIDI_INTRADAY_V2,True
BF-B,Brown–Forman,Consumer Staples,Distillers & Vintners,1982-10-31,26.1600,26.2600,26.3700,25.8500,26.1600,2026-10-02,2026-10-05,49.0100,43.7600,UP,0.0275,0.0193,0.0201,True,0.4331,0.6479,0.7700,2.4770,27.1300,26.5300,26.3400,-3.5700,-1.4000,True,-0.8127,BAJISTA,-10.6300,-11.1400,29.2700,29.4400,30.8500,22.2300,-15.2000,17.7000,0.6920,True,True,26.0200,1,26.8900,True,-0.5400,HAMMER,7.1500,6.5000,7.0000,7.5000,8,7.0000,7.0000,False,False,False,False,True,True,4.9500,7.4300,1.5000,SIDI_INTRADAY_V2,0.6186,-1.9568,-0.0399,1.2284,294,XLP,True,16.7742,15.1705,3.0047,3.0474,11.9260,0.1812,0.0863,0.1842,0.6066,-0.0140,0.0570,61.5020,3.2630,685625024.0000,721000000.0000,0.9509,11930470400,0.3240,14.0400,3.5300,290383416,4.9200,0.9300,6.6900,7.5300,0.0575,OK,0,5.8100,False,True,False,False,False,False,DD12|RSI40|FUND65|ABNORMAL20,False,3-7d,XLP,,PG|KO|PEP,inflation|input_costs|fx_rates,POST_ANALYSIS_ACTUAL_FILL,LIVE_QUOTE_AT_ANALYSIS,True,1.0000,1.5000,1.0000,-5.0000,7,1.5000,3,SELL_50_PCT_AT_TP1_REST_AT_TP2,MOVE_REMAINDER_TO_BREAK_EVEN,EXIT_AT_OPEN_IF_OPEN_BELOW_SL,SL_FIRST,10,PENDING_ANALYSIS,0.6479,0.6479,0.9719,26.8079,27.1319,24.8520,Indicative levels use the signal close only. Final SL/TP1/TP2 and sizing must be recalculated from the actual post-analysis broker fill.,59,2026-12-03,False,2026-09-02,0.3800,0.3700,3.1000,ALCISTA FUERTE,10,769.6400,7.3400,59.8000,15.3100,SIDI_INTRADAY_V2: Fund≥6.5 · DD60≥12% · RSI<40 · MACD↑ · Vol↓ · SPY20≤+1% · Abnormal20≤-10%,SIDI_INTRADAY_V2,True
CL,Colgate-Palmolive,Consumer Staples,Household Products,1957-03-04,84.2600,84.5900,84.8300,83.9900,84.2600,2026-10-02,2026-10-05,29.9900,35.6000,DOWN,-0.1215,-0.0851,-0.0036,False,0.0035,1.2736,0.6560,1.5110,89.6400,87.8300,86.7900,-6.0000,-4.0600,True,1.0848,BAJISTA,-9.9100,-11.7300,93.5300,95.4600,98.1500,73.2200,-14.1600,15.0800,1.2060,False,False,83.7100,2,89.1000,True,-0.6500,NONE,7.1000,7.0000,7.5000,5.0000,8,10.0000,5.0000,False,False,False,True,False,False,3.0200,4.5300,1.5000,SIDI_INTRADAY_V2,0.6186,-0.9902,0.1179,1.0946,294,XLP,True,33.6772,20.8608,288.9865,3.2399,14.8310,2.6737,0.1584,0.0968,0.6043,0.0490,-0.0550,1388.1630,1.0260,3458374912.0000,2038000000.0000,1.6969,68190162944,0.3220,4.2300,2.5200,797172829,4.9500,2.4400,6.7500,5.7700,0.0507,D/E:1388,1,5.8100,False,True,False,False,False,False,DD12|MACD|VOLUME|FUND65|ABNORMAL20,False,3-7d,XLP,,PG|KO|PEP,inflation|input_costs|fx_rates,POST_ANALYSIS_ACTUAL_FILL,LIVE_QUOTE_AT_ANALYSIS,True,1.0000,1.5000,1.0000,-5.0000,7,1.5000,3,SELL_50_PCT_AT_TP1_REST_AT_TP2,MOVE_REMAINDER_TO_BREAK_EVEN,EXIT_AT_OPEN_IF_OPEN_BELOW_SL,SL_FIRST,10,PENDING_ANALYSIS,1.2736,1.2736,1.9104,85.5336,86.1704,80.0470,Indicative levels use the signal close only. Final SL/TP1/TP2 and sizing must be recalculated from the actual post-analysis broker fill.,25,2026-10-30,False,2026-07-31,0.9900,0.9500,4.5000,ALCISTA FUERTE,10,769.6400,7.3400,59.8000,15.3100,SIDI_INTRADAY_V2: Fund≥6.5 · DD60≥12% · RSI<40 · MACD↑ · Vol↓ · SPY20≤+1% · Abnormal20≤-10%,SIDI_INTRADAY_V2,True
XYL,Xylem Inc.,Industrials,Industrial Machinery & Supplies & Components,2011-11-01,101.7900,101.9900,102.3600,101.2000,101.7900,2026-10-02,2026-10-05,25.6800,39.5600,DOWN,-0.2302,-0.3435,-0.3718,True,0.1970,2.3450,0.8110,2.3040,111.9800,120.2100,105.2600,-9.1000,-15.3300,False,-2.6379,BAJISTA,-18.4500,-19.6500,124.8200,126.6800,152.1400,98.5800,-33.0900,3.2600,0.7850,False,False,,0,113.5300,False,,HAMMER|HAMMER,5.9800,5.0000,8.5000,5.0000,4,6.5000,7.0000,False,False,True,True,True,False,4.6100,6.9100,1.5000,SIDI_INTRADAY_V2,0.6186,-1.4995,-0.1601,0.8947,294,XLI,True,24.4929,16.4710,2.3050,2.6319,13.0390,0.0918,0.0511,0.1115,0.3924,0.0150,0.1950,28.6420,1.6130,1183750016.0000,1018000000.0000,1.1628,24018790400,0.9910,4.7700,1.6900,233486812,5.6900,3.8800,6.0500,7.3700,0.0493,OK,0,5.8100,False,True,False,False,False,False,VOLUME|FUND65|ABNORMAL20,False,3-7d,XLI,,CAT|UNP|HON,pmi_manufacturing|supply_chain|capex_cycle,POST_ANALYSIS_ACTUAL_FILL,LIVE_QUOTE_AT_ANALYSIS,True,1.0000,1.5000,1.0000,-5.0000,7,1.5000,3,SELL_50_PCT_AT_TP1_REST_AT_TP2,MOVE_REMAINDER_TO_BREAK_EVEN,EXIT_AT_OPEN_IF_OPEN_BELOW_SL,SL_FIRST,10,PENDING_ANALYSIS,2.3450,2.3450,3.5175,104.1350,105.3075,96.7005,Indicative levels use the signal close only. Final SL/TP1/TP2 and sizing must be recalculated from the actual post-analysis broker fill.,22,2026-10-27,False,2026-07-28,1.4600,1.3400,9.2000,ALCISTA FUERTE,10,769.6400,7.3400,59.8000,15.3100,SIDI_INTRADAY_V2: Fund≥6.5 · DD60≥12% · RSI<40 · MACD↑ · Vol↓ · SPY20≤+1% · Abnormal20≤-10%,SIDI_INTRADAY_V2,True
TDY,Teledyne Technologies,Information Technology,Electronic Equipment & Instruments,2020-06-22,617.1700,619.5600,621.4600,612.6100,617.1700,2026-10-02,2026-10-05,68.1600,52.6600,UP,2.5840,2.2715,2.4762,True,0.8615,9.6564,0.6150,1.5650,633.8200,623.4900,612.6500,-2.6300,-1.0100,True,1.6633,BAJISTA,-10.7200,-11.5400,691.3000,697.6700,697.6700,483.0200,-11.5400,27.7700,0.6530,True,True,623.7400,2,639.3300,True,1.0700,HAMMER|DOJI|BULL_ENGULF,7.5000,7.0000,7.0000,7.5000,8,7.0000,9.5000,False,False,False,False,True,True,3.1300,4.6900,1.5000,SIDI_INTRADAY_V2,0.6186,5.5273,1.1743,0.0264,294,XLK,True,30.0167,23.1682,2.6341,4.5094,19.0260,0.0915,0.0514,0.1529,0.4334,0.0980,0.2120,18.5650,2.1810,912675008.0000,974800000.0000,0.9363,28744681472,0.8950,3.7600,0.0000,46329138,4.6600,1.5300,6.3000,6.4000,0.0318,OK,0,5.8000,False,True,False,False,False,False,DD12|RSI40|FUND65|ABNORMAL20,False,3-7d,XLK,,AAPL|MSFT|NVDA,interest_rates|ai_capex_cycle|semiconductor_cycle,POST_ANALYSIS_ACTUAL_FILL,LIVE_QUOTE_AT_ANALYSIS,True,1.0000,1.5000,1.0000,-5.0000,7,1.5000,3,SELL_50_PCT_AT_TP1_REST_AT_TP2,MOVE_REMAINDER_TO_BREAK_EVEN,EXIT_AT_OPEN_IF_OPEN_BELOW_SL,SL_FIRST,10,PENDING_ANALYSIS,9.6564,9.6564,14.4846,626.8264,631.6546,586.3115,Indicative levels use the signal close only. Final SL/TP1/TP2 and sizing must be recalculated from the actual post-analysis broker fill.,16,2026-10-21,False,2026-07-22,6.2800,5.7900,8.4000,ALCISTA FUERTE,10,769.6400,7.3400,59.8000,15.3100,SIDI_INTRADAY_V2: Fund≥6.5 · DD60≥12% · RSI<40 · MACD↑ · Vol↓ · SPY20≤+1% · Abnormal20≤-10%,SIDI_INTRADAY_V2,True
BA,Boeing,Industrials,Aerospace & Defense,1957-03-04,193.5600,193.8700,196.9300,190.2700,193.5600,2026-10-02,2026-10-05,34.4000,32.6000,UP,-0.3967,-0.8729,-1.2703,True,0.3110,7.1779,1.2030,3.7080,212.3300,220.7500,198.6600,-8.8400,-12.3200,False,0.2762,BAJISTA,-19.4100,-19.7100,240.1900,241.0900,254.3500,176.7700,-23.9000,9.5000,1.4930,False,False,,0,231.8200,False,,BULL_ENGULF|HAMMER|DOJI,6.5000,5.5000,8.5000,7.0000,4,5.0000,9.5000,False,False,True,True,True,False,7.4200,11.1300,1.5000,SIDI_INTRADAY_V2,0.6186,-3.4182,0.9637,0.6123,294,XLI,True,69.0179,46.9859,25.0454,1.6238,-62.7830,1.7354,-0.0198,0.0259,0.0471,0.0800,,790.8750,1.1380,5625375232.0000,2088999936.0000,2.6929,152627396608,1.2570,2.7900,0.0000,789792534,5.3100,4.5500,6.8000,4.4500,0.0369,D/E:791,1,5.7900,False,True,False,False,False,False,VOLUME|FUND65|ABNORMAL20,False,3-7d,XLI,,CAT|UNP|HON,pmi_manufacturing|supply_chain|capex_cycle,POST_ANALYSIS_ACTUAL_FILL,LIVE_QUOTE_AT_ANALYSIS,True,1.0000,1.5000,1.0000,-5.0000,7,1.5000,3,SELL_50_PCT_AT_TP1_REST_AT_TP2,MOVE_REMAINDER_TO_BREAK_EVEN,EXIT_AT_OPEN_IF_OPEN_BELOW_SL,SL_FIRST,10,PENDING_ANALYSIS,7.1779,7.1779,10.7668,200.7379,204.3269,183.8820,Indicative levels use the signal close only. Final SL/TP1/TP2 and sizing must be recalculated from the actual post-analysis broker fill.,22,2026-10-27,False,2026-07-28,-0.7600,-0.3100,-141.5000,ALCISTA FUERTE,10,769.6400,7.3400,59.8000,15.3100,SIDI_INTRADAY_V2: Fund≥6.5 · DD60≥12% · RSI<40 · MACD↑ · Vol↓ · SPY20≤+1% · Abnormal20≤-10%,SIDI_INTRADAY_V2,True
EXR,Extra Space Storage,Real Estate,Self-Storage REITs,2016-01-19,133.2500,134.2700,135.1800,132.9300,133.2500,2026-10-02,2026-10-05,38.9900,39.6400,DOWN,0.0168,-0.0896,-0.1677,True,0.2963,2.6814,0.9290,2.0120,141.0600,138.8200,135.3500,-5.5400,-4.0100,True,0.7113,BAJISTA,-11.8000,-15.1500,151.0700,157.0300,157.0300,120.0400,-15.1500,11.0000,0.6410,False,False,134.7300,4,142.2100,True,1.1100,NONE,6.8800,7.0000,7.5000,5.0000,10,6.5000,5.0000,False,False,False,True,True,False,4.0200,6.0400,1.5000,SIDI_INTRADAY_V2,0.6186,5.0686,0.1141,1.1487,294,XLRE,True,29.3973,27.4471,2.1222,8.3708,18.5180,0.0695,0.0336,0.2728,0.7492,0.0380,0.0600,101.6740,0.8860,1499437568.0000,956073984.0000,1.5683,29390956544,1.1660,4.3800,4.8600,211269558,5.0600,3.2900,5.4500,6.6800,0.0510,D/E:102,1,5.7900,False,True,False,False,False,False,DD12|VOLUME|FUND65|ABNORMAL20,False,3-7d,XLRE,,PLD|AMT|EQIX,interest_rates|cap_rates|occupancy_trends,POST_ANALYSIS_ACTUAL_FILL,LIVE_QUOTE_AT_ANALYSIS,True,1.0000,1.5000,1.0000,-5.0000,7,1.5000,3,SELL_50_PCT_AT_TP1_REST_AT_TP2,MOVE_REMAINDER_TO_BREAK_EVEN,EXIT_AT_OPEN_IF_OPEN_BELOW_SL,SL_FIRST,10,PENDING_ANALYSIS,2.6814,2.6814,4.0221,135.9314,137.2721,126.5875,Indicative levels use the signal close only. Final SL/TP1/TP2 and sizing must be recalculated from the actual post-analysis broker fill.,22,2026-10-27,False,2026-07-28,1.2500,1.1500,8.6000,ALCISTA FUERTE,10,769.6400,7.3400,59.8000,15.3100,SIDI_INTRADAY_V2: Fund≥6.5 · DD60≥12% · RSI<40 · MACD↑ · Vol↓ · SPY20≤+1% · Abnormal20≤-10%,SIDI_INTRADAY_V2,True
SBUX,Starbucks,Consumer Discretionary,Restaurants,2000-06-07,94.7100,95.0800,95.2900,94.2700,94.7100,2026-10-02,2026-10-05,31.3700,17.1600,UP,0.0708,-0.0137,-0.1692,True,0.3162,1.9379,0.7460,2.0460,102.1200,97.8900,97.1100,-7.2600,-3.2500,True,1.4142,BAJISTA,-12.7000,-13.8100,108.4900,109.8800,109.8800,76.0500,-13.8100,24.5400,0.9040,True,True,95.3400,1,108.5400,True,0.6700,NONE,7.3500,7.0000,8.5000,7.5000,8,7.0000,5.0000,True,True,True,True,True,True,4.0900,6.1400,1.5000,SIDI_INTRADAY_V2,0.6186,-10.0428,0.0034,0.3860,294,XLY,True,54.3907,30.1577,-13.9753,2.7980,22.4770,,0.0802,0.0517,0.2234,-0.0140,0.8570,,0.7600,3065537536.0000,1982800000.0000,1.5461,107269439488,0.9750,6.7400,2.6200,1140000000,4.7500,5.0000,5.6200,3.4600,0.0286,OK,0,5.7900,False,True,True,True,False,False,FUND65,False,3-7d,XLY,,AMZN|TSLA|HD,consumer_spending|employment_data|interest_rates,POST_ANALYSIS_ACTUAL_FILL,LIVE_QUOTE_AT_ANALYSIS,True,1.0000,1.5000,1.0000,-5.0000,7,1.5000,3,SELL_50_PCT_AT_TP1_REST_AT_TP2,MOVE_REMAINDER_TO_BREAK_EVEN,EXIT_AT_OPEN_IF_OPEN_BELOW_SL,SL_FIRST,10,PENDING_ANALYSIS,1.9379,1.9379,2.9068,96.6479,97.6168,89.9745,Indicative levels use the signal close only. Final SL/TP1/TP2 and sizing must be recalculated from the actual post-analysis broker fill.,23,2026-10-28,False,2026-07-29,0.8500,0.6500,30.8000,ALCISTA FUERTE,10,769.6400,7.3400,59.8000,15.3100,SIDI_INTRADAY_V2: Fund≥6.5 · DD60≥12% · RSI<40 · MACD↑ · Vol↓ · SPY20≤+1% · Abnormal20≤-10%,SIDI_INTRADAY_V2,True
TDG,TransDigm Group,Industrials,Aerospace & Defense,2016-06-03,1090.3800,1102.7300,1108.4399,1086.1300,1090.3800,2026-10-02,2026-10-05,42.8000,36.5000,UP,3.0711,3.2395,4.0879,False,0.3052,25.6528,0.8210,2.3530,1179.1700,1247.4500,1115.3400,-7.5300,-12.5900,False,-1.7931,BAJISTA,-16.6400,-19.7800,1307.9700,1359.2700,1463.0300,1071.2500,-25.4700,1.7900,0.6940,True,True,1071.2500,1,1133.1000,True,-1.7500,NONE,6.0000,5.0000,6.0000,7.5000,7,5.0000,5.0000,False,False,True,False,False,True,4.7100,7.0600,1.5000,SIDI_INTRADAY_V2,0.6186,-2.2950,-0.0458,0.9136,294,XLI,True,33.1215,22.5995,-6.5011,6.1044,17.8740,,0.1182,0.2128,0.5982,0.2250,0.1090,,3.0190,1457374976.0000,1911000064.0000,0.7626,61080313856,0.9350,3.0700,0.0000,55933583,5.6500,6.9500,6.3000,3.3900,0.0239,OK,0,5.7900,False,True,False,False,False,False,RSI40|MACD|FUND65|ABNORMAL20,False,3-7d,XLI,,CAT|UNP|HON,pmi_manufacturing|supply_chain|capex_cycle,POST_ANALYSIS_ACTUAL_FILL,LIVE_QUOTE_AT_ANALYSIS,True,1.0000,1.5000,1.0000,-5.0000,7,1.5000,3,SELL_50_PCT_AT_TP1_REST_AT_TP2,MOVE_REMAINDER_TO_BREAK_EVEN,EXIT_AT_OPEN_IF_OPEN_BELOW_SL,SL_FIRST,10,PENDING_ANALYSIS,25.6528,25.6528,38.4792,1116.0328,1128.8592,1035.8610,Indicative levels use the signal close only. Final SL/TP1/TP2 and sizing must be recalculated from the actual post-analysis broker fill.,31,2026-11-05,False,2026-08-04,10.8700,10.2800,5.7000,ALCISTA FUERTE,10,769.6400,7.3400,59.8000,15.3100,SIDI_INTRADAY_V2: Fund≥6.5 · DD60≥12% · RSI<40 · MACD↑ · Vol↓ · SPY20≤+1% · Abnormal20≤-10%,SIDI_INTRADAY_V2,True
VTR,Ventas,Real Estate,Health Care REITs,2009-03-04,84.0100,84.4000,84.8100,83.2300,84.0100,2026-10-02,2026-10-05,17.7500,23.1800,DOWN,-0.2243,-0.2125,-0.0962,False,0.0735,1.4692,0.7180,1.7490,90.1900,84.8800,86.9400,-6.8600,-1.0300,True,1.1272,BAJISTA,-15.9300,-16.8200,99.9300,100.9900,100.9900,65.3200,-16.8200,28.6100,0.7780,True,True,84.1900,2,93.9800,True,0.2100,NONE,7.6000,7.0000,7.5000,7.5000,8,10.0000,5.0000,False,False,True,True,False,True,3.5000,5.2500,1.5000,SIDI_INTRADAY_V2,0.6186,-2.2008,-0.5038,1.1182,294,XLRE,True,153.1667,104.6962,2.8961,6.6094,23.6780,0.0201,0.0217,0.0409,0.3997,0.2170,-0.0670,84.9280,0.2950,1486853504.0000,262731008.0000,5.6592,42425794560,0.7410,6.5400,2.4800,512946359,4.5900,5.0000,4.4000,4.3200,0.0350,D/E:85,1,5.7900,False,True,False,False,False,False,MACD|FUND65|ABNORMAL20,False,3-7d,XLRE,,PLD|AMT|EQIX,interest_rates|cap_rates|occupancy_trends,POST_ANALYSIS_ACTUAL_FILL,LIVE_QUOTE_AT_ANALYSIS,True,1.0000,1.5000,1.0000,-5.0000,7,1.5000,3,SELL_50_PCT_AT_TP1_REST_AT_TP2,MOVE_REMAINDER_TO_BREAK_EVEN,EXIT_AT_OPEN_IF_OPEN_BELOW_SL,SL_FIRST,10,PENDING_ANALYSIS,1.4692,1.4692,2.2038,85.4792,86.2138,79.8095,Indicative levels use the signal close only. Final SL/TP1/TP2 and sizing must be recalculated from the actual post-analysis broker fill.,22,2026-10-27,False,2026-07-29,0.1700,0.1100,51.7000,ALCISTA FUERTE,10,769.6400,7.3400,59.8000,15.3100,SIDI_INTRADAY_V2: Fund≥6.5 · DD60≥12% · RSI<40 · MACD↑ · Vol↓ · SPY20≤+1% · Abnormal20≤-10%,SIDI_INTRADAY_V2,True
CDNS,Cadence Design Systems,Information Technology,Application Software,2017-09-18,351.3500,356.5000,356.5100,341.7600,351.3500,2026-10-02,2026-10-05,91.2800,70.5300,UP,7.7276,7.3915,6.2877,True,0.9856,11.7936,0.9580,3.3570,318.5900,325.6900,317.4800,10.2800,7.8800,False,-0.4672,ALCISTA,-8.5400,-10.1400,384.1700,391.0000,416.6900,262.7500,-15.6800,33.7200,0.7490,False,False,331.5600,1,347.7200,False,-5.6300,NONE,5.8500,8.0000,7.0000,5.0000,4,5.0000,5.0000,False,False,False,False,True,False,6.7100,10.0700,1.5000,SIDI_INTRADAY_V2,0.6186,12.5329,0.2554,0.7020,294,XLK,True,70.6103,37.1236,14.2627,16.7811,45.4000,0.2323,0.1061,0.2361,0.8587,0.2420,1.2540,38.6610,1.7430,1609676544.0000,1377993984.0000,1.1681,97961574400,1.1280,1.8100,0.0000,275816000,5.7400,7.6000,6.1000,3.1400,0.0164,OK,0,5.7800,False,True,False,False,False,False,DD12|RSI40|VOLUME|FUND65|ABNORMAL20,False,10-18d,XLK,,AAPL|MSFT|NVDA,interest_rates|ai_capex_cycle|semiconductor_cycle,POST_ANALYSIS_ACTUAL_FILL,LIVE_QUOTE_AT_ANALYSIS,True,1.0000,1.5000,1.0000,-5.0000,7,1.5000,3,SELL_50_PCT_AT_TP1_REST_AT_TP2,MOVE_REMAINDER_TO_BREAK_EVEN,EXIT_AT_OPEN_IF_OPEN_BELOW_SL,SL_FIRST,10,PENDING_ANALYSIS,11.7936,11.7936,17.6904,363.1436,369.0404,333.7825,Indicative levels use the signal close only. Final SL/TP1/TP2 and sizing must be recalculated from the actual post-analysis broker fill.,21,2026-10-26,False,2026-07-27,2.1100,2.0600,2.7000,ALCISTA FUERTE,10,769.6400,7.3400,59.8000,15.3100,SIDI_INTRADAY_V2: Fund≥6.5 · DD60≥12% · RSI<40 · MACD↑ · Vol↓ · SPY20≤+1% · Abnormal20≤-10%,SIDI_INTRADAY_V2,True
GILD,Gilead Sciences,Health Care,Biotechnology,2004-07-01,144.7400,147.6500,148.0000,144.0000,144.7400,2026-10-02,2026-10-05,48.0300,51.7000,DOWN,-0.8468,-0.5311,-0.1043,False,0.1939,3.5100,0.9330,2.4250,142.6300,135.2200,148.1300,1.4800,7.0400,True,2.0691,ALCISTA,-5.1900,-6.1300,152.6700,154.2000,154.5100,105.8400,-6.3200,36.7500,0.8520,True,True,142.5400,2,151.7000,True,-1.5200,NONE,7.0200,10.0000,5.0000,7.5000,7,6.5000,5.0000,False,False,False,False,False,True,4.8500,7.2800,1.5000,SIDI_INTRADAY_V2,0.6186,1.7307,0.2053,0.9183,294,XLV,True,,14.5524,15.0976,5.8588,13.7490,-0.2068,0.1409,-0.1064,0.7960,0.1020,,223.4650,1.2650,9768875008.0000,-3240000000.0000,-3.0151,178441961472,0.3320,3.4500,2.2700,1239955155,4.9600,6.2500,2.2500,6.6000,0.0547,FCF/NI:-3.02|D/E:223|ROE:-20.7%,3,5.7800,False,True,False,False,False,False,DD12|RSI40|MACD|FUND65|ABNORMAL20,False,10-18d,XLV,,UNH|JNJ|LLY,fda_calendar|drug_pricing_policy|patent_cliffs,POST_ANALYSIS_ACTUAL_FILL,LIVE_QUOTE_AT_ANALYSIS,True,1.0000,1.5000,1.0000,-5.0000,7,1.5000,3,SELL_50_PCT_AT_TP1_REST_AT_TP2,MOVE_REMAINDER_TO_BREAK_EVEN,EXIT_AT_OPEN_IF_OPEN_BELOW_SL,SL_FIRST,10,PENDING_ANALYSIS,3.5100,3.5100,5.2650,148.2500,150.0050,137.5030,Indicative levels use the signal close only. Final SL/TP1/TP2 and sizing must be recalculated from the actual post-analysis broker fill.,24,2026-10-29,False,2026-08-04,-6.7500,-7.2500,6.9000,ALCISTA FUERTE,10,769.6400,7.3400,59.8000,15.3100,SIDI_INTRADAY_V2: Fund≥6.5 · DD60≥12% · RSI<40 · MACD↑ · Vol↓ · SPY20≤+1% · Abnormal20≤-10%,SIDI_INTRADAY_V2,True
J,Jacobs Solutions,Industrials,Construction & Engineering,2007-10-26,138.0600,138.5700,140.7000,136.9000,138.0600,2026-10-02,2026-10-05,37.9200,34.1300,UP,-0.5883,-0.7313,-1.0243,True,0.2608,3.7050,1.0690,2.6840,143.0800,132.5400,140.7400,-3.5100,4.1700,True,0.3806,NEUTRO,-9.1600,-9.9400,151.9800,153.3000,166.6600,105.0900,-17.1600,31.3700,0.9530,False,False,134.2300,1,137.0000,True,-2.7700,HAMMER,7.1200,8.5000,8.5000,5.0000,7,6.5000,7.0000,False,False,False,True,True,False,5.3700,8.0500,1.5000,SIDI_INTRADAY_V2,0.6186,-7.5322,-0.0855,0.5490,294,XLI,True,46.2990,16.8574,5.0004,1.1573,18.0030,0.0800,0.0455,0.0238,0.2207,0.3450,-0.2540,124.7340,1.2870,645677888.0000,359329984.0000,1.7969,16455751680,0.6980,4.1000,1.0400,118080879,4.8800,5.0000,4.4100,5.3100,0.0392,D/E:125,1,5.7800,False,True,False,False,False,False,DD12|VOLUME|FUND65|ABNORMAL20,False,7-15d,XLI,,CAT|UNP|HON,pmi_manufacturing|supply_chain|capex_cycle,POST_ANALYSIS_ACTUAL_FILL,LIVE_QUOTE_AT_ANALYSIS,True,1.0000,1.5000,1.0000,-5.0000,7,1.5000,3,SELL_50_PCT_AT_TP1_REST_AT_TP2,MOVE_REMAINDER_TO_BREAK_EVEN,EXIT_AT_OPEN_IF_OPEN_BELOW_SL,SL_FIRST,10,PENDING_ANALYSIS,3.7050,3.7050,5.5575,141.7650,143.6175,131.1570,Indicative levels use the signal close only. Final SL/TP1/TP2 and sizing must be recalculated from the actual post-analysis broker fill.,45,2026-11-19,False,2026-08-04,1.8400,1.8300,80.0000,ALCISTA FUERTE,10,769.6400,7.3400,59.8000,15.3100,SIDI_INTRADAY_V2: Fund≥6.5 · DD60≥12% · RSI<40 · MACD↑ · Vol↓ · SPY20≤+1% · Abnormal20≤-10%,SIDI_INTRADAY_V2,True
SPGI,S&P Global,Financials,Financial Exchanges & Data,1957-03-04,386.2700,388.5000,388.5000,382.2100,386.2700,2026-10-02,2026-10-05,15.6300,20.0300,DOWN,-2.0886,-2.0549,-2.1287,False,0.1206,8.1864,0.6990,2.1190,416.7200,422.4800,404.6400,-7.3100,-8.5700,False,-1.3394,BAJISTA,-15.3600,-16.2100,456.3600,460.9800,518.8800,358.5500,-25.5600,7.7300,1.4260,False,False,391.9600,1,430.1000,True,1.4700,NONE,6.5500,5.0000,7.5000,5.0000,7,10.0000,5.0000,False,False,True,True,False,False,4.2400,6.3600,1.5000,SIDI_INTRADAY_V2,0.6186,-1.7129,-0.4870,1.4615,294,XLF,True,23.6196,19.1949,3.6317,7.0961,16.0410,0.1426,0.0703,0.3054,0.7090,0.1040,0.1770,42.9800,0.9540,5448249856.0000,4922999808.0000,1.1067,114403041280,1.0950,3.5400,1.0000,294800000,5.2700,4.3900,5.7400,5.7600,0.0476,OK,0,5.7800,False,True,False,False,False,False,MACD|VOLUME|FUND65|ABNORMAL20,False,3-7d,XLF,,JPM|BAC|WFC,interest_rates|yield_curve|credit_spreads|loan_growth,POST_ANALYSIS_ACTUAL_FILL,LIVE_QUOTE_AT_ANALYSIS,True,1.0000,1.5000,1.0000,-5.0000,7,1.5000,3,SELL_50_PCT_AT_TP1_REST_AT_TP2,MOVE_REMAINDER_TO_BREAK_EVEN,EXIT_AT_OPEN_IF_OPEN_BELOW_SL,SL_FIRST,10,PENDING_ANALYSIS,8.1864,8.1864,12.2796,394.4564,398.5496,366.9565,Indicative levels use the signal close only. Final SL/TP1/TP2 and sizing must be recalculated from the actual post-analysis broker fill.,22,2026-10-27,False,2026-07-28,4.8700,5.0200,-2.9000,ALCISTA FUERTE,10,769.6400,7.3400,59.8000,15.3100,SIDI_INTRADAY_V2: Fund≥6.5 · DD60≥12% · RSI<40 · MACD↑ · Vol↓ · SPY20≤+1% · Abnormal20≤-10%,SIDI_INTRADAY_V2,True
SYY,Sysco,Consumer Staples,Food Distributors,1986-12-31,77.4900,77.4200,77.9700,77.0900,77.4900,2026-10-02,2026-10-05,23.0000,43.8400,DOWN,-0.0403,-0.0803,-0.1141,True,0.3089,1.5218,0.8600,1.9640,81.2400,78.6900,78.7300,-4.6100,-1.5200,True,0.7998,BAJISTA,-8.5300,-9.9300,84.7200,86.0400,89.9200,66.7600,-13.8300,16.0700,0.8040,False,False,72.0400,1,76.4600,False,-7.0400,HAMMER|DOJI,6.3000,7.0000,8.5000,5.0000,5,5.0000,7.0000,False,False,False,True,True,False,3.9300,5.8900,1.5000,SIDI_INTRADAY_V2,0.6186,0.7087,0.2540,0.6127,294,XLP,True,20.9481,14.2901,13.7623,0.4461,11.2150,0.7769,0.0797,0.0208,0.1850,0.0470,0.0530,564.5910,1.2770,1914000000.0000,1756999936.0000,1.0894,37715042304,0.6400,3.9700,2.8400,491913960,5.4300,3.1400,6.9100,6.3800,0.0507,D/E:565,1,5.7800,False,True,False,False,False,False,DD12|VOLUME|FUND65|ABNORMAL20,False,3-7d,XLP,,PG|KO|PEP,inflation|input_costs|fx_rates,POST_ANALYSIS_ACTUAL_FILL,LIVE_QUOTE_AT_ANALYSIS,True,1.0000,1.5000,1.0000,-5.0000,7,1.5000,3,SELL_50_PCT_AT_TP1_REST_AT_TP2,MOVE_REMAINDER_TO_BREAK_EVEN,EXIT_AT_OPEN_IF_OPEN_BELOW_SL,SL_FIRST,10,PENDING_ANALYSIS,1.5218,1.5218,2.2827,79.0118,79.7727,73.6155,Indicative levels use the signal close only. Final SL/TP1/TP2 and sizing must be recalculated from the actual post-analysis broker fill.,29,2026-11-03,False,2026-08-04,1.5300,1.5100,1.2000,ALCISTA FUERTE,10,769.6400,7.3400,59.8000,15.3100,SIDI_INTRADAY_V2: Fund≥6.5 · DD60≥12% · RSI<40 · MACD↑ · Vol↓ · SPY20≤+1% · Abnormal20≤-10%,SIDI_INTRADAY_V2,True
FISV,Fiserv,Financials,Transaction & Payment Processing Services,2001-04-02,44.3600,45.2700,45.3400,43.8700,44.3600,2026-10-02,2026-10-05,9.0200,25.7400,DOWN,-0.2291,-0.2294,-0.3270,True,0.1514,1.4029,0.7390,3.1620,50.9800,56.7500,47.4800,-12.9800,-21.8400,False,-2.7576,BAJISTA,-20.4700,-21.6700,55.7800,56.6300,129.8500,43.8700,-65.8400,1.1200,0.8270,False,False,,0,53.9900,False,,HAMMER|DOJI|HAMMER,6.2700,5.0000,8.5000,5.0000,4,8.5000,7.0000,False,False,True,True,True,False,6.3200,9.4900,1.5000,SIDI_INTRADAY_V2,0.6186,1.7781,-0.5655,1.6546,293,XLF,True,8.7754,5.6979,0.9024,,,,,,,,,,,,,,24312375296,,,,531766721,5.4400,5.0000,5.0000,6.4800,,OK,0,5.7700,False,True,False,False,False,False,VOLUME|FUND65|ABNORMAL20,False,3-7d,XLF,,JPM|BAC|WFC,interest_rates|yield_curve|credit_spreads|loan_growth,POST_ANALYSIS_ACTUAL_FILL,LIVE_QUOTE_AT_ANALYSIS,True,1.0000,1.5000,1.0000,-5.0000,7,1.5000,3,SELL_50_PCT_AT_TP1_REST_AT_TP2,MOVE_REMAINDER_TO_BREAK_EVEN,EXIT_AT_OPEN_IF_OPEN_BELOW_SL,SL_FIRST,10,PENDING_ANALYSIS,1.4029,1.4029,2.1044,45.7629,46.4643,42.1420,Indicative levels use the signal close only. Final SL/TP1/TP2 and sizing must be recalculated from the actual post-analysis broker fill.,23,2026-10-28,False,2026-08-06,1.8400,1.9100,-3.9000,ALCISTA FUERTE,10,769.6400,7.3400,59.8000,15.3100,SIDI_INTRADAY_V2: Fund≥6.5 · DD60≥12% · RSI<40 · MACD↑ · Vol↓ · SPY20≤+1% · Abnormal20≤-10%,SIDI_INTRADAY_V2,True
HPQ,HP Inc.,Information Technology,"Technology Hardware, Storage & Peripherals",1974-12-31,32.1200,32.1400,32.8500,32.0700,32.1200,2026-10-02,2026-10-05,39.7400,46.5200,DOWN,-0.2985,-0.3652,-0.4822,True,0.4236,1.3264,0.9770,4.1300,30.4000,23.1900,31.8300,5.6600,38.5100,True,4.1452,ALCISTA,-9.4700,-11.3400,35.4800,36.2300,36.2300,16.9100,-11.3400,89.9800,0.6490,True,True,26.4700,1,31.8800,False,-17.5800,HAMMER|DOJI,7.0500,10.0000,7.5000,7.5000,4,5.0000,7.0000,False,True,False,True,True,True,8.2600,12.3900,1.5000,SIDI_INTRADAY_V2,0.6186,-5.8087,0.4852,-0.0067,294,XLK,True,11.9599,9.9858,-307.2059,0.4776,7.5790,,0.0563,0.0414,0.1966,0.1250,-0.1130,,0.7880,3389874944.0000,2451000064.0000,1.3831,28257619968,1.1900,4.5300,3.7400,901790969,4.9100,1.1000,5.6300,8.5100,0.1200,OK,0,5.7700,False,True,False,False,False,False,DD12|FUND65|ABNORMAL20,False,10-18d,XLK,,AAPL|MSFT|NVDA,interest_rates|ai_capex_cycle|semiconductor_cycle,POST_ANALYSIS_ACTUAL_FILL,LIVE_QUOTE_AT_ANALYSIS,True,1.0000,1.5000,1.0000,-5.0000,7,1.5000,3,SELL_50_PCT_AT_TP1_REST_AT_TP2,MOVE_REMAINDER_TO_BREAK_EVEN,EXIT_AT_OPEN_IF_OPEN_BELOW_SL,SL_FIRST,10,PENDING_ANALYSIS,1.3264,1.3264,1.9896,33.4464,34.1096,30.5140,Indicative levels use the signal close only. Final SL/TP1/TP2 and sizing must be recalculated from the actual post-analysis broker fill.,50,2026-11-24,False,2026-08-26,0.8300,0.6900,20.0000,ALCISTA FUERTE,10,769.6400,7.3400,59.8000,15.3100,SIDI_INTRADAY_V2: Fund≥6.5 · DD60≥12% · RSI<40 · MACD↑ · Vol↓ · SPY20≤+1% · Abnormal20≤-10%,SIDI_INTRADAY_V2,True
LDOS,Leidos,Industrials,Diversified Support Services,2019-08-09,117.7400,121.9400,121.9400,117.6800,117.7400,2026-10-02,2026-10-05,19.7600,33.6400,DOWN,-0.9199,-0.7800,-0.9680,False,-0.0326,3.4386,0.8420,2.9200,130.1700,146.3000,125.8200,-9.5500,-19.5200,False,-3.9332,BAJISTA,-19.2700,-19.8200,145.8400,146.8500,203.4100,98.5400,-42.1200,19.4800,0.7020,True,True,103.5600,1,133.7500,False,-12.0400,NONE,6.3000,5.0000,7.5000,7.5000,4,8.0000,5.0000,False,True,True,True,False,True,5.8400,8.7600,1.5000,SIDI_INTRADAY_V2,0.6186,-6.2833,0.1717,0.0932,294,XLI,True,11.1139,9.3355,2.8269,0.8491,8.6720,0.2778,0.0891,0.0780,0.1779,0.0720,-0.0670,123.2760,1.6290,1146625024.0000,1376000000.0000,0.8333,14972243968,0.5900,4.6200,1.4600,125785466,5.4200,1.8000,5.7900,9.2100,0.0766,D/E:123,1,5.7700,False,True,False,False,False,False,MACD|FUND65|ABNORMAL20,False,3-7d,XLI,,CAT|UNP|HON,pmi_manufacturing|supply_chain|capex_cycle,POST_ANALYSIS_ACTUAL_FILL,LIVE_QUOTE_AT_ANALYSIS,True,1.0000,1.5000,1.0000,-5.0000,7,1.5000,3,SELL_50_PCT_AT_TP1_REST_AT_TP2,MOVE_REMAINDER_TO_BREAK_EVEN,EXIT_AT_OPEN_IF_OPEN_BELOW_SL,SL_FIRST,10,PENDING_ANALYSIS,3.4386,3.4386,5.1579,121.1786,122.8979,111.8530,Indicative levels use the signal close only. Final SL/TP1/TP2 and sizing must be recalculated from the actual post-analysis broker fill.,29,2026-11-03,False,2026-08-04,3.2600,2.9100,12.1000,ALCISTA FUERTE,10,769.6400,7.3400,59.8000,15.3100,SIDI_INTRADAY_V2: Fund≥6.5 · DD60≥12% · RSI<40 · MACD↑ · Vol↓ · SPY20≤+1% · Abnormal20≤-10%,SIDI_INTRADAY_V2,True
EFX,Equifax,Industrials,Research & Consulting Services,1997-06-19,140.0000,138.3700,144.6400,137.9100,140.0000,2026-10-02,2026-10-05,9.7700,13.6100,DOWN,-1.9426,-2.3381,-2.5184,True,0.1462,5.0729,0.7290,3.6230,173.0900,181.5600,155.7800,-19.1200,-22.8900,False,-2.7767,BAJISTA,-27.8600,-29.0500,194.0700,197.3300,241.6100,137.0100,-42.0600,2.1800,1.7690,False,False,,0,181.8100,False,,HAMMER|DOJI|BULL_ENGULF,7.1500,5.0000,8.5000,7.0000,4,10.0000,9.5000,False,False,True,True,True,False,7.2500,10.8700,1.5000,SIDI_INTRADAY_V2,0.6186,-30.0950,0.5442,-0.3104,294,XLI,True,24.8468,13.9410,3.7890,2.5728,11.3730,0.1427,0.0616,0.1073,0.5554,0.1060,0.0070,120.9560,0.6020,947537472.0000,691400000.0000,1.3705,16580643840,1.3410,6.3700,1.6000,117484896,4.8300,2.8800,4.6200,7.3500,0.0571,D/E:121,1,5.7600,False,True,True,False,False,False,VOLUME|FUND65,False,3-7d,XLI,,CAT|UNP|HON,pmi_manufacturing|supply_chain|capex_cycle,POST_ANALYSIS_ACTUAL_FILL,LIVE_QUOTE_AT_ANALYSIS,True,1.0000,1.5000,1.0000,-5.0000,7,1.5000,3,SELL_50_PCT_AT_TP1_REST_AT_TP2,MOVE_REMAINDER_TO_BREAK_EVEN,EXIT_AT_OPEN_IF_OPEN_BELOW_SL,SL_FIRST,10,PENDING_ANALYSIS,5.0729,5.0729,7.6093,145.0729,147.6094,133.0000,Indicative levels use the signal close only. Final SL/TP1/TP2 and sizing must be recalculated from the actual post-analysis broker fill.,15,2026-10-20,False,2026-07-21,2.2500,2.2000,2.3000,ALCISTA FUERTE,10,769.6400,7.3400,59.8000,15.3100,SIDI_INTRADAY_V2: Fund≥6.5 · DD60≥12% · RSI<40 · MACD↑ · Vol↓ · SPY20≤+1% · Abnormal20≤-10%,SIDI_INTRADAY_V2,True
IRM,Iron Mountain,Real Estate,Other Specialized REITs,2009-01-06,113.3900,112.7700,114.7400,112.1500,113.3900,2026-10-02,2026-10-05,56.2900,40.0300,UP,0.1016,-0.0558,0.0175,True,0.4922,2.8479,0.7050,2.5120,118.3500,110.8000,113.8300,-4.1900,2.3400,True,2.8787,NEUTRO,-12.0300,-14.0000,128.9000,131.8500,133.6400,76.0300,-15.1500,49.1500,1.2020,True,True,113.4500,1,119.3400,True,0.0500,HAMMER,7.4000,8.5000,7.0000,7.5000,7,7.0000,7.0000,False,False,True,False,True,True,5.0200,7.5300,1.5000,SIDI_INTRADAY_V2,0.6186,7.5828,0.9467,0.8563,294,XLRE,True,80.8143,41.4478,-26.2933,4.4538,21.1240,,0.0463,0.0554,0.5421,0.1850,,,0.7260,-436093504.0000,418655008.0000,-1.0417,33682096128,1.1890,5.2300,3.0500,297702812,4.6600,7.5000,4.3600,1.7000,-0.0129,FCF/NI:-1.04,1,5.7600,False,True,False,False,False,False,RSI40|FUND65|ABNORMAL20,False,7-15d,XLRE,,PLD|AMT|EQIX,interest_rates|cap_rates|occupancy_trends,POST_ANALYSIS_ACTUAL_FILL,LIVE_QUOTE_AT_ANALYSIS,True,1.0000,1.5000,1.0000,-5.0000,7,1.5000,3,SELL_50_PCT_AT_TP1_REST_AT_TP2,MOVE_REMAINDER_TO_BREAK_EVEN,EXIT_AT_OPEN_IF_OPEN_BELOW_SL,SL_FIRST,10,PENDING_ANALYSIS,2.8479,2.8479,4.2719,116.2379,117.6619,107.7205,Indicative levels use the signal close only. Final SL/TP1/TP2 and sizing must be recalculated from the actual post-analysis broker fill.,30,2026-11-04,False,2026-08-05,0.6000,0.5600,7.5000,ALCISTA FUERTE,10,769.6400,7.3400,59.8000,15.3100,SIDI_INTRADAY_V2: Fund≥6.5 · DD60≥12% · RSI<40 · MACD↑ · Vol↓ · SPY20≤+1% · Abnormal20≤-10%,SIDI_INTRADAY_V2,True
HBAN,Huntington Bancshares,Financials,Regional Banks,1997-08-28,15.3300,15.3000,15.4200,15.2100,15.3300,2026-10-02,2026-10-05,28.4900,30.2000,DOWN,-0.0329,-0.0532,-0.0705,True,0.2532,0.3918,1.0700,2.5560,16.6200,16.6200,15.8100,-7.7600,-7.7400,True,-0.0157,BAJISTA,-16.5900,-16.6800,18.3800,18.4000,18.9000,14.4900,-18.9100,5.7800,0.6590,False,False,15.4700,1,17.0500,True,0.8900,HAMMER|DOJI|HAMMER,6.8800,6.5000,8.5000,5.0000,8,6.5000,7.0000,False,False,True,True,True,False,5.1100,7.6700,1.5000,SIDI_INTRADAY_V2,0.6186,0.9687,0.2924,1.0113,294,XLF,True,11.7731,8.6490,1.0397,3.3696,,0.0900,0.0098,0.2613,0.0000,0.4760,-0.0290,,,,2246000128.0000,,30922448896,0.9720,2.4600,4.0400,2020414826,5.0000,5.0000,4.3000,5.8200,,OK,0,5.7500,False,True,False,False,False,False,VOLUME|FUND65|ABNORMAL20,False,5-10d,XLF,,JPM|BAC|WFC,interest_rates|yield_curve|credit_spreads|loan_growth,POST_ANALYSIS_ACTUAL_FILL,LIVE_QUOTE_AT_ANALYSIS,True,1.0000,1.5000,1.0000,-5.0000,7,1.5000,3,SELL_50_PCT_AT_TP1_REST_AT_TP2,MOVE_REMAINDER_TO_BREAK_EVEN,EXIT_AT_OPEN_IF_OPEN_BELOW_SL,SL_FIRST,10,PENDING_ANALYSIS,0.3918,0.3918,0.5877,15.7218,15.9177,14.5635,Indicative levels use the signal close only. Final SL/TP1/TP2 and sizing must be recalculated from the actual post-analysis broker fill.,17,2026-10-22,False,2026-07-23,0.3900,0.3900,89.0000,ALCISTA FUERTE,10,769.6400,7.3400,59.8000,15.3100,SIDI_INTRADAY_V2: Fund≥6.5 · DD60≥12% · RSI<40 · MACD↑ · Vol↓ · SPY20≤+1% · Abnormal20≤-10%,SIDI_INTRADAY_V2,True
LRCX,Lam Research,Information Technology,Semiconductor Materials & Equipment,2012-06-29,347.4900,350.0000,352.5600,344.7700,347.4900,2026-10-02,2026-10-05,90.7200,53.3600,UP,6.4405,5.7801,4.5375,True,0.9670,12.9052,0.6550,3.7140,305.7800,274.6100,312.8500,13.6400,26.5400,True,5.7831,ALCISTA,-0.7100,-2.6300,349.9600,356.8700,438.0300,130.4200,-20.6700,166.4400,0.7800,True,True,312.7700,1,344.9100,False,-9.9900,NONE,7.0500,10.0000,7.0000,7.5000,4,7.0000,5.0000,False,False,False,False,True,True,7.4300,11.1400,1.5000,SIDI_INTRADAY_V2,0.6186,5.1546,-0.6139,2.2120,294,XLK,True,59.8837,29.3204,34.6072,18.5796,50.1500,0.6507,0.2284,0.3127,0.5047,0.3000,0.3480,33.0490,2.6290,3090484480.0000,7265396224.0000,0.4254,431653814272,1.8540,3.2700,0.3800,1251424362,4.8900,4.9300,7.0300,2.3400,0.0072,FCF/NI:0.43,1,5.7500,False,True,False,False,False,False,DD12|RSI40|FUND65|ABNORMAL20,False,10-18d,XLK,,AAPL|MSFT|NVDA,interest_rates|ai_capex_cycle|semiconductor_cycle,POST_ANALYSIS_ACTUAL_FILL,LIVE_QUOTE_AT_ANALYSIS,True,1.0000,1.5000,1.0000,-5.0000,7,1.5000,3,SELL_50_PCT_AT_TP1_REST_AT_TP2,MOVE_REMAINDER_TO_BREAK_EVEN,EXIT_AT_OPEN_IF_OPEN_BELOW_SL,SL_FIRST,10,PENDING_ANALYSIS,12.9052,12.9052,19.3578,360.3952,366.8478,330.1155,Indicative levels use the signal close only. Final SL/TP1/TP2 and sizing must be recalculated from the actual post-analysis broker fill.,16,2026-10-21,False,2026-07-29,1.8200,1.6800,8.1000,ALCISTA FUERTE,10,769.6400,7.3400,59.8000,15.3100,SIDI_INTRADAY_V2: Fund≥6.5 · DD60≥12% · RSI<40 · MACD↑ · Vol↓ · SPY20≤+1% · Abnormal20≤-10%,SIDI_INTRADAY_V2,True
TMO,Thermo Fisher Scientific,Health Care,Life Sciences Tools & Services,2004-08-03,654.8000,654.1500,659.4700,648.2900,654.8000,2026-10-02,2026-10-05,67.8200,78.2400,DOWN,-1.5548,-0.1232,2.9973,False,0.5776,16.2286,1.0160,2.4780,617.1200,541.7400,650.3400,6.1100,20.8700,True,1.3007,ALCISTA,-3.6500,-4.2200,679.6100,683.6300,683.6300,434.5000,-4.2200,50.7000,0.7210,True,True,587.3400,3,646.5000,False,-10.3000,HAMMER|DOJI|HAMMER|DOJI,6.8500,10.0000,5.0000,7.5000,6,5.0000,7.0000,False,False,False,False,False,True,4.9600,7.4400,1.5000,SIDI_INTRADAY_V2,0.6186,6.9378,0.2559,0.8419,294,XLV,True,35.8967,24.2106,4.6813,5.3221,23.9140,0.1351,0.0513,0.1504,0.4099,0.1050,0.0940,80.5750,1.5510,6237250048.0000,6967000064.0000,0.8953,246606659584,0.8770,2.8700,0.2900,369747286,5.0200,5.0500,5.6900,4.1900,0.0253,D/E:81,1,5.7500,False,True,False,False,False,False,DD12|RSI40|MACD|FUND65|ABNORMAL20,False,10-18d,XLV,,UNH|JNJ|LLY,fda_calendar|drug_pricing_policy|patent_cliffs,POST_ANALYSIS_ACTUAL_FILL,LIVE_QUOTE_AT_ANALYSIS,True,1.0000,1.5000,1.0000,-5.0000,7,1.5000,3,SELL_50_PCT_AT_TP1_REST_AT_TP2,MOVE_REMAINDER_TO_BREAK_EVEN,EXIT_AT_OPEN_IF_OPEN_BELOW_SL,SL_FIRST,10,PENDING_ANALYSIS,16.2286,16.2286,24.3429,671.0286,679.1429,622.0600,Indicative levels use the signal close only. Final SL/TP1/TP2 and sizing must be recalculated from the actual post-analysis broker fill.,16,2026-10-21,False,2026-07-23,6.0300,5.7100,5.6000,ALCISTA FUERTE,10,769.6400,7.3400,59.8000,15.3100,SIDI_INTRADAY_V2: Fund≥6.5 · DD60≥12% · RSI<40 · MACD↑ · Vol↓ · SPY20≤+1% · Abnormal20≤-10%,SIDI_INTRADAY_V2,True
ELV,Elevance Health,Health Care,Managed Health Care,2002-07-25,386.4300,382.0900,388.0400,380.6500,386.4300,2026-10-02,2026-10-05,12.7300,43.2200,DOWN,-3.2290,-3.4255,-2.7582,True,0.1466,8.9457,0.7760,2.3150,396.0900,362.9500,398.0300,-2.4400,6.4700,True,2.1040,NEUTRO,-9.0600,-11.0300,424.9400,434.3500,434.3500,270.8700,-11.0300,42.6600,0.7130,True,True,389.4100,2,405.3500,True,0.7700,NONE,7.9500,8.5000,8.5000,7.5000,7,10.0000,5.0000,False,False,False,True,True,True,4.6300,6.9400,1.5000,SIDI_INTRADAY_V2,0.6186,-9.0220,0.1359,0.5200,294,XLV,True,17.3375,13.2587,1.8922,0.4223,9.3070,0.1113,0.0383,0.0247,0.2599,0.0140,-0.1310,68.9530,1.5180,4306375168.0000,4962999808.0000,0.8677,84937940992,0.7110,5.1200,1.7800,216869290,4.2700,0.0800,5.5200,7.7000,0.0507,OK,0,5.7400,False,True,False,False,False,False,DD12|FUND65|ABNORMAL20,False,5-10d,XLV,,UNH|JNJ|LLY,fda_calendar|drug_pricing_policy|patent_cliffs,POST_ANALYSIS_ACTUAL_FILL,LIVE_QUOTE_AT_ANALYSIS,True,1.0000,1.5000,1.0000,-5.0000,7,1.5000,3,SELL_50_PCT_AT_TP1_REST_AT_TP2,MOVE_REMAINDER_TO_BREAK_EVEN,EXIT_AT_OPEN_IF_OPEN_BELOW_SL,SL_FIRST,10,PENDING_ANALYSIS,8.9457,8.9457,13.4185,395.3757,399.8485,367.1085,Indicative levels use the signal close only. Final SL/TP1/TP2 and sizing must be recalculated from the actual post-analysis broker fill.,16,2026-10-21,False,2026-07-15,7.4500,6.2100,20.0000,ALCISTA FUERTE,10,769.6400,7.3400,59.8000,15.3100,SIDI_INTRADAY_V2: Fund≥6.5 · DD60≥12% · RSI<40 · MACD↑ · Vol↓ · SPY20≤+1% · Abnormal20≤-10%,SIDI_INTRADAY_V2,True
IQV,IQVIA,Health Care,Life Sciences Tools & Services,2017-08-29,258.2100,260.7000,261.9800,257.0700,258.2100,2026-10-02,2026-10-05,40.5700,52.8500,DOWN,-2.2194,-1.7103,-0.9591,False,0.1192,6.8450,0.9020,2.6510,253.8000,205.8300,264.6900,1.7400,25.4500,True,2.0847,ALCISTA,-6.1100,-6.9200,275.0200,277.4000,277.4000,154.5000,-6.9200,67.1300,0.8470,True,True,233.7600,1,271.8000,False,-9.4700,NONE,6.8000,10.0000,5.0000,7.5000,4,8.0000,5.0000,False,False,False,False,False,True,5.3000,7.9500,1.5000,SIDI_INTRADAY_V2,0.6186,-6.6401,0.0701,1.1029,294,XLV,True,32.7472,18.2156,7.0314,2.5550,18.6370,0.2282,0.0506,0.0810,0.3297,0.0870,-0.0060,257.9750,0.7060,2149750016.0000,1375000064.0000,1.5635,43391029248,1.1740,3.0800,0.0000,164600000,5.0400,3.1200,6.0400,6.1100,0.0495,D/E:258,1,5.7400,False,True,False,False,False,False,DD12|RSI40|MACD|FUND65|ABNORMAL20,False,10-18d,XLV,,UNH|JNJ|LLY,fda_calendar|drug_pricing_policy|patent_cliffs,POST_ANALYSIS_ACTUAL_FILL,LIVE_QUOTE_AT_ANALYSIS,True,1.0000,1.5000,1.0000,-5.0000,7,1.5000,3,SELL_50_PCT_AT_TP1_REST_AT_TP2,MOVE_REMAINDER_TO_BREAK_EVEN,EXIT_AT_OPEN_IF_OPEN_BELOW_SL,SL_FIRST,10,PENDING_ANALYSIS,6.8450,6.8450,10.2675,265.0550,268.4775,245.2995,Indicative levels use the signal close only. Final SL/TP1/TP2 and sizing must be recalculated from the actual post-analysis broker fill.,22,2026-10-27,False,2026-07-28,3.1500,3.0300,3.9000,ALCISTA FUERTE,10,769.6400,7.3400,59.8000,15.3100,SIDI_INTRADAY_V2: Fund≥6.5 · DD60≥12% · RSI<40 · MACD↑ · Vol↓ · SPY20≤+1% · Abnormal20≤-10%,SIDI_INTRADAY_V2,True
KKR,KKR & Co.,Financials,Asset Management & Custody Banks,2024-06-24,90.2900,91.7100,93.3500,90.2500,90.2900,2026-10-02,2026-10-05,22.8000,26.8600,DOWN,-0.8427,-0.8660,-0.8289,True,0.0923,3.0350,0.8560,3.3610,103.2800,102.6600,97.3300,-12.5800,-12.0500,True,-2.5332,BAJISTA,-21.6900,-22.5400,115.3000,116.5700,144.0200,82.3500,-37.3100,9.6400,1.1700,False,False,90.9100,1,98.6000,True,0.6800,HAMMER,6.9500,6.5000,8.5000,5.0000,7,8.0000,7.0000,False,False,True,True,True,False,6.7200,10.0800,1.5000,SIDI_INTRADAY_V2,0.6186,-8.7427,0.6298,1.1161,294,XLF,True,28.7316,12.1868,2.8324,3.2152,,0.0728,0.0139,0.1220,0.5477,0.0780,0.4000,69.8120,0.8560,,2990256128.0000,,83058499584,1.8270,3.7400,0.8600,897635601,4.9400,6.5200,3.9000,4.3000,,OK,0,5.7400,False,True,False,False,False,False,VOLUME|FUND65|ABNORMAL20,False,5-10d,XLF,,JPM|BAC|WFC,interest_rates|yield_curve|credit_spreads|loan_growth,POST_ANALYSIS_ACTUAL_FILL,LIVE_QUOTE_AT_ANALYSIS,True,1.0000,1.5000,1.0000,-5.0000,7,1.5000,3,SELL_50_PCT_AT_TP1_REST_AT_TP2,MOVE_REMAINDER_TO_BREAK_EVEN,EXIT_AT_OPEN_IF_OPEN_BELOW_SL,SL_FIRST,10,PENDING_ANALYSIS,3.0350,3.0350,4.5525,93.3250,94.8425,85.7755,Indicative levels use the signal close only. Final SL/TP1/TP2 and sizing must be recalculated from the actual post-analysis broker fill.,35,2026-11-09,False,2026-07-30,1.6300,1.4300,14.2000,ALCISTA FUERTE,10,769.6400,7.3400,59.8000,15.3100,SIDI_INTRADAY_V2: Fund≥6.5 · DD60≥12% · RSI<40 · MACD↑ · Vol↓ · SPY20≤+1% · Abnormal20≤-10%,SIDI_INTRADAY_V2,True
NWSA,News Corp (Class A),Communication Services,Publishing,2013-08-01,28.6900,29.0000,29.0000,28.2000,28.6900,2026-10-02,2026-10-05,27.6800,31.6400,DOWN,-0.1395,-0.1686,-0.2197,True,0.2772,0.7150,0.9730,2.4920,29.2800,26.4500,29.1800,-2.0100,8.4700,True,1.5075,NEUTRO,-7.7100,-9.0800,31.0900,31.5500,31.5500,22.0300,-9.0800,30.2100,0.7150,False,False,26.2000,1,28.9800,False,-8.6700,HAMMER,6.6700,8.5000,8.5000,5.0000,4,6.5000,7.0000,False,False,False,True,True,False,4.9800,7.4800,1.5000,SIDI_INTRADAY_V2,0.6186,-11.4609,-0.6230,0.8877,294,XLC,True,27.9175,19.0214,1.8328,1.7176,12.7410,0.0798,0.0466,0.0635,0.5717,0.1080,-0.7490,31.5610,1.6230,1045124992.0000,573000000.0000,1.8240,15506454528,0.9760,3.2500,0.7000,359705290,5.1200,2.5000,6.3700,6.7300,0.0674,OK,0,5.7400,False,True,True,False,False,False,DD12|VOLUME|FUND65,False,7-15d,XLC,,GOOGL|META|NFLX,ad_spending_cycle|streaming_competition|regulation,POST_ANALYSIS_ACTUAL_FILL,LIVE_QUOTE_AT_ANALYSIS,True,1.0000,1.5000,1.0000,-5.0000,7,1.5000,3,SELL_50_PCT_AT_TP1_REST_AT_TP2,MOVE_REMAINDER_TO_BREAK_EVEN,EXIT_AT_OPEN_IF_OPEN_BELOW_SL,SL_FIRST,10,PENDING_ANALYSIS,0.7150,0.7150,1.0725,29.4050,29.7625,27.2555,Indicative levels use the signal close only. Final SL/TP1/TP2 and sizing must be recalculated from the actual post-analysis broker fill.,31,2026-11-05,False,2026-08-05,0.3500,0.2300,51.2000,ALCISTA FUERTE,10,769.6400,7.3400,59.8000,15.3100,SIDI_INTRADAY_V2: Fund≥6.5 · DD60≥12% · RSI<40 · MACD↑ · Vol↓ · SPY20≤+1% · Abnormal20≤-10%,SIDI_INTRADAY_V2,True
APA,APA Corporation,Energy,Oil & Gas Exploration & Production,1997-07-28,43.6800,42.4000,43.6800,42.3000,43.6800,2026-10-02,2026-10-05,45.3500,49.8900,DOWN,-0.3311,-0.4437,-0.5278,True,0.4667,1.6014,1.1200,3.6660,41.5800,35.0500,43.2300,5.0500,24.6200,True,5.7726,ALCISTA,-7.8700,-7.9300,47.4100,47.4400,47.4400,21.1300,-7.9300,106.6900,0.6400,False,False,40.4600,1,45.0500,False,-7.3700,BULL_ENGULF,6.3000,10.0000,6.0000,5.0000,4,5.0000,7.5000,False,False,False,False,True,False,7.3300,11.0000,1.5000,SIDI_INTRADAY_V2,0.6186,0.2602,-0.4020,1.6113,294,XLE,True,9.3710,9.6691,2.2138,1.8116,3.4380,0.2666,0.1160,0.1956,0.7825,0.0920,0.2630,48.8540,0.9460,2146749952.0000,1676999936.0000,1.2801,15529331712,0.4210,4.6700,2.2900,350351510,5.3500,1.5700,6.7800,8.0800,0.1382,OK,0,5.7300,False,True,False,False,False,False,DD12|RSI40|VOLUME|FUND65|ABNORMAL20,False,10-18d,XLE,,XOM|CVX|COP,oil_price|gas_price|opec_supply|inventories,POST_ANALYSIS_ACTUAL_FILL,LIVE_QUOTE_AT_ANALYSIS,True,1.0000,1.5000,1.0000,-5.0000,7,1.5000,3,SELL_50_PCT_AT_TP1_REST_AT_TP2,MOVE_REMAINDER_TO_BREAK_EVEN,EXIT_AT_OPEN_IF_OPEN_BELOW_SL,SL_FIRST,10,PENDING_ANALYSIS,1.6014,1.6014,2.4021,45.2814,46.0821,41.4960,Indicative levels use the signal close only. Final SL/TP1/TP2 and sizing must be recalculated from the actual post-analysis broker fill.,30,2026-11-04,False,2026-08-05,1.8900,1.8700,1.0000,ALCISTA FUERTE,10,769.6400,7.3400,59.8000,15.3100,SIDI_INTRADAY_V2: Fund≥6.5 · DD60≥12% · RSI<40 · MACD↑ · Vol↓ · SPY20≤+1% · Abnormal20≤-10%,SIDI_INTRADAY_V2,True
EVRG,Evergy,Utilities,Electric Utilities,2018-06-05,79.1700,79.3700,79.7900,79.0400,79.1700,2026-10-02,2026-10-05,37.6600,27.4500,UP,0.0312,-0.0469,-0.1653,True,0.3903,1.1086,0.7990,1.4000,81.4300,80.0000,79.5700,-2.7800,-1.0300,True,0.8394,BAJISTA,-8.4300,-9.4100,86.4600,87.3900,87.8900,69.6400,-9.9200,13.6800,0.9490,False,False,,0,87.6400,False,,HAMMER|BULL_ENGULF,6.8500,7.0000,8.5000,5.0000,5,7.0000,9.5000,False,False,False,True,True,False,2.8000,4.2000,1.5000,SIDI_INTRADAY_V2,0.6186,1.2150,-0.0911,0.8837,294,XLU,True,20.2125,17.4008,1.7915,3.0055,12.2460,0.0925,0.0291,0.1519,0.5270,0.0440,0.2300,160.5540,0.3590,-1443362560.0000,925800000.0000,-1.5590,18315102208,0.4820,9.6400,3.5100,230567172,4.9900,7.5000,4.1600,3.0300,-0.0788,FCF/NI:-1.56|D/E:161,2,5.7300,False,True,False,False,False,False,DD12|VOLUME|FUND65|ABNORMAL20,False,3-7d,XLU,,NEE|DUK|SO,interest_rates|regulatory_environment,POST_ANALYSIS_ACTUAL_FILL,LIVE_QUOTE_AT_ANALYSIS,True,1.0000,1.5000,1.0000,-5.0000,7,1.5000,3,SELL_50_PCT_AT_TP1_REST_AT_TP2,MOVE_REMAINDER_TO_BREAK_EVEN,EXIT_AT_OPEN_IF_OPEN_BELOW_SL,SL_FIRST,10,PENDING_ANALYSIS,1.1086,1.1086,1.6629,80.2786,80.8329,75.2115,Indicative levels use the signal close only. Final SL/TP1/TP2 and sizing must be recalculated from the actual post-analysis broker fill.,31,2026-11-05,False,2026-08-06,0.8800,0.8000,9.8000,ALCISTA FUERTE,10,769.6400,7.3400,59.8000,15.3100,SIDI_INTRADAY_V2: Fund≥6.5 · DD60≥12% · RSI<40 · MACD↑ · Vol↓ · SPY20≤+1% · Abnormal20≤-10%,SIDI_INTRADAY_V2,True
MCK,McKesson Corporation,Health Care,Health Care Distributors,1999-01-13,902.2800,899.0200,905.5500,881.4000,902.2800,2026-10-02,2026-10-05,47.2200,35.2100,UP,-0.2084,-2.4184,-5.1513,True,0.7883,23.2350,0.9670,2.5750,877.5800,845.9200,880.9700,2.8100,6.6600,True,0.5644,ALCISTA,-2.4300,-2.9800,924.7800,929.9500,996.8400,722.1100,-9.4900,24.9500,0.8830,True,True,836.9900,1,908.2100,False,-7.2400,HAMMER,6.9500,10.0000,7.0000,7.5000,4,5.0000,7.0000,False,False,False,False,True,True,5.1500,7.7300,1.5000,SIDI_INTRADAY_V2,0.6186,1.1534,-0.6058,0.7397,294,XLV,True,24.3835,18.0454,-24.8892,0.2581,16.2310,,0.0474,0.0112,0.0363,0.0770,-0.1760,,0.8930,6801249792.0000,4592000000.0000,1.4811,106068082688,0.2980,3.2000,0.4200,116590363,4.9100,2.7100,5.6600,6.6100,0.0641,OK,0,5.7300,False,True,False,False,False,False,DD12|RSI40|FUND65|ABNORMAL20,False,10-18d,XLV,,UNH|JNJ|LLY,fda_calendar|drug_pricing_policy|patent_cliffs,POST_ANALYSIS_ACTUAL_FILL,LIVE_QUOTE_AT_ANALYSIS,True,1.0000,1.5000,1.0000,-5.0000,7,1.5000,3,SELL_50_PCT_AT_TP1_REST_AT_TP2,MOVE_REMAINDER_TO_BREAK_EVEN,EXIT_AT_OPEN_IF_OPEN_BELOW_SL,SL_FIRST,10,PENDING_ANALYSIS,23.2350,23.2350,34.8525,925.5150,937.1325,857.1660,Indicative levels use the signal close only. Final SL/TP1/TP2 and sizing must be recalculated from the actual post-analysis broker fill.,30,2026-11-04,False,2026-08-05,9.9300,9.5400,4.1000,ALCISTA FUERTE,10,769.6400,7.3400,59.8000,15.3100,SIDI_INTRADAY_V2: Fund≥6.5 · DD60≥12% · RSI<40 · MACD↑ · Vol↓ · SPY20≤+1% · Abnormal20≤-10%,SIDI_INTRADAY_V2,True
BXP,"BXP, Inc.",Real Estate,Office REITs,2006-04-03,60.4500,60.7300,61.7900,60.2700,60.4500,2026-10-02,2026-10-05,31.1900,30.8300,UP,-0.1527,-0.1696,-0.1551,True,0.1345,1.3239,0.7800,2.1900,66.0700,61.4200,62.8100,-8.5100,-1.5800,True,-0.7512,BAJISTA,-16.2100,-18.4100,72.1400,74.0900,74.0900,47.9900,-18.4100,25.9700,0.6830,True,True,61.6000,1,70.5900,True,1.9000,HAMMER,7.9000,6.5000,8.5000,7.5000,8,10.0000,7.0000,True,True,True,True,True,True,4.3800,6.5700,1.5000,SIDI_INTRADAY_V2,0.6186,-7.5902,0.3335,0.8895,294,XLRE,True,32.1801,26.9275,1.8522,3.3936,17.3690,0.0531,0.0168,0.0930,0.5645,0.0370,-0.2320,211.6310,0.5060,880636864.0000,296824992.0000,2.9669,10826418176,1.0540,10.5800,4.6300,159661556,4.2700,1.5900,4.6400,6.9700,0.0813,D/E:212,1,5.7200,False,True,False,True,False,False,FUND65|ABNORMAL20,False,3-7d,XLRE,,PLD|AMT|EQIX,interest_rates|cap_rates|occupancy_trends,POST_ANALYSIS_ACTUAL_FILL,LIVE_QUOTE_AT_ANALYSIS,True,1.0000,1.5000,1.0000,-5.0000,7,1.5000,3,SELL_50_PCT_AT_TP1_REST_AT_TP2,MOVE_REMAINDER_TO_BREAK_EVEN,EXIT_AT_OPEN_IF_OPEN_BELOW_SL,SL_FIRST,10,PENDING_ANALYSIS,1.3239,1.3239,1.9859,61.7739,62.4359,57.4275,Indicative levels use the signal close only. Final SL/TP1/TP2 and sizing must be recalculated from the actual post-analysis broker fill.,22,2026-10-27,False,2026-07-28,0.5000,0.4300,14.8000,ALCISTA FUERTE,10,769.6400,7.3400,59.8000,15.3100,SIDI_INTRADAY_V2: Fund≥6.5 · DD60≥12% · RSI<40 · MACD↑ · Vol↓ · SPY20≤+1% · Abnormal20≤-10%,SIDI_INTRADAY_V2,True
EIX,Edison International,Utilities,Electric Utilities,1957-03-04,53.8900,52.9200,54.6100,52.9200,53.8900,2026-10-02,2026-10-05,38.0600,32.5400,UP,0.5459,0.4666,0.2375,True,0.3663,1.4393,0.5720,2.6710,64.3700,67.2800,55.9200,-16.2700,-19.9000,False,-0.1354,BAJISTA,-32.9600,-33.9700,80.3800,81.6200,81.6200,50.0400,-33.9700,7.6900,1.1320,False,False,54.4800,1,59.9600,True,1.0900,NONE,6.3000,5.0000,8.5000,5.0000,7,7.0000,5.0000,False,False,True,True,True,False,5.3400,8.0100,1.5000,SIDI_INTRADAY_V2,0.6186,6.2831,-0.0912,1.3512,294,XLU,True,5.5242,8.2411,1.1819,1.0616,7.3550,0.1973,0.0409,0.1928,0.6100,-0.0410,0.5510,228.0420,0.6620,82375000.0000,3744000000.0000,0.0220,20620257280,0.6090,2.2900,6.5100,384813979,5.3400,5.0000,5.7000,5.3300,0.0040,FCF/NI:0.02|D/E:228,2,5.7200,False,True,False,False,False,False,VOLUME|FUND65|ABNORMAL20,False,3-7d,XLU,,NEE|DUK|SO,interest_rates|regulatory_environment,POST_ANALYSIS_ACTUAL_FILL,LIVE_QUOTE_AT_ANALYSIS,True,1.0000,1.5000,1.0000,-5.0000,7,1.5000,3,SELL_50_PCT_AT_TP1_REST_AT_TP2,MOVE_REMAINDER_TO_BREAK_EVEN,EXIT_AT_OPEN_IF_OPEN_BELOW_SL,SL_FIRST,10,PENDING_ANALYSIS,1.4393,1.4393,2.1589,55.3293,56.0489,51.1955,Indicative levels use the signal close only. Final SL/TP1/TP2 and sizing must be recalculated from the actual post-analysis broker fill.,24,2026-10-29,False,2026-07-30,1.5400,1.2100,27.0000,ALCISTA FUERTE,10,769.6400,7.3400,59.8000,15.3100,SIDI_INTRADAY_V2: Fund≥6.5 · DD60≥12% · RSI<40 · MACD↑ · Vol↓ · SPY20≤+1% · Abnormal20≤-10%,SIDI_INTRADAY_V2,True
TEL,TE Connectivity,Information Technology,Electronic Manufacturing Services,2011-10-17,220.3600,220.7100,222.5400,217.4700,220.3600,2026-10-02,2026-10-05,71.3900,61.6000,UP,1.0136,0.8008,0.9815,True,0.9540,5.7107,0.8840,2.5920,208.9400,213.0400,211.6300,5.4700,3.4400,False,-0.8122,ALCISTA,0.0000,-0.9800,220.3600,222.5400,250.6100,189.5300,-12.0700,16.2700,0.7050,True,True,199.7900,6,221.2400,False,-9.3400,BULL_ENGULF|HAMMER|DOJI,7.1000,8.0000,7.0000,7.5000,6,5.0000,9.5000,False,False,False,False,True,True,5.1800,7.7700,1.5000,SIDI_INTRADAY_V2,0.6186,9.4060,1.7672,-0.1659,294,XLK,True,21.5896,17.0653,4.8250,3.3077,13.8400,0.2329,0.0969,0.1561,0.3612,0.1380,0.1920,43.4410,1.8760,2336875008.0000,3017999872.0000,0.7743,63911620608,1.1400,4.1000,1.4200,289940672,4.8000,1.9200,6.0400,6.7100,0.0366,OK,0,5.7200,False,True,False,False,False,False,DD12|RSI40|FUND65|ABNORMAL20,False,10-18d,XLK,,AAPL|MSFT|NVDA,interest_rates|ai_capex_cycle|semiconductor_cycle,POST_ANALYSIS_ACTUAL_FILL,LIVE_QUOTE_AT_ANALYSIS,True,1.0000,1.5000,1.0000,-5.0000,7,1.5000,3,SELL_50_PCT_AT_TP1_REST_AT_TP2,MOVE_REMAINDER_TO_BREAK_EVEN,EXIT_AT_OPEN_IF_OPEN_BELOW_SL,SL_FIRST,10,PENDING_ANALYSIS,5.7107,5.7107,8.5661,226.0707,228.9261,209.3420,Indicative levels use the signal close only. Final SL/TP1/TP2 and sizing must be recalculated from the actual post-analysis broker fill.,23,2026-10-28,False,2026-07-22,2.9400,2.8400,3.3000,ALCISTA FUERTE,10,769.6400,7.3400,59.8000,15.3100,SIDI_INTRADAY_V2: Fund≥6.5 · DD60≥12% · RSI<40 · MACD↑ · Vol↓ · SPY20≤+1% · Abnormal20≤-10%,SIDI_INTRADAY_V2,True
FCX,Freeport-McMoRan,Materials,Copper,2011-07-01,72.0400,69.5600,73.0700,69.5600,72.0400,2026-10-02,2026-10-05,59.9400,48.8900,UP,-0.2990,-0.4451,-0.2836,True,0.5303,2.4243,0.8500,3.3650,70.5400,63.4400,71.6000,2.1300,13.5600,True,4.7514,ALCISTA,-9.8500,-10.2200,79.9100,80.2400,80.2400,37.7800,-10.2200,90.6600,1.0520,True,True,67.0100,1,71.7500,False,-6.9800,NONE,6.7500,10.0000,7.0000,7.5000,4,5.0000,5.0000,False,False,False,False,True,True,6.7300,10.1000,1.5000,SIDI_INTRADAY_V2,0.6186,8.6580,1.5980,1.1493,294,XLB,True,36.0271,17.5108,5.2228,4.0600,12.7530,0.1475,0.0759,0.1139,0.3827,-0.0730,0.2810,32.1490,2.0660,2159249920.0000,2936000000.0000,0.7354,105023143936,1.3890,2.3400,0.8300,1436017523,5.0200,5.0000,6.2300,3.6500,0.0206,FCF/NI:0.74,1,5.7100,False,True,False,False,False,False,DD12|RSI40|FUND65|ABNORMAL20,False,10-18d,XLB,,LIN|APD|ECL,commodity_prices|dxy|china_demand|energy_costs,POST_ANALYSIS_ACTUAL_FILL,LIVE_QUOTE_AT_ANALYSIS,True,1.0000,1.5000,1.0000,-5.0000,7,1.5000,3,SELL_50_PCT_AT_TP1_REST_AT_TP2,MOVE_REMAINDER_TO_BREAK_EVEN,EXIT_AT_OPEN_IF_OPEN_BELOW_SL,SL_FIRST,10,PENDING_ANALYSIS,2.4243,2.4243,3.6364,74.4643,75.6765,68.4380,Indicative levels use the signal close only. Final SL/TP1/TP2 and sizing must be recalculated from the actual post-analysis broker fill.,22,2026-10-27,False,2026-07-23,0.7400,0.6200,18.5000,ALCISTA FUERTE,10,769.6400,7.3400,59.8000,15.3100,SIDI_INTRADAY_V2: Fund≥6.5 · DD60≥12% · RSI<40 · MACD↑ · Vol↓ · SPY20≤+1% · Abnormal20≤-10%,SIDI_INTRADAY_V2,True
MTB,M&T Bank,Financials,Regional Banks,2004-02-23,219.1400,217.8700,220.0900,217.5500,219.1400,2026-10-02,2026-10-05,18.9900,18.8900,UP,-0.5349,-0.8431,-1.1393,True,0.2616,4.4714,1.0090,2.0400,237.7800,221.4400,225.6300,-7.8400,-1.0400,True,1.8014,BAJISTA,-13.2000,-13.8300,252.4600,254.3100,254.3100,169.8900,-13.8300,28.9900,0.8460,True,True,209.1200,2,217.8600,False,-4.5700,NONE,7.0300,7.0000,9.5000,7.5000,5,6.5000,5.0000,True,True,True,True,True,True,4.0800,6.1200,1.5000,SIDI_INTRADAY_V2,0.6186,-0.9546,0.0084,0.9904,294,XLF,True,11.6430,10.4589,1.2514,3.3781,,0.1074,0.0141,0.3209,0.0000,0.0620,0.2550,,,,2873999872.0000,,31926564864,0.6150,5.1400,2.7400,144933000,4.8300,4.4900,4.4700,5.6600,,OK,0,5.7100,False,True,False,True,False,False,FUND65|ABNORMAL20,False,3-7d,XLF,,JPM|BAC|WFC,interest_rates|yield_curve|credit_spreads|loan_growth,POST_ANALYSIS_ACTUAL_FILL,LIVE_QUOTE_AT_ANALYSIS,True,1.0000,1.5000,1.0000,-5.0000,7,1.5000,3,SELL_50_PCT_AT_TP1_REST_AT_TP2,MOVE_REMAINDER_TO_BREAK_EVEN,EXIT_AT_OPEN_IF_OPEN_BELOW_SL,SL_FIRST,10,PENDING_ANALYSIS,4.4714,4.4714,6.7071,223.6114,225.8471,208.1830,Indicative levels use the signal close only. Final SL/TP1/TP2 and sizing must be recalculated from the actual post-analysis broker fill.,11,2026-10-16,False,2026-07-15,5.3200,4.6600,14.1000,ALCISTA FUERTE,10,769.6400,7.3400,59.8000,15.3100,SIDI_INTRADAY_V2: Fund≥6.5 · DD60≥12% · RSI<40 · MACD↑ · Vol↓ · SPY20≤+1% · Abnormal20≤-10%,SIDI_INTRADAY_V2,True
INTU,Intuit,Information Technology,Application Software,2000-12-05,281.0800,283.7900,284.2000,277.3800,281.0800,2026-10-02,2026-10-05,17.5300,24.4900,DOWN,-2.2119,-3.3198,-5.8761,True,0.2818,11.5586,0.8030,4.1120,323.3700,391.7200,297.6800,-13.0800,-28.2400,False,-8.0964,BAJISTA,-24.0200,-24.6400,369.9200,372.9800,682.7600,251.7200,-58.8300,11.6600,0.7400,True,True,259.3700,1,336.9400,False,-7.7200,HAMMER,6.4800,5.0000,8.5000,7.5000,4,6.5000,7.0000,True,True,True,True,True,True,8.2200,12.3400,1.5000,SIDI_INTRADAY_V2,0.6186,-12.9444,0.9661,-0.6103,294,XLK,True,17.1725,10.4397,3.9944,3.5219,11.1460,0.2360,0.1047,0.2129,0.8098,0.1370,-0.0140,44.3400,1.5070,6353625088.0000,4566000128.0000,1.3915,75536924672,1.0090,1.7700,1.9600,267236000,5.1800,1.2600,5.9300,8.8700,0.0841,OK,0,5.7000,False,True,True,True,False,False,FUND65,False,3-7d,XLK,,AAPL|MSFT|NVDA,interest_rates|ai_capex_cycle|semiconductor_cycle,POST_ANALYSIS_ACTUAL_FILL,LIVE_QUOTE_AT_ANALYSIS,True,1.0000,1.5000,1.0000,-5.0000,7,1.5000,3,SELL_50_PCT_AT_TP1_REST_AT_TP2,MOVE_REMAINDER_TO_BREAK_EVEN,EXIT_AT_OPEN_IF_OPEN_BELOW_SL,SL_FIRST,10,PENDING_ANALYSIS,11.5586,11.5586,17.3379,292.6386,298.4179,267.0260,Indicative levels use the signal close only. Final SL/TP1/TP2 and sizing must be recalculated from the actual post-analysis broker fill.,45,2026-11-19,False,2026-08-25,4.0300,3.5900,12.3000,ALCISTA FUERTE,10,769.6400,7.3400,59.8000,15.3100,SIDI_INTRADAY_V2: Fund≥6.5 · DD60≥12% · RSI<40 · MACD↑ · Vol↓ · SPY20≤+1% · Abnormal20≤-10%,SIDI_INTRADAY_V2,True
LULU,Lululemon Athletica,Consumer Discretionary,"Apparel, Accessories & Luxury Goods",2023-10-18,94.4600,95.5800,96.1600,93.4100,94.4600,2026-10-02,2026-10-05,37.8300,51.1700,DOWN,0.0022,0.1075,0.3300,False,0.0422,3.4700,0.7750,3.6740,111.9300,144.9500,101.5000,-15.6100,-34.8300,False,-5.3127,BAJISTA,-26.5400,-26.7000,128.5800,128.8600,225.9800,93.4100,-58.2000,1.1200,0.8220,False,False,95.3500,1,104.3400,True,0.9400,NONE,6.3500,5.0000,6.5000,5.0000,7,10.0000,5.0000,False,False,True,True,False,False,7.3500,11.0200,1.5000,SIDI_INTRADAY_V2,0.6186,-12.8145,-0.4653,1.2792,294,XLY,True,7.6189,10.7064,2.1578,0.9238,4.7020,0.3090,0.1440,0.1278,0.5490,-0.0430,-0.0590,44.6890,2.1900,1148515840.0000,1417976960.0000,0.8100,10248426496,0.9220,1.9200,0.0000,105594064,5.2600,0.0000,7.0300,9.3300,0.1121,OK,0,5.7000,False,True,True,False,False,False,MACD|VOLUME|FUND65,False,3-7d,XLY,,AMZN|TSLA|HD,consumer_spending|employment_data|interest_rates,POST_ANALYSIS_ACTUAL_FILL,LIVE_QUOTE_AT_ANALYSIS,True,1.0000,1.5000,1.0000,-5.0000,7,1.5000,3,SELL_50_PCT_AT_TP1_REST_AT_TP2,MOVE_REMAINDER_TO_BREAK_EVEN,EXIT_AT_OPEN_IF_OPEN_BELOW_SL,SL_FIRST,10,PENDING_ANALYSIS,3.4700,3.4700,5.2050,97.9300,99.6650,89.7370,Indicative levels use the signal close only. Final SL/TP1/TP2 and sizing must be recalculated from the actual post-analysis broker fill.,-32,2026-12-10,False,2026-09-03,2.9200,1.7900,63.3000,ALCISTA FUERTE,10,769.6400,7.3400,59.8000,15.3100,SIDI_INTRADAY_V2: Fund≥6.5 · DD60≥12% · RSI<40 · MACD↑ · Vol↓ · SPY20≤+1% · Abnormal20≤-10%,SIDI_INTRADAY_V2,True
ZTS,Zoetis,Health Care,Pharmaceuticals,2013-06-21,69.6900,69.1200,70.1000,68.7700,69.6900,2026-10-02,2026-10-05,31.1900,28.4400,UP,-0.2190,-0.2597,-0.2112,True,0.1552,1.6750,0.7060,2.4040,74.4000,97.5300,71.8700,-6.3300,-28.5400,False,-4.6132,BAJISTA,-10.5700,-13.0700,77.9300,80.1700,145.9900,68.7700,-52.2600,1.3400,1.1200,True,True,,0,77.9300,False,,NONE,6.5700,5.0000,8.5000,7.5000,4,8.5000,5.0000,False,False,False,True,True,True,4.8100,7.2100,1.5000,SIDI_INTRADAY_V2,0.6186,2.9915,0.1555,0.8691,294,XLV,True,11.6110,10.7868,9.0056,3.0626,8.9470,0.6491,0.1535,0.2768,0.7174,-0.0020,0.0120,293.9960,3.0840,2016999936.0000,2636999936.0000,0.7649,29171521536,0.7400,3.7600,3.0400,413223602,5.1200,0.0000,7.4900,8.3300,0.0691,D/E:294,1,5.7000,False,True,False,False,False,False,DD12|FUND65|ABNORMAL20,False,3-7d,XLV,,UNH|JNJ|LLY,fda_calendar|drug_pricing_policy|patent_cliffs,POST_ANALYSIS_ACTUAL_FILL,LIVE_QUOTE_AT_ANALYSIS,True,1.0000,1.5000,1.0000,-5.0000,7,1.5000,3,SELL_50_PCT_AT_TP1_REST_AT_TP2,MOVE_REMAINDER_TO_BREAK_EVEN,EXIT_AT_OPEN_IF_OPEN_BELOW_SL,SL_FIRST,10,PENDING_ANALYSIS,1.6750,1.6750,2.5125,71.3650,72.2025,66.2055,Indicative levels use the signal close only. Final SL/TP1/TP2 and sizing must be recalculated from the actual post-analysis broker fill.,31,2026-11-05,False,2026-08-06,1.8700,1.8500,95.0000,ALCISTA FUERTE,10,769.6400,7.3400,59.8000,15.3100,SIDI_INTRADAY_V2: Fund≥6.5 · DD60≥12% · RSI<40 · MACD↑ · Vol↓ · SPY20≤+1% · Abnormal20≤-10%,SIDI_INTRADAY_V2,True
USB,U.S. Bancorp,Financials,Diversified Banks,1999-11-01,57.5100,57.3700,57.8800,57.1600,57.5100,2026-10-02,2026-10-05,24.0300,27.9500,DOWN,-0.1841,-0.2245,-0.2746,True,0.2076,1.2574,1.1020,2.1860,61.5900,56.6100,59.2800,-6.6200,1.5900,True,2.1117,NEUTRO,-11.2700,-12.1500,64.8100,65.4700,65.4700,43.3500,-12.1500,32.6600,0.9300,False,False,54.4600,2,57.0200,False,-5.3000,HAMMER|DOJI,6.6700,8.5000,8.5000,5.0000,4,6.5000,7.0000,False,False,False,True,True,False,4.3700,6.5600,1.5000,SIDI_INTRADAY_V2,0.6186,0.4848,0.0159,1.1348,294,XLF,True,11.5010,9.9392,1.4808,3.2859,,0.1262,0.0116,0.2990,0.0000,0.1040,0.2160,,,,7797000192.0000,,89774923776,1.0190,3.7600,3.7600,1558051446,5.0400,4.9800,4.6600,5.5500,,OK,0,5.6900,False,True,False,False,False,False,DD12|VOLUME|FUND65|ABNORMAL20,False,7-15d,XLF,,JPM|BAC|WFC,interest_rates|yield_curve|credit_spreads|loan_growth,POST_ANALYSIS_ACTUAL_FILL,LIVE_QUOTE_AT_ANALYSIS,True,1.0000,1.5000,1.0000,-5.0000,7,1.5000,3,SELL_50_PCT_AT_TP1_REST_AT_TP2,MOVE_REMAINDER_TO_BREAK_EVEN,EXIT_AT_OPEN_IF_OPEN_BELOW_SL,SL_FIRST,10,PENDING_ANALYSIS,1.2574,1.2574,1.8861,58.7674,59.3961,54.6345,Indicative levels use the signal close only. Final SL/TP1/TP2 and sizing must be recalculated from the actual post-analysis broker fill.,10,2026-10-15,False,2026-07-16,1.3500,1.2800,5.1000,ALCISTA FUERTE,10,769.6400,7.3400,59.8000,15.3100,SIDI_INTRADAY_V2: Fund≥6.5 · DD60≥12% · RSI<40 · MACD↑ · Vol↓ · SPY20≤+1% · Abnormal20≤-10%,SIDI_INTRADAY_V2,True
UNP,Union Pacific Corporation,Industrials,Rail Transportation,1957-03-04,278.2800,273.7200,278.6000,273.0800,278.2800,2026-10-02,2026-10-05,40.2100,26.8500,UP,0.1039,-0.4463,-0.7380,True,0.4634,4.8721,0.8200,1.7510,289.8400,262.6800,279.4900,-3.9900,5.9400,True,2.0438,NEUTRO,-10.0000,-11.5300,309.1900,314.5300,314.5300,211.0800,-11.5300,31.8400,1.2230,True,True,283.4700,1,313.6100,True,1.8700,NONE,6.9000,8.5000,7.0000,7.5000,7,5.0000,5.0000,False,False,False,False,True,True,3.5000,5.2500,1.5000,SIDI_INTRADAY_V2,0.6186,-6.2618,-0.7923,0.8705,294,XLI,True,22.5016,19.5618,7.9776,6.4918,15.0860,0.3970,0.0927,0.2885,0.5628,0.1150,0.0660,150.7720,0.9860,4720750080.0000,7329999872.0000,0.6440,164956962816,0.9540,12.1400,2.0400,594075498,4.8900,4.1500,5.5400,5.0000,0.0286,FCF/NI:0.64|D/E:151,2,5.6900,False,True,False,False,False,False,DD12|RSI40|FUND65|ABNORMAL20,False,7-15d,XLI,,CAT|HON|RTX,pmi_manufacturing|supply_chain|capex_cycle,POST_ANALYSIS_ACTUAL_FILL,LIVE_QUOTE_AT_ANALYSIS,True,1.0000,1.5000,1.0000,-5.0000,7,1.5000,3,SELL_50_PCT_AT_TP1_REST_AT_TP2,MOVE_REMAINDER_TO_BREAK_EVEN,EXIT_AT_OPEN_IF_OPEN_BELOW_SL,SL_FIRST,10,PENDING_ANALYSIS,4.8721,4.8721,7.3081,283.1521,285.5881,264.3660,Indicative levels use the signal close only. Final SL/TP1/TP2 and sizing must be recalculated from the actual post-analysis broker fill.,17,2026-10-22,False,2026-07-23,3.4100,3.2400,5.2000,ALCISTA FUERTE,10,769.6400,7.3400,59.8000,15.3100,SIDI_INTRADAY_V2: Fund≥6.5 · DD60≥12% · RSI<40 · MACD↑ · Vol↓ · SPY20≤+1% · Abnormal20≤-10%,SIDI_INTRADAY_V2,True
AWK,American Water Works,Utilities,Water Utilities,2016-03-04,130.2500,128.8900,130.3800,128.2100,130.2500,2026-10-02,2026-10-05,23.1600,12.9400,UP,-0.8037,-1.0240,-1.1062,True,0.2371,2.3900,0.7930,1.8350,135.5900,130.6300,133.2300,-3.9400,-0.2900,True,0.5605,BAJISTA,-7.5500,-8.5100,140.8900,142.3700,142.3700,118.8200,-8.5100,9.6200,1.1430,True,True,120.9200,3,128.0400,False,-7.1600,NONE,7.6200,7.0000,9.5000,7.5000,7,8.5000,5.0000,False,False,False,True,True,True,3.6700,5.5000,1.5000,SIDI_INTRADAY_V2,0.6186,-5.8970,-0.4533,0.6488,294,XLU,True,22.1551,19.4697,2.1778,4.8078,14.3240,0.1009,0.0352,0.2135,0.6147,0.0620,0.0860,137.7450,0.5230,-1785374976.0000,1128000000.0000,-1.5828,25404520448,0.5690,6.6100,2.7500,198728989,4.3900,5.6600,4.4700,2.8300,-0.0703,FCF/NI:-1.58,1,5.6800,False,True,False,False,False,False,DD12|FUND65|ABNORMAL20,False,3-7d,XLU,,NEE|DUK|SO,interest_rates|regulatory_environment,POST_ANALYSIS_ACTUAL_FILL,LIVE_QUOTE_AT_ANALYSIS,True,1.0000,1.5000,1.0000,-5.0000,7,1.5000,3,SELL_50_PCT_AT_TP1_REST_AT_TP2,MOVE_REMAINDER_TO_BREAK_EVEN,EXIT_AT_OPEN_IF_OPEN_BELOW_SL,SL_FIRST,10,PENDING_ANALYSIS,2.3900,2.3900,3.5850,132.6400,133.8350,123.7375,Indicative levels use the signal close only. Final SL/TP1/TP2 and sizing must be recalculated from the actual post-analysis broker fill.,23,2026-10-28,False,2026-07-29,1.6100,1.5500,4.0000,ALCISTA FUERTE,10,769.6400,7.3400,59.8000,15.3100,SIDI_INTRADAY_V2: Fund≥6.5 · DD60≥12% · RSI<40 · MACD↑ · Vol↓ · SPY20≤+1% · Abnormal20≤-10%,SIDI_INTRADAY_V2,True
OTIS,Otis Worldwide,Industrials,Industrial Machinery & Supplies & Components,2020-04-03,64.0500,64.8000,64.9900,63.5750,64.0500,2026-10-02,2026-10-05,24.6500,32.0900,DOWN,-0.3384,-0.3363,-0.2602,False,0.0612,1.5652,1.0020,2.4440,70.2800,77.3400,67.2900,-8.8600,-17.1800,False,-2.3310,BAJISTA,-14.0800,-15.1100,74.5500,75.4500,93.4300,63.5800,-31.4500,0.7500,1.2140,False,False,,0,74.2000,False,,HAMMER|DOJI,6.0000,5.0000,7.5000,5.0000,4,8.0000,7.0000,False,False,True,True,False,False,4.8900,7.3300,1.5000,SIDI_INTRADAY_V2,0.6186,-6.9376,-0.1577,0.6076,294,XLI,True,17.0077,14.5909,-4.3817,1.6890,12.3900,,0.1425,0.1017,0.3031,0.0730,0.1300,,0.8310,1436249984.0000,1516000000.0000,0.9474,25185085440,0.8590,4.5200,2.7500,380669339,5.4700,4.2500,5.6400,6.7100,0.0570,OK,0,5.6800,False,True,False,False,False,False,MACD|VOLUME|FUND65|ABNORMAL20,False,3-7d,XLI,,CAT|UNP|HON,pmi_manufacturing|supply_chain|capex_cycle,POST_ANALYSIS_ACTUAL_FILL,LIVE_QUOTE_AT_ANALYSIS,True,1.0000,1.5000,1.0000,-5.0000,7,1.5000,3,SELL_50_PCT_AT_TP1_REST_AT_TP2,MOVE_REMAINDER_TO_BREAK_EVEN,EXIT_AT_OPEN_IF_OPEN_BELOW_SL,SL_FIRST,10,PENDING_ANALYSIS,1.5652,1.5652,2.3478,65.6152,66.3978,60.8475,Indicative levels use the signal close only. Final SL/TP1/TP2 and sizing must be recalculated from the actual post-analysis broker fill.,23,2026-10-28,False,2026-07-22,1.0100,1.0100,9.0000,ALCISTA FUERTE,10,769.6400,7.3400,59.8000,15.3100,SIDI_INTRADAY_V2: Fund≥6.5 · DD60≥12% · RSI<40 · MACD↑ · Vol↓ · SPY20≤+1% · Abnormal20≤-10%,SIDI_INTRADAY_V2,True
CDW,CDW Corporation,Information Technology,Technology Distributors,2019-09-23,133.2900,135.8300,136.8200,132.1200,133.2900,2026-10-02,2026-10-05,27.1600,31.7200,DOWN,-1.8909,-2.1881,-2.5754,True,0.2097,5.2293,0.8220,3.9230,142.1200,130.5400,139.8200,-6.2100,2.1000,True,0.1257,NEUTRO,-13.4000,-15.6700,153.9200,158.0500,159.2300,96.0900,-16.2900,38.7200,0.8750,True,True,129.9500,2,137.3400,True,-2.5100,NONE,7.4200,8.5000,8.5000,7.5000,7,6.5000,5.0000,True,True,True,True,True,True,7.8500,11.7700,1.5000,SIDI_INTRADAY_V2,0.6186,-19.1434,0.2071,0.1068,294,XLK,True,16.3552,11.3252,6.9818,0.7239,11.3040,0.4401,0.0659,0.0460,0.2136,0.1000,0.0490,263.2780,1.1670,676787520.0000,1080300032.0000,0.6265,17011745792,0.9410,5.6300,1.8900,125017426,4.5000,0.7800,5.7800,7.3500,0.0398,FCF/NI:0.63|D/E:263,2,5.6700,False,True,True,True,False,False,FUND65,False,5-10d,XLK,,AAPL|MSFT|NVDA,interest_rates|ai_capex_cycle|semiconductor_cycle,POST_ANALYSIS_ACTUAL_FILL,LIVE_QUOTE_AT_ANALYSIS,True,1.0000,1.5000,1.0000,-5.0000,7,1.5000,3,SELL_50_PCT_AT_TP1_REST_AT_TP2,MOVE_REMAINDER_TO_BREAK_EVEN,EXIT_AT_OPEN_IF_OPEN_BELOW_SL,SL_FIRST,10,PENDING_ANALYSIS,5.2293,5.2293,7.8440,138.5193,141.1339,126.6255,Indicative levels use the signal close only. Final SL/TP1/TP2 and sizing must be recalculated from the actual post-analysis broker fill.,29,2026-11-03,False,2026-08-05,2.9100,2.8000,4.0000,ALCISTA FUERTE,10,769.6400,7.3400,59.8000,15.3100,SIDI_INTRADAY_V2: Fund≥6.5 · DD60≥12% · RSI<40 · MACD↑ · Vol↓ · SPY20≤+1% · Abnormal20≤-10%,SIDI_INTRADAY_V2,True
P,Everpure,Information Technology,"Technology Hardware, Storage & Peripherals",2026-09-21,140.1400,134.7500,140.8300,134.0000,140.1400,2026-10-02,2026-10-05,92.6300,73.0800,UP,3.0376,2.8834,2.9925,True,0.9647,7.1495,1.2790,5.1020,102.0500,78.6100,116.8100,37.3300,78.2700,True,4.4011,ALCISTA,0.0000,-0.4900,140.1400,140.8300,140.8300,56.7800,-0.4900,146.8100,0.6330,True,True,89.6400,1,,False,-36.0300,HAMMER,6.9500,10.0000,7.0000,7.5000,4,5.0000,7.0000,False,False,False,False,True,True,10.2000,15.3100,1.5000,SIDI_INTRADAY_V2,0.6186,23.1009,-0.6522,1.4906,294,XLK,True,193.3973,33.4441,30.5386,11.0379,119.5400,0.1771,0.0303,0.0594,0.6973,0.3770,0.5000,14.6220,1.5110,-114351752.0000,253284992.0000,-0.4515,47045021696,1.3960,2.1500,0.0000,333227251,4.8100,6.8300,5.4700,1.6800,-0.0024,FCF/NI:-0.45,1,5.6700,False,True,False,False,False,False,DD12|RSI40|FUND65|ABNORMAL20,False,10-18d,XLK,,AAPL|MSFT|NVDA,interest_rates|ai_capex_cycle|semiconductor_cycle,POST_ANALYSIS_ACTUAL_FILL,LIVE_QUOTE_AT_ANALYSIS,True,1.0000,1.5000,1.0000,-5.0000,7,1.5000,3,SELL_50_PCT_AT_TP1_REST_AT_TP2,MOVE_REMAINDER_TO_BREAK_EVEN,EXIT_AT_OPEN_IF_OPEN_BELOW_SL,SL_FIRST,10,PENDING_ANALYSIS,7.1495,7.1495,10.7242,147.2895,150.8642,133.1330,Indicative levels use the signal close only. Final SL/TP1/TP2 and sizing must be recalculated from the actual post-analysis broker fill.,-40,2026-12-01,False,2026-08-26,0.7000,0.5800,21.0000,ALCISTA FUERTE,10,769.6400,7.3400,59.8000,15.3100,SIDI_INTRADAY_V2: Fund≥6.5 · DD60≥12% · RSI<40 · MACD↑ · Vol↓ · SPY20≤+1% · Abnormal20≤-10%,SIDI_INTRADAY_V2,True
CRH,CRH plc,Materials,Construction Materials,2025-12-22,81.9400,82.3900,83.0700,81.4500,81.9400,2026-10-02,2026-10-05,26.5600,24.1000,UP,-0.1611,-0.1736,-0.0772,True,0.1269,2.3250,0.8270,2.8370,92.7000,107.6400,86.4500,-11.6000,-23.8800,False,-2.7749,BAJISTA,-22.0900,-22.6700,105.1700,105.9600,130.0900,80.8100,-37.0100,1.4000,0.9710,False,False,,0,103.8600,False,,NONE,6.2000,5.0000,9.5000,5.0000,4,8.0000,5.0000,False,False,True,True,True,False,5.6700,8.5100,1.5000,SIDI_INTRADAY_V2,0.6186,0.6434,0.3977,1.2141,294,XLB,True,14.3860,12.7064,2.2559,1.4022,9.4160,0.1581,0.0606,0.0994,0.3625,0.0560,0.1390,77.5920,1.5790,2019124992.0000,3814000128.0000,0.5294,54170791936,1.1910,2.7100,1.9000,665284511,5.3000,4.3200,5.2000,6.5700,0.0373,FCF/NI:0.53,1,5.6600,False,True,False,False,False,False,VOLUME|FUND65|ABNORMAL20,False,3-7d,XLB,,LIN|APD|ECL,commodity_prices|dxy|china_demand|energy_costs,POST_ANALYSIS_ACTUAL_FILL,LIVE_QUOTE_AT_ANALYSIS,True,1.0000,1.5000,1.0000,-5.0000,7,1.5000,3,SELL_50_PCT_AT_TP1_REST_AT_TP2,MOVE_REMAINDER_TO_BREAK_EVEN,EXIT_AT_OPEN_IF_OPEN_BELOW_SL,SL_FIRST,10,PENDING_ANALYSIS,2.3250,2.3250,3.4875,84.2650,85.4275,77.8430,Indicative levels use the signal close only. Final SL/TP1/TP2 and sizing must be recalculated from the actual post-analysis broker fill.,24,2026-10-29,False,2026-07-30,1.9300,2.0200,-4.2000,ALCISTA FUERTE,10,769.6400,7.3400,59.8000,15.3100,SIDI_INTRADAY_V2: Fund≥6.5 · DD60≥12% · RSI<40 · MACD↑ · Vol↓ · SPY20≤+1% · Abnormal20≤-10%,SIDI_INTRADAY_V2,True
EL,Estée Lauder Companies (The),Consumer Staples,Personal Care Products,2006-01-05,91.9700,90.7400,92.7200,90.2500,91.9700,2026-10-02,2026-10-05,37.8500,32.3600,UP,-0.9594,-1.0100,-0.7492,True,0.1770,3.1914,1.0440,3.4700,93.6000,91.5500,95.2100,-1.7400,0.4500,True,0.0531,NEUTRO,-13.1100,-14.8500,105.8500,108.0100,120.3800,65.7400,-23.6000,39.9000,0.8930,False,False,83.5700,1,91.9700,False,-9.1400,NONE,6.4700,8.5000,8.5000,5.0000,4,6.5000,5.0000,False,False,True,True,True,False,6.9400,10.4100,1.5000,SIDI_INTRADAY_V2,0.6186,-3.1297,1.2994,0.9583,294,XLP,True,188.0000,23.9702,8.9354,2.2632,15.8950,0.0474,0.0523,0.0121,0.7549,0.0630,,242.9320,1.2220,1812125056.0000,182000000.0000,9.9567,34058342400,1.2650,1.8200,1.5200,247815431,5.1200,5.7800,4.1100,5.5300,0.0532,D/E:243,1,5.6600,False,True,False,False,False,False,VOLUME|FUND65|ABNORMAL20,False,7-15d,XLP,,PG|KO|PEP,inflation|input_costs|fx_rates,POST_ANALYSIS_ACTUAL_FILL,LIVE_QUOTE_AT_ANALYSIS,True,1.0000,1.5000,1.0000,-5.0000,7,1.5000,3,SELL_50_PCT_AT_TP1_REST_AT_TP2,MOVE_REMAINDER_TO_BREAK_EVEN,EXIT_AT_OPEN_IF_OPEN_BELOW_SL,SL_FIRST,10,PENDING_ANALYSIS,3.1914,3.1914,4.7871,95.1614,96.7571,87.3715,Indicative levels use the signal close only. Final SL/TP1/TP2 and sizing must be recalculated from the actual post-analysis broker fill.,28,2026-11-02,False,2026-08-19,0.3900,0.3200,22.1000,ALCISTA FUERTE,10,769.6400,7.3400,59.8000,15.3100,SIDI_INTRADAY_V2: Fund≥6.5 · DD60≥12% · RSI<40 · MACD↑ · Vol↓ · SPY20≤+1% · Abnormal20≤-10%,SIDI_INTRADAY_V2,True
SOLV,Solventum,Health Care,Health Care Technology,2024-04-01,87.8500,88.2100,89.0250,87.7900,87.8500,2026-10-02,2026-10-05,36.9900,41.0900,DOWN,-0.2887,-0.2773,-0.1894,False,0.2510,1.7751,0.7390,2.0210,88.1300,77.9500,88.7600,-0.3100,12.7100,True,0.8204,NEUTRO,-4.9700,-6.7000,92.4400,94.1600,94.1600,62.3800,-6.7000,40.8300,1.0100,True,True,86.5300,1,88.6500,True,-1.5000,HAMMER|DOJI,7.5300,8.5000,6.5000,7.5000,7,8.5000,7.0000,False,False,False,True,False,True,4.0400,6.0600,1.5000,SIDI_INTRADAY_V2,0.6186,-4.8218,0.4008,0.7452,294,XLV,True,10.7466,12.1433,3.1117,1.7985,17.4240,0.3396,0.0270,0.1726,0.5478,0.0220,0.0390,110.3130,1.0210,489000000.0000,1434000000.0000,0.3410,14945643520,0.7030,5.2600,0.0000,170223729,4.4200,0.6100,5.9100,7.1000,0.0327,FCF/NI:0.34|D/E:110,2,5.6600,False,True,False,False,False,False,DD12|MACD|FUND65|ABNORMAL20,False,7-15d,XLV,,UNH|JNJ|LLY,fda_calendar|drug_pricing_policy|patent_cliffs,POST_ANALYSIS_ACTUAL_FILL,LIVE_QUOTE_AT_ANALYSIS,True,1.0000,1.5000,1.0000,-5.0000,7,1.5000,3,SELL_50_PCT_AT_TP1_REST_AT_TP2,MOVE_REMAINDER_TO_BREAK_EVEN,EXIT_AT_OPEN_IF_OPEN_BELOW_SL,SL_FIRST,10,PENDING_ANALYSIS,1.7751,1.7751,2.6626,89.6251,90.5126,83.4575,Indicative levels use the signal close only. Final SL/TP1/TP2 and sizing must be recalculated from the actual post-analysis broker fill.,31,2026-11-05,False,2026-08-05,2.5500,1.9100,33.8000,ALCISTA FUERTE,10,769.6400,7.3400,59.8000,15.3100,SIDI_INTRADAY_V2: Fund≥6.5 · DD60≥12% · RSI<40 · MACD↑ · Vol↓ · SPY20≤+1% · Abnormal20≤-10%,SIDI_INTRADAY_V2,True
CMG,Chipotle Mexican Grill,Consumer Discretionary,Restaurants,2011-04-28,32.3600,32.4800,32.5500,31.8300,32.3600,2026-10-02,2026-10-05,16.1100,13.8600,UP,-0.1724,-0.2557,-0.4283,True,0.3133,1.1757,0.8990,3.6330,34.6800,34.8700,33.4100,-6.7000,-7.2100,False,0.1565,BAJISTA,-15.9900,-17.2200,38.5200,39.0900,42.8200,28.0400,-24.4300,15.4100,1.0540,False,False,31.5800,3,37.0800,True,-2.4100,HAMMER|DOJI|HAMMER,6.9500,5.5000,9.5000,5.0000,10,5.0000,7.0000,False,False,True,True,True,False,7.2700,10.9000,1.5000,SIDI_INTRADAY_V2,0.6186,-14.0585,-0.7520,0.9034,294,XLY,True,28.1789,22.4412,17.7032,3.1285,20.0830,0.4956,0.1308,0.1143,0.3936,0.0930,-0.0130,246.3500,0.7150,1116464384.0000,1419405952.0000,0.7866,38867312640,0.9580,3.0500,0.0000,1265418000,4.7900,4.3900,5.7500,4.1500,0.0287,D/E:246,1,5.6500,False,True,True,False,False,False,VOLUME|FUND65,False,5-10d,XLY,,AMZN|TSLA|HD,consumer_spending|employment_data|interest_rates,POST_ANALYSIS_ACTUAL_FILL,LIVE_QUOTE_AT_ANALYSIS,True,1.0000,1.5000,1.0000,-5.0000,7,1.5000,3,SELL_50_PCT_AT_TP1_REST_AT_TP2,MOVE_REMAINDER_TO_BREAK_EVEN,EXIT_AT_OPEN_IF_OPEN_BELOW_SL,SL_FIRST,10,PENDING_ANALYSIS,1.1757,1.1757,1.7635,33.5357,34.1236,30.7420,Indicative levels use the signal close only. Final SL/TP1/TP2 and sizing must be recalculated from the actual post-analysis broker fill.,23,2026-10-28,False,2026-07-29,0.3300,0.3200,4.0000,ALCISTA FUERTE,10,769.6400,7.3400,59.8000,15.3100,SIDI_INTRADAY_V2: Fund≥6.5 · DD60≥12% · RSI<40 · MACD↑ · Vol↓ · SPY20≤+1% · Abnormal20≤-10%,SIDI_INTRADAY_V2,True
PCG,PG&E Corporation,Utilities,Multi-Utilities,2022-10-03,12.3200,12.3400,12.5900,12.2300,12.3200,2026-10-02,2026-10-05,27.5000,22.0000,UP,0.0622,0.0286,-0.0320,True,0.2852,0.3837,0.6390,3.1140,15.4100,16.4100,13.1300,-20.0600,-24.9300,False,-1.3849,BAJISTA,-32.6200,-32.9100,18.2800,18.3600,18.9700,11.7200,-35.0600,5.1000,1.0030,False,False,12.5400,1,14.8600,True,1.7700,HAMMER|HAMMER|DOJI|HAMMER|DOJI,6.9300,5.0000,9.5000,5.0000,7,8.5000,7.0000,False,False,True,True,True,False,6.2300,9.3400,1.5000,SIDI_INTRADAY_V2,0.6186,-0.3694,0.1059,1.2853,294,XLU,True,8.9384,6.8466,0.8405,1.4334,8.8680,0.0932,0.0257,0.1183,0.3982,0.0010,0.3980,189.4500,1.2160,-6150125056.0000,3056000000.0000,-2.0125,37034196992,0.2790,0.7400,1.6200,2202366906,4.7900,5.0000,4.3100,5.1100,-0.1661,FCF/NI:-2.01|D/E:189,2,5.6500,False,True,False,False,False,False,VOLUME|FUND65|ABNORMAL20,False,5-10d,XLU,,NEE|DUK|SO,interest_rates|regulatory_environment,POST_ANALYSIS_ACTUAL_FILL,LIVE_QUOTE_AT_ANALYSIS,True,1.0000,1.5000,1.0000,-5.0000,7,1.5000,3,SELL_50_PCT_AT_TP1_REST_AT_TP2,MOVE_REMAINDER_TO_BREAK_EVEN,EXIT_AT_OPEN_IF_OPEN_BELOW_SL,SL_FIRST,10,PENDING_ANALYSIS,0.3837,0.3837,0.5756,12.7037,12.8956,11.7040,Indicative levels use the signal close only. Final SL/TP1/TP2 and sizing must be recalculated from the actual post-analysis broker fill.,17,2026-10-22,False,2026-07-23,0.4000,0.3600,11.6000,ALCISTA FUERTE,10,769.6400,7.3400,59.8000,15.3100,SIDI_INTRADAY_V2: Fund≥6.5 · DD60≥12% · RSI<40 · MACD↑ · Vol↓ · SPY20≤+1% · Abnormal20≤-10%,SIDI_INTRADAY_V2,True
VMRK,Vivmark Residential,Real Estate,Multi-Family Residential REITs,2001-12-03,59.7900,60.3100,60.5500,59.4600,59.7900,2026-10-02,2026-10-05,16.5100,33.1900,DOWN,-0.2047,-0.1974,-0.2087,False,0.1503,1.2914,0.9680,2.1600,64.9000,63.3400,62.3800,-7.8700,-5.6000,True,0.6610,BAJISTA,-14.5900,-15.4900,70.0000,70.7500,71.5000,56.3000,-16.3800,6.2100,1.0160,True,True,,0,66.5100,False,,NONE,6.6200,7.0000,7.5000,7.5000,5,6.5000,5.0000,False,True,True,True,False,True,4.3200,6.4800,1.5000,SIDI_INTRADAY_V2,0.6186,-2.7466,-0.1398,0.9152,294,XLRE,True,22.7433,40.3755,,14.8648,,0.0849,0.0256,0.3325,0.6232,0.0330,,75.1290,0.3480,1387120000.0000,1027489024.0000,1.3500,45931528192,0.5680,2.7700,4.7000,773779120,5.0000,3.8700,5.8500,5.3300,0.0302,OK,0,5.6500,False,True,False,False,False,False,MACD|FUND65|ABNORMAL20,False,3-7d,XLRE,,PLD|AMT|EQIX,interest_rates|cap_rates|occupancy_trends,POST_ANALYSIS_ACTUAL_FILL,LIVE_QUOTE_AT_ANALYSIS,True,1.0000,1.5000,1.0000,-5.0000,7,1.5000,3,SELL_50_PCT_AT_TP1_REST_AT_TP2,MOVE_REMAINDER_TO_BREAK_EVEN,EXIT_AT_OPEN_IF_OPEN_BELOW_SL,SL_FIRST,10,PENDING_ANALYSIS,1.2914,1.2914,1.9371,61.0814,61.7271,56.8005,Indicative levels use the signal close only. Final SL/TP1/TP2 and sizing must be recalculated from the actual post-analysis broker fill.,16,2026-10-21,False,,,,,ALCISTA FUERTE,10,769.6400,7.3400,59.8000,15.3100,SIDI_INTRADAY_V2: Fund≥6.5 · DD60≥12% · RSI<40 · MACD↑ · Vol↓ · SPY20≤+1% · Abnormal20≤-10%,SIDI_INTRADAY_V2,True
FTV,Fortive,Industrials,Industrial Machinery & Supplies & Components,2016-07-01,57.4700,56.3500,57.6900,56.0580,57.4700,2026-10-02,2026-10-05,62.1500,45.0300,UP,0.2995,0.1714,0.1806,True,1.0753,1.1136,0.8280,1.9380,58.3700,58.1700,56.2400,-1.5400,-1.2000,True,0.4775,BAJISTA,-10.2200,-10.8700,64.0100,64.4800,64.4800,47.5000,-10.8700,20.9900,1.2040,True,True,57.8600,6,61.0800,True,0.6900,NONE,7.0500,7.0000,7.0000,7.5000,10,5.0000,5.0000,False,False,False,False,True,True,3.8800,5.8100,1.5000,SIDI_INTRADAY_V2,0.6186,1.2271,-0.0716,0.7185,294,XLI,True,30.3921,17.7644,2.8832,4.0790,16.6770,0.0732,0.0330,0.1238,0.6323,0.0790,0.0400,59.2830,1.2410,939112512.0000,602200000.0000,1.5595,17604200448,0.9860,5.7800,0.4900,304861021,4.7000,2.4200,4.8300,7.2000,0.0533,OK,0,5.6400,False,True,False,False,False,False,DD12|RSI40|FUND65|ABNORMAL20,False,3-7d,XLI,,CAT|UNP|HON,pmi_manufacturing|supply_chain|capex_cycle,POST_ANALYSIS_ACTUAL_FILL,LIVE_QUOTE_AT_ANALYSIS,True,1.0000,1.5000,1.0000,-5.0000,7,1.5000,3,SELL_50_PCT_AT_TP1_REST_AT_TP2,MOVE_REMAINDER_TO_BREAK_EVEN,EXIT_AT_OPEN_IF_OPEN_BELOW_SL,SL_FIRST,10,PENDING_ANALYSIS,1.1136,1.1136,1.6704,58.5836,59.1404,54.5965,Indicative levels use the signal close only. Final SL/TP1/TP2 and sizing must be recalculated from the actual post-analysis broker fill.,23,2026-10-28,False,2026-07-29,0.7400,0.7100,4.9000,ALCISTA FUERTE,10,769.6400,7.3400,59.8000,15.3100,SIDI_INTRADAY_V2: Fund≥6.5 · DD60≥12% · RSI<40 · MACD↑ · Vol↓ · SPY20≤+1% · Abnormal20≤-10%,SIDI_INTRADAY_V2,True
UAL,United Airlines Holdings,Industrials,Passenger Airlines,2015-09-03,112.5100,114.7500,114.7600,111.3600,112.5100,2026-10-02,2026-10-05,56.7700,54.5900,UP,0.6311,0.6547,0.8957,False,0.7021,4.0729,0.9620,3.6200,115.8600,109.1200,111.6500,-2.8900,3.1000,True,0.8709,NEUTRO,-15.2500,-16.8900,132.7600,135.3700,138.7700,84.6400,-18.9200,32.9300,1.0270,False,False,111.2900,2,118.1100,True,-1.0800,HAMMER,6.4000,8.5000,6.0000,5.0000,7,5.0000,7.0000,False,False,True,False,False,False,7.2400,10.8600,1.5000,SIDI_INTRADAY_V2,0.6186,6.0952,0.9473,1.1775,294,XLI,True,10.4977,7.6991,2.1795,0.5785,7.5520,0.2325,0.0338,0.0556,0.3182,0.1600,-0.1720,201.6410,0.7800,910124992.0000,3496000000.0000,0.2603,36390711296,1.3040,5.3800,0.0000,324583772,5.1300,4.6100,3.8200,7.2700,0.0250,FCF/NI:0.26|D/E:202,2,5.6400,False,True,False,False,False,False,RSI40|MACD|VOLUME|FUND65|ABNORMAL20,False,7-15d,XLI,,CAT|UNP|HON,pmi_manufacturing|supply_chain|capex_cycle,POST_ANALYSIS_ACTUAL_FILL,LIVE_QUOTE_AT_ANALYSIS,True,1.0000,1.5000,1.0000,-5.0000,7,1.5000,3,SELL_50_PCT_AT_TP1_REST_AT_TP2,MOVE_REMAINDER_TO_BREAK_EVEN,EXIT_AT_OPEN_IF_OPEN_BELOW_SL,SL_FIRST,10,PENDING_ANALYSIS,4.0729,4.0729,6.1093,116.5829,118.6193,106.8845,Indicative levels use the signal close only. Final SL/TP1/TP2 and sizing must be recalculated from the actual post-analysis broker fill.,15,2026-10-20,False,2026-07-15,1.9900,1.8500,7.6000,ALCISTA FUERTE,10,769.6400,7.3400,59.8000,15.3100,SIDI_INTRADAY_V2: Fund≥6.5 · DD60≥12% · RSI<40 · MACD↑ · Vol↓ · SPY20≤+1% · Abnormal20≤-10%,SIDI_INTRADAY_V2,True
DOV,Dover Corporation,Industrials,Industrial Machinery & Supplies & Components,1985-10-31,189.6900,189.7200,191.0500,188.2100,189.6900,2026-10-02,2026-10-05,51.3300,47.9100,UP,0.6826,0.6158,0.8565,True,0.5439,3.9157,0.8310,2.0640,197.3400,209.1400,190.4700,-3.8700,-9.3000,False,0.1269,BAJISTA,-12.5600,-13.0300,216.9400,218.1000,235.7900,157.3600,-19.5500,20.5500,0.6140,False,False,184.0000,1,192.5500,True,-3.0000,HAMMER|DOJI,6.0000,5.5000,7.0000,5.0000,7,5.0000,7.0000,False,False,True,False,True,False,4.1300,6.1900,1.5000,SIDI_INTRADAY_V2,0.6186,3.5156,0.0909,0.8916,294,XLI,True,23.1554,16.4522,3.3477,3.0628,14.1710,0.1491,0.0706,0.1348,0.4009,0.0690,0.1410,42.3160,1.9790,906472128.0000,1129351936.0000,0.8026,25790588928,1.1260,3.5600,1.1100,134680225,5.3800,4.3700,5.9100,5.9500,0.0351,OK,0,5.6300,False,True,False,False,False,False,RSI40|VOLUME|FUND65|ABNORMAL20,False,3-7d,XLI,,CAT|UNP|HON,pmi_manufacturing|supply_chain|capex_cycle,POST_ANALYSIS_ACTUAL_FILL,LIVE_QUOTE_AT_ANALYSIS,True,1.0000,1.5000,1.0000,-5.0000,7,1.5000,3,SELL_50_PCT_AT_TP1_REST_AT_TP2,MOVE_REMAINDER_TO_BREAK_EVEN,EXIT_AT_OPEN_IF_OPEN_BELOW_SL,SL_FIRST,10,PENDING_ANALYSIS,3.9157,3.9157,5.8735,193.6057,195.5635,180.2055,Indicative levels use the signal close only. Final SL/TP1/TP2 and sizing must be recalculated from the actual post-analysis broker fill.,17,2026-10-22,False,2026-07-23,2.7400,2.7200,78.0000,ALCISTA FUERTE,10,769.6400,7.3400,59.8000,15.3100,SIDI_INTRADAY_V2: Fund≥6.5 · DD60≥12% · RSI<40 · MACD↑ · Vol↓ · SPY20≤+1% · Abnormal20≤-10%,SIDI_INTRADAY_V2,True
PFE,Pfizer,Health Care,Pharmaceuticals,1957-03-04,27.8000,28.1500,28.1600,27.4400,27.8000,2026-10-02,2026-10-05,51.6400,54.7000,DOWN,-0.0581,-0.0135,0.0303,False,0.3749,0.4707,0.8820,1.6930,27.3300,25.8000,28.0700,1.7300,7.7300,True,1.4814,ALCISTA,-4.2000,-4.8300,29.0200,29.2100,29.2100,22.5700,-4.8300,23.1900,1.0800,True,True,27.4400,2,29.2100,True,-1.2800,NONE,6.8000,10.0000,5.0000,7.5000,7,5.0000,5.0000,False,False,False,False,False,True,3.3900,5.0800,1.5000,SIDI_INTRADAY_V2,0.6186,-1.4261,0.0504,0.6245,294,XLV,True,36.0789,9.4655,1.8344,2.4536,8.2940,0.0501,0.0578,0.0680,0.7472,0.0260,,74.2530,1.2670,12485624832.0000,4338999808.0000,2.8775,156285042688,0.2760,4.6400,6.1900,5699673589,4.8500,3.0800,4.7000,7.0800,0.0799,OK,0,5.6300,False,True,False,False,False,False,DD12|RSI40|MACD|FUND65|ABNORMAL20,False,10-18d,XLV,,UNH|JNJ|LLY,fda_calendar|drug_pricing_policy|patent_cliffs,POST_ANALYSIS_ACTUAL_FILL,LIVE_QUOTE_AT_ANALYSIS,True,1.0000,1.5000,1.0000,-5.0000,7,1.5000,3,SELL_50_PCT_AT_TP1_REST_AT_TP2,MOVE_REMAINDER_TO_BREAK_EVEN,EXIT_AT_OPEN_IF_OPEN_BELOW_SL,SL_FIRST,10,PENDING_ANALYSIS,0.4707,0.4707,0.7061,28.2707,28.5061,26.4100,Indicative levels use the signal close only. Final SL/TP1/TP2 and sizing must be recalculated from the actual post-analysis broker fill.,29,2026-11-03,False,2026-08-04,0.7700,0.6800,12.9000,ALCISTA FUERTE,10,769.6400,7.3400,59.8000,15.3100,SIDI_INTRADAY_V2: Fund≥6.5 · DD60≥12% · RSI<40 · MACD↑ · Vol↓ · SPY20≤+1% · Abnormal20≤-10%,SIDI_INTRADAY_V2,True
GPC,Genuine Parts Company,Consumer Discretionary,Distributors,1973-12-31,127.2400,126.3200,127.8800,125.4800,127.2400,2026-10-02,2026-10-05,34.2100,28.3200,UP,-0.5799,-0.7468,-0.6799,True,0.2818,2.9900,0.8050,2.3500,131.3800,118.0500,129.3600,-3.1500,7.7800,True,0.4645,NEUTRO,-8.0700,-8.3300,138.4100,138.8100,147.4300,89.1100,-13.6900,42.7900,0.8280,True,True,127.1400,3,135.2500,True,-0.0800,HAMMER|DOJI,7.9200,8.5000,8.5000,7.5000,9,6.5000,7.0000,False,False,False,True,True,True,4.7000,7.0500,1.5000,SIDI_INTRADAY_V2,0.6186,-7.7189,-0.5087,0.8887,294,XLY,True,503.2800,15.1336,3.8324,0.6918,11.5230,0.0071,0.0448,0.0013,0.3756,0.0600,-0.0980,146.4150,1.1590,917241984.0000,32766000.0000,27.9937,17345515520,0.6770,7.5500,3.3400,137859758,4.0900,2.6600,4.0600,5.7800,0.0529,D/E:146,1,5.6200,False,True,False,False,False,False,DD12|FUND65|ABNORMAL20,False,7-15d,XLY,,AMZN|TSLA|HD,consumer_spending|employment_data|interest_rates,POST_ANALYSIS_ACTUAL_FILL,LIVE_QUOTE_AT_ANALYSIS,True,1.0000,1.5000,1.0000,-5.0000,7,1.5000,3,SELL_50_PCT_AT_TP1_REST_AT_TP2,MOVE_REMAINDER_TO_BREAK_EVEN,EXIT_AT_OPEN_IF_OPEN_BELOW_SL,SL_FIRST,10,PENDING_ANALYSIS,2.9900,2.9900,4.4850,130.2300,131.7250,120.8780,Indicative levels use the signal close only. Final SL/TP1/TP2 and sizing must be recalculated from the actual post-analysis broker fill.,15,2026-10-20,False,2026-07-21,2.1500,2.0800,3.5000,ALCISTA FUERTE,10,769.6400,7.3400,59.8000,15.3100,SIDI_INTRADAY_V2: Fund≥6.5 · DD60≥12% · RSI<40 · MACD↑ · Vol↓ · SPY20≤+1% · Abnormal20≤-10%,SIDI_INTRADAY_V2,True
MRK,Merck & Co.,Health Care,Pharmaceuticals,1957-03-04,144.3000,143.7700,144.3500,142.7300,144.3000,2026-10-02,2026-10-05,50.8200,48.2300,UP,-0.8725,-0.7818,-0.3217,False,0.2492,3.1921,0.8740,2.2120,141.7000,121.4500,146.3700,1.8400,18.8200,True,4.2876,ALCISTA,-7.2200,-7.5000,155.5300,156.0000,156.0000,79.6700,-7.5000,81.1200,0.9820,True,True,144.8900,1,152.7400,True,0.4100,NONE,7.2200,10.0000,6.0000,7.5000,7,6.5000,5.0000,False,False,False,False,False,True,4.4200,6.6400,1.5000,SIDI_INTRADAY_V2,0.6186,-2.1351,-0.1245,1.2786,294,XLV,True,110.9246,14.7599,8.2282,5.1800,13.9530,0.0696,0.1187,0.0477,0.7590,0.0510,,128.4080,1.3230,15171500032.0000,3172999936.0000,4.7814,344824250368,0.2220,3.1400,2.3600,2467171638,4.5500,4.1200,4.6400,4.9300,0.0440,D/E:128,1,5.6200,False,True,False,False,False,False,DD12|RSI40|MACD|FUND65|ABNORMAL20,False,10-18d,XLV,,UNH|JNJ|LLY,fda_calendar|drug_pricing_policy|patent_cliffs,POST_ANALYSIS_ACTUAL_FILL,LIVE_QUOTE_AT_ANALYSIS,True,1.0000,1.5000,1.0000,-5.0000,7,1.5000,3,SELL_50_PCT_AT_TP1_REST_AT_TP2,MOVE_REMAINDER_TO_BREAK_EVEN,EXIT_AT_OPEN_IF_OPEN_BELOW_SL,SL_FIRST,10,PENDING_ANALYSIS,3.1921,3.1921,4.7881,147.4921,149.0882,137.0850,Indicative levels use the signal close only. Final SL/TP1/TP2 and sizing must be recalculated from the actual post-analysis broker fill.,24,2026-10-29,False,2026-08-04,-0.1300,-0.2600,49.4000,ALCISTA FUERTE,10,769.6400,7.3400,59.8000,15.3100,SIDI_INTRADAY_V2: Fund≥6.5 · DD60≥12% · RSI<40 · MACD↑ · Vol↓ · SPY20≤+1% · Abnormal20≤-10%,SIDI_INTRADAY_V2,True
PYPL,PayPal,Financials,Transaction & Payment Processing Services,2015-07-20,52.8000,53.2200,53.4000,52.6150,52.8000,2026-10-02,2026-10-05,42.9900,50.4000,DOWN,0.0938,0.1140,0.1932,False,0.3584,1.3905,0.7930,2.6340,56.4200,50.0100,53.8100,-6.4200,5.5800,True,-1.4688,NEUTRO,-15.0400,-15.6200,62.1500,62.5800,78.3400,38.1200,-32.6000,38.5000,0.7500,True,True,50.8000,1,51.7900,True,-3.7800,HAMMER|DOJI,6.9000,8.0000,5.0000,7.5000,7,7.0000,7.0000,False,False,True,False,False,True,5.2700,7.9000,1.5000,SIDI_INTRADAY_V2,0.6186,1.7595,0.2471,1.0556,294,XLF,True,10.1749,9.3037,2.3409,1.3595,7.4560,0.2450,0.0462,0.1436,0.4048,0.0480,-0.0310,71.7510,1.2880,4423124992.0000,4902000128.0000,0.9023,46397149184,1.2800,2.3800,1.0600,862000000,4.7600,0.7400,6.4400,7.4800,0.0953,OK,0,5.6200,False,True,False,False,False,False,RSI40|MACD|FUND65|ABNORMAL20,False,7-15d,XLF,,JPM|BAC|WFC,interest_rates|yield_curve|credit_spreads|loan_growth,POST_ANALYSIS_ACTUAL_FILL,LIVE_QUOTE_AT_ANALYSIS,True,1.0000,1.5000,1.0000,-5.0000,7,1.5000,3,SELL_50_PCT_AT_TP1_REST_AT_TP2,MOVE_REMAINDER_TO_BREAK_EVEN,EXIT_AT_OPEN_IF_OPEN_BELOW_SL,SL_FIRST,10,PENDING_ANALYSIS,1.3905,1.3905,2.0857,54.1905,54.8857,50.1600,Indicative levels use the signal close only. Final SL/TP1/TP2 and sizing must be recalculated from the actual post-analysis broker fill.,22,2026-10-27,False,2026-07-28,1.3800,1.2800,8.0000,ALCISTA FUERTE,10,769.6400,7.3400,59.8000,15.3100,SIDI_INTRADAY_V2: Fund≥6.5 · DD60≥12% · RSI<40 · MACD↑ · Vol↓ · SPY20≤+1% · Abnormal20≤-10%,SIDI_INTRADAY_V2,True
ALGN,Align Technology,Health Care,Health Care Supplies,2017-06-19,143.7400,147.0900,147.0900,143.2300,143.7400,2026-10-02,2026-10-05,36.3700,34.5700,UP,0.1833,0.1937,0.0058,False,0.1704,4.3921,0.7180,3.0560,160.1700,170.3100,149.4200,-10.2600,-15.6000,False,-0.0614,BAJISTA,-20.7200,-23.5300,181.3100,187.9600,200.4400,124.9100,-28.2900,15.0700,0.6060,True,True,,0,154.1000,False,,HAMMER|HAMMER,6.5800,5.0000,7.5000,7.5000,4,8.5000,7.0000,False,True,True,True,False,True,6.1100,9.1700,1.5000,SIDI_INTRADAY_V2,0.6186,-3.0787,1.2474,0.5905,294,XLV,True,24.5826,11.3264,2.3793,2.4258,9.9710,0.1016,0.0756,0.0999,0.7074,0.0430,-0.1210,2.8550,1.3950,594111360.0000,413577984.0000,1.4365,10041484288,1.6730,4.5900,0.0000,71039852,4.9600,1.2900,6.6200,7.3100,0.0592,OK,0,5.6100,False,True,False,False,False,False,MACD|FUND65|ABNORMAL20,False,3-7d,XLV,,UNH|JNJ|LLY,fda_calendar|drug_pricing_policy|patent_cliffs,POST_ANALYSIS_ACTUAL_FILL,LIVE_QUOTE_AT_ANALYSIS,True,1.0000,1.5000,1.0000,-5.0000,7,1.5000,3,SELL_50_PCT_AT_TP1_REST_AT_TP2,MOVE_REMAINDER_TO_BREAK_EVEN,EXIT_AT_OPEN_IF_OPEN_BELOW_SL,SL_FIRST,10,PENDING_ANALYSIS,4.3921,4.3921,6.5882,148.1321,150.3282,136.5530,Indicative levels use the signal close only. Final SL/TP1/TP2 and sizing must be recalculated from the actual post-analysis broker fill.,23,2026-10-28,False,2026-07-29,2.6400,2.6000,1.7000,ALCISTA FUERTE,10,769.6400,7.3400,59.8000,15.3100,SIDI_INTRADAY_V2: Fund≥6.5 · DD60≥12% · RSI<40 · MACD↑ · Vol↓ · SPY20≤+1% · Abnormal20≤-10%,SIDI_INTRADAY_V2,True
TECH,Bio-Techne,Health Care,Life Sciences Tools & Services,2021-08-30,72.4000,72.4400,72.4700,72.3800,72.4000,2026-10-02,2026-10-05,57.3000,58.6500,DOWN,-0.0571,-0.0556,-0.0520,False,0.5188,0.1607,0.4540,0.2220,72.2400,61.9100,72.3800,0.2200,16.9400,True,1.8641,ALCISTA,-0.2900,-0.4000,72.6100,72.6900,72.6900,43.0700,-0.4000,68.0900,0.5990,True,True,71.9700,10,,True,-0.5900,NONE,7.4000,10.0000,5.0000,7.5000,9,7.0000,5.0000,False,False,False,False,False,True,0.4400,0.6700,1.5000,SIDI_INTRADAY_V2,0.6186,-2.0336,0.3845,0.6202,294,XLV,True,62.4569,31.3286,5.3643,9.3507,34.0530,0.0903,0.0667,0.1497,0.6624,0.0130,,13.7120,4.5470,229653120.0000,181840000.0000,1.2629,11361480704,1.2950,2.7000,0.4400,156818238,4.4100,2.5400,7.1900,3.3500,0.0202,OK,0,5.6100,False,True,False,False,False,False,DD12|RSI40|MACD|FUND65|ABNORMAL20,False,10-18d,XLV,,UNH|JNJ|LLY,fda_calendar|drug_pricing_policy|patent_cliffs,POST_ANALYSIS_ACTUAL_FILL,LIVE_QUOTE_AT_ANALYSIS,True,1.0000,1.5000,1.0000,-5.0000,7,1.5000,3,SELL_50_PCT_AT_TP1_REST_AT_TP2,MOVE_REMAINDER_TO_BREAK_EVEN,EXIT_AT_OPEN_IF_OPEN_BELOW_SL,SL_FIRST,10,PENDING_ANALYSIS,0.1607,0.1607,0.2411,72.5607,72.6411,68.7800,Indicative levels use the signal close only. Final SL/TP1/TP2 and sizing must be recalculated from the actual post-analysis broker fill.,35,2026-11-09,False,2026-08-12,0.5200,0.5200,13.0000,ALCISTA FUERTE,10,769.6400,7.3400,59.8000,15.3100,SIDI_INTRADAY_V2: Fund≥6.5 · DD60≥12% · RSI<40 · MACD↑ · Vol↓ · SPY20≤+1% · Abnormal20≤-10%,SIDI_INTRADAY_V2,True
ETN,Eaton Corporation,Industrials,Electrical Components & Equipment,1957-03-04,436.1100,446.5600,452.0000,433.6500,436.1100,2026-10-02,2026-10-05,77.3300,61.3300,UP,1.5982,1.9078,2.8749,False,0.6982,12.9271,0.8130,2.9640,421.7300,387.5800,426.7800,3.4100,12.5200,True,2.2971,ALCISTA,-5.1900,-8.7600,459.9600,478.0000,478.0000,309.3300,-8.7600,40.9800,0.9900,True,True,385.2400,5,429.9100,False,-11.6600,BULL_ENGULF,7.1000,10.0000,6.0000,7.5000,6,5.0000,7.5000,False,False,False,False,False,True,5.9300,8.8900,1.5000,SIDI_INTRADAY_V2,0.6186,13.9709,0.3603,1.5676,294,XLI,True,44.5534,27.0475,8.3986,5.6638,28.6280,0.1968,0.0705,0.1275,0.3602,0.2140,-0.1590,105.0590,1.2400,3106125056.0000,3828999936.0000,0.8112,170059857920,1.1280,4.1500,1.0100,388300000,4.6100,5.0000,5.2300,3.4300,0.0183,D/E:105,1,5.6100,False,True,False,False,False,False,DD12|RSI40|MACD|FUND65|ABNORMAL20,False,10-18d,XLI,,CAT|UNP|HON,pmi_manufacturing|supply_chain|capex_cycle,POST_ANALYSIS_ACTUAL_FILL,LIVE_QUOTE_AT_ANALYSIS,True,1.0000,1.5000,1.0000,-5.0000,7,1.5000,3,SELL_50_PCT_AT_TP1_REST_AT_TP2,MOVE_REMAINDER_TO_BREAK_EVEN,EXIT_AT_OPEN_IF_OPEN_BELOW_SL,SL_FIRST,10,PENDING_ANALYSIS,12.9271,12.9271,19.3907,449.0371,455.5007,414.3045,Indicative levels use the signal close only. Final SL/TP1/TP2 and sizing must be recalculated from the actual post-analysis broker fill.,29,2026-11-03,False,2026-07-31,3.1500,3.0800,2.4000,ALCISTA FUERTE,10,769.6400,7.3400,59.8000,15.3100,SIDI_INTRADAY_V2: Fund≥6.5 · DD60≥12% · RSI<40 · MACD↑ · Vol↓ · SPY20≤+1% · Abnormal20≤-10%,SIDI_INTRADAY_V2,True
PANW,Palo Alto Networks,Information Technology,Systems Software,2023-06-20,403.2400,403.4400,409.5000,399.9500,403.2400,2026-10-02,2026-10-05,64.6400,66.9700,DOWN,2.8921,2.7769,2.7777,True,0.8404,16.3321,0.9320,4.0500,361.8600,250.3400,378.2900,11.4400,61.0800,True,7.7124,ALCISTA,0.0000,-1.5300,403.2400,409.5000,409.5000,139.5700,-1.5300,188.9200,0.7820,True,True,321.3900,1,398.8800,False,-20.3000,HAMMER|DOJI|HAMMER|DOJI,6.7500,10.0000,6.0000,7.5000,4,5.0000,7.0000,False,False,False,False,True,True,8.1000,12.1500,1.5000,SIDI_INTRADAY_V2,0.6186,7.2444,0.1962,0.7115,294,XLK,True,1011.2500,82.9051,11.9912,28.8224,211.1190,0.0174,0.0140,0.0267,0.7038,0.3450,,9.3370,0.8710,4240624896.0000,307000000.0000,13.8131,330881007616,0.9330,3.3900,0.0000,818000000,4.8500,6.4200,5.4400,2.3200,0.0128,OK,0,5.6100,False,True,False,False,False,False,DD12|RSI40|FUND65|ABNORMAL20,False,10-18d,XLK,,AAPL|MSFT|NVDA,interest_rates|ai_capex_cycle|semiconductor_cycle,POST_ANALYSIS_ACTUAL_FILL,LIVE_QUOTE_AT_ANALYSIS,True,1.0000,1.5000,1.0000,-5.0000,7,1.5000,3,SELL_50_PCT_AT_TP1_REST_AT_TP2,MOVE_REMAINDER_TO_BREAK_EVEN,EXIT_AT_OPEN_IF_OPEN_BELOW_SL,SL_FIRST,10,PENDING_ANALYSIS,16.3321,16.3321,24.4982,419.5721,427.7382,383.0780,Indicative levels use the signal close only. Final SL/TP1/TP2 and sizing must be recalculated from the actual post-analysis broker fill.,45,2026-11-19,False,2026-09-01,1.0200,0.9800,4.3000,ALCISTA FUERTE,10,769.6400,7.3400,59.8000,15.3100,SIDI_INTRADAY_V2: Fund≥6.5 · DD60≥12% · RSI<40 · MACD↑ · Vol↓ · SPY20≤+1% · Abnormal20≤-10%,SIDI_INTRADAY_V2,True
PNR,Pentair,Industrials,Industrial Machinery & Supplies & Components,2012-10-01,53.0300,53.5500,53.7800,52.8500,53.0300,2026-10-02,2026-10-05,26.8000,13.6500,UP,0.0661,0.0141,-0.0438,True,0.2053,1.3421,0.6170,2.5310,61.0200,80.5900,55.6300,-13.0900,-34.2000,False,-5.6135,BAJISTA,-30.4000,-31.6800,76.2000,77.6200,112.5700,51.8100,-52.8900,2.3500,0.8770,True,True,,0,75.7900,False,,HAMMER,6.9800,5.0000,9.5000,7.5000,4,8.5000,7.0000,True,True,True,True,True,True,5.0600,7.5900,1.5000,SIDI_INTRADAY_V2,0.6186,-3.3199,0.1931,0.7360,294,XLI,True,13.5155,10.1591,2.2328,2.1124,9.7980,0.1713,0.0866,0.1624,0.4139,-0.1700,-0.1110,47.0670,1.4510,558312512.0000,635500032.0000,0.8785,8474594304,1.0310,1.6500,2.0400,161605541,4.7000,0.0000,5.7700,8.9400,0.0659,RevG:-17.0%,1,5.6100,False,True,False,True,False,False,FUND65|ABNORMAL20,False,3-7d,XLI,,CAT|UNP|HON,pmi_manufacturing|supply_chain|capex_cycle,POST_ANALYSIS_ACTUAL_FILL,LIVE_QUOTE_AT_ANALYSIS,True,1.0000,1.5000,1.0000,-5.0000,7,1.5000,3,SELL_50_PCT_AT_TP1_REST_AT_TP2,MOVE_REMAINDER_TO_BREAK_EVEN,EXIT_AT_OPEN_IF_OPEN_BELOW_SL,SL_FIRST,10,PENDING_ANALYSIS,1.3421,1.3421,2.0131,54.3721,55.0432,50.3785,Indicative levels use the signal close only. Final SL/TP1/TP2 and sizing must be recalculated from the actual post-analysis broker fill.,15,2026-10-20,False,2026-07-28,1.1400,1.1500,-58.0000,ALCISTA FUERTE,10,769.6400,7.3400,59.8000,15.3100,SIDI_INTRADAY_V2: Fund≥6.5 · DD60≥12% · RSI<40 · MACD↑ · Vol↓ · SPY20≤+1% · Abnormal20≤-10%,SIDI_INTRADAY_V2,True
KHC,Kraft Heinz,Consumer Staples,Packaged Foods & Meats,2015-07-06,22.1900,22.4200,22.5100,22.0900,22.1900,2026-10-02,2026-10-05,16.8800,28.2100,DOWN,-0.2100,-0.1865,-0.1171,False,-0.0645,0.5879,0.8320,2.6490,24.7500,23.2600,23.8000,-10.3400,-4.6100,True,0.2280,BAJISTA,-18.3800,-19.7400,27.1900,27.6500,27.6500,20.3400,-19.7400,9.1200,0.5810,True,True,22.0600,1,23.3500,True,-0.5800,NONE,7.3000,7.0000,7.5000,7.5000,8,8.0000,5.0000,False,False,True,True,False,True,5.3000,7.9500,1.5000,SIDI_INTRADAY_V2,0.6186,-8.4494,-0.0339,1.1347,294,XLP,True,,10.4889,0.7212,1.0428,7.7840,-0.0876,0.0363,-0.1364,0.3350,-0.0140,,52.5910,1.0610,3250500096.0000,-3396000000.0000,-0.9572,25965152256,0.1110,4.2300,7.2100,1185823758,4.4600,2.5000,3.3800,8.0000,0.1252,FCF/NI:-0.96|ROE:-8.8%,2,5.6000,False,True,False,False,False,False,MACD|FUND65|ABNORMAL20,False,3-7d,XLP,,PG|KO|PEP,inflation|input_costs|fx_rates,POST_ANALYSIS_ACTUAL_FILL,LIVE_QUOTE_AT_ANALYSIS,True,1.0000,1.5000,1.0000,-5.0000,7,1.5000,3,SELL_50_PCT_AT_TP1_REST_AT_TP2,MOVE_REMAINDER_TO_BREAK_EVEN,EXIT_AT_OPEN_IF_OPEN_BELOW_SL,SL_FIRST,10,PENDING_ANALYSIS,0.5879,0.5879,0.8819,22.7779,23.0719,21.0805,Indicative levels use the signal close only. Final SL/TP1/TP2 and sizing must be recalculated from the actual post-analysis broker fill.,23,2026-10-28,False,2026-08-05,0.5600,0.5300,5.6000,ALCISTA FUERTE,10,769.6400,7.3400,59.8000,15.3100,SIDI_INTRADAY_V2: Fund≥6.5 · DD60≥12% · RSI<40 · MACD↑ · Vol↓ · SPY20≤+1% · Abnormal20≤-10%,SIDI_INTRADAY_V2,True
L,Loews Corporation,Financials,Multi-line Insurance,1995-05-31,106.0300,106.2700,106.2700,104.9000,106.0300,2026-10-02,2026-10-05,31.7200,18.1800,UP,0.0237,-0.0926,-0.1394,True,0.3569,1.5207,0.7980,1.4340,110.7600,108.8900,106.9100,-4.2700,-2.6300,True,0.1908,BAJISTA,-11.1500,-12.3300,119.3300,120.9400,120.9400,97.1600,-12.3300,9.1300,0.7900,False,False,106.9700,2,110.4300,True,0.8800,HAMMER,7.0500,7.0000,8.5000,5.0000,8,7.0000,7.0000,False,False,False,True,True,False,2.8700,4.3000,1.5000,SIDI_INTRADAY_V2,0.6186,4.4307,-0.4262,0.8263,294,XLF,True,12.9902,36.5517,1.1335,1.1592,7.7640,0.0931,0.0191,0.0902,0.3629,0.0390,0.1560,44.6090,0.5070,1262000000.0000,1687000064.0000,0.7481,21669337088,0.5030,6.4200,0.2400,204427720,4.6300,2.3800,4.3400,7.5900,0.0582,FCF/NI:0.75,1,5.6000,False,True,False,False,False,False,DD12|VOLUME|FUND65|ABNORMAL20,False,3-7d,XLF,,JPM|BAC|WFC,interest_rates|yield_curve|credit_spreads|loan_growth,POST_ANALYSIS_ACTUAL_FILL,LIVE_QUOTE_AT_ANALYSIS,True,1.0000,1.5000,1.0000,-5.0000,7,1.5000,3,SELL_50_PCT_AT_TP1_REST_AT_TP2,MOVE_REMAINDER_TO_BREAK_EVEN,EXIT_AT_OPEN_IF_OPEN_BELOW_SL,SL_FIRST,10,PENDING_ANALYSIS,1.5207,1.5207,2.2811,107.5507,108.3110,100.7285,Indicative levels use the signal close only. Final SL/TP1/TP2 and sizing must be recalculated from the actual post-analysis broker fill.,28,2026-11-02,False,2020-02-10,1.1100,0.7300,52.5000,ALCISTA FUERTE,10,769.6400,7.3400,59.8000,15.3100,SIDI_INTRADAY_V2: Fund≥6.5 · DD60≥12% · RSI<40 · MACD↑ · Vol↓ · SPY20≤+1% · Abnormal20≤-10%,SIDI_INTRADAY_V2,True
TJX,TJX Companies,Consumer Discretionary,Apparel Retail,1985-09-30,132.6800,133.9800,133.9800,132.3700,132.6800,2026-10-02,2026-10-05,65.7300,45.0800,UP,1.4063,1.4989,1.5064,False,0.7666,3.0136,0.9490,2.2710,140.8600,151.8100,131.9600,-5.8100,-12.6000,False,-1.3527,BAJISTA,-17.8700,-18.3600,161.5500,162.5300,169.4700,122.7800,-21.7100,8.0600,0.7540,False,False,122.7800,1,157.6500,False,-7.4600,NONE,5.0500,5.0000,6.0000,5.0000,4,5.0000,5.0000,False,False,True,False,False,False,4.5400,6.8100,1.5000,SIDI_INTRADAY_V2,0.6186,5.0669,-0.5122,0.5615,294,XLY,True,24.8722,23.2631,13.8865,2.3792,17.3260,0.6217,0.1354,0.0973,0.3147,0.0540,0.2360,134.4190,1.1470,4398125056.0000,6066999808.0000,0.7249,148372848640,0.5610,2.1800,1.4500,1104704446,5.9700,7.3400,5.9700,4.3600,0.0296,FCF/NI:0.72|D/E:134,2,5.6000,False,True,False,False,False,False,RSI40|MACD|VOLUME|FUND65|ABNORMAL20,False,3-7d,XLY,,AMZN|TSLA|HD,consumer_spending|employment_data|interest_rates,POST_ANALYSIS_ACTUAL_FILL,LIVE_QUOTE_AT_ANALYSIS,True,1.0000,1.5000,1.0000,-5.0000,7,1.5000,3,SELL_50_PCT_AT_TP1_REST_AT_TP2,MOVE_REMAINDER_TO_BREAK_EVEN,EXIT_AT_OPEN_IF_OPEN_BELOW_SL,SL_FIRST,10,PENDING_ANALYSIS,3.0136,3.0136,4.5204,135.6936,137.2004,126.0460,Indicative levels use the signal close only. Final SL/TP1/TP2 and sizing must be recalculated from the actual post-analysis broker fill.,44,2026-11-18,False,2026-08-19,1.3600,1.1900,14.5000,ALCISTA FUERTE,10,769.6400,7.3400,59.8000,15.3100,SIDI_INTRADAY_V2: Fund≥6.5 · DD60≥12% · RSI<40 · MACD↑ · Vol↓ · SPY20≤+1% · Abnormal20≤-10%,SIDI_INTRADAY_V2,True
MRSH,Marsh McLennan,Financials,Insurance Brokers,1987-08-31,170.0600,171.3300,172.4300,169.2800,170.0600,2026-10-02,2026-10-05,27.6700,22.4600,UP,0.0387,-0.0984,-0.6670,True,0.3059,3.2988,0.7960,1.9400,182.8300,174.9200,173.9500,-6.9900,-2.7800,True,-0.2652,BAJISTA,-13.4300,-13.8200,196.4400,197.3400,203.3800,154.8200,-16.3800,9.8500,1.0320,False,False,173.1000,1,167.7300,True,1.7800,NONE,6.9500,6.5000,9.5000,5.0000,8,7.0000,5.0000,False,False,True,True,True,False,3.8800,5.8200,1.5000,SIDI_INTRADAY_V2,0.6186,-0.1114,-1.1194,1.2368,294,XLF,True,20.8839,14.9540,5.3773,2.9170,13.1590,0.2590,0.0724,0.1424,0.4399,0.0620,0.0730,145.0270,1.1390,4785249792.0000,3980000000.0000,1.2023,81521999872,0.5850,2.7800,2.3300,477211268,4.6900,1.7200,6.2300,6.3500,0.0587,OK,0,5.5900,False,True,False,False,False,False,VOLUME|FUND65|ABNORMAL20,False,5-10d,XLF,,JPM|BAC|WFC,interest_rates|yield_curve|credit_spreads|loan_growth,POST_ANALYSIS_ACTUAL_FILL,LIVE_QUOTE_AT_ANALYSIS,True,1.0000,1.5000,1.0000,-5.0000,7,1.5000,3,SELL_50_PCT_AT_TP1_REST_AT_TP2,MOVE_REMAINDER_TO_BREAK_EVEN,EXIT_AT_OPEN_IF_OPEN_BELOW_SL,SL_FIRST,10,PENDING_ANALYSIS,3.2988,3.2988,4.9482,173.3588,175.0082,161.5570,Indicative levels use the signal close only. Final SL/TP1/TP2 and sizing must be recalculated from the actual post-analysis broker fill.,10,2026-10-15,False,2026-07-21,2.9600,2.8900,2.3000,ALCISTA FUERTE,10,769.6400,7.3400,59.8000,15.3100,SIDI_INTRADAY_V2: Fund≥6.5 · DD60≥12% · RSI<40 · MACD↑ · Vol↓ · SPY20≤+1% · Abnormal20≤-10%,SIDI_INTRADAY_V2,True
AJG,Arthur J. Gallagher & Co.,Financials,Insurance Brokers,2016-05-31,226.1100,230.7900,232.7600,225.2700,226.1100,2026-10-02,2026-10-05,18.5800,26.1600,DOWN,-0.8773,-0.9725,-1.8604,True,0.2005,5.6793,0.7550,2.5120,249.2900,231.7600,237.2200,-9.3000,-2.4400,True,-0.3000,BAJISTA,-16.6500,-16.8900,271.2700,272.0600,309.9000,189.6100,-27.0400,19.2500,0.9480,False,False,208.2500,2,224.6900,False,-7.9000,HAMMER,6.7300,6.5000,8.5000,5.0000,5,8.5000,7.0000,False,False,True,True,True,False,5.0200,7.5400,1.5000,SIDI_INTRADAY_V2,0.6186,-6.9341,-1.1620,1.4181,294,XLF,True,37.6186,15.2601,2.4514,3.8486,16.4880,0.0672,0.0232,0.1038,0.4319,0.3090,-0.1070,59.4010,1.0530,2082300032.0000,1568000000.0000,1.3280,58148388864,0.5470,4.6700,1.2400,256341000,4.8200,5.0000,4.7600,4.6800,0.0358,OK,0,5.5800,False,True,False,False,False,False,VOLUME|FUND65|ABNORMAL20,False,3-7d,XLF,,JPM|BAC|WFC,interest_rates|yield_curve|credit_spreads|loan_growth,POST_ANALYSIS_ACTUAL_FILL,LIVE_QUOTE_AT_ANALYSIS,True,1.0000,1.5000,1.0000,-5.0000,7,1.5000,3,SELL_50_PCT_AT_TP1_REST_AT_TP2,MOVE_REMAINDER_TO_BREAK_EVEN,EXIT_AT_OPEN_IF_OPEN_BELOW_SL,SL_FIRST,10,PENDING_ANALYSIS,5.6793,5.6793,8.5190,231.7893,234.6290,214.8045,Indicative levels use the signal close only. Final SL/TP1/TP2 and sizing must be recalculated from the actual post-analysis broker fill.,24,2026-10-29,False,2026-07-30,2.8400,2.8100,94.0000,ALCISTA FUERTE,10,769.6400,7.3400,59.8000,15.3100,SIDI_INTRADAY_V2: Fund≥6.5 · DD60≥12% · RSI<40 · MACD↑ · Vol↓ · SPY20≤+1% · Abnormal20≤-10%,SIDI_INTRADAY_V2,True
NDAQ,"Nasdaq, Inc.",Financials,Financial Exchanges & Data,2008-10-22,90.3300,92.1800,92.2700,89.6700,90.3300,2026-10-02,2026-10-05,45.9500,41.4200,UP,-0.2355,-0.1374,-0.0564,False,0.2165,2.1721,0.9710,2.4050,94.7000,90.0900,93.0500,-4.6200,0.2600,True,0.4752,NEUTRO,-8.8800,-10.2400,99.1300,100.6300,100.7700,76.2900,-10.3600,18.4000,1.0230,False,False,87.3300,2,92.8000,True,-3.3200,DOJI,6.4200,8.5000,6.0000,5.0000,7,6.5000,5.0000,False,False,False,False,False,False,4.8100,7.2100,1.5000,SIDI_INTRADAY_V2,0.6186,0.7815,-0.0312,1.0130,294,XLF,True,26.7259,19.5874,4.2975,9.1274,17.6740,0.1652,0.0585,0.3504,1.0000,0.1490,0.1410,77.6870,1.0060,1691500032.0000,1967000064.0000,0.8599,51241451520,0.9980,2.6700,1.2800,558977372,5.0200,5.0000,5.5300,4.4600,0.0330,OK,0,5.5800,False,True,False,False,False,False,DD12|RSI40|MACD|VOLUME|FUND65|ABNORMAL20,False,7-15d,XLF,,JPM|BAC|WFC,interest_rates|yield_curve|credit_spreads|loan_growth,POST_ANALYSIS_ACTUAL_FILL,LIVE_QUOTE_AT_ANALYSIS,True,1.0000,1.5000,1.0000,-5.0000,7,1.5000,3,SELL_50_PCT_AT_TP1_REST_AT_TP2,MOVE_REMAINDER_TO_BREAK_EVEN,EXIT_AT_OPEN_IF_OPEN_BELOW_SL,SL_FIRST,10,PENDING_ANALYSIS,2.1721,2.1721,3.2581,92.5021,93.5881,85.8135,Indicative levels use the signal close only. Final SL/TP1/TP2 and sizing must be recalculated from the actual post-analysis broker fill.,17,2026-10-22,False,2026-07-23,1.0700,0.9800,8.8000,ALCISTA FUERTE,10,769.6400,7.3400,59.8000,15.3100,SIDI_INTRADAY_V2: Fund≥6.5 · DD60≥12% · RSI<40 · MACD↑ · Vol↓ · SPY20≤+1% · Abnormal20≤-10%,SIDI_INTRADAY_V2,True
ON,ON Semiconductor,Information Technology,Semiconductors,2022-06-21,84.8900,84.7500,86.4500,82.9600,84.8900,2026-10-02,2026-10-05,71.0600,53.9900,UP,1.6295,1.2706,1.0798,True,1.1638,3.7086,0.8500,4.3690,76.6500,80.4500,75.6800,10.7600,5.5100,False,2.8737,ALCISTA,-11.5400,-12.3000,95.9600,96.8000,134.9200,44.5600,-37.0800,90.5100,1.8510,False,False,83.3500,1,86.0100,True,-1.8100,HAMMER|HAMMER|DOJI,7.0000,8.5000,7.0000,7.0000,7,5.0000,7.0000,False,False,False,False,True,False,8.7400,13.1100,1.5000,SIDI_INTRADAY_V2,0.6186,7.2839,0.1667,1.5631,294,XLK,True,55.0935,18.8560,4.6052,5.3641,16.2270,0.0831,0.0675,0.1017,0.4278,0.0920,0.3660,65.0550,3.4640,1656649984.0000,630200000.0000,2.6288,33245861888,2.0520,3.5800,0.0000,389318613,4.6300,2.3800,5.2300,6.5700,0.0498,OK,0,5.5800,False,True,False,False,False,False,DD12|RSI40|VOLUME|FUND65|ABNORMAL20,False,10-18d,XLK,,AAPL|MSFT|NVDA,interest_rates|ai_capex_cycle|semiconductor_cycle,POST_ANALYSIS_ACTUAL_FILL,LIVE_QUOTE_AT_ANALYSIS,True,1.0000,1.5000,1.0000,-5.0000,7,1.5000,3,SELL_50_PCT_AT_TP1_REST_AT_TP2,MOVE_REMAINDER_TO_BREAK_EVEN,EXIT_AT_OPEN_IF_OPEN_BELOW_SL,SL_FIRST,10,PENDING_ANALYSIS,3.7086,3.7086,5.5629,88.5986,90.4529,80.6455,Indicative levels use the signal close only. Final SL/TP1/TP2 and sizing must be recalculated from the actual post-analysis broker fill.,28,2026-11-02,False,2026-08-03,0.7400,0.7200,3.5000,ALCISTA FUERTE,10,769.6400,7.3400,59.8000,15.3100,SIDI_INTRADAY_V2: Fund≥6.5 · DD60≥12% · RSI<40 · MACD↑ · Vol↓ · SPY20≤+1% · Abnormal20≤-10%,SIDI_INTRADAY_V2,True
HCA,HCA Healthcare,Health Care,Health Care Facilities,2015-01-27,426.6900,425.7800,430.2200,424.2300,426.6900,2026-10-02,2026-10-05,51.4600,68.9000,DOWN,-1.0484,-0.8909,0.2281,False,0.5339,11.9778,0.9180,2.8070,415.9900,444.3800,425.4800,2.5700,-3.9800,False,-1.3539,BAJISTA,-2.6100,-4.4100,438.1200,446.3600,553.5600,353.3400,-22.9200,20.7600,0.6250,True,True,397.7300,3,419.7600,False,-6.7900,NONE,6.1000,6.5000,5.0000,7.5000,7,5.0000,5.0000,False,False,False,False,False,True,5.6100,8.4200,1.5000,SIDI_INTRADAY_V2,0.6186,14.6542,0.0778,0.9191,294,XLV,True,14.6438,13.6440,-14.3348,1.2422,9.2860,,0.1229,0.0877,0.4258,0.0870,0.1160,,0.9930,3738125056.0000,6840000000.0000,0.5465,96905175040,1.1100,4.8500,0.7300,221839800,5.2200,4.7000,4.9400,6.1500,0.0386,FCF/NI:0.55,1,5.5700,False,True,False,False,False,False,DD12|RSI40|MACD|FUND65|ABNORMAL20,False,3-7d,XLV,,UNH|JNJ|LLY,fda_calendar|drug_pricing_policy|patent_cliffs,POST_ANALYSIS_ACTUAL_FILL,LIVE_QUOTE_AT_ANALYSIS,True,1.0000,1.5000,1.0000,-5.0000,7,1.5000,3,SELL_50_PCT_AT_TP1_REST_AT_TP2,MOVE_REMAINDER_TO_BREAK_EVEN,EXIT_AT_OPEN_IF_OPEN_BELOW_SL,SL_FIRST,10,PENDING_ANALYSIS,11.9778,11.9778,17.9667,438.6678,444.6567,405.3555,Indicative levels use the signal close only. Final SL/TP1/TP2 and sizing must be recalculated from the actual post-analysis broker fill.,22,2026-10-27,False,2026-07-24,7.5900,7.5000,1.2000,ALCISTA FUERTE,10,769.6400,7.3400,59.8000,15.3100,SIDI_INTRADAY_V2: Fund≥6.5 · DD60≥12% · RSI<40 · MACD↑ · Vol↓ · SPY20≤+1% · Abnormal20≤-10%,SIDI_INTRADAY_V2,True
MAA,Mid-America Apartment Communities,Real Estate,Multi-Family Residential REITs,2016-12-02,115.2700,117.1400,117.3700,114.4700,115.2700,2026-10-02,2026-10-05,11.0800,16.7000,DOWN,-0.1758,-0.1463,-0.2449,False,0.1460,2.0650,0.8790,1.7910,127.7800,129.1900,120.7600,-9.7900,-10.7700,False,-0.5455,BAJISTA,-16.0900,-16.3600,137.3800,137.8200,142.7600,114.4700,-19.2500,0.7000,1.3320,False,False,,0,134.0400,False,,NONE,5.8000,5.0000,7.5000,5.0000,4,8.0000,5.0000,False,False,True,True,False,False,3.5800,5.3700,1.5000,SIDI_INTRADAY_V2,0.6186,-4.4169,-0.2438,0.9550,294,XLRE,True,33.8333,35.2821,2.4704,6.2229,15.4970,0.0705,0.0313,0.1817,0.5839,0.0100,0.1370,102.3770,0.0480,921182272.0000,399288992.0000,2.3071,13807285248,0.7320,5.1500,5.3100,116384802,5.4200,4.4600,5.2100,6.7700,0.0667,D/E:102,1,5.5700,False,True,False,False,False,False,MACD|VOLUME|FUND65|ABNORMAL20,False,3-7d,XLRE,,PLD|AMT|EQIX,interest_rates|cap_rates|occupancy_trends,POST_ANALYSIS_ACTUAL_FILL,LIVE_QUOTE_AT_ANALYSIS,True,1.0000,1.5000,1.0000,-5.0000,7,1.5000,3,SELL_50_PCT_AT_TP1_REST_AT_TP2,MOVE_REMAINDER_TO_BREAK_EVEN,EXIT_AT_OPEN_IF_OPEN_BELOW_SL,SL_FIRST,10,PENDING_ANALYSIS,2.0650,2.0650,3.0975,117.3350,118.3675,109.5065,Indicative levels use the signal close only. Final SL/TP1/TP2 and sizing must be recalculated from the actual post-analysis broker fill.,23,2026-10-28,False,2026-07-29,1.0400,0.7800,33.8000,ALCISTA FUERTE,10,769.6400,7.3400,59.8000,15.3100,SIDI_INTRADAY_V2: Fund≥6.5 · DD60≥12% · RSI<40 · MACD↑ · Vol↓ · SPY20≤+1% · Abnormal20≤-10%,SIDI_INTRADAY_V2,True
CHD,Church & Dwight,Consumer Staples,Household Products,2015-12-29,94.3100,94.4100,94.9800,93.9300,94.3100,2026-10-02,2026-10-05,48.2000,39.4600,UP,-0.0026,-0.0007,0.0996,False,0.2827,1.4029,0.6570,1.4870,98.3500,95.5500,95.7700,-4.1100,-1.2900,True,1.3113,BAJISTA,-8.7200,-9.3100,103.3200,103.9900,105.3700,80.2900,-10.5000,17.4600,1.1540,False,False,93.3200,7,99.9100,True,-1.0500,HAMMER|DOJI,7.0800,7.0000,6.0000,5.0000,10,8.5000,7.0000,False,False,False,False,False,False,2.9700,4.4600,1.5000,SIDI_INTRADAY_V2,0.6186,0.9327,0.0864,1.0185,294,XLP,True,30.5962,23.6565,5.2064,3.6351,18.1160,0.1704,0.0787,0.1196,0.4556,0.0160,0.0900,55.8510,1.1470,939262528.0000,744800000.0000,1.2611,22643484672,0.4820,5.8900,1.3000,237203907,4.5400,2.2100,6.0900,5.4700,0.0415,OK,0,5.5600,False,True,False,False,False,False,DD12|RSI40|MACD|VOLUME|FUND65|ABNORMAL20,False,3-7d,XLP,,PG|KO|PEP,inflation|input_costs|fx_rates,POST_ANALYSIS_ACTUAL_FILL,LIVE_QUOTE_AT_ANALYSIS,True,1.0000,1.5000,1.0000,-5.0000,7,1.5000,3,SELL_50_PCT_AT_TP1_REST_AT_TP2,MOVE_REMAINDER_TO_BREAK_EVEN,EXIT_AT_OPEN_IF_OPEN_BELOW_SL,SL_FIRST,10,PENDING_ANALYSIS,1.4029,1.4029,2.1044,95.7129,96.4143,89.5945,Indicative levels use the signal close only. Final SL/TP1/TP2 and sizing must be recalculated from the actual post-analysis broker fill.,25,2026-10-30,False,2026-07-31,0.8900,0.9000,-95.0000,ALCISTA FUERTE,10,769.6400,7.3400,59.8000,15.3100,SIDI_INTRADAY_V2: Fund≥6.5 · DD60≥12% · RSI<40 · MACD↑ · Vol↓ · SPY20≤+1% · Abnormal20≤-10%,SIDI_INTRADAY_V2,True
ILMN,"Illumina, Inc.",Health Care,Life Sciences Tools & Services,2026-09-21,273.0400,265.9100,274.9700,265.3900,273.0400,2026-10-02,2026-10-05,82.0100,74.3800,UP,2.3085,2.8404,4.4881,False,0.7927,13.3336,1.4810,4.8830,218.8900,162.7000,248.5100,24.7400,67.8100,True,7.4786,ALCISTA,-0.3100,-2.5400,273.9000,280.1700,280.1700,88.0000,-2.5400,210.2700,0.6800,True,True,200.0100,1,,False,-26.7500,HAMMER|DOJI,6.7500,10.0000,6.0000,7.5000,4,5.0000,7.0000,False,False,False,False,False,True,9.7700,14.6500,1.5000,SIDI_INTRADAY_V2,0.6186,16.3940,0.7809,0.5004,294,XLV,True,52.9748,46.5037,15.1075,9.5407,36.8730,0.3234,0.0867,0.1834,0.6793,0.0940,-0.0940,89.0420,1.7960,797625024.0000,824000000.0000,0.9680,42875695104,1.4160,5.5200,0.0000,151000000,4.7600,3.4200,7.5100,3.1300,0.0186,D/E:89,1,5.5600,False,True,False,False,False,False,DD12|RSI40|MACD|FUND65|ABNORMAL20,False,10-18d,XLV,,UNH|JNJ|LLY,fda_calendar|drug_pricing_policy|patent_cliffs,POST_ANALYSIS_ACTUAL_FILL,LIVE_QUOTE_AT_ANALYSIS,True,1.0000,1.5000,1.0000,-5.0000,7,1.5000,3,SELL_50_PCT_AT_TP1_REST_AT_TP2,MOVE_REMAINDER_TO_BREAK_EVEN,EXIT_AT_OPEN_IF_OPEN_BELOW_SL,SL_FIRST,10,PENDING_ANALYSIS,13.3336,13.3336,20.0004,286.3736,293.0404,259.3880,Indicative levels use the signal close only. Final SL/TP1/TP2 and sizing must be recalculated from the actual post-analysis broker fill.,24,2026-10-29,False,2026-07-30,1.3100,1.2300,6.8000,ALCISTA FUERTE,10,769.6400,7.3400,59.8000,15.3100,SIDI_INTRADAY_V2: Fund≥6.5 · DD60≥12% · RSI<40 · MACD↑ · Vol↓ · SPY20≤+1% · Abnormal20≤-10%,SIDI_INTRADAY_V2,True
JNJ,Johnson & Johnson,Health Care,Pharmaceuticals,1973-06-30,256.0300,259.3800,259.3800,255.1200,256.0300,2026-10-02,2026-10-05,28.2500,38.4700,DOWN,-1.6931,-1.2269,-0.3543,False,-0.1743,4.8707,0.8490,1.9020,265.4300,239.7300,266.5100,-3.5400,6.8000,True,2.8418,NEUTRO,-8.0500,-8.9100,278.4300,281.0700,281.0700,178.9100,-8.9100,43.1100,1.6620,False,False,249.2100,1,268.1100,True,-2.6600,NONE,6.9500,8.5000,7.5000,5.0000,7,8.0000,5.0000,False,False,False,True,False,False,3.8000,5.7100,1.5000,SIDI_INTRADAY_V2,0.6186,-6.2709,-0.4247,0.9378,294,XLV,True,29.4710,20.9536,7.2082,6.2588,18.5040,0.2574,0.0859,0.2148,0.6814,0.0660,-0.0090,57.7090,1.0890,16885125120.0000,21037000704.0000,0.8026,612921573376,0.2060,3.4200,2.0900,2409898597,4.6400,2.2500,7.1700,4.4600,0.0275,OK,0,5.5600,False,True,False,False,False,False,DD12|MACD|VOLUME|FUND65|ABNORMAL20,False,7-15d,XLV,,UNH|LLY|ABBV,fda_calendar|drug_pricing_policy|patent_cliffs,POST_ANALYSIS_ACTUAL_FILL,LIVE_QUOTE_AT_ANALYSIS,True,1.0000,1.5000,1.0000,-5.0000,7,1.5000,3,SELL_50_PCT_AT_TP1_REST_AT_TP2,MOVE_REMAINDER_TO_BREAK_EVEN,EXIT_AT_OPEN_IF_OPEN_BELOW_SL,SL_FIRST,10,PENDING_ANALYSIS,4.8707,4.8707,7.3061,260.9007,263.3361,243.2285,Indicative levels use the signal close only. Final SL/TP1/TP2 and sizing must be recalculated from the actual post-analysis broker fill.,8,2026-10-13,False,2026-07-15,2.9000,2.8500,1.6000,ALCISTA FUERTE,10,769.6400,7.3400,59.8000,15.3100,SIDI_INTRADAY_V2: Fund≥6.5 · DD60≥12% · RSI<40 · MACD↑ · Vol↓ · SPY20≤+1% · Abnormal20≤-10%,SIDI_INTRADAY_V2,True
MSI,Motorola Solutions,Information Technology,Communications Equipment,1957-03-04,447.4100,449.8000,451.2400,445.9600,447.4100,2026-10-02,2026-10-05,22.5300,40.9700,DOWN,-2.1730,-2.4316,-2.6333,True,0.1370,7.6806,0.7240,1.7170,460.3500,428.8100,456.9300,-2.8100,4.3400,True,2.1808,NEUTRO,-8.6900,-9.3500,489.9700,493.5700,493.5700,356.4200,-9.3500,25.5300,0.7180,True,True,399.9700,2,441.7700,False,-10.6000,DOJI|HAMMER,7.7000,8.5000,8.5000,7.5000,4,10.0000,7.0000,False,False,False,True,True,True,3.4300,5.1500,1.5000,SIDI_INTRADAY_V2,0.6186,-1.0453,1.1721,-0.5332,294,XLK,True,36.0142,23.5391,28.3295,6.1856,22.0780,0.9157,0.1125,0.1744,0.5211,0.1330,0.0950,357.8500,1.0990,1979000064.0000,2134000000.0000,0.9274,75693547520,0.8860,3.1600,1.0800,165493788,4.1400,1.2800,6.8200,4.3700,0.0261,D/E:358,1,5.5600,False,True,False,False,False,False,DD12|FUND65|ABNORMAL20,False,7-15d,XLK,,AAPL|MSFT|NVDA,interest_rates|ai_capex_cycle|semiconductor_cycle,POST_ANALYSIS_ACTUAL_FILL,LIVE_QUOTE_AT_ANALYSIS,True,1.0000,1.5000,1.0000,-5.0000,7,1.5000,3,SELL_50_PCT_AT_TP1_REST_AT_TP2,MOVE_REMAINDER_TO_BREAK_EVEN,EXIT_AT_OPEN_IF_OPEN_BELOW_SL,SL_FIRST,10,PENDING_ANALYSIS,7.6806,7.6806,11.5209,455.0906,458.9309,425.0395,Indicative levels use the signal close only. Final SL/TP1/TP2 and sizing must be recalculated from the actual post-analysis broker fill.,31,2026-11-05,False,2026-08-05,4.4100,3.8500,14.4000,ALCISTA FUERTE,10,769.6400,7.3400,59.8000,15.3100,SIDI_INTRADAY_V2: Fund≥6.5 · DD60≥12% · RSI<40 · MACD↑ · Vol↓ · SPY20≤+1% · Abnormal20≤-10%,SIDI_INTRADAY_V2,True
PKG,Packaging Corporation of America,Materials,Paper & Plastic Packaging Products & Materials,2017-07-26,228.5400,230.8500,232.3500,228.3900,228.5400,2026-10-02,2026-10-05,44.5300,51.9200,DOWN,-0.3643,-0.1649,0.5139,False,0.1936,4.7671,0.7760,2.0860,241.8200,223.8700,234.3800,-5.4900,2.0900,True,1.7836,NEUTRO,-10.6500,-11.5200,255.7700,258.3100,258.3100,186.7700,-11.5200,22.3700,0.8590,True,True,223.9700,5,242.2800,True,-2.0000,NONE,7.3200,8.5000,5.0000,7.5000,9,8.5000,5.0000,False,False,False,False,False,True,4.1700,6.2600,1.5000,SIDI_INTRADAY_V2,0.6186,4.7315,0.0117,1.0205,294,XLB,True,29.6873,17.3792,4.3367,2.1334,12.0240,0.1489,0.0828,0.0726,0.2139,0.1470,-0.1950,94.4740,2.9410,432950016.0000,687400000.0000,0.6298,20340695040,0.7710,5.9100,2.6300,89098299,4.3900,3.7800,5.3800,3.9300,0.0213,FCF/NI:0.63|D/E:94,2,5.5600,False,True,False,False,False,False,DD12|RSI40|MACD|FUND65|ABNORMAL20,False,7-15d,XLB,,LIN|APD|ECL,commodity_prices|dxy|china_demand|energy_costs,POST_ANALYSIS_ACTUAL_FILL,LIVE_QUOTE_AT_ANALYSIS,True,1.0000,1.5000,1.0000,-5.0000,7,1.5000,3,SELL_50_PCT_AT_TP1_REST_AT_TP2,MOVE_REMAINDER_TO_BREAK_EVEN,EXIT_AT_OPEN_IF_OPEN_BELOW_SL,SL_FIRST,10,PENDING_ANALYSIS,4.7671,4.7671,7.1507,233.3071,235.6907,217.1130,Indicative levels use the signal close only. Final SL/TP1/TP2 and sizing must be recalculated from the actual post-analysis broker fill.,16,2026-10-21,False,2026-07-22,2.3500,2.3100,1.6000,ALCISTA FUERTE,10,769.6400,7.3400,59.8000,15.3100,SIDI_INTRADAY_V2: Fund≥6.5 · DD60≥12% · RSI<40 · MACD↑ · Vol↓ · SPY20≤+1% · Abnormal20≤-10%,SIDI_INTRADAY_V2,True
PPL,PPL Corporation,Utilities,Electric Utilities,2001-10-01,32.8000,32.9400,33.2200,32.7800,32.8000,2026-10-02,2026-10-05,36.4400,11.7800,UP,0.0319,-0.0005,-0.1038,True,0.3735,0.5014,0.8020,1.5290,34.2500,35.5800,33.1300,-4.2400,-7.8200,False,-0.2480,BAJISTA,-9.0900,-10.3500,36.0800,36.5900,39.4600,31.5600,-16.8800,3.9300,0.8830,False,False,31.5600,1,36.5500,True,-3.7800,HAMMER|DOJI,6.3500,5.0000,8.5000,5.0000,8,5.0000,7.0000,False,False,False,True,True,False,3.0600,4.5900,1.5000,SIDI_INTRADAY_V2,0.6186,0.0534,-0.1117,0.8667,294,XLU,True,19.6006,15.6313,1.6565,2.6525,11.8990,0.0863,0.0320,0.1347,0.4409,0.0420,0.2120,135.4340,0.9050,-1938375040.0000,1264000000.0000,-1.5335,24928047104,0.5770,4.6600,3.4800,752544841,5.0400,7.3600,4.3600,3.1100,-0.0778,FCF/NI:-1.53,1,5.5600,False,True,False,False,False,False,DD12|VOLUME|FUND65|ABNORMAL20,False,3-7d,XLU,,NEE|DUK|SO,interest_rates|regulatory_environment,POST_ANALYSIS_ACTUAL_FILL,LIVE_QUOTE_AT_ANALYSIS,True,1.0000,1.5000,1.0000,-5.0000,7,1.5000,3,SELL_50_PCT_AT_TP1_REST_AT_TP2,MOVE_REMAINDER_TO_BREAK_EVEN,EXIT_AT_OPEN_IF_OPEN_BELOW_SL,SL_FIRST,10,PENDING_ANALYSIS,0.5014,0.5014,0.7521,33.3014,33.5521,31.1600,Indicative levels use the signal close only. Final SL/TP1/TP2 and sizing must be recalculated from the actual post-analysis broker fill.,30,2026-11-04,False,2026-08-07,0.3300,0.3400,-4.0000,ALCISTA FUERTE,10,769.6400,7.3400,59.8000,15.3100,SIDI_INTRADAY_V2: Fund≥6.5 · DD60≥12% · RSI<40 · MACD↑ · Vol↓ · SPY20≤+1% · Abnormal20≤-10%,SIDI_INTRADAY_V2,True
HUBB,Hubbell Incorporated,Industrials,Industrial Machinery & Supplies & Components,2023-10-18,475.5200,473.9800,477.9700,466.9800,475.5200,2026-10-02,2026-10-05,74.7800,53.9700,UP,3.0678,2.4228,2.8980,True,0.9515,11.9421,0.8190,2.5110,471.7100,485.3100,461.3600,0.8100,-2.0200,False,0.5978,BAJISTA,-8.2000,-9.9000,518.0100,527.7500,562.0600,398.9500,-15.4000,19.1900,0.9470,True,True,467.5800,4,498.3500,True,-1.6700,HAMMER,7.2500,7.0000,7.0000,7.5000,10,5.0000,7.0000,False,False,False,False,True,True,5.0200,7.5300,1.5000,SIDI_INTRADAY_V2,0.6186,6.9839,-0.1123,1.1597,294,XLI,True,28.3931,20.8926,6.4768,4.0717,19.9910,0.2444,0.0843,0.1449,0.3534,0.1530,-0.0090,141.6420,1.6090,495812512.0000,900600000.0000,0.5505,25340801024,0.8460,6.0100,1.1900,52841777,4.4200,4.3800,4.7600,4.0500,0.0196,FCF/NI:0.55|D/E:142,2,5.5500,False,True,False,False,False,False,DD12|RSI40|FUND65|ABNORMAL20,False,3-7d,XLI,,CAT|UNP|HON,pmi_manufacturing|supply_chain|capex_cycle,POST_ANALYSIS_ACTUAL_FILL,LIVE_QUOTE_AT_ANALYSIS,True,1.0000,1.5000,1.0000,-5.0000,7,1.5000,3,SELL_50_PCT_AT_TP1_REST_AT_TP2,MOVE_REMAINDER_TO_BREAK_EVEN,EXIT_AT_OPEN_IF_OPEN_BELOW_SL,SL_FIRST,10,PENDING_ANALYSIS,11.9421,11.9421,17.9132,487.4621,493.4331,451.7440,Indicative levels use the signal close only. Final SL/TP1/TP2 and sizing must be recalculated from the actual post-analysis broker fill.,22,2026-10-27,False,2026-07-28,5.5200,5.3900,2.4000,ALCISTA FUERTE,10,769.6400,7.3400,59.8000,15.3100,SIDI_INTRADAY_V2: Fund≥6.5 · DD60≥12% · RSI<40 · MACD↑ · Vol↓ · SPY20≤+1% · Abnormal20≤-10%,SIDI_INTRADAY_V2,True
KIM,Kimco Realty,Real Estate,Retail REITs,2006-04-04,22.2400,22.3100,22.4600,22.1700,22.2400,2026-10-02,2026-10-05,20.1200,21.5700,DOWN,0.0073,-0.0012,-0.0056,True,0.2553,0.3179,0.8170,1.4290,23.6800,22.8200,22.7100,-6.0800,-2.5500,True,1.4759,BAJISTA,-14.7000,-15.5600,26.0700,26.3400,26.3400,18.9600,-15.5600,17.3300,0.7940,False,False,,0,25.9600,False,,HAMMER,6.5300,7.0000,8.5000,5.0000,5,6.5000,7.0000,False,False,True,True,True,False,2.8600,4.2900,1.5000,SIDI_INTRADAY_V2,0.6186,-0.1537,-0.1583,0.8880,294,XLRE,True,26.2059,24.7500,1.4544,6.8317,17.4400,0.0581,0.0237,0.2776,0.6893,0.0490,-0.0580,84.9930,0.9710,871483392.0000,573750016.0000,1.5189,14941833216,0.9650,6.9700,5.0400,670789373,4.8900,2.2700,5.3800,7.3700,0.0583,D/E:85,1,5.5500,False,True,False,False,False,False,VOLUME|FUND65|ABNORMAL20,False,3-7d,XLRE,,PLD|AMT|EQIX,interest_rates|cap_rates|occupancy_trends,POST_ANALYSIS_ACTUAL_FILL,LIVE_QUOTE_AT_ANALYSIS,True,1.0000,1.5000,1.0000,-5.0000,7,1.5000,3,SELL_50_PCT_AT_TP1_REST_AT_TP2,MOVE_REMAINDER_TO_BREAK_EVEN,EXIT_AT_OPEN_IF_OPEN_BELOW_SL,SL_FIRST,10,PENDING_ANALYSIS,0.3179,0.3179,0.4768,22.5579,22.7168,21.1280,Indicative levels use the signal close only. Final SL/TP1/TP2 and sizing must be recalculated from the actual post-analysis broker fill.,24,2026-10-29,False,2026-08-04,0.2200,0.2000,13.5000,ALCISTA FUERTE,10,769.6400,7.3400,59.8000,15.3100,SIDI_INTRADAY_V2: Fund≥6.5 · DD60≥12% · RSI<40 · MACD↑ · Vol↓ · SPY20≤+1% · Abnormal20≤-10%,SIDI_INTRADAY_V2,True
MO,Altria,Consumer Staples,Tobacco,1957-03-04,67.3500,66.9000,67.4500,66.5900,67.3500,2026-10-02,2026-10-05,30.8400,58.0300,DOWN,-0.2476,-0.2244,-0.0203,False,0.2286,1.2364,0.7550,1.8360,67.6600,65.4200,68.2000,-0.4500,2.9500,True,2.1366,NEUTRO,-8.6700,-11.2000,73.7400,75.8500,75.8500,52.1700,-11.2000,29.0900,0.8440,True,True,66.2500,5,74.1000,True,-1.6300,NONE,7.6200,8.5000,6.5000,7.5000,9,8.5000,5.0000,False,False,False,True,False,True,3.6700,5.5100,1.5000,SIDI_INTRADAY_V2,0.6186,1.5512,-0.6345,1.1294,294,XLP,True,14.2558,11.5475,-42.3748,5.5306,8.5450,,0.2954,0.3900,0.8701,0.0120,-0.0270,,0.5180,9033374720.0000,7952000000.0000,1.1360,113066696704,0.4610,4.5200,6.5900,1669743926,4.1600,0.2200,5.5500,7.1400,0.0799,OK,0,5.5400,False,True,False,False,False,False,DD12|MACD|FUND65|ABNORMAL20,False,7-15d,XLP,,PG|KO|PEP,inflation|input_costs|fx_rates,POST_ANALYSIS_ACTUAL_FILL,LIVE_QUOTE_AT_ANALYSIS,True,1.0000,1.5000,1.0000,-5.0000,7,1.5000,3,SELL_50_PCT_AT_TP1_REST_AT_TP2,MOVE_REMAINDER_TO_BREAK_EVEN,EXIT_AT_OPEN_IF_OPEN_BELOW_SL,SL_FIRST,10,PENDING_ANALYSIS,1.2364,1.2364,1.8546,68.5864,69.2046,63.9825,Indicative levels use the signal close only. Final SL/TP1/TP2 and sizing must be recalculated from the actual post-analysis broker fill.,24,2026-10-29,False,2026-07-30,1.4800,1.5000,-1.2000,ALCISTA FUERTE,10,769.6400,7.3400,59.8000,15.3100,SIDI_INTRADAY_V2: Fund≥6.5 · DD60≥12% · RSI<40 · MACD↑ · Vol↓ · SPY20≤+1% · Abnormal20≤-10%,SIDI_INTRADAY_V2,True
AXP,American Express,Financials,Consumer Finance,1976-06-30,302.7800,304.0000,304.0000,299.8300,302.7800,2026-10-02,2026-10-05,22.2700,32.7700,DOWN,-0.3023,-0.4731,-0.6815,True,0.2208,6.2029,0.8870,2.0490,327.4500,331.1900,312.4000,-7.5400,-8.5800,False,-1.3878,BAJISTA,-16.2600,-16.6200,361.5700,363.1400,384.3600,289.2600,-21.2200,4.6700,0.8300,False,False,300.7100,2,324.1100,True,-0.6800,HAMMER|HAMMER,6.4300,5.0000,8.5000,5.0000,7,6.5000,7.0000,False,False,True,True,True,False,4.1000,6.1500,1.5000,SIDI_INTRADAY_V2,0.6186,4.0408,0.2718,1.1417,294,XLF,True,18.3683,15.0128,5.9606,2.8827,,0.3438,0.0379,0.1614,0.6234,0.1280,0.1100,172.3800,1.5530,,11310999552.0000,,204423036928,1.0850,4.5100,1.2600,675309833,4.9500,3.9900,6.3600,4.4400,,D/E:172,1,5.5400,False,True,False,False,False,False,VOLUME|FUND65|ABNORMAL20,False,5-10d,XLF,,JPM|BAC|WFC,interest_rates|yield_curve|credit_spreads|loan_growth,POST_ANALYSIS_ACTUAL_FILL,LIVE_QUOTE_AT_ANALYSIS,True,1.0000,1.5000,1.0000,-5.0000,7,1.5000,3,SELL_50_PCT_AT_TP1_REST_AT_TP2,MOVE_REMAINDER_TO_BREAK_EVEN,EXIT_AT_OPEN_IF_OPEN_BELOW_SL,SL_FIRST,10,PENDING_ANALYSIS,6.2029,6.2029,9.3043,308.9829,312.0843,287.6410,Indicative levels use the signal close only. Final SL/TP1/TP2 and sizing must be recalculated from the actual post-analysis broker fill.,18,2026-10-23,False,2026-07-24,4.5300,4.4000,2.9000,ALCISTA FUERTE,10,769.6400,7.3400,59.8000,15.3100,SIDI_INTRADAY_V2: Fund≥6.5 · DD60≥12% · RSI<40 · MACD↑ · Vol↓ · SPY20≤+1% · Abnormal20≤-10%,SIDI_INTRADAY_V2,True
ARES,Ares Management,Financials,Asset Management & Custody Banks,2025-12-11,117.5500,118.4400,120.4950,116.7250,117.5500,2026-10-02,2026-10-05,27.8100,22.6000,UP,-0.8068,-1.0216,-1.1100,True,0.2113,4.4793,0.9500,3.8110,132.1700,127.2100,124.1200,-11.0600,-7.5900,True,-2.1512,BAJISTA,-20.5100,-20.7400,147.8900,148.3000,173.9900,92.5900,-32.4400,26.9500,1.1400,False,False,116.7200,3,120.9500,True,-0.7100,HAMMER|DOJI,7.3800,6.5000,9.5000,5.0000,10,6.5000,7.0000,False,False,True,True,True,False,7.6200,11.4300,1.5000,SIDI_INTRADAY_V2,0.6186,-9.8567,1.0311,0.9180,294,XLF,True,53.8756,16.2789,10.5983,7.3846,32.0740,0.1492,0.0458,0.1211,1.0000,0.0960,0.0650,172.3780,0.6200,2159716096.0000,487432992.0000,4.4308,38787923968,1.5540,8.7400,4.5900,223957742,4.3200,2.4700,4.9600,5.7400,0.0557,D/E:172,1,5.5400,False,True,False,False,False,False,VOLUME|FUND65|ABNORMAL20,False,5-10d,XLF,,JPM|BAC|WFC,interest_rates|yield_curve|credit_spreads|loan_growth,POST_ANALYSIS_ACTUAL_FILL,LIVE_QUOTE_AT_ANALYSIS,True,1.0000,1.5000,1.0000,-5.0000,7,1.5000,3,SELL_50_PCT_AT_TP1_REST_AT_TP2,MOVE_REMAINDER_TO_BREAK_EVEN,EXIT_AT_OPEN_IF_OPEN_BELOW_SL,SL_FIRST,10,PENDING_ANALYSIS,4.4793,4.4793,6.7190,122.0293,124.2690,111.6725,Indicative levels use the signal close only. Final SL/TP1/TP2 and sizing must be recalculated from the actual post-analysis broker fill.,24,2026-10-29,False,2026-07-31,1.2900,1.2700,1.4000,ALCISTA FUERTE,10,769.6400,7.3400,59.8000,15.3100,SIDI_INTRADAY_V2: Fund≥6.5 · DD60≥12% · RSI<40 · MACD↑ · Vol↓ · SPY20≤+1% · Abnormal20≤-10%,SIDI_INTRADAY_V2,True
CMCSA,Comcast,Communication Services,Cable & Satellite,2002-11-19,21.5700,21.9200,21.9200,21.4000,21.5700,2026-10-02,2026-10-05,11.2400,14.4400,DOWN,-0.1547,-0.1949,-0.2952,True,0.2281,0.6364,0.8300,2.9510,24.6900,26.3100,23.0600,-12.6400,-18.0000,False,-0.4221,BAJISTA,-20.7000,-21.1300,27.2000,27.3500,32.0500,21.2800,-32.6900,1.3600,0.6540,True,True,21.8300,1,24.6800,True,1.2200,NONE,6.7300,5.0000,8.5000,7.5000,7,6.5000,5.0000,True,True,True,True,True,True,5.9000,8.8500,1.5000,SIDI_INTRADAY_V2,0.6186,-18.7992,-0.8193,1.3866,294,XLC,True,6.9581,6.0179,0.8522,0.6128,4.6800,0.1149,0.0431,0.0897,0.6939,-0.0120,-0.6680,100.4740,0.7960,12697624576.0000,11198999552.0000,1.1338,76544090112,0.6690,3.4600,6.1200,3539192198,4.7500,0.0000,5.1800,9.7800,0.1659,D/E:100,1,5.5400,False,True,True,True,False,False,FUND65,False,5-10d,XLC,,GOOGL|META|NFLX,ad_spending_cycle|streaming_competition|regulation,POST_ANALYSIS_ACTUAL_FILL,LIVE_QUOTE_AT_ANALYSIS,True,1.0000,1.5000,1.0000,-5.0000,7,1.5000,3,SELL_50_PCT_AT_TP1_REST_AT_TP2,MOVE_REMAINDER_TO_BREAK_EVEN,EXIT_AT_OPEN_IF_OPEN_BELOW_SL,SL_FIRST,10,PENDING_ANALYSIS,0.6364,0.6364,0.9546,22.2064,22.5246,20.4915,Indicative levels use the signal close only. Final SL/TP1/TP2 and sizing must be recalculated from the actual post-analysis broker fill.,17,2026-10-22,False,2026-07-23,1.0400,0.9700,7.6000,ALCISTA FUERTE,10,769.6400,7.3400,59.8000,15.3100,SIDI_INTRADAY_V2: Fund≥6.5 · DD60≥12% · RSI<40 · MACD↑ · Vol↓ · SPY20≤+1% · Abnormal20≤-10%,SIDI_INTRADAY_V2,True
ITW,Illinois Tool Works,Industrials,Industrial Machinery & Supplies & Components,1986-02-28,262.9200,263.1100,264.4100,261.5200,262.9200,2026-10-02,2026-10-05,43.9300,57.9200,DOWN,-0.2741,-0.2994,0.7202,True,0.2721,4.9248,0.8650,1.8730,277.0700,265.2600,267.6300,-5.1100,-0.8800,True,0.9175,BAJISTA,-11.0000,-12.3500,295.4100,299.9800,299.9800,232.8700,-12.3500,12.9100,0.8160,False,False,241.4400,3,260.1600,False,-8.1700,HAMMER|DOJI,6.3300,7.0000,6.0000,5.0000,7,6.5000,7.0000,False,False,False,False,True,False,3.7500,5.6200,1.5000,SIDI_INTRADAY_V2,0.6186,-0.8625,-0.2167,0.8267,294,XLI,True,23.9986,21.3674,26.0485,4.5776,17.4230,1.0462,0.1692,0.1939,0.4416,0.0610,0.1010,334.8530,1.1090,2432999936.0000,3193999872.0000,0.7617,75387977728,0.9750,8.2100,2.6200,284800000,5.0200,3.2200,6.8900,4.9600,0.0323,D/E:335,1,5.5400,False,True,False,False,False,False,DD12|RSI40|VOLUME|FUND65|ABNORMAL20,False,3-7d,XLI,,CAT|UNP|HON,pmi_manufacturing|supply_chain|capex_cycle,POST_ANALYSIS_ACTUAL_FILL,LIVE_QUOTE_AT_ANALYSIS,True,1.0000,1.5000,1.0000,-5.0000,7,1.5000,3,SELL_50_PCT_AT_TP1_REST_AT_TP2,MOVE_REMAINDER_TO_BREAK_EVEN,EXIT_AT_OPEN_IF_OPEN_BELOW_SL,SL_FIRST,10,PENDING_ANALYSIS,4.9248,4.9248,7.3872,267.8448,270.3072,249.7740,Indicative levels use the signal close only. Final SL/TP1/TP2 and sizing must be recalculated from the actual post-analysis broker fill.,18,2026-10-23,False,2026-07-28,2.8400,2.8000,1.5000,ALCISTA FUERTE,10,769.6400,7.3400,59.8000,15.3100,SIDI_INTRADAY_V2: Fund≥6.5 · DD60≥12% · RSI<40 · MACD↑ · Vol↓ · SPY20≤+1% · Abnormal20≤-10%,SIDI_INTRADAY_V2,True
PFG,Principal Financial Group,Financials,Life & Health Insurance,2002-07-22,111.9600,112.2400,112.3700,111.5300,111.9600,2026-10-02,2026-10-05,32.6800,44.1900,DOWN,-0.5687,-0.5399,-0.3420,False,0.0862,2.5386,1.0330,2.2670,113.2400,100.2900,113.9100,-1.1300,11.6400,True,3.2575,NEUTRO,-5.5300,-7.6100,118.5100,121.1800,121.1800,75.3000,-7.6100,48.6800,0.7850,True,True,111.1100,3,114.9000,True,-0.7600,HAMMER,7.7500,8.5000,6.5000,7.5000,9,8.0000,7.0000,False,False,False,True,False,True,4.5300,6.8000,1.5000,SIDI_INTRADAY_V2,0.6186,1.1742,-0.0072,1.0622,294,XLF,True,15.9316,10.7390,1.9769,1.5258,10.6440,0.1295,0.0035,0.0993,0.4734,0.0640,0.0280,35.3070,1.5860,1056374976.0000,1558800000.0000,0.6777,23945461760,0.8710,7.8700,3.0000,214104641,4.0700,1.1600,5.2700,6.0800,0.0441,FCF/NI:0.68,1,5.5400,False,True,False,False,False,False,DD12|MACD|FUND65|ABNORMAL20,False,7-15d,XLF,,JPM|BAC|WFC,interest_rates|yield_curve|credit_spreads|loan_growth,POST_ANALYSIS_ACTUAL_FILL,LIVE_QUOTE_AT_ANALYSIS,True,1.0000,1.5000,1.0000,-5.0000,7,1.5000,3,SELL_50_PCT_AT_TP1_REST_AT_TP2,MOVE_REMAINDER_TO_BREAK_EVEN,EXIT_AT_OPEN_IF_OPEN_BELOW_SL,SL_FIRST,10,PENDING_ANALYSIS,2.5386,2.5386,3.8079,114.4986,115.7679,106.3620,Indicative levels use the signal close only. Final SL/TP1/TP2 and sizing must be recalculated from the actual post-analysis broker fill.,21,2026-10-26,False,2026-07-27,2.5000,2.3300,7.1000,ALCISTA FUERTE,10,769.6400,7.3400,59.8000,15.3100,SIDI_INTRADAY_V2: Fund≥6.5 · DD60≥12% · RSI<40 · MACD↑ · Vol↓ · SPY20≤+1% · Abnormal20≤-10%,SIDI_INTRADAY_V2,True
WAT,Waters Corporation,Health Care,Life Sciences Tools & Services,2002-01-02,425.2100,426.7800,433.3400,423.4400,425.2100,2026-10-02,2026-10-05,59.7700,67.2700,DOWN,-0.1648,0.7093,2.1383,False,0.5682,11.4707,0.9690,2.6980,410.1800,363.5500,424.4500,3.6600,16.9600,True,0.8119,ALCISTA,-4.0700,-5.1300,443.2600,448.2100,448.2100,282.7700,-5.1300,50.3700,0.8840,True,True,418.0000,1,426.2200,True,-1.7000,NONE,6.8000,10.0000,5.0000,7.5000,7,5.0000,5.0000,False,False,False,False,False,True,5.4000,8.0900,1.5000,SIDI_INTRADAY_V2,0.6186,2.4836,0.8254,0.5849,294,XLV,True,109.8253,26.2288,2.8043,9.1713,32.1710,0.0192,0.0356,0.0359,0.5634,1.1340,,36.0450,1.8610,-142067632.0000,166628992.0000,-0.8526,42594004992,1.1490,5.0600,0.0000,98185855,4.6800,7.5000,4.0200,2.1800,-0.0033,FCF/NI:-0.85,1,5.5300,False,True,False,False,False,False,DD12|RSI40|MACD|FUND65|ABNORMAL20,False,10-18d,XLV,,UNH|JNJ|LLY,fda_calendar|drug_pricing_policy|patent_cliffs,POST_ANALYSIS_ACTUAL_FILL,LIVE_QUOTE_AT_ANALYSIS,True,1.0000,1.5000,1.0000,-5.0000,7,1.5000,3,SELL_50_PCT_AT_TP1_REST_AT_TP2,MOVE_REMAINDER_TO_BREAK_EVEN,EXIT_AT_OPEN_IF_OPEN_BELOW_SL,SL_FIRST,10,PENDING_ANALYSIS,11.4707,11.4707,17.2061,436.6807,442.4160,403.9495,Indicative levels use the signal close only. Final SL/TP1/TP2 and sizing must be recalculated from the actual post-analysis broker fill.,29,2026-11-03,False,2026-08-04,3.0500,3.0100,1.4000,ALCISTA FUERTE,10,769.6400,7.3400,59.8000,15.3100,SIDI_INTRADAY_V2: Fund≥6.5 · DD60≥12% · RSI<40 · MACD↑ · Vol↓ · SPY20≤+1% · Abnormal20≤-10%,SIDI_INTRADAY_V2,True
BDX,Becton Dickinson,Health Care,Health Care Equipment,1972-09-30,176.8000,177.4600,178.1300,175.7100,176.8000,2026-10-02,2026-10-05,38.2200,50.2300,DOWN,-0.8825,-0.7356,-0.4032,False,0.1143,3.5543,0.8300,2.0100,179.4200,160.7000,180.9300,-1.4600,10.0200,True,2.0393,NEUTRO,-7.3700,-7.8900,190.8700,191.9400,191.9400,124.4700,-7.8900,42.0400,1.0090,True,True,175.2000,1,186.6300,True,-0.9000,NONE,7.2500,8.5000,6.5000,7.5000,7,8.0000,5.0000,False,False,False,True,False,True,4.0200,6.0300,1.5000,SIDI_INTRADAY_V2,0.6186,-1.8698,-0.0118,1.0023,294,XLV,True,41.5698,13.4337,1.9942,2.1655,10.4980,0.0661,0.0434,0.0419,0.4694,0.0540,-0.3140,68.8400,0.8650,4478374912.0000,1648000000.0000,2.7175,48689143808,0.2790,6.8000,2.3800,272386800,4.3700,1.7500,4.8200,6.8900,0.0920,OK,0,5.5200,False,True,False,False,False,False,DD12|MACD|FUND65|ABNORMAL20,False,7-15d,XLV,,UNH|JNJ|LLY,fda_calendar|drug_pricing_policy|patent_cliffs,POST_ANALYSIS_ACTUAL_FILL,LIVE_QUOTE_AT_ANALYSIS,True,1.0000,1.5000,1.0000,-5.0000,7,1.5000,3,SELL_50_PCT_AT_TP1_REST_AT_TP2,MOVE_REMAINDER_TO_BREAK_EVEN,EXIT_AT_OPEN_IF_OPEN_BELOW_SL,SL_FIRST,10,PENDING_ANALYSIS,3.5543,3.5543,5.3315,180.3543,182.1315,167.9600,Indicative levels use the signal close only. Final SL/TP1/TP2 and sizing must be recalculated from the actual post-analysis broker fill.,31,2026-11-05,False,2026-08-06,3.2300,3.1400,2.9000,ALCISTA FUERTE,10,769.6400,7.3400,59.8000,15.3100,SIDI_INTRADAY_V2: Fund≥6.5 · DD60≥12% · RSI<40 · MACD↑ · Vol↓ · SPY20≤+1% · Abnormal20≤-10%,SIDI_INTRADAY_V2,True
EXE,Expand Energy,Energy,Oil & Gas Exploration & Production,2025-03-24,85.5200,85.4200,86.4000,85.1350,85.5200,2026-10-02,2026-10-05,26.5200,17.9900,UP,-0.4533,-0.6115,-0.8848,True,0.2719,2.2432,0.9190,2.6230,92.8700,97.4500,88.9100,-7.9100,-12.2400,False,-2.5627,BAJISTA,-14.4600,-14.6000,99.9800,100.1400,124.4300,83.2500,-31.2700,2.7300,0.8210,False,False,85.8500,1,93.1200,True,0.3900,HAMMER|HAMMER|DOJI,6.6200,5.0000,9.5000,5.0000,7,6.5000,7.0000,False,False,True,True,True,False,5.2500,7.8700,1.5000,SIDI_INTRADAY_V2,0.6186,-10.0388,0.1761,0.6784,294,XLE,True,7.4586,10.1236,1.0446,1.6352,3.4020,0.1489,0.0849,0.2197,0.4707,-0.1060,-0.4550,19.2070,0.9590,1466249984.0000,2780999936.0000,0.5272,20698079232,0.3950,3.7700,2.6900,239228849,4.7800,0.0000,5.7400,9.2400,0.0708,FCF/NI:0.53|RevG:-10.6%,2,5.5200,False,True,True,False,False,False,VOLUME|FUND65,False,5-10d,XLE,,XOM|CVX|COP,oil_price|gas_price|opec_supply|inventories,POST_ANALYSIS_ACTUAL_FILL,LIVE_QUOTE_AT_ANALYSIS,True,1.0000,1.5000,1.0000,-5.0000,7,1.5000,3,SELL_50_PCT_AT_TP1_REST_AT_TP2,MOVE_REMAINDER_TO_BREAK_EVEN,EXIT_AT_OPEN_IF_OPEN_BELOW_SL,SL_FIRST,10,PENDING_ANALYSIS,2.2432,2.2432,3.3648,87.7632,88.8848,81.2440,Indicative levels use the signal close only. Final SL/TP1/TP2 and sizing must be recalculated from the actual post-analysis broker fill.,22,2026-10-27,False,2026-07-28,1.3300,1.1200,19.1000,ALCISTA FUERTE,10,769.6400,7.3400,59.8000,15.3100,SIDI_INTRADAY_V2: Fund≥6.5 · DD60≥12% · RSI<40 · MACD↑ · Vol↓ · SPY20≤+1% · Abnormal20≤-10%,SIDI_INTRADAY_V2,True
IEX,IDEX Corporation,Industrials,Industrial Machinery & Supplies & Components,2019-08-09,232.9900,231.1700,233.9800,230.0200,232.9900,2026-10-02,2026-10-05,72.8800,62.0600,UP,1.0216,0.8419,1.0826,True,1.0065,4.4142,0.8730,1.8950,229.1000,209.3400,227.4300,1.7000,11.3000,True,2.6832,ALCISTA,-2.8200,-4.1300,239.7600,243.0300,243.0300,157.1100,-4.1300,48.3000,1.0530,False,False,216.9300,5,229.8300,False,-6.8900,NONE,6.5500,10.0000,7.0000,5.0000,6,5.0000,5.0000,False,False,False,False,True,False,3.7900,5.6800,1.5000,SIDI_INTRADAY_V2,0.6186,4.0670,-0.0111,0.7051,294,XLI,True,33.8302,24.4259,4.3411,4.8345,19.0540,0.1295,0.0684,0.1449,0.4473,0.0640,0.1090,47.0600,3.0490,555612480.0000,519500000.0000,1.0695,17333020672,0.9600,3.9000,1.2500,73719896,4.8400,3.4900,5.9800,5.0700,0.0321,OK,0,5.5200,False,True,False,False,False,False,DD12|RSI40|VOLUME|FUND65|ABNORMAL20,False,10-18d,XLI,,CAT|UNP|HON,pmi_manufacturing|supply_chain|capex_cycle,POST_ANALYSIS_ACTUAL_FILL,LIVE_QUOTE_AT_ANALYSIS,True,1.0000,1.5000,1.0000,-5.0000,7,1.5000,3,SELL_50_PCT_AT_TP1_REST_AT_TP2,MOVE_REMAINDER_TO_BREAK_EVEN,EXIT_AT_OPEN_IF_OPEN_BELOW_SL,SL_FIRST,10,PENDING_ANALYSIS,4.4142,4.4142,6.6213,237.4042,239.6113,221.3405,Indicative levels use the signal close only. Final SL/TP1/TP2 and sizing must be recalculated from the actual post-analysis broker fill.,23,2026-10-28,False,2026-07-29,2.3200,2.1100,9.9000,ALCISTA FUERTE,10,769.6400,7.3400,59.8000,15.3100,SIDI_INTRADAY_V2: Fund≥6.5 · DD60≥12% · RSI<40 · MACD↑ · Vol↓ · SPY20≤+1% · Abnormal20≤-10%,SIDI_INTRADAY_V2,True
LUV,Southwest Airlines,Industrials,Passenger Airlines,1994-07-01,42.4700,42.8000,42.8300,41.8100,42.4700,2026-10-02,2026-10-05,68.7900,69.6700,DOWN,0.3404,0.3540,0.4969,False,0.8120,1.3100,0.9300,3.0850,42.1000,43.1600,41.3100,0.8700,-1.6000,False,1.2891,BAJISTA,-13.6800,-14.8800,49.2000,49.9000,54.3800,28.7500,-21.9000,47.7400,0.9990,True,True,40.4500,1,42.0100,False,-4.7500,NONE,5.9000,7.0000,5.0000,7.5000,5,5.0000,5.0000,False,False,True,False,False,True,6.1700,9.2500,1.5000,SIDI_INTRADAY_V2,0.6186,14.3381,1.1925,0.6273,294,XLI,True,26.4375,9.1900,2.9221,0.6881,10.2120,0.1110,0.0232,0.0278,0.2240,0.1640,0.2050,97.2750,0.4890,-834750016.0000,837000000.0000,-0.9973,20693506048,1.1550,4.7600,1.7000,489208201,5.2700,8.8400,3.2400,3.4800,-0.0403,FCF/NI:-1.00|D/E:97,2,5.5200,False,True,False,False,False,False,RSI40|MACD|FUND65|ABNORMAL20,False,3-7d,XLI,,CAT|UNP|HON,pmi_manufacturing|supply_chain|capex_cycle,POST_ANALYSIS_ACTUAL_FILL,LIVE_QUOTE_AT_ANALYSIS,True,1.0000,1.5000,1.0000,-5.0000,7,1.5000,3,SELL_50_PCT_AT_TP1_REST_AT_TP2,MOVE_REMAINDER_TO_BREAK_EVEN,EXIT_AT_OPEN_IF_OPEN_BELOW_SL,SL_FIRST,10,PENDING_ANALYSIS,1.3100,1.3100,1.9650,43.7800,44.4350,40.3465,Indicative levels use the signal close only. Final SL/TP1/TP2 and sizing must be recalculated from the actual post-analysis broker fill.,16,2026-10-21,False,2026-07-22,0.9400,0.5200,80.2000,ALCISTA FUERTE,10,769.6400,7.3400,59.8000,15.3100,SIDI_INTRADAY_V2: Fund≥6.5 · DD60≥12% · RSI<40 · MACD↑ · Vol↓ · SPY20≤+1% · Abnormal20≤-10%,SIDI_INTRADAY_V2,True
WTW,Willis Towers Watson,Financials,Insurance Brokers,2016-01-05,288.6100,289.6700,292.1200,286.7400,288.6100,2026-10-02,2026-10-05,10.1800,16.8400,DOWN,-1.7919,-2.1926,-3.1891,True,0.1948,6.5894,0.8230,2.2830,322.4900,296.7000,303.6400,-10.5100,-2.7300,True,-0.3464,BAJISTA,-17.4400,-17.6200,349.5800,350.3400,350.3400,238.9400,-17.6200,20.7900,0.8320,False,False,281.8700,1,301.0000,True,-2.3400,HAMMER,6.8800,6.5000,8.5000,5.0000,8,6.5000,7.0000,False,False,True,True,True,False,4.5700,6.8500,1.5000,SIDI_INTRADAY_V2,0.6186,-6.2528,-0.8593,1.3452,294,XLF,True,17.7265,12.5345,3.4654,2.6335,11.4790,0.1976,0.0508,0.1549,0.4252,0.0910,-0.2680,91.3900,1.0980,1415624960.0000,1564999936.0000,0.9046,26604093440,0.4690,5.6600,1.3300,92871937,4.6200,1.8500,5.7900,6.4600,0.0532,OK,0,5.5200,False,True,False,False,False,False,VOLUME|FUND65|ABNORMAL20,False,5-10d,XLF,,JPM|BAC|WFC,interest_rates|yield_curve|credit_spreads|loan_growth,POST_ANALYSIS_ACTUAL_FILL,LIVE_QUOTE_AT_ANALYSIS,True,1.0000,1.5000,1.0000,-5.0000,7,1.5000,3,SELL_50_PCT_AT_TP1_REST_AT_TP2,MOVE_REMAINDER_TO_BREAK_EVEN,EXIT_AT_OPEN_IF_OPEN_BELOW_SL,SL_FIRST,10,PENDING_ANALYSIS,6.5894,6.5894,9.8841,295.1994,298.4941,274.1795,Indicative levels use the signal close only. Final SL/TP1/TP2 and sizing must be recalculated from the actual post-analysis broker fill.,24,2026-10-29,False,2026-07-30,3.3500,3.1100,7.8000,ALCISTA FUERTE,10,769.6400,7.3400,59.8000,15.3100,SIDI_INTRADAY_V2: Fund≥6.5 · DD60≥12% · RSI<40 · MACD↑ · Vol↓ · SPY20≤+1% · Abnormal20≤-10%,SIDI_INTRADAY_V2,True
CCL,Carnival Corporation,Consumer Discretionary,"Hotels, Resorts & Cruise Lines",1998-12-22,25.7600,25.5900,25.9000,25.2200,25.7600,2026-10-02,2026-10-05,71.2800,34.8600,UP,0.5584,0.4855,0.3228,True,1.0815,0.9607,1.0870,3.7290,25.2400,27.2400,23.6500,2.0600,-5.4500,False,-1.0022,BAJISTA,-12.7200,-14.3100,29.5200,30.0600,33.4900,21.4500,-23.0900,20.0900,1.0260,False,False,25.5200,1,27.7300,True,-0.9500,HAMMER,6.3500,6.5000,7.0000,5.0000,8,5.0000,7.0000,False,False,True,False,True,False,7.4600,11.1900,1.5000,SIDI_INTRADAY_V2,0.6186,20.2504,0.8173,1.2935,294,XLY,True,10.9442,9.9574,2.4300,1.2426,8.0360,0.2400,0.0539,0.1137,0.5538,0.0350,0.0500,177.1100,0.2740,1807624960.0000,3136999936.0000,0.5762,34287558656,2.3810,2.5100,1.7500,1344610129,4.9500,3.2400,3.9300,8.1300,0.0527,FCF/NI:0.58|D/E:177,2,5.5100,False,True,False,False,False,False,RSI40|VOLUME|FUND65|ABNORMAL20,False,3-7d,XLY,,AMZN|TSLA|HD,consumer_spending|employment_data|interest_rates,POST_ANALYSIS_ACTUAL_FILL,LIVE_QUOTE_AT_ANALYSIS,True,1.0000,1.5000,1.0000,-5.0000,7,1.5000,3,SELL_50_PCT_AT_TP1_REST_AT_TP2,MOVE_REMAINDER_TO_BREAK_EVEN,EXIT_AT_OPEN_IF_OPEN_BELOW_SL,SL_FIRST,10,PENDING_ANALYSIS,0.9607,0.9607,1.4410,26.7207,27.2011,24.4720,Indicative levels use the signal close only. Final SL/TP1/TP2 and sizing must be recalculated from the actual post-analysis broker fill.,74,2026-12-18,False,2026-09-29,1.4300,1.3500,5.9000,ALCISTA FUERTE,10,769.6400,7.3400,59.8000,15.3100,SIDI_INTRADAY_V2: Fund≥6.5 · DD60≥12% · RSI<40 · MACD↑ · Vol↓ · SPY20≤+1% · Abnormal20≤-10%,SIDI_INTRADAY_V2,True
IBM,IBM,Information Technology,IT Consulting & Other Services,1957-03-04,222.6400,225.5100,225.9200,221.6300,222.6400,2026-10-02,2026-10-05,21.1700,42.5900,DOWN,-1.3137,-1.5196,-1.9838,True,0.2260,6.7507,0.7490,3.0320,231.5100,252.7500,229.1800,-3.8300,-11.9100,False,-2.5179,BAJISTA,-22.7400,-24.9500,288.1600,296.6400,330.0900,197.7700,-32.5500,12.5700,1.3060,True,True,218.5400,1,232.5600,True,-1.8400,NONE,7.0200,5.0000,8.5000,7.5000,7,8.5000,5.0000,True,True,True,True,True,True,6.0600,9.1000,1.5000,SIDI_INTRADAY_V2,0.6186,-2.5370,0.9536,-0.2042,294,XLK,True,19.7476,16.8972,6.0753,3.0292,16.2070,0.3446,0.0530,0.1552,0.5810,0.0110,-0.0180,188.9700,0.7910,12049750016.0000,10705000448.0000,1.1256,209304584192,0.7240,4.5800,3.0400,942134390,4.5000,0.0000,5.8300,8.2000,0.0576,D/E:189,1,5.5100,False,True,False,True,False,False,FUND65|ABNORMAL20,False,5-10d,XLK,,AAPL|MSFT|NVDA,interest_rates|ai_capex_cycle|semiconductor_cycle,POST_ANALYSIS_ACTUAL_FILL,LIVE_QUOTE_AT_ANALYSIS,True,1.0000,1.5000,1.0000,-5.0000,7,1.5000,3,SELL_50_PCT_AT_TP1_REST_AT_TP2,MOVE_REMAINDER_TO_BREAK_EVEN,EXIT_AT_OPEN_IF_OPEN_BELOW_SL,SL_FIRST,10,PENDING_ANALYSIS,6.7507,6.7507,10.1260,229.3907,232.7660,211.5080,Indicative levels use the signal close only. Final SL/TP1/TP2 and sizing must be recalculated from the actual post-analysis broker fill.,16,2026-10-21,False,2026-07-22,2.9300,2.9300,-10.0000,ALCISTA FUERTE,10,769.6400,7.3400,59.8000,15.3100,SIDI_INTRADAY_V2: Fund≥6.5 · DD60≥12% · RSI<40 · MACD↑ · Vol↓ · SPY20≤+1% · Abnormal20≤-10%,SIDI_INTRADAY_V2,True
HAL,Halliburton,Energy,Oil & Gas Equipment & Services,1957-03-04,31.8500,31.6700,32.2400,31.5000,31.8500,2026-10-02,2026-10-05,21.1700,17.4000,UP,-0.2919,-0.3421,-0.4177,True,0.2138,0.7914,0.7690,2.4850,33.8900,35.1600,33.3600,-6.0200,-9.4000,False,2.1129,BAJISTA,-15.3600,-16.3200,37.6300,38.0600,43.2000,21.0300,-26.2800,51.4200,0.7690,True,True,30.8400,1,35.9700,True,-3.1800,NONE,7.3300,5.5000,9.5000,7.5000,7,8.5000,5.0000,True,True,True,True,True,True,4.9700,7.4500,1.5000,SIDI_INTRADAY_V2,0.6186,-11.1235,0.5421,1.1610,294,XLE,True,17.3711,11.3782,2.5002,1.2324,7.9070,0.1492,0.0726,0.0716,0.1508,0.0370,0.1610,74.1860,2.0180,2052249984.0000,1602000000.0000,1.2811,27572303872,0.8390,3.2300,2.1400,835397735,4.2800,0.6000,5.6500,6.9900,0.0744,OK,0,5.5000,False,True,True,True,False,False,FUND65,False,5-10d,XLE,,XOM|CVX|COP,oil_price|gas_price|opec_supply|inventories,POST_ANALYSIS_ACTUAL_FILL,LIVE_QUOTE_AT_ANALYSIS,True,1.0000,1.5000,1.0000,-5.0000,7,1.5000,3,SELL_50_PCT_AT_TP1_REST_AT_TP2,MOVE_REMAINDER_TO_BREAK_EVEN,EXIT_AT_OPEN_IF_OPEN_BELOW_SL,SL_FIRST,10,PENDING_ANALYSIS,0.7914,0.7914,1.1871,32.6414,33.0371,30.2575,Indicative levels use the signal close only. Final SL/TP1/TP2 and sizing must be recalculated from the actual post-analysis broker fill.,15,2026-10-20,False,2026-07-21,0.5500,0.5400,2.3000,ALCISTA FUERTE,10,769.6400,7.3400,59.8000,15.3100,SIDI_INTRADAY_V2: Fund≥6.5 · DD60≥12% · RSI<40 · MACD↑ · Vol↓ · SPY20≤+1% · Abnormal20≤-10%,SIDI_INTRADAY_V2,True
VZ,Verizon,Communication Services,Integrated Telecommunication Services,1983-11-30,45.9200,46.0500,46.3900,45.7900,45.9200,2026-10-02,2026-10-05,14.9000,32.5300,DOWN,-0.3664,-0.4153,-0.4775,True,0.2020,0.9886,0.8900,2.1530,48.3200,45.5600,47.5700,-4.9600,0.7900,True,2.1027,NEUTRO,-10.7500,-11.1300,51.4500,51.6700,51.6700,36.5500,-11.1300,25.6300,0.9220,True,True,45.0700,2,48.2600,True,-1.8600,NONE,7.4200,8.5000,8.5000,7.5000,7,6.5000,5.0000,False,True,False,True,True,True,4.3100,6.4600,1.5000,SIDI_INTRADAY_V2,0.6186,-10.7349,-0.7352,0.6096,294,XLC,True,11.9049,8.6468,1.8277,1.3675,7.5160,0.1584,0.0505,0.1164,0.5945,-0.0070,-0.2200,184.0810,0.6040,17466624000.0000,16172000256.0000,1.0801,189935550464,0.2480,4.7700,6.1600,4154775202,4.2200,0.0000,5.3200,7.8400,0.0920,D/E:184,1,5.5000,False,True,True,False,False,False,DD12|FUND65,False,5-10d,XLC,,GOOGL|META|NFLX,ad_spending_cycle|streaming_competition|regulation,POST_ANALYSIS_ACTUAL_FILL,LIVE_QUOTE_AT_ANALYSIS,True,1.0000,1.5000,1.0000,-5.0000,7,1.5000,3,SELL_50_PCT_AT_TP1_REST_AT_TP2,MOVE_REMAINDER_TO_BREAK_EVEN,EXIT_AT_OPEN_IF_OPEN_BELOW_SL,SL_FIRST,10,PENDING_ANALYSIS,0.9886,0.9886,1.4829,46.9086,47.4029,43.6240,Indicative levels use the signal close only. Final SL/TP1/TP2 and sizing must be recalculated from the actual post-analysis broker fill.,21,2026-10-26,False,2026-07-24,1.3000,1.2700,2.7000,ALCISTA FUERTE,10,769.6400,7.3400,59.8000,15.3100,SIDI_INTRADAY_V2: Fund≥6.5 · DD60≥12% · RSI<40 · MACD↑ · Vol↓ · SPY20≤+1% · Abnormal20≤-10%,SIDI_INTRADAY_V2,True
META,Meta Platforms,Communication Services,Interactive Media & Services,2013-12-23,728.0800,733.2500,741.5800,726.2000,728.0800,2026-10-02,2026-10-05,62.2800,76.5600,DOWN,-0.7433,0.7956,5.5511,False,0.6680,28.9078,1.2160,3.9700,624.6600,627.3900,696.8800,16.5600,16.0500,False,1.0229,ALCISTA,-6.3700,-6.6300,777.5900,779.8200,779.8200,519.3700,-6.6300,40.1900,0.5470,True,True,592.6900,2,779.8200,False,-18.6000,NONE,6.0500,8.5000,5.0000,7.5000,4,5.0000,5.0000,False,False,False,False,False,True,7.9400,11.9100,1.5000,SIDI_INTRADAY_V2,0.6186,23.0210,0.5078,1.4553,294,XLC,True,27.9885,21.2805,7.2456,8.2907,17.1160,0.2985,0.1459,0.2983,0.8175,0.2800,-0.1340,42.9970,2.2260,21553625088.0000,68097998848.0000,0.3165,1892325785600,1.1850,1.6800,0.2900,2205128509,5.1100,5.0000,7.2000,2.8000,0.0114,FCF/NI:0.32,1,5.4900,False,True,False,False,False,False,DD12|RSI40|MACD|FUND65|ABNORMAL20,False,10-18d,XLC,,GOOGL|NFLX|DIS,ad_spending_cycle|streaming_competition|regulation,POST_ANALYSIS_ACTUAL_FILL,LIVE_QUOTE_AT_ANALYSIS,True,1.0000,1.5000,1.0000,-5.0000,7,1.5000,3,SELL_50_PCT_AT_TP1_REST_AT_TP2,MOVE_REMAINDER_TO_BREAK_EVEN,EXIT_AT_OPEN_IF_OPEN_BELOW_SL,SL_FIRST,10,PENDING_ANALYSIS,28.9078,28.9078,43.3617,756.9878,771.4417,691.6760,Indicative levels use the signal close only. Final SL/TP1/TP2 and sizing must be recalculated from the actual post-analysis broker fill.,23,2026-10-28,False,2026-07-29,6.1800,7.2200,-14.4000,ALCISTA FUERTE,10,769.6400,7.3400,59.8000,15.3100,SIDI_INTRADAY_V2: Fund≥6.5 · DD60≥12% · RSI<40 · MACD↑ · Vol↓ · SPY20≤+1% · Abnormal20≤-10%,SIDI_INTRADAY_V2,True
FE,FirstEnergy,Utilities,Electric Utilities,1997-11-28,43.3400,43.6100,43.9500,43.3300,43.3400,2026-10-02,2026-10-05,24.4400,12.0300,UP,-0.1005,-0.1362,-0.2069,True,0.2206,0.6593,0.8060,1.5210,46.2600,46.7400,44.5100,-6.3100,-7.2800,False,0.0665,BAJISTA,-12.3200,-13.2400,49.4300,49.9500,51.3000,42.6000,-15.5100,1.7400,1.3110,False,False,43.3000,1,49.9500,True,-0.0900,NONE,6.6700,5.5000,9.5000,5.0000,8,6.5000,5.0000,False,False,True,True,True,False,3.0400,4.5600,1.5000,SIDI_INTRADAY_V2,0.6186,-2.9955,-0.1388,0.7937,294,XLU,True,23.4412,14.8623,1.9609,1.6216,10.2340,0.0949,0.0368,0.0694,0.6861,0.0880,0.0830,200.9080,0.5410,-2014625024.0000,1084999936.0000,-1.8568,25355530240,0.4180,7.4000,4.2900,578431175,4.6800,6.8500,4.1000,2.8200,-0.0795,FCF/NI:-1.86|D/E:201,2,5.4800,False,True,False,False,False,False,VOLUME|FUND65|ABNORMAL20,False,5-10d,XLU,,NEE|DUK|SO,interest_rates|regulatory_environment,POST_ANALYSIS_ACTUAL_FILL,LIVE_QUOTE_AT_ANALYSIS,True,1.0000,1.5000,1.0000,-5.0000,7,1.5000,3,SELL_50_PCT_AT_TP1_REST_AT_TP2,MOVE_REMAINDER_TO_BREAK_EVEN,EXIT_AT_OPEN_IF_OPEN_BELOW_SL,SL_FIRST,10,PENDING_ANALYSIS,0.6593,0.6593,0.9889,43.9993,44.3290,41.1730,Indicative levels use the signal close only. Final SL/TP1/TP2 and sizing must be recalculated from the actual post-analysis broker fill.,22,2026-10-27,False,2026-07-28,0.5000,0.5000,-48.0000,ALCISTA FUERTE,10,769.6400,7.3400,59.8000,15.3100,SIDI_INTRADAY_V2: Fund≥6.5 · DD60≥12% · RSI<40 · MACD↑ · Vol↓ · SPY20≤+1% · Abnormal20≤-10%,SIDI_INTRADAY_V2,True
IR,Ingersoll Rand,Industrials,Industrial Machinery & Supplies & Components,2020-03-03,76.0700,76.3300,76.9700,75.3700,76.0700,2026-10-02,2026-10-05,65.6600,49.0100,UP,0.5851,0.5927,0.7432,False,0.7642,1.9671,0.8340,2.5860,79.2000,81.5300,75.3700,-3.9500,-6.7000,False,-0.5500,BAJISTA,-15.4600,-17.1000,89.9800,91.7600,100.8900,68.0500,-24.6000,11.7800,0.8330,False,False,75.3800,1,83.1800,True,-0.9000,HAMMER|HAMMER,5.8500,5.0000,6.0000,5.0000,8,5.0000,7.0000,False,False,True,False,False,False,5.1700,7.7600,1.5000,SIDI_INTRADAY_V2,0.6186,6.7177,-0.1294,1.4268,294,XLI,True,32.2099,19.9697,2.9839,3.8237,16.5310,0.0947,0.0510,0.1208,0.4282,0.0850,,47.9030,1.6160,1107425024.0000,959100032.0000,1.1547,30368712704,1.1520,3.8500,0.1100,387999429,5.2300,4.7100,5.3000,5.7600,0.0365,OK,0,5.4800,False,True,False,False,False,False,RSI40|MACD|VOLUME|FUND65|ABNORMAL20,False,3-7d,XLI,,CAT|UNP|HON,pmi_manufacturing|supply_chain|capex_cycle,POST_ANALYSIS_ACTUAL_FILL,LIVE_QUOTE_AT_ANALYSIS,True,1.0000,1.5000,1.0000,-5.0000,7,1.5000,3,SELL_50_PCT_AT_TP1_REST_AT_TP2,MOVE_REMAINDER_TO_BREAK_EVEN,EXIT_AT_OPEN_IF_OPEN_BELOW_SL,SL_FIRST,10,PENDING_ANALYSIS,1.9671,1.9671,2.9506,78.0371,79.0206,72.2665,Indicative levels use the signal close only. Final SL/TP1/TP2 and sizing must be recalculated from the actual post-analysis broker fill.,24,2026-10-29,False,2026-07-30,0.8600,0.8300,4.1000,ALCISTA FUERTE,10,769.6400,7.3400,59.8000,15.3100,SIDI_INTRADAY_V2: Fund≥6.5 · DD60≥12% · RSI<40 · MACD↑ · Vol↓ · SPY20≤+1% · Abnormal20≤-10%,SIDI_INTRADAY_V2,True
ORCL,Oracle Corporation,Information Technology,Application Software,1989-08-31,142.3000,142.0900,144.8600,140.2600,142.3000,2026-10-02,2026-10-05,47.3200,29.4800,UP,-0.8714,-1.3861,-1.8165,True,0.3908,6.3364,0.8990,4.4530,143.5900,162.2100,143.0600,-0.9000,-12.2700,False,-3.5688,BAJISTA,-12.4400,-16.6400,162.5200,170.7000,319.4600,114.5000,-55.4600,24.2800,0.9740,False,False,138.7200,3,148.5500,True,-2.5200,HAMMER|HAMMER|DOJI,6.2000,5.0000,7.0000,5.0000,9,5.0000,7.0000,False,False,True,False,True,False,8.9100,13.3600,1.5000,SIDI_INTRADAY_V2,0.6186,-7.8845,0.7801,0.8445,294,XLK,True,22.4429,13.0202,10.9805,6.0475,16.4880,0.4119,0.0636,0.2636,0.6396,0.2960,0.5450,251.7160,1.1710,-45853626368.0000,18736001024.0000,-2.4474,434068520960,1.7700,1.8200,1.4100,3031501149,5.0000,6.0600,5.1000,3.6400,-0.1056,FCF/NI:-2.45|D/E:252,2,5.4800,False,True,False,False,False,False,RSI40|VOLUME|FUND65|ABNORMAL20,False,3-7d,XLK,,AAPL|MSFT|NVDA,interest_rates|ai_capex_cycle|semiconductor_cycle,POST_ANALYSIS_ACTUAL_FILL,LIVE_QUOTE_AT_ANALYSIS,True,1.0000,1.5000,1.0000,-5.0000,7,1.5000,3,SELL_50_PCT_AT_TP1_REST_AT_TP2,MOVE_REMAINDER_TO_BREAK_EVEN,EXIT_AT_OPEN_IF_OPEN_BELOW_SL,SL_FIRST,10,PENDING_ANALYSIS,6.3364,6.3364,9.5046,148.6364,151.8046,135.1850,Indicative levels use the signal close only. Final SL/TP1/TP2 and sizing must be recalculated from the actual post-analysis broker fill.,66,2026-12-10,False,2026-09-10,1.9200,1.7400,10.4000,ALCISTA FUERTE,10,769.6400,7.3400,59.8000,15.3100,SIDI_INTRADAY_V2: Fund≥6.5 · DD60≥12% · RSI<40 · MACD↑ · Vol↓ · SPY20≤+1% · Abnormal20≤-10%,SIDI_INTRADAY_V2,True
SW,Smurfit Westrock,Materials,Paper & Plastic Packaging Products & Materials,2024-07-08,42.5400,43.6400,43.8200,42.5100,42.5400,2026-10-02,2026-10-05,43.8800,52.5900,DOWN,-0.1820,-0.0838,0.1193,False,0.1543,1.3682,0.8250,3.2160,46.5600,42.6300,44.8600,-8.6300,-0.2100,True,2.4238,BAJISTA,-15.5000,-17.4300,50.3400,51.5200,51.5200,31.7900,-17.4300,33.8300,0.7590,True,True,41.8600,3,42.8300,True,-1.6000,NONE,6.8800,7.0000,5.0000,7.5000,10,6.5000,5.0000,False,False,True,False,False,True,6.4300,9.6500,1.5000,SIDI_INTRADAY_V2,0.6186,6.0820,0.4531,1.6724,294,XLB,True,44.5177,12.3272,1.2283,0.7081,7.8220,0.0272,0.0262,0.0159,0.1816,0.0110,,78.4270,1.4470,1215000064.0000,497000000.0000,2.4447,22183018496,0.9140,5.6500,4.2500,524522908,4.5500,2.5000,4.4900,7.0100,0.0548,OK,0,5.4800,False,True,False,False,False,False,RSI40|MACD|FUND65|ABNORMAL20,False,3-7d,XLB,,LIN|APD|ECL,commodity_prices|dxy|china_demand|energy_costs,POST_ANALYSIS_ACTUAL_FILL,LIVE_QUOTE_AT_ANALYSIS,True,1.0000,1.5000,1.0000,-5.0000,7,1.5000,3,SELL_50_PCT_AT_TP1_REST_AT_TP2,MOVE_REMAINDER_TO_BREAK_EVEN,EXIT_AT_OPEN_IF_OPEN_BELOW_SL,SL_FIRST,10,PENDING_ANALYSIS,1.3682,1.3682,2.0523,43.9082,44.5923,40.4130,Indicative levels use the signal close only. Final SL/TP1/TP2 and sizing must be recalculated from the actual post-analysis broker fill.,23,2026-10-28,False,2026-07-29,0.3500,0.4200,-16.9000,ALCISTA FUERTE,10,769.6400,7.3400,59.8000,15.3100,SIDI_INTRADAY_V2: Fund≥6.5 · DD60≥12% · RSI<40 · MACD↑ · Vol↓ · SPY20≤+1% · Abnormal20≤-10%,SIDI_INTRADAY_V2,True
COHR,Coherent Corp.,Information Technology,Electronic Components,2026-03-23,337.0400,316.5700,338.3600,315.4300,337.0400,2026-10-02,2026-10-05,71.0000,54.0100,UP,3.7066,1.5359,0.1957,True,1.0622,19.4850,0.7390,5.7810,297.0300,289.0200,300.4600,13.4700,16.6100,True,4.8243,ALCISTA,-11.1000,-13.8800,379.1300,391.3700,440.0000,108.1900,-23.4000,211.5300,1.2480,False,False,343.5100,1,335.0100,True,1.9200,NONE,7.0000,10.0000,7.0000,5.0000,7,7.0000,5.0000,False,False,False,False,True,False,11.5600,17.3400,1.5000,SIDI_INTRADAY_V2,0.6186,12.9162,-1.4782,2.6882,294,XLK,True,80.9393,23.7420,5.9869,9.1743,47.7030,0.0798,0.0339,0.1131,0.3750,0.3370,,31.6120,2.4270,-649981632.0000,769896000.0000,-0.8442,65304178688,2.1130,1.6600,0.0000,195832246,4.4500,6.3200,4.2300,2.5300,-0.0100,FCF/NI:-0.84,1,5.4700,False,True,False,False,False,False,DD12|RSI40|VOLUME|FUND65|ABNORMAL20,False,10-18d,XLK,,AAPL|MSFT|NVDA,interest_rates|ai_capex_cycle|semiconductor_cycle,POST_ANALYSIS_ACTUAL_FILL,LIVE_QUOTE_AT_ANALYSIS,True,1.0000,1.5000,1.0000,-5.0000,7,1.5000,3,SELL_50_PCT_AT_TP1_REST_AT_TP2,MOVE_REMAINDER_TO_BREAK_EVEN,EXIT_AT_OPEN_IF_OPEN_BELOW_SL,SL_FIRST,10,PENDING_ANALYSIS,19.4850,19.4850,29.2275,356.5250,366.2675,320.1880,Indicative levels use the signal close only. Final SL/TP1/TP2 and sizing must be recalculated from the actual post-analysis broker fill.,30,2026-11-04,False,2026-08-12,1.7400,1.6200,7.6000,ALCISTA FUERTE,10,769.6400,7.3400,59.8000,15.3100,SIDI_INTRADAY_V2: Fund≥6.5 · DD60≥12% · RSI<40 · MACD↑ · Vol↓ · SPY20≤+1% · Abnormal20≤-10%,SIDI_INTRADAY_V2,True
CPRT,Copart,Industrials,Diversified Support Services,2018-07-02,27.2200,27.2900,27.4700,27.0800,27.2200,2026-10-02,2026-10-05,4.4400,18.8200,DOWN,-0.2735,-0.3323,-0.4472,True,0.2182,0.6543,0.6160,2.4040,30.4900,33.5000,29.0000,-10.7300,-18.7400,False,-2.8719,BAJISTA,-20.7100,-21.4000,34.3300,34.6300,45.8900,26.7400,-40.6800,1.8000,0.8030,True,True,26.8100,1,30.9300,True,-1.5100,HAMMER|HAMMER,7.2200,5.0000,8.5000,7.5000,7,8.5000,7.0000,True,True,True,True,True,True,4.8100,7.2100,1.5000,SIDI_INTRADAY_V2,0.6186,-20.9342,-0.0065,-0.0743,294,XLI,True,17.8452,15.8001,2.8164,5.4910,11.1610,0.1616,0.1027,0.3181,0.4529,0.0240,-0.1500,0.9700,7.9120,885121728.0000,1484269952.0000,0.5963,25622298624,1.0580,3.2600,0.0000,926330452,4.3000,0.2700,6.4700,6.4700,0.0345,FCF/NI:0.60,1,5.4700,False,True,True,True,False,False,FUND65,False,5-10d,XLI,,CAT|UNP|HON,pmi_manufacturing|supply_chain|capex_cycle,POST_ANALYSIS_ACTUAL_FILL,LIVE_QUOTE_AT_ANALYSIS,True,1.0000,1.5000,1.0000,-5.0000,7,1.5000,3,SELL_50_PCT_AT_TP1_REST_AT_TP2,MOVE_REMAINDER_TO_BREAK_EVEN,EXIT_AT_OPEN_IF_OPEN_BELOW_SL,SL_FIRST,10,PENDING_ANALYSIS,0.6543,0.6543,0.9814,27.8743,28.2014,25.8590,Indicative levels use the signal close only. Final SL/TP1/TP2 and sizing must be recalculated from the actual post-analysis broker fill.,45,2026-11-19,False,2026-09-10,0.3500,0.3800,-8.5000,ALCISTA FUERTE,10,769.6400,7.3400,59.8000,15.3100,SIDI_INTRADAY_V2: Fund≥6.5 · DD60≥12% · RSI<40 · MACD↑ · Vol↓ · SPY20≤+1% · Abnormal20≤-10%,SIDI_INTRADAY_V2,True
ERIE,Erie Indemnity,Financials,Insurance Brokers,2024-09-23,221.0900,224.0800,225.0000,218.5900,221.0900,2026-10-02,2026-10-05,15.5100,27.2000,DOWN,-1.6548,-2.0670,-2.7715,True,0.2120,6.6457,0.6980,3.0060,245.4200,247.3300,232.8900,-9.9200,-10.6100,False,-1.9786,BAJISTA,-17.7000,-18.5600,268.6400,271.4700,325.0700,203.4700,-31.9900,8.6600,0.7500,True,True,216.7500,1,227.8300,True,-1.9600,NONE,7.0200,5.0000,8.5000,7.5000,7,8.5000,5.0000,True,True,True,True,True,True,6.0100,9.0200,1.5000,SIDI_INTRADAY_V2,0.6186,-3.7568,-1.2179,1.4045,294,XLF,True,19.9012,15.6681,4.6525,2.7863,13.5560,0.2481,0.1415,0.1401,0.1790,0.0280,0.0320,2.5600,1.2460,481207744.0000,577001024.0000,0.8340,11478149120,0.3310,8.1800,2.6500,46189068,4.4400,0.2200,7.8600,5.3800,0.0419,OK,0,5.4700,False,True,False,True,False,False,FUND65|ABNORMAL20,False,5-10d,XLF,,JPM|BAC|WFC,interest_rates|yield_curve|credit_spreads|loan_growth,POST_ANALYSIS_ACTUAL_FILL,LIVE_QUOTE_AT_ANALYSIS,True,1.0000,1.5000,1.0000,-5.0000,7,1.5000,3,SELL_50_PCT_AT_TP1_REST_AT_TP2,MOVE_REMAINDER_TO_BREAK_EVEN,EXIT_AT_OPEN_IF_OPEN_BELOW_SL,SL_FIRST,10,PENDING_ANALYSIS,6.6457,6.6457,9.9686,227.7357,231.0585,210.0355,Indicative levels use the signal close only. Final SL/TP1/TP2 and sizing must be recalculated from the actual post-analysis broker fill.,24,2026-10-29,False,2026-07-30,3.4500,3.3500,2.9000,ALCISTA FUERTE,10,769.6400,7.3400,59.8000,15.3100,SIDI_INTRADAY_V2: Fund≥6.5 · DD60≥12% · RSI<40 · MACD↑ · Vol↓ · SPY20≤+1% · Abnormal20≤-10%,SIDI_INTRADAY_V2,True
EG,Everest Group,Financials,Reinsurance,2017-06-19,368.2700,368.3600,369.9700,365.6300,368.2700,2026-10-02,2026-10-05,30.5500,40.1200,DOWN,-0.8965,-1.0101,-0.9243,True,0.2828,6.5793,0.8470,1.7870,372.7200,344.7800,371.2300,-1.1900,6.8100,True,1.8589,NEUTRO,-7.1300,-7.6800,396.5400,398.9000,398.9000,297.1600,-7.6800,23.9300,0.9270,False,False,340.0800,1,377.1700,False,-7.6600,HAMMER|DOJI,6.4700,8.5000,7.5000,5.0000,4,6.5000,7.0000,False,False,False,True,True,False,3.5700,5.3600,1.5000,SIDI_INTRADAY_V2,0.6186,1.2649,-0.5662,0.8807,294,XLF,True,7.8297,6.1771,0.9285,0.8436,,0.1257,0.0249,0.1138,0.1528,-0.1130,-0.1150,23.2600,0.3880,2064625024.0000,1890000000.0000,1.0924,14194097152,0.2590,6.2200,2.1700,38342734,4.8000,0.0000,6.2600,8.6800,0.1455,RevG:-11.3%,1,5.4700,False,True,False,False,False,False,DD12|VOLUME|FUND65|ABNORMAL20,False,7-15d,XLF,,JPM|BAC|WFC,interest_rates|yield_curve|credit_spreads|loan_growth,POST_ANALYSIS_ACTUAL_FILL,LIVE_QUOTE_AT_ANALYSIS,True,1.0000,1.5000,1.0000,-5.0000,7,1.5000,3,SELL_50_PCT_AT_TP1_REST_AT_TP2,MOVE_REMAINDER_TO_BREAK_EVEN,EXIT_AT_OPEN_IF_OPEN_BELOW_SL,SL_FIRST,10,PENDING_ANALYSIS,6.5793,6.5793,9.8689,374.8493,378.1389,349.8565,Indicative levels use the signal close only. Final SL/TP1/TP2 and sizing must be recalculated from the actual post-analysis broker fill.,23,2026-10-28,False,2026-07-29,14.8500,14.5300,2.2000,ALCISTA FUERTE,10,769.6400,7.3400,59.8000,15.3100,SIDI_INTRADAY_V2: Fund≥6.5 · DD60≥12% · RSI<40 · MACD↑ · Vol↓ · SPY20≤+1% · Abnormal20≤-10%,SIDI_INTRADAY_V2,True
ICE,Intercontinental Exchange,Financials,Financial Exchanges & Data,2007-09-26,150.1500,151.1100,151.5600,149.2600,150.1500,2026-10-02,2026-10-05,31.7800,35.8200,DOWN,-0.7748,-0.7227,-0.6970,False,0.0318,3.2773,0.9050,2.1830,154.9300,154.0000,154.2300,-3.0900,-2.5000,True,0.0127,BAJISTA,-8.4700,-8.5100,164.0400,164.1100,174.2500,121.3900,-13.8300,23.7000,0.6720,True,True,151.3500,2,158.5300,True,0.8000,NONE,7.1000,7.0000,6.5000,7.5000,8,8.0000,5.0000,False,False,False,True,False,True,4.3700,6.5500,1.5000,SIDI_INTRADAY_V2,0.6186,1.2948,-0.3436,1.0058,294,XLF,True,21.3138,17.1682,2.8688,8.0352,15.4680,0.1409,0.0217,0.3825,1.0000,0.0480,0.1420,69.2260,1.0120,3633625088.0000,4038000128.0000,0.8999,84835131392,0.9440,1.9600,1.3900,561394487,4.3800,2.4000,5.3700,5.5300,0.0428,OK,0,5.4700,False,True,False,False,False,False,DD12|MACD|FUND65|ABNORMAL20,False,3-7d,XLF,,JPM|BAC|WFC,interest_rates|yield_curve|credit_spreads|loan_growth,POST_ANALYSIS_ACTUAL_FILL,LIVE_QUOTE_AT_ANALYSIS,True,1.0000,1.5000,1.0000,-5.0000,7,1.5000,3,SELL_50_PCT_AT_TP1_REST_AT_TP2,MOVE_REMAINDER_TO_BREAK_EVEN,EXIT_AT_OPEN_IF_OPEN_BELOW_SL,SL_FIRST,10,PENDING_ANALYSIS,3.2773,3.2773,4.9159,153.4273,155.0660,142.6425,Indicative levels use the signal close only. Final SL/TP1/TP2 and sizing must be recalculated from the actual post-analysis broker fill.,24,2026-10-29,False,2026-07-30,1.9000,1.8400,3.4000,ALCISTA FUERTE,10,769.6400,7.3400,59.8000,15.3100,SIDI_INTRADAY_V2: Fund≥6.5 · DD60≥12% · RSI<40 · MACD↑ · Vol↓ · SPY20≤+1% · Abnormal20≤-10%,SIDI_INTRADAY_V2,True
NOW,ServiceNow,Information Technology,Systems Software,2019-11-21,134.3800,139.4200,139.5700,133.4700,134.3800,2026-10-02,2026-10-05,38.8000,42.9700,DOWN,-1.0501,-1.1092,-1.6345,True,0.3797,5.6107,0.8820,4.1750,129.1900,115.7600,135.1600,4.0200,16.0800,True,-2.4844,ALCISTA,-9.2000,-10.1700,147.9900,149.6000,192.9700,81.2400,-30.3600,65.4100,0.7490,True,True,130.3900,1,139.2000,True,-2.9700,BULL_ENGULF|HAMMER,7.6500,9.5000,7.5000,7.5000,7,5.0000,9.5000,False,True,False,True,True,True,8.3500,12.5300,1.5000,SIDI_INTRADAY_V2,0.6186,-9.8393,1.0471,-0.2339,294,XLK,True,84.8500,27.1221,11.2143,9.5274,49.2650,0.1424,0.0425,0.1134,0.7477,0.2400,-0.2190,67.5380,0.7010,5149374976.0000,1670000000.0000,3.0835,140357107712,0.9900,1.7200,0.0000,1033862000,3.9900,2.5800,4.7800,4.7300,0.0367,OK,0,5.4500,False,True,False,False,False,False,DD12|FUND65|ABNORMAL20,False,10-18d,XLK,,AAPL|MSFT|NVDA,interest_rates|ai_capex_cycle|semiconductor_cycle,POST_ANALYSIS_ACTUAL_FILL,LIVE_QUOTE_AT_ANALYSIS,True,1.0000,1.5000,1.0000,-5.0000,7,1.5000,3,SELL_50_PCT_AT_TP1_REST_AT_TP2,MOVE_REMAINDER_TO_BREAK_EVEN,EXIT_AT_OPEN_IF_OPEN_BELOW_SL,SL_FIRST,10,PENDING_ANALYSIS,5.6107,5.6107,8.4160,139.9907,142.7960,127.6610,Indicative levels use the signal close only. Final SL/TP1/TP2 and sizing must be recalculated from the actual post-analysis broker fill.,23,2026-10-28,False,2026-07-22,0.9000,0.8600,5.0000,ALCISTA FUERTE,10,769.6400,7.3400,59.8000,15.3100,SIDI_INTRADAY_V2: Fund≥6.5 · DD60≥12% · RSI<40 · MACD↑ · Vol↓ · SPY20≤+1% · Abnormal20≤-10%,SIDI_INTRADAY_V2,True
FITB,Fifth Third Bancorp,Financials,Regional Banks,1996-03-29,50.8700,50.8000,51.3200,50.5400,50.8700,2026-10-02,2026-10-05,31.7400,33.1300,DOWN,-0.1124,-0.1657,-0.1827,True,0.2281,1.1536,1.0160,2.2680,54.4300,50.8600,52.1500,-6.5300,0.0200,True,1.9191,NEUTRO,-13.6100,-13.7900,58.8800,59.0100,59.0100,38.7600,-13.7900,31.2500,0.8730,False,False,48.5500,1,51.0100,False,-4.5600,HAMMER|DOJI|HAMMER|DOJI,6.4700,8.5000,7.5000,5.0000,4,6.5000,7.0000,False,False,True,True,True,False,4.5400,6.8000,1.5000,SIDI_INTRADAY_V2,0.6186,3.0802,0.0833,1.1835,294,XLF,True,17.1751,10.2993,1.4317,4.5809,,0.0844,0.0092,0.2324,0.0000,0.5180,-0.0570,,,,2198000128.0000,,46244286464,0.9860,6.4300,3.3000,906573000,4.7600,5.0000,4.2500,5.0700,,OK,0,5.4400,False,True,False,False,False,False,VOLUME|FUND65|ABNORMAL20,False,7-15d,XLF,,JPM|BAC|WFC,interest_rates|yield_curve|credit_spreads|loan_growth,POST_ANALYSIS_ACTUAL_FILL,LIVE_QUOTE_AT_ANALYSIS,True,1.0000,1.5000,1.0000,-5.0000,7,1.5000,3,SELL_50_PCT_AT_TP1_REST_AT_TP2,MOVE_REMAINDER_TO_BREAK_EVEN,EXIT_AT_OPEN_IF_OPEN_BELOW_SL,SL_FIRST,10,PENDING_ANALYSIS,1.1536,1.1536,1.7304,52.0236,52.6004,48.3265,Indicative levels use the signal close only. Final SL/TP1/TP2 and sizing must be recalculated from the actual post-analysis broker fill.,14,2026-10-19,False,2026-07-17,0.8300,0.8400,-1.2000,ALCISTA FUERTE,10,769.6400,7.3400,59.8000,15.3100,SIDI_INTRADAY_V2: Fund≥6.5 · DD60≥12% · RSI<40 · MACD↑ · Vol↓ · SPY20≤+1% · Abnormal20≤-10%,SIDI_INTRADAY_V2,True
FLEX,Flex Ltd.,Information Technology,Electronic Manufacturing Services,2026-06-22,116.6100,115.3900,117.8400,113.9900,116.6100,2026-10-02,2026-10-05,66.3100,56.6500,UP,0.8106,0.6051,0.9299,True,0.9358,4.8757,0.6810,4.1810,114.1000,99.6100,112.5400,2.2000,17.0600,True,5.3149,ALCISTA,-14.1300,-16.5500,135.8000,139.7400,166.8600,53.0700,-30.1200,119.7300,0.6040,True,True,111.3800,1,116.9200,False,-4.4900,HAMMER,7.2500,10.0000,7.0000,7.5000,4,7.0000,7.0000,False,False,True,False,True,True,8.3600,12.5400,1.5000,SIDI_INTRADAY_V2,0.6186,-5.4336,0.2384,1.7278,294,XLK,True,45.5232,16.7064,7.9184,1.4882,21.7460,0.1838,0.0442,0.0333,0.0953,0.2060,0.5200,107.8180,1.3800,625750016.0000,973000000.0000,0.6431,43554455552,1.6580,3.1100,0.0000,369402978,4.2400,4.7600,4.3100,3.5400,0.0144,FCF/NI:0.64|D/E:108,2,5.4400,False,True,False,False,False,False,RSI40|FUND65|ABNORMAL20,False,10-18d,XLK,,AAPL|MSFT|NVDA,interest_rates|ai_capex_cycle|semiconductor_cycle,POST_ANALYSIS_ACTUAL_FILL,LIVE_QUOTE_AT_ANALYSIS,True,1.0000,1.5000,1.0000,-5.0000,7,1.5000,3,SELL_50_PCT_AT_TP1_REST_AT_TP2,MOVE_REMAINDER_TO_BREAK_EVEN,EXIT_AT_OPEN_IF_OPEN_BELOW_SL,SL_FIRST,10,PENDING_ANALYSIS,4.8757,4.8757,7.3136,121.4857,123.9236,110.7795,Indicative levels use the signal close only. Final SL/TP1/TP2 and sizing must be recalculated from the actual post-analysis broker fill.,23,2026-10-28,False,2026-07-29,1.0000,0.9200,8.9000,ALCISTA FUERTE,10,769.6400,7.3400,59.8000,15.3100,SIDI_INTRADAY_V2: Fund≥6.5 · DD60≥12% · RSI<40 · MACD↑ · Vol↓ · SPY20≤+1% · Abnormal20≤-10%,SIDI_INTRADAY_V2,True
TPL,Texas Pacific Land Corporation,Energy,Oil & Gas Exploration & Production,2024-11-26,340.1900,336.7300,340.6100,334.9500,340.1900,2026-10-02,2026-10-05,39.2200,41.7200,DOWN,-1.2303,-2.1256,-2.6335,True,0.3171,13.2800,0.8190,3.9040,364.9000,395.9800,348.3500,-6.7700,-14.0900,False,1.4826,BAJISTA,-21.3300,-22.0800,432.4100,436.6000,544.8600,268.0800,-37.5600,26.9000,0.7290,True,True,334.5600,1,394.5700,True,-1.6500,NONE,6.4000,5.5000,7.5000,7.5000,7,5.0000,5.0000,True,True,True,True,True,True,7.8100,11.7100,1.5000,SIDI_INTRADAY_V2,0.6186,4.8538,0.7980,0.9124,294,XLE,True,44.4177,4.7625,15.4373,26.7613,31.3300,0.3657,0.2581,0.6032,0.9334,0.3120,0.3270,1.0770,4.5520,-32836124.0000,541416000.0000,-0.0606,24019396608,0.5880,12.5900,0.7100,68974683,4.8000,3.8700,8.2500,1.8700,-0.0014,FCF/NI:-0.06,1,5.4400,False,True,False,True,False,False,FUND65|ABNORMAL20,False,3-7d,XLE,,XOM|CVX|COP,oil_price|gas_price|opec_supply|inventories,POST_ANALYSIS_ACTUAL_FILL,LIVE_QUOTE_AT_ANALYSIS,True,1.0000,1.5000,1.0000,-5.0000,7,1.5000,3,SELL_50_PCT_AT_TP1_REST_AT_TP2,MOVE_REMAINDER_TO_BREAK_EVEN,EXIT_AT_OPEN_IF_OPEN_BELOW_SL,SL_FIRST,10,PENDING_ANALYSIS,13.2800,13.2800,19.9200,353.4700,360.1100,323.1805,Indicative levels use the signal close only. Final SL/TP1/TP2 and sizing must be recalculated from the actual post-analysis broker fill.,30,2026-11-04,False,2026-08-05,2.2300,2.1800,2.1000,ALCISTA FUERTE,10,769.6400,7.3400,59.8000,15.3100,SIDI_INTRADAY_V2: Fund≥6.5 · DD60≥12% · RSI<40 · MACD↑ · Vol↓ · SPY20≤+1% · Abnormal20≤-10%,SIDI_INTRADAY_V2,True
VLTO,Veralto,Industrials,Environmental & Facilities Services,2023-10-02,94.6800,94.7000,95.3700,94.3600,94.6800,2026-10-02,2026-10-05,41.6700,53.8700,DOWN,-0.1000,-0.0732,0.1122,False,0.3361,1.4847,0.6990,1.5680,96.4400,92.7200,95.6200,-1.8200,2.1200,True,-0.4374,NEUTRO,-5.2900,-7.2800,99.9700,102.1100,107.3000,79.8000,-11.7600,18.6400,0.9280,False,False,89.2300,1,93.2700,False,-5.7600,HAMMER|DOJI|HAMMER|DOJI,5.9500,8.0000,5.0000,5.0000,4,7.0000,7.0000,False,False,False,False,False,False,3.1400,4.7000,1.5000,SIDI_INTRADAY_V2,0.6186,-4.3859,-0.1114,0.1849,294,XLI,True,24.1625,20.0621,7.5639,4.1057,17.6670,0.3431,0.1031,0.1735,0.6018,0.0750,0.1010,115.9780,1.7750,807124992.0000,988000000.0000,0.8169,23385876480,0.7750,4.5100,0.5500,243793344,5.1000,3.6600,6.2800,5.3900,0.0345,D/E:116,1,5.4400,False,True,False,False,False,False,DD12|RSI40|MACD|VOLUME|FUND65|ABNORMAL20,False,7-15d,XLI,,CAT|UNP|HON,pmi_manufacturing|supply_chain|capex_cycle,POST_ANALYSIS_ACTUAL_FILL,LIVE_QUOTE_AT_ANALYSIS,True,1.0000,1.5000,1.0000,-5.0000,7,1.5000,3,SELL_50_PCT_AT_TP1_REST_AT_TP2,MOVE_REMAINDER_TO_BREAK_EVEN,EXIT_AT_OPEN_IF_OPEN_BELOW_SL,SL_FIRST,10,PENDING_ANALYSIS,1.4847,1.4847,2.2270,96.1647,96.9071,89.9460,Indicative levels use the signal close only. Final SL/TP1/TP2 and sizing must be recalculated from the actual post-analysis broker fill.,16,2026-10-21,False,2026-07-28,1.1100,1.0100,10.3000,ALCISTA FUERTE,10,769.6400,7.3400,59.8000,15.3100,SIDI_INTRADAY_V2: Fund≥6.5 · DD60≥12% · RSI<40 · MACD↑ · Vol↓ · SPY20≤+1% · Abnormal20≤-10%,SIDI_INTRADAY_V2,True
CTSH,Cognizant,Information Technology,IT Consulting & Other Services,2006-11-17,58.5100,61.0900,61.0900,58.2100,58.5100,2026-10-02,2026-10-05,31.5500,36.2300,DOWN,-0.3296,-0.3978,-0.8187,True,0.3762,2.3286,1.0180,3.9800,58.7700,60.3400,59.2200,-0.4400,-3.0400,False,-2.7533,BAJISTA,-9.4800,-10.5600,64.6400,65.4200,85.4800,36.8600,-31.5500,58.7200,1.0090,False,False,45.0600,2,57.6000,False,-22.9800,NONE,5.5000,5.0000,7.5000,5.0000,5,5.0000,5.0000,False,False,False,True,True,False,7.9600,11.9400,1.5000,SIDI_INTRADAY_V2,0.6186,-5.8165,1.2976,-0.9014,294,XLK,True,12.5828,9.2442,1.8287,1.2788,6.7890,0.1492,0.1074,0.1026,0.3344,0.0450,0.0380,14.4790,2.1820,2215500032.0000,2220000000.0000,0.9980,27675230208,0.8510,6.3800,2.2600,473000000,5.3800,0.0800,6.7300,10.0000,0.0801,OK,0,5.4300,False,True,False,False,False,False,DD12|VOLUME|FUND65|ABNORMAL20,False,3-7d,XLK,,AAPL|MSFT|NVDA,interest_rates|ai_capex_cycle|semiconductor_cycle,POST_ANALYSIS_ACTUAL_FILL,LIVE_QUOTE_AT_ANALYSIS,True,1.0000,1.5000,1.0000,-5.0000,7,1.5000,3,SELL_50_PCT_AT_TP1_REST_AT_TP2,MOVE_REMAINDER_TO_BREAK_EVEN,EXIT_AT_OPEN_IF_OPEN_BELOW_SL,SL_FIRST,10,PENDING_ANALYSIS,2.3286,2.3286,3.4929,60.8386,62.0029,55.5845,Indicative levels use the signal close only. Final SL/TP1/TP2 and sizing must be recalculated from the actual post-analysis broker fill.,24,2026-10-29,False,2026-07-29,1.3700,1.3800,-66.0000,ALCISTA FUERTE,10,769.6400,7.3400,59.8000,15.3100,SIDI_INTRADAY_V2: Fund≥6.5 · DD60≥12% · RSI<40 · MACD↑ · Vol↓ · SPY20≤+1% · Abnormal20≤-10%,SIDI_INTRADAY_V2,True
AAPL,Apple Inc.,Information Technology,"Technology Hardware, Storage & Peripherals",1982-11-30,333.6900,333.2600,334.5400,330.6100,333.6900,2026-10-02,2026-10-05,50.7200,74.4000,DOWN,-1.0183,-0.9958,-0.2899,False,0.5609,6.5029,0.8310,1.9490,322.3600,288.8000,331.3200,3.5200,15.5400,True,1.9868,ALCISTA,-2.1600,-3.3700,341.0700,345.3400,345.3400,242.7600,-3.3700,37.4600,0.7870,True,True,309.9000,1,334.7000,False,-7.1300,HAMMER|DOJI|HAMMER,6.5500,10.0000,5.0000,7.5000,4,5.0000,7.0000,False,False,False,False,False,True,3.9000,5.8500,1.5000,SIDI_INTRADAY_V2,0.6186,0.6417,1.0515,-0.3073,294,XLK,True,38.2443,34.8007,45.3111,10.4258,29.1250,1.4875,0.2708,0.2762,0.4865,0.1640,0.2870,78.4450,1.0030,107721875456.0000,128929996800.0000,0.8355,4867013214208,1.0690,3.0300,0.3200,14594180000,4.6700,2.8200,7.1500,3.9200,0.0221,OK,0,5.4200,False,True,False,False,False,False,DD12|RSI40|MACD|FUND65|ABNORMAL20,False,10-18d,XLK,,MSFT|NVDA|AVGO,interest_rates|ai_capex_cycle|semiconductor_cycle,POST_ANALYSIS_ACTUAL_FILL,LIVE_QUOTE_AT_ANALYSIS,True,1.0000,1.5000,1.0000,-5.0000,7,1.5000,3,SELL_50_PCT_AT_TP1_REST_AT_TP2,MOVE_REMAINDER_TO_BREAK_EVEN,EXIT_AT_OPEN_IF_OPEN_BELOW_SL,SL_FIRST,10,PENDING_ANALYSIS,6.5029,6.5029,9.7544,340.1929,343.4443,317.0055,Indicative levels use the signal close only. Final SL/TP1/TP2 and sizing must be recalculated from the actual post-analysis broker fill.,24,2026-10-29,False,2026-07-30,2.0200,1.8900,6.7000,ALCISTA FUERTE,10,769.6400,7.3400,59.8000,15.3100,SIDI_INTRADAY_V2: Fund≥6.5 · DD60≥12% · RSI<40 · MACD↑ · Vol↓ · SPY20≤+1% · Abnormal20≤-10%,SIDI_INTRADAY_V2,True
PHM,PulteGroup,Consumer Discretionary,Homebuilding,1984-04-30,115.7300,118.5200,119.1400,114.5800,115.7300,2026-10-02,2026-10-05,43.0100,41.9700,UP,-0.0242,0.0406,0.2666,False,0.1439,3.0607,0.8380,2.6450,124.7900,124.1800,119.3600,-7.2600,-6.8000,True,-0.3113,BAJISTA,-13.9300,-14.8600,134.4600,135.9200,143.5700,108.0200,-19.3900,7.1300,1.0410,False,False,114.5100,3,132.2900,True,-1.0500,NONE,6.7000,6.5000,6.0000,5.0000,10,8.0000,5.0000,False,False,True,False,False,False,5.2900,7.9300,1.5000,SIDI_INTRADAY_V2,0.6186,-1.7341,-0.0824,0.9996,294,XLY,True,11.6622,10.4179,1.6482,1.3269,8.2930,0.1490,0.0921,0.1162,0.2556,-0.0960,-0.1820,19.0650,7.2720,1078512896.0000,1906445952.0000,0.5657,21770684416,1.1640,6.7300,0.9000,190486353,4.5700,0.0000,6.0600,8.1800,0.0495,FCF/NI:0.57,1,5.4200,False,True,False,False,False,False,RSI40|MACD|VOLUME|FUND65|ABNORMAL20,False,3-7d,XLY,,AMZN|TSLA|HD,consumer_spending|employment_data|interest_rates,POST_ANALYSIS_ACTUAL_FILL,LIVE_QUOTE_AT_ANALYSIS,True,1.0000,1.5000,1.0000,-5.0000,7,1.5000,3,SELL_50_PCT_AT_TP1_REST_AT_TP2,MOVE_REMAINDER_TO_BREAK_EVEN,EXIT_AT_OPEN_IF_OPEN_BELOW_SL,SL_FIRST,10,PENDING_ANALYSIS,3.0607,3.0607,4.5911,118.7907,120.3210,109.9435,Indicative levels use the signal close only. Final SL/TP1/TP2 and sizing must be recalculated from the actual post-analysis broker fill.,17,2026-10-22,False,2026-07-22,2.4800,2.3600,5.3000,ALCISTA FUERTE,10,769.6400,7.3400,59.8000,15.3100,SIDI_INTRADAY_V2: Fund≥6.5 · DD60≥12% · RSI<40 · MACD↑ · Vol↓ · SPY20≤+1% · Abnormal20≤-10%,SIDI_INTRADAY_V2,True
NCLH,Norwegian Cruise Line Holdings,Consumer Discretionary,"Hotels, Resorts & Cruise Lines",2017-10-13,15.1400,14.9800,15.1700,14.5800,15.1400,2026-10-02,2026-10-05,56.6500,34.3100,UP,0.2165,0.1817,0.1564,True,0.8266,0.6029,0.8360,3.9820,16.7800,19.4400,14.9400,-9.7800,-22.1200,False,-2.0948,BAJISTA,-28.6500,-28.8200,21.2200,21.2700,25.1300,13.6300,-39.7500,11.0800,1.5260,False,False,14.5300,1,15.0300,False,-4.0300,HAMMER|DOJI|HAMMER,5.8500,5.0000,7.0000,7.0000,4,5.0000,7.0000,False,False,True,False,True,False,7.9600,11.9500,1.5000,SIDI_INTRADAY_V2,0.6186,10.1646,0.2906,1.5296,294,XLY,True,9.2345,9.0149,2.6700,0.6765,8.7550,0.3673,0.0425,0.0749,0.4246,0.0490,6.1630,621.0510,0.2000,-1680301312.0000,760768000.0000,-2.2087,6869404160,1.9560,6.1700,0.0000,459187846,5.1100,7.0800,3.5800,4.6100,-0.2446,FCF/NI:-2.21|D/E:621,2,5.4100,False,True,False,False,False,False,RSI40|VOLUME|FUND65|ABNORMAL20,False,3-7d,XLY,,AMZN|TSLA|HD,consumer_spending|employment_data|interest_rates,POST_ANALYSIS_ACTUAL_FILL,LIVE_QUOTE_AT_ANALYSIS,True,1.0000,1.5000,1.0000,-5.0000,7,1.5000,3,SELL_50_PCT_AT_TP1_REST_AT_TP2,MOVE_REMAINDER_TO_BREAK_EVEN,EXIT_AT_OPEN_IF_OPEN_BELOW_SL,SL_FIRST,10,PENDING_ANALYSIS,0.6029,0.6029,0.9043,15.7429,16.0444,14.3830,Indicative levels use the signal close only. Final SL/TP1/TP2 and sizing must be recalculated from the actual post-analysis broker fill.,30,2026-11-04,False,2026-07-30,0.4800,0.3900,22.8000,ALCISTA FUERTE,10,769.6400,7.3400,59.8000,15.3100,SIDI_INTRADAY_V2: Fund≥6.5 · DD60≥12% · RSI<40 · MACD↑ · Vol↓ · SPY20≤+1% · Abnormal20≤-10%,SIDI_INTRADAY_V2,True
Q,Qnity Electronics,Information Technology,Semiconductor Materials & Equipment,2025-11-03,131.4800,131.6700,132.4100,130.0000,131.4800,2026-10-02,2026-10-05,78.9300,55.6700,UP,1.5740,1.3640,1.2638,True,0.9902,4.3073,0.6500,3.2760,127.5400,125.5800,124.7100,3.0900,4.7000,True,3.5406,ALCISTA,-8.5100,-11.0300,143.7000,147.7800,177.1600,70.3200,-25.7900,86.9800,0.7820,True,True,122.5900,1,146.3500,False,-6.7600,HAMMER|BULL_ENGULF|HAMMER|DOJI,7.5000,10.0000,7.0000,7.5000,4,7.0000,9.5000,False,False,False,False,True,True,6.5500,9.8300,1.5000,SIDI_INTRADAY_V2,0.6186,6.0474,0.1073,1.3467,234,XLK,True,47.3214,24.6368,3.8211,5.3239,20.5500,0.0672,0.0530,0.1125,0.4622,0.2210,-0.3430,59.9920,2.0080,772249984.0000,586000000.0000,1.3178,27737444352,,2.5500,0.2400,209339207,4.0100,2.3300,4.7300,5.1200,0.0278,OK,0,5.4100,False,True,False,False,False,False,DD12|RSI40|FUND65|ABNORMAL20,False,10-18d,XLK,,AAPL|MSFT|NVDA,interest_rates|ai_capex_cycle|semiconductor_cycle,POST_ANALYSIS_ACTUAL_FILL,LIVE_QUOTE_AT_ANALYSIS,True,1.0000,1.5000,1.0000,-5.0000,7,1.5000,3,SELL_50_PCT_AT_TP1_REST_AT_TP2,MOVE_REMAINDER_TO_BREAK_EVEN,EXIT_AT_OPEN_IF_OPEN_BELOW_SL,SL_FIRST,10,PENDING_ANALYSIS,4.3073,4.3073,6.4609,135.7873,137.9409,124.9060,Indicative levels use the signal close only. Final SL/TP1/TP2 and sizing must be recalculated from the actual post-analysis broker fill.,30,2026-11-04,False,2026-08-04,1.1900,1.0700,11.0000,ALCISTA FUERTE,10,769.6400,7.3400,59.8000,15.3100,SIDI_INTRADAY_V2: Fund≥6.5 · DD60≥12% · RSI<40 · MACD↑ · Vol↓ · SPY20≤+1% · Abnormal20≤-10%,SIDI_INTRADAY_V2,True
AOS,A. O. Smith,Industrials,Building Products,2017-07-26,56.7500,57.2100,57.2800,56.6200,56.7500,2026-10-02,2026-10-05,44.6000,38.0100,UP,0.0337,0.0514,0.2012,False,0.2816,1.1779,0.7350,2.0760,60.1100,63.8200,57.9300,-5.5900,-11.0800,False,-1.1523,BAJISTA,-11.3000,-11.8500,63.9800,64.3800,80.9200,53.8300,-29.8700,5.4200,0.7270,False,False,56.5900,3,62.6700,True,-0.2800,NONE,6.3200,5.0000,6.0000,5.0000,9,8.5000,5.0000,False,False,False,False,False,False,4.1500,6.2300,1.5000,SIDI_INTRADAY_V2,0.6186,-1.7939,-0.0024,0.9567,294,XLI,True,15.8370,13.9135,4.1953,2.0308,10.4740,0.2713,0.1254,0.1315,0.3859,-0.0070,-0.1500,36.7660,1.5940,484612512.0000,500300000.0000,0.9686,7727081984,1.1100,8.2000,2.5400,110047214,4.7800,0.0000,6.7800,8.0200,0.0627,OK,0,5.4000,False,True,False,False,False,False,DD12|RSI40|MACD|VOLUME|FUND65|ABNORMAL20,False,3-7d,XLI,,CAT|UNP|HON,pmi_manufacturing|supply_chain|capex_cycle,POST_ANALYSIS_ACTUAL_FILL,LIVE_QUOTE_AT_ANALYSIS,True,1.0000,1.5000,1.0000,-5.0000,7,1.5000,3,SELL_50_PCT_AT_TP1_REST_AT_TP2,MOVE_REMAINDER_TO_BREAK_EVEN,EXIT_AT_OPEN_IF_OPEN_BELOW_SL,SL_FIRST,10,PENDING_ANALYSIS,1.1779,1.1779,1.7668,57.9279,58.5168,53.9125,Indicative levels use the signal close only. Final SL/TP1/TP2 and sizing must be recalculated from the actual post-analysis broker fill.,24,2026-10-29,False,2026-07-30,1.0300,0.9200,11.5000,ALCISTA FUERTE,10,769.6400,7.3400,59.8000,15.3100,SIDI_INTRADAY_V2: Fund≥6.5 · DD60≥12% · RSI<40 · MACD↑ · Vol↓ · SPY20≤+1% · Abnormal20≤-10%,SIDI_INTRADAY_V2,True
PPG,PPG Industries,Materials,Specialty Chemicals,1957-03-04,105.1500,106.0600,106.8800,104.9600,105.1500,2026-10-02,2026-10-05,49.5700,34.2700,UP,0.1465,0.1391,0.3186,True,0.3573,2.1793,0.7240,2.0730,110.9600,110.9200,106.9000,-5.2400,-5.2000,True,0.7894,BAJISTA,-11.6200,-14.2900,118.9800,122.6900,130.9900,91.3500,-19.7300,15.1100,0.6400,False,False,103.0500,2,108.4300,True,-2.0000,NONE,6.5500,7.0000,7.0000,5.0000,8,7.0000,5.0000,False,False,False,False,True,False,4.1500,6.2200,1.5000,SIDI_INTRADAY_V2,0.6186,4.3143,0.5243,1.1919,294,XLB,True,15.0955,12.1408,2.7663,1.4223,10.8910,0.1930,0.0605,0.0957,0.4120,0.0720,-0.0150,86.9380,1.5800,1104625024.0000,1567000064.0000,0.7049,23355949056,1.0500,4.6200,2.8200,222300000,4.6300,1.6000,5.5000,7.1700,0.0473,FCF/NI:0.70|D/E:87,2,5.4000,False,True,False,False,False,False,DD12|RSI40|VOLUME|FUND65|ABNORMAL20,False,3-7d,XLB,,LIN|APD|ECL,commodity_prices|dxy|china_demand|energy_costs,POST_ANALYSIS_ACTUAL_FILL,LIVE_QUOTE_AT_ANALYSIS,True,1.0000,1.5000,1.0000,-5.0000,7,1.5000,3,SELL_50_PCT_AT_TP1_REST_AT_TP2,MOVE_REMAINDER_TO_BREAK_EVEN,EXIT_AT_OPEN_IF_OPEN_BELOW_SL,SL_FIRST,10,PENDING_ANALYSIS,2.1793,2.1793,3.2690,107.3293,108.4190,99.8925,Indicative levels use the signal close only. Final SL/TP1/TP2 and sizing must be recalculated from the actual post-analysis broker fill.,22,2026-10-27,False,2026-07-28,2.2300,2.2500,-1.0000,ALCISTA FUERTE,10,769.6400,7.3400,59.8000,15.3100,SIDI_INTRADAY_V2: Fund≥6.5 · DD60≥12% · RSI<40 · MACD↑ · Vol↓ · SPY20≤+1% · Abnormal20≤-10%,SIDI_INTRADAY_V2,True
RSG,Republic Services,Industrials,Environmental & Facilities Services,2008-12-05,209.5600,206.4800,210.2300,205.8600,209.5600,2026-10-02,2026-10-05,17.1900,25.7000,DOWN,-1.0612,-1.2723,-1.1444,True,0.2065,3.3523,0.7990,1.6000,216.1100,213.8000,214.0500,-3.0300,-1.9800,True,0.1952,BAJISTA,-6.9100,-7.8800,225.1200,227.4800,231.3300,195.2000,-9.4100,7.3500,0.7460,True,True,203.0200,3,212.8700,True,-3.1200,NONE,7.8800,7.0000,8.5000,7.5000,10,8.5000,5.0000,False,False,False,True,True,True,3.2000,4.8000,1.5000,SIDI_INTRADAY_V2,0.6186,-8.7672,-0.6842,0.0894,294,XLI,True,30.1426,26.3663,5.4045,3.8525,14.9060,0.1815,0.0617,0.1294,0.4304,0.0460,0.0510,118.7980,0.6440,1942625024.0000,2185999872.0000,0.8887,65071792128,0.3970,3.2600,1.2800,306212978,3.7400,1.6100,4.8900,4.8900,0.0299,D/E:119,1,5.4000,False,True,False,False,False,False,DD12|FUND65|ABNORMAL20,False,5-10d,XLI,,CAT|UNP|HON,pmi_manufacturing|supply_chain|capex_cycle,POST_ANALYSIS_ACTUAL_FILL,LIVE_QUOTE_AT_ANALYSIS,True,1.0000,1.5000,1.0000,-5.0000,7,1.5000,3,SELL_50_PCT_AT_TP1_REST_AT_TP2,MOVE_REMAINDER_TO_BREAK_EVEN,EXIT_AT_OPEN_IF_OPEN_BELOW_SL,SL_FIRST,10,PENDING_ANALYSIS,3.3523,3.3523,5.0285,212.9123,214.5884,199.0820,Indicative levels use the signal close only. Final SL/TP1/TP2 and sizing must be recalculated from the actual post-analysis broker fill.,24,2026-10-29,False,2026-08-06,1.8500,1.8200,1.7000,ALCISTA FUERTE,10,769.6400,7.3400,59.8000,15.3100,SIDI_INTRADAY_V2: Fund≥6.5 · DD60≥12% · RSI<40 · MACD↑ · Vol↓ · SPY20≤+1% · Abnormal20≤-10%,SIDI_INTRADAY_V2,True
ARE,Alexandria Real Estate Equities,Real Estate,Office REITs,2017-03-20,47.3700,47.3100,48.2200,47.0000,47.3700,2026-10-02,2026-10-05,36.5700,42.1700,DOWN,-0.5989,-0.6377,-0.5611,True,0.1725,1.7817,0.9770,3.7610,50.2500,48.8200,49.7400,-5.7300,-2.9700,True,0.8051,BAJISTA,-14.6500,-16.0500,55.5000,56.4300,80.5300,38.3200,-41.1800,23.6100,1.0810,False,False,47.5100,1,54.0800,True,0.3000,HAMMER|DOJI|HAMMER|DOJI,6.7800,7.0000,7.5000,5.0000,8,6.5000,7.0000,False,False,True,True,True,False,7.5200,11.2800,1.5000,SIDI_INTRADAY_V2,0.6186,0.0589,0.3675,1.2380,294,XLRE,True,,-58.8333,0.5231,2.8874,13.7900,-0.0408,0.0093,-0.3608,0.6820,-0.1190,,68.6700,2.3500,1344973952.0000,-1030056000.0000,-1.3057,8201200128,1.1780,3.4800,6.0800,172095277,4.4600,2.5000,3.3800,8.0000,0.1640,FCF/NI:-1.31|RevG:-11.9%|ROE:-4.1%,3,5.3900,False,True,False,False,False,False,VOLUME|FUND65|ABNORMAL20,False,3-7d,XLRE,,PLD|AMT|EQIX,interest_rates|cap_rates|occupancy_trends,POST_ANALYSIS_ACTUAL_FILL,LIVE_QUOTE_AT_ANALYSIS,True,1.0000,1.5000,1.0000,-5.0000,7,1.5000,3,SELL_50_PCT_AT_TP1_REST_AT_TP2,MOVE_REMAINDER_TO_BREAK_EVEN,EXIT_AT_OPEN_IF_OPEN_BELOW_SL,SL_FIRST,10,PENDING_ANALYSIS,1.7817,1.7817,2.6726,49.1517,50.0425,45.0015,Indicative levels use the signal close only. Final SL/TP1/TP2 and sizing must be recalculated from the actual post-analysis broker fill.,21,2026-10-26,False,2026-08-03,0.1500,0.1200,26.2000,ALCISTA FUERTE,10,769.6400,7.3400,59.8000,15.3100,SIDI_INTRADAY_V2: Fund≥6.5 · DD60≥12% · RSI<40 · MACD↑ · Vol↓ · SPY20≤+1% · Abnormal20≤-10%,SIDI_INTRADAY_V2,True
AXON,Axon Enterprise,Industrials,Aerospace & Defense,2023-05-04,413.3500,429.7600,429.7600,408.2400,413.3500,2026-10-02,2026-10-05,25.7600,26.7500,DOWN,-1.0993,-1.4465,-3.0895,True,0.1479,20.9821,0.6700,5.0760,529.7900,496.9600,459.2600,-21.9800,-16.8200,True,-1.7274,BAJISTA,-35.9900,-36.5600,645.7200,651.6100,764.0200,339.0100,-45.9000,21.9300,0.7770,False,False,402.0000,1,414.5000,True,-2.7500,HAMMER|DOJI|HAMMER,7.2500,6.5000,8.5000,5.0000,7,10.0000,7.0000,False,False,True,True,True,False,10.1500,15.2300,1.5000,SIDI_INTRADAY_V2,0.6186,-24.1797,1.9879,-0.3930,294,XLI,True,169.8216,38.8159,9.0480,10.3284,210.3950,0.0622,0.0051,0.0619,0.5952,0.3530,-0.1820,50.3630,2.1490,222160000.0000,199298000.0000,1.1147,33248036864,1.4390,4.3300,0.0000,81237415,4.1500,5.0000,5.2000,1.9500,0.0067,OK,0,5.3900,False,True,True,False,False,False,VOLUME|FUND65,False,5-10d,XLI,,CAT|UNP|HON,pmi_manufacturing|supply_chain|capex_cycle,POST_ANALYSIS_ACTUAL_FILL,LIVE_QUOTE_AT_ANALYSIS,True,1.0000,1.5000,1.0000,-5.0000,7,1.5000,3,SELL_50_PCT_AT_TP1_REST_AT_TP2,MOVE_REMAINDER_TO_BREAK_EVEN,EXIT_AT_OPEN_IF_OPEN_BELOW_SL,SL_FIRST,10,PENDING_ANALYSIS,20.9821,20.9821,31.4731,434.3321,444.8231,392.6825,Indicative levels use the signal close only. Final SL/TP1/TP2 and sizing must be recalculated from the actual post-analysis broker fill.,29,2026-11-03,False,2026-08-05,1.8800,1.8400,2.0000,ALCISTA FUERTE,10,769.6400,7.3400,59.8000,15.3100,SIDI_INTRADAY_V2: Fund≥6.5 · DD60≥12% · RSI<40 · MACD↑ · Vol↓ · SPY20≤+1% · Abnormal20≤-10%,SIDI_INTRADAY_V2,True
DOW,Dow Inc.,Materials,Commodity Chemicals,2019-04-01,27.9700,27.2850,28.1500,27.2600,27.9700,2026-10-02,2026-10-05,40.7900,36.9000,UP,-0.0907,-0.1374,-0.1562,True,0.2688,0.8382,0.7930,2.9970,29.6400,31.4100,28.6300,-5.6300,-10.9600,False,2.1261,BAJISTA,-14.0000,-15.2900,32.5200,33.0200,41.8200,19.6800,-33.1300,42.1300,0.8030,False,False,28.3600,1,30.4800,True,1.4000,NONE,6.3300,5.5000,7.0000,5.0000,7,8.5000,5.0000,False,False,True,False,True,False,5.9900,8.9900,1.5000,SIDI_INTRADAY_V2,0.6186,-6.6332,-1.2094,0.3337,294,XLB,True,,16.4712,1.2878,0.4943,9.3140,-0.0554,0.0130,-0.0313,0.0979,0.1970,,111.9130,1.7490,237624992.0000,-1300999936.0000,-0.1826,20424183808,0.4090,4.2000,5.0100,722340711,4.7600,7.5000,2.6600,4.0300,0.0116,FCF/NI:-0.18|D/E:112|ROE:-5.5%,3,5.3900,False,True,False,False,False,False,RSI40|VOLUME|FUND65|ABNORMAL20,False,3-7d,XLB,,LIN|APD|ECL,commodity_prices|dxy|china_demand|energy_costs,POST_ANALYSIS_ACTUAL_FILL,LIVE_QUOTE_AT_ANALYSIS,True,1.0000,1.5000,1.0000,-5.0000,7,1.5000,3,SELL_50_PCT_AT_TP1_REST_AT_TP2,MOVE_REMAINDER_TO_BREAK_EVEN,EXIT_AT_OPEN_IF_OPEN_BELOW_SL,SL_FIRST,10,PENDING_ANALYSIS,0.8382,0.8382,1.2573,28.8082,29.2273,26.5715,Indicative levels use the signal close only. Final SL/TP1/TP2 and sizing must be recalculated from the actual post-analysis broker fill.,17,2026-10-22,False,2026-07-23,1.4400,1.2800,12.6000,ALCISTA FUERTE,10,769.6400,7.3400,59.8000,15.3100,SIDI_INTRADAY_V2: Fund≥6.5 · DD60≥12% · RSI<40 · MACD↑ · Vol↓ · SPY20≤+1% · Abnormal20≤-10%,SIDI_INTRADAY_V2,True
EQT,EQT Corporation,Energy,Oil & Gas Exploration & Production,2022-10-03,50.1700,49.8800,50.6400,49.7000,50.1700,2026-10-02,2026-10-05,34.8000,25.1100,UP,-0.1804,-0.2748,-0.3546,True,0.3281,1.3757,0.9850,2.7420,52.7900,55.2500,51.2200,-4.9600,-9.2000,False,-1.1011,BAJISTA,-10.0100,-11.2300,55.7500,56.5200,67.8400,47.7900,-26.0400,4.9800,0.9680,True,True,51.0800,1,53.5700,True,1.8100,BULL_ENGULF,6.7500,5.0000,8.5000,7.5000,7,5.0000,7.5000,False,True,False,True,True,True,5.4800,8.2300,1.5000,SIDI_INTRADAY_V2,0.6186,-4.0787,0.2816,0.6928,294,XLE,True,11.8654,13.5597,1.2664,3.4419,5.7940,0.1108,0.0663,0.2918,0.8075,-0.0390,-0.7400,19.5950,0.6730,2460903936.0000,2711614976.0000,0.9075,31988889600,0.6520,3.5400,1.3200,625516000,4.4900,0.0000,5.9700,8.0100,0.0769,OK,0,5.3900,False,True,False,False,False,False,DD12|FUND65|ABNORMAL20,False,3-7d,XLE,,XOM|CVX|COP,oil_price|gas_price|opec_supply|inventories,POST_ANALYSIS_ACTUAL_FILL,LIVE_QUOTE_AT_ANALYSIS,True,1.0000,1.5000,1.0000,-5.0000,7,1.5000,3,SELL_50_PCT_AT_TP1_REST_AT_TP2,MOVE_REMAINDER_TO_BREAK_EVEN,EXIT_AT_OPEN_IF_OPEN_BELOW_SL,SL_FIRST,10,PENDING_ANALYSIS,1.3757,1.3757,2.0635,51.5457,52.2336,47.6615,Indicative levels use the signal close only. Final SL/TP1/TP2 and sizing must be recalculated from the actual post-analysis broker fill.,15,2026-10-20,False,2026-07-21,0.3900,0.4000,-3.3000,ALCISTA FUERTE,10,769.6400,7.3400,59.8000,15.3100,SIDI_INTRADAY_V2: Fund≥6.5 · DD60≥12% · RSI<40 · MACD↑ · Vol↓ · SPY20≤+1% · Abnormal20≤-10%,SIDI_INTRADAY_V2,True
NVR,"NVR, Inc.",Consumer Discretionary,Homebuilding,2019-09-26,5993.8500,6158.5400,6200.0000,5948.1299,5993.8501,2026-10-02,2026-10-05,33.3600,49.9500,DOWN,-15.5712,-3.8452,8.8604,False,-0.1192,139.3978,0.8240,2.3260,6283.8400,6690.1700,6212.4500,-4.6100,-10.4100,False,-1.7964,BAJISTA,-10.5500,-12.2700,6701.1000,6832.4300,8200.0000,5501.0098,-26.9000,8.9600,0.9880,False,False,5919.2500,1,6512.1001,True,-1.2400,HAMMER|DOJI,6.2500,5.0000,6.5000,5.0000,7,8.0000,7.0000,False,False,False,True,False,False,4.6500,6.9800,1.5000,SIDI_INTRADAY_V2,0.6186,-1.4266,-0.3509,0.8773,294,XLY,True,15.3487,14.9576,4.6659,1.6347,10.3930,0.3154,0.1655,0.1185,0.2184,-0.1090,-0.2260,32.1500,5.6700,918313280.0000,1141319936.0000,0.8046,15744498688,0.9020,3.7700,0.0000,2664860,4.8100,0.0000,7.5100,7.2700,0.0583,RevG:-10.9%,1,5.3900,False,True,False,False,False,False,DD12|MACD|VOLUME|FUND65|ABNORMAL20,False,3-7d,XLY,,AMZN|TSLA|HD,consumer_spending|employment_data|interest_rates,POST_ANALYSIS_ACTUAL_FILL,LIVE_QUOTE_AT_ANALYSIS,True,1.0000,1.5000,1.0000,-5.0000,7,1.5000,3,SELL_50_PCT_AT_TP1_REST_AT_TP2,MOVE_REMAINDER_TO_BREAK_EVEN,EXIT_AT_OPEN_IF_OPEN_BELOW_SL,SL_FIRST,10,PENDING_ANALYSIS,139.3978,139.3978,209.0967,6133.2478,6202.9467,5694.1575,Indicative levels use the signal close only. Final SL/TP1/TP2 and sizing must be recalculated from the actual post-analysis broker fill.,16,2026-10-21,False,2026-07-23,83.9600,89.9800,-6.7000,ALCISTA FUERTE,10,769.6400,7.3400,59.8000,15.3100,SIDI_INTRADAY_V2: Fund≥6.5 · DD60≥12% · RSI<40 · MACD↑ · Vol↓ · SPY20≤+1% · Abnormal20≤-10%,SIDI_INTRADAY_V2,True
JKHY,Jack Henry & Associates,Financials,Transaction & Payment Processing Services,2018-11-13,142.5400,143.6200,144.4100,141.7400,142.5400,2026-10-02,2026-10-05,16.8200,27.9600,DOWN,-1.3607,-1.4646,-1.5918,True,0.1360,4.5536,0.9220,3.1950,157.0300,156.5600,151.3600,-9.2300,-8.9500,True,-1.2863,BAJISTA,-17.6000,-18.2500,172.9900,174.3600,191.1300,120.6000,-25.4200,18.1900,0.6510,True,True,143.8600,1,141.0900,True,0.9200,NONE,7.2500,6.5000,8.5000,7.5000,7,8.0000,5.0000,True,True,True,True,True,True,6.3900,9.5800,1.5000,SIDI_INTRADAY_V2,0.6186,-9.3470,-0.4830,0.6997,294,XLF,True,20.5573,18.1544,4.8999,3.9540,14.3260,0.2404,0.1299,0.1976,0.4390,0.0470,-0.1040,3.7930,1.1670,352223744.0000,502776000.0000,0.7006,10060370944,0.5630,4.1900,1.7100,70111999,4.1400,0.7200,7.0100,4.7800,0.0350,FCF/NI:0.70,1,5.3800,False,True,False,True,False,False,FUND65|ABNORMAL20,False,5-10d,XLF,,JPM|BAC|WFC,interest_rates|yield_curve|credit_spreads|loan_growth,POST_ANALYSIS_ACTUAL_FILL,LIVE_QUOTE_AT_ANALYSIS,True,1.0000,1.5000,1.0000,-5.0000,7,1.5000,3,SELL_50_PCT_AT_TP1_REST_AT_TP2,MOVE_REMAINDER_TO_BREAK_EVEN,EXIT_AT_OPEN_IF_OPEN_BELOW_SL,SL_FIRST,10,PENDING_ANALYSIS,4.5536,4.5536,6.8304,147.0936,149.3704,135.4130,Indicative levels use the signal close only. Final SL/TP1/TP2 and sizing must be recalculated from the actual post-analysis broker fill.,29,2026-11-03,False,2026-08-18,1.5300,1.4400,6.4000,ALCISTA FUERTE,10,769.6400,7.3400,59.8000,15.3100,SIDI_INTRADAY_V2: Fund≥6.5 · DD60≥12% · RSI<40 · MACD↑ · Vol↓ · SPY20≤+1% · Abnormal20≤-10%,SIDI_INTRADAY_V2,True
A,Agilent Technologies,Health Care,Life Sciences Tools & Services,2000-06-05,167.7800,168.2500,170.2400,166.3300,167.7800,2026-10-02,2026-10-05,74.9600,76.3300,DOWN,0.5616,1.0629,2.2008,False,0.6804,5.1836,1.2270,3.0900,152.5300,132.5500,162.8800,10.0000,26.5800,True,1.0342,ALCISTA,-4.2400,-5.2400,175.2100,177.0500,177.0500,108.1400,-5.2400,55.1500,0.9260,False,False,137.0200,3,,False,-18.3300,HAMMER,6.3500,10.0000,5.0000,5.0000,6,5.0000,7.0000,False,False,False,False,False,False,6.1800,9.2700,1.5000,SIDI_INTRADAY_V2,0.6186,12.4135,0.5675,0.7241,294,XLV,True,33.4892,25.1239,6.5021,6.4933,23.8900,0.2097,0.0863,0.1953,0.5365,0.0810,0.0850,56.3360,2.0500,1060374976.0000,1440000000.0000,0.7364,47868698624,1.2080,2.1400,0.6100,281928854,4.7100,3.8900,6.2000,3.9200,0.0222,FCF/NI:0.74,1,5.3700,False,True,False,False,False,False,DD12|RSI40|MACD|VOLUME|FUND65|ABNORMAL20,False,10-18d,XLV,,UNH|JNJ|LLY,fda_calendar|drug_pricing_policy|patent_cliffs,POST_ANALYSIS_ACTUAL_FILL,LIVE_QUOTE_AT_ANALYSIS,True,1.0000,1.5000,1.0000,-5.0000,7,1.5000,3,SELL_50_PCT_AT_TP1_REST_AT_TP2,MOVE_REMAINDER_TO_BREAK_EVEN,EXIT_AT_OPEN_IF_OPEN_BELOW_SL,SL_FIRST,10,PENDING_ANALYSIS,5.1836,5.1836,7.7754,172.9636,175.5554,159.3910,Indicative levels use the signal close only. Final SL/TP1/TP2 and sizing must be recalculated from the actual post-analysis broker fill.,51,2026-11-25,False,2026-08-26,1.6200,1.4900,9.0000,ALCISTA FUERTE,10,769.6400,7.3400,59.8000,15.3100,SIDI_INTRADAY_V2: Fund≥6.5 · DD60≥12% · RSI<40 · MACD↑ · Vol↓ · SPY20≤+1% · Abnormal20≤-10%,SIDI_INTRADAY_V2,True
KLAC,KLA Corporation,Information Technology,Semiconductor Materials & Equipment,1997-09-30,206.8900,207.8100,208.6800,204.0600,206.8900,2026-10-02,2026-10-05,90.3200,52.1100,UP,3.5507,3.1631,2.9657,True,1.0142,6.8271,0.5940,3.3000,187.1500,177.5100,188.4900,10.5500,16.5500,True,3.9221,ALCISTA,-10.5400,-12.8700,231.2600,237.4500,307.0200,97.5700,-32.6100,112.0400,0.7700,True,True,210.6200,1,214.5600,True,1.8000,HAMMER,7.7000,10.0000,7.0000,7.5000,7,7.0000,7.0000,False,False,False,False,True,True,6.6000,9.9000,1.5000,SIDI_INTRADAY_V2,0.6186,7.3631,-0.8344,2.0534,294,XLK,True,55.7350,30.4218,41.9905,19.6037,44.8510,0.8750,0.2080,0.3557,0.6130,0.1520,0.1380,96.8800,2.8760,2624587520.0000,4830771200.0000,0.5433,266208280576,1.4470,2.5500,0.4400,1305006492,3.8100,1.7800,6.8800,2.5900,0.0099,FCF/NI:0.54|D/E:97,2,5.3700,False,True,False,False,False,False,DD12|RSI40|FUND65|ABNORMAL20,False,10-18d,XLK,,AAPL|MSFT|NVDA,interest_rates|ai_capex_cycle|semiconductor_cycle,POST_ANALYSIS_ACTUAL_FILL,LIVE_QUOTE_AT_ANALYSIS,True,1.0000,1.5000,1.0000,-5.0000,7,1.5000,3,SELL_50_PCT_AT_TP1_REST_AT_TP2,MOVE_REMAINDER_TO_BREAK_EVEN,EXIT_AT_OPEN_IF_OPEN_BELOW_SL,SL_FIRST,10,PENDING_ANALYSIS,6.8271,6.8271,10.2406,213.7171,217.1306,196.5455,Indicative levels use the signal close only. Final SL/TP1/TP2 and sizing must be recalculated from the actual post-analysis broker fill.,23,2026-10-28,False,2026-07-28,1.0500,1.0000,5.1000,ALCISTA FUERTE,10,769.6400,7.3400,59.8000,15.3100,SIDI_INTRADAY_V2: Fund≥6.5 · DD60≥12% · RSI<40 · MACD↑ · Vol↓ · SPY20≤+1% · Abnormal20≤-10%,SIDI_INTRADAY_V2,True
HRL,Hormel Foods,Consumer Staples,Packaged Foods & Meats,2009-03-04,20.2500,20.0600,20.3500,19.9100,20.2500,2026-10-02,2026-10-05,33.6400,16.7300,UP,0.0979,0.0616,0.0185,True,0.3936,0.4243,0.7750,2.0950,22.6700,22.8200,20.6400,-10.6800,-11.2400,False,-0.8217,BAJISTA,-22.2600,-23.3800,26.0500,26.4300,26.4300,19.4200,-23.3800,4.2700,1.3640,False,False,20.4400,1,21.7700,True,0.9400,HAMMER,6.9000,5.0000,8.5000,7.0000,7,7.0000,7.0000,False,False,True,True,True,False,4.1900,6.2900,1.5000,SIDI_INTRADAY_V2,0.6186,-2.3161,-0.1096,0.8951,294,XLP,True,32.3790,12.7742,1.4086,0.9096,10.3940,0.0429,0.0463,0.0282,0.1574,-0.0240,-0.6720,36.3260,1.8820,621551616.0000,342711008.0000,1.8136,11048292352,0.2890,3.6800,5.7800,550350800,4.3300,0.0000,5.9700,7.4700,0.0563,OK,0,5.3600,False,True,False,False,False,False,VOLUME|FUND65|ABNORMAL20,False,3-7d,XLP,,PG|KO|PEP,inflation|input_costs|fx_rates,POST_ANALYSIS_ACTUAL_FILL,LIVE_QUOTE_AT_ANALYSIS,True,1.0000,1.5000,1.0000,-5.0000,7,1.5000,3,SELL_50_PCT_AT_TP1_REST_AT_TP2,MOVE_REMAINDER_TO_BREAK_EVEN,EXIT_AT_OPEN_IF_OPEN_BELOW_SL,SL_FIRST,10,PENDING_ANALYSIS,0.4243,0.4243,0.6364,20.6743,20.8864,19.2375,Indicative levels use the signal close only. Final SL/TP1/TP2 and sizing must be recalculated from the actual post-analysis broker fill.,-39,2026-12-03,False,2026-08-27,0.3700,0.3500,4.6000,ALCISTA FUERTE,10,769.6400,7.3400,59.8000,15.3100,SIDI_INTRADAY_V2: Fund≥6.5 · DD60≥12% · RSI<40 · MACD↑ · Vol↓ · SPY20≤+1% · Abnormal20≤-10%,SIDI_INTRADAY_V2,True
FDS,FactSet,Financials,Financial Exchanges & Data,2021-12-20,266.0000,275.4400,275.4400,264.4700,266.0000,2026-10-02,2026-10-05,42.3700,33.7200,UP,-1.1779,-1.0918,-2.4787,False,0.2627,11.5929,0.9710,4.3580,282.0500,247.3200,276.1700,-5.6900,7.5500,True,-0.0286,NEUTRO,-15.1700,-17.0000,313.5500,320.4800,320.4800,182.4700,-17.0000,45.7800,0.6140,False,False,255.8700,1,270.0800,True,-3.8100,HAMMER|DOJI,6.5300,8.0000,6.0000,5.0000,7,6.5000,7.0000,False,False,True,False,False,False,8.7200,13.0700,1.5000,SIDI_INTRADAY_V2,0.6186,-7.8076,-1.0246,1.5677,294,XLF,True,18.3844,12.3322,4.7155,3.8472,12.1420,0.2547,0.1036,0.2154,0.5060,0.0630,-0.1520,77.0490,0.5990,641526656.0000,533480992.0000,1.2025,9526586368,0.7660,4.2400,1.7400,35565543,4.5400,1.1300,6.2900,6.4900,0.0673,OK,0,5.3400,False,True,False,False,False,False,RSI40|MACD|VOLUME|FUND65|ABNORMAL20,False,7-15d,XLF,,JPM|BAC|WFC,interest_rates|yield_curve|credit_spreads|loan_growth,POST_ANALYSIS_ACTUAL_FILL,LIVE_QUOTE_AT_ANALYSIS,True,1.0000,1.5000,1.0000,-5.0000,7,1.5000,3,SELL_50_PCT_AT_TP1_REST_AT_TP2,MOVE_REMAINDER_TO_BREAK_EVEN,EXIT_AT_OPEN_IF_OPEN_BELOW_SL,SL_FIRST,10,PENDING_ANALYSIS,11.5929,11.5929,17.3894,277.5929,283.3893,252.7000,Indicative levels use the signal close only. Final SL/TP1/TP2 and sizing must be recalculated from the actual post-analysis broker fill.,73,2026-12-17,False,2026-09-30,4.5200,4.3500,4.0000,ALCISTA FUERTE,10,769.6400,7.3400,59.8000,15.3100,SIDI_INTRADAY_V2: Fund≥6.5 · DD60≥12% · RSI<40 · MACD↑ · Vol↓ · SPY20≤+1% · Abnormal20≤-10%,SIDI_INTRADAY_V2,True
QCOM,Qualcomm,Information Technology,Semiconductors,1999-07-22,184.8700,186.7200,188.9500,183.3600,184.8700,2026-10-02,2026-10-05,52.9400,72.8300,DOWN,-1.2934,-1.1138,0.1404,False,0.4878,9.2357,1.1900,4.9960,170.9400,167.8400,183.9900,8.1500,10.1400,True,1.0559,ALCISTA,-8.4700,-10.1900,201.9700,205.8500,257.5600,120.8800,-28.2200,52.9300,0.6680,True,True,171.1900,1,195.0300,False,-7.4000,NONE,6.3500,10.0000,5.0000,7.5000,4,5.0000,5.0000,False,False,False,False,False,True,9.9900,14.9900,1.5000,SIDI_INTRADAY_V2,0.6186,2.7862,0.2047,1.0745,294,XLK,True,21.0584,17.8436,6.9532,4.4096,16.7620,0.3375,0.1161,0.2101,0.5423,-0.0400,-0.2300,55.2100,2.0160,10241000448.0000,9260000256.0000,1.1059,194328264704,1.6510,3.3400,1.9900,1068060487,4.6500,0.0000,6.6100,7.7900,0.0527,OK,0,5.3300,False,True,False,False,False,False,DD12|RSI40|MACD|FUND65|ABNORMAL20,False,10-18d,XLK,,AAPL|MSFT|NVDA,interest_rates|ai_capex_cycle|semiconductor_cycle,POST_ANALYSIS_ACTUAL_FILL,LIVE_QUOTE_AT_ANALYSIS,True,1.0000,1.5000,1.0000,-5.0000,7,1.5000,3,SELL_50_PCT_AT_TP1_REST_AT_TP2,MOVE_REMAINDER_TO_BREAK_EVEN,EXIT_AT_OPEN_IF_OPEN_BELOW_SL,SL_FIRST,10,PENDING_ANALYSIS,9.2357,9.2357,13.8535,194.1057,198.7235,175.6265,Indicative levels use the signal close only. Final SL/TP1/TP2 and sizing must be recalculated from the actual post-analysis broker fill.,30,2026-11-04,False,2026-07-29,2.2100,2.2300,-74.0000,ALCISTA FUERTE,10,769.6400,7.3400,59.8000,15.3100,SIDI_INTRADAY_V2: Fund≥6.5 · DD60≥12% · RSI<40 · MACD↑ · Vol↓ · SPY20≤+1% · Abnormal20≤-10%,SIDI_INTRADAY_V2,True
LOW,Lowe's,Consumer Discretionary,Home Improvement Retail,1984-02-29,180.8000,184.6100,185.1600,180.0100,180.8000,2026-10-02,2026-10-05,20.3900,24.9600,DOWN,-0.6554,-0.5619,-0.3461,False,0.0283,4.3964,0.8430,2.4320,205.0600,229.8600,192.0600,-11.8300,-21.3400,False,-1.8632,BAJISTA,-19.0500,-19.9300,223.3500,225.7900,289.8700,179.2100,-37.6300,0.8900,0.8370,False,False,,0,223.4400,False,,HAMMER,6.0000,5.0000,7.5000,5.0000,4,8.0000,7.0000,False,False,True,True,False,False,4.8600,7.2900,1.5000,SIDI_INTRADAY_V2,0.6186,-3.3545,-0.4333,1.0276,294,XLY,True,15.1779,13.7877,-13.5442,1.1140,11.0220,,0.1252,0.0735,0.3299,0.0830,0.0000,,1.1050,4615374848.0000,6624999936.0000,0.6967,100740046848,0.8780,2.9000,2.7700,561054019,4.8700,3.8700,4.9700,5.9100,0.0458,FCF/NI:0.70,1,5.3200,False,True,False,False,False,False,MACD|VOLUME|FUND65|ABNORMAL20,False,3-7d,XLY,,AMZN|TSLA|HD,consumer_spending|employment_data|interest_rates,POST_ANALYSIS_ACTUAL_FILL,LIVE_QUOTE_AT_ANALYSIS,True,1.0000,1.5000,1.0000,-5.0000,7,1.5000,3,SELL_50_PCT_AT_TP1_REST_AT_TP2,MOVE_REMAINDER_TO_BREAK_EVEN,EXIT_AT_OPEN_IF_OPEN_BELOW_SL,SL_FIRST,10,PENDING_ANALYSIS,4.3964,4.3964,6.5946,185.1964,187.3946,171.7600,Indicative levels use the signal close only. Final SL/TP1/TP2 and sizing must be recalculated from the actual post-analysis broker fill.,44,2026-11-18,False,2026-08-19,4.4000,4.2200,4.2000,ALCISTA FUERTE,10,769.6400,7.3400,59.8000,15.3100,SIDI_INTRADAY_V2: Fund≥6.5 · DD60≥12% · RSI<40 · MACD↑ · Vol↓ · SPY20≤+1% · Abnormal20≤-10%,SIDI_INTRADAY_V2,True
CMI,Cummins,Industrials,Construction Machinery & Heavy Transportation Equipment,1965-03-31,528.3200,524.7300,531.2600,521.4200,528.3200,2026-10-02,2026-10-05,41.2600,27.8400,UP,2.4030,1.4803,1.3065,True,0.4065,13.2771,0.6580,2.5130,579.7900,600.0100,535.7300,-8.8800,-11.9500,False,0.7307,BAJISTA,-21.5500,-22.7000,673.4400,683.4500,735.0200,394.9500,-28.1200,33.7700,0.9170,False,False,514.3700,1,658.5600,True,-2.6400,HAMMER,6.3000,5.5000,7.0000,5.0000,7,7.0000,7.0000,False,False,True,False,True,False,5.0300,7.5400,1.5000,SIDI_INTRADAY_V2,0.6186,1.7623,0.1163,1.5385,294,XLI,True,27.0358,15.3020,5.6696,2.1035,15.5680,0.2111,0.0700,0.0782,0.2577,0.0940,0.0470,59.5860,1.7270,2229374976.0000,2715000064.0000,0.8211,73008644096,1.2380,3.5700,1.6700,137989067,4.6400,3.0600,5.8600,5.0500,0.0305,OK,0,5.3000,False,True,False,False,False,False,RSI40|VOLUME|FUND65|ABNORMAL20,False,3-7d,XLI,,CAT|UNP|HON,pmi_manufacturing|supply_chain|capex_cycle,POST_ANALYSIS_ACTUAL_FILL,LIVE_QUOTE_AT_ANALYSIS,True,1.0000,1.5000,1.0000,-5.0000,7,1.5000,3,SELL_50_PCT_AT_TP1_REST_AT_TP2,MOVE_REMAINDER_TO_BREAK_EVEN,EXIT_AT_OPEN_IF_OPEN_BELOW_SL,SL_FIRST,10,PENDING_ANALYSIS,13.2771,13.2771,19.9156,541.5971,548.2357,501.9040,Indicative levels use the signal close only. Final SL/TP1/TP2 and sizing must be recalculated from the actual post-analysis broker fill.,31,2026-11-05,False,2026-08-04,6.7300,7.1700,-6.1000,ALCISTA FUERTE,10,769.6400,7.3400,59.8000,15.3100,SIDI_INTRADAY_V2: Fund≥6.5 · DD60≥12% · RSI<40 · MACD↑ · Vol↓ · SPY20≤+1% · Abnormal20≤-10%,SIDI_INTRADAY_V2,True
EXC,Exelon,Utilities,Electric Utilities,1957-03-04,40.7300,40.6200,41.2100,40.6000,40.7300,2026-10-02,2026-10-05,27.7400,17.5200,UP,-0.0452,-0.0996,-0.1685,True,0.2810,0.6471,0.7490,1.5890,43.6300,44.9100,41.6500,-6.6400,-9.3100,False,-0.4156,BAJISTA,-13.4900,-15.2000,47.0800,48.0300,49.7000,39.7300,-18.0600,2.5200,1.1450,False,False,39.7300,1,46.7900,True,-2.4600,NONE,6.7300,5.0000,9.5000,5.0000,7,8.5000,5.0000,False,False,True,True,True,False,3.1800,4.7700,1.5000,SIDI_INTRADAY_V2,0.6186,-1.9760,-0.2839,0.8959,294,XLU,True,15.0643,13.4862,1.4242,1.6669,11.1200,0.0971,0.0281,0.1099,0.4236,0.0990,-0.0020,177.3620,1.0880,-2685125120.0000,2783000064.0000,-0.9648,42214653952,0.4020,4.7800,4.1200,1030253967,4.3500,5.0000,4.3800,3.5700,-0.0636,FCF/NI:-0.96|D/E:177,2,5.3000,False,True,False,False,False,False,VOLUME|FUND65|ABNORMAL20,False,5-10d,XLU,,NEE|DUK|SO,interest_rates|regulatory_environment,POST_ANALYSIS_ACTUAL_FILL,LIVE_QUOTE_AT_ANALYSIS,True,1.0000,1.5000,1.0000,-5.0000,7,1.5000,3,SELL_50_PCT_AT_TP1_REST_AT_TP2,MOVE_REMAINDER_TO_BREAK_EVEN,EXIT_AT_OPEN_IF_OPEN_BELOW_SL,SL_FIRST,10,PENDING_ANALYSIS,0.6471,0.6471,0.9707,41.3771,41.7006,38.6935,Indicative levels use the signal close only. Final SL/TP1/TP2 and sizing must be recalculated from the actual post-analysis broker fill.,25,2026-11-03,False,2026-07-30,0.4300,0.4500,-3.9000,ALCISTA FUERTE,10,769.6400,7.3400,59.8000,15.3100,SIDI_INTRADAY_V2: Fund≥6.5 · DD60≥12% · RSI<40 · MACD↑ · Vol↓ · SPY20≤+1% · Abnormal20≤-10%,SIDI_INTRADAY_V2,True
LITE,Lumentum,Information Technology,Communications Equipment,2026-03-23,1085.4200,1053.2600,1091.6100,1037.2440,1085.4200,2026-10-02,2026-10-05,81.4600,56.4100,UP,12.8406,7.6958,1.4932,True,1.1072,62.1597,0.8690,5.7270,879.0300,745.4300,950.0900,23.4800,45.6100,True,9.2960,ALCISTA,0.0000,-0.5700,1085.4200,1091.6100,1091.6100,147.8100,-0.5700,634.3300,0.9550,False,False,849.8100,2,1085.6801,False,-21.7100,HAMMER,6.4500,10.0000,7.0000,5.0000,4,5.0000,7.0000,False,False,False,False,True,False,11.4500,17.1800,1.5000,SIDI_INTRADAY_V2,0.6186,4.6576,-2.7798,2.9352,294,XLK,True,,30.6487,20.7969,32.4411,120.2630,-2.4003,0.0582,-2.3010,0.4424,1.0930,,35.9870,1.6780,224700000.0000,-6935099904.0000,-0.0324,97777491968,1.5360,1.5800,0.0000,89700000,4.5400,7.5000,3.1500,2.7100,0.0023,FCF/NI:-0.03|ROE:-240.0%,2,5.3000,False,True,False,False,False,False,DD12|RSI40|VOLUME|FUND65|ABNORMAL20,False,10-18d,XLK,,AAPL|MSFT|NVDA,interest_rates|ai_capex_cycle|semiconductor_cycle,POST_ANALYSIS_ACTUAL_FILL,LIVE_QUOTE_AT_ANALYSIS,True,1.0000,1.5000,1.0000,-5.0000,7,1.5000,3,SELL_50_PCT_AT_TP1_REST_AT_TP2,MOVE_REMAINDER_TO_BREAK_EVEN,EXIT_AT_OPEN_IF_OPEN_BELOW_SL,SL_FIRST,10,PENDING_ANALYSIS,62.1597,62.1597,93.2396,1147.5797,1178.6596,1031.1490,Indicative levels use the signal close only. Final SL/TP1/TP2 and sizing must be recalculated from the actual post-analysis broker fill.,31,2026-11-05,False,2026-08-11,3.2300,2.9700,8.8000,ALCISTA FUERTE,10,769.6400,7.3400,59.8000,15.3100,SIDI_INTRADAY_V2: Fund≥6.5 · DD60≥12% · RSI<40 · MACD↑ · Vol↓ · SPY20≤+1% · Abnormal20≤-10%,SIDI_INTRADAY_V2,True
VICI,Vici Properties,Real Estate,Hotel & Resort REITs,2022-06-08,22.6500,22.8400,22.9540,22.6100,22.6500,2026-10-02,2026-10-05,19.6200,28.0300,DOWN,-0.0830,-0.0816,-0.0697,False,0.0624,0.3711,0.8110,1.6390,25.0200,26.5100,23.7700,-9.4600,-14.5600,False,-1.0621,BAJISTA,-14.9800,-16.5200,26.6400,27.1300,30.8400,22.5400,-26.5600,0.4900,0.7070,False,False,,0,27.8100,False,,NONE,5.8000,5.0000,7.5000,5.0000,4,8.0000,5.0000,False,False,True,True,False,False,3.2800,4.9200,1.5000,SIDI_INTRADAY_V2,0.6186,-1.7216,-0.2618,1.0189,294,XLRE,True,8.8307,7.5903,0.8566,6.0984,11.7920,0.0985,0.0482,0.6750,0.9927,0.0570,-0.4140,60.2770,11.2360,267028992.0000,2765718016.0000,0.0965,24988954624,0.6740,2.9500,8.1200,1101077562,4.9600,2.7300,6.1100,6.2300,0.0107,FCF/NI:0.10,1,5.3000,False,True,False,False,False,False,MACD|VOLUME|FUND65|ABNORMAL20,False,3-7d,XLRE,,PLD|AMT|EQIX,interest_rates|cap_rates|occupancy_trends,POST_ANALYSIS_ACTUAL_FILL,LIVE_QUOTE_AT_ANALYSIS,True,1.0000,1.5000,1.0000,-5.0000,7,1.5000,3,SELL_50_PCT_AT_TP1_REST_AT_TP2,MOVE_REMAINDER_TO_BREAK_EVEN,EXIT_AT_OPEN_IF_OPEN_BELOW_SL,SL_FIRST,10,PENDING_ANALYSIS,0.3711,0.3711,0.5566,23.0211,23.2066,21.5175,Indicative levels use the signal close only. Final SL/TP1/TP2 and sizing must be recalculated from the actual post-analysis broker fill.,23,2026-10-28,False,2026-07-29,0.4800,0.7100,-31.8000,ALCISTA FUERTE,10,769.6400,7.3400,59.8000,15.3100,SIDI_INTRADAY_V2: Fund≥6.5 · DD60≥12% · RSI<40 · MACD↑ · Vol↓ · SPY20≤+1% · Abnormal20≤-10%,SIDI_INTRADAY_V2,True
SRE,Sempra,Utilities,Multi-Utilities,2017-03-17,78.3800,78.2600,79.1700,78.1200,78.3800,2026-10-02,2026-10-05,29.7200,24.4100,UP,-0.0389,-0.1303,-0.2777,True,0.2886,1.3319,0.7190,1.6990,83.4200,88.7000,80.0000,-6.0400,-11.6400,False,-0.8854,BAJISTA,-16.2800,-17.3300,93.6200,94.8100,99.4900,76.2100,-21.2200,2.8500,0.8440,False,False,78.9300,1,85.6000,True,0.7000,NONE,6.7300,5.0000,9.5000,5.0000,7,8.5000,5.0000,False,False,True,True,True,False,3.4000,5.1000,1.5000,SIDI_INTRADAY_V2,0.6186,0.5927,-0.1314,1.0528,294,XLU,True,22.6994,14.1776,1.5709,3.7896,16.7670,0.0668,0.0196,0.1682,0.4399,-0.0010,0.7130,84.6630,1.6420,-27657750528.0000,2262000128.0000,-12.2271,51357335552,0.5600,2.8000,3.3600,653900348,4.3300,5.0000,4.8100,2.9700,-0.5385,FCF/NI:-12.23,1,5.2900,False,True,False,False,False,False,VOLUME|FUND65|ABNORMAL20,False,5-10d,XLU,,NEE|DUK|SO,interest_rates|regulatory_environment,POST_ANALYSIS_ACTUAL_FILL,LIVE_QUOTE_AT_ANALYSIS,True,1.0000,1.5000,1.0000,-5.0000,7,1.5000,3,SELL_50_PCT_AT_TP1_REST_AT_TP2,MOVE_REMAINDER_TO_BREAK_EVEN,EXIT_AT_OPEN_IF_OPEN_BELOW_SL,SL_FIRST,10,PENDING_ANALYSIS,1.3319,1.3319,1.9979,79.7119,80.3778,74.4610,Indicative levels use the signal close only. Final SL/TP1/TP2 and sizing must be recalculated from the actual post-analysis broker fill.,30,2026-11-04,False,2026-08-06,1.1600,1.0600,9.7000,ALCISTA FUERTE,10,769.6400,7.3400,59.8000,15.3100,SIDI_INTRADAY_V2: Fund≥6.5 · DD60≥12% · RSI<40 · MACD↑ · Vol↓ · SPY20≤+1% · Abnormal20≤-10%,SIDI_INTRADAY_V2,True
TSLA,"Tesla, Inc.",Consumer Discretionary,Automobile Manufacturers,2020-12-21,370.5900,360.0800,374.6000,359.4100,370.5900,2026-10-02,2026-10-05,57.6200,63.9100,DOWN,-1.4985,-2.4288,-1.4985,True,0.6610,11.4629,0.8030,3.0930,347.5800,393.1800,362.8200,6.6200,-5.7500,False,-1.6633,BAJISTA,-9.1200,-10.3000,407.7600,413.1600,498.8300,297.3800,-25.7100,24.6200,1.4490,False,False,366.3700,3,432.8600,True,-1.1400,HAMMER,6.8500,6.5000,6.0000,7.0000,10,5.0000,7.0000,False,False,False,False,True,False,6.1900,9.2800,1.5000,SIDI_INTRADAY_V2,0.6186,8.5592,1.1675,1.0136,294,XLY,True,349.1183,175.8012,17.1424,14.3716,133.6010,0.0467,0.0193,0.0367,0.1885,0.2550,-0.0300,18.3730,1.9410,4835999744.0000,3806000128.0000,1.2706,1489168105472,1.9160,1.7900,0.0000,3949547394,4.2500,5.0000,5.8500,1.5200,0.0032,OK,0,5.2900,False,True,False,False,False,False,DD12|RSI40|VOLUME|FUND65|ABNORMAL20,False,3-7d,XLY,,AMZN|HD|MCD,consumer_spending|employment_data|interest_rates,POST_ANALYSIS_ACTUAL_FILL,LIVE_QUOTE_AT_ANALYSIS,True,1.0000,1.5000,1.0000,-5.0000,7,1.5000,3,SELL_50_PCT_AT_TP1_REST_AT_TP2,MOVE_REMAINDER_TO_BREAK_EVEN,EXIT_AT_OPEN_IF_OPEN_BELOW_SL,SL_FIRST,10,PENDING_ANALYSIS,11.4629,11.4629,17.1944,382.0529,387.7843,352.0605,Indicative levels use the signal close only. Final SL/TP1/TP2 and sizing must be recalculated from the actual post-analysis broker fill.,16,2026-10-21,False,2026-07-22,0.3300,0.5400,-39.1000,ALCISTA FUERTE,10,769.6400,7.3400,59.8000,15.3100,SIDI_INTRADAY_V2: Fund≥6.5 · DD60≥12% · RSI<40 · MACD↑ · Vol↓ · SPY20≤+1% · Abnormal20≤-10%,SIDI_INTRADAY_V2,True
TRMB,Trimble Inc.,Information Technology,Application Software,2021-01-21,57.5200,58.2100,58.2600,57.1800,57.5200,2026-10-02,2026-10-05,40.6200,41.7800,DOWN,-0.1364,-0.1596,-0.1648,True,0.3694,1.4086,0.7500,2.4490,58.2400,62.6700,57.9500,-1.2400,-8.2200,False,-3.4201,BAJISTA,-6.5300,-7.2300,61.5400,62.0000,84.4200,47.9200,-31.8600,20.0300,0.8390,True,True,56.6200,1,58.3000,True,-1.5600,NONE,6.3000,5.0000,6.0000,7.5000,7,7.0000,5.0000,False,False,False,False,True,True,4.9000,7.3500,1.5000,SIDI_INTRADAY_V2,0.6186,3.6036,1.8853,-0.5771,294,XLK,True,,14.1672,2.6743,3.6127,16.6540,-0.0194,0.0480,-0.0277,0.7177,0.1100,,28.5530,0.9540,686174976.0000,-104700000.0000,-6.5537,13666670592,1.3430,2.4600,0.0000,233179848,4.6100,3.4100,3.2400,7.6200,0.0502,FCF/NI:-6.55|ROE:-1.9%,2,5.2900,False,True,False,False,False,False,DD12|RSI40|FUND65|ABNORMAL20,False,3-7d,XLK,,AAPL|MSFT|NVDA,interest_rates|ai_capex_cycle|semiconductor_cycle,POST_ANALYSIS_ACTUAL_FILL,LIVE_QUOTE_AT_ANALYSIS,True,1.0000,1.5000,1.0000,-5.0000,7,1.5000,3,SELL_50_PCT_AT_TP1_REST_AT_TP2,MOVE_REMAINDER_TO_BREAK_EVEN,EXIT_AT_OPEN_IF_OPEN_BELOW_SL,SL_FIRST,10,PENDING_ANALYSIS,1.4086,1.4086,2.1129,58.9286,59.6329,54.6440,Indicative levels use the signal close only. Final SL/TP1/TP2 and sizing must be recalculated from the actual post-analysis broker fill.,30,2026-11-04,False,2026-08-12,0.8600,0.8000,7.2000,ALCISTA FUERTE,10,769.6400,7.3400,59.8000,15.3100,SIDI_INTRADAY_V2: Fund≥6.5 · DD60≥12% · RSI<40 · MACD↑ · Vol↓ · SPY20≤+1% · Abnormal20≤-10%,SIDI_INTRADAY_V2,True
AON,Aon plc,Financials,Insurance Brokers,1996-04-23,269.4500,274.9600,276.3900,268.9000,269.4500,2026-10-02,2026-10-05,11.9000,19.0100,DOWN,-0.4115,-0.5053,-1.6642,True,0.1466,6.6957,0.7440,2.4850,329.0200,330.8100,292.5000,-18.1100,-18.5500,False,-1.6019,BAJISTA,-29.1700,-29.3700,380.3900,381.4700,381.4700,268.9000,-29.3700,0.2000,0.7140,False,False,,0,329.4700,False,,HAMMER,6.5000,5.0000,8.5000,5.0000,4,10.0000,7.0000,False,False,True,True,True,False,4.9700,7.4500,1.5000,SIDI_INTRADAY_V2,0.6186,-6.1921,-0.9879,1.3867,294,XLF,True,14.9449,13.3860,5.9880,3.2717,12.2110,0.4470,0.0583,0.2227,0.4815,0.0220,-0.0300,163.4810,1.0330,3190874880.0000,3913999872.0000,0.8152,57507209216,0.6910,2.5500,1.2200,212125434,4.4600,0.0700,6.9600,6.6600,0.0555,D/E:163,1,5.2800,False,True,False,False,False,False,VOLUME|FUND65|ABNORMAL20,False,3-7d,XLF,,JPM|BAC|WFC,interest_rates|yield_curve|credit_spreads|loan_growth,POST_ANALYSIS_ACTUAL_FILL,LIVE_QUOTE_AT_ANALYSIS,True,1.0000,1.5000,1.0000,-5.0000,7,1.5000,3,SELL_50_PCT_AT_TP1_REST_AT_TP2,MOVE_REMAINDER_TO_BREAK_EVEN,EXIT_AT_OPEN_IF_OPEN_BELOW_SL,SL_FIRST,10,PENDING_ANALYSIS,6.6957,6.6957,10.0435,276.1457,279.4935,255.9775,Indicative levels use the signal close only. Final SL/TP1/TP2 and sizing must be recalculated from the actual post-analysis broker fill.,25,2026-10-30,False,2026-07-29,3.8100,3.8000,27.0000,ALCISTA FUERTE,10,769.6400,7.3400,59.8000,15.3100,SIDI_INTRADAY_V2: Fund≥6.5 · DD60≥12% · RSI<40 · MACD↑ · Vol↓ · SPY20≤+1% · Abnormal20≤-10%,SIDI_INTRADAY_V2,True
CRWD,CrowdStrike,Information Technology,Systems Software,2024-06-24,270.0400,269.5000,273.5350,267.6720,270.0400,2026-10-02,2026-10-05,73.5000,71.0000,UP,1.6519,1.7828,2.2890,False,0.8187,11.1404,0.9870,4.1250,219.8000,153.5400,246.4900,22.8600,75.8700,True,8.0622,ALCISTA,0.0000,-1.2800,270.0400,273.5400,273.5400,85.6800,-1.2800,215.1700,0.5520,True,True,181.1200,2,,False,-32.9300,HAMMER|DOJI|HAMMER|DOJI,6.7500,10.0000,6.0000,7.5000,4,5.0000,7.0000,False,False,False,False,False,True,8.2500,12.3800,1.5000,SIDI_INTRADAY_V2,0.6186,8.5584,-0.3598,1.0173,294,XLK,True,4527.1670,169.1440,54.5113,51.5426,2548.6150,0.0146,-0.0078,0.0083,0.7519,0.2580,,15.9580,1.5700,1995385472.0000,44995000.0000,44.3468,278131441664,1.1970,2.4100,0.0000,1023934842,4.3000,5.3100,5.6300,1.5800,0.0072,OK,0,5.2800,False,True,False,False,False,False,DD12|RSI40|MACD|FUND65|ABNORMAL20,False,10-18d,XLK,,AAPL|MSFT|NVDA,interest_rates|ai_capex_cycle|semiconductor_cycle,POST_ANALYSIS_ACTUAL_FILL,LIVE_QUOTE_AT_ANALYSIS,True,1.0000,1.5000,1.0000,-5.0000,7,1.5000,3,SELL_50_PCT_AT_TP1_REST_AT_TP2,MOVE_REMAINDER_TO_BREAK_EVEN,EXIT_AT_OPEN_IF_OPEN_BELOW_SL,SL_FIRST,10,PENDING_ANALYSIS,11.1404,11.1404,16.7106,281.1804,286.7506,256.5380,Indicative levels use the signal close only. Final SL/TP1/TP2 and sizing must be recalculated from the actual post-analysis broker fill.,57,2026-12-01,False,2026-08-26,0.3100,0.2900,6.4000,ALCISTA FUERTE,10,769.6400,7.3400,59.8000,15.3100,SIDI_INTRADAY_V2: Fund≥6.5 · DD60≥12% · RSI<40 · MACD↑ · Vol↓ · SPY20≤+1% · Abnormal20≤-10%,SIDI_INTRADAY_V2,True
BKR,Baker Hughes,Energy,Oil & Gas Equipment & Services,2017-07-07,56.0000,55.5300,56.3200,55.3000,56.0000,2026-10-02,2026-10-05,45.4800,26.6700,UP,-0.1703,-0.2381,-0.2064,True,0.3073,1.3593,0.7690,2.4270,60.5800,59.0500,57.8500,-7.5600,-5.1700,True,1.6985,BAJISTA,-13.7100,-15.2700,64.9000,66.0900,69.9200,43.2400,-19.9100,29.5000,0.4990,True,True,55.4400,1,58.6800,True,-1.0000,NONE,7.0500,7.0000,7.0000,7.5000,8,7.0000,5.0000,False,False,True,False,True,True,4.8500,7.2800,1.5000,SIDI_INTRADAY_V2,0.6186,-9.1019,1.0141,0.8019,294,XLE,True,18.6141,19.2337,2.8856,2.0727,11.3650,0.1646,0.0485,0.1117,0.2366,-0.0240,-0.0420,80.9250,2.0950,4415000064.0000,3096000000.0000,1.4260,57465901056,1.0350,3.6000,1.6400,992674071,4.0900,0.0000,5.8000,6.8500,0.0768,D/E:81,1,5.2700,False,True,False,False,False,False,RSI40|FUND65|ABNORMAL20,False,3-7d,XLE,,XOM|CVX|COP,oil_price|gas_price|opec_supply|inventories,POST_ANALYSIS_ACTUAL_FILL,LIVE_QUOTE_AT_ANALYSIS,True,1.0000,1.5000,1.0000,-5.0000,7,1.5000,3,SELL_50_PCT_AT_TP1_REST_AT_TP2,MOVE_REMAINDER_TO_BREAK_EVEN,EXIT_AT_OPEN_IF_OPEN_BELOW_SL,SL_FIRST,10,PENDING_ANALYSIS,1.3593,1.3593,2.0389,57.3593,58.0389,53.2000,Indicative levels use the signal close only. Final SL/TP1/TP2 and sizing must be recalculated from the actual post-analysis broker fill.,22,2026-10-27,False,2026-07-26,0.6400,0.4900,31.5000,ALCISTA FUERTE,10,769.6400,7.3400,59.8000,15.3100,SIDI_INTRADAY_V2: Fund≥6.5 · DD60≥12% · RSI<40 · MACD↑ · Vol↓ · SPY20≤+1% · Abnormal20≤-10%,SIDI_INTRADAY_V2,True
KR,Kroger,Consumer Staples,Food Retail,1957-03-04,59.0300,59.3900,59.8300,58.8600,59.0300,2026-10-02,2026-10-05,42.7400,50.5300,DOWN,-0.0889,-0.0618,0.0146,False,0.4728,1.5350,0.9950,2.6000,58.0600,62.9000,59.0700,1.6800,-6.1600,False,-0.7408,BAJISTA,-5.1700,-5.6300,62.2500,62.5500,75.6600,53.7800,-21.9800,9.7600,0.5630,False,False,57.5600,1,59.2000,True,-2.4900,NONE,5.7500,6.5000,5.0000,5.0000,8,5.0000,5.0000,False,False,False,False,False,False,5.2000,7.8000,1.5000,SIDI_INTRADAY_V2,0.6186,8.5624,-0.6358,1.0038,294,XLP,True,32.6722,10.6729,6.0016,0.2326,7.1300,0.1444,0.0580,0.0073,0.2390,0.0200,0.1530,413.2400,0.7020,2535500032.0000,1078000000.0000,2.3520,34732519424,0.3530,4.4400,2.6400,590588700,4.9500,4.0300,4.5900,6.4400,0.0730,D/E:413,1,5.2700,False,True,False,False,False,False,DD12|RSI40|MACD|VOLUME|FUND65|ABNORMAL20,False,3-7d,XLP,,PG|KO|PEP,inflation|input_costs|fx_rates,POST_ANALYSIS_ACTUAL_FILL,LIVE_QUOTE_AT_ANALYSIS,True,1.0000,1.5000,1.0000,-5.0000,7,1.5000,3,SELL_50_PCT_AT_TP1_REST_AT_TP2,MOVE_REMAINDER_TO_BREAK_EVEN,EXIT_AT_OPEN_IF_OPEN_BELOW_SL,SL_FIRST,10,PENDING_ANALYSIS,1.5350,1.5350,2.3025,60.5650,61.3325,56.0785,Indicative levels use the signal close only. Final SL/TP1/TP2 and sizing must be recalculated from the actual post-analysis broker fill.,59,2026-12-03,False,2026-09-11,1.0900,1.0500,3.6000,ALCISTA FUERTE,10,769.6400,7.3400,59.8000,15.3100,SIDI_INTRADAY_V2: Fund≥6.5 · DD60≥12% · RSI<40 · MACD↑ · Vol↓ · SPY20≤+1% · Abnormal20≤-10%,SIDI_INTRADAY_V2,True
PTC,PTC Inc.,Information Technology,Application Software,2021-04-20,144.0300,148.0300,148.0300,143.5100,144.0300,2026-10-02,2026-10-05,60.6300,46.3600,UP,1.0815,0.9734,0.3271,True,0.8825,4.6243,0.9040,3.2110,142.2700,145.1100,140.1100,1.2400,-0.7500,False,-2.5338,BAJISTA,-9.3900,-9.6800,158.9500,159.4600,206.8200,108.5000,-30.3600,32.7500,0.6410,True,True,137.9500,1,143.9900,False,-4.2200,NONE,6.2000,6.5000,7.0000,7.5000,5,5.0000,5.0000,False,False,False,False,True,True,6.4200,9.6300,1.5000,SIDI_INTRADAY_V2,0.6186,0.1798,0.9025,-0.4559,294,XLK,True,18.6760,21.5628,6.1441,7.0728,13.2330,0.3505,0.1154,0.4143,0.8450,-0.0680,-0.1200,46.3350,1.0250,1031425152.0000,1223814016.0000,0.8428,20892880896,0.9950,4.4300,0.0000,108506261,4.6500,0.0000,6.5300,7.8700,0.0494,OK,0,5.2700,False,True,False,False,False,False,DD12|RSI40|FUND65|ABNORMAL20,False,3-7d,XLK,,AAPL|MSFT|NVDA,interest_rates|ai_capex_cycle|semiconductor_cycle,POST_ANALYSIS_ACTUAL_FILL,LIVE_QUOTE_AT_ANALYSIS,True,1.0000,1.5000,1.0000,-5.0000,7,1.5000,3,SELL_50_PCT_AT_TP1_REST_AT_TP2,MOVE_REMAINDER_TO_BREAK_EVEN,EXIT_AT_OPEN_IF_OPEN_BELOW_SL,SL_FIRST,10,PENDING_ANALYSIS,4.6243,4.6243,6.9364,148.6543,150.9665,136.8285,Indicative levels use the signal close only. Final SL/TP1/TP2 and sizing must be recalculated from the actual post-analysis broker fill.,37,2026-11-11,False,2026-07-29,1.5800,1.5600,98.0000,ALCISTA FUERTE,10,769.6400,7.3400,59.8000,15.3100,SIDI_INTRADAY_V2: Fund≥6.5 · DD60≥12% · RSI<40 · MACD↑ · Vol↓ · SPY20≤+1% · Abnormal20≤-10%,SIDI_INTRADAY_V2,True
DHI,D. R. Horton,Consumer Discretionary,Homebuilding,2005-06-22,135.0000,139.7300,140.5000,134.1400,135.0000,2026-10-02,2026-10-05,41.4500,47.9600,DOWN,-0.1685,0.0085,0.3191,False,0.0321,3.8843,0.8990,2.8770,144.0700,147.8800,139.8400,-6.3000,-8.7100,False,-0.7712,BAJISTA,-12.3200,-13.8800,153.9600,156.7600,174.1300,130.9600,-22.4700,3.0800,0.9480,False,False,133.6600,2,152.7100,True,-0.9900,NONE,5.7500,5.0000,5.0000,5.0000,7,8.0000,5.0000,False,False,True,False,False,False,5.7500,8.6300,1.5000,SIDI_INTRADAY_V2,0.6186,-1.5344,0.1490,0.8655,294,XLY,True,12.7388,11.5682,1.5749,1.1207,10.5290,0.1263,0.0688,0.0915,0.2130,0.0000,-0.0480,29.4510,6.0110,2413900032.0000,3052900096.0000,0.7907,37376483328,1.3510,4.9300,1.3300,279701267,4.9000,0.0000,6.7100,8.5200,0.0646,OK,0,5.2400,False,True,False,False,False,False,RSI40|MACD|VOLUME|FUND65|ABNORMAL20,False,3-7d,XLY,,AMZN|TSLA|HD,consumer_spending|employment_data|interest_rates,POST_ANALYSIS_ACTUAL_FILL,LIVE_QUOTE_AT_ANALYSIS,True,1.0000,1.5000,1.0000,-5.0000,7,1.5000,3,SELL_50_PCT_AT_TP1_REST_AT_TP2,MOVE_REMAINDER_TO_BREAK_EVEN,EXIT_AT_OPEN_IF_OPEN_BELOW_SL,SL_FIRST,10,PENDING_ANALYSIS,3.8843,3.8843,5.8265,138.8843,140.8264,128.2500,Indicative levels use the signal close only. Final SL/TP1/TP2 and sizing must be recalculated from the actual post-analysis broker fill.,24,2026-10-29,False,2026-07-21,3.2000,2.9900,7.1000,ALCISTA FUERTE,10,769.6400,7.3400,59.8000,15.3100,SIDI_INTRADAY_V2: Fund≥6.5 · DD60≥12% · RSI<40 · MACD↑ · Vol↓ · SPY20≤+1% · Abnormal20≤-10%,SIDI_INTRADAY_V2,True
LIN,Linde plc,Materials,Industrial Gases,1992-07-01,479.4800,472.4800,483.4100,470.5500,479.4800,2026-10-02,2026-10-05,66.2800,42.1100,UP,2.3338,1.9140,1.9561,True,0.9972,7.8929,0.8460,1.6460,479.6200,483.4900,471.5600,-0.0300,-0.8300,False,1.3687,BAJISTA,-9.2000,-9.7000,528.0500,530.9600,546.4000,384.0000,-12.2500,24.8600,1.1930,False,False,468.4200,2,520.0600,True,-2.3100,HAMMER,6.1500,5.5000,7.0000,5.0000,8,5.0000,7.0000,False,False,False,False,True,False,3.2900,4.9400,1.5000,SIDI_INTRADAY_V2,0.6186,4.6252,-0.5579,0.7957,294,XLB,True,31.2689,24.7555,5.7132,6.2994,17.7760,0.1840,0.0716,0.2044,0.4835,0.0930,0.1130,68.9470,0.8790,4160750080.0000,7244000256.0000,0.5744,223278055424,0.7130,3.0500,1.3300,460980163,4.6000,4.7100,5.3500,3.6000,0.0186,FCF/NI:0.57,1,5.2200,False,True,False,False,False,False,DD12|RSI40|VOLUME|FUND65|ABNORMAL20,False,3-7d,XLB,,APD|ECL|NEM,commodity_prices|dxy|china_demand|energy_costs,POST_ANALYSIS_ACTUAL_FILL,LIVE_QUOTE_AT_ANALYSIS,True,1.0000,1.5000,1.0000,-5.0000,7,1.5000,3,SELL_50_PCT_AT_TP1_REST_AT_TP2,MOVE_REMAINDER_TO_BREAK_EVEN,EXIT_AT_OPEN_IF_OPEN_BELOW_SL,SL_FIRST,10,PENDING_ANALYSIS,7.8929,7.8929,11.8393,487.3729,491.3194,455.5060,Indicative levels use the signal close only. Final SL/TP1/TP2 and sizing must be recalculated from the actual post-analysis broker fill.,24,2026-10-29,False,2026-07-31,4.5000,4.4900,31.0000,ALCISTA FUERTE,10,769.6400,7.3400,59.8000,15.3100,SIDI_INTRADAY_V2: Fund≥6.5 · DD60≥12% · RSI<40 · MACD↑ · Vol↓ · SPY20≤+1% · Abnormal20≤-10%,SIDI_INTRADAY_V2,True
AIG,American International Group,Financials,Multi-line Insurance,1980-03-31,74.9300,75.4700,75.5700,74.3500,74.9300,2026-10-02,2026-10-05,46.1400,40.3800,UP,0.0637,0.0457,-0.0421,True,0.4890,1.4816,0.9940,1.9770,76.2100,76.1800,75.0700,-1.6800,-1.6400,True,-0.1270,BAJISTA,-6.6900,-6.9300,80.3000,80.5100,85.6400,69.9000,-12.5000,7.1900,0.9350,False,False,73.8200,5,80.4700,True,-1.4800,NONE,6.4500,6.5000,7.0000,5.0000,10,5.0000,5.0000,False,False,False,False,True,False,3.9500,5.9300,1.5000,SIDI_INTRADAY_V2,0.6186,8.3854,-0.4088,0.9892,294,XLF,True,13.7711,8.5362,0.9716,1.4704,4.6440,0.0722,0.0176,0.1109,0.3509,0.0050,-0.1010,22.4660,0.6120,7365000192.0000,2964999936.0000,2.4840,39316340736,0.5280,2.8800,2.6700,522893169,4.3600,0.0000,5.8700,7.6700,0.1873,OK,0,5.2000,False,True,False,False,False,False,DD12|RSI40|VOLUME|FUND65|ABNORMAL20,False,3-7d,XLF,,JPM|BAC|WFC,interest_rates|yield_curve|credit_spreads|loan_growth,POST_ANALYSIS_ACTUAL_FILL,LIVE_QUOTE_AT_ANALYSIS,True,1.0000,1.5000,1.0000,-5.0000,7,1.5000,3,SELL_50_PCT_AT_TP1_REST_AT_TP2,MOVE_REMAINDER_TO_BREAK_EVEN,EXIT_AT_OPEN_IF_OPEN_BELOW_SL,SL_FIRST,10,PENDING_ANALYSIS,1.4816,1.4816,2.2224,76.4116,77.1524,71.1835,Indicative levels use the signal close only. Final SL/TP1/TP2 and sizing must be recalculated from the actual post-analysis broker fill.,29,2026-11-03,False,2026-08-06,2.0000,1.9300,3.7000,ALCISTA FUERTE,10,769.6400,7.3400,59.8000,15.3100,SIDI_INTRADAY_V2: Fund≥6.5 · DD60≥12% · RSI<40 · MACD↑ · Vol↓ · SPY20≤+1% · Abnormal20≤-10%,SIDI_INTRADAY_V2,True
OKE,Oneok,Energy,Oil & Gas Storage & Transportation,2010-03-15,87.8800,86.5300,87.9800,86.0300,87.8800,2026-10-02,2026-10-05,24.7600,30.1900,DOWN,-0.7253,-0.9017,-0.9259,True,0.2258,2.4686,1.0220,2.8090,92.0700,85.3600,90.6100,-4.5500,2.9600,True,2.6587,NEUTRO,-9.8800,-11.9900,97.5100,99.8500,99.8500,61.6700,-11.9900,42.5000,0.9460,False,False,83.0600,5,90.4900,False,-5.4900,NONE,6.7800,8.5000,8.5000,5.0000,6,6.5000,5.0000,False,False,False,True,True,False,5.6200,8.4300,1.5000,SIDI_INTRADAY_V2,0.6186,-7.5096,-0.1990,0.9149,294,XLE,True,15.4370,14.3312,2.4564,1.4313,11.5260,0.1628,0.0577,0.0929,0.2721,0.5280,0.1420,143.0700,0.7370,899875008.0000,3656000000.0000,0.2461,56345972736,0.7980,7.9600,4.8700,630409203,4.1500,4.4300,3.9700,4.0300,0.0160,FCF/NI:0.25|D/E:143,2,5.2000,False,True,False,False,False,False,DD12|VOLUME|FUND65|ABNORMAL20,False,7-15d,XLE,,XOM|CVX|COP,oil_price|gas_price|opec_supply|inventories,POST_ANALYSIS_ACTUAL_FILL,LIVE_QUOTE_AT_ANALYSIS,True,1.0000,1.5000,1.0000,-5.0000,7,1.5000,3,SELL_50_PCT_AT_TP1_REST_AT_TP2,MOVE_REMAINDER_TO_BREAK_EVEN,EXIT_AT_OPEN_IF_OPEN_BELOW_SL,SL_FIRST,10,PENDING_ANALYSIS,2.4686,2.4686,3.7029,90.3486,91.5829,83.4860,Indicative levels use the signal close only. Final SL/TP1/TP2 and sizing must be recalculated from the actual post-analysis broker fill.,22,2026-10-27,False,2026-08-03,1.5300,1.4500,5.6000,ALCISTA FUERTE,10,769.6400,7.3400,59.8000,15.3100,SIDI_INTRADAY_V2: Fund≥6.5 · DD60≥12% · RSI<40 · MACD↑ · Vol↓ · SPY20≤+1% · Abnormal20≤-10%,SIDI_INTRADAY_V2,True
VTRS,Viatris,Health Care,Pharmaceuticals,2004-04-23,17.6000,17.5300,17.6500,17.3400,17.6000,2026-10-02,2026-10-05,65.3600,69.3900,DOWN,0.0469,0.0713,0.1454,False,0.7030,0.4457,0.9640,2.5320,16.8900,15.1400,17.3000,4.1800,16.2800,True,4.5251,ALCISTA,-3.6700,-4.5000,18.2700,18.4300,18.4300,9.3600,-4.5000,88.0700,0.8340,False,False,16.1400,2,17.9400,False,-8.3200,HAMMER,6.0500,10.0000,5.0000,5.0000,4,5.0000,7.0000,False,False,False,False,False,False,5.0600,7.6000,1.5000,SIDI_INTRADAY_V2,0.6186,5.3375,0.4426,0.6979,294,XLV,True,,6.6098,1.4037,1.3772,7.5310,-0.0275,0.0267,-0.0279,0.4031,0.0490,,95.5350,1.5850,2677337600.0000,-410700000.0000,-6.5190,20295600128,0.8580,5.5400,2.7300,1148590864,4.6300,4.0400,2.6600,7.6300,0.1319,FCF/NI:-6.52|D/E:96|ROE:-2.8%,3,5.2000,False,True,False,False,False,False,DD12|RSI40|MACD|VOLUME|FUND65|ABNORMAL20,False,10-18d,XLV,,UNH|JNJ|LLY,fda_calendar|drug_pricing_policy|patent_cliffs,POST_ANALYSIS_ACTUAL_FILL,LIVE_QUOTE_AT_ANALYSIS,True,1.0000,1.5000,1.0000,-5.0000,7,1.5000,3,SELL_50_PCT_AT_TP1_REST_AT_TP2,MOVE_REMAINDER_TO_BREAK_EVEN,EXIT_AT_OPEN_IF_OPEN_BELOW_SL,SL_FIRST,10,PENDING_ANALYSIS,0.4457,0.4457,0.6685,18.0457,18.2686,16.7200,Indicative levels use the signal close only. Final SL/TP1/TP2 and sizing must be recalculated from the actual post-analysis broker fill.,31,2026-11-05,False,2026-08-06,0.6900,0.6000,15.0000,ALCISTA FUERTE,10,769.6400,7.3400,59.8000,15.3100,SIDI_INTRADAY_V2: Fund≥6.5 · DD60≥12% · RSI<40 · MACD↑ · Vol↓ · SPY20≤+1% · Abnormal20≤-10%,SIDI_INTRADAY_V2,True
APTV,Aptiv,Consumer Discretionary,Automotive Parts & Equipment,2012-12-24,43.5400,44.1900,44.2800,43.1300,43.5400,2026-10-02,2026-10-05,43.3000,36.5000,UP,0.2151,0.2191,0.2319,False,0.3218,1.2679,0.6870,2.9120,47.6700,63.3200,44.5500,-8.6700,-31.2300,False,-4.8148,BAJISTA,-28.1200,-29.4800,60.5700,61.7400,88.9300,42.5600,-51.0400,2.3000,0.6950,True,True,42.9900,1,45.3800,True,-1.2600,BULL_ENGULF,6.5500,5.0000,6.0000,7.5000,7,7.0000,7.5000,False,False,True,False,False,True,5.8200,8.7400,1.5000,SIDI_INTRADAY_V2,0.6186,5.4941,0.2998,0.7724,294,XLY,True,43.8119,6.7626,1.0534,0.4564,4.3190,0.0516,0.0672,0.0107,0.1925,0.0230,-0.3530,64.9380,2.0180,1615874944.0000,470000000.0000,3.4380,9364208640,1.3650,1.5900,0.0000,211620527,4.2900,0.7100,5.2800,7.3200,0.1726,OK,0,5.1900,False,True,False,False,False,False,RSI40|MACD|FUND65|ABNORMAL20,False,3-7d,XLY,,AMZN|TSLA|HD,consumer_spending|employment_data|interest_rates,POST_ANALYSIS_ACTUAL_FILL,LIVE_QUOTE_AT_ANALYSIS,True,1.0000,1.5000,1.0000,-5.0000,7,1.5000,3,SELL_50_PCT_AT_TP1_REST_AT_TP2,MOVE_REMAINDER_TO_BREAK_EVEN,EXIT_AT_OPEN_IF_OPEN_BELOW_SL,SL_FIRST,10,PENDING_ANALYSIS,1.2679,1.2679,1.9019,44.8079,45.4419,41.3630,Indicative levels use the signal close only. Final SL/TP1/TP2 and sizing must be recalculated from the actual post-analysis broker fill.,24,2026-10-29,False,2026-08-04,1.6300,1.4300,14.1000,ALCISTA FUERTE,10,769.6400,7.3400,59.8000,15.3100,SIDI_INTRADAY_V2: Fund≥6.5 · DD60≥12% · RSI<40 · MACD↑ · Vol↓ · SPY20≤+1% · Abnormal20≤-10%,SIDI_INTRADAY_V2,True
NSC,Norfolk Southern,Industrials,Rail Transportation,1957-03-04,317.4400,312.0800,318.2900,311.6600,317.4400,2026-10-02,2026-10-05,46.3500,24.7700,UP,0.3598,-0.2530,-0.3677,True,0.5154,5.1436,0.8120,1.6200,330.9800,309.6000,318.2000,-4.0900,2.5300,True,1.0076,NEUTRO,-10.0700,-11.1300,352.9800,357.1900,357.1900,273.5900,-11.1300,16.0300,1.0630,True,True,307.9000,3,321.0100,True,-3.0100,NONE,7.2000,8.5000,7.0000,7.5000,9,5.0000,5.0000,False,False,False,False,True,True,3.2400,4.8600,1.5000,SIDI_INTRADAY_V2,0.6186,-4.7263,-0.7082,0.8162,294,XLI,True,27.0858,22.2041,4.3869,5.6859,15.4300,0.1699,0.0595,0.2102,0.4516,0.1140,-0.0440,105.5190,0.8310,1382249984.0000,2632999936.0000,0.5250,71300808704,1.2830,6.3600,1.7000,224608373,3.8500,3.1400,4.1800,4.2900,0.0194,FCF/NI:0.52|D/E:106,2,5.1900,False,True,False,False,False,False,DD12|RSI40|FUND65|ABNORMAL20,False,7-15d,XLI,,CAT|UNP|HON,pmi_manufacturing|supply_chain|capex_cycle,POST_ANALYSIS_ACTUAL_FILL,LIVE_QUOTE_AT_ANALYSIS,True,1.0000,1.5000,1.0000,-5.0000,7,1.5000,3,SELL_50_PCT_AT_TP1_REST_AT_TP2,MOVE_REMAINDER_TO_BREAK_EVEN,EXIT_AT_OPEN_IF_OPEN_BELOW_SL,SL_FIRST,10,PENDING_ANALYSIS,5.1436,5.1436,7.7154,322.5836,325.1554,301.5680,Indicative levels use the signal close only. Final SL/TP1/TP2 and sizing must be recalculated from the actual post-analysis broker fill.,17,2026-10-22,False,2026-07-23,3.5200,3.3200,5.9000,ALCISTA FUERTE,10,769.6400,7.3400,59.8000,15.3100,SIDI_INTRADAY_V2: Fund≥6.5 · DD60≥12% · RSI<40 · MACD↑ · Vol↓ · SPY20≤+1% · Abnormal20≤-10%,SIDI_INTRADAY_V2,True
WEC,WEC Energy Group,Utilities,Electric Utilities,2008-10-31,101.5900,102.1700,103.0300,101.3000,101.5900,2026-10-02,2026-10-05,35.2800,29.8700,UP,0.0133,-0.0377,-0.0900,True,0.2702,1.6264,0.8540,1.6010,106.3400,109.8100,103.1900,-4.4700,-7.4900,False,-0.1905,BAJISTA,-11.5600,-12.4900,114.8700,116.0900,118.8700,99.8000,-14.5400,1.7900,0.9450,False,False,,0,107.6700,False,,NONE,5.9300,5.0000,8.5000,5.0000,5,6.5000,5.0000,False,False,False,True,True,False,3.2000,4.8000,1.5000,SIDI_INTRADAY_V2,0.6186,1.2317,-0.1788,0.9332,294,XLU,True,19.7845,16.9848,2.4359,3.2751,14.2530,0.1199,0.0303,0.1669,0.4191,0.0260,0.1970,157.9850,0.5340,-2353637376.0000,1691500032.0000,-1.3914,33200824320,0.4420,6.2000,3.7500,325849383,4.7000,6.2700,4.6600,2.9100,-0.0709,FCF/NI:-1.39|D/E:158,2,5.1900,False,True,False,False,False,False,DD12|VOLUME|FUND65|ABNORMAL20,False,3-7d,XLU,,NEE|DUK|SO,interest_rates|regulatory_environment,POST_ANALYSIS_ACTUAL_FILL,LIVE_QUOTE_AT_ANALYSIS,True,1.0000,1.5000,1.0000,-5.0000,7,1.5000,3,SELL_50_PCT_AT_TP1_REST_AT_TP2,MOVE_REMAINDER_TO_BREAK_EVEN,EXIT_AT_OPEN_IF_OPEN_BELOW_SL,SL_FIRST,10,PENDING_ANALYSIS,1.6264,1.6264,2.4396,103.2164,104.0296,96.5105,Indicative levels use the signal close only. Final SL/TP1/TP2 and sizing must be recalculated from the actual post-analysis broker fill.,24,2026-10-29,False,2026-07-29,0.9100,0.8100,12.3000,ALCISTA FUERTE,10,769.6400,7.3400,59.8000,15.3100,SIDI_INTRADAY_V2: Fund≥6.5 · DD60≥12% · RSI<40 · MACD↑ · Vol↓ · SPY20≤+1% · Abnormal20≤-10%,SIDI_INTRADAY_V2,True
FFIV,"F5, Inc.",Information Technology,Communications Equipment,2010-12-20,454.0400,446.1300,459.8800,446.1300,454.0400,2026-10-02,2026-10-05,70.0400,73.3400,DOWN,0.8388,0.5942,1.3839,True,0.7844,14.3986,1.0080,3.1710,411.4100,345.0700,432.7200,10.3600,31.5800,True,5.7234,ALCISTA,-0.4300,-1.7200,455.9900,462.0000,462.0000,223.7600,-1.7200,102.9100,1.1240,True,True,381.9300,1,462.0000,False,-15.8800,NONE,6.5500,10.0000,6.0000,7.5000,4,5.0000,5.0000,False,False,False,False,True,True,6.3400,9.5100,1.5000,SIDI_INTRADAY_V2,0.6186,8.5327,-0.0327,0.4956,294,XLK,True,36.4853,25.3303,6.7485,7.8351,26.3810,0.1983,0.0798,0.2195,0.8187,0.1090,0.1140,6.5460,1.6650,717135488.0000,726510016.0000,0.9871,25929021440,1.0280,2.9000,0.0000,56627182,4.2700,1.0800,6.9100,4.9300,0.0277,OK,0,5.1800,False,True,False,False,False,False,DD12|RSI40|FUND65|ABNORMAL20,False,10-18d,XLK,,AAPL|MSFT|NVDA,interest_rates|ai_capex_cycle|semiconductor_cycle,POST_ANALYSIS_ACTUAL_FILL,LIVE_QUOTE_AT_ANALYSIS,True,1.0000,1.5000,1.0000,-5.0000,7,1.5000,3,SELL_50_PCT_AT_TP1_REST_AT_TP2,MOVE_REMAINDER_TO_BREAK_EVEN,EXIT_AT_OPEN_IF_OPEN_BELOW_SL,SL_FIRST,10,PENDING_ANALYSIS,14.3986,14.3986,21.5979,468.4386,475.6379,431.3380,Indicative levels use the signal close only. Final SL/TP1/TP2 and sizing must be recalculated from the actual post-analysis broker fill.,21,2026-10-26,False,2026-07-27,4.7300,4.0000,18.2000,ALCISTA FUERTE,10,769.6400,7.3400,59.8000,15.3100,SIDI_INTRADAY_V2: Fund≥6.5 · DD60≥12% · RSI<40 · MACD↑ · Vol↓ · SPY20≤+1% · Abnormal20≤-10%,SIDI_INTRADAY_V2,True
MTD,Mettler Toledo,Health Care,Life Sciences Tools & Services,2016-09-06,1486.1900,1491.8400,1501.9000,1480.1500,1486.1899,2026-10-02,2026-10-05,76.3800,72.9500,UP,7.6596,11.5551,20.5884,False,0.6833,47.2007,1.2460,3.1760,1408.4700,1318.6000,1450.1700,5.5200,12.7100,True,-0.0823,ALCISTA,-3.8200,-4.4100,1545.2600,1554.8300,1554.8300,1023.0500,-4.4100,45.2700,0.6130,True,True,1377.1000,1,1465.4800,False,-7.3400,NONE,6.4500,9.5000,6.0000,7.5000,4,5.0000,5.0000,False,False,False,False,False,True,6.3500,9.5300,1.5000,SIDI_INTRADAY_V2,0.6186,12.6757,0.5393,0.7010,294,XLV,True,34.1634,29.3016,2368.4844,7.3471,24.9780,,0.2110,0.2191,0.6026,0.0450,0.1830,16668.4470,1.1220,693589632.0000,905611008.0000,0.7659,30372018176,1.1870,3.8600,0.0000,20036559,4.3100,4.1400,4.9800,3.7100,0.0228,D/E:16668,1,5.1700,False,True,False,False,False,False,DD12|RSI40|MACD|FUND65|ABNORMAL20,False,10-18d,XLV,,UNH|JNJ|LLY,fda_calendar|drug_pricing_policy|patent_cliffs,POST_ANALYSIS_ACTUAL_FILL,LIVE_QUOTE_AT_ANALYSIS,True,1.0000,1.5000,1.0000,-5.0000,7,1.5000,3,SELL_50_PCT_AT_TP1_REST_AT_TP2,MOVE_REMAINDER_TO_BREAK_EVEN,EXIT_AT_OPEN_IF_OPEN_BELOW_SL,SL_FIRST,10,PENDING_ANALYSIS,47.2007,47.2007,70.8011,1533.3907,1556.9911,1411.8805,Indicative levels use the signal close only. Final SL/TP1/TP2 and sizing must be recalculated from the actual post-analysis broker fill.,31,2026-11-05,False,2026-07-30,11.4600,10.8000,6.1000,ALCISTA FUERTE,10,769.6400,7.3400,59.8000,15.3100,SIDI_INTRADAY_V2: Fund≥6.5 · DD60≥12% · RSI<40 · MACD↑ · Vol↓ · SPY20≤+1% · Abnormal20≤-10%,SIDI_INTRADAY_V2,True
SYF,Synchrony Financial,Financials,Consumer Finance,2015-11-18,71.7700,72.0300,72.4500,71.3700,71.7700,2026-10-02,2026-10-05,33.2500,25.4900,UP,-0.2238,-0.3234,-0.4374,True,0.2728,1.9786,0.9460,2.7570,76.6500,74.2100,73.7200,-6.3700,-3.2900,True,-0.3928,BAJISTA,-11.4000,-12.3900,81.0000,81.9200,87.6700,62.5500,-18.1400,14.7300,1.0560,True,True,70.3500,1,73.0800,True,-1.9800,NONE,7.1700,6.5000,8.5000,7.5000,8,6.5000,5.0000,False,True,False,True,True,True,5.5100,8.2700,1.5000,SIDI_INTRADAY_V2,0.6186,1.8571,0.5277,1.2682,294,XLF,True,7.3403,6.8605,1.5352,2.3551,,0.2079,0.0290,0.3551,0.0000,0.0060,0.0360,,,,3435000064.0000,,23333969920,1.3390,5.7600,1.8900,325370840,3.8400,0.0500,5.4500,6.3800,,OK,0,5.1700,False,True,False,False,False,False,DD12|FUND65|ABNORMAL20,False,3-7d,XLF,,JPM|BAC|WFC,interest_rates|yield_curve|credit_spreads|loan_growth,POST_ANALYSIS_ACTUAL_FILL,LIVE_QUOTE_AT_ANALYSIS,True,1.0000,1.5000,1.0000,-5.0000,7,1.5000,3,SELL_50_PCT_AT_TP1_REST_AT_TP2,MOVE_REMAINDER_TO_BREAK_EVEN,EXIT_AT_OPEN_IF_OPEN_BELOW_SL,SL_FIRST,10,PENDING_ANALYSIS,1.9786,1.9786,2.9679,73.7486,74.7379,68.1815,Indicative levels use the signal close only. Final SL/TP1/TP2 and sizing must be recalculated from the actual post-analysis broker fill.,15,2026-10-20,False,2026-07-21,2.5900,2.1300,21.9000,ALCISTA FUERTE,10,769.6400,7.3400,59.8000,15.3100,SIDI_INTRADAY_V2: Fund≥6.5 · DD60≥12% · RSI<40 · MACD↑ · Vol↓ · SPY20≤+1% · Abnormal20≤-10%,SIDI_INTRADAY_V2,True
DIS,Walt Disney Company (The),Communication Services,Movies & Entertainment,1976-06-30,102.1900,101.5000,102.6300,101.2300,102.1900,2026-10-02,2026-10-05,31.9800,52.3800,DOWN,-0.4549,-0.3919,-0.1750,False,0.0944,2.0864,0.9270,2.0420,104.3000,103.3200,104.7100,-2.0200,-1.1000,True,0.0350,BAJISTA,-8.1400,-8.6500,111.2500,111.8700,115.4200,91.4900,-11.4600,11.7000,0.7740,True,True,103.3900,4,109.4200,True,1.1700,NONE,7.4000,7.0000,6.5000,7.5000,10,8.0000,5.0000,False,False,False,True,False,True,4.0800,6.1300,1.5000,SIDI_INTRADAY_V2,0.6186,-4.2316,-0.0168,0.8841,294,XLC,True,21.1454,13.7004,1.6125,1.7912,10.6910,0.0801,0.0481,0.0870,0.3760,0.0680,-0.4830,39.4040,0.7090,4860375040.0000,8600000512.0000,0.5652,177080549376,1.4170,2.5800,1.4700,1726686902,3.6800,1.3900,4.9600,4.8700,0.0274,FCF/NI:0.57,1,5.1700,False,True,False,False,False,False,DD12|MACD|FUND65|ABNORMAL20,False,3-7d,XLC,,GOOGL|META|NFLX,ad_spending_cycle|streaming_competition|regulation,POST_ANALYSIS_ACTUAL_FILL,LIVE_QUOTE_AT_ANALYSIS,True,1.0000,1.5000,1.0000,-5.0000,7,1.5000,3,SELL_50_PCT_AT_TP1_REST_AT_TP2,MOVE_REMAINDER_TO_BREAK_EVEN,EXIT_AT_OPEN_IF_OPEN_BELOW_SL,SL_FIRST,10,PENDING_ANALYSIS,2.0864,2.0864,3.1296,104.2764,105.3196,97.0805,Indicative levels use the signal close only. Final SL/TP1/TP2 and sizing must be recalculated from the actual post-analysis broker fill.,38,2026-11-12,False,2026-08-05,2.0600,1.8500,11.1000,ALCISTA FUERTE,10,769.6400,7.3400,59.8000,15.3100,SIDI_INTRADAY_V2: Fund≥6.5 · DD60≥12% · RSI<40 · MACD↑ · Vol↓ · SPY20≤+1% · Abnormal20≤-10%,SIDI_INTRADAY_V2,True
MSFT,Microsoft,Information Technology,Systems Software,1994-06-01,517.5300,519.3900,522.5000,513.6600,517.5300,2026-10-02,2026-10-05,57.8300,59.8900,DOWN,0.3331,0.0331,-0.3606,True,0.9656,11.8486,0.9590,2.2890,487.3900,431.4600,503.3200,6.1800,19.9500,True,0.4808,ALCISTA,0.0000,-1.0200,517.5300,522.8500,549.2000,348.5400,-5.7700,48.4800,0.8380,True,True,486.0000,1,515.2700,False,-6.0900,HAMMER,6.7500,10.0000,6.0000,7.5000,4,5.0000,7.0000,False,False,False,False,True,True,4.5800,6.8700,1.5000,SIDI_INTRADAY_V2,0.6186,0.1919,1.1284,-0.0769,294,XLK,True,29.2284,22.1864,8.8080,11.7401,20.0520,0.3404,0.1409,0.4031,0.6794,0.1770,0.3170,29.1180,1.2300,16545500160.0000,133748998144.0000,0.1237,3895812685824,1.0990,3.2100,0.7600,7425545491,4.1000,3.1700,5.7400,3.2700,0.0042,FCF/NI:0.12,1,5.1600,False,True,False,False,False,False,DD12|RSI40|FUND65|ABNORMAL20,False,10-18d,XLK,,AAPL|NVDA|AVGO,interest_rates|ai_capex_cycle|semiconductor_cycle,POST_ANALYSIS_ACTUAL_FILL,LIVE_QUOTE_AT_ANALYSIS,True,1.0000,1.5000,1.0000,-5.0000,7,1.5000,3,SELL_50_PCT_AT_TP1_REST_AT_TP2,MOVE_REMAINDER_TO_BREAK_EVEN,EXIT_AT_OPEN_IF_OPEN_BELOW_SL,SL_FIRST,10,PENDING_ANALYSIS,11.8486,11.8486,17.7729,529.3786,535.3029,491.6535,Indicative levels use the signal close only. Final SL/TP1/TP2 and sizing must be recalculated from the actual post-analysis broker fill.,23,2026-10-28,False,2026-07-29,4.7400,4.2400,11.8000,ALCISTA FUERTE,10,769.6400,7.3400,59.8000,15.3100,SIDI_INTRADAY_V2: Fund≥6.5 · DD60≥12% · RSI<40 · MACD↑ · Vol↓ · SPY20≤+1% · Abnormal20≤-10%,SIDI_INTRADAY_V2,True
D,Dominion Energy,Utilities,Multi-Utilities,2016-11-30,61.3100,61.0300,61.8600,61.0300,61.3100,2026-10-02,2026-10-05,29.1900,18.6900,UP,-0.0667,-0.1695,-0.2955,True,0.3063,1.0593,0.9240,1.7280,65.5400,63.2800,62.5300,-6.4500,-3.1100,True,0.7688,BAJISTA,-13.6200,-15.1500,70.9700,72.2600,72.2600,54.1700,-15.1500,13.1900,0.7800,False,False,59.5400,2,69.2000,True,-2.8900,NONE,6.7500,7.0000,9.5000,5.0000,8,5.0000,5.0000,False,False,True,True,True,False,3.4600,5.1800,1.5000,SIDI_INTRADAY_V2,0.6186,-3.6224,-0.0410,0.9069,294,XLU,True,21.1799,16.0478,1.9285,2.9712,13.5760,0.0828,0.0304,0.1398,0.4622,0.1760,-0.5800,160.4590,0.8090,-9181124608.0000,2505999872.0000,-3.6637,53835784192,0.6190,5.2000,4.3500,879525949,4.0800,5.0000,4.1400,2.9400,-0.1705,FCF/NI:-3.66|D/E:160,2,5.1500,False,True,False,False,False,False,VOLUME|FUND65|ABNORMAL20,False,5-10d,XLU,,NEE|DUK|SO,interest_rates|regulatory_environment,POST_ANALYSIS_ACTUAL_FILL,LIVE_QUOTE_AT_ANALYSIS,True,1.0000,1.5000,1.0000,-5.0000,7,1.5000,3,SELL_50_PCT_AT_TP1_REST_AT_TP2,MOVE_REMAINDER_TO_BREAK_EVEN,EXIT_AT_OPEN_IF_OPEN_BELOW_SL,SL_FIRST,10,PENDING_ANALYSIS,1.0593,1.0593,1.5889,62.3693,62.8989,58.2445,Indicative levels use the signal close only. Final SL/TP1/TP2 and sizing must be recalculated from the actual post-analysis broker fill.,25,2026-10-30,False,2026-07-31,0.7900,0.6700,17.2000,ALCISTA FUERTE,10,769.6400,7.3400,59.8000,15.3100,SIDI_INTRADAY_V2: Fund≥6.5 · DD60≥12% · RSI<40 · MACD↑ · Vol↓ · SPY20≤+1% · Abnormal20≤-10%,SIDI_INTRADAY_V2,True
MCD,McDonald's,Consumer Discretionary,Restaurants,1970-06-30,231.8900,232.7000,233.0000,230.8300,231.8900,2026-10-02,2026-10-05,11.4500,22.0200,DOWN,-1.0933,-1.3430,-1.5097,True,0.1544,4.7150,0.9120,2.0330,258.2200,286.3500,243.4200,-10.2000,-19.0200,False,-1.9518,BAJISTA,-15.4600,-16.2000,274.3100,276.7300,335.1800,229.6100,-30.8200,0.9900,1.0510,False,False,,0,276.5700,False,,HAMMER|DOJI,5.9800,5.0000,8.5000,5.0000,4,6.5000,7.0000,False,False,True,True,True,False,4.0700,6.1000,1.5000,SIDI_INTRADAY_V2,0.6186,-5.9197,-0.7380,0.6079,294,XLY,True,18.7985,16.7502,-160.0346,5.9113,14.5930,,0.1325,0.3172,0.5738,0.0370,0.0570,,1.0810,6262374912.0000,8787000320.0000,0.7127,163755327488,0.4470,2.8200,3.3300,707641531,4.5800,3.6800,4.9600,5.1700,0.0382,FCF/NI:0.71,1,5.1400,False,True,False,False,False,False,VOLUME|FUND65|ABNORMAL20,False,3-7d,XLY,,AMZN|TSLA|HD,consumer_spending|employment_data|interest_rates,POST_ANALYSIS_ACTUAL_FILL,LIVE_QUOTE_AT_ANALYSIS,True,1.0000,1.5000,1.0000,-5.0000,7,1.5000,3,SELL_50_PCT_AT_TP1_REST_AT_TP2,MOVE_REMAINDER_TO_BREAK_EVEN,EXIT_AT_OPEN_IF_OPEN_BELOW_SL,SL_FIRST,10,PENDING_ANALYSIS,4.7150,4.7150,7.0725,236.6050,238.9625,220.2955,Indicative levels use the signal close only. Final SL/TP1/TP2 and sizing must be recalculated from the actual post-analysis broker fill.,31,2026-11-05,False,2026-08-04,3.3800,3.3200,1.8000,ALCISTA FUERTE,10,769.6400,7.3400,59.8000,15.3100,SIDI_INTRADAY_V2: Fund≥6.5 · DD60≥12% · RSI<40 · MACD↑ · Vol↓ · SPY20≤+1% · Abnormal20≤-10%,SIDI_INTRADAY_V2,True
ESS,Essex Property Trust,Real Estate,Multi-Family Residential REITs,2014-04-02,268.6500,272.4800,272.4800,267.9200,268.6500,2026-10-02,2026-10-05,38.4000,36.4200,UP,0.3721,0.4173,0.4254,False,0.2888,4.1453,0.8160,1.5430,278.3200,263.3300,271.6500,-3.4700,2.0200,True,0.8729,NEUTRO,-9.0300,-9.7900,295.3100,297.8000,300.4800,231.6400,-10.5900,15.9800,0.8520,False,False,,0,265.8900,False,,HAMMER,6.4700,8.5000,7.5000,5.0000,4,6.5000,7.0000,False,False,False,True,False,False,3.0900,4.6300,1.5000,SIDI_INTRADAY_V2,0.6186,1.6121,-0.1280,0.8333,294,XLRE,True,42.0358,42.9056,3.2633,9.4013,19.6140,0.0771,0.0296,0.2089,0.6877,0.0310,-0.7180,122.4090,0.2490,1043926720.0000,413841984.0000,2.5225,18630060032,0.7150,4.4700,3.8600,64261739,4.2300,1.2500,5.2900,6.4700,0.0560,D/E:122,1,5.1300,False,True,False,False,False,False,DD12|MACD|VOLUME|FUND65|ABNORMAL20,False,7-15d,XLRE,,PLD|AMT|EQIX,interest_rates|cap_rates|occupancy_trends,POST_ANALYSIS_ACTUAL_FILL,LIVE_QUOTE_AT_ANALYSIS,True,1.0000,1.5000,1.0000,-5.0000,7,1.5000,3,SELL_50_PCT_AT_TP1_REST_AT_TP2,MOVE_REMAINDER_TO_BREAK_EVEN,EXIT_AT_OPEN_IF_OPEN_BELOW_SL,SL_FIRST,10,PENDING_ANALYSIS,4.1453,4.1453,6.2180,272.7953,274.8679,255.2175,Indicative levels use the signal close only. Final SL/TP1/TP2 and sizing must be recalculated from the actual post-analysis broker fill.,22,2026-10-27,False,2026-07-29,0.9400,1.4700,-36.0000,ALCISTA FUERTE,10,769.6400,7.3400,59.8000,15.3100,SIDI_INTRADAY_V2: Fund≥6.5 · DD60≥12% · RSI<40 · MACD↑ · Vol↓ · SPY20≤+1% · Abnormal20≤-10%,SIDI_INTRADAY_V2,True
ES,Eversource Energy,Utilities,Electric Utilities,2009-07-24,64.5000,64.6300,65.5500,64.3400,64.5000,2026-10-02,2026-10-05,33.1300,20.0500,UP,-0.0895,-0.1827,-0.3627,True,0.2898,1.1617,0.8560,1.8010,69.3000,68.7500,66.0700,-6.9300,-6.1800,True,0.3037,BAJISTA,-13.4400,-14.7700,74.5100,75.6800,75.6800,60.6500,-14.7700,6.3500,0.9640,False,False,65.7400,5,70.7900,True,1.9200,HAMMER,7.2800,7.0000,8.5000,5.0000,10,6.5000,7.0000,False,False,True,True,True,False,3.6000,5.4000,1.5000,SIDI_INTRADAY_V2,0.6186,-2.9456,0.0027,1.0393,294,XLU,True,16.8174,13.2036,1.4961,1.7468,10.6300,0.0902,0.0330,0.1035,0.5275,0.0230,-0.8540,180.7000,0.8000,811961344.0000,1449377024.0000,0.5602,24451842048,0.6790,4.8000,4.8800,376674754,3.7000,1.0700,4.6700,5.6300,0.0332,FCF/NI:0.56|D/E:181,2,5.1300,False,True,False,False,False,False,VOLUME|FUND65|ABNORMAL20,False,3-7d,XLU,,NEE|DUK|SO,interest_rates|regulatory_environment,POST_ANALYSIS_ACTUAL_FILL,LIVE_QUOTE_AT_ANALYSIS,True,1.0000,1.5000,1.0000,-5.0000,7,1.5000,3,SELL_50_PCT_AT_TP1_REST_AT_TP2,MOVE_REMAINDER_TO_BREAK_EVEN,EXIT_AT_OPEN_IF_OPEN_BELOW_SL,SL_FIRST,10,PENDING_ANALYSIS,1.1617,1.1617,1.7426,65.6617,66.2425,61.2750,Indicative levels use the signal close only. Final SL/TP1/TP2 and sizing must be recalculated from the actual post-analysis broker fill.,30,2026-11-04,False,2026-07-30,0.8700,0.8700,-33.0000,ALCISTA FUERTE,10,769.6400,7.3400,59.8000,15.3100,SIDI_INTRADAY_V2: Fund≥6.5 · DD60≥12% · RSI<40 · MACD↑ · Vol↓ · SPY20≤+1% · Abnormal20≤-10%,SIDI_INTRADAY_V2,True
ROL,"Rollins, Inc.",Industrials,Environmental & Facilities Services,2018-10-01,30.1600,30.7800,30.7800,30.0600,30.1600,2026-10-02,2026-10-05,18.5600,15.2600,UP,-0.0980,-0.1348,-0.2231,True,0.1868,0.9750,0.9050,3.2330,35.2400,49.2900,32.3500,-14.4100,-38.8100,False,-5.1498,BAJISTA,-33.3300,-34.6300,45.2400,46.1400,65.4000,29.7000,-53.8800,1.5500,0.7050,False,False,,0,37.7300,False,,NONE,5.9700,5.0000,9.5000,5.0000,4,6.5000,5.0000,False,False,True,True,True,False,6.4700,9.7000,1.5000,SIDI_INTRADAY_V2,0.6186,-9.4515,0.2706,-0.1718,294,XLI,True,26.6773,22.7581,9.8771,3.5982,17.9390,0.3701,0.1406,0.1355,0.5237,0.0790,0.0310,78.0150,0.6290,501737504.0000,531716000.0000,0.9436,14119212032,0.7310,4.0000,2.4200,481145404,4.5700,2.2200,6.3400,5.2600,0.0355,OK,0,5.1300,False,True,False,False,False,False,VOLUME|FUND65|ABNORMAL20,False,3-7d,XLI,,CAT|UNP|HON,pmi_manufacturing|supply_chain|capex_cycle,POST_ANALYSIS_ACTUAL_FILL,LIVE_QUOTE_AT_ANALYSIS,True,1.0000,1.5000,1.0000,-5.0000,7,1.5000,3,SELL_50_PCT_AT_TP1_REST_AT_TP2,MOVE_REMAINDER_TO_BREAK_EVEN,EXIT_AT_OPEN_IF_OPEN_BELOW_SL,SL_FIRST,10,PENDING_ANALYSIS,0.9750,0.9750,1.4625,31.1350,31.6225,28.6520,Indicative levels use the signal close only. Final SL/TP1/TP2 and sizing must be recalculated from the actual post-analysis broker fill.,23,2026-10-28,False,2026-07-22,0.3200,0.3400,-5.8000,ALCISTA FUERTE,10,769.6400,7.3400,59.8000,15.3100,SIDI_INTRADAY_V2: Fund≥6.5 · DD60≥12% · RSI<40 · MACD↑ · Vol↓ · SPY20≤+1% · Abnormal20≤-10%,SIDI_INTRADAY_V2,True
MLM,Martin Marietta Materials,Materials,Construction Materials,2014-07-02,482.2700,483.6100,487.9800,480.4700,482.2700,2026-10-02,2026-10-05,37.9600,31.8000,UP,0.0680,-0.3091,-0.3853,True,0.2278,13.6500,0.9250,2.8300,521.2900,587.9000,494.7800,-7.4900,-17.9700,False,-1.9400,BAJISTA,-17.2400,-17.8500,582.7200,587.0500,707.9400,470.1900,-31.8800,2.5700,0.8190,False,False,,0,510.8100,False,,HAMMER,5.9800,5.0000,8.5000,5.0000,4,6.5000,7.0000,False,False,True,True,True,False,5.6600,8.4900,1.5000,SIDI_INTRADAY_V2,0.6186,7.3946,-0.0718,1.3232,294,XLB,True,31.3384,21.7992,2.5068,5.1182,16.5580,0.0889,0.0457,0.3674,0.2823,0.2100,-0.2320,54.9450,1.4070,593374976.0000,930000000.0000,0.6380,34230276096,1.0850,4.0100,0.7000,71019382,4.5300,5.0000,4.6900,3.7800,0.0173,FCF/NI:0.64,1,5.1100,False,True,False,False,False,False,VOLUME|FUND65|ABNORMAL20,False,3-7d,XLB,,LIN|APD|ECL,commodity_prices|dxy|china_demand|energy_costs,POST_ANALYSIS_ACTUAL_FILL,LIVE_QUOTE_AT_ANALYSIS,True,1.0000,1.5000,1.0000,-5.0000,7,1.5000,3,SELL_50_PCT_AT_TP1_REST_AT_TP2,MOVE_REMAINDER_TO_BREAK_EVEN,EXIT_AT_OPEN_IF_OPEN_BELOW_SL,SL_FIRST,10,PENDING_ANALYSIS,13.6500,13.6500,20.4750,495.9200,502.7450,458.1565,Indicative levels use the signal close only. Final SL/TP1/TP2 and sizing must be recalculated from the actual post-analysis broker fill.,29,2026-11-03,False,2026-07-30,5.0000,4.6400,7.6000,ALCISTA FUERTE,10,769.6400,7.3400,59.8000,15.3100,SIDI_INTRADAY_V2: Fund≥6.5 · DD60≥12% · RSI<40 · MACD↑ · Vol↓ · SPY20≤+1% · Abnormal20≤-10%,SIDI_INTRADAY_V2,True
VRSK,Verisk Analytics,Industrials,Research & Consulting Services,2015-10-08,163.8800,168.3800,169.2200,162.8000,163.8800,2026-10-02,2026-10-05,14.6000,33.1800,DOWN,-0.6652,-0.6030,-1.0560,False,0.1034,4.8093,0.7090,2.9350,183.7600,189.0800,173.4000,-10.8200,-13.3300,False,-2.3282,BAJISTA,-22.9100,-27.3200,212.5800,225.4800,249.4500,155.1000,-34.3000,5.6600,0.6430,True,True,155.1000,1,177.5200,False,-5.3600,NONE,6.6000,5.0000,7.5000,7.5000,4,10.0000,5.0000,False,True,True,True,False,True,5.8700,8.8000,1.5000,SIDI_INTRADAY_V2,0.6186,-16.1485,0.0237,-0.6466,294,XLI,True,24.8955,18.6322,-18.1836,6.7713,16.7530,,0.1896,0.2824,0.7018,0.0440,-0.0340,,1.0050,1055550016.0000,885500032.0000,1.1920,21234710528,0.6920,4.1800,1.2200,131021840,4.1200,0.9000,5.6900,6.0500,0.0497,OK,0,5.1100,False,True,True,False,False,False,MACD|FUND65,False,3-7d,XLI,,CAT|UNP|HON,pmi_manufacturing|supply_chain|capex_cycle,POST_ANALYSIS_ACTUAL_FILL,LIVE_QUOTE_AT_ANALYSIS,True,1.0000,1.5000,1.0000,-5.0000,7,1.5000,3,SELL_50_PCT_AT_TP1_REST_AT_TP2,MOVE_REMAINDER_TO_BREAK_EVEN,EXIT_AT_OPEN_IF_OPEN_BELOW_SL,SL_FIRST,10,PENDING_ANALYSIS,4.8093,4.8093,7.2140,168.6893,171.0940,155.6860,Indicative levels use the signal close only. Final SL/TP1/TP2 and sizing must be recalculated from the actual post-analysis broker fill.,31,2026-11-05,False,2026-07-29,1.9800,1.9300,2.4000,ALCISTA FUERTE,10,769.6400,7.3400,59.8000,15.3100,SIDI_INTRADAY_V2: Fund≥6.5 · DD60≥12% · RSI<40 · MACD↑ · Vol↓ · SPY20≤+1% · Abnormal20≤-10%,SIDI_INTRADAY_V2,True
CEG,Constellation Energy,Utilities,Electric Utilities,2022-02-02,257.4900,263.7900,265.6900,249.0500,257.4900,2026-10-02,2026-10-05,43.3700,22.1400,UP,-1.0110,-1.1665,-1.1459,True,0.3101,10.0093,1.0430,3.8870,271.3300,287.0600,265.2700,-5.1000,-10.3000,False,-2.9123,BAJISTA,-13.9000,-15.8000,299.0500,305.8000,410.4100,228.2800,-37.2600,12.8000,1.1990,False,False,260.2700,1,307.8900,True,1.0800,NONE,5.7000,5.0000,7.0000,5.0000,7,5.0000,5.0000,False,False,True,False,True,False,7.7700,11.6600,1.5000,SIDI_INTRADAY_V2,0.6186,0.6150,0.8025,1.3282,294,XLU,True,26.2258,20.1417,2.9810,3.0399,14.5350,0.1506,0.0389,0.1108,0.2211,0.2300,-0.4680,76.4190,1.4550,-6625124864.0000,3464999936.0000,-1.9120,95057133568,1.1290,4.5700,0.6600,354307379,4.7000,5.0000,6.2500,2.5400,-0.0697,FCF/NI:-1.91,1,5.1000,False,True,False,False,False,False,RSI40|VOLUME|FUND65|ABNORMAL20,False,3-7d,XLU,,NEE|DUK|SO,interest_rates|regulatory_environment,POST_ANALYSIS_ACTUAL_FILL,LIVE_QUOTE_AT_ANALYSIS,True,1.0000,1.5000,1.0000,-5.0000,7,1.5000,3,SELL_50_PCT_AT_TP1_REST_AT_TP2,MOVE_REMAINDER_TO_BREAK_EVEN,EXIT_AT_OPEN_IF_OPEN_BELOW_SL,SL_FIRST,10,PENDING_ANALYSIS,10.0093,10.0093,15.0139,267.4993,272.5040,244.6155,Indicative levels use the signal close only. Final SL/TP1/TP2 and sizing must be recalculated from the actual post-analysis broker fill.,35,2026-11-09,False,2026-08-06,2.5500,2.2800,11.7000,ALCISTA FUERTE,10,769.6400,7.3400,59.8000,15.3100,SIDI_INTRADAY_V2: Fund≥6.5 · DD60≥12% · RSI<40 · MACD↑ · Vol↓ · SPY20≤+1% · Abnormal20≤-10%,SIDI_INTRADAY_V2,True
IP,International Paper,Materials,Paper & Plastic Packaging Products & Materials,1957-03-04,31.9700,33.0000,33.0100,31.8300,31.9700,2026-10-02,2026-10-05,35.8200,36.3300,DOWN,-0.1474,-0.0927,0.0063,False,-0.0063,1.1393,0.8330,3.5640,38.1300,37.2600,34.7600,-16.1500,-14.2000,True,-0.6202,BAJISTA,-26.6600,-27.8600,43.5900,44.3200,48.4700,28.5100,-34.0400,12.1500,1.0260,False,False,31.4200,1,33.3600,True,-1.7100,HAMMER,6.5500,6.5000,6.5000,5.0000,7,8.0000,7.0000,False,False,True,True,False,False,7.1300,10.6900,1.5000,SIDI_INTRADAY_V2,0.6186,0.1073,0.0463,1.6300,294,XLB,True,,10.5040,1.1641,0.6954,6.6360,-0.1648,0.0159,-0.1421,0.2961,-0.0220,,68.5090,1.0980,1646499968.0000,-2724999936.0000,-0.6042,16829731840,0.8890,10.9500,5.7900,529569895,4.1300,2.5000,2.7700,7.6000,0.0978,FCF/NI:-0.60|ROE:-16.5%,2,5.1000,False,True,False,False,False,False,MACD|VOLUME|FUND65|ABNORMAL20,False,3-7d,XLB,,LIN|APD|ECL,commodity_prices|dxy|china_demand|energy_costs,POST_ANALYSIS_ACTUAL_FILL,LIVE_QUOTE_AT_ANALYSIS,True,1.0000,1.5000,1.0000,-5.0000,7,1.5000,3,SELL_50_PCT_AT_TP1_REST_AT_TP2,MOVE_REMAINDER_TO_BREAK_EVEN,EXIT_AT_OPEN_IF_OPEN_BELOW_SL,SL_FIRST,10,PENDING_ANALYSIS,1.1393,1.1393,1.7089,33.1093,33.6790,30.3715,Indicative levels use the signal close only. Final SL/TP1/TP2 and sizing must be recalculated from the actual post-analysis broker fill.,23,2026-10-28,False,2026-07-30,0.0400,-0.0400,205.4000,ALCISTA FUERTE,10,769.6400,7.3400,59.8000,15.3100,SIDI_INTRADAY_V2: Fund≥6.5 · DD60≥12% · RSI<40 · MACD↑ · Vol↓ · SPY20≤+1% · Abnormal20≤-10%,SIDI_INTRADAY_V2,True
PNW,Pinnacle West Capital,Utilities,Multi-Utilities,1999-10-04,95.9200,95.2400,96.4500,95.2400,95.9200,2026-10-02,2026-10-05,52.1500,19.6400,UP,0.3905,0.1838,-0.1161,True,0.6696,1.7686,0.9720,1.8440,97.8100,97.8300,94.6000,-1.9300,-1.9500,False,0.8549,BAJISTA,-11.4400,-12.9300,108.3100,110.1600,110.1600,83.8300,-12.9300,14.4200,1.6820,False,False,97.4800,7,107.1700,True,1.6300,BULL_ENGULF,6.9000,5.5000,7.0000,7.0000,10,5.0000,7.5000,False,False,False,False,True,False,3.6900,5.5300,1.5000,SIDI_INTRADAY_V2,0.6186,3.1245,-0.1038,0.8787,294,XLU,True,18.5058,17.2783,1.6610,2.1038,13.1040,0.0936,0.0233,0.1153,0.4335,0.0710,-0.0950,233.2880,0.5940,-929501376.0000,640105024.0000,-1.4521,11685231616,0.4240,11.2400,3.7900,121197234,3.8800,4.3400,4.0100,3.1800,-0.0795,FCF/NI:-1.45|D/E:233,2,5.0900,False,True,False,False,False,False,DD12|RSI40|VOLUME|FUND65|ABNORMAL20,False,3-7d,XLU,,NEE|DUK|SO,interest_rates|regulatory_environment,POST_ANALYSIS_ACTUAL_FILL,LIVE_QUOTE_AT_ANALYSIS,True,1.0000,1.5000,1.0000,-5.0000,7,1.5000,3,SELL_50_PCT_AT_TP1_REST_AT_TP2,MOVE_REMAINDER_TO_BREAK_EVEN,EXIT_AT_OPEN_IF_OPEN_BELOW_SL,SL_FIRST,10,PENDING_ANALYSIS,1.7686,1.7686,2.6529,97.6886,98.5729,91.1240,Indicative levels use the signal close only. Final SL/TP1/TP2 and sizing must be recalculated from the actual post-analysis broker fill.,29,2026-11-03,False,2026-08-04,1.4300,1.4700,-2.7000,ALCISTA FUERTE,10,769.6400,7.3400,59.8000,15.3100,SIDI_INTRADAY_V2: Fund≥6.5 · DD60≥12% · RSI<40 · MACD↑ · Vol↓ · SPY20≤+1% · Abnormal20≤-10%,SIDI_INTRADAY_V2,True
NOC,Northrop Grumman,Industrials,Aerospace & Defense,1957-03-04,478.0000,478.9400,481.8600,470.0600,478.0000,2026-10-02,2026-10-05,17.5400,46.4000,DOWN,-3.5898,-3.1637,-1.2372,False,-0.0505,11.6893,0.8690,2.4450,536.8100,593.8400,510.8100,-10.9500,-19.5100,False,-0.6760,BAJISTA,-18.5000,-19.2300,586.4700,591.8200,767.1200,470.0600,-37.6900,1.6900,2.7730,False,False,476.8500,1,557.2700,True,-0.2400,HAMMER|DOJI|HAMMER|DOJI,6.4500,5.0000,7.5000,5.0000,7,8.0000,7.0000,False,False,True,True,False,False,4.8900,7.3400,1.5000,SIDI_INTRADAY_V2,0.6186,-4.1281,-0.4494,0.5438,294,XLI,True,15.1945,15.6969,3.7972,1.5833,11.3920,0.2696,0.0715,0.1048,0.2006,0.0510,-0.0580,95.3480,1.1680,2478000128.0000,4496000000.0000,0.5512,67908964352,-0.1120,2.9600,2.0700,142063026,4.1500,1.1300,4.9800,6.7000,0.0365,FCF/NI:0.55|D/E:95,2,5.0700,False,True,False,False,False,False,MACD|VOLUME|FUND65|ABNORMAL20,False,3-7d,XLI,,CAT|UNP|HON,pmi_manufacturing|supply_chain|capex_cycle,POST_ANALYSIS_ACTUAL_FILL,LIVE_QUOTE_AT_ANALYSIS,True,1.0000,1.5000,1.0000,-5.0000,7,1.5000,3,SELL_50_PCT_AT_TP1_REST_AT_TP2,MOVE_REMAINDER_TO_BREAK_EVEN,EXIT_AT_OPEN_IF_OPEN_BELOW_SL,SL_FIRST,10,PENDING_ANALYSIS,11.6893,11.6893,17.5339,489.6893,495.5340,454.1000,Indicative levels use the signal close only. Final SL/TP1/TP2 and sizing must be recalculated from the actual post-analysis broker fill.,15,2026-10-20,False,2026-07-21,7.6800,6.8200,12.7000,ALCISTA FUERTE,10,769.6400,7.3400,59.8000,15.3100,SIDI_INTRADAY_V2: Fund≥6.5 · DD60≥12% · RSI<40 · MACD↑ · Vol↓ · SPY20≤+1% · Abnormal20≤-10%,SIDI_INTRADAY_V2,True
VRSN,Verisign,Information Technology,Internet Services & Infrastructure,2006-02-01,288.3200,287.8100,288.6800,284.6000,288.3200,2026-10-02,2026-10-05,39.5300,45.9400,DOWN,-1.6985,-2.1158,-2.3834,True,0.3818,7.2464,0.8790,2.5130,288.9800,264.7000,289.9000,-0.2300,8.9200,True,1.7613,NEUTRO,-6.4400,-6.9900,308.1800,310.0000,311.5700,206.9300,-7.4600,39.3300,1.6420,True,True,280.1000,2,301.2400,True,-2.8500,HAMMER,7.6000,8.5000,7.5000,9.5000,7,5.0000,7.0000,False,False,False,True,True,True,5.0300,7.5400,1.5000,SIDI_INTRADAY_V2,0.6186,-1.7557,0.9162,-0.5325,294,XLK,True,31.6330,26.3377,-11.6840,15.4208,23.0540,,0.4512,0.4977,0.8847,0.0600,0.0770,,0.5910,832837504.0000,850000000.0000,0.9798,26337136640,0.6920,2.9800,1.1200,90400000,3.3900,0.2700,5.5700,4.4900,0.0316,OK,0,5.0700,False,True,False,False,False,False,DD12|FUND65|ABNORMAL20,False,7-15d,XLK,,AAPL|MSFT|NVDA,interest_rates|ai_capex_cycle|semiconductor_cycle,POST_ANALYSIS_ACTUAL_FILL,LIVE_QUOTE_AT_ANALYSIS,True,1.0000,1.5000,1.0000,-5.0000,7,1.5000,3,SELL_50_PCT_AT_TP1_REST_AT_TP2,MOVE_REMAINDER_TO_BREAK_EVEN,EXIT_AT_OPEN_IF_OPEN_BELOW_SL,SL_FIRST,10,PENDING_ANALYSIS,7.2464,7.2464,10.8696,295.5664,299.1896,273.9040,Indicative levels use the signal close only. Final SL/TP1/TP2 and sizing must be recalculated from the actual post-analysis broker fill.,17,2026-10-22,False,2026-07-23,2.3800,2.3500,1.1000,ALCISTA FUERTE,10,769.6400,7.3400,59.8000,15.3100,SIDI_INTRADAY_V2: Fund≥6.5 · DD60≥12% · RSI<40 · MACD↑ · Vol↓ · SPY20≤+1% · Abnormal20≤-10%,SIDI_INTRADAY_V2,True
FERG,Ferguson Enterprises,Industrials,Trading Companies & Distributors,2026-08-05,223.3300,224.1800,226.1800,222.5400,223.3300,2026-10-02,2026-10-05,51.6600,39.7900,UP,1.1445,1.1543,1.3871,False,0.6315,5.5264,0.8510,2.4750,231.6100,236.2600,223.0400,-3.5800,-5.4700,False,-0.6553,BAJISTA,-15.0200,-16.3100,262.8000,266.8400,268.5900,212.1300,-16.8500,5.2800,1.2820,True,True,218.1300,8,236.2200,True,-2.3300,HAMMER,6.6500,5.0000,6.0000,7.5000,10,5.0000,7.0000,False,False,True,False,False,True,4.9500,7.4200,1.5000,SIDI_INTRADAY_V2,0.6186,3.5201,0.0995,1.0154,294,XLI,True,21.9892,17.8241,6.9698,1.3753,16.1710,,,0.0632,0.3063,0.0460,0.0690,111.0630,1.7290,,1987399936.0000,,43219271680,1.1210,4.4000,1.5900,193452717,3.9800,2.0200,4.9000,5.1900,,D/E:111,1,5.0500,False,True,False,False,False,False,RSI40|MACD|FUND65|ABNORMAL20,False,3-7d,XLI,,CAT|UNP|HON,pmi_manufacturing|supply_chain|capex_cycle,POST_ANALYSIS_ACTUAL_FILL,LIVE_QUOTE_AT_ANALYSIS,True,1.0000,1.5000,1.0000,-5.0000,7,1.5000,3,SELL_50_PCT_AT_TP1_REST_AT_TP2,MOVE_REMAINDER_TO_BREAK_EVEN,EXIT_AT_OPEN_IF_OPEN_BELOW_SL,SL_FIRST,10,PENDING_ANALYSIS,5.5264,5.5264,8.2896,228.8564,231.6196,212.1635,Indicative levels use the signal close only. Final SL/TP1/TP2 and sizing must be recalculated from the actual post-analysis broker fill.,35,2026-11-09,False,2026-08-10,3.3900,3.3000,2.8000,ALCISTA FUERTE,10,769.6400,7.3400,59.8000,15.3100,SIDI_INTRADAY_V2: Fund≥6.5 · DD60≥12% · RSI<40 · MACD↑ · Vol↓ · SPY20≤+1% · Abnormal20≤-10%,SIDI_INTRADAY_V2,True
LEN,Lennar,Consumer Discretionary,Homebuilding,2005-10-04,79.8100,83.9600,84.2400,77.6300,79.8100,2026-10-02,2026-10-05,49.5600,47.0000,UP,0.2869,0.4582,0.5254,False,0.3992,3.2029,1.1970,4.0130,83.7200,93.5400,81.5400,-4.6700,-14.6800,False,-4.1564,BAJISTA,-9.4900,-10.9800,88.1800,89.6500,131.6800,75.7000,-39.3900,5.4300,1.5740,False,False,80.2600,2,89.0800,True,0.5700,NONE,5.5000,5.0000,6.0000,5.0000,7,5.0000,5.0000,False,False,False,False,False,False,8.0300,12.0400,1.5000,SIDI_INTRADAY_V2,0.6186,1.9182,0.3841,0.7187,294,XLY,True,14.7505,14.4230,0.8345,0.5701,12.1290,0.0596,0.0337,0.0409,0.1601,-0.0870,-0.4820,28.2010,10.1350,1227246208.0000,1295213056.0000,0.9475,18228535296,1.3760,6.1100,2.4400,210506003,4.7500,0.0000,6.4300,8.3300,0.0673,OK,0,5.0500,False,True,False,False,False,False,DD12|RSI40|MACD|VOLUME|FUND65|ABNORMAL20,False,3-7d,XLY,,AMZN|TSLA|HD,consumer_spending|employment_data|interest_rates,POST_ANALYSIS_ACTUAL_FILL,LIVE_QUOTE_AT_ANALYSIS,True,1.0000,1.5000,1.0000,-5.0000,7,1.5000,3,SELL_50_PCT_AT_TP1_REST_AT_TP2,MOVE_REMAINDER_TO_BREAK_EVEN,EXIT_AT_OPEN_IF_OPEN_BELOW_SL,SL_FIRST,10,PENDING_ANALYSIS,3.2029,3.2029,4.8044,83.0129,84.6144,75.8195,Indicative levels use the signal close only. Final SL/TP1/TP2 and sizing must be recalculated from the actual post-analysis broker fill.,71,2026-12-15,False,2026-09-16,1.2300,1.2900,-4.5000,ALCISTA FUERTE,10,769.6400,7.3400,59.8000,15.3100,SIDI_INTRADAY_V2: Fund≥6.5 · DD60≥12% · RSI<40 · MACD↑ · Vol↓ · SPY20≤+1% · Abnormal20≤-10%,SIDI_INTRADAY_V2,True
PG,Procter & Gamble,Consumer Staples,Personal Care Products,1957-03-04,144.9100,144.4000,145.2100,143.8100,144.9100,2026-10-02,2026-10-05,46.4000,49.3200,DOWN,-0.2333,-0.1673,0.2386,False,0.3234,2.2886,0.8190,1.5790,145.7300,146.2100,146.0900,-0.5700,-0.8900,False,0.2705,BAJISTA,-3.6400,-5.7100,150.3800,153.6800,164.7700,134.6200,-12.0500,7.6400,0.7830,True,True,141.1500,9,147.7700,True,-2.5900,NONE,6.3500,5.5000,5.0000,7.5000,10,5.0000,5.0000,False,False,False,False,False,True,3.1600,4.7400,1.5000,SIDI_INTRADAY_V2,0.6186,4.2989,0.1812,0.9324,294,XLP,True,21.9879,19.6727,6.3433,3.8876,14.6620,0.3029,0.1072,0.1844,0.5087,0.0150,-0.1550,64.4900,0.6770,13280874496.0000,15754000384.0000,0.8430,338344476672,0.3770,2.5700,3.0000,2324433060,4.1900,0.4000,6.8100,5.5600,0.0393,OK,0,5.0500,False,True,False,False,False,False,DD12|RSI40|MACD|FUND65|ABNORMAL20,False,3-7d,XLP,,KO|PEP|WMT,inflation|input_costs|fx_rates,POST_ANALYSIS_ACTUAL_FILL,LIVE_QUOTE_AT_ANALYSIS,True,1.0000,1.5000,1.0000,-5.0000,7,1.5000,3,SELL_50_PCT_AT_TP1_REST_AT_TP2,MOVE_REMAINDER_TO_BREAK_EVEN,EXIT_AT_OPEN_IF_OPEN_BELOW_SL,SL_FIRST,10,PENDING_ANALYSIS,2.2886,2.2886,3.4329,147.1986,148.3429,137.6645,Indicative levels use the signal close only. Final SL/TP1/TP2 and sizing must be recalculated from the actual post-analysis broker fill.,17,2026-10-22,False,2026-07-29,1.4300,1.4100,1.6000,ALCISTA FUERTE,10,769.6400,7.3400,59.8000,15.3100,SIDI_INTRADAY_V2: Fund≥6.5 · DD60≥12% · RSI<40 · MACD↑ · Vol↓ · SPY20≤+1% · Abnormal20≤-10%,SIDI_INTRADAY_V2,True
ECHO,EchoStar,Communication Services,Wireless Telecommunication Services,2026-03-23,94.2500,87.7100,94.5800,87.7100,94.2500,2026-10-02,2026-10-05,50.8600,50.7700,UP,-0.1935,-0.5424,-0.3839,True,0.7513,2.8600,0.7960,3.0340,89.5200,108.7300,91.1600,5.2900,-13.3200,False,1.0915,BAJISTA,-2.4000,-4.0300,96.5700,98.2100,147.2500,65.7600,-35.9900,43.3200,1.4620,True,True,94.7800,2,96.4600,True,0.5700,BULL_ENGULF,7.5500,7.0000,7.0000,9.5000,7,7.0000,7.5000,False,False,False,False,True,True,6.0700,9.1000,1.5000,SIDI_INTRADAY_V2,0.6186,12.3519,1.4764,0.3427,294,XLC,True,,4.3493,2.0285,1.9619,22.3750,-0.3343,0.0132,-0.3871,0.2954,-0.0400,,123.7570,5.2010,-18870501376.0000,-5672891904.0000,3.3264,28750053376,0.9920,10.2800,0.0000,159467376,3.3600,2.5000,4.4900,3.0500,-0.6564,D/E:124|ROE:-33.4%,2,5.0400,False,True,False,False,False,False,DD12|RSI40|FUND65|ABNORMAL20,False,3-7d,XLC,,GOOGL|META|NFLX,ad_spending_cycle|streaming_competition|regulation,POST_ANALYSIS_ACTUAL_FILL,LIVE_QUOTE_AT_ANALYSIS,True,1.0000,1.5000,1.0000,-5.0000,7,1.5000,3,SELL_50_PCT_AT_TP1_REST_AT_TP2,MOVE_REMAINDER_TO_BREAK_EVEN,EXIT_AT_OPEN_IF_OPEN_BELOW_SL,SL_FIRST,10,PENDING_ANALYSIS,2.8600,2.8600,4.2900,97.1100,98.5400,89.5375,Indicative levels use the signal close only. Final SL/TP1/TP2 and sizing must be recalculated from the actual post-analysis broker fill.,31,2026-11-05,False,2026-08-03,0.1400,2.6200,-94.8000,ALCISTA FUERTE,10,769.6400,7.3400,59.8000,15.3100,SIDI_INTRADAY_V2: Fund≥6.5 · DD60≥12% · RSI<40 · MACD↑ · Vol↓ · SPY20≤+1% · Abnormal20≤-10%,SIDI_INTRADAY_V2,True
KMB,Kimberly-Clark,Consumer Staples,Household Products,1957-03-04,94.3600,95.1200,95.5200,93.9900,94.3600,2026-10-02,2026-10-05,28.1600,25.5400,UP,-0.1177,-0.0187,0.1899,False,0.0573,1.8850,0.7160,1.9980,104.4300,100.3900,98.9900,-9.6400,-6.0100,True,-0.1532,BAJISTA,-15.6500,-17.3000,111.8700,114.1000,117.3700,90.0900,-19.6100,4.7400,0.9110,False,False,91.6200,2,98.8800,True,-2.9000,NONE,7.2000,6.5000,8.5000,5.0000,8,10.0000,5.0000,False,False,True,True,False,False,4.0000,5.9900,1.5000,SIDI_INTRADAY_V2,0.6186,-7.0445,0.2551,1.1524,294,XLP,True,18.7081,12.7041,18.0255,1.8987,10.6550,1.0491,0.1019,0.1179,0.3761,0.0060,-0.3230,348.9330,0.9090,941124992.0000,1684999936.0000,0.5585,31484540928,0.2750,12.3200,5.4300,331940357,3.6000,0.0000,6.1300,4.8400,0.0299,FCF/NI:0.56|D/E:349,2,5.0400,False,True,False,False,False,False,MACD|VOLUME|FUND65|ABNORMAL20,False,3-7d,XLP,,PG|KO|PEP,inflation|input_costs|fx_rates,POST_ANALYSIS_ACTUAL_FILL,LIVE_QUOTE_AT_ANALYSIS,True,1.0000,1.5000,1.0000,-5.0000,7,1.5000,3,SELL_50_PCT_AT_TP1_REST_AT_TP2,MOVE_REMAINDER_TO_BREAK_EVEN,EXIT_AT_OPEN_IF_OPEN_BELOW_SL,SL_FIRST,10,PENDING_ANALYSIS,1.8850,1.8850,2.8275,96.2450,97.1875,89.6420,Indicative levels use the signal close only. Final SL/TP1/TP2 and sizing must be recalculated from the actual post-analysis broker fill.,29,2026-11-03,False,2026-08-04,2.1200,2.0100,5.7000,ALCISTA FUERTE,10,769.6400,7.3400,59.8000,15.3100,SIDI_INTRADAY_V2: Fund≥6.5 · DD60≥12% · RSI<40 · MACD↑ · Vol↓ · SPY20≤+1% · Abnormal20≤-10%,SIDI_INTRADAY_V2,True
XEL,Xcel Energy,Utilities,Multi-Utilities,1957-03-04,71.4000,71.3400,71.8900,71.0800,71.4000,2026-10-02,2026-10-05,38.9300,25.7900,UP,0.0430,-0.0813,-0.2510,True,0.3835,1.2650,0.8590,1.7720,75.3600,76.9400,72.1700,-5.2500,-7.2000,False,-0.4773,BAJISTA,-11.8700,-12.8300,81.0200,81.9100,82.5600,68.7200,-13.5100,3.9000,0.7680,False,False,68.7200,1,80.2000,True,-3.7500,HAMMER|DOJI|HAMMER|DOJI,6.3500,5.0000,8.5000,5.0000,8,5.0000,7.0000,False,False,False,True,True,False,3.5400,5.3200,1.5000,SIDI_INTRADAY_V2,0.6186,1.4640,-0.0190,1.1058,294,XLU,True,19.6712,15.8231,1.8636,3.0685,13.7570,0.0992,0.0237,0.1528,0.4682,-0.0510,0.2400,173.1350,0.7010,-7907999744.0000,2232999936.0000,-3.5414,44848746496,0.3730,7.5500,3.3200,624634306,4.1700,5.0000,4.3100,3.0400,-0.1763,FCF/NI:-3.54|D/E:173,2,5.0400,False,True,False,False,False,False,DD12|VOLUME|FUND65|ABNORMAL20,False,3-7d,XLU,,NEE|DUK|SO,interest_rates|regulatory_environment,POST_ANALYSIS_ACTUAL_FILL,LIVE_QUOTE_AT_ANALYSIS,True,1.0000,1.5000,1.0000,-5.0000,7,1.5000,3,SELL_50_PCT_AT_TP1_REST_AT_TP2,MOVE_REMAINDER_TO_BREAK_EVEN,EXIT_AT_OPEN_IF_OPEN_BELOW_SL,SL_FIRST,10,PENDING_ANALYSIS,1.2650,1.2650,1.8975,72.6650,73.2975,67.8300,Indicative levels use the signal close only. Final SL/TP1/TP2 and sizing must be recalculated from the actual post-analysis broker fill.,24,2026-10-29,False,2026-07-30,0.9300,0.7900,18.4000,ALCISTA FUERTE,10,769.6400,7.3400,59.8000,15.3100,SIDI_INTRADAY_V2: Fund≥6.5 · DD60≥12% · RSI<40 · MACD↑ · Vol↓ · SPY20≤+1% · Abnormal20≤-10%,SIDI_INTRADAY_V2,True
PCAR,Paccar,Industrials,Construction Machinery & Heavy Transportation Equipment,1980-12-31,109.6800,110.5100,111.2200,108.5600,109.6800,2026-10-02,2026-10-05,8.0300,9.7400,DOWN,-0.3817,-0.4893,-0.6419,True,0.1923,2.8136,0.9000,2.5650,124.5800,120.2300,115.5000,-11.9600,-8.7700,True,1.0853,BAJISTA,-20.4300,-21.0200,137.8500,138.8700,138.8700,90.0300,-21.0200,21.8300,1.1920,False,False,106.9900,2,122.4800,True,-2.4500,NONE,6.6200,7.0000,8.5000,5.0000,7,6.5000,5.0000,False,False,True,True,True,False,5.1300,7.7000,1.5000,SIDI_INTRADAY_V2,0.6186,-10.5458,0.0807,0.9744,294,XLI,True,23.1116,15.1953,2.8435,2.0764,19.5260,0.1276,0.0412,0.0900,0.1371,0.0050,0.0420,72.9100,5.5190,1943650048.0000,2504199936.0000,0.7762,57784344576,0.9880,5.2500,1.2800,526364953,3.9600,0.4400,5.7500,5.9700,0.0336,OK,0,5.0200,False,True,True,False,False,False,VOLUME|FUND65,False,5-10d,XLI,,CAT|UNP|HON,pmi_manufacturing|supply_chain|capex_cycle,POST_ANALYSIS_ACTUAL_FILL,LIVE_QUOTE_AT_ANALYSIS,True,1.0000,1.5000,1.0000,-5.0000,7,1.5000,3,SELL_50_PCT_AT_TP1_REST_AT_TP2,MOVE_REMAINDER_TO_BREAK_EVEN,EXIT_AT_OPEN_IF_OPEN_BELOW_SL,SL_FIRST,10,PENDING_ANALYSIS,2.8136,2.8136,4.2204,112.4936,113.9004,104.1960,Indicative levels use the signal close only. Final SL/TP1/TP2 and sizing must be recalculated from the actual post-analysis broker fill.,22,2026-10-27,False,2026-07-28,1.4300,1.3600,5.4000,ALCISTA FUERTE,10,769.6400,7.3400,59.8000,15.3100,SIDI_INTRADAY_V2: Fund≥6.5 · DD60≥12% · RSI<40 · MACD↑ · Vol↓ · SPY20≤+1% · Abnormal20≤-10%,SIDI_INTRADAY_V2,True
RF,Regions Financial Corporation,Financials,Regional Banks,1998-08-28,27.1000,26.9900,27.3000,26.9500,27.1000,2026-10-02,2026-10-05,15.5300,16.3500,DOWN,-0.1126,-0.1556,-0.2021,True,0.2338,0.6000,1.0160,2.2140,29.8000,28.2300,28.1800,-9.0500,-4.0000,True,1.2739,BAJISTA,-15.5100,-15.6900,32.0700,32.1400,32.1400,21.8200,-15.6900,24.2100,1.2180,False,False,27.0100,2,28.0700,True,-0.3500,HAMMER,6.9800,7.0000,8.5000,5.0000,8,6.5000,7.0000,False,False,True,True,True,False,4.4300,6.6400,1.5000,SIDI_INTRADAY_V2,0.6186,-2.3936,0.0201,1.0784,294,XLF,True,11.1163,9.5629,1.3293,3.2056,,0.1187,0.0139,0.3084,0.0000,0.0340,0.0850,,,,2150000128.0000,,23202301952,1.0600,7.6700,4.0400,851929506,3.7200,1.1700,4.5800,5.6800,,OK,0,5.0200,False,True,False,False,False,False,VOLUME|FUND65|ABNORMAL20,False,5-10d,XLF,,JPM|BAC|WFC,interest_rates|yield_curve|credit_spreads|loan_growth,POST_ANALYSIS_ACTUAL_FILL,LIVE_QUOTE_AT_ANALYSIS,True,1.0000,1.5000,1.0000,-5.0000,7,1.5000,3,SELL_50_PCT_AT_TP1_REST_AT_TP2,MOVE_REMAINDER_TO_BREAK_EVEN,EXIT_AT_OPEN_IF_OPEN_BELOW_SL,SL_FIRST,10,PENDING_ANALYSIS,0.6000,0.6000,0.9000,27.7000,28.0000,25.7450,Indicative levels use the signal close only. Final SL/TP1/TP2 and sizing must be recalculated from the actual post-analysis broker fill.,11,2026-10-16,False,2026-07-17,0.6800,0.6300,7.9000,ALCISTA FUERTE,10,769.6400,7.3400,59.8000,15.3100,SIDI_INTRADAY_V2: Fund≥6.5 · DD60≥12% · RSI<40 · MACD↑ · Vol↓ · SPY20≤+1% · Abnormal20≤-10%,SIDI_INTRADAY_V2,True
SWKS,Skyworks Solutions,Information Technology,Semiconductors,2015-03-12,85.0300,83.9200,86.5400,82.0800,85.0300,2026-10-02,2026-10-05,57.1600,63.9900,DOWN,-1.0467,-0.9298,-0.2023,False,0.4781,4.7814,1.3310,5.6230,74.2300,65.3400,83.9200,14.5500,30.1400,True,3.3085,ALCISTA,-7.0200,-8.3700,91.4500,92.8000,92.8000,51.4800,-8.3700,65.1600,1.1670,True,True,69.3700,1,85.1800,False,-18.4200,NONE,6.3500,10.0000,5.0000,7.5000,4,5.0000,5.0000,False,False,False,False,False,True,11.2500,16.8700,1.5000,SIDI_INTRADAY_V2,0.6186,14.2820,0.4158,0.6373,294,XLK,True,42.1969,16.4106,2.1360,3.0515,14.4020,0.0509,0.0344,0.0723,0.4073,-0.0310,-0.6860,11.8690,3.1010,448812512.0000,290100000.0000,1.5471,12249062400,1.4780,4.7000,0.0000,150405963,4.1300,0.0000,6.3400,6.3700,0.0366,OK,0,5.0200,False,True,False,False,False,False,DD12|RSI40|MACD|FUND65|ABNORMAL20,False,10-18d,XLK,,AAPL|MSFT|NVDA,interest_rates|ai_capex_cycle|semiconductor_cycle,POST_ANALYSIS_ACTUAL_FILL,LIVE_QUOTE_AT_ANALYSIS,True,1.0000,1.5000,1.0000,-5.0000,7,1.5000,3,SELL_50_PCT_AT_TP1_REST_AT_TP2,MOVE_REMAINDER_TO_BREAK_EVEN,EXIT_AT_OPEN_IF_OPEN_BELOW_SL,SL_FIRST,10,PENDING_ANALYSIS,4.7814,4.7814,7.1721,89.8114,92.2021,80.7785,Indicative levels use the signal close only. Final SL/TP1/TP2 and sizing must be recalculated from the actual post-analysis broker fill.,29,2026-11-03,False,2026-07-28,1.0800,1.0300,4.8000,ALCISTA FUERTE,10,769.6400,7.3400,59.8000,15.3100,SIDI_INTRADAY_V2: Fund≥6.5 · DD60≥12% · RSI<40 · MACD↑ · Vol↓ · SPY20≤+1% · Abnormal20≤-10%,SIDI_INTRADAY_V2,True
SBAC,SBA Communications,Real Estate,Telecom Tower REITs,2017-09-01,158.4900,158.0200,163.2500,157.8200,158.4900,2026-10-02,2026-10-05,6.0100,15.5600,DOWN,-2.0634,-2.2548,-2.2547,True,0.1159,4.6036,0.8410,2.9050,179.4800,189.1300,171.3700,-11.7000,-16.2000,False,-0.7202,BAJISTA,-17.2500,-18.4000,191.5200,194.2300,221.5800,157.3500,-28.4700,0.7200,0.8420,True,True,,0,186.6300,False,,DOJI,6.5000,5.0000,8.5000,7.5000,4,8.0000,5.0000,True,True,True,True,True,True,5.8100,8.7100,1.5000,SIDI_INTRADAY_V2,0.6186,-9.1332,-0.2617,1.3865,294,XLRE,True,17.3937,19.7007,-3.6946,5.9589,17.3330,,0.0841,0.3451,0.7420,0.0230,-0.1050,,0.1650,752056384.0000,990718016.0000,0.7591,17105647616,0.9940,4.5800,3.1500,106088110,4.0200,0.8000,5.4400,6.1200,0.0440,OK,0,5.0100,False,True,False,True,False,False,FUND65|ABNORMAL20,False,3-7d,XLRE,,PLD|AMT|EQIX,interest_rates|cap_rates|occupancy_trends,POST_ANALYSIS_ACTUAL_FILL,LIVE_QUOTE_AT_ANALYSIS,True,1.0000,1.5000,1.0000,-5.0000,7,1.5000,3,SELL_50_PCT_AT_TP1_REST_AT_TP2,MOVE_REMAINDER_TO_BREAK_EVEN,EXIT_AT_OPEN_IF_OPEN_BELOW_SL,SL_FIRST,10,PENDING_ANALYSIS,4.6036,4.6036,6.9054,163.0936,165.3954,150.5655,Indicative levels use the signal close only. Final SL/TP1/TP2 and sizing must be recalculated from the actual post-analysis broker fill.,28,2026-11-02,False,2026-08-03,1.8700,1.8900,-1.2000,ALCISTA FUERTE,10,769.6400,7.3400,59.8000,15.3100,SIDI_INTRADAY_V2: Fund≥6.5 · DD60≥12% · RSI<40 · MACD↑ · Vol↓ · SPY20≤+1% · Abnormal20≤-10%,SIDI_INTRADAY_V2,True
DRI,Darden Restaurants,Consumer Discretionary,Restaurants,1995-05-31,200.3300,197.9100,200.9100,197.0600,200.3300,2026-10-02,2026-10-05,30.3000,33.8700,DOWN,-1.3202,-1.7867,-1.8291,True,0.2770,5.3371,0.9450,2.6640,211.8000,202.2100,205.4300,-5.4200,-0.9300,True,1.7129,BAJISTA,-12.0100,-12.8100,227.6800,229.7600,229.7600,165.1300,-12.8100,21.3200,0.8120,False,False,189.3200,5,210.6600,False,-5.5000,NONE,6.4200,7.0000,7.5000,5.0000,7,6.5000,5.0000,False,False,True,True,True,False,5.3300,7.9900,1.5000,SIDI_INTRADAY_V2,0.6186,-8.0635,-0.4666,0.4923,294,XLY,True,19.0459,16.0510,10.9022,1.6847,14.4870,0.5543,0.0765,0.0885,0.2166,0.0510,-0.0670,415.3020,0.2980,794787520.0000,1190099968.0000,0.6678,22518896640,0.6180,6.0800,3.2800,113143224,4.0500,2.1800,4.9700,5.1400,0.0353,FCF/NI:0.67|D/E:415,2,5.0000,False,True,False,False,False,False,VOLUME|FUND65|ABNORMAL20,False,3-7d,XLY,,AMZN|TSLA|HD,consumer_spending|employment_data|interest_rates,POST_ANALYSIS_ACTUAL_FILL,LIVE_QUOTE_AT_ANALYSIS,True,1.0000,1.5000,1.0000,-5.0000,7,1.5000,3,SELL_50_PCT_AT_TP1_REST_AT_TP2,MOVE_REMAINDER_TO_BREAK_EVEN,EXIT_AT_OPEN_IF_OPEN_BELOW_SL,SL_FIRST,10,PENDING_ANALYSIS,5.3371,5.3371,8.0057,205.6671,208.3357,190.3135,Indicative levels use the signal close only. Final SL/TP1/TP2 and sizing must be recalculated from the actual post-analysis broker fill.,80,2026-12-24,False,2026-09-24,2.0500,2.0500,-17.0000,ALCISTA FUERTE,10,769.6400,7.3400,59.8000,15.3100,SIDI_INTRADAY_V2: Fund≥6.5 · DD60≥12% · RSI<40 · MACD↑ · Vol↓ · SPY20≤+1% · Abnormal20≤-10%,SIDI_INTRADAY_V2,True
LVS,Las Vegas Sands,Consumer Discretionary,Casinos & Gaming,2019-10-03,36.2300,36.8900,36.9800,36.2100,36.2300,2026-10-02,2026-10-05,8.3700,12.0100,DOWN,-0.2742,-0.2475,-0.2156,False,0.0616,0.9614,0.8220,2.6540,43.8200,51.2400,39.9900,-17.3300,-29.2900,False,-4.6274,BAJISTA,-26.8900,-27.1900,49.5500,49.7600,69.2400,36.2100,-47.6700,0.0600,1.2200,False,False,,0,47.7200,False,,NONE,5.8000,5.0000,7.5000,5.0000,4,8.0000,5.0000,False,False,True,True,False,False,5.3100,7.9600,1.5000,SIDI_INTRADAY_V2,0.6186,-15.3841,-0.0238,0.3873,294,XLY,True,14.2840,10.4563,40.9253,1.7332,7.6930,1.2287,0.0955,0.1259,0.7933,-0.0070,-0.1980,1703.9020,0.9970,2212875008.0000,1727000064.0000,1.2813,23777110016,0.7680,3.6900,3.3100,647701184,4.4500,0.0000,6.7400,6.9600,0.0931,D/E:1704,1,4.9900,False,True,True,False,False,False,MACD|VOLUME|FUND65,False,3-7d,XLY,,AMZN|TSLA|HD,consumer_spending|employment_data|interest_rates,POST_ANALYSIS_ACTUAL_FILL,LIVE_QUOTE_AT_ANALYSIS,True,1.0000,1.5000,1.0000,-5.0000,7,1.5000,3,SELL_50_PCT_AT_TP1_REST_AT_TP2,MOVE_REMAINDER_TO_BREAK_EVEN,EXIT_AT_OPEN_IF_OPEN_BELOW_SL,SL_FIRST,10,PENDING_ANALYSIS,0.9614,0.9614,1.4421,37.1914,37.6721,34.4185,Indicative levels use the signal close only. Final SL/TP1/TP2 and sizing must be recalculated from the actual post-analysis broker fill.,16,2026-10-21,False,2026-07-22,0.5900,0.7600,-22.0000,ALCISTA FUERTE,10,769.6400,7.3400,59.8000,15.3100,SIDI_INTRADAY_V2: Fund≥6.5 · DD60≥12% · RSI<40 · MACD↑ · Vol↓ · SPY20≤+1% · Abnormal20≤-10%,SIDI_INTRADAY_V2,True
TXT,Textron,Industrials,Aerospace & Defense,1978-12-31,77.2600,77.7300,77.8000,76.6200,77.2600,2026-10-02,2026-10-05,32.2300,37.1300,DOWN,0.1118,0.0522,0.0163,True,0.2919,1.5886,0.7360,2.0560,83.1400,89.5700,78.7400,-7.0700,-13.7400,False,-0.4840,BAJISTA,-19.6100,-20.5900,96.1100,97.3000,101.5000,75.5100,-23.8800,2.3200,1.1610,False,False,78.1000,1,82.7900,True,1.0900,NONE,6.3300,5.0000,7.5000,5.0000,7,8.5000,5.0000,False,False,True,True,True,False,4.1100,6.1700,1.5000,SIDI_INTRADAY_V2,0.6186,2.4862,-0.3180,1.1291,294,XLI,True,14.2957,10.4457,1.6205,0.8628,9.5610,0.1213,0.0455,0.0612,0.1763,0.0300,0.0520,52.2850,1.8610,452750016.0000,939000000.0000,0.4822,13199912960,0.9080,4.4900,0.1000,173888981,4.0900,1.1300,4.2000,7.4200,0.0343,FCF/NI:0.48,1,4.9900,False,True,False,False,False,False,VOLUME|FUND65|ABNORMAL20,False,3-7d,XLI,,CAT|UNP|HON,pmi_manufacturing|supply_chain|capex_cycle,POST_ANALYSIS_ACTUAL_FILL,LIVE_QUOTE_AT_ANALYSIS,True,1.0000,1.5000,1.0000,-5.0000,7,1.5000,3,SELL_50_PCT_AT_TP1_REST_AT_TP2,MOVE_REMAINDER_TO_BREAK_EVEN,EXIT_AT_OPEN_IF_OPEN_BELOW_SL,SL_FIRST,10,PENDING_ANALYSIS,1.5886,1.5886,2.3829,78.8486,79.6429,73.3970,Indicative levels use the signal close only. Final SL/TP1/TP2 and sizing must be recalculated from the actual post-analysis broker fill.,24,2026-10-29,False,2026-07-28,1.6200,1.5500,4.8000,ALCISTA FUERTE,10,769.6400,7.3400,59.8000,15.3100,SIDI_INTRADAY_V2: Fund≥6.5 · DD60≥12% · RSI<40 · MACD↑ · Vol↓ · SPY20≤+1% · Abnormal20≤-10%,SIDI_INTRADAY_V2,True
MET,MetLife,Financials,Life & Health Insurance,2000-12-11,94.4300,93.9800,94.9700,93.9800,94.4300,2026-10-02,2026-10-05,30.7000,50.4400,DOWN,-0.4094,-0.4062,-0.2462,False,0.0899,1.8736,1.0270,1.9840,96.3500,82.9800,96.0000,-1.9900,13.8000,True,2.5526,NEUTRO,-5.5200,-6.4400,99.9500,100.9300,100.9300,66.4100,-6.4400,42.2000,0.9610,True,True,93.8700,4,98.7000,True,-0.6000,HAMMER,7.7500,8.5000,6.5000,7.5000,9,8.0000,7.0000,False,False,False,True,False,True,3.9700,5.9500,1.5000,SIDI_INTRADAY_V2,0.6186,2.7426,-0.0863,1.2314,294,XLF,True,18.4344,8.6549,2.2364,0.7702,13.8280,0.1309,0.0045,0.0457,0.2395,0.1050,0.0580,179.9330,2.0270,-20953999360.0000,3440999936.0000,-6.0895,61150355456,0.7750,4.3000,2.5100,635476927,3.1100,2.6000,3.9400,2.7400,-0.3427,FCF/NI:-6.09|D/E:180,2,4.9700,False,True,False,False,False,False,DD12|MACD|FUND65|ABNORMAL20,False,7-15d,XLF,,JPM|BAC|WFC,interest_rates|yield_curve|credit_spreads|loan_growth,POST_ANALYSIS_ACTUAL_FILL,LIVE_QUOTE_AT_ANALYSIS,True,1.0000,1.5000,1.0000,-5.0000,7,1.5000,3,SELL_50_PCT_AT_TP1_REST_AT_TP2,MOVE_REMAINDER_TO_BREAK_EVEN,EXIT_AT_OPEN_IF_OPEN_BELOW_SL,SL_FIRST,10,PENDING_ANALYSIS,1.8736,1.8736,2.8104,96.3036,97.2404,89.7085,Indicative levels use the signal close only. Final SL/TP1/TP2 and sizing must be recalculated from the actual post-analysis broker fill.,35,2026-11-09,False,2026-08-05,2.4300,2.2900,6.2000,ALCISTA FUERTE,10,769.6400,7.3400,59.8000,15.3100,SIDI_INTRADAY_V2: Fund≥6.5 · DD60≥12% · RSI<40 · MACD↑ · Vol↓ · SPY20≤+1% · Abnormal20≤-10%,SIDI_INTRADAY_V2,True
TYL,Tyler Technologies,Information Technology,Application Software,2020-06-22,322.8100,329.4300,330.8300,322.2500,322.8100,2026-10-02,2026-10-05,22.8000,28.5200,DOWN,-2.3963,-2.8094,-4.2164,True,0.2427,11.1243,0.8070,3.4460,336.1300,345.4800,333.5200,-3.9600,-6.5600,False,-3.5168,BAJISTA,-14.8900,-17.9700,379.2700,393.5300,524.4300,270.7100,-38.4500,19.2500,0.5270,True,True,299.7300,1,330.0000,False,-7.1500,NONE,6.4300,5.0000,8.5000,7.5000,5,6.5000,5.0000,True,True,True,True,True,True,6.8900,10.3400,1.5000,SIDI_INTRADAY_V2,0.6186,-13.4388,0.8998,-0.7465,294,XLK,True,43.1092,21.3418,4.4153,5.5223,29.8890,0.0973,0.0418,0.1336,0.4721,0.0820,0.1550,47.9060,1.5540,594435648.0000,324616000.0000,1.8312,13417193472,0.8490,3.5400,0.0000,40952274,3.9900,0.9800,4.9500,6.3900,0.0443,OK,0,4.9700,False,True,True,True,False,False,FUND65,False,3-7d,XLK,,AAPL|MSFT|NVDA,interest_rates|ai_capex_cycle|semiconductor_cycle,POST_ANALYSIS_ACTUAL_FILL,LIVE_QUOTE_AT_ANALYSIS,True,1.0000,1.5000,1.0000,-5.0000,7,1.5000,3,SELL_50_PCT_AT_TP1_REST_AT_TP2,MOVE_REMAINDER_TO_BREAK_EVEN,EXIT_AT_OPEN_IF_OPEN_BELOW_SL,SL_FIRST,10,PENDING_ANALYSIS,11.1243,11.1243,16.6865,333.9343,339.4964,306.6695,Indicative levels use the signal close only. Final SL/TP1/TP2 and sizing must be recalculated from the actual post-analysis broker fill.,23,2026-10-28,False,2026-07-29,3.0800,3.0700,36.0000,ALCISTA FUERTE,10,769.6400,7.3400,59.8000,15.3100,SIDI_INTRADAY_V2: Fund≥6.5 · DD60≥12% · RSI<40 · MACD↑ · Vol↓ · SPY20≤+1% · Abnormal20≤-10%,SIDI_INTRADAY_V2,True
CME,CME Group,Financials,Financial Exchanges & Data,2006-08-11,263.1400,265.4100,265.4100,260.0600,263.1400,2026-10-02,2026-10-05,28.6000,32.8500,DOWN,-1.5171,-1.6844,-2.0321,True,0.1699,5.9364,0.9600,2.2560,269.7000,274.4700,268.8500,-2.4300,-4.1300,False,0.2351,BAJISTA,-7.7100,-8.8000,285.1100,288.5500,318.3200,217.2900,-17.3400,21.1000,0.8710,True,True,257.2500,2,269.7900,True,-2.2400,HAMMER|DOJI,7.1800,5.5000,8.5000,7.5000,8,6.5000,7.0000,False,False,False,True,True,True,4.5100,6.7700,1.5000,SIDI_INTRADAY_V2,0.6186,0.1348,-0.6688,0.6030,294,XLF,True,22.6404,20.6327,3.6162,14.2045,20.1660,0.1580,0.0148,0.6344,1.0000,0.0080,0.0250,14.5870,1.0180,2909012480.0000,4264999936.0000,0.6821,95982493696,0.2700,3.0500,1.9800,359576125,3.4800,0.0000,6.1600,4.4100,0.0303,FCF/NI:0.68,1,4.9600,False,True,False,False,False,False,DD12|FUND65|ABNORMAL20,False,5-10d,XLF,,JPM|BAC|WFC,interest_rates|yield_curve|credit_spreads|loan_growth,POST_ANALYSIS_ACTUAL_FILL,LIVE_QUOTE_AT_ANALYSIS,True,1.0000,1.5000,1.0000,-5.0000,7,1.5000,3,SELL_50_PCT_AT_TP1_REST_AT_TP2,MOVE_REMAINDER_TO_BREAK_EVEN,EXIT_AT_OPEN_IF_OPEN_BELOW_SL,SL_FIRST,10,PENDING_ANALYSIS,5.9364,5.9364,8.9046,269.0764,272.0446,249.9830,Indicative levels use the signal close only. Final SL/TP1/TP2 and sizing must be recalculated from the actual post-analysis broker fill.,16,2026-10-21,False,2026-07-22,2.9900,2.9100,2.8000,ALCISTA FUERTE,10,769.6400,7.3400,59.8000,15.3100,SIDI_INTRADAY_V2: Fund≥6.5 · DD60≥12% · RSI<40 · MACD↑ · Vol↓ · SPY20≤+1% · Abnormal20≤-10%,SIDI_INTRADAY_V2,True
WM,Waste Management,Industrials,Environmental & Facilities Services,1998-08-31,204.4500,201.6100,205.0000,200.5800,204.4500,2026-10-02,2026-10-05,18.8300,24.8900,DOWN,-0.3763,-0.5328,-0.3575,True,0.1969,3.1493,0.7310,1.5400,219.1600,223.0900,210.0000,-6.7100,-8.3600,False,-0.0078,BAJISTA,-15.2300,-16.9100,241.1800,246.0600,246.0600,190.9200,-16.9100,7.0900,1.0700,False,False,,0,220.4100,False,,BULL_ENGULF,6.3200,5.0000,8.5000,5.0000,4,8.5000,7.5000,False,False,True,True,True,False,3.0800,4.6200,1.5000,SIDI_INTRADAY_V2,0.6186,-8.0464,-0.7876,0.2384,294,XLI,True,29.2302,22.6563,8.3161,3.2137,13.4450,0.2984,0.0657,0.1111,0.4060,0.0400,0.0830,235.3010,0.9070,2348375040.0000,2852999936.0000,0.8231,82487230464,0.4300,2.6800,1.8500,399715184,4.0600,2.1400,5.5000,4.6400,0.0285,D/E:235,1,4.9600,False,True,False,False,False,False,VOLUME|FUND65|ABNORMAL20,False,3-7d,XLI,,CAT|UNP|HON,pmi_manufacturing|supply_chain|capex_cycle,POST_ANALYSIS_ACTUAL_FILL,LIVE_QUOTE_AT_ANALYSIS,True,1.0000,1.5000,1.0000,-5.0000,7,1.5000,3,SELL_50_PCT_AT_TP1_REST_AT_TP2,MOVE_REMAINDER_TO_BREAK_EVEN,EXIT_AT_OPEN_IF_OPEN_BELOW_SL,SL_FIRST,10,PENDING_ANALYSIS,3.1493,3.1493,4.7240,207.5993,209.1739,194.2275,Indicative levels use the signal close only. Final SL/TP1/TP2 and sizing must be recalculated from the actual post-analysis broker fill.,22,2026-10-27,False,2026-07-28,2.0200,1.9800,2.1000,ALCISTA FUERTE,10,769.6400,7.3400,59.8000,15.3100,SIDI_INTRADAY_V2: Fund≥6.5 · DD60≥12% · RSI<40 · MACD↑ · Vol↓ · SPY20≤+1% · Abnormal20≤-10%,SIDI_INTRADAY_V2,True
SO,Southern Company,Utilities,Electric Utilities,1957-03-04,83.7200,83.7200,84.3100,83.5900,83.7200,2026-10-02,2026-10-05,31.2800,19.6300,UP,0.0205,-0.0740,-0.2167,True,0.3045,1.2121,0.7680,1.4480,89.0800,91.0000,85.1700,-6.0200,-8.0000,False,-0.0448,BAJISTA,-13.2000,-14.6200,96.4500,98.0500,98.4500,81.6900,-14.9600,2.4900,1.1890,False,False,,0,95.8100,False,,HAMMER|DOJI,6.0500,5.0000,8.5000,5.0000,4,7.0000,7.0000,False,False,True,True,True,False,2.9000,4.3400,1.5000,SIDI_INTRADAY_V2,0.6186,0.2817,-0.2283,0.9480,294,XLU,True,20.2952,17.1077,2.4485,3.2105,12.1460,0.1148,0.0327,0.1543,0.4829,0.0010,0.3040,182.0580,0.7870,-3913374976.0000,4657999872.0000,-0.8401,96889323520,0.3010,5.1100,3.6300,1150362966,4.2100,5.0000,4.5500,2.8800,-0.0404,FCF/NI:-0.84|D/E:182,2,4.9500,False,True,False,False,False,False,VOLUME|FUND65|ABNORMAL20,False,3-7d,XLU,,NEE|DUK|D,interest_rates|regulatory_environment,POST_ANALYSIS_ACTUAL_FILL,LIVE_QUOTE_AT_ANALYSIS,True,1.0000,1.5000,1.0000,-5.0000,7,1.5000,3,SELL_50_PCT_AT_TP1_REST_AT_TP2,MOVE_REMAINDER_TO_BREAK_EVEN,EXIT_AT_OPEN_IF_OPEN_BELOW_SL,SL_FIRST,10,PENDING_ANALYSIS,1.2121,1.2121,1.8181,84.9321,85.5382,79.5340,Indicative levels use the signal close only. Final SL/TP1/TP2 and sizing must be recalculated from the actual post-analysis broker fill.,31,2026-11-05,False,2026-07-30,1.1300,1.0100,11.8000,ALCISTA FUERTE,10,769.6400,7.3400,59.8000,15.3100,SIDI_INTRADAY_V2: Fund≥6.5 · DD60≥12% · RSI<40 · MACD↑ · Vol↓ · SPY20≤+1% · Abnormal20≤-10%,SIDI_INTRADAY_V2,True
GM,General Motors,Consumer Discretionary,Automobile Manufacturers,2013-06-06,78.2700,79.8900,79.8900,77.9700,78.2700,2026-10-02,2026-10-05,33.1800,40.0800,DOWN,-0.6617,-0.6818,-0.5492,True,0.0926,2.8086,1.1690,3.5880,85.3100,80.3700,82.2800,-8.2600,-2.6200,True,1.2183,BAJISTA,-13.1400,-14.6100,90.1100,91.6600,91.6600,53.8700,-14.6100,45.3100,1.1540,False,False,74.3900,3,78.8200,False,-4.9500,NONE,6.6500,7.0000,7.5000,5.0000,7,8.0000,5.0000,False,False,True,True,True,False,7.1800,10.7600,1.5000,SIDI_INTRADAY_V2,0.6186,-7.9571,0.3243,0.7230,294,XLY,True,35.9126,5.3214,1.1328,0.3788,10.5920,0.0316,0.0225,0.0105,0.1018,0.0190,-0.2620,202.3410,1.1360,21933750272.0000,1856999936.0000,11.8114,70270705664,1.4000,3.5500,0.9200,877451541,3.8000,0.5000,3.9900,7.4300,0.3121,D/E:202,1,4.9400,False,True,False,False,False,False,VOLUME|FUND65|ABNORMAL20,False,3-7d,XLY,,AMZN|TSLA|HD,consumer_spending|employment_data|interest_rates,POST_ANALYSIS_ACTUAL_FILL,LIVE_QUOTE_AT_ANALYSIS,True,1.0000,1.5000,1.0000,-5.0000,7,1.5000,3,SELL_50_PCT_AT_TP1_REST_AT_TP2,MOVE_REMAINDER_TO_BREAK_EVEN,EXIT_AT_OPEN_IF_OPEN_BELOW_SL,SL_FIRST,10,PENDING_ANALYSIS,2.8086,2.8086,4.2129,81.0786,82.4829,74.3565,Indicative levels use the signal close only. Final SL/TP1/TP2 and sizing must be recalculated from the actual post-analysis broker fill.,15,2026-10-20,False,2026-07-21,3.5700,3.1900,12.0000,ALCISTA FUERTE,10,769.6400,7.3400,59.8000,15.3100,SIDI_INTRADAY_V2: Fund≥6.5 · DD60≥12% · RSI<40 · MACD↑ · Vol↓ · SPY20≤+1% · Abnormal20≤-10%,SIDI_INTRADAY_V2,True
WY,Weyerhaeuser,Real Estate,Timber REITs,1979-10-01,18.4700,18.7800,18.8800,18.4100,18.4700,2026-10-02,2026-10-05,11.9400,17.7700,DOWN,-0.2384,-0.2375,-0.1973,False,0.0435,0.5529,0.9340,2.9930,22.9300,23.7700,20.7600,-19.4500,-22.3100,False,-0.1712,BAJISTA,-27.8600,-28.3100,25.6000,25.7600,27.0300,18.4100,-31.6700,0.3300,1.0460,False,False,,0,25.3700,False,,NONE,5.8000,5.0000,7.5000,5.0000,4,8.0000,5.0000,False,False,True,True,False,False,5.9900,8.9800,1.5000,SIDI_INTRADAY_V2,0.6186,-12.5784,0.2444,0.9240,294,XLRE,True,28.6462,28.4683,1.4191,1.9586,26.5030,0.0497,0.0067,0.0689,0.1451,-0.0090,0.8710,57.6250,1.8160,13625000.0000,472000000.0000,0.0289,13420104704,0.9330,5.5000,4.5500,720736000,4.3500,5.0000,4.6000,3.2800,0.0010,FCF/NI:0.03,1,4.9300,False,True,True,False,False,False,MACD|VOLUME|FUND65,False,3-7d,XLRE,,PLD|AMT|EQIX,interest_rates|cap_rates|occupancy_trends,POST_ANALYSIS_ACTUAL_FILL,LIVE_QUOTE_AT_ANALYSIS,True,1.0000,1.5000,1.0000,-5.0000,7,1.5000,3,SELL_50_PCT_AT_TP1_REST_AT_TP2,MOVE_REMAINDER_TO_BREAK_EVEN,EXIT_AT_OPEN_IF_OPEN_BELOW_SL,SL_FIRST,10,PENDING_ANALYSIS,0.5529,0.5529,0.8293,19.0229,19.2994,17.5465,Indicative levels use the signal close only. Final SL/TP1/TP2 and sizing must be recalculated from the actual post-analysis broker fill.,24,2026-10-29,False,2026-07-30,0.1300,0.0800,66.6000,ALCISTA FUERTE,10,769.6400,7.3400,59.8000,15.3100,SIDI_INTRADAY_V2: Fund≥6.5 · DD60≥12% · RSI<40 · MACD↑ · Vol↓ · SPY20≤+1% · Abnormal20≤-10%,SIDI_INTRADAY_V2,True
INTC,Intel,Information Technology,Semiconductors,1976-12-31,119.3300,124.0100,126.0000,118.9600,119.3300,2026-10-02,2026-10-05,72.1900,71.8200,UP,0.4354,0.7549,1.3385,False,0.6841,6.6121,0.9910,5.5410,100.8700,81.1800,112.6900,18.3000,47.0000,True,9.9248,ALCISTA,-6.3300,-6.3600,127.3900,127.4400,142.3500,32.8900,-16.1700,262.8200,0.8490,True,True,102.4000,1,127.0400,False,-14.1900,NONE,6.5500,10.0000,6.0000,7.5000,4,5.0000,5.0000,False,False,False,False,False,True,11.0800,16.6200,1.5000,SIDI_INTRADAY_V2,0.6186,5.2135,-1.3931,2.5898,294,XLK,True,,56.9863,6.7714,10.8953,37.9040,-0.1071,0.0141,-0.1979,0.3887,0.2540,,48.9970,1.6040,4866375168.0000,-11288999936.0000,-0.4311,621349437440,2.2300,1.7400,0.0000,5286105262,3.8400,5.2600,2.8600,3.3400,0.0078,FCF/NI:-0.43|ROE:-10.7%,2,4.9200,False,True,False,False,False,False,DD12|RSI40|MACD|FUND65|ABNORMAL20,False,10-18d,XLK,,AAPL|MSFT|NVDA,interest_rates|ai_capex_cycle|semiconductor_cycle,POST_ANALYSIS_ACTUAL_FILL,LIVE_QUOTE_AT_ANALYSIS,True,1.0000,1.5000,1.0000,-5.0000,7,1.5000,3,SELL_50_PCT_AT_TP1_REST_AT_TP2,MOVE_REMAINDER_TO_BREAK_EVEN,EXIT_AT_OPEN_IF_OPEN_BELOW_SL,SL_FIRST,10,PENDING_ANALYSIS,6.6121,6.6121,9.9182,125.9421,129.2482,113.3635,Indicative levels use the signal close only. Final SL/TP1/TP2 and sizing must be recalculated from the actual post-analysis broker fill.,17,2026-10-22,False,2026-07-23,0.4200,0.2200,94.6000,ALCISTA FUERTE,10,769.6400,7.3400,59.8000,15.3100,SIDI_INTRADAY_V2: Fund≥6.5 · DD60≥12% · RSI<40 · MACD↑ · Vol↓ · SPY20≤+1% · Abnormal20≤-10%,SIDI_INTRADAY_V2,True
SLB,Schlumberger,Energy,Oil & Gas Equipment & Services,1957-03-04,48.7400,47.7200,49.3400,47.7200,48.7400,2026-10-02,2026-10-05,23.7400,20.3000,UP,-0.5732,-0.6101,-0.5387,True,0.1540,1.5314,0.9200,3.1420,52.7600,50.0600,51.7100,-7.6300,-2.6400,True,3.3356,BAJISTA,-18.4800,-18.9700,59.7900,60.1500,60.1500,30.8800,-18.9700,57.8100,0.9050,False,False,48.2600,2,56.6100,True,-0.9800,NONE,6.9800,7.0000,9.5000,5.0000,8,6.5000,5.0000,False,False,True,True,True,False,6.2800,9.4300,1.5000,SIDI_INTRADAY_V2,0.6186,-13.2571,1.1880,0.9563,294,XLE,True,24.3285,15.6912,2.8666,2.0553,11.1340,0.1291,0.0617,0.0853,0.1699,0.0500,-0.2970,47.0020,1.4390,2955124992.0000,3100999936.0000,0.9530,74741309440,0.8390,4.8300,2.4200,1484143231,3.5300,0.0000,5.5000,5.3500,0.0395,OK,0,4.9100,False,True,True,False,False,False,VOLUME|FUND65,False,5-10d,XLE,,XOM|CVX|COP,oil_price|gas_price|opec_supply|inventories,POST_ANALYSIS_ACTUAL_FILL,LIVE_QUOTE_AT_ANALYSIS,True,1.0000,1.5000,1.0000,-5.0000,7,1.5000,3,SELL_50_PCT_AT_TP1_REST_AT_TP2,MOVE_REMAINDER_TO_BREAK_EVEN,EXIT_AT_OPEN_IF_OPEN_BELOW_SL,SL_FIRST,10,PENDING_ANALYSIS,1.5314,1.5314,2.2971,50.2714,51.0371,46.3030,Indicative levels use the signal close only. Final SL/TP1/TP2 and sizing must be recalculated from the actual post-analysis broker fill.,18,2026-10-23,False,2026-07-24,0.5500,0.5200,6.3000,ALCISTA FUERTE,10,769.6400,7.3400,59.8000,15.3100,SIDI_INTRADAY_V2: Fund≥6.5 · DD60≥12% · RSI<40 · MACD↑ · Vol↓ · SPY20≤+1% · Abnormal20≤-10%,SIDI_INTRADAY_V2,True
DE,Deere & Company,Industrials,Agricultural & Farm Machinery,1957-03-04,687.0000,671.4500,689.6900,668.6100,687.0000,2026-10-02,2026-10-05,52.9700,48.5300,UP,-3.8058,-4.5810,-2.4596,True,0.5957,16.4557,0.9060,2.3950,647.5700,584.8900,677.1000,6.0900,17.4600,True,3.7574,ALCISTA,-2.9400,-4.5200,707.7900,719.5000,719.5000,428.1200,-4.5200,60.4700,0.8450,False,False,589.8400,2,704.2000,False,-14.1400,HAMMER,6.4500,10.0000,7.0000,5.0000,4,5.0000,7.0000,False,False,False,False,True,False,4.7900,7.1900,1.5000,SIDI_INTRADAY_V2,0.6186,-1.7261,-0.7058,1.2935,294,XLI,True,38.0856,29.9943,6.6001,3.8545,28.2470,0.1824,0.0376,0.1017,0.2518,0.0490,0.0740,230.2980,2.1320,4516250112.0000,4872999936.0000,0.9268,184736530432,0.8720,3.9000,0.9400,269625412,3.8100,2.2300,5.1200,4.1400,0.0244,D/E:230,1,4.8700,False,True,False,False,False,False,DD12|RSI40|VOLUME|FUND65|ABNORMAL20,False,10-18d,XLI,,CAT|UNP|HON,pmi_manufacturing|supply_chain|capex_cycle,POST_ANALYSIS_ACTUAL_FILL,LIVE_QUOTE_AT_ANALYSIS,True,1.0000,1.5000,1.0000,-5.0000,7,1.5000,3,SELL_50_PCT_AT_TP1_REST_AT_TP2,MOVE_REMAINDER_TO_BREAK_EVEN,EXIT_AT_OPEN_IF_OPEN_BELOW_SL,SL_FIRST,10,PENDING_ANALYSIS,16.4557,16.4557,24.6836,703.4557,711.6835,652.6500,Indicative levels use the signal close only. Final SL/TP1/TP2 and sizing must be recalculated from the actual post-analysis broker fill.,51,2026-11-25,False,2026-08-20,5.1000,4.7100,8.3000,ALCISTA FUERTE,10,769.6400,7.3400,59.8000,15.3100,SIDI_INTRADAY_V2: Fund≥6.5 · DD60≥12% · RSI<40 · MACD↑ · Vol↓ · SPY20≤+1% · Abnormal20≤-10%,SIDI_INTRADAY_V2,True
ECL,Ecolab,Materials,Specialty Chemicals,1989-01-31,273.7000,273.3100,275.3100,271.1700,273.7000,2026-10-02,2026-10-05,48.2100,51.5300,DOWN,-0.0226,0.0500,0.6565,False,0.4219,5.0364,0.8780,1.8400,278.3600,272.4700,275.7400,-1.6800,0.4500,True,0.4993,NEUTRO,-5.5700,-7.0800,289.8300,294.5500,306.7900,241.8500,-10.7900,13.1700,1.0050,False,False,272.6100,1,279.3000,True,-0.4000,HAMMER|HAMMER|DOJI,6.2000,8.5000,5.0000,5.0000,7,5.0000,7.0000,False,False,False,False,False,False,3.6800,5.5200,1.5000,SIDI_INTRADAY_V2,0.6186,5.1182,-0.1951,0.9445,294,XLB,True,37.0893,29.3621,7.7032,4.5990,20.6830,0.2196,0.0723,0.1257,0.4421,0.0970,0.0330,138.0230,1.8410,1474824960.0000,2116400000.0000,0.6969,77458997248,0.8790,3.6200,1.0700,280328603,3.9400,2.7000,5.6300,3.4200,0.0190,FCF/NI:0.70|D/E:138,2,4.8400,False,True,False,False,False,False,DD12|RSI40|MACD|VOLUME|FUND65|ABNORMAL20,False,7-15d,XLB,,LIN|APD|NEM,commodity_prices|dxy|china_demand|energy_costs,POST_ANALYSIS_ACTUAL_FILL,LIVE_QUOTE_AT_ANALYSIS,True,1.0000,1.5000,1.0000,-5.0000,7,1.5000,3,SELL_50_PCT_AT_TP1_REST_AT_TP2,MOVE_REMAINDER_TO_BREAK_EVEN,EXIT_AT_OPEN_IF_OPEN_BELOW_SL,SL_FIRST,10,PENDING_ANALYSIS,5.0364,5.0364,7.5546,278.7364,281.2546,260.0150,Indicative levels use the signal close only. Final SL/TP1/TP2 and sizing must be recalculated from the actual post-analysis broker fill.,22,2026-10-27,False,2026-07-28,2.0900,2.0800,48.0000,ALCISTA FUERTE,10,769.6400,7.3400,59.8000,15.3100,SIDI_INTRADAY_V2: Fund≥6.5 · DD60≥12% · RSI<40 · MACD↑ · Vol↓ · SPY20≤+1% · Abnormal20≤-10%,SIDI_INTRADAY_V2,True
AEE,Ameren,Utilities,Multi-Utilities,1991-09-19,99.9400,100.0400,101.0400,99.7000,99.9400,2026-10-02,2026-10-05,27.6400,19.8300,UP,-0.0658,-0.1552,-0.2741,True,0.2753,1.4614,0.7680,1.4620,105.5800,106.5200,101.8300,-5.3400,-6.1700,False,0.2788,BAJISTA,-11.5400,-12.5400,112.9800,114.2700,117.4900,94.5800,-14.9300,5.6700,1.2510,False,False,,0,110.3800,False,,HAMMER|DOJI,6.7300,5.5000,9.5000,5.0000,5,8.5000,7.0000,False,False,False,True,True,False,2.9200,4.3900,1.5000,SIDI_INTRADAY_V2,0.6186,0.4831,-0.1747,1.0199,294,XLU,True,17.5995,17.2316,2.0217,3.2903,12.6840,0.1194,0.0306,0.1858,0.5241,-0.0620,0.1190,157.8460,0.5310,-1786249984.0000,1563000064.0000,-1.1428,27674636288,0.4510,8.9000,3.0000,276843251,3.5700,2.8700,4.6500,3.1400,-0.0645,FCF/NI:-1.14|D/E:158,2,4.8300,False,True,False,False,False,False,DD12|VOLUME|FUND65|ABNORMAL20,False,3-7d,XLU,,NEE|DUK|SO,interest_rates|regulatory_environment,POST_ANALYSIS_ACTUAL_FILL,LIVE_QUOTE_AT_ANALYSIS,True,1.0000,1.5000,1.0000,-5.0000,7,1.5000,3,SELL_50_PCT_AT_TP1_REST_AT_TP2,MOVE_REMAINDER_TO_BREAK_EVEN,EXIT_AT_OPEN_IF_OPEN_BELOW_SL,SL_FIRST,10,PENDING_ANALYSIS,1.4614,1.4614,2.1921,101.4014,102.1321,94.9430,Indicative levels use the signal close only. Final SL/TP1/TP2 and sizing must be recalculated from the actual post-analysis broker fill.,31,2026-11-04,False,2026-07-30,1.1300,1.0800,4.2000,ALCISTA FUERTE,10,769.6400,7.3400,59.8000,15.3100,SIDI_INTRADAY_V2: Fund≥6.5 · DD60≥12% · RSI<40 · MACD↑ · Vol↓ · SPY20≤+1% · Abnormal20≤-10%,SIDI_INTRADAY_V2,True
AEP,American Electric Power,Utilities,Electric Utilities,1957-03-04,119.5700,120.5500,121.8000,119.3700,119.5700,2026-10-02,2026-10-05,38.1200,24.6100,UP,0.1155,0.0350,-0.1484,True,0.3667,1.8907,0.8020,1.5810,123.6400,125.6600,120.4900,-3.2900,-4.8400,False,0.3427,BAJISTA,-11.1700,-11.8000,134.6100,135.5700,139.5200,108.3700,-14.3000,10.3400,1.3080,False,False,116.7100,1,136.4600,True,-2.3900,NONE,6.2500,5.5000,8.5000,5.0000,8,5.0000,5.0000,False,False,False,True,True,False,3.1600,4.7400,1.5000,SIDI_INTRADAY_V2,0.6186,2.2362,-0.1123,1.0322,294,XLU,True,20.8124,17.5135,2.0378,2.8685,13.2050,0.1013,0.0298,0.1378,0.4635,0.0700,-0.4320,160.7890,0.5040,-5995950080.0000,3140999936.0000,-1.9089,65375375360,0.4690,7.8700,3.1800,544397352,3.8900,4.2700,4.3400,2.9300,-0.0917,FCF/NI:-1.91|D/E:161,2,4.8300,False,True,False,False,False,False,DD12|VOLUME|FUND65|ABNORMAL20,False,3-7d,XLU,,NEE|DUK|SO,interest_rates|regulatory_environment,POST_ANALYSIS_ACTUAL_FILL,LIVE_QUOTE_AT_ANALYSIS,True,1.0000,1.5000,1.0000,-5.0000,7,1.5000,3,SELL_50_PCT_AT_TP1_REST_AT_TP2,MOVE_REMAINDER_TO_BREAK_EVEN,EXIT_AT_OPEN_IF_OPEN_BELOW_SL,SL_FIRST,10,PENDING_ANALYSIS,1.8907,1.8907,2.8361,121.4607,122.4060,113.5915,Indicative levels use the signal close only. Final SL/TP1/TP2 and sizing must be recalculated from the actual post-analysis broker fill.,23,2026-10-28,False,2026-07-30,1.3600,1.4800,-8.2000,ALCISTA FUERTE,10,769.6400,7.3400,59.8000,15.3100,SIDI_INTRADAY_V2: Fund≥6.5 · DD60≥12% · RSI<40 · MACD↑ · Vol↓ · SPY20≤+1% · Abnormal20≤-10%,SIDI_INTRADAY_V2,True
AKAM,Akamai Technologies,Information Technology,Internet Services & Infrastructure,2007-07-12,108.9200,108.7500,113.1300,108.5000,108.9200,2026-10-02,2026-10-05,54.0000,60.2700,DOWN,-0.0333,-0.0430,0.5307,True,0.4936,7.0150,1.2410,6.4410,111.8700,111.6800,109.7200,-2.6400,-2.4700,True,1.9934,BAJISTA,-13.6900,-16.9100,126.1900,131.0800,165.4500,70.8200,-34.1700,53.8000,0.8560,False,False,107.7600,3,112.7600,True,-1.0700,HAMMER|DOJI|DOJI,6.5500,7.0000,6.0000,5.0000,10,5.0000,7.0000,False,False,True,False,True,False,12.8800,19.3200,1.5000,SIDI_INTRADAY_V2,0.6186,-2.0325,-0.5739,1.2076,294,XLK,True,39.0507,15.7363,3.2591,3.5832,20.0360,0.0892,0.0252,0.0951,0.5745,0.0540,-0.2680,196.6720,1.6370,710060096.0000,410964992.0000,1.7278,15489775616,0.6160,6.1300,0.0000,143716609,3.6700,0.1900,4.3400,6.9400,0.0458,D/E:197,1,4.8200,False,True,False,False,False,False,RSI40|VOLUME|FUND65|ABNORMAL20,False,3-7d,XLK,,AAPL|MSFT|NVDA,interest_rates|ai_capex_cycle|semiconductor_cycle,POST_ANALYSIS_ACTUAL_FILL,LIVE_QUOTE_AT_ANALYSIS,True,1.0000,1.5000,1.0000,-5.0000,7,1.5000,3,SELL_50_PCT_AT_TP1_REST_AT_TP2,MOVE_REMAINDER_TO_BREAK_EVEN,EXIT_AT_OPEN_IF_OPEN_BELOW_SL,SL_FIRST,10,PENDING_ANALYSIS,7.0150,7.0150,10.5225,115.9350,119.4425,103.4740,Indicative levels use the signal close only. Final SL/TP1/TP2 and sizing must be recalculated from the actual post-analysis broker fill.,31,2026-11-05,False,2026-08-06,1.5900,1.5800,83.0000,ALCISTA FUERTE,10,769.6400,7.3400,59.8000,15.3100,SIDI_INTRADAY_V2: Fund≥6.5 · DD60≥12% · RSI<40 · MACD↑ · Vol↓ · SPY20≤+1% · Abnormal20≤-10%,SIDI_INTRADAY_V2,True
DTE,DTE Energy,Utilities,Multi-Utilities,1957-03-04,124.4500,124.0000,125.3600,123.9900,124.4500,2026-10-02,2026-10-05,31.7300,10.2400,UP,0.0575,-0.2154,-0.6072,True,0.3595,2.1338,0.8490,1.7150,133.8800,138.7000,126.6000,-7.0400,-10.2800,False,-0.1266,BAJISTA,-16.6300,-17.3300,149.2700,150.5400,154.3400,119.6800,-19.3700,3.9900,0.8620,False,False,,0,137.1900,False,,BULL_ENGULF,5.8000,5.0000,8.5000,5.0000,4,5.0000,7.5000,False,False,True,True,True,False,3.4300,5.1400,1.5000,SIDI_INTRADAY_V2,0.6186,-2.0178,-0.0881,1.0085,294,XLU,True,19.9477,15.0479,2.1559,1.5908,14.8460,0.1103,0.0277,0.0800,0.2935,-0.0150,0.2240,229.0600,0.8020,-2596624896.0000,1314000000.0000,-1.9761,26192046080,0.3750,4.1400,3.7400,208088069,4.1600,5.0000,4.3500,2.9500,-0.0991,FCF/NI:-1.98|D/E:229,2,4.8200,False,True,False,False,False,False,VOLUME|FUND65|ABNORMAL20,False,3-7d,XLU,,NEE|DUK|SO,interest_rates|regulatory_environment,POST_ANALYSIS_ACTUAL_FILL,LIVE_QUOTE_AT_ANALYSIS,True,1.0000,1.5000,1.0000,-5.0000,7,1.5000,3,SELL_50_PCT_AT_TP1_REST_AT_TP2,MOVE_REMAINDER_TO_BREAK_EVEN,EXIT_AT_OPEN_IF_OPEN_BELOW_SL,SL_FIRST,10,PENDING_ANALYSIS,2.1338,2.1338,3.2007,126.5838,127.6507,118.2275,Indicative levels use the signal close only. Final SL/TP1/TP2 and sizing must be recalculated from the actual post-analysis broker fill.,24,2026-10-29,False,2026-07-28,1.3200,1.1400,16.3000,ALCISTA FUERTE,10,769.6400,7.3400,59.8000,15.3100,SIDI_INTRADAY_V2: Fund≥6.5 · DD60≥12% · RSI<40 · MACD↑ · Vol↓ · SPY20≤+1% · Abnormal20≤-10%,SIDI_INTRADAY_V2,True
BIIB,Biogen,Health Care,Biotechnology,2003-11-13,219.8800,222.9800,224.0800,219.8100,219.8800,2026-10-02,2026-10-05,53.9000,58.6600,DOWN,-0.3093,0.1586,0.7680,False,0.4696,5.0943,0.7590,2.3170,215.3000,195.1900,221.6300,2.1300,12.6500,True,2.3199,ALCISTA,-3.8500,-4.6000,228.6900,230.4900,230.4900,138.0000,-4.6000,59.3300,0.7300,False,False,194.5900,2,220.5500,False,-11.5000,NONE,6.1500,10.0000,5.0000,5.0000,4,7.0000,5.0000,False,False,False,False,False,False,4.6300,6.9500,1.5000,SIDI_INTRADAY_V2,0.6186,0.0625,-0.1109,0.9857,294,XLV,True,38.8108,13.2140,1.7123,3.2195,11.7760,0.0457,0.0521,0.0832,0.7832,0.0340,-0.8480,44.3290,1.8650,1266987520.0000,834600000.0000,1.5181,32284989440,0.0920,8.0700,0.0000,147753998,3.9200,0.9200,5.3000,5.8200,0.0392,OK,0,4.8100,False,True,False,False,False,False,DD12|RSI40|MACD|VOLUME|FUND65|ABNORMAL20,False,10-18d,XLV,,UNH|JNJ|LLY,fda_calendar|drug_pricing_policy|patent_cliffs,POST_ANALYSIS_ACTUAL_FILL,LIVE_QUOTE_AT_ANALYSIS,True,1.0000,1.5000,1.0000,-5.0000,7,1.5000,3,SELL_50_PCT_AT_TP1_REST_AT_TP2,MOVE_REMAINDER_TO_BREAK_EVEN,EXIT_AT_OPEN_IF_OPEN_BELOW_SL,SL_FIRST,10,PENDING_ANALYSIS,5.0943,5.0943,7.6414,224.9743,227.5214,208.8860,Indicative levels use the signal close only. Final SL/TP1/TP2 and sizing must be recalculated from the actual post-analysis broker fill.,23,2026-10-28,False,2026-07-29,3.6000,2.0300,77.4000,ALCISTA FUERTE,10,769.6400,7.3400,59.8000,15.3100,SIDI_INTRADAY_V2: Fund≥6.5 · DD60≥12% · RSI<40 · MACD↑ · Vol↓ · SPY20≤+1% · Abnormal20≤-10%,SIDI_INTRADAY_V2,True
WMT,Walmart,Consumer Staples,Consumer Staples Merchandise Retail,1982-08-31,104.2600,104.9400,105.1400,103.8100,104.2600,2026-10-02,2026-10-05,34.3300,52.9500,DOWN,-0.2999,-0.2211,0.2168,False,0.1054,2.0586,0.8350,1.9740,108.7400,117.8800,106.9100,-4.1200,-11.5600,False,-0.2010,BAJISTA,-9.9100,-11.5000,115.7300,117.8100,134.8400,98.0500,-22.6800,6.3300,1.0410,True,True,102.1500,1,116.7200,True,-2.0200,HAMMER|DOJI,6.7500,5.0000,6.5000,7.5000,7,8.0000,7.0000,False,False,False,True,False,True,3.9500,5.9200,1.5000,SIDI_INTRADAY_V2,0.6186,5.1555,0.1462,1.1689,294,XLP,True,37.9094,32.4389,8.4590,1.1281,20.3590,0.2231,0.0641,0.0300,0.2484,0.0590,-0.0910,71.6530,0.7670,7127625216.0000,22076000256.0000,0.3229,830107811840,0.5780,2.9000,0.9500,7933746241,3.5200,3.0400,4.8500,2.5300,0.0086,FCF/NI:0.32,1,4.8100,False,True,False,False,False,False,DD12|MACD|FUND65|ABNORMAL20,False,3-7d,XLP,,PG|KO|PEP,inflation|input_costs|fx_rates,POST_ANALYSIS_ACTUAL_FILL,LIVE_QUOTE_AT_ANALYSIS,True,1.0000,1.5000,1.0000,-5.0000,7,1.5000,3,SELL_50_PCT_AT_TP1_REST_AT_TP2,MOVE_REMAINDER_TO_BREAK_EVEN,EXIT_AT_OPEN_IF_OPEN_BELOW_SL,SL_FIRST,10,PENDING_ANALYSIS,2.0586,2.0586,3.0879,106.3186,107.3479,99.0470,Indicative levels use the signal close only. Final SL/TP1/TP2 and sizing must be recalculated from the actual post-analysis broker fill.,45,2026-11-19,False,2026-08-20,0.8100,0.7400,9.3000,ALCISTA FUERTE,10,769.6400,7.3400,59.8000,15.3100,SIDI_INTRADAY_V2: Fund≥6.5 · DD60≥12% · RSI<40 · MACD↑ · Vol↓ · SPY20≤+1% · Abnormal20≤-10%,SIDI_INTRADAY_V2,True
GLW,Corning Inc.,Information Technology,Electronic Components,1995-02-27,164.1900,164.0000,165.1400,159.5000,164.1900,2026-10-02,2026-10-05,69.8200,51.7500,UP,1.1610,0.7783,0.6809,True,0.7671,7.2050,0.6430,4.3880,152.8000,150.0900,155.7700,7.4600,9.3900,True,4.9942,ALCISTA,-13.8300,-15.0800,190.5300,193.3500,271.2700,76.9800,-39.4700,113.2800,0.8950,True,True,165.6900,1,177.7100,True,0.9100,HAMMER|DOJI,7.7000,10.0000,7.0000,7.5000,7,7.0000,7.0000,False,False,True,False,True,True,8.7800,13.1600,1.5000,SIDI_INTRADAY_V2,0.6186,2.3879,-0.7883,2.2151,294,XLK,True,73.6927,36.8944,11.5884,8.1408,36.4440,0.1681,0.0537,0.1120,0.3639,0.1660,0.1850,71.4480,1.8130,734499968.0000,1900000000.0000,0.3866,138100817920,1.1230,1.9300,0.6800,859637825,2.8700,2.2400,4.0100,2.2900,0.0053,FCF/NI:0.39,1,4.8000,False,True,False,False,False,False,RSI40|FUND65|ABNORMAL20,False,10-18d,XLK,,AAPL|MSFT|NVDA,interest_rates|ai_capex_cycle|semiconductor_cycle,POST_ANALYSIS_ACTUAL_FILL,LIVE_QUOTE_AT_ANALYSIS,True,1.0000,1.5000,1.0000,-5.0000,7,1.5000,3,SELL_50_PCT_AT_TP1_REST_AT_TP2,MOVE_REMAINDER_TO_BREAK_EVEN,EXIT_AT_OPEN_IF_OPEN_BELOW_SL,SL_FIRST,10,PENDING_ANALYSIS,7.2050,7.2050,10.8075,171.3950,174.9975,155.9805,Indicative levels use the signal close only. Final SL/TP1/TP2 and sizing must be recalculated from the actual post-analysis broker fill.,22,2026-10-27,False,2026-07-28,0.7800,0.7500,3.5000,ALCISTA FUERTE,10,769.6400,7.3400,59.8000,15.3100,SIDI_INTRADAY_V2: Fund≥6.5 · DD60≥12% · RSI<40 · MACD↑ · Vol↓ · SPY20≤+1% · Abnormal20≤-10%,SIDI_INTRADAY_V2,True
DUK,Duke Energy,Utilities,Electric Utilities,1976-06-30,114.1300,114.2100,115.1700,113.5200,114.1300,2026-10-02,2026-10-05,23.3900,18.2200,UP,-0.1035,-0.2020,-0.3672,True,0.2627,1.4529,0.7070,1.2730,120.5400,122.3600,116.2900,-5.3200,-6.7300,False,0.0133,BAJISTA,-11.7900,-13.2100,129.3800,131.4900,132.1800,110.9900,-13.6500,2.8200,0.9400,False,False,,0,128.8400,False,,HAMMER|HAMMER|DOJI,6.7300,5.5000,9.5000,5.0000,5,8.5000,7.0000,False,False,False,True,True,False,2.5500,3.8200,1.5000,SIDI_INTRADAY_V2,0.6186,-0.6705,-0.3199,0.9091,294,XLU,True,17.1747,15.9021,1.6540,2.7106,11.0490,0.0986,0.0284,0.1600,0.5197,0.0110,0.1060,162.1550,0.6610,-4477374976.0000,5168000000.0000,-0.8664,88917237760,0.3450,5.3500,3.8000,779702193,3.4600,2.7500,4.3400,3.2800,-0.0504,FCF/NI:-0.87|D/E:162,2,4.7700,False,True,False,False,False,False,DD12|VOLUME|FUND65|ABNORMAL20,False,3-7d,XLU,,NEE|SO|D,interest_rates|regulatory_environment,POST_ANALYSIS_ACTUAL_FILL,LIVE_QUOTE_AT_ANALYSIS,True,1.0000,1.5000,1.0000,-5.0000,7,1.5000,3,SELL_50_PCT_AT_TP1_REST_AT_TP2,MOVE_REMAINDER_TO_BREAK_EVEN,EXIT_AT_OPEN_IF_OPEN_BELOW_SL,SL_FIRST,10,PENDING_ANALYSIS,1.4529,1.4529,2.1794,115.5829,116.3093,108.4235,Indicative levels use the signal close only. Final SL/TP1/TP2 and sizing must be recalculated from the actual post-analysis broker fill.,31,2026-11-05,False,2026-08-04,1.4300,1.3000,9.6000,ALCISTA FUERTE,10,769.6400,7.3400,59.8000,15.3100,SIDI_INTRADAY_V2: Fund≥6.5 · DD60≥12% · RSI<40 · MACD↑ · Vol↓ · SPY20≤+1% · Abnormal20≤-10%,SIDI_INTRADAY_V2,True
MOS,Mosaic Company (The),Materials,Fertilizers & Agricultural Chemicals,2011-09-26,21.0700,21.6400,22.0100,21.0600,21.0700,2026-10-02,2026-10-05,24.0200,32.0600,DOWN,-0.4764,-0.4639,-0.4121,False,0.0217,1.0771,1.0880,5.1120,23.4200,24.1000,23.3100,-10.0500,-12.5900,False,0.2286,BAJISTA,-19.9100,-21.1900,26.3100,26.7300,34.7200,19.6300,-39.3200,7.3100,0.9300,False,False,21.2600,1,23.8800,True,0.9000,HAMMER,6.5500,5.5000,7.5000,5.0000,7,8.0000,7.0000,False,False,True,True,False,False,10.2200,15.3400,1.5000,SIDI_INTRADAY_V2,0.6186,-5.8232,-0.0175,1.2801,294,XLB,True,,13.4922,0.5873,0.5497,7.3630,-0.0507,0.0124,-0.0521,0.1124,-0.0600,,52.2490,1.3370,-746275008.0000,-638499968.0000,1.1688,6733029888,0.9180,3.6500,4.1800,317895646,3.5900,2.5000,4.3400,4.0000,-0.1108,ROE:-5.1%,1,4.7700,False,True,False,False,False,False,MACD|VOLUME|FUND65|ABNORMAL20,False,3-7d,XLB,,LIN|APD|ECL,commodity_prices|dxy|china_demand|energy_costs,POST_ANALYSIS_ACTUAL_FILL,LIVE_QUOTE_AT_ANALYSIS,True,1.0000,1.5000,1.0000,-5.0000,7,1.5000,3,SELL_50_PCT_AT_TP1_REST_AT_TP2,MOVE_REMAINDER_TO_BREAK_EVEN,EXIT_AT_OPEN_IF_OPEN_BELOW_SL,SL_FIRST,10,PENDING_ANALYSIS,1.0771,1.0771,1.6157,22.1471,22.6856,20.0165,Indicative levels use the signal close only. Final SL/TP1/TP2 and sizing must be recalculated from the actual post-analysis broker fill.,29,2026-11-03,False,2026-08-04,0.1300,0.1400,-5.9000,ALCISTA FUERTE,10,769.6400,7.3400,59.8000,15.3100,SIDI_INTRADAY_V2: Fund≥6.5 · DD60≥12% · RSI<40 · MACD↑ · Vol↓ · SPY20≤+1% · Abnormal20≤-10%,SIDI_INTRADAY_V2,True
WMB,Williams Companies,Energy,Oil & Gas Storage & Transportation,1975-03-31,70.5400,68.9300,70.5600,68.6500,70.5400,2026-10-02,2026-10-05,42.2600,30.8300,UP,-0.2002,-0.3657,-0.4228,True,0.4020,1.5986,0.8110,2.2660,71.7500,70.2400,70.7700,-1.6900,0.4200,True,1.8152,NEUTRO,-6.4900,-7.5600,75.4300,76.3100,78.9200,54.5300,-10.6200,29.3600,1.1000,False,False,70.0100,8,75.9500,True,-0.7500,BULL_ENGULF,6.9500,8.5000,7.0000,5.0000,9,5.0000,7.5000,False,False,False,False,True,False,4.5300,6.8000,1.5000,SIDI_INTRADAY_V2,0.6186,-1.1407,0.2699,0.5813,294,XLE,True,28.5558,27.0924,6.6637,7.1144,16.9320,0.2150,0.0503,0.2494,0.6364,0.0780,0.5120,200.3710,0.4770,-1516749952.0000,3070000128.0000,-0.4941,87670530048,0.6630,3.1500,2.9800,1223167472,3.3000,3.1500,4.3800,2.2300,-0.0173,FCF/NI:-0.49|D/E:200,2,4.7600,False,True,False,False,False,False,DD12|RSI40|VOLUME|FUND65|ABNORMAL20,False,7-15d,XLE,,XOM|CVX|COP,oil_price|gas_price|opec_supply|inventories,POST_ANALYSIS_ACTUAL_FILL,LIVE_QUOTE_AT_ANALYSIS,True,1.0000,1.5000,1.0000,-5.0000,7,1.5000,3,SELL_50_PCT_AT_TP1_REST_AT_TP2,MOVE_REMAINDER_TO_BREAK_EVEN,EXIT_AT_OPEN_IF_OPEN_BELOW_SL,SL_FIRST,10,PENDING_ANALYSIS,1.5986,1.5986,2.3979,72.1386,72.9379,67.0130,Indicative levels use the signal close only. Final SL/TP1/TP2 and sizing must be recalculated from the actual post-analysis broker fill.,28,2026-11-02,False,2026-08-03,0.5000,0.5000,25.0000,ALCISTA FUERTE,10,769.6400,7.3400,59.8000,15.3100,SIDI_INTRADAY_V2: Fund≥6.5 · DD60≥12% · RSI<40 · MACD↑ · Vol↓ · SPY20≤+1% · Abnormal20≤-10%,SIDI_INTRADAY_V2,True
CCI,Crown Castle,Real Estate,Telecom Tower REITs,2012-03-14,66.4400,66.2900,68.1800,65.8300,66.4400,2026-10-02,2026-10-05,14.4400,22.8100,DOWN,-0.5652,-0.6481,-0.6891,True,0.1434,1.7943,0.8160,2.7010,73.1200,80.9500,70.1500,-9.1400,-17.9300,False,-1.7639,BAJISTA,-15.5700,-16.6000,78.7000,79.6600,95.5800,65.6800,-30.4900,1.1600,0.8180,True,True,,0,76.6400,False,,HAMMER|DOJI,6.7000,5.0000,8.5000,7.5000,4,8.0000,7.0000,True,True,True,True,True,True,5.4000,8.1000,1.5000,SIDI_INTRADAY_V2,0.6186,-2.1665,-0.4340,1.3277,294,XLRE,True,27.0976,22.9867,-8.6842,6.8159,18.8210,,0.0473,0.2072,0.7373,-0.0490,-0.6750,,0.5220,1036249984.0000,1074000000.0000,0.9649,28360859648,0.9610,3.6100,6.4000,425455439,3.4400,0.0000,5.5500,4.9900,0.0365,OK,0,4.7400,False,True,False,True,False,False,FUND65|ABNORMAL20,False,3-7d,XLRE,,PLD|AMT|EQIX,interest_rates|cap_rates|occupancy_trends,POST_ANALYSIS_ACTUAL_FILL,LIVE_QUOTE_AT_ANALYSIS,True,1.0000,1.5000,1.0000,-5.0000,7,1.5000,3,SELL_50_PCT_AT_TP1_REST_AT_TP2,MOVE_REMAINDER_TO_BREAK_EVEN,EXIT_AT_OPEN_IF_OPEN_BELOW_SL,SL_FIRST,10,PENDING_ANALYSIS,1.7943,1.7943,2.6915,68.2343,69.1315,63.1180,Indicative levels use the signal close only. Final SL/TP1/TP2 and sizing must be recalculated from the actual post-analysis broker fill.,16,2026-10-21,False,2026-07-22,0.6900,0.5100,36.1000,ALCISTA FUERTE,10,769.6400,7.3400,59.8000,15.3100,SIDI_INTRADAY_V2: Fund≥6.5 · DD60≥12% · RSI<40 · MACD↑ · Vol↓ · SPY20≤+1% · Abnormal20≤-10%,SIDI_INTRADAY_V2,True
TTWO,Take-Two Interactive,Communication Services,Interactive Home Entertainment,2018-03-19,202.7300,203.6900,204.6800,201.2000,202.7300,2026-10-02,2026-10-05,26.4400,36.8300,DOWN,0.4594,0.4021,-0.2064,True,0.2338,5.9657,0.7720,2.9430,226.2100,224.5700,209.8700,-10.3800,-9.7200,True,-1.4961,BAJISTA,-20.0500,-21.0000,253.5700,256.6200,265.9400,187.6300,-23.7700,8.0500,0.6500,True,True,,0,225.8400,False,,NONE,6.8800,6.5000,8.5000,7.5000,4,8.5000,5.0000,True,True,True,True,True,True,5.8900,8.8300,1.5000,SIDI_INTRADAY_V2,0.6186,-4.3402,0.1214,0.5648,294,XLC,True,,19.6373,10.6728,5.6518,50.9130,-0.0904,-0.0062,-0.0479,0.5713,0.0200,,81.6070,1.0620,1256137472.0000,-320400000.0000,-3.9205,37790617600,0.9740,3.1600,0.0000,186980443,3.3100,2.5600,2.7100,4.8800,0.0332,FCF/NI:-3.92|D/E:82|ROE:-9.0%,3,4.7400,False,True,False,True,False,False,FUND65|ABNORMAL20,False,3-7d,XLC,,GOOGL|META|NFLX,ad_spending_cycle|streaming_competition|regulation,POST_ANALYSIS_ACTUAL_FILL,LIVE_QUOTE_AT_ANALYSIS,True,1.0000,1.5000,1.0000,-5.0000,7,1.5000,3,SELL_50_PCT_AT_TP1_REST_AT_TP2,MOVE_REMAINDER_TO_BREAK_EVEN,EXIT_AT_OPEN_IF_OPEN_BELOW_SL,SL_FIRST,10,PENDING_ANALYSIS,5.9657,5.9657,8.9486,208.6957,211.6786,192.5935,Indicative levels use the signal close only. Final SL/TP1/TP2 and sizing must be recalculated from the actual post-analysis broker fill.,35,2026-11-09,False,2026-08-07,-0.1800,-0.2100,13.9000,ALCISTA FUERTE,10,769.6400,7.3400,59.8000,15.3100,SIDI_INTRADAY_V2: Fund≥6.5 · DD60≥12% · RSI<40 · MACD↑ · Vol↓ · SPY20≤+1% · Abnormal20≤-10%,SIDI_INTRADAY_V2,True
COIN,Coinbase,Financials,Financial Exchanges & Data,2025-05-19,183.0000,194.6400,200.3500,180.8100,183.0000,2026-10-02,2026-10-05,45.2800,55.0800,DOWN,-1.3110,-0.7309,0.1859,False,0.4351,12.2029,1.1540,6.6680,172.8400,185.4100,186.2200,5.8800,-1.3000,False,-4.0113,BAJISTA,-8.9900,-12.1600,201.0700,208.3300,402.1600,139.1100,-54.5000,31.5500,1.3300,True,True,161.1800,1,182.1400,False,-11.9200,NONE,5.8000,6.5000,5.0000,7.5000,5,5.0000,5.0000,False,False,False,False,False,True,13.3400,20.0000,1.5000,SIDI_INTRADAY_V2,0.6186,7.3136,2.1219,0.4835,294,XLF,True,,66.1296,3.7745,8.1704,65.9880,-0.0785,0.0112,-0.1634,0.8581,-0.1730,,50.9820,2.4230,2668452864.0000,-987766016.0000,-2.7015,49379721216,3.4090,2.3900,0.0000,222803032,4.0200,2.5000,3.2100,6.7200,0.0540,FCF/NI:-2.70|RevG:-17.3%|ROE:-7.8%,3,4.7300,False,True,False,False,False,False,DD12|RSI40|MACD|FUND65|ABNORMAL20,False,3-7d,XLF,,JPM|BAC|WFC,interest_rates|yield_curve|credit_spreads|loan_growth,POST_ANALYSIS_ACTUAL_FILL,LIVE_QUOTE_AT_ANALYSIS,True,1.0000,1.5000,1.0000,-5.0000,7,1.5000,3,SELL_50_PCT_AT_TP1_REST_AT_TP2,MOVE_REMAINDER_TO_BREAK_EVEN,EXIT_AT_OPEN_IF_OPEN_BELOW_SL,SL_FIRST,10,PENDING_ANALYSIS,12.2029,12.2029,18.3043,195.2029,201.3043,173.8500,Indicative levels use the signal close only. Final SL/TP1/TP2 and sizing must be recalculated from the actual post-analysis broker fill.,24,2026-10-29,False,2026-07-30,-1.3600,-0.2300,-487.5000,ALCISTA FUERTE,10,769.6400,7.3400,59.8000,15.3100,SIDI_INTRADAY_V2: Fund≥6.5 · DD60≥12% · RSI<40 · MACD↑ · Vol↓ · SPY20≤+1% · Abnormal20≤-10%,SIDI_INTRADAY_V2,True
TRGP,Targa Resources,Energy,Oil & Gas Storage & Transportation,2022-10-12,281.7400,276.5100,281.9100,275.7400,281.7400,2026-10-02,2026-10-05,43.9100,34.1800,UP,-1.2347,-1.8379,-2.1506,True,0.3934,7.5286,0.9720,2.6720,281.1400,246.7100,282.3600,0.2100,14.2000,True,4.7138,ALCISTA,-6.7900,-8.5100,302.2500,307.9400,307.9400,141.1100,-8.5100,99.6700,1.0890,True,True,284.0000,1,276.8300,True,0.8000,BULL_ENGULF,7.4500,10.0000,7.0000,7.5000,7,5.0000,7.5000,False,False,False,False,True,True,5.3400,8.0200,1.5000,SIDI_INTRADAY_V2,0.6186,-3.1375,0.1163,0.9780,294,XLE,True,27.3824,23.7111,19.6084,3.6686,14.5510,0.7084,0.0924,0.1354,0.4319,0.0420,0.2330,515.7940,0.7710,65837500.0000,2255300096.0000,0.0292,61417336832,0.7960,4.7000,1.7700,214431021,2.9200,1.0900,5.4300,2.1400,0.0011,FCF/NI:0.03|D/E:516,2,4.7300,False,True,False,False,False,False,DD12|RSI40|FUND65|ABNORMAL20,False,10-18d,XLE,,XOM|CVX|COP,oil_price|gas_price|opec_supply|inventories,POST_ANALYSIS_ACTUAL_FILL,LIVE_QUOTE_AT_ANALYSIS,True,1.0000,1.5000,1.0000,-5.0000,7,1.5000,3,SELL_50_PCT_AT_TP1_REST_AT_TP2,MOVE_REMAINDER_TO_BREAK_EVEN,EXIT_AT_OPEN_IF_OPEN_BELOW_SL,SL_FIRST,10,PENDING_ANALYSIS,7.5286,7.5286,11.2929,289.2686,293.0329,267.6530,Indicative levels use the signal close only. Final SL/TP1/TP2 and sizing must be recalculated from the actual post-analysis broker fill.,31,2026-11-05,False,2026-08-06,3.2500,2.8400,14.2000,ALCISTA FUERTE,10,769.6400,7.3400,59.8000,15.3100,SIDI_INTRADAY_V2: Fund≥6.5 · DD60≥12% · RSI<40 · MACD↑ · Vol↓ · SPY20≤+1% · Abnormal20≤-10%,SIDI_INTRADAY_V2,True
F,Ford Motor Company,Consumer Discretionary,Automobile Manufacturers,1957-03-04,12.1000,12.3000,12.3000,11.9700,12.1000,2026-10-02,2026-10-05,19.8600,24.1200,DOWN,-0.1096,-0.1196,-0.1296,True,0.1365,0.3679,0.8460,3.0400,13.7500,13.2700,12.9600,-12.0000,-8.8100,True,0.3475,BAJISTA,-19.9500,-24.9200,15.1200,16.1200,17.5900,10.8300,-31.2100,11.6800,1.0070,True,True,11.2000,1,14.6600,False,-7.4700,NONE,6.9000,7.0000,8.5000,7.5000,4,8.0000,5.0000,True,True,True,True,True,True,6.0800,9.1200,1.5000,SIDI_INTRADAY_V2,0.6186,-16.2870,0.6109,0.5507,294,XLY,True,,6.1982,1.3535,0.2572,24.7890,-0.1825,0.0035,-0.0394,0.0712,-0.0380,,456.7080,1.0890,-7940250112.0000,-7395999744.0000,1.0736,48349597696,1.9390,2.6400,4.9600,3916743591,3.2700,2.5000,3.4100,4.0000,-0.1642,D/E:457|ROE:-18.3%,2,4.7200,False,True,True,True,False,False,FUND65,False,3-7d,XLY,,AMZN|TSLA|HD,consumer_spending|employment_data|interest_rates,POST_ANALYSIS_ACTUAL_FILL,LIVE_QUOTE_AT_ANALYSIS,True,1.0000,1.5000,1.0000,-5.0000,7,1.5000,3,SELL_50_PCT_AT_TP1_REST_AT_TP2,MOVE_REMAINDER_TO_BREAK_EVEN,EXIT_AT_OPEN_IF_OPEN_BELOW_SL,SL_FIRST,10,PENDING_ANALYSIS,0.3679,0.3679,0.5518,12.4679,12.6518,11.4950,Indicative levels use the signal close only. Final SL/TP1/TP2 and sizing must be recalculated from the actual post-analysis broker fill.,23,2026-10-28,False,2026-07-28,0.4200,0.3500,21.3000,ALCISTA FUERTE,10,769.6400,7.3400,59.8000,15.3100,SIDI_INTRADAY_V2: Fund≥6.5 · DD60≥12% · RSI<40 · MACD↑ · Vol↓ · SPY20≤+1% · Abnormal20≤-10%,SIDI_INTRADAY_V2,True
HONA,Honeywell Aerospace,Industrials,Aerospace & Defense,2026-06-29,154.6300,155.3700,156.9200,153.5200,154.6300,2026-10-02,2026-10-05,39.6300,48.0100,DOWN,0.0294,0.0496,0.3570,False,0.2822,5.3271,0.5150,3.4450,169.4200,,159.4900,-8.7300,,False,,NEUTRO,-29.9500,-32.4600,220.7500,228.9500,297.5000,149.1900,-48.0200,3.6500,0.4440,True,True,149.6100,2,170.3200,True,-3.2500,HAMMER,6.8200,5.0000,6.5000,7.5000,7,8.5000,7.0000,False,False,True,True,False,True,6.8900,10.3400,1.5000,SIDI_INTRADAY_V2,0.6186,,,,76,XLI,False,46.9939,16.9407,-8.5757,2.7270,18.1390,,,0.1086,0.3453,0.0540,-0.7090,,1.5260,,1946000000.0000,,48855093248,,1.4500,0.0000,316952725,3.3200,1.2200,5.1000,3.6900,,OK,0,4.7200,False,False,False,False,False,False,MACD|FUND65|CONTEXT_MISSING,False,7-15d,XLI,,CAT|UNP|HON,pmi_manufacturing|supply_chain|capex_cycle,POST_ANALYSIS_ACTUAL_FILL,LIVE_QUOTE_AT_ANALYSIS,True,1.0000,1.5000,1.0000,-5.0000,7,1.5000,3,SELL_50_PCT_AT_TP1_REST_AT_TP2,MOVE_REMAINDER_TO_BREAK_EVEN,EXIT_AT_OPEN_IF_OPEN_BELOW_SL,SL_FIRST,10,PENDING_ANALYSIS,5.3271,5.3271,7.9906,159.9571,162.6206,146.8985,Indicative levels use the signal close only. Final SL/TP1/TP2 and sizing must be recalculated from the actual post-analysis broker fill.,23,2026-10-28,False,2026-08-05,1.8700,2.1200,-11.8000,ALCISTA FUERTE,10,769.6400,7.3400,59.8000,15.3100,SIDI_INTRADAY_V2: Fund≥6.5 · DD60≥12% · RSI<40 · MACD↑ · Vol↓ · SPY20≤+1% · Abnormal20≤-10%,SIDI_INTRADAY_V2,True
APD,Air Products,Materials,Industrial Gases,1985-04-30,277.5700,273.9600,280.0000,273.2800,277.5700,2026-10-02,2026-10-05,40.5200,27.4000,UP,-0.6735,-1.0051,-1.0282,True,0.2573,5.3843,0.8040,1.9400,293.9100,282.0000,284.0100,-5.5600,-1.5700,True,1.4038,BAJISTA,-9.7200,-11.0000,307.4500,311.8900,312.8200,223.1800,-11.2700,24.3700,0.8370,False,False,270.9000,1,286.5900,True,-2.4000,HAMMER|DOJI,6.6800,7.0000,7.0000,5.0000,8,6.5000,7.0000,False,False,False,False,True,False,3.8800,5.8200,1.5000,SIDI_INTRADAY_V2,0.6186,-5.2225,-0.3971,0.6815,294,XLB,True,,19.5042,4.5163,4.9756,17.5820,0.0002,0.0473,-0.0037,0.3206,0.0460,,110.0910,1.0850,-1497500032.0000,-47300000.0000,31.6596,62703792128,0.7610,4.1400,2.6100,222685530,3.3700,3.3400,3.8900,2.8000,-0.0239,D/E:110,1,4.6900,False,True,False,False,False,False,DD12|RSI40|VOLUME|FUND65|ABNORMAL20,False,3-7d,XLB,,LIN|ECL|NEM,commodity_prices|dxy|china_demand|energy_costs,POST_ANALYSIS_ACTUAL_FILL,LIVE_QUOTE_AT_ANALYSIS,True,1.0000,1.5000,1.0000,-5.0000,7,1.5000,3,SELL_50_PCT_AT_TP1_REST_AT_TP2,MOVE_REMAINDER_TO_BREAK_EVEN,EXIT_AT_OPEN_IF_OPEN_BELOW_SL,SL_FIRST,10,PENDING_ANALYSIS,5.3843,5.3843,8.0764,282.9543,285.6465,263.6915,Indicative levels use the signal close only. Final SL/TP1/TP2 and sizing must be recalculated from the actual post-analysis broker fill.,31,2026-11-05,False,2026-07-30,3.4700,3.3400,3.8000,ALCISTA FUERTE,10,769.6400,7.3400,59.8000,15.3100,SIDI_INTRADAY_V2: Fund≥6.5 · DD60≥12% · RSI<40 · MACD↑ · Vol↓ · SPY20≤+1% · Abnormal20≤-10%,SIDI_INTRADAY_V2,True
XYZ,"Block, Inc.",Financials,Transaction & Payment Processing Services,2025-07-23,74.3300,75.9500,75.9500,74.0000,74.3300,2026-10-02,2026-10-05,33.4800,28.2300,UP,-0.2985,-0.3936,-0.4663,True,0.2371,2.1496,0.7950,2.8920,79.6600,70.1400,76.6000,-6.6900,5.9800,True,2.1356,NEUTRO,-12.4000,-14.4800,84.8500,86.9200,86.9200,48.2100,-14.4800,54.1800,0.9760,False,False,75.2400,3,81.0400,True,1.2200,HAMMER,7.7300,8.5000,8.5000,5.0000,9,8.5000,7.0000,False,False,True,True,True,False,5.7800,8.6800,1.5000,SIDI_INTRADAY_V2,0.6186,-3.9109,1.3074,0.8147,294,XLF,True,135.9286,14.6471,2.0742,1.8262,29.1070,0.0161,0.0201,0.0143,0.4657,0.0930,-0.8330,32.5800,2.2090,-27105876.0000,357142016.0000,-0.0759,45732515840,2.5530,3.4300,0.0000,540816000,2.6400,1.9100,3.9600,1.9600,-0.0006,FCF/NI:-0.08,1,4.6800,False,True,False,False,False,False,VOLUME|FUND65|ABNORMAL20,False,7-15d,XLF,,JPM|BAC|WFC,interest_rates|yield_curve|credit_spreads|loan_growth,POST_ANALYSIS_ACTUAL_FILL,LIVE_QUOTE_AT_ANALYSIS,True,1.0000,1.5000,1.0000,-5.0000,7,1.5000,3,SELL_50_PCT_AT_TP1_REST_AT_TP2,MOVE_REMAINDER_TO_BREAK_EVEN,EXIT_AT_OPEN_IF_OPEN_BELOW_SL,SL_FIRST,10,PENDING_ANALYSIS,2.1496,2.1496,3.2244,76.4796,77.5544,70.6135,Indicative levels use the signal close only. Final SL/TP1/TP2 and sizing must be recalculated from the actual post-analysis broker fill.,29,2026-11-03,False,2026-08-05,1.0200,0.8700,16.7000,ALCISTA FUERTE,10,769.6400,7.3400,59.8000,15.3100,SIDI_INTRADAY_V2: Fund≥6.5 · DD60≥12% · RSI<40 · MACD↑ · Vol↓ · SPY20≤+1% · Abnormal20≤-10%,SIDI_INTRADAY_V2,True
LII,Lennox International,Industrials,Building Products,2024-12-23,356.3000,366.2700,367.8100,356.0300,356.3000,2026-10-02,2026-10-05,43.1400,34.8400,UP,2.2182,2.5208,3.2524,False,0.2268,9.4902,0.6200,2.6640,400.6400,483.3100,369.3400,-11.0700,-26.2800,False,-2.3199,BAJISTA,-36.4500,-36.6900,560.6400,562.8200,585.0500,348.9000,-39.1000,2.1200,1.0230,False,False,348.9000,1,376.4100,True,-2.0800,NONE,6.0200,5.0000,6.0000,5.0000,7,8.5000,5.0000,False,False,True,False,False,False,5.3300,7.9900,1.5000,SIDI_INTRADAY_V2,0.6186,1.2708,0.0510,1.6882,294,XLI,True,15.8280,13.7765,9.5636,2.3399,12.2020,0.7176,0.1599,0.1487,0.3333,0.0300,0.0010,156.0820,1.5690,277737504.0000,788499968.0000,0.3522,12406591488,1.1630,4.5500,1.5300,34560675,3.7600,0.4600,5.9600,5.0500,0.0224,FCF/NI:0.35|D/E:156,2,4.6600,False,True,False,False,False,False,RSI40|MACD|VOLUME|FUND65|ABNORMAL20,False,3-7d,XLI,,CAT|UNP|HON,pmi_manufacturing|supply_chain|capex_cycle,POST_ANALYSIS_ACTUAL_FILL,LIVE_QUOTE_AT_ANALYSIS,True,1.0000,1.5000,1.0000,-5.0000,7,1.5000,3,SELL_50_PCT_AT_TP1_REST_AT_TP2,MOVE_REMAINDER_TO_BREAK_EVEN,EXIT_AT_OPEN_IF_OPEN_BELOW_SL,SL_FIRST,10,PENDING_ANALYSIS,9.4902,9.4902,14.2353,365.7902,370.5353,338.4850,Indicative levels use the signal close only. Final SL/TP1/TP2 and sizing must be recalculated from the actual post-analysis broker fill.,23,2026-10-28,False,2026-07-29,7.7200,7.7000,28.0000,ALCISTA FUERTE,10,769.6400,7.3400,59.8000,15.3100,SIDI_INTRADAY_V2: Fund≥6.5 · DD60≥12% · RSI<40 · MACD↑ · Vol↓ · SPY20≤+1% · Abnormal20≤-10%,SIDI_INTRADAY_V2,True
NI,NiSource,Utilities,Multi-Utilities,2000-11-02,39.4300,39.7600,40.0100,39.3800,39.4300,2026-10-02,2026-10-05,31.0200,26.7100,UP,0.0010,-0.0309,-0.0793,True,0.2769,0.6286,0.7740,1.5940,41.6500,44.4300,40.1100,-5.3400,-11.2600,False,-0.2902,BAJISTA,-15.6700,-16.5000,46.7600,47.2200,48.8800,38.4200,-19.3400,2.6300,0.7370,False,False,40.0900,1,42.1800,True,1.6700,BULL_ENGULF,6.7700,5.0000,8.5000,5.0000,7,8.5000,7.5000,False,False,True,True,True,False,3.1900,4.7800,1.5000,SIDI_INTRADAY_V2,0.6186,1.8243,-0.0152,0.9532,294,XLU,True,21.0904,17.6138,1.9857,2.7631,12.7570,0.0855,0.0324,0.1315,0.5097,0.0460,-0.5840,146.6490,0.4980,-1772999936.0000,906000000.0000,-1.9570,19014557696,0.5480,2.9400,3.0400,479560100,3.2600,2.6400,4.1600,2.9300,-0.0932,FCF/NI:-1.96,1,4.6600,False,True,False,False,False,False,VOLUME|FUND65|ABNORMAL20,False,3-7d,XLU,,NEE|DUK|SO,interest_rates|regulatory_environment,POST_ANALYSIS_ACTUAL_FILL,LIVE_QUOTE_AT_ANALYSIS,True,1.0000,1.5000,1.0000,-5.0000,7,1.5000,3,SELL_50_PCT_AT_TP1_REST_AT_TP2,MOVE_REMAINDER_TO_BREAK_EVEN,EXIT_AT_OPEN_IF_OPEN_BELOW_SL,SL_FIRST,10,PENDING_ANALYSIS,0.6286,0.6286,0.9429,40.0586,40.3729,37.4585,Indicative levels use the signal close only. Final SL/TP1/TP2 and sizing must be recalculated from the actual post-analysis broker fill.,23,2026-10-28,False,2026-08-05,0.1600,0.1600,1.5000,ALCISTA FUERTE,10,769.6400,7.3400,59.8000,15.3100,SIDI_INTRADAY_V2: Fund≥6.5 · DD60≥12% · RSI<40 · MACD↑ · Vol↓ · SPY20≤+1% · Abnormal20≤-10%,SIDI_INTRADAY_V2,True
ETR,Entergy,Utilities,Electric Utilities,1957-03-04,100.9100,101.0800,101.9700,100.3000,100.9100,2026-10-02,2026-10-05,38.7700,18.9700,UP,0.0574,-0.1087,-0.3947,True,0.3934,1.8900,0.8720,1.8730,105.4000,105.3600,101.7800,-4.2600,-4.2300,True,0.9275,BAJISTA,-12.4500,-13.0900,115.2600,116.1100,117.7500,89.2500,-14.3000,13.0600,0.8280,False,False,,0,116.7000,False,,HAMMER,6.3000,7.0000,8.5000,5.0000,5,5.0000,7.0000,False,False,True,True,True,False,3.7500,5.6200,1.5000,SIDI_INTRADAY_V2,0.6186,-0.8187,-0.0483,1.1321,294,XLU,True,25.8593,19.8084,2.5883,3.5831,14.1150,0.1025,0.0268,0.1333,0.4700,0.0590,-0.0190,186.7700,0.9120,-4400858112.0000,1797105024.0000,-2.4489,48308080640,0.4480,7.1000,2.5400,477777482,3.5500,3.5200,4.3800,2.6100,-0.0911,FCF/NI:-2.45|D/E:187,2,4.6500,False,True,False,False,False,False,VOLUME|FUND65|ABNORMAL20,False,3-7d,XLU,,NEE|DUK|SO,interest_rates|regulatory_environment,POST_ANALYSIS_ACTUAL_FILL,LIVE_QUOTE_AT_ANALYSIS,True,1.0000,1.5000,1.0000,-5.0000,7,1.5000,3,SELL_50_PCT_AT_TP1_REST_AT_TP2,MOVE_REMAINDER_TO_BREAK_EVEN,EXIT_AT_OPEN_IF_OPEN_BELOW_SL,SL_FIRST,10,PENDING_ANALYSIS,1.8900,1.8900,2.8350,102.8000,103.7450,95.8645,Indicative levels use the signal close only. Final SL/TP1/TP2 and sizing must be recalculated from the actual post-analysis broker fill.,28,2026-11-02,False,2026-07-29,1.0300,1.0100,2.4000,ALCISTA FUERTE,10,769.6400,7.3400,59.8000,15.3100,SIDI_INTRADAY_V2: Fund≥6.5 · DD60≥12% · RSI<40 · MACD↑ · Vol↓ · SPY20≤+1% · Abnormal20≤-10%,SIDI_INTRADAY_V2,True
VMC,Vulcan Materials Company,Materials,Construction Materials,1999-06-30,243.0600,246.0800,247.6200,242.7700,243.0600,2026-10-02,2026-10-05,39.2000,30.1500,UP,0.8359,0.7962,0.4848,True,0.3008,6.6014,0.8670,2.7160,265.0300,283.1600,249.2100,-8.2900,-14.1600,False,-1.4751,BAJISTA,-17.5200,-19.0000,294.7000,300.0700,329.2000,237.0300,-26.1700,2.5400,0.7150,False,False,240.6900,1,282.5800,True,-0.9800,HAMMER|DOJI,6.2000,5.0000,8.5000,5.0000,7,5.0000,7.0000,False,False,True,True,True,False,5.4300,8.1500,1.5000,SIDI_INTRADAY_V2,0.6186,2.8084,-0.0156,1.1579,294,XLB,True,28.6745,23.1037,3.7172,3.8823,15.4970,0.1323,0.0604,0.1375,0.2751,0.0250,0.0270,58.2200,1.7570,843600000.0000,1117100032.0000,0.7552,31508365312,1.0460,5.8800,0.8600,129578739,3.5800,0.4400,5.9600,4.4600,0.0268,OK,0,4.6300,False,True,False,False,False,False,VOLUME|FUND65|ABNORMAL20,False,3-7d,XLB,,LIN|APD|ECL,commodity_prices|dxy|china_demand|energy_costs,POST_ANALYSIS_ACTUAL_FILL,LIVE_QUOTE_AT_ANALYSIS,True,1.0000,1.5000,1.0000,-5.0000,7,1.5000,3,SELL_50_PCT_AT_TP1_REST_AT_TP2,MOVE_REMAINDER_TO_BREAK_EVEN,EXIT_AT_OPEN_IF_OPEN_BELOW_SL,SL_FIRST,10,PENDING_ANALYSIS,6.6014,6.6014,9.9021,249.6614,252.9621,230.9070,Indicative levels use the signal close only. Final SL/TP1/TP2 and sizing must be recalculated from the actual post-analysis broker fill.,24,2026-10-29,False,2026-07-29,2.5900,2.4700,4.9000,ALCISTA FUERTE,10,769.6400,7.3400,59.8000,15.3100,SIDI_INTRADAY_V2: Fund≥6.5 · DD60≥12% · RSI<40 · MACD↑ · Vol↓ · SPY20≤+1% · Abnormal20≤-10%,SIDI_INTRADAY_V2,True
MRNA,Moderna,Health Care,Biotechnology,2021-07-21,190.0100,190.2600,193.7200,183.2800,190.0100,2026-10-02,2026-10-05,73.9700,80.3000,DOWN,-0.1247,0.7399,2.8695,False,0.7271,13.7276,1.3770,7.2250,123.6300,68.3900,171.5700,53.6900,177.8500,True,26.1267,ALCISTA,-6.6100,-9.0400,203.4600,208.9000,208.9000,22.2800,-9.0400,752.8300,0.7060,True,True,130.3800,1,,False,-31.3800,HAMMER|DOJI,6.5500,10.0000,5.0000,7.5000,4,5.0000,7.0000,False,False,False,False,False,True,14.4500,21.6700,1.5000,SIDI_INTRADAY_V2,0.6186,30.1192,1.0609,5.1487,294,XLV,True,,-44.0882,11.5801,35.1616,-32.8050,-0.3900,-0.1326,-1.4143,-0.6602,0.0210,,19.0360,2.2950,299249984.0000,-3151000064.0000,-0.0950,78340071424,1.0950,0.9900,0.0000,399235889,3.3200,2.8800,4.3300,2.6500,0.0038,FCF/NI:-0.09|ROE:-39.0%,2,4.6100,False,True,False,False,False,False,DD12|RSI40|MACD|FUND65|ABNORMAL20,False,10-18d,XLV,,UNH|JNJ|LLY,fda_calendar|drug_pricing_policy|patent_cliffs,POST_ANALYSIS_ACTUAL_FILL,LIVE_QUOTE_AT_ANALYSIS,True,1.0000,1.5000,1.0000,-5.0000,7,1.5000,3,SELL_50_PCT_AT_TP1_REST_AT_TP2,MOVE_REMAINDER_TO_BREAK_EVEN,EXIT_AT_OPEN_IF_OPEN_BELOW_SL,SL_FIRST,10,PENDING_ANALYSIS,13.7276,13.7276,20.5914,203.7376,210.6014,180.5095,Indicative levels use the signal close only. Final SL/TP1/TP2 and sizing must be recalculated from the actual post-analysis broker fill.,31,2026-11-05,False,2026-07-31,-1.9700,-2.0600,4.3000,ALCISTA FUERTE,10,769.6400,7.3400,59.8000,15.3100,SIDI_INTRADAY_V2: Fund≥6.5 · DD60≥12% · RSI<40 · MACD↑ · Vol↓ · SPY20≤+1% · Abnormal20≤-10%,SIDI_INTRADAY_V2,True
CRL,Charles River Laboratories,Health Care,Life Sciences Tools & Services,2021-05-14,290.1900,287.9100,290.6100,285.7500,290.1900,2026-10-02,2026-10-05,63.8200,53.0100,UP,0.1277,0.3274,0.8403,False,0.7043,9.9321,1.0240,3.4230,276.0700,209.9700,286.0200,5.1200,38.2100,True,5.2367,ALCISTA,-2.8100,-4.3300,298.5800,303.3100,303.3100,146.2000,-4.3300,98.4900,0.4620,True,True,267.2700,1,303.3100,False,-7.9000,NONE,6.5500,10.0000,6.0000,7.5000,4,5.0000,5.0000,False,False,False,False,False,True,6.8500,10.2700,1.5000,SIDI_INTRADAY_V2,0.6186,-3.1494,0.7311,1.0660,294,XLV,True,,24.0694,5.1528,3.6598,19.7200,-0.0752,0.0411,-0.0596,0.3458,-0.0270,,105.0470,1.3480,468856000.0000,-238458000.0000,-1.9662,14635305984,1.4040,2.5800,0.0000,47738872,3.2600,2.5000,2.5400,4.9900,0.0320,FCF/NI:-1.97|D/E:105|ROE:-7.5%,3,4.5800,False,True,False,False,False,False,DD12|RSI40|MACD|FUND65|ABNORMAL20,False,10-18d,XLV,,UNH|JNJ|LLY,fda_calendar|drug_pricing_policy|patent_cliffs,POST_ANALYSIS_ACTUAL_FILL,LIVE_QUOTE_AT_ANALYSIS,True,1.0000,1.5000,1.0000,-5.0000,7,1.5000,3,SELL_50_PCT_AT_TP1_REST_AT_TP2,MOVE_REMAINDER_TO_BREAK_EVEN,EXIT_AT_OPEN_IF_OPEN_BELOW_SL,SL_FIRST,10,PENDING_ANALYSIS,9.9321,9.9321,14.8982,300.1221,305.0881,275.6805,Indicative levels use the signal close only. Final SL/TP1/TP2 and sizing must be recalculated from the actual post-analysis broker fill.,30,2026-11-04,False,2026-08-05,3.0200,2.7400,10.3000,ALCISTA FUERTE,10,769.6400,7.3400,59.8000,15.3100,SIDI_INTRADAY_V2: Fund≥6.5 · DD60≥12% · RSI<40 · MACD↑ · Vol↓ · SPY20≤+1% · Abnormal20≤-10%,SIDI_INTRADAY_V2,True
PSKY,Paramount Skydance Corporation,Communication Services,Movies & Entertainment,1994-09-30,9.5000,9.3500,9.6700,8.9700,9.5000,2026-10-02,2026-10-05,35.1400,38.2700,DOWN,-0.1303,-0.1199,-0.1053,False,0.0766,0.6200,1.4540,6.5260,9.8700,10.4600,10.1300,-3.7300,-9.2000,False,-4.1268,BAJISTA,-14.7200,-17.3200,11.1400,11.4900,19.1000,7.5800,-50.2500,25.2500,1.3830,False,False,9.3100,1,10.3400,True,-2.0300,HAMMER,6.6500,5.0000,6.5000,7.0000,7,8.0000,7.0000,False,False,True,True,False,False,13.0500,19.5800,1.5000,SIDI_INTRADAY_V2,0.6186,-13.7206,0.2981,0.7412,294,XLC,True,,11.4324,0.9210,0.3718,7.9370,-0.0090,0.0275,-0.0213,0.3333,0.0090,-0.5410,126.4790,1.0400,17593124864.0000,-621000000.0000,-28.3303,10822404096,1.5470,8.3200,2.1100,1087672971,3.1900,0.0000,2.5100,7.6900,1.6256,FCF/NI:-28.33|D/E:126|ROE:-0.9%,3,4.5700,False,True,True,False,False,False,MACD|VOLUME|FUND65,False,3-7d,XLC,,GOOGL|META|NFLX,ad_spending_cycle|streaming_competition|regulation,POST_ANALYSIS_ACTUAL_FILL,LIVE_QUOTE_AT_ANALYSIS,True,1.0000,1.5000,1.0000,-5.0000,7,1.5000,3,SELL_50_PCT_AT_TP1_REST_AT_TP2,MOVE_REMAINDER_TO_BREAK_EVEN,EXIT_AT_OPEN_IF_OPEN_BELOW_SL,SL_FIRST,10,PENDING_ANALYSIS,0.6200,0.6200,0.9300,10.1200,10.4300,9.0250,Indicative levels use the signal close only. Final SL/TP1/TP2 and sizing must be recalculated from the actual post-analysis broker fill.,35,2026-11-09,False,2026-08-04,0.1800,0.1800,-2.3000,ALCISTA FUERTE,10,769.6400,7.3400,59.8000,15.3100,SIDI_INTRADAY_V2: Fund≥6.5 · DD60≥12% · RSI<40 · MACD↑ · Vol↓ · SPY20≤+1% · Abnormal20≤-10%,SIDI_INTRADAY_V2,True
FDXF,FedEx Freight,Industrials,Cargo Ground Transportation,2026-06-01,112.8900,113.0300,114.4600,111.3200,112.8900,2026-10-02,2026-10-05,20.5400,24.2800,DOWN,-0.2571,-0.5637,-0.6332,True,0.2469,4.4764,0.7190,3.9650,131.7300,,118.9800,-14.3000,,False,,NEUTRO,-28.5500,-29.0200,158.0000,159.0400,200.0000,107.6700,-43.5500,4.8500,0.8390,False,False,,0,152.6700,False,,HAMMER|DOJI,6.2700,5.0000,8.5000,5.0000,4,8.5000,7.0000,False,False,True,True,True,False,7.9300,11.9000,1.5000,SIDI_INTRADAY_V2,0.6186,,,,89,XLI,False,25.6941,21.8524,-33.8568,1.9132,23.2490,0.6909,0.0567,0.0745,0.2928,0.0480,-0.6110,,1.5170,-511124992.0000,655000000.0000,-0.7803,16826770432,,2.9700,0.0000,149518133,3.3300,1.0300,6.3500,2.5000,-0.0304,FCF/NI:-0.78,1,4.5100,False,False,False,False,False,False,VOLUME|FUND65|CONTEXT_MISSING,False,7-15d,XLI,,CAT|UNP|HON,pmi_manufacturing|supply_chain|capex_cycle,POST_ANALYSIS_ACTUAL_FILL,LIVE_QUOTE_AT_ANALYSIS,True,1.0000,1.5000,1.0000,-5.0000,7,1.5000,3,SELL_50_PCT_AT_TP1_REST_AT_TP2,MOVE_REMAINDER_TO_BREAK_EVEN,EXIT_AT_OPEN_IF_OPEN_BELOW_SL,SL_FIRST,10,PENDING_ANALYSIS,4.4764,4.4764,6.7146,117.3664,119.6046,107.2455,Indicative levels use the signal close only. Final SL/TP1/TP2 and sizing must be recalculated from the actual post-analysis broker fill.,24,2026-10-29,False,,,,,ALCISTA FUERTE,10,769.6400,7.3400,59.8000,15.3100,SIDI_INTRADAY_V2: Fund≥6.5 · DD60≥12% · RSI<40 · MACD↑ · Vol↓ · SPY20≤+1% · Abnormal20≤-10%,SIDI_INTRADAY_V2,True
RCL,Royal Caribbean Group,Consumer Discretionary,"Hotels, Resorts & Cruise Lines",2014-12-05,277.7400,275.1800,279.5000,271.5600,277.7400,2026-10-02,2026-10-05,63.3900,34.1600,UP,5.1910,4.1577,1.7352,True,1.0080,11.5724,1.2160,4.1670,280.7800,284.0000,258.9100,-1.0800,-2.2000,False,-0.1385,BAJISTA,-14.6700,-16.3500,325.4900,332.0300,350.5900,222.2200,-20.7800,24.9800,1.0300,False,False,276.9100,3,285.6700,True,-0.3000,NONE,6.1500,5.0000,7.0000,5.0000,10,5.0000,5.0000,False,False,True,False,True,False,8.3300,12.5000,1.5000,SIDI_INTRADAY_V2,0.6186,13.3687,0.8644,0.8446,294,XLY,True,16.6883,13.2217,7.0637,3.8703,14.0270,0.4467,0.0768,0.2354,0.5028,0.0650,-0.0460,224.8160,0.2090,-1516249984.0000,4398000128.0000,-0.3448,72305672192,1.8220,5.6500,2.1600,267452084,3.3800,2.9200,4.1700,2.9900,-0.0210,FCF/NI:-0.34|D/E:225,2,4.4900,False,True,False,False,False,False,RSI40|VOLUME|FUND65|ABNORMAL20,False,3-7d,XLY,,AMZN|TSLA|HD,consumer_spending|employment_data|interest_rates,POST_ANALYSIS_ACTUAL_FILL,LIVE_QUOTE_AT_ANALYSIS,True,1.0000,1.5000,1.0000,-5.0000,7,1.5000,3,SELL_50_PCT_AT_TP1_REST_AT_TP2,MOVE_REMAINDER_TO_BREAK_EVEN,EXIT_AT_OPEN_IF_OPEN_BELOW_SL,SL_FIRST,10,PENDING_ANALYSIS,11.5724,11.5724,17.3586,289.3124,295.0986,263.8530,Indicative levels use the signal close only. Final SL/TP1/TP2 and sizing must be recalculated from the actual post-analysis broker fill.,22,2026-10-27,False,2026-07-28,4.2100,3.9800,5.7000,ALCISTA FUERTE,10,769.6400,7.3400,59.8000,15.3100,SIDI_INTRADAY_V2: Fund≥6.5 · DD60≥12% · RSI<40 · MACD↑ · Vol↓ · SPY20≤+1% · Abnormal20≤-10%,SIDI_INTRADAY_V2,True
NKE,"Nike, Inc.",Consumer Discretionary,"Apparel, Accessories & Luxury Goods",1988-11-30,33.8700,32.5500,33.9700,31.9700,33.8700,2026-10-02,2026-10-05,26.6200,27.3500,DOWN,-0.0386,0.0507,0.0933,False,-0.0882,1.1314,0.9770,3.3410,38.7200,47.8700,36.3000,-12.5100,-29.2500,False,-5.2306,BAJISTA,-23.2000,-23.9000,44.1000,44.5100,74.5100,31.9700,-54.5400,5.9400,3.2400,False,False,,0,37.0400,False,,NONE,5.8000,5.0000,7.5000,5.0000,4,8.0000,5.0000,False,False,True,True,False,False,6.6800,10.0200,1.5000,SIDI_INTRADAY_V2,0.6186,-3.4219,-0.6892,1.1311,294,XLY,True,16.0000,19.0104,3.3519,1.0841,10.8450,0.2156,0.0689,0.0674,0.4341,-0.0430,-0.0210,73.0950,2.0750,1766875008.0000,3092999936.0000,0.5712,49845407744,1.0990,2.9300,4.8400,1202110951,3.5300,0.0000,5.0900,5.8400,0.0354,FCF/NI:0.57,1,4.4400,False,True,False,False,False,False,MACD|VOLUME|FUND65|ABNORMAL20,False,3-7d,XLY,,AMZN|TSLA|HD,consumer_spending|employment_data|interest_rates,POST_ANALYSIS_ACTUAL_FILL,LIVE_QUOTE_AT_ANALYSIS,True,1.0000,1.5000,1.0000,-5.0000,7,1.5000,3,SELL_50_PCT_AT_TP1_REST_AT_TP2,MOVE_REMAINDER_TO_BREAK_EVEN,EXIT_AT_OPEN_IF_OPEN_BELOW_SL,SL_FIRST,10,PENDING_ANALYSIS,1.1314,1.1314,1.6971,35.0014,35.5671,32.1765,Indicative levels use the signal close only. Final SL/TP1/TP2 and sizing must be recalculated from the actual post-analysis broker fill.,73,2026-12-17,False,2026-10-01,0.4800,0.4400,9.9000,ALCISTA FUERTE,10,769.6400,7.3400,59.8000,15.3100,SIDI_INTRADAY_V2: Fund≥6.5 · DD60≥12% · RSI<40 · MACD↑ · Vol↓ · SPY20≤+1% · Abnormal20≤-10%,SIDI_INTRADAY_V2,True
KMI,Kinder Morgan,Energy,Oil & Gas Storage & Transportation,2012-05-25,31.0700,30.3800,31.1200,30.3300,31.0700,2026-10-02,2026-10-05,51.3300,42.6600,UP,-0.0404,-0.0890,-0.0711,True,0.5000,0.6786,0.9360,2.1840,31.4400,31.0600,31.0400,-1.1700,0.0300,True,1.5641,NEUTRO,-5.4800,-6.0200,32.8700,33.0600,34.4900,24.7400,-9.9100,25.6100,0.8940,True,True,31.2200,1,32.7200,True,0.4800,NONE,6.9000,8.5000,7.0000,7.5000,7,5.0000,5.0000,False,False,False,False,True,True,4.3700,6.5500,1.5000,SIDI_INTRADAY_V2,0.6186,1.5040,0.0773,0.5458,294,XLE,True,20.4194,20.4915,2.2262,3.9209,13.4600,0.1099,0.0445,0.1930,0.4941,0.1080,0.2120,98.6190,0.4580,1075000064.0000,3448999936.0000,0.3117,70415736832,0.5830,4.0200,3.8000,2224825757,2.7800,1.3600,3.4200,3.6900,0.0153,FCF/NI:0.31|D/E:99,2,4.4300,False,True,False,False,False,False,DD12|RSI40|FUND65|ABNORMAL20,False,7-15d,XLE,,XOM|CVX|COP,oil_price|gas_price|opec_supply|inventories,POST_ANALYSIS_ACTUAL_FILL,LIVE_QUOTE_AT_ANALYSIS,True,1.0000,1.5000,1.0000,-5.0000,7,1.5000,3,SELL_50_PCT_AT_TP1_REST_AT_TP2,MOVE_REMAINDER_TO_BREAK_EVEN,EXIT_AT_OPEN_IF_OPEN_BELOW_SL,SL_FIRST,10,PENDING_ANALYSIS,0.6786,0.6786,1.0179,31.7486,32.0879,29.5165,Indicative levels use the signal close only. Final SL/TP1/TP2 and sizing must be recalculated from the actual post-analysis broker fill.,23,2026-10-28,False,2026-07-22,0.3700,0.3100,18.3000,ALCISTA FUERTE,10,769.6400,7.3400,59.8000,15.3100,SIDI_INTRADAY_V2: Fund≥6.5 · DD60≥12% · RSI<40 · MACD↑ · Vol↓ · SPY20≤+1% · Abnormal20≤-10%,SIDI_INTRADAY_V2,True
WBD,Warner Bros. Discovery,Communication Services,Broadcasting,2022-04-11,30.9400,30.9500,30.9600,30.9300,30.9400,2026-10-02,2026-10-05,84.4700,77.3600,UP,0.1111,0.1473,0.2117,False,0.7555,0.3793,0.8000,1.2260,28.2200,27.6800,29.8500,9.6200,11.7800,True,1.5107,ALCISTA,-0.0300,-0.1000,30.9500,30.9700,30.9700,17.0800,-0.1000,81.1500,1.1740,False,False,26.7300,2,30.9200,False,-13.6100,HAMMER|DOJI,6.5500,10.0000,6.0000,5.0000,4,7.0000,7.0000,False,False,False,False,False,False,2.4500,3.6800,1.5000,SIDI_INTRADAY_V2,0.6186,9.3587,0.3002,0.0362,294,XLC,True,,497.5892,2.3646,2.1493,13.7880,-0.0879,0.0171,-0.0877,0.4781,-0.1120,-0.9060,94.1990,0.7770,16167374848.0000,-3166000128.0000,-5.1066,77620953088,1.5390,3.4300,0.0000,2507136702,2.9800,0.0000,2.5200,6.9800,0.2083,FCF/NI:-5.11|D/E:94|RevG:-11.2%|ROE:-8.8%,4,4.4100,False,True,False,False,False,False,DD12|RSI40|MACD|VOLUME|FUND65|ABNORMAL20,False,10-18d,XLC,,GOOGL|META|NFLX,ad_spending_cycle|streaming_competition|regulation,POST_ANALYSIS_ACTUAL_FILL,LIVE_QUOTE_AT_ANALYSIS,True,1.0000,1.5000,1.0000,-5.0000,7,1.5000,3,SELL_50_PCT_AT_TP1_REST_AT_TP2,MOVE_REMAINDER_TO_BREAK_EVEN,EXIT_AT_OPEN_IF_OPEN_BELOW_SL,SL_FIRST,10,PENDING_ANALYSIS,0.3793,0.3793,0.5690,31.3193,31.5090,29.3930,Indicative levels use the signal close only. Final SL/TP1/TP2 and sizing must be recalculated from the actual post-analysis broker fill.,31,2026-11-05,False,2026-08-06,0.0600,-0.1100,153.9000,ALCISTA FUERTE,10,769.6400,7.3400,59.8000,15.3100,SIDI_INTRADAY_V2: Fund≥6.5 · DD60≥12% · RSI<40 · MACD↑ · Vol↓ · SPY20≤+1% · Abnormal20≤-10%,SIDI_INTRADAY_V2,True
GIS,General Mills,Consumer Staples,Packaged Foods & Meats,1957-03-04,32.0100,31.7200,32.2400,31.4300,32.0100,2026-10-02,2026-10-05,18.5000,18.5400,DOWN,-0.4284,-0.4592,-0.3611,True,0.0675,1.0179,0.8620,3.1800,37.1900,38.0100,35.0100,-13.9300,-15.7800,False,-2.3808,BAJISTA,-22.9600,-24.1500,41.5500,42.2000,48.2600,31.1800,-33.6700,2.6600,1.2650,False,False,32.2900,2,33.9000,True,0.8800,NONE,6.4500,5.0000,8.5000,5.0000,7,8.0000,5.0000,False,False,True,True,True,False,6.3600,9.5400,1.5000,SIDI_INTRADAY_V2,0.6186,-14.8072,-0.1315,1.1951,294,XLP,True,,9.9847,2.2805,0.9201,8.8760,-0.1049,0.0565,-0.0489,0.3373,-0.0280,-0.6670,182.4220,0.7040,1302612480.0000,-894800000.0000,-1.4558,16834624512,0.0200,5.0800,7.6200,534687144,2.9900,0.0000,2.2600,7.3400,0.0774,FCF/NI:-1.46|D/E:182|ROE:-10.5%,3,4.3700,False,True,True,False,False,False,VOLUME|FUND65,False,5-10d,XLP,,PG|KO|PEP,inflation|input_costs|fx_rates,POST_ANALYSIS_ACTUAL_FILL,LIVE_QUOTE_AT_ANALYSIS,True,1.0000,1.5000,1.0000,-5.0000,7,1.5000,3,SELL_50_PCT_AT_TP1_REST_AT_TP2,MOVE_REMAINDER_TO_BREAK_EVEN,EXIT_AT_OPEN_IF_OPEN_BELOW_SL,SL_FIRST,10,PENDING_ANALYSIS,1.0179,1.0179,1.5269,33.0279,33.5369,30.4095,Indicative levels use the signal close only. Final SL/TP1/TP2 and sizing must be recalculated from the actual post-analysis broker fill.,79,2026-12-23,False,2026-09-23,0.7500,0.7200,4.5000,ALCISTA FUERTE,10,769.6400,7.3400,59.8000,15.3100,SIDI_INTRADAY_V2: Fund≥6.5 · DD60≥12% · RSI<40 · MACD↑ · Vol↓ · SPY20≤+1% · Abnormal20≤-10%,SIDI_INTRADAY_V2,True
RVTY,Revvity,Health Care,Health Care Equipment,1985-05-31,151.5300,149.9400,153.3800,148.5500,151.5300,2026-10-02,2026-10-05,78.5100,71.3300,UP,0.2930,0.5067,1.1026,False,0.7420,5.6221,1.3740,3.7100,127.8200,106.1700,142.7400,18.5500,42.7200,True,4.0263,ALCISTA,-0.8900,-4.2600,152.8900,158.2800,158.2800,81.1700,-4.2600,86.6800,0.5490,False,False,140.0800,1,,False,-7.5600,NONE,6.0500,10.0000,6.0000,5.0000,4,5.0000,5.0000,False,False,False,False,False,False,7.4200,11.1300,1.5000,SIDI_INTRADAY_V2,0.6186,15.2140,0.8319,0.7373,294,XLV,True,73.7177,26.1465,2.3782,5.9043,21.9530,0.0321,0.0237,0.0816,0.5498,0.0130,0.0120,46.2250,1.8000,604992128.0000,237366000.0000,2.5488,17192118272,1.0640,3.5900,0.1800,111586401,3.2400,0.0400,5.0800,4.8400,0.0352,OK,0,4.3600,False,True,False,False,False,False,DD12|RSI40|MACD|VOLUME|FUND65|ABNORMAL20,False,10-18d,XLV,,UNH|JNJ|LLY,fda_calendar|drug_pricing_policy|patent_cliffs,POST_ANALYSIS_ACTUAL_FILL,LIVE_QUOTE_AT_ANALYSIS,True,1.0000,1.5000,1.0000,-5.0000,7,1.5000,3,SELL_50_PCT_AT_TP1_REST_AT_TP2,MOVE_REMAINDER_TO_BREAK_EVEN,EXIT_AT_OPEN_IF_OPEN_BELOW_SL,SL_FIRST,10,PENDING_ANALYSIS,5.6221,5.6221,8.4331,157.1521,159.9632,143.9535,Indicative levels use the signal close only. Final SL/TP1/TP2 and sizing must be recalculated from the actual post-analysis broker fill.,29,2026-11-03,False,2026-08-04,1.4100,1.2200,15.9000,ALCISTA FUERTE,10,769.6400,7.3400,59.8000,15.3100,SIDI_INTRADAY_V2: Fund≥6.5 · DD60≥12% · RSI<40 · MACD↑ · Vol↓ · SPY20≤+1% · Abnormal20≤-10%,SIDI_INTRADAY_V2,True
IFF,International Flavors & Fragrances,Materials,Specialty Chemicals,1976-03-31,82.4200,83.8400,84.1700,82.4100,82.4200,2026-10-02,2026-10-05,46.7700,48.6100,DOWN,-0.3318,-0.2297,0.0081,False,0.0924,1.6992,0.7930,2.0620,83.6300,75.6300,84.3100,-1.4500,8.9800,True,2.6264,NEUTRO,-5.9700,-7.2900,87.6600,88.9000,88.9000,57.8500,-7.2900,42.4700,1.0590,False,False,82.9000,3,86.6800,True,0.5800,HAMMER|DOJI,7.2500,8.5000,5.0000,5.0000,9,10.0000,7.0000,False,False,False,False,False,False,4.1200,6.1800,1.5000,SIDI_INTRADAY_V2,0.6186,2.2041,0.2654,1.2228,294,XLB,True,82.3663,21.0052,1.5196,1.9700,14.0100,-0.0555,0.0227,0.0257,0.3658,0.0180,-0.9160,44.8210,2.0610,-1720999936.0000,-791000000.0000,2.1757,21238695936,0.9280,11.3300,1.9400,255303473,2.4200,0.0200,4.7300,2.5200,-0.0810,ROE:-5.5%,1,4.3500,False,True,False,False,False,False,DD12|RSI40|MACD|VOLUME|FUND65|ABNORMAL20,False,7-15d,XLB,,LIN|APD|ECL,commodity_prices|dxy|china_demand|energy_costs,POST_ANALYSIS_ACTUAL_FILL,LIVE_QUOTE_AT_ANALYSIS,True,1.0000,1.5000,1.0000,-5.0000,7,1.5000,3,SELL_50_PCT_AT_TP1_REST_AT_TP2,MOVE_REMAINDER_TO_BREAK_EVEN,EXIT_AT_OPEN_IF_OPEN_BELOW_SL,SL_FIRST,10,PENDING_ANALYSIS,1.6992,1.6992,2.5488,84.1192,84.9688,78.2990,Indicative levels use the signal close only. Final SL/TP1/TP2 and sizing must be recalculated from the actual post-analysis broker fill.,29,2026-11-03,False,2026-08-04,0.8200,1.1200,-26.6000,ALCISTA FUERTE,10,769.6400,7.3400,59.8000,15.3100,SIDI_INTRADAY_V2: Fund≥6.5 · DD60≥12% · RSI<40 · MACD↑ · Vol↓ · SPY20≤+1% · Abnormal20≤-10%,SIDI_INTRADAY_V2,True
CARR,Carrier Global,Industrials,Building Products,2020-04-03,55.1200,56.0500,56.1900,54.9000,55.1200,2026-10-02,2026-10-05,37.9500,34.8200,UP,0.2561,0.2550,0.2694,True,0.3723,1.5979,0.8430,2.8990,59.4900,61.3400,56.1600,-7.3500,-10.1400,False,0.5446,BAJISTA,-20.7000,-21.9800,69.5100,70.6500,76.4800,49.6700,-27.9300,10.9700,0.7910,True,True,52.9600,1,56.7900,True,-3.9200,NONE,6.6000,5.5000,8.5000,7.5000,7,5.0000,5.0000,True,False,True,True,True,True,5.8000,8.7000,1.5000,SIDI_INTRADAY_V2,0.6186,-3.3852,-0.1298,1.5533,294,XLI,True,40.3551,16.8885,3.4948,2.0922,18.3680,0.0897,0.0298,0.0552,0.2469,0.0390,-0.1180,91.9980,1.0200,861750016.0000,1174000000.0000,0.7340,46255022080,1.2880,2.7500,1.7400,830580423,2.7900,0.7400,3.7900,3.9900,0.0186,FCF/NI:0.73|D/E:92,2,4.3100,False,True,False,True,False,False,FUND65|ABNORMAL20,False,3-7d,XLI,,CAT|UNP|HON,pmi_manufacturing|supply_chain|capex_cycle,POST_ANALYSIS_ACTUAL_FILL,LIVE_QUOTE_AT_ANALYSIS,True,1.0000,1.5000,1.0000,-5.0000,7,1.5000,3,SELL_50_PCT_AT_TP1_REST_AT_TP2,MOVE_REMAINDER_TO_BREAK_EVEN,EXIT_AT_OPEN_IF_OPEN_BELOW_SL,SL_FIRST,10,PENDING_ANALYSIS,1.5979,1.5979,2.3969,56.7179,57.5168,52.3640,Indicative levels use the signal close only. Final SL/TP1/TP2 and sizing must be recalculated from the actual post-analysis broker fill.,22,2026-10-27,False,2026-07-28,0.8600,0.8200,5.2000,ALCISTA FUERTE,10,769.6400,7.3400,59.8000,15.3100,SIDI_INTRADAY_V2: Fund≥6.5 · DD60≥12% · RSI<40 · MACD↑ · Vol↓ · SPY20≤+1% · Abnormal20≤-10%,SIDI_INTRADAY_V2,True
VST,Vistra Corp.,Utilities,Electric Utilities,2024-05-08,140.0200,142.0500,143.0200,134.7900,140.0200,2026-10-02,2026-10-05,48.7400,30.9000,UP,0.0234,-0.0823,-0.1986,True,0.3760,4.4398,0.7610,3.1710,143.1200,154.4600,140.7800,-2.1700,-9.3500,False,-1.8375,BAJISTA,-17.0000,-17.3800,168.7000,169.4800,215.8500,132.2600,-35.1300,5.8700,2.4080,False,False,137.4900,1,168.5300,True,-1.8100,HAMMER|HAMMER|HAMMER,6.6000,5.0000,7.0000,7.0000,7,7.0000,7.0000,False,False,True,False,True,False,6.3400,9.5100,1.5000,SIDI_INTRADAY_V2,0.6186,7.9329,1.1227,1.1064,294,XLU,True,24.6172,14.0145,16.3161,2.5503,10.4660,0.4296,0.0589,0.1155,0.3831,-0.0550,-0.0620,373.2800,0.9730,37125000.0000,2027000064.0000,0.0183,48996024320,1.3840,2.2200,0.6600,335635195,2.7200,0.0000,5.7600,2.3400,0.0008,FCF/NI:0.02|D/E:373,2,4.2700,False,True,False,False,False,False,RSI40|VOLUME|FUND65|ABNORMAL20,False,3-7d,XLU,,NEE|DUK|SO,interest_rates|regulatory_environment,POST_ANALYSIS_ACTUAL_FILL,LIVE_QUOTE_AT_ANALYSIS,True,1.0000,1.5000,1.0000,-5.0000,7,1.5000,3,SELL_50_PCT_AT_TP1_REST_AT_TP2,MOVE_REMAINDER_TO_BREAK_EVEN,EXIT_AT_OPEN_IF_OPEN_BELOW_SL,SL_FIRST,10,PENDING_ANALYSIS,4.4398,4.4398,6.6597,144.4598,146.6797,133.0190,Indicative levels use the signal close only. Final SL/TP1/TP2 and sizing must be recalculated from the actual post-analysis broker fill.,32,2026-11-06,False,2026-08-10,0.7600,1.6600,-54.2000,ALCISTA FUERTE,10,769.6400,7.3400,59.8000,15.3100,SIDI_INTRADAY_V2: Fund≥6.5 · DD60≥12% · RSI<40 · MACD↑ · Vol↓ · SPY20≤+1% · Abnormal20≤-10%,SIDI_INTRADAY_V2,True
PEG,Public Service Enterprise Group,Utilities,Electric Utilities,1957-03-04,68.0700,68.2800,68.9500,67.9000,68.0700,2026-10-02,2026-10-05,32.8500,17.2600,UP,0.0179,-0.0789,-0.2569,True,0.3257,1.0864,0.8450,1.5960,72.7000,77.6300,69.3400,-6.3700,-12.3100,False,-1.0999,BAJISTA,-15.0800,-15.8700,80.1600,80.9100,85.4000,66.1500,-20.3000,2.9000,1.5300,False,False,66.1500,1,80.2100,True,-2.8200,NONE,6.4000,5.0000,8.5000,7.0000,7,5.0000,5.0000,False,False,True,True,True,False,3.1900,4.7900,1.5000,SIDI_INTRADAY_V2,0.6186,0.6967,0.0009,1.0291,294,XLU,True,17.0386,14.6594,1.9684,2.7212,13.0880,0.1183,0.0324,0.1604,0.3333,-0.0890,-0.4270,142.4090,0.8770,107750000.0000,2012000000.0000,0.0536,34132527104,0.5180,3.7900,3.9400,498321402,2.6500,0.0000,4.8200,3.2000,0.0032,FCF/NI:0.05,1,4.1500,False,True,False,False,False,False,VOLUME|FUND65|ABNORMAL20,False,3-7d,XLU,,NEE|DUK|SO,interest_rates|regulatory_environment,POST_ANALYSIS_ACTUAL_FILL,LIVE_QUOTE_AT_ANALYSIS,True,1.0000,1.5000,1.0000,-5.0000,7,1.5000,3,SELL_50_PCT_AT_TP1_REST_AT_TP2,MOVE_REMAINDER_TO_BREAK_EVEN,EXIT_AT_OPEN_IF_OPEN_BELOW_SL,SL_FIRST,10,PENDING_ANALYSIS,1.0864,1.0864,1.6296,69.1564,69.6996,64.6665,Indicative levels use the signal close only. Final SL/TP1/TP2 and sizing must be recalculated from the actual post-analysis broker fill.,28,2026-11-02,False,2026-08-04,0.8600,0.8000,7.7000,ALCISTA FUERTE,10,769.6400,7.3400,59.8000,15.3100,SIDI_INTRADAY_V2: Fund≥6.5 · DD60≥12% · RSI<40 · MACD↑ · Vol↓ · SPY20≤+1% · Abnormal20≤-10%,SIDI_INTRADAY_V2,True
CLX,Clorox,Consumer Staples,Household Products,1969-03-31,80.4100,81.2500,81.4600,79.7800,80.4100,2026-10-02,2026-10-05,29.4400,31.2900,DOWN,-0.0673,-0.1387,-0.2674,True,0.1751,2.3593,0.8230,2.9340,95.3200,99.6700,85.8800,-15.6400,-19.3200,False,-1.4553,BAJISTA,-25.4800,-26.5100,107.9000,109.4200,125.8300,79.1200,-36.0900,1.6300,0.7140,False,False,,0,98.6500,False,,HAMMER|DOJI,5.9800,5.0000,8.5000,5.0000,4,6.5000,7.0000,False,False,True,True,True,False,5.8700,8.8000,1.5000,SIDI_INTRADAY_V2,0.6186,-5.7423,0.4978,1.2154,294,XLP,True,16.9241,13.0370,109.4153,1.4649,13.4570,1.6376,0.0832,0.0873,0.4232,-0.0200,-0.5010,2221.4290,0.6580,110375000.0000,587000000.0000,0.1880,9844388864,0.5740,2.8300,6.2200,120931005,2.9000,0.0000,5.3700,3.4000,0.0112,FCF/NI:0.19|D/E:2221,2,4.1300,False,True,False,False,False,False,VOLUME|FUND65|ABNORMAL20,False,3-7d,XLP,,PG|KO|PEP,inflation|input_costs|fx_rates,POST_ANALYSIS_ACTUAL_FILL,LIVE_QUOTE_AT_ANALYSIS,True,1.0000,1.5000,1.0000,-5.0000,7,1.5000,3,SELL_50_PCT_AT_TP1_REST_AT_TP2,MOVE_REMAINDER_TO_BREAK_EVEN,EXIT_AT_OPEN_IF_OPEN_BELOW_SL,SL_FIRST,10,PENDING_ANALYSIS,2.3593,2.3593,3.5390,82.7693,83.9489,76.3895,Indicative levels use the signal close only. Final SL/TP1/TP2 and sizing must be recalculated from the actual post-analysis broker fill.,29,2026-11-03,False,2026-08-03,1.6600,1.6500,86.0000,ALCISTA FUERTE,10,769.6400,7.3400,59.8000,15.3100,SIDI_INTRADAY_V2: Fund≥6.5 · DD60≥12% · RSI<40 · MACD↑ · Vol↓ · SPY20≤+1% · Abnormal20≤-10%,SIDI_INTRADAY_V2,True
TSCO,Tractor Supply,Consumer Discretionary,Other Specialty Retail,2014-01-24,31.0900,31.8600,32.0000,31.0600,31.0900,2026-10-02,2026-10-05,29.3100,32.9100,DOWN,-0.1675,-0.1665,-0.2100,False,0.1488,0.9593,0.8920,3.0860,33.4200,39.4100,32.4900,-6.9700,-21.1200,False,-4.7240,BAJISTA,-14.0700,-15.1400,36.1800,36.6400,56.8400,28.1700,-45.3000,10.3800,1.3830,False,False,28.9800,5,31.5100,False,-6.7700,NONE,6.1000,5.0000,7.5000,5.0000,6,8.0000,5.0000,False,False,True,True,False,False,6.1700,9.2600,1.5000,SIDI_INTRADAY_V2,0.6186,-3.2956,-0.2209,0.5197,294,XLY,True,15.9896,14.9891,6.1095,1.0157,11.6560,0.3951,0.0782,0.0643,0.3650,0.0230,-0.1500,248.7100,1.3340,103175000.0000,1011913984.0000,0.1020,15995932672,0.5140,4.7300,3.0900,521040137,2.7000,0.7100,4.2500,3.2200,0.0065,FCF/NI:0.10|D/E:249,2,4.0600,False,True,False,False,False,False,MACD|VOLUME|FUND65|ABNORMAL20,False,3-7d,XLY,,AMZN|TSLA|HD,consumer_spending|employment_data|interest_rates,POST_ANALYSIS_ACTUAL_FILL,LIVE_QUOTE_AT_ANALYSIS,True,1.0000,1.5000,1.0000,-5.0000,7,1.5000,3,SELL_50_PCT_AT_TP1_REST_AT_TP2,MOVE_REMAINDER_TO_BREAK_EVEN,EXIT_AT_OPEN_IF_OPEN_BELOW_SL,SL_FIRST,10,PENDING_ANALYSIS,0.9593,0.9593,1.4390,32.0493,32.5290,29.5355,Indicative levels use the signal close only. Final SL/TP1/TP2 and sizing must be recalculated from the actual post-analysis broker fill.,17,2026-10-22,False,2026-07-23,0.6900,0.8200,-15.9000,ALCISTA FUERTE,10,769.6400,7.3400,59.8000,15.3100,SIDI_INTRADAY_V2: Fund≥6.5 · DD60≥12% · RSI<40 · MACD↑ · Vol↓ · SPY20≤+1% · Abnormal20≤-10%,SIDI_INTRADAY_V2,True
CMS,CMS Energy,Utilities,Multi-Utilities,1957-03-04,63.7400,64.0500,64.6300,63.6500,63.7400,2026-10-02,2026-10-05,28.0600,11.1400,UP,0.0352,-0.0485,-0.2048,True,0.3193,0.9786,0.7700,1.5350,68.3100,71.9700,64.9900,-6.6900,-11.4300,False,-0.7785,BAJISTA,-15.1800,-15.8900,75.1400,75.7800,79.1000,62.2900,-19.4200,2.3300,1.3150,False,False,,0,72.4400,False,,NONE,6.4500,5.0000,9.5000,7.0000,4,7.0000,5.0000,False,False,True,True,True,False,3.0700,4.6100,1.5000,SIDI_INTRADAY_V2,0.6186,-0.5008,-0.2538,1.0036,294,XLU,True,19.3393,15.4975,2.1147,2.2574,13.2190,0.0916,0.0297,0.1164,0.4032,-0.0050,-0.4390,185.6040,0.9360,-2198874880.0000,1016000000.0000,-2.1642,19894423552,0.3140,5.2600,3.5800,308919602,2.3700,0.0000,4.2100,3.0000,-0.1105,FCF/NI:-2.16|D/E:186,2,4.0000,False,True,False,False,False,False,VOLUME|FUND65|ABNORMAL20,False,3-7d,XLU,,NEE|DUK|SO,interest_rates|regulatory_environment,POST_ANALYSIS_ACTUAL_FILL,LIVE_QUOTE_AT_ANALYSIS,True,1.0000,1.5000,1.0000,-5.0000,7,1.5000,3,SELL_50_PCT_AT_TP1_REST_AT_TP2,MOVE_REMAINDER_TO_BREAK_EVEN,EXIT_AT_OPEN_IF_OPEN_BELOW_SL,SL_FIRST,10,PENDING_ANALYSIS,0.9786,0.9786,1.4679,64.7186,65.2079,60.5530,Indicative levels use the signal close only. Final SL/TP1/TP2 and sizing must be recalculated from the actual post-analysis broker fill.,24,2026-10-29,False,2026-07-28,0.3700,0.3600,3.1000,ALCISTA FUERTE,10,769.6400,7.3400,59.8000,15.3100,SIDI_INTRADAY_V2: Fund≥6.5 · DD60≥12% · RSI<40 · MACD↑ · Vol↓ · SPY20≤+1% · Abnormal20≤-10%,SIDI_INTRADAY_V2,True
LNT,Alliant Energy,Utilities,Electric Utilities,2016-07-01,64.3300,63.7900,65.2000,63.7900,64.3300,2026-10-02,2026-10-05,35.2700,21.0600,UP,0.0286,-0.0624,-0.1367,True,0.3405,1.1064,0.8740,1.7200,68.0600,69.5700,65.2500,-5.4800,-7.5300,False,0.0222,BAJISTA,-15.4100,-16.3100,76.0500,76.8700,78.2200,62.4100,-17.7500,3.0800,1.8900,False,False,,0,71.6400,False,,NONE,6.2000,5.5000,8.5000,7.0000,5,5.0000,5.0000,False,False,True,True,True,False,3.4400,5.1600,1.5000,SIDI_INTRADAY_V2,0.6186,0.5728,-0.1112,0.9681,294,XLU,True,20.2414,17.5118,2.2236,3.7801,15.7310,0.1114,0.0245,0.1845,0.4450,0.0100,-0.0400,160.9510,0.4660,-1138625024.0000,817000000.0000,-1.3937,16742012928,0.5150,13.1000,3.3600,259284699,2.5100,0.1800,4.4900,2.9200,-0.0680,FCF/NI:-1.39|D/E:161,2,3.9900,False,True,False,False,False,False,VOLUME|FUND65|ABNORMAL20,False,3-7d,XLU,,NEE|DUK|SO,interest_rates|regulatory_environment,POST_ANALYSIS_ACTUAL_FILL,LIVE_QUOTE_AT_ANALYSIS,True,1.0000,1.5000,1.0000,-5.0000,7,1.5000,3,SELL_50_PCT_AT_TP1_REST_AT_TP2,MOVE_REMAINDER_TO_BREAK_EVEN,EXIT_AT_OPEN_IF_OPEN_BELOW_SL,SL_FIRST,10,PENDING_ANALYSIS,1.1064,1.1064,1.6596,65.4364,65.9896,61.1135,Indicative levels use the signal close only. Final SL/TP1/TP2 and sizing must be recalculated from the actual post-analysis broker fill.,31,2026-11-05,False,2026-07-30,0.6500,0.5800,12.2000,ALCISTA FUERTE,10,769.6400,7.3400,59.8000,15.3100,SIDI_INTRADAY_V2: Fund≥6.5 · DD60≥12% · RSI<40 · MACD↑ · Vol↓ · SPY20≤+1% · Abnormal20≤-10%,SIDI_INTRADAY_V2,True
CPT,Camden Property Trust,Real Estate,Multi-Family Residential REITs,2022-04-04,95.9600,97.3200,97.5500,95.4500,95.9600,2026-10-02,2026-10-05,15.5500,20.0300,DOWN,0.0040,-0.0097,-0.1156,True,0.1956,1.6675,0.8780,1.7380,104.7200,104.7300,99.2200,-8.3700,-8.3800,False,-0.0694,BAJISTA,-16.6400,-16.9800,115.1200,115.5800,118.5200,93.2800,-19.0300,2.8700,0.8720,False,False,,0,105.5200,False,,HAMMER|DOJI,5.9800,5.0000,8.5000,5.0000,4,6.5000,7.0000,False,False,True,True,True,False,3.4800,5.2100,1.5000,SIDI_INTRADAY_V2,0.6186,-2.2627,-0.1977,0.9642,294,XLRE,True,31.9604,88.8440,2.6119,6.1549,16.4940,0.0789,0.0187,0.2062,0.6162,-0.0080,-0.7570,125.6480,0.3520,139679632.0000,325515008.0000,0.4291,9736230912,0.8060,4.8000,4.4200,100539350,2.5000,0.0000,4.0900,3.5600,0.0143,FCF/NI:0.43|D/E:126,2,3.8900,False,True,False,False,False,False,VOLUME|FUND65|ABNORMAL20,False,3-7d,XLRE,,PLD|AMT|EQIX,interest_rates|cap_rates|occupancy_trends,POST_ANALYSIS_ACTUAL_FILL,LIVE_QUOTE_AT_ANALYSIS,True,1.0000,1.5000,1.0000,-5.0000,7,1.5000,3,SELL_50_PCT_AT_TP1_REST_AT_TP2,MOVE_REMAINDER_TO_BREAK_EVEN,EXIT_AT_OPEN_IF_OPEN_BELOW_SL,SL_FIRST,10,PENDING_ANALYSIS,1.6675,1.6675,2.5012,97.6275,98.4612,91.1620,Indicative levels use the signal close only. Final SL/TP1/TP2 and sizing must be recalculated from the actual post-analysis broker fill.,31,2026-11-05,False,2026-07-30,0.1800,0.2700,-34.0000,ALCISTA FUERTE,10,769.6400,7.3400,59.8000,15.3100,SIDI_INTRADAY_V2: Fund≥6.5 · DD60≥12% · RSI<40 · MACD↑ · Vol↓ · SPY20≤+1% · Abnormal20≤-10%,SIDI_INTRADAY_V2,True
