ticker,name,sector,industry,date_added,price,day_open,day_high,day_low,day_close,price_date,data_vintage,rsi_14,rsi_5d_ago,rsi_trend,macd_hist,macd_hist_prev,macd_hist_3d_ago,macd_improving,bb_pct_b,atr_14,atr_ratio_60d,atr_pct_price,sma_50,sma_200,ema_20,price_vs_50ma_pct,price_vs_200ma_pct,golden_cross,ma200_slope_20d,trend_bias,drawdown_60d,drawdown_60d_legacy_high,high_60d_close,high_60d,high_52w,low_52w,pct_from_52w_high,pct_from_52w_low,volume_ratio_20d,volume_decreasing,volume_decreasing_legacy,support_1_price,support_1_strength,resistance_1_price,near_support,dist_support_pct,candle_pattern,tech_score,tech_trend,tech_momentum,tech_volume,tech_support,tech_volatility,tech_candle,setup_hot,setup_hot_legacy,sidi_pass_dd12,sidi_pass_rsi40,sidi_pass_macd,sidi_pass_volume,stop_loss_atr_pct,target_atr_pct,risk_reward,sidi_strategy_version,spy_return_20d,abnormal_return_20d,abnormal_beta_spy,abnormal_beta_sector,abnormal_aligned_obs,abnormal_sector_etf,sidi_context_ready,pe,forward_pe,pb,ps,ev_ebitda,roe,roa,profit_margin,gross_margin,revenue_growth,eps_growth,debt_equity,current_ratio,fcf,net_income,fcf_ni_ratio,market_cap,beta,short_ratio,dividend_yield,shares_outstanding,fund_score,fund_growth,fund_solidity,fund_valuation,fcf_yield_calc,warnings,warning_count,combined_score,sidi_pass_fund65,sidi_pass_spy20,sidi_pass_abnormal20,sidi_pass_technical,full_setup,sidi_full_setup,sidi_gate_failures,legacy_full_setup,horizon,sector_etf,subsector,peer_group,critical_macro_variables,sidi_entry_rule,sidi_entry_reference_source,sidi_actual_fill_required,sidi_tp1_atr_mult,sidi_tp2_atr_mult,sidi_tp_atr_mult,sidi_sl_pct,sidi_time_stop_sessions,sidi_risk_pct,sidi_max_positions,sidi_partial_exit_rule,sidi_after_tp1_stop_rule,sidi_gap_stop_rule,sidi_intraday_conflict_rule,sidi_validation_cost_bps_rt,sidi_entry_status,sidi_atr14_signal,sidi_tp1_offset_abs,sidi_tp2_offset_abs,sidi_tp1_indicative_from_close,sidi_tp2_indicative_from_close,sidi_sl_indicative_from_close,sidi_plan_note,earnings_days_next,earnings_date,earnings_warning,latest_earnings_date,eps_actual,eps_estimate,eps_surprise_pct,market_regime,market_regime_score,spy_price,spy_vs200,spy_rsi,vix,market_filter_rec,market_sidi_strategy_version,market_spy20_gate
CF,CF Industries,Materials,Fertilizers & Agricultural Chemicals,2008-08-27,116.0200,115.5000,116.9600,115.0000,116.0200,2026-10-06,2026-10-07,17.7600,19.6000,DOWN,-1.0473,-1.3499,-1.9590,True,0.2804,3.8693,0.7980,3.3350,124.0000,112.1100,120.8000,-6.4400,3.4900,True,4.3173,NEUTRO,-16.6900,-18.1000,139.2700,141.6600,141.6600,74.3300,-18.1000,56.0800,0.9630,True,True,111.4900,2.0000,129.3100,True,-3.9100,HAMMER,7.9300,8.5000,8.5000,7.5000,7.0000,8.5000,7.0000,True,True,True,True,True,True,6.6700,10.0100,1.5000,SIDI_INTRADAY_V2,1.8025,-15.6269,-1.6851,0.3312,295.0000,XLB,True,8.5171,10.3997,3.0279,2.2451,5.6450,0.2987,0.1293,0.2712,0.4249,0.1760,0.9960,40.5040,4.8600,1276749952.0000,2099000064.0000,0.6083,17375129600,0.5270,3.6400,2.0700,151338130,8.8500,9.6300,7.9900,8.9400,0.0735,FCF/NI:0.61,1,8.4800,True,False,True,True,False,False,SPY20,True,5-10d,XLB,,LIN|APD|ECL,commodity_prices|dxy|china_demand|energy_costs,POST_ANALYSIS_ACTUAL_FILL,LIVE_QUOTE_AT_ANALYSIS,True,1.0000,1.5000,1.0000,-5.0000,7,1.5000,3,SELL_50_PCT_AT_TP1_REST_AT_TP2,MOVE_REMAINDER_TO_BREAK_EVEN,EXIT_AT_OPEN_IF_OPEN_BELOW_SL,SL_FIRST,10,PENDING_ANALYSIS,3.8693,3.8693,5.8040,119.8893,121.8239,110.2190,Indicative levels use the signal close only. Final SL/TP1/TP2 and sizing must be recalculated from the actual post-analysis broker fill.,28,2026-11-04,False,2026-08-05,4.7300,5.5700,-15.1000,ALCISTA FUERTE,10,779.0900,8.4900,73.6000,15.0100,SIDI_INTRADAY_V2: Fund≥6.5 · DD60≥12% · RSI<40 · MACD↑ · Vol↓ · SPY20≤+1% · Abnormal20≤-10%,SIDI_INTRADAY_V2,False
CINF,Cincinnati Financial,Financials,Property & Casualty Insurance,1997-12-18,163.0800,161.7500,163.8700,161.4600,163.0800,2026-10-06,2026-10-07,27.5400,22.8800,UP,-0.0092,-0.1951,-0.5006,True,0.3559,2.4202,0.6730,1.4840,169.6300,165.6500,164.6400,-3.8600,-1.5500,True,0.2433,BAJISTA,-10.9800,-11.9800,183.1900,185.2700,193.7100,146.7000,-15.8100,11.1700,0.5500,True,True,157.0400,1.0000,185.2700,True,-3.7000,HAMMER|DOJI|BULL_ENGULF,8.0000,7.0000,9.5000,7.5000,8.0000,7.0000,9.5000,False,True,False,True,True,True,2.9700,4.4500,1.5000,SIDI_INTRADAY_V2,1.8025,3.5885,-0.5359,0.9393,295.0000,XLF,True,7.6690,17.9290,1.4946,1.7865,5.5010,0.2148,0.0641,0.2384,0.3107,0.3160,0.8550,5.2550,1.1510,2984875008.0000,3327000064.0000,0.8972,24929454080,0.5280,8.3300,2.3100,153478045,8.6100,10.0000,7.5000,8.2800,0.1197,OK,0,8.3700,True,False,False,False,False,False,DD12|SPY20|ABNORMAL20,False,5-10d,XLF,,JPM|BAC|WFC,interest_rates|yield_curve|credit_spreads|loan_growth,POST_ANALYSIS_ACTUAL_FILL,LIVE_QUOTE_AT_ANALYSIS,True,1.0000,1.5000,1.0000,-5.0000,7,1.5000,3,SELL_50_PCT_AT_TP1_REST_AT_TP2,MOVE_REMAINDER_TO_BREAK_EVEN,EXIT_AT_OPEN_IF_OPEN_BELOW_SL,SL_FIRST,10,PENDING_ANALYSIS,2.4202,2.4202,3.6303,165.5002,166.7103,154.9260,Indicative levels use the signal close only. Final SL/TP1/TP2 and sizing must be recalculated from the actual post-analysis broker fill.,19,2026-10-26,False,2026-07-27,1.4300,1.8200,-21.3000,ALCISTA FUERTE,10,779.0900,8.4900,73.6000,15.0100,SIDI_INTRADAY_V2: Fund≥6.5 · DD60≥12% · RSI<40 · MACD↑ · Vol↓ · SPY20≤+1% · Abnormal20≤-10%,SIDI_INTRADAY_V2,False
GEV,GE Vernova,Industrials,Heavy Electrical Equipment,2024-04-02,1029.2100,1001.3500,1052.7800,995.0500,1029.2100,2026-10-06,2026-10-07,86.1100,52.3200,UP,10.5102,8.3206,7.4282,True,1.0659,33.1956,0.6920,3.2250,965.2000,920.6700,964.5800,6.6300,11.7900,True,3.7186,ALCISTA,-4.6300,-9.8000,1079.1800,1140.9900,1195.9399,529.1800,-13.9400,94.4900,1.1480,True,True,1028.0000,1.0000,1046.9500,True,-0.1200,HAMMER|DOJI,7.7000,10.0000,7.0000,7.5000,7.0000,7.0000,7.0000,False,False,False,False,True,True,6.4500,9.6800,1.5000,SIDI_INTRADAY_V2,1.8025,6.6388,0.5885,1.4202,295.0000,XLI,True,28.2470,39.1366,21.9458,6.3434,67.8050,0.8258,0.0254,0.2303,0.2057,0.2190,0.3280,28.3640,0.8500,15722125312.0000,9528999936.0000,1.6499,262406504448,0.9670,4.2000,0.1900,266333581,8.4800,10.0000,8.5700,6.6000,0.0599,OK,0,8.1700,True,False,False,False,False,False,DD12|RSI40|SPY20|ABNORMAL20,False,10-18d,XLI,,CAT|UNP|HON,pmi_manufacturing|supply_chain|capex_cycle,POST_ANALYSIS_ACTUAL_FILL,LIVE_QUOTE_AT_ANALYSIS,True,1.0000,1.5000,1.0000,-5.0000,7,1.5000,3,SELL_50_PCT_AT_TP1_REST_AT_TP2,MOVE_REMAINDER_TO_BREAK_EVEN,EXIT_AT_OPEN_IF_OPEN_BELOW_SL,SL_FIRST,10,PENDING_ANALYSIS,33.1956,33.1956,49.7934,1062.4056,1079.0034,977.7495,Indicative levels use the signal close only. Final SL/TP1/TP2 and sizing must be recalculated from the actual post-analysis broker fill.,21,2026-10-28,False,2026-07-22,2.4700,3.1800,-22.4000,ALCISTA FUERTE,10,779.0900,8.4900,73.6000,15.0100,SIDI_INTRADAY_V2: Fund≥6.5 · DD60≥12% · RSI<40 · MACD↑ · Vol↓ · SPY20≤+1% · Abnormal20≤-10%,SIDI_INTRADAY_V2,False
FIX,Comfort Systems USA,Industrials,Construction & Engineering,2025-12-22,1817.9600,1725.0000,1835.0400,1720.0000,1817.9600,2026-10-06,2026-10-07,81.7700,56.1300,UP,19.8425,13.8295,11.0013,True,1.2099,66.0843,0.7360,3.6350,1658.0100,1563.2400,1670.0800,9.6500,16.2900,True,4.6152,ALCISTA,-3.3600,-3.4900,1881.1800,1883.7000,2072.1001,768.9000,-12.2700,136.4400,1.4020,True,True,1751.9000,2.0000,1823.8300,True,-3.6300,HAMMER,8.1000,10.0000,7.0000,9.5000,7.0000,7.0000,7.0000,False,False,False,False,True,True,7.2700,10.9100,1.5000,SIDI_INTRADAY_V2,1.8025,11.1994,0.6697,1.7861,295.0000,XLI,True,41.9964,28.3612,18.6427,5.3498,31.1280,0.5529,0.1704,0.1278,0.2566,0.5030,0.9190,11.4980,1.2140,1841915392.0000,1434401024.0000,1.2841,60067389440,1.6590,2.3800,0.2000,35194329,7.8500,10.0000,8.7500,4.2900,0.0307,OK,0,7.9500,True,False,False,False,False,False,DD12|RSI40|SPY20|ABNORMAL20,False,10-18d,XLI,,CAT|UNP|HON,pmi_manufacturing|supply_chain|capex_cycle,POST_ANALYSIS_ACTUAL_FILL,LIVE_QUOTE_AT_ANALYSIS,True,1.0000,1.5000,1.0000,-5.0000,7,1.5000,3,SELL_50_PCT_AT_TP1_REST_AT_TP2,MOVE_REMAINDER_TO_BREAK_EVEN,EXIT_AT_OPEN_IF_OPEN_BELOW_SL,SL_FIRST,10,PENDING_ANALYSIS,66.0843,66.0843,99.1265,1884.0443,1917.0865,1727.0620,Indicative levels use the signal close only. Final SL/TP1/TP2 and sizing must be recalculated from the actual post-analysis broker fill.,15,2026-10-22,False,2026-07-23,12.5300,10.4600,19.9000,ALCISTA FUERTE,10,779.0900,8.4900,73.6000,15.0100,SIDI_INTRADAY_V2: Fund≥6.5 · DD60≥12% · RSI<40 · MACD↑ · Vol↓ · SPY20≤+1% · Abnormal20≤-10%,SIDI_INTRADAY_V2,False
INCY,Incyte,Health Care,Biotechnology,2017-02-28,112.7300,114.1300,114.9700,111.6700,112.7300,2026-10-06,2026-10-07,25.1400,43.7400,DOWN,-1.4471,-1.3049,-0.8133,False,-0.0638,3.3364,0.9390,2.9600,123.4300,107.0200,121.0900,-8.6700,5.3400,True,2.0928,NEUTRO,-13.2400,-14.9800,129.9300,132.6000,132.6000,82.8200,-14.9800,36.1100,1.4260,False,False,96.0900,1.0000,120.0400,False,-14.7600,NONE,6.5000,8.5000,7.5000,5.0000,4.0000,8.0000,5.0000,False,False,True,True,False,False,5.9200,8.8800,1.5000,SIDI_INTRADAY_V2,1.8025,-12.9059,-0.0029,1.0266,295.0000,XLV,True,14.5924,13.0975,3.6287,3.9898,9.4490,0.3067,0.1683,0.2771,0.5566,0.3770,0.3770,0.6030,4.5930,1180664576.0000,1612382976.0000,0.7322,23219027968,0.7390,7.6200,0.0000,202697746,8.8600,10.0000,8.7500,7.6500,0.0508,FCF/NI:0.73,1,7.9200,True,False,True,False,False,False,MACD|VOLUME|SPY20,False,7-15d,XLV,,UNH|JNJ|LLY,fda_calendar|drug_pricing_policy|patent_cliffs,POST_ANALYSIS_ACTUAL_FILL,LIVE_QUOTE_AT_ANALYSIS,True,1.0000,1.5000,1.0000,-5.0000,7,1.5000,3,SELL_50_PCT_AT_TP1_REST_AT_TP2,MOVE_REMAINDER_TO_BREAK_EVEN,EXIT_AT_OPEN_IF_OPEN_BELOW_SL,SL_FIRST,10,PENDING_ANALYSIS,3.3364,3.3364,5.0046,116.0664,117.7346,107.0935,Indicative levels use the signal close only. Final SL/TP1/TP2 and sizing must be recalculated from the actual post-analysis broker fill.,20,2026-10-27,False,2026-07-28,3.0900,2.1500,44.0000,ALCISTA FUERTE,10,779.0900,8.4900,73.6000,15.0100,SIDI_INTRADAY_V2: Fund≥6.5 · DD60≥12% · RSI<40 · MACD↑ · Vol↓ · SPY20≤+1% · Abnormal20≤-10%,SIDI_INTRADAY_V2,False
ALL,Allstate,Financials,Property & Casualty Insurance,1995-07-13,224.2700,224.3000,225.2200,222.2200,224.2700,2026-10-06,2026-10-07,13.1600,19.0000,DOWN,-1.0068,-1.4239,-2.3209,True,0.2620,5.5814,0.9130,2.4890,251.6900,223.2400,234.9600,-10.8900,0.4600,True,1.4808,NEUTRO,-18.1400,-18.7600,273.9700,276.0700,276.0700,184.5100,-18.7600,21.5500,0.7230,False,False,218.7700,2.0000,224.9100,True,-2.4500,HAMMER|DOJI|HAMMER|HAMMER|DOJI,7.1200,8.5000,8.5000,5.0000,7.0000,6.5000,7.0000,False,False,True,True,True,False,4.9800,7.4700,1.5000,SIDI_INTRADAY_V2,1.8025,-7.6928,-0.9806,1.0368,295.0000,XLF,True,4.5090,8.0558,1.8059,0.8125,3.5330,0.4611,0.0868,0.1897,0.3680,0.1180,0.6120,22.2610,0.3630,15158625280.0000,13189000192.0000,1.1493,56984068096,0.1380,4.0000,1.9300,252857950,8.3300,7.5500,8.4400,9.1000,0.2660,OK,0,7.8500,True,False,False,False,False,False,VOLUME|SPY20|ABNORMAL20,False,5-10d,XLF,,JPM|BAC|WFC,interest_rates|yield_curve|credit_spreads|loan_growth,POST_ANALYSIS_ACTUAL_FILL,LIVE_QUOTE_AT_ANALYSIS,True,1.0000,1.5000,1.0000,-5.0000,7,1.5000,3,SELL_50_PCT_AT_TP1_REST_AT_TP2,MOVE_REMAINDER_TO_BREAK_EVEN,EXIT_AT_OPEN_IF_OPEN_BELOW_SL,SL_FIRST,10,PENDING_ANALYSIS,5.5814,5.5814,8.3721,229.8514,232.6421,213.0565,Indicative levels use the signal close only. Final SL/TP1/TP2 and sizing must be recalculated from the actual post-analysis broker fill.,28,2026-11-04,False,2026-08-05,8.9900,6.0700,48.0000,ALCISTA FUERTE,10,779.0900,8.4900,73.6000,15.0100,SIDI_INTRADAY_V2: Fund≥6.5 · DD60≥12% · RSI<40 · MACD↑ · Vol↓ · SPY20≤+1% · Abnormal20≤-10%,SIDI_INTRADAY_V2,False
EXPE,Expedia Group,Consumer Discretionary,"Hotels, Resorts & Cruise Lines",2007-10-02,260.0700,261.6000,266.8800,253.1600,260.0700,2026-10-06,2026-10-07,22.8200,45.1900,DOWN,-0.4824,-0.6938,-1.3705,True,0.2171,11.5729,0.9510,4.4500,297.4600,259.1000,273.5700,-12.5700,0.3800,True,0.4352,NEUTRO,-23.2000,-23.8500,338.6400,341.5100,341.5100,184.2800,-23.8500,41.1300,0.7110,True,True,261.4300,1.0000,275.4100,True,0.5200,HAMMER|DOJI|HAMMER,7.6200,8.5000,8.5000,7.5000,7.0000,6.5000,7.0000,True,True,True,True,True,True,8.9000,13.3500,1.5000,SIDI_INTRADAY_V2,1.8025,-5.3229,-1.0455,1.4639,295.0000,XLY,True,16.0643,10.4756,25.5275,1.9661,10.7400,0.8949,0.0611,0.1297,0.9043,0.1400,1.8870,230.2710,0.8010,3434374912.0000,2036000000.0000,1.6868,30867775488,1.3620,3.7800,0.7400,114495891,8.0000,10.0000,7.0200,6.8100,0.1113,D/E:230,1,7.8500,True,False,False,True,False,False,SPY20|ABNORMAL20,True,5-10d,XLY,,AMZN|TSLA|HD,consumer_spending|employment_data|interest_rates,POST_ANALYSIS_ACTUAL_FILL,LIVE_QUOTE_AT_ANALYSIS,True,1.0000,1.5000,1.0000,-5.0000,7,1.5000,3,SELL_50_PCT_AT_TP1_REST_AT_TP2,MOVE_REMAINDER_TO_BREAK_EVEN,EXIT_AT_OPEN_IF_OPEN_BELOW_SL,SL_FIRST,10,PENDING_ANALYSIS,11.5729,11.5729,17.3593,271.6429,277.4293,247.0665,Indicative levels use the signal close only. Final SL/TP1/TP2 and sizing must be recalculated from the actual post-analysis broker fill.,29,2026-11-05,False,2026-08-05,5.7600,5.2500,9.7000,ALCISTA FUERTE,10,779.0900,8.4900,73.6000,15.0100,SIDI_INTRADAY_V2: Fund≥6.5 · DD60≥12% · RSI<40 · MACD↑ · Vol↓ · SPY20≤+1% · Abnormal20≤-10%,SIDI_INTRADAY_V2,False
DXCM,Dexcom,Health Care,Health Care Equipment,2020-05-12,83.3900,86.2800,86.7500,82.8600,83.3900,2026-10-06,2026-10-07,33.3900,61.5200,DOWN,-0.4321,-0.2716,-0.3035,False,0.0917,1.9850,0.7500,2.3800,86.8800,73.2400,86.5900,-4.0200,13.8600,True,3.1264,NEUTRO,-9.6900,-9.9400,92.3400,92.5900,92.5900,54.1100,-9.9400,54.1100,0.8920,True,True,82.2900,1.0000,90.3900,True,-1.3200,BULL_ENGULF,7.8000,8.5000,6.5000,7.5000,7.0000,10.0000,7.5000,False,False,False,True,False,True,4.7600,7.1400,1.5000,SIDI_INTRADAY_V2,1.8025,-4.3021,0.4526,0.6781,295.0000,XLV,True,33.6587,27.2133,12.2113,6.4412,22.0350,0.3849,0.1033,0.2012,0.6247,0.1310,0.4360,53.3460,1.7330,1021162496.0000,999699968.0000,1.0215,32007739392,1.4770,4.4900,0.0000,377360765,7.6100,9.9600,7.8800,4.5700,0.0319,OK,0,7.6900,True,False,False,False,False,False,DD12|MACD|SPY20|ABNORMAL20,False,7-15d,XLV,,UNH|JNJ|LLY,fda_calendar|drug_pricing_policy|patent_cliffs,POST_ANALYSIS_ACTUAL_FILL,LIVE_QUOTE_AT_ANALYSIS,True,1.0000,1.5000,1.0000,-5.0000,7,1.5000,3,SELL_50_PCT_AT_TP1_REST_AT_TP2,MOVE_REMAINDER_TO_BREAK_EVEN,EXIT_AT_OPEN_IF_OPEN_BELOW_SL,SL_FIRST,10,PENDING_ANALYSIS,1.9850,1.9850,2.9775,85.3750,86.3675,79.2205,Indicative levels use the signal close only. Final SL/TP1/TP2 and sizing must be recalculated from the actual post-analysis broker fill.,22,2026-10-29,False,2026-07-30,0.7000,0.6100,15.1000,ALCISTA FUERTE,10,779.0900,8.4900,73.6000,15.0100,SIDI_INTRADAY_V2: Fund≥6.5 · DD60≥12% · RSI<40 · MACD↑ · Vol↓ · SPY20≤+1% · Abnormal20≤-10%,SIDI_INTRADAY_V2,False
MU,Micron Technology,Information Technology,Semiconductors,1994-09-27,1045.5600,1064.4800,1074.3101,1045.2600,1045.5601,2026-10-06,2026-10-07,68.1500,55.3000,UP,-1.2210,1.7690,5.8018,False,0.5687,42.2514,0.6860,4.0410,961.8100,689.7600,1036.1300,8.7100,51.5800,True,13.0377,ALCISTA,-4.7200,-5.7000,1097.3900,1108.7200,1254.8101,179.4300,-16.6800,482.7000,0.8580,True,True,990.9500,1.0000,1039.2600,False,-5.2200,NONE,6.8500,10.0000,6.0000,7.5000,4.0000,7.0000,5.0000,False,False,False,False,False,True,8.0800,12.1200,1.5000,SIDI_INTRADAY_V2,1.8025,-19.5489,-2.7263,3.4333,295.0000,XLK,True,14.3276,5.1614,11.9371,9.0306,10.5030,0.8826,0.4456,0.6380,0.8072,3.7930,10.6050,3.7430,3.3140,29214251008.0000,84968996864.0000,0.3438,1202770935808,2.2260,1.0700,0.0600,1129393151,8.2500,10.0000,8.1300,6.3500,0.0243,FCF/NI:0.34,1,7.6900,True,False,True,False,False,False,DD12|RSI40|MACD|SPY20,False,10-18d,XLK,,AAPL|MSFT|NVDA,interest_rates|ai_capex_cycle|semiconductor_cycle,POST_ANALYSIS_ACTUAL_FILL,LIVE_QUOTE_AT_ANALYSIS,True,1.0000,1.5000,1.0000,-5.0000,7,1.5000,3,SELL_50_PCT_AT_TP1_REST_AT_TP2,MOVE_REMAINDER_TO_BREAK_EVEN,EXIT_AT_OPEN_IF_OPEN_BELOW_SL,SL_FIRST,10,PENDING_ANALYSIS,42.2514,42.2514,63.3771,1087.8114,1108.9371,993.2820,Indicative levels use the signal close only. Final SL/TP1/TP2 and sizing must be recalculated from the actual post-analysis broker fill.,77,2026-12-23,False,2026-09-30,33.4200,31.8200,5.0000,ALCISTA FUERTE,10,779.0900,8.4900,73.6000,15.0100,SIDI_INTRADAY_V2: Fund≥6.5 · DD60≥12% · RSI<40 · MACD↑ · Vol↓ · SPY20≤+1% · Abnormal20≤-10%,SIDI_INTRADAY_V2,False
WDC,Western Digital,Information Technology,"Technology Hardware, Storage & Peripherals",2009-07-01,411.0400,426.6000,430.3300,406.8100,411.0400,2026-10-06,2026-10-07,48.5400,41.3100,UP,-1.5639,0.4486,3.5795,False,0.0953,28.0229,0.7300,6.8180,462.7700,402.3900,446.2100,-11.1800,2.1500,True,7.5276,NEUTRO,-27.0100,-30.2700,563.1400,589.4600,799.6100,112.3100,-48.6000,265.9900,1.6660,False,False,407.2300,2.0000,478.6900,True,-0.9300,HAMMER,7.1500,8.5000,6.0000,5.0000,7.0000,10.0000,7.0000,False,False,True,False,False,False,13.6400,20.4500,1.5000,SIDI_INTRADAY_V2,1.8025,-28.6206,-1.1481,2.3525,295.0000,XLK,True,15.0665,12.7433,19.3923,11.7518,29.5500,1.3085,0.2076,0.7295,0.4885,0.4380,9.8410,13.4360,1.3290,2268750080.0000,9285999616.0000,0.2443,151821778944,2.1690,2.8600,0.1500,374323269,7.7400,10.0000,7.5400,5.3200,0.0149,FCF/NI:0.24,1,7.5000,True,False,True,False,False,False,RSI40|MACD|VOLUME|SPY20,False,7-15d,XLK,,AAPL|MSFT|NVDA,interest_rates|ai_capex_cycle|semiconductor_cycle,POST_ANALYSIS_ACTUAL_FILL,LIVE_QUOTE_AT_ANALYSIS,True,1.0000,1.5000,1.0000,-5.0000,7,1.5000,3,SELL_50_PCT_AT_TP1_REST_AT_TP2,MOVE_REMAINDER_TO_BREAK_EVEN,EXIT_AT_OPEN_IF_OPEN_BELOW_SL,SL_FIRST,10,PENDING_ANALYSIS,28.0229,28.0229,42.0344,439.0629,453.0744,390.4880,Indicative levels use the signal close only. Final SL/TP1/TP2 and sizing must be recalculated from the actual post-analysis broker fill.,29,2026-11-05,False,2026-08-05,3.5600,3.3000,7.9000,ALCISTA FUERTE,10,779.0900,8.4900,73.6000,15.0100,SIDI_INTRADAY_V2: Fund≥6.5 · DD60≥12% · RSI<40 · MACD↑ · Vol↓ · SPY20≤+1% · Abnormal20≤-10%,SIDI_INTRADAY_V2,False
UBER,Uber,Industrials,Passenger Ground Transportation,2023-12-18,69.0800,69.5600,69.9400,68.7600,69.0800,2026-10-06,2026-10-07,39.4600,41.7900,DOWN,0.0131,-0.0660,-0.2520,True,0.3268,1.4692,0.6150,2.1270,73.1200,74.6300,70.3100,-5.5300,-7.4300,False,-2.1084,BAJISTA,-14.0300,-16.1300,80.3500,82.3600,101.3000,65.4100,-31.8000,5.6100,0.8020,True,True,69.4600,3.0000,76.3000,True,0.5500,HAMMER,7.2500,5.0000,7.5000,7.5000,10.0000,7.0000,7.0000,True,True,True,True,True,True,4.2500,6.3800,1.5000,SIDI_INTRADAY_V2,1.8025,-5.2360,1.0671,-0.2504,295.0000,XLI,True,15.0087,15.4633,5.1113,2.5312,20.2730,0.3716,0.0688,0.1734,0.4075,0.1220,0.8550,51.8720,0.8430,7244749824.0000,9578999808.0000,0.7563,139792400384,1.2650,2.6400,0.0000,2042560121,7.6400,8.3900,6.7700,7.7600,0.0518,OK,0,7.4800,True,False,False,True,False,False,SPY20|ABNORMAL20,True,3-7d,XLI,,CAT|UNP|HON,pmi_manufacturing|supply_chain|capex_cycle,POST_ANALYSIS_ACTUAL_FILL,LIVE_QUOTE_AT_ANALYSIS,True,1.0000,1.5000,1.0000,-5.0000,7,1.5000,3,SELL_50_PCT_AT_TP1_REST_AT_TP2,MOVE_REMAINDER_TO_BREAK_EVEN,EXIT_AT_OPEN_IF_OPEN_BELOW_SL,SL_FIRST,10,PENDING_ANALYSIS,1.4692,1.4692,2.2038,70.5492,71.2838,65.6260,Indicative levels use the signal close only. Final SL/TP1/TP2 and sizing must be recalculated from the actual post-analysis broker fill.,28,2026-11-04,False,2026-08-05,1.1700,0.8300,40.2000,ALCISTA FUERTE,10,779.0900,8.4900,73.6000,15.0100,SIDI_INTRADAY_V2: Fund≥6.5 · DD60≥12% · RSI<40 · MACD↑ · Vol↓ · SPY20≤+1% · Abnormal20≤-10%,SIDI_INTRADAY_V2,False
NEM,Newmont,Materials,Gold,1969-06-30,116.3900,116.0000,117.3300,114.4400,116.3900,2026-10-06,2026-10-07,39.1900,31.3900,UP,-1.1916,-1.4146,-1.7253,True,0.2291,3.5157,0.8630,3.0210,118.6200,111.2700,119.6700,-1.8800,4.6000,True,2.8052,NEUTRO,-13.7000,-13.7900,134.8600,135.0100,135.0100,75.3400,-13.7900,54.4800,0.7780,True,True,106.4000,1.0000,128.0900,False,-8.5800,HAMMER|HAMMER|DOJI|HAMMER,7.1700,8.5000,8.5000,7.5000,4.0000,6.5000,7.0000,True,True,True,True,True,True,6.0400,9.0600,1.5000,SIDI_INTRADAY_V2,1.8025,-5.4056,1.0431,1.2156,295.0000,XLB,True,14.2321,11.0871,3.4084,4.6385,7.0000,0.2591,0.1575,0.3336,0.6804,0.1510,0.1140,15.8070,2.5460,8815875072.0000,8597000192.0000,1.0255,119520313344,0.5300,2.0900,0.8900,1053692271,7.6000,6.4200,8.6100,7.8000,0.0738,OK,0,7.4300,True,False,False,True,False,False,SPY20|ABNORMAL20,True,7-15d,XLB,Gold Miner,LIN|APD|ECL,gold_price|real_yields|commodity_prices|dxy|china_demand|energy_costs,POST_ANALYSIS_ACTUAL_FILL,LIVE_QUOTE_AT_ANALYSIS,True,1.0000,1.5000,1.0000,-5.0000,7,1.5000,3,SELL_50_PCT_AT_TP1_REST_AT_TP2,MOVE_REMAINDER_TO_BREAK_EVEN,EXIT_AT_OPEN_IF_OPEN_BELOW_SL,SL_FIRST,10,PENDING_ANALYSIS,3.5157,3.5157,5.2736,119.9057,121.6636,110.5705,Indicative levels use the signal close only. Final SL/TP1/TP2 and sizing must be recalculated from the actual post-analysis broker fill.,15,2026-10-22,False,2026-07-23,2.1000,1.9900,5.7000,ALCISTA FUERTE,10,779.0900,8.4900,73.6000,15.0100,SIDI_INTRADAY_V2: Fund≥6.5 · DD60≥12% · RSI<40 · MACD↑ · Vol↓ · SPY20≤+1% · Abnormal20≤-10%,SIDI_INTRADAY_V2,False
DOC,Healthpeak Properties,Real Estate,Health Care REITs,2008-03-31,19.0000,18.8600,19.1800,18.8000,19.0000,2026-10-06,2026-10-07,27.4200,46.2500,DOWN,-0.1321,-0.1222,-0.0602,False,-0.0370,0.4107,0.9800,2.1620,20.6800,18.5000,20.0000,-8.1100,2.7200,True,2.0606,NEUTRO,-15.9100,-16.3800,22.5900,22.7200,22.7200,14.9600,-16.3800,26.9800,1.4640,False,False,18.7800,3.0000,19.4200,True,-1.1400,NONE,7.6500,8.5000,7.5000,7.0000,9.0000,8.0000,5.0000,False,False,True,True,False,False,4.3200,6.4800,1.5000,SIDI_INTRADAY_V2,1.8025,-2.9457,0.2009,1.1295,295.0000,XLRE,True,53.8143,134.5357,1.6554,4.5279,14.9190,0.0304,0.0151,0.0825,0.5765,0.1110,0.6820,108.6530,2.2860,1645113088.0000,242743008.0000,6.7772,13353021440,0.9880,6.0700,6.4200,689527260,7.2400,10.0000,5.0200,6.6000,0.1232,D/E:109,1,7.4000,True,False,False,False,False,False,MACD|VOLUME|SPY20|ABNORMAL20,False,7-15d,XLRE,,PLD|AMT|EQIX,interest_rates|cap_rates|occupancy_trends,POST_ANALYSIS_ACTUAL_FILL,LIVE_QUOTE_AT_ANALYSIS,True,1.0000,1.5000,1.0000,-5.0000,7,1.5000,3,SELL_50_PCT_AT_TP1_REST_AT_TP2,MOVE_REMAINDER_TO_BREAK_EVEN,EXIT_AT_OPEN_IF_OPEN_BELOW_SL,SL_FIRST,10,PENDING_ANALYSIS,0.4107,0.4107,0.6160,19.4107,19.6161,18.0500,Indicative levels use the signal close only. Final SL/TP1/TP2 and sizing must be recalculated from the actual post-analysis broker fill.,26,2026-11-02,False,2026-08-04,0.0800,0.0300,198.6000,ALCISTA FUERTE,10,779.0900,8.4900,73.6000,15.0100,SIDI_INTRADAY_V2: Fund≥6.5 · DD60≥12% · RSI<40 · MACD↑ · Vol↓ · SPY20≤+1% · Abnormal20≤-10%,SIDI_INTRADAY_V2,False
EME,Emcor,Industrials,Construction & Engineering,2025-09-22,824.5200,786.1800,834.2300,785.0000,824.5200,2026-10-06,2026-10-07,77.5900,52.5900,UP,7.4880,4.7230,3.2724,True,1.2663,23.1564,0.8060,2.8080,774.2400,774.1700,768.7400,6.4900,6.5000,True,1.9426,ALCISTA,-4.4100,-4.6600,862.5400,864.8300,951.4700,564.0100,-13.3400,46.1900,1.1490,True,True,835.0800,2.0000,873.2700,True,1.2800,NONE,7.2000,10.0000,7.0000,7.5000,7.0000,5.0000,5.0000,False,False,False,False,True,True,5.6200,8.4300,1.5000,SIDI_INTRADAY_V2,1.8025,8.1132,0.6304,1.2082,295.0000,XLI,True,24.1384,21.0948,8.4093,1.8389,18.0830,0.4035,0.1203,0.0774,0.1943,0.1980,0.3480,13.4320,1.2770,978281600.0000,1439158016.0000,0.6798,34199508992,1.1190,2.7500,0.1900,44109901,7.5200,10.0000,7.3000,4.8800,0.0286,FCF/NI:0.68,1,7.3900,True,False,False,False,False,False,DD12|RSI40|SPY20|ABNORMAL20,False,10-18d,XLI,,CAT|UNP|HON,pmi_manufacturing|supply_chain|capex_cycle,POST_ANALYSIS_ACTUAL_FILL,LIVE_QUOTE_AT_ANALYSIS,True,1.0000,1.5000,1.0000,-5.0000,7,1.5000,3,SELL_50_PCT_AT_TP1_REST_AT_TP2,MOVE_REMAINDER_TO_BREAK_EVEN,EXIT_AT_OPEN_IF_OPEN_BELOW_SL,SL_FIRST,10,PENDING_ANALYSIS,23.1564,23.1564,34.7346,847.6764,859.2546,783.2940,Indicative levels use the signal close only. Final SL/TP1/TP2 and sizing must be recalculated from the actual post-analysis broker fill.,22,2026-10-29,False,2026-07-30,9.0600,7.2300,25.3000,ALCISTA FUERTE,10,779.0900,8.4900,73.6000,15.0100,SIDI_INTRADAY_V2: Fund≥6.5 · DD60≥12% · RSI<40 · MACD↑ · Vol↓ · SPY20≤+1% · Abnormal20≤-10%,SIDI_INTRADAY_V2,False
VLO,Valero Energy,Energy,Oil & Gas Refining & Marketing,2002-12-20,419.2200,416.2500,422.9900,413.4300,419.2200,2026-10-06,2026-10-07,58.0300,49.3800,UP,0.7201,0.0832,-1.8598,True,0.9367,17.3779,1.4000,4.1450,359.6400,261.4700,392.3600,16.5700,60.3300,True,9.3968,ALCISTA,-0.0300,-0.8900,419.3300,422.9900,422.9900,152.0700,-0.8900,175.6800,0.4870,True,True,364.9600,1.0000,419.0400,False,-12.9400,HAMMER,6.9500,10.0000,7.0000,7.5000,4.0000,5.0000,7.0000,False,False,False,False,True,True,8.2900,12.4400,1.5000,SIDI_INTRADAY_V2,1.8025,4.2472,-0.0432,1.1371,295.0000,XLE,True,17.6597,10.2148,4.8771,0.9207,9.5260,0.2764,0.1056,0.0545,0.1612,0.5170,4.5350,40.1480,1.6360,8416374784.0000,7192999936.0000,1.1701,121931522048,0.5920,3.6900,1.1500,287927461,7.6500,8.8700,7.2200,6.7200,0.0690,OK,0,7.3700,True,False,False,False,False,False,DD12|RSI40|SPY20|ABNORMAL20,False,10-18d,XLE,,XOM|CVX|COP,oil_price|gas_price|opec_supply|inventories,POST_ANALYSIS_ACTUAL_FILL,LIVE_QUOTE_AT_ANALYSIS,True,1.0000,1.5000,1.0000,-5.0000,7,1.5000,3,SELL_50_PCT_AT_TP1_REST_AT_TP2,MOVE_REMAINDER_TO_BREAK_EVEN,EXIT_AT_OPEN_IF_OPEN_BELOW_SL,SL_FIRST,10,PENDING_ANALYSIS,17.3779,17.3779,26.0669,436.5979,445.2869,398.2590,Indicative levels use the signal close only. Final SL/TP1/TP2 and sizing must be recalculated from the actual post-analysis broker fill.,15,2026-10-22,False,2026-07-30,12.5400,10.1300,23.8000,ALCISTA FUERTE,10,779.0900,8.4900,73.6000,15.0100,SIDI_INTRADAY_V2: Fund≥6.5 · DD60≥12% · RSI<40 · MACD↑ · Vol↓ · SPY20≤+1% · Abnormal20≤-10%,SIDI_INTRADAY_V2,False
MDT,Medtronic,Health Care,Health Care Equipment,1986-10-31,87.0900,87.9700,88.5000,86.4500,87.0900,2026-10-06,2026-10-07,30.1700,34.9300,DOWN,-0.4310,-0.5036,-0.6968,True,0.2297,1.9049,0.8710,2.1870,89.4500,87.0700,88.7500,-2.6400,0.0300,True,-0.9726,NEUTRO,-6.7600,-7.9700,93.4000,94.6300,102.9200,72.0600,-15.3800,20.8500,2.9250,False,False,77.9100,3.0000,89.0000,False,-10.5400,HAMMER|DOJI|BULL_ENGULF,6.9200,8.0000,7.5000,5.0000,6.0000,6.5000,9.5000,False,False,False,True,True,False,4.3700,6.5600,1.5000,SIDI_INTRADAY_V2,1.8025,-4.5151,-0.0499,1.0211,295.0000,XLV,True,21.3268,13.5372,2.2119,2.9575,12.6200,0.1065,0.0512,0.1393,0.6527,0.1370,0.4070,55.3650,2.0670,5412499968.0000,5231000064.0000,1.0347,111029174272,0.5670,2.1700,3.3100,1279137890,7.6500,10.0000,5.8100,7.0500,0.0487,OK,0,7.3600,True,False,False,False,False,False,DD12|VOLUME|SPY20|ABNORMAL20,False,7-15d,XLV,,UNH|JNJ|LLY,fda_calendar|drug_pricing_policy|patent_cliffs,POST_ANALYSIS_ACTUAL_FILL,LIVE_QUOTE_AT_ANALYSIS,True,1.0000,1.5000,1.0000,-5.0000,7,1.5000,3,SELL_50_PCT_AT_TP1_REST_AT_TP2,MOVE_REMAINDER_TO_BREAK_EVEN,EXIT_AT_OPEN_IF_OPEN_BELOW_SL,SL_FIRST,10,PENDING_ANALYSIS,1.9049,1.9049,2.8574,88.9949,89.9474,82.7355,Indicative levels use the signal close only. Final SL/TP1/TP2 and sizing must be recalculated from the actual post-analysis broker fill.,41,2026-11-17,False,2026-09-01,1.4500,1.3900,4.5000,ALCISTA FUERTE,10,779.0900,8.4900,73.6000,15.0100,SIDI_INTRADAY_V2: Fund≥6.5 · DD60≥12% · RSI<40 · MACD↑ · Vol↓ · SPY20≤+1% · Abnormal20≤-10%,SIDI_INTRADAY_V2,False
CVX,Chevron Corporation,Energy,Integrated Oil & Gas,1957-03-04,207.5800,205.5700,208.6900,204.8900,207.5800,2026-10-06,2026-10-07,41.1400,35.9700,UP,-0.5581,-0.7402,-1.0631,True,0.4525,3.8893,0.9240,1.8740,202.6000,184.7600,206.5500,2.4600,12.3500,True,3.4905,ALCISTA,-4.6800,-4.6800,217.7700,217.7800,217.7800,142.5100,-4.6800,45.6600,0.5600,True,True,184.2600,1.0000,208.9800,False,-11.2300,HAMMER|DOJI|BULL_ENGULF,7.2000,10.0000,7.0000,7.5000,4.0000,5.0000,9.5000,False,False,False,False,True,True,3.7500,5.6200,1.5000,SIDI_INTRADAY_V2,1.8025,0.4204,-0.2103,0.9745,295.0000,XLE,True,19.7555,14.1201,2.1205,1.9230,8.7130,0.1223,0.0586,0.0983,0.4427,0.5350,3.2190,18.9590,1.2520,21934000128.0000,20590999552.0000,1.0652,402638700544,0.5230,2.6200,3.4300,1961603274,7.4300,9.0200,6.3200,6.8600,0.0545,OK,0,7.3400,True,False,False,False,False,False,DD12|RSI40|SPY20|ABNORMAL20,False,10-18d,XLE,,XOM|COP|SLB,oil_price|gas_price|opec_supply|inventories,POST_ANALYSIS_ACTUAL_FILL,LIVE_QUOTE_AT_ANALYSIS,True,1.0000,1.5000,1.0000,-5.0000,7,1.5000,3,SELL_50_PCT_AT_TP1_REST_AT_TP2,MOVE_REMAINDER_TO_BREAK_EVEN,EXIT_AT_OPEN_IF_OPEN_BELOW_SL,SL_FIRST,10,PENDING_ANALYSIS,3.8893,3.8893,5.8339,211.4693,213.4139,197.2010,Indicative levels use the signal close only. Final SL/TP1/TP2 and sizing must be recalculated from the actual post-analysis broker fill.,23,2026-10-30,False,2026-07-31,6.0600,5.5700,8.8000,ALCISTA FUERTE,10,779.0900,8.4900,73.6000,15.0100,SIDI_INTRADAY_V2: Fund≥6.5 · DD60≥12% · RSI<40 · MACD↑ · Vol↓ · SPY20≤+1% · Abnormal20≤-10%,SIDI_INTRADAY_V2,False
EXPD,Expeditors International,Industrials,Air Freight & Logistics,2007-10-10,191.8000,193.5400,194.4100,191.2100,191.8000,2026-10-06,2026-10-07,54.1400,49.7400,UP,0.1317,0.0572,-0.7377,True,0.6816,4.1957,1.0420,2.1880,185.6600,162.7200,189.1500,3.3100,17.8700,True,2.7162,ALCISTA,-1.2000,-1.8000,194.1200,195.3200,195.3200,111.7800,-1.8000,71.5800,0.6940,False,False,183.7200,3.0000,191.1500,False,-4.2100,NONE,6.5500,10.0000,7.0000,5.0000,6.0000,5.0000,5.0000,False,False,False,False,True,False,4.3800,6.5600,1.5000,SIDI_INTRADAY_V2,1.8025,-0.9607,0.1807,0.1684,295.0000,XLI,True,27.8967,23.8481,11.7613,2.0698,19.3640,0.4267,0.1523,0.0763,0.1355,0.3210,0.5150,26.7450,1.5660,797562240.0000,918798976.0000,0.8680,24912701440,1.0640,5.7700,0.8400,129990622,7.8600,10.0000,8.2900,4.8800,0.0320,OK,0,7.3400,True,False,False,False,False,False,DD12|RSI40|VOLUME|SPY20|ABNORMAL20,False,10-18d,XLI,,CAT|UNP|HON,pmi_manufacturing|supply_chain|capex_cycle,POST_ANALYSIS_ACTUAL_FILL,LIVE_QUOTE_AT_ANALYSIS,True,1.0000,1.5000,1.0000,-5.0000,7,1.5000,3,SELL_50_PCT_AT_TP1_REST_AT_TP2,MOVE_REMAINDER_TO_BREAK_EVEN,EXIT_AT_OPEN_IF_OPEN_BELOW_SL,SL_FIRST,10,PENDING_ANALYSIS,4.1957,4.1957,6.2936,195.9957,198.0936,182.2100,Indicative levels use the signal close only. Final SL/TP1/TP2 and sizing must be recalculated from the actual post-analysis broker fill.,27,2026-11-03,False,2026-08-04,2.0300,1.6900,19.9000,ALCISTA FUERTE,10,779.0900,8.4900,73.6000,15.0100,SIDI_INTRADAY_V2: Fund≥6.5 · DD60≥12% · RSI<40 · MACD↑ · Vol↓ · SPY20≤+1% · Abnormal20≤-10%,SIDI_INTRADAY_V2,False
NVDA,Nvidia,Information Technology,Semiconductors,2001-11-30,239.2400,242.1000,243.3700,238.9300,239.2400,2026-10-06,2026-10-07,84.0400,54.6700,UP,1.3727,1.2030,0.6107,True,0.9560,5.3679,0.7860,2.2440,219.6200,201.0300,227.4300,8.9300,19.0100,True,2.2908,ALCISTA,0.0000,-1.7000,239.2400,243.3700,243.3700,163.9000,-1.7000,45.9700,0.9300,True,True,208.0800,3.0000,,False,-13.0200,NONE,7.3500,10.0000,7.0000,7.5000,6.0000,7.0000,5.0000,False,False,False,False,True,True,4.4900,6.7300,1.5000,SIDI_INTRADAY_V2,1.8025,0.9009,0.7892,0.6078,295.0000,XLK,True,29.9582,14.8900,24.9888,18.8867,28.5300,1.1721,0.5357,0.6366,0.7467,1.0590,1.2780,16.9710,4.5890,41809874944.0000,192880001024.0000,0.2168,5722090242048,2.2160,2.2900,0.4200,24147000000,7.3400,10.0000,8.2500,3.1700,0.0073,FCF/NI:0.22,1,7.3400,True,False,False,False,False,False,DD12|RSI40|SPY20|ABNORMAL20,False,10-18d,XLK,,AAPL|MSFT|AVGO,interest_rates|ai_capex_cycle|semiconductor_cycle,POST_ANALYSIS_ACTUAL_FILL,LIVE_QUOTE_AT_ANALYSIS,True,1.0000,1.5000,1.0000,-5.0000,7,1.5000,3,SELL_50_PCT_AT_TP1_REST_AT_TP2,MOVE_REMAINDER_TO_BREAK_EVEN,EXIT_AT_OPEN_IF_OPEN_BELOW_SL,SL_FIRST,10,PENDING_ANALYSIS,5.3679,5.3679,8.0518,244.6079,247.2919,227.2780,Indicative levels use the signal close only. Final SL/TP1/TP2 and sizing must be recalculated from the actual post-analysis broker fill.,41,2026-11-17,False,2026-08-26,2.2200,2.0900,6.2000,ALCISTA FUERTE,10,779.0900,8.4900,73.6000,15.0100,SIDI_INTRADAY_V2: Fund≥6.5 · DD60≥12% · RSI<40 · MACD↑ · Vol↓ · SPY20≤+1% · Abnormal20≤-10%,SIDI_INTRADAY_V2,False
MPC,Marathon Petroleum,Energy,Oil & Gas Refining & Marketing,2011-07-01,432.3600,428.4500,435.6900,427.2000,432.3600,2026-10-06,2026-10-07,59.0500,45.7800,UP,1.2805,0.5617,-2.2661,True,0.9359,16.7093,1.4070,3.8650,370.0500,263.1600,403.1800,16.8400,64.2900,True,9.0532,ALCISTA,-0.2600,-1.2100,433.4700,437.6700,437.6700,160.0700,-1.2100,170.1000,0.5210,True,True,378.8000,1.0000,431.0800,False,-12.3900,NONE,6.7500,10.0000,7.0000,7.5000,4.0000,5.0000,5.0000,False,False,False,False,True,True,7.7300,11.5900,1.5000,SIDI_INTRADAY_V2,1.8025,3.0609,0.2234,1.2127,295.0000,XLE,True,15.2268,8.6758,6.5235,0.8328,10.0400,0.4210,0.0874,0.0555,0.1282,0.5370,3.4800,133.3280,1.2500,9249375232.0000,8545999872.0000,1.0823,128379133952,0.5410,3.1400,0.9300,291936635,7.6600,9.0400,6.9900,6.8400,0.0720,D/E:133,1,7.3000,True,False,False,False,False,False,DD12|RSI40|SPY20|ABNORMAL20,False,10-18d,XLE,,XOM|CVX|COP,oil_price|gas_price|opec_supply|inventories,POST_ANALYSIS_ACTUAL_FILL,LIVE_QUOTE_AT_ANALYSIS,True,1.0000,1.5000,1.0000,-5.0000,7,1.5000,3,SELL_50_PCT_AT_TP1_REST_AT_TP2,MOVE_REMAINDER_TO_BREAK_EVEN,EXIT_AT_OPEN_IF_OPEN_BELOW_SL,SL_FIRST,10,PENDING_ANALYSIS,16.7093,16.7093,25.0639,449.0693,457.4239,410.7420,Indicative levels use the signal close only. Final SL/TP1/TP2 and sizing must be recalculated from the actual post-analysis broker fill.,27,2026-11-03,False,2026-08-04,17.7300,13.9500,27.1000,ALCISTA FUERTE,10,779.0900,8.4900,73.6000,15.0100,SIDI_INTRADAY_V2: Fund≥6.5 · DD60≥12% · RSI<40 · MACD↑ · Vol↓ · SPY20≤+1% · Abnormal20≤-10%,SIDI_INTRADAY_V2,False
GOOG,Alphabet Inc. (Class C),Communication Services,Interactive Media & Services,2014-04-03,344.5900,344.6400,345.6700,341.7000,344.5900,2026-10-06,2026-10-07,54.6600,57.3400,DOWN,0.5051,0.2622,-0.2118,True,0.6997,8.7517,0.9340,2.5400,342.5000,337.4300,340.6400,0.6100,2.1200,True,0.8485,ALCISTA,-8.1400,-9.6900,375.1100,381.5600,403.9600,236.0700,-14.7000,45.9700,0.7350,True,True,346.5700,3.0000,359.9800,True,0.5700,HAMMER|DOJI,7.5000,10.0000,6.0000,7.5000,9.0000,5.0000,7.0000,False,False,False,False,True,True,5.0800,7.6200,1.5000,SIDI_INTRADAY_V2,1.8025,0.2976,0.7504,1.1127,295.0000,XLC,True,17.1678,22.5598,6.7226,9.3852,23.7430,0.4868,0.1296,0.5477,0.6090,0.2420,2.9400,18.8590,2.7240,22665000960.0000,244118994944.0000,0.0928,4184533368832,1.2110,3.2800,0.2600,5527000000,7.1500,10.0000,7.9600,2.8700,0.0054,FCF/NI:0.09,1,7.2900,True,False,False,False,False,False,DD12|RSI40|SPY20|ABNORMAL20,False,10-18d,XLC,,GOOGL|META|NFLX,ad_spending_cycle|streaming_competition|regulation,POST_ANALYSIS_ACTUAL_FILL,LIVE_QUOTE_AT_ANALYSIS,True,1.0000,1.5000,1.0000,-5.0000,7,1.5000,3,SELL_50_PCT_AT_TP1_REST_AT_TP2,MOVE_REMAINDER_TO_BREAK_EVEN,EXIT_AT_OPEN_IF_OPEN_BELOW_SL,SL_FIRST,10,PENDING_ANALYSIS,8.7517,8.7517,13.1275,353.3417,357.7175,327.3605,Indicative levels use the signal close only. Final SL/TP1/TP2 and sizing must be recalculated from the actual post-analysis broker fill.,21,2026-10-28,False,2026-07-22,2.8500,2.9100,-2.1000,ALCISTA FUERTE,10,779.0900,8.4900,73.6000,15.0100,SIDI_INTRADAY_V2: Fund≥6.5 · DD60≥12% · RSI<40 · MACD↑ · Vol↓ · SPY20≤+1% · Abnormal20≤-10%,SIDI_INTRADAY_V2,False
RL,Ralph Lauren Corporation,Consumer Discretionary,"Apparel, Accessories & Luxury Goods",2007-02-02,368.6700,367.1400,368.9200,362.4500,368.6700,2026-10-06,2026-10-07,74.7700,66.6700,UP,4.0074,3.9996,3.9651,True,0.9338,9.4334,0.8150,2.5590,361.7600,363.3200,354.3600,1.9100,1.4700,False,-0.2078,ALCISTA,-9.1300,-10.0900,405.7300,410.0200,419.3800,303.3300,-12.0900,21.5400,0.7570,True,True,368.9200,4.0000,390.0300,True,0.0700,HAMMER|DOJI|HAMMER|DOJI|HAMMER,7.3000,8.0000,7.0000,7.5000,9.0000,5.0000,7.0000,False,False,False,False,True,True,5.1200,7.6800,1.5000,SIDI_INTRADAY_V2,1.8025,7.6236,0.3980,0.7337,295.0000,XLY,True,22.5803,17.0909,7.8475,2.5555,14.4540,0.3754,0.1100,0.1176,0.7027,0.1400,0.2160,110.3730,2.0450,880087488.0000,982899968.0000,0.8954,21351297024,1.3550,4.3500,1.0900,37700963,7.2800,10.0000,6.0900,5.5000,0.0412,D/E:110,1,7.2900,True,False,False,False,False,False,DD12|RSI40|SPY20|ABNORMAL20,False,10-18d,XLY,,AMZN|TSLA|HD,consumer_spending|employment_data|interest_rates,POST_ANALYSIS_ACTUAL_FILL,LIVE_QUOTE_AT_ANALYSIS,True,1.0000,1.5000,1.0000,-5.0000,7,1.5000,3,SELL_50_PCT_AT_TP1_REST_AT_TP2,MOVE_REMAINDER_TO_BREAK_EVEN,EXIT_AT_OPEN_IF_OPEN_BELOW_SL,SL_FIRST,10,PENDING_ANALYSIS,9.4334,9.4334,14.1501,378.1034,382.8201,350.2365,Indicative levels use the signal close only. Final SL/TP1/TP2 and sizing must be recalculated from the actual post-analysis broker fill.,29,2026-11-05,False,2026-08-06,4.5900,4.3200,6.2000,ALCISTA FUERTE,10,779.0900,8.4900,73.6000,15.0100,SIDI_INTRADAY_V2: Fund≥6.5 · DD60≥12% · RSI<40 · MACD↑ · Vol↓ · SPY20≤+1% · Abnormal20≤-10%,SIDI_INTRADAY_V2,False
RDDT,Reddit,Communication Services,Interactive Media & Services,2026-08-18,148.9500,151.5000,151.5000,147.7800,148.9500,2026-10-06,2026-10-07,41.3100,49.0100,DOWN,0.0458,-0.0914,-0.5953,True,0.3643,6.6645,0.6640,4.4740,155.3500,167.7900,150.9700,-4.1200,-11.2300,False,-3.7692,BAJISTA,-26.7200,-28.0400,203.2700,207.0000,263.5000,119.2700,-43.4700,24.8800,0.7920,True,True,142.3000,5.0000,162.0000,False,-4.4700,HAMMER|DOJI,6.3500,5.0000,6.0000,7.5000,6.0000,7.0000,7.0000,False,False,True,False,True,True,8.9500,13.4200,1.5000,SIDI_INTRADAY_V2,1.8025,-3.4351,1.0673,1.3992,295.0000,XLC,True,34.6070,15.3610,8.7105,10.3031,32.3040,0.3071,0.1565,0.3135,0.9144,0.6110,1.7780,0.6350,10.4860,678068736.0000,871094976.0000,0.7784,28630523904,2.0530,3.1600,0.0000,146103200,7.9100,10.0000,9.5000,3.6100,0.0237,OK,0,7.2900,True,False,False,False,False,False,RSI40|SPY20|ABNORMAL20,False,3-7d,XLC,,GOOGL|META|NFLX,ad_spending_cycle|streaming_competition|regulation,POST_ANALYSIS_ACTUAL_FILL,LIVE_QUOTE_AT_ANALYSIS,True,1.0000,1.5000,1.0000,-5.0000,7,1.5000,3,SELL_50_PCT_AT_TP1_REST_AT_TP2,MOVE_REMAINDER_TO_BREAK_EVEN,EXIT_AT_OPEN_IF_OPEN_BELOW_SL,SL_FIRST,10,PENDING_ANALYSIS,6.6645,6.6645,9.9968,155.6145,158.9467,141.5025,Indicative levels use the signal close only. Final SL/TP1/TP2 and sizing must be recalculated from the actual post-analysis broker fill.,22,2026-10-29,False,2026-07-30,1.2500,0.9600,29.6000,ALCISTA FUERTE,10,779.0900,8.4900,73.6000,15.0100,SIDI_INTRADAY_V2: Fund≥6.5 · DD60≥12% · RSI<40 · MACD↑ · Vol↓ · SPY20≤+1% · Abnormal20≤-10%,SIDI_INTRADAY_V2,False
JBHT,J.B. Hunt,Industrials,Cargo Ground Transportation,2015-07-01,225.9300,230.8500,230.9500,225.2700,225.9300,2026-10-06,2026-10-07,38.0500,21.2500,UP,-0.0390,-0.1792,-1.6011,True,0.2917,6.1607,0.7220,2.7270,258.3700,243.1700,238.7900,-12.5600,-7.0900,True,2.4787,BAJISTA,-24.1600,-24.5000,297.9100,299.2600,299.2600,135.3500,-24.5000,66.9200,0.5340,True,True,,0.0000,276.5400,False,,NONE,7.1200,7.0000,8.5000,7.5000,5.0000,8.5000,5.0000,True,True,True,True,True,True,5.4500,8.1800,1.5000,SIDI_INTRADAY_V2,1.8025,-22.8887,0.1879,0.5141,295.0000,XLI,True,31.7845,22.4394,5.7380,1.6519,13.5110,0.1845,0.0738,0.0531,0.1850,0.1940,0.4580,38.3730,1.2550,903028352.0000,674505024.0000,1.3388,20981485568,1.3110,2.6000,0.8000,93900000,7.3800,10.0000,6.0600,5.8500,0.0430,OK,0,7.2800,True,False,True,True,False,False,SPY20,True,3-7d,XLI,,CAT|UNP|HON,pmi_manufacturing|supply_chain|capex_cycle,POST_ANALYSIS_ACTUAL_FILL,LIVE_QUOTE_AT_ANALYSIS,True,1.0000,1.5000,1.0000,-5.0000,7,1.5000,3,SELL_50_PCT_AT_TP1_REST_AT_TP2,MOVE_REMAINDER_TO_BREAK_EVEN,EXIT_AT_OPEN_IF_OPEN_BELOW_SL,SL_FIRST,10,PENDING_ANALYSIS,6.1607,6.1607,9.2411,232.0907,235.1711,214.6335,Indicative levels use the signal close only. Final SL/TP1/TP2 and sizing must be recalculated from the actual post-analysis broker fill.,8,2026-10-15,False,2026-07-15,1.9100,1.7400,9.6000,ALCISTA FUERTE,10,779.0900,8.4900,73.6000,15.0100,SIDI_INTRADAY_V2: Fund≥6.5 · DD60≥12% · RSI<40 · MACD↑ · Vol↓ · SPY20≤+1% · Abnormal20≤-10%,SIDI_INTRADAY_V2,False
EOG,EOG Resources,Energy,Oil & Gas Exploration & Production,2000-11-02,144.2800,143.1600,145.1200,142.7200,144.2800,2026-10-06,2026-10-07,48.5200,37.4700,UP,0.0821,-0.1539,-0.6809,True,0.5386,3.1186,0.8260,2.1610,144.3800,131.2900,143.0000,-0.0700,9.9000,True,2.9973,NEUTRO,-6.1500,-6.4100,153.7400,154.1600,154.1600,99.1200,-6.4100,45.5600,0.8440,False,False,138.9100,1.0000,142.7700,True,-3.7200,NONE,6.4000,8.5000,7.0000,5.0000,7.0000,5.0000,5.0000,False,False,False,False,True,False,4.3200,6.4800,1.5000,SIDI_INTRADAY_V2,1.8025,0.9534,-0.3611,1.0903,295.0000,XLE,True,11.1650,9.3547,2.3661,2.8598,5.4520,0.2251,0.1102,0.2573,0.6264,0.5870,1.0940,25.8910,1.8510,4478750208.0000,6876000256.0000,0.6514,76416221184,0.3710,5.3500,2.8300,532628530,7.8500,9.4600,6.4100,7.6400,0.0586,FCF/NI:0.65,1,7.2700,True,False,False,False,False,False,DD12|RSI40|VOLUME|SPY20|ABNORMAL20,False,7-15d,XLE,,XOM|CVX|COP,oil_price|gas_price|opec_supply|inventories,POST_ANALYSIS_ACTUAL_FILL,LIVE_QUOTE_AT_ANALYSIS,True,1.0000,1.5000,1.0000,-5.0000,7,1.5000,3,SELL_50_PCT_AT_TP1_REST_AT_TP2,MOVE_REMAINDER_TO_BREAK_EVEN,EXIT_AT_OPEN_IF_OPEN_BELOW_SL,SL_FIRST,10,PENDING_ANALYSIS,3.1186,3.1186,4.6779,147.3986,148.9579,137.0660,Indicative levels use the signal close only. Final SL/TP1/TP2 and sizing must be recalculated from the actual post-analysis broker fill.,29,2026-11-05,False,2026-08-04,5.0700,4.9700,2.1000,ALCISTA FUERTE,10,779.0900,8.4900,73.6000,15.0100,SIDI_INTRADAY_V2: Fund≥6.5 · DD60≥12% · RSI<40 · MACD↑ · Vol↓ · SPY20≤+1% · Abnormal20≤-10%,SIDI_INTRADAY_V2,False
EQIX,Equinix,Real Estate,Data Center REITs,2015-03-20,1047.3600,1036.6000,1052.3199,1034.2400,1047.3600,2026-10-06,2026-10-07,60.0800,43.0600,UP,1.9576,0.0113,-1.5669,True,0.8165,24.5143,0.8300,2.3410,1041.0200,983.0900,1028.9600,0.6100,6.5400,True,3.0443,ALCISTA,-4.5100,-5.1300,1096.8600,1103.9500,1118.6600,709.7900,-6.3700,47.5600,0.7820,True,True,1044.4301,7.0000,1101.6300,True,-0.2800,HAMMER|DOJI|HAMMER,7.7000,10.0000,7.0000,7.5000,9.0000,5.0000,7.0000,False,False,False,False,True,True,4.6800,7.0200,1.5000,SIDI_INTRADAY_V2,1.8025,3.1027,0.4137,0.5425,295.0000,XLRE,True,64.6752,55.5032,7.0551,10.2451,27.6960,0.1074,0.0368,0.1548,0.5198,0.1670,0.2880,162.2170,1.1290,3785999872.0000,1532999936.0000,2.4697,101467545600,0.9700,3.2000,1.9700,98671686,6.9900,10.0000,6.0300,4.5800,0.0373,D/E:162,1,7.2700,True,False,False,False,False,False,DD12|RSI40|SPY20|ABNORMAL20,False,10-18d,XLRE,,PLD|AMT|SPG,interest_rates|cap_rates|occupancy_trends,POST_ANALYSIS_ACTUAL_FILL,LIVE_QUOTE_AT_ANALYSIS,True,1.0000,1.5000,1.0000,-5.0000,7,1.5000,3,SELL_50_PCT_AT_TP1_REST_AT_TP2,MOVE_REMAINDER_TO_BREAK_EVEN,EXIT_AT_OPEN_IF_OPEN_BELOW_SL,SL_FIRST,10,PENDING_ANALYSIS,24.5143,24.5143,36.7715,1071.8743,1084.1314,994.9920,Indicative levels use the signal close only. Final SL/TP1/TP2 and sizing must be recalculated from the actual post-analysis broker fill.,21,2026-10-28,False,2026-07-29,5.1000,4.8000,6.3000,ALCISTA FUERTE,10,779.0900,8.4900,73.6000,15.0100,SIDI_INTRADAY_V2: Fund≥6.5 · DD60≥12% · RSI<40 · MACD↑ · Vol↓ · SPY20≤+1% · Abnormal20≤-10%,SIDI_INTRADAY_V2,False
DLTR,Dollar Tree,Consumer Staples,Consumer Staples Merchandise Retail,2011-12-19,116.1900,113.5600,117.9700,113.5600,116.1900,2026-10-06,2026-10-07,58.4600,39.1700,UP,0.4795,0.2291,0.2027,True,0.6635,3.4514,0.8140,2.9710,123.7300,117.1300,116.3100,-6.0900,-0.8100,True,-0.0781,BAJISTA,-15.0300,-15.2300,136.7500,137.0700,142.4000,84.7100,-18.4100,37.1600,0.9610,True,True,117.2700,3.0000,133.4500,True,0.9300,HAMMER|DOJI,7.1500,6.5000,7.0000,7.5000,10.0000,5.0000,7.0000,False,False,True,False,True,True,5.9400,8.9100,1.5000,SIDI_INTRADAY_V2,1.8025,-6.0623,0.6058,1.0808,295.0000,XLP,True,14.2186,14.7547,6.3961,1.0914,11.3480,0.4603,0.0826,0.0804,0.3718,0.0700,1.9720,223.9450,1.1340,1049587520.0000,1618099968.0000,0.6487,21903024128,0.7160,2.6500,0.0000,187630299,7.3300,8.7000,6.3100,6.9300,0.0479,FCF/NI:0.65|D/E:224,2,7.2600,True,False,False,False,False,False,RSI40|SPY20|ABNORMAL20,False,3-7d,XLP,,PG|KO|PEP,inflation|input_costs|fx_rates,POST_ANALYSIS_ACTUAL_FILL,LIVE_QUOTE_AT_ANALYSIS,True,1.0000,1.5000,1.0000,-5.0000,7,1.5000,3,SELL_50_PCT_AT_TP1_REST_AT_TP2,MOVE_REMAINDER_TO_BREAK_EVEN,EXIT_AT_OPEN_IF_OPEN_BELOW_SL,SL_FIRST,10,PENDING_ANALYSIS,3.4514,3.4514,5.1771,119.6414,121.3671,110.3805,Indicative levels use the signal close only. Final SL/TP1/TP2 and sizing must be recalculated from the actual post-analysis broker fill.,-41,2026-12-02,False,2026-08-27,2.7000,1.1400,136.1000,ALCISTA FUERTE,10,779.0900,8.4900,73.6000,15.0100,SIDI_INTRADAY_V2: Fund≥6.5 · DD60≥12% · RSI<40 · MACD↑ · Vol↓ · SPY20≤+1% · Abnormal20≤-10%,SIDI_INTRADAY_V2,False
LMT,Lockheed Martin,Industrials,Aerospace & Defense,1957-03-04,510.1200,509.0000,510.8700,504.1800,510.1200,2026-10-06,2026-10-07,21.1100,39.8100,DOWN,-0.6991,-1.2320,-1.4724,True,0.2250,10.7700,0.7630,2.1110,551.4500,557.3500,522.1400,-7.4900,-8.4700,False,1.2690,BAJISTA,-15.6700,-16.2300,604.9400,608.9800,683.2700,429.4700,-25.3400,18.7800,0.7180,True,True,506.9600,1.0000,534.3800,True,-0.6200,HAMMER|DOJI|HAMMER|DOJI|HAMMER,7.3300,5.5000,8.5000,7.5000,7.0000,8.5000,7.0000,True,True,True,True,True,True,4.2200,6.3300,1.5000,SIDI_INTRADAY_V2,1.8025,-1.0928,-0.8154,0.7898,295.0000,XLI,True,18.5105,15.3670,13.1732,1.5049,13.8920,0.8917,0.0864,0.0816,0.1180,0.1050,4.4380,234.2380,1.1930,5562625024.0000,6287000064.0000,0.8848,115900809216,0.0950,2.2600,2.7100,230790753,7.2100,7.8500,6.9800,6.7300,0.0480,D/E:234,1,7.2600,True,False,False,True,False,False,SPY20|ABNORMAL20,True,5-10d,XLI,,CAT|UNP|HON,pmi_manufacturing|supply_chain|capex_cycle,POST_ANALYSIS_ACTUAL_FILL,LIVE_QUOTE_AT_ANALYSIS,True,1.0000,1.5000,1.0000,-5.0000,7,1.5000,3,SELL_50_PCT_AT_TP1_REST_AT_TP2,MOVE_REMAINDER_TO_BREAK_EVEN,EXIT_AT_OPEN_IF_OPEN_BELOW_SL,SL_FIRST,10,PENDING_ANALYSIS,10.7700,10.7700,16.1550,520.8900,526.2750,484.6140,Indicative levels use the signal close only. Final SL/TP1/TP2 and sizing must be recalculated from the actual post-analysis broker fill.,15,2026-10-22,False,2026-07-23,7.9400,7.2000,10.3000,ALCISTA FUERTE,10,779.0900,8.4900,73.6000,15.0100,SIDI_INTRADAY_V2: Fund≥6.5 · DD60≥12% · RSI<40 · MACD↑ · Vol↓ · SPY20≤+1% · Abnormal20≤-10%,SIDI_INTRADAY_V2,False
SNDK,Sandisk,Information Technology,"Technology Hardware, Storage & Peripherals",2025-11-28,1660.4600,1700.0000,1716.5000,1650.0000,1660.4600,2026-10-06,2026-10-07,58.3400,48.0900,UP,-13.3814,-8.0412,0.2068,False,0.3786,93.3632,0.6460,5.6230,1552.6600,1160.6000,1698.1100,6.9400,43.0700,True,14.7476,ALCISTA,-12.0100,-13.0400,1887.0400,1909.4800,2354.3899,115.6800,-29.4700,1335.3900,0.7500,True,True,1659.0200,1.0000,1696.3700,True,-0.0900,NONE,7.3000,10.0000,6.0000,7.5000,7.0000,7.0000,5.0000,False,False,True,False,False,True,11.2500,16.8700,1.5000,SIDI_INTRADAY_V2,1.8025,-33.1142,-3.3921,4.0674,295.0000,XLK,True,23.1752,6.4447,16.1858,12.3612,18.9080,0.9164,0.4391,0.5646,0.7147,3.7160,,1.2770,2.2900,7720875008.0000,11432999936.0000,0.6753,250288652288,,0.4800,0.0000,146419001,7.2200,7.5000,8.3300,5.5900,0.0308,FCF/NI:0.68,1,7.2500,True,False,True,False,False,False,RSI40|MACD|SPY20,False,10-18d,XLK,,AAPL|MSFT|NVDA,interest_rates|ai_capex_cycle|semiconductor_cycle,POST_ANALYSIS_ACTUAL_FILL,LIVE_QUOTE_AT_ANALYSIS,True,1.0000,1.5000,1.0000,-5.0000,7,1.5000,3,SELL_50_PCT_AT_TP1_REST_AT_TP2,MOVE_REMAINDER_TO_BREAK_EVEN,EXIT_AT_OPEN_IF_OPEN_BELOW_SL,SL_FIRST,10,PENDING_ANALYSIS,93.3632,93.3632,140.0448,1753.8232,1800.5048,1577.4370,Indicative levels use the signal close only. Final SL/TP1/TP2 and sizing must be recalculated from the actual post-analysis broker fill.,22,2026-10-29,False,2026-08-05,39.2500,34.5200,13.7000,ALCISTA FUERTE,10,779.0900,8.4900,73.6000,15.0100,SIDI_INTRADAY_V2: Fund≥6.5 · DD60≥12% · RSI<40 · MACD↑ · Vol↓ · SPY20≤+1% · Abnormal20≤-10%,SIDI_INTRADAY_V2,False
ROST,Ross Stores,Consumer Discretionary,Apparel Retail,2009-12-21,224.2100,224.8900,226.9500,221.7700,224.2100,2026-10-06,2026-10-07,49.0900,64.2100,DOWN,-0.4790,-0.0650,0.8701,False,0.1353,4.9636,0.9070,2.2140,236.8600,217.5700,231.1200,-5.3400,3.0500,True,2.5767,NEUTRO,-11.9800,-12.5900,254.7400,256.5000,256.5000,146.2700,-12.5900,53.2800,1.4340,True,True,222.5800,4.0000,256.5000,True,-0.7300,HAMMER,7.4500,8.5000,5.0000,7.5000,9.0000,8.0000,7.0000,False,False,False,False,False,True,4.4300,6.6400,1.5000,SIDI_INTRADAY_V2,1.8025,-2.9071,-0.1475,0.5655,295.0000,XLY,True,27.1929,25.0625,10.6611,2.9308,19.7080,0.4263,0.1278,0.1085,0.3338,0.1330,0.7050,70.2810,1.6120,2002041600.0000,2659063040.0000,0.7529,71840210944,0.8370,3.5500,0.7900,319453110,7.0800,10.0000,6.6400,4.1900,0.0279,OK,0,7.2300,True,False,False,False,False,False,DD12|RSI40|MACD|SPY20|ABNORMAL20,False,7-15d,XLY,,AMZN|TSLA|HD,consumer_spending|employment_data|interest_rates,POST_ANALYSIS_ACTUAL_FILL,LIVE_QUOTE_AT_ANALYSIS,True,1.0000,1.5000,1.0000,-5.0000,7,1.5000,3,SELL_50_PCT_AT_TP1_REST_AT_TP2,MOVE_REMAINDER_TO_BREAK_EVEN,EXIT_AT_OPEN_IF_OPEN_BELOW_SL,SL_FIRST,10,PENDING_ANALYSIS,4.9636,4.9636,7.4454,229.1736,231.6554,212.9995,Indicative levels use the signal close only. Final SL/TP1/TP2 and sizing must be recalculated from the actual post-analysis broker fill.,43,2026-11-19,False,2026-08-20,2.6600,1.9500,36.7000,ALCISTA FUERTE,10,779.0900,8.4900,73.6000,15.0100,SIDI_INTRADAY_V2: Fund≥6.5 · DD60≥12% · RSI<40 · MACD↑ · Vol↓ · SPY20≤+1% · Abnormal20≤-10%,SIDI_INTRADAY_V2,False
RTX,RTX Corporation,Industrials,Aerospace & Defense,1957-03-04,183.2900,183.5500,184.6000,182.4100,183.2900,2026-10-06,2026-10-07,14.5900,23.8800,DOWN,-0.2881,-0.3470,-0.5208,True,0.1138,3.4021,0.7570,1.8560,205.0700,193.8900,191.1700,-10.6200,-5.4700,True,1.0145,BAJISTA,-18.7100,-19.0500,225.4900,226.4100,226.4100,153.3600,-19.0500,19.5100,1.0620,True,True,170.4400,4.0000,179.9700,False,-7.0100,HAMMER|DOJI|HAMMER|DOJI|HAMMER,7.8500,7.0000,8.5000,7.5000,7.0000,10.0000,7.0000,True,True,True,True,True,True,3.7100,5.5700,1.5000,SIDI_INTRADAY_V2,1.8025,-5.9746,-0.7665,1.0455,295.0000,XLI,True,31.7249,22.9374,3.6588,2.5975,17.5750,0.1227,0.0421,0.0828,0.2035,0.1450,0.2870,57.0200,1.0110,9880000512.0000,7737999872.0000,1.2768,242862637056,0.3080,3.3400,1.5900,1347758144,6.7700,9.1300,5.1200,5.9300,0.0407,OK,0,7.2000,True,False,False,True,False,False,SPY20|ABNORMAL20,True,3-7d,XLI,,CAT|UNP|HON,pmi_manufacturing|supply_chain|capex_cycle,POST_ANALYSIS_ACTUAL_FILL,LIVE_QUOTE_AT_ANALYSIS,True,1.0000,1.5000,1.0000,-5.0000,7,1.5000,3,SELL_50_PCT_AT_TP1_REST_AT_TP2,MOVE_REMAINDER_TO_BREAK_EVEN,EXIT_AT_OPEN_IF_OPEN_BELOW_SL,SL_FIRST,10,PENDING_ANALYSIS,3.4021,3.4021,5.1031,186.6921,188.3931,174.1255,Indicative levels use the signal close only. Final SL/TP1/TP2 and sizing must be recalculated from the actual post-analysis broker fill.,13,2026-10-20,False,2026-07-23,1.8900,1.6600,13.7000,ALCISTA FUERTE,10,779.0900,8.4900,73.6000,15.0100,SIDI_INTRADAY_V2: Fund≥6.5 · DD60≥12% · RSI<40 · MACD↑ · Vol↓ · SPY20≤+1% · Abnormal20≤-10%,SIDI_INTRADAY_V2,False
AMCR,Amcor,Materials,Paper & Plastic Packaging Products & Materials,2019-06-07,41.7700,41.7400,42.2400,41.5700,41.7700,2026-10-06,2026-10-07,48.0700,44.3900,UP,0.0059,-0.0022,-0.0120,True,0.2008,0.8457,0.7630,2.0250,44.4900,41.7700,42.6500,-6.1100,0.0000,True,0.5869,NEUTRO,-12.8000,-13.4200,47.9000,48.2500,48.7600,35.1500,-14.3300,18.8300,0.9270,True,True,41.4100,4.0000,43.3300,True,-0.8700,HAMMER|DOJI,7.9200,8.5000,7.0000,7.5000,9.0000,8.5000,7.0000,False,False,True,False,True,True,4.0500,6.0700,1.5000,SIDI_INTRADAY_V2,1.8025,-2.0665,0.3314,1.2365,295.0000,XLB,True,17.4160,9.5141,1.6241,0.8146,9.4260,0.0940,0.0357,0.0471,0.1995,0.2590,,128.2940,1.2540,1504000000.0000,1106000000.0000,1.3599,19147649024,0.5760,6.2500,6.2200,461945690,6.6800,7.5000,4.8800,7.8200,0.0785,D/E:128,1,7.1800,True,False,False,False,False,False,RSI40|SPY20|ABNORMAL20,False,7-15d,XLB,,LIN|APD|ECL,commodity_prices|dxy|china_demand|energy_costs,POST_ANALYSIS_ACTUAL_FILL,LIVE_QUOTE_AT_ANALYSIS,True,1.0000,1.5000,1.0000,-5.0000,7,1.5000,3,SELL_50_PCT_AT_TP1_REST_AT_TP2,MOVE_REMAINDER_TO_BREAK_EVEN,EXIT_AT_OPEN_IF_OPEN_BELOW_SL,SL_FIRST,10,PENDING_ANALYSIS,0.8457,0.8457,1.2686,42.6157,43.0386,39.6815,Indicative levels use the signal close only. Final SL/TP1/TP2 and sizing must be recalculated from the actual post-analysis broker fill.,29,2026-11-05,False,2026-08-12,1.2300,1.1800,4.2000,ALCISTA FUERTE,10,779.0900,8.4900,73.6000,15.0100,SIDI_INTRADAY_V2: Fund≥6.5 · DD60≥12% · RSI<40 · MACD↑ · Vol↓ · SPY20≤+1% · Abnormal20≤-10%,SIDI_INTRADAY_V2,False
BRK-B,Berkshire Hathaway,Financials,Multi-Sector Holdings,2010-02-16,505.5400,504.3400,508.5200,503.7800,505.5400,2026-10-06,2026-10-07,32.8200,44.8700,DOWN,-0.3745,-0.6858,-1.2167,True,0.4468,5.6550,0.8370,1.1190,507.7300,492.7900,504.9400,-0.4300,2.5900,True,0.0762,NEUTRO,-4.5100,-5.9900,529.4200,537.7400,537.7400,464.0100,-5.9900,8.9500,0.7020,False,False,495.0900,7.0000,512.5800,True,-2.0700,NONE,6.8000,8.5000,7.5000,5.0000,9.0000,5.0000,5.0000,False,False,False,True,True,False,2.2400,3.3600,1.5000,SIDI_INTRADAY_V2,1.8025,3.7713,-0.1732,0.5354,295.0000,XLF,True,12.6889,23.3090,0.0010,2.8073,-1.7900,0.1212,0.0601,0.2230,0.3033,0.1000,1.0780,17.1420,2.8910,71975247872.0000,85768003584.0000,0.8392,1080009490432,0.5950,3.1600,0.0000,1408035161,7.4200,7.0900,7.1100,8.1600,0.0666,OK,0,7.1700,True,False,False,False,False,False,DD12|VOLUME|SPY20|ABNORMAL20,False,7-15d,XLF,,JPM|BAC|WFC,interest_rates|yield_curve|credit_spreads|loan_growth,POST_ANALYSIS_ACTUAL_FILL,LIVE_QUOTE_AT_ANALYSIS,True,1.0000,1.5000,1.0000,-5.0000,7,1.5000,3,SELL_50_PCT_AT_TP1_REST_AT_TP2,MOVE_REMAINDER_TO_BREAK_EVEN,EXIT_AT_OPEN_IF_OPEN_BELOW_SL,SL_FIRST,10,PENDING_ANALYSIS,5.6550,5.6550,8.4825,511.1950,514.0225,480.2630,Indicative levels use the signal close only. Final SL/TP1/TP2 and sizing must be recalculated from the actual post-analysis broker fill.,31,2026-11-07,False,2026-08-08,6.0300,5.1300,17.4000,ALCISTA FUERTE,10,779.0900,8.4900,73.6000,15.0100,SIDI_INTRADAY_V2: Fund≥6.5 · DD60≥12% · RSI<40 · MACD↑ · Vol↓ · SPY20≤+1% · Abnormal20≤-10%,SIDI_INTRADAY_V2,False
FANG,Diamondback Energy,Energy,Oil & Gas Exploration & Production,2018-12-03,184.9800,182.0000,185.7700,182.0000,184.9800,2026-10-06,2026-10-07,33.2800,31.7400,UP,-0.5692,-0.8261,-1.2698,True,0.3059,4.2707,0.7130,2.3090,196.7600,183.4400,189.9900,-5.9800,0.8400,True,2.2853,NEUTRO,-12.5500,-14.7200,211.5300,216.9000,216.9000,133.8100,-14.7200,38.2400,0.9570,True,True,188.4600,1.0000,205.0000,True,1.8800,HAMMER|DOJI,7.7000,8.5000,8.5000,7.5000,7.0000,7.0000,7.0000,True,True,True,True,True,True,4.6200,6.9300,1.5000,SIDI_INTRADAY_V2,1.8025,-5.2347,0.0261,1.1974,295.0000,XLE,True,34.9524,9.7879,1.3584,3.1771,5.9450,0.0349,0.0131,0.0903,0.7235,0.5250,1.7950,28.6780,0.4670,5035500032.0000,1458000000.0000,3.4537,51620990976,0.5370,3.9800,2.3800,281313297,6.7700,8.9400,4.6200,6.7500,0.0975,OK,0,7.1400,True,False,False,True,False,False,SPY20|ABNORMAL20,True,7-15d,XLE,,XOM|CVX|COP,oil_price|gas_price|opec_supply|inventories,POST_ANALYSIS_ACTUAL_FILL,LIVE_QUOTE_AT_ANALYSIS,True,1.0000,1.5000,1.0000,-5.0000,7,1.5000,3,SELL_50_PCT_AT_TP1_REST_AT_TP2,MOVE_REMAINDER_TO_BREAK_EVEN,EXIT_AT_OPEN_IF_OPEN_BELOW_SL,SL_FIRST,10,PENDING_ANALYSIS,4.2707,4.2707,6.4060,189.2507,191.3860,175.7310,Indicative levels use the signal close only. Final SL/TP1/TP2 and sizing must be recalculated from the actual post-analysis broker fill.,26,2026-11-02,False,2026-08-03,6.4800,5.9800,8.3000,ALCISTA FUERTE,10,779.0900,8.4900,73.6000,15.0100,SIDI_INTRADAY_V2: Fund≥6.5 · DD60≥12% · RSI<40 · MACD↑ · Vol↓ · SPY20≤+1% · Abnormal20≤-10%,SIDI_INTRADAY_V2,False
JPM,JPMorgan Chase,Financials,Diversified Banks,1975-06-30,331.2800,332.7300,333.7900,330.9300,331.2800,2026-10-06,2026-10-07,29.5500,29.0500,UP,-1.1007,-1.3963,-1.8172,True,0.2176,5.8491,0.8840,1.7660,349.6100,318.7900,339.3000,-5.2400,3.9200,True,1.1883,NEUTRO,-8.8300,-9.1600,363.3700,364.6800,364.6800,275.0600,-9.1600,20.4400,0.7430,True,True,323.0400,2.0000,341.1400,True,-2.4900,NONE,7.6200,8.5000,9.5000,7.5000,7.0000,6.5000,5.0000,False,False,False,True,True,True,3.5300,5.3000,1.5000,SIDI_INTRADAY_V2,1.8025,-0.5328,0.0730,1.1212,295.0000,XLF,True,14.0152,13.0692,2.4594,4.6667,,0.1779,0.0136,0.3492,0.0000,0.3040,0.4690,,,,63634001920.0000,,869532565504,1.0150,3.8800,1.9900,2658186195,6.8000,10.0000,5.1600,4.9800,,OK,0,7.1300,True,False,False,False,False,False,DD12|SPY20|ABNORMAL20,False,5-10d,XLF,,BAC|WFC|GS,interest_rates|yield_curve|credit_spreads|loan_growth,POST_ANALYSIS_ACTUAL_FILL,LIVE_QUOTE_AT_ANALYSIS,True,1.0000,1.5000,1.0000,-5.0000,7,1.5000,3,SELL_50_PCT_AT_TP1_REST_AT_TP2,MOVE_REMAINDER_TO_BREAK_EVEN,EXIT_AT_OPEN_IF_OPEN_BELOW_SL,SL_FIRST,10,PENDING_ANALYSIS,5.8491,5.8491,8.7736,337.1291,340.0536,314.7160,Indicative levels use the signal close only. Final SL/TP1/TP2 and sizing must be recalculated from the actual post-analysis broker fill.,6,2026-10-13,True,2026-07-14,6.1400,5.8000,5.9000,ALCISTA FUERTE,10,779.0900,8.4900,73.6000,15.0100,SIDI_INTRADAY_V2: Fund≥6.5 · DD60≥12% · RSI<40 · MACD↑ · Vol↓ · SPY20≤+1% · Abnormal20≤-10%,SIDI_INTRADAY_V2,False
CSGP,CoStar Group,Real Estate,Real Estate Services,2022-09-19,27.6300,27.7000,28.2000,27.4600,27.6300,2026-10-06,2026-10-07,24.2000,31.8100,DOWN,-0.0664,-0.1170,-0.2224,True,0.3001,0.9436,0.6790,3.4150,30.2500,39.7000,28.6000,-8.6600,-30.4100,False,-8.8242,BAJISTA,-18.0800,-18.3000,33.7300,33.8200,85.2400,25.8900,-67.5900,6.7200,0.7430,True,True,28.1800,1.0000,31.4600,True,1.9900,HAMMER|BULL_ENGULF|HAMMER|DOJI,7.2500,5.0000,8.5000,7.5000,7.0000,7.0000,9.5000,True,True,True,True,True,True,6.8300,10.2500,1.5000,SIDI_INTRADAY_V2,1.8025,3.1844,-0.4788,1.0434,295.0000,XLRE,True,152.3056,15.4263,1.3991,3.1239,28.1770,0.0089,0.0047,0.0208,0.7868,0.1840,12.6100,14.5370,2.2140,412700000.0000,74000000.0000,5.5770,11108492288,0.7960,2.2200,0.0000,405197588,7.0300,10.0000,5.9100,4.8800,0.0372,OK,0,7.1200,True,False,False,True,False,False,SPY20|ABNORMAL20,True,5-10d,XLRE,,PLD|AMT|EQIX,interest_rates|cap_rates|occupancy_trends,POST_ANALYSIS_ACTUAL_FILL,LIVE_QUOTE_AT_ANALYSIS,True,1.0000,1.5000,1.0000,-5.0000,7,1.5000,3,SELL_50_PCT_AT_TP1_REST_AT_TP2,MOVE_REMAINDER_TO_BREAK_EVEN,EXIT_AT_OPEN_IF_OPEN_BELOW_SL,SL_FIRST,10,PENDING_ANALYSIS,0.9436,0.9436,1.4154,28.5736,29.0454,26.2485,Indicative levels use the signal close only. Final SL/TP1/TP2 and sizing must be recalculated from the actual post-analysis broker fill.,20,2026-10-27,False,2026-07-28,0.3200,0.2900,11.9000,ALCISTA FUERTE,10,779.0900,8.4900,73.6000,15.0100,SIDI_INTRADAY_V2: Fund≥6.5 · DD60≥12% · RSI<40 · MACD↑ · Vol↓ · SPY20≤+1% · Abnormal20≤-10%,SIDI_INTRADAY_V2,False
PLD,Prologis,Real Estate,Industrial REITs,2003-07-17,128.6800,128.2500,129.6900,127.6100,128.6800,2026-10-06,2026-10-07,30.5700,41.1800,DOWN,-0.4247,-0.4864,-0.4253,True,0.1022,1.9986,0.7680,1.5530,137.1500,136.0100,132.5900,-6.1800,-5.3900,True,0.6529,BAJISTA,-13.5700,-15.4200,148.8800,152.1400,152.1400,107.6500,-15.4200,19.5400,1.0340,False,False,,0.0000,145.7100,False,,NONE,6.6500,7.0000,7.5000,5.0000,5.0000,10.0000,5.0000,False,False,True,True,True,False,3.1100,4.6600,1.5000,SIDI_INTRADAY_V2,1.8025,-0.4880,0.1735,1.0559,295.0000,XLRE,True,28.3200,38.2320,2.2158,12.8277,23.7270,0.0775,0.0252,0.4358,0.7555,0.1230,0.8530,63.8230,0.6490,5406941184.0000,4202444032.0000,1.2866,123883331584,1.3240,6.1900,3.3300,950333372,7.4100,10.0000,5.9500,6.1000,0.0436,OK,0,7.1100,True,False,False,False,False,False,VOLUME|SPY20|ABNORMAL20,False,3-7d,XLRE,,AMT|EQIX|SPG,interest_rates|cap_rates|occupancy_trends,POST_ANALYSIS_ACTUAL_FILL,LIVE_QUOTE_AT_ANALYSIS,True,1.0000,1.5000,1.0000,-5.0000,7,1.5000,3,SELL_50_PCT_AT_TP1_REST_AT_TP2,MOVE_REMAINDER_TO_BREAK_EVEN,EXIT_AT_OPEN_IF_OPEN_BELOW_SL,SL_FIRST,10,PENDING_ANALYSIS,1.9986,1.9986,2.9979,130.6786,131.6779,122.2460,Indicative levels use the signal close only. Final SL/TP1/TP2 and sizing must be recalculated from the actual post-analysis broker fill.,8,2026-10-15,False,2026-07-16,1.1100,0.7500,48.3000,ALCISTA FUERTE,10,779.0900,8.4900,73.6000,15.0100,SIDI_INTRADAY_V2: Fund≥6.5 · DD60≥12% · RSI<40 · MACD↑ · Vol↓ · SPY20≤+1% · Abnormal20≤-10%,SIDI_INTRADAY_V2,False
DVA,DaVita,Health Care,Health Care Services,2008-07-31,180.4000,179.8800,181.8200,178.8800,180.4000,2026-10-06,2026-10-07,31.4700,41.2700,DOWN,0.3639,0.1290,-0.2637,True,0.4433,4.9786,0.7810,2.7600,187.2100,170.6900,180.4700,-3.6400,5.6900,True,3.8271,NEUTRO,-25.1300,-27.1100,240.9600,247.4900,247.4900,101.0000,-27.1100,78.6100,0.5330,True,True,176.5900,1.0000,195.7500,True,-2.1100,NONE,7.3000,8.5000,7.5000,7.5000,7.0000,7.0000,5.0000,True,True,True,True,True,True,5.5200,8.2800,1.5000,SIDI_INTRADAY_V2,1.8025,-2.9281,0.2569,0.1800,295.0000,XLV,True,15.1862,10.4886,-15.0301,0.8238,9.2250,0.8848,0.0751,0.0605,0.3236,0.0520,0.5580,1241.9860,1.4670,1042451584.0000,822476032.0000,1.2675,11540783104,0.7950,7.1500,0.0000,64185000,6.9500,6.6700,6.8700,7.3700,0.0903,D/E:1242,1,7.0900,True,False,False,True,False,False,SPY20|ABNORMAL20,True,7-15d,XLV,,UNH|JNJ|LLY,fda_calendar|drug_pricing_policy|patent_cliffs,POST_ANALYSIS_ACTUAL_FILL,LIVE_QUOTE_AT_ANALYSIS,True,1.0000,1.5000,1.0000,-5.0000,7,1.5000,3,SELL_50_PCT_AT_TP1_REST_AT_TP2,MOVE_REMAINDER_TO_BREAK_EVEN,EXIT_AT_OPEN_IF_OPEN_BELOW_SL,SL_FIRST,10,PENDING_ANALYSIS,4.9786,4.9786,7.4679,185.3786,187.8679,171.3800,Indicative levels use the signal close only. Final SL/TP1/TP2 and sizing must be recalculated from the actual post-analysis broker fill.,21,2026-10-28,False,2026-08-04,4.0200,3.8800,3.5000,ALCISTA FUERTE,10,779.0900,8.4900,73.6000,15.0100,SIDI_INTRADAY_V2: Fund≥6.5 · DD60≥12% · RSI<40 · MACD↑ · Vol↓ · SPY20≤+1% · Abnormal20≤-10%,SIDI_INTRADAY_V2,False
VEEV,Veeva Systems,Health Care,Health Care Technology,2026-05-07,283.5000,285.3400,289.8700,282.2600,283.5000,2026-10-06,2026-10-07,66.2500,74.9500,DOWN,-0.1736,-0.2372,0.2097,True,0.8385,8.4550,0.9380,2.9820,254.4600,201.8900,272.9400,11.4100,40.4300,True,1.6664,ALCISTA,-0.7700,-4.3000,285.6900,296.2400,310.5000,148.0500,-8.7000,91.4900,0.7810,True,True,257.8700,1.0000,296.2400,False,-9.0400,NONE,6.5500,10.0000,6.0000,7.5000,4.0000,5.0000,5.0000,False,False,False,False,True,True,5.9600,8.9500,1.5000,SIDI_INTRADAY_V2,1.8025,1.1501,0.2669,0.4311,295.0000,XLV,True,46.1148,27.4422,6.2751,13.1705,36.0910,0.1442,0.0758,0.2934,0.7496,0.1760,0.3950,2.0410,5.4580,1257709824.0000,1014771968.0000,1.2394,45544976384,0.9340,2.8500,0.0000,161908850,7.4500,10.0000,7.7900,4.0800,0.0276,OK,0,7.0900,True,False,False,False,False,False,DD12|RSI40|SPY20|ABNORMAL20,False,10-18d,XLV,,UNH|JNJ|LLY,fda_calendar|drug_pricing_policy|patent_cliffs,POST_ANALYSIS_ACTUAL_FILL,LIVE_QUOTE_AT_ANALYSIS,True,1.0000,1.5000,1.0000,-5.0000,7,1.5000,3,SELL_50_PCT_AT_TP1_REST_AT_TP2,MOVE_REMAINDER_TO_BREAK_EVEN,EXIT_AT_OPEN_IF_OPEN_BELOW_SL,SL_FIRST,10,PENDING_ANALYSIS,8.4550,8.4550,12.6825,291.9550,296.1825,269.3250,Indicative levels use the signal close only. Final SL/TP1/TP2 and sizing must be recalculated from the actual post-analysis broker fill.,49,2026-11-25,False,2026-08-26,2.3500,2.2200,5.8000,ALCISTA FUERTE,10,779.0900,8.4900,73.6000,15.0100,SIDI_INTRADAY_V2: Fund≥6.5 · DD60≥12% · RSI<40 · MACD↑ · Vol↓ · SPY20≤+1% · Abnormal20≤-10%,SIDI_INTRADAY_V2,False
VRT,Vertiv,Industrials,Electrical Components & Equipment,2026-03-23,253.1400,253.1950,256.5000,249.1000,253.1400,2026-10-06,2026-10-07,60.8000,42.3400,UP,1.6505,1.4511,0.5426,True,0.6832,9.0918,0.5700,3.5920,259.3000,265.4900,251.5600,-2.3800,-4.6500,False,2.9358,BAJISTA,-16.8700,-20.1700,304.5000,317.1000,379.7600,147.7200,-33.3400,71.3700,0.7930,True,True,249.3000,2.0000,255.4000,True,-1.5200,HAMMER|DOJI|HAMMER|DOJI,6.9500,5.5000,7.0000,7.5000,8.0000,7.0000,7.0000,False,False,True,False,True,True,7.1800,10.7700,1.5000,SIDI_INTRADAY_V2,1.8025,-10.6297,0.5838,2.0719,295.0000,XLI,True,54.6041,26.2951,19.5283,8.0941,36.4650,0.4394,0.1089,0.1509,0.3804,0.2410,0.5300,70.1660,1.3790,2696537600.0000,1732000000.0000,1.5569,92916891648,2.0480,2.7200,0.1000,384988173,7.1800,10.0000,7.0900,3.9800,0.0290,OK,0,7.0900,True,False,True,False,False,False,RSI40|SPY20,False,3-7d,XLI,,CAT|UNP|HON,pmi_manufacturing|supply_chain|capex_cycle,POST_ANALYSIS_ACTUAL_FILL,LIVE_QUOTE_AT_ANALYSIS,True,1.0000,1.5000,1.0000,-5.0000,7,1.5000,3,SELL_50_PCT_AT_TP1_REST_AT_TP2,MOVE_REMAINDER_TO_BREAK_EVEN,EXIT_AT_OPEN_IF_OPEN_BELOW_SL,SL_FIRST,10,PENDING_ANALYSIS,9.0918,9.0918,13.6377,262.2318,266.7777,240.4830,Indicative levels use the signal close only. Final SL/TP1/TP2 and sizing must be recalculated from the actual post-analysis broker fill.,14,2026-10-21,False,2026-07-29,1.5200,1.4300,6.4000,ALCISTA FUERTE,10,779.0900,8.4900,73.6000,15.0100,SIDI_INTRADAY_V2: Fund≥6.5 · DD60≥12% · RSI<40 · MACD↑ · Vol↓ · SPY20≤+1% · Abnormal20≤-10%,SIDI_INTRADAY_V2,False
GOOGL,Alphabet Inc. (Class A),Communication Services,Interactive Media & Services,2006-04-03,347.6800,347.3700,349.0900,344.6800,347.6800,2026-10-06,2026-10-07,54.2400,58.0800,DOWN,0.3849,0.1313,-0.2950,True,0.6749,8.8643,0.9180,2.5500,345.2000,339.0000,343.8700,0.7200,2.5600,True,0.9631,ALCISTA,-7.8800,-9.5100,377.4100,384.2300,408.1000,235.2300,-14.8100,47.8100,0.6750,False,False,349.4600,3.0000,364.1700,True,0.5100,HAMMER|DOJI,7.0000,10.0000,6.0000,5.0000,9.0000,5.0000,7.0000,False,False,False,False,True,False,5.1000,7.6500,1.5000,SIDI_INTRADAY_V2,1.8025,0.2111,0.7559,1.1454,295.0000,XLC,True,17.2945,22.7263,6.7722,9.4550,23.9570,0.4868,0.1296,0.5477,0.6090,0.2420,2.9400,18.8590,2.7240,22665000960.0000,244118994944.0000,0.0928,4215413932032,1.2110,3.6800,0.2500,5867155790,7.1400,10.0000,7.9600,2.8600,0.0054,FCF/NI:0.09,1,7.0800,True,False,False,False,False,False,DD12|RSI40|VOLUME|SPY20|ABNORMAL20,False,10-18d,XLC,,META|NFLX|DIS,ad_spending_cycle|streaming_competition|regulation,POST_ANALYSIS_ACTUAL_FILL,LIVE_QUOTE_AT_ANALYSIS,True,1.0000,1.5000,1.0000,-5.0000,7,1.5000,3,SELL_50_PCT_AT_TP1_REST_AT_TP2,MOVE_REMAINDER_TO_BREAK_EVEN,EXIT_AT_OPEN_IF_OPEN_BELOW_SL,SL_FIRST,10,PENDING_ANALYSIS,8.8643,8.8643,13.2965,356.5443,360.9764,330.2960,Indicative levels use the signal close only. Final SL/TP1/TP2 and sizing must be recalculated from the actual post-analysis broker fill.,21,2026-10-28,False,2026-07-22,9.1100,2.9000,214.2000,ALCISTA FUERTE,10,779.0900,8.4900,73.6000,15.0100,SIDI_INTRADAY_V2: Fund≥6.5 · DD60≥12% · RSI<40 · MACD↑ · Vol↓ · SPY20≤+1% · Abnormal20≤-10%,SIDI_INTRADAY_V2,False
HIG,Hartford (The),Financials,Property & Casualty Insurance,1957-03-04,126.7900,126.0900,127.9300,125.8300,126.7900,2026-10-06,2026-10-07,30.2500,18.9900,UP,-0.0622,-0.2749,-0.7320,True,0.3440,2.4750,0.9310,1.9520,135.4500,134.7600,129.1200,-6.3900,-5.9200,True,-0.2005,BAJISTA,-12.5800,-12.8200,145.0400,145.4300,145.4300,118.2100,-12.8200,7.2600,0.7210,False,False,125.9500,2.0000,140.2600,True,-0.6600,HAMMER,6.6500,6.5000,8.5000,5.0000,8.0000,5.0000,7.0000,False,False,True,True,True,False,3.9000,5.8600,1.5000,SIDI_INTRADAY_V2,1.8025,1.3205,-0.6776,1.0515,295.0000,XLF,True,9.0131,9.2811,1.7924,1.1768,6.2780,0.2206,0.0385,0.1489,0.3787,0.0810,0.3610,22.3300,1.7720,5507500032.0000,4076999936.0000,1.3509,34496905216,0.4930,2.9500,1.8900,270872002,7.3400,6.5900,7.6800,7.8300,0.1597,OK,0,7.0600,True,False,False,False,False,False,VOLUME|SPY20|ABNORMAL20,False,3-7d,XLF,,JPM|BAC|WFC,interest_rates|yield_curve|credit_spreads|loan_growth,POST_ANALYSIS_ACTUAL_FILL,LIVE_QUOTE_AT_ANALYSIS,True,1.0000,1.5000,1.0000,-5.0000,7,1.5000,3,SELL_50_PCT_AT_TP1_REST_AT_TP2,MOVE_REMAINDER_TO_BREAK_EVEN,EXIT_AT_OPEN_IF_OPEN_BELOW_SL,SL_FIRST,10,PENDING_ANALYSIS,2.4750,2.4750,3.7125,129.2650,130.5025,120.4505,Indicative levels use the signal close only. Final SL/TP1/TP2 and sizing must be recalculated from the actual post-analysis broker fill.,19,2026-10-26,False,2026-07-23,3.4200,3.1400,8.9000,ALCISTA FUERTE,10,779.0900,8.4900,73.6000,15.0100,SIDI_INTRADAY_V2: Fund≥6.5 · DD60≥12% · RSI<40 · MACD↑ · Vol↓ · SPY20≤+1% · Abnormal20≤-10%,SIDI_INTRADAY_V2,False
EBAY,eBay Inc.,Consumer Discretionary,Broadline Retail,2002-07-22,107.0600,106.6100,107.2500,104.7100,107.0600,2026-10-06,2026-10-07,43.3400,54.0300,DOWN,-0.1980,-0.2486,-0.3344,True,0.4235,3.1729,0.9400,2.9640,107.0000,100.8100,107.1300,0.0500,6.2000,True,2.6523,ALCISTA,-8.5600,-8.7100,117.0800,117.2700,118.6200,77.3200,-9.7500,38.4600,0.4960,True,True,105.8000,4.0000,110.1900,True,-1.1800,HAMMER|HAMMER,7.5000,10.0000,6.0000,7.5000,9.0000,5.0000,7.0000,False,False,False,False,True,True,5.9300,8.8900,1.5000,SIDI_INTRADAY_V2,1.8025,1.0562,-0.0860,0.4393,295.0000,XLY,True,22.6337,16.0162,10.2557,3.9842,16.6300,0.4661,0.0915,0.1857,0.7205,0.1480,0.5500,153.0120,1.0190,1579624960.0000,2193999872.0000,0.7200,47841951744,1.3220,4.0300,1.1600,445000000,6.7500,10.0000,5.1900,4.7800,0.0330,FCF/NI:0.72|D/E:153,2,7.0500,True,False,False,False,False,False,DD12|RSI40|SPY20|ABNORMAL20,False,10-18d,XLY,,AMZN|TSLA|HD,consumer_spending|employment_data|interest_rates,POST_ANALYSIS_ACTUAL_FILL,LIVE_QUOTE_AT_ANALYSIS,True,1.0000,1.5000,1.0000,-5.0000,7,1.5000,3,SELL_50_PCT_AT_TP1_REST_AT_TP2,MOVE_REMAINDER_TO_BREAK_EVEN,EXIT_AT_OPEN_IF_OPEN_BELOW_SL,SL_FIRST,10,PENDING_ANALYSIS,3.1729,3.1729,4.7593,110.2329,111.8194,101.7070,Indicative levels use the signal close only. Final SL/TP1/TP2 and sizing must be recalculated from the actual post-analysis broker fill.,28,2026-11-04,False,2026-08-05,1.6000,1.5100,6.2000,ALCISTA FUERTE,10,779.0900,8.4900,73.6000,15.0100,SIDI_INTRADAY_V2: Fund≥6.5 · DD60≥12% · RSI<40 · MACD↑ · Vol↓ · SPY20≤+1% · Abnormal20≤-10%,SIDI_INTRADAY_V2,False
AIZ,Assurant,Financials,Multi-line Insurance,2007-04-10,270.9600,266.1300,271.2800,265.1300,270.9600,2026-10-06,2026-10-07,32.6700,26.1200,UP,-0.2090,-0.7781,-1.5687,True,0.4317,5.8886,1.0220,2.1730,279.5000,249.4700,271.6900,-3.0600,8.6200,True,2.0197,NEUTRO,-9.8700,-10.5800,300.6400,303.0000,303.0000,203.0800,-10.5800,33.4300,0.9930,True,True,271.1300,3.0000,286.9400,True,0.0600,HAMMER|BULL_ENGULF,7.9500,8.5000,8.5000,7.5000,9.0000,5.0000,9.5000,False,True,False,True,True,True,4.3500,6.5200,1.5000,SIDI_INTRADAY_V2,1.8025,-1.5867,-0.2601,0.8132,295.0000,XLF,True,12.8090,11.4187,2.1669,0.9808,7.7940,0.1834,0.0256,0.0790,0.1327,0.0940,0.3050,36.2110,0.3820,2149574912.0000,1054700032.0000,2.0381,13198053376,0.5250,4.1900,1.3000,49323767,6.4300,6.0800,6.1600,7.1600,0.1629,OK,0,7.0400,False,False,False,False,False,False,DD12|FUND65|SPY20|ABNORMAL20,False,7-15d,XLF,,JPM|BAC|WFC,interest_rates|yield_curve|credit_spreads|loan_growth,POST_ANALYSIS_ACTUAL_FILL,LIVE_QUOTE_AT_ANALYSIS,True,1.0000,1.5000,1.0000,-5.0000,7,1.5000,3,SELL_50_PCT_AT_TP1_REST_AT_TP2,MOVE_REMAINDER_TO_BREAK_EVEN,EXIT_AT_OPEN_IF_OPEN_BELOW_SL,SL_FIRST,10,PENDING_ANALYSIS,5.8886,5.8886,8.8329,276.8486,279.7929,257.4120,Indicative levels use the signal close only. Final SL/TP1/TP2 and sizing must be recalculated from the actual post-analysis broker fill.,27,2026-11-03,False,2026-08-04,6.4100,5.1800,23.7000,ALCISTA FUERTE,10,779.0900,8.4900,73.6000,15.0100,SIDI_INTRADAY_V2: Fund≥6.5 · DD60≥12% · RSI<40 · MACD↑ · Vol↓ · SPY20≤+1% · Abnormal20≤-10%,SIDI_INTRADAY_V2,False
GL,Globe Life,Financials,Life & Health Insurance,1989-04-30,166.2800,166.1700,167.7500,165.7900,166.2800,2026-10-06,2026-10-07,20.8200,35.6200,DOWN,-0.1234,-0.2489,-0.4218,True,0.2790,2.7807,0.7360,1.6720,173.9300,157.0300,168.5100,-4.4000,5.8900,True,2.3166,NEUTRO,-10.4300,-13.0200,185.6500,191.1700,191.1700,126.8100,-13.0200,31.1200,1.4130,True,True,168.2100,3.0000,181.6200,True,1.1600,HAMMER|DOJI|BULL_ENGULF|HAMMER|DOJI,8.8800,8.5000,8.5000,9.5000,9.0000,8.5000,9.5000,False,True,False,True,True,True,3.3400,5.0200,1.5000,SIDI_INTRADAY_V2,1.8025,1.1045,-0.0774,0.8755,295.0000,XLF,True,10.8593,9.9121,2.0484,2.0311,9.3740,0.2094,0.0336,0.1958,0.3391,0.0800,0.1970,55.6750,0.7950,1163503360.0000,1212199040.0000,0.9598,12576411648,0.4390,4.9400,0.7900,76849447,5.7900,4.0700,6.1200,7.4300,0.0925,OK,0,7.0300,False,False,False,False,False,False,DD12|FUND65|SPY20|ABNORMAL20,False,5-10d,XLF,,JPM|BAC|WFC,interest_rates|yield_curve|credit_spreads|loan_growth,POST_ANALYSIS_ACTUAL_FILL,LIVE_QUOTE_AT_ANALYSIS,True,1.0000,1.5000,1.0000,-5.0000,7,1.5000,3,SELL_50_PCT_AT_TP1_REST_AT_TP2,MOVE_REMAINDER_TO_BREAK_EVEN,EXIT_AT_OPEN_IF_OPEN_BELOW_SL,SL_FIRST,10,PENDING_ANALYSIS,2.7807,2.7807,4.1711,169.0607,170.4511,157.9660,Indicative levels use the signal close only. Final SL/TP1/TP2 and sizing must be recalculated from the actual post-analysis broker fill.,14,2026-10-21,False,2026-07-22,3.6100,3.6800,-2.0000,ALCISTA FUERTE,10,779.0900,8.4900,73.6000,15.0100,SIDI_INTRADAY_V2: Fund≥6.5 · DD60≥12% · RSI<40 · MACD↑ · Vol↓ · SPY20≤+1% · Abnormal20≤-10%,SIDI_INTRADAY_V2,False
OXY,Occidental Petroleum,Energy,Oil & Gas Exploration & Production,1957-03-04,58.3300,57.5300,58.9200,57.5200,58.3300,2026-10-06,2026-10-07,45.4400,29.1200,UP,-0.0159,-0.1134,-0.4232,True,0.4750,1.4521,0.9200,2.4900,58.3100,53.7800,58.0300,0.0400,8.4500,True,3.4335,ALCISTA,-8.1700,-8.5300,63.5200,63.7700,66.8300,38.2600,-12.7200,52.4400,0.7440,False,False,57.2800,1.0000,58.7200,True,-1.8000,NONE,6.7000,10.0000,7.0000,5.0000,7.0000,5.0000,5.0000,False,False,False,False,True,False,4.9800,7.4700,1.5000,SIDI_INTRADAY_V2,1.8025,-0.6784,-0.3127,1.2699,295.0000,XLE,True,16.4602,14.1825,1.7312,2.4208,5.6650,0.1063,0.0468,0.3032,0.7332,0.5340,9.6490,34.5110,1.4110,3788124928.0000,3399000064.0000,1.1145,57918988288,0.2450,2.9400,1.9200,999637371,7.2400,9.0100,5.4800,7.2300,0.0654,OK,0,7.0200,True,False,False,False,False,False,DD12|RSI40|VOLUME|SPY20|ABNORMAL20,False,10-18d,XLE,,XOM|CVX|COP,oil_price|gas_price|opec_supply|inventories,POST_ANALYSIS_ACTUAL_FILL,LIVE_QUOTE_AT_ANALYSIS,True,1.0000,1.5000,1.0000,-5.0000,7,1.5000,3,SELL_50_PCT_AT_TP1_REST_AT_TP2,MOVE_REMAINDER_TO_BREAK_EVEN,EXIT_AT_OPEN_IF_OPEN_BELOW_SL,SL_FIRST,10,PENDING_ANALYSIS,1.4521,1.4521,2.1782,59.7821,60.5082,55.4135,Indicative levels use the signal close only. Final SL/TP1/TP2 and sizing must be recalculated from the actual post-analysis broker fill.,33,2026-11-09,False,2026-08-05,2.4000,1.8600,29.0000,ALCISTA FUERTE,10,779.0900,8.4900,73.6000,15.0100,SIDI_INTRADAY_V2: Fund≥6.5 · DD60≥12% · RSI<40 · MACD↑ · Vol↓ · SPY20≤+1% · Abnormal20≤-10%,SIDI_INTRADAY_V2,False
FIS,Fidelity National Information Services,Financials,Transaction & Payment Processing Services,2006-11-10,33.4200,33.6600,33.8600,33.2300,33.4200,2026-10-06,2026-10-07,27.4000,18.7400,UP,-0.0610,-0.1379,-0.2441,True,0.2479,0.9421,0.6600,2.8190,39.2500,45.4900,35.2900,-14.8600,-26.5400,False,-5.8035,BAJISTA,-27.7800,-28.0700,46.2800,46.4600,66.6000,32.1000,-49.8200,4.1100,0.8930,False,False,,0.0000,43.3200,False,,NONE,6.2800,5.0000,9.5000,5.0000,4.0000,8.5000,5.0000,False,False,True,True,True,False,5.6400,8.4600,1.5000,SIDI_INTRADAY_V2,1.8025,0.7550,-0.6630,1.5657,295.0000,XLF,True,5.2097,5.0637,1.0912,1.4369,10.7120,0.2235,0.0428,0.2765,0.3584,0.2910,,132.5100,0.5350,2653125120.0000,3372999936.0000,0.7866,17529956352,0.8280,3.2800,5.2700,516879151,7.4800,7.5000,5.7300,9.4900,0.1513,OK,0,7.0000,True,False,False,False,False,False,VOLUME|SPY20|ABNORMAL20,False,3-7d,XLF,,JPM|BAC|WFC,interest_rates|yield_curve|credit_spreads|loan_growth,POST_ANALYSIS_ACTUAL_FILL,LIVE_QUOTE_AT_ANALYSIS,True,1.0000,1.5000,1.0000,-5.0000,7,1.5000,3,SELL_50_PCT_AT_TP1_REST_AT_TP2,MOVE_REMAINDER_TO_BREAK_EVEN,EXIT_AT_OPEN_IF_OPEN_BELOW_SL,SL_FIRST,10,PENDING_ANALYSIS,0.9421,0.9421,1.4132,34.3621,34.8332,31.7490,Indicative levels use the signal close only. Final SL/TP1/TP2 and sizing must be recalculated from the actual post-analysis broker fill.,28,2026-11-04,False,2026-08-04,1.4800,1.4700,54.0000,ALCISTA FUERTE,10,779.0900,8.4900,73.6000,15.0100,SIDI_INTRADAY_V2: Fund≥6.5 · DD60≥12% · RSI<40 · MACD↑ · Vol↓ · SPY20≤+1% · Abnormal20≤-10%,SIDI_INTRADAY_V2,False
TRV,Travelers Companies (The),Financials,Property & Casualty Insurance,2002-08-21,360.6400,360.0400,363.0200,359.4600,360.6400,2026-10-06,2026-10-07,24.5800,46.6800,DOWN,-0.9605,-1.1468,-1.4914,True,0.2850,6.2793,0.8070,1.7410,369.7100,318.8600,364.6100,-2.4500,13.1000,True,2.7105,NEUTRO,-8.9000,-9.2400,395.8700,397.3400,397.3400,248.4600,-9.2400,45.1500,0.7140,True,True,358.1500,2.0000,383.9900,True,-0.6900,HAMMER,7.6200,8.5000,8.5000,7.5000,7.0000,6.5000,7.0000,False,False,False,True,True,True,3.4800,5.2200,1.5000,SIDI_INTRADAY_V2,1.8025,2.9793,-0.6268,0.9104,295.0000,XLF,True,9.6930,11.8995,2.2728,1.5367,6.9010,0.2651,0.0478,0.1695,0.3473,0.0030,0.5710,27.3780,0.3230,14775124992.0000,8242999808.0000,1.7924,75268464640,0.4370,4.2100,1.3900,208575022,6.5800,5.0000,7.3200,7.5700,0.1963,OK,0,7.0000,True,False,False,False,False,False,DD12|SPY20|ABNORMAL20,False,5-10d,XLF,,JPM|BAC|WFC,interest_rates|yield_curve|credit_spreads|loan_growth,POST_ANALYSIS_ACTUAL_FILL,LIVE_QUOTE_AT_ANALYSIS,True,1.0000,1.5000,1.0000,-5.0000,7,1.5000,3,SELL_50_PCT_AT_TP1_REST_AT_TP2,MOVE_REMAINDER_TO_BREAK_EVEN,EXIT_AT_OPEN_IF_OPEN_BELOW_SL,SL_FIRST,10,PENDING_ANALYSIS,6.2793,6.2793,9.4190,366.9193,370.0589,342.6080,Indicative levels use the signal close only. Final SL/TP1/TP2 and sizing must be recalculated from the actual post-analysis broker fill.,9,2026-10-16,False,2026-07-17,10.0400,5.3900,86.1000,ALCISTA FUERTE,10,779.0900,8.4900,73.6000,15.0100,SIDI_INTRADAY_V2: Fund≥6.5 · DD60≥12% · RSI<40 · MACD↑ · Vol↓ · SPY20≤+1% · Abnormal20≤-10%,SIDI_INTRADAY_V2,False
COP,ConocoPhillips,Energy,Oil & Gas Exploration & Production,1957-03-04,129.3500,128.1900,130.0700,127.7800,129.3500,2026-10-06,2026-10-07,42.6300,32.2700,UP,-0.4417,-0.7139,-1.1771,True,0.4356,2.9171,0.9010,2.2550,128.2200,115.7200,129.0600,0.8800,11.7700,True,3.6967,ALCISTA,-8.4100,-8.6600,141.2200,141.6200,141.6200,82.9500,-8.6600,55.9300,0.8430,True,True,125.6600,5.0000,135.8800,True,-2.8600,NONE,7.5000,10.0000,7.0000,7.5000,9.0000,5.0000,5.0000,False,False,False,False,True,True,4.5100,6.7700,1.5000,SIDI_INTRADAY_V2,1.8025,-2.9854,-0.3430,1.0838,295.0000,XLE,True,17.1139,12.8652,2.3753,2.4081,6.3850,0.1418,0.0753,0.1440,0.4757,0.3550,1.0700,35.6390,1.5420,7691375104.0000,9253000192.0000,0.8312,155224817664,0.2440,2.5100,2.6000,1201337479,6.6500,7.5000,5.8700,6.5700,0.0495,OK,0,6.9900,True,False,False,False,False,False,DD12|RSI40|SPY20|ABNORMAL20,False,10-18d,XLE,,XOM|CVX|SLB,oil_price|gas_price|opec_supply|inventories,POST_ANALYSIS_ACTUAL_FILL,LIVE_QUOTE_AT_ANALYSIS,True,1.0000,1.5000,1.0000,-5.0000,7,1.5000,3,SELL_50_PCT_AT_TP1_REST_AT_TP2,MOVE_REMAINDER_TO_BREAK_EVEN,EXIT_AT_OPEN_IF_OPEN_BELOW_SL,SL_FIRST,10,PENDING_ANALYSIS,2.9171,2.9171,4.3757,132.2671,133.7257,122.8825,Indicative levels use the signal close only. Final SL/TP1/TP2 and sizing must be recalculated from the actual post-analysis broker fill.,29,2026-11-05,False,2026-08-06,3.2400,2.9300,10.6000,ALCISTA FUERTE,10,779.0900,8.4900,73.6000,15.0100,SIDI_INTRADAY_V2: Fund≥6.5 · DD60≥12% · RSI<40 · MACD↑ · Vol↓ · SPY20≤+1% · Abnormal20≤-10%,SIDI_INTRADAY_V2,False
INVH,Invitation Homes,Real Estate,Single-Family Residential REITs,2022-09-19,26.3900,26.1000,26.5850,26.0600,26.3900,2026-10-06,2026-10-07,37.7600,21.1800,UP,0.0336,0.0066,0.0162,True,0.3030,0.3988,0.8210,1.5110,28.3600,27.2600,26.8700,-6.9500,-3.2000,True,0.2179,BAJISTA,-12.5000,-13.6100,30.1600,30.5500,30.5500,23.4500,-13.6100,12.5300,0.8040,False,False,,0.0000,29.0700,False,,NONE,6.1000,7.0000,8.5000,5.0000,5.0000,5.0000,5.0000,False,False,True,True,True,False,3.0200,4.5300,1.5000,SIDI_INTRADAY_V2,1.8025,-1.7364,-0.1648,0.9418,295.0000,XLRE,True,24.1101,36.9677,1.7142,5.4500,16.0610,0.0705,0.0248,0.2320,0.5626,0.1010,0.6050,94.4250,0.4300,1168785536.0000,658753984.0000,1.7742,15521579008,0.8330,3.7600,4.5500,590623226,7.5900,10.0000,5.3800,7.3600,0.0753,D/E:94,1,6.9900,True,False,False,False,False,False,VOLUME|SPY20|ABNORMAL20,False,3-7d,XLRE,,PLD|AMT|EQIX,interest_rates|cap_rates|occupancy_trends,POST_ANALYSIS_ACTUAL_FILL,LIVE_QUOTE_AT_ANALYSIS,True,1.0000,1.5000,1.0000,-5.0000,7,1.5000,3,SELL_50_PCT_AT_TP1_REST_AT_TP2,MOVE_REMAINDER_TO_BREAK_EVEN,EXIT_AT_OPEN_IF_OPEN_BELOW_SL,SL_FIRST,10,PENDING_ANALYSIS,0.3988,0.3988,0.5982,26.7888,26.9882,25.0705,Indicative levels use the signal close only. Final SL/TP1/TP2 and sizing must be recalculated from the actual post-analysis broker fill.,21,2026-10-28,False,2026-07-29,0.1500,0.1400,9.8000,ALCISTA FUERTE,10,779.0900,8.4900,73.6000,15.0100,SIDI_INTRADAY_V2: Fund≥6.5 · DD60≥12% · RSI<40 · MACD↑ · Vol↓ · SPY20≤+1% · Abnormal20≤-10%,SIDI_INTRADAY_V2,False
MNST,Monster Beverage,Consumer Staples,Soft Drinks & Non-alcoholic Beverages,2012-06-28,43.2500,43.2500,43.4700,42.8800,43.2500,2026-10-06,2026-10-07,40.4600,41.5400,DOWN,0.1068,0.0538,-0.1380,True,0.4753,0.9736,0.9040,2.2510,45.3300,42.4600,43.4700,-4.5900,1.8700,True,1.5261,NEUTRO,-13.4500,-13.7900,49.9700,50.1700,50.1700,32.9400,-13.7900,31.3000,0.7280,True,True,42.1900,1.0000,44.8000,True,-2.4500,HAMMER|DOJI,6.9000,8.5000,6.0000,7.5000,7.0000,5.0000,7.0000,False,False,True,False,True,True,4.5000,6.7500,1.5000,SIDI_INTRADAY_V2,1.8025,0.3389,0.5249,0.8712,295.0000,XLP,True,39.4583,32.5514,8.9153,9.0558,27.7510,0.2570,0.1748,0.2308,0.5555,0.2020,0.1800,0.9920,3.7290,1681231104.0000,2127670016.0000,0.7902,83484991488,0.4920,4.3500,0.0000,1959051764,7.0500,9.0000,8.2000,3.4200,0.0201,OK,0,6.9900,True,False,False,False,False,False,RSI40|SPY20|ABNORMAL20,False,7-15d,XLP,,PG|KO|PEP,inflation|input_costs|fx_rates,POST_ANALYSIS_ACTUAL_FILL,LIVE_QUOTE_AT_ANALYSIS,True,1.0000,1.5000,1.0000,-5.0000,7,1.5000,3,SELL_50_PCT_AT_TP1_REST_AT_TP2,MOVE_REMAINDER_TO_BREAK_EVEN,EXIT_AT_OPEN_IF_OPEN_BELOW_SL,SL_FIRST,10,PENDING_ANALYSIS,0.9736,0.9736,1.4604,44.2236,44.7104,41.0875,Indicative levels use the signal close only. Final SL/TP1/TP2 and sizing must be recalculated from the actual post-analysis broker fill.,29,2026-11-05,False,2026-08-06,0.3000,0.2900,1.8000,ALCISTA FUERTE,10,779.0900,8.4900,73.6000,15.0100,SIDI_INTRADAY_V2: Fund≥6.5 · DD60≥12% · RSI<40 · MACD↑ · Vol↓ · SPY20≤+1% · Abnormal20≤-10%,SIDI_INTRADAY_V2,False
PLTR,Palantir Technologies,Information Technology,Application Software,2024-09-23,192.0700,191.0450,194.5600,190.2200,192.0700,2026-10-06,2026-10-07,78.1000,73.2400,UP,0.0014,-0.0510,0.2214,True,0.7794,5.5512,0.7460,2.8900,172.3200,152.1900,184.1100,11.4600,26.2100,True,0.5284,ALCISTA,-0.2700,-1.3900,192.5900,194.7800,207.5200,106.3700,-7.4500,80.5700,0.7940,True,True,131.6300,1.0000,188.3700,False,-31.4700,HAMMER|DOJI,7.2500,10.0000,7.0000,7.5000,4.0000,7.0000,7.0000,False,False,False,False,True,True,5.7800,8.6700,1.5000,SIDI_INTRADAY_V2,1.8025,8.6766,1.2242,0.3184,295.0000,XLK,True,164.5517,81.4279,46.9223,74.5127,169.9330,0.3810,0.1729,0.4901,0.8480,0.9280,2.1540,2.1390,7.2280,2159104512.0000,3016691968.0000,0.7157,458695802880,1.6020,2.0800,0.0000,2300713329,6.8100,10.0000,8.0000,1.6800,0.0047,FCF/NI:0.72,1,6.9900,True,False,False,False,False,False,DD12|RSI40|SPY20|ABNORMAL20,False,10-18d,XLK,,AAPL|MSFT|NVDA,interest_rates|ai_capex_cycle|semiconductor_cycle,POST_ANALYSIS_ACTUAL_FILL,LIVE_QUOTE_AT_ANALYSIS,True,1.0000,1.5000,1.0000,-5.0000,7,1.5000,3,SELL_50_PCT_AT_TP1_REST_AT_TP2,MOVE_REMAINDER_TO_BREAK_EVEN,EXIT_AT_OPEN_IF_OPEN_BELOW_SL,SL_FIRST,10,PENDING_ANALYSIS,5.5512,5.5512,8.3268,197.6212,200.3968,182.4665,Indicative levels use the signal close only. Final SL/TP1/TP2 and sizing must be recalculated from the actual post-analysis broker fill.,26,2026-11-02,False,2026-08-03,0.4100,0.3500,18.5000,ALCISTA FUERTE,10,779.0900,8.4900,73.6000,15.0100,SIDI_INTRADAY_V2: Fund≥6.5 · DD60≥12% · RSI<40 · MACD↑ · Vol↓ · SPY20≤+1% · Abnormal20≤-10%,SIDI_INTRADAY_V2,False
REG,Regency Centers,Real Estate,Retail REITs,2017-03-02,71.4200,71.2300,71.8600,71.0700,71.4200,2026-10-06,2026-10-07,29.2800,28.4900,UP,-0.0813,-0.0886,-0.0502,True,0.1177,0.9229,0.7840,1.2920,75.0100,75.0400,72.9400,-4.7900,-4.8200,False,0.8681,BAJISTA,-12.7400,-13.7700,81.8500,82.8200,82.8200,64.4400,-13.7700,10.8200,0.8150,True,True,,0.0000,78.0300,False,,NONE,7.2500,5.5000,9.5000,7.5000,5.0000,10.0000,5.0000,True,False,True,True,True,True,2.5800,3.8800,1.5000,SIDI_INTRADAY_V2,1.8025,-0.0441,-0.2249,0.7801,295.0000,XLRE,True,24.0320,28.3873,1.9610,7.9169,17.2670,0.0819,0.0323,0.3300,0.7154,0.0890,0.0890,71.9720,0.9640,743363968.0000,542515008.0000,1.3702,13344180224,0.8230,5.2300,4.2300,183120547,6.8100,7.2200,6.0100,7.2800,0.0557,OK,0,6.9900,True,False,False,True,False,False,SPY20|ABNORMAL20,False,3-7d,XLRE,,PLD|AMT|EQIX,interest_rates|cap_rates|occupancy_trends,POST_ANALYSIS_ACTUAL_FILL,LIVE_QUOTE_AT_ANALYSIS,True,1.0000,1.5000,1.0000,-5.0000,7,1.5000,3,SELL_50_PCT_AT_TP1_REST_AT_TP2,MOVE_REMAINDER_TO_BREAK_EVEN,EXIT_AT_OPEN_IF_OPEN_BELOW_SL,SL_FIRST,10,PENDING_ANALYSIS,0.9229,0.9229,1.3843,72.3429,72.8043,67.8490,Indicative levels use the signal close only. Final SL/TP1/TP2 and sizing must be recalculated from the actual post-analysis broker fill.,29,2026-11-05,False,2026-07-29,0.6100,0.5900,3.6000,ALCISTA FUERTE,10,779.0900,8.4900,73.6000,15.0100,SIDI_INTRADAY_V2: Fund≥6.5 · DD60≥12% · RSI<40 · MACD↑ · Vol↓ · SPY20≤+1% · Abnormal20≤-10%,SIDI_INTRADAY_V2,False
GS,Goldman Sachs,Financials,Investment Banking & Brokerage,2002-07-22,897.1800,901.5700,905.9400,896.0000,897.1800,2026-10-06,2026-10-07,36.0400,24.1200,UP,-3.0128,-4.0559,-5.6114,True,0.2261,20.3229,0.6800,2.2650,994.8900,952.4600,938.9500,-9.8200,-5.8000,True,1.2641,BAJISTA,-21.7400,-21.8700,1146.4600,1148.3700,1148.3700,725.7400,-21.8700,23.6200,0.9290,True,True,890.6900,1.0000,1058.0500,True,-0.7200,NONE,7.5800,7.0000,8.5000,7.5000,8.0000,8.5000,5.0000,True,True,True,True,True,True,4.5300,6.8000,1.5000,SIDI_INTRADAY_V2,1.8025,-14.2156,1.3536,0.5147,295.0000,XLF,True,13.4636,12.0156,2.4079,3.7566,,0.1690,0.0107,0.3104,0.8208,0.4250,0.9230,725.3810,1.5630,,19982000128.0000,,253834493952,1.2840,3.7800,2.2300,291171408,6.5800,10.0000,4.4900,5.0400,,D/E:725,1,6.9800,True,False,True,True,False,False,SPY20,False,3-7d,XLF,,JPM|BAC|WFC,interest_rates|yield_curve|credit_spreads|loan_growth,POST_ANALYSIS_ACTUAL_FILL,LIVE_QUOTE_AT_ANALYSIS,True,1.0000,1.5000,1.0000,-5.0000,7,1.5000,3,SELL_50_PCT_AT_TP1_REST_AT_TP2,MOVE_REMAINDER_TO_BREAK_EVEN,EXIT_AT_OPEN_IF_OPEN_BELOW_SL,SL_FIRST,10,PENDING_ANALYSIS,20.3229,20.3229,30.4843,917.5029,927.6643,852.3210,Indicative levels use the signal close only. Final SL/TP1/TP2 and sizing must be recalculated from the actual post-analysis broker fill.,6,2026-10-13,True,2026-07-14,20.9800,14.5400,44.3000,ALCISTA FUERTE,10,779.0900,8.4900,73.6000,15.0100,SIDI_INTRADAY_V2: Fund≥6.5 · DD60≥12% · RSI<40 · MACD↑ · Vol↓ · SPY20≤+1% · Abnormal20≤-10%,SIDI_INTRADAY_V2,False
KEYS,Keysight Technologies,Information Technology,Electronic Equipment & Instruments,2018-11-06,388.0300,387.4950,389.9300,384.0700,388.0300,2026-10-06,2026-10-07,95.9900,65.4800,UP,4.4598,4.5063,3.8781,False,0.9185,9.9141,0.8090,2.5550,336.9000,304.3700,356.6200,15.1800,27.4800,True,5.2083,ALCISTA,0.0000,-0.4900,388.0300,389.9300,389.9300,158.7900,-0.4900,144.3700,1.3570,True,True,328.2500,6.0000,,False,-15.4100,HAMMER|DOJI,7.4500,10.0000,6.0000,9.5000,6.0000,5.0000,7.0000,False,False,False,False,False,True,5.1100,7.6600,1.5000,SIDI_INTRADAY_V2,1.8025,10.2399,-0.1645,1.0603,295.0000,XLK,True,50.9026,26.9964,9.7491,9.7297,38.9990,0.2090,0.0723,0.1914,0.6328,0.3650,1.0910,42.0940,2.0240,1867124992.0000,1279000064.0000,1.4598,64040972288,1.1770,1.6800,0.0000,170244745,6.6600,9.1800,5.9500,4.5500,0.0292,OK,0,6.9800,True,False,False,False,False,False,DD12|RSI40|MACD|SPY20|ABNORMAL20,False,10-18d,XLK,,AAPL|MSFT|NVDA,interest_rates|ai_capex_cycle|semiconductor_cycle,POST_ANALYSIS_ACTUAL_FILL,LIVE_QUOTE_AT_ANALYSIS,True,1.0000,1.5000,1.0000,-5.0000,7,1.5000,3,SELL_50_PCT_AT_TP1_REST_AT_TP2,MOVE_REMAINDER_TO_BREAK_EVEN,EXIT_AT_OPEN_IF_OPEN_BELOW_SL,SL_FIRST,10,PENDING_ANALYSIS,9.9141,9.9141,14.8712,397.9441,402.9011,368.6285,Indicative levels use the signal close only. Final SL/TP1/TP2 and sizing must be recalculated from the actual post-analysis broker fill.,48,2026-11-24,False,2026-08-18,3.0700,2.4800,23.7000,ALCISTA FUERTE,10,779.0900,8.4900,73.6000,15.0100,SIDI_INTRADAY_V2: Fund≥6.5 · DD60≥12% · RSI<40 · MACD↑ · Vol↓ · SPY20≤+1% · Abnormal20≤-10%,SIDI_INTRADAY_V2,False
NFLX,Netflix,Communication Services,Movies & Entertainment,2010-12-20,68.6900,67.5100,68.7800,67.3100,68.6900,2026-10-06,2026-10-07,27.2700,35.9200,DOWN,-0.4889,-0.6667,-0.7383,True,0.2491,1.8014,0.7710,2.6230,75.4800,83.8000,71.8200,-8.9900,-18.0400,False,-3.3361,BAJISTA,-16.9700,-17.8300,82.7300,83.6000,124.8600,65.0800,-44.9900,5.5500,0.9820,False,False,65.0800,1.0000,78.4400,False,-5.2600,NONE,6.0700,5.0000,8.5000,5.0000,4.0000,8.5000,5.0000,False,False,True,True,True,False,5.2500,7.8700,1.5000,SIDI_INTRADAY_V2,1.8025,-9.0457,-0.5723,1.1225,295.0000,XLC,True,21.6305,18.0674,9.4994,5.9213,19.9330,0.4954,0.1608,0.2822,0.4912,0.1340,0.1110,55.2360,1.1420,25387552768.0000,13649642496.0000,1.8599,286416601088,1.6130,3.4400,0.0000,4163939676,7.5800,8.2200,7.8400,6.5100,0.0886,OK,0,6.9800,True,False,False,False,False,False,VOLUME|SPY20|ABNORMAL20,False,3-7d,XLC,,GOOGL|META|DIS,ad_spending_cycle|streaming_competition|regulation,POST_ANALYSIS_ACTUAL_FILL,LIVE_QUOTE_AT_ANALYSIS,True,1.0000,1.5000,1.0000,-5.0000,7,1.5000,3,SELL_50_PCT_AT_TP1_REST_AT_TP2,MOVE_REMAINDER_TO_BREAK_EVEN,EXIT_AT_OPEN_IF_OPEN_BELOW_SL,SL_FIRST,10,PENDING_ANALYSIS,1.8014,1.8014,2.7021,70.4914,71.3921,65.2555,Indicative levels use the signal close only. Final SL/TP1/TP2 and sizing must be recalculated from the actual post-analysis broker fill.,13,2026-10-20,False,2026-07-16,0.8000,0.7900,1.4000,ALCISTA FUERTE,10,779.0900,8.4900,73.6000,15.0100,SIDI_INTRADAY_V2: Fund≥6.5 · DD60≥12% · RSI<40 · MACD↑ · Vol↓ · SPY20≤+1% · Abnormal20≤-10%,SIDI_INTRADAY_V2,False
TROW,T. Rowe Price,Financials,Asset Management & Custody Banks,2019-07-29,103.6000,104.1800,104.5500,103.1900,103.6000,2026-10-06,2026-10-07,55.2200,41.3700,UP,0.2100,0.2625,0.3152,False,0.2844,1.9950,0.8130,1.9260,108.6000,101.5900,105.1500,-4.6000,1.9800,True,0.6495,NEUTRO,-13.8000,-14.0300,120.1800,120.5000,120.5000,83.1700,-14.0300,24.5600,0.7530,False,False,103.7400,2.0000,120.0900,True,0.1400,HAMMER,6.6200,8.5000,6.0000,5.0000,7.0000,6.5000,7.0000,False,False,True,False,False,False,3.8500,5.7800,1.5000,SIDI_INTRADAY_V2,1.8025,-2.9843,0.4091,0.6095,295.0000,XLF,True,10.3594,9.9939,2.0004,2.8991,6.9120,0.1940,0.1066,0.2926,0.5161,0.1070,0.2860,3.7020,4.0390,2023912448.0000,2167300096.0000,0.9338,22009929728,1.4710,20.7000,5.0200,213315850,7.2200,6.1200,8.0700,7.5200,0.0920,OK,0,6.9800,True,False,False,False,False,False,RSI40|MACD|VOLUME|SPY20|ABNORMAL20,False,7-15d,XLF,,JPM|BAC|WFC,interest_rates|yield_curve|credit_spreads|loan_growth,POST_ANALYSIS_ACTUAL_FILL,LIVE_QUOTE_AT_ANALYSIS,True,1.0000,1.5000,1.0000,-5.0000,7,1.5000,3,SELL_50_PCT_AT_TP1_REST_AT_TP2,MOVE_REMAINDER_TO_BREAK_EVEN,EXIT_AT_OPEN_IF_OPEN_BELOW_SL,SL_FIRST,10,PENDING_ANALYSIS,1.9950,1.9950,2.9925,105.5950,106.5925,98.4200,Indicative levels use the signal close only. Final SL/TP1/TP2 and sizing must be recalculated from the actual post-analysis broker fill.,22,2026-10-29,False,2026-07-31,2.5700,2.5200,2.0000,ALCISTA FUERTE,10,779.0900,8.4900,73.6000,15.0100,SIDI_INTRADAY_V2: Fund≥6.5 · DD60≥12% · RSI<40 · MACD↑ · Vol↓ · SPY20≤+1% · Abnormal20≤-10%,SIDI_INTRADAY_V2,False
WELL,Welltower,Real Estate,Health Care REITs,2009-01-30,225.7800,223.9400,227.2200,222.2200,225.7800,2026-10-06,2026-10-07,36.3500,43.9800,DOWN,-0.7146,-0.7270,-0.4359,True,0.0821,4.7271,0.9340,2.0940,234.4600,213.3100,230.9300,-3.7000,5.8400,True,1.6883,NEUTRO,-10.0900,-11.1900,251.1200,254.2400,254.2400,161.3700,-11.1900,39.9100,0.8270,True,True,226.7400,3.0000,237.7700,True,0.4200,NONE,7.7500,8.5000,7.5000,7.5000,9.0000,8.0000,5.0000,False,False,False,True,True,True,4.1900,6.2800,1.5000,SIDI_INTRADAY_V2,1.8025,0.7156,-0.3843,1.2138,295.0000,XLRE,True,100.3314,70.3582,3.4654,12.6316,54.4020,0.0384,0.0083,0.1215,0.3956,0.3910,0.3560,41.3750,1.3170,2756164352.0000,1550674048.0000,1.7774,161220067328,0.7470,7.2400,1.5100,720572011,6.4600,10.0000,5.9600,2.9300,0.0171,OK,0,6.9800,False,False,False,False,False,False,DD12|FUND65|SPY20|ABNORMAL20,False,7-15d,XLRE,,PLD|AMT|EQIX,interest_rates|cap_rates|occupancy_trends,POST_ANALYSIS_ACTUAL_FILL,LIVE_QUOTE_AT_ANALYSIS,True,1.0000,1.5000,1.0000,-5.0000,7,1.5000,3,SELL_50_PCT_AT_TP1_REST_AT_TP2,MOVE_REMAINDER_TO_BREAK_EVEN,EXIT_AT_OPEN_IF_OPEN_BELOW_SL,SL_FIRST,10,PENDING_ANALYSIS,4.7271,4.7271,7.0907,230.5071,232.8707,214.4910,Indicative levels use the signal close only. Final SL/TP1/TP2 and sizing must be recalculated from the actual post-analysis broker fill.,19,2026-10-26,False,2026-07-27,0.5400,0.6500,-16.9000,ALCISTA FUERTE,10,779.0900,8.4900,73.6000,15.0100,SIDI_INTRADAY_V2: Fund≥6.5 · DD60≥12% · RSI<40 · MACD↑ · Vol↓ · SPY20≤+1% · Abnormal20≤-10%,SIDI_INTRADAY_V2,False
HSY,Hershey Company (The),Consumer Staples,Packaged Foods & Meats,1957-03-04,160.8000,160.8300,161.8400,159.5300,160.8000,2026-10-06,2026-10-07,26.0200,23.8100,UP,-0.4157,-0.6120,-0.9893,True,0.2118,3.1300,0.7830,1.9470,175.2000,188.4100,166.2100,-8.2200,-14.6500,False,-0.6998,BAJISTA,-15.3400,-15.5700,189.9400,190.4600,235.8000,156.1600,-31.8100,2.9700,0.9040,False,False,,0.0000,177.2400,False,,HAMMER|DOJI,6.4800,5.0000,9.5000,5.0000,4.0000,8.5000,7.0000,False,False,True,True,True,False,3.8900,5.8400,1.5000,SIDI_INTRADAY_V2,1.8025,-1.6007,-0.1222,1.1997,295.0000,XLP,True,21.9372,16.2874,7.0712,2.6525,13.7570,0.3281,0.0992,0.1224,0.3838,0.0660,6.3100,129.8210,1.1800,1743636352.0000,1489106944.0000,1.1709,32264642560,0.0890,7.6300,3.6100,146312143,7.2800,8.4600,6.5800,6.7300,0.0540,D/E:130,1,6.9600,True,False,False,False,False,False,VOLUME|SPY20|ABNORMAL20,False,3-7d,XLP,,PG|KO|PEP,inflation|input_costs|fx_rates,POST_ANALYSIS_ACTUAL_FILL,LIVE_QUOTE_AT_ANALYSIS,True,1.0000,1.5000,1.0000,-5.0000,7,1.5000,3,SELL_50_PCT_AT_TP1_REST_AT_TP2,MOVE_REMAINDER_TO_BREAK_EVEN,EXIT_AT_OPEN_IF_OPEN_BELOW_SL,SL_FIRST,10,PENDING_ANALYSIS,3.1300,3.1300,4.6950,163.9300,165.4950,152.7600,Indicative levels use the signal close only. Final SL/TP1/TP2 and sizing must be recalculated from the actual post-analysis broker fill.,29,2026-11-05,False,2026-07-30,1.9000,1.4300,33.1000,ALCISTA FUERTE,10,779.0900,8.4900,73.6000,15.0100,SIDI_INTRADAY_V2: Fund≥6.5 · DD60≥12% · RSI<40 · MACD↑ · Vol↓ · SPY20≤+1% · Abnormal20≤-10%,SIDI_INTRADAY_V2,False
MS,Morgan Stanley,Financials,Investment Banking & Brokerage,1993-07-29,191.0200,191.0100,193.1400,190.5500,191.0200,2026-10-06,2026-10-07,28.8400,18.0100,UP,-0.7358,-1.0683,-1.6294,True,0.2479,4.0986,0.7300,2.1460,208.4200,192.6700,198.1500,-8.3500,-0.8600,True,1.6349,BAJISTA,-15.9600,-17.3000,227.3000,230.9800,230.9800,148.4700,-17.3000,28.6600,0.8590,False,False,184.3400,2.0000,218.2400,True,-3.5000,HAMMER|HAMMER|DOJI,7.4800,7.0000,9.5000,5.0000,8.0000,8.5000,7.0000,False,False,True,True,True,False,4.2900,6.4400,1.5000,SIDI_INTRADAY_V2,1.8025,-11.8346,0.9390,0.7043,295.0000,XLF,True,15.0872,13.7687,2.7548,3.7692,,0.1797,0.0135,0.2590,0.8764,0.2800,0.6240,517.2820,1.9990,,19547000832.0000,,293350375424,1.2140,3.4800,2.4100,1570566292,6.6200,10.0000,4.7500,4.8500,,D/E:517,1,6.9600,True,False,True,False,False,False,VOLUME|SPY20,False,5-10d,XLF,,JPM|BAC|WFC,interest_rates|yield_curve|credit_spreads|loan_growth,POST_ANALYSIS_ACTUAL_FILL,LIVE_QUOTE_AT_ANALYSIS,True,1.0000,1.5000,1.0000,-5.0000,7,1.5000,3,SELL_50_PCT_AT_TP1_REST_AT_TP2,MOVE_REMAINDER_TO_BREAK_EVEN,EXIT_AT_OPEN_IF_OPEN_BELOW_SL,SL_FIRST,10,PENDING_ANALYSIS,4.0986,4.0986,6.1479,195.1186,197.1679,181.4690,Indicative levels use the signal close only. Final SL/TP1/TP2 and sizing must be recalculated from the actual post-analysis broker fill.,7,2026-10-14,True,2026-07-15,3.4600,2.9300,17.9000,ALCISTA FUERTE,10,779.0900,8.4900,73.6000,15.0100,SIDI_INTRADAY_V2: Fund≥6.5 · DD60≥12% · RSI<40 · MACD↑ · Vol↓ · SPY20≤+1% · Abnormal20≤-10%,SIDI_INTRADAY_V2,False
ABNB,Airbnb,Consumer Discretionary,"Hotels, Resorts & Cruise Lines",2023-09-18,160.3900,164.3200,164.8900,159.0700,160.3900,2026-10-06,2026-10-07,41.3300,33.3400,UP,0.2932,0.2143,-0.7511,True,0.4049,5.4068,1.0310,3.3710,170.4100,143.7800,163.6600,-5.8800,11.5500,True,2.9196,NEUTRO,-15.8100,-17.0900,190.5000,193.4500,193.4500,110.8100,-17.0900,44.7400,0.6960,True,True,141.2400,1.0000,187.1200,False,-11.9400,NONE,6.4500,8.5000,7.0000,7.5000,4.0000,5.0000,5.0000,False,False,True,False,True,True,6.7400,10.1100,1.5000,SIDI_INTRADAY_V2,1.8025,-10.9300,-0.2913,1.1282,295.0000,XLY,True,36.2859,25.7393,12.0505,7.2485,30.7830,0.3454,0.0614,0.2045,0.8290,0.1650,0.3340,32.0040,1.4080,3206874880.0000,2691000064.0000,1.1917,95383560192,1.2440,3.2400,0.0000,419529556,7.2600,10.0000,6.9500,4.4200,0.0336,OK,0,6.9400,True,False,True,False,False,False,RSI40|SPY20,False,7-15d,XLY,,AMZN|TSLA|HD,consumer_spending|employment_data|interest_rates,POST_ANALYSIS_ACTUAL_FILL,LIVE_QUOTE_AT_ANALYSIS,True,1.0000,1.5000,1.0000,-5.0000,7,1.5000,3,SELL_50_PCT_AT_TP1_REST_AT_TP2,MOVE_REMAINDER_TO_BREAK_EVEN,EXIT_AT_OPEN_IF_OPEN_BELOW_SL,SL_FIRST,10,PENDING_ANALYSIS,5.4068,5.4068,8.1102,165.7968,168.5002,152.3705,Indicative levels use the signal close only. Final SL/TP1/TP2 and sizing must be recalculated from the actual post-analysis broker fill.,29,2026-11-05,False,2026-08-06,1.3700,1.2500,9.5000,ALCISTA FUERTE,10,779.0900,8.4900,73.6000,15.0100,SIDI_INTRADAY_V2: Fund≥6.5 · DD60≥12% · RSI<40 · MACD↑ · Vol↓ · SPY20≤+1% · Abnormal20≤-10%,SIDI_INTRADAY_V2,False
APP,AppLovin,Communication Services,Advertising,2025-09-22,278.7800,282.7300,283.7600,276.6600,278.7800,2026-10-06,2026-10-07,30.0100,50.2900,DOWN,-2.8345,-3.0205,-1.7680,True,0.1136,15.6839,0.7780,5.6260,325.8300,452.3500,303.2500,-14.4400,-38.3700,False,-6.7270,BAJISTA,-38.4200,-39.7500,452.7300,462.6900,738.0100,266.8400,-62.2300,4.4700,0.7990,False,False,,0.0000,336.9000,False,,NONE,6.1000,5.0000,7.5000,5.0000,4.0000,10.0000,5.0000,False,False,True,True,True,False,11.2500,16.8800,1.5000,SIDI_INTRADAY_V2,1.8025,-5.9391,1.2209,0.7334,295.0000,XLC,True,21.1606,13.1215,29.1817,13.4906,17.3140,2.0369,0.4646,0.6458,0.8846,0.5280,0.5700,111.1300,4.3000,3179956224.0000,4409847808.0000,0.7211,92129288192,2.5570,2.3600,0.0000,304443000,7.5000,10.0000,7.3000,4.8200,0.0345,FCF/NI:0.72|D/E:111,2,6.9400,True,False,False,False,False,False,VOLUME|SPY20|ABNORMAL20,False,3-7d,XLC,,GOOGL|META|NFLX,ad_spending_cycle|streaming_competition|regulation,POST_ANALYSIS_ACTUAL_FILL,LIVE_QUOTE_AT_ANALYSIS,True,1.0000,1.5000,1.0000,-5.0000,7,1.5000,3,SELL_50_PCT_AT_TP1_REST_AT_TP2,MOVE_REMAINDER_TO_BREAK_EVEN,EXIT_AT_OPEN_IF_OPEN_BELOW_SL,SL_FIRST,10,PENDING_ANALYSIS,15.6839,15.6839,23.5258,294.4639,302.3058,264.8410,Indicative levels use the signal close only. Final SL/TP1/TP2 and sizing must be recalculated from the actual post-analysis broker fill.,28,2026-11-04,False,2026-08-05,3.7600,3.7400,43.0000,ALCISTA FUERTE,10,779.0900,8.4900,73.6000,15.0100,SIDI_INTRADAY_V2: Fund≥6.5 · DD60≥12% · RSI<40 · MACD↑ · Vol↓ · SPY20≤+1% · Abnormal20≤-10%,SIDI_INTRADAY_V2,False
JBL,Jabil,Information Technology,Electronic Manufacturing Services,2023-12-18,309.1900,300.3200,309.2500,299.0000,309.1900,2026-10-06,2026-10-07,56.9400,55.1900,UP,0.6583,0.2411,0.4392,True,0.6079,13.3564,0.9460,4.3200,316.5600,302.4600,306.9700,-2.3300,2.2200,True,3.1325,NEUTRO,-16.5000,-17.9600,370.2800,376.8900,428.8400,189.4600,-27.9000,63.2000,0.8090,False,False,309.9400,1.0000,323.0500,True,0.2400,HAMMER|DOJI|BULL_ENGULF,6.8500,8.5000,7.0000,5.0000,7.0000,5.0000,9.5000,False,False,True,False,True,False,8.6400,12.9600,1.5000,SIDI_INTRADAY_V2,1.8025,-6.3405,0.0781,1.1881,295.0000,XLK,True,30.4169,13.3780,19.2687,0.8643,13.7820,0.6637,0.0499,0.0290,0.0923,0.2860,0.8900,248.6090,0.9930,1275500032.0000,1042000000.0000,1.2241,31076182016,1.2950,3.2300,0.1000,104787089,6.9600,8.0100,6.8300,5.9000,0.0410,D/E:249,1,6.9200,True,False,False,False,False,False,RSI40|VOLUME|SPY20|ABNORMAL20,False,7-15d,XLK,,AAPL|MSFT|NVDA,interest_rates|ai_capex_cycle|semiconductor_cycle,POST_ANALYSIS_ACTUAL_FILL,LIVE_QUOTE_AT_ANALYSIS,True,1.0000,1.5000,1.0000,-5.0000,7,1.5000,3,SELL_50_PCT_AT_TP1_REST_AT_TP2,MOVE_REMAINDER_TO_BREAK_EVEN,EXIT_AT_OPEN_IF_OPEN_BELOW_SL,SL_FIRST,10,PENDING_ANALYSIS,13.3564,13.3564,20.0346,322.5464,329.2246,293.7305,Indicative levels use the signal close only. Final SL/TP1/TP2 and sizing must be recalculated from the actual post-analysis broker fill.,70,2026-12-16,False,2026-09-30,4.4000,4.0800,8.0000,ALCISTA FUERTE,10,779.0900,8.4900,73.6000,15.0100,SIDI_INTRADAY_V2: Fund≥6.5 · DD60≥12% · RSI<40 · MACD↑ · Vol↓ · SPY20≤+1% · Abnormal20≤-10%,SIDI_INTRADAY_V2,False
BMY,Bristol Myers Squibb,Health Care,Pharmaceuticals,1957-03-04,59.5900,58.9400,59.6000,58.6400,59.5900,2026-10-06,2026-10-07,35.2700,40.7400,DOWN,-0.2857,-0.2745,-0.1551,False,0.0542,1.4210,0.9120,2.3850,63.7600,58.1900,61.9000,-6.5400,2.4000,True,2.4341,NEUTRO,-11.5800,-12.2900,67.3900,67.9400,67.9400,40.7100,-12.2900,46.3800,0.7770,False,False,56.3900,2.0000,59.4800,False,-5.3600,NONE,6.3000,8.5000,6.5000,5.0000,4.0000,8.0000,5.0000,False,False,False,True,False,False,4.7700,7.1500,1.5000,SIDI_INTRADAY_V2,1.8025,-7.2257,0.0291,1.0323,295.0000,XLV,True,13.1894,9.0931,5.4810,2.4868,8.2260,0.4660,0.1072,0.1887,0.7166,0.0570,1.5310,201.8590,1.5320,8114375168.0000,9281999872.0000,0.8742,122317750272,0.1840,5.3600,4.2300,2042714656,7.3200,6.8800,7.1100,8.0800,0.0663,D/E:202,1,6.9100,True,False,False,False,False,False,DD12|MACD|VOLUME|SPY20|ABNORMAL20,False,7-15d,XLV,,UNH|JNJ|LLY,fda_calendar|drug_pricing_policy|patent_cliffs,POST_ANALYSIS_ACTUAL_FILL,LIVE_QUOTE_AT_ANALYSIS,True,1.0000,1.5000,1.0000,-5.0000,7,1.5000,3,SELL_50_PCT_AT_TP1_REST_AT_TP2,MOVE_REMAINDER_TO_BREAK_EVEN,EXIT_AT_OPEN_IF_OPEN_BELOW_SL,SL_FIRST,10,PENDING_ANALYSIS,1.4210,1.4210,2.1315,61.0110,61.7215,56.6105,Indicative levels use the signal close only. Final SL/TP1/TP2 and sizing must be recalculated from the actual post-analysis broker fill.,22,2026-10-29,False,2026-07-30,2.0400,1.6000,27.7000,ALCISTA FUERTE,10,779.0900,8.4900,73.6000,15.0100,SIDI_INTRADAY_V2: Fund≥6.5 · DD60≥12% · RSI<40 · MACD↑ · Vol↓ · SPY20≤+1% · Abnormal20≤-10%,SIDI_INTRADAY_V2,False
SMCI,Supermicro,Information Technology,"Technology Hardware, Storage & Peripherals",2024-03-18,43.4600,43.8700,44.7400,43.0200,43.4600,2026-10-06,2026-10-07,72.3200,54.9000,UP,0.0893,0.0870,-0.0110,True,0.8110,2.1879,0.9570,5.0340,37.0500,32.1300,40.8700,17.3000,35.2700,True,2.3373,ALCISTA,-0.5300,-2.8600,43.6900,44.7400,58.7800,19.4800,-26.0600,123.1000,0.7670,True,True,35.5000,2.0000,51.4000,False,-18.3300,NONE,6.7500,10.0000,7.0000,7.5000,4.0000,5.0000,5.0000,False,False,False,False,True,True,10.0700,15.1000,1.5000,SIDI_INTRADAY_V2,1.8025,-3.8960,0.7371,1.9323,295.0000,XLK,True,13.5215,8.2765,2.8240,0.7300,12.2140,0.2147,0.0788,0.0571,0.1082,0.9320,4.3470,63.9510,3.8720,-8248783872.0000,2195842048.0000,-3.7565,28514164736,2.0090,2.4700,0.0000,646873027,7.0100,10.0000,4.9500,5.9400,-0.2893,FCF/NI:-3.76,1,6.9100,True,False,False,False,False,False,DD12|RSI40|SPY20|ABNORMAL20,False,10-18d,XLK,,AAPL|MSFT|NVDA,interest_rates|ai_capex_cycle|semiconductor_cycle,POST_ANALYSIS_ACTUAL_FILL,LIVE_QUOTE_AT_ANALYSIS,True,1.0000,1.5000,1.0000,-5.0000,7,1.5000,3,SELL_50_PCT_AT_TP1_REST_AT_TP2,MOVE_REMAINDER_TO_BREAK_EVEN,EXIT_AT_OPEN_IF_OPEN_BELOW_SL,SL_FIRST,10,PENDING_ANALYSIS,2.1879,2.1879,3.2818,45.6479,46.7418,41.2870,Indicative levels use the signal close only. Final SL/TP1/TP2 and sizing must be recalculated from the actual post-analysis broker fill.,27,2026-11-03,False,2026-08-11,1.7000,0.9600,77.5000,ALCISTA FUERTE,10,779.0900,8.4900,73.6000,15.0100,SIDI_INTRADAY_V2: Fund≥6.5 · DD60≥12% · RSI<40 · MACD↑ · Vol↓ · SPY20≤+1% · Abnormal20≤-10%,SIDI_INTRADAY_V2,False
ZBH,Zimmer Biomet,Health Care,Health Care Equipment,2001-08-07,89.6800,91.4100,91.9500,89.5500,89.6800,2026-10-06,2026-10-07,32.8300,42.3200,DOWN,-0.2308,-0.3144,-0.6264,True,0.2663,2.4586,0.8380,2.7420,95.8100,90.8500,92.1400,-6.4000,-1.2900,True,0.0241,BAJISTA,-11.3100,-12.5800,101.1100,102.5900,105.7500,78.7000,-15.1900,13.9500,0.7690,True,True,86.6500,3.0000,90.6200,True,-3.3800,HAMMER|DOJI,7.5800,7.0000,7.5000,7.5000,10.0000,6.5000,7.0000,False,True,False,True,True,True,5.4800,8.2200,1.5000,SIDI_INTRADAY_V2,1.8025,-3.5281,0.0291,0.9354,295.0000,XLV,True,21.4988,9.7691,1.3373,1.9855,9.6040,0.0641,0.0388,0.0948,0.6952,0.0480,0.3380,60.1750,1.6910,1072150016.0000,806700032.0000,1.3291,16894590976,0.4850,5.2400,1.0700,190737689,6.4700,6.5000,5.1500,7.9900,0.0635,OK,0,6.9100,False,False,False,False,False,False,DD12|FUND65|SPY20|ABNORMAL20,False,3-7d,XLV,,UNH|JNJ|LLY,fda_calendar|drug_pricing_policy|patent_cliffs,POST_ANALYSIS_ACTUAL_FILL,LIVE_QUOTE_AT_ANALYSIS,True,1.0000,1.5000,1.0000,-5.0000,7,1.5000,3,SELL_50_PCT_AT_TP1_REST_AT_TP2,MOVE_REMAINDER_TO_BREAK_EVEN,EXIT_AT_OPEN_IF_OPEN_BELOW_SL,SL_FIRST,10,PENDING_ANALYSIS,2.4586,2.4586,3.6879,92.1386,93.3679,85.1960,Indicative levels use the signal close only. Final SL/TP1/TP2 and sizing must be recalculated from the actual post-analysis broker fill.,28,2026-11-04,False,2026-08-05,2.0700,2.0100,3.0000,ALCISTA FUERTE,10,779.0900,8.4900,73.6000,15.0100,SIDI_INTRADAY_V2: Fund≥6.5 · DD60≥12% · RSI<40 · MACD↑ · Vol↓ · SPY20≤+1% · Abnormal20≤-10%,SIDI_INTRADAY_V2,False
OMC,Omnicom Group,Communication Services,Advertising,1997-12-31,75.1000,75.3800,75.9400,74.5300,75.1000,2026-10-06,2026-10-07,34.3900,36.9800,DOWN,0.0737,-0.0235,-0.2293,True,0.3429,1.8026,0.7180,2.4000,80.9700,76.8100,76.6700,-7.2500,-2.2200,True,0.5843,BAJISTA,-14.6900,-15.2900,88.0300,88.6600,88.6600,64.3200,-15.2900,16.7600,0.6410,True,True,71.7800,1.0000,76.0700,False,-4.4300,HAMMER,6.9000,7.0000,7.5000,7.5000,5.0000,7.0000,7.0000,True,True,True,True,True,True,4.8000,7.2000,1.5000,SIDI_INTRADAY_V2,1.8025,-8.5009,-0.1607,0.8397,295.0000,XLC,True,196.3553,6.4010,2.1187,0.9506,8.0530,0.0605,0.0509,0.0174,0.1896,0.6340,0.5880,107.7440,0.9240,4260624896.0000,390200000.0000,10.9191,21265737728,0.7030,11.1300,4.2500,285006196,6.8900,10.0000,4.5800,5.9400,0.2004,D/E:108,1,6.8900,True,False,False,True,False,False,SPY20|ABNORMAL20,False,3-7d,XLC,,GOOGL|META|NFLX,ad_spending_cycle|streaming_competition|regulation,POST_ANALYSIS_ACTUAL_FILL,LIVE_QUOTE_AT_ANALYSIS,True,1.0000,1.5000,1.0000,-5.0000,7,1.5000,3,SELL_50_PCT_AT_TP1_REST_AT_TP2,MOVE_REMAINDER_TO_BREAK_EVEN,EXIT_AT_OPEN_IF_OPEN_BELOW_SL,SL_FIRST,10,PENDING_ANALYSIS,1.8026,1.8026,2.7039,76.9026,77.8039,71.3450,Indicative levels use the signal close only. Final SL/TP1/TP2 and sizing must be recalculated from the actual post-analysis broker fill.,13,2026-10-20,False,2026-07-28,2.6500,2.6600,-39.0000,ALCISTA FUERTE,10,779.0900,8.4900,73.6000,15.0100,SIDI_INTRADAY_V2: Fund≥6.5 · DD60≥12% · RSI<40 · MACD↑ · Vol↓ · SPY20≤+1% · Abnormal20≤-10%,SIDI_INTRADAY_V2,False
BKNG,Booking Holdings,Consumer Discretionary,"Hotels, Resorts & Cruise Lines",2009-11-06,157.6300,158.5400,160.5000,155.3400,157.6300,2026-10-06,2026-10-07,28.6500,33.7600,DOWN,0.2438,0.1548,-0.0563,True,0.1870,5.6186,0.8380,3.5640,188.3200,181.2900,167.7000,-16.2900,-13.0500,True,-1.9252,BAJISTA,-26.3100,-27.2900,213.9000,216.8000,222.9500,149.4000,-29.3000,5.5100,0.7750,False,False,157.7400,1.0000,176.3700,True,0.0700,HAMMER|DOJI|HAMMER,6.7200,6.5000,8.5000,5.0000,7.0000,6.5000,7.0000,False,False,True,True,True,False,7.1300,10.6900,1.5000,SIDI_INTRADAY_V2,1.8025,-11.1335,-1.0029,1.4217,295.0000,XLY,True,17.3858,12.6831,-11.0235,4.3028,11.7310,,0.2038,0.2553,0.8723,0.0810,1.3000,,1.0940,7725875200.0000,7208999936.0000,1.0717,121516449792,1.1280,3.2000,1.0700,774878436,6.9900,8.7600,5.7200,6.4200,0.0636,OK,0,6.8800,True,False,True,False,False,False,VOLUME|SPY20,False,5-10d,XLY,,AMZN|TSLA|HD,consumer_spending|employment_data|interest_rates,POST_ANALYSIS_ACTUAL_FILL,LIVE_QUOTE_AT_ANALYSIS,True,1.0000,1.5000,1.0000,-5.0000,7,1.5000,3,SELL_50_PCT_AT_TP1_REST_AT_TP2,MOVE_REMAINDER_TO_BREAK_EVEN,EXIT_AT_OPEN_IF_OPEN_BELOW_SL,SL_FIRST,10,PENDING_ANALYSIS,5.6186,5.6186,8.4279,163.2486,166.0579,149.7485,Indicative levels use the signal close only. Final SL/TP1/TP2 and sizing must be recalculated from the actual post-analysis broker fill.,27,2026-11-03,False,2026-08-04,2.5400,2.4300,4.5000,ALCISTA FUERTE,10,779.0900,8.4900,73.6000,15.0100,SIDI_INTRADAY_V2: Fund≥6.5 · DD60≥12% · RSI<40 · MACD↑ · Vol↓ · SPY20≤+1% · Abnormal20≤-10%,SIDI_INTRADAY_V2,False
COST,Costco,Consumer Staples,Consumer Staples Merchandise Retail,1993-10-01,935.6800,921.3200,937.0400,919.0000,935.6800,2026-10-06,2026-10-07,74.1400,62.3200,UP,4.3678,3.5942,3.1882,True,1.0231,15.1629,0.8890,1.6210,932.5800,960.1500,917.8100,0.3300,-2.5500,False,0.2249,BAJISTA,-3.9400,-5.2500,974.0300,987.5500,1094.7600,840.3500,-14.5300,11.3400,0.7980,True,True,924.6700,6.0000,979.5600,True,-1.1800,HAMMER|DOJI|BULL_ENGULF,7.5000,7.0000,7.0000,7.5000,10.0000,5.0000,9.5000,False,False,False,False,True,True,3.2400,4.8600,1.5000,SIDI_INTRADAY_V2,1.8025,6.0242,-0.1976,0.9069,295.0000,XLP,True,45.5525,37.8257,11.7080,1.3827,27.9980,0.2840,0.0879,0.0304,0.1282,0.1110,0.1500,23.9530,1.0600,7147500032.0000,9226000384.0000,0.7747,419183329280,0.8700,3.8100,0.6300,443266000,6.4600,8.2500,7.6200,3.0300,0.0171,OK,0,6.8800,False,False,False,False,False,False,DD12|RSI40|FUND65|SPY20|ABNORMAL20,False,3-7d,XLP,,PG|KO|PEP,inflation|input_costs|fx_rates,POST_ANALYSIS_ACTUAL_FILL,LIVE_QUOTE_AT_ANALYSIS,True,1.0000,1.5000,1.0000,-5.0000,7,1.5000,3,SELL_50_PCT_AT_TP1_REST_AT_TP2,MOVE_REMAINDER_TO_BREAK_EVEN,EXIT_AT_OPEN_IF_OPEN_BELOW_SL,SL_FIRST,10,PENDING_ANALYSIS,15.1629,15.1629,22.7444,950.8429,958.4244,888.8960,Indicative levels use the signal close only. Final SL/TP1/TP2 and sizing must be recalculated from the actual post-analysis broker fill.,64,2026-12-10,False,2026-09-24,6.7500,6.5300,3.4000,ALCISTA FUERTE,10,779.0900,8.4900,73.6000,15.0100,SIDI_INTRADAY_V2: Fund≥6.5 · DD60≥12% · RSI<40 · MACD↑ · Vol↓ · SPY20≤+1% · Abnormal20≤-10%,SIDI_INTRADAY_V2,False
IBKR,Interactive Brokers,Financials,Investment Banking & Brokerage,2025-08-28,90.5800,89.3800,91.8500,89.0600,90.5800,2026-10-06,2026-10-07,59.8900,40.2100,UP,0.0649,-0.1699,-0.5461,True,0.6564,2.5614,0.7890,2.8280,90.5200,81.4300,89.3200,0.0700,11.2400,True,3.2182,ALCISTA,-7.6700,-8.1900,98.1000,98.6600,98.6600,58.7000,-8.1900,54.3100,0.8830,False,False,86.9700,8.0000,90.9400,True,-3.9800,HAMMER,7.5000,10.0000,7.0000,5.0000,9.0000,7.0000,7.0000,False,False,False,False,True,False,5.6600,8.4800,1.5000,SIDI_INTRADAY_V2,1.8025,-0.0773,1.5297,0.5964,295.0000,XLF,True,34.1349,26.7322,6.5649,21.4429,,0.2402,0.0228,0.1647,0.9304,0.2630,0.3530,205.7480,1.0930,,1126000000.0000,,146562203648,1.3700,3.2700,0.3900,453077771,6.4700,9.8800,5.1900,3.9900,,D/E:206,1,6.8800,False,False,False,False,False,False,DD12|RSI40|VOLUME|FUND65|SPY20|ABNORMAL20,False,10-18d,XLF,,JPM|BAC|WFC,interest_rates|yield_curve|credit_spreads|loan_growth,POST_ANALYSIS_ACTUAL_FILL,LIVE_QUOTE_AT_ANALYSIS,True,1.0000,1.5000,1.0000,-5.0000,7,1.5000,3,SELL_50_PCT_AT_TP1_REST_AT_TP2,MOVE_REMAINDER_TO_BREAK_EVEN,EXIT_AT_OPEN_IF_OPEN_BELOW_SL,SL_FIRST,10,PENDING_ANALYSIS,2.5614,2.5614,3.8421,93.1414,94.4221,86.0510,Indicative levels use the signal close only. Final SL/TP1/TP2 and sizing must be recalculated from the actual post-analysis broker fill.,8,2026-10-15,False,2026-07-21,0.6900,0.6400,8.0000,ALCISTA FUERTE,10,779.0900,8.4900,73.6000,15.0100,SIDI_INTRADAY_V2: Fund≥6.5 · DD60≥12% · RSI<40 · MACD↑ · Vol↓ · SPY20≤+1% · Abnormal20≤-10%,SIDI_INTRADAY_V2,False
ADM,Archer Daniels Midland,Consumer Staples,Agricultural Products & Services,1957-03-04,82.2100,82.2600,82.8900,81.2500,82.2100,2026-10-06,2026-10-07,40.7900,25.1600,UP,-0.2650,-0.4260,-0.7995,True,0.4047,2.2079,0.9280,2.6860,81.6300,73.9400,82.1000,0.7100,11.1800,True,3.5417,ALCISTA,-6.6700,-7.3700,88.0900,88.7500,88.7500,54.0000,-7.3700,52.2300,0.6000,True,True,75.8400,3.0000,82.0400,False,-7.7500,HAMMER|DOJI,7.2500,10.0000,7.0000,7.5000,6.0000,5.0000,7.0000,False,False,False,False,True,True,5.3700,8.0600,1.5000,SIDI_INTRADAY_V2,1.8025,-5.5304,-0.0571,0.0774,295.0000,XLP,True,22.3370,14.2872,1.6670,0.4786,16.0830,0.0764,0.0226,0.0216,0.0687,0.0720,3.1560,39.1340,1.3890,1164625024.0000,1770000000.0000,0.6580,39293915136,0.6290,4.0100,2.5300,481956527,6.6100,8.8200,5.2400,5.6200,0.0296,FCF/NI:0.66,1,6.8700,True,False,False,False,False,False,DD12|RSI40|SPY20|ABNORMAL20,False,10-18d,XLP,,PG|KO|PEP,inflation|input_costs|fx_rates,POST_ANALYSIS_ACTUAL_FILL,LIVE_QUOTE_AT_ANALYSIS,True,1.0000,1.5000,1.0000,-5.0000,7,1.5000,3,SELL_50_PCT_AT_TP1_REST_AT_TP2,MOVE_REMAINDER_TO_BREAK_EVEN,EXIT_AT_OPEN_IF_OPEN_BELOW_SL,SL_FIRST,10,PENDING_ANALYSIS,2.2079,2.2079,3.3118,84.4179,85.5219,78.0995,Indicative levels use the signal close only. Final SL/TP1/TP2 and sizing must be recalculated from the actual post-analysis broker fill.,27,2026-11-03,False,2026-08-04,1.8400,1.4400,28.0000,ALCISTA FUERTE,10,779.0900,8.4900,73.6000,15.0100,SIDI_INTRADAY_V2: Fund≥6.5 · DD60≥12% · RSI<40 · MACD↑ · Vol↓ · SPY20≤+1% · Abnormal20≤-10%,SIDI_INTRADAY_V2,False
MAS,Masco,Industrials,Building Products,1981-06-30,69.9300,68.4600,69.9600,68.3800,69.9300,2026-10-06,2026-10-07,57.5300,45.8200,UP,0.3235,0.2108,0.1476,True,0.9876,1.6693,0.7840,2.3870,71.6200,69.6800,69.1000,-2.3600,0.3700,True,0.8587,NEUTRO,-13.9400,-16.0300,81.2500,83.2700,83.2700,57.5100,-16.0300,21.5900,0.8630,True,True,67.4900,2.0000,71.1100,True,-3.4800,NONE,7.2000,8.5000,7.0000,7.5000,7.0000,7.0000,5.0000,False,False,True,False,True,True,4.7700,7.1600,1.5000,SIDI_INTRADAY_V2,1.8025,-1.6583,0.3982,1.0595,295.0000,XLI,True,15.6164,14.5592,-36.6153,1.7539,11.2610,58.6250,0.1586,0.1161,0.3721,-0.0290,0.2450,,1.8650,897124992.0000,885000000.0000,1.0137,13364377600,1.2910,4.7400,1.8700,197187430,6.6500,5.0000,7.7000,7.3400,0.0671,OK,0,6.8700,True,False,False,False,False,False,RSI40|SPY20|ABNORMAL20,False,7-15d,XLI,,CAT|UNP|HON,pmi_manufacturing|supply_chain|capex_cycle,POST_ANALYSIS_ACTUAL_FILL,LIVE_QUOTE_AT_ANALYSIS,True,1.0000,1.5000,1.0000,-5.0000,7,1.5000,3,SELL_50_PCT_AT_TP1_REST_AT_TP2,MOVE_REMAINDER_TO_BREAK_EVEN,EXIT_AT_OPEN_IF_OPEN_BELOW_SL,SL_FIRST,10,PENDING_ANALYSIS,1.6693,1.6693,2.5040,71.5993,72.4340,66.4335,Indicative levels use the signal close only. Final SL/TP1/TP2 and sizing must be recalculated from the actual post-analysis broker fill.,21,2026-10-28,False,2026-07-29,1.6400,1.3100,25.1000,ALCISTA FUERTE,10,779.0900,8.4900,73.6000,15.0100,SIDI_INTRADAY_V2: Fund≥6.5 · DD60≥12% · RSI<40 · MACD↑ · Vol↓ · SPY20≤+1% · Abnormal20≤-10%,SIDI_INTRADAY_V2,False
AVGO,Broadcom,Information Technology,Semiconductors,2014-05-08,375.8100,367.0300,380.8400,364.0100,375.8100,2026-10-06,2026-10-07,69.5000,44.5200,UP,2.9793,1.7014,0.5383,True,1.0658,10.6207,0.7880,2.8260,372.1600,366.6400,358.1600,0.9800,2.5000,True,-0.5074,ALCISTA,-11.9800,-13.0000,426.9800,431.9400,493.3200,288.9800,-23.8200,30.0500,1.2580,False,False,356.4700,2.0000,375.9100,False,-5.1500,NONE,6.4500,9.5000,7.0000,5.0000,4.0000,7.0000,5.0000,False,False,False,False,True,False,5.6500,8.4800,1.5000,SIDI_INTRADAY_V2,1.8025,-3.5818,-0.3303,1.2938,295.0000,XLK,True,47.5377,19.1927,17.8249,19.9412,35.0060,0.4425,0.1537,0.4294,0.7551,0.8550,2.1530,59.6040,2.5040,30596499456.0000,38264999936.0000,0.7996,1776840605696,1.4760,2.0100,0.6900,4773629865,7.1400,10.0000,7.4200,3.4700,0.0172,OK,0,6.8600,True,False,False,False,False,False,DD12|RSI40|VOLUME|SPY20|ABNORMAL20,False,10-18d,XLK,,AAPL|MSFT|NVDA,interest_rates|ai_capex_cycle|semiconductor_cycle,POST_ANALYSIS_ACTUAL_FILL,LIVE_QUOTE_AT_ANALYSIS,True,1.0000,1.5000,1.0000,-5.0000,7,1.5000,3,SELL_50_PCT_AT_TP1_REST_AT_TP2,MOVE_REMAINDER_TO_BREAK_EVEN,EXIT_AT_OPEN_IF_OPEN_BELOW_SL,SL_FIRST,10,PENDING_ANALYSIS,10.6207,10.6207,15.9310,386.4307,391.7410,357.0195,Indicative levels use the signal close only. Final SL/TP1/TP2 and sizing must be recalculated from the actual post-analysis broker fill.,63,2026-12-09,False,2026-09-02,3.3200,3.2400,2.5000,ALCISTA FUERTE,10,779.0900,8.4900,73.6000,15.0100,SIDI_INTRADAY_V2: Fund≥6.5 · DD60≥12% · RSI<40 · MACD↑ · Vol↓ · SPY20≤+1% · Abnormal20≤-10%,SIDI_INTRADAY_V2,False
HUM,Humana,Health Care,Managed Health Care,2012-12-10,404.2700,405.0200,408.0400,396.0400,404.2700,2026-10-06,2026-10-07,61.5100,42.5300,UP,1.5464,0.7091,-1.1738,True,0.8060,13.3971,0.9450,3.3140,386.1200,293.9500,390.2400,4.7000,37.5300,True,5.1507,ALCISTA,-1.3500,-5.7400,409.8000,428.8800,428.8800,161.9000,-5.7400,149.7000,1.7260,False,False,369.1300,1.0000,416.1800,False,-8.6900,BULL_ENGULF|HAMMER|DOJI,7.1000,10.0000,7.0000,7.0000,4.0000,5.0000,9.5000,False,False,False,False,True,False,6.6300,9.9400,1.5000,SIDI_INTRADAY_V2,1.8025,-13.9354,0.4074,0.2015,295.0000,XLV,True,38.3762,24.4703,2.5376,0.3347,10.9790,0.0689,0.0390,0.0088,0.1365,0.2620,0.2710,76.4850,1.7420,1940999936.0000,1279000064.0000,1.5176,48755003392,0.7440,3.0300,0.8800,120080308,6.7000,9.3400,5.0400,5.5600,0.0398,OK,0,6.8600,True,False,True,False,False,False,DD12|RSI40|VOLUME|SPY20,False,10-18d,XLV,,UNH|JNJ|LLY,fda_calendar|drug_pricing_policy|patent_cliffs,POST_ANALYSIS_ACTUAL_FILL,LIVE_QUOTE_AT_ANALYSIS,True,1.0000,1.5000,1.0000,-5.0000,7,1.5000,3,SELL_50_PCT_AT_TP1_REST_AT_TP2,MOVE_REMAINDER_TO_BREAK_EVEN,EXIT_AT_OPEN_IF_OPEN_BELOW_SL,SL_FIRST,10,PENDING_ANALYSIS,13.3971,13.3971,20.0956,417.6671,424.3656,384.0565,Indicative levels use the signal close only. Final SL/TP1/TP2 and sizing must be recalculated from the actual post-analysis broker fill.,30,2026-11-06,False,2026-07-29,7.6100,7.0000,8.8000,ALCISTA FUERTE,10,779.0900,8.4900,73.6000,15.0100,SIDI_INTRADAY_V2: Fund≥6.5 · DD60≥12% · RSI<40 · MACD↑ · Vol↓ · SPY20≤+1% · Abnormal20≤-10%,SIDI_INTRADAY_V2,False
BX,Blackstone Inc.,Financials,Asset Management & Custody Banks,2023-09-18,113.3600,112.8100,113.8600,112.0900,113.3600,2026-10-06,2026-10-07,28.1100,25.3000,UP,-0.6040,-0.9290,-1.2743,True,0.2310,3.4379,0.8170,3.0330,131.5900,126.1800,120.0100,-13.8500,-10.1600,True,-1.8353,BAJISTA,-24.0800,-24.5500,149.3200,150.2400,163.3700,99.7800,-30.6100,13.6100,0.8700,False,False,111.2500,2.0000,125.7800,True,-1.8700,NONE,6.7200,6.5000,9.5000,5.0000,7.0000,6.5000,5.0000,False,False,True,True,True,False,6.0700,9.1000,1.5000,SIDI_INTRADAY_V2,1.8025,-8.9774,0.5856,1.3469,295.0000,XLF,True,24.7651,14.9281,9.8234,8.5459,,0.3137,0.1433,0.2273,1.0000,0.2860,0.5730,68.1850,0.8720,,3519035904.0000,,132319461376,1.5870,6.0900,4.6100,750625114,6.9300,10.0000,6.2700,4.1300,,OK,0,6.8500,True,False,False,False,False,False,VOLUME|SPY20|ABNORMAL20,False,5-10d,XLF,,JPM|BAC|WFC,interest_rates|yield_curve|credit_spreads|loan_growth,POST_ANALYSIS_ACTUAL_FILL,LIVE_QUOTE_AT_ANALYSIS,True,1.0000,1.5000,1.0000,-5.0000,7,1.5000,3,SELL_50_PCT_AT_TP1_REST_AT_TP2,MOVE_REMAINDER_TO_BREAK_EVEN,EXIT_AT_OPEN_IF_OPEN_BELOW_SL,SL_FIRST,10,PENDING_ANALYSIS,3.4379,3.4379,5.1569,116.7979,118.5169,107.6920,Indicative levels use the signal close only. Final SL/TP1/TP2 and sizing must be recalculated from the actual post-analysis broker fill.,15,2026-10-22,False,2026-07-23,1.5200,1.3400,13.7000,ALCISTA FUERTE,10,779.0900,8.4900,73.6000,15.0100,SIDI_INTRADAY_V2: Fund≥6.5 · DD60≥12% · RSI<40 · MACD↑ · Vol↓ · SPY20≤+1% · Abnormal20≤-10%,SIDI_INTRADAY_V2,False
C,Citigroup,Financials,Diversified Banks,1988-05-31,128.5200,129.3200,130.0700,127.9600,128.5200,2026-10-06,2026-10-07,38.2100,32.7600,UP,-0.5460,-0.6251,-0.7115,True,0.1977,2.9093,0.8530,2.2640,133.7100,125.2200,131.5700,-3.8800,2.6300,True,2.3103,NEUTRO,-7.7600,-10.4800,139.3300,143.5600,147.2100,91.7200,-12.7000,40.1200,0.9640,True,True,130.3500,4.0000,140.4700,True,1.4200,HAMMER|DOJI,7.9200,8.5000,8.5000,7.5000,9.0000,6.5000,7.0000,False,True,False,True,True,True,4.5300,6.7900,1.5000,SIDI_INTRADAY_V2,1.8025,-2.6062,0.7892,0.9316,295.0000,XLF,True,13.5475,9.6842,1.0934,2.5753,,0.0853,0.0066,0.2183,0.0000,0.1550,0.6100,,,,16460000256.0000,,210434441216,1.1110,2.8200,2.0900,1677436783,6.1400,8.5100,4.2600,5.5600,,OK,0,6.8500,False,False,False,False,False,False,DD12|FUND65|SPY20|ABNORMAL20,False,7-15d,XLF,,JPM|BAC|WFC,interest_rates|yield_curve|credit_spreads|loan_growth,POST_ANALYSIS_ACTUAL_FILL,LIVE_QUOTE_AT_ANALYSIS,True,1.0000,1.5000,1.0000,-5.0000,7,1.5000,3,SELL_50_PCT_AT_TP1_REST_AT_TP2,MOVE_REMAINDER_TO_BREAK_EVEN,EXIT_AT_OPEN_IF_OPEN_BELOW_SL,SL_FIRST,10,PENDING_ANALYSIS,2.9093,2.9093,4.3639,131.4293,132.8839,122.0940,Indicative levels use the signal close only. Final SL/TP1/TP2 and sizing must be recalculated from the actual post-analysis broker fill.,6,2026-10-13,True,2026-07-14,3.1400,2.7100,15.6000,ALCISTA FUERTE,10,779.0900,8.4900,73.6000,15.0100,SIDI_INTRADAY_V2: Fund≥6.5 · DD60≥12% · RSI<40 · MACD↑ · Vol↓ · SPY20≤+1% · Abnormal20≤-10%,SIDI_INTRADAY_V2,False
PODD,Insulet Corporation,Health Care,Health Care Equipment,2023-03-15,134.7300,135.7700,136.1600,133.7300,134.7300,2026-10-06,2026-10-07,34.3600,39.8200,DOWN,0.1537,-0.0509,-0.5096,True,0.4034,3.7564,0.6060,2.7880,144.0800,191.8400,136.7200,-6.4900,-29.7700,False,-8.3202,BAJISTA,-21.0400,-22.0900,170.6200,172.9200,354.8800,126.4000,-62.0400,6.5900,0.9850,False,False,131.2400,1.0000,144.5200,True,-2.5900,HAMMER|DOJI,6.3000,5.0000,7.5000,5.0000,7.0000,7.0000,7.0000,False,False,True,True,True,False,5.5800,8.3600,1.5000,SIDI_INTRADAY_V2,1.8025,3.2187,-0.2783,0.9659,295.0000,XLV,True,25.1695,17.3851,6.5541,3.0528,15.8690,0.2602,0.0972,0.1229,0.7107,0.2350,3.2860,66.6850,2.4850,236900000.0000,375300000.0000,0.6312,9321550848,1.1010,2.8600,0.0000,69354199,7.2100,10.0000,6.7500,4.4900,0.0254,FCF/NI:0.63,1,6.8500,True,False,False,False,False,False,VOLUME|SPY20|ABNORMAL20,False,3-7d,XLV,,UNH|JNJ|LLY,fda_calendar|drug_pricing_policy|patent_cliffs,POST_ANALYSIS_ACTUAL_FILL,LIVE_QUOTE_AT_ANALYSIS,True,1.0000,1.5000,1.0000,-5.0000,7,1.5000,3,SELL_50_PCT_AT_TP1_REST_AT_TP2,MOVE_REMAINDER_TO_BREAK_EVEN,EXIT_AT_OPEN_IF_OPEN_BELOW_SL,SL_FIRST,10,PENDING_ANALYSIS,3.7564,3.7564,5.6346,138.4864,140.3646,127.9935,Indicative levels use the signal close only. Final SL/TP1/TP2 and sizing must be recalculated from the actual post-analysis broker fill.,28,2026-11-04,False,2026-08-05,1.6600,1.4500,14.3000,ALCISTA FUERTE,10,779.0900,8.4900,73.6000,15.0100,SIDI_INTRADAY_V2: Fund≥6.5 · DD60≥12% · RSI<40 · MACD↑ · Vol↓ · SPY20≤+1% · Abnormal20≤-10%,SIDI_INTRADAY_V2,False
PSX,Phillips 66,Energy,Oil & Gas Refining & Marketing,2012-05-01,269.7900,266.7500,271.8200,266.2700,269.7900,2026-10-06,2026-10-07,55.2600,40.6000,UP,-0.3831,-0.8015,-2.0246,True,0.8209,9.5350,1.3010,3.5340,242.8000,183.8300,259.1100,11.1200,46.7600,True,7.4114,ALCISTA,-1.6100,-2.6500,274.2100,277.1200,277.1200,123.0900,-2.6500,119.1700,0.4950,True,True,233.5500,1.0000,277.1200,False,-13.4300,NONE,6.7500,10.0000,7.0000,7.5000,4.0000,5.0000,5.0000,False,False,False,False,True,True,7.0700,10.6000,1.5000,SIDI_INTRADAY_V2,1.8025,0.2961,0.1216,1.1061,295.0000,XLE,True,15.5020,10.1688,3.4358,0.7114,12.6260,0.2345,0.0604,0.0466,0.1310,0.5310,3.4490,62.8840,1.3200,4545375232.0000,7085000192.0000,0.6415,108248391680,0.7010,2.4300,1.8800,399020916,6.9100,8.9900,5.6700,5.9400,0.0420,FCF/NI:0.64,1,6.8500,True,False,False,False,False,False,DD12|RSI40|SPY20|ABNORMAL20,False,10-18d,XLE,,XOM|CVX|COP,oil_price|gas_price|opec_supply|inventories,POST_ANALYSIS_ACTUAL_FILL,LIVE_QUOTE_AT_ANALYSIS,True,1.0000,1.5000,1.0000,-5.0000,7,1.5000,3,SELL_50_PCT_AT_TP1_REST_AT_TP2,MOVE_REMAINDER_TO_BREAK_EVEN,EXIT_AT_OPEN_IF_OPEN_BELOW_SL,SL_FIRST,10,PENDING_ANALYSIS,9.5350,9.5350,14.3025,279.3250,284.0925,256.3005,Indicative levels use the signal close only. Final SL/TP1/TP2 and sizing must be recalculated from the actual post-analysis broker fill.,21,2026-10-28,False,2026-08-05,9.4100,7.5000,25.4000,ALCISTA FUERTE,10,779.0900,8.4900,73.6000,15.0100,SIDI_INTRADAY_V2: Fund≥6.5 · DD60≥12% · RSI<40 · MACD↑ · Vol↓ · SPY20≤+1% · Abnormal20≤-10%,SIDI_INTRADAY_V2,False
CRM,Salesforce,Information Technology,Application Software,2008-09-15,224.9900,231.7500,233.0000,222.8900,224.9900,2026-10-06,2026-10-07,28.2600,34.9300,DOWN,-2.9296,-2.8102,-3.4570,False,0.1456,8.1193,0.9050,3.6090,222.1400,199.3900,233.7600,1.2800,12.8400,True,-0.2093,ALCISTA,-14.7700,-15.9900,263.9700,267.8000,267.8000,146.0600,-15.9900,54.0400,0.6420,True,True,221.1800,1.0000,261.8800,True,-1.6900,NONE,7.6500,9.5000,7.5000,7.5000,7.0000,8.0000,5.0000,False,True,True,True,False,True,7.2200,10.8300,1.5000,SIDI_INTRADAY_V2,1.8025,-14.3554,0.4842,-0.1800,295.0000,XLK,True,20.3962,13.9151,4.7806,4.1757,16.7560,0.1938,0.0570,0.2199,0.7728,0.1080,1.1890,110.4170,0.8390,17731874816.0000,9662000128.0000,1.8352,183471390720,1.2560,1.9700,0.7800,823000000,6.3100,5.8800,4.9600,8.3700,0.0966,D/E:110,1,6.8500,False,False,True,False,False,False,MACD|FUND65|SPY20,False,10-18d,XLK,,AAPL|MSFT|NVDA,interest_rates|ai_capex_cycle|semiconductor_cycle,POST_ANALYSIS_ACTUAL_FILL,LIVE_QUOTE_AT_ANALYSIS,True,1.0000,1.5000,1.0000,-5.0000,7,1.5000,3,SELL_50_PCT_AT_TP1_REST_AT_TP2,MOVE_REMAINDER_TO_BREAK_EVEN,EXIT_AT_OPEN_IF_OPEN_BELOW_SL,SL_FIRST,10,PENDING_ANALYSIS,8.1193,8.1193,12.1790,233.1093,237.1689,213.7405,Indicative levels use the signal close only. Final SL/TP1/TP2 and sizing must be recalculated from the actual post-analysis broker fill.,56,2026-12-02,False,2026-08-26,5.9000,3.2700,80.4000,ALCISTA FUERTE,10,779.0900,8.4900,73.6000,15.0100,SIDI_INTRADAY_V2: Fund≥6.5 · DD60≥12% · RSI<40 · MACD↑ · Vol↓ · SPY20≤+1% · Abnormal20≤-10%,SIDI_INTRADAY_V2,False
TKO,TKO Group Holdings,Communication Services,Movies & Entertainment,2025-03-24,176.4600,177.2700,178.7900,175.1900,176.4600,2026-10-06,2026-10-07,20.7600,28.5000,DOWN,-1.1775,-1.3250,-1.4301,True,0.1456,5.5221,1.0000,3.1290,187.4300,194.8200,182.9600,-5.8500,-9.4200,False,-0.4184,BAJISTA,-12.1500,-12.7400,200.8700,202.2100,224.2300,171.1900,-21.3100,3.0800,0.4980,True,True,179.2200,4.0000,188.6800,True,1.5700,HAMMER|BULL_ENGULF,7.7000,5.0000,8.5000,7.5000,9.0000,8.0000,9.5000,True,True,True,True,True,True,6.2600,9.3900,1.5000,SIDI_INTRADAY_V2,1.8025,-10.3957,-0.1105,0.7372,295.0000,XLC,True,61.2070,37.2635,3.8180,6.2273,13.7220,0.0706,0.0450,0.0433,0.5946,0.1820,0.1440,59.2160,1.2780,856147520.0000,229556000.0000,3.7296,33016209408,0.6920,8.0400,1.7900,73111098,6.2800,9.5600,5.2600,3.6600,0.0259,OK,0,6.8500,False,False,True,True,False,False,FUND65|SPY20,False,5-10d,XLC,,GOOGL|META|NFLX,ad_spending_cycle|streaming_competition|regulation,POST_ANALYSIS_ACTUAL_FILL,LIVE_QUOTE_AT_ANALYSIS,True,1.0000,1.5000,1.0000,-5.0000,7,1.5000,3,SELL_50_PCT_AT_TP1_REST_AT_TP2,MOVE_REMAINDER_TO_BREAK_EVEN,EXIT_AT_OPEN_IF_OPEN_BELOW_SL,SL_FIRST,10,PENDING_ANALYSIS,5.5221,5.5221,8.2831,181.9821,184.7432,167.6370,Indicative levels use the signal close only. Final SL/TP1/TP2 and sizing must be recalculated from the actual post-analysis broker fill.,28,2026-11-04,False,2026-08-03,1.3400,1.0900,23.3000,ALCISTA FUERTE,10,779.0900,8.4900,73.6000,15.0100,SIDI_INTRADAY_V2: Fund≥6.5 · DD60≥12% · RSI<40 · MACD↑ · Vol↓ · SPY20≤+1% · Abnormal20≤-10%,SIDI_INTRADAY_V2,False
SCHW,Charles Schwab Corporation,Financials,Investment Banking & Brokerage,1997-06-02,96.8000,98.4100,98.7800,96.7400,96.8000,2026-10-06,2026-10-07,27.0800,27.0400,UP,-0.4931,-0.5664,-0.7575,True,0.1876,2.2214,0.9900,2.2950,106.0200,97.8900,101.2300,-8.6900,-1.1100,True,0.9644,BAJISTA,-14.8300,-15.4800,113.6500,114.5300,114.5300,83.7200,-15.4800,15.6300,0.6670,True,True,87.3300,3.0000,103.6700,False,-9.7800,NONE,7.3300,7.0000,9.5000,7.5000,7.0000,6.5000,5.0000,True,True,True,True,True,True,4.5900,6.8800,1.5000,SIDI_INTRADAY_V2,1.8025,-1.8029,-0.4273,1.2901,295.0000,XLF,True,17.3461,12.0608,3.7458,6.3279,,0.2027,0.0207,0.3879,0.9749,0.2090,0.4260,151.1060,0.6550,,9722500096.0000,,164684644352,0.7820,2.5500,1.3200,1729335714,6.5200,9.9100,4.7700,4.6000,,D/E:151,1,6.8400,True,False,False,True,False,False,SPY20|ABNORMAL20,False,3-7d,XLF,,JPM|BAC|WFC,interest_rates|yield_curve|credit_spreads|loan_growth,POST_ANALYSIS_ACTUAL_FILL,LIVE_QUOTE_AT_ANALYSIS,True,1.0000,1.5000,1.0000,-5.0000,7,1.5000,3,SELL_50_PCT_AT_TP1_REST_AT_TP2,MOVE_REMAINDER_TO_BREAK_EVEN,EXIT_AT_OPEN_IF_OPEN_BELOW_SL,SL_FIRST,10,PENDING_ANALYSIS,2.2214,2.2214,3.3321,99.0214,100.1321,91.9600,Indicative levels use the signal close only. Final SL/TP1/TP2 and sizing must be recalculated from the actual post-analysis broker fill.,8,2026-10-15,False,2026-07-21,1.6200,1.5500,4.5000,ALCISTA FUERTE,10,779.0900,8.4900,73.6000,15.0100,SIDI_INTRADAY_V2: Fund≥6.5 · DD60≥12% · RSI<40 · MACD↑ · Vol↓ · SPY20≤+1% · Abnormal20≤-10%,SIDI_INTRADAY_V2,False
LYB,LyondellBasell,Materials,Specialty Chemicals,2012-09-05,58.9300,58.8000,59.2700,58.1800,58.9300,2026-10-06,2026-10-07,24.2900,27.1100,DOWN,-0.2046,-0.3126,-0.6109,True,0.3217,1.6957,0.8010,2.8780,62.0600,61.1500,60.2600,-5.0400,-3.6400,True,3.0114,BAJISTA,-12.5700,-13.8700,67.4000,68.4200,82.2200,39.1200,-28.3300,50.6600,0.8100,True,True,57.2600,2.0000,64.3200,True,-2.8400,HAMMER,7.2500,7.0000,8.5000,7.5000,8.0000,5.0000,7.0000,True,True,True,True,True,True,5.7600,8.6300,1.5000,SIDI_INTRADAY_V2,1.8025,-8.4052,-1.2372,0.0695,295.0000,XLB,True,,9.4041,1.7700,0.6056,8.6440,-0.0227,0.0411,-0.0113,0.1289,0.1980,3.9600,132.7590,1.6410,1228000000.0000,-265000000.0000,-4.6340,18889644032,0.3460,3.8100,4.6800,323037952,6.5600,10.0000,2.5500,7.2400,0.0650,FCF/NI:-4.63|D/E:133|ROE:-2.3%,3,6.8400,True,False,False,True,False,False,SPY20|ABNORMAL20,True,5-10d,XLB,,LIN|APD|ECL,commodity_prices|dxy|china_demand|energy_costs,POST_ANALYSIS_ACTUAL_FILL,LIVE_QUOTE_AT_ANALYSIS,True,1.0000,1.5000,1.0000,-5.0000,7,1.5000,3,SELL_50_PCT_AT_TP1_REST_AT_TP2,MOVE_REMAINDER_TO_BREAK_EVEN,EXIT_AT_OPEN_IF_OPEN_BELOW_SL,SL_FIRST,10,PENDING_ANALYSIS,1.6957,1.6957,2.5435,60.6257,61.4736,55.9835,Indicative levels use the signal close only. Final SL/TP1/TP2 and sizing must be recalculated from the actual post-analysis broker fill.,23,2026-10-30,False,2026-07-31,4.3000,3.4200,25.6000,ALCISTA FUERTE,10,779.0900,8.4900,73.6000,15.0100,SIDI_INTRADAY_V2: Fund≥6.5 · DD60≥12% · RSI<40 · MACD↑ · Vol↓ · SPY20≤+1% · Abnormal20≤-10%,SIDI_INTRADAY_V2,False
AMZN,Amazon,Consumer Discretionary,Broadline Retail,2005-11-18,256.2900,253.4000,256.6800,251.0800,256.2900,2026-10-06,2026-10-07,63.6600,43.2300,UP,0.6016,0.1464,-0.3748,True,0.8534,5.2757,0.7590,2.0580,257.4300,241.6800,252.1600,-0.4400,6.0400,True,0.9976,NEUTRO,-9.7600,-10.7600,284.0200,287.2000,287.2000,196.0000,-10.7600,30.7600,0.9490,True,True,257.5900,3.0000,267.5600,True,0.5100,HAMMER|DOJI,7.7000,8.5000,7.0000,7.5000,9.0000,7.0000,7.0000,False,False,False,False,True,True,4.1200,6.1800,1.5000,SIDI_INTRADAY_V2,1.8025,-0.7232,-0.2829,1.4313,295.0000,XLY,True,20.5286,24.3799,4.9881,3.5487,17.1280,0.3056,0.0659,0.1744,0.5077,0.1960,2.4230,45.6170,1.0330,3219124992.0000,135281000448.0000,0.0238,2752343441408,1.4560,2.5100,0.0000,10786313572,6.2500,10.0000,5.4000,2.8700,0.0012,FCF/NI:0.02,1,6.8300,False,False,False,False,False,False,DD12|RSI40|FUND65|SPY20|ABNORMAL20,False,7-15d,XLY,,TSLA|HD|MCD,consumer_spending|employment_data|interest_rates,POST_ANALYSIS_ACTUAL_FILL,LIVE_QUOTE_AT_ANALYSIS,True,1.0000,1.5000,1.0000,-5.0000,7,1.5000,3,SELL_50_PCT_AT_TP1_REST_AT_TP2,MOVE_REMAINDER_TO_BREAK_EVEN,EXIT_AT_OPEN_IF_OPEN_BELOW_SL,SL_FIRST,10,PENDING_ANALYSIS,5.2757,5.2757,7.9135,261.5657,264.2036,243.4755,Indicative levels use the signal close only. Final SL/TP1/TP2 and sizing must be recalculated from the actual post-analysis broker fill.,22,2026-10-29,False,2026-07-30,5.7500,1.8300,214.9000,ALCISTA FUERTE,10,779.0900,8.4900,73.6000,15.0100,SIDI_INTRADAY_V2: Fund≥6.5 · DD60≥12% · RSI<40 · MACD↑ · Vol↓ · SPY20≤+1% · Abnormal20≤-10%,SIDI_INTRADAY_V2,False
HAS,Hasbro,Consumer Discretionary,Leisure Products,1984-09-30,91.0300,92.3800,92.9400,90.5500,91.0300,2026-10-06,2026-10-07,55.8800,47.0400,UP,0.4539,0.4048,0.0779,True,0.7958,2.3686,0.9900,2.6020,91.8500,89.3800,89.7700,-0.8900,1.8400,True,1.1188,NEUTRO,-5.9000,-7.3000,96.7400,98.2000,104.6000,67.3300,-12.9700,35.2000,0.9540,False,False,92.0100,1.0000,97.3600,True,1.0800,NONE,6.4000,8.5000,7.0000,5.0000,7.0000,5.0000,5.0000,False,False,False,False,True,False,5.2000,7.8100,1.5000,SIDI_INTRADAY_V2,1.8025,1.5009,0.3170,0.2827,295.0000,XLY,True,16.2039,13.9299,18.1450,2.5689,11.8170,1.5956,0.1308,0.1597,0.6382,0.1620,,531.0420,1.6610,688150016.0000,794099968.0000,0.8666,12775808000,0.4410,5.3500,3.0800,141044467,7.1200,7.5000,7.0600,6.7500,0.0539,D/E:531,1,6.8300,True,False,False,False,False,False,DD12|RSI40|VOLUME|SPY20|ABNORMAL20,False,7-15d,XLY,,AMZN|TSLA|HD,consumer_spending|employment_data|interest_rates,POST_ANALYSIS_ACTUAL_FILL,LIVE_QUOTE_AT_ANALYSIS,True,1.0000,1.5000,1.0000,-5.0000,7,1.5000,3,SELL_50_PCT_AT_TP1_REST_AT_TP2,MOVE_REMAINDER_TO_BREAK_EVEN,EXIT_AT_OPEN_IF_OPEN_BELOW_SL,SL_FIRST,10,PENDING_ANALYSIS,2.3686,2.3686,3.5529,93.3986,94.5829,86.4785,Indicative levels use the signal close only. Final SL/TP1/TP2 and sizing must be recalculated from the actual post-analysis broker fill.,13,2026-10-20,False,2026-07-21,1.2800,1.1300,12.8000,ALCISTA FUERTE,10,779.0900,8.4900,73.6000,15.0100,SIDI_INTRADAY_V2: Fund≥6.5 · DD60≥12% · RSI<40 · MACD↑ · Vol↓ · SPY20≤+1% · Abnormal20≤-10%,SIDI_INTRADAY_V2,False
PRU,Prudential Financial,Financials,Life & Health Insurance,2002-07-22,113.5400,113.8800,115.5100,113.3900,113.5400,2026-10-06,2026-10-07,35.5100,40.3100,DOWN,-0.5130,-0.5941,-0.5947,True,0.1543,2.2314,0.9190,1.9650,119.2500,106.6200,116.3200,-4.7900,6.4900,True,0.9693,NEUTRO,-8.2100,-10.0800,123.7000,126.2600,126.2600,89.6200,-10.0800,26.6900,1.0430,True,True,103.9900,1.0000,124.4700,False,-8.4100,NONE,6.7700,8.5000,7.5000,7.5000,4.0000,6.5000,5.0000,False,True,False,True,True,True,3.9300,5.9000,1.5000,SIDI_INTRADAY_V2,1.8025,-1.0908,-0.0002,1.0232,295.0000,XLF,True,10.1350,7.5248,1.2232,0.5918,11.4730,0.1201,0.0043,0.0601,0.2902,0.1410,0.8920,163.8910,0.7770,7527750144.0000,3872000000.0000,1.9442,38602051584,0.8400,9.8300,4.9300,345000000,6.8700,8.1500,4.7300,7.8900,0.1950,D/E:164,1,6.8300,True,False,False,False,False,False,DD12|SPY20|ABNORMAL20,False,7-15d,XLF,,JPM|BAC|WFC,interest_rates|yield_curve|credit_spreads|loan_growth,POST_ANALYSIS_ACTUAL_FILL,LIVE_QUOTE_AT_ANALYSIS,True,1.0000,1.5000,1.0000,-5.0000,7,1.5000,3,SELL_50_PCT_AT_TP1_REST_AT_TP2,MOVE_REMAINDER_TO_BREAK_EVEN,EXIT_AT_OPEN_IF_OPEN_BELOW_SL,SL_FIRST,10,PENDING_ANALYSIS,2.2314,2.2314,3.3471,115.7714,116.8871,107.8630,Indicative levels use the signal close only. Final SL/TP1/TP2 and sizing must be recalculated from the actual post-analysis broker fill.,27,2026-11-03,False,2026-08-04,4.0800,3.5200,16.0000,ALCISTA FUERTE,10,779.0900,8.4900,73.6000,15.0100,SIDI_INTRADAY_V2: Fund≥6.5 · DD60≥12% · RSI<40 · MACD↑ · Vol↓ · SPY20≤+1% · Abnormal20≤-10%,SIDI_INTRADAY_V2,False
DG,Dollar General,Consumer Staples,Consumer Staples Merchandise Retail,2012-12-03,123.2700,120.7700,124.7200,120.4700,123.2700,2026-10-06,2026-10-07,51.9100,46.5600,UP,-0.2538,-0.6044,-0.5981,True,0.6044,3.4230,0.8620,2.7770,123.7200,125.3700,122.0000,-0.3700,-1.6800,False,0.5214,BAJISTA,-7.0000,-7.6400,132.5500,133.4700,155.9100,93.3200,-20.9300,32.1000,1.0810,True,True,118.0200,4.0000,125.1600,False,-4.2600,HAMMER|BULL_ENGULF,6.7500,5.5000,7.0000,7.5000,7.0000,5.0000,9.5000,False,False,False,False,True,True,5.5500,8.3300,1.5000,SIDI_INTRADAY_V2,1.8025,-0.4680,0.5447,1.1303,295.0000,XLP,True,15.6002,14.9539,2.9457,0.6270,11.5520,0.1969,0.0489,0.0390,0.3116,0.0520,0.3330,169.8110,1.2090,1738019712.0000,1703399040.0000,1.0203,27361224704,0.2260,2.2500,1.9800,220616790,6.8700,7.6200,5.4200,7.6800,0.0635,D/E:170,1,6.8200,True,False,False,False,False,False,DD12|RSI40|SPY20|ABNORMAL20,False,3-7d,XLP,,PG|KO|PEP,inflation|input_costs|fx_rates,POST_ANALYSIS_ACTUAL_FILL,LIVE_QUOTE_AT_ANALYSIS,True,1.0000,1.5000,1.0000,-5.0000,7,1.5000,3,SELL_50_PCT_AT_TP1_REST_AT_TP2,MOVE_REMAINDER_TO_BREAK_EVEN,EXIT_AT_OPEN_IF_OPEN_BELOW_SL,SL_FIRST,10,PENDING_ANALYSIS,3.4230,3.4230,5.1345,126.6930,128.4045,117.1065,Indicative levels use the signal close only. Final SL/TP1/TP2 and sizing must be recalculated from the actual post-analysis broker fill.,-41,2026-12-03,False,2026-08-27,2.4800,2.0100,23.5000,ALCISTA FUERTE,10,779.0900,8.4900,73.6000,15.0100,SIDI_INTRADAY_V2: Fund≥6.5 · DD60≥12% · RSI<40 · MACD↑ · Vol↓ · SPY20≤+1% · Abnormal20≤-10%,SIDI_INTRADAY_V2,False
TER,Teradyne,Information Technology,Semiconductor Materials & Equipment,2020-09-21,430.3200,445.0700,448.0000,427.0400,430.3200,2026-10-06,2026-10-07,79.1800,55.7100,UP,6.8192,7.8928,5.3588,False,0.8183,18.6857,0.7270,4.3420,378.6500,337.3600,398.3400,13.6400,27.5600,True,6.3825,ALCISTA,-4.1700,-4.7700,449.0400,451.8600,487.7200,131.5000,-11.7700,227.2500,0.8110,True,True,340.2100,1.0000,444.0000,False,-20.9400,HAMMER,7.0500,10.0000,6.0000,7.5000,4.0000,7.0000,7.0000,False,False,False,False,False,True,8.6800,13.0300,1.5000,SIDI_INTRADAY_V2,1.8025,4.7015,-0.6420,2.2903,295.0000,XLK,True,55.7878,34.8540,18.4884,14.2238,44.5600,0.3646,0.1975,0.2577,0.5924,1.0390,3.8580,2.8830,2.1250,437381248.0000,1150220032.0000,0.3803,63495454720,1.7470,3.2000,0.1200,156340750,6.6700,10.0000,6.9200,2.5000,0.0069,FCF/NI:0.38,1,6.8200,True,False,False,False,False,False,DD12|RSI40|MACD|SPY20|ABNORMAL20,False,10-18d,XLK,,AAPL|MSFT|NVDA,interest_rates|ai_capex_cycle|semiconductor_cycle,POST_ANALYSIS_ACTUAL_FILL,LIVE_QUOTE_AT_ANALYSIS,True,1.0000,1.5000,1.0000,-5.0000,7,1.5000,3,SELL_50_PCT_AT_TP1_REST_AT_TP2,MOVE_REMAINDER_TO_BREAK_EVEN,EXIT_AT_OPEN_IF_OPEN_BELOW_SL,SL_FIRST,10,PENDING_ANALYSIS,18.6857,18.6857,28.0286,449.0057,458.3485,408.8040,Indicative levels use the signal close only. Final SL/TP1/TP2 and sizing must be recalculated from the actual post-analysis broker fill.,14,2026-10-21,False,2026-07-28,2.4700,2.0500,20.3000,ALCISTA FUERTE,10,779.0900,8.4900,73.6000,15.0100,SIDI_INTRADAY_V2: Fund≥6.5 · DD60≥12% · RSI<40 · MACD↑ · Vol↓ · SPY20≤+1% · Abnormal20≤-10%,SIDI_INTRADAY_V2,False
ULTA,Ulta Beauty,Consumer Discretionary,Other Specialty Retail,2016-04-18,547.2900,540.8300,551.5000,540.0000,547.2900,2026-10-06,2026-10-07,60.1900,53.0800,UP,-1.3724,-1.7216,-1.7829,True,0.6018,13.8607,0.8500,2.5330,537.2400,555.2400,543.9400,1.8700,-1.4300,False,-0.2268,BAJISTA,-3.1600,-3.7200,565.1500,568.4400,714.9700,443.6000,-23.4500,23.3700,0.6860,True,True,503.0500,1.0000,543.2100,False,-8.0800,BULL_ENGULF,6.4500,6.5000,7.0000,7.5000,5.0000,5.0000,7.5000,False,False,False,False,True,True,5.0700,7.6000,1.5000,SIDI_INTRADAY_V2,1.8025,-0.5166,-0.1073,0.4414,295.0000,XLY,True,20.0760,17.1684,8.9195,1.8181,13.2920,0.4612,0.1484,0.0934,0.4310,0.0890,0.1330,95.4720,1.3450,914087360.0000,1210027008.0000,0.7554,23554449408,0.8380,3.5100,0.0000,42757471,7.0600,9.1800,6.3700,5.4000,0.0388,D/E:95,1,6.8200,True,False,False,False,False,False,DD12|RSI40|SPY20|ABNORMAL20,False,3-7d,XLY,,AMZN|TSLA|HD,consumer_spending|employment_data|interest_rates,POST_ANALYSIS_ACTUAL_FILL,LIVE_QUOTE_AT_ANALYSIS,True,1.0000,1.5000,1.0000,-5.0000,7,1.5000,3,SELL_50_PCT_AT_TP1_REST_AT_TP2,MOVE_REMAINDER_TO_BREAK_EVEN,EXIT_AT_OPEN_IF_OPEN_BELOW_SL,SL_FIRST,10,PENDING_ANALYSIS,13.8607,13.8607,20.7910,561.1507,568.0811,519.9255,Indicative levels use the signal close only. Final SL/TP1/TP2 and sizing must be recalculated from the actual post-analysis broker fill.,57,2026-12-03,False,2026-08-27,6.5500,6.2000,5.6000,ALCISTA FUERTE,10,779.0900,8.4900,73.6000,15.0100,SIDI_INTRADAY_V2: Fund≥6.5 · DD60≥12% · RSI<40 · MACD↑ · Vol↓ · SPY20≤+1% · Abnormal20≤-10%,SIDI_INTRADAY_V2,False
CBOE,Cboe Global Markets,Financials,Financial Exchanges & Data,2017-03-01,278.2000,276.8800,281.3800,271.6000,278.2000,2026-10-06,2026-10-07,55.5200,28.6300,UP,1.7356,1.2919,0.2767,True,0.6468,10.9014,1.0390,3.9190,286.9300,286.1800,275.0500,-3.0400,-2.7900,True,0.7402,BAJISTA,-11.1400,-12.2000,313.0800,316.8600,369.3800,226.5200,-24.6800,22.8100,0.7260,False,False,270.9100,2.0000,305.3400,True,-2.6200,HAMMER|DOJI|HAMMER,6.4500,7.0000,7.0000,5.0000,8.0000,5.0000,7.0000,False,False,False,False,True,False,7.8400,11.7600,1.5000,SIDI_INTRADAY_V2,1.8025,-5.0309,-0.4500,0.0911,295.0000,XLF,True,21.5160,18.2393,5.1304,5.6958,14.6470,0.2630,0.1158,0.2673,0.5408,0.2290,0.5020,28.0900,1.5650,678249984.0000,1347399936.0000,0.5034,28828180480,0.4140,2.8700,1.2400,104431019,7.0500,10.0000,6.8800,3.8100,0.0235,FCF/NI:0.50,1,6.8100,True,False,False,False,False,False,DD12|RSI40|VOLUME|SPY20|ABNORMAL20,False,3-7d,XLF,,JPM|BAC|WFC,interest_rates|yield_curve|credit_spreads|loan_growth,POST_ANALYSIS_ACTUAL_FILL,LIVE_QUOTE_AT_ANALYSIS,True,1.0000,1.5000,1.0000,-5.0000,7,1.5000,3,SELL_50_PCT_AT_TP1_REST_AT_TP2,MOVE_REMAINDER_TO_BREAK_EVEN,EXIT_AT_OPEN_IF_OPEN_BELOW_SL,SL_FIRST,10,PENDING_ANALYSIS,10.9014,10.9014,16.3521,289.1014,294.5521,264.2900,Indicative levels use the signal close only. Final SL/TP1/TP2 and sizing must be recalculated from the actual post-analysis broker fill.,23,2026-10-30,False,2026-07-31,3.5600,3.4900,2.0000,ALCISTA FUERTE,10,779.0900,8.4900,73.6000,15.0100,SIDI_INTRADAY_V2: Fund≥6.5 · DD60≥12% · RSI<40 · MACD↑ · Vol↓ · SPY20≤+1% · Abnormal20≤-10%,SIDI_INTRADAY_V2,False
NUE,Nucor,Materials,Steel,1985-04-30,251.0700,252.7900,253.2800,247.7400,251.0700,2026-10-06,2026-10-07,43.0100,32.4500,UP,0.2633,-0.4592,-2.0252,True,0.5664,7.8788,0.9750,3.1380,255.4000,214.5200,247.3500,-1.6900,17.0400,True,4.4512,NEUTRO,-8.4000,-10.1500,274.0900,279.4500,279.4500,129.8000,-10.1500,93.4300,0.8230,True,True,251.4100,1.0000,263.4000,True,0.1400,NONE,6.9000,8.5000,7.0000,7.5000,7.0000,5.0000,5.0000,False,False,False,False,True,True,6.2800,9.4100,1.5000,SIDI_INTRADAY_V2,1.8025,-5.1344,0.2494,0.8857,295.0000,XLB,True,19.7735,12.3928,2.5445,1.5583,11.0060,0.1455,0.0732,0.0799,0.1555,0.2300,0.9380,30.5120,2.5080,683374976.0000,2872999936.0000,0.2379,56256094208,1.8520,3.1300,0.8900,226875676,6.7500,10.0000,5.9300,3.9100,0.0121,FCF/NI:0.24,1,6.8100,True,False,False,False,False,False,DD12|RSI40|SPY20|ABNORMAL20,False,7-15d,XLB,,LIN|APD|ECL,commodity_prices|dxy|china_demand|energy_costs,POST_ANALYSIS_ACTUAL_FILL,LIVE_QUOTE_AT_ANALYSIS,True,1.0000,1.5000,1.0000,-5.0000,7,1.5000,3,SELL_50_PCT_AT_TP1_REST_AT_TP2,MOVE_REMAINDER_TO_BREAK_EVEN,EXIT_AT_OPEN_IF_OPEN_BELOW_SL,SL_FIRST,10,PENDING_ANALYSIS,7.8788,7.8788,11.8182,258.9488,262.8882,238.5165,Indicative levels use the signal close only. Final SL/TP1/TP2 and sizing must be recalculated from the actual post-analysis broker fill.,19,2026-10-26,False,2026-07-27,4.8400,4.5300,6.9000,ALCISTA FUERTE,10,779.0900,8.4900,73.6000,15.0100,SIDI_INTRADAY_V2: Fund≥6.5 · DD60≥12% · RSI<40 · MACD↑ · Vol↓ · SPY20≤+1% · Abnormal20≤-10%,SIDI_INTRADAY_V2,False
TGT,Target Corporation,Consumer Staples,Consumer Staples Merchandise Retail,1976-12-31,154.3300,152.8600,154.5600,152.3000,154.3300,2026-10-06,2026-10-07,49.1700,47.8300,UP,-0.6836,-0.6980,-0.5403,True,0.1681,3.4993,0.8290,2.2670,156.0400,127.9000,156.7100,-1.0900,20.6600,True,5.5610,NEUTRO,-9.1600,-9.6200,169.8900,170.7500,170.7500,81.2000,-9.6200,90.0500,1.0240,False,False,153.7600,2.0000,170.7500,True,-0.3700,NONE,6.6200,8.5000,7.0000,5.0000,7.0000,6.5000,5.0000,False,False,False,False,True,False,4.5300,6.8000,1.5000,SIDI_INTRADAY_V2,1.8025,-8.8999,0.2199,1.0686,295.0000,XLP,True,15.9455,16.0824,3.9095,0.6477,9.7630,0.2641,0.0569,0.0408,0.2838,0.0530,1.0050,107.5830,0.9880,3432999936.0000,4392000000.0000,0.7816,69758722048,0.9810,3.7100,3.0100,454291461,6.9400,7.6800,6.1400,7.0200,0.0492,D/E:108,1,6.8100,True,False,False,False,False,False,DD12|RSI40|VOLUME|SPY20|ABNORMAL20,False,7-15d,XLP,,PG|KO|PEP,inflation|input_costs|fx_rates,POST_ANALYSIS_ACTUAL_FILL,LIVE_QUOTE_AT_ANALYSIS,True,1.0000,1.5000,1.0000,-5.0000,7,1.5000,3,SELL_50_PCT_AT_TP1_REST_AT_TP2,MOVE_REMAINDER_TO_BREAK_EVEN,EXIT_AT_OPEN_IF_OPEN_BELOW_SL,SL_FIRST,10,PENDING_ANALYSIS,3.4993,3.4993,5.2489,157.8293,159.5790,146.6135,Indicative levels use the signal close only. Final SL/TP1/TP2 and sizing must be recalculated from the actual post-analysis broker fill.,42,2026-11-18,False,2026-08-19,4.1100,2.3400,75.8000,ALCISTA FUERTE,10,779.0900,8.4900,73.6000,15.0100,SIDI_INTRADAY_V2: Fund≥6.5 · DD60≥12% · RSI<40 · MACD↑ · Vol↓ · SPY20≤+1% · Abnormal20≤-10%,SIDI_INTRADAY_V2,False
NXPI,NXP Semiconductors,Information Technology,Semiconductors,2021-03-22,244.3800,242.9800,245.3500,240.4500,244.3800,2026-10-06,2026-10-07,76.9500,60.1300,UP,1.8095,1.8285,1.7824,False,0.8835,6.7214,0.7320,2.7500,230.9100,243.9500,235.3400,5.8300,0.1800,False,0.9559,ALCISTA,-13.5200,-15.2900,282.6000,288.4800,337.2800,179.8200,-27.5400,35.9000,0.5170,True,True,216.8100,4.0000,241.4000,False,-11.2800,HAMMER,7.0500,8.5000,6.0000,7.5000,6.0000,7.0000,7.0000,False,False,True,False,False,True,5.5000,8.2500,1.5000,SIDI_INTRADAY_V2,1.8025,3.6876,-0.1045,1.0448,295.0000,XLK,True,19.9001,12.8498,5.1570,4.4567,13.7610,0.2792,0.1046,0.2256,0.5610,0.1950,0.7260,93.3250,2.0400,3555000064.0000,2975000064.0000,1.1950,58761818112,1.8110,2.3400,1.6600,252164174,6.6400,5.8600,5.9600,8.3700,0.0605,D/E:93,1,6.8000,True,False,False,False,False,False,RSI40|MACD|SPY20|ABNORMAL20,False,10-18d,XLK,,AAPL|MSFT|NVDA,interest_rates|ai_capex_cycle|semiconductor_cycle,POST_ANALYSIS_ACTUAL_FILL,LIVE_QUOTE_AT_ANALYSIS,True,1.0000,1.5000,1.0000,-5.0000,7,1.5000,3,SELL_50_PCT_AT_TP1_REST_AT_TP2,MOVE_REMAINDER_TO_BREAK_EVEN,EXIT_AT_OPEN_IF_OPEN_BELOW_SL,SL_FIRST,10,PENDING_ANALYSIS,6.7214,6.7214,10.0821,251.1014,254.4621,232.1610,Indicative levels use the signal close only. Final SL/TP1/TP2 and sizing must be recalculated from the actual post-analysis broker fill.,20,2026-10-27,False,2026-07-28,3.6100,3.5300,2.4000,ALCISTA FUERTE,10,779.0900,8.4900,73.6000,15.0100,SIDI_INTRADAY_V2: Fund≥6.5 · DD60≥12% · RSI<40 · MACD↑ · Vol↓ · SPY20≤+1% · Abnormal20≤-10%,SIDI_INTRADAY_V2,False
BLK,BlackRock,Financials,Asset Management & Custody Banks,2011-04-04,1079.4200,1079.0100,1086.4500,1069.4200,1079.4200,2026-10-06,2026-10-07,62.6700,48.9500,UP,1.8443,0.6363,0.2251,True,0.7587,23.3600,0.9350,2.1640,1106.8300,1051.1600,1076.2000,-2.4800,2.6900,True,0.3109,NEUTRO,-8.2800,-8.6100,1176.8000,1181.1100,1194.4100,907.5900,-9.6300,18.9300,1.0080,True,True,1018.9800,3.0000,1072.2100,False,-5.6000,HAMMER|DOJI,6.9500,8.5000,7.0000,7.5000,6.0000,5.0000,7.0000,False,False,False,False,True,True,4.3300,6.4900,1.5000,SIDI_INTRADAY_V2,1.8025,4.7643,0.6087,1.0193,295.0000,XLF,True,25.3831,16.5228,2.8531,6.3118,15.7630,0.1228,0.0374,0.2409,0.4715,0.3060,0.1960,23.1920,2.4470,7578124800.0000,6576000000.0000,1.1524,172306808832,1.4210,3.7200,2.1200,154869259,6.6700,7.4800,6.8600,5.4900,0.0440,OK,0,6.7800,True,False,False,False,False,False,DD12|RSI40|SPY20|ABNORMAL20,False,7-15d,XLF,,JPM|BAC|WFC,interest_rates|yield_curve|credit_spreads|loan_growth,POST_ANALYSIS_ACTUAL_FILL,LIVE_QUOTE_AT_ANALYSIS,True,1.0000,1.5000,1.0000,-5.0000,7,1.5000,3,SELL_50_PCT_AT_TP1_REST_AT_TP2,MOVE_REMAINDER_TO_BREAK_EVEN,EXIT_AT_OPEN_IF_OPEN_BELOW_SL,SL_FIRST,10,PENDING_ANALYSIS,23.3600,23.3600,35.0400,1102.7800,1114.4600,1025.4490,Indicative levels use the signal close only. Final SL/TP1/TP2 and sizing must be recalculated from the actual post-analysis broker fill.,7,2026-10-14,True,2026-07-15,13.9100,12.6900,9.6000,ALCISTA FUERTE,10,779.0900,8.4900,73.6000,15.0100,SIDI_INTRADAY_V2: Fund≥6.5 · DD60≥12% · RSI<40 · MACD↑ · Vol↓ · SPY20≤+1% · Abnormal20≤-10%,SIDI_INTRADAY_V2,False
ADI,Analog Devices,Information Technology,Semiconductors,1999-10-12,420.5500,421.0800,422.6700,417.1900,420.5500,2026-10-06,2026-10-07,87.9700,68.0500,UP,4.5159,4.5562,3.6467,False,0.9349,10.7579,0.8760,2.5580,376.8300,359.2800,392.2400,11.6000,17.0500,True,3.5480,ALCISTA,0.0000,-0.5000,420.5500,422.6700,444.5600,220.7100,-5.4000,90.5400,0.7270,True,True,380.5100,3.0000,438.7100,False,-9.5200,HAMMER|HAMMER|DOJI,7.0500,10.0000,6.0000,7.5000,6.0000,5.0000,7.0000,False,False,False,False,False,True,5.1200,7.6700,1.5000,SIDI_INTRADAY_V2,1.8025,10.6383,0.4896,0.6915,295.0000,XLK,True,48.2856,24.8692,5.8719,14.1918,30.4250,0.1223,0.0641,0.2979,0.6580,0.3960,1.6350,27.3140,1.2500,4147339008.0000,4135003904.0000,1.0030,197007360000,1.2310,2.3300,1.0500,484565465,6.5800,9.5800,5.6000,4.2200,0.0211,OK,0,6.7700,True,False,False,False,False,False,DD12|RSI40|MACD|SPY20|ABNORMAL20,False,10-18d,XLK,,AAPL|MSFT|NVDA,interest_rates|ai_capex_cycle|semiconductor_cycle,POST_ANALYSIS_ACTUAL_FILL,LIVE_QUOTE_AT_ANALYSIS,True,1.0000,1.5000,1.0000,-5.0000,7,1.5000,3,SELL_50_PCT_AT_TP1_REST_AT_TP2,MOVE_REMAINDER_TO_BREAK_EVEN,EXIT_AT_OPEN_IF_OPEN_BELOW_SL,SL_FIRST,10,PENDING_ANALYSIS,10.7579,10.7579,16.1368,431.3079,436.6868,399.5225,Indicative levels use the signal close only. Final SL/TP1/TP2 and sizing must be recalculated from the actual post-analysis broker fill.,48,2026-11-24,False,2026-08-19,3.4500,3.3400,3.3000,ALCISTA FUERTE,10,779.0900,8.4900,73.6000,15.0100,SIDI_INTRADAY_V2: Fund≥6.5 · DD60≥12% · RSI<40 · MACD↑ · Vol↓ · SPY20≤+1% · Abnormal20≤-10%,SIDI_INTRADAY_V2,False
CAT,Caterpillar Inc.,Industrials,Construction Machinery & Heavy Transportation Equipment,1957-03-04,863.4400,853.0000,876.9500,851.4700,863.4400,2026-10-06,2026-10-07,77.6100,54.0200,UP,7.3057,6.2030,4.3231,True,1.0792,22.6064,0.7220,2.6180,822.4400,796.1700,823.9800,4.9900,8.4500,True,3.0626,ALCISTA,-7.3200,-10.3200,931.6100,962.8400,1071.4700,479.2400,-19.4200,80.1700,0.8530,True,True,797.6000,2.0000,887.9100,False,-7.6300,HAMMER,7.2500,10.0000,7.0000,7.5000,4.0000,7.0000,7.0000,False,False,False,False,True,True,5.2400,7.8500,1.5000,SIDI_INTRADAY_V2,1.8025,5.9275,0.0648,1.8279,295.0000,XLI,True,34.8416,24.9566,19.1826,4.9786,26.8350,0.5697,0.0903,0.1451,0.2971,0.2400,0.6820,232.7830,1.3680,5048999936.0000,10844000256.0000,0.4656,372047052800,1.5800,3.5400,0.7600,459674889,6.4500,10.0000,5.7900,3.0800,0.0136,FCF/NI:0.47|D/E:233,2,6.7700,False,False,False,False,False,False,DD12|RSI40|FUND65|SPY20|ABNORMAL20,False,10-18d,XLI,,UNP|HON|RTX,pmi_manufacturing|supply_chain|capex_cycle,POST_ANALYSIS_ACTUAL_FILL,LIVE_QUOTE_AT_ANALYSIS,True,1.0000,1.5000,1.0000,-5.0000,7,1.5000,3,SELL_50_PCT_AT_TP1_REST_AT_TP2,MOVE_REMAINDER_TO_BREAK_EVEN,EXIT_AT_OPEN_IF_OPEN_BELOW_SL,SL_FIRST,10,PENDING_ANALYSIS,22.6064,22.6064,33.9096,886.0464,897.3496,820.2680,Indicative levels use the signal close only. Final SL/TP1/TP2 and sizing must be recalculated from the actual post-analysis broker fill.,22,2026-10-29,False,2026-08-04,8.1700,6.2000,31.8000,ALCISTA FUERTE,10,779.0900,8.4900,73.6000,15.0100,SIDI_INTRADAY_V2: Fund≥6.5 · DD60≥12% · RSI<40 · MACD↑ · Vol↓ · SPY20≤+1% · Abnormal20≤-10%,SIDI_INTRADAY_V2,False
ROP,Roper Technologies,Information Technology,Electronic Equipment & Instruments,2009-12-23,362.2800,360.9800,364.3600,359.0800,362.2800,2026-10-06,2026-10-07,39.8400,14.8000,UP,0.0377,-0.7154,-2.3851,True,0.3901,8.8409,0.7690,2.4400,389.6000,366.3900,368.7100,-7.0100,-1.1200,True,-1.9305,BAJISTA,-14.7800,-15.4600,425.1300,428.5200,516.2900,304.4300,-29.8300,19.0000,0.6440,True,True,336.9700,3.0000,374.1100,False,-6.9900,NONE,7.1000,6.5000,8.5000,7.5000,7.0000,7.0000,5.0000,True,True,True,True,True,True,4.8800,7.3200,1.5000,SIDI_INTRADAY_V2,1.8025,-8.9590,0.8835,-0.6363,295.0000,XLK,True,14.9383,14.7061,1.8961,4.2822,14.4490,0.1307,0.0423,0.3024,0.6953,0.0850,2.3300,60.5310,0.5530,2265687552.0000,2504300032.0000,0.9047,35457941504,0.7510,8.0600,1.0000,98900874,6.5500,5.5900,4.7200,9.8300,0.0639,OK,0,6.7700,True,False,False,True,False,False,SPY20|ABNORMAL20,True,3-7d,XLK,,AAPL|MSFT|NVDA,interest_rates|ai_capex_cycle|semiconductor_cycle,POST_ANALYSIS_ACTUAL_FILL,LIVE_QUOTE_AT_ANALYSIS,True,1.0000,1.5000,1.0000,-5.0000,7,1.5000,3,SELL_50_PCT_AT_TP1_REST_AT_TP2,MOVE_REMAINDER_TO_BREAK_EVEN,EXIT_AT_OPEN_IF_OPEN_BELOW_SL,SL_FIRST,10,PENDING_ANALYSIS,8.8409,8.8409,13.2614,371.1209,375.5413,344.1660,Indicative levels use the signal close only. Final SL/TP1/TP2 and sizing must be recalculated from the actual post-analysis broker fill.,15,2026-10-22,False,2026-07-23,5.3800,5.2900,1.8000,ALCISTA FUERTE,10,779.0900,8.4900,73.6000,15.0100,SIDI_INTRADAY_V2: Fund≥6.5 · DD60≥12% · RSI<40 · MACD↑ · Vol↓ · SPY20≤+1% · Abnormal20≤-10%,SIDI_INTRADAY_V2,False
AMD,Advanced Micro Devices,Information Technology,Semiconductors,2017-03-20,649.4200,648.0400,658.5200,628.0000,649.4200,2026-10-06,2026-10-07,83.2800,68.6900,UP,3.5636,3.4818,4.8069,True,0.8123,25.3221,0.8720,3.8990,518.8200,379.0900,588.0800,25.1700,71.3100,True,10.7245,ALCISTA,0.0000,-1.3800,649.4200,658.5200,658.5200,188.2200,-1.3800,245.0300,1.0900,True,True,464.2100,3.0000,,False,-28.5200,HAMMER|HAMMER|DOJI|HAMMER|DOJI,7.2500,10.0000,7.0000,7.5000,6.0000,5.0000,7.0000,False,False,False,False,True,True,7.8000,11.7000,1.5000,SIDI_INTRADAY_V2,1.8025,2.9114,-0.9229,2.2765,295.0000,XLK,True,164.0740,40.9092,15.6143,25.4268,109.9480,0.1020,0.0513,0.1558,0.5572,0.5010,1.5950,6.3610,2.6090,8841499648.0000,6469000192.0000,1.3667,1049958940672,2.4540,2.2300,0.0000,1632475042,6.4300,10.0000,6.5400,2.1300,0.0084,OK,0,6.7600,False,False,False,False,False,False,DD12|RSI40|FUND65|SPY20|ABNORMAL20,False,10-18d,XLK,,AAPL|MSFT|NVDA,interest_rates|ai_capex_cycle|semiconductor_cycle,POST_ANALYSIS_ACTUAL_FILL,LIVE_QUOTE_AT_ANALYSIS,True,1.0000,1.5000,1.0000,-5.0000,7,1.5000,3,SELL_50_PCT_AT_TP1_REST_AT_TP2,MOVE_REMAINDER_TO_BREAK_EVEN,EXIT_AT_OPEN_IF_OPEN_BELOW_SL,SL_FIRST,10,PENDING_ANALYSIS,25.3221,25.3221,37.9831,674.7421,687.4031,616.9490,Indicative levels use the signal close only. Final SL/TP1/TP2 and sizing must be recalculated from the actual post-analysis broker fill.,27,2026-11-03,False,2026-08-04,1.6600,1.6100,3.2000,ALCISTA FUERTE,10,779.0900,8.4900,73.6000,15.0100,SIDI_INTRADAY_V2: Fund≥6.5 · DD60≥12% · RSI<40 · MACD↑ · Vol↓ · SPY20≤+1% · Abnormal20≤-10%,SIDI_INTRADAY_V2,False
DD,DuPont,Industrials,Industrial Conglomerates,2019-06-03,133.2800,131.3500,134.0000,130.6800,133.2800,2026-10-06,2026-10-07,70.5500,56.5700,UP,0.6112,0.4384,0.4299,True,0.9745,2.0779,0.6160,1.5590,134.9100,136.8100,130.9300,-1.2100,-2.5800,False,0.8624,BAJISTA,-9.1600,-10.4100,146.7200,148.7700,156.0400,90.8900,-14.5900,46.6400,0.7020,True,True,131.7300,6.0000,141.3700,True,-1.1600,HAMMER,7.2500,5.5000,7.0000,7.5000,10.0000,7.0000,7.0000,False,False,False,False,True,True,3.1200,4.6800,1.5000,SIDI_INTRADAY_V2,1.8025,3.6114,0.5070,0.7033,295.0000,XLI,True,35.1129,16.3998,1.2811,2.5238,12.3500,0.0179,0.0207,0.0079,0.3513,0.0400,1.4960,22.9020,2.4270,1835250048.0000,306000000.0000,5.9975,17636249600,1.0790,4.0400,1.8000,135019401,6.4100,5.7800,5.9100,7.7300,0.1041,OK,0,6.7500,False,False,False,False,False,False,DD12|RSI40|FUND65|SPY20|ABNORMAL20,False,3-7d,XLI,,CAT|UNP|HON,pmi_manufacturing|supply_chain|capex_cycle,POST_ANALYSIS_ACTUAL_FILL,LIVE_QUOTE_AT_ANALYSIS,True,1.0000,1.5000,1.0000,-5.0000,7,1.5000,3,SELL_50_PCT_AT_TP1_REST_AT_TP2,MOVE_REMAINDER_TO_BREAK_EVEN,EXIT_AT_OPEN_IF_OPEN_BELOW_SL,SL_FIRST,10,PENDING_ANALYSIS,2.0779,2.0779,3.1169,135.3579,136.3969,126.6160,Indicative levels use the signal close only. Final SL/TP1/TP2 and sizing must be recalculated from the actual post-analysis broker fill.,27,2026-11-03,False,2026-08-04,1.8800,1.7600,6.8000,ALCISTA FUERTE,10,779.0900,8.4900,73.6000,15.0100,SIDI_INTRADAY_V2: Fund≥6.5 · DD60≥12% · RSI<40 · MACD↑ · Vol↓ · SPY20≤+1% · Abnormal20≤-10%,SIDI_INTRADAY_V2,False
PSA,Public Storage,Real Estate,Self-Storage REITs,2005-08-19,285.8500,283.1400,287.7200,281.6400,285.8500,2026-10-06,2026-10-07,39.1800,42.3900,DOWN,0.2330,-0.1083,-0.2646,True,0.3324,5.3786,0.8100,1.8820,305.7600,294.5800,290.3100,-6.5100,-2.9600,True,0.9914,BAJISTA,-12.6100,-13.9400,327.1100,332.1400,332.1400,249.0600,-13.9400,14.7700,1.0710,True,True,287.1800,4.0000,305.3200,True,0.4700,NONE,7.1500,7.0000,7.5000,7.5000,10.0000,5.0000,5.0000,True,True,True,True,True,True,3.7600,5.6400,1.5000,SIDI_INTRADAY_V2,1.8025,2.3031,0.2275,1.1811,295.0000,XLRE,True,27.1461,28.8433,10.3124,10.8151,18.7880,0.2193,0.0698,0.4163,0.7442,0.0330,0.4510,109.6320,0.2200,2334240256.0000,1845432960.0000,1.2649,53107159040,0.9290,7.9600,4.2000,186852295,6.4500,6.3700,7.1000,5.8000,0.0440,D/E:110,1,6.7300,False,False,False,True,False,False,FUND65|SPY20|ABNORMAL20,False,3-7d,XLRE,,PLD|AMT|EQIX,interest_rates|cap_rates|occupancy_trends,POST_ANALYSIS_ACTUAL_FILL,LIVE_QUOTE_AT_ANALYSIS,True,1.0000,1.5000,1.0000,-5.0000,7,1.5000,3,SELL_50_PCT_AT_TP1_REST_AT_TP2,MOVE_REMAINDER_TO_BREAK_EVEN,EXIT_AT_OPEN_IF_OPEN_BELOW_SL,SL_FIRST,10,PENDING_ANALYSIS,5.3786,5.3786,8.0679,291.2286,293.9179,271.5575,Indicative levels use the signal close only. Final SL/TP1/TP2 and sizing must be recalculated from the actual post-analysis broker fill.,19,2026-10-26,False,2026-07-29,2.4500,2.5300,-2.9000,ALCISTA FUERTE,10,779.0900,8.4900,73.6000,15.0100,SIDI_INTRADAY_V2: Fund≥6.5 · DD60≥12% · RSI<40 · MACD↑ · Vol↓ · SPY20≤+1% · Abnormal20≤-10%,SIDI_INTRADAY_V2,False
CAH,Cardinal Health,Health Care,Health Care Distributors,1997-05-27,233.4400,233.6900,235.1900,231.6400,233.4400,2026-10-06,2026-10-07,52.0100,20.8000,UP,1.1249,0.7585,-0.2246,True,0.7290,5.7178,1.0390,2.4490,232.3600,217.3800,228.6400,0.4700,7.3900,True,1.2145,ALCISTA,-5.8800,-9.4100,248.0300,257.7000,257.7000,150.4500,-9.4100,55.1600,0.6110,True,True,227.1500,1.0000,242.6500,True,-2.6900,HAMMER|HAMMER|DOJI,7.4000,10.0000,7.0000,7.5000,7.0000,5.0000,7.0000,False,False,False,False,True,True,4.9000,7.3500,1.5000,SIDI_INTRADAY_V2,1.8025,-3.6871,-0.1021,0.5842,295.0000,XLV,True,32.4163,16.6737,-18.9420,0.2135,14.0420,,0.0372,0.0067,0.0384,0.0580,0.6880,,0.8830,4752500224.0000,1714000000.0000,2.7728,54270562304,0.5010,4.4900,0.8800,231559345,6.2700,6.9200,5.6500,6.2500,0.0876,OK,0,6.7200,False,False,False,False,False,False,DD12|RSI40|FUND65|SPY20|ABNORMAL20,False,10-18d,XLV,,UNH|JNJ|LLY,fda_calendar|drug_pricing_policy|patent_cliffs,POST_ANALYSIS_ACTUAL_FILL,LIVE_QUOTE_AT_ANALYSIS,True,1.0000,1.5000,1.0000,-5.0000,7,1.5000,3,SELL_50_PCT_AT_TP1_REST_AT_TP2,MOVE_REMAINDER_TO_BREAK_EVEN,EXIT_AT_OPEN_IF_OPEN_BELOW_SL,SL_FIRST,10,PENDING_ANALYSIS,5.7178,5.7178,8.5767,239.1578,242.0167,221.7680,Indicative levels use the signal close only. Final SL/TP1/TP2 and sizing must be recalculated from the actual post-analysis broker fill.,29,2026-11-05,False,2026-08-11,2.6000,2.4200,7.4000,ALCISTA FUERTE,10,779.0900,8.4900,73.6000,15.0100,SIDI_INTRADAY_V2: Fund≥6.5 · DD60≥12% · RSI<40 · MACD↑ · Vol↓ · SPY20≤+1% · Abnormal20≤-10%,SIDI_INTRADAY_V2,False
HWM,Howmet Aerospace,Industrials,Aerospace & Defense,2016-10-21,231.6000,229.6600,231.7300,225.1000,231.6000,2026-10-06,2026-10-07,55.1400,47.8200,UP,2.0122,1.8698,1.5712,True,0.8104,5.5186,0.6410,2.3830,255.8400,248.6900,233.8900,-9.4800,-6.8700,True,1.3006,BAJISTA,-20.8600,-25.2500,292.6500,309.8500,309.8500,183.4500,-25.2500,26.2500,0.7920,True,True,223.1600,2.0000,233.4200,True,-3.6500,HAMMER|HAMMER,7.2500,7.0000,7.0000,7.5000,8.0000,7.0000,7.0000,False,False,True,False,True,True,4.7700,7.1500,1.5000,SIDI_INTRADAY_V2,1.8025,3.0497,-0.0823,1.2541,295.0000,XLI,True,48.2780,34.6595,15.6322,9.7988,34.5250,0.3473,0.1281,0.2052,0.3603,0.2410,0.3300,81.3680,1.8180,1189874944.0000,1870000000.0000,0.6363,89335504896,1.2040,2.6500,0.2400,398801399,6.3700,10.0000,5.7700,2.8300,0.0133,FCF/NI:0.64|D/E:81,2,6.7200,False,False,False,False,False,False,RSI40|FUND65|SPY20|ABNORMAL20,False,3-7d,XLI,,CAT|UNP|HON,pmi_manufacturing|supply_chain|capex_cycle,POST_ANALYSIS_ACTUAL_FILL,LIVE_QUOTE_AT_ANALYSIS,True,1.0000,1.5000,1.0000,-5.0000,7,1.5000,3,SELL_50_PCT_AT_TP1_REST_AT_TP2,MOVE_REMAINDER_TO_BREAK_EVEN,EXIT_AT_OPEN_IF_OPEN_BELOW_SL,SL_FIRST,10,PENDING_ANALYSIS,5.5186,5.5186,8.2779,237.1186,239.8779,220.0200,Indicative levels use the signal close only. Final SL/TP1/TP2 and sizing must be recalculated from the actual post-analysis broker fill.,22,2026-10-29,False,2026-08-06,1.3300,1.2500,6.7000,ALCISTA FUERTE,10,779.0900,8.4900,73.6000,15.0100,SIDI_INTRADAY_V2: Fund≥6.5 · DD60≥12% · RSI<40 · MACD↑ · Vol↓ · SPY20≤+1% · Abnormal20≤-10%,SIDI_INTRADAY_V2,False
BBY,Best Buy,Consumer Discretionary,Computer & Electronics Retail,1999-06-29,84.8500,87.0500,87.4100,84.8100,84.8500,2026-10-06,2026-10-07,31.2000,53.6600,DOWN,-0.9299,-0.7807,-0.7279,False,0.0215,2.7886,0.9360,3.2860,86.9300,71.5600,88.7300,-2.3900,18.5700,True,2.7146,NEUTRO,-10.5100,-12.1000,94.8200,96.5300,96.5300,53.8100,-12.1000,57.6800,0.9700,True,True,76.1400,2.0000,86.4400,False,-10.2700,HAMMER|DOJI,7.0000,8.5000,6.5000,7.5000,4.0000,8.0000,7.0000,False,False,False,True,False,True,6.5700,9.8600,1.5000,SIDI_INTRADAY_V2,1.8025,-9.4637,-0.5372,0.7246,295.0000,XLY,True,14.1681,11.8047,5.6286,0.4232,7.4590,0.4313,0.0725,0.0301,0.2260,0.0360,0.7010,130.0970,1.1170,1403374976.0000,1272000000.0000,1.1033,17858314240,1.2820,3.7700,4.5300,209727698,6.5000,6.3900,5.9200,7.3100,0.0786,D/E:130,1,6.7000,True,False,False,False,False,False,DD12|MACD|SPY20|ABNORMAL20,False,7-15d,XLY,,AMZN|TSLA|HD,consumer_spending|employment_data|interest_rates,POST_ANALYSIS_ACTUAL_FILL,LIVE_QUOTE_AT_ANALYSIS,True,1.0000,1.5000,1.0000,-5.0000,7,1.5000,3,SELL_50_PCT_AT_TP1_REST_AT_TP2,MOVE_REMAINDER_TO_BREAK_EVEN,EXIT_AT_OPEN_IF_OPEN_BELOW_SL,SL_FIRST,10,PENDING_ANALYSIS,2.7886,2.7886,4.1829,87.6386,89.0329,80.6075,Indicative levels use the signal close only. Final SL/TP1/TP2 and sizing must be recalculated from the actual post-analysis broker fill.,48,2026-11-24,False,2026-08-27,1.4700,1.3800,6.5000,ALCISTA FUERTE,10,779.0900,8.4900,73.6000,15.0100,SIDI_INTRADAY_V2: Fund≥6.5 · DD60≥12% · RSI<40 · MACD↑ · Vol↓ · SPY20≤+1% · Abnormal20≤-10%,SIDI_INTRADAY_V2,False
CHRW,C.H. Robinson,Industrials,Air Freight & Logistics,2007-03-02,135.0500,140.8300,141.0000,133.3100,135.0500,2026-10-06,2026-10-07,29.9300,48.3900,DOWN,-0.9109,-0.0568,0.2730,False,-0.1979,5.8671,1.0710,4.3440,149.2800,170.9200,148.7200,-9.5400,-20.9900,False,-0.2464,BAJISTA,-35.2300,-35.5100,208.5200,209.4300,209.4300,121.7800,-35.5100,10.8900,2.0240,False,False,,0.0000,152.5900,False,,HAMMER|DOJI,6.0000,5.0000,7.5000,5.0000,4.0000,8.0000,7.0000,False,False,True,True,False,False,8.6900,13.0300,1.5000,SIDI_INTRADAY_V2,1.8025,-7.3997,0.1010,0.3762,295.0000,XLI,True,25.6851,17.9217,9.6841,0.9237,18.8700,0.3712,0.0996,0.0373,0.0845,0.1930,0.2380,121.1880,1.5820,480618368.0000,633326976.0000,0.7589,15699714048,0.9490,3.9000,1.8700,116648446,7.1600,9.8500,6.3900,4.9200,0.0306,D/E:121,1,6.7000,True,False,False,False,False,False,MACD|VOLUME|SPY20|ABNORMAL20,False,3-7d,XLI,,CAT|UNP|HON,pmi_manufacturing|supply_chain|capex_cycle,POST_ANALYSIS_ACTUAL_FILL,LIVE_QUOTE_AT_ANALYSIS,True,1.0000,1.5000,1.0000,-5.0000,7,1.5000,3,SELL_50_PCT_AT_TP1_REST_AT_TP2,MOVE_REMAINDER_TO_BREAK_EVEN,EXIT_AT_OPEN_IF_OPEN_BELOW_SL,SL_FIRST,10,PENDING_ANALYSIS,5.8671,5.8671,8.8006,140.9171,143.8507,128.2975,Indicative levels use the signal close only. Final SL/TP1/TP2 and sizing must be recalculated from the actual post-analysis broker fill.,21,2026-10-28,False,2026-07-29,1.6100,1.5200,5.6000,ALCISTA FUERTE,10,779.0900,8.4900,73.6000,15.0100,SIDI_INTRADAY_V2: Fund≥6.5 · DD60≥12% · RSI<40 · MACD↑ · Vol↓ · SPY20≤+1% · Abnormal20≤-10%,SIDI_INTRADAY_V2,False
PEP,PepsiCo,Consumer Staples,Soft Drinks & Non-alcoholic Beverages,1957-03-04,125.7100,125.6600,127.2100,124.6300,125.7100,2026-10-06,2026-10-07,18.8900,18.2000,UP,-0.3737,-0.4718,-0.6029,True,0.1956,2.3129,0.8760,1.8400,135.6500,144.3500,130.0600,-7.3300,-12.9200,False,-0.8277,BAJISTA,-12.1800,-12.9200,143.1400,144.3600,166.4100,124.2200,-24.4600,1.2000,1.0720,False,False,,0.0000,140.4600,False,,HAMMER|DOJI|HAMMER|HAMMER|DOJI,6.1700,5.0000,9.5000,5.0000,4.0000,6.5000,7.0000,False,False,True,True,True,False,3.6800,5.5200,1.5000,SIDI_INTRADAY_V2,1.8025,-5.9069,-0.1253,1.0223,295.0000,XLP,True,16.3394,13.9918,7.7066,1.7574,11.3470,0.5151,0.0893,0.1079,0.5417,0.0640,1.3700,238.9490,0.9340,7831875072.0000,10451000320.0000,0.7494,170299211776,0.3640,3.4600,4.7100,1366000000,7.0500,8.3400,6.2300,6.4800,0.0460,FCF/NI:0.75|D/E:239,2,6.7000,True,False,False,False,False,False,VOLUME|SPY20|ABNORMAL20,False,3-7d,XLP,,PG|KO|WMT,inflation|input_costs|fx_rates,POST_ANALYSIS_ACTUAL_FILL,LIVE_QUOTE_AT_ANALYSIS,True,1.0000,1.5000,1.0000,-5.0000,7,1.5000,3,SELL_50_PCT_AT_TP1_REST_AT_TP2,MOVE_REMAINDER_TO_BREAK_EVEN,EXIT_AT_OPEN_IF_OPEN_BELOW_SL,SL_FIRST,10,PENDING_ANALYSIS,2.3129,2.3129,3.4693,128.0229,129.1793,119.4245,Indicative levels use the signal close only. Final SL/TP1/TP2 and sizing must be recalculated from the actual post-analysis broker fill.,1,2026-10-08,True,2026-07-09,2.2000,2.2100,-37.0000,ALCISTA FUERTE,10,779.0900,8.4900,73.6000,15.0100,SIDI_INTRADAY_V2: Fund≥6.5 · DD60≥12% · RSI<40 · MACD↑ · Vol↓ · SPY20≤+1% · Abnormal20≤-10%,SIDI_INTRADAY_V2,False
WSM,"Williams-Sonoma, Inc.",Consumer Discretionary,Homefurnishing Retail,2025-03-24,242.2500,240.7000,246.4300,239.2200,242.2500,2026-10-06,2026-10-07,77.4100,52.6500,UP,1.7862,1.3982,1.0266,True,1.0730,6.5500,0.9110,2.7040,234.0500,208.5500,231.4000,3.5000,16.1600,True,2.4468,ALCISTA,-3.7900,-4.9600,251.7800,254.8900,254.8900,164.9600,-4.9600,46.8500,1.0180,False,False,216.1300,4.0000,243.8400,False,-10.7800,NONE,6.5500,10.0000,7.0000,5.0000,6.0000,5.0000,5.0000,False,False,False,False,True,False,5.4100,8.1100,1.5000,SIDI_INTRADAY_V2,1.8025,3.6433,0.2535,0.6831,295.0000,XLY,True,24.5723,22.7865,15.0869,3.5246,17.4920,0.5496,0.1664,0.1473,0.4569,0.0670,0.4200,71.3690,1.4470,1069320128.0000,1179083008.0000,0.9069,28214857728,1.4690,4.7600,1.2500,117768000,6.8000,8.0300,7.1000,5.0200,0.0379,OK,0,6.7000,True,False,False,False,False,False,DD12|RSI40|VOLUME|SPY20|ABNORMAL20,False,10-18d,XLY,,AMZN|TSLA|HD,consumer_spending|employment_data|interest_rates,POST_ANALYSIS_ACTUAL_FILL,LIVE_QUOTE_AT_ANALYSIS,True,1.0000,1.5000,1.0000,-5.0000,7,1.5000,3,SELL_50_PCT_AT_TP1_REST_AT_TP2,MOVE_REMAINDER_TO_BREAK_EVEN,EXIT_AT_OPEN_IF_OPEN_BELOW_SL,SL_FIRST,10,PENDING_ANALYSIS,6.5500,6.5500,9.8250,248.8000,252.0750,230.1375,Indicative levels use the signal close only. Final SL/TP1/TP2 and sizing must be recalculated from the actual post-analysis broker fill.,42,2026-11-18,False,2026-08-26,2.8400,2.0600,37.9000,ALCISTA FUERTE,10,779.0900,8.4900,73.6000,15.0100,SIDI_INTRADAY_V2: Fund≥6.5 · DD60≥12% · RSI<40 · MACD↑ · Vol↓ · SPY20≤+1% · Abnormal20≤-10%,SIDI_INTRADAY_V2,False
MPWR,Monolithic Power Systems,Information Technology,Semiconductors,2021-02-12,1473.6900,1487.8800,1491.6400,1458.7900,1473.6899,2026-10-06,2026-10-07,84.4200,65.4000,UP,24.5500,24.3557,18.2505,True,0.8974,54.7301,0.8150,3.7140,1308.4200,1284.8400,1341.7300,12.6300,14.7000,True,2.9557,ALCISTA,-0.4200,-5.8900,1479.8900,1565.9000,1708.9500,827.6300,-13.7700,78.0600,0.5200,True,True,1232.5300,3.0000,1473.2000,False,-16.3600,NONE,7.0500,10.0000,7.0000,7.5000,6.0000,5.0000,5.0000,False,False,False,False,True,True,7.4300,11.1400,1.5000,SIDI_INTRADAY_V2,1.8025,13.8948,0.1581,1.2978,295.0000,XLK,True,86.6971,40.7515,17.9805,21.3994,71.0070,0.2198,0.1357,0.2450,0.5520,0.4760,0.8580,0.4860,4.9750,444316128.0000,801945984.0000,0.5540,70043516928,1.6810,3.1000,0.5400,49143000,6.4500,9.6500,6.9100,2.1700,0.0063,FCF/NI:0.55,1,6.6900,False,False,False,False,False,False,DD12|RSI40|FUND65|SPY20|ABNORMAL20,False,10-18d,XLK,,AAPL|MSFT|NVDA,interest_rates|ai_capex_cycle|semiconductor_cycle,POST_ANALYSIS_ACTUAL_FILL,LIVE_QUOTE_AT_ANALYSIS,True,1.0000,1.5000,1.0000,-5.0000,7,1.5000,3,SELL_50_PCT_AT_TP1_REST_AT_TP2,MOVE_REMAINDER_TO_BREAK_EVEN,EXIT_AT_OPEN_IF_OPEN_BELOW_SL,SL_FIRST,10,PENDING_ANALYSIS,54.7301,54.7301,82.0952,1528.4201,1555.7852,1400.0055,Indicative levels use the signal close only. Final SL/TP1/TP2 and sizing must be recalculated from the actual post-analysis broker fill.,22,2026-10-29,False,2026-07-30,6.5000,5.8800,10.5000,ALCISTA FUERTE,10,779.0900,8.4900,73.6000,15.0100,SIDI_INTRADAY_V2: Fund≥6.5 · DD60≥12% · RSI<40 · MACD↑ · Vol↓ · SPY20≤+1% · Abnormal20≤-10%,SIDI_INTRADAY_V2,False
HPE,Hewlett Packard Enterprise,Information Technology,"Technology Hardware, Storage & Peripherals",2015-11-02,70.4800,69.7700,71.2200,68.5600,70.4800,2026-10-06,2026-10-07,81.7700,54.6500,UP,0.7141,0.5967,0.2595,True,0.9970,3.5851,1.1190,5.0870,56.4900,37.1800,62.5000,24.7700,89.5800,True,11.9124,ALCISTA,0.0000,-1.0400,70.4800,71.2200,71.2200,19.5700,-1.0400,260.1000,0.7440,False,False,55.2600,2.0000,,False,-21.5900,HAMMER,6.4500,10.0000,7.0000,5.0000,4.0000,5.0000,7.0000,False,False,False,False,True,False,10.1700,15.2600,1.5000,SIDI_INTRADAY_V2,1.8025,4.5392,-0.6977,1.4776,295.0000,XLK,True,37.6701,15.5199,3.6606,2.3169,15.6350,0.1094,0.0264,0.0667,0.3662,0.3370,4.1020,76.4640,1.1130,4738625024.0000,2675000064.0000,1.7714,97011130368,1.4040,2.3000,0.8100,1327464779,6.8400,8.8200,4.6100,7.1200,0.0488,OK,0,6.6800,True,False,False,False,False,False,DD12|RSI40|VOLUME|SPY20|ABNORMAL20,False,10-18d,XLK,,AAPL|MSFT|NVDA,interest_rates|ai_capex_cycle|semiconductor_cycle,POST_ANALYSIS_ACTUAL_FILL,LIVE_QUOTE_AT_ANALYSIS,True,1.0000,1.5000,1.0000,-5.0000,7,1.5000,3,SELL_50_PCT_AT_TP1_REST_AT_TP2,MOVE_REMAINDER_TO_BREAK_EVEN,EXIT_AT_OPEN_IF_OPEN_BELOW_SL,SL_FIRST,10,PENDING_ANALYSIS,3.5851,3.5851,5.3777,74.0651,75.8577,66.9560,Indicative levels use the signal close only. Final SL/TP1/TP2 and sizing must be recalculated from the actual post-analysis broker fill.,-35,2026-12-03,False,2026-09-02,1.1100,0.9400,18.4000,ALCISTA FUERTE,10,779.0900,8.4900,73.6000,15.0100,SIDI_INTRADAY_V2: Fund≥6.5 · DD60≥12% · RSI<40 · MACD↑ · Vol↓ · SPY20≤+1% · Abnormal20≤-10%,SIDI_INTRADAY_V2,False
FAST,Fastenal,Industrials,Trading Companies & Distributors,2008-09-15,50.8100,50.6300,51.3900,50.5300,50.8100,2026-10-06,2026-10-07,66.8600,62.9700,UP,0.0841,0.0745,0.0300,True,0.8234,0.9093,0.7800,1.7900,50.0200,46.0000,50.1200,1.5800,10.4600,True,2.1547,ALCISTA,-3.0000,-3.9900,52.3800,52.9200,52.9200,38.3400,-3.9900,32.5300,0.6770,True,True,48.6100,3.0000,52.1600,False,-4.3300,HAMMER|DOJI,7.5500,10.0000,7.0000,7.5000,6.0000,7.0000,7.0000,False,False,False,False,True,True,3.5800,5.3700,1.5000,SIDI_INTRADAY_V2,1.8025,2.9939,-0.2749,0.7906,295.0000,XLI,True,42.8333,35.7252,14.1328,6.5727,29.9490,0.3433,0.2152,0.1545,0.4470,0.1470,0.1460,10.8510,4.1800,916124992.0000,1352099968.0000,0.6776,57506844672,0.6900,6.0100,1.8900,1147497573,6.0600,6.9700,7.6400,3.1500,0.0159,FCF/NI:0.68,1,6.6600,False,False,False,False,False,False,DD12|RSI40|FUND65|SPY20|ABNORMAL20,False,10-18d,XLI,,CAT|UNP|HON,pmi_manufacturing|supply_chain|capex_cycle,POST_ANALYSIS_ACTUAL_FILL,LIVE_QUOTE_AT_ANALYSIS,True,1.0000,1.5000,1.0000,-5.0000,7,1.5000,3,SELL_50_PCT_AT_TP1_REST_AT_TP2,MOVE_REMAINDER_TO_BREAK_EVEN,EXIT_AT_OPEN_IF_OPEN_BELOW_SL,SL_FIRST,10,PENDING_ANALYSIS,0.9093,0.9093,1.3639,51.7193,52.1740,48.2695,Indicative levels use the signal close only. Final SL/TP1/TP2 and sizing must be recalculated from the actual post-analysis broker fill.,7,2026-10-14,True,2026-07-14,0.3300,0.3300,1.2000,ALCISTA FUERTE,10,779.0900,8.4900,73.6000,15.0100,SIDI_INTRADAY_V2: Fund≥6.5 · DD60≥12% · RSI<40 · MACD↑ · Vol↓ · SPY20≤+1% · Abnormal20≤-10%,SIDI_INTRADAY_V2,False
ALB,Albemarle Corporation,Materials,Specialty Chemicals,2016-07-01,106.3500,105.4100,107.5900,104.9800,106.3500,2026-10-06,2026-10-07,45.3300,29.8000,UP,-0.2084,-0.4918,-0.7231,True,0.2777,3.9057,0.7440,3.6730,122.1600,154.2100,112.0500,-12.9400,-31.0400,False,-0.9034,BAJISTA,-25.5100,-25.9300,142.7700,143.5800,219.7000,87.0100,-51.5900,22.2200,0.6290,True,True,107.9000,1.0000,117.5900,True,1.4600,NONE,6.7300,5.0000,7.0000,7.5000,7.0000,8.5000,5.0000,False,False,True,False,True,True,7.3500,11.0200,1.5000,SIDI_INTRADAY_V2,1.8025,-10.4795,0.2425,1.0522,295.0000,XLB,True,382.3122,9.1394,1.5149,2.0618,10.3950,0.0265,0.0316,0.0379,0.2396,0.3110,,18.9760,2.0860,1334340224.0000,57427000.0000,23.2354,12180988928,1.3590,5.0000,1.5400,118005057,6.5900,7.5000,5.9800,6.2400,0.1095,OK,0,6.6500,True,False,True,False,False,False,RSI40|SPY20,False,3-7d,XLB,,LIN|APD|ECL,commodity_prices|dxy|china_demand|energy_costs,POST_ANALYSIS_ACTUAL_FILL,LIVE_QUOTE_AT_ANALYSIS,True,1.0000,1.5000,1.0000,-5.0000,7,1.5000,3,SELL_50_PCT_AT_TP1_REST_AT_TP2,MOVE_REMAINDER_TO_BREAK_EVEN,EXIT_AT_OPEN_IF_OPEN_BELOW_SL,SL_FIRST,10,PENDING_ANALYSIS,3.9057,3.9057,5.8586,110.2557,112.2085,101.0325,Indicative levels use the signal close only. Final SL/TP1/TP2 and sizing must be recalculated from the actual post-analysis broker fill.,28,2026-11-04,False,2026-08-05,3.7500,3.2400,15.7000,ALCISTA FUERTE,10,779.0900,8.4900,73.6000,15.0100,SIDI_INTRADAY_V2: Fund≥6.5 · DD60≥12% · RSI<40 · MACD↑ · Vol↓ · SPY20≤+1% · Abnormal20≤-10%,SIDI_INTRADAY_V2,False
GRMN,Garmin,Consumer Discretionary,Consumer Electronics,2012-12-12,279.2100,285.9200,286.4700,278.3800,279.2100,2026-10-06,2026-10-07,52.3600,70.7900,DOWN,-0.4612,-0.0004,0.6138,False,0.3829,7.6671,1.0000,2.7460,288.7500,245.4000,284.1100,-3.3000,13.7800,True,3.6339,NEUTRO,-10.5000,-10.8100,311.9500,313.0700,313.0700,183.6400,-10.8100,52.0500,0.8430,True,True,268.9500,2.0000,284.2100,True,-3.6700,NONE,6.5000,8.5000,5.0000,7.5000,7.0000,5.0000,5.0000,False,False,False,False,False,True,5.4900,8.2400,1.5000,SIDI_INTRADAY_V2,1.8025,-0.2040,0.1849,0.5042,295.0000,XLY,True,28.4572,25.0567,5.8916,6.9322,22.2400,0.2189,0.1217,0.2447,0.6008,0.1140,0.3530,2.5130,3.0280,1043656256.0000,1877294976.0000,0.5559,53180100608,0.8300,3.7100,1.5000,192856206,6.7500,10.0000,6.1500,3.6600,0.0196,FCF/NI:0.56,1,6.6500,True,False,False,False,False,False,DD12|RSI40|MACD|SPY20|ABNORMAL20,False,7-15d,XLY,,AMZN|TSLA|HD,consumer_spending|employment_data|interest_rates,POST_ANALYSIS_ACTUAL_FILL,LIVE_QUOTE_AT_ANALYSIS,True,1.0000,1.5000,1.0000,-5.0000,7,1.5000,3,SELL_50_PCT_AT_TP1_REST_AT_TP2,MOVE_REMAINDER_TO_BREAK_EVEN,EXIT_AT_OPEN_IF_OPEN_BELOW_SL,SL_FIRST,10,PENDING_ANALYSIS,7.6671,7.6671,11.5007,286.8771,290.7106,265.2495,Indicative levels use the signal close only. Final SL/TP1/TP2 and sizing must be recalculated from the actual post-analysis broker fill.,999,2026-10-28,False,2026-07-29,2.8100,2.2900,22.5000,ALCISTA FUERTE,10,779.0900,8.4900,73.6000,15.0100,SIDI_INTRADAY_V2: Fund≥6.5 · DD60≥12% · RSI<40 · MACD↑ · Vol↓ · SPY20≤+1% · Abnormal20≤-10%,SIDI_INTRADAY_V2,False
HON,Honeywell Technologies,Industrials,Industrial Conglomerates,1957-03-04,212.8700,213.7400,215.3700,210.7400,212.8700,2026-10-06,2026-10-07,65.7400,62.1200,UP,1.3361,1.4985,1.5321,False,0.7298,3.8693,0.6640,1.8180,220.1100,229.0100,211.8500,-3.2900,-7.0500,False,0.4284,BAJISTA,-14.1800,-15.2700,248.0500,251.2500,258.0900,193.2600,-17.5200,10.1500,1.0770,True,True,216.1600,3.0000,229.8600,True,1.5400,HAMMER|HAMMER,7.0500,5.5000,6.0000,7.5000,10.0000,7.0000,7.0000,False,False,True,False,False,True,3.6400,5.4500,1.5000,SIDI_INTRADAY_V2,1.8025,6.4335,-0.0646,0.9221,295.0000,XLI,True,7.6870,21.1592,3.5604,1.7342,10.9900,0.4658,0.0572,0.2158,0.3651,0.0430,2.6390,185.3690,1.2110,2610374912.0000,8265999872.0000,0.3158,65999589376,0.8880,2.7100,1.3200,316940010,6.3800,5.8700,5.4800,8.0300,0.0396,FCF/NI:0.32|D/E:185,2,6.6500,False,False,False,False,False,False,RSI40|MACD|FUND65|SPY20|ABNORMAL20,False,3-7d,XLI,,CAT|UNP|RTX,pmi_manufacturing|supply_chain|capex_cycle,POST_ANALYSIS_ACTUAL_FILL,LIVE_QUOTE_AT_ANALYSIS,True,1.0000,1.5000,1.0000,-5.0000,7,1.5000,3,SELL_50_PCT_AT_TP1_REST_AT_TP2,MOVE_REMAINDER_TO_BREAK_EVEN,EXIT_AT_OPEN_IF_OPEN_BELOW_SL,SL_FIRST,10,PENDING_ANALYSIS,3.8693,3.8693,5.8040,216.7393,218.6739,202.2265,Indicative levels use the signal close only. Final SL/TP1/TP2 and sizing must be recalculated from the actual post-analysis broker fill.,15,2026-10-22,False,2026-07-23,1.9500,1.8200,7.2000,ALCISTA FUERTE,10,779.0900,8.4900,73.6000,15.0100,SIDI_INTRADAY_V2: Fund≥6.5 · DD60≥12% · RSI<40 · MACD↑ · Vol↓ · SPY20≤+1% · Abnormal20≤-10%,SIDI_INTRADAY_V2,False
MCO,Moody's Corporation,Financials,Financial Exchanges & Data,1998-07-01,452.3200,451.2400,454.9400,450.0000,452.3200,2026-10-06,2026-10-07,39.9000,35.9500,UP,-1.4736,-2.1411,-2.0348,True,0.2370,10.1979,0.8580,2.2550,479.5700,469.1700,463.3100,-5.6800,-3.5900,True,-0.4233,BAJISTA,-12.6700,-13.3800,517.9300,522.2100,543.2500,399.6100,-16.7400,13.1900,0.6880,False,False,456.9700,1.0000,467.8300,True,1.0300,NONE,6.6700,6.5000,8.5000,5.0000,8.0000,6.5000,5.0000,False,False,True,True,True,False,4.5100,6.7600,1.5000,SIDI_INTRADAY_V2,1.8025,2.3793,-0.2343,1.2675,295.0000,XLF,True,28.2570,23.5265,25.4955,9.4513,20.8730,0.7693,0.1562,0.3425,0.7497,0.1510,0.5670,240.6820,1.1900,2579124992.0000,2795000064.0000,0.9228,77122691072,1.3460,4.1900,0.9100,173180984,6.6400,8.4100,6.9300,4.2500,0.0334,D/E:241,1,6.6500,True,False,False,False,False,False,VOLUME|SPY20|ABNORMAL20,False,3-7d,XLF,,JPM|BAC|WFC,interest_rates|yield_curve|credit_spreads|loan_growth,POST_ANALYSIS_ACTUAL_FILL,LIVE_QUOTE_AT_ANALYSIS,True,1.0000,1.5000,1.0000,-5.0000,7,1.5000,3,SELL_50_PCT_AT_TP1_REST_AT_TP2,MOVE_REMAINDER_TO_BREAK_EVEN,EXIT_AT_OPEN_IF_OPEN_BELOW_SL,SL_FIRST,10,PENDING_ANALYSIS,10.1979,10.1979,15.2969,462.5179,467.6168,429.7040,Indicative levels use the signal close only. Final SL/TP1/TP2 and sizing must be recalculated from the actual post-analysis broker fill.,14,2026-10-21,False,2026-07-22,4.6800,4.2500,10.0000,ALCISTA FUERTE,10,779.0900,8.4900,73.6000,15.0100,SIDI_INTRADAY_V2: Fund≥6.5 · DD60≥12% · RSI<40 · MACD↑ · Vol↓ · SPY20≤+1% · Abnormal20≤-10%,SIDI_INTRADAY_V2,False
NTRS,Northern Trust,Financials,Asset Management & Custody Banks,1998-01-30,169.4600,170.3300,171.0600,168.9600,169.4600,2026-10-06,2026-10-07,32.7900,30.4400,UP,-0.5595,-0.6272,-0.9554,True,0.2013,3.3614,0.8470,1.9840,181.4500,161.8400,175.2600,-6.6100,4.7100,True,2.9125,NEUTRO,-11.0800,-13.0400,190.5700,194.8600,194.8600,118.6100,-13.0400,42.8700,1.0110,False,False,157.5000,1.0000,168.6600,False,-7.0600,NONE,6.4700,8.5000,8.5000,5.0000,4.0000,6.5000,5.0000,False,False,False,True,True,False,3.9700,5.9500,1.5000,SIDI_INTRADAY_V2,1.8025,-7.4998,0.3043,0.7725,295.0000,XLF,True,14.3772,12.9600,2.4293,3.3468,,0.1707,0.0128,0.2467,0.0000,0.3640,0.9860,,,,2181299968.0000,,30407227392,1.2530,4.1900,1.9400,182955653,6.7700,10.0000,5.0900,4.9600,,OK,0,6.6500,True,False,False,False,False,False,DD12|VOLUME|SPY20|ABNORMAL20,False,7-15d,XLF,,JPM|BAC|WFC,interest_rates|yield_curve|credit_spreads|loan_growth,POST_ANALYSIS_ACTUAL_FILL,LIVE_QUOTE_AT_ANALYSIS,True,1.0000,1.5000,1.0000,-5.0000,7,1.5000,3,SELL_50_PCT_AT_TP1_REST_AT_TP2,MOVE_REMAINDER_TO_BREAK_EVEN,EXIT_AT_OPEN_IF_OPEN_BELOW_SL,SL_FIRST,10,PENDING_ANALYSIS,3.3614,3.3614,5.0421,172.8214,174.5021,160.9870,Indicative levels use the signal close only. Final SL/TP1/TP2 and sizing must be recalculated from the actual post-analysis broker fill.,14,2026-10-21,False,2026-07-22,4.2300,4.6200,-8.3000,ALCISTA FUERTE,10,779.0900,8.4900,73.6000,15.0100,SIDI_INTRADAY_V2: Fund≥6.5 · DD60≥12% · RSI<40 · MACD↑ · Vol↓ · SPY20≤+1% · Abnormal20≤-10%,SIDI_INTRADAY_V2,False
IVZ,Invesco,Financials,Asset Management & Custody Banks,2008-08-21,30.3800,30.7300,30.8600,30.3000,30.3800,2026-10-06,2026-10-07,53.9700,34.6800,UP,-0.0453,-0.0553,-0.1136,True,0.3198,0.7971,0.8650,2.6240,31.3600,27.5800,30.8500,-3.1300,10.1700,True,2.3476,NEUTRO,-8.8000,-9.7400,33.3100,33.6600,33.6600,20.0300,-9.7400,51.6500,0.8970,True,True,29.6000,3.0000,31.2200,True,-2.5800,HAMMER,7.4000,8.5000,7.0000,7.5000,9.0000,5.0000,7.0000,False,False,False,False,True,True,5.2500,7.8700,1.5000,SIDI_INTRADAY_V2,1.8025,-4.4208,1.2230,0.8684,295.0000,XLF,True,,9.1552,1.3289,1.9179,12.2020,-0.0057,0.0291,-0.0093,0.2952,0.2050,,12.0560,0.7080,1140787456.0000,-309200000.0000,-3.6895,13238371328,1.6310,3.8000,2.8300,441499780,6.1400,7.3000,3.9700,7.3100,0.0862,FCF/NI:-3.69|ROE:-0.6%,2,6.6400,False,False,False,False,False,False,DD12|RSI40|FUND65|SPY20|ABNORMAL20,False,7-15d,XLF,,JPM|BAC|WFC,interest_rates|yield_curve|credit_spreads|loan_growth,POST_ANALYSIS_ACTUAL_FILL,LIVE_QUOTE_AT_ANALYSIS,True,1.0000,1.5000,1.0000,-5.0000,7,1.5000,3,SELL_50_PCT_AT_TP1_REST_AT_TP2,MOVE_REMAINDER_TO_BREAK_EVEN,EXIT_AT_OPEN_IF_OPEN_BELOW_SL,SL_FIRST,10,PENDING_ANALYSIS,0.7971,0.7971,1.1957,31.1771,31.5756,28.8610,Indicative levels use the signal close only. Final SL/TP1/TP2 and sizing must be recalculated from the actual post-analysis broker fill.,20,2026-10-27,False,2026-07-28,0.7100,0.6600,7.2000,ALCISTA FUERTE,10,779.0900,8.4900,73.6000,15.0100,SIDI_INTRADAY_V2: Fund≥6.5 · DD60≥12% · RSI<40 · MACD↑ · Vol↓ · SPY20≤+1% · Abnormal20≤-10%,SIDI_INTRADAY_V2,False
AMT,American Tower,Real Estate,Telecom Tower REITs,2007-11-19,164.7800,162.8600,165.2400,162.4200,164.7800,2026-10-06,2026-10-07,29.0200,34.1200,DOWN,-0.8081,-1.1155,-1.2904,True,0.2783,3.4657,0.8180,2.1030,171.0900,173.1500,167.6300,-3.6900,-4.8300,False,-0.1862,BAJISTA,-7.0800,-7.9700,177.3400,179.0400,192.1500,158.3500,-14.2400,4.0600,0.8030,False,False,164.0100,1.0000,192.1500,True,-0.4600,HAMMER|DOJI|HAMMER|BULL_ENGULF,6.8300,5.0000,8.5000,5.0000,8.0000,6.5000,9.5000,False,False,False,True,True,False,4.2100,6.3100,1.5000,SIDI_INTRADAY_V2,1.8025,2.5657,-0.3850,1.1842,295.0000,XLRE,True,22.7194,23.5619,20.6902,7.0340,17.9620,0.3391,0.0489,0.3108,0.7377,0.0470,1.3850,438.7210,0.3520,2920012544.0000,3400999936.0000,0.8586,76962619392,0.8850,2.9600,4.3500,465960048,6.4900,7.1600,6.6600,5.5100,0.0379,D/E:439,1,6.6300,False,False,False,False,False,False,DD12|VOLUME|FUND65|SPY20|ABNORMAL20,False,5-10d,XLRE,,PLD|EQIX|SPG,interest_rates|cap_rates|occupancy_trends,POST_ANALYSIS_ACTUAL_FILL,LIVE_QUOTE_AT_ANALYSIS,True,1.0000,1.5000,1.0000,-5.0000,7,1.5000,3,SELL_50_PCT_AT_TP1_REST_AT_TP2,MOVE_REMAINDER_TO_BREAK_EVEN,EXIT_AT_OPEN_IF_OPEN_BELOW_SL,SL_FIRST,10,PENDING_ANALYSIS,3.4657,3.4657,5.1986,168.2457,169.9786,156.5410,Indicative levels use the signal close only. Final SL/TP1/TP2 and sizing must be recalculated from the actual post-analysis broker fill.,20,2026-10-27,False,2026-07-28,1.8700,1.5500,20.6000,ALCISTA FUERTE,10,779.0900,8.4900,73.6000,15.0100,SIDI_INTRADAY_V2: Fund≥6.5 · DD60≥12% · RSI<40 · MACD↑ · Vol↓ · SPY20≤+1% · Abnormal20≤-10%,SIDI_INTRADAY_V2,False
O,Realty Income,Real Estate,Retail REITs,2015-04-07,54.2500,54.0000,54.3700,53.8900,54.2500,2026-10-06,2026-10-07,25.6500,5.3900,UP,-0.0606,-0.1372,-0.2319,True,0.2545,0.7534,0.7740,1.3890,59.7300,60.4200,56.1100,-9.1800,-10.2100,False,0.2391,BAJISTA,-16.3700,-18.1100,64.8700,66.2500,66.2500,53.2800,-18.1100,1.8300,0.8200,False,False,,0.0000,63.2400,False,,NONE,6.3800,5.5000,9.5000,5.0000,4.0000,8.5000,5.0000,False,False,True,True,True,False,2.7800,4.1700,1.5000,SIDI_INTRADAY_V2,1.8025,-5.0232,-0.2677,0.9185,295.0000,XLRE,True,39.1957,34.8289,1.2941,8.4380,15.7680,0.0323,0.0236,0.2090,0.9268,0.0960,0.6920,74.7220,1.5280,1582081920.0000,1267576960.0000,1.2481,51180933120,0.6960,7.4100,6.0100,946218033,6.8000,9.9300,5.1300,5.0900,0.0309,OK,0,6.6300,True,False,False,False,False,False,VOLUME|SPY20|ABNORMAL20,False,3-7d,XLRE,,PLD|AMT|EQIX,interest_rates|cap_rates|occupancy_trends,POST_ANALYSIS_ACTUAL_FILL,LIVE_QUOTE_AT_ANALYSIS,True,1.0000,1.5000,1.0000,-5.0000,7,1.5000,3,SELL_50_PCT_AT_TP1_REST_AT_TP2,MOVE_REMAINDER_TO_BREAK_EVEN,EXIT_AT_OPEN_IF_OPEN_BELOW_SL,SL_FIRST,10,PENDING_ANALYSIS,0.7534,0.7534,1.1301,55.0034,55.3801,51.5375,Indicative levels use the signal close only. Final SL/TP1/TP2 and sizing must be recalculated from the actual post-analysis broker fill.,26,2026-11-02,False,2026-08-05,0.3700,0.4200,-12.7000,ALCISTA FUERTE,10,779.0900,8.4900,73.6000,15.0100,SIDI_INTRADAY_V2: Fund≥6.5 · DD60≥12% · RSI<40 · MACD↑ · Vol↓ · SPY20≤+1% · Abnormal20≤-10%,SIDI_INTRADAY_V2,False
APO,Apollo Global Management,Financials,Asset Management & Custody Banks,2024-12-23,115.9500,115.5600,116.3300,114.7300,115.9500,2026-10-06,2026-10-07,30.3200,24.4900,UP,-0.8387,-1.0718,-1.2543,True,0.1942,3.6171,0.8760,3.1200,128.2000,125.5000,121.5400,-9.5600,-7.6100,True,-1.0350,BAJISTA,-18.9000,-19.3200,142.9800,143.7200,151.3900,98.7200,-23.4100,17.4500,0.9000,False,False,116.2300,2.0000,124.7100,True,0.2400,BULL_ENGULF|HAMMER,7.1200,6.5000,8.5000,5.0000,8.0000,6.5000,9.5000,False,False,True,True,True,False,6.2400,9.3600,1.5000,SIDI_INTRADAY_V2,1.8025,-9.4166,0.5698,0.8280,295.0000,XLF,True,41.0179,10.6994,3.3616,1.8985,,0.1141,0.0094,0.0527,0.3614,0.6380,0.6370,100.9690,1.9480,,1888000000.0000,,67581763584,1.5800,9.2800,1.9400,590543159,6.2700,10.0000,4.4400,4.0600,,OK,0,6.6100,False,False,False,False,False,False,VOLUME|FUND65|SPY20|ABNORMAL20,False,3-7d,XLF,,JPM|BAC|WFC,interest_rates|yield_curve|credit_spreads|loan_growth,POST_ANALYSIS_ACTUAL_FILL,LIVE_QUOTE_AT_ANALYSIS,True,1.0000,1.5000,1.0000,-5.0000,7,1.5000,3,SELL_50_PCT_AT_TP1_REST_AT_TP2,MOVE_REMAINDER_TO_BREAK_EVEN,EXIT_AT_OPEN_IF_OPEN_BELOW_SL,SL_FIRST,10,PENDING_ANALYSIS,3.6171,3.6171,5.4257,119.5671,121.3757,110.1525,Indicative levels use the signal close only. Final SL/TP1/TP2 and sizing must be recalculated from the actual post-analysis broker fill.,27,2026-11-03,False,2026-08-04,2.1100,2.1600,-2.2000,ALCISTA FUERTE,10,779.0900,8.4900,73.6000,15.0100,SIDI_INTRADAY_V2: Fund≥6.5 · DD60≥12% · RSI<40 · MACD↑ · Vol↓ · SPY20≤+1% · Abnormal20≤-10%,SIDI_INTRADAY_V2,False
CHTR,Charter Communications,Communication Services,Cable & Satellite,2016-09-08,108.6400,111.6700,112.8700,107.7900,108.6400,2026-10-06,2026-10-07,8.0000,26.2400,DOWN,-0.9908,-1.3607,-1.9516,True,0.2313,5.0200,0.7020,4.6210,139.4900,173.8700,121.1600,-22.1100,-37.5200,False,-4.4108,BAJISTA,-31.6600,-32.4000,158.9700,160.7000,284.6000,104.9100,-61.8300,3.5600,0.8150,True,True,,0.0000,147.8500,False,,HAMMER,6.7700,5.0000,8.5000,7.5000,4.0000,8.5000,7.0000,True,True,True,True,True,True,9.2400,13.8600,1.5000,SIDI_INTRADAY_V2,1.8025,-25.3741,-1.2898,1.9939,295.0000,XLC,True,2.8059,2.3772,0.7583,0.2575,5.2310,0.2720,0.0531,0.0905,0.5519,-0.0170,0.1610,441.5780,0.3610,2198374912.0000,4924000256.0000,0.4465,14006180864,0.6930,5.1600,0.0000,114457596,6.5000,5.0000,5.0600,9.9300,0.1570,FCF/NI:0.45|D/E:442,2,6.6100,True,False,True,True,False,False,SPY20,False,3-7d,XLC,,GOOGL|META|NFLX,ad_spending_cycle|streaming_competition|regulation,POST_ANALYSIS_ACTUAL_FILL,LIVE_QUOTE_AT_ANALYSIS,True,1.0000,1.5000,1.0000,-5.0000,7,1.5000,3,SELL_50_PCT_AT_TP1_REST_AT_TP2,MOVE_REMAINDER_TO_BREAK_EVEN,EXIT_AT_OPEN_IF_OPEN_BELOW_SL,SL_FIRST,10,PENDING_ANALYSIS,5.0200,5.0200,7.5300,113.6600,116.1700,103.2080,Indicative levels use the signal close only. Final SL/TP1/TP2 and sizing must be recalculated from the actual post-analysis broker fill.,23,2026-10-30,False,2026-07-24,10.6600,10.0600,5.9000,ALCISTA FUERTE,10,779.0900,8.4900,73.6000,15.0100,SIDI_INTRADAY_V2: Fund≥6.5 · DD60≥12% · RSI<40 · MACD↑ · Vol↓ · SPY20≤+1% · Abnormal20≤-10%,SIDI_INTRADAY_V2,False
XOM,ExxonMobil,Energy,Integrated Oil & Gas,1957-03-04,164.4800,163.0600,165.9500,162.9400,164.4800,2026-10-06,2026-10-07,53.3700,44.6600,UP,0.0135,-0.0582,-0.2519,True,0.6293,3.2343,0.8940,1.9660,160.5900,148.1500,162.6100,2.4200,11.0200,True,3.3908,ALCISTA,-2.8600,-3.0400,169.3200,169.6400,174.0900,107.2800,-5.5200,53.3200,0.6750,True,True,148.1300,1.0000,163.7700,False,-9.9400,HAMMER|DOJI,6.9500,10.0000,7.0000,7.5000,4.0000,5.0000,7.0000,False,False,False,False,True,True,3.9300,5.9000,1.5000,SIDI_INTRADAY_V2,1.8025,4.8158,-0.2475,1.0313,295.0000,XLE,True,21.0875,14.4387,2.5975,1.8660,10.5220,0.1258,0.0552,0.0907,0.2977,0.4410,1.1280,15.9210,1.1350,20671000576.0000,32757000192.0000,0.6310,673736818688,0.2090,2.8400,2.5100,4111911960,6.3700,8.2300,5.8800,4.7900,0.0307,FCF/NI:0.63,1,6.6000,False,False,False,False,False,False,DD12|RSI40|FUND65|SPY20|ABNORMAL20,False,10-18d,XLE,,CVX|COP|SLB,oil_price|gas_price|opec_supply|inventories,POST_ANALYSIS_ACTUAL_FILL,LIVE_QUOTE_AT_ANALYSIS,True,1.0000,1.5000,1.0000,-5.0000,7,1.5000,3,SELL_50_PCT_AT_TP1_REST_AT_TP2,MOVE_REMAINDER_TO_BREAK_EVEN,EXIT_AT_OPEN_IF_OPEN_BELOW_SL,SL_FIRST,10,PENDING_ANALYSIS,3.2343,3.2343,4.8514,167.7143,169.3314,156.2560,Indicative levels use the signal close only. Final SL/TP1/TP2 and sizing must be recalculated from the actual post-analysis broker fill.,23,2026-10-30,False,2026-07-31,4.1100,3.6300,13.3000,ALCISTA FUERTE,10,779.0900,8.4900,73.6000,15.0100,SIDI_INTRADAY_V2: Fund≥6.5 · DD60≥12% · RSI<40 · MACD↑ · Vol↓ · SPY20≤+1% · Abnormal20≤-10%,SIDI_INTRADAY_V2,False
PWR,Quanta Services,Industrials,Construction & Engineering,2009-07-01,719.5600,689.9000,722.2100,685.9500,719.5600,2026-10-06,2026-10-07,83.5900,58.4800,UP,8.5220,6.0041,4.0029,True,1.2236,21.3305,0.8170,2.9640,646.0700,608.2000,654.1700,11.3700,18.3100,True,3.3248,ALCISTA,-0.3600,-0.7100,722.1900,724.6800,788.4900,404.1900,-8.7400,78.0200,1.3260,True,True,686.8000,2.0000,707.9400,False,-4.5500,NONE,7.1500,10.0000,7.0000,9.5000,4.0000,5.0000,5.0000,False,False,False,False,True,True,5.9300,8.8900,1.5000,SIDI_INTRADAY_V2,1.8025,13.0498,0.2777,1.4473,295.0000,XLI,True,78.9129,34.8393,10.7414,3.1476,37.5640,0.1534,0.0523,0.0403,0.1546,0.4110,0.9470,67.7800,1.0980,1955491328.0000,1326876032.0000,1.4738,103573061632,1.2670,3.0200,0.0600,150343393,6.2400,10.0000,5.1900,3.0900,0.0189,OK,0,6.6000,False,False,False,False,False,False,DD12|RSI40|FUND65|SPY20|ABNORMAL20,False,10-18d,XLI,,CAT|UNP|HON,pmi_manufacturing|supply_chain|capex_cycle,POST_ANALYSIS_ACTUAL_FILL,LIVE_QUOTE_AT_ANALYSIS,True,1.0000,1.5000,1.0000,-5.0000,7,1.5000,3,SELL_50_PCT_AT_TP1_REST_AT_TP2,MOVE_REMAINDER_TO_BREAK_EVEN,EXIT_AT_OPEN_IF_OPEN_BELOW_SL,SL_FIRST,10,PENDING_ANALYSIS,21.3305,21.3305,31.9958,740.8905,751.5557,683.5820,Indicative levels use the signal close only. Final SL/TP1/TP2 and sizing must be recalculated from the actual post-analysis broker fill.,22,2026-10-29,False,2026-07-30,4.2400,3.3100,28.1000,ALCISTA FUERTE,10,779.0900,8.4900,73.6000,15.0100,SIDI_INTRADAY_V2: Fund≥6.5 · DD60≥12% · RSI<40 · MACD↑ · Vol↓ · SPY20≤+1% · Abnormal20≤-10%,SIDI_INTRADAY_V2,False
ISRG,Intuitive Surgical,Health Care,Health Care Equipment,2008-06-02,404.7600,405.2000,409.3400,402.0000,404.7600,2026-10-06,2026-10-07,64.1900,90.2000,DOWN,0.5382,0.7937,2.2800,False,0.6833,11.1607,0.8610,2.7570,382.3800,445.7100,395.2400,5.8500,-9.1900,False,-3.6969,BAJISTA,-2.4200,-2.8200,414.7900,416.5100,603.8800,328.5700,-32.9700,23.1900,0.7120,True,True,397.1000,2.0000,405.3400,True,-1.8900,BULL_ENGULF|HAMMER|DOJI,6.5500,6.5000,5.0000,7.5000,7.0000,5.0000,9.5000,False,False,False,False,False,True,5.5100,8.2700,1.5000,SIDI_INTRADAY_V2,1.8025,21.4810,0.7065,1.0302,295.0000,XLV,True,47.3406,34.1267,8.0410,13.2166,32.9860,0.1742,0.1051,0.2845,0.6668,0.1850,0.2650,,4.9630,2615200000.0000,3138800128.0000,0.8332,145836703744,1.4630,3.5800,0.0000,353278038,6.6100,9.2300,6.8800,3.2400,0.0179,OK,0,6.5900,True,False,False,False,False,False,DD12|RSI40|MACD|SPY20|ABNORMAL20,False,3-7d,XLV,,UNH|JNJ|LLY,fda_calendar|drug_pricing_policy|patent_cliffs,POST_ANALYSIS_ACTUAL_FILL,LIVE_QUOTE_AT_ANALYSIS,True,1.0000,1.5000,1.0000,-5.0000,7,1.5000,3,SELL_50_PCT_AT_TP1_REST_AT_TP2,MOVE_REMAINDER_TO_BREAK_EVEN,EXIT_AT_OPEN_IF_OPEN_BELOW_SL,SL_FIRST,10,PENDING_ANALYSIS,11.1607,11.1607,16.7411,415.9207,421.5010,384.5220,Indicative levels use the signal close only. Final SL/TP1/TP2 and sizing must be recalculated from the actual post-analysis broker fill.,13,2026-10-20,False,2026-07-16,2.8000,2.5000,11.9000,ALCISTA FUERTE,10,779.0900,8.4900,73.6000,15.0100,SIDI_INTRADAY_V2: Fund≥6.5 · DD60≥12% · RSI<40 · MACD↑ · Vol↓ · SPY20≤+1% · Abnormal20≤-10%,SIDI_INTRADAY_V2,False
PNC,PNC Financial Services,Financials,Diversified Banks,1988-04-30,220.1600,221.2300,222.1000,219.2500,220.1600,2026-10-06,2026-10-07,23.3200,22.2100,UP,-0.4716,-0.6528,-1.0127,True,0.2266,4.0393,0.8900,1.8350,240.8500,226.1200,228.2000,-8.5900,-2.6400,True,1.6342,BAJISTA,-14.3200,-14.9800,256.9700,258.9600,258.9600,172.8200,-14.9800,27.4000,0.9730,False,False,214.2100,2.0000,222.7500,True,-2.7000,HAMMER|DOJI,7.1800,7.0000,9.5000,5.0000,8.0000,6.5000,7.0000,False,False,True,True,True,False,3.6700,5.5000,1.5000,SIDI_INTRADAY_V2,1.8025,-4.7993,-0.0453,1.0117,295.0000,XLF,True,11.9235,10.0899,1.4880,3.5521,,0.1262,0.0131,0.3137,0.0000,0.2360,0.2490,,,,7261000192.0000,,86383271936,0.9310,5.1500,3.6300,398943667,6.1800,8.2900,4.6600,5.4800,,OK,0,6.5800,False,False,False,False,False,False,VOLUME|FUND65|SPY20|ABNORMAL20,False,5-10d,XLF,,JPM|BAC|WFC,interest_rates|yield_curve|credit_spreads|loan_growth,POST_ANALYSIS_ACTUAL_FILL,LIVE_QUOTE_AT_ANALYSIS,True,1.0000,1.5000,1.0000,-5.0000,7,1.5000,3,SELL_50_PCT_AT_TP1_REST_AT_TP2,MOVE_REMAINDER_TO_BREAK_EVEN,EXIT_AT_OPEN_IF_OPEN_BELOW_SL,SL_FIRST,10,PENDING_ANALYSIS,4.0393,4.0393,6.0589,224.1993,226.2190,209.1520,Indicative levels use the signal close only. Final SL/TP1/TP2 and sizing must be recalculated from the actual post-analysis broker fill.,8,2026-10-15,False,2026-07-15,4.8100,4.4500,8.0000,ALCISTA FUERTE,10,779.0900,8.4900,73.6000,15.0100,SIDI_INTRADAY_V2: Fund≥6.5 · DD60≥12% · RSI<40 · MACD↑ · Vol↓ · SPY20≤+1% · Abnormal20≤-10%,SIDI_INTRADAY_V2,False
SPG,Simon Property Group,Real Estate,Retail REITs,2002-06-26,201.7400,201.5000,203.3200,200.7500,201.7400,2026-10-06,2026-10-07,44.6300,48.6300,DOWN,0.1622,0.1020,0.1168,True,0.1978,2.4936,0.6860,1.2360,212.4000,200.2800,204.5200,-5.0200,0.7300,True,1.4381,NEUTRO,-13.8500,-14.5100,234.1900,235.9700,235.9700,164.5700,-14.5100,22.5900,1.0980,True,True,202.8900,6.0000,219.6900,True,0.5700,HAMMER|DOJI|BULL_ENGULF|HAMMER|DOJI,7.9800,8.5000,6.0000,7.5000,9.0000,8.5000,9.5000,False,False,True,False,True,True,2.4700,3.7100,1.5000,SIDI_INTRADAY_V2,1.8025,0.4505,-0.0183,0.9773,295.0000,XLRE,True,14.1041,29.5062,14.7158,10.9311,18.5640,1.2051,0.0563,0.6657,0.8143,0.1950,-0.1250,503.5040,0.2660,2595271168.0000,4617150976.0000,0.5621,75869650944,1.3330,8.5100,4.4100,323551515,5.6500,5.0000,5.8600,6.1500,0.0342,FCF/NI:0.56|D/E:504,2,6.5800,False,False,False,False,False,False,RSI40|FUND65|SPY20|ABNORMAL20,False,7-15d,XLRE,,PLD|AMT|EQIX,interest_rates|cap_rates|occupancy_trends,POST_ANALYSIS_ACTUAL_FILL,LIVE_QUOTE_AT_ANALYSIS,True,1.0000,1.5000,1.0000,-5.0000,7,1.5000,3,SELL_50_PCT_AT_TP1_REST_AT_TP2,MOVE_REMAINDER_TO_BREAK_EVEN,EXIT_AT_OPEN_IF_OPEN_BELOW_SL,SL_FIRST,10,PENDING_ANALYSIS,2.4936,2.4936,3.7404,204.2336,205.4804,191.6530,Indicative levels use the signal close only. Final SL/TP1/TP2 and sizing must be recalculated from the actual post-analysis broker fill.,29,2026-11-05,False,2026-08-10,1.7300,1.5700,10.1000,ALCISTA FUERTE,10,779.0900,8.4900,73.6000,15.0100,SIDI_INTRADAY_V2: Fund≥6.5 · DD60≥12% · RSI<40 · MACD↑ · Vol↓ · SPY20≤+1% · Abnormal20≤-10%,SIDI_INTRADAY_V2,False
WDAY,"Workday, Inc.",Information Technology,Application Software,2024-12-23,186.5500,189.1300,189.9000,184.0800,186.5500,2026-10-06,2026-10-07,48.5600,53.2800,DOWN,-1.0818,-1.0998,-1.2560,True,0.2822,7.2893,0.7780,3.9070,187.7400,156.9600,189.4300,-0.6300,18.8500,True,-1.8884,NEUTRO,-9.8400,-18.0000,206.9200,227.4900,247.4000,110.3600,-24.6000,69.0400,0.8170,True,True,188.0500,1.0000,201.0000,True,0.8000,BULL_ENGULF,7.3800,8.0000,6.0000,7.5000,7.0000,8.5000,7.5000,False,False,False,False,True,True,7.8100,11.7200,1.5000,SIDI_INTRADAY_V2,1.8025,-3.8670,1.5877,-0.9109,295.0000,XLK,True,37.9756,14.0906,6.9562,4.4251,28.5800,0.1601,0.0451,0.1232,0.7580,0.1280,2.0600,58.3900,0.9080,3046374912.0000,1251000064.0000,2.4352,44936859648,1.0740,3.8300,0.0000,196000000,6.0400,6.1400,5.0400,7.0900,0.0678,OK,0,6.5800,False,False,False,False,False,False,DD12|RSI40|FUND65|SPY20|ABNORMAL20,False,7-15d,XLK,,AAPL|MSFT|NVDA,interest_rates|ai_capex_cycle|semiconductor_cycle,POST_ANALYSIS_ACTUAL_FILL,LIVE_QUOTE_AT_ANALYSIS,True,1.0000,1.5000,1.0000,-5.0000,7,1.5000,3,SELL_50_PCT_AT_TP1_REST_AT_TP2,MOVE_REMAINDER_TO_BREAK_EVEN,EXIT_AT_OPEN_IF_OPEN_BELOW_SL,SL_FIRST,10,PENDING_ANALYSIS,7.2893,7.2893,10.9339,193.8393,197.4840,177.2225,Indicative levels use the signal close only. Final SL/TP1/TP2 and sizing must be recalculated from the actual post-analysis broker fill.,-41,2026-12-01,False,2026-08-27,2.7500,2.6100,5.3000,ALCISTA FUERTE,10,779.0900,8.4900,73.6000,15.0100,SIDI_INTRADAY_V2: Fund≥6.5 · DD60≥12% · RSI<40 · MACD↑ · Vol↓ · SPY20≤+1% · Abnormal20≤-10%,SIDI_INTRADAY_V2,False
RJF,Raymond James Financial,Financials,Investment Banking & Brokerage,2017-03-20,159.4300,161.0900,162.1700,159.3500,159.4300,2026-10-06,2026-10-07,40.0400,17.8900,UP,0.0406,-0.1037,-0.5488,True,0.3309,3.6168,0.9320,2.2690,171.5000,159.7400,163.0900,-7.0400,-0.2000,True,0.3824,BAJISTA,-11.7000,-12.4500,180.5600,182.1100,182.1100,137.8500,-12.4500,15.6500,0.7570,True,True,162.4500,1.0000,159.6100,True,1.9000,NONE,6.7500,7.0000,7.0000,7.5000,8.0000,5.0000,5.0000,False,False,False,False,True,True,4.5400,6.8100,1.5000,SIDI_INTRADAY_V2,1.8025,-2.8928,0.0023,1.2878,295.0000,XLF,True,13.6194,10.9567,2.3634,1.9718,,0.1842,0.0258,0.1513,0.9316,0.1510,0.4200,47.5940,2.1090,,2299000064.0000,,30049783808,0.9460,6.6000,1.3500,192361711,6.4300,8.4100,5.6500,5.0400,,OK,0,6.5600,False,False,False,False,False,False,DD12|RSI40|FUND65|SPY20|ABNORMAL20,False,3-7d,XLF,,JPM|BAC|WFC,interest_rates|yield_curve|credit_spreads|loan_growth,POST_ANALYSIS_ACTUAL_FILL,LIVE_QUOTE_AT_ANALYSIS,True,1.0000,1.5000,1.0000,-5.0000,7,1.5000,3,SELL_50_PCT_AT_TP1_REST_AT_TP2,MOVE_REMAINDER_TO_BREAK_EVEN,EXIT_AT_OPEN_IF_OPEN_BELOW_SL,SL_FIRST,10,PENDING_ANALYSIS,3.6168,3.6168,5.4252,163.0468,164.8552,151.4585,Indicative levels use the signal close only. Final SL/TP1/TP2 and sizing must be recalculated from the actual post-analysis broker fill.,21,2026-10-28,False,2026-07-22,3.1400,2.9100,7.8000,ALCISTA FUERTE,10,779.0900,8.4900,73.6000,15.0100,SIDI_INTRADAY_V2: Fund≥6.5 · DD60≥12% · RSI<40 · MACD↑ · Vol↓ · SPY20≤+1% · Abnormal20≤-10%,SIDI_INTRADAY_V2,False
LHX,L3Harris,Industrials,Aerospace & Defense,2008-09-22,237.9000,236.3000,239.4600,235.3000,237.9000,2026-10-06,2026-10-07,16.7700,21.3900,DOWN,0.7063,0.4980,0.2207,True,0.2917,4.6914,0.6780,1.9720,261.8200,307.7400,243.7800,-9.1400,-22.6900,False,-1.1027,BAJISTA,-21.6800,-22.6100,303.7400,307.4200,374.5900,234.0100,-36.4900,1.6600,0.6940,True,True,,0.0000,268.6200,False,,HAMMER|DOJI|BULL_ENGULF,7.0200,5.0000,8.5000,7.5000,4.0000,8.5000,9.5000,True,True,True,True,True,True,3.9400,5.9200,1.5000,SIDI_INTRADAY_V2,1.8025,-0.1082,-0.6360,0.7149,295.0000,XLI,True,23.5151,17.2291,2.1841,1.8942,13.4510,0.0934,0.0438,0.0817,0.2548,0.0840,0.2830,52.7530,1.1840,1608999936.0000,1860000000.0000,0.8651,43438284800,0.5050,2.6400,2.1000,186214616,6.2300,7.1800,5.0600,6.4900,0.0370,OK,0,6.5500,False,False,False,True,False,False,FUND65|SPY20|ABNORMAL20,False,3-7d,XLI,,CAT|UNP|HON,pmi_manufacturing|supply_chain|capex_cycle,POST_ANALYSIS_ACTUAL_FILL,LIVE_QUOTE_AT_ANALYSIS,True,1.0000,1.5000,1.0000,-5.0000,7,1.5000,3,SELL_50_PCT_AT_TP1_REST_AT_TP2,MOVE_REMAINDER_TO_BREAK_EVEN,EXIT_AT_OPEN_IF_OPEN_BELOW_SL,SL_FIRST,10,PENDING_ANALYSIS,4.6914,4.6914,7.0371,242.5914,244.9371,226.0050,Indicative levels use the signal close only. Final SL/TP1/TP2 and sizing must be recalculated from the actual post-analysis broker fill.,22,2026-10-29,False,2026-07-29,3.6300,2.8400,27.9000,ALCISTA FUERTE,10,779.0900,8.4900,73.6000,15.0100,SIDI_INTRADAY_V2: Fund≥6.5 · DD60≥12% · RSI<40 · MACD↑ · Vol↓ · SPY20≤+1% · Abnormal20≤-10%,SIDI_INTRADAY_V2,False
CFG,Citizens Financial Group,Financials,Regional Banks,2016-01-29,64.0900,64.4100,64.7650,63.7300,64.0900,2026-10-06,2026-10-07,31.8800,25.9600,UP,-0.0899,-0.1505,-0.3302,True,0.2646,1.2118,0.7710,1.8910,69.5100,64.6300,66.0200,-7.7900,-0.8300,True,1.9174,BAJISTA,-14.2400,-14.9200,74.7300,75.3300,75.3300,46.5500,-14.9200,37.6700,0.9950,False,False,63.1800,2.0000,65.5700,True,-1.4200,HAMMER|DOJI,7.2800,7.0000,8.5000,5.0000,8.0000,8.5000,7.0000,False,False,True,True,True,False,3.7800,5.6700,1.5000,SIDI_INTRADAY_V2,1.8025,-3.6766,0.2125,1.0671,295.0000,XLF,True,13.6852,9.6130,1.1030,3.2418,,0.0827,0.0094,0.2605,0.0000,0.1470,0.4130,,,,1984000000.0000,,26456219648,1.0620,5.4100,2.8700,421176788,6.0500,8.3000,4.2300,5.5400,,OK,0,6.5400,False,False,False,False,False,False,VOLUME|FUND65|SPY20|ABNORMAL20,False,3-7d,XLF,,JPM|BAC|WFC,interest_rates|yield_curve|credit_spreads|loan_growth,POST_ANALYSIS_ACTUAL_FILL,LIVE_QUOTE_AT_ANALYSIS,True,1.0000,1.5000,1.0000,-5.0000,7,1.5000,3,SELL_50_PCT_AT_TP1_REST_AT_TP2,MOVE_REMAINDER_TO_BREAK_EVEN,EXIT_AT_OPEN_IF_OPEN_BELOW_SL,SL_FIRST,10,PENDING_ANALYSIS,1.2118,1.2118,1.8177,65.3018,65.9077,60.8855,Indicative levels use the signal close only. Final SL/TP1/TP2 and sizing must be recalculated from the actual post-analysis broker fill.,9,2026-10-16,False,2026-07-16,1.3000,1.2500,4.4000,ALCISTA FUERTE,10,779.0900,8.4900,73.6000,15.0100,SIDI_INTRADAY_V2: Fund≥6.5 · DD60≥12% · RSI<40 · MACD↑ · Vol↓ · SPY20≤+1% · Abnormal20≤-10%,SIDI_INTRADAY_V2,False
GE,GE Aerospace,Industrials,Aerospace & Defense,1957-03-04,309.3900,306.5000,310.8500,304.0000,309.3900,2026-10-06,2026-10-07,45.9800,42.1000,UP,0.2153,0.1471,0.7300,True,0.2217,7.4948,0.8070,2.4220,339.2400,323.0900,318.4500,-8.8000,-4.2400,True,0.7992,BAJISTA,-18.7200,-20.3100,380.6400,388.2500,388.2500,268.1700,-20.3100,15.3700,0.7650,False,False,308.5400,3.0000,328.6700,True,-0.2700,NONE,6.7800,7.0000,7.0000,5.0000,10.0000,6.5000,5.0000,False,False,True,False,True,False,4.8400,7.2700,1.5000,SIDI_INTRADAY_V2,1.8025,-6.4155,-0.2425,1.5002,295.0000,XLI,True,35.9245,33.5310,17.9189,6.2419,28.8710,0.4823,0.0507,0.1772,0.3105,0.2110,0.1940,113.2250,0.9820,6594625024.0000,8963999744.0000,0.7357,316083044352,1.3740,3.9700,0.6100,1037562513,6.3700,8.8600,6.2100,3.6500,0.0209,FCF/NI:0.74|D/E:113,2,6.5300,False,False,False,False,False,False,RSI40|VOLUME|FUND65|SPY20|ABNORMAL20,False,3-7d,XLI,,CAT|UNP|HON,pmi_manufacturing|supply_chain|capex_cycle,POST_ANALYSIS_ACTUAL_FILL,LIVE_QUOTE_AT_ANALYSIS,True,1.0000,1.5000,1.0000,-5.0000,7,1.5000,3,SELL_50_PCT_AT_TP1_REST_AT_TP2,MOVE_REMAINDER_TO_BREAK_EVEN,EXIT_AT_OPEN_IF_OPEN_BELOW_SL,SL_FIRST,10,PENDING_ANALYSIS,7.4948,7.4948,11.2422,316.8848,320.6322,293.9205,Indicative levels use the signal close only. Final SL/TP1/TP2 and sizing must be recalculated from the actual post-analysis broker fill.,13,2026-10-20,False,2026-07-16,2.0200,1.8600,8.6000,ALCISTA FUERTE,10,779.0900,8.4900,73.6000,15.0100,SIDI_INTRADAY_V2: Fund≥6.5 · DD60≥12% · RSI<40 · MACD↑ · Vol↓ · SPY20≤+1% · Abnormal20≤-10%,SIDI_INTRADAY_V2,False
ADBE,Adobe Inc.,Information Technology,Application Software,1997-05-05,238.1200,240.8700,240.8700,236.7700,238.1200,2026-10-06,2026-10-07,36.4100,34.5000,UP,-0.2976,-0.6088,-1.4217,True,0.3193,7.6007,0.7170,3.1920,258.7700,258.7400,245.2900,-7.9800,-7.9700,True,-3.3090,BAJISTA,-18.6700,-19.1500,292.7900,294.5300,363.7000,190.1200,-34.5300,25.2500,0.4960,True,True,236.7200,5.0000,259.4400,True,-0.5900,HAMMER|DOJI,7.7500,6.5000,8.5000,7.5000,10.0000,7.0000,7.0000,True,True,True,True,True,True,6.3800,9.5800,1.5000,SIDI_INTRADAY_V2,1.8025,-6.2287,1.4272,-0.7315,295.0000,XLK,True,12.8448,8.3131,7.6462,3.4476,9.4610,0.6190,0.2008,0.2805,0.8925,0.1290,0.1050,57.6930,0.7700,9345125376.0000,7283999744.0000,1.2830,89535463424,1.4150,3.6300,0.0000,389200000,5.7000,1.2800,7.2500,9.0400,0.1044,OK,0,6.5200,False,False,False,True,False,False,FUND65|SPY20|ABNORMAL20,False,3-7d,XLK,,AAPL|MSFT|NVDA,interest_rates|ai_capex_cycle|semiconductor_cycle,POST_ANALYSIS_ACTUAL_FILL,LIVE_QUOTE_AT_ANALYSIS,True,1.0000,1.5000,1.0000,-5.0000,7,1.5000,3,SELL_50_PCT_AT_TP1_REST_AT_TP2,MOVE_REMAINDER_TO_BREAK_EVEN,EXIT_AT_OPEN_IF_OPEN_BELOW_SL,SL_FIRST,10,PENDING_ANALYSIS,7.6007,7.6007,11.4010,245.7207,249.5211,226.2140,Indicative levels use the signal close only. Final SL/TP1/TP2 and sizing must be recalculated from the actual post-analysis broker fill.,63,2026-12-09,False,2026-09-10,6.1300,6.0900,71.0000,ALCISTA FUERTE,10,779.0900,8.4900,73.6000,15.0100,SIDI_INTRADAY_V2: Fund≥6.5 · DD60≥12% · RSI<40 · MACD↑ · Vol↓ · SPY20≤+1% · Abnormal20≤-10%,SIDI_INTRADAY_V2,False
MKC,McCormick & Company,Consumer Staples,Packaged Foods & Meats,2003-03-20,45.4000,45.7500,46.1700,45.1600,45.4000,2026-10-06,2026-10-07,27.0200,26.6700,UP,-0.3159,-0.3850,-0.4222,True,0.1536,1.3857,0.9280,3.0520,51.4900,54.6900,48.1800,-11.8300,-16.9900,False,-2.8603,BAJISTA,-19.6200,-20.1700,56.4800,56.8700,71.1300,43.2500,-36.1700,4.9700,1.0230,False,False,45.2500,3.0000,48.0100,True,-0.3200,NONE,6.7200,5.0000,9.5000,5.0000,9.0000,6.5000,5.0000,False,False,True,True,True,False,6.1000,9.1600,1.5000,SIDI_INTRADAY_V2,1.8025,-9.9818,-0.2794,1.0606,295.0000,XLP,True,7.6007,14.2109,1.7550,1.5992,11.6260,0.2262,0.0525,0.1939,0.3891,0.1740,-0.5710,66.1410,0.6570,742000000.0000,1490499968.0000,0.4978,12290865152,0.6410,5.9400,4.2300,254541615,6.3500,5.0000,4.9300,9.5900,0.0604,FCF/NI:0.50,1,6.5000,False,False,False,False,False,False,VOLUME|FUND65|SPY20|ABNORMAL20,False,5-10d,XLP,,PG|KO|PEP,inflation|input_costs|fx_rates,POST_ANALYSIS_ACTUAL_FILL,LIVE_QUOTE_AT_ANALYSIS,True,1.0000,1.5000,1.0000,-5.0000,7,1.5000,3,SELL_50_PCT_AT_TP1_REST_AT_TP2,MOVE_REMAINDER_TO_BREAK_EVEN,EXIT_AT_OPEN_IF_OPEN_BELOW_SL,SL_FIRST,10,PENDING_ANALYSIS,1.3857,1.3857,2.0785,46.7857,47.4785,43.1300,Indicative levels use the signal close only. Final SL/TP1/TP2 and sizing must be recalculated from the actual post-analysis broker fill.,-6,2027-01-21,False,2026-10-01,0.8600,0.7600,13.8000,ALCISTA FUERTE,10,779.0900,8.4900,73.6000,15.0100,SIDI_INTRADAY_V2: Fund≥6.5 · DD60≥12% · RSI<40 · MACD↑ · Vol↓ · SPY20≤+1% · Abnormal20≤-10%,SIDI_INTRADAY_V2,False
NDSN,Nordson Corporation,Industrials,Industrial Machinery & Supplies & Components,2022-02-15,334.2200,334.4300,338.1800,331.8200,334.2200,2026-10-06,2026-10-07,88.3000,68.6400,UP,1.4042,1.5097,1.3493,False,0.8556,5.7879,0.8960,1.7320,316.3500,286.6200,324.2400,5.6500,16.6100,True,3.1606,ALCISTA,-0.0600,-1.1700,334.4300,338.1800,338.1800,220.5400,-1.1700,51.5400,0.7690,True,True,308.0400,5.0000,338.1000,False,-7.8300,HAMMER|HAMMER|DOJI,7.0500,10.0000,6.0000,7.5000,6.0000,5.0000,7.0000,False,False,False,False,False,True,3.4600,5.2000,1.5000,SIDI_INTRADAY_V2,1.8025,4.6724,0.1125,0.7802,295.0000,XLI,True,33.2632,25.3134,5.5995,6.1451,21.2130,0.1776,0.0847,0.1863,0.5539,0.1030,0.2300,55.6190,1.8230,613806656.0000,555177984.0000,1.1056,18311147520,0.9920,3.4600,1.1300,55717948,6.1400,7.4600,5.7400,5.0600,0.0335,OK,0,6.5000,False,False,False,False,False,False,DD12|RSI40|MACD|FUND65|SPY20|ABNORMAL20,False,10-18d,XLI,,CAT|UNP|HON,pmi_manufacturing|supply_chain|capex_cycle,POST_ANALYSIS_ACTUAL_FILL,LIVE_QUOTE_AT_ANALYSIS,True,1.0000,1.5000,1.0000,-5.0000,7,1.5000,3,SELL_50_PCT_AT_TP1_REST_AT_TP2,MOVE_REMAINDER_TO_BREAK_EVEN,EXIT_AT_OPEN_IF_OPEN_BELOW_SL,SL_FIRST,10,PENDING_ANALYSIS,5.7879,5.7879,8.6818,340.0079,342.9019,317.5090,Indicative levels use the signal close only. Final SL/TP1/TP2 and sizing must be recalculated from the actual post-analysis broker fill.,-49,2026-12-09,False,2026-08-19,3.2500,3.0900,5.0000,ALCISTA FUERTE,10,779.0900,8.4900,73.6000,15.0100,SIDI_INTRADAY_V2: Fund≥6.5 · DD60≥12% · RSI<40 · MACD↑ · Vol↓ · SPY20≤+1% · Abnormal20≤-10%,SIDI_INTRADAY_V2,False
PAYX,Paychex,Industrials,Human Resource & Employment Services,1998-10-01,101.0200,99.2800,101.1900,99.1400,101.0200,2026-10-06,2026-10-07,18.0400,16.4100,UP,-0.7686,-1.1428,-1.6848,True,0.2762,3.0357,0.9270,3.0050,116.4900,102.1300,106.9400,-13.2800,-1.0900,True,-0.0389,BAJISTA,-20.6700,-21.0700,127.3400,127.9800,127.9800,83.5000,-21.0700,20.9900,0.6160,True,True,98.0000,1.0000,102.0500,True,-2.9900,NONE,7.3800,6.5000,9.5000,7.5000,8.0000,6.5000,5.0000,True,True,True,True,True,True,6.0100,9.0200,1.5000,SIDI_INTRADAY_V2,1.8025,-20.2953,0.4661,-0.7561,295.0000,XLI,True,20.1726,15.9144,9.6792,5.4816,12.8810,0.4706,0.1019,0.2735,0.7439,0.0590,0.1390,124.7040,1.2770,1887112448.0000,1806000000.0000,1.0449,36192534528,0.8480,8.5800,4.7100,355980473,5.9200,4.0100,6.9200,6.9900,0.0521,D/E:125,1,6.5000,False,False,True,True,False,False,FUND65|SPY20,False,5-10d,XLI,,CAT|UNP|HON,pmi_manufacturing|supply_chain|capex_cycle,POST_ANALYSIS_ACTUAL_FILL,LIVE_QUOTE_AT_ANALYSIS,True,1.0000,1.5000,1.0000,-5.0000,7,1.5000,3,SELL_50_PCT_AT_TP1_REST_AT_TP2,MOVE_REMAINDER_TO_BREAK_EVEN,EXIT_AT_OPEN_IF_OPEN_BELOW_SL,SL_FIRST,10,PENDING_ANALYSIS,3.0357,3.0357,4.5535,104.0557,105.5735,95.9690,Indicative levels use the signal close only. Final SL/TP1/TP2 and sizing must be recalculated from the actual post-analysis broker fill.,72,2026-12-18,False,2026-09-23,1.3400,1.3200,1.6000,ALCISTA FUERTE,10,779.0900,8.4900,73.6000,15.0100,SIDI_INTRADAY_V2: Fund≥6.5 · DD60≥12% · RSI<40 · MACD↑ · Vol↓ · SPY20≤+1% · Abnormal20≤-10%,SIDI_INTRADAY_V2,False
AMGN,Amgen,Health Care,Biotechnology,1992-01-02,402.6000,403.3000,405.0000,396.0100,402.6000,2026-10-06,2026-10-07,67.1100,70.1500,DOWN,0.3357,0.8392,2.5167,False,0.5730,9.9557,0.9530,2.4730,409.6900,361.8100,406.4000,-1.7300,11.2700,True,2.0602,NEUTRO,-9.3500,-9.9400,444.1200,447.0300,447.0300,280.2300,-9.9400,43.6700,0.6440,False,False,354.1400,2.0000,395.6900,False,-12.0400,HAMMER|DOJI,5.7500,8.5000,5.0000,5.0000,4.0000,5.0000,7.0000,False,False,False,False,False,False,4.9500,7.4200,1.5000,SIDI_INTRADAY_V2,1.8025,2.7395,0.2216,1.1589,295.0000,XLV,True,25.8017,16.9740,19.2140,5.8953,15.1130,0.9147,0.0867,0.2295,0.7189,0.0950,0.6490,490.2810,1.3710,8645624832.0000,8743000064.0000,0.9889,224582582272,0.4070,5.4000,2.5000,540632005,6.9800,8.4600,6.9100,5.3500,0.0385,D/E:490,1,6.4900,True,False,False,False,False,False,DD12|RSI40|MACD|VOLUME|SPY20|ABNORMAL20,False,7-15d,XLV,,UNH|JNJ|LLY,fda_calendar|drug_pricing_policy|patent_cliffs,POST_ANALYSIS_ACTUAL_FILL,LIVE_QUOTE_AT_ANALYSIS,True,1.0000,1.5000,1.0000,-5.0000,7,1.5000,3,SELL_50_PCT_AT_TP1_REST_AT_TP2,MOVE_REMAINDER_TO_BREAK_EVEN,EXIT_AT_OPEN_IF_OPEN_BELOW_SL,SL_FIRST,10,PENDING_ANALYSIS,9.9557,9.9557,14.9336,412.5557,417.5336,382.4700,Indicative levels use the signal close only. Final SL/TP1/TP2 and sizing must be recalculated from the actual post-analysis broker fill.,27,2026-11-03,False,2026-08-04,6.2900,5.6200,12.0000,ALCISTA FUERTE,10,779.0900,8.4900,73.6000,15.0100,SIDI_INTRADAY_V2: Fund≥6.5 · DD60≥12% · RSI<40 · MACD↑ · Vol↓ · SPY20≤+1% · Abnormal20≤-10%,SIDI_INTRADAY_V2,False
GEN,Gen Digital,Information Technology,Systems Software,2003-03-25,22.8000,22.3500,23.0100,22.3300,22.8000,2026-10-06,2026-10-07,18.7300,14.3300,UP,-0.4150,-0.5916,-0.8904,True,0.2947,1.3957,1.4180,6.1220,27.8100,24.3800,24.9900,-18.0200,-6.4700,True,-0.1385,BAJISTA,-27.4100,-27.9600,31.4100,31.6500,31.6500,17.6100,-27.9600,29.4900,0.6340,False,False,22.3600,1.0000,27.6900,True,-1.9200,NONE,6.8800,6.5000,9.5000,5.0000,8.0000,6.5000,5.0000,False,False,True,True,True,False,12.2400,18.3600,1.5000,SIDI_INTRADAY_V2,1.8025,-30.6496,1.2685,-0.2807,295.0000,XLK,True,12.7515,6.5894,4.9177,2.5698,8.8340,0.4194,0.0849,0.2073,0.7801,0.0630,0.6400,307.8310,0.4660,1547124992.0000,1053000000.0000,1.4693,13052189696,1.2570,6.3100,2.1900,598587032,6.2300,3.6500,6.1600,9.3300,0.1185,D/E:308,1,6.4900,False,False,True,False,False,False,VOLUME|FUND65|SPY20,False,5-10d,XLK,,AAPL|MSFT|NVDA,interest_rates|ai_capex_cycle|semiconductor_cycle,POST_ANALYSIS_ACTUAL_FILL,LIVE_QUOTE_AT_ANALYSIS,True,1.0000,1.5000,1.0000,-5.0000,7,1.5000,3,SELL_50_PCT_AT_TP1_REST_AT_TP2,MOVE_REMAINDER_TO_BREAK_EVEN,EXIT_AT_OPEN_IF_OPEN_BELOW_SL,SL_FIRST,10,PENDING_ANALYSIS,1.3957,1.3957,2.0936,24.1957,24.8936,21.6600,Indicative levels use the signal close only. Final SL/TP1/TP2 and sizing must be recalculated from the actual post-analysis broker fill.,29,2026-11-05,False,2026-08-06,0.7100,0.6900,3.0000,ALCISTA FUERTE,10,779.0900,8.4900,73.6000,15.0100,SIDI_INTRADAY_V2: Fund≥6.5 · DD60≥12% · RSI<40 · MACD↑ · Vol↓ · SPY20≤+1% · Abnormal20≤-10%,SIDI_INTRADAY_V2,False
STLD,Steel Dynamics,Materials,Steel,2022-12-22,238.1700,241.1200,242.6100,237.1400,238.1700,2026-10-06,2026-10-07,50.4000,33.8700,UP,0.9394,0.4952,-1.0823,True,0.6706,7.5187,0.8880,3.1570,241.9900,216.5300,234.0100,-1.5800,9.9900,True,3.3164,NEUTRO,-11.1200,-12.6600,267.9600,272.7100,287.4000,139.3700,-17.1300,70.8900,0.8860,True,True,228.2200,1.0000,242.6000,False,-4.1800,NONE,6.4500,8.5000,7.0000,7.5000,4.0000,5.0000,5.0000,False,False,False,False,True,True,6.3100,9.4700,1.5000,SIDI_INTRADAY_V2,1.8025,-1.2683,0.2101,1.0353,295.0000,XLB,True,21.3164,11.7177,3.5846,1.6408,14.1730,0.1757,0.0787,0.0783,0.1465,0.3340,0.8360,46.9240,3.1830,234191248.0000,1607240960.0000,0.1457,33699301376,1.4860,3.1800,0.8900,143328088,6.5100,10.0000,5.8300,3.2400,0.0069,FCF/NI:0.15,1,6.4900,True,False,False,False,False,False,DD12|RSI40|SPY20|ABNORMAL20,False,7-15d,XLB,,LIN|APD|ECL,commodity_prices|dxy|china_demand|energy_costs,POST_ANALYSIS_ACTUAL_FILL,LIVE_QUOTE_AT_ANALYSIS,True,1.0000,1.5000,1.0000,-5.0000,7,1.5000,3,SELL_50_PCT_AT_TP1_REST_AT_TP2,MOVE_REMAINDER_TO_BREAK_EVEN,EXIT_AT_OPEN_IF_OPEN_BELOW_SL,SL_FIRST,10,PENDING_ANALYSIS,7.5187,7.5187,11.2781,245.6887,249.4480,226.2615,Indicative levels use the signal close only. Final SL/TP1/TP2 and sizing must be recalculated from the actual post-analysis broker fill.,12,2026-10-19,False,2026-07-20,3.6900,3.6700,56.0000,ALCISTA FUERTE,10,779.0900,8.4900,73.6000,15.0100,SIDI_INTRADAY_V2: Fund≥6.5 · DD60≥12% · RSI<40 · MACD↑ · Vol↓ · SPY20≤+1% · Abnormal20≤-10%,SIDI_INTRADAY_V2,False
UNH,UnitedHealth Group,Health Care,Managed Health Care,1994-07-01,376.3200,379.0300,380.4100,373.7000,376.3200,2026-10-06,2026-10-07,51.2200,33.3000,UP,0.9173,0.6084,-0.3896,True,0.5021,7.5443,0.7320,2.0050,390.4500,353.0700,377.7100,-3.6200,6.5900,True,1.6113,NEUTRO,-13.2300,-17.9800,433.6800,458.7900,458.7900,252.9600,-17.9800,48.7700,1.0080,True,True,383.4100,2.0000,411.7300,True,1.8800,BULL_ENGULF,7.4500,8.5000,7.0000,7.5000,7.0000,7.0000,7.5000,False,False,True,False,True,True,4.0100,6.0100,1.5000,SIDI_INTRADAY_V2,1.8025,-10.5687,0.1034,0.5244,295.0000,XLV,True,24.5035,16.8521,3.5027,0.7591,14.5100,0.1415,0.0487,0.0314,0.1972,0.0040,0.6150,69.2110,0.7770,24272250880.0000,14122000384.0000,1.7188,342010560512,0.6150,2.7800,2.4700,897594847,5.8500,5.0000,5.6300,7.0900,0.0710,OK,0,6.4900,False,False,True,False,False,False,RSI40|FUND65|SPY20,False,7-15d,XLV,,JNJ|LLY|ABBV,fda_calendar|drug_pricing_policy|patent_cliffs,POST_ANALYSIS_ACTUAL_FILL,LIVE_QUOTE_AT_ANALYSIS,True,1.0000,1.5000,1.0000,-5.0000,7,1.5000,3,SELL_50_PCT_AT_TP1_REST_AT_TP2,MOVE_REMAINDER_TO_BREAK_EVEN,EXIT_AT_OPEN_IF_OPEN_BELOW_SL,SL_FIRST,10,PENDING_ANALYSIS,7.5443,7.5443,11.3164,383.8643,387.6364,357.5040,Indicative levels use the signal close only. Final SL/TP1/TP2 and sizing must be recalculated from the actual post-analysis broker fill.,6,2026-10-13,True,2026-07-16,6.3800,4.9200,29.8000,ALCISTA FUERTE,10,779.0900,8.4900,73.6000,15.0100,SIDI_INTRADAY_V2: Fund≥6.5 · DD60≥12% · RSI<40 · MACD↑ · Vol↓ · SPY20≤+1% · Abnormal20≤-10%,SIDI_INTRADAY_V2,False
BRO,Brown & Brown,Financials,Insurance Brokers,2021-09-20,60.9700,60.7100,61.4100,60.3800,60.9700,2026-10-06,2026-10-07,27.8200,25.1000,UP,-0.0458,-0.1535,-0.3108,True,0.2935,1.6421,0.7960,2.6930,68.3000,67.4800,63.3000,-10.7300,-9.6400,True,-2.3106,BAJISTA,-18.3800,-19.2000,74.7000,75.4600,95.6300,53.6900,-36.2400,13.5700,0.5130,True,True,59.2900,2.0000,61.4400,True,-2.7500,NONE,7.5200,6.5000,9.5000,7.5000,7.0000,8.5000,5.0000,True,True,True,True,True,True,5.3900,8.0800,1.5000,SIDI_INTRADAY_V2,1.8025,1.3566,-1.2296,1.6253,295.0000,XLF,True,19.5394,12.8591,1.6244,3.1106,9.5350,0.1002,0.0538,0.1808,0.5628,0.3240,0.0710,63.9750,1.1270,1642749952.0000,1191000064.0000,1.3793,20725766144,0.5930,8.1600,1.0800,334610357,5.7800,5.5800,5.0500,6.8500,0.0793,OK,0,6.4800,False,False,False,True,False,False,FUND65|SPY20|ABNORMAL20,False,5-10d,XLF,,JPM|BAC|WFC,interest_rates|yield_curve|credit_spreads|loan_growth,POST_ANALYSIS_ACTUAL_FILL,LIVE_QUOTE_AT_ANALYSIS,True,1.0000,1.5000,1.0000,-5.0000,7,1.5000,3,SELL_50_PCT_AT_TP1_REST_AT_TP2,MOVE_REMAINDER_TO_BREAK_EVEN,EXIT_AT_OPEN_IF_OPEN_BELOW_SL,SL_FIRST,10,PENDING_ANALYSIS,1.6421,1.6421,2.4631,62.6121,63.4331,57.9215,Indicative levels use the signal close only. Final SL/TP1/TP2 and sizing must be recalculated from the actual post-analysis broker fill.,19,2026-10-26,False,2026-07-27,1.0700,1.0700,-39.0000,ALCISTA FUERTE,10,779.0900,8.4900,73.6000,15.0100,SIDI_INTRADAY_V2: Fund≥6.5 · DD60≥12% · RSI<40 · MACD↑ · Vol↓ · SPY20≤+1% · Abnormal20≤-10%,SIDI_INTRADAY_V2,False
STT,State Street Corporation,Financials,Asset Management & Custody Banks,2003-03-14,175.7500,177.0400,177.0400,173.8800,175.7500,2026-10-06,2026-10-07,32.5600,21.1900,UP,-0.5932,-0.7519,-1.1673,True,0.2484,3.4837,0.8010,1.9820,184.9300,153.8200,180.1500,-4.9600,14.2500,True,4.2299,NEUTRO,-9.0500,-9.8200,193.2400,194.9000,194.9000,102.2200,-9.8200,71.9400,0.8500,False,False,163.0600,1.0000,174.1200,False,-7.2200,HAMMER|DOJI,6.6700,8.5000,8.5000,5.0000,4.0000,6.5000,7.0000,False,False,False,True,True,False,3.9600,5.9500,1.5000,SIDI_INTRADAY_V2,1.8025,-9.3216,0.4128,0.8204,295.0000,XLF,True,15.0974,11.1114,1.9677,3.1306,,0.1244,0.0087,0.2301,0.0000,0.1840,0.6820,,,,3220999936.0000,,47030317056,1.4180,3.7300,2.0900,274701765,6.3600,9.2600,4.6400,5.0000,,OK,0,6.4800,False,False,False,False,False,False,DD12|VOLUME|FUND65|SPY20|ABNORMAL20,False,7-15d,XLF,,JPM|BAC|WFC,interest_rates|yield_curve|credit_spreads|loan_growth,POST_ANALYSIS_ACTUAL_FILL,LIVE_QUOTE_AT_ANALYSIS,True,1.0000,1.5000,1.0000,-5.0000,7,1.5000,3,SELL_50_PCT_AT_TP1_REST_AT_TP2,MOVE_REMAINDER_TO_BREAK_EVEN,EXIT_AT_OPEN_IF_OPEN_BELOW_SL,SL_FIRST,10,PENDING_ANALYSIS,3.4837,3.4837,5.2256,179.2337,180.9755,166.9625,Indicative levels use the signal close only. Final SL/TP1/TP2 and sizing must be recalculated from the actual post-analysis broker fill.,7,2026-10-14,True,2026-07-16,3.6500,3.3400,9.2000,ALCISTA FUERTE,10,779.0900,8.4900,73.6000,15.0100,SIDI_INTRADAY_V2: Fund≥6.5 · DD60≥12% · RSI<40 · MACD↑ · Vol↓ · SPY20≤+1% · Abnormal20≤-10%,SIDI_INTRADAY_V2,False
TPR,"Tapestry, Inc.",Consumer Discretionary,"Apparel, Accessories & Luxury Goods",2004-09-01,116.7500,116.7400,116.8000,115.1000,116.7500,2026-10-06,2026-10-07,46.9500,51.0900,DOWN,1.3151,1.3654,1.2256,False,0.6400,3.0143,0.6750,2.5820,129.1200,137.7700,117.4200,-9.5800,-15.2600,False,0.1984,BAJISTA,-28.8800,-28.8900,164.1600,164.1800,164.1800,91.8200,-28.8900,27.1500,0.7950,False,False,112.1100,1.0000,121.1600,True,-3.9700,HAMMER|DOJI,5.9000,5.5000,5.0000,5.0000,7.0000,7.0000,7.0000,False,False,True,False,False,False,5.1600,7.7500,1.5000,SIDI_INTRADAY_V2,1.8025,3.7477,-0.0320,0.9091,295.0000,XLY,True,15.5598,12.7108,32.7504,2.8044,12.8900,1.9713,0.1754,0.1909,0.7660,0.0890,,571.6080,1.7520,1399924992.0000,1527699968.0000,0.9164,22447005696,1.4290,4.6200,1.5800,198435342,6.8700,6.6800,7.0700,6.8400,0.0624,D/E:572,1,6.4800,True,False,False,False,False,False,RSI40|MACD|VOLUME|SPY20|ABNORMAL20,False,3-7d,XLY,,AMZN|TSLA|HD,consumer_spending|employment_data|interest_rates,POST_ANALYSIS_ACTUAL_FILL,LIVE_QUOTE_AT_ANALYSIS,True,1.0000,1.5000,1.0000,-5.0000,7,1.5000,3,SELL_50_PCT_AT_TP1_REST_AT_TP2,MOVE_REMAINDER_TO_BREAK_EVEN,EXIT_AT_OPEN_IF_OPEN_BELOW_SL,SL_FIRST,10,PENDING_ANALYSIS,3.0143,3.0143,4.5214,119.7643,121.2715,110.9125,Indicative levels use the signal close only. Final SL/TP1/TP2 and sizing must be recalculated from the actual post-analysis broker fill.,29,2026-11-05,False,2026-08-13,1.3200,1.2800,3.4000,ALCISTA FUERTE,10,779.0900,8.4900,73.6000,15.0100,SIDI_INTRADAY_V2: Fund≥6.5 · DD60≥12% · RSI<40 · MACD↑ · Vol↓ · SPY20≤+1% · Abnormal20≤-10%,SIDI_INTRADAY_V2,False
GWW,W. W. Grainger,Industrials,Industrial Machinery & Supplies & Components,1981-06-30,1275.5600,1286.6100,1287.2600,1272.1400,1275.5601,2026-10-06,2026-10-07,55.6300,38.6800,UP,3.8729,3.8522,1.0553,True,0.6294,24.5793,0.8510,1.9270,1297.6800,1205.9000,1275.1000,-1.7000,5.7800,True,2.5799,NEUTRO,-8.8400,-9.9900,1399.3000,1417.1400,1417.1400,901.2200,-9.9900,41.5400,0.7960,True,True,1236.3101,5.0000,1293.7500,True,-3.0800,NONE,7.2000,8.5000,7.0000,7.5000,9.0000,5.0000,5.0000,False,False,False,False,True,True,3.8500,5.7800,1.5000,SIDI_INTRADAY_V2,1.8025,-3.0293,-0.2145,0.6290,295.0000,XLI,True,32.5162,24.7865,14.4107,3.1665,19.4870,0.4609,0.1993,0.0992,0.3940,0.1030,0.2050,61.9770,2.8050,1247750016.0000,1870000000.0000,0.6672,59672899584,1.0130,4.6500,0.7800,47213119,6.0000,6.8900,7.0100,3.7800,0.0209,FCF/NI:0.67,1,6.4800,False,False,False,False,False,False,DD12|RSI40|FUND65|SPY20|ABNORMAL20,False,7-15d,XLI,,CAT|UNP|HON,pmi_manufacturing|supply_chain|capex_cycle,POST_ANALYSIS_ACTUAL_FILL,LIVE_QUOTE_AT_ANALYSIS,True,1.0000,1.5000,1.0000,-5.0000,7,1.5000,3,SELL_50_PCT_AT_TP1_REST_AT_TP2,MOVE_REMAINDER_TO_BREAK_EVEN,EXIT_AT_OPEN_IF_OPEN_BELOW_SL,SL_FIRST,10,PENDING_ANALYSIS,24.5793,24.5793,36.8689,1300.1393,1312.4289,1211.7820,Indicative levels use the signal close only. Final SL/TP1/TP2 and sizing must be recalculated from the actual post-analysis broker fill.,28,2026-11-04,False,2026-08-04,12.0100,11.3000,6.3000,ALCISTA FUERTE,10,779.0900,8.4900,73.6000,15.0100,SIDI_INTRADAY_V2: Fund≥6.5 · DD60≥12% · RSI<40 · MACD↑ · Vol↓ · SPY20≤+1% · Abnormal20≤-10%,SIDI_INTRADAY_V2,False
ALLE,Allegion,Industrials,Building Products,2013-12-02,155.2000,154.3500,156.1600,154.3000,155.2000,2026-10-06,2026-10-07,58.1300,62.4800,DOWN,0.2159,0.1503,0.2083,True,0.7946,2.8964,0.7380,1.8660,157.8500,149.1900,154.4300,-1.6800,4.0300,True,-0.4469,NEUTRO,-7.8100,-8.8500,168.3400,170.2700,181.0300,124.0500,-14.2700,25.1100,0.6670,True,True,133.0300,3.0000,170.2700,False,-14.2800,HAMMER,6.9500,8.0000,6.0000,7.5000,6.0000,7.0000,7.0000,False,False,False,False,True,True,3.7300,5.6000,1.5000,SIDI_INTRADAY_V2,1.8025,0.7181,-0.4783,1.0965,295.0000,XLI,True,19.2189,14.9905,5.8875,2.9077,14.3900,0.3373,0.1103,0.1536,0.4480,0.1270,0.1620,104.8950,1.9300,484449984.0000,658600000.0000,0.7356,12469793792,0.8230,2.2500,1.4200,85036786,6.1500,6.6900,5.5900,6.1800,0.0388,FCF/NI:0.74|D/E:105,2,6.4700,False,False,False,False,False,False,DD12|RSI40|FUND65|SPY20|ABNORMAL20,False,7-15d,XLI,,CAT|UNP|HON,pmi_manufacturing|supply_chain|capex_cycle,POST_ANALYSIS_ACTUAL_FILL,LIVE_QUOTE_AT_ANALYSIS,True,1.0000,1.5000,1.0000,-5.0000,7,1.5000,3,SELL_50_PCT_AT_TP1_REST_AT_TP2,MOVE_REMAINDER_TO_BREAK_EVEN,EXIT_AT_OPEN_IF_OPEN_BELOW_SL,SL_FIRST,10,PENDING_ANALYSIS,2.8964,2.8964,4.3446,158.0964,159.5446,147.4400,Indicative levels use the signal close only. Final SL/TP1/TP2 and sizing must be recalculated from the actual post-analysis broker fill.,15,2026-10-22,False,2026-07-23,2.4000,2.2200,8.3000,ALCISTA FUERTE,10,779.0900,8.4900,73.6000,15.0100,SIDI_INTRADAY_V2: Fund≥6.5 · DD60≥12% · RSI<40 · MACD↑ · Vol↓ · SPY20≤+1% · Abnormal20≤-10%,SIDI_INTRADAY_V2,False
DELL,Dell Technologies,Information Technology,"Technology Hardware, Storage & Peripherals",2024-09-23,574.0000,561.7800,587.1900,560.9600,574.0000,2026-10-06,2026-10-07,52.6500,50.7300,UP,-2.5298,-4.0296,-5.4233,True,0.7982,25.8764,0.8060,4.5080,494.1900,296.9700,542.1700,16.1500,93.2900,True,16.5104,ALCISTA,-2.4500,-3.6100,588.4000,595.5100,595.5100,109.7000,-3.6100,423.2500,0.6620,True,True,422.9400,2.0000,595.5100,False,-26.3200,NONE,6.7500,10.0000,7.0000,7.5000,4.0000,5.0000,5.0000,False,False,False,False,True,True,9.0200,13.5200,1.5000,SIDI_INTRADAY_V2,1.8025,-19.9126,-1.4572,2.0630,295.0000,XLK,True,33.6509,19.8782,-259.5493,2.4339,21.9270,,0.0864,0.0752,0.1991,0.5770,2.7290,,0.9620,6033375232.0000,11377999872.0000,0.5303,368005218304,1.4420,1.5000,0.4400,315433188,6.2900,10.0000,4.9300,3.5600,0.0164,FCF/NI:0.53,1,6.4700,False,False,True,False,False,False,DD12|RSI40|FUND65|SPY20,False,10-18d,XLK,,AAPL|MSFT|NVDA,interest_rates|ai_capex_cycle|semiconductor_cycle,POST_ANALYSIS_ACTUAL_FILL,LIVE_QUOTE_AT_ANALYSIS,True,1.0000,1.5000,1.0000,-5.0000,7,1.5000,3,SELL_50_PCT_AT_TP1_REST_AT_TP2,MOVE_REMAINDER_TO_BREAK_EVEN,EXIT_AT_OPEN_IF_OPEN_BELOW_SL,SL_FIRST,10,PENDING_ANALYSIS,25.8764,25.8764,38.8146,599.8764,612.8146,545.3000,Indicative levels use the signal close only. Final SL/TP1/TP2 and sizing must be recalculated from the actual post-analysis broker fill.,51,2026-11-27,False,2026-09-01,7.0400,4.9200,43.1000,ALCISTA FUERTE,10,779.0900,8.4900,73.6000,15.0100,SIDI_INTRADAY_V2: Fund≥6.5 · DD60≥12% · RSI<40 · MACD↑ · Vol↓ · SPY20≤+1% · Abnormal20≤-10%,SIDI_INTRADAY_V2,False
MMM,3M,Industrials,Industrial Conglomerates,1957-03-04,163.6400,163.5800,164.3000,161.5000,163.6400,2026-10-06,2026-10-07,52.0900,57.6800,DOWN,-0.1625,-0.1910,0.0844,True,0.3410,3.2443,0.8430,1.9830,172.5900,159.4900,166.4300,-5.1900,2.6000,True,-0.0126,NEUTRO,-10.5700,-11.1100,182.9800,184.0900,184.0900,138.0200,-11.1100,18.5600,0.7850,True,True,160.2700,1.0000,170.0000,True,-2.0600,HAMMER|DOJI,6.8000,8.0000,6.0000,7.5000,7.0000,5.0000,7.0000,False,False,False,False,True,True,3.9700,5.9500,1.5000,SIDI_INTRADAY_V2,1.8025,-3.1649,0.1430,0.5573,295.0000,XLI,True,28.8330,16.5205,28.3595,3.3248,14.2270,0.8189,0.0874,0.1190,0.3941,0.0250,0.3280,437.9370,1.2400,6350125056.0000,2996999936.0000,2.1188,83717226496,1.0580,3.5700,1.9100,515722417,6.2300,5.3000,6.8900,6.5500,0.0759,D/E:438,1,6.4600,False,False,False,False,False,False,DD12|RSI40|FUND65|SPY20|ABNORMAL20,False,7-15d,XLI,,CAT|UNP|HON,pmi_manufacturing|supply_chain|capex_cycle,POST_ANALYSIS_ACTUAL_FILL,LIVE_QUOTE_AT_ANALYSIS,True,1.0000,1.5000,1.0000,-5.0000,7,1.5000,3,SELL_50_PCT_AT_TP1_REST_AT_TP2,MOVE_REMAINDER_TO_BREAK_EVEN,EXIT_AT_OPEN_IF_OPEN_BELOW_SL,SL_FIRST,10,PENDING_ANALYSIS,3.2443,3.2443,4.8665,166.8843,168.5064,155.4580,Indicative levels use the signal close only. Final SL/TP1/TP2 and sizing must be recalculated from the actual post-analysis broker fill.,13,2026-10-20,False,2026-07-21,2.4000,2.2500,6.8000,ALCISTA FUERTE,10,779.0900,8.4900,73.6000,15.0100,SIDI_INTRADAY_V2: Fund≥6.5 · DD60≥12% · RSI<40 · MACD↑ · Vol↓ · SPY20≤+1% · Abnormal20≤-10%,SIDI_INTRADAY_V2,False
APH,Amphenol,Information Technology,Electronic Components,2008-09-30,88.6200,88.7000,89.9300,88.2100,88.6200,2026-10-06,2026-10-07,88.1200,57.0700,UP,0.7191,0.6618,0.5692,True,0.9446,2.5770,0.8310,2.9080,81.5500,74.1600,83.5900,8.6700,19.4900,True,2.0364,ALCISTA,0.0000,-1.4600,88.6200,89.9300,89.9300,58.8200,-1.4600,50.6500,0.7680,True,True,76.9200,6.0000,88.5800,False,-13.2100,HAMMER|DOJI|HAMMER|DOJI,7.2500,10.0000,7.0000,7.5000,6.0000,5.0000,7.0000,False,False,False,False,True,True,5.8200,8.7200,1.5000,SIDI_INTRADAY_V2,1.8025,3.5046,0.4331,0.6292,295.0000,XLK,True,43.3025,26.1064,13.7818,7.3614,24.5210,0.3811,0.1447,0.1773,0.3895,0.5500,0.5930,120.4150,1.8880,3818374912.0000,5143399936.0000,0.7424,213565063168,1.2350,2.7500,0.5600,2465966914,5.9400,8.0600,5.7600,3.6800,0.0179,FCF/NI:0.74|D/E:120,2,6.4600,False,False,False,False,False,False,DD12|RSI40|FUND65|SPY20|ABNORMAL20,False,10-18d,XLK,,AAPL|MSFT|NVDA,interest_rates|ai_capex_cycle|semiconductor_cycle,POST_ANALYSIS_ACTUAL_FILL,LIVE_QUOTE_AT_ANALYSIS,True,1.0000,1.5000,1.0000,-5.0000,7,1.5000,3,SELL_50_PCT_AT_TP1_REST_AT_TP2,MOVE_REMAINDER_TO_BREAK_EVEN,EXIT_AT_OPEN_IF_OPEN_BELOW_SL,SL_FIRST,10,PENDING_ANALYSIS,2.5770,2.5770,3.8655,91.1970,92.4855,84.1890,Indicative levels use the signal close only. Final SL/TP1/TP2 and sizing must be recalculated from the actual post-analysis broker fill.,21,2026-10-28,False,2026-07-29,0.6800,0.6000,13.2000,ALCISTA FUERTE,10,779.0900,8.4900,73.6000,15.0100,SIDI_INTRADAY_V2: Fund≥6.5 · DD60≥12% · RSI<40 · MACD↑ · Vol↓ · SPY20≤+1% · Abnormal20≤-10%,SIDI_INTRADAY_V2,False
AVY,Avery Dennison,Materials,Paper & Plastic Packaging Products & Materials,1987-12-31,168.4500,170.3600,171.9800,167.1800,168.4500,2026-10-06,2026-10-07,41.1500,52.2800,DOWN,-0.1220,-0.0157,0.0642,False,0.1446,3.8200,0.8150,2.2680,173.5800,170.8900,170.9700,-2.9600,-1.4300,True,-0.0778,BAJISTA,-7.7700,-9.8400,182.6500,186.8200,196.1500,150.8300,-14.1200,11.6800,0.9310,True,True,155.4900,4.0000,166.8800,False,-7.6900,NONE,6.5500,6.5000,5.0000,7.5000,7.0000,8.0000,5.0000,False,False,False,False,False,True,4.5400,6.8000,1.5000,SIDI_INTRADAY_V2,1.8025,3.2680,-0.1019,1.0219,295.0000,XLB,True,18.3549,14.9817,5.4761,1.3860,10.8100,0.3116,0.0839,0.0762,0.2898,0.1090,0.1080,158.6530,1.1320,1004600000.0000,704899968.0000,1.4252,12818258944,0.8000,2.0200,2.3700,76490385,6.4000,5.0400,7.0800,7.1800,0.0784,D/E:159,1,6.4600,False,False,False,False,False,False,DD12|RSI40|MACD|FUND65|SPY20|ABNORMAL20,False,3-7d,XLB,,LIN|APD|ECL,commodity_prices|dxy|china_demand|energy_costs,POST_ANALYSIS_ACTUAL_FILL,LIVE_QUOTE_AT_ANALYSIS,True,1.0000,1.5000,1.0000,-5.0000,7,1.5000,3,SELL_50_PCT_AT_TP1_REST_AT_TP2,MOVE_REMAINDER_TO_BREAK_EVEN,EXIT_AT_OPEN_IF_OPEN_BELOW_SL,SL_FIRST,10,PENDING_ANALYSIS,3.8200,3.8200,5.7300,172.2700,174.1800,160.0275,Indicative levels use the signal close only. Final SL/TP1/TP2 and sizing must be recalculated from the actual post-analysis broker fill.,22,2026-10-29,False,2026-07-30,2.8900,2.4700,17.0000,ALCISTA FUERTE,10,779.0900,8.4900,73.6000,15.0100,SIDI_INTRADAY_V2: Fund≥6.5 · DD60≥12% · RSI<40 · MACD↑ · Vol↓ · SPY20≤+1% · Abnormal20≤-10%,SIDI_INTRADAY_V2,False
WYNN,Wynn Resorts,Consumer Discretionary,Casinos & Gaming,2008-11-14,76.6200,77.8200,79.1100,76.4300,76.6200,2026-10-06,2026-10-07,28.5400,15.2400,UP,-0.1186,-0.1972,-0.2501,True,0.1735,2.7321,1.0340,3.5660,91.8300,102.2200,82.1600,-16.5600,-25.0400,False,-4.0015,BAJISTA,-26.7000,-29.6900,104.5300,108.9700,133.7500,75.7500,-42.7100,1.1500,0.8260,False,False,,0.0000,100.3400,False,,NONE,5.9700,5.0000,9.5000,5.0000,4.0000,6.5000,5.0000,False,False,True,True,True,False,7.1300,10.7000,1.5000,SIDI_INTRADAY_V2,1.8025,-15.7526,0.0813,0.4672,295.0000,XLY,True,18.0887,14.6400,-45.3578,1.0477,9.5520,,0.0573,0.0605,0.6830,0.0690,1.0610,,0.9120,476188864.0000,448884992.0000,1.0608,7767320576,0.9520,5.4300,1.3100,102973891,6.7800,8.1300,5.6600,6.5200,0.0613,OK,0,6.4600,True,False,True,False,False,False,VOLUME|SPY20,False,3-7d,XLY,,AMZN|TSLA|HD,consumer_spending|employment_data|interest_rates,POST_ANALYSIS_ACTUAL_FILL,LIVE_QUOTE_AT_ANALYSIS,True,1.0000,1.5000,1.0000,-5.0000,7,1.5000,3,SELL_50_PCT_AT_TP1_REST_AT_TP2,MOVE_REMAINDER_TO_BREAK_EVEN,EXIT_AT_OPEN_IF_OPEN_BELOW_SL,SL_FIRST,10,PENDING_ANALYSIS,2.7321,2.7321,4.0982,79.3521,80.7182,72.7890,Indicative levels use the signal close only. Final SL/TP1/TP2 and sizing must be recalculated from the actual post-analysis broker fill.,29,2026-11-05,False,2026-08-04,1.2400,0.9800,26.4000,ALCISTA FUERTE,10,779.0900,8.4900,73.6000,15.0100,SIDI_INTRADAY_V2: Fund≥6.5 · DD60≥12% · RSI<40 · MACD↑ · Vol↓ · SPY20≤+1% · Abnormal20≤-10%,SIDI_INTRADAY_V2,False
BG,Bunge Global,Consumer Staples,Agricultural Products & Services,2023-03-15,107.3300,106.8600,108.1000,106.0300,107.3300,2026-10-06,2026-10-07,23.7700,20.5100,UP,-0.7962,-0.9883,-1.3244,True,0.2591,3.3379,0.8600,3.1100,113.0700,115.2100,111.2900,-5.0800,-6.8400,False,1.8874,BAJISTA,-13.8500,-15.8000,124.5900,127.4700,134.0200,77.1300,-19.9200,39.1500,0.4620,False,False,106.5700,1.0000,119.6300,True,-0.7100,HAMMER|BULL_ENGULF,7.1200,5.5000,9.5000,5.0000,8.0000,6.5000,9.5000,False,False,True,True,True,False,6.2200,9.3300,1.5000,SIDI_INTRADAY_V2,1.8025,-14.3661,-0.2018,0.0695,295.0000,XLP,True,20.9153,9.3419,1.2644,0.2197,12.2680,0.0718,0.0347,0.0110,0.0492,0.8830,0.3300,97.9950,1.5670,-6475375104.0000,1010000000.0000,-6.4113,20171546624,0.7190,4.1800,2.6800,192119123,5.9900,10.0000,3.6100,4.0800,-0.3210,FCF/NI:-6.41|D/E:98,2,6.4400,False,False,True,False,False,False,VOLUME|FUND65|SPY20,False,5-10d,XLP,,PG|KO|PEP,inflation|input_costs|fx_rates,POST_ANALYSIS_ACTUAL_FILL,LIVE_QUOTE_AT_ANALYSIS,True,1.0000,1.5000,1.0000,-5.0000,7,1.5000,3,SELL_50_PCT_AT_TP1_REST_AT_TP2,MOVE_REMAINDER_TO_BREAK_EVEN,EXIT_AT_OPEN_IF_OPEN_BELOW_SL,SL_FIRST,10,PENDING_ANALYSIS,3.3379,3.3379,5.0069,110.6679,112.3368,101.9635,Indicative levels use the signal close only. Final SL/TP1/TP2 and sizing must be recalculated from the actual post-analysis broker fill.,22,2026-10-29,False,2026-07-29,2.0000,1.9400,2.9000,ALCISTA FUERTE,10,779.0900,8.4900,73.6000,15.0100,SIDI_INTRADAY_V2: Fund≥6.5 · DD60≥12% · RSI<40 · MACD↑ · Vol↓ · SPY20≤+1% · Abnormal20≤-10%,SIDI_INTRADAY_V2,False
COF,Capital One,Financials,Consumer Finance,1998-07-01,195.8200,196.2200,197.9200,195.5800,195.8200,2026-10-06,2026-10-07,36.2700,26.8300,UP,-0.2450,-0.4935,-0.9100,True,0.2810,4.1486,0.8160,2.1190,210.5000,203.9800,200.5200,-6.9700,-4.0000,True,-1.0611,BAJISTA,-13.5600,-13.8600,226.5400,227.3400,256.6400,173.6200,-23.7000,12.7900,0.9660,True,True,191.0300,2.0000,194.8400,True,-2.4500,HAMMER|DOJI,7.3800,6.5000,8.5000,7.5000,8.0000,6.5000,7.0000,True,True,True,True,True,True,4.2400,6.3600,1.5000,SIDI_INTRADAY_V2,1.8025,-0.7426,0.5379,1.3254,295.0000,XLF,True,12.4477,8.1350,1.1546,2.4715,,0.0903,0.0152,0.2187,0.0000,11.1100,,,,,9822999552.0000,,118902439936,1.0400,3.1200,1.6300,613500000,5.8200,7.5000,4.3100,5.6200,,OK,0,6.4400,False,False,False,True,False,False,FUND65|SPY20|ABNORMAL20,False,3-7d,XLF,,JPM|BAC|WFC,interest_rates|yield_curve|credit_spreads|loan_growth,POST_ANALYSIS_ACTUAL_FILL,LIVE_QUOTE_AT_ANALYSIS,True,1.0000,1.5000,1.0000,-5.0000,7,1.5000,3,SELL_50_PCT_AT_TP1_REST_AT_TP2,MOVE_REMAINDER_TO_BREAK_EVEN,EXIT_AT_OPEN_IF_OPEN_BELOW_SL,SL_FIRST,10,PENDING_ANALYSIS,4.1486,4.1486,6.2229,199.9686,202.0429,186.0290,Indicative levels use the signal close only. Final SL/TP1/TP2 and sizing must be recalculated from the actual post-analysis broker fill.,13,2026-10-20,False,2026-07-21,5.8100,4.6900,23.8000,ALCISTA FUERTE,10,779.0900,8.4900,73.6000,15.0100,SIDI_INTRADAY_V2: Fund≥6.5 · DD60≥12% · RSI<40 · MACD↑ · Vol↓ · SPY20≤+1% · Abnormal20≤-10%,SIDI_INTRADAY_V2,False
ED,Consolidated Edison,Utilities,Multi-Utilities,1957-03-04,105.1200,103.7000,105.2300,103.5700,105.1200,2026-10-06,2026-10-07,48.7100,28.8200,UP,0.1542,-0.0062,-0.1450,True,0.5982,1.6764,0.8970,1.5950,106.4600,106.6100,104.4600,-1.2600,-1.4000,False,0.8254,BAJISTA,-6.2200,-8.0000,112.0900,114.2600,114.3300,92.4300,-8.0500,13.7200,1.4570,False,False,105.1300,3.0000,109.1400,True,0.0100,HAMMER|DOJI,6.8500,5.5000,7.0000,7.0000,10.0000,5.0000,7.0000,False,False,False,False,True,False,3.1900,4.7800,1.5000,SIDI_INTRADAY_V2,1.8025,0.3667,-0.4070,0.7933,295.0000,XLU,True,17.3542,16.2064,1.5154,2.2024,10.6660,0.0896,0.0324,0.1253,0.5337,0.1320,0.2210,110.1130,1.2680,-844875008.0000,2216999936.0000,-0.3811,38957748224,0.2500,5.0900,3.4000,369828633,6.1600,10.0000,4.7300,3.3600,-0.0217,FCF/NI:-0.38,1,6.4400,False,False,False,False,False,False,DD12|RSI40|VOLUME|FUND65|SPY20|ABNORMAL20,False,3-7d,XLU,,NEE|DUK|SO,interest_rates|regulatory_environment,POST_ANALYSIS_ACTUAL_FILL,LIVE_QUOTE_AT_ANALYSIS,True,1.0000,1.5000,1.0000,-5.0000,7,1.5000,3,SELL_50_PCT_AT_TP1_REST_AT_TP2,MOVE_REMAINDER_TO_BREAK_EVEN,EXIT_AT_OPEN_IF_OPEN_BELOW_SL,SL_FIRST,10,PENDING_ANALYSIS,1.6764,1.6764,2.5146,106.7964,107.6346,99.8640,Indicative levels use the signal close only. Final SL/TP1/TP2 and sizing must be recalculated from the actual post-analysis broker fill.,29,2026-11-05,False,2026-08-06,0.8300,0.7700,7.4000,ALCISTA FUERTE,10,779.0900,8.4900,73.6000,15.0100,SIDI_INTRADAY_V2: Fund≥6.5 · DD60≥12% · RSI<40 · MACD↑ · Vol↓ · SPY20≤+1% · Abnormal20≤-10%,SIDI_INTRADAY_V2,False
CVS,CVS Health,Health Care,Health Care Services,1957-03-04,86.4300,86.8000,87.0800,85.5300,86.4300,2026-10-06,2026-10-07,34.5000,27.2800,UP,0.0394,-0.0395,-0.3088,True,0.3076,1.9729,0.8040,2.2830,94.0800,87.0300,88.9400,-8.1300,-0.6900,True,1.5233,BAJISTA,-21.3700,-21.4300,109.9200,110.0000,110.0000,68.4800,-21.4300,26.2100,1.2730,False,False,,0.0000,97.9400,False,,HAMMER,6.3000,7.0000,8.5000,5.0000,5.0000,5.0000,7.0000,False,False,True,True,True,False,4.5700,6.8500,1.5000,SIDI_INTRADAY_V2,1.8025,-14.4692,0.0736,0.3521,295.0000,XLV,True,23.4526,10.4419,1.4290,0.2762,10.3770,0.0621,0.0297,0.0118,0.1365,0.0710,1.8880,95.5030,0.8660,8076000256.0000,4889999872.0000,1.6515,113981841408,0.5960,2.7700,3.0800,1278970369,6.5400,7.4600,4.5600,7.7900,0.0709,D/E:96,1,6.4400,True,False,True,False,False,False,VOLUME|SPY20,False,3-7d,XLV,,UNH|JNJ|LLY,fda_calendar|drug_pricing_policy|patent_cliffs,POST_ANALYSIS_ACTUAL_FILL,LIVE_QUOTE_AT_ANALYSIS,True,1.0000,1.5000,1.0000,-5.0000,7,1.5000,3,SELL_50_PCT_AT_TP1_REST_AT_TP2,MOVE_REMAINDER_TO_BREAK_EVEN,EXIT_AT_OPEN_IF_OPEN_BELOW_SL,SL_FIRST,10,PENDING_ANALYSIS,1.9729,1.9729,2.9594,88.4029,89.3894,82.1085,Indicative levels use the signal close only. Final SL/TP1/TP2 and sizing must be recalculated from the actual post-analysis broker fill.,28,2026-11-04,False,2026-08-05,2.5800,1.8500,39.4000,ALCISTA FUERTE,10,779.0900,8.4900,73.6000,15.0100,SIDI_INTRADAY_V2: Fund≥6.5 · DD60≥12% · RSI<40 · MACD↑ · Vol↓ · SPY20≤+1% · Abnormal20≤-10%,SIDI_INTRADAY_V2,False
HST,Host Hotels & Resorts,Real Estate,Hotel & Resort REITs,2007-03-20,22.4800,22.5800,22.8100,22.4200,22.4800,2026-10-06,2026-10-07,72.5500,58.0000,UP,0.0988,0.1082,0.1177,False,0.8062,0.3997,0.8130,1.7780,22.6600,20.6500,22.2700,-0.7800,8.8400,True,2.8654,NEUTRO,-11.1900,-11.7800,25.3100,25.4800,25.4800,14.4600,-11.7800,55.4600,0.7550,False,False,22.8400,1.0000,23.2100,True,1.6100,HAMMER,6.4000,8.5000,6.0000,5.0000,7.0000,5.0000,7.0000,False,False,False,False,False,False,3.5600,5.3300,1.5000,SIDI_INTRADAY_V2,1.8025,3.5435,0.4600,0.6576,295.0000,XLRE,True,15.1047,21.1777,2.3971,2.4913,11.4000,0.1556,0.0433,0.1647,0.2919,0.0360,0.0840,85.2980,1.6710,1692375040.0000,1027000000.0000,1.6479,15530609664,1.1170,5.2900,3.5600,685124399,6.4700,4.0400,7.5700,8.0200,0.1090,D/E:85,1,6.4400,False,False,False,False,False,False,DD12|RSI40|MACD|VOLUME|FUND65|SPY20|ABNORMAL20,False,7-15d,XLRE,,PLD|AMT|EQIX,interest_rates|cap_rates|occupancy_trends,POST_ANALYSIS_ACTUAL_FILL,LIVE_QUOTE_AT_ANALYSIS,True,1.0000,1.5000,1.0000,-5.0000,7,1.5000,3,SELL_50_PCT_AT_TP1_REST_AT_TP2,MOVE_REMAINDER_TO_BREAK_EVEN,EXIT_AT_OPEN_IF_OPEN_BELOW_SL,SL_FIRST,10,PENDING_ANALYSIS,0.3997,0.3997,0.5996,22.8797,23.0796,21.3560,Indicative levels use the signal close only. Final SL/TP1/TP2 and sizing must be recalculated from the actual post-analysis broker fill.,28,2026-11-04,False,2026-08-05,0.3500,0.3400,4.4000,ALCISTA FUERTE,10,779.0900,8.4900,73.6000,15.0100,SIDI_INTRADAY_V2: Fund≥6.5 · DD60≥12% · RSI<40 · MACD↑ · Vol↓ · SPY20≤+1% · Abnormal20≤-10%,SIDI_INTRADAY_V2,False
ROK,Rockwell Automation,Industrials,Electrical Components & Equipment,2000-03-12,450.7400,457.9200,460.2000,448.4500,450.7400,2026-10-06,2026-10-07,79.7000,54.7500,UP,3.9559,4.1887,2.8843,False,0.8990,10.0114,0.8110,2.2210,436.9600,422.3900,436.1800,3.1500,6.7100,True,0.9344,ALCISTA,-6.0000,-7.6100,479.5000,487.8500,495.8300,328.3200,-9.0900,37.2900,0.8270,True,True,457.0100,5.0000,487.8500,True,1.3900,HAMMER,7.5000,10.0000,6.0000,7.5000,9.0000,5.0000,7.0000,False,False,False,False,False,True,4.4400,6.6600,1.5000,SIDI_INTRADAY_V2,1.8025,3.9493,0.2439,1.0263,295.0000,XLI,True,41.1021,29.4384,13.9515,5.4326,25.4250,0.3063,0.0999,0.1339,0.4909,0.0790,0.4040,103.3470,1.0750,1303874944.0000,1199000064.0000,1.0875,48747036672,1.5010,5.5400,1.2200,111048676,5.7300,7.0200,5.8900,4.0500,0.0267,D/E:103,1,6.4400,False,False,False,False,False,False,DD12|RSI40|MACD|FUND65|SPY20|ABNORMAL20,False,10-18d,XLI,,CAT|UNP|HON,pmi_manufacturing|supply_chain|capex_cycle,POST_ANALYSIS_ACTUAL_FILL,LIVE_QUOTE_AT_ANALYSIS,True,1.0000,1.5000,1.0000,-5.0000,7,1.5000,3,SELL_50_PCT_AT_TP1_REST_AT_TP2,MOVE_REMAINDER_TO_BREAK_EVEN,EXIT_AT_OPEN_IF_OPEN_BELOW_SL,SL_FIRST,10,PENDING_ANALYSIS,10.0114,10.0114,15.0171,460.7514,465.7571,428.2030,Indicative levels use the signal close only. Final SL/TP1/TP2 and sizing must be recalculated from the actual post-analysis broker fill.,29,2026-11-05,False,2026-08-03,3.4900,3.3800,3.1000,ALCISTA FUERTE,10,779.0900,8.4900,73.6000,15.0100,SIDI_INTRADAY_V2: Fund≥6.5 · DD60≥12% · RSI<40 · MACD↑ · Vol↓ · SPY20≤+1% · Abnormal20≤-10%,SIDI_INTRADAY_V2,False
LLY,Lilly (Eli),Health Care,Pharmaceuticals,1970-12-31,1157.4900,1147.1500,1177.0699,1139.9800,1157.4900,2026-10-06,2026-10-07,56.9300,75.1000,DOWN,-0.1072,-0.4070,2.4008,True,0.5587,32.2900,0.9010,2.7900,1174.4900,1072.4100,1159.9300,-1.4500,7.9300,True,1.0880,NEUTRO,-9.6000,-10.4600,1280.3400,1292.6500,1292.6500,778.9400,-10.4600,48.6000,0.9560,True,True,1147.9100,3.0000,1181.0400,True,-0.8300,NONE,7.0000,8.5000,6.0000,7.5000,9.0000,5.0000,5.0000,False,False,False,False,True,True,5.5800,8.3700,1.5000,SIDI_INTRADAY_V2,1.8025,1.9932,-0.0039,1.5281,295.0000,XLV,True,39.9533,25.0084,31.3197,13.3169,25.8400,1.0229,0.2036,0.3353,0.8340,0.4770,0.2620,162.0710,1.3550,11065900032.0000,26710999040.0000,0.4143,1060902076416,0.4530,3.0900,0.6000,891357065,6.0500,9.1800,5.8700,2.6200,0.0104,FCF/NI:0.41|D/E:162,2,6.4300,False,False,False,False,False,False,DD12|RSI40|FUND65|SPY20|ABNORMAL20,False,7-15d,XLV,,UNH|JNJ|ABBV,fda_calendar|drug_pricing_policy|patent_cliffs,POST_ANALYSIS_ACTUAL_FILL,LIVE_QUOTE_AT_ANALYSIS,True,1.0000,1.5000,1.0000,-5.0000,7,1.5000,3,SELL_50_PCT_AT_TP1_REST_AT_TP2,MOVE_REMAINDER_TO_BREAK_EVEN,EXIT_AT_OPEN_IF_OPEN_BELOW_SL,SL_FIRST,10,PENDING_ANALYSIS,32.2900,32.2900,48.4350,1189.7800,1205.9250,1099.6155,Indicative levels use the signal close only. Final SL/TP1/TP2 and sizing must be recalculated from the actual post-analysis broker fill.,22,2026-10-29,False,2026-08-05,8.3800,6.5800,27.3000,ALCISTA FUERTE,10,779.0900,8.4900,73.6000,15.0100,SIDI_INTRADAY_V2: Fund≥6.5 · DD60≥12% · RSI<40 · MACD↑ · Vol↓ · SPY20≤+1% · Abnormal20≤-10%,SIDI_INTRADAY_V2,False
BAC,Bank of America,Financials,Diversified Banks,1976-06-30,54.0900,54.2700,54.4600,53.8800,54.0900,2026-10-06,2026-10-07,22.5900,13.2500,UP,-0.2528,-0.3382,-0.4499,True,0.2362,0.9493,0.8190,1.7550,60.3700,54.8200,56.6700,-10.4000,-1.3200,True,0.8622,BAJISTA,-16.1100,-16.6500,64.4800,64.9000,64.9000,45.6500,-16.6500,18.4900,0.6470,False,False,51.3000,1.0000,53.6500,False,-5.1600,HAMMER|HAMMER|DOJI,6.7300,7.0000,9.5000,5.0000,5.0000,6.5000,7.0000,False,False,True,True,True,False,3.5100,5.2700,1.5000,SIDI_INTRADAY_V2,1.8025,-10.0596,0.0202,1.0910,295.0000,XLF,True,12.3119,10.1508,1.3551,3.2720,,0.1120,0.0097,0.2952,0.0000,0.1680,0.3410,,,,32124999680.0000,,372786921472,1.2140,2.5100,2.3700,6992748365,6.2200,8.5400,4.5200,5.5000,,OK,0,6.4200,False,False,True,False,False,False,VOLUME|FUND65|SPY20,False,3-7d,XLF,,JPM|WFC|GS,interest_rates|yield_curve|credit_spreads|loan_growth,POST_ANALYSIS_ACTUAL_FILL,LIVE_QUOTE_AT_ANALYSIS,True,1.0000,1.5000,1.0000,-5.0000,7,1.5000,3,SELL_50_PCT_AT_TP1_REST_AT_TP2,MOVE_REMAINDER_TO_BREAK_EVEN,EXIT_AT_OPEN_IF_OPEN_BELOW_SL,SL_FIRST,10,PENDING_ANALYSIS,0.9493,0.9493,1.4240,55.0393,55.5140,51.3855,Indicative levels use the signal close only. Final SL/TP1/TP2 and sizing must be recalculated from the actual post-analysis broker fill.,7,2026-10-14,True,2026-07-14,1.2100,1.1200,7.7000,ALCISTA FUERTE,10,779.0900,8.4900,73.6000,15.0100,SIDI_INTRADAY_V2: Fund≥6.5 · DD60≥12% · RSI<40 · MACD↑ · Vol↓ · SPY20≤+1% · Abnormal20≤-10%,SIDI_INTRADAY_V2,False
SWK,Stanley Black & Decker,Industrials,Industrial Machinery & Supplies & Components,1982-09-30,89.9900,89.9200,91.3400,89.5200,89.9900,2026-10-06,2026-10-07,52.9900,39.9600,UP,0.2154,0.1924,0.0258,True,0.5376,2.6050,0.9000,2.8950,94.7400,82.6300,90.7800,-5.0200,8.9100,True,2.6194,NEUTRO,-12.7200,-13.2900,103.1000,103.7800,103.7800,59.3500,-13.2900,51.6200,0.7240,True,True,87.2500,1.0000,92.0300,True,-3.0400,HAMMER|DOJI|HAMMER|DOJI,7.1000,8.5000,7.0000,7.5000,7.0000,5.0000,7.0000,False,False,True,False,True,True,5.7900,8.6800,1.5000,SIDI_INTRADAY_V2,1.8025,-6.5584,0.4247,1.1893,295.0000,XLI,True,21.2176,13.6698,1.4628,0.8595,10.1670,0.0689,0.0380,0.0407,0.3221,0.0040,2.4780,58.1720,1.4320,1419049984.0000,620499968.0000,2.2869,13105223680,1.1700,4.5500,3.7300,151016641,5.9600,5.0000,4.8800,8.3400,0.1083,OK,0,6.4200,False,False,False,False,False,False,RSI40|FUND65|SPY20|ABNORMAL20,False,7-15d,XLI,,CAT|UNP|HON,pmi_manufacturing|supply_chain|capex_cycle,POST_ANALYSIS_ACTUAL_FILL,LIVE_QUOTE_AT_ANALYSIS,True,1.0000,1.5000,1.0000,-5.0000,7,1.5000,3,SELL_50_PCT_AT_TP1_REST_AT_TP2,MOVE_REMAINDER_TO_BREAK_EVEN,EXIT_AT_OPEN_IF_OPEN_BELOW_SL,SL_FIRST,10,PENDING_ANALYSIS,2.6050,2.6050,3.9075,92.5950,93.8975,85.4905,Indicative levels use the signal close only. Final SL/TP1/TP2 and sizing must be recalculated from the actual post-analysis broker fill.,28,2026-11-04,False,2026-07-29,1.5700,1.2100,29.9000,ALCISTA FUERTE,10,779.0900,8.4900,73.6000,15.0100,SIDI_INTRADAY_V2: Fund≥6.5 · DD60≥12% · RSI<40 · MACD↑ · Vol↓ · SPY20≤+1% · Abnormal20≤-10%,SIDI_INTRADAY_V2,False
SYK,Stryker Corporation,Health Care,Health Care Equipment,2000-12-12,278.2000,279.3700,284.5300,277.1000,278.2000,2026-10-06,2026-10-07,44.3300,53.6200,DOWN,2.5646,2.5497,1.5154,True,0.6321,6.5173,0.6480,2.3430,308.2500,327.5200,281.9600,-9.7500,-15.0600,False,-2.4449,BAJISTA,-20.7700,-20.8300,351.1400,351.3800,388.2500,266.1600,-28.3400,4.5200,0.9360,False,False,279.3700,1.0000,317.0800,True,0.4200,NONE,5.8000,5.0000,6.0000,5.0000,7.0000,7.0000,5.0000,False,False,True,False,True,False,4.6900,7.0300,1.5000,SIDI_INTRADAY_V2,1.8025,6.5908,-0.1939,1.2845,295.0000,XLV,True,28.6171,16.5176,4.4158,4.0998,16.0900,0.1651,0.0816,0.1443,0.6559,0.0940,0.4410,64.3910,2.1570,4108875008.0000,3728999936.0000,1.1019,105925615616,0.7810,2.6900,1.2300,383573046,6.8300,8.4200,6.3700,5.5100,0.0388,OK,0,6.4200,True,False,False,False,False,False,RSI40|VOLUME|SPY20|ABNORMAL20,False,3-7d,XLV,,UNH|JNJ|LLY,fda_calendar|drug_pricing_policy|patent_cliffs,POST_ANALYSIS_ACTUAL_FILL,LIVE_QUOTE_AT_ANALYSIS,True,1.0000,1.5000,1.0000,-5.0000,7,1.5000,3,SELL_50_PCT_AT_TP1_REST_AT_TP2,MOVE_REMAINDER_TO_BREAK_EVEN,EXIT_AT_OPEN_IF_OPEN_BELOW_SL,SL_FIRST,10,PENDING_ANALYSIS,6.5173,6.5173,9.7759,284.7173,287.9760,264.2900,Indicative levels use the signal close only. Final SL/TP1/TP2 and sizing must be recalculated from the actual post-analysis broker fill.,22,2026-10-29,False,2026-07-30,3.6900,3.4900,5.8000,ALCISTA FUERTE,10,779.0900,8.4900,73.6000,15.0100,SIDI_INTRADAY_V2: Fund≥6.5 · DD60≥12% · RSI<40 · MACD↑ · Vol↓ · SPY20≤+1% · Abnormal20≤-10%,SIDI_INTRADAY_V2,False
STZ,Constellation Brands,Consumer Staples,Distillers & Vintners,2005-07-01,115.6700,113.8300,116.7700,112.9900,115.6700,2026-10-06,2026-10-07,22.8200,26.1400,DOWN,0.1659,-0.1422,-0.4713,True,0.3847,2.5550,0.7590,2.2090,126.3700,141.5200,117.7800,-8.4700,-18.2700,False,-1.2806,BAJISTA,-16.8900,-16.9400,139.1800,139.2600,166.1700,110.6000,-30.3900,4.5800,2.4910,False,False,,0.0000,134.0400,False,,HAMMER|DOJI,6.4500,5.0000,8.5000,7.0000,4.0000,7.0000,7.0000,False,False,True,True,True,False,4.4200,6.6300,1.5000,SIDI_INTRADAY_V2,1.8025,0.7582,0.0892,0.9032,295.0000,XLP,True,10.4109,9.4966,2.4153,2.1928,8.8210,0.2369,0.0857,0.2014,0.5272,-0.0330,0.3070,123.2050,0.9130,2210487552.0000,1824400000.0000,1.2116,19859824640,0.4290,4.0300,3.5600,170752511,6.3900,5.0000,5.8100,8.6700,0.1113,D/E:123,1,6.4100,False,False,False,False,False,False,VOLUME|FUND65|SPY20|ABNORMAL20,False,3-7d,XLP,,PG|KO|PEP,inflation|input_costs|fx_rates,POST_ANALYSIS_ACTUAL_FILL,LIVE_QUOTE_AT_ANALYSIS,True,1.0000,1.5000,1.0000,-5.0000,7,1.5000,3,SELL_50_PCT_AT_TP1_REST_AT_TP2,MOVE_REMAINDER_TO_BREAK_EVEN,EXIT_AT_OPEN_IF_OPEN_BELOW_SL,SL_FIRST,10,PENDING_ANALYSIS,2.5550,2.5550,3.8325,118.2250,119.5025,109.8865,Indicative levels use the signal close only. Final SL/TP1/TP2 and sizing must be recalculated from the actual post-analysis broker fill.,-1,2027-01-07,True,2026-10-06,3.7400,3.5500,5.5000,ALCISTA FUERTE,10,779.0900,8.4900,73.6000,15.0100,SIDI_INTRADAY_V2: Fund≥6.5 · DD60≥12% · RSI<40 · MACD↑ · Vol↓ · SPY20≤+1% · Abnormal20≤-10%,SIDI_INTRADAY_V2,False
AFL,Aflac,Financials,Life & Health Insurance,1999-05-28,113.6300,112.4700,113.8500,112.0200,113.6300,2026-10-06,2026-10-07,33.3700,43.8100,DOWN,-0.0435,-0.1961,-0.2728,True,0.3877,1.7121,0.8780,1.5070,118.0700,114.1700,114.2700,-3.7600,-0.4800,True,0.5706,BAJISTA,-11.8500,-12.3000,128.9000,129.5700,129.5700,103.2700,-12.3000,10.0300,0.9350,True,True,115.8500,2.0000,118.8100,True,1.9500,HAMMER,7.0500,7.0000,7.5000,7.5000,8.0000,5.0000,7.0000,False,True,False,True,True,True,3.0100,4.5200,1.5000,SIDI_INTRADAY_V2,1.8025,4.1972,-0.5684,0.8395,295.0000,XLF,True,12.1371,14.8949,1.8703,3.1318,10.5870,0.1691,0.0313,0.2691,0.5089,-0.0100,0.4680,53.3650,0.8920,5152249856.0000,4862000128.0000,1.0597,56589123584,0.5560,5.4600,2.1500,501343298,5.9700,5.0000,5.7900,7.3100,0.0910,OK,0,6.4000,False,False,False,False,False,False,DD12|FUND65|SPY20|ABNORMAL20,False,3-7d,XLF,,JPM|BAC|WFC,interest_rates|yield_curve|credit_spreads|loan_growth,POST_ANALYSIS_ACTUAL_FILL,LIVE_QUOTE_AT_ANALYSIS,True,1.0000,1.5000,1.0000,-5.0000,7,1.5000,3,SELL_50_PCT_AT_TP1_REST_AT_TP2,MOVE_REMAINDER_TO_BREAK_EVEN,EXIT_AT_OPEN_IF_OPEN_BELOW_SL,SL_FIRST,10,PENDING_ANALYSIS,1.7121,1.7121,2.5682,115.3421,116.1981,107.9485,Indicative levels use the signal close only. Final SL/TP1/TP2 and sizing must be recalculated from the actual post-analysis broker fill.,28,2026-11-04,False,2026-08-06,1.7500,1.7600,-45.0000,ALCISTA FUERTE,10,779.0900,8.4900,73.6000,15.0100,SIDI_INTRADAY_V2: Fund≥6.5 · DD60≥12% · RSI<40 · MACD↑ · Vol↓ · SPY20≤+1% · Abnormal20≤-10%,SIDI_INTRADAY_V2,False
LH,Labcorp,Health Care,Health Care Services,2004-11-01,311.7100,310.4100,312.7600,304.9200,311.7100,2026-10-06,2026-10-07,33.5500,39.6300,DOWN,-0.5423,-1.0166,-1.6979,True,0.4485,6.4571,0.8060,2.0720,319.4800,279.8100,313.1500,-2.4300,11.4000,True,1.8915,NEUTRO,-7.9500,-8.6100,338.6100,341.0700,341.0700,242.0700,-8.6100,28.7700,1.1440,True,True,304.2900,2.0000,341.0700,True,-2.3800,HAMMER|HAMMER,7.2000,8.5000,7.5000,7.5000,7.0000,5.0000,7.0000,False,False,False,True,True,True,4.1400,6.2100,1.5000,SIDI_INTRADAY_V2,1.8025,-6.0241,0.1192,0.6543,295.0000,XLV,True,25.9446,15.8129,2.9484,1.7730,13.7840,0.1173,0.0553,0.0699,0.2888,0.0580,0.2820,79.1240,1.7960,892049984.0000,1002300032.0000,0.8900,25438638080,0.8460,3.5000,0.9200,81100000,5.8600,6.4500,5.5700,5.5100,0.0351,OK,0,6.4000,False,False,False,False,False,False,DD12|FUND65|SPY20|ABNORMAL20,False,7-15d,XLV,,UNH|JNJ|LLY,fda_calendar|drug_pricing_policy|patent_cliffs,POST_ANALYSIS_ACTUAL_FILL,LIVE_QUOTE_AT_ANALYSIS,True,1.0000,1.5000,1.0000,-5.0000,7,1.5000,3,SELL_50_PCT_AT_TP1_REST_AT_TP2,MOVE_REMAINDER_TO_BREAK_EVEN,EXIT_AT_OPEN_IF_OPEN_BELOW_SL,SL_FIRST,10,PENDING_ANALYSIS,6.4571,6.4571,9.6856,318.1671,321.3956,296.1245,Indicative levels use the signal close only. Final SL/TP1/TP2 and sizing must be recalculated from the actual post-analysis broker fill.,21,2026-10-28,False,2026-07-30,4.9900,4.7700,4.7000,ALCISTA FUERTE,10,779.0900,8.4900,73.6000,15.0100,SIDI_INTRADAY_V2: Fund≥6.5 · DD60≥12% · RSI<40 · MACD↑ · Vol↓ · SPY20≤+1% · Abnormal20≤-10%,SIDI_INTRADAY_V2,False
SJM,J.M. Smucker Company (The),Consumer Staples,Packaged Foods & Meats,2008-11-06,116.8000,116.5700,118.0100,115.9600,116.8000,2026-10-06,2026-10-07,28.8200,40.0900,DOWN,-0.7016,-0.7769,-0.7668,True,0.1068,2.5850,0.8070,2.2130,122.1000,107.2500,120.2800,-4.3400,8.9000,True,2.0837,NEUTRO,-11.7400,-14.0500,132.3400,135.8900,135.8900,86.4700,-14.0500,35.0700,0.7270,True,True,115.5300,4.0000,125.5600,True,-1.0800,HAMMER,8.1500,8.5000,8.5000,7.5000,9.0000,8.0000,7.0000,False,True,False,True,True,True,4.4300,6.6400,1.5000,SIDI_INTRADAY_V2,1.8025,-7.9872,-0.2924,1.1451,295.0000,XLP,True,54.5327,10.6851,2.1678,1.3614,8.5580,0.0393,0.0626,0.0251,0.3795,0.0500,,120.6820,0.8700,1464337536.0000,229500000.0000,6.3806,12466265088,0.2660,3.3700,3.8400,106823183,5.2400,5.0000,4.2600,6.6800,0.1175,D/E:121,1,6.4000,False,False,False,False,False,False,DD12|FUND65|SPY20|ABNORMAL20,False,5-10d,XLP,,PG|KO|PEP,inflation|input_costs|fx_rates,POST_ANALYSIS_ACTUAL_FILL,LIVE_QUOTE_AT_ANALYSIS,True,1.0000,1.5000,1.0000,-5.0000,7,1.5000,3,SELL_50_PCT_AT_TP1_REST_AT_TP2,MOVE_REMAINDER_TO_BREAK_EVEN,EXIT_AT_OPEN_IF_OPEN_BELOW_SL,SL_FIRST,10,PENDING_ANALYSIS,2.5850,2.5850,3.8775,119.3850,120.6775,110.9600,Indicative levels use the signal close only. Final SL/TP1/TP2 and sizing must be recalculated from the actual post-analysis broker fill.,48,2026-11-24,False,2026-08-26,3.2400,2.2200,46.2000,ALCISTA FUERTE,10,779.0900,8.4900,73.6000,15.0100,SIDI_INTRADAY_V2: Fund≥6.5 · DD60≥12% · RSI<40 · MACD↑ · Vol↓ · SPY20≤+1% · Abnormal20≤-10%,SIDI_INTRADAY_V2,False
SNPS,Synopsys,Information Technology,Application Software,2017-03-16,505.1700,491.1000,507.5000,486.5000,505.1700,2026-10-06,2026-10-07,91.6300,60.6600,UP,11.4910,10.7230,8.2979,True,1.0112,19.9786,1.3050,3.9550,412.2300,445.2900,437.1900,22.5500,13.4500,False,-0.4354,ALCISTA,0.0000,-0.6300,505.1700,508.3800,539.4800,362.5500,-6.3600,39.3400,1.1450,False,False,444.8200,1.0000,502.2800,False,-11.9500,NONE,5.8500,8.0000,7.0000,5.0000,4.0000,5.0000,5.0000,False,False,False,False,True,False,7.9100,11.8600,1.5000,SIDI_INTRADAY_V2,1.8025,26.2670,0.3677,0.5801,295.0000,XLK,True,88.7314,27.0258,3.0889,10.2208,50.1290,0.0366,0.0135,0.1143,0.8292,0.4240,0.8930,34.8040,1.3370,3425542400.0000,1076558976.0000,3.1819,96243752960,1.2080,2.9800,0.0000,191636646,6.7600,9.7900,4.7600,5.5700,0.0356,OK,0,6.4000,True,False,False,False,False,False,DD12|RSI40|VOLUME|SPY20|ABNORMAL20,False,10-18d,XLK,,AAPL|MSFT|NVDA,interest_rates|ai_capex_cycle|semiconductor_cycle,POST_ANALYSIS_ACTUAL_FILL,LIVE_QUOTE_AT_ANALYSIS,True,1.0000,1.5000,1.0000,-5.0000,7,1.5000,3,SELL_50_PCT_AT_TP1_REST_AT_TP2,MOVE_REMAINDER_TO_BREAK_EVEN,EXIT_AT_OPEN_IF_OPEN_BELOW_SL,SL_FIRST,10,PENDING_ANALYSIS,19.9786,19.9786,29.9679,525.1486,535.1379,479.9115,Indicative levels use the signal close only. Final SL/TP1/TP2 and sizing must be recalculated from the actual post-analysis broker fill.,-42,2026-12-09,False,2026-08-26,3.9100,3.6700,6.4000,ALCISTA FUERTE,10,779.0900,8.4900,73.6000,15.0100,SIDI_INTRADAY_V2: Fund≥6.5 · DD60≥12% · RSI<40 · MACD↑ · Vol↓ · SPY20≤+1% · Abnormal20≤-10%,SIDI_INTRADAY_V2,False
WAB,Wabtec,Industrials,Construction Machinery & Heavy Transportation Equipment,2019-02-27,291.1600,292.5900,294.7200,290.3800,291.1600,2026-10-06,2026-10-07,70.7700,65.1200,UP,0.7308,0.7407,0.8168,False,0.7594,5.7307,0.8510,1.9680,290.0900,261.8500,287.7900,0.3700,11.2000,True,3.0220,ALCISTA,-4.6900,-4.9500,305.4700,306.3200,306.3200,185.1900,-4.9500,57.2200,0.8170,True,True,273.9000,3.0000,288.9300,False,-5.9300,NONE,6.8500,10.0000,6.0000,7.5000,6.0000,5.0000,5.0000,False,False,False,False,False,True,3.9400,5.9000,1.5000,SIDI_INTRADAY_V2,1.8025,2.1141,-0.3850,1.3826,295.0000,XLI,True,38.0390,22.7217,4.2676,3.9903,20.9300,0.1155,0.0617,0.1059,0.3574,0.1750,0.1890,61.6860,1.1210,1101374976.0000,1266000000.0000,0.8700,47803461632,0.9170,4.7200,0.4300,168910851,6.1000,8.7500,5.0300,4.2400,0.0230,OK,0,6.4000,False,False,False,False,False,False,DD12|RSI40|MACD|FUND65|SPY20|ABNORMAL20,False,10-18d,XLI,,CAT|UNP|HON,pmi_manufacturing|supply_chain|capex_cycle,POST_ANALYSIS_ACTUAL_FILL,LIVE_QUOTE_AT_ANALYSIS,True,1.0000,1.5000,1.0000,-5.0000,7,1.5000,3,SELL_50_PCT_AT_TP1_REST_AT_TP2,MOVE_REMAINDER_TO_BREAK_EVEN,EXIT_AT_OPEN_IF_OPEN_BELOW_SL,SL_FIRST,10,PENDING_ANALYSIS,5.7307,5.7307,8.5960,296.8907,299.7561,276.6020,Indicative levels use the signal close only. Final SL/TP1/TP2 and sizing must be recalculated from the actual post-analysis broker fill.,14,2026-10-21,False,2026-07-22,2.7600,2.6100,5.9000,ALCISTA FUERTE,10,779.0900,8.4900,73.6000,15.0100,SIDI_INTRADAY_V2: Fund≥6.5 · DD60≥12% · RSI<40 · MACD↑ · Vol↓ · SPY20≤+1% · Abnormal20≤-10%,SIDI_INTRADAY_V2,False
CVNA,Carvana,Consumer Discretionary,Automotive Retail,2025-12-22,63.8800,64.4750,65.2800,62.6800,63.8800,2026-10-06,2026-10-07,45.7400,31.7000,UP,-0.0698,-0.1920,-0.4983,True,0.3565,3.0195,0.8380,4.7270,68.8100,71.6800,65.5500,-7.1600,-10.8900,False,-1.9139,BAJISTA,-15.6900,-16.8200,75.7700,76.8000,97.3800,54.4600,-34.4000,17.2900,0.5890,True,True,64.7600,1.0000,73.2800,True,1.3800,HAMMER|DOJI|HAMMER,6.4000,5.0000,7.0000,7.5000,7.0000,5.0000,7.0000,False,False,True,False,True,True,9.4500,14.1800,1.5000,SIDI_INTRADAY_V2,1.8025,-16.3091,0.6290,1.2066,295.0000,XLY,True,33.3492,27.7684,11.2513,2.7882,19.7860,0.5877,0.1170,0.0626,0.1937,0.5240,0.6150,110.8800,3.9260,424375008.0000,1568000000.0000,0.2706,69866471424,3.5480,8.1400,0.0000,719916415,6.3700,10.0000,6.2300,2.2800,0.0061,FCF/NI:0.27|D/E:111,2,6.3800,False,False,True,False,False,False,RSI40|FUND65|SPY20,False,3-7d,XLY,,AMZN|TSLA|HD,consumer_spending|employment_data|interest_rates,POST_ANALYSIS_ACTUAL_FILL,LIVE_QUOTE_AT_ANALYSIS,True,1.0000,1.5000,1.0000,-5.0000,7,1.5000,3,SELL_50_PCT_AT_TP1_REST_AT_TP2,MOVE_REMAINDER_TO_BREAK_EVEN,EXIT_AT_OPEN_IF_OPEN_BELOW_SL,SL_FIRST,10,PENDING_ANALYSIS,3.0195,3.0195,4.5292,66.8995,68.4093,60.6860,Indicative levels use the signal close only. Final SL/TP1/TP2 and sizing must be recalculated from the actual post-analysis broker fill.,21,2026-10-28,False,2026-07-29,0.4200,0.3800,10.1000,ALCISTA FUERTE,10,779.0900,8.4900,73.6000,15.0100,SIDI_INTRADAY_V2: Fund≥6.5 · DD60≥12% · RSI<40 · MACD↑ · Vol↓ · SPY20≤+1% · Abnormal20≤-10%,SIDI_INTRADAY_V2,False
STX,Seagate Technology,Information Technology,"Technology Hardware, Storage & Peripherals",2012-07-02,805.6300,857.1200,863.5000,798.6200,805.6300,2026-10-06,2026-10-07,52.6900,54.6000,DOWN,-5.3619,1.2762,9.8320,False,0.2049,57.6111,0.9100,7.1510,854.6400,655.3800,873.9400,-5.7300,22.9300,True,10.0390,NEUTRO,-18.9500,-20.4800,993.9900,1013.1800,1143.2700,207.7800,-29.5300,287.7400,1.5960,False,False,800.6800,1.0000,840.0400,True,-0.6100,NONE,6.2300,8.5000,5.0000,5.0000,7.0000,6.5000,5.0000,False,False,True,False,False,False,14.3000,21.4500,1.5000,SIDI_INTRADAY_V2,1.8025,-30.5834,-1.9979,2.3715,295.0000,XLK,True,63.4861,14.4695,83.8509,14.9394,41.0450,3.7153,0.2935,0.2611,0.4558,0.4850,1.4880,179.8800,1.6700,1943750016.0000,3184000000.0000,0.6105,182186147840,2.0810,2.5700,0.3700,227393014,6.4800,10.0000,6.3400,2.5300,0.0107,FCF/NI:0.61|D/E:180,2,6.3800,False,False,True,False,False,False,RSI40|MACD|VOLUME|FUND65|SPY20,False,7-15d,XLK,,AAPL|MSFT|NVDA,interest_rates|ai_capex_cycle|semiconductor_cycle,POST_ANALYSIS_ACTUAL_FILL,LIVE_QUOTE_AT_ANALYSIS,True,1.0000,1.5000,1.0000,-5.0000,7,1.5000,3,SELL_50_PCT_AT_TP1_REST_AT_TP2,MOVE_REMAINDER_TO_BREAK_EVEN,EXIT_AT_OPEN_IF_OPEN_BELOW_SL,SL_FIRST,10,PENDING_ANALYSIS,57.6111,57.6111,86.4167,863.2411,892.0466,765.3485,Indicative levels use the signal close only. Final SL/TP1/TP2 and sizing must be recalculated from the actual post-analysis broker fill.,20,2026-10-27,False,2026-07-28,5.7100,5.0900,12.1000,ALCISTA FUERTE,10,779.0900,8.4900,73.6000,15.0100,SIDI_INTRADAY_V2: Fund≥6.5 · DD60≥12% · RSI<40 · MACD↑ · Vol↓ · SPY20≤+1% · Abnormal20≤-10%,SIDI_INTRADAY_V2,False
URI,United Rentals,Industrials,Trading Companies & Distributors,2014-09-20,1080.6200,1075.5300,1101.4100,1075.0000,1080.6200,2026-10-06,2026-10-07,66.1200,46.2500,UP,9.6086,8.7744,4.2001,True,0.9650,32.2414,0.9690,2.9840,1062.1600,948.0200,1040.1100,1.7400,13.9900,True,2.4379,ALCISTA,-7.2300,-8.2000,1164.8200,1177.1500,1177.1500,698.9400,-8.2000,54.6100,0.7450,False,False,1051.3400,4.0000,1104.9700,True,-2.7100,NONE,7.0000,10.0000,7.0000,5.0000,9.0000,5.0000,5.0000,False,False,False,False,True,False,5.9700,8.9500,1.5000,SIDI_INTRADAY_V2,1.8025,4.6738,-1.2066,1.9726,295.0000,XLI,True,24.7995,17.9945,6.9705,3.8140,17.5940,0.2889,0.0877,0.1567,0.3848,0.1180,0.2550,166.7930,0.7640,1706249984.0000,2638000128.0000,0.6468,64197525504,1.8260,3.7300,0.7300,62242489,5.9700,8.2700,4.7400,4.7400,0.0266,FCF/NI:0.65|D/E:167,2,6.3800,False,False,False,False,False,False,DD12|RSI40|VOLUME|FUND65|SPY20|ABNORMAL20,False,10-18d,XLI,,CAT|UNP|HON,pmi_manufacturing|supply_chain|capex_cycle,POST_ANALYSIS_ACTUAL_FILL,LIVE_QUOTE_AT_ANALYSIS,True,1.0000,1.5000,1.0000,-5.0000,7,1.5000,3,SELL_50_PCT_AT_TP1_REST_AT_TP2,MOVE_REMAINDER_TO_BREAK_EVEN,EXIT_AT_OPEN_IF_OPEN_BELOW_SL,SL_FIRST,10,PENDING_ANALYSIS,32.2414,32.2414,48.3621,1112.8614,1128.9821,1026.5890,Indicative levels use the signal close only. Final SL/TP1/TP2 and sizing must be recalculated from the actual post-analysis broker fill.,14,2026-10-21,False,2026-07-22,12.7600,11.5900,10.1000,ALCISTA FUERTE,10,779.0900,8.4900,73.6000,15.0100,SIDI_INTRADAY_V2: Fund≥6.5 · DD60≥12% · RSI<40 · MACD↑ · Vol↓ · SPY20≤+1% · Abnormal20≤-10%,SIDI_INTRADAY_V2,False
ABBV,AbbVie,Health Care,Biotechnology,2012-12-31,266.6900,267.7400,268.8600,260.6200,266.6900,2026-10-06,2026-10-07,61.1100,78.9800,DOWN,-0.1045,-0.2838,-0.4887,True,0.7655,5.1107,0.8760,1.9160,258.1700,229.9600,262.5900,3.3000,15.9700,True,1.7929,ALCISTA,0.0000,-1.0000,266.6900,269.3900,269.3900,189.4000,-1.0000,40.8100,1.0310,False,False,246.7700,1.0000,264.8100,False,-7.4700,BULL_ENGULF|HAMMER,6.5000,10.0000,6.0000,5.0000,4.0000,5.0000,9.5000,False,False,False,False,True,False,3.8300,5.7500,1.5000,SIDI_INTRADAY_V2,1.8025,6.2200,-0.3948,1.1590,295.0000,XLV,True,77.3192,16.8345,-81.4856,7.5122,17.4120,,0.1051,0.0980,0.7279,0.1020,2.9040,,0.8090,16870250496.0000,6270000128.0000,2.6906,483677667328,0.2280,4.4400,2.5900,1767117285,6.2700,8.7500,5.6300,4.1100,0.0349,OK,0,6.3600,False,False,False,False,False,False,DD12|RSI40|VOLUME|FUND65|SPY20|ABNORMAL20,False,10-18d,XLV,,UNH|JNJ|LLY,fda_calendar|drug_pricing_policy|patent_cliffs,POST_ANALYSIS_ACTUAL_FILL,LIVE_QUOTE_AT_ANALYSIS,True,1.0000,1.5000,1.0000,-5.0000,7,1.5000,3,SELL_50_PCT_AT_TP1_REST_AT_TP2,MOVE_REMAINDER_TO_BREAK_EVEN,EXIT_AT_OPEN_IF_OPEN_BELOW_SL,SL_FIRST,10,PENDING_ANALYSIS,5.1107,5.1107,7.6660,271.8007,274.3560,253.3555,Indicative levels use the signal close only. Final SL/TP1/TP2 and sizing must be recalculated from the actual post-analysis broker fill.,23,2026-10-30,False,2026-07-31,3.6500,3.6100,1.1000,ALCISTA FUERTE,10,779.0900,8.4900,73.6000,15.0100,SIDI_INTRADAY_V2: Fund≥6.5 · DD60≥12% · RSI<40 · MACD↑ · Vol↓ · SPY20≤+1% · Abnormal20≤-10%,SIDI_INTRADAY_V2,False
CASY,Casey's,Consumer Staples,Food Retail,2026-04-09,620.8000,620.0400,633.3700,612.8300,620.8000,2026-10-06,2026-10-07,66.7700,38.4100,UP,10.4258,9.8941,8.0907,True,0.7526,17.0436,0.6300,2.7450,735.9000,732.2900,633.0200,-15.6400,-15.2200,True,0.7002,BAJISTA,-29.0200,-29.8400,874.5900,884.8300,927.1500,496.2000,-33.0400,25.1100,0.7930,False,False,575.1000,1.0000,883.7500,False,-7.3600,HAMMER|DOJI|HAMMER|DOJI,6.1500,7.0000,7.0000,5.0000,4.0000,7.0000,7.0000,False,False,True,False,True,False,5.4900,8.2400,1.5000,SIDI_INTRADAY_V2,1.8025,-15.3904,-0.2030,0.7486,295.0000,XLP,True,30.2563,26.7821,5.6737,1.2433,16.1800,0.1998,0.0791,0.0414,0.2382,0.2430,0.2770,70.5470,1.0190,503306880.0000,772812992.0000,0.6513,23215421440,0.5850,2.6700,0.4200,36960167,6.5000,10.0000,5.2600,3.8700,0.0217,FCF/NI:0.65,1,6.3600,True,False,True,False,False,False,RSI40|VOLUME|SPY20,False,3-7d,XLP,,PG|KO|PEP,inflation|input_costs|fx_rates,POST_ANALYSIS_ACTUAL_FILL,LIVE_QUOTE_AT_ANALYSIS,True,1.0000,1.5000,1.0000,-5.0000,7,1.5000,3,SELL_50_PCT_AT_TP1_REST_AT_TP2,MOVE_REMAINDER_TO_BREAK_EVEN,EXIT_AT_OPEN_IF_OPEN_BELOW_SL,SL_FIRST,10,PENDING_ANALYSIS,17.0436,17.0436,25.5654,637.8436,646.3654,589.7600,Indicative levels use the signal close only. Final SL/TP1/TP2 and sizing must be recalculated from the actual post-analysis broker fill.,62,2026-12-08,False,2026-09-08,7.3700,6.8200,8.1000,ALCISTA FUERTE,10,779.0900,8.4900,73.6000,15.0100,SIDI_INTRADAY_V2: Fund≥6.5 · DD60≥12% · RSI<40 · MACD↑ · Vol↓ · SPY20≤+1% · Abnormal20≤-10%,SIDI_INTRADAY_V2,False
NRG,NRG Energy,Utilities,Independent Power Producers & Energy Traders,2010-01-29,103.6000,101.0000,105.7200,100.1300,103.6000,2026-10-06,2026-10-07,43.3600,19.6500,UP,0.4436,-0.1779,-0.4529,True,0.5255,3.9586,0.7310,3.8210,112.6400,139.6200,102.6800,-8.0200,-25.8000,False,-4.1052,BAJISTA,-27.2900,-28.1600,142.4800,144.2200,188.7100,93.3600,-45.1000,10.9700,1.5420,False,False,,0.0000,143.4900,False,,HAMMER,6.1500,5.0000,7.0000,7.0000,4.0000,7.0000,7.0000,False,False,True,False,True,False,7.6400,11.4600,1.5000,SIDI_INTRADAY_V2,1.8025,-5.1160,1.0901,1.4523,295.0000,XLU,True,27.2958,9.3188,5.2151,0.6617,14.0590,0.2377,0.0406,0.0256,0.1880,0.1100,,483.3570,0.9680,772374976.0000,782000000.0000,0.9877,21918646272,1.1610,2.1600,1.8300,210210483,6.4900,7.5000,6.9300,4.8100,0.0352,D/E:483,1,6.3500,False,False,False,False,False,False,RSI40|VOLUME|FUND65|SPY20|ABNORMAL20,False,3-7d,XLU,,NEE|DUK|SO,interest_rates|regulatory_environment,POST_ANALYSIS_ACTUAL_FILL,LIVE_QUOTE_AT_ANALYSIS,True,1.0000,1.5000,1.0000,-5.0000,7,1.5000,3,SELL_50_PCT_AT_TP1_REST_AT_TP2,MOVE_REMAINDER_TO_BREAK_EVEN,EXIT_AT_OPEN_IF_OPEN_BELOW_SL,SL_FIRST,10,PENDING_ANALYSIS,3.9586,3.9586,5.9379,107.5586,109.5379,98.4200,Indicative levels use the signal close only. Final SL/TP1/TP2 and sizing must be recalculated from the actual post-analysis broker fill.,29,2026-11-05,False,2026-08-04,1.4900,1.7400,-14.4000,ALCISTA FUERTE,10,779.0900,8.4900,73.6000,15.0100,SIDI_INTRADAY_V2: Fund≥6.5 · DD60≥12% · RSI<40 · MACD↑ · Vol↓ · SPY20≤+1% · Abnormal20≤-10%,SIDI_INTRADAY_V2,False
VRTX,Vertex Pharmaceuticals,Health Care,Biotechnology,2013-09-23,502.3100,505.0000,507.4100,496.3300,502.3100,2026-10-06,2026-10-07,40.1800,55.7100,DOWN,-2.3191,-2.0994,-0.9742,False,0.0751,11.8479,0.8680,2.3590,519.1900,474.1200,516.7400,-3.2500,5.9400,True,1.6095,NEUTRO,-9.9700,-10.3400,557.9600,560.2500,560.2500,400.7400,-10.3400,25.3500,0.7760,True,True,466.7000,3.0000,497.3100,False,-7.0900,HAMMER|HAMMER,7.0000,8.5000,5.0000,7.5000,6.0000,8.0000,7.0000,False,False,False,False,False,True,4.7200,7.0800,1.5000,SIDI_INTRADAY_V2,1.8025,-5.6244,0.2127,1.1023,295.0000,XLV,True,29.6680,25.3355,6.3738,10.2510,23.8100,0.2354,0.1193,0.3500,0.5496,0.1250,0.0800,9.7670,3.1850,2627887616.0000,4405199872.0000,0.5965,129031020544,0.2810,4.7200,0.0000,253300000,5.9100,5.6400,7.9100,3.8900,0.0204,FCF/NI:0.60,1,6.3500,False,False,False,False,False,False,DD12|RSI40|MACD|FUND65|SPY20|ABNORMAL20,False,7-15d,XLV,,UNH|JNJ|LLY,fda_calendar|drug_pricing_policy|patent_cliffs,POST_ANALYSIS_ACTUAL_FILL,LIVE_QUOTE_AT_ANALYSIS,True,1.0000,1.5000,1.0000,-5.0000,7,1.5000,3,SELL_50_PCT_AT_TP1_REST_AT_TP2,MOVE_REMAINDER_TO_BREAK_EVEN,EXIT_AT_OPEN_IF_OPEN_BELOW_SL,SL_FIRST,10,PENDING_ANALYSIS,11.8479,11.8479,17.7719,514.1579,520.0819,477.1945,Indicative levels use the signal close only. Final SL/TP1/TP2 and sizing must be recalculated from the actual post-analysis broker fill.,26,2026-11-02,False,2026-08-03,4.7300,4.7500,-32.0000,ALCISTA FUERTE,10,779.0900,8.4900,73.6000,15.0100,SIDI_INTRADAY_V2: Fund≥6.5 · DD60≥12% · RSI<40 · MACD↑ · Vol↓ · SPY20≤+1% · Abnormal20≤-10%,SIDI_INTRADAY_V2,False
DGX,Quest Diagnostics,Health Care,Health Care Services,2002-12-12,228.3900,229.9200,232.0900,225.7800,228.3900,2026-10-06,2026-10-07,24.5400,46.2000,DOWN,-1.2258,-1.1542,-1.4012,False,0.1768,5.4144,0.9660,2.3710,236.9400,204.9400,234.7400,-3.6100,11.4400,True,2.7473,NEUTRO,-7.3600,-7.8800,246.5300,247.9200,247.9200,168.3500,-7.8800,35.6600,1.4820,False,False,231.4200,1.0000,239.2400,True,1.3300,BULL_ENGULF|HAMMER,7.1700,8.5000,7.5000,5.0000,7.0000,6.5000,9.5000,False,False,False,True,False,False,4.7400,7.1100,1.5000,SIDI_INTRADAY_V2,1.8025,-4.5912,-0.3137,0.6821,295.0000,XLV,True,24.2956,18.9788,3.3496,2.1852,13.8430,0.1460,0.0640,0.0919,0.3319,0.1020,0.1500,81.0740,1.5910,909625024.0000,1058000000.0000,0.8598,25260599296,0.5400,3.8600,1.5100,110373360,5.7900,5.9300,5.8200,5.6000,0.0360,D/E:81,1,6.3400,False,False,False,False,False,False,DD12|MACD|VOLUME|FUND65|SPY20|ABNORMAL20,False,7-15d,XLV,,UNH|JNJ|LLY,fda_calendar|drug_pricing_policy|patent_cliffs,POST_ANALYSIS_ACTUAL_FILL,LIVE_QUOTE_AT_ANALYSIS,True,1.0000,1.5000,1.0000,-5.0000,7,1.5000,3,SELL_50_PCT_AT_TP1_REST_AT_TP2,MOVE_REMAINDER_TO_BREAK_EVEN,EXIT_AT_OPEN_IF_OPEN_BELOW_SL,SL_FIRST,10,PENDING_ANALYSIS,5.4144,5.4144,8.1216,233.8044,236.5116,216.9705,Indicative levels use the signal close only. Final SL/TP1/TP2 and sizing must be recalculated from the actual post-analysis broker fill.,15,2026-10-22,False,2026-07-23,3.1200,2.8200,10.5000,ALCISTA FUERTE,10,779.0900,8.4900,73.6000,15.0100,SIDI_INTRADAY_V2: Fund≥6.5 · DD60≥12% · RSI<40 · MACD↑ · Vol↓ · SPY20≤+1% · Abnormal20≤-10%,SIDI_INTRADAY_V2,False
HOOD,Robinhood Markets,Financials,Investment Banking & Brokerage,2025-09-22,112.0000,115.0100,116.2500,111.7400,112.0000,2026-10-06,2026-10-07,59.9700,51.1100,UP,-1.2773,-1.2198,-1.1912,False,0.3395,5.6571,0.9100,5.0510,106.1100,94.2800,114.0200,5.5500,18.7900,True,-0.8739,ALCISTA,-10.2000,-11.6300,124.7200,126.7400,153.8600,63.5200,-27.2100,76.3400,0.8020,False,False,101.1900,2.0000,112.4800,False,-9.6500,HAMMER,6.1500,9.5000,6.0000,5.0000,4.0000,5.0000,7.0000,False,False,False,False,False,False,10.1000,15.1500,1.5000,SIDI_INTRADAY_V2,1.8025,-5.1854,2.2725,0.8275,295.0000,XLF,True,47.4670,31.3484,10.2181,19.6424,,0.2362,0.0453,0.4201,0.9189,0.3230,0.4760,240.2790,1.1160,,2072000000.0000,,96876118016,2.3540,1.6000,0.0000,790630234,6.4300,10.0000,5.1300,3.7900,,D/E:240,1,6.3200,False,False,False,False,False,False,DD12|RSI40|MACD|VOLUME|FUND65|SPY20|ABNORMAL20,False,10-18d,XLF,,JPM|BAC|WFC,interest_rates|yield_curve|credit_spreads|loan_growth,POST_ANALYSIS_ACTUAL_FILL,LIVE_QUOTE_AT_ANALYSIS,True,1.0000,1.5000,1.0000,-5.0000,7,1.5000,3,SELL_50_PCT_AT_TP1_REST_AT_TP2,MOVE_REMAINDER_TO_BREAK_EVEN,EXIT_AT_OPEN_IF_OPEN_BELOW_SL,SL_FIRST,10,PENDING_ANALYSIS,5.6571,5.6571,8.4856,117.6571,120.4856,106.4000,Indicative levels use the signal close only. Final SL/TP1/TP2 and sizing must be recalculated from the actual post-analysis broker fill.,20,2026-10-27,False,2026-07-29,0.6200,0.4300,43.7000,ALCISTA FUERTE,10,779.0900,8.4900,73.6000,15.0100,SIDI_INTRADAY_V2: Fund≥6.5 · DD60≥12% · RSI<40 · MACD↑ · Vol↓ · SPY20≤+1% · Abnormal20≤-10%,SIDI_INTRADAY_V2,False
YUM,Yum! Brands,Consumer Discretionary,Restaurants,1997-10-06,139.8400,137.0300,139.9700,136.7500,139.8400,2026-10-06,2026-10-07,55.0500,37.9000,UP,0.2744,-0.0057,-0.1521,True,0.5442,2.8150,0.6660,2.0130,145.8100,152.5800,140.0700,-4.1000,-8.3500,False,-0.4951,BAJISTA,-11.1500,-15.4200,157.3900,165.3300,169.2900,134.2600,-17.3900,4.1600,0.8940,True,True,134.2600,1.0000,154.0800,True,-3.9900,HAMMER,6.7000,5.0000,7.0000,7.5000,7.0000,7.0000,7.0000,False,False,False,False,True,True,4.0300,6.0400,1.5000,SIDI_INTRADAY_V2,1.8025,-4.0021,-0.3712,0.3996,295.0000,XLY,True,17.6492,20.0758,-5.3106,4.3847,16.5880,,0.2269,0.2541,0.4531,0.1220,1.3160,,0.5920,833249984.0000,2216000000.0000,0.3760,38242992128,0.5460,4.3300,2.1500,272901085,6.0700,10.0000,4.3200,3.5300,0.0218,FCF/NI:0.38,1,6.3200,False,False,False,False,False,False,DD12|RSI40|FUND65|SPY20|ABNORMAL20,False,3-7d,XLY,,AMZN|TSLA|HD,consumer_spending|employment_data|interest_rates,POST_ANALYSIS_ACTUAL_FILL,LIVE_QUOTE_AT_ANALYSIS,True,1.0000,1.5000,1.0000,-5.0000,7,1.5000,3,SELL_50_PCT_AT_TP1_REST_AT_TP2,MOVE_REMAINDER_TO_BREAK_EVEN,EXIT_AT_OPEN_IF_OPEN_BELOW_SL,SL_FIRST,10,PENDING_ANALYSIS,2.8150,2.8150,4.2225,142.6550,144.0625,132.8480,Indicative levels use the signal close only. Final SL/TP1/TP2 and sizing must be recalculated from the actual post-analysis broker fill.,27,2026-11-03,False,2026-07-30,1.6200,1.5600,3.7000,ALCISTA FUERTE,10,779.0900,8.4900,73.6000,15.0100,SIDI_INTRADAY_V2: Fund≥6.5 · DD60≥12% · RSI<40 · MACD↑ · Vol↓ · SPY20≤+1% · Abnormal20≤-10%,SIDI_INTRADAY_V2,False
GD,General Dynamics,Industrials,Aerospace & Defense,1957-03-04,331.3300,329.8900,332.7800,327.6400,331.3300,2026-10-06,2026-10-07,10.4800,22.9300,DOWN,-0.4444,-0.7844,-1.3498,True,0.2127,6.0657,0.8420,1.8310,367.2500,353.3900,343.6500,-9.7800,-6.2400,True,0.2812,BAJISTA,-16.3200,-17.1700,395.9700,400.0000,400.0000,305.4300,-17.1700,8.4800,1.0210,False,False,332.6900,2.0000,351.3400,True,0.4100,NONE,6.7800,7.0000,8.5000,5.0000,8.0000,6.5000,5.0000,False,False,True,True,True,False,3.6600,5.4900,1.5000,SIDI_INTRADAY_V2,1.8025,-6.6835,-0.1834,0.4428,295.0000,XLI,True,19.8841,17.5278,3.2820,1.6072,14.2700,0.1780,0.0608,0.0818,0.1537,0.0810,0.1340,35.3350,1.4410,4400124928.0000,4487000064.0000,0.9806,88174583808,0.3290,2.7200,1.9200,270557195,5.9900,4.6000,6.1900,7.3600,0.0499,OK,0,6.3100,False,False,False,False,False,False,VOLUME|FUND65|SPY20|ABNORMAL20,False,5-10d,XLI,,CAT|UNP|HON,pmi_manufacturing|supply_chain|capex_cycle,POST_ANALYSIS_ACTUAL_FILL,LIVE_QUOTE_AT_ANALYSIS,True,1.0000,1.5000,1.0000,-5.0000,7,1.5000,3,SELL_50_PCT_AT_TP1_REST_AT_TP2,MOVE_REMAINDER_TO_BREAK_EVEN,EXIT_AT_OPEN_IF_OPEN_BELOW_SL,SL_FIRST,10,PENDING_ANALYSIS,6.0657,6.0657,9.0985,337.3957,340.4285,314.7635,Indicative levels use the signal close only. Final SL/TP1/TP2 and sizing must be recalculated from the actual post-analysis broker fill.,21,2026-10-28,False,2026-07-29,4.2400,3.9700,6.9000,ALCISTA FUERTE,10,779.0900,8.4900,73.6000,15.0100,SIDI_INTRADAY_V2: Fund≥6.5 · DD60≥12% · RSI<40 · MACD↑ · Vol↓ · SPY20≤+1% · Abnormal20≤-10%,SIDI_INTRADAY_V2,False
CPAY,Corpay,Financials,Transaction & Payment Processing Services,2018-06-20,406.7900,403.5300,406.9500,401.6300,406.7900,2026-10-06,2026-10-07,54.4700,35.3000,UP,0.1948,-0.7081,-2.0224,True,0.7455,7.6943,0.7750,1.8910,402.8500,347.6700,399.5200,0.9800,17.0000,True,2.9775,ALCISTA,-4.3400,-4.8400,425.2400,427.4600,427.4600,252.8400,-4.8400,60.8900,0.7650,False,False,401.5200,1.0000,424.6200,True,-1.3000,NONE,7.0000,10.0000,7.0000,5.0000,7.0000,7.0000,5.0000,False,False,False,False,True,False,3.7800,5.6700,1.5000,SIDI_INTRADAY_V2,1.8025,3.1877,0.1100,1.0775,295.0000,XLF,True,24.0513,12.7175,7.4276,5.2404,12.3750,0.2922,0.0632,0.2272,0.8054,0.2150,-0.0700,275.2910,0.9720,1946175872.0000,1133502976.0000,1.7170,26309474304,0.8940,7.5000,0.0000,65659599,5.8300,5.0000,6.3600,6.1800,0.0740,D/E:275,1,6.3000,False,False,False,False,False,False,DD12|RSI40|VOLUME|FUND65|SPY20|ABNORMAL20,False,10-18d,XLF,,JPM|BAC|WFC,interest_rates|yield_curve|credit_spreads|loan_growth,POST_ANALYSIS_ACTUAL_FILL,LIVE_QUOTE_AT_ANALYSIS,True,1.0000,1.5000,1.0000,-5.0000,7,1.5000,3,SELL_50_PCT_AT_TP1_REST_AT_TP2,MOVE_REMAINDER_TO_BREAK_EVEN,EXIT_AT_OPEN_IF_OPEN_BELOW_SL,SL_FIRST,10,PENDING_ANALYSIS,7.6943,7.6943,11.5415,414.4843,418.3315,386.4505,Indicative levels use the signal close only. Final SL/TP1/TP2 and sizing must be recalculated from the actual post-analysis broker fill.,28,2026-11-04,False,2026-08-05,7.0000,6.5800,6.3000,ALCISTA FUERTE,10,779.0900,8.4900,73.6000,15.0100,SIDI_INTRADAY_V2: Fund≥6.5 · DD60≥12% · RSI<40 · MACD↑ · Vol↓ · SPY20≤+1% · Abnormal20≤-10%,SIDI_INTRADAY_V2,False
ANET,Arista Networks,Information Technology,Communications Equipment,2018-08-28,215.3600,208.0000,216.0700,207.2000,215.3600,2026-10-06,2026-10-07,79.4300,59.3800,UP,0.6296,0.1483,0.1031,True,1.0088,6.2859,0.6990,2.9190,194.9700,159.7900,202.7700,10.4600,34.7800,True,4.9171,ALCISTA,0.0000,-0.3300,215.3600,216.0700,216.0700,114.5200,-0.3300,88.0500,1.4330,True,True,186.1100,1.0000,213.4400,False,-13.5800,HAMMER|HAMMER,7.6500,10.0000,7.0000,9.5000,4.0000,7.0000,7.0000,False,False,False,False,True,True,5.8400,8.7600,1.5000,SIDI_INTRADAY_V2,1.8025,0.2001,-0.1037,1.1886,295.0000,XLK,True,66.5804,40.5729,17.9886,25.2537,55.6670,0.3148,0.1412,0.3837,0.6300,0.3770,0.3570,,2.9570,3891512576.0000,4044600064.0000,0.9622,266194075648,1.6050,2.6200,0.0000,1261224648,5.3800,5.9800,6.8300,2.9900,0.0146,OK,0,6.2900,False,False,False,False,False,False,DD12|RSI40|FUND65|SPY20|ABNORMAL20,False,10-18d,XLK,,AAPL|MSFT|NVDA,interest_rates|ai_capex_cycle|semiconductor_cycle,POST_ANALYSIS_ACTUAL_FILL,LIVE_QUOTE_AT_ANALYSIS,True,1.0000,1.5000,1.0000,-5.0000,7,1.5000,3,SELL_50_PCT_AT_TP1_REST_AT_TP2,MOVE_REMAINDER_TO_BREAK_EVEN,EXIT_AT_OPEN_IF_OPEN_BELOW_SL,SL_FIRST,10,PENDING_ANALYSIS,6.2859,6.2859,9.4289,221.6459,224.7889,204.5920,Indicative levels use the signal close only. Final SL/TP1/TP2 and sizing must be recalculated from the actual post-analysis broker fill.,27,2026-11-03,False,2026-08-04,1.0200,0.8900,15.2000,ALCISTA FUERTE,10,779.0900,8.4900,73.6000,15.0100,SIDI_INTRADAY_V2: Fund≥6.5 · DD60≥12% · RSI<40 · MACD↑ · Vol↓ · SPY20≤+1% · Abnormal20≤-10%,SIDI_INTRADAY_V2,False
PH,Parker Hannifin,Industrials,Industrial Machinery & Supplies & Components,1985-11-30,984.9100,980.0000,992.0000,975.7000,984.9100,2026-10-06,2026-10-07,79.1100,57.9400,UP,4.5626,4.0462,3.7775,True,0.8563,18.9407,0.7930,1.9230,986.9400,943.0700,967.6800,-0.2100,4.4400,True,1.0463,NEUTRO,-8.1000,-10.2800,1071.7100,1097.7300,1097.7300,709.4600,-10.2800,38.8200,0.6890,True,True,933.4700,3.0000,1000.2400,False,-5.2200,HAMMER,7.2500,8.5000,7.0000,7.5000,6.0000,7.0000,7.0000,False,False,False,False,True,True,3.8500,5.7700,1.5000,SIDI_INTRADAY_V2,1.8025,4.2683,-0.4296,1.2266,295.0000,XLI,True,33.5980,24.2652,7.8331,5.6130,23.3730,0.2508,0.0979,0.1697,0.3755,0.0980,0.1930,56.6600,1.2620,2961750016.0000,3648000000.0000,0.8119,120673189888,1.1190,2.3500,0.8100,126112415,5.6300,6.4600,6.0300,4.2000,0.0245,OK,0,6.2800,False,False,False,False,False,False,DD12|RSI40|FUND65|SPY20|ABNORMAL20,False,7-15d,XLI,,CAT|UNP|HON,pmi_manufacturing|supply_chain|capex_cycle,POST_ANALYSIS_ACTUAL_FILL,LIVE_QUOTE_AT_ANALYSIS,True,1.0000,1.5000,1.0000,-5.0000,7,1.5000,3,SELL_50_PCT_AT_TP1_REST_AT_TP2,MOVE_REMAINDER_TO_BREAK_EVEN,EXIT_AT_OPEN_IF_OPEN_BELOW_SL,SL_FIRST,10,PENDING_ANALYSIS,18.9407,18.9407,28.4110,1003.8507,1013.3211,935.6645,Indicative levels use the signal close only. Final SL/TP1/TP2 and sizing must be recalculated from the actual post-analysis broker fill.,29,2026-11-05,False,2026-08-06,9.2700,8.2700,12.2000,ALCISTA FUERTE,10,779.0900,8.4900,73.6000,15.0100,SIDI_INTRADAY_V2: Fund≥6.5 · DD60≥12% · RSI<40 · MACD↑ · Vol↓ · SPY20≤+1% · Abnormal20≤-10%,SIDI_INTRADAY_V2,False
DLR,Digital Realty,Real Estate,Data Center REITs,2016-05-18,184.6500,181.6700,185.1000,181.0100,184.6500,2026-10-06,2026-10-07,56.0800,35.4900,UP,0.3406,-0.1609,-0.6521,True,0.7194,4.1536,0.7850,2.2490,186.6700,179.2200,181.4000,-1.0800,3.0300,True,1.5648,NEUTRO,-7.1100,-10.3900,198.7900,206.0600,206.0600,143.3000,-10.3900,28.8600,0.9880,True,True,179.4100,6.0000,190.1100,True,-2.8400,HAMMER|DOJI|HAMMER,7.7000,8.5000,7.0000,7.5000,9.0000,7.0000,7.0000,False,False,False,False,True,True,4.5000,6.7500,1.5000,SIDI_INTRADAY_V2,1.8025,3.5854,0.5467,0.9627,295.0000,XLRE,True,88.2621,65.8272,2.5194,10.1623,27.8280,0.0291,0.0148,0.1182,0.5699,0.2990,-0.5870,67.9440,0.8900,3768482048.0000,758297984.0000,4.9697,68666818560,1.0110,4.2900,2.6400,370998727,5.3200,5.0000,4.9700,6.1200,0.0549,OK,0,6.2700,False,False,False,False,False,False,DD12|RSI40|FUND65|SPY20|ABNORMAL20,False,7-15d,XLRE,,PLD|AMT|EQIX,interest_rates|cap_rates|occupancy_trends,POST_ANALYSIS_ACTUAL_FILL,LIVE_QUOTE_AT_ANALYSIS,True,1.0000,1.5000,1.0000,-5.0000,7,1.5000,3,SELL_50_PCT_AT_TP1_REST_AT_TP2,MOVE_REMAINDER_TO_BREAK_EVEN,EXIT_AT_OPEN_IF_OPEN_BELOW_SL,SL_FIRST,10,PENDING_ANALYSIS,4.1536,4.1536,6.2304,188.8036,190.8804,175.4175,Indicative levels use the signal close only. Final SL/TP1/TP2 and sizing must be recalculated from the actual post-analysis broker fill.,22,2026-10-29,False,2026-07-23,0.6200,0.7300,-15.0000,ALCISTA FUERTE,10,779.0900,8.4900,73.6000,15.0100,SIDI_INTRADAY_V2: Fund≥6.5 · DD60≥12% · RSI<40 · MACD↑ · Vol↓ · SPY20≤+1% · Abnormal20≤-10%,SIDI_INTRADAY_V2,False
AMP,Ameriprise Financial,Financials,Asset Management & Custody Banks,2005-10-03,496.6100,495.2400,497.8700,489.3900,496.6100,2026-10-06,2026-10-07,26.6100,23.6400,UP,-2.1428,-3.1756,-4.9151,True,0.2924,14.1243,1.1100,2.8440,541.8300,491.0100,513.8100,-8.3500,1.1400,True,1.1377,NEUTRO,-12.9800,-13.2600,570.6800,572.5600,572.5600,419.5200,-13.2600,18.3800,0.8110,False,False,456.5300,2.0000,541.7300,False,-8.0700,HAMMER|HAMMER|HAMMER,6.8800,8.5000,9.5000,5.0000,4.0000,6.5000,7.0000,False,False,True,True,True,False,5.6900,8.5300,1.5000,SIDI_INTRADAY_V2,1.8025,-5.3301,-0.0264,1.2457,295.0000,XLF,True,11.7331,9.3850,6.7522,2.1655,,0.6343,0.0228,0.1990,0.5493,0.1160,0.1170,67.5780,2.1820,2903124992.0000,3948000000.0000,0.7353,42961072128,1.1560,6.1500,1.3700,88400000,5.8400,3.7800,6.9300,6.9500,0.0676,FCF/NI:0.74,1,6.2600,False,False,False,False,False,False,VOLUME|FUND65|SPY20|ABNORMAL20,False,7-15d,XLF,,JPM|BAC|WFC,interest_rates|yield_curve|credit_spreads|loan_growth,POST_ANALYSIS_ACTUAL_FILL,LIVE_QUOTE_AT_ANALYSIS,True,1.0000,1.5000,1.0000,-5.0000,7,1.5000,3,SELL_50_PCT_AT_TP1_REST_AT_TP2,MOVE_REMAINDER_TO_BREAK_EVEN,EXIT_AT_OPEN_IF_OPEN_BELOW_SL,SL_FIRST,10,PENDING_ANALYSIS,14.1243,14.1243,21.1865,510.7343,517.7965,471.7795,Indicative levels use the signal close only. Final SL/TP1/TP2 and sizing must be recalculated from the actual post-analysis broker fill.,22,2026-10-29,False,2026-07-23,11.0700,10.8100,2.4000,ALCISTA FUERTE,10,779.0900,8.4900,73.6000,15.0100,SIDI_INTRADAY_V2: Fund≥6.5 · DD60≥12% · RSI<40 · MACD↑ · Vol↓ · SPY20≤+1% · Abnormal20≤-10%,SIDI_INTRADAY_V2,False
T,AT&T,Communication Services,Integrated Telecommunication Services,1983-11-30,24.4300,24.1900,24.4500,23.9700,24.4300,2026-10-06,2026-10-07,22.8100,42.7600,DOWN,-0.1758,-0.2059,-0.2239,True,0.2277,0.4707,0.7670,1.9270,24.9700,24.8000,24.9400,-2.1600,-1.4800,True,0.3874,BAJISTA,-8.5700,-9.2800,26.7200,26.9300,28.7500,19.6300,-15.0300,24.4700,0.8980,True,True,22.5500,1.0000,26.4200,False,-7.7000,HAMMER|DOJI|BULL_ENGULF,7.5800,7.0000,8.5000,7.5000,5.0000,8.5000,9.5000,False,False,False,True,True,True,3.8500,5.7800,1.5000,SIDI_INTRADAY_V2,1.8025,-4.7066,-0.8072,0.6403,295.0000,XLC,True,8.1502,9.6175,1.5381,1.3299,7.4230,0.1834,0.0416,0.1694,0.5972,0.0230,0.0620,129.0540,0.9710,10142000128.0000,21479999488.0000,0.4722,169219670016,0.4420,3.9400,4.5400,6852385650,5.3800,3.1500,4.6000,8.8800,0.0599,FCF/NI:0.47|D/E:129,2,6.2600,False,False,False,False,False,False,DD12|FUND65|SPY20|ABNORMAL20,False,3-7d,XLC,,GOOGL|META|NFLX,ad_spending_cycle|streaming_competition|regulation,POST_ANALYSIS_ACTUAL_FILL,LIVE_QUOTE_AT_ANALYSIS,True,1.0000,1.5000,1.0000,-5.0000,7,1.5000,3,SELL_50_PCT_AT_TP1_REST_AT_TP2,MOVE_REMAINDER_TO_BREAK_EVEN,EXIT_AT_OPEN_IF_OPEN_BELOW_SL,SL_FIRST,10,PENDING_ANALYSIS,0.4707,0.4707,0.7061,24.9007,25.1361,23.2085,Indicative levels use the signal close only. Final SL/TP1/TP2 and sizing must be recalculated from the actual post-analysis broker fill.,14,2026-10-21,False,2026-07-22,0.6500,0.5900,10.5000,ALCISTA FUERTE,10,779.0900,8.4900,73.6000,15.0100,SIDI_INTRADAY_V2: Fund≥6.5 · DD60≥12% · RSI<40 · MACD↑ · Vol↓ · SPY20≤+1% · Abnormal20≤-10%,SIDI_INTRADAY_V2,False
REGN,Regeneron Pharmaceuticals,Health Care,Biotechnology,2013-05-01,738.7200,734.6100,740.5100,727.1600,738.7200,2026-10-06,2026-10-07,37.5800,31.0100,UP,-7.2515,-8.3587,-7.8422,True,0.1620,21.1407,1.0690,2.8620,787.4300,734.4100,768.3400,-6.1900,0.5900,True,0.4900,NEUTRO,-13.3000,-14.0400,852.0300,859.3400,859.3400,538.2400,-14.0400,37.2500,0.8040,False,False,667.0700,1.0000,728.6500,False,-9.7000,NONE,6.4700,8.5000,8.5000,5.0000,4.0000,6.5000,5.0000,False,False,True,True,True,False,5.7200,8.5900,1.5000,SIDI_INTRADAY_V2,1.8025,-8.8813,0.3354,0.8746,295.0000,XLV,True,18.4680,12.1267,2.3626,4.9497,14.5620,0.1404,0.0653,0.2787,0.4446,0.1670,-0.0450,8.5350,3.3350,3065299968.0000,4328699904.0000,0.7081,76891414528,0.1530,4.0400,0.5100,101137842,6.1200,5.0000,6.8900,6.5300,0.0399,FCF/NI:0.71,1,6.2600,False,False,False,False,False,False,VOLUME|FUND65|SPY20|ABNORMAL20,False,7-15d,XLV,,UNH|JNJ|LLY,fda_calendar|drug_pricing_policy|patent_cliffs,POST_ANALYSIS_ACTUAL_FILL,LIVE_QUOTE_AT_ANALYSIS,True,1.0000,1.5000,1.0000,-5.0000,7,1.5000,3,SELL_50_PCT_AT_TP1_REST_AT_TP2,MOVE_REMAINDER_TO_BREAK_EVEN,EXIT_AT_OPEN_IF_OPEN_BELOW_SL,SL_FIRST,10,PENDING_ANALYSIS,21.1407,21.1407,31.7111,759.8607,770.4311,701.7840,Indicative levels use the signal close only. Final SL/TP1/TP2 and sizing must be recalculated from the actual post-analysis broker fill.,23,2026-10-30,False,2026-07-30,14.2900,10.2100,40.0000,ALCISTA FUERTE,10,779.0900,8.4900,73.6000,15.0100,SIDI_INTRADAY_V2: Fund≥6.5 · DD60≥12% · RSI<40 · MACD↑ · Vol↓ · SPY20≤+1% · Abnormal20≤-10%,SIDI_INTRADAY_V2,False
TFC,Truist Financial,Financials,Diversified Banks,1997-12-04,46.2500,46.4900,46.8200,46.1600,46.2500,2026-10-06,2026-10-07,27.9700,24.8300,UP,-0.1158,-0.1522,-0.2358,True,0.2147,0.8971,0.8870,1.9400,50.0300,49.0200,47.7800,-7.5500,-5.6600,True,0.4134,BAJISTA,-12.9000,-13.8500,53.1000,53.6900,54.5200,39.1000,-15.1600,18.2700,0.9860,False,False,45.9600,2.0000,48.8100,True,-0.6200,HAMMER|DOJI,7.1800,7.0000,9.5000,5.0000,8.0000,6.5000,7.0000,False,False,True,True,True,False,3.8800,5.8200,1.5000,SIDI_INTRADAY_V2,1.8025,-2.0143,-0.0620,1.1550,295.0000,XLF,True,10.4345,9.1017,0.9449,2.9141,,0.0906,0.0106,0.3069,0.0000,0.0820,0.3670,,,,5533000192.0000,,55449612288,0.9060,4.5400,4.5000,1221626188,5.6500,6.6200,4.3100,6.0900,,OK,0,6.2600,False,False,False,False,False,False,VOLUME|FUND65|SPY20|ABNORMAL20,False,5-10d,XLF,,JPM|BAC|WFC,interest_rates|yield_curve|credit_spreads|loan_growth,POST_ANALYSIS_ACTUAL_FILL,LIVE_QUOTE_AT_ANALYSIS,True,1.0000,1.5000,1.0000,-5.0000,7,1.5000,3,SELL_50_PCT_AT_TP1_REST_AT_TP2,MOVE_REMAINDER_TO_BREAK_EVEN,EXIT_AT_OPEN_IF_OPEN_BELOW_SL,SL_FIRST,10,PENDING_ANALYSIS,0.8971,0.8971,1.3457,47.1471,47.5956,43.9375,Indicative levels use the signal close only. Final SL/TP1/TP2 and sizing must be recalculated from the actual post-analysis broker fill.,9,2026-10-16,False,2026-07-17,1.2300,1.0800,13.8000,ALCISTA FUERTE,10,779.0900,8.4900,73.6000,15.0100,SIDI_INTRADAY_V2: Fund≥6.5 · DD60≥12% · RSI<40 · MACD↑ · Vol↓ · SPY20≤+1% · Abnormal20≤-10%,SIDI_INTRADAY_V2,False
DVN,Devon Energy,Energy,Oil & Gas Exploration & Production,2000-08-30,48.0200,47.4800,48.1800,47.2100,48.0200,2026-10-06,2026-10-07,47.6400,41.9900,UP,-0.1200,-0.1876,-0.3692,True,0.4703,1.4100,1.0620,2.9360,46.8800,44.2100,47.6800,2.4400,8.6200,True,2.8517,ALCISTA,-6.4500,-6.8700,51.3300,51.5600,52.0000,30.6900,-7.6600,56.4800,0.5590,True,True,45.7800,3.0000,49.6000,False,-4.6700,HAMMER,7.2500,10.0000,7.0000,7.5000,6.0000,5.0000,7.0000,False,False,False,False,True,True,5.8700,8.8100,1.5000,SIDI_INTRADAY_V2,1.8025,3.1425,-0.1805,1.2940,295.0000,XLE,True,10.4401,8.7199,1.3199,2.8067,7.1450,0.1152,0.0591,0.1746,0.5035,0.6420,0.4400,28.4880,0.7170,782625024.0000,3280000000.0000,0.2386,52711997440,0.5360,2.9100,2.6700,1100000000,5.5900,7.4300,4.3000,4.9400,0.0148,FCF/NI:0.24,1,6.2500,False,False,False,False,False,False,DD12|RSI40|FUND65|SPY20|ABNORMAL20,False,10-18d,XLE,,XOM|CVX|COP,oil_price|gas_price|opec_supply|inventories,POST_ANALYSIS_ACTUAL_FILL,LIVE_QUOTE_AT_ANALYSIS,True,1.0000,1.5000,1.0000,-5.0000,7,1.5000,3,SELL_50_PCT_AT_TP1_REST_AT_TP2,MOVE_REMAINDER_TO_BREAK_EVEN,EXIT_AT_OPEN_IF_OPEN_BELOW_SL,SL_FIRST,10,PENDING_ANALYSIS,1.4100,1.4100,2.1150,49.4300,50.1350,45.6190,Indicative levels use the signal close only. Final SL/TP1/TP2 and sizing must be recalculated from the actual post-analysis broker fill.,28,2026-11-04,False,2026-08-04,1.5700,1.4100,11.3000,ALCISTA FUERTE,10,779.0900,8.4900,73.6000,15.0100,SIDI_INTRADAY_V2: Fund≥6.5 · DD60≥12% · RSI<40 · MACD↑ · Vol↓ · SPY20≤+1% · Abnormal20≤-10%,SIDI_INTRADAY_V2,False
ZBRA,Zebra Technologies,Information Technology,Electronic Equipment & Instruments,2019-12-23,385.7800,377.3500,390.8000,374.6300,385.7800,2026-10-06,2026-10-07,84.5600,72.8200,UP,1.5647,1.1941,1.5786,True,0.9302,10.1350,0.8430,2.6270,355.6100,268.4100,366.0900,8.4800,43.7300,True,4.0937,ALCISTA,0.0000,-1.2800,385.7800,390.8000,390.8000,199.0500,-1.2800,93.8100,1.1750,True,True,350.3600,1.0000,386.2300,False,-9.1800,HAMMER|DOJI,6.9500,10.0000,7.0000,7.5000,4.0000,5.0000,7.0000,False,False,False,False,True,True,5.2500,7.8800,1.5000,SIDI_INTRADAY_V2,1.8025,0.0532,1.7368,0.0132,295.0000,XLK,True,34.7259,17.0443,5.2267,3.0864,17.7840,0.1529,0.0732,0.0922,0.4958,0.2040,1.2150,86.2300,0.5160,576750016.0000,539000000.0000,1.0700,18046386176,1.5840,3.3200,0.0000,47633392,5.7900,7.1200,4.6800,5.5400,0.0320,D/E:86,1,6.2500,False,False,False,False,False,False,DD12|RSI40|FUND65|SPY20|ABNORMAL20,False,10-18d,XLK,,AAPL|MSFT|NVDA,interest_rates|ai_capex_cycle|semiconductor_cycle,POST_ANALYSIS_ACTUAL_FILL,LIVE_QUOTE_AT_ANALYSIS,True,1.0000,1.5000,1.0000,-5.0000,7,1.5000,3,SELL_50_PCT_AT_TP1_REST_AT_TP2,MOVE_REMAINDER_TO_BREAK_EVEN,EXIT_AT_OPEN_IF_OPEN_BELOW_SL,SL_FIRST,10,PENDING_ANALYSIS,10.1350,10.1350,15.2025,395.9150,400.9825,366.4910,Indicative levels use the signal close only. Final SL/TP1/TP2 and sizing must be recalculated from the actual post-analysis broker fill.,27,2026-11-03,False,2026-08-04,6.3500,4.3800,45.1000,ALCISTA FUERTE,10,779.0900,8.4900,73.6000,15.0100,SIDI_INTRADAY_V2: Fund≥6.5 · DD60≥12% · RSI<40 · MACD↑ · Vol↓ · SPY20≤+1% · Abnormal20≤-10%,SIDI_INTRADAY_V2,False
CI,Cigna,Health Care,Health Care Services,1976-06-30,274.3700,271.7200,275.8200,270.0000,274.3700,2026-10-06,2026-10-07,42.1600,46.8900,DOWN,-0.0545,-0.4034,-0.7144,True,0.4605,6.9657,0.9330,2.5390,277.3700,277.2500,274.0600,-1.0800,-1.0400,True,0.3140,BAJISTA,-9.0500,-9.6700,301.6700,303.7500,305.2600,234.2000,-10.1200,17.1500,0.6600,False,False,272.0000,8.0000,288.2400,True,-0.8600,HAMMER|DOJI|HAMMER,6.5500,7.0000,6.0000,5.0000,10.0000,5.0000,7.0000,False,False,False,False,True,False,5.0800,7.6200,1.5000,SIDI_INTRADAY_V2,1.8025,-0.5303,-0.1117,0.6407,295.0000,XLV,True,11.5761,8.3600,1.7326,0.2620,7.6350,0.1676,0.0446,0.0227,0.0914,0.0670,0.1020,74.2900,0.8460,7980125184.0000,6416000000.0000,1.2438,73993936896,0.2980,4.6800,2.2700,264240486,6.0400,3.6100,5.8900,9.0300,0.1078,OK,0,6.2400,False,False,False,False,False,False,DD12|RSI40|VOLUME|FUND65|SPY20|ABNORMAL20,False,3-7d,XLV,,UNH|JNJ|LLY,fda_calendar|drug_pricing_policy|patent_cliffs,POST_ANALYSIS_ACTUAL_FILL,LIVE_QUOTE_AT_ANALYSIS,True,1.0000,1.5000,1.0000,-5.0000,7,1.5000,3,SELL_50_PCT_AT_TP1_REST_AT_TP2,MOVE_REMAINDER_TO_BREAK_EVEN,EXIT_AT_OPEN_IF_OPEN_BELOW_SL,SL_FIRST,10,PENDING_ANALYSIS,6.9657,6.9657,10.4486,281.3357,284.8186,260.6515,Indicative levels use the signal close only. Final SL/TP1/TP2 and sizing must be recalculated from the actual post-analysis broker fill.,29,2026-11-05,False,2026-07-30,7.7800,7.6000,2.4000,ALCISTA FUERTE,10,779.0900,8.4900,73.6000,15.0100,SIDI_INTRADAY_V2: Fund≥6.5 · DD60≥12% · RSI<40 · MACD↑ · Vol↓ · SPY20≤+1% · Abnormal20≤-10%,SIDI_INTRADAY_V2,False
NTAP,NetApp,Information Technology,"Technology Hardware, Storage & Peripherals",1999-06-25,228.4500,224.8000,230.4900,223.9500,228.4500,2026-10-06,2026-10-07,85.2400,70.6400,UP,3.0636,2.8682,1.9258,True,1.0035,8.0507,1.0220,3.5240,194.6200,139.4500,205.8500,17.3800,63.8300,True,6.9118,ALCISTA,0.0000,-1.4900,228.4500,231.9000,231.9000,92.9300,-1.4900,145.8300,1.1010,False,False,161.0000,1.0000,,False,-29.5300,HAMMER,6.4500,10.0000,7.0000,5.0000,4.0000,5.0000,7.0000,False,False,False,False,True,False,7.0500,10.5700,1.5000,SIDI_INTRADAY_V2,1.8025,6.5628,-0.3895,0.7475,295.0000,XLK,True,33.0649,21.0144,30.7328,6.2301,20.9210,1.1482,0.1166,0.1918,0.7063,0.2990,0.6350,169.4980,1.2420,1171374976.0000,1418000000.0000,0.8261,46046507008,1.4500,4.1200,0.9100,196419005,6.1000,6.6400,6.9800,4.4500,0.0254,D/E:169,1,6.2400,False,False,False,False,False,False,DD12|RSI40|VOLUME|FUND65|SPY20|ABNORMAL20,False,10-18d,XLK,,AAPL|MSFT|NVDA,interest_rates|ai_capex_cycle|semiconductor_cycle,POST_ANALYSIS_ACTUAL_FILL,LIVE_QUOTE_AT_ANALYSIS,True,1.0000,1.5000,1.0000,-5.0000,7,1.5000,3,SELL_50_PCT_AT_TP1_REST_AT_TP2,MOVE_REMAINDER_TO_BREAK_EVEN,EXIT_AT_OPEN_IF_OPEN_BELOW_SL,SL_FIRST,10,PENDING_ANALYSIS,8.0507,8.0507,12.0761,236.5007,240.5260,217.0275,Indicative levels use the signal close only. Final SL/TP1/TP2 and sizing must be recalculated from the actual post-analysis broker fill.,55,2026-12-01,False,2026-09-02,2.5800,2.1200,21.5000,ALCISTA FUERTE,10,779.0900,8.4900,73.6000,15.0100,SIDI_INTRADAY_V2: Fund≥6.5 · DD60≥12% · RSI<40 · MACD↑ · Vol↓ · SPY20≤+1% · Abnormal20≤-10%,SIDI_INTRADAY_V2,False
AES,AES Corporation,Utilities,Independent Power Producers & Energy Traders,1998-10-02,14.9300,14.8800,14.9400,14.8800,14.9300,2026-10-06,2026-10-07,73.0800,60.0000,UP,0.0044,0.0037,0.0048,True,0.9577,0.0471,0.9290,0.3160,14.7800,14.4600,14.8500,1.0300,3.2300,True,1.0525,ALCISTA,0.0000,-0.0700,14.9300,14.9400,17.2300,12.7400,-13.3400,17.1600,1.1280,False,False,14.5900,22.0000,,True,-2.2500,BULL_ENGULF,7.2500,10.0000,7.0000,5.0000,9.0000,5.0000,7.5000,False,False,False,False,True,False,0.6300,0.9500,1.5000,SIDI_INTRADAY_V2,1.8025,-0.3715,0.0680,0.0176,295.0000,XLU,True,5.5880,6.2940,2.1530,0.8154,12.1930,0.0957,0.0296,0.1434,0.2027,0.1990,,256.8860,0.7460,-3089125120.0000,1911000064.0000,-1.6165,10640313344,0.9540,2.4200,4.7100,713157713,5.5300,7.5000,4.0400,4.9800,-0.2903,FCF/NI:-1.62|D/E:257,2,6.2200,False,False,False,False,False,False,DD12|RSI40|VOLUME|FUND65|SPY20|ABNORMAL20,False,10-18d,XLU,,NEE|DUK|SO,interest_rates|regulatory_environment,POST_ANALYSIS_ACTUAL_FILL,LIVE_QUOTE_AT_ANALYSIS,True,1.0000,1.5000,1.0000,-5.0000,7,1.5000,3,SELL_50_PCT_AT_TP1_REST_AT_TP2,MOVE_REMAINDER_TO_BREAK_EVEN,EXIT_AT_OPEN_IF_OPEN_BELOW_SL,SL_FIRST,10,PENDING_ANALYSIS,0.0471,0.0471,0.0707,14.9771,15.0007,14.1835,Indicative levels use the signal close only. Final SL/TP1/TP2 and sizing must be recalculated from the actual post-analysis broker fill.,28,2026-11-04,False,2026-08-04,0.4400,0.4700,-6.0000,ALCISTA FUERTE,10,779.0900,8.4900,73.6000,15.0100,SIDI_INTRADAY_V2: Fund≥6.5 · DD60≥12% · RSI<40 · MACD↑ · Vol↓ · SPY20≤+1% · Abnormal20≤-10%,SIDI_INTRADAY_V2,False
ORLY,O'Reilly Automotive,Consumer Discretionary,Automotive Retail,2009-03-27,85.1400,83.4500,85.3400,83.3800,85.1400,2026-10-06,2026-10-07,56.6700,49.9600,UP,0.0634,0.0328,0.1599,True,0.4490,1.7900,0.7900,2.1020,88.2000,90.8700,85.7300,-3.4700,-6.3000,False,-1.3451,BAJISTA,-8.9700,-9.5400,93.5300,94.1200,105.2300,82.5900,-19.0900,3.0900,1.1010,True,True,85.0600,2.0000,93.3100,True,-0.1000,HAMMER|BULL_ENGULF,7.1000,5.0000,7.0000,7.5000,8.0000,7.0000,9.5000,False,False,False,False,True,True,4.2000,6.3100,1.5000,SIDI_INTRADAY_V2,1.8025,0.8948,-0.7997,0.7619,295.0000,XLY,True,27.1079,23.3893,-37.9680,3.7193,18.7540,,0.1367,0.1427,0.5164,0.0810,0.1030,,0.7520,1570733824.0000,2650373888.0000,0.5926,69077155840,0.5420,4.9500,0.0000,808960792,5.6300,8.2100,4.8700,3.5100,0.0227,FCF/NI:0.59,1,6.2200,False,False,False,False,False,False,DD12|RSI40|FUND65|SPY20|ABNORMAL20,False,3-7d,XLY,,AMZN|TSLA|HD,consumer_spending|employment_data|interest_rates,POST_ANALYSIS_ACTUAL_FILL,LIVE_QUOTE_AT_ANALYSIS,True,1.0000,1.5000,1.0000,-5.0000,7,1.5000,3,SELL_50_PCT_AT_TP1_REST_AT_TP2,MOVE_REMAINDER_TO_BREAK_EVEN,EXIT_AT_OPEN_IF_OPEN_BELOW_SL,SL_FIRST,10,PENDING_ANALYSIS,1.7900,1.7900,2.6850,86.9300,87.8250,80.8830,Indicative levels use the signal close only. Final SL/TP1/TP2 and sizing must be recalculated from the actual post-analysis broker fill.,21,2026-10-28,False,2026-07-29,0.8600,0.8600,17.0000,ALCISTA FUERTE,10,779.0900,8.4900,73.6000,15.0100,SIDI_INTRADAY_V2: Fund≥6.5 · DD60≥12% · RSI<40 · MACD↑ · Vol↓ · SPY20≤+1% · Abnormal20≤-10%,SIDI_INTRADAY_V2,False
BSX,Boston Scientific,Health Care,Health Care Equipment,1995-02-24,42.1900,42.4700,42.7500,42.0000,42.1900,2026-10-06,2026-10-07,34.0100,43.9700,DOWN,-0.0685,-0.0458,0.0353,False,0.0410,1.0871,0.6620,2.5770,46.7700,61.2200,44.0900,-9.8000,-31.0800,False,-7.9305,BAJISTA,-18.8800,-20.3800,52.0100,52.9900,105.6500,41.9400,-60.0700,0.6000,0.6140,True,True,42.4900,5.0000,46.0600,True,0.7100,NONE,7.1500,5.0000,6.5000,7.5000,9.0000,10.0000,5.0000,False,False,True,True,False,True,5.1500,7.7300,1.5000,SIDI_INTRADAY_V2,1.8025,2.4070,0.1122,0.8899,295.0000,XLV,True,17.0709,12.4668,2.4469,2.9104,12.8650,0.1534,0.0619,0.1750,0.6919,0.0750,0.1510,50.1510,1.2400,2451375104.0000,3673999872.0000,0.6672,61106765824,0.5750,2.2800,0.0000,1449229526,5.5900,4.8200,5.4400,6.6700,0.0401,FCF/NI:0.67,1,6.2100,False,False,False,False,False,False,MACD|FUND65|SPY20|ABNORMAL20,False,3-7d,XLV,,UNH|JNJ|LLY,fda_calendar|drug_pricing_policy|patent_cliffs,POST_ANALYSIS_ACTUAL_FILL,LIVE_QUOTE_AT_ANALYSIS,True,1.0000,1.5000,1.0000,-5.0000,7,1.5000,3,SELL_50_PCT_AT_TP1_REST_AT_TP2,MOVE_REMAINDER_TO_BREAK_EVEN,EXIT_AT_OPEN_IF_OPEN_BELOW_SL,SL_FIRST,10,PENDING_ANALYSIS,1.0871,1.0871,1.6306,43.2771,43.8207,40.0805,Indicative levels use the signal close only. Final SL/TP1/TP2 and sizing must be recalculated from the actual post-analysis broker fill.,21,2026-10-28,False,2026-07-29,0.8600,0.8300,3.9000,ALCISTA FUERTE,10,779.0900,8.4900,73.6000,15.0100,SIDI_INTRADAY_V2: Fund≥6.5 · DD60≥12% · RSI<40 · MACD↑ · Vol↓ · SPY20≤+1% · Abnormal20≤-10%,SIDI_INTRADAY_V2,False
CBRE,CBRE Group,Real Estate,Real Estate Services,2006-11-10,130.6600,129.8400,131.8700,128.9600,130.6600,2026-10-06,2026-10-07,34.2400,32.4500,UP,-0.5486,-0.7808,-1.0114,True,0.2295,3.7971,0.8540,2.9060,143.5300,144.8500,135.4500,-8.9700,-9.8000,False,-1.5539,BAJISTA,-15.7400,-16.5400,155.0700,156.5500,174.2700,121.6900,-25.0200,7.3700,1.2420,False,False,128.5500,1.0000,148.9700,True,-1.6100,HAMMER|DOJI,6.4300,5.0000,8.5000,5.0000,7.0000,6.5000,7.0000,False,False,True,True,True,False,5.8100,8.7200,1.5000,SIDI_INTRADAY_V2,1.8025,-2.1871,0.4151,1.0816,295.0000,XLRE,True,28.6865,13.7904,4.3266,0.8305,21.6480,0.1580,0.0259,0.0298,0.1857,0.1550,-0.0420,117.7890,1.1410,1637624960.0000,1300999936.0000,1.2587,36301160448,1.2340,2.8400,0.0000,289575298,6.0700,5.0000,7.2400,5.9600,0.0451,D/E:118,1,6.2100,False,False,False,False,False,False,VOLUME|FUND65|SPY20|ABNORMAL20,False,3-7d,XLRE,,PLD|AMT|EQIX,interest_rates|cap_rates|occupancy_trends,POST_ANALYSIS_ACTUAL_FILL,LIVE_QUOTE_AT_ANALYSIS,True,1.0000,1.5000,1.0000,-5.0000,7,1.5000,3,SELL_50_PCT_AT_TP1_REST_AT_TP2,MOVE_REMAINDER_TO_BREAK_EVEN,EXIT_AT_OPEN_IF_OPEN_BELOW_SL,SL_FIRST,10,PENDING_ANALYSIS,3.7971,3.7971,5.6956,134.4571,136.3556,124.1270,Indicative levels use the signal close only. Final SL/TP1/TP2 and sizing must be recalculated from the actual post-analysis broker fill.,15,2026-10-22,False,2026-07-29,1.5600,1.4700,5.8000,ALCISTA FUERTE,10,779.0900,8.4900,73.6000,15.0100,SIDI_INTRADAY_V2: Fund≥6.5 · DD60≥12% · RSI<40 · MACD↑ · Vol↓ · SPY20≤+1% · Abnormal20≤-10%,SIDI_INTRADAY_V2,False
KO,Coca-Cola Company (The),Consumer Staples,Soft Drinks & Non-alcoholic Beverages,1957-03-04,86.1700,86.6000,87.2900,86.1600,86.1700,2026-10-06,2026-10-07,38.2300,48.7300,DOWN,-0.2495,-0.2760,-0.2982,True,0.1761,1.1529,0.7560,1.3380,87.7100,79.3000,87.1400,-1.7500,8.6700,True,2.2970,NEUTRO,-5.7700,-6.2800,91.4400,91.9400,91.9400,64.1400,-6.2800,34.3600,1.0120,False,False,86.8900,1.0000,89.8500,True,0.8400,NONE,7.0200,8.5000,7.5000,5.0000,7.0000,8.5000,5.0000,False,False,False,True,True,False,2.6800,4.0100,1.5000,SIDI_INTRADAY_V2,1.8025,-2.2539,-0.2200,0.9993,295.0000,XLP,True,25.9486,24.5035,10.2855,7.4164,23.5800,0.4205,0.0940,0.2856,0.6189,0.0670,0.1690,115.5190,1.3050,5218749952.0000,14316000256.0000,0.3645,371778519040,0.3180,2.7700,2.4600,4302549243,5.6700,7.2500,6.1700,3.2600,0.0140,FCF/NI:0.36|D/E:116,2,6.2100,False,False,False,False,False,False,DD12|VOLUME|FUND65|SPY20|ABNORMAL20,False,7-15d,XLP,,PG|PEP|WMT,inflation|input_costs|fx_rates,POST_ANALYSIS_ACTUAL_FILL,LIVE_QUOTE_AT_ANALYSIS,True,1.0000,1.5000,1.0000,-5.0000,7,1.5000,3,SELL_50_PCT_AT_TP1_REST_AT_TP2,MOVE_REMAINDER_TO_BREAK_EVEN,EXIT_AT_OPEN_IF_OPEN_BELOW_SL,SL_FIRST,10,PENDING_ANALYSIS,1.1529,1.1529,1.7294,87.3229,87.8993,81.8615,Indicative levels use the signal close only. Final SL/TP1/TP2 and sizing must be recalculated from the actual post-analysis broker fill.,20,2026-10-27,False,2026-07-28,0.9700,0.9300,4.0000,ALCISTA FUERTE,10,779.0900,8.4900,73.6000,15.0100,SIDI_INTRADAY_V2: Fund≥6.5 · DD60≥12% · RSI<40 · MACD↑ · Vol↓ · SPY20≤+1% · Abnormal20≤-10%,SIDI_INTRADAY_V2,False
TT,Trane Technologies,Industrials,Building Products,2010-11-17,476.3900,472.1300,480.3900,472.0100,476.3900,2026-10-06,2026-10-07,90.1400,58.4000,UP,5.0907,4.7012,3.9870,True,1.0026,10.6000,0.8520,2.2250,453.4700,446.7800,451.9600,5.0500,6.6300,True,0.9601,ALCISTA,-1.3300,-3.2800,482.8200,492.5500,504.6800,345.6200,-5.6000,37.8400,1.3020,False,False,462.2500,4.0000,489.8500,True,-2.9700,HAMMER|BULL_ENGULF,7.8500,10.0000,7.0000,7.0000,9.0000,5.0000,9.5000,False,False,False,False,True,False,4.4500,6.6800,1.5000,SIDI_INTRADAY_V2,1.8025,8.6633,-0.1047,1.3556,295.0000,XLI,True,34.7941,26.5460,11.9293,4.6257,25.0990,0.3664,0.1100,0.1328,0.3539,0.1060,0.0710,53.4040,1.0730,3121687552.0000,2999600128.0000,1.0407,102736969728,1.1570,3.4300,0.8800,220023177,5.1200,3.9800,6.7800,4.5100,0.0304,OK,0,6.2100,False,False,False,False,False,False,DD12|RSI40|VOLUME|FUND65|SPY20|ABNORMAL20,False,10-18d,XLI,,CAT|UNP|HON,pmi_manufacturing|supply_chain|capex_cycle,POST_ANALYSIS_ACTUAL_FILL,LIVE_QUOTE_AT_ANALYSIS,True,1.0000,1.5000,1.0000,-5.0000,7,1.5000,3,SELL_50_PCT_AT_TP1_REST_AT_TP2,MOVE_REMAINDER_TO_BREAK_EVEN,EXIT_AT_OPEN_IF_OPEN_BELOW_SL,SL_FIRST,10,PENDING_ANALYSIS,10.6000,10.6000,15.9000,486.9900,492.2900,452.5705,Indicative levels use the signal close only. Final SL/TP1/TP2 and sizing must be recalculated from the actual post-analysis broker fill.,22,2026-10-29,False,2026-07-30,4.3100,4.2600,1.1000,ALCISTA FUERTE,10,779.0900,8.4900,73.6000,15.0100,SIDI_INTRADAY_V2: Fund≥6.5 · DD60≥12% · RSI<40 · MACD↑ · Vol↓ · SPY20≤+1% · Abnormal20≤-10%,SIDI_INTRADAY_V2,False
V,Visa Inc.,Financials,Transaction & Payment Processing Services,2009-12-21,370.6400,368.7900,371.8400,368.1500,370.6400,2026-10-06,2026-10-07,49.6400,47.8600,UP,-0.0411,-0.5734,-1.3292,True,0.6740,5.8643,0.8600,1.5820,368.9700,336.7900,367.2000,0.4500,10.0500,True,1.0846,ALCISTA,-3.5100,-3.8700,384.1400,385.5700,385.5700,292.7400,-3.8700,26.6100,0.5840,True,True,361.7300,6.0000,373.2800,True,-2.4000,HAMMER|DOJI,7.7000,10.0000,7.0000,7.5000,9.0000,5.0000,7.0000,False,False,False,False,True,True,3.1600,4.7500,1.5000,SIDI_INTRADAY_V2,1.8025,6.7632,-0.4276,1.1700,295.0000,XLF,True,31.5454,24.7666,19.6929,15.6814,22.2490,0.6119,0.1911,0.5078,0.9772,0.1440,0.1020,67.8210,0.9850,20404000768.0000,22397999104.0000,0.9110,697634652160,0.7710,3.0300,0.7200,1704112694,5.2200,4.2800,7.3200,3.8600,0.0292,OK,0,6.2100,False,False,False,False,False,False,DD12|RSI40|FUND65|SPY20|ABNORMAL20,False,10-18d,XLF,,JPM|BAC|WFC,interest_rates|yield_curve|credit_spreads|loan_growth,POST_ANALYSIS_ACTUAL_FILL,LIVE_QUOTE_AT_ANALYSIS,True,1.0000,1.5000,1.0000,-5.0000,7,1.5000,3,SELL_50_PCT_AT_TP1_REST_AT_TP2,MOVE_REMAINDER_TO_BREAK_EVEN,EXIT_AT_OPEN_IF_OPEN_BELOW_SL,SL_FIRST,10,PENDING_ANALYSIS,5.8643,5.8643,8.7965,376.5043,379.4364,352.1080,Indicative levels use the signal close only. Final SL/TP1/TP2 and sizing must be recalculated from the actual post-analysis broker fill.,20,2026-10-27,False,2026-07-28,3.3200,3.2300,2.8000,ALCISTA FUERTE,10,779.0900,8.4900,73.6000,15.0100,SIDI_INTRADAY_V2: Fund≥6.5 · DD60≥12% · RSI<40 · MACD↑ · Vol↓ · SPY20≤+1% · Abnormal20≤-10%,SIDI_INTRADAY_V2,False
ABT,Abbott Laboratories,Health Care,Health Care Equipment,1957-03-04,98.1600,100.5600,100.9500,97.9400,98.1600,2026-10-06,2026-10-07,35.4000,29.7700,UP,-0.2833,-0.3279,-0.5458,True,0.1324,2.2157,0.8210,2.2570,106.6500,102.8900,101.6800,-7.9600,-4.6000,True,-2.1081,BAJISTA,-15.8700,-16.3500,116.6700,117.3400,132.1800,81.3900,-25.7400,20.6100,1.1700,True,True,87.6000,3.0000,97.4400,False,-10.7600,HAMMER|DOJI,7.4500,6.5000,8.5000,7.5000,7.0000,8.0000,7.0000,True,True,True,True,True,True,4.5100,6.7700,1.5000,SIDI_INTRADAY_V2,1.8025,-5.2530,-0.2491,0.9868,295.0000,XLV,True,31.7113,16.2074,3.3282,3.6766,16.9180,0.1058,0.0533,0.1165,0.5685,0.1300,-0.4750,63.2120,1.3760,7209124864.0000,5400999936.0000,1.3348,171228938240,0.5830,2.4800,2.5700,1741813154,5.3700,4.9200,5.4800,5.7800,0.0421,OK,0,6.2000,False,False,False,True,False,False,FUND65|SPY20|ABNORMAL20,False,3-7d,XLV,,UNH|JNJ|LLY,fda_calendar|drug_pricing_policy|patent_cliffs,POST_ANALYSIS_ACTUAL_FILL,LIVE_QUOTE_AT_ANALYSIS,True,1.0000,1.5000,1.0000,-5.0000,7,1.5000,3,SELL_50_PCT_AT_TP1_REST_AT_TP2,MOVE_REMAINDER_TO_BREAK_EVEN,EXIT_AT_OPEN_IF_OPEN_BELOW_SL,SL_FIRST,10,PENDING_ANALYSIS,2.2157,2.2157,3.3236,100.3757,101.4835,93.2520,Indicative levels use the signal close only. Final SL/TP1/TP2 and sizing must be recalculated from the actual post-analysis broker fill.,14,2026-10-21,False,2026-07-16,1.3100,1.2800,2.6000,ALCISTA FUERTE,10,779.0900,8.4900,73.6000,15.0100,SIDI_INTRADAY_V2: Fund≥6.5 · DD60≥12% · RSI<40 · MACD↑ · Vol↓ · SPY20≤+1% · Abnormal20≤-10%,SIDI_INTRADAY_V2,False
GEHC,GE HealthCare,Health Care,Health Care Equipment,2023-01-04,64.7700,66.0400,66.5500,64.6710,64.7700,2026-10-06,2026-10-07,56.5200,59.3200,DOWN,0.0880,0.1042,0.0904,False,0.4306,1.4789,0.7900,2.2830,68.8900,71.0600,65.9700,-5.9900,-8.8500,False,-2.1979,BAJISTA,-13.4300,-14.3800,74.8200,75.6500,89.6400,58.7200,-27.7400,10.3100,0.9400,True,True,63.0000,1.0000,64.3100,True,-2.7400,BULL_ENGULF,6.3500,5.0000,5.0000,7.5000,7.0000,7.0000,7.5000,False,False,True,False,False,True,4.5700,6.8500,1.5000,SIDI_INTRADAY_V2,1.8025,-0.3736,0.3215,1.0000,295.0000,XLV,True,14.8140,11.9117,2.6521,1.3784,10.5650,0.1938,0.0513,0.0933,0.3953,0.0580,0.1680,93.9650,1.2640,1573124992.0000,1984999936.0000,0.7925,29313681408,0.8480,6.0100,0.2500,454891786,6.1000,4.4200,6.1700,8.0000,0.0537,D/E:94,1,6.2000,False,False,False,False,False,False,RSI40|MACD|FUND65|SPY20|ABNORMAL20,False,3-7d,XLV,,UNH|JNJ|LLY,fda_calendar|drug_pricing_policy|patent_cliffs,POST_ANALYSIS_ACTUAL_FILL,LIVE_QUOTE_AT_ANALYSIS,True,1.0000,1.5000,1.0000,-5.0000,7,1.5000,3,SELL_50_PCT_AT_TP1_REST_AT_TP2,MOVE_REMAINDER_TO_BREAK_EVEN,EXIT_AT_OPEN_IF_OPEN_BELOW_SL,SL_FIRST,10,PENDING_ANALYSIS,1.4789,1.4789,2.2184,66.2489,66.9883,61.5315,Indicative levels use the signal close only. Final SL/TP1/TP2 and sizing must be recalculated from the actual post-analysis broker fill.,21,2026-10-28,False,2026-07-29,1.1300,1.0400,9.1000,ALCISTA FUERTE,10,779.0900,8.4900,73.6000,15.0100,SIDI_INTRADAY_V2: Fund≥6.5 · DD60≥12% · RSI<40 · MACD↑ · Vol↓ · SPY20≤+1% · Abnormal20≤-10%,SIDI_INTRADAY_V2,False
ODFL,Old Dominion,Industrials,Cargo Ground Transportation,2019-12-09,178.0200,179.5400,180.9700,177.0000,178.0200,2026-10-06,2026-10-07,56.3500,41.9500,UP,1.5987,1.6430,1.2189,False,0.5436,4.5393,0.7030,2.5500,194.3600,199.5500,180.2700,-8.4100,-10.7900,False,1.6631,BAJISTA,-24.8200,-25.2500,236.7800,238.1400,251.6400,125.2300,-29.2600,42.1500,0.9340,False,False,169.6500,1.0000,180.1800,False,-4.7000,HAMMER|DOJI|HAMMER,5.6500,5.5000,6.0000,5.0000,4.0000,7.0000,7.0000,False,False,True,False,False,False,5.1000,7.6500,1.5000,SIDI_INTRADAY_V2,1.8025,-3.8656,0.1770,0.6580,295.0000,XLI,True,34.1260,26.4957,8.0963,6.5679,20.4380,0.2482,0.1578,0.1944,0.3957,0.1040,0.3230,0.4400,1.8890,970776000.0000,1089276032.0000,0.8912,36796469248,1.2030,5.1500,0.6500,207356622,6.5600,7.8200,7.2300,4.3200,0.0264,OK,0,6.2000,True,False,False,False,False,False,RSI40|MACD|VOLUME|SPY20|ABNORMAL20,False,3-7d,XLI,,CAT|UNP|HON,pmi_manufacturing|supply_chain|capex_cycle,POST_ANALYSIS_ACTUAL_FILL,LIVE_QUOTE_AT_ANALYSIS,True,1.0000,1.5000,1.0000,-5.0000,7,1.5000,3,SELL_50_PCT_AT_TP1_REST_AT_TP2,MOVE_REMAINDER_TO_BREAK_EVEN,EXIT_AT_OPEN_IF_OPEN_BELOW_SL,SL_FIRST,10,PENDING_ANALYSIS,4.5393,4.5393,6.8089,182.5593,184.8290,169.1190,Indicative levels use the signal close only. Final SL/TP1/TP2 and sizing must be recalculated from the actual post-analysis broker fill.,21,2026-10-28,False,2026-07-29,1.6800,1.5300,9.7000,ALCISTA FUERTE,10,779.0900,8.4900,73.6000,15.0100,SIDI_INTRADAY_V2: Fund≥6.5 · DD60≥12% · RSI<40 · MACD↑ · Vol↓ · SPY20≤+1% · Abnormal20≤-10%,SIDI_INTRADAY_V2,False
ADSK,Autodesk,Information Technology,Application Software,1989-12-01,231.2800,221.9200,231.5500,221.7000,231.2800,2026-10-06,2026-10-07,60.8500,46.7800,UP,2.0949,0.8549,-0.5636,True,1.0114,7.1129,0.7700,3.0750,233.7500,238.3000,219.2900,-1.0600,-2.9400,False,-3.3685,BAJISTA,-14.5200,-14.8800,270.5800,271.7200,326.2000,185.5000,-29.1000,24.6800,0.9860,False,False,226.1400,2.0000,232.6400,True,-2.2200,NONE,6.1500,5.0000,7.0000,5.0000,8.0000,7.0000,5.0000,False,False,True,False,True,False,6.1500,9.2300,1.5000,SIDI_INTRADAY_V2,1.8025,13.6911,1.5378,-0.7613,295.0000,XLK,True,29.7951,16.1782,14.1916,6.1632,20.9480,0.5385,0.1147,0.2108,0.9250,0.1610,0.5960,109.5180,0.8550,3157499904.0000,1642000000.0000,1.9230,48011481088,1.3270,3.7100,0.0000,209000000,6.2000,4.6400,6.9800,7.1200,0.0658,D/E:110,1,6.1800,False,False,False,False,False,False,RSI40|VOLUME|FUND65|SPY20|ABNORMAL20,False,3-7d,XLK,,AAPL|MSFT|NVDA,interest_rates|ai_capex_cycle|semiconductor_cycle,POST_ANALYSIS_ACTUAL_FILL,LIVE_QUOTE_AT_ANALYSIS,True,1.0000,1.5000,1.0000,-5.0000,7,1.5000,3,SELL_50_PCT_AT_TP1_REST_AT_TP2,MOVE_REMAINDER_TO_BREAK_EVEN,EXIT_AT_OPEN_IF_OPEN_BELOW_SL,SL_FIRST,10,PENDING_ANALYSIS,7.1129,7.1129,10.6693,238.3929,241.9494,219.7160,Indicative levels use the signal close only. Final SL/TP1/TP2 and sizing must be recalculated from the actual post-analysis broker fill.,51,2026-11-27,False,2026-08-27,3.3000,3.1200,5.6000,ALCISTA FUERTE,10,779.0900,8.4900,73.6000,15.0100,SIDI_INTRADAY_V2: Fund≥6.5 · DD60≥12% · RSI<40 · MACD↑ · Vol↓ · SPY20≤+1% · Abnormal20≤-10%,SIDI_INTRADAY_V2,False
CIEN,Ciena,Information Technology,Communications Equipment,2026-02-09,443.6500,393.5800,446.3700,392.0000,443.6500,2026-10-06,2026-10-07,80.9900,56.1600,UP,10.1880,6.6638,4.5132,True,1.2857,21.6571,0.8020,4.8820,375.2700,393.4200,371.3500,18.2200,12.7700,False,4.0974,ALCISTA,-0.7300,-4.9300,446.9300,466.6600,637.5100,147.3600,-30.4100,201.0700,2.3310,False,False,404.4300,1.0000,485.6900,False,-8.8400,NONE,6.3500,8.5000,7.0000,7.0000,4.0000,5.0000,5.0000,False,False,False,False,True,False,9.7600,14.6400,1.5000,SIDI_INTRADAY_V2,1.8025,21.6645,-1.8194,2.2606,295.0000,XLK,True,97.0492,36.6755,20.1379,10.2278,61.9860,0.2240,0.0773,0.1087,0.4407,0.3700,4.2290,107.4960,3.7970,633368384.0000,654409984.0000,0.9678,61517959168,1.2890,1.5400,0.0000,141808525,6.0700,9.2400,6.0300,2.4100,0.0103,D/E:107,1,6.1800,False,False,False,False,False,False,DD12|RSI40|VOLUME|FUND65|SPY20|ABNORMAL20,False,10-18d,XLK,,AAPL|MSFT|NVDA,interest_rates|ai_capex_cycle|semiconductor_cycle,POST_ANALYSIS_ACTUAL_FILL,LIVE_QUOTE_AT_ANALYSIS,True,1.0000,1.5000,1.0000,-5.0000,7,1.5000,3,SELL_50_PCT_AT_TP1_REST_AT_TP2,MOVE_REMAINDER_TO_BREAK_EVEN,EXIT_AT_OPEN_IF_OPEN_BELOW_SL,SL_FIRST,10,PENDING_ANALYSIS,21.6571,21.6571,32.4856,465.3071,476.1356,421.4675,Indicative levels use the signal close only. Final SL/TP1/TP2 and sizing must be recalculated from the actual post-analysis broker fill.,-34,2026-12-10,False,2026-09-03,2.1100,1.7300,22.1000,ALCISTA FUERTE,10,779.0900,8.4900,73.6000,15.0100,SIDI_INTRADAY_V2: Fund≥6.5 · DD60≥12% · RSI<40 · MACD↑ · Vol↓ · SPY20≤+1% · Abnormal20≤-10%,SIDI_INTRADAY_V2,False
EW,Edwards Lifesciences,Health Care,Health Care Equipment,2011-04-01,86.4800,87.5400,87.8800,85.9400,86.4800,2026-10-06,2026-10-07,38.9900,56.3900,DOWN,-0.0069,-0.0406,-0.1099,True,0.4443,1.8979,0.8600,2.1950,88.6400,85.1500,87.1200,-2.4400,1.5700,True,0.2184,NEUTRO,-7.6700,-7.9100,93.6600,93.9100,96.2900,72.3000,-10.1900,19.6100,0.9610,True,True,84.0100,3.0000,93.4300,True,-2.8500,NONE,7.3000,8.5000,7.5000,7.5000,9.0000,5.0000,5.0000,False,False,False,True,True,True,4.3900,6.5800,1.5000,SIDI_INTRADAY_V2,1.8025,0.2636,0.4289,0.5027,295.0000,XLV,True,51.6280,25.6830,4.7100,7.6689,23.2400,0.0917,0.0837,0.1543,0.7784,0.1360,-0.2540,6.5680,4.5220,1232412544.0000,979900032.0000,1.2577,49942011904,0.8640,3.2000,0.0000,575800000,5.4300,5.0000,7.2000,3.8500,0.0247,OK,0,6.1800,False,False,False,False,False,False,DD12|FUND65|SPY20|ABNORMAL20,False,7-15d,XLV,,UNH|JNJ|LLY,fda_calendar|drug_pricing_policy|patent_cliffs,POST_ANALYSIS_ACTUAL_FILL,LIVE_QUOTE_AT_ANALYSIS,True,1.0000,1.5000,1.0000,-5.0000,7,1.5000,3,SELL_50_PCT_AT_TP1_REST_AT_TP2,MOVE_REMAINDER_TO_BREAK_EVEN,EXIT_AT_OPEN_IF_OPEN_BELOW_SL,SL_FIRST,10,PENDING_ANALYSIS,1.8979,1.8979,2.8468,88.3779,89.3269,82.1560,Indicative levels use the signal close only. Final SL/TP1/TP2 and sizing must be recalculated from the actual post-analysis broker fill.,28,2026-11-04,False,2026-07-23,0.7800,0.7400,5.1000,ALCISTA FUERTE,10,779.0900,8.4900,73.6000,15.0100,SIDI_INTRADAY_V2: Fund≥6.5 · DD60≥12% · RSI<40 · MACD↑ · Vol↓ · SPY20≤+1% · Abnormal20≤-10%,SIDI_INTRADAY_V2,False
PGR,Progressive Corporation,Financials,Property & Casualty Insurance,1997-08-04,212.0500,211.9900,213.6600,211.3400,212.0500,2026-10-06,2026-10-07,42.8100,42.5200,UP,0.3185,0.1423,-0.4182,True,0.5024,4.5305,0.8780,2.1370,214.1700,208.1900,211.6500,-0.9900,1.8500,True,-0.0817,NEUTRO,-6.3700,-8.3900,226.4700,231.4800,239.2600,187.6900,-11.3700,12.9800,0.8190,True,True,215.8800,2.0000,224.3200,True,1.8100,HAMMER|HAMMER|DOJI,7.0000,8.0000,7.0000,7.5000,7.0000,5.0000,7.0000,False,False,False,False,True,True,4.2700,6.4100,1.5000,SIDI_INTRADAY_V2,1.8025,5.4074,-1.1197,1.0091,295.0000,XLF,True,10.7545,13.1126,3.6289,1.3674,8.4110,0.3494,0.0784,0.1285,0.1852,0.0730,0.0500,24.4280,0.2930,15114500096.0000,11694999552.0000,1.2924,124463882240,0.2350,2.9900,0.1900,580400000,5.6300,1.6500,8.2400,7.2200,0.1214,OK,0,6.1800,False,False,False,False,False,False,DD12|RSI40|FUND65|SPY20|ABNORMAL20,False,7-15d,XLF,,JPM|BAC|WFC,interest_rates|yield_curve|credit_spreads|loan_growth,POST_ANALYSIS_ACTUAL_FILL,LIVE_QUOTE_AT_ANALYSIS,True,1.0000,1.5000,1.0000,-5.0000,7,1.5000,3,SELL_50_PCT_AT_TP1_REST_AT_TP2,MOVE_REMAINDER_TO_BREAK_EVEN,EXIT_AT_OPEN_IF_OPEN_BELOW_SL,SL_FIRST,10,PENDING_ANALYSIS,4.5305,4.5305,6.7957,216.5805,218.8458,201.4475,Indicative levels use the signal close only. Final SL/TP1/TP2 and sizing must be recalculated from the actual post-analysis broker fill.,7,2026-10-14,True,2026-07-15,4.8500,4.8400,33.0000,ALCISTA FUERTE,10,779.0900,8.4900,73.6000,15.0100,SIDI_INTRADAY_V2: Fund≥6.5 · DD60≥12% · RSI<40 · MACD↑ · Vol↓ · SPY20≤+1% · Abnormal20≤-10%,SIDI_INTRADAY_V2,False
BNY,BNY Mellon,Financials,Asset Management & Custody Banks,1995-03-31,143.7300,144.1100,144.8400,142.7600,143.7300,2026-10-06,2026-10-07,19.1800,8.9800,UP,-0.7884,-0.9160,-1.1787,True,0.1855,2.7086,0.8580,1.8840,156.8400,136.4000,150.2700,-8.3600,5.3700,True,3.0419,NEUTRO,-12.8100,-13.3300,164.8400,165.8400,165.8400,101.2600,-13.3300,41.9400,0.5750,False,False,141.2200,1.0000,144.4100,True,-1.7500,HAMMER,7.3300,8.5000,9.5000,5.0000,7.0000,6.5000,7.0000,False,False,True,True,True,False,3.7700,5.6500,1.5000,SIDI_INTRADAY_V2,1.8025,-12.6485,0.3170,0.6789,295.0000,XLF,True,16.4422,13.7201,2.3956,4.4645,,0.1412,0.0126,0.2941,0.0000,0.1310,0.2690,,,,6024000000.0000,,95608020992,1.0510,3.7300,1.5400,678504142,5.3900,6.4800,4.8000,4.8100,,OK,0,6.1700,False,False,True,False,False,False,VOLUME|FUND65|SPY20,False,5-10d,XLF,,JPM|BAC|WFC,interest_rates|yield_curve|credit_spreads|loan_growth,POST_ANALYSIS_ACTUAL_FILL,LIVE_QUOTE_AT_ANALYSIS,True,1.0000,1.5000,1.0000,-5.0000,7,1.5000,3,SELL_50_PCT_AT_TP1_REST_AT_TP2,MOVE_REMAINDER_TO_BREAK_EVEN,EXIT_AT_OPEN_IF_OPEN_BELOW_SL,SL_FIRST,10,PENDING_ANALYSIS,2.7086,2.7086,4.0629,146.4386,147.7929,136.5435,Indicative levels use the signal close only. Final SL/TP1/TP2 and sizing must be recalculated from the actual post-analysis broker fill.,8,2026-10-15,False,2026-07-15,2.4600,2.2200,10.7000,ALCISTA FUERTE,10,779.0900,8.4900,73.6000,15.0100,SIDI_INTRADAY_V2: Fund≥6.5 · DD60≥12% · RSI<40 · MACD↑ · Vol↓ · SPY20≤+1% · Abnormal20≤-10%,SIDI_INTRADAY_V2,False
TSN,Tyson Foods,Consumer Staples,Packaged Foods & Meats,2005-08-10,51.9700,51.8800,52.4100,51.8400,51.9700,2026-10-06,2026-10-07,48.4800,42.4300,UP,0.2189,0.1629,-0.0011,True,0.5572,0.9279,0.6810,1.7850,54.7200,59.0400,52.0600,-5.0300,-11.9800,False,-0.6106,BAJISTA,-14.2600,-16.7800,60.6100,62.4500,68.2600,48.8400,-23.8700,6.4000,0.6840,True,True,50.7100,1.0000,59.1700,True,-2.4200,NONE,6.5000,5.0000,7.0000,7.5000,7.0000,7.0000,5.0000,False,False,True,False,True,True,3.5700,5.3600,1.5000,SIDI_INTRADAY_V2,1.8025,2.9344,-0.2801,0.6195,295.0000,XLP,True,31.8642,12.6923,1.0045,0.3261,9.2550,0.0326,0.0256,0.0103,0.0655,-0.0010,2.0410,44.0250,1.4330,1191250048.0000,574000000.0000,2.0753,18159992832,0.3950,2.7800,3.9300,281792507,5.9500,5.0000,5.4500,7.6400,0.0656,OK,0,6.1700,False,False,False,False,False,False,RSI40|FUND65|SPY20|ABNORMAL20,False,3-7d,XLP,,PG|KO|PEP,inflation|input_costs|fx_rates,POST_ANALYSIS_ACTUAL_FILL,LIVE_QUOTE_AT_ANALYSIS,True,1.0000,1.5000,1.0000,-5.0000,7,1.5000,3,SELL_50_PCT_AT_TP1_REST_AT_TP2,MOVE_REMAINDER_TO_BREAK_EVEN,EXIT_AT_OPEN_IF_OPEN_BELOW_SL,SL_FIRST,10,PENDING_ANALYSIS,0.9279,0.9279,1.3918,52.8979,53.3618,49.3715,Indicative levels use the signal close only. Final SL/TP1/TP2 and sizing must be recalculated from the actual post-analysis broker fill.,40,2026-11-16,False,2026-08-03,0.9900,0.9900,34.0000,ALCISTA FUERTE,10,779.0900,8.4900,73.6000,15.0100,SIDI_INTRADAY_V2: Fund≥6.5 · DD60≥12% · RSI<40 · MACD↑ · Vol↓ · SPY20≤+1% · Abnormal20≤-10%,SIDI_INTRADAY_V2,False
CTVA,Corteva,Materials,Fertilizers & Agricultural Chemicals,2019-06-03,13.9100,13.0800,14.0550,12.8500,13.9100,2026-10-06,2026-10-07,5.2700,22.4800,DOWN,-8.1501,-8.0732,-4.6991,False,0.0249,6.4543,2.4570,46.4000,75.7600,77.3400,58.2500,-81.6400,-82.0100,False,0.2455,BAJISTA,-84.6000,-84.6900,90.3200,90.8700,90.8700,11.7400,-84.6900,18.4800,1.9290,False,False,,0.0000,80.8800,False,,BULL_ENGULF,6.5500,5.5000,7.5000,7.0000,4.0000,8.0000,7.5000,False,False,True,True,False,False,92.8000,139.2000,1.5000,SIDI_INTRADAY_V2,1.8025,-80.2026,-0.7927,0.9078,295.0000,XLB,True,8.7438,12.2692,0.3755,,,,,0.0000,0.0000,,,,,,,,9450831872,,4.3100,5.1800,667196000,5.9000,5.0000,5.0000,8.0000,,OK,0,6.1600,False,False,True,False,False,False,MACD|VOLUME|FUND65|SPY20,False,3-7d,XLB,,LIN|APD|ECL,commodity_prices|dxy|china_demand|energy_costs,POST_ANALYSIS_ACTUAL_FILL,LIVE_QUOTE_AT_ANALYSIS,True,1.0000,1.5000,1.0000,-5.0000,7,1.5000,3,SELL_50_PCT_AT_TP1_REST_AT_TP2,MOVE_REMAINDER_TO_BREAK_EVEN,EXIT_AT_OPEN_IF_OPEN_BELOW_SL,SL_FIRST,10,PENDING_ANALYSIS,6.4543,6.4543,9.6814,20.3643,23.5915,13.2145,Indicative levels use the signal close only. Final SL/TP1/TP2 and sizing must be recalculated from the actual post-analysis broker fill.,35,2026-11-11,False,2026-07-30,2.3000,2.2300,2.9000,ALCISTA FUERTE,10,779.0900,8.4900,73.6000,15.0100,SIDI_INTRADAY_V2: Fund≥6.5 · DD60≥12% · RSI<40 · MACD↑ · Vol↓ · SPY20≤+1% · Abnormal20≤-10%,SIDI_INTRADAY_V2,False
GNRC,Generac,Industrials,Heavy Electrical Equipment,2021-03-22,223.6200,216.3700,227.1500,215.4700,223.6200,2026-10-06,2026-10-07,77.1600,64.9100,UP,3.0422,2.7251,2.5977,True,0.9026,12.0214,1.1390,5.3760,201.5900,213.2800,205.2800,10.9300,4.8500,False,2.1733,ALCISTA,-1.3100,-4.1900,226.5800,233.3900,296.4400,134.8000,-24.5600,65.8900,0.6910,True,True,211.1900,1.0000,225.6700,False,-5.5600,HAMMER|DOJI,6.6500,8.5000,7.0000,7.5000,4.0000,5.0000,7.0000,False,False,False,False,True,True,10.7500,16.1300,1.5000,SIDI_INTRADAY_V2,1.8025,21.9158,0.5669,1.4310,295.0000,XLI,True,49.8678,16.8634,4.4480,2.8865,22.5300,0.0949,0.0472,0.0582,0.3954,0.1060,0.9200,49.0030,2.0450,289056512.0000,258195008.0000,1.1195,12812444672,1.9160,2.6700,0.0000,59063935,5.8400,7.8800,5.4100,3.9800,0.0226,OK,0,6.1600,False,False,False,False,False,False,DD12|RSI40|FUND65|SPY20|ABNORMAL20,False,10-18d,XLI,,CAT|UNP|HON,pmi_manufacturing|supply_chain|capex_cycle,POST_ANALYSIS_ACTUAL_FILL,LIVE_QUOTE_AT_ANALYSIS,True,1.0000,1.5000,1.0000,-5.0000,7,1.5000,3,SELL_50_PCT_AT_TP1_REST_AT_TP2,MOVE_REMAINDER_TO_BREAK_EVEN,EXIT_AT_OPEN_IF_OPEN_BELOW_SL,SL_FIRST,10,PENDING_ANALYSIS,12.0214,12.0214,18.0321,235.6414,241.6521,212.4390,Indicative levels use the signal close only. Final SL/TP1/TP2 and sizing must be recalculated from the actual post-analysis broker fill.,21,2026-10-28,False,2026-07-29,2.9100,2.0100,44.6000,ALCISTA FUERTE,10,779.0900,8.4900,73.6000,15.0100,SIDI_INTRADAY_V2: Fund≥6.5 · DD60≥12% · RSI<40 · MACD↑ · Vol↓ · SPY20≤+1% · Abnormal20≤-10%,SIDI_INTRADAY_V2,False
XYL,Xylem Inc.,Industrials,Industrial Machinery & Supplies & Components,2011-11-01,104.5700,102.7600,105.0700,102.5000,104.5700,2026-10-06,2026-10-07,40.5300,22.3000,UP,0.1758,-0.0827,-0.3435,True,0.4618,2.3379,0.8130,2.2360,111.3400,119.8900,104.9500,-6.0800,-12.7800,False,-2.6515,BAJISTA,-16.2300,-17.4500,124.8200,126.6800,152.1400,98.5800,-31.2700,6.0800,1.4100,False,False,105.6100,4.0000,113.5300,True,0.9900,HAMMER|BULL_ENGULF,6.8500,5.0000,7.0000,7.0000,9.0000,5.0000,9.5000,False,False,True,False,True,False,4.4700,6.7100,1.5000,SIDI_INTRADAY_V2,1.8025,-0.3289,-0.1599,0.8768,295.0000,XLI,True,24.2024,16.3275,2.2776,2.6007,13.3670,0.0918,0.0511,0.1115,0.3924,0.0150,0.1950,28.6420,1.6130,1183750016.0000,1018000000.0000,1.1628,23733936128,0.9910,4.7700,1.6400,233486812,5.7000,3.8800,6.0500,7.4300,0.0499,OK,0,6.1600,False,False,False,False,False,False,RSI40|VOLUME|FUND65|SPY20|ABNORMAL20,False,3-7d,XLI,,CAT|UNP|HON,pmi_manufacturing|supply_chain|capex_cycle,POST_ANALYSIS_ACTUAL_FILL,LIVE_QUOTE_AT_ANALYSIS,True,1.0000,1.5000,1.0000,-5.0000,7,1.5000,3,SELL_50_PCT_AT_TP1_REST_AT_TP2,MOVE_REMAINDER_TO_BREAK_EVEN,EXIT_AT_OPEN_IF_OPEN_BELOW_SL,SL_FIRST,10,PENDING_ANALYSIS,2.3379,2.3379,3.5069,106.9079,108.0768,99.3415,Indicative levels use the signal close only. Final SL/TP1/TP2 and sizing must be recalculated from the actual post-analysis broker fill.,20,2026-10-27,False,2026-07-28,1.4600,1.3400,9.2000,ALCISTA FUERTE,10,779.0900,8.4900,73.6000,15.0100,SIDI_INTRADAY_V2: Fund≥6.5 · DD60≥12% · RSI<40 · MACD↑ · Vol↓ · SPY20≤+1% · Abnormal20≤-10%,SIDI_INTRADAY_V2,False
WST,West Pharmaceutical Services,Health Care,Health Care Supplies,2020-05-22,372.6400,379.0200,381.1600,367.6400,372.6400,2026-10-06,2026-10-07,58.4800,79.9900,DOWN,0.0351,0.1779,0.5344,False,0.6758,8.8486,1.0150,2.3750,353.6300,303.1300,365.4000,5.3800,22.9300,True,3.1779,ALCISTA,-1.0900,-3.4000,376.7600,385.7500,385.7500,223.5200,-3.4000,66.7200,0.6220,True,True,349.1800,1.0000,367.4200,False,-6.3000,HAMMER|DOJI,6.5500,10.0000,5.0000,7.5000,4.0000,5.0000,7.0000,False,False,False,False,False,True,4.7500,7.1200,1.5000,SIDI_INTRADAY_V2,1.8025,4.6067,0.3046,0.3225,295.0000,XLV,True,47.4552,37.1253,8.7259,7.8403,28.6180,0.1909,0.1138,0.1698,0.3679,0.1380,0.1810,10.5850,2.8220,277937504.0000,564899968.0000,0.4920,26083016704,1.1250,4.8900,0.2400,70375762,5.8800,7.7300,6.8000,2.6400,0.0107,FCF/NI:0.49,1,6.1500,False,False,False,False,False,False,DD12|RSI40|MACD|FUND65|SPY20|ABNORMAL20,False,10-18d,XLV,,UNH|JNJ|LLY,fda_calendar|drug_pricing_policy|patent_cliffs,POST_ANALYSIS_ACTUAL_FILL,LIVE_QUOTE_AT_ANALYSIS,True,1.0000,1.5000,1.0000,-5.0000,7,1.5000,3,SELL_50_PCT_AT_TP1_REST_AT_TP2,MOVE_REMAINDER_TO_BREAK_EVEN,EXIT_AT_OPEN_IF_OPEN_BELOW_SL,SL_FIRST,10,PENDING_ANALYSIS,8.8486,8.8486,13.2729,381.4886,385.9129,354.0080,Indicative levels use the signal close only. Final SL/TP1/TP2 and sizing must be recalculated from the actual post-analysis broker fill.,15,2026-10-22,False,2026-07-23,2.3700,2.0800,13.9000,ALCISTA FUERTE,10,779.0900,8.4900,73.6000,15.0100,SIDI_INTRADAY_V2: Fund≥6.5 · DD60≥12% · RSI<40 · MACD↑ · Vol↓ · SPY20≤+1% · Abnormal20≤-10%,SIDI_INTRADAY_V2,False
DDOG,Datadog,Information Technology,Application Software,2025-07-09,278.2400,278.0000,285.6800,276.0000,278.2400,2026-10-06,2026-10-07,88.5800,83.9000,UP,3.6313,4.1728,5.1526,False,0.8239,11.3852,0.8330,4.0920,245.7800,186.2200,257.3700,13.2100,49.4100,True,5.4863,ALCISTA,-3.4400,-4.9500,288.1500,292.7200,292.7200,98.0100,-4.9500,183.8900,0.5580,True,True,237.6700,1.0000,277.7000,False,-14.5800,HAMMER|DOJI,6.7500,10.0000,6.0000,7.5000,4.0000,5.0000,7.0000,False,False,False,False,False,True,8.1800,12.2800,1.5000,SIDI_INTRADAY_V2,1.8025,16.3806,-0.6338,0.8271,295.0000,XLK,True,550.0600,92.4638,22.6064,24.8962,1160.8400,0.0470,0.0018,0.0448,0.7954,0.3560,14.9850,29.2590,3.2050,1051412352.0000,177584000.0000,5.9206,98756395008,1.5120,2.7700,0.0000,334904614,5.7400,9.0600,5.5900,2.0300,0.0106,OK,0,6.1400,False,False,False,False,False,False,DD12|RSI40|MACD|FUND65|SPY20|ABNORMAL20,False,10-18d,XLK,,AAPL|MSFT|NVDA,interest_rates|ai_capex_cycle|semiconductor_cycle,POST_ANALYSIS_ACTUAL_FILL,LIVE_QUOTE_AT_ANALYSIS,True,1.0000,1.5000,1.0000,-5.0000,7,1.5000,3,SELL_50_PCT_AT_TP1_REST_AT_TP2,MOVE_REMAINDER_TO_BREAK_EVEN,EXIT_AT_OPEN_IF_OPEN_BELOW_SL,SL_FIRST,10,PENDING_ANALYSIS,11.3852,11.3852,17.0778,289.6252,295.3178,264.3280,Indicative levels use the signal close only. Final SL/TP1/TP2 and sizing must be recalculated from the actual post-analysis broker fill.,29,2026-11-05,False,2026-08-06,0.6500,0.5800,11.4000,ALCISTA FUERTE,10,779.0900,8.4900,73.6000,15.0100,SIDI_INTRADAY_V2: Fund≥6.5 · DD60≥12% · RSI<40 · MACD↑ · Vol↓ · SPY20≤+1% · Abnormal20≤-10%,SIDI_INTRADAY_V2,False
BR,Broadridge Financial Solutions,Industrials,Data Processing & Outsourced Services,2018-06-18,158.6600,157.5200,160.4900,157.5200,158.6600,2026-10-06,2026-10-07,28.0400,36.6600,DOWN,-0.7504,-0.8668,-0.8702,True,0.1795,3.2829,0.6500,2.0690,168.2100,168.4700,163.7200,-5.6800,-5.8200,False,-3.4016,BAJISTA,-13.9200,-14.5900,184.3100,185.7700,233.4000,133.0100,-32.0200,19.2800,0.5870,True,True,147.1400,1.0000,157.9500,False,-7.2600,NONE,6.7200,5.0000,8.5000,7.5000,5.0000,8.5000,5.0000,True,True,True,True,True,True,4.1400,6.2100,1.5000,SIDI_INTRADAY_V2,1.8025,-6.6926,0.7636,-0.6006,295.0000,XLI,True,16.6286,13.7904,6.4067,2.4105,11.7230,0.4092,0.0930,0.1504,0.3178,0.0750,0.0840,123.9390,1.2360,1194499968.0000,1124300032.0000,1.0624,18022795264,0.9320,2.6100,2.7500,112900032,5.7400,3.2800,6.5200,7.7000,0.0663,D/E:124,1,6.1300,False,False,False,True,False,False,FUND65|SPY20|ABNORMAL20,False,3-7d,XLI,,CAT|UNP|HON,pmi_manufacturing|supply_chain|capex_cycle,POST_ANALYSIS_ACTUAL_FILL,LIVE_QUOTE_AT_ANALYSIS,True,1.0000,1.5000,1.0000,-5.0000,7,1.5000,3,SELL_50_PCT_AT_TP1_REST_AT_TP2,MOVE_REMAINDER_TO_BREAK_EVEN,EXIT_AT_OPEN_IF_OPEN_BELOW_SL,SL_FIRST,10,PENDING_ANALYSIS,3.2829,3.2829,4.9244,161.9429,163.5844,150.7270,Indicative levels use the signal close only. Final SL/TP1/TP2 and sizing must be recalculated from the actual post-analysis broker fill.,27,2026-11-03,False,2026-08-04,3.8200,3.7600,1.7000,ALCISTA FUERTE,10,779.0900,8.4900,73.6000,15.0100,SIDI_INTRADAY_V2: Fund≥6.5 · DD60≥12% · RSI<40 · MACD↑ · Vol↓ · SPY20≤+1% · Abnormal20≤-10%,SIDI_INTRADAY_V2,False
TMUS,T-Mobile US,Communication Services,Wireless Telecommunication Services,2019-07-15,165.9300,164.3600,166.0600,163.0200,165.9300,2026-10-06,2026-10-07,33.3900,31.1100,UP,-0.0226,-0.3430,-0.8914,True,0.3868,4.2186,0.7660,2.5420,175.3700,189.1300,168.4900,-5.3800,-12.2700,False,-1.6531,BAJISTA,-14.7000,-16.0800,194.5200,197.7200,226.2400,160.8100,-26.6600,3.1800,0.8400,True,True,168.8500,2.0000,188.3600,True,1.7600,BULL_ENGULF,7.0500,5.0000,8.5000,7.5000,7.0000,7.0000,7.5000,True,True,True,True,True,True,5.0800,7.6300,1.5000,SIDI_INTRADAY_V2,1.8025,-8.2298,-1.0557,1.1623,295.0000,XLC,True,17.6959,11.7302,3.2351,1.9705,8.6000,0.1799,0.0597,0.1145,0.6305,0.0790,0.0530,214.0350,0.9240,11335999488.0000,10560000000.0000,1.0735,181656944640,0.3170,4.5500,2.8200,1072671613,5.5200,4.1900,5.6100,6.9700,0.0624,D/E:214,1,6.1300,False,False,False,True,False,False,FUND65|SPY20|ABNORMAL20,False,3-7d,XLC,,GOOGL|META|NFLX,ad_spending_cycle|streaming_competition|regulation,POST_ANALYSIS_ACTUAL_FILL,LIVE_QUOTE_AT_ANALYSIS,True,1.0000,1.5000,1.0000,-5.0000,7,1.5000,3,SELL_50_PCT_AT_TP1_REST_AT_TP2,MOVE_REMAINDER_TO_BREAK_EVEN,EXIT_AT_OPEN_IF_OPEN_BELOW_SL,SL_FIRST,10,PENDING_ANALYSIS,4.2186,4.2186,6.3279,170.1486,172.2579,157.6335,Indicative levels use the signal close only. Final SL/TP1/TP2 and sizing must be recalculated from the actual post-analysis broker fill.,21,2026-10-28,False,2026-07-23,2.9900,2.6000,14.9000,ALCISTA FUERTE,10,779.0900,8.4900,73.6000,15.0100,SIDI_INTRADAY_V2: Fund≥6.5 · DD60≥12% · RSI<40 · MACD↑ · Vol↓ · SPY20≤+1% · Abnormal20≤-10%,SIDI_INTRADAY_V2,False
FTNT,Fortinet,Information Technology,Systems Software,2018-10-11,191.2700,187.5100,192.4100,186.5000,191.2700,2026-10-06,2026-10-07,75.4600,71.1900,UP,1.1648,0.6985,0.5413,True,1.0057,6.1379,0.8960,3.2090,165.0600,119.6400,175.2100,15.8800,59.8700,True,8.3306,ALCISTA,0.0000,-0.5900,191.2700,192.4100,192.4100,73.5500,-0.5900,160.0500,1.0580,True,True,150.0200,4.0000,,False,-21.5700,BULL_ENGULF,7.3000,10.0000,7.0000,7.5000,6.0000,5.0000,7.5000,False,False,False,False,True,True,6.4200,9.6300,1.5000,SIDI_INTRADAY_V2,1.8025,6.8342,-0.4210,0.6946,295.0000,XLK,True,66.9152,50.1275,89.5790,18.4583,52.7150,1.1744,0.1417,0.2817,0.8020,0.2560,0.4390,36.1940,1.2820,2265587456.0000,2120700032.0000,1.0683,138943348736,1.0370,3.2400,0.0000,733713653,5.3300,4.9200,7.7800,2.9400,0.0163,OK,0,6.1200,False,False,False,False,False,False,DD12|RSI40|FUND65|SPY20|ABNORMAL20,False,10-18d,XLK,,AAPL|MSFT|NVDA,interest_rates|ai_capex_cycle|semiconductor_cycle,POST_ANALYSIS_ACTUAL_FILL,LIVE_QUOTE_AT_ANALYSIS,True,1.0000,1.5000,1.0000,-5.0000,7,1.5000,3,SELL_50_PCT_AT_TP1_REST_AT_TP2,MOVE_REMAINDER_TO_BREAK_EVEN,EXIT_AT_OPEN_IF_OPEN_BELOW_SL,SL_FIRST,10,PENDING_ANALYSIS,6.1379,6.1379,9.2068,197.4079,200.4769,181.7065,Indicative levels use the signal close only. Final SL/TP1/TP2 and sizing must be recalculated from the actual post-analysis broker fill.,21,2026-10-28,False,2026-07-29,0.9000,0.7500,20.5000,ALCISTA FUERTE,10,779.0900,8.4900,73.6000,15.0100,SIDI_INTRADAY_V2: Fund≥6.5 · DD60≥12% · RSI<40 · MACD↑ · Vol↓ · SPY20≤+1% · Abnormal20≤-10%,SIDI_INTRADAY_V2,False
AME,Ametek,Industrials,Electrical Components & Equipment,2013-09-23,253.7200,252.7100,255.4100,251.8400,253.7200,2026-10-06,2026-10-07,86.5800,67.8400,UP,1.1955,1.2335,1.3918,False,0.8348,4.7664,0.9070,1.8790,244.0100,230.1700,246.1800,3.9800,10.2300,True,2.0669,ALCISTA,-1.7100,-2.7100,258.1400,260.7800,260.7800,178.1500,-2.7100,42.4200,0.6110,False,False,233.6500,1.0000,260.7800,False,-7.9100,HAMMER|HAMMER|DOJI,6.2500,10.0000,6.0000,5.0000,4.0000,5.0000,7.0000,False,False,False,False,False,False,3.7600,5.6400,1.5000,SIDI_INTRADAY_V2,1.8025,7.5561,-0.0871,1.1451,295.0000,XLI,True,36.2675,25.8046,5.0505,7.2303,23.9870,0.1456,0.0816,0.2004,0.3691,0.1500,0.1420,20.5220,1.2140,1492221312.0000,1576269952.0000,0.9467,56858390528,0.9620,2.0900,0.5400,229203002,6.0100,6.9800,6.3700,4.4500,0.0262,OK,0,6.1100,False,False,False,False,False,False,DD12|RSI40|MACD|VOLUME|FUND65|SPY20|ABNORMAL20,False,10-18d,XLI,,CAT|UNP|HON,pmi_manufacturing|supply_chain|capex_cycle,POST_ANALYSIS_ACTUAL_FILL,LIVE_QUOTE_AT_ANALYSIS,True,1.0000,1.5000,1.0000,-5.0000,7,1.5000,3,SELL_50_PCT_AT_TP1_REST_AT_TP2,MOVE_REMAINDER_TO_BREAK_EVEN,EXIT_AT_OPEN_IF_OPEN_BELOW_SL,SL_FIRST,10,PENDING_ANALYSIS,4.7664,4.7664,7.1496,258.4864,260.8696,241.0340,Indicative levels use the signal close only. Final SL/TP1/TP2 and sizing must be recalculated from the actual post-analysis broker fill.,22,2026-10-29,False,2026-08-04,2.0900,1.9900,4.8000,ALCISTA FUERTE,10,779.0900,8.4900,73.6000,15.0100,SIDI_INTRADAY_V2: Fund≥6.5 · DD60≥12% · RSI<40 · MACD↑ · Vol↓ · SPY20≤+1% · Abnormal20≤-10%,SIDI_INTRADAY_V2,False
CTAS,Cintas,Industrials,Diversified Support Services,2001-03-01,195.9600,194.2200,196.8700,194.2200,195.9600,2026-10-06,2026-10-07,44.4500,46.2300,DOWN,-0.2736,-0.3840,-0.2804,True,0.3329,3.9671,0.8730,2.0240,201.0300,187.4400,197.4800,-2.5200,4.5500,True,0.7417,NEUTRO,-9.2600,-10.3600,215.9700,218.6000,218.6000,160.3100,-10.3600,22.2400,0.5400,True,True,198.5300,4.0000,206.9200,True,1.3100,NONE,7.0000,8.5000,6.0000,7.5000,9.0000,5.0000,5.0000,False,False,False,False,True,True,4.0500,6.0700,1.5000,SIDI_INTRADAY_V2,1.8025,-2.6087,-0.1933,0.2683,295.0000,XLI,True,38.8462,31.9674,15.3328,6.8063,26.0100,0.4138,0.1666,0.1782,0.5099,0.1090,0.1330,52.0960,1.4540,1623005312.0000,2054226944.0000,0.7901,78684872704,0.9170,6.3500,1.0600,399517000,5.5200,5.4700,7.2200,3.5800,0.0206,OK,0,6.1100,False,False,False,False,False,False,DD12|RSI40|FUND65|SPY20|ABNORMAL20,False,7-15d,XLI,,CAT|UNP|HON,pmi_manufacturing|supply_chain|capex_cycle,POST_ANALYSIS_ACTUAL_FILL,LIVE_QUOTE_AT_ANALYSIS,True,1.0000,1.5000,1.0000,-5.0000,7,1.5000,3,SELL_50_PCT_AT_TP1_REST_AT_TP2,MOVE_REMAINDER_TO_BREAK_EVEN,EXIT_AT_OPEN_IF_OPEN_BELOW_SL,SL_FIRST,10,PENDING_ANALYSIS,3.9671,3.9671,5.9506,199.9271,201.9107,186.1620,Indicative levels use the signal close only. Final SL/TP1/TP2 and sizing must be recalculated from the actual post-analysis broker fill.,71,2026-12-17,False,2026-09-23,1.3600,1.3600,23.0000,ALCISTA FUERTE,10,779.0900,8.4900,73.6000,15.0100,SIDI_INTRADAY_V2: Fund≥6.5 · DD60≥12% · RSI<40 · MACD↑ · Vol↓ · SPY20≤+1% · Abnormal20≤-10%,SIDI_INTRADAY_V2,False
FICO,Fair Isaac,Information Technology,Application Software,2023-03-20,695.4600,694.7900,703.8600,676.0000,695.4600,2026-10-06,2026-10-07,21.3300,11.2200,UP,-15.1328,-21.1920,-30.4846,True,0.2267,54.9136,0.9820,7.8960,1005.7700,1207.8500,823.7100,-30.8500,-42.4200,False,-7.1331,BAJISTA,-49.3500,-50.6800,1373.0800,1410.1700,1886.2800,586.0500,-63.1300,18.6700,1.3690,False,False,,0.0000,1014.5000,False,,HAMMER|DOJI,6.5800,5.0000,9.5000,7.0000,4.0000,6.5000,7.0000,False,False,True,True,True,False,15.7900,23.6900,1.5000,SIDI_INTRADAY_V2,1.8025,-18.4416,1.8080,-0.9955,295.0000,XLK,True,19.2892,13.0494,-3.5120,6.0117,16.1240,,0.3998,0.3405,0.8510,0.2570,0.4120,,1.1830,774413504.0000,815017024.0000,0.9502,14389425152,1.3410,5.5200,0.0000,21597635,5.7900,4.7700,5.7400,7.0500,0.0538,OK,0,6.1100,False,False,True,False,False,False,VOLUME|FUND65|SPY20,False,3-7d,XLK,,AAPL|MSFT|NVDA,interest_rates|ai_capex_cycle|semiconductor_cycle,POST_ANALYSIS_ACTUAL_FILL,LIVE_QUOTE_AT_ANALYSIS,True,1.0000,1.5000,1.0000,-5.0000,7,1.5000,3,SELL_50_PCT_AT_TP1_REST_AT_TP2,MOVE_REMAINDER_TO_BREAK_EVEN,EXIT_AT_OPEN_IF_OPEN_BELOW_SL,SL_FIRST,10,PENDING_ANALYSIS,54.9136,54.9136,82.3704,750.3736,777.8304,660.6870,Indicative levels use the signal close only. Final SL/TP1/TP2 and sizing must be recalculated from the actual post-analysis broker fill.,28,2026-11-04,False,2026-07-29,12.1800,11.7800,3.4000,ALCISTA FUERTE,10,779.0900,8.4900,73.6000,15.0100,SIDI_INTRADAY_V2: Fund≥6.5 · DD60≥12% · RSI<40 · MACD↑ · Vol↓ · SPY20≤+1% · Abnormal20≤-10%,SIDI_INTRADAY_V2,False
FOXA,Fox Corporation (Class A),Communication Services,Broadcasting,2019-03-19,62.0800,63.2800,63.5200,61.0850,62.0800,2026-10-06,2026-10-07,27.8300,43.9500,DOWN,-0.3083,-0.3368,-0.5468,True,0.2145,1.5944,0.8900,2.5680,64.4400,62.7400,63.7500,-3.6600,-1.0600,True,-0.4845,BAJISTA,-11.3400,-12.1200,70.0200,70.6400,75.6800,48.1300,-17.9700,28.9900,0.9240,True,True,62.8700,2.0000,64.3700,True,1.2700,NONE,7.1700,6.5000,8.5000,7.5000,8.0000,6.5000,5.0000,False,True,False,True,True,True,5.1400,7.7100,1.5000,SIDI_INTRADAY_V2,1.8025,-8.3985,-0.6490,0.8451,295.0000,XLC,True,16.0951,10.5759,2.2302,1.5218,7.6250,0.1429,0.0950,0.0984,0.3663,0.2810,0.0310,64.0600,3.1690,555374976.0000,1684999936.0000,0.3296,26061539328,0.6130,8.9700,0.9300,201424858,5.4100,6.2500,5.3000,4.5500,0.0213,FCF/NI:0.33,1,6.1100,False,False,False,False,False,False,DD12|FUND65|SPY20|ABNORMAL20,False,5-10d,XLC,,GOOGL|META|NFLX,ad_spending_cycle|streaming_competition|regulation,POST_ANALYSIS_ACTUAL_FILL,LIVE_QUOTE_AT_ANALYSIS,True,1.0000,1.5000,1.0000,-5.0000,7,1.5000,3,SELL_50_PCT_AT_TP1_REST_AT_TP2,MOVE_REMAINDER_TO_BREAK_EVEN,EXIT_AT_OPEN_IF_OPEN_BELOW_SL,SL_FIRST,10,PENDING_ANALYSIS,1.5944,1.5944,2.3916,63.6744,64.4716,58.9760,Indicative levels use the signal close only. Final SL/TP1/TP2 and sizing must be recalculated from the actual post-analysis broker fill.,22,2026-10-29,False,2026-08-06,1.7900,1.3800,29.3000,ALCISTA FUERTE,10,779.0900,8.4900,73.6000,15.0100,SIDI_INTRADAY_V2: Fund≥6.5 · DD60≥12% · RSI<40 · MACD↑ · Vol↓ · SPY20≤+1% · Abnormal20≤-10%,SIDI_INTRADAY_V2,False
RMD,ResMed|,Health Care,Health Care Equipment,2017-07-26,220.6900,223.9000,225.2300,219.9600,220.6900,2026-10-06,2026-10-07,29.5500,56.4500,DOWN,-0.4812,-0.5290,-0.7033,True,0.3387,4.5700,0.6860,2.0710,223.9500,224.4600,222.8900,-1.4600,-1.6800,False,-1.1466,BAJISTA,-8.1700,-8.9600,240.3300,242.4000,281.8900,179.7500,-21.7100,22.7700,0.8210,True,True,215.8000,1.0000,221.7900,True,-2.2200,BULL_ENGULF,7.2000,5.0000,8.5000,7.5000,8.0000,7.0000,7.5000,False,False,False,True,True,True,4.1400,6.2100,1.5000,SIDI_INTRADAY_V2,1.8025,2.0020,0.1847,0.9331,295.0000,XLV,True,21.7733,17.1650,4.9740,5.6494,14.8830,0.2427,0.1400,0.2695,0.6162,0.0860,0.0240,12.5420,3.1000,939248256.0000,1523293056.0000,0.6166,31938469888,0.7500,10.5800,1.2000,140639243,5.3900,3.0800,7.9700,5.0800,0.0294,FCF/NI:0.62,1,6.1100,False,False,False,False,False,False,DD12|FUND65|SPY20|ABNORMAL20,False,5-10d,XLV,,UNH|JNJ|LLY,fda_calendar|drug_pricing_policy|patent_cliffs,POST_ANALYSIS_ACTUAL_FILL,LIVE_QUOTE_AT_ANALYSIS,True,1.0000,1.5000,1.0000,-5.0000,7,1.5000,3,SELL_50_PCT_AT_TP1_REST_AT_TP2,MOVE_REMAINDER_TO_BREAK_EVEN,EXIT_AT_OPEN_IF_OPEN_BELOW_SL,SL_FIRST,10,PENDING_ANALYSIS,4.5700,4.5700,6.8550,225.2600,227.5450,209.6555,Indicative levels use the signal close only. Final SL/TP1/TP2 and sizing must be recalculated from the actual post-analysis broker fill.,22,2026-10-29,False,2026-08-06,2.9500,2.8900,2.0000,ALCISTA FUERTE,10,779.0900,8.4900,73.6000,15.0100,SIDI_INTRADAY_V2: Fund≥6.5 · DD60≥12% · RSI<40 · MACD↑ · Vol↓ · SPY20≤+1% · Abnormal20≤-10%,SIDI_INTRADAY_V2,False
UHS,Universal Health Services,Health Care,Health Care Facilities,2014-09-20,177.0800,174.2100,178.1100,174.2100,177.0800,2026-10-06,2026-10-07,42.3000,49.9300,DOWN,-0.5059,-0.6111,-0.6515,True,0.5344,4.6800,0.8250,2.6430,173.2700,179.9500,175.8400,2.2000,-1.5900,False,-2.8722,BAJISTA,-2.3800,-4.8300,181.3900,186.0600,245.2600,139.9200,-27.8000,26.5600,0.5280,True,True,165.5700,2.0000,175.1900,False,-6.5000,HAMMER|DOJI,6.2000,6.5000,6.0000,7.5000,5.0000,5.0000,7.0000,False,False,False,False,True,True,5.2900,7.9300,1.5000,SIDI_INTRADAY_V2,1.8025,5.7979,-0.0148,0.6361,295.0000,XLV,True,7.1770,7.3329,1.3803,0.5726,5.8160,0.2095,0.0832,0.0842,0.4461,0.0830,0.1010,68.7400,1.1160,498316992.0000,1526027008.0000,0.3265,10371647488,1.0290,4.1900,0.4500,51687770,6.0500,4.2600,5.2500,9.0700,0.0480,FCF/NI:0.33,1,6.1100,False,False,False,False,False,False,DD12|RSI40|FUND65|SPY20|ABNORMAL20,False,3-7d,XLV,,UNH|JNJ|LLY,fda_calendar|drug_pricing_policy|patent_cliffs,POST_ANALYSIS_ACTUAL_FILL,LIVE_QUOTE_AT_ANALYSIS,True,1.0000,1.5000,1.0000,-5.0000,7,1.5000,3,SELL_50_PCT_AT_TP1_REST_AT_TP2,MOVE_REMAINDER_TO_BREAK_EVEN,EXIT_AT_OPEN_IF_OPEN_BELOW_SL,SL_FIRST,10,PENDING_ANALYSIS,4.6800,4.6800,7.0200,181.7600,184.1000,168.2260,Indicative levels use the signal close only. Final SL/TP1/TP2 and sizing must be recalculated from the actual post-analysis broker fill.,19,2026-10-26,False,2026-07-27,5.9800,6.0100,-45.0000,ALCISTA FUERTE,10,779.0900,8.4900,73.6000,15.0100,SIDI_INTRADAY_V2: Fund≥6.5 · DD60≥12% · RSI<40 · MACD↑ · Vol↓ · SPY20≤+1% · Abnormal20≤-10%,SIDI_INTRADAY_V2,False
APA,APA Corporation,Energy,Oil & Gas Exploration & Production,1997-07-28,44.1000,43.3000,44.4000,43.2300,44.1000,2026-10-06,2026-10-07,46.5300,39.4400,UP,-0.1543,-0.2372,-0.4437,True,0.5283,1.4079,0.9760,3.1920,41.9200,35.2500,43.3700,5.2000,25.1000,True,5.7744,ALCISTA,-6.9800,-7.0400,47.4100,47.4400,47.4400,21.1300,-7.0400,108.6800,0.5570,True,True,41.4400,3.0000,45.0500,False,-6.0400,HAMMER,7.2500,10.0000,7.0000,7.5000,6.0000,5.0000,7.0000,False,False,False,False,True,True,6.3800,9.5800,1.5000,SIDI_INTRADAY_V2,1.8025,2.2190,-0.3894,1.6134,295.0000,XLE,True,9.2400,9.5338,2.1828,1.7863,3.4630,0.2666,0.1160,0.1956,0.7825,0.0920,0.2630,48.8540,0.9460,2146749952.0000,1676999936.0000,1.2801,15312113664,0.4210,4.6700,2.2700,350351510,5.3400,1.5700,6.7800,8.0700,0.1402,OK,0,6.1000,False,False,False,False,False,False,DD12|RSI40|FUND65|SPY20|ABNORMAL20,False,10-18d,XLE,,XOM|CVX|COP,oil_price|gas_price|opec_supply|inventories,POST_ANALYSIS_ACTUAL_FILL,LIVE_QUOTE_AT_ANALYSIS,True,1.0000,1.5000,1.0000,-5.0000,7,1.5000,3,SELL_50_PCT_AT_TP1_REST_AT_TP2,MOVE_REMAINDER_TO_BREAK_EVEN,EXIT_AT_OPEN_IF_OPEN_BELOW_SL,SL_FIRST,10,PENDING_ANALYSIS,1.4079,1.4079,2.1119,45.5079,46.2118,41.8950,Indicative levels use the signal close only. Final SL/TP1/TP2 and sizing must be recalculated from the actual post-analysis broker fill.,28,2026-11-04,False,2026-08-05,1.8900,1.8700,1.0000,ALCISTA FUERTE,10,779.0900,8.4900,73.6000,15.0100,SIDI_INTRADAY_V2: Fund≥6.5 · DD60≥12% · RSI<40 · MACD↑ · Vol↓ · SPY20≤+1% · Abnormal20≤-10%,SIDI_INTRADAY_V2,False
MCHP,Microchip Technology,Information Technology,Semiconductors,2007-09-07,81.2600,82.1700,82.5600,80.7600,81.2600,2026-10-06,2026-10-07,82.6900,63.3800,UP,0.9222,0.9741,0.8399,False,0.8806,2.5707,0.7480,3.1640,75.7400,78.3600,77.1400,7.2900,3.7000,False,2.1761,ALCISTA,-6.1500,-7.7800,86.5900,88.1200,104.7500,47.2800,-22.4300,71.8600,0.7170,True,True,81.1100,1.0000,99.3300,True,-0.1800,HAMMER|DOJI,7.2000,8.5000,6.0000,7.5000,7.0000,7.0000,7.0000,False,False,False,False,False,True,6.3300,9.4900,1.5000,SIDI_INTRADAY_V2,1.8025,5.2544,0.5699,1.0236,295.0000,XLK,True,113.6471,16.8603,6.5050,8.1924,32.7010,0.0719,0.0354,0.0934,0.6019,0.3800,,83.6880,1.9210,1364762496.0000,367200000.0000,3.7167,41963712512,1.7590,4.0700,2.2400,543008691,5.3600,6.8700,4.5600,4.5300,0.0325,D/E:84,1,6.1000,False,False,False,False,False,False,DD12|RSI40|MACD|FUND65|SPY20|ABNORMAL20,False,10-18d,XLK,,AAPL|MSFT|NVDA,interest_rates|ai_capex_cycle|semiconductor_cycle,POST_ANALYSIS_ACTUAL_FILL,LIVE_QUOTE_AT_ANALYSIS,True,1.0000,1.5000,1.0000,-5.0000,7,1.5000,3,SELL_50_PCT_AT_TP1_REST_AT_TP2,MOVE_REMAINDER_TO_BREAK_EVEN,EXIT_AT_OPEN_IF_OPEN_BELOW_SL,SL_FIRST,10,PENDING_ANALYSIS,2.5707,2.5707,3.8560,83.8307,85.1161,77.1970,Indicative levels use the signal close only. Final SL/TP1/TP2 and sizing must be recalculated from the actual post-analysis broker fill.,29,2026-11-05,False,2026-08-06,0.7600,0.7000,8.7000,ALCISTA FUERTE,10,779.0900,8.4900,73.6000,15.0100,SIDI_INTRADAY_V2: Fund≥6.5 · DD60≥12% · RSI<40 · MACD↑ · Vol↓ · SPY20≤+1% · Abnormal20≤-10%,SIDI_INTRADAY_V2,False
MDLZ,Mondelez International,Consumer Staples,Packaged Foods & Meats,2012-10-02,59.6200,58.2500,59.9600,58.2500,59.6200,2026-10-06,2026-10-07,36.9900,25.2400,UP,-0.1287,-0.2580,-0.3485,True,0.3983,1.1486,0.8200,1.9260,61.3700,58.6400,59.8400,-2.8500,1.6800,True,1.1569,NEUTRO,-7.4500,-9.7600,64.4200,66.0700,66.0700,49.9000,-9.7600,19.4900,0.8890,False,False,57.2900,2.0000,64.9800,True,-3.9000,BULL_ENGULF,6.9500,8.5000,8.5000,5.0000,7.0000,5.0000,7.5000,False,False,False,True,True,False,3.8500,5.7800,1.5000,SIDI_INTRADAY_V2,1.8025,-1.6026,-0.3137,1.1124,295.0000,XLP,True,21.8621,17.6832,2.8585,1.9239,15.8700,0.1334,0.0412,0.0886,0.3115,0.0410,1.4490,82.6430,0.5990,2252375040.0000,3516000000.0000,0.6406,76332236800,0.3910,3.8700,3.4900,1283649766,5.5400,6.9600,4.4500,5.1600,0.0295,FCF/NI:0.64|D/E:83,2,6.1000,False,False,False,False,False,False,DD12|VOLUME|FUND65|SPY20|ABNORMAL20,False,7-15d,XLP,,PG|KO|PEP,inflation|input_costs|fx_rates,POST_ANALYSIS_ACTUAL_FILL,LIVE_QUOTE_AT_ANALYSIS,True,1.0000,1.5000,1.0000,-5.0000,7,1.5000,3,SELL_50_PCT_AT_TP1_REST_AT_TP2,MOVE_REMAINDER_TO_BREAK_EVEN,EXIT_AT_OPEN_IF_OPEN_BELOW_SL,SL_FIRST,10,PENDING_ANALYSIS,1.1486,1.1486,1.7229,60.7686,61.3429,56.6390,Indicative levels use the signal close only. Final SL/TP1/TP2 and sizing must be recalculated from the actual post-analysis broker fill.,20,2026-10-27,False,2026-07-28,0.7300,0.6800,7.4000,ALCISTA FUERTE,10,779.0900,8.4900,73.6000,15.0100,SIDI_INTRADAY_V2: Fund≥6.5 · DD60≥12% · RSI<40 · MACD↑ · Vol↓ · SPY20≤+1% · Abnormal20≤-10%,SIDI_INTRADAY_V2,False
IDXX,Idexx Laboratories,Health Care,Health Care Equipment,2017-01-05,515.4100,529.1400,531.3800,512.5400,515.4100,2026-10-06,2026-10-07,51.0200,62.9300,DOWN,1.8091,2.4428,2.5321,False,0.4594,12.3443,0.7460,2.3950,542.6400,586.2200,523.1000,-5.0200,-12.0800,False,-3.3267,BAJISTA,-13.4900,-17.4200,595.7600,624.1500,769.9800,500.6100,-33.0600,2.9600,1.0410,True,True,520.9600,2.0000,581.2800,True,1.0800,BULL_ENGULF,6.3500,5.0000,5.0000,7.5000,7.0000,7.0000,7.5000,False,False,True,False,False,True,4.7900,7.1900,1.5000,SIDI_INTRADAY_V2,1.8025,2.4136,0.5565,0.7711,295.0000,XLV,True,35.5453,30.2207,24.7400,8.7630,25.5930,0.7421,0.2708,0.2503,0.6245,0.0970,0.1760,67.9710,1.1720,909368384.0000,1139655936.0000,0.7979,39899811840,1.5480,3.8200,0.0000,78882997,5.9100,6.1800,7.5000,3.7300,0.0228,OK,0,6.0900,False,False,False,False,False,False,RSI40|MACD|FUND65|SPY20|ABNORMAL20,False,3-7d,XLV,,UNH|JNJ|LLY,fda_calendar|drug_pricing_policy|patent_cliffs,POST_ANALYSIS_ACTUAL_FILL,LIVE_QUOTE_AT_ANALYSIS,True,1.0000,1.5000,1.0000,-5.0000,7,1.5000,3,SELL_50_PCT_AT_TP1_REST_AT_TP2,MOVE_REMAINDER_TO_BREAK_EVEN,EXIT_AT_OPEN_IF_OPEN_BELOW_SL,SL_FIRST,10,PENDING_ANALYSIS,12.3443,12.3443,18.5164,527.7543,533.9264,489.6395,Indicative levels use the signal close only. Final SL/TP1/TP2 and sizing must be recalculated from the actual post-analysis broker fill.,26,2026-11-02,False,2026-08-04,4.2700,3.9300,8.5000,ALCISTA FUERTE,10,779.0900,8.4900,73.6000,15.0100,SIDI_INTRADAY_V2: Fund≥6.5 · DD60≥12% · RSI<40 · MACD↑ · Vol↓ · SPY20≤+1% · Abnormal20≤-10%,SIDI_INTRADAY_V2,False
ATO,Atmos Energy,Utilities,Gas Utilities,2019-02-15,159.7400,158.9100,159.9500,157.8400,159.7400,2026-10-06,2026-10-07,40.8400,16.6300,UP,0.3763,0.1421,-0.1657,True,0.5082,2.0143,0.7390,1.2610,165.5600,172.7600,159.8500,-3.5100,-7.5400,False,-0.4857,BAJISTA,-10.4100,-12.0100,178.3000,181.5500,190.2800,154.7200,-16.0500,3.2400,0.9750,True,True,155.0000,1.0000,170.8400,True,-2.9700,HAMMER|DOJI,6.8500,5.0000,7.0000,7.5000,8.0000,7.0000,7.0000,False,False,False,False,True,True,2.5200,3.7800,1.5000,SIDI_INTRADAY_V2,1.8025,-0.8203,-0.2387,0.8018,295.0000,XLU,True,19.0179,17.6687,1.7672,5.4788,14.0220,0.0979,0.0389,0.2850,0.6221,0.0480,0.2330,67.6620,0.8140,-2220956928.0000,1402008064.0000,-1.5841,26963814400,0.5670,4.7800,2.5000,168988553,5.5600,7.7700,5.4200,3.1400,-0.0824,FCF/NI:-1.58,1,6.0800,False,False,False,False,False,False,DD12|RSI40|FUND65|SPY20|ABNORMAL20,False,3-7d,XLU,,NEE|DUK|SO,interest_rates|regulatory_environment,POST_ANALYSIS_ACTUAL_FILL,LIVE_QUOTE_AT_ANALYSIS,True,1.0000,1.5000,1.0000,-5.0000,7,1.5000,3,SELL_50_PCT_AT_TP1_REST_AT_TP2,MOVE_REMAINDER_TO_BREAK_EVEN,EXIT_AT_OPEN_IF_OPEN_BELOW_SL,SL_FIRST,10,PENDING_ANALYSIS,2.0143,2.0143,3.0214,161.7543,162.7614,151.7530,Indicative levels use the signal close only. Final SL/TP1/TP2 and sizing must be recalculated from the actual post-analysis broker fill.,28,2026-11-04,False,2026-08-05,1.4300,1.3500,5.6000,ALCISTA FUERTE,10,779.0900,8.4900,73.6000,15.0100,SIDI_INTRADAY_V2: Fund≥6.5 · DD60≥12% · RSI<40 · MACD↑ · Vol↓ · SPY20≤+1% · Abnormal20≤-10%,SIDI_INTRADAY_V2,False
SHW,Sherwin-Williams,Materials,Specialty Chemicals,1964-06-30,321.1600,320.3600,322.8500,318.1900,321.1600,2026-10-06,2026-10-07,49.6700,61.0500,DOWN,0.1548,0.1195,0.7303,True,0.3767,7.6829,0.8860,2.3920,338.6000,331.8700,325.5900,-5.1500,-3.2300,True,-0.2324,BAJISTA,-12.9400,-13.5000,368.8800,371.3000,375.0900,289.1900,-14.3800,11.0500,0.7810,True,True,314.8800,3.0000,327.3800,True,-1.9600,HAMMER|DOJI|HAMMER,6.9500,6.5000,6.0000,7.5000,10.0000,5.0000,7.0000,False,False,True,False,True,True,4.7800,7.1800,1.5000,SIDI_INTRADAY_V2,1.8025,2.9751,0.3144,1.0189,295.0000,XLB,True,28.9410,23.1764,19.6588,3.1228,19.5880,0.6512,0.0952,0.1101,0.4898,0.0750,0.1430,389.9580,0.7270,2506037504.0000,2688199936.0000,0.9322,76228485120,1.0830,4.1000,1.0000,242758151,5.5000,4.9800,6.7500,4.6500,0.0329,D/E:390,1,6.0800,False,False,False,False,False,False,RSI40|FUND65|SPY20|ABNORMAL20,False,3-7d,XLB,,LIN|APD|ECL,commodity_prices|dxy|china_demand|energy_costs,POST_ANALYSIS_ACTUAL_FILL,LIVE_QUOTE_AT_ANALYSIS,True,1.0000,1.5000,1.0000,-5.0000,7,1.5000,3,SELL_50_PCT_AT_TP1_REST_AT_TP2,MOVE_REMAINDER_TO_BREAK_EVEN,EXIT_AT_OPEN_IF_OPEN_BELOW_SL,SL_FIRST,10,PENDING_ANALYSIS,7.6829,7.6829,11.5244,328.8429,332.6844,305.1020,Indicative levels use the signal close only. Final SL/TP1/TP2 and sizing must be recalculated from the actual post-analysis broker fill.,20,2026-10-27,False,2026-07-28,3.7000,3.5200,5.1000,ALCISTA FUERTE,10,779.0900,8.4900,73.6000,15.0100,SIDI_INTRADAY_V2: Fund≥6.5 · DD60≥12% · RSI<40 · MACD↑ · Vol↓ · SPY20≤+1% · Abnormal20≤-10%,SIDI_INTRADAY_V2,False
EMR,Emerson Electric,Industrials,Electrical Components & Equipment,1965-03-31,161.4000,163.2500,165.2400,161.1500,161.4000,2026-10-06,2026-10-07,79.9300,62.3800,UP,1.0146,1.0850,0.8340,False,0.8511,3.7693,0.9330,2.3350,155.0400,144.1300,156.1800,4.1000,11.9800,True,1.5685,ALCISTA,-1.4800,-2.6500,163.8200,165.7900,165.7900,121.7300,-2.6500,32.5800,1.1360,False,False,146.0500,4.0000,165.7900,False,-9.5100,HAMMER|DOJI,6.5500,10.0000,6.0000,5.0000,6.0000,5.0000,7.0000,False,False,False,False,False,False,4.6700,7.0100,1.5000,SIDI_INTRADAY_V2,1.8025,6.4440,0.1976,1.3478,295.0000,XLI,True,34.6368,21.7757,4.3326,4.7574,16.7820,0.1280,0.0690,0.1383,0.5316,0.0700,0.2300,67.6770,0.8960,3706249984.0000,2576000000.0000,1.4388,88658223104,1.2070,4.0200,1.3800,560100000,5.7300,6.4000,4.9700,5.8200,0.0418,OK,0,6.0600,False,False,False,False,False,False,DD12|RSI40|MACD|VOLUME|FUND65|SPY20|ABNORMAL20,False,10-18d,XLI,,CAT|UNP|HON,pmi_manufacturing|supply_chain|capex_cycle,POST_ANALYSIS_ACTUAL_FILL,LIVE_QUOTE_AT_ANALYSIS,True,1.0000,1.5000,1.0000,-5.0000,7,1.5000,3,SELL_50_PCT_AT_TP1_REST_AT_TP2,MOVE_REMAINDER_TO_BREAK_EVEN,EXIT_AT_OPEN_IF_OPEN_BELOW_SL,SL_FIRST,10,PENDING_ANALYSIS,3.7693,3.7693,5.6540,165.1693,167.0540,153.3300,Indicative levels use the signal close only. Final SL/TP1/TP2 and sizing must be recalculated from the actual post-analysis broker fill.,28,2026-11-04,False,2026-08-04,1.7100,1.6800,2.0000,ALCISTA FUERTE,10,779.0900,8.4900,73.6000,15.0100,SIDI_INTRADAY_V2: Fund≥6.5 · DD60≥12% · RSI<40 · MACD↑ · Vol↓ · SPY20≤+1% · Abnormal20≤-10%,SIDI_INTRADAY_V2,False
CNP,CenterPoint Energy,Utilities,Multi-Utilities,1985-07-31,38.5600,38.0600,38.5800,37.8400,38.5600,2026-10-06,2026-10-07,52.5500,19.7000,UP,0.1803,0.0934,-0.0392,True,0.6829,0.5900,0.7270,1.5300,39.3500,41.0100,37.9800,-2.0200,-5.9800,False,-0.0321,BAJISTA,-12.9500,-14.2900,44.3000,44.9900,44.9900,36.3700,-14.2900,6.0200,0.9270,False,False,38.4500,1.0000,40.9100,True,-0.2900,HAMMER,6.3500,5.0000,7.0000,5.0000,8.0000,7.0000,7.0000,False,False,True,False,True,False,3.0600,4.5900,1.5000,SIDI_INTRADAY_V2,1.8025,0.5351,-0.2417,0.9629,295.0000,XLU,True,22.8284,18.4823,2.1683,2.6417,12.8670,0.0983,0.0300,0.1161,0.4703,0.1070,0.2330,210.2560,1.1230,-5191875072.0000,1116999936.0000,-4.6481,25413429248,0.4590,7.8700,2.4900,658720288,5.8500,10.0000,4.3000,2.8300,-0.2043,FCF/NI:-4.65|D/E:210,2,6.0500,False,False,False,False,False,False,RSI40|VOLUME|FUND65|SPY20|ABNORMAL20,False,3-7d,XLU,,NEE|DUK|SO,interest_rates|regulatory_environment,POST_ANALYSIS_ACTUAL_FILL,LIVE_QUOTE_AT_ANALYSIS,True,1.0000,1.5000,1.0000,-5.0000,7,1.5000,3,SELL_50_PCT_AT_TP1_REST_AT_TP2,MOVE_REMAINDER_TO_BREAK_EVEN,EXIT_AT_OPEN_IF_OPEN_BELOW_SL,SL_FIRST,10,PENDING_ANALYSIS,0.5900,0.5900,0.8850,39.1500,39.4450,36.6320,Indicative levels use the signal close only. Final SL/TP1/TP2 and sizing must be recalculated from the actual post-analysis broker fill.,20,2026-10-27,False,2026-07-28,0.4000,0.3700,7.4000,ALCISTA FUERTE,10,779.0900,8.4900,73.6000,15.0100,SIDI_INTRADAY_V2: Fund≥6.5 · DD60≥12% · RSI<40 · MACD↑ · Vol↓ · SPY20≤+1% · Abnormal20≤-10%,SIDI_INTRADAY_V2,False
MRVL,Marvell Technology,Information Technology,Semiconductors,2026-06-22,287.0100,271.2600,301.2700,267.2600,287.0100,2026-10-06,2026-10-07,83.2100,63.3500,UP,2.5879,1.9292,2.1492,True,0.9683,13.5393,0.8490,4.7170,230.2200,168.8300,255.4100,24.6700,70.0000,True,10.7484,ALCISTA,0.0000,-4.7300,287.0100,301.2700,329.8000,70.6400,-12.9700,306.3200,2.7210,True,True,200.6200,1.0000,299.9300,False,-30.1000,NONE,7.1500,10.0000,7.0000,9.5000,4.0000,5.0000,5.0000,False,False,False,False,True,True,9.4300,14.1500,1.5000,SIDI_INTRADAY_V2,1.8025,0.1397,-1.2889,2.7354,295.0000,XLK,True,92.3997,41.6180,13.2905,26.7126,88.7740,0.1652,0.0413,0.2793,0.5222,0.3650,0.5000,28.5250,3.1680,2408049920.0000,2639899904.0000,0.9122,252441624576,2.2600,1.3100,0.0800,876926613,5.3200,6.6800,6.4100,2.4700,0.0095,OK,0,6.0500,False,False,False,False,False,False,DD12|RSI40|FUND65|SPY20|ABNORMAL20,False,10-18d,XLK,,AAPL|MSFT|NVDA,interest_rates|ai_capex_cycle|semiconductor_cycle,POST_ANALYSIS_ACTUAL_FILL,LIVE_QUOTE_AT_ANALYSIS,True,1.0000,1.5000,1.0000,-5.0000,7,1.5000,3,SELL_50_PCT_AT_TP1_REST_AT_TP2,MOVE_REMAINDER_TO_BREAK_EVEN,EXIT_AT_OPEN_IF_OPEN_BELOW_SL,SL_FIRST,10,PENDING_ANALYSIS,13.5393,13.5393,20.3090,300.5493,307.3189,272.6595,Indicative levels use the signal close only. Final SL/TP1/TP2 and sizing must be recalculated from the actual post-analysis broker fill.,55,2026-12-01,False,2026-08-27,0.9400,0.9300,99.0000,ALCISTA FUERTE,10,779.0900,8.4900,73.6000,15.0100,SIDI_INTRADAY_V2: Fund≥6.5 · DD60≥12% · RSI<40 · MACD↑ · Vol↓ · SPY20≤+1% · Abnormal20≤-10%,SIDI_INTRADAY_V2,False
BALL,Ball Corporation,Materials,"Metal, Glass & Plastic Containers",1984-10-31,57.4300,57.2700,57.9700,57.0500,57.4300,2026-10-06,2026-10-07,27.0700,27.6400,DOWN,-0.0790,-0.1907,-0.3597,True,0.3359,1.2907,0.9350,2.2470,61.3700,59.7800,58.4900,-6.4100,-3.9300,True,1.6955,BAJISTA,-13.8700,-14.7100,66.6800,67.3400,67.6200,44.2100,-15.0700,29.9000,0.8560,False,False,56.9100,2.0000,61.9400,True,-0.9100,BULL_ENGULF,6.8000,7.0000,8.5000,5.0000,8.0000,5.0000,7.5000,False,False,True,True,True,False,4.4900,6.7400,1.5000,SIDI_INTRADAY_V2,1.8025,-2.6402,-0.0316,0.7122,295.0000,XLB,True,16.3775,12.7101,2.6472,1.0683,10.7440,0.1715,0.0463,0.0661,0.1863,0.1970,0.0920,131.4950,1.0690,379875008.0000,945000000.0000,0.4020,15305181184,0.9610,4.5500,1.3900,266246511,5.5300,6.9400,4.4000,5.2100,0.0248,FCF/NI:0.40|D/E:131,2,6.0400,False,False,False,False,False,False,VOLUME|FUND65|SPY20|ABNORMAL20,False,5-10d,XLB,,LIN|APD|ECL,commodity_prices|dxy|china_demand|energy_costs,POST_ANALYSIS_ACTUAL_FILL,LIVE_QUOTE_AT_ANALYSIS,True,1.0000,1.5000,1.0000,-5.0000,7,1.5000,3,SELL_50_PCT_AT_TP1_REST_AT_TP2,MOVE_REMAINDER_TO_BREAK_EVEN,EXIT_AT_OPEN_IF_OPEN_BELOW_SL,SL_FIRST,10,PENDING_ANALYSIS,1.2907,1.2907,1.9360,58.7207,59.3661,54.5585,Indicative levels use the signal close only. Final SL/TP1/TP2 and sizing must be recalculated from the actual post-analysis broker fill.,27,2026-11-03,False,2026-08-04,1.0300,0.9900,4.3000,ALCISTA FUERTE,10,779.0900,8.4900,73.6000,15.0100,SIDI_INTRADAY_V2: Fund≥6.5 · DD60≥12% · RSI<40 · MACD↑ · Vol↓ · SPY20≤+1% · Abnormal20≤-10%,SIDI_INTRADAY_V2,False
DPZ,Domino's,Consumer Discretionary,Restaurants,2020-05-12,302.8700,300.9500,305.8900,298.9600,302.8700,2026-10-06,2026-10-07,51.9600,36.8200,UP,1.4063,0.8186,0.1276,True,0.5360,7.1986,0.6330,2.3770,328.0800,348.4600,304.7500,-7.6800,-13.0800,False,-3.0722,BAJISTA,-17.1100,-18.1200,365.3700,369.8700,434.7300,280.2700,-30.3300,8.0600,0.9980,True,True,294.5100,3.0000,316.8100,True,-2.7600,HAMMER|HAMMER,7.0000,5.0000,7.0000,7.5000,9.0000,7.0000,7.0000,False,False,True,False,True,True,4.7500,7.1300,1.5000,SIDI_INTRADAY_V2,1.8025,-5.5277,-0.9622,0.8928,295.0000,XLY,True,17.3776,14.6844,-2.5454,2.0170,14.6380,,0.3389,0.1186,0.2871,0.0430,0.0680,,1.5380,531496512.0000,596523008.0000,0.8910,10140875776,0.9510,4.0200,2.6300,33081735,5.4000,4.5300,5.8500,5.8900,0.0524,OK,0,6.0400,False,False,False,False,False,False,RSI40|FUND65|SPY20|ABNORMAL20,False,3-7d,XLY,,AMZN|TSLA|HD,consumer_spending|employment_data|interest_rates,POST_ANALYSIS_ACTUAL_FILL,LIVE_QUOTE_AT_ANALYSIS,True,1.0000,1.5000,1.0000,-5.0000,7,1.5000,3,SELL_50_PCT_AT_TP1_REST_AT_TP2,MOVE_REMAINDER_TO_BREAK_EVEN,EXIT_AT_OPEN_IF_OPEN_BELOW_SL,SL_FIRST,10,PENDING_ANALYSIS,7.1986,7.1986,10.7979,310.0686,313.6679,287.7265,Indicative levels use the signal close only. Final SL/TP1/TP2 and sizing must be recalculated from the actual post-analysis broker fill.,6,2026-10-13,True,2026-07-20,4.0700,4.1700,-2.4000,ALCISTA FUERTE,10,779.0900,8.4900,73.6000,15.0100,SIDI_INTRADAY_V2: Fund≥6.5 · DD60≥12% · RSI<40 · MACD↑ · Vol↓ · SPY20≤+1% · Abnormal20≤-10%,SIDI_INTRADAY_V2,False
DASH,DoorDash,Consumer Discretionary,Specialized Consumer Services,2025-03-24,193.6200,192.1800,194.0300,190.8200,193.6200,2026-10-06,2026-10-07,47.2400,40.5400,UP,0.5265,-0.0885,-1.4741,True,0.5458,7.6856,0.9650,3.9690,206.3900,186.4100,194.0500,-6.1900,3.8700,True,-1.0734,NEUTRO,-18.2800,-18.9300,236.9300,238.8300,285.5000,143.3000,-32.1800,35.1200,0.6890,True,True,191.7400,1.0000,199.0500,True,-0.9700,NONE,6.8000,8.0000,7.0000,7.5000,7.0000,5.0000,5.0000,False,False,True,False,True,True,7.9400,11.9100,1.5000,SIDI_INTRADAY_V2,1.8025,-4.3559,-0.0124,0.9938,295.0000,XLY,True,99.8711,22.9961,8.2866,5.1740,57.0080,0.0889,0.0297,0.0529,0.5222,0.3560,-0.3000,33.2760,1.3680,5147500032.0000,841000000.0000,6.1207,82220457984,1.8930,4.1600,0.0000,409082893,5.5400,5.0000,5.8500,5.8100,0.0626,OK,0,6.0400,False,False,False,False,False,False,RSI40|FUND65|SPY20|ABNORMAL20,False,7-15d,XLY,,AMZN|TSLA|HD,consumer_spending|employment_data|interest_rates,POST_ANALYSIS_ACTUAL_FILL,LIVE_QUOTE_AT_ANALYSIS,True,1.0000,1.5000,1.0000,-5.0000,7,1.5000,3,SELL_50_PCT_AT_TP1_REST_AT_TP2,MOVE_REMAINDER_TO_BREAK_EVEN,EXIT_AT_OPEN_IF_OPEN_BELOW_SL,SL_FIRST,10,PENDING_ANALYSIS,7.6856,7.6856,11.5284,201.3056,205.1484,183.9390,Indicative levels use the signal close only. Final SL/TP1/TP2 and sizing must be recalculated from the actual post-analysis broker fill.,28,2026-11-04,False,2026-08-05,0.4600,0.4700,-2.4000,ALCISTA FUERTE,10,779.0900,8.4900,73.6000,15.0100,SIDI_INTRADAY_V2: Fund≥6.5 · DD60≥12% · RSI<40 · MACD↑ · Vol↓ · SPY20≤+1% · Abnormal20≤-10%,SIDI_INTRADAY_V2,False
MAR,Marriott International,Consumer Discretionary,"Hotels, Resorts & Cruise Lines",1998-05-29,361.2800,357.5200,362.4600,356.7600,361.2800,2026-10-06,2026-10-07,77.2100,81.2100,DOWN,2.1157,2.1590,2.7402,False,0.8374,6.8236,0.8570,1.8890,350.8400,348.7900,351.2700,2.9800,3.5800,True,1.4774,ALCISTA,-5.6100,-5.7800,382.7400,383.4500,410.1500,254.6400,-11.9100,41.8800,0.8560,True,True,362.6500,6.0000,384.7500,True,0.3800,HAMMER|DOJI,7.3000,10.0000,5.0000,7.5000,9.0000,5.0000,7.0000,False,False,False,False,False,True,3.7800,5.6700,1.5000,SIDI_INTRADAY_V2,1.8025,10.3768,-0.1534,0.6328,295.0000,XLY,True,37.0870,27.2282,-20.7278,12.6503,23.1660,,0.0976,0.3503,0.7924,0.1110,0.0430,,0.5350,2060375040.0000,2587000064.0000,0.7964,93422133248,1.1670,4.6800,0.8100,260766288,5.2000,6.5600,5.5500,3.1900,0.0221,OK,0,6.0400,False,False,False,False,False,False,DD12|RSI40|MACD|FUND65|SPY20|ABNORMAL20,False,10-18d,XLY,,AMZN|TSLA|HD,consumer_spending|employment_data|interest_rates,POST_ANALYSIS_ACTUAL_FILL,LIVE_QUOTE_AT_ANALYSIS,True,1.0000,1.5000,1.0000,-5.0000,7,1.5000,3,SELL_50_PCT_AT_TP1_REST_AT_TP2,MOVE_REMAINDER_TO_BREAK_EVEN,EXIT_AT_OPEN_IF_OPEN_BELOW_SL,SL_FIRST,10,PENDING_ANALYSIS,6.8236,6.8236,10.2354,368.1036,371.5154,343.2160,Indicative levels use the signal close only. Final SL/TP1/TP2 and sizing must be recalculated from the actual post-analysis broker fill.,27,2026-11-03,False,2026-08-03,3.1900,3.0800,3.6000,ALCISTA FUERTE,10,779.0900,8.4900,73.6000,15.0100,SIDI_INTRADAY_V2: Fund≥6.5 · DD60≥12% · RSI<40 · MACD↑ · Vol↓ · SPY20≤+1% · Abnormal20≤-10%,SIDI_INTRADAY_V2,False
CSX,CSX Corporation,Industrials,Rail Transportation,1957-03-04,47.5000,47.3800,47.7300,47.3200,47.5000,2026-10-06,2026-10-07,46.0900,36.9600,UP,0.1262,0.0841,-0.0524,True,0.5078,0.8264,0.8260,1.7400,49.1700,44.2100,47.6000,-3.4000,7.4500,True,2.8107,NEUTRO,-10.5200,-11.1400,53.0800,53.4500,53.4500,33.2000,-11.1400,43.0600,0.7930,True,True,47.8600,2.0000,51.7300,True,0.7700,NONE,6.9000,8.5000,7.0000,7.5000,7.0000,5.0000,5.0000,False,False,False,False,True,True,3.4800,5.2200,1.5000,SIDI_INTRADAY_V2,1.8025,-4.7753,-0.5336,0.8612,295.0000,XLI,True,27.2355,20.5801,6.1622,5.9798,15.5250,0.2436,0.0738,0.2221,0.4707,0.1010,0.2270,138.0680,0.8200,1953250048.0000,3223000064.0000,0.6060,86779191296,1.2030,4.4900,1.1800,1852474917,5.4500,7.3200,4.5300,4.3500,0.0225,FCF/NI:0.61|D/E:138,2,6.0300,False,False,False,False,False,False,DD12|RSI40|FUND65|SPY20|ABNORMAL20,False,7-15d,XLI,,CAT|UNP|HON,pmi_manufacturing|supply_chain|capex_cycle,POST_ANALYSIS_ACTUAL_FILL,LIVE_QUOTE_AT_ANALYSIS,True,1.0000,1.5000,1.0000,-5.0000,7,1.5000,3,SELL_50_PCT_AT_TP1_REST_AT_TP2,MOVE_REMAINDER_TO_BREAK_EVEN,EXIT_AT_OPEN_IF_OPEN_BELOW_SL,SL_FIRST,10,PENDING_ANALYSIS,0.8264,0.8264,1.2396,48.3264,48.7396,45.1250,Indicative levels use the signal close only. Final SL/TP1/TP2 and sizing must be recalculated from the actual post-analysis broker fill.,14,2026-10-21,False,2026-07-22,0.5400,0.5200,4.2000,ALCISTA FUERTE,10,779.0900,8.4900,73.6000,15.0100,SIDI_INTRADAY_V2: Fund≥6.5 · DD60≥12% · RSI<40 · MACD↑ · Vol↓ · SPY20≤+1% · Abnormal20≤-10%,SIDI_INTRADAY_V2,False
ADP,Automatic Data Processing,Industrials,Human Resource & Employment Services,1981-03-31,262.3600,259.2000,263.4700,258.8600,262.3600,2026-10-06,2026-10-07,33.6500,47.0200,DOWN,-0.8604,-1.2105,-1.3705,True,0.3335,5.4943,0.8220,2.0940,270.5800,235.0300,265.4400,-3.0400,11.6300,True,0.6415,NEUTRO,-8.1500,-8.3200,285.6500,286.1700,286.1700,185.5600,-8.3200,41.3900,0.6670,True,True,238.8700,1.0000,262.3200,False,-8.9500,NONE,6.5500,8.5000,7.5000,7.5000,4.0000,5.0000,5.0000,False,False,False,True,True,True,4.1900,6.2800,1.5000,SIDI_INTRADAY_V2,1.8025,-7.5168,0.3710,-0.7616,295.0000,XLI,True,24.1399,19.7064,17.4190,4.7680,16.4570,0.7224,0.0625,0.2011,0.4865,0.0680,0.0980,91.4360,1.0510,5243049984.0000,4413499904.0000,1.1880,104646074368,0.8410,5.0800,2.5900,396251548,5.6700,3.3700,7.3000,6.4300,0.0501,D/E:91,1,6.0200,False,False,False,False,False,False,DD12|FUND65|SPY20|ABNORMAL20,False,7-15d,XLI,,CAT|UNP|HON,pmi_manufacturing|supply_chain|capex_cycle,POST_ANALYSIS_ACTUAL_FILL,LIVE_QUOTE_AT_ANALYSIS,True,1.0000,1.5000,1.0000,-5.0000,7,1.5000,3,SELL_50_PCT_AT_TP1_REST_AT_TP2,MOVE_REMAINDER_TO_BREAK_EVEN,EXIT_AT_OPEN_IF_OPEN_BELOW_SL,SL_FIRST,10,PENDING_ANALYSIS,5.4943,5.4943,8.2415,267.8543,270.6014,249.2420,Indicative levels use the signal close only. Final SL/TP1/TP2 and sizing must be recalculated from the actual post-analysis broker fill.,21,2026-10-28,False,2026-07-28,2.6400,2.6000,1.6000,ALCISTA FUERTE,10,779.0900,8.4900,73.6000,15.0100,SIDI_INTRADAY_V2: Fund≥6.5 · DD60≥12% · RSI<40 · MACD↑ · Vol↓ · SPY20≤+1% · Abnormal20≤-10%,SIDI_INTRADAY_V2,False
WFC,Wells Fargo,Financials,Diversified Banks,1976-06-30,81.5100,81.8500,81.9800,81.0800,81.5100,2026-10-06,2026-10-07,25.7900,21.0500,UP,-0.3312,-0.4837,-0.7690,True,0.3020,1.6307,0.8350,2.0010,85.8800,83.9500,83.3400,-5.0900,-2.9100,True,-0.2756,BAJISTA,-9.7200,-11.3900,90.2900,91.9900,96.1800,72.3600,-15.2500,12.6400,0.8650,True,True,78.3500,1.0000,82.7700,True,-3.8800,HAMMER,7.3500,6.5000,9.5000,7.5000,8.0000,5.0000,7.0000,False,True,False,True,True,True,4.0000,6.0000,1.5000,SIDI_INTRADAY_V2,1.8025,-0.2369,-0.1436,1.2324,295.0000,XLF,True,11.6500,10.0191,1.4726,2.9193,,0.1258,0.0108,0.2723,0.0000,0.0950,0.2500,,,,21614999552.0000,,242379292672,0.9520,2.4300,2.4500,3023999336,5.1300,5.2600,4.6500,5.5200,,OK,0,6.0200,False,False,False,False,False,False,DD12|FUND65|SPY20|ABNORMAL20,False,5-10d,XLF,,JPM|BAC|GS,interest_rates|yield_curve|credit_spreads|loan_growth,POST_ANALYSIS_ACTUAL_FILL,LIVE_QUOTE_AT_ANALYSIS,True,1.0000,1.5000,1.0000,-5.0000,7,1.5000,3,SELL_50_PCT_AT_TP1_REST_AT_TP2,MOVE_REMAINDER_TO_BREAK_EVEN,EXIT_AT_OPEN_IF_OPEN_BELOW_SL,SL_FIRST,10,PENDING_ANALYSIS,1.6307,1.6307,2.4461,83.1407,83.9561,77.4345,Indicative levels use the signal close only. Final SL/TP1/TP2 and sizing must be recalculated from the actual post-analysis broker fill.,6,2026-10-13,True,2026-07-14,2.0000,1.7200,16.4000,ALCISTA FUERTE,10,779.0900,8.4900,73.6000,15.0100,SIDI_INTRADAY_V2: Fund≥6.5 · DD60≥12% · RSI<40 · MACD↑ · Vol↓ · SPY20≤+1% · Abnormal20≤-10%,SIDI_INTRADAY_V2,False
FDX,FedEx,Industrials,Air Freight & Logistics,1980-12-31,289.0300,289.5500,290.2700,287.0000,289.0300,2026-10-06,2026-10-07,37.8100,32.4800,UP,0.1199,-0.2237,-1.2803,True,0.3215,6.2414,0.8340,2.1590,311.5700,297.6200,296.2900,-7.2300,-2.8900,True,2.7013,BAJISTA,-14.4900,-15.0800,338.0200,340.3500,342.7300,177.9700,-15.6700,62.4000,0.6300,False,False,288.7600,1.0000,340.2800,True,-0.0900,HAMMER|HAMMER,6.7500,7.0000,8.5000,5.0000,8.0000,5.0000,7.0000,False,False,True,True,True,False,4.3200,6.4800,1.5000,SIDI_INTRADAY_V2,1.8025,-8.0509,0.3703,0.6676,295.0000,XLI,True,15.5555,13.8327,2.1883,0.7210,8.2550,0.1485,0.0501,0.0468,0.2732,0.1250,-0.0430,135.6970,1.4750,5656625152.0000,4425999872.0000,1.2780,68292435968,1.3280,3.4300,1.6900,236670435,5.5200,3.4900,4.8700,8.6300,0.0828,D/E:136,1,6.0100,False,False,False,False,False,False,VOLUME|FUND65|SPY20|ABNORMAL20,False,3-7d,XLI,,CAT|UNP|HON,pmi_manufacturing|supply_chain|capex_cycle,POST_ANALYSIS_ACTUAL_FILL,LIVE_QUOTE_AT_ANALYSIS,True,1.0000,1.5000,1.0000,-5.0000,7,1.5000,3,SELL_50_PCT_AT_TP1_REST_AT_TP2,MOVE_REMAINDER_TO_BREAK_EVEN,EXIT_AT_OPEN_IF_OPEN_BELOW_SL,SL_FIRST,10,PENDING_ANALYSIS,6.2414,6.2414,9.3621,295.2714,298.3921,274.5785,Indicative levels use the signal close only. Final SL/TP1/TP2 and sizing must be recalculated from the actual post-analysis broker fill.,21,2026-10-12,False,2026-06-23,6.3100,5.9200,6.5000,ALCISTA FUERTE,10,779.0900,8.4900,73.6000,15.0100,SIDI_INTRADAY_V2: Fund≥6.5 · DD60≥12% · RSI<40 · MACD↑ · Vol↓ · SPY20≤+1% · Abnormal20≤-10%,SIDI_INTRADAY_V2,False
GDDY,GoDaddy,Information Technology,Internet Services & Infrastructure,2024-06-24,98.1800,99.2600,99.7300,97.2000,98.1800,2026-10-06,2026-10-07,48.7500,50.5100,DOWN,-0.1451,-0.2263,-0.6419,True,0.5051,4.9254,1.0380,5.0170,96.8300,93.1600,97.7200,1.3900,5.3900,True,-2.9765,ALCISTA,-6.5800,-11.0300,105.1000,110.3500,139.4400,71.5900,-29.5900,37.1400,0.6140,True,True,92.0100,3.0000,97.0000,False,-6.2800,HAMMER,6.9500,9.5000,6.0000,7.5000,6.0000,5.0000,7.0000,False,False,False,False,True,True,10.0300,15.0500,1.5000,SIDI_INTRADAY_V2,1.8025,6.3263,1.3757,-0.8260,295.0000,XLK,True,14.7625,8.8488,1841.1321,2.4212,10.9310,4.4286,0.0988,0.1783,0.6380,0.0660,0.2980,57334.3300,0.6320,1204950016.0000,910300032.0000,1.3237,12358283264,0.9400,4.4800,0.0000,126647704,5.3900,1.6300,6.5800,8.3800,0.0975,D/E:57334,1,6.0100,False,False,False,False,False,False,DD12|RSI40|FUND65|SPY20|ABNORMAL20,False,10-18d,XLK,,AAPL|MSFT|NVDA,interest_rates|ai_capex_cycle|semiconductor_cycle,POST_ANALYSIS_ACTUAL_FILL,LIVE_QUOTE_AT_ANALYSIS,True,1.0000,1.5000,1.0000,-5.0000,7,1.5000,3,SELL_50_PCT_AT_TP1_REST_AT_TP2,MOVE_REMAINDER_TO_BREAK_EVEN,EXIT_AT_OPEN_IF_OPEN_BELOW_SL,SL_FIRST,10,PENDING_ANALYSIS,4.9254,4.9254,7.3881,103.1054,105.5681,93.2710,Indicative levels use the signal close only. Final SL/TP1/TP2 and sizing must be recalculated from the actual post-analysis broker fill.,22,2026-10-29,False,2026-07-30,1.8300,1.6900,8.0000,ALCISTA FUERTE,10,779.0900,8.4900,73.6000,15.0100,SIDI_INTRADAY_V2: Fund≥6.5 · DD60≥12% · RSI<40 · MACD↑ · Vol↓ · SPY20≤+1% · Abnormal20≤-10%,SIDI_INTRADAY_V2,False
BE,Bloom Energy,Industrials,Electrical Components & Equipment,2026-09-21,295.7800,295.2500,300.8000,285.6400,295.7800,2026-10-06,2026-10-07,58.0000,56.0100,UP,0.4321,-0.0021,-0.3056,True,0.9592,20.4323,0.9060,6.9080,240.3400,209.5100,272.1200,23.0700,41.1700,True,9.0562,ALCISTA,0.0000,-2.1700,295.7800,302.3500,351.2800,75.7000,-15.8000,290.7300,0.7420,True,True,250.3600,4.0000,302.6700,False,-15.3600,HAMMER|DOJI,7.2500,10.0000,7.0000,7.5000,6.0000,5.0000,7.0000,False,False,False,False,True,True,13.8200,20.7200,1.5000,SIDI_INTRADAY_V2,1.8025,-1.9954,3.1491,0.9519,295.0000,XLI,True,377.6250,58.0715,52.2284,27.1519,208.4740,0.2221,0.0560,0.0787,0.3165,1.6550,,171.5780,4.0870,531637504.0000,244942000.0000,2.1705,84527882240,3.7760,1.4600,0.0000,294527346,5.1700,7.5000,5.9300,1.5600,0.0063,D/E:172,1,6.0000,False,False,False,False,False,False,DD12|RSI40|FUND65|SPY20|ABNORMAL20,False,10-18d,XLI,,CAT|UNP|HON,pmi_manufacturing|supply_chain|capex_cycle,POST_ANALYSIS_ACTUAL_FILL,LIVE_QUOTE_AT_ANALYSIS,True,1.0000,1.5000,1.0000,-5.0000,7,1.5000,3,SELL_50_PCT_AT_TP1_REST_AT_TP2,MOVE_REMAINDER_TO_BREAK_EVEN,EXIT_AT_OPEN_IF_OPEN_BELOW_SL,SL_FIRST,10,PENDING_ANALYSIS,20.4323,20.4323,30.6485,316.2123,326.4284,280.9910,Indicative levels use the signal close only. Final SL/TP1/TP2 and sizing must be recalculated from the actual post-analysis broker fill.,20,2026-10-27,False,2026-07-28,0.7800,0.4100,91.8000,ALCISTA FUERTE,10,779.0900,8.4900,73.6000,15.0100,SIDI_INTRADAY_V2: Fund≥6.5 · DD60≥12% · RSI<40 · MACD↑ · Vol↓ · SPY20≤+1% · Abnormal20≤-10%,SIDI_INTRADAY_V2,False
TDG,TransDigm Group,Industrials,Aerospace & Defense,2016-06-03,1103.3300,1093.0000,1110.3300,1082.6600,1103.3300,2026-10-06,2026-10-07,59.1700,41.3600,UP,4.0077,3.1887,3.2395,True,0.5083,23.5278,0.7610,2.1320,1172.6400,1245.7700,1112.2400,-5.9100,-11.4300,False,-1.7786,BAJISTA,-15.6500,-18.8300,1307.9700,1359.2700,1463.0300,1071.2500,-24.5900,2.9900,0.7090,True,True,1071.2500,1.0000,1133.1000,True,-2.9100,NONE,6.5000,5.0000,7.0000,7.5000,7.0000,7.0000,5.0000,False,False,True,False,True,True,4.2600,6.4000,1.5000,SIDI_INTRADAY_V2,1.8025,-0.6009,-0.0590,0.9156,295.0000,XLI,True,32.9412,22.3904,-6.4657,6.0711,18.0140,,0.1182,0.2128,0.5982,0.2250,0.1090,,3.0190,1457374976.0000,1911000064.0000,0.7626,60747784192,0.9350,3.0700,0.0000,55933583,5.6600,6.9500,6.3000,3.4200,0.0240,OK,0,6.0000,False,False,False,False,False,False,RSI40|FUND65|SPY20|ABNORMAL20,False,3-7d,XLI,,CAT|UNP|HON,pmi_manufacturing|supply_chain|capex_cycle,POST_ANALYSIS_ACTUAL_FILL,LIVE_QUOTE_AT_ANALYSIS,True,1.0000,1.5000,1.0000,-5.0000,7,1.5000,3,SELL_50_PCT_AT_TP1_REST_AT_TP2,MOVE_REMAINDER_TO_BREAK_EVEN,EXIT_AT_OPEN_IF_OPEN_BELOW_SL,SL_FIRST,10,PENDING_ANALYSIS,23.5278,23.5278,35.2917,1126.8578,1138.6217,1048.1635,Indicative levels use the signal close only. Final SL/TP1/TP2 and sizing must be recalculated from the actual post-analysis broker fill.,29,2026-11-05,False,2026-08-04,10.8700,10.2800,5.7000,ALCISTA FUERTE,10,779.0900,8.4900,73.6000,15.0100,SIDI_INTRADAY_V2: Fund≥6.5 · DD60≥12% · RSI<40 · MACD↑ · Vol↓ · SPY20≤+1% · Abnormal20≤-10%,SIDI_INTRADAY_V2,False
FISV,Fiserv,Financials,Transaction & Payment Processing Services,2001-04-02,45.4800,46.2800,46.2800,45.4300,45.4800,2026-10-06,2026-10-07,27.9200,33.8900,DOWN,-0.0239,-0.0889,-0.2294,True,0.2915,1.4264,0.7590,3.1360,50.7400,56.5300,47.1800,-10.3700,-19.5500,False,-2.9704,BAJISTA,-18.4700,-19.6900,55.7800,56.6300,129.8500,43.8700,-64.9700,3.6700,0.6070,True,True,,0.0000,53.9900,False,,BULL_ENGULF,6.8200,5.0000,8.5000,7.5000,4.0000,8.5000,7.5000,True,True,True,True,True,True,6.2700,9.4100,1.5000,SIDI_INTRADAY_V2,1.8025,4.2327,-0.5748,1.6620,294.0000,XLF,True,8.7132,5.6578,0.8960,,,,,,,,,,,,,,24139921408,,,,531766721,5.4400,5.0000,5.0000,6.4800,,OK,0,5.9900,False,False,False,True,False,False,FUND65|SPY20|ABNORMAL20,False,3-7d,XLF,,JPM|BAC|WFC,interest_rates|yield_curve|credit_spreads|loan_growth,POST_ANALYSIS_ACTUAL_FILL,LIVE_QUOTE_AT_ANALYSIS,True,1.0000,1.5000,1.0000,-5.0000,7,1.5000,3,SELL_50_PCT_AT_TP1_REST_AT_TP2,MOVE_REMAINDER_TO_BREAK_EVEN,EXIT_AT_OPEN_IF_OPEN_BELOW_SL,SL_FIRST,10,PENDING_ANALYSIS,1.4264,1.4264,2.1396,46.9064,47.6196,43.2060,Indicative levels use the signal close only. Final SL/TP1/TP2 and sizing must be recalculated from the actual post-analysis broker fill.,27,2026-11-03,False,2026-08-06,1.8400,1.9100,-3.9000,ALCISTA FUERTE,10,779.0900,8.4900,73.6000,15.0100,SIDI_INTRADAY_V2: Fund≥6.5 · DD60≥12% · RSI<40 · MACD↑ · Vol↓ · SPY20≤+1% · Abnormal20≤-10%,SIDI_INTRADAY_V2,False
FOX,Fox Corporation (Class B),Communication Services,Broadcasting,2019-03-19,55.5800,56.4600,56.7000,54.7850,55.5800,2026-10-06,2026-10-07,29.9200,43.7600,DOWN,-0.2698,-0.2883,-0.4679,True,0.2079,1.4119,0.9020,2.5400,57.5200,56.3300,57.0400,-3.3700,-1.3300,True,-0.4323,BAJISTA,-10.9000,-11.2400,62.3800,62.6200,67.4800,43.8600,-17.6300,26.7100,0.5640,False,False,56.2300,2.0000,58.7500,True,1.1700,NONE,6.6700,6.5000,8.5000,5.0000,8.0000,6.5000,5.0000,False,False,False,True,True,False,5.0800,7.6200,1.5000,SIDI_INTRADAY_V2,1.8025,-7.9402,-0.7478,0.9147,295.0000,XLC,True,14.4089,9.6310,1.9965,1.3623,6.9250,0.1429,0.0950,0.0984,0.3663,0.2810,0.0310,64.0600,3.1690,555374976.0000,1684999936.0000,0.3296,23331203072,0.6130,10.1100,1.0400,220248764,5.5400,6.2500,5.3000,4.9800,0.0238,FCF/NI:0.33,1,5.9900,False,False,False,False,False,False,DD12|VOLUME|FUND65|SPY20|ABNORMAL20,False,5-10d,XLC,,GOOGL|META|NFLX,ad_spending_cycle|streaming_competition|regulation,POST_ANALYSIS_ACTUAL_FILL,LIVE_QUOTE_AT_ANALYSIS,True,1.0000,1.5000,1.0000,-5.0000,7,1.5000,3,SELL_50_PCT_AT_TP1_REST_AT_TP2,MOVE_REMAINDER_TO_BREAK_EVEN,EXIT_AT_OPEN_IF_OPEN_BELOW_SL,SL_FIRST,10,PENDING_ANALYSIS,1.4119,1.4119,2.1178,56.9919,57.6978,52.8010,Indicative levels use the signal close only. Final SL/TP1/TP2 and sizing must be recalculated from the actual post-analysis broker fill.,22,2026-10-29,False,2026-08-06,1.7900,1.3600,31.6000,ALCISTA FUERTE,10,779.0900,8.4900,73.6000,15.0100,SIDI_INTRADAY_V2: Fund≥6.5 · DD60≥12% · RSI<40 · MACD↑ · Vol↓ · SPY20≤+1% · Abnormal20≤-10%,SIDI_INTRADAY_V2,False
SNA,Snap-on,Industrials,Industrial Machinery & Supplies & Components,1982-09-30,368.6100,368.4300,371.7200,367.5700,368.6100,2026-10-06,2026-10-07,41.6100,28.8100,UP,0.7435,0.5702,0.1877,True,0.3479,5.3664,0.7290,1.4560,387.8600,375.8400,372.2800,-4.9600,-1.9200,True,0.9381,BAJISTA,-11.5500,-12.3200,416.7200,420.4100,420.4100,312.3400,-12.3200,18.0200,0.7610,True,True,350.9300,1.0000,392.8600,False,-4.8000,HAMMER|DOJI|HAMMER|DOJI,6.8000,7.0000,7.0000,7.5000,5.0000,7.0000,7.0000,False,False,False,False,True,True,2.9100,4.3700,1.5000,SIDI_INTRADAY_V2,1.8025,-2.1223,-0.0930,0.7991,295.0000,XLI,True,18.3344,16.7523,3.0796,3.5275,13.2520,0.1793,0.0985,0.1960,0.5183,0.0420,0.0510,21.5950,3.4330,1109474944.0000,1033699968.0000,1.0733,18607280128,0.7000,13.9100,2.6500,51727124,5.4500,1.4900,7.2500,7.9600,0.0596,OK,0,5.9900,False,False,False,False,False,False,DD12|RSI40|FUND65|SPY20|ABNORMAL20,False,3-7d,XLI,,CAT|UNP|HON,pmi_manufacturing|supply_chain|capex_cycle,POST_ANALYSIS_ACTUAL_FILL,LIVE_QUOTE_AT_ANALYSIS,True,1.0000,1.5000,1.0000,-5.0000,7,1.5000,3,SELL_50_PCT_AT_TP1_REST_AT_TP2,MOVE_REMAINDER_TO_BREAK_EVEN,EXIT_AT_OPEN_IF_OPEN_BELOW_SL,SL_FIRST,10,PENDING_ANALYSIS,5.3664,5.3664,8.0496,373.9764,376.6596,350.1795,Indicative levels use the signal close only. Final SL/TP1/TP2 and sizing must be recalculated from the actual post-analysis broker fill.,8,2026-10-15,False,2026-07-23,4.9600,4.9500,26.0000,ALCISTA FUERTE,10,779.0900,8.4900,73.6000,15.0100,SIDI_INTRADAY_V2: Fund≥6.5 · DD60≥12% · RSI<40 · MACD↑ · Vol↓ · SPY20≤+1% · Abnormal20≤-10%,SIDI_INTRADAY_V2,False
FSLR,First Solar,Information Technology,Semiconductors,2022-12-19,179.8000,177.5000,181.4300,176.7000,179.8000,2026-10-06,2026-10-07,42.5400,34.9400,UP,-0.3732,-1.0690,-2.0005,True,0.3275,7.9736,0.7600,4.4350,206.4600,223.4500,187.0200,-12.9100,-19.5300,False,-3.0176,BAJISTA,-28.0900,-33.3300,250.0500,269.7000,320.9500,168.6000,-43.9800,6.6400,0.7220,True,True,,0.0000,240.8400,False,,HAMMER|DOJI|HAMMER,6.2500,5.0000,7.0000,7.5000,4.0000,7.0000,7.0000,False,False,True,False,True,True,8.8700,13.3000,1.5000,SIDI_INTRADAY_V2,1.8025,-18.5338,1.1522,0.5338,295.0000,XLK,True,10.9229,7.6319,1.8449,3.5404,7.4560,0.1851,0.0862,0.3246,0.4402,-0.0370,0.2330,1.8800,2.5180,1598684800.0000,1746013952.0000,0.9156,19040421888,1.7940,5.6500,0.0000,107469788,5.7900,0.9000,7.0700,10.0000,0.0840,OK,0,5.9700,False,False,True,False,False,False,RSI40|FUND65|SPY20,False,3-7d,XLK,,AAPL|MSFT|NVDA,interest_rates|ai_capex_cycle|semiconductor_cycle,POST_ANALYSIS_ACTUAL_FILL,LIVE_QUOTE_AT_ANALYSIS,True,1.0000,1.5000,1.0000,-5.0000,7,1.5000,3,SELL_50_PCT_AT_TP1_REST_AT_TP2,MOVE_REMAINDER_TO_BREAK_EVEN,EXIT_AT_OPEN_IF_OPEN_BELOW_SL,SL_FIRST,10,PENDING_ANALYSIS,7.9736,7.9736,11.9604,187.7736,191.7604,170.8100,Indicative levels use the signal close only. Final SL/TP1/TP2 and sizing must be recalculated from the actual post-analysis broker fill.,22,2026-10-29,False,2026-07-30,3.9200,2.8800,36.1000,ALCISTA FUERTE,10,779.0900,8.4900,73.6000,15.0100,SIDI_INTRADAY_V2: Fund≥6.5 · DD60≥12% · RSI<40 · MACD↑ · Vol↓ · SPY20≤+1% · Abnormal20≤-10%,SIDI_INTRADAY_V2,False
DHR,Danaher Corporation,Health Care,Life Sciences Tools & Services,1998-11-18,215.6100,223.5000,227.6100,215.0900,215.6100,2026-10-06,2026-10-07,57.5400,79.1200,DOWN,-0.5382,-0.2278,0.1899,False,0.5333,6.6957,1.0420,3.1050,209.4400,200.7800,215.9400,2.9500,7.3900,True,-0.5142,ALCISTA,-4.9900,-5.4200,226.9300,227.9800,241.3500,160.3100,-10.6700,34.4900,0.8230,True,True,198.9400,2.0000,220.2800,False,-7.7300,HAMMER,6.4500,9.5000,5.0000,7.5000,4.0000,5.0000,7.0000,False,False,False,False,False,True,6.2100,9.3200,1.5000,SIDI_INTRADAY_V2,1.8025,5.6240,0.0330,0.8824,295.0000,XLV,True,38.8485,23.4370,2.9134,6.1022,21.8100,0.0761,0.0395,0.1595,0.5875,0.0550,0.5970,52.9700,1.6510,4325125120.0000,3990000128.0000,1.0840,153208782848,0.7970,2.5600,0.7400,702986054,5.6300,6.7900,5.3900,4.5500,0.0282,OK,0,5.9600,False,False,False,False,False,False,DD12|RSI40|MACD|FUND65|SPY20|ABNORMAL20,False,10-18d,XLV,,UNH|JNJ|LLY,fda_calendar|drug_pricing_policy|patent_cliffs,POST_ANALYSIS_ACTUAL_FILL,LIVE_QUOTE_AT_ANALYSIS,True,1.0000,1.5000,1.0000,-5.0000,7,1.5000,3,SELL_50_PCT_AT_TP1_REST_AT_TP2,MOVE_REMAINDER_TO_BREAK_EVEN,EXIT_AT_OPEN_IF_OPEN_BELOW_SL,SL_FIRST,10,PENDING_ANALYSIS,6.6957,6.6957,10.0435,222.3057,225.6536,204.8295,Indicative levels use the signal close only. Final SL/TP1/TP2 and sizing must be recalculated from the actual post-analysis broker fill.,14,2026-10-21,False,2026-07-21,1.9400,1.8400,5.3000,ALCISTA FUERTE,10,779.0900,8.4900,73.6000,15.0100,SIDI_INTRADAY_V2: Fund≥6.5 · DD60≥12% · RSI<40 · MACD↑ · Vol↓ · SPY20≤+1% · Abnormal20≤-10%,SIDI_INTRADAY_V2,False
KDP,Keurig Dr Pepper,Consumer Staples,Soft Drinks & Non-alcoholic Beverages,2022-06-21,31.1300,30.9800,31.4200,30.8100,31.1300,2026-10-06,2026-10-07,46.8700,43.3900,UP,-0.0477,-0.0863,-0.0983,True,0.5203,0.8463,1.0010,2.7180,31.1000,29.0300,31.0700,0.1000,7.2400,True,1.2767,ALCISTA,-4.6400,-5.4700,32.6400,32.9300,33.5800,24.2600,-7.2900,28.3300,0.7690,False,False,31.3700,1.0000,31.8800,True,0.7800,NONE,6.7000,10.0000,7.0000,5.0000,7.0000,5.0000,5.0000,False,False,False,False,True,False,5.4400,8.1600,1.5000,SIDI_INTRADAY_V2,1.8025,-4.5288,0.0599,1.0544,295.0000,XLP,True,31.1212,12.1756,1.6749,2.0870,17.2680,0.0510,0.0338,0.0710,0.5096,0.7560,-0.9000,99.6490,0.4790,4607249920.0000,1344999936.0000,3.4255,41927049216,0.4100,8.7500,2.9600,1360826038,5.4700,5.0000,4.3600,7.3000,0.1099,D/E:100,1,5.9600,False,False,False,False,False,False,DD12|RSI40|VOLUME|FUND65|SPY20|ABNORMAL20,False,10-18d,XLP,,PG|KO|PEP,inflation|input_costs|fx_rates,POST_ANALYSIS_ACTUAL_FILL,LIVE_QUOTE_AT_ANALYSIS,True,1.0000,1.5000,1.0000,-5.0000,7,1.5000,3,SELL_50_PCT_AT_TP1_REST_AT_TP2,MOVE_REMAINDER_TO_BREAK_EVEN,EXIT_AT_OPEN_IF_OPEN_BELOW_SL,SL_FIRST,10,PENDING_ANALYSIS,0.8463,0.8463,1.2694,31.9763,32.3995,29.5735,Indicative levels use the signal close only. Final SL/TP1/TP2 and sizing must be recalculated from the actual post-analysis broker fill.,27,2026-11-03,False,2026-08-06,0.5700,0.5400,6.2000,ALCISTA FUERTE,10,779.0900,8.4900,73.6000,15.0100,SIDI_INTRADAY_V2: Fund≥6.5 · DD60≥12% · RSI<40 · MACD↑ · Vol↓ · SPY20≤+1% · Abnormal20≤-10%,SIDI_INTRADAY_V2,False
LYV,Live Nation Entertainment,Communication Services,Movies & Entertainment,2019-12-23,171.8000,169.4600,173.3600,169.4600,171.8000,2026-10-06,2026-10-07,51.6100,53.6100,DOWN,0.5065,0.3408,0.1833,True,0.8260,3.7821,0.8690,2.2010,176.9600,164.1400,171.2800,-2.9100,4.6700,True,2.1781,NEUTRO,-8.8400,-9.2200,188.4600,189.2500,189.2500,125.3400,-9.2200,37.0700,0.8380,False,False,173.3600,6.0000,188.3500,True,0.9100,NONE,6.5000,8.5000,6.0000,5.0000,9.0000,5.0000,5.0000,False,False,False,False,True,False,4.4000,6.6000,1.5000,SIDI_INTRADAY_V2,1.8025,-1.3242,0.3618,0.5034,295.0000,XLC,True,,86.8664,474.7479,1.5028,28.3530,0.1768,0.0210,0.0051,0.2578,0.0940,1.5620,620.2140,0.8520,1695030656.0000,-258028992.0000,-6.5691,39483142144,1.1710,13.0500,0.0000,232959505,5.6000,7.1100,4.1200,5.5600,0.0429,FCF/NI:-6.57|D/E:620,2,5.9600,False,False,False,False,False,False,DD12|RSI40|VOLUME|FUND65|SPY20|ABNORMAL20,False,7-15d,XLC,,GOOGL|META|NFLX,ad_spending_cycle|streaming_competition|regulation,POST_ANALYSIS_ACTUAL_FILL,LIVE_QUOTE_AT_ANALYSIS,True,1.0000,1.5000,1.0000,-5.0000,7,1.5000,3,SELL_50_PCT_AT_TP1_REST_AT_TP2,MOVE_REMAINDER_TO_BREAK_EVEN,EXIT_AT_OPEN_IF_OPEN_BELOW_SL,SL_FIRST,10,PENDING_ANALYSIS,3.7821,3.7821,5.6731,175.5821,177.4732,163.2100,Indicative levels use the signal close only. Final SL/TP1/TP2 and sizing must be recalculated from the actual post-analysis broker fill.,27,2026-11-03,False,2026-07-30,1.0500,0.5700,82.9000,ALCISTA FUERTE,10,779.0900,8.4900,73.6000,15.0100,SIDI_INTRADAY_V2: Fund≥6.5 · DD60≥12% · RSI<40 · MACD↑ · Vol↓ · SPY20≤+1% · Abnormal20≤-10%,SIDI_INTRADAY_V2,False
NWS,News Corp (Class B),Communication Services,Publishing,2015-09-18,31.5200,31.8800,32.0300,31.3100,31.5200,2026-10-06,2026-10-07,33.6200,37.4200,DOWN,-0.0828,-0.0943,-0.1825,True,0.2434,0.7443,0.8690,2.3610,32.9700,30.0900,32.2800,-4.4000,4.7500,True,1.1410,NEUTRO,-10.4900,-11.5900,35.2100,35.6500,35.6500,25.3200,-11.5900,24.4900,0.8210,True,True,29.3100,4.0000,31.6100,False,-7.0100,HAMMER,7.2700,8.5000,7.5000,7.5000,6.0000,6.5000,7.0000,False,True,False,True,True,True,4.7200,7.0800,1.5000,SIDI_INTRADAY_V2,1.8025,-9.7935,-0.6612,0.9394,295.0000,XLC,True,30.4078,20.7181,1.9963,1.8702,13.8850,0.0798,0.0466,0.0635,0.5717,0.1080,-0.7490,31.5610,1.6230,1045124992.0000,573000000.0000,1.8240,16884057088,0.9760,4.4700,0.6300,179501666,5.0900,2.5000,6.3700,6.6200,0.0619,OK,0,5.9600,False,False,False,False,False,False,DD12|FUND65|SPY20|ABNORMAL20,False,7-15d,XLC,,GOOGL|META|NFLX,ad_spending_cycle|streaming_competition|regulation,POST_ANALYSIS_ACTUAL_FILL,LIVE_QUOTE_AT_ANALYSIS,True,1.0000,1.5000,1.0000,-5.0000,7,1.5000,3,SELL_50_PCT_AT_TP1_REST_AT_TP2,MOVE_REMAINDER_TO_BREAK_EVEN,EXIT_AT_OPEN_IF_OPEN_BELOW_SL,SL_FIRST,10,PENDING_ANALYSIS,0.7443,0.7443,1.1164,32.2643,32.6364,29.9440,Indicative levels use the signal close only. Final SL/TP1/TP2 and sizing must be recalculated from the actual post-analysis broker fill.,29,2026-11-05,False,2026-08-05,0.3500,0.2300,51.2000,ALCISTA FUERTE,10,779.0900,8.4900,73.6000,15.0100,SIDI_INTRADAY_V2: Fund≥6.5 · DD60≥12% · RSI<40 · MACD↑ · Vol↓ · SPY20≤+1% · Abnormal20≤-10%,SIDI_INTRADAY_V2,False
PM,Philip Morris International,Consumer Staples,Tobacco,2008-03-31,190.4000,189.7100,192.0500,189.0100,190.4000,2026-10-06,2026-10-07,50.7200,66.3900,DOWN,-0.0393,-0.1353,-0.0754,True,0.6343,4.2257,0.8730,2.2190,188.2900,175.3300,188.8800,1.1200,8.5900,True,2.3723,ALCISTA,-4.0700,-7.5700,198.4700,205.9900,205.9900,137.2500,-7.5700,38.7200,0.9320,True,True,183.1600,4.0000,188.9600,True,-3.8000,NONE,7.3000,10.0000,6.0000,7.5000,9.0000,5.0000,5.0000,False,False,False,False,True,True,4.4400,6.6600,1.5000,SIDI_INTRADAY_V2,1.8025,4.6902,-0.1026,1.1696,295.0000,XLP,True,27.6372,20.9291,-34.9292,7.0468,18.9740,,0.1459,0.2556,0.6748,0.1040,-0.0750,,0.9800,9714374656.0000,10844000256.0000,0.8958,299807080448,0.3600,3.2300,3.3600,1558613439,5.0700,5.0000,5.6800,4.4300,0.0324,OK,0,5.9600,False,False,False,False,False,False,DD12|RSI40|FUND65|SPY20|ABNORMAL20,False,10-18d,XLP,,PG|KO|PEP,inflation|input_costs|fx_rates,POST_ANALYSIS_ACTUAL_FILL,LIVE_QUOTE_AT_ANALYSIS,True,1.0000,1.5000,1.0000,-5.0000,7,1.5000,3,SELL_50_PCT_AT_TP1_REST_AT_TP2,MOVE_REMAINDER_TO_BREAK_EVEN,EXIT_AT_OPEN_IF_OPEN_BELOW_SL,SL_FIRST,10,PENDING_ANALYSIS,4.2257,4.2257,6.3385,194.6257,196.7386,180.8800,Indicative levels use the signal close only. Final SL/TP1/TP2 and sizing must be recalculated from the actual post-analysis broker fill.,14,2026-10-21,False,2026-07-22,2.2000,2.0500,7.3000,ALCISTA FUERTE,10,779.0900,8.4900,73.6000,15.0100,SIDI_INTRADAY_V2: Fund≥6.5 · DD60≥12% · RSI<40 · MACD↑ · Vol↓ · SPY20≤+1% · Abnormal20≤-10%,SIDI_INTRADAY_V2,False
BAX,Baxter International,Health Care,Health Care Equipment,1972-09-30,24.3600,24.3200,24.4200,23.9200,24.3600,2026-10-06,2026-10-07,60.5100,34.9800,UP,0.1489,0.1111,0.0611,True,0.9036,0.6543,0.7280,2.6860,25.3000,20.8700,23.9900,-3.7300,16.7400,True,2.4865,NEUTRO,-14.0400,-18.7700,28.3400,29.9900,29.9900,15.7200,-18.7700,55.0000,0.8850,False,False,22.5600,1.0000,24.3000,False,-7.3900,BULL_ENGULF|HAMMER|DOJI,6.7000,8.5000,7.0000,5.0000,4.0000,7.0000,9.5000,False,False,True,False,True,False,5.3700,8.0600,1.5000,SIDI_INTRADAY_V2,1.8025,-6.1286,0.9616,1.0180,295.0000,XLV,True,,11.8714,2.0139,1.0906,10.6600,-0.1437,0.0285,-0.0927,0.3410,0.0530,0.3680,156.4490,1.9460,1000374976.0000,-968000000.0000,-1.0334,12498377728,0.6510,4.7300,0.1600,516995999,5.4300,6.7100,2.5500,7.2800,0.0800,FCF/NI:-1.03|D/E:156|ROE:-14.4%,3,5.9400,False,False,False,False,False,False,RSI40|VOLUME|FUND65|SPY20|ABNORMAL20,False,7-15d,XLV,,UNH|JNJ|LLY,fda_calendar|drug_pricing_policy|patent_cliffs,POST_ANALYSIS_ACTUAL_FILL,LIVE_QUOTE_AT_ANALYSIS,True,1.0000,1.5000,1.0000,-5.0000,7,1.5000,3,SELL_50_PCT_AT_TP1_REST_AT_TP2,MOVE_REMAINDER_TO_BREAK_EVEN,EXIT_AT_OPEN_IF_OPEN_BELOW_SL,SL_FIRST,10,PENDING_ANALYSIS,0.6543,0.6543,0.9814,25.0143,25.3414,23.1420,Indicative levels use the signal close only. Final SL/TP1/TP2 and sizing must be recalculated from the actual post-analysis broker fill.,22,2026-10-29,False,2026-07-30,0.5600,0.3700,52.5000,ALCISTA FUERTE,10,779.0900,8.4900,73.6000,15.0100,SIDI_INTRADAY_V2: Fund≥6.5 · DD60≥12% · RSI<40 · MACD↑ · Vol↓ · SPY20≤+1% · Abnormal20≤-10%,SIDI_INTRADAY_V2,False
BEN,Franklin Resources,Financials,Asset Management & Custody Banks,1998-04-30,32.4400,32.9800,33.0800,32.4200,32.4400,2026-10-06,2026-10-07,50.5800,33.3300,UP,0.0166,0.0216,-0.0569,False,0.3197,0.7388,0.9050,2.2770,33.3400,29.0200,32.7800,-2.7100,11.7900,True,3.9547,NEUTRO,-8.3800,-9.6700,35.4100,35.9100,35.9100,20.1200,-9.6700,61.2700,1.2030,False,False,32.7100,2.0000,33.6400,True,0.8200,DOJI|HAMMER|DOJI,6.4000,8.5000,6.0000,5.0000,7.0000,5.0000,7.0000,False,False,False,False,False,False,4.5500,6.8300,1.5000,SIDI_INTRADAY_V2,1.8025,-4.2154,0.8417,0.9055,295.0000,XLF,True,22.0345,10.0336,1.3814,1.7396,11.1420,0.0789,0.0264,0.0872,0.3771,0.1430,1.0670,24.8050,5.4860,-2990862592.0000,759200000.0000,-3.9395,16233057280,1.5760,5.3900,4.0700,508076910,5.6300,8.2000,5.4300,2.8700,-0.1842,FCF/NI:-3.94,1,5.9400,False,False,False,False,False,False,DD12|RSI40|MACD|VOLUME|FUND65|SPY20|ABNORMAL20,False,7-15d,XLF,,JPM|BAC|WFC,interest_rates|yield_curve|credit_spreads|loan_growth,POST_ANALYSIS_ACTUAL_FILL,LIVE_QUOTE_AT_ANALYSIS,True,1.0000,1.5000,1.0000,-5.0000,7,1.5000,3,SELL_50_PCT_AT_TP1_REST_AT_TP2,MOVE_REMAINDER_TO_BREAK_EVEN,EXIT_AT_OPEN_IF_OPEN_BELOW_SL,SL_FIRST,10,PENDING_ANALYSIS,0.7388,0.7388,1.1082,33.1788,33.5482,30.8180,Indicative levels use the signal close only. Final SL/TP1/TP2 and sizing must be recalculated from the actual post-analysis broker fill.,30,2026-11-06,False,2026-07-31,0.7200,0.6600,8.3000,ALCISTA FUERTE,10,779.0900,8.4900,73.6000,15.0100,SIDI_INTRADAY_V2: Fund≥6.5 · DD60≥12% · RSI<40 · MACD↑ · Vol↓ · SPY20≤+1% · Abnormal20≤-10%,SIDI_INTRADAY_V2,False
GPN,Global Payments,Financials,Transaction & Payment Processing Services,2016-04-25,81.7900,82.6100,82.9800,81.2500,81.7900,2026-10-06,2026-10-07,36.7500,39.0600,DOWN,-0.5050,-0.6581,-0.7268,True,0.2424,2.3729,0.8210,2.9010,87.8500,76.0600,84.4100,-6.9000,7.5400,True,1.0880,NEUTRO,-13.5100,-14.4500,94.5600,95.6100,95.6100,60.7500,-14.4500,34.6200,0.7380,True,True,77.0300,1.0000,86.7700,False,-5.8200,BULL_ENGULF,7.0200,8.5000,7.5000,7.5000,4.0000,6.5000,7.5000,True,True,True,True,True,True,5.8000,8.7000,1.5000,SIDI_INTRADAY_V2,1.8025,-0.5373,0.3696,1.4503,295.0000,XLF,True,38.3803,5.1043,0.9403,2.1194,9.0690,0.0243,0.0233,-0.0915,0.6396,0.6860,-0.9520,98.2730,0.8250,7867763200.0000,494190016.0000,15.9205,21632552960,0.8050,6.5900,1.2200,264618390,5.2100,5.0000,3.9900,6.8900,0.3637,OK,0,5.9300,False,False,False,True,False,False,FUND65|SPY20|ABNORMAL20,False,7-15d,XLF,,JPM|BAC|WFC,interest_rates|yield_curve|credit_spreads|loan_growth,POST_ANALYSIS_ACTUAL_FILL,LIVE_QUOTE_AT_ANALYSIS,True,1.0000,1.5000,1.0000,-5.0000,7,1.5000,3,SELL_50_PCT_AT_TP1_REST_AT_TP2,MOVE_REMAINDER_TO_BREAK_EVEN,EXIT_AT_OPEN_IF_OPEN_BELOW_SL,SL_FIRST,10,PENDING_ANALYSIS,2.3729,2.3729,3.5594,84.1629,85.3494,77.7005,Indicative levels use the signal close only. Final SL/TP1/TP2 and sizing must be recalculated from the actual post-analysis broker fill.,27,2026-11-03,False,2026-08-05,3.4600,3.4400,63.0000,ALCISTA FUERTE,10,779.0900,8.4900,73.6000,15.0100,SIDI_INTRADAY_V2: Fund≥6.5 · DD60≥12% · RSI<40 · MACD↑ · Vol↓ · SPY20≤+1% · Abnormal20≤-10%,SIDI_INTRADAY_V2,False
UDR,"UDR, Inc.",Real Estate,Multi-Family Residential REITs,2016-03-07,33.9100,33.9000,34.3000,33.7900,33.9100,2026-10-06,2026-10-07,42.5100,28.5600,UP,0.0993,0.0663,0.0352,True,0.3981,0.5521,0.8290,1.6280,36.1400,36.4200,34.3500,-6.1800,-6.8800,False,-0.0462,BAJISTA,-15.4500,-16.2700,40.1100,40.5000,41.5200,31.7800,-18.3300,6.6900,1.0100,False,False,,0.0000,38.6600,False,,HAMMER|DOJI,5.6000,5.0000,7.0000,5.0000,5.0000,5.0000,7.0000,False,False,True,False,True,False,3.2600,4.8800,1.5000,SIDI_INTRADAY_V2,1.8025,-0.0883,-0.1812,0.9859,295.0000,XLRE,True,21.1772,59.7500,3.7124,7.0188,17.1310,0.1374,0.0224,0.2956,0.6658,-0.0010,0.9090,156.1440,0.1780,779827776.0000,517310016.0000,1.5075,12397453312,0.7070,2.9500,5.1300,324915653,6.1500,5.0000,6.3800,7.2200,0.0629,D/E:156,1,5.9300,False,False,False,False,False,False,RSI40|VOLUME|FUND65|SPY20|ABNORMAL20,False,3-7d,XLRE,,PLD|AMT|EQIX,interest_rates|cap_rates|occupancy_trends,POST_ANALYSIS_ACTUAL_FILL,LIVE_QUOTE_AT_ANALYSIS,True,1.0000,1.5000,1.0000,-5.0000,7,1.5000,3,SELL_50_PCT_AT_TP1_REST_AT_TP2,MOVE_REMAINDER_TO_BREAK_EVEN,EXIT_AT_OPEN_IF_OPEN_BELOW_SL,SL_FIRST,10,PENDING_ANALYSIS,0.5521,0.5521,0.8282,34.4621,34.7381,32.2145,Indicative levels use the signal close only. Final SL/TP1/TP2 and sizing must be recalculated from the actual post-analysis broker fill.,21,2026-10-28,False,2026-07-27,0.2100,0.1300,61.0000,ALCISTA FUERTE,10,779.0900,8.4900,73.6000,15.0100,SIDI_INTRADAY_V2: Fund≥6.5 · DD60≥12% · RSI<40 · MACD↑ · Vol↓ · SPY20≤+1% · Abnormal20≤-10%,SIDI_INTRADAY_V2,False
VLTO,Veralto,Industrials,Environmental & Facilities Services,2023-10-02,96.4500,96.8100,97.3500,96.1220,96.4500,2026-10-06,2026-10-07,54.2000,59.1800,DOWN,0.0734,0.0107,-0.0732,True,0.7743,1.5843,0.7540,1.6430,96.5700,92.6900,95.7800,-0.1300,4.0600,True,-0.4486,NEUTRO,-3.5200,-5.5500,99.9700,102.1100,106.7600,79.8000,-9.6600,20.8600,0.7770,False,False,97.1200,4.0000,101.4900,True,0.6900,HAMMER|DOJI|BULL_ENGULF,7.1500,8.0000,6.0000,5.0000,9.0000,7.0000,9.5000,False,False,False,False,True,False,3.2900,4.9300,1.5000,SIDI_INTRADAY_V2,1.8025,0.4712,-0.0875,0.1678,295.0000,XLI,True,23.8489,19.8017,7.4657,4.0524,17.9780,0.3431,0.1031,0.1735,0.6018,0.0750,0.1010,115.9780,1.7750,807124992.0000,988000000.0000,0.8169,23082354688,0.7750,4.5100,0.5400,243793344,5.1100,3.6600,6.2800,5.4400,0.0350,D/E:116,1,5.9300,False,False,False,False,False,False,DD12|RSI40|VOLUME|FUND65|SPY20|ABNORMAL20,False,7-15d,XLI,,CAT|UNP|HON,pmi_manufacturing|supply_chain|capex_cycle,POST_ANALYSIS_ACTUAL_FILL,LIVE_QUOTE_AT_ANALYSIS,True,1.0000,1.5000,1.0000,-5.0000,7,1.5000,3,SELL_50_PCT_AT_TP1_REST_AT_TP2,MOVE_REMAINDER_TO_BREAK_EVEN,EXIT_AT_OPEN_IF_OPEN_BELOW_SL,SL_FIRST,10,PENDING_ANALYSIS,1.5843,1.5843,2.3765,98.0343,98.8265,91.6275,Indicative levels use the signal close only. Final SL/TP1/TP2 and sizing must be recalculated from the actual post-analysis broker fill.,14,2026-10-21,False,2026-07-28,1.1100,1.0100,10.3000,ALCISTA FUERTE,10,779.0900,8.4900,73.6000,15.0100,SIDI_INTRADAY_V2: Fund≥6.5 · DD60≥12% · RSI<40 · MACD↑ · Vol↓ · SPY20≤+1% · Abnormal20≤-10%,SIDI_INTRADAY_V2,False
FRT,Federal Realty Investment Trust,Real Estate,Retail REITs,2016-02-01,106.2000,105.9500,107.1600,105.7800,106.2000,2026-10-06,2026-10-07,23.6300,15.5300,UP,-0.1367,-0.1627,-0.1216,True,0.1504,1.6582,0.9440,1.5610,114.5100,110.2600,109.5800,-7.2600,-3.6800,True,1.4385,BAJISTA,-15.5600,-16.2700,125.7700,126.8400,126.8400,86.3300,-16.2700,23.0100,0.6290,False,False,,0.0000,124.9800,False,,NONE,6.5300,7.0000,9.5000,5.0000,5.0000,6.5000,5.0000,False,False,True,True,True,False,3.1200,4.6800,1.5000,SIDI_INTRADAY_V2,1.8025,-5.9719,-0.0192,0.7364,295.0000,XLRE,True,21.3859,32.2106,2.8700,6.8901,17.1630,0.1255,0.0326,0.3266,0.6814,0.0720,-0.4560,134.1140,0.5640,456137632.0000,426705984.0000,1.0690,9201181696,0.9350,5.6600,4.3700,86389197,5.5200,3.5800,6.3300,6.8500,0.0496,D/E:134,1,5.9200,False,False,False,False,False,False,VOLUME|FUND65|SPY20|ABNORMAL20,False,3-7d,XLRE,,PLD|AMT|EQIX,interest_rates|cap_rates|occupancy_trends,POST_ANALYSIS_ACTUAL_FILL,LIVE_QUOTE_AT_ANALYSIS,True,1.0000,1.5000,1.0000,-5.0000,7,1.5000,3,SELL_50_PCT_AT_TP1_REST_AT_TP2,MOVE_REMAINDER_TO_BREAK_EVEN,EXIT_AT_OPEN_IF_OPEN_BELOW_SL,SL_FIRST,10,PENDING_ANALYSIS,1.6582,1.6582,2.4873,107.8582,108.6873,100.8900,Indicative levels use the signal close only. Final SL/TP1/TP2 and sizing must be recalculated from the actual post-analysis broker fill.,23,2026-10-30,False,2026-07-31,0.9700,0.7200,35.3000,ALCISTA FUERTE,10,779.0900,8.4900,73.6000,15.0100,SIDI_INTRADAY_V2: Fund≥6.5 · DD60≥12% · RSI<40 · MACD↑ · Vol↓ · SPY20≤+1% · Abnormal20≤-10%,SIDI_INTRADAY_V2,False
BF-B,Brown–Forman,Consumer Staples,Distillers & Vintners,1982-10-31,26.3500,26.5100,26.6300,26.2500,26.3500,2026-10-06,2026-10-07,58.1300,51.6000,UP,0.0542,0.0406,0.0193,True,0.6804,0.6257,0.7500,2.3750,27.1200,26.5100,26.3400,-2.8400,-0.5900,True,-0.8988,BAJISTA,-9.9800,-10.4900,29.2700,29.4400,30.8500,22.2300,-14.5800,18.5600,0.9280,True,True,26.0200,1.0000,26.8900,True,-1.2600,HAMMER|BULL_ENGULF,7.4000,6.5000,7.0000,7.5000,8.0000,7.0000,9.5000,False,False,False,False,True,True,4.7500,7.1200,1.5000,SIDI_INTRADAY_V2,1.8025,-0.5220,-0.0015,1.2540,295.0000,XLP,True,16.8968,15.2814,3.0267,3.0696,11.9990,0.1812,0.0863,0.1842,0.6066,-0.0140,0.0570,61.5020,3.2630,685625024.0000,721000000.0000,0.9509,12017654784,0.3240,14.0400,3.5100,290383416,4.9200,0.9300,6.6900,7.5300,0.0571,OK,0,5.9100,False,False,False,False,False,False,DD12|RSI40|FUND65|SPY20|ABNORMAL20,False,3-7d,XLP,,PG|KO|PEP,inflation|input_costs|fx_rates,POST_ANALYSIS_ACTUAL_FILL,LIVE_QUOTE_AT_ANALYSIS,True,1.0000,1.5000,1.0000,-5.0000,7,1.5000,3,SELL_50_PCT_AT_TP1_REST_AT_TP2,MOVE_REMAINDER_TO_BREAK_EVEN,EXIT_AT_OPEN_IF_OPEN_BELOW_SL,SL_FIRST,10,PENDING_ANALYSIS,0.6257,0.6257,0.9385,26.9757,27.2886,25.0325,Indicative levels use the signal close only. Final SL/TP1/TP2 and sizing must be recalculated from the actual post-analysis broker fill.,57,2026-12-03,False,2026-09-02,0.3800,0.3700,3.1000,ALCISTA FUERTE,10,779.0900,8.4900,73.6000,15.0100,SIDI_INTRADAY_V2: Fund≥6.5 · DD60≥12% · RSI<40 · MACD↑ · Vol↓ · SPY20≤+1% · Abnormal20≤-10%,SIDI_INTRADAY_V2,False
HPQ,HP Inc.,Information Technology,"Technology Hardware, Storage & Peripherals",1974-12-31,31.7300,31.4500,32.6800,31.4500,31.7300,2026-10-06,2026-10-07,44.5200,43.2800,UP,-0.2554,-0.2883,-0.3652,True,0.3485,1.2821,0.9330,4.0410,30.6300,23.2700,31.7900,3.6000,36.3600,True,4.0361,ALCISTA,-10.5700,-12.4200,35.4800,36.2300,36.2300,16.9100,-12.4200,87.6700,0.6470,True,True,30.6000,1.0000,31.8800,True,-3.5600,HAMMER|DOJI,7.4000,10.0000,7.0000,7.5000,7.0000,5.0000,7.0000,False,False,False,False,True,True,8.0800,12.1200,1.5000,SIDI_INTRADAY_V2,1.8025,-5.6255,0.5861,-0.0370,295.0000,XLK,True,12.2538,10.2311,-314.7549,0.4894,7.5030,,0.0563,0.0414,0.1966,0.1250,-0.1130,,0.7880,3389874944.0000,2451000064.0000,1.3831,28951998464,1.1900,4.5300,3.7800,901790969,4.9100,1.1000,5.6300,8.5100,0.1171,OK,0,5.9100,False,False,False,False,False,False,DD12|RSI40|FUND65|SPY20|ABNORMAL20,False,10-18d,XLK,,AAPL|MSFT|NVDA,interest_rates|ai_capex_cycle|semiconductor_cycle,POST_ANALYSIS_ACTUAL_FILL,LIVE_QUOTE_AT_ANALYSIS,True,1.0000,1.5000,1.0000,-5.0000,7,1.5000,3,SELL_50_PCT_AT_TP1_REST_AT_TP2,MOVE_REMAINDER_TO_BREAK_EVEN,EXIT_AT_OPEN_IF_OPEN_BELOW_SL,SL_FIRST,10,PENDING_ANALYSIS,1.2821,1.2821,1.9232,33.0121,33.6532,30.1435,Indicative levels use the signal close only. Final SL/TP1/TP2 and sizing must be recalculated from the actual post-analysis broker fill.,48,2026-11-24,False,2026-08-26,0.8300,0.6900,20.0000,ALCISTA FUERTE,10,779.0900,8.4900,73.6000,15.0100,SIDI_INTRADAY_V2: Fund≥6.5 · DD60≥12% · RSI<40 · MACD↑ · Vol↓ · SPY20≤+1% · Abnormal20≤-10%,SIDI_INTRADAY_V2,False
MA,Mastercard,Financials,Transaction & Payment Processing Services,2008-07-18,566.5800,563.5000,568.9300,562.1400,566.5800,2026-10-06,2026-10-07,49.0800,46.2000,UP,-0.3713,-1.1711,-2.1331,True,0.5902,9.3829,0.8930,1.6560,571.5000,531.1700,564.4900,-0.8600,6.6700,True,0.3526,NEUTRO,-5.5500,-5.7600,599.8600,601.2300,601.2300,463.7400,-5.7600,22.1800,0.8270,False,False,523.6100,1.0000,556.0200,False,-7.5800,HAMMER,6.1500,8.5000,7.0000,5.0000,4.0000,5.0000,7.0000,False,False,False,False,True,False,3.3100,4.9700,1.5000,SIDI_INTRADAY_V2,1.8025,6.5097,-0.4417,1.1798,295.0000,XLF,True,31.3344,24.7411,89.0650,14.2242,22.9430,2.4120,0.2406,0.4634,1.0000,0.1410,0.2210,439.5830,1.0610,16961250304.0000,16257000448.0000,1.0433,499027771392,0.7600,2.7300,0.6100,869464115,5.7500,6.0100,6.8100,4.2000,0.0340,D/E:440,1,5.9100,False,False,False,False,False,False,DD12|RSI40|VOLUME|FUND65|SPY20|ABNORMAL20,False,7-15d,XLF,,JPM|BAC|WFC,interest_rates|yield_curve|credit_spreads|loan_growth,POST_ANALYSIS_ACTUAL_FILL,LIVE_QUOTE_AT_ANALYSIS,True,1.0000,1.5000,1.0000,-5.0000,7,1.5000,3,SELL_50_PCT_AT_TP1_REST_AT_TP2,MOVE_REMAINDER_TO_BREAK_EVEN,EXIT_AT_OPEN_IF_OPEN_BELOW_SL,SL_FIRST,10,PENDING_ANALYSIS,9.3829,9.3829,14.0743,575.9629,580.6544,538.2510,Indicative levels use the signal close only. Final SL/TP1/TP2 and sizing must be recalculated from the actual post-analysis broker fill.,22,2026-10-29,False,2026-07-30,5.0400,4.7800,5.5000,ALCISTA FUERTE,10,779.0900,8.4900,73.6000,15.0100,SIDI_INTRADAY_V2: Fund≥6.5 · DD60≥12% · RSI<40 · MACD↑ · Vol↓ · SPY20≤+1% · Abnormal20≤-10%,SIDI_INTRADAY_V2,False
MGM,MGM Resorts,Consumer Discretionary,Casinos & Gaming,2017-07-26,30.5400,30.4900,31.0000,30.3400,30.5400,2026-10-06,2026-10-07,13.6200,10.1200,UP,-0.4372,-0.5632,-0.7109,True,0.1891,1.3064,1.3220,4.2780,40.3600,39.6900,34.7800,-24.3400,-23.0500,True,0.1290,BAJISTA,-34.8800,-35.5600,46.9000,47.3900,51.5900,29.1900,-40.8000,4.6200,0.8190,False,False,,0.0000,40.9400,False,,HAMMER|HAMMER|DOJI,6.5800,7.0000,9.5000,5.0000,4.0000,6.5000,7.0000,False,False,True,True,True,False,8.5600,12.8300,1.5000,SIDI_INTRADAY_V2,1.8025,-29.8492,0.5014,0.0351,295.0000,XLY,True,18.4630,15.1434,2.9934,0.4237,16.0650,0.1892,0.0177,0.0240,0.4416,0.0100,5.1940,893.3110,1.3350,878991104.0000,423588000.0000,2.0751,7525138944,1.3510,9.7500,0.0000,251592756,5.4700,5.0300,4.3700,7.2900,0.1168,D/E:893,1,5.9100,False,False,True,False,False,False,VOLUME|FUND65|SPY20,False,3-7d,XLY,,AMZN|TSLA|HD,consumer_spending|employment_data|interest_rates,POST_ANALYSIS_ACTUAL_FILL,LIVE_QUOTE_AT_ANALYSIS,True,1.0000,1.5000,1.0000,-5.0000,7,1.5000,3,SELL_50_PCT_AT_TP1_REST_AT_TP2,MOVE_REMAINDER_TO_BREAK_EVEN,EXIT_AT_OPEN_IF_OPEN_BELOW_SL,SL_FIRST,10,PENDING_ANALYSIS,1.3064,1.3064,1.9596,31.8464,32.4996,29.0130,Indicative levels use the signal close only. Final SL/TP1/TP2 and sizing must be recalculated from the actual post-analysis broker fill.,21,2026-10-28,False,2026-07-29,0.5900,0.5800,1.9000,ALCISTA FUERTE,10,779.0900,8.4900,73.6000,15.0100,SIDI_INTRADAY_V2: Fund≥6.5 · DD60≥12% · RSI<40 · MACD↑ · Vol↓ · SPY20≤+1% · Abnormal20≤-10%,SIDI_INTRADAY_V2,False
TXN,Texas Instruments,Information Technology,Semiconductors,2001-03-12,297.2300,295.4500,298.7500,294.2300,297.2300,2026-10-06,2026-10-07,87.4900,69.8100,UP,3.3364,3.2182,2.3923,True,0.9952,7.3679,0.7360,2.4790,271.1200,248.4000,277.7700,9.6300,19.6600,True,4.3719,ALCISTA,-2.2200,-4.2500,303.9900,310.4200,332.3300,150.2000,-10.5600,97.8900,0.5730,True,True,273.4000,3.0000,308.7100,False,-8.0200,NONE,7.3500,10.0000,7.0000,7.5000,6.0000,7.0000,5.0000,False,False,False,False,True,True,4.9600,7.4400,1.5000,SIDI_INTRADAY_V2,1.8025,6.8910,0.4698,0.6984,295.0000,XLK,True,43.4970,26.8463,14.4894,13.4161,29.2540,0.3518,0.1306,0.3111,0.5833,0.2280,0.5180,78.0360,4.8570,3545250048.0000,6016999936.0000,0.5892,260983357440,1.3390,3.6100,2.0500,913247686,4.9500,5.0300,6.2700,3.3200,0.0136,FCF/NI:0.59,1,5.9100,False,False,False,False,False,False,DD12|RSI40|FUND65|SPY20|ABNORMAL20,False,10-18d,XLK,,AAPL|MSFT|NVDA,interest_rates|ai_capex_cycle|semiconductor_cycle,POST_ANALYSIS_ACTUAL_FILL,LIVE_QUOTE_AT_ANALYSIS,True,1.0000,1.5000,1.0000,-5.0000,7,1.5000,3,SELL_50_PCT_AT_TP1_REST_AT_TP2,MOVE_REMAINDER_TO_BREAK_EVEN,EXIT_AT_OPEN_IF_OPEN_BELOW_SL,SL_FIRST,10,PENDING_ANALYSIS,7.3679,7.3679,11.0518,304.5979,308.2819,282.3685,Indicative levels use the signal close only. Final SL/TP1/TP2 and sizing must be recalculated from the actual post-analysis broker fill.,14,2026-10-21,False,2026-07-22,2.1400,1.9400,10.5000,ALCISTA FUERTE,10,779.0900,8.4900,73.6000,15.0100,SIDI_INTRADAY_V2: Fund≥6.5 · DD60≥12% · RSI<40 · MACD↑ · Vol↓ · SPY20≤+1% · Abnormal20≤-10%,SIDI_INTRADAY_V2,False
WRB,W. R. Berkley Corporation,Financials,Property & Casualty Insurance,2019-12-05,69.6500,69.7500,70.8700,69.4800,69.6500,2026-10-06,2026-10-07,48.7100,39.7100,UP,0.1895,0.1368,-0.0429,True,0.6259,1.2662,0.8720,1.8180,69.7800,68.4100,68.8800,-0.1900,1.8100,True,-0.2025,NEUTRO,-8.4300,-9.9400,76.0600,77.3400,77.3400,62.2200,-9.9400,11.9400,0.8030,True,True,68.2300,6.0000,71.3200,True,-2.0300,HAMMER|DOJI,7.3000,8.0000,7.0000,7.5000,9.0000,5.0000,7.0000,False,False,False,False,True,True,3.6400,5.4500,1.5000,SIDI_INTRADAY_V2,1.8025,6.1223,-0.7968,0.8510,295.0000,XLF,True,14.4333,14.4570,2.8152,1.7517,10.1840,0.2021,0.0356,0.1294,0.4379,0.0120,0.1500,31.5270,0.4060,3045504768.0000,1928020992.0000,1.5796,26093582336,0.2710,7.3600,0.5700,371227529,4.9800,1.7800,6.5200,6.8900,0.1167,OK,0,5.9100,False,False,False,False,False,False,DD12|RSI40|FUND65|SPY20|ABNORMAL20,False,7-15d,XLF,,JPM|BAC|WFC,interest_rates|yield_curve|credit_spreads|loan_growth,POST_ANALYSIS_ACTUAL_FILL,LIVE_QUOTE_AT_ANALYSIS,True,1.0000,1.5000,1.0000,-5.0000,7,1.5000,3,SELL_50_PCT_AT_TP1_REST_AT_TP2,MOVE_REMAINDER_TO_BREAK_EVEN,EXIT_AT_OPEN_IF_OPEN_BELOW_SL,SL_FIRST,10,PENDING_ANALYSIS,1.2662,1.2662,1.8993,70.9162,71.5493,66.1675,Indicative levels use the signal close only. Final SL/TP1/TP2 and sizing must be recalculated from the actual post-analysis broker fill.,12,2026-10-19,False,2026-07-20,1.2700,1.0800,17.3000,ALCISTA FUERTE,10,779.0900,8.4900,73.6000,15.0100,SIDI_INTRADAY_V2: Fund≥6.5 · DD60≥12% · RSI<40 · MACD↑ · Vol↓ · SPY20≤+1% · Abnormal20≤-10%,SIDI_INTRADAY_V2,False
CDNS,Cadence Design Systems,Information Technology,Application Software,2017-09-18,359.5500,355.1400,361.9100,354.2700,359.5500,2026-10-06,2026-10-07,97.0100,76.2200,UP,7.6180,7.6760,7.3915,False,0.9276,12.0221,0.9800,3.3440,319.5600,326.1000,324.5900,12.5100,10.2600,False,-0.2868,ALCISTA,-4.5800,-6.6800,376.8000,385.3000,416.6900,262.7500,-13.7100,36.8400,0.6260,True,True,331.5600,1.0000,357.1800,False,-7.7800,NONE,6.1500,8.0000,6.0000,7.5000,4.0000,5.0000,5.0000,False,False,False,False,False,True,6.6900,10.0300,1.5000,SIDI_INTRADAY_V2,1.8025,22.7135,0.4084,0.6381,295.0000,XLK,True,70.8251,37.2365,14.3061,16.8321,46.4480,0.2323,0.1061,0.2361,0.8587,0.2420,1.2540,38.6610,1.7430,1609676544.0000,1377993984.0000,1.1681,98259451904,1.1280,1.8100,0.0000,275816000,5.7400,7.6000,6.1000,3.1500,0.0164,OK,0,5.9000,False,False,False,False,False,False,DD12|RSI40|MACD|FUND65|SPY20|ABNORMAL20,False,10-18d,XLK,,AAPL|MSFT|NVDA,interest_rates|ai_capex_cycle|semiconductor_cycle,POST_ANALYSIS_ACTUAL_FILL,LIVE_QUOTE_AT_ANALYSIS,True,1.0000,1.5000,1.0000,-5.0000,7,1.5000,3,SELL_50_PCT_AT_TP1_REST_AT_TP2,MOVE_REMAINDER_TO_BREAK_EVEN,EXIT_AT_OPEN_IF_OPEN_BELOW_SL,SL_FIRST,10,PENDING_ANALYSIS,12.0221,12.0221,18.0331,371.5721,377.5831,341.5725,Indicative levels use the signal close only. Final SL/TP1/TP2 and sizing must be recalculated from the actual post-analysis broker fill.,19,2026-10-26,False,2026-07-27,2.1100,2.0600,2.7000,ALCISTA FUERTE,10,779.0900,8.4900,73.6000,15.0100,SIDI_INTRADAY_V2: Fund≥6.5 · DD60≥12% · RSI<40 · MACD↑ · Vol↓ · SPY20≤+1% · Abnormal20≤-10%,SIDI_INTRADAY_V2,False
COO,Cooper Companies (The),Health Care,Health Care Supplies,2016-09-23,56.4300,56.6800,56.9300,55.6400,56.4300,2026-10-06,2026-10-07,59.7200,32.5000,UP,0.7537,0.7689,0.6893,False,0.5710,1.4843,0.7640,2.6300,66.4200,71.1300,58.2200,-15.0400,-20.6600,False,-3.0452,BAJISTA,-26.5400,-27.7600,76.8200,78.1100,89.8300,51.0100,-37.1800,10.6300,0.6830,False,False,51.0100,1.0000,63.3200,False,-9.6000,HAMMER,5.5500,5.0000,6.0000,5.0000,4.0000,7.0000,7.0000,False,False,True,False,False,False,5.2600,7.8900,1.5000,SIDI_INTRADAY_V2,1.8025,-14.2527,0.0609,0.9368,295.0000,XLV,True,19.1031,11.8366,1.2689,2.4949,14.3530,0.0684,0.0273,0.1346,0.6593,0.0060,3.5710,33.6340,1.2220,542649984.0000,570300032.0000,0.9515,10570732544,0.8250,2.9600,0.0000,190155294,6.1400,5.0000,5.7300,7.9500,0.0513,OK,0,5.9000,False,False,True,False,False,False,RSI40|MACD|VOLUME|FUND65|SPY20,False,3-7d,XLV,,UNH|JNJ|LLY,fda_calendar|drug_pricing_policy|patent_cliffs,POST_ANALYSIS_ACTUAL_FILL,LIVE_QUOTE_AT_ANALYSIS,True,1.0000,1.5000,1.0000,-5.0000,7,1.5000,3,SELL_50_PCT_AT_TP1_REST_AT_TP2,MOVE_REMAINDER_TO_BREAK_EVEN,EXIT_AT_OPEN_IF_OPEN_BELOW_SL,SL_FIRST,10,PENDING_ANALYSIS,1.4843,1.4843,2.2264,57.9143,58.6564,53.6085,Indicative levels use the signal close only. Final SL/TP1/TP2 and sizing must be recalculated from the actual post-analysis broker fill.,-28,2026-12-10,False,2026-09-09,1.1500,1.1200,2.7000,ALCISTA FUERTE,10,779.0900,8.4900,73.6000,15.0100,SIDI_INTRADAY_V2: Fund≥6.5 · DD60≥12% · RSI<40 · MACD↑ · Vol↓ · SPY20≤+1% · Abnormal20≤-10%,SIDI_INTRADAY_V2,False
STE,Steris,Health Care,Health Care Equipment,2019-12-23,208.6500,211.6800,213.1700,207.9700,208.6500,2026-10-06,2026-10-07,46.9700,40.9700,UP,0.6305,0.6611,0.4540,False,0.3603,3.6879,0.6720,1.7670,223.3300,226.6000,212.2800,-6.5700,-7.9200,False,-2.0390,BAJISTA,-12.4000,-13.3000,238.1800,240.6600,267.1400,193.9700,-21.9000,7.5700,1.3130,False,False,206.5100,2.0000,219.5100,True,-1.0200,BULL_ENGULF,6.2000,5.0000,6.0000,5.0000,8.0000,7.0000,7.5000,False,False,True,False,False,False,3.5300,5.3000,1.5000,SIDI_INTRADAY_V2,1.8025,-3.0505,0.0830,0.9633,295.0000,XLV,True,25.7280,17.1841,2.8473,3.3987,13.3620,0.1139,0.0680,0.1333,0.4442,0.0730,0.1400,28.3120,1.9060,798862528.0000,805000000.0000,0.9924,20519387136,0.9250,4.6200,1.2400,97500110,5.7000,4.5400,6.7400,5.8400,0.0389,OK,0,5.9000,False,False,False,False,False,False,RSI40|MACD|VOLUME|FUND65|SPY20|ABNORMAL20,False,3-7d,XLV,,UNH|JNJ|LLY,fda_calendar|drug_pricing_policy|patent_cliffs,POST_ANALYSIS_ACTUAL_FILL,LIVE_QUOTE_AT_ANALYSIS,True,1.0000,1.5000,1.0000,-5.0000,7,1.5000,3,SELL_50_PCT_AT_TP1_REST_AT_TP2,MOVE_REMAINDER_TO_BREAK_EVEN,EXIT_AT_OPEN_IF_OPEN_BELOW_SL,SL_FIRST,10,PENDING_ANALYSIS,3.6879,3.6879,5.5319,212.3379,214.1818,198.2175,Indicative levels use the signal close only. Final SL/TP1/TP2 and sizing must be recalculated from the actual post-analysis broker fill.,28,2026-11-04,False,2026-08-05,2.5900,2.4900,3.9000,ALCISTA FUERTE,10,779.0900,8.4900,73.6000,15.0100,SIDI_INTRADAY_V2: Fund≥6.5 · DD60≥12% · RSI<40 · MACD↑ · Vol↓ · SPY20≤+1% · Abnormal20≤-10%,SIDI_INTRADAY_V2,False
DAL,Delta Air Lines,Industrials,Passenger Airlines,2013-09-11,83.6600,84.2400,85.7600,82.8200,83.6600,2026-10-06,2026-10-07,67.1600,67.6100,DOWN,0.3699,0.4471,0.6717,False,0.6926,2.4314,0.9960,2.9060,83.9800,75.6700,82.7100,-0.3900,10.5500,True,2.2645,NEUTRO,-10.1800,-11.9500,93.1400,95.0100,95.4400,54.6000,-12.3500,53.2200,1.2150,False,False,80.6600,2.0000,83.6200,True,-3.5900,NONE,6.0000,8.5000,5.0000,5.0000,7.0000,5.0000,5.0000,False,False,False,False,False,False,5.8100,8.7200,1.5000,SIDI_INTRADAY_V2,1.8025,4.3922,0.7051,0.8732,295.0000,XLI,True,13.6683,10.4478,2.4711,0.7937,9.4760,0.2013,0.0402,0.0578,0.1870,0.1870,-0.2540,96.6490,0.4240,2817374976.0000,3950000128.0000,0.7133,54201290752,1.3360,5.0700,1.0300,657623030,5.8200,5.0000,4.3100,8.5400,0.0520,FCF/NI:0.71|D/E:97,2,5.8900,False,False,False,False,False,False,DD12|RSI40|MACD|VOLUME|FUND65|SPY20|ABNORMAL20,False,7-15d,XLI,,CAT|UNP|HON,pmi_manufacturing|supply_chain|capex_cycle,POST_ANALYSIS_ACTUAL_FILL,LIVE_QUOTE_AT_ANALYSIS,True,1.0000,1.5000,1.0000,-5.0000,7,1.5000,3,SELL_50_PCT_AT_TP1_REST_AT_TP2,MOVE_REMAINDER_TO_BREAK_EVEN,EXIT_AT_OPEN_IF_OPEN_BELOW_SL,SL_FIRST,10,PENDING_ANALYSIS,2.4314,2.4314,3.6471,86.0914,87.3071,79.4770,Indicative levels use the signal close only. Final SL/TP1/TP2 and sizing must be recalculated from the actual post-analysis broker fill.,2,2026-10-09,True,2026-07-10,1.5600,1.4900,4.5000,ALCISTA FUERTE,10,779.0900,8.4900,73.6000,15.0100,SIDI_INTRADAY_V2: Fund≥6.5 · DD60≥12% · RSI<40 · MACD↑ · Vol↓ · SPY20≤+1% · Abnormal20≤-10%,SIDI_INTRADAY_V2,False
AMAT,Applied Materials,Information Technology,Semiconductor Materials & Equipment,1995-03-16,530.2700,546.0000,546.0000,526.5200,530.2700,2026-10-06,2026-10-07,90.9100,63.8900,UP,10.6458,12.0728,11.3482,False,0.8299,17.9021,0.6140,3.3760,487.3000,429.7900,494.0700,8.8200,23.3800,True,5.4643,ALCISTA,-10.8900,-13.5600,595.0600,613.4800,738.8800,202.2800,-28.2300,162.1500,0.7870,True,True,527.0700,1.0000,563.1600,True,-0.6000,HAMMER,7.5000,10.0000,6.0000,7.5000,7.0000,7.0000,7.0000,False,False,False,False,False,True,6.7500,10.1300,1.5000,SIDI_INTRADAY_V2,1.8025,0.5023,-1.0852,2.1555,295.0000,XLK,True,44.7765,28.1038,16.0714,13.3556,41.2540,0.4107,0.1548,0.3005,0.4940,0.2480,0.4280,28.6660,2.4230,3075375104.0000,9267000320.0000,0.3319,411845328896,1.5910,2.2000,0.4000,793597443,4.8000,4.7500,6.5900,2.7800,0.0075,FCF/NI:0.33,1,5.8800,False,False,False,False,False,False,DD12|RSI40|MACD|FUND65|SPY20|ABNORMAL20,False,10-18d,XLK,,AAPL|MSFT|NVDA,interest_rates|ai_capex_cycle|semiconductor_cycle,POST_ANALYSIS_ACTUAL_FILL,LIVE_QUOTE_AT_ANALYSIS,True,1.0000,1.5000,1.0000,-5.0000,7,1.5000,3,SELL_50_PCT_AT_TP1_REST_AT_TP2,MOVE_REMAINDER_TO_BREAK_EVEN,EXIT_AT_OPEN_IF_OPEN_BELOW_SL,SL_FIRST,10,PENDING_ANALYSIS,17.9021,17.9021,26.8531,548.1721,557.1232,503.7565,Indicative levels use the signal close only. Final SL/TP1/TP2 and sizing must be recalculated from the actual post-analysis broker fill.,36,2026-11-12,False,2026-08-13,3.5000,3.3900,3.1000,ALCISTA FUERTE,10,779.0900,8.4900,73.6000,15.0100,SIDI_INTRADAY_V2: Fund≥6.5 · DD60≥12% · RSI<40 · MACD↑ · Vol↓ · SPY20≤+1% · Abnormal20≤-10%,SIDI_INTRADAY_V2,False
DECK,Deckers Brands,Consumer Discretionary,Footwear,2024-03-18,81.6600,80.8300,82.1400,79.2000,81.6600,2026-10-06,2026-10-07,64.8700,40.5600,UP,0.8275,0.6814,0.5335,True,0.9983,2.0229,0.6650,2.4770,87.1500,101.0600,80.6500,-6.3000,-19.1900,False,-1.4517,BAJISTA,-25.1000,-25.9700,109.0300,110.3000,122.2900,77.2000,-33.2200,5.7800,0.9360,False,False,77.3700,1.0000,83.0000,False,-5.2500,HAMMER,5.7500,5.0000,7.0000,5.0000,4.0000,7.0000,7.0000,False,False,True,False,True,False,4.9500,7.4300,1.5000,SIDI_INTRADAY_V2,1.8025,4.9987,-0.3130,1.2982,295.0000,XLY,True,11.2553,9.5578,4.7270,1.9606,7.5430,0.4256,0.2032,0.1836,0.5780,0.0570,0.0110,20.5210,2.7470,871420352.0000,1014840000.0000,0.8587,10836670464,1.1210,3.2000,0.0000,136181857,5.9200,2.5300,7.6900,7.8000,0.0804,OK,0,5.8500,False,False,False,False,False,False,RSI40|VOLUME|FUND65|SPY20|ABNORMAL20,False,3-7d,XLY,,AMZN|TSLA|HD,consumer_spending|employment_data|interest_rates,POST_ANALYSIS_ACTUAL_FILL,LIVE_QUOTE_AT_ANALYSIS,True,1.0000,1.5000,1.0000,-5.0000,7,1.5000,3,SELL_50_PCT_AT_TP1_REST_AT_TP2,MOVE_REMAINDER_TO_BREAK_EVEN,EXIT_AT_OPEN_IF_OPEN_BELOW_SL,SL_FIRST,10,PENDING_ANALYSIS,2.0229,2.0229,3.0343,83.6829,84.6944,77.5770,Indicative levels use the signal close only. Final SL/TP1/TP2 and sizing must be recalculated from the actual post-analysis broker fill.,15,2026-10-22,False,2026-07-23,0.9400,0.8700,7.6000,ALCISTA FUERTE,10,779.0900,8.4900,73.6000,15.0100,SIDI_INTRADAY_V2: Fund≥6.5 · DD60≥12% · RSI<40 · MACD↑ · Vol↓ · SPY20≤+1% · Abnormal20≤-10%,SIDI_INTRADAY_V2,False
JCI,Johnson Controls,Industrials,Building Products,2010-08-27,158.7600,157.6700,160.4100,156.7300,158.7600,2026-10-06,2026-10-07,87.3600,58.0800,UP,1.5426,1.4194,0.9973,True,1.0011,3.2959,0.8040,2.0760,146.2600,137.3400,148.9300,8.5500,15.6000,True,2.4168,ALCISTA,0.0000,-1.0300,158.7600,160.4100,160.4100,103.5900,-1.0300,53.2600,1.1150,True,True,136.6600,8.0000,156.6200,False,-13.9200,NONE,7.0500,10.0000,7.0000,7.5000,6.0000,5.0000,5.0000,False,False,False,False,True,True,4.1500,6.2300,1.5000,SIDI_INTRADAY_V2,1.8025,9.4929,-0.0289,1.2199,295.0000,XLI,True,43.7133,25.3580,6.9526,3.7502,24.2850,0.1433,0.0540,0.1432,0.3665,0.0930,0.1530,70.1070,1.0000,2984124928.0000,2180000000.0000,1.3689,93735452672,1.2800,3.1400,1.0100,605741470,5.0500,5.4100,5.0700,4.6000,0.0318,OK,0,5.8500,False,False,False,False,False,False,DD12|RSI40|FUND65|SPY20|ABNORMAL20,False,10-18d,XLI,,CAT|UNP|HON,pmi_manufacturing|supply_chain|capex_cycle,POST_ANALYSIS_ACTUAL_FILL,LIVE_QUOTE_AT_ANALYSIS,True,1.0000,1.5000,1.0000,-5.0000,7,1.5000,3,SELL_50_PCT_AT_TP1_REST_AT_TP2,MOVE_REMAINDER_TO_BREAK_EVEN,EXIT_AT_OPEN_IF_OPEN_BELOW_SL,SL_FIRST,10,PENDING_ANALYSIS,3.2959,3.2959,4.9439,162.0559,163.7038,150.8220,Indicative levels use the signal close only. Final SL/TP1/TP2 and sizing must be recalculated from the actual post-analysis broker fill.,20,2026-10-27,False,2026-07-29,1.4200,1.3000,9.0000,ALCISTA FUERTE,10,779.0900,8.4900,73.6000,15.0100,SIDI_INTRADAY_V2: Fund≥6.5 · DD60≥12% · RSI<40 · MACD↑ · Vol↓ · SPY20≤+1% · Abnormal20≤-10%,SIDI_INTRADAY_V2,False
MSCI,MSCI,Financials,Financial Exchanges & Data,2018-04-04,554.9200,556.0000,560.6200,551.4100,554.9200,2026-10-06,2026-10-07,58.1100,40.7500,UP,0.8991,0.1115,-0.4780,True,0.7235,11.4779,0.7670,2.0680,559.7300,569.6300,550.5400,-0.8600,-2.5800,False,0.0550,BAJISTA,-12.6100,-13.6300,634.9700,642.4700,642.4700,495.5400,-13.6300,11.9800,0.9760,True,True,543.0600,6.0000,564.1800,True,-2.1400,HAMMER,7.2500,5.5000,7.0000,7.5000,10.0000,7.0000,7.0000,False,False,True,False,True,True,4.1400,6.2100,1.5000,SIDI_INTRADAY_V2,1.8025,9.1064,-0.3249,1.0636,295.0000,XLF,True,30.0866,24.4791,-14.8831,12.0067,23.7140,,0.2113,0.4073,0.8297,0.1220,0.1960,,0.8940,1194705920.0000,1358004992.0000,0.8798,40027529216,1.2370,2.6900,1.4800,72700000,4.9200,5.1400,5.6600,3.8100,0.0298,OK,0,5.8500,False,False,False,False,False,False,RSI40|FUND65|SPY20|ABNORMAL20,False,3-7d,XLF,,JPM|BAC|WFC,interest_rates|yield_curve|credit_spreads|loan_growth,POST_ANALYSIS_ACTUAL_FILL,LIVE_QUOTE_AT_ANALYSIS,True,1.0000,1.5000,1.0000,-5.0000,7,1.5000,3,SELL_50_PCT_AT_TP1_REST_AT_TP2,MOVE_REMAINDER_TO_BREAK_EVEN,EXIT_AT_OPEN_IF_OPEN_BELOW_SL,SL_FIRST,10,PENDING_ANALYSIS,11.4779,11.4779,17.2169,566.3979,572.1368,527.1740,Indicative levels use the signal close only. Final SL/TP1/TP2 and sizing must be recalculated from the actual post-analysis broker fill.,13,2026-10-20,False,2026-07-21,4.9400,4.9800,-84.0000,ALCISTA FUERTE,10,779.0900,8.4900,73.6000,15.0100,SIDI_INTRADAY_V2: Fund≥6.5 · DD60≥12% · RSI<40 · MACD↑ · Vol↓ · SPY20≤+1% · Abnormal20≤-10%,SIDI_INTRADAY_V2,False
SBUX,Starbucks,Consumer Discretionary,Restaurants,2000-06-07,96.1100,94.0500,96.7300,93.8100,96.1100,2026-10-06,2026-10-07,44.0900,28.6000,UP,0.2823,0.1250,-0.0137,True,0.5083,1.8714,0.7280,1.9470,101.8200,98.0100,96.7800,-5.6000,-1.9300,True,1.3121,BAJISTA,-11.4100,-12.5300,108.4900,109.8800,109.8800,76.0500,-12.5300,26.3800,0.8630,True,True,95.3400,1.0000,108.5400,True,-0.8000,HAMMER|BULL_ENGULF,7.5000,7.0000,7.0000,7.5000,8.0000,7.0000,9.5000,False,False,False,False,True,True,3.8900,5.8400,1.5000,SIDI_INTRADAY_V2,1.8025,-6.2398,0.0248,0.4014,295.0000,XLY,True,54.7110,30.3353,-14.0576,2.8144,22.7590,,0.0802,0.0517,0.2234,-0.0140,0.8570,,0.7600,3065537536.0000,1982800000.0000,1.5461,107901001728,0.9750,6.7400,2.5800,1140000000,4.7500,5.0000,5.6200,3.4500,0.0284,OK,0,5.8500,False,False,False,False,False,False,DD12|RSI40|FUND65|SPY20|ABNORMAL20,False,3-7d,XLY,,AMZN|TSLA|HD,consumer_spending|employment_data|interest_rates,POST_ANALYSIS_ACTUAL_FILL,LIVE_QUOTE_AT_ANALYSIS,True,1.0000,1.5000,1.0000,-5.0000,7,1.5000,3,SELL_50_PCT_AT_TP1_REST_AT_TP2,MOVE_REMAINDER_TO_BREAK_EVEN,EXIT_AT_OPEN_IF_OPEN_BELOW_SL,SL_FIRST,10,PENDING_ANALYSIS,1.8714,1.8714,2.8071,97.9814,98.9171,91.3045,Indicative levels use the signal close only. Final SL/TP1/TP2 and sizing must be recalculated from the actual post-analysis broker fill.,21,2026-10-28,False,2026-07-29,0.8500,0.6500,30.8000,ALCISTA FUERTE,10,779.0900,8.4900,73.6000,15.0100,SIDI_INTRADAY_V2: Fund≥6.5 · DD60≥12% · RSI<40 · MACD↑ · Vol↓ · SPY20≤+1% · Abnormal20≤-10%,SIDI_INTRADAY_V2,False
CSCO,Cisco,Information Technology,Communications Equipment,1993-12-01,117.9400,113.5300,118.4000,113.3100,117.9400,2026-10-06,2026-10-07,73.4600,44.4300,UP,1.1564,0.7086,0.1349,True,1.2401,2.7901,0.8540,2.3660,111.7300,97.3400,109.9100,5.5600,21.1600,True,3.5054,ALCISTA,-4.4300,-5.0600,123.4000,124.2300,129.3800,65.6000,-8.8400,79.8000,1.1060,True,True,115.6200,1.0000,121.5500,True,-1.9700,NONE,7.2000,10.0000,7.0000,7.5000,7.0000,5.0000,5.0000,False,False,False,False,True,True,4.7300,7.1000,1.5000,SIDI_INTRADAY_V2,1.8025,1.3238,0.0155,0.5545,295.0000,XLK,True,35.1652,20.8329,9.1894,7.2906,25.7620,0.2732,0.0798,0.2095,0.6452,0.1760,0.5210,62.0170,0.9310,11182624768.0000,13267000320.0000,0.8429,461676904448,0.9790,3.9600,1.4200,3942586873,4.9300,4.3800,5.7800,4.5800,0.0242,OK,0,5.8400,False,False,False,False,False,False,DD12|RSI40|FUND65|SPY20|ABNORMAL20,False,10-18d,XLK,,AAPL|MSFT|NVDA,interest_rates|ai_capex_cycle|semiconductor_cycle,POST_ANALYSIS_ACTUAL_FILL,LIVE_QUOTE_AT_ANALYSIS,True,1.0000,1.5000,1.0000,-5.0000,7,1.5000,3,SELL_50_PCT_AT_TP1_REST_AT_TP2,MOVE_REMAINDER_TO_BREAK_EVEN,EXIT_AT_OPEN_IF_OPEN_BELOW_SL,SL_FIRST,10,PENDING_ANALYSIS,2.7901,2.7901,4.1852,120.7301,122.1251,112.0430,Indicative levels use the signal close only. Final SL/TP1/TP2 and sizing must be recalculated from the actual post-analysis broker fill.,36,2026-11-12,False,2026-08-12,1.2200,1.1700,4.4000,ALCISTA FUERTE,10,779.0900,8.4900,73.6000,15.0100,SIDI_INTRADAY_V2: Fund≥6.5 · DD60≥12% · RSI<40 · MACD↑ · Vol↓ · SPY20≤+1% · Abnormal20≤-10%,SIDI_INTRADAY_V2,False
NEE,NextEra Energy,Utilities,Multi-Utilities,1976-06-30,77.8800,77.0000,78.0400,76.3400,77.8800,2026-10-06,2026-10-07,39.0900,17.1800,UP,0.0891,-0.0842,-0.3022,True,0.4209,1.3114,0.9110,1.6840,82.2800,86.2900,78.4700,-5.3500,-9.7500,False,-0.2909,BAJISTA,-12.6100,-13.7600,89.1200,90.3100,97.3000,74.4100,-19.9600,4.6600,1.0000,False,False,,0.0000,85.8200,False,,NONE,5.5500,5.0000,8.5000,5.0000,4.0000,5.0000,5.0000,False,False,True,True,True,False,3.3700,5.0500,1.5000,SIDI_INTRADAY_V2,1.8025,-2.4731,0.0091,1.0050,295.0000,XLU,True,17.2753,17.5115,2.8069,5.5864,19.2430,0.1168,0.0244,0.3240,0.6102,0.1240,0.5310,161.6760,0.5340,-17766875136.0000,9299000320.0000,-1.9106,160330907648,0.6390,5.1800,3.2000,2085605358,6.0300,10.0000,4.5900,3.0600,-0.1108,FCF/NI:-1.91|D/E:162,2,5.8400,False,False,False,False,False,False,VOLUME|FUND65|SPY20|ABNORMAL20,False,3-7d,XLU,,DUK|SO|D,interest_rates|regulatory_environment,POST_ANALYSIS_ACTUAL_FILL,LIVE_QUOTE_AT_ANALYSIS,True,1.0000,1.5000,1.0000,-5.0000,7,1.5000,3,SELL_50_PCT_AT_TP1_REST_AT_TP2,MOVE_REMAINDER_TO_BREAK_EVEN,EXIT_AT_OPEN_IF_OPEN_BELOW_SL,SL_FIRST,10,PENDING_ANALYSIS,1.3114,1.3114,1.9671,79.1914,79.8471,73.9860,Indicative levels use the signal close only. Final SL/TP1/TP2 and sizing must be recalculated from the actual post-analysis broker fill.,14,2026-10-21,False,2026-07-24,1.1500,1.1100,3.8000,ALCISTA FUERTE,10,779.0900,8.4900,73.6000,15.0100,SIDI_INTRADAY_V2: Fund≥6.5 · DD60≥12% · RSI<40 · MACD↑ · Vol↓ · SPY20≤+1% · Abnormal20≤-10%,SIDI_INTRADAY_V2,False
UNP,Union Pacific Corporation,Industrials,Rail Transportation,1957-03-04,276.6100,276.6200,277.9900,274.8800,276.6100,2026-10-06,2026-10-07,43.3200,32.1500,UP,0.5972,0.4107,-0.4463,True,0.4338,4.5329,0.7650,1.6390,288.8400,263.1200,279.0100,-4.2300,5.1300,True,1.9271,NEUTRO,-10.5400,-12.0600,309.1900,314.5300,314.5300,211.0800,-12.0600,31.0400,0.9070,True,True,256.6700,3.0000,271.9200,False,-7.2100,HAMMER|DOJI|HAMMER|DOJI,7.2500,8.5000,7.0000,7.5000,6.0000,7.0000,7.0000,False,False,False,False,True,True,3.2800,4.9200,1.5000,SIDI_INTRADAY_V2,1.8025,-5.6732,-0.7732,0.8628,295.0000,XLI,True,22.2934,19.3719,7.9038,6.4317,15.0090,0.3970,0.0927,0.2885,0.5628,0.1150,0.0660,150.7720,0.9860,4720750080.0000,7329999872.0000,0.6440,163430187008,0.9540,12.1400,2.0500,594075498,4.9000,4.1500,5.5400,5.0300,0.0289,FCF/NI:0.64|D/E:151,2,5.8400,False,False,False,False,False,False,DD12|RSI40|FUND65|SPY20|ABNORMAL20,False,7-15d,XLI,,CAT|HON|RTX,pmi_manufacturing|supply_chain|capex_cycle,POST_ANALYSIS_ACTUAL_FILL,LIVE_QUOTE_AT_ANALYSIS,True,1.0000,1.5000,1.0000,-5.0000,7,1.5000,3,SELL_50_PCT_AT_TP1_REST_AT_TP2,MOVE_REMAINDER_TO_BREAK_EVEN,EXIT_AT_OPEN_IF_OPEN_BELOW_SL,SL_FIRST,10,PENDING_ANALYSIS,4.5329,4.5329,6.7993,281.1429,283.4094,262.7795,Indicative levels use the signal close only. Final SL/TP1/TP2 and sizing must be recalculated from the actual post-analysis broker fill.,15,2026-10-22,False,2026-07-23,3.4100,3.2400,5.2000,ALCISTA FUERTE,10,779.0900,8.4900,73.6000,15.0100,SIDI_INTRADAY_V2: Fund≥6.5 · DD60≥12% · RSI<40 · MACD↑ · Vol↓ · SPY20≤+1% · Abnormal20≤-10%,SIDI_INTRADAY_V2,False
BA,Boeing,Industrials,Aerospace & Defense,1957-03-04,189.8200,193.0000,193.2300,189.3300,189.8200,2026-10-06,2026-10-07,37.6100,31.9400,UP,-0.0042,-0.0773,-0.8729,True,0.2414,6.3800,1.0650,3.3610,211.5600,220.6000,197.3000,-10.2800,-13.9500,False,0.1125,BAJISTA,-20.9700,-21.2700,240.1900,241.0900,254.3500,176.7700,-25.3700,7.3800,0.8820,False,False,184.0100,1.0000,231.8200,True,-3.0600,HAMMER|DOJI,6.5300,5.5000,8.5000,5.0000,7.0000,6.5000,7.0000,False,False,True,True,True,False,6.7200,10.0800,1.5000,SIDI_INTRADAY_V2,1.8025,-8.5816,0.9429,0.6245,295.0000,XLI,True,66.7625,45.4505,24.2269,1.5710,-61.7640,1.7354,-0.0198,0.0259,0.0471,0.0800,,790.8750,1.1380,5625375232.0000,2088999936.0000,2.6929,147639861248,1.2570,2.7900,0.0000,789792534,5.3400,4.5500,6.8000,4.5700,0.0381,D/E:791,1,5.8200,False,False,False,False,False,False,VOLUME|FUND65|SPY20|ABNORMAL20,False,3-7d,XLI,,CAT|UNP|HON,pmi_manufacturing|supply_chain|capex_cycle,POST_ANALYSIS_ACTUAL_FILL,LIVE_QUOTE_AT_ANALYSIS,True,1.0000,1.5000,1.0000,-5.0000,7,1.5000,3,SELL_50_PCT_AT_TP1_REST_AT_TP2,MOVE_REMAINDER_TO_BREAK_EVEN,EXIT_AT_OPEN_IF_OPEN_BELOW_SL,SL_FIRST,10,PENDING_ANALYSIS,6.3800,6.3800,9.5700,196.2000,199.3900,180.3290,Indicative levels use the signal close only. Final SL/TP1/TP2 and sizing must be recalculated from the actual post-analysis broker fill.,20,2026-10-27,False,2026-07-28,-0.7600,-0.3100,-141.5000,ALCISTA FUERTE,10,779.0900,8.4900,73.6000,15.0100,SIDI_INTRADAY_V2: Fund≥6.5 · DD60≥12% · RSI<40 · MACD↑ · Vol↓ · SPY20≤+1% · Abnormal20≤-10%,SIDI_INTRADAY_V2,False
CB,Chubb Limited,Financials,Property & Casualty Insurance,2010-07-15,334.2100,330.1000,336.0000,329.4500,334.2100,2026-10-06,2026-10-07,37.3900,36.8500,UP,-0.1500,-0.5262,-0.8379,True,0.4239,4.7836,0.7540,1.4310,341.0500,328.3800,334.7900,-2.0100,1.7800,True,1.1882,NEUTRO,-7.7800,-8.3900,362.4100,364.8100,364.8100,262.9000,-8.3900,27.1200,0.7710,True,True,313.1100,1.0000,332.9600,False,-6.3100,HAMMER|DOJI|HAMMER|DOJI|BULL_ENGULF,7.5000,8.5000,8.5000,7.5000,4.0000,7.0000,9.5000,False,False,False,True,True,True,2.8600,4.2900,1.5000,SIDI_INTRADAY_V2,1.8025,6.5205,-0.8684,0.9502,295.0000,XLF,True,11.8842,11.4811,1.7165,2.0911,10.1770,0.1482,0.0336,0.1807,0.3113,0.0610,-0.0070,30.9410,0.4100,10488000512.0000,11185000448.0000,0.9377,129431994368,0.3650,2.2700,1.2300,385799859,4.7000,1.0800,6.0300,7.3900,0.0810,OK,0,5.8200,False,False,False,False,False,False,DD12|FUND65|SPY20|ABNORMAL20,False,7-15d,XLF,,JPM|BAC|WFC,interest_rates|yield_curve|credit_spreads|loan_growth,POST_ANALYSIS_ACTUAL_FILL,LIVE_QUOTE_AT_ANALYSIS,True,1.0000,1.5000,1.0000,-5.0000,7,1.5000,3,SELL_50_PCT_AT_TP1_REST_AT_TP2,MOVE_REMAINDER_TO_BREAK_EVEN,EXIT_AT_OPEN_IF_OPEN_BELOW_SL,SL_FIRST,10,PENDING_ANALYSIS,4.7836,4.7836,7.1754,338.9936,341.3854,317.4995,Indicative levels use the signal close only. Final SL/TP1/TP2 and sizing must be recalculated from the actual post-analysis broker fill.,13,2026-10-20,False,2026-07-21,7.2600,6.7500,7.6000,ALCISTA FUERTE,10,779.0900,8.4900,73.6000,15.0100,SIDI_INTRADAY_V2: Fund≥6.5 · DD60≥12% · RSI<40 · MACD↑ · Vol↓ · SPY20≤+1% · Abnormal20≤-10%,SIDI_INTRADAY_V2,False
UPS,United Parcel Service,Industrials,Air Freight & Logistics,2002-07-22,93.1100,93.2700,93.5200,92.4800,93.1100,2026-10-06,2026-10-07,32.5700,37.5300,DOWN,-0.0966,-0.1741,-0.3057,True,0.2536,1.9950,0.8220,2.1430,100.6500,102.4000,96.1300,-7.4900,-9.0700,False,0.4226,BAJISTA,-19.6400,-20.1200,115.8700,116.5600,116.8600,76.9500,-20.3200,21.0100,0.7950,True,True,92.3100,3.0000,103.6600,True,-0.8600,HAMMER|DOJI|HAMMER,7.1200,5.5000,7.5000,7.5000,9.0000,6.5000,7.0000,True,True,True,True,True,True,4.2900,6.4300,1.5000,SIDI_INTRADAY_V2,1.8025,-7.2854,0.4702,0.5307,295.0000,XLI,True,17.2918,11.5370,5.2544,0.8801,8.5460,0.2960,0.0728,0.0508,0.2241,0.0760,-0.5300,189.9000,1.1790,5593999872.0000,4569999872.0000,1.2241,79148212224,1.0460,6.5300,7.0500,749349405,4.9500,1.9300,5.6200,7.7200,0.0707,D/E:190,1,5.8200,False,False,False,True,False,False,FUND65|SPY20|ABNORMAL20,False,3-7d,XLI,,CAT|UNP|HON,pmi_manufacturing|supply_chain|capex_cycle,POST_ANALYSIS_ACTUAL_FILL,LIVE_QUOTE_AT_ANALYSIS,True,1.0000,1.5000,1.0000,-5.0000,7,1.5000,3,SELL_50_PCT_AT_TP1_REST_AT_TP2,MOVE_REMAINDER_TO_BREAK_EVEN,EXIT_AT_OPEN_IF_OPEN_BELOW_SL,SL_FIRST,10,PENDING_ANALYSIS,1.9950,1.9950,2.9925,95.1050,96.1025,88.4545,Indicative levels use the signal close only. Final SL/TP1/TP2 and sizing must be recalculated from the actual post-analysis broker fill.,20,2026-10-27,False,2026-07-28,1.7600,1.6600,5.8000,ALCISTA FUERTE,10,779.0900,8.4900,73.6000,15.0100,SIDI_INTRADAY_V2: Fund≥6.5 · DD60≥12% · RSI<40 · MACD↑ · Vol↓ · SPY20≤+1% · Abnormal20≤-10%,SIDI_INTRADAY_V2,False
ACN,Accenture,Information Technology,IT Consulting & Other Services,2011-07-06,193.4000,195.4300,196.1600,192.5800,193.4000,2026-10-06,2026-10-07,52.2700,51.2400,UP,1.0608,1.2619,0.7630,False,0.6811,9.9443,1.3260,5.1420,181.8400,192.7300,187.5600,6.3600,0.3500,False,-3.4761,ALCISTA,-8.9000,-15.0400,212.3000,227.6300,285.2100,116.7500,-32.1900,65.6600,0.8830,False,False,175.9400,2.0000,196.2000,False,-9.0300,NONE,5.6500,8.0000,6.0000,5.0000,4.0000,5.0000,5.0000,False,False,False,False,False,False,10.2800,15.4300,1.5000,SIDI_INTRADAY_V2,1.8025,12.8891,1.7026,-1.0767,295.0000,XLK,True,14.4089,12.2669,3.6889,1.6117,8.3530,0.2602,0.1053,0.1128,0.3205,0.0620,0.4640,40.2830,1.4270,11181248512.0000,8367055872.0000,1.3363,119564296192,1.1020,5.1900,3.5100,611942109,5.9200,2.5800,6.1600,9.5400,0.0935,OK,0,5.8100,False,False,False,False,False,False,DD12|RSI40|MACD|VOLUME|FUND65|SPY20|ABNORMAL20,False,10-18d,XLK,,AAPL|MSFT|NVDA,interest_rates|ai_capex_cycle|semiconductor_cycle,POST_ANALYSIS_ACTUAL_FILL,LIVE_QUOTE_AT_ANALYSIS,True,1.0000,1.5000,1.0000,-5.0000,7,1.5000,3,SELL_50_PCT_AT_TP1_REST_AT_TP2,MOVE_REMAINDER_TO_BREAK_EVEN,EXIT_AT_OPEN_IF_OPEN_BELOW_SL,SL_FIRST,10,PENDING_ANALYSIS,9.9443,9.9443,14.9165,203.3443,208.3165,183.7300,Indicative levels use the signal close only. Final SL/TP1/TP2 and sizing must be recalculated from the actual post-analysis broker fill.,71,2026-12-17,False,2026-10-01,3.2900,3.1800,3.4000,ALCISTA FUERTE,10,779.0900,8.4900,73.6000,15.0100,SIDI_INTRADAY_V2: Fund≥6.5 · DD60≥12% · RSI<40 · MACD↑ · Vol↓ · SPY20≤+1% · Abnormal20≤-10%,SIDI_INTRADAY_V2,False
KEY,KeyCorp,Financials,Regional Banks,1994-03-01,20.1400,20.3000,20.3500,20.0100,20.1400,2026-10-06,2026-10-07,36.5700,25.8300,UP,-0.0132,-0.0305,-0.0682,True,0.2763,0.3650,0.8430,1.8120,21.6100,21.2600,20.6600,-6.8200,-5.2500,True,1.0668,BAJISTA,-15.2400,-15.5300,23.7600,23.8400,23.8400,15.8200,-15.5300,27.3100,0.9480,False,False,20.3400,2.0000,23.4200,True,0.9900,NONE,6.7800,7.0000,8.5000,5.0000,8.0000,6.5000,5.0000,False,False,True,True,True,False,3.6200,5.4400,1.5000,SIDI_INTRADAY_V2,1.8025,-2.6446,0.1970,0.9421,295.0000,XLF,True,11.4564,9.1879,1.2212,2.8528,,0.1033,0.0108,0.2754,0.0000,0.1010,0.2530,,,,1886000000.0000,,21027768320,1.0870,2.9700,4.0700,1067128554,5.1700,5.4600,4.4300,5.6900,,OK,0,5.8100,False,False,False,False,False,False,VOLUME|FUND65|SPY20|ABNORMAL20,False,3-7d,XLF,,JPM|BAC|WFC,interest_rates|yield_curve|credit_spreads|loan_growth,POST_ANALYSIS_ACTUAL_FILL,LIVE_QUOTE_AT_ANALYSIS,True,1.0000,1.5000,1.0000,-5.0000,7,1.5000,3,SELL_50_PCT_AT_TP1_REST_AT_TP2,MOVE_REMAINDER_TO_BREAK_EVEN,EXIT_AT_OPEN_IF_OPEN_BELOW_SL,SL_FIRST,10,PENDING_ANALYSIS,0.3650,0.3650,0.5475,20.5050,20.6875,19.1330,Indicative levels use the signal close only. Final SL/TP1/TP2 and sizing must be recalculated from the actual post-analysis broker fill.,13,2026-10-20,False,2026-07-21,0.4400,0.4200,4.4000,ALCISTA FUERTE,10,779.0900,8.4900,73.6000,15.0100,SIDI_INTRADAY_V2: Fund≥6.5 · DD60≥12% · RSI<40 · MACD↑ · Vol↓ · SPY20≤+1% · Abnormal20≤-10%,SIDI_INTRADAY_V2,False
FCX,Freeport-McMoRan,Materials,Copper,2011-07-01,72.5600,72.8400,73.2900,70.8900,72.5600,2026-10-06,2026-10-07,61.8600,33.2100,UP,-0.0651,-0.1578,-0.4451,True,0.6399,2.4650,0.8660,3.3970,70.9300,63.6900,71.7800,2.2900,13.9200,True,4.5561,ALCISTA,-9.2000,-9.5700,79.9100,80.2400,80.2400,38.2700,-9.5700,89.6200,0.8120,True,True,67.0100,1.0000,71.7500,False,-7.6500,HAMMER|HAMMER,6.9500,10.0000,7.0000,7.5000,4.0000,5.0000,7.0000,False,False,False,False,True,True,6.7900,10.1900,1.5000,SIDI_INTRADAY_V2,1.8025,-4.7358,1.5525,1.1197,295.0000,XLB,True,35.2217,16.6846,5.1060,3.9692,12.8310,0.1475,0.0759,0.1139,0.3827,-0.0730,0.2810,32.1490,2.0660,2159249920.0000,2936000000.0000,0.7354,102675251200,1.3890,2.3400,0.8300,1436017523,5.0400,5.0000,6.2300,3.7000,0.0210,FCF/NI:0.74,1,5.8000,False,False,False,False,False,False,DD12|RSI40|FUND65|SPY20|ABNORMAL20,False,10-18d,XLB,,LIN|APD|ECL,commodity_prices|dxy|china_demand|energy_costs,POST_ANALYSIS_ACTUAL_FILL,LIVE_QUOTE_AT_ANALYSIS,True,1.0000,1.5000,1.0000,-5.0000,7,1.5000,3,SELL_50_PCT_AT_TP1_REST_AT_TP2,MOVE_REMAINDER_TO_BREAK_EVEN,EXIT_AT_OPEN_IF_OPEN_BELOW_SL,SL_FIRST,10,PENDING_ANALYSIS,2.4650,2.4650,3.6975,75.0250,76.2575,68.9320,Indicative levels use the signal close only. Final SL/TP1/TP2 and sizing must be recalculated from the actual post-analysis broker fill.,20,2026-10-27,False,2026-07-23,0.7400,0.6200,18.5000,ALCISTA FUERTE,10,779.0900,8.4900,73.6000,15.0100,SIDI_INTRADAY_V2: Fund≥6.5 · DD60≥12% · RSI<40 · MACD↑ · Vol↓ · SPY20≤+1% · Abnormal20≤-10%,SIDI_INTRADAY_V2,False
IT,Gartner,Information Technology,IT Consulting & Other Services,2017-04-05,184.9200,188.4700,189.9900,184.6100,184.9200,2026-10-06,2026-10-07,42.6900,64.0300,DOWN,-0.2122,-0.0620,0.0614,False,0.5078,7.5529,0.8620,4.0840,183.9500,172.4600,185.6100,0.5300,7.2300,True,-2.7411,ALCISTA,-8.8100,-9.4800,202.7800,204.2900,261.1000,124.2500,-29.1800,48.8300,0.6410,True,True,176.0400,1.0000,194.5300,False,-4.8000,NONE,6.2500,9.5000,5.0000,7.5000,4.0000,5.0000,5.0000,False,False,False,False,False,True,8.1700,12.2500,1.5000,SIDI_INTRADAY_V2,1.8025,7.6086,1.3936,-0.8118,295.0000,XLK,True,16.8499,11.3942,-71.7321,1.8207,9.7680,1.1358,0.1017,0.1200,0.6963,-0.0060,0.3310,,0.8800,1052553024.0000,775350976.0000,1.3575,11768442880,0.9780,6.9900,0.0000,63148976,5.5000,1.4900,7.4000,7.9500,0.0894,OK,0,5.8000,False,False,False,False,False,False,DD12|RSI40|MACD|FUND65|SPY20|ABNORMAL20,False,10-18d,XLK,,AAPL|MSFT|NVDA,interest_rates|ai_capex_cycle|semiconductor_cycle,POST_ANALYSIS_ACTUAL_FILL,LIVE_QUOTE_AT_ANALYSIS,True,1.0000,1.5000,1.0000,-5.0000,7,1.5000,3,SELL_50_PCT_AT_TP1_REST_AT_TP2,MOVE_REMAINDER_TO_BREAK_EVEN,EXIT_AT_OPEN_IF_OPEN_BELOW_SL,SL_FIRST,10,PENDING_ANALYSIS,7.5529,7.5529,11.3293,192.4729,196.2493,175.6740,Indicative levels use the signal close only. Final SL/TP1/TP2 and sizing must be recalculated from the actual post-analysis broker fill.,27,2026-11-03,False,2026-08-04,4.3700,3.7300,17.1000,ALCISTA FUERTE,10,779.0900,8.4900,73.6000,15.0100,SIDI_INTRADAY_V2: Fund≥6.5 · DD60≥12% · RSI<40 · MACD↑ · Vol↓ · SPY20≤+1% · Abnormal20≤-10%,SIDI_INTRADAY_V2,False
IR,Ingersoll Rand,Industrials,Industrial Machinery & Supplies & Components,2020-03-03,79.2100,79.1300,80.5450,78.8800,79.2100,2026-10-06,2026-10-07,75.8500,62.3900,UP,0.8160,0.7187,0.5927,True,1.0200,2.1007,0.8960,2.6520,78.9700,81.5300,76.0100,0.3000,-2.8500,False,-0.5755,BAJISTA,-11.9700,-13.6800,89.9800,91.7600,100.8900,68.0500,-21.4900,16.3900,0.7750,False,False,79.5300,1.0000,83.1800,True,0.4100,HAMMER|BULL_ENGULF|HAMMER|DOJI,6.6000,6.5000,7.0000,5.0000,8.0000,5.0000,9.5000,False,False,False,False,True,False,5.3000,7.9600,1.5000,SIDI_INTRADAY_V2,1.8025,10.2061,-0.1443,1.4336,295.0000,XLI,True,31.5556,19.6034,2.9233,3.7460,17.1360,0.0947,0.0510,0.1208,0.4282,0.0850,,47.9030,1.6160,1107425024.0000,959100032.0000,1.1547,29751795712,1.1520,3.8500,0.1000,387999429,5.2600,4.7100,5.3000,5.8400,0.0372,OK,0,5.8000,False,False,False,False,False,False,DD12|RSI40|VOLUME|FUND65|SPY20|ABNORMAL20,False,3-7d,XLI,,CAT|UNP|HON,pmi_manufacturing|supply_chain|capex_cycle,POST_ANALYSIS_ACTUAL_FILL,LIVE_QUOTE_AT_ANALYSIS,True,1.0000,1.5000,1.0000,-5.0000,7,1.5000,3,SELL_50_PCT_AT_TP1_REST_AT_TP2,MOVE_REMAINDER_TO_BREAK_EVEN,EXIT_AT_OPEN_IF_OPEN_BELOW_SL,SL_FIRST,10,PENDING_ANALYSIS,2.1007,2.1007,3.1510,81.3107,82.3610,75.2495,Indicative levels use the signal close only. Final SL/TP1/TP2 and sizing must be recalculated from the actual post-analysis broker fill.,22,2026-10-29,False,2026-07-30,0.8600,0.8300,4.1000,ALCISTA FUERTE,10,779.0900,8.4900,73.6000,15.0100,SIDI_INTRADAY_V2: Fund≥6.5 · DD60≥12% · RSI<40 · MACD↑ · Vol↓ · SPY20≤+1% · Abnormal20≤-10%,SIDI_INTRADAY_V2,False
KHC,Kraft Heinz,Consumer Staples,Packaged Foods & Meats,2015-07-06,22.0300,21.9100,22.2500,21.7600,22.0300,2026-10-06,2026-10-07,8.0700,28.0300,DOWN,-0.2185,-0.2326,-0.1865,True,0.0640,0.5441,0.7770,2.4700,24.6100,23.2500,23.4600,-10.4700,-5.2300,True,0.0860,BAJISTA,-18.9600,-20.3200,27.1900,27.6500,27.6500,20.3400,-20.3200,8.3300,0.9340,True,True,22.0600,1.0000,23.3500,True,0.1400,NONE,7.8000,7.0000,8.5000,7.5000,8.0000,10.0000,5.0000,True,False,True,True,True,True,4.9400,7.4100,1.5000,SIDI_INTRADAY_V2,1.8025,-12.0020,-0.0441,1.1316,295.0000,XLP,True,,10.4883,0.7212,1.0427,7.7490,-0.0876,0.0363,-0.1364,0.3350,-0.0140,,52.5910,1.0610,3250500096.0000,-3396000000.0000,-0.9572,25963612160,0.1110,4.2300,7.2600,1185823758,4.4600,2.5000,3.3800,8.0000,0.1252,FCF/NI:-0.96|ROE:-8.8%,2,5.8000,False,False,True,True,False,False,FUND65|SPY20,False,5-10d,XLP,,PG|KO|PEP,inflation|input_costs|fx_rates,POST_ANALYSIS_ACTUAL_FILL,LIVE_QUOTE_AT_ANALYSIS,True,1.0000,1.5000,1.0000,-5.0000,7,1.5000,3,SELL_50_PCT_AT_TP1_REST_AT_TP2,MOVE_REMAINDER_TO_BREAK_EVEN,EXIT_AT_OPEN_IF_OPEN_BELOW_SL,SL_FIRST,10,PENDING_ANALYSIS,0.5441,0.5441,0.8162,22.5741,22.8462,20.9285,Indicative levels use the signal close only. Final SL/TP1/TP2 and sizing must be recalculated from the actual post-analysis broker fill.,21,2026-10-28,False,2026-08-05,0.5600,0.5300,5.6000,ALCISTA FUERTE,10,779.0900,8.4900,73.6000,15.0100,SIDI_INTRADAY_V2: Fund≥6.5 · DD60≥12% · RSI<40 · MACD↑ · Vol↓ · SPY20≤+1% · Abnormal20≤-10%,SIDI_INTRADAY_V2,False
LDOS,Leidos,Industrials,Diversified Support Services,2019-08-09,116.6900,118.0200,118.7700,115.8000,116.6900,2026-10-06,2026-10-07,25.1200,40.6200,DOWN,-0.8884,-0.8317,-0.7800,False,0.0264,3.2936,0.8100,2.8220,130.3700,145.6800,124.4000,-10.4900,-19.9000,False,-3.9870,BAJISTA,-19.9900,-20.5400,145.8400,146.8500,203.4100,98.5400,-42.6300,18.4200,0.9380,True,True,103.5600,1.0000,133.7500,False,-11.2500,NONE,6.3000,5.0000,7.5000,7.5000,4.0000,8.0000,5.0000,False,False,True,True,False,True,5.6400,8.4700,1.5000,SIDI_INTRADAY_V2,1.8025,-5.3621,0.2180,0.0934,295.0000,XLI,True,10.5994,8.8994,2.6961,0.8098,8.6170,0.2778,0.0891,0.0780,0.1779,0.0720,-0.0670,123.2760,1.6290,1146625024.0000,1376000000.0000,0.8333,14279165952,0.5900,4.6200,1.4700,125785466,5.4700,1.8000,5.7900,9.3900,0.0803,D/E:123,1,5.8000,False,False,False,False,False,False,MACD|FUND65|SPY20|ABNORMAL20,False,3-7d,XLI,,CAT|UNP|HON,pmi_manufacturing|supply_chain|capex_cycle,POST_ANALYSIS_ACTUAL_FILL,LIVE_QUOTE_AT_ANALYSIS,True,1.0000,1.5000,1.0000,-5.0000,7,1.5000,3,SELL_50_PCT_AT_TP1_REST_AT_TP2,MOVE_REMAINDER_TO_BREAK_EVEN,EXIT_AT_OPEN_IF_OPEN_BELOW_SL,SL_FIRST,10,PENDING_ANALYSIS,3.2936,3.2936,4.9404,119.9836,121.6304,110.8555,Indicative levels use the signal close only. Final SL/TP1/TP2 and sizing must be recalculated from the actual post-analysis broker fill.,27,2026-11-03,False,2026-08-04,3.2600,2.9100,12.1000,ALCISTA FUERTE,10,779.0900,8.4900,73.6000,15.0100,SIDI_INTRADAY_V2: Fund≥6.5 · DD60≥12% · RSI<40 · MACD↑ · Vol↓ · SPY20≤+1% · Abnormal20≤-10%,SIDI_INTRADAY_V2,False
HII,Huntington Ingalls Industries,Industrials,Aerospace & Defense,2018-01-03,263.7500,269.9000,269.9000,258.5700,263.7500,2026-10-06,2026-10-07,37.0500,19.8300,UP,0.5711,0.6361,0.1995,False,0.2337,7.5321,0.8600,2.8560,292.7200,340.8800,272.6000,-9.9000,-22.6300,False,-1.1324,BAJISTA,-19.9000,-20.7900,329.2700,332.9800,455.9000,256.7900,-42.1500,2.7100,1.1100,False,False,262.4000,1.0000,294.8200,True,-0.5100,NONE,6.0200,5.0000,7.5000,5.0000,7.0000,6.5000,5.0000,False,False,True,True,False,False,5.7100,8.5700,1.5000,SIDI_INTRADAY_V2,1.8025,-1.2805,0.0543,0.6471,295.0000,XLI,True,15.5313,12.5305,1.9332,0.7789,11.3810,0.1297,0.0428,0.0501,0.1240,0.1090,0.3650,55.2520,1.2300,-300249984.0000,661000000.0000,-0.4542,10269429760,0.2100,3.0100,2.0900,39404598,5.6400,7.9800,4.0100,4.8000,-0.0292,FCF/NI:-0.45,1,5.7900,False,False,False,False,False,False,MACD|VOLUME|FUND65|SPY20|ABNORMAL20,False,3-7d,XLI,,CAT|UNP|HON,pmi_manufacturing|supply_chain|capex_cycle,POST_ANALYSIS_ACTUAL_FILL,LIVE_QUOTE_AT_ANALYSIS,True,1.0000,1.5000,1.0000,-5.0000,7,1.5000,3,SELL_50_PCT_AT_TP1_REST_AT_TP2,MOVE_REMAINDER_TO_BREAK_EVEN,EXIT_AT_OPEN_IF_OPEN_BELOW_SL,SL_FIRST,10,PENDING_ANALYSIS,7.5321,7.5321,11.2981,271.2821,275.0482,250.5625,Indicative levels use the signal close only. Final SL/TP1/TP2 and sizing must be recalculated from the actual post-analysis broker fill.,22,2026-10-29,False,2026-07-30,5.2700,3.8200,38.0000,ALCISTA FUERTE,10,779.0900,8.4900,73.6000,15.0100,SIDI_INTRADAY_V2: Fund≥6.5 · DD60≥12% · RSI<40 · MACD↑ · Vol↓ · SPY20≤+1% · Abnormal20≤-10%,SIDI_INTRADAY_V2,False
NWSA,News Corp (Class A),Communication Services,Publishing,2013-08-01,28.5500,28.9100,28.9900,28.2900,28.5500,2026-10-06,2026-10-07,31.7000,39.9300,DOWN,-0.0881,-0.0961,-0.1686,True,0.2670,0.7136,0.9740,2.4990,29.3500,26.4800,29.1000,-2.7300,7.8200,True,1.4352,NEUTRO,-8.1600,-9.5200,31.0900,31.5500,31.5500,22.0300,-9.5200,29.5800,0.7810,True,True,26.2000,1.0000,28.9800,False,-8.2200,NONE,6.7700,8.5000,7.5000,7.5000,4.0000,6.5000,5.0000,False,False,False,True,True,True,5.0000,7.5000,1.5000,SIDI_INTRADAY_V2,1.8025,-8.5143,-0.6229,0.8949,295.0000,XLC,True,27.5728,18.7865,1.8102,1.6958,12.6840,0.0798,0.0466,0.0635,0.5717,0.1080,-0.7490,31.5610,1.6230,1045124992.0000,573000000.0000,1.8240,15309937664,0.9760,3.2500,0.7000,359580644,5.1300,2.5000,6.3700,6.7600,0.0683,OK,0,5.7900,False,False,False,False,False,False,DD12|FUND65|SPY20|ABNORMAL20,False,7-15d,XLC,,GOOGL|META|NFLX,ad_spending_cycle|streaming_competition|regulation,POST_ANALYSIS_ACTUAL_FILL,LIVE_QUOTE_AT_ANALYSIS,True,1.0000,1.5000,1.0000,-5.0000,7,1.5000,3,SELL_50_PCT_AT_TP1_REST_AT_TP2,MOVE_REMAINDER_TO_BREAK_EVEN,EXIT_AT_OPEN_IF_OPEN_BELOW_SL,SL_FIRST,10,PENDING_ANALYSIS,0.7136,0.7136,1.0704,29.2636,29.6204,27.1225,Indicative levels use the signal close only. Final SL/TP1/TP2 and sizing must be recalculated from the actual post-analysis broker fill.,29,2026-11-05,False,2026-08-05,0.3500,0.2300,51.2000,ALCISTA FUERTE,10,779.0900,8.4900,73.6000,15.0100,SIDI_INTRADAY_V2: Fund≥6.5 · DD60≥12% · RSI<40 · MACD↑ · Vol↓ · SPY20≤+1% · Abnormal20≤-10%,SIDI_INTRADAY_V2,False
PFE,Pfizer,Health Care,Pharmaceuticals,1957-03-04,27.5000,27.4800,27.7100,27.2000,27.5000,2026-10-06,2026-10-07,50.7500,77.3300,DOWN,-0.1346,-0.1107,-0.0135,False,0.2475,0.4986,0.9390,1.8130,27.4400,25.8400,27.9600,0.2100,6.4300,True,1.4521,ALCISTA,-5.2400,-5.8500,29.0200,29.2100,29.2100,22.5700,-5.8500,21.8600,0.7400,True,True,27.4400,2.0000,29.2100,True,-0.2000,HAMMER|DOJI,7.2200,10.0000,5.0000,7.5000,7.0000,6.5000,7.0000,False,False,False,False,False,True,3.6300,5.4400,1.5000,SIDI_INTRADAY_V2,1.8025,-0.7743,0.0504,0.6680,295.0000,XLV,True,36.8355,9.6640,1.8728,2.5051,8.2270,0.0501,0.0578,0.0680,0.7472,0.0260,,74.2530,1.2670,12485624832.0000,4338999808.0000,2.8775,159562366976,0.2760,4.6400,6.2500,5699673589,4.8300,3.0800,4.7000,7.0300,0.0782,OK,0,5.7900,False,False,False,False,False,False,DD12|RSI40|MACD|FUND65|SPY20|ABNORMAL20,False,10-18d,XLV,,UNH|JNJ|LLY,fda_calendar|drug_pricing_policy|patent_cliffs,POST_ANALYSIS_ACTUAL_FILL,LIVE_QUOTE_AT_ANALYSIS,True,1.0000,1.5000,1.0000,-5.0000,7,1.5000,3,SELL_50_PCT_AT_TP1_REST_AT_TP2,MOVE_REMAINDER_TO_BREAK_EVEN,EXIT_AT_OPEN_IF_OPEN_BELOW_SL,SL_FIRST,10,PENDING_ANALYSIS,0.4986,0.4986,0.7479,27.9986,28.2479,26.1250,Indicative levels use the signal close only. Final SL/TP1/TP2 and sizing must be recalculated from the actual post-analysis broker fill.,27,2026-11-03,False,2026-08-04,0.7700,0.6800,12.9000,ALCISTA FUERTE,10,779.0900,8.4900,73.6000,15.0100,SIDI_INTRADAY_V2: Fund≥6.5 · DD60≥12% · RSI<40 · MACD↑ · Vol↓ · SPY20≤+1% · Abnormal20≤-10%,SIDI_INTRADAY_V2,False
AZO,AutoZone,Consumer Discretionary,Automotive Retail,1997-01-02,2898.5700,2823.1599,2921.0000,2821.3301,2898.5701,2026-10-06,2026-10-07,54.8700,46.8600,UP,4.1308,-1.8958,1.2472,True,0.7113,91.0571,1.0960,3.1410,2957.1300,3291.1600,2872.5900,-1.9800,-11.9300,False,-2.5439,BAJISTA,-7.7500,-8.6200,3142.1700,3172.0700,4224.0801,2730.6499,-31.3800,6.1500,0.7280,False,False,2931.7500,7.0000,2999.3000,True,1.1400,NONE,6.0000,5.0000,7.0000,5.0000,9.0000,5.0000,5.0000,False,False,False,False,True,False,6.2800,9.4200,1.5000,SIDI_INTRADAY_V2,1.8025,2.0243,-0.7713,0.8065,295.0000,XLY,True,18.8924,14.9816,-18.6261,2.2918,13.6840,,0.1135,0.1265,0.5234,0.0560,0.1500,,0.9010,,2572776960.0000,,46611070976,0.3980,1.6400,0.0000,16173000,5.6400,7.4500,4.9100,4.4000,,OK,0,5.7800,False,False,False,False,False,False,DD12|RSI40|VOLUME|FUND65|SPY20|ABNORMAL20,False,3-7d,XLY,,AMZN|TSLA|HD,consumer_spending|employment_data|interest_rates,POST_ANALYSIS_ACTUAL_FILL,LIVE_QUOTE_AT_ANALYSIS,True,1.0000,1.5000,1.0000,-5.0000,7,1.5000,3,SELL_50_PCT_AT_TP1_REST_AT_TP2,MOVE_REMAINDER_TO_BREAK_EVEN,EXIT_AT_OPEN_IF_OPEN_BELOW_SL,SL_FIRST,10,PENDING_ANALYSIS,91.0571,91.0571,136.5857,2989.6271,3035.1557,2753.6415,Indicative levels use the signal close only. Final SL/TP1/TP2 and sizing must be recalculated from the actual post-analysis broker fill.,62,2026-12-08,False,2026-09-22,56.0500,53.8900,4.0000,ALCISTA FUERTE,10,779.0900,8.4900,73.6000,15.0100,SIDI_INTRADAY_V2: Fund≥6.5 · DD60≥12% · RSI<40 · MACD↑ · Vol↓ · SPY20≤+1% · Abnormal20≤-10%,SIDI_INTRADAY_V2,False
KKR,KKR & Co.,Financials,Asset Management & Custody Banks,2024-06-24,90.6700,90.2000,91.6300,89.7800,90.6700,2026-10-06,2026-10-07,32.5000,27.0300,UP,-0.6280,-0.7801,-0.8660,True,0.1660,2.7193,0.7720,2.9990,102.8800,102.2500,96.0600,-11.8700,-11.3200,True,-2.8671,BAJISTA,-21.3600,-22.2200,115.3000,116.5700,144.0200,82.3500,-37.0400,10.1000,1.1460,False,False,90.9100,1.0000,98.6000,True,0.2600,HAMMER|DOJI,7.0300,6.5000,8.5000,5.0000,7.0000,8.5000,7.0000,False,False,True,True,True,False,6.0000,9.0000,1.5000,SIDI_INTRADAY_V2,1.8025,-9.1537,0.6427,1.1152,295.0000,XLF,True,28.3610,12.0536,2.7959,3.1737,,0.0728,0.0139,0.1220,0.5477,0.0780,0.4000,69.8120,0.8560,,2990256128.0000,,81987125248,1.8270,3.7400,0.8600,897635601,4.9400,6.5200,3.9000,4.3100,,OK,0,5.7800,False,False,False,False,False,False,VOLUME|FUND65|SPY20|ABNORMAL20,False,3-7d,XLF,,JPM|BAC|WFC,interest_rates|yield_curve|credit_spreads|loan_growth,POST_ANALYSIS_ACTUAL_FILL,LIVE_QUOTE_AT_ANALYSIS,True,1.0000,1.5000,1.0000,-5.0000,7,1.5000,3,SELL_50_PCT_AT_TP1_REST_AT_TP2,MOVE_REMAINDER_TO_BREAK_EVEN,EXIT_AT_OPEN_IF_OPEN_BELOW_SL,SL_FIRST,10,PENDING_ANALYSIS,2.7193,2.7193,4.0789,93.3893,94.7490,86.1365,Indicative levels use the signal close only. Final SL/TP1/TP2 and sizing must be recalculated from the actual post-analysis broker fill.,33,2026-11-09,False,2026-07-30,1.6300,1.4300,14.2000,ALCISTA FUERTE,10,779.0900,8.4900,73.6000,15.0100,SIDI_INTRADAY_V2: Fund≥6.5 · DD60≥12% · RSI<40 · MACD↑ · Vol↓ · SPY20≤+1% · Abnormal20≤-10%,SIDI_INTRADAY_V2,False
SYY,Sysco,Consumer Staples,Food Distributors,1986-12-31,77.4500,76.5700,77.4600,76.5200,77.4500,2026-10-06,2026-10-07,45.3100,36.2000,UP,-0.0139,-0.0744,-0.0803,True,0.3453,1.2727,0.7260,1.6430,80.9900,78.7200,78.4100,-4.3800,-1.6200,True,0.7687,BAJISTA,-8.5800,-9.9800,84.7200,86.0400,89.9200,66.7600,-13.8700,16.0100,0.6460,False,False,72.0400,1.0000,76.4600,False,-6.9900,HAMMER|DOJI,6.3000,7.0000,7.0000,5.0000,5.0000,7.0000,7.0000,False,False,False,False,True,False,3.2900,4.9300,1.5000,SIDI_INTRADAY_V2,1.8025,-0.3932,0.2703,0.6190,295.0000,XLP,True,21.0769,14.3780,13.8470,0.4488,11.2110,0.7769,0.0797,0.0208,0.1850,0.0470,0.0530,564.5910,1.2770,1914000000.0000,1756999936.0000,1.0894,37946982400,0.6400,3.9700,2.8400,491913960,5.4300,3.1400,6.9100,6.3600,0.0504,D/E:565,1,5.7800,False,False,False,False,False,False,DD12|RSI40|VOLUME|FUND65|SPY20|ABNORMAL20,False,3-7d,XLP,,PG|KO|PEP,inflation|input_costs|fx_rates,POST_ANALYSIS_ACTUAL_FILL,LIVE_QUOTE_AT_ANALYSIS,True,1.0000,1.5000,1.0000,-5.0000,7,1.5000,3,SELL_50_PCT_AT_TP1_REST_AT_TP2,MOVE_REMAINDER_TO_BREAK_EVEN,EXIT_AT_OPEN_IF_OPEN_BELOW_SL,SL_FIRST,10,PENDING_ANALYSIS,1.2727,1.2727,1.9090,78.7227,79.3590,73.5775,Indicative levels use the signal close only. Final SL/TP1/TP2 and sizing must be recalculated from the actual post-analysis broker fill.,27,2026-11-03,False,2026-08-04,1.5300,1.5100,1.2000,ALCISTA FUERTE,10,779.0900,8.4900,73.6000,15.0100,SIDI_INTRADAY_V2: Fund≥6.5 · DD60≥12% · RSI<40 · MACD↑ · Vol↓ · SPY20≤+1% · Abnormal20≤-10%,SIDI_INTRADAY_V2,False
ZTS,Zoetis,Health Care,Pharmaceuticals,2013-06-21,71.3300,71.8800,72.3000,70.5900,71.3300,2026-10-06,2026-10-07,42.8700,35.0200,UP,0.0472,-0.0611,-0.2597,True,0.4344,1.8279,0.7770,2.5630,74.2100,97.0300,71.7800,-3.8800,-26.4900,False,-4.7060,BAJISTA,-8.4700,-11.0300,77.9300,80.1700,145.5100,68.7700,-50.9800,3.7200,0.7540,True,True,72.4400,6.0000,77.9300,True,1.5500,NONE,6.8000,5.0000,7.0000,7.5000,9.0000,7.0000,5.0000,False,False,False,False,True,True,5.1300,7.6900,1.5000,SIDI_INTRADAY_V2,1.8025,5.9607,0.1258,0.8903,295.0000,XLV,True,11.7467,10.9128,9.1109,3.0984,9.1130,0.6491,0.1535,0.2768,0.7174,-0.0020,0.0120,293.9960,3.0840,2016999936.0000,2636999936.0000,0.7649,29512429568,0.7400,3.7600,2.9700,413223602,5.1000,0.0000,7.4900,8.2700,0.0683,D/E:294,1,5.7800,False,False,False,False,False,False,DD12|RSI40|FUND65|SPY20|ABNORMAL20,False,3-7d,XLV,,UNH|JNJ|LLY,fda_calendar|drug_pricing_policy|patent_cliffs,POST_ANALYSIS_ACTUAL_FILL,LIVE_QUOTE_AT_ANALYSIS,True,1.0000,1.5000,1.0000,-5.0000,7,1.5000,3,SELL_50_PCT_AT_TP1_REST_AT_TP2,MOVE_REMAINDER_TO_BREAK_EVEN,EXIT_AT_OPEN_IF_OPEN_BELOW_SL,SL_FIRST,10,PENDING_ANALYSIS,1.8279,1.8279,2.7419,73.1579,74.0718,67.7635,Indicative levels use the signal close only. Final SL/TP1/TP2 and sizing must be recalculated from the actual post-analysis broker fill.,29,2026-11-05,False,2026-08-06,1.8700,1.8500,95.0000,ALCISTA FUERTE,10,779.0900,8.4900,73.6000,15.0100,SIDI_INTRADAY_V2: Fund≥6.5 · DD60≥12% · RSI<40 · MACD↑ · Vol↓ · SPY20≤+1% · Abnormal20≤-10%,SIDI_INTRADAY_V2,False
DOV,Dover Corporation,Industrials,Industrial Machinery & Supplies & Components,1985-10-31,191.8800,192.8800,194.7700,191.4100,191.8800,2026-10-06,2026-10-07,58.0900,45.8900,UP,0.9263,0.8198,0.6158,True,0.8915,3.9371,0.8450,2.0520,196.8600,209.1100,190.6800,-2.5300,-8.2400,False,0.0356,BAJISTA,-11.5500,-12.0200,216.9400,218.1000,235.7900,157.3600,-18.6200,21.9400,0.7200,True,True,184.0000,1.0000,192.5500,False,-4.1100,HAMMER|DOJI|BULL_ENGULF,6.3000,5.5000,7.0000,7.5000,4.0000,5.0000,9.5000,False,False,False,False,True,True,4.1000,6.1600,1.5000,SIDI_INTRADAY_V2,1.8025,1.9074,0.0543,0.8989,295.0000,XLI,True,22.7521,16.1657,3.2894,3.0095,14.3250,0.1491,0.0706,0.1348,0.4009,0.0690,0.1410,42.3160,1.9790,906472128.0000,1129351936.0000,0.8026,25341431808,1.1260,3.5600,1.0900,134680225,5.4100,4.3700,5.9100,6.0200,0.0358,OK,0,5.7700,False,False,False,False,False,False,DD12|RSI40|FUND65|SPY20|ABNORMAL20,False,3-7d,XLI,,CAT|UNP|HON,pmi_manufacturing|supply_chain|capex_cycle,POST_ANALYSIS_ACTUAL_FILL,LIVE_QUOTE_AT_ANALYSIS,True,1.0000,1.5000,1.0000,-5.0000,7,1.5000,3,SELL_50_PCT_AT_TP1_REST_AT_TP2,MOVE_REMAINDER_TO_BREAK_EVEN,EXIT_AT_OPEN_IF_OPEN_BELOW_SL,SL_FIRST,10,PENDING_ANALYSIS,3.9371,3.9371,5.9056,195.8171,197.7857,182.2860,Indicative levels use the signal close only. Final SL/TP1/TP2 and sizing must be recalculated from the actual post-analysis broker fill.,15,2026-10-22,False,2026-07-23,2.7400,2.7200,78.0000,ALCISTA FUERTE,10,779.0900,8.4900,73.6000,15.0100,SIDI_INTRADAY_V2: Fund≥6.5 · DD60≥12% · RSI<40 · MACD↑ · Vol↓ · SPY20≤+1% · Abnormal20≤-10%,SIDI_INTRADAY_V2,False
HD,Home Depot (The),Consumer Discretionary,Home Improvement Retail,1988-03-31,286.6900,283.2300,287.1400,282.1300,286.6900,2026-10-06,2026-10-07,32.8700,28.1100,UP,-0.3111,-0.8736,-1.1248,True,0.2581,6.4029,0.8240,2.2330,319.2200,333.9800,296.2200,-10.1900,-14.1600,False,-1.3554,BAJISTA,-18.7900,-19.4100,353.0200,355.7400,389.1800,277.1500,-26.3300,3.4400,0.8700,False,False,284.8500,1.0000,354.4500,True,-0.6400,NONE,6.2300,5.0000,8.5000,5.0000,7.0000,6.5000,5.0000,False,False,True,True,True,False,4.4700,6.7000,1.5000,SIDI_INTRADAY_V2,1.8025,-5.9964,-0.2927,1.0055,295.0000,XLY,True,19.9090,17.7537,17.0871,1.6778,14.0840,1.0430,0.1214,0.0841,0.3280,0.0570,0.0460,380.2610,1.0780,10762625024.0000,14227000320.0000,0.7565,283842707456,0.9990,2.6500,3.2500,997689626,5.4700,4.2100,6.9500,5.2200,0.0379,D/E:380,1,5.7700,False,False,False,False,False,False,VOLUME|FUND65|SPY20|ABNORMAL20,False,3-7d,XLY,,AMZN|TSLA|MCD,consumer_spending|employment_data|interest_rates,POST_ANALYSIS_ACTUAL_FILL,LIVE_QUOTE_AT_ANALYSIS,True,1.0000,1.5000,1.0000,-5.0000,7,1.5000,3,SELL_50_PCT_AT_TP1_REST_AT_TP2,MOVE_REMAINDER_TO_BREAK_EVEN,EXIT_AT_OPEN_IF_OPEN_BELOW_SL,SL_FIRST,10,PENDING_ANALYSIS,6.4029,6.4029,9.6044,293.0929,296.2944,272.3555,Indicative levels use the signal close only. Final SL/TP1/TP2 and sizing must be recalculated from the actual post-analysis broker fill.,41,2026-11-17,False,2026-08-18,4.9200,4.7300,4.0000,ALCISTA FUERTE,10,779.0900,8.4900,73.6000,15.0100,SIDI_INTRADAY_V2: Fund≥6.5 · DD60≥12% · RSI<40 · MACD↑ · Vol↓ · SPY20≤+1% · Abnormal20≤-10%,SIDI_INTRADAY_V2,False
LRCX,Lam Research,Information Technology,Semiconductor Materials & Equipment,2012-06-29,333.8900,345.1000,346.9000,330.8500,333.8900,2026-10-06,2026-10-07,82.2900,53.7900,UP,5.2457,6.3962,5.7801,False,0.7609,12.9393,0.6770,3.8750,307.4500,276.4300,317.6900,8.6000,20.7900,True,5.7923,ALCISTA,-3.9100,-6.4400,347.4900,356.8700,438.0300,130.4200,-23.7800,156.0200,0.8160,True,True,312.7700,1.0000,344.9100,False,-6.3300,HAMMER,7.0500,10.0000,6.0000,7.5000,4.0000,7.0000,7.0000,False,False,False,False,False,True,7.7500,11.6300,1.5000,SIDI_INTRADAY_V2,1.8025,-7.6703,-0.7908,2.2778,295.0000,XLK,True,56.5087,27.6680,32.6568,17.5325,48.1870,0.6507,0.2284,0.3127,0.5047,0.3000,0.3480,33.0490,2.6290,3090484480.0000,7265396224.0000,0.4254,407326097408,1.8540,3.2700,0.4000,1251424362,4.9200,4.9300,7.0300,2.4500,0.0076,FCF/NI:0.43,1,5.7700,False,False,False,False,False,False,DD12|RSI40|MACD|FUND65|SPY20|ABNORMAL20,False,10-18d,XLK,,AAPL|MSFT|NVDA,interest_rates|ai_capex_cycle|semiconductor_cycle,POST_ANALYSIS_ACTUAL_FILL,LIVE_QUOTE_AT_ANALYSIS,True,1.0000,1.5000,1.0000,-5.0000,7,1.5000,3,SELL_50_PCT_AT_TP1_REST_AT_TP2,MOVE_REMAINDER_TO_BREAK_EVEN,EXIT_AT_OPEN_IF_OPEN_BELOW_SL,SL_FIRST,10,PENDING_ANALYSIS,12.9393,12.9393,19.4089,346.8293,353.2989,317.1955,Indicative levels use the signal close only. Final SL/TP1/TP2 and sizing must be recalculated from the actual post-analysis broker fill.,14,2026-10-21,False,2026-07-29,1.8200,1.6800,8.1000,ALCISTA FUERTE,10,779.0900,8.4900,73.6000,15.0100,SIDI_INTRADAY_V2: Fund≥6.5 · DD60≥12% · RSI<40 · MACD↑ · Vol↓ · SPY20≤+1% · Abnormal20≤-10%,SIDI_INTRADAY_V2,False
OTIS,Otis Worldwide,Industrials,Industrial Machinery & Supplies & Components,2020-04-03,66.4500,66.4900,66.7500,65.9400,66.4500,2026-10-06,2026-10-07,38.3900,36.7900,UP,-0.0427,-0.1930,-0.3363,True,0.3950,1.6202,1.0380,2.4380,70.0400,77.1300,67.0900,-5.1300,-13.8400,False,-2.3996,BAJISTA,-10.8600,-11.9300,74.5500,75.4500,93.4300,63.5800,-28.8800,4.5200,0.6300,False,False,67.6400,1.0000,74.2000,True,1.7900,HAMMER|DOJI,6.2000,5.0000,8.5000,5.0000,7.0000,5.0000,7.0000,False,False,False,True,True,False,4.8800,7.3100,1.5000,SIDI_INTRADAY_V2,1.8025,-1.0640,-0.1416,0.6002,295.0000,XLI,True,16.8676,14.4856,-4.3457,1.6751,12.7360,,0.1425,0.1017,0.3031,0.0730,0.1300,,0.8310,1436249984.0000,1516000000.0000,0.9474,24977618944,0.8590,4.5200,2.6500,380669339,5.4800,4.2500,5.6400,6.7400,0.0575,OK,0,5.7700,False,False,False,False,False,False,DD12|VOLUME|FUND65|SPY20|ABNORMAL20,False,3-7d,XLI,,CAT|UNP|HON,pmi_manufacturing|supply_chain|capex_cycle,POST_ANALYSIS_ACTUAL_FILL,LIVE_QUOTE_AT_ANALYSIS,True,1.0000,1.5000,1.0000,-5.0000,7,1.5000,3,SELL_50_PCT_AT_TP1_REST_AT_TP2,MOVE_REMAINDER_TO_BREAK_EVEN,EXIT_AT_OPEN_IF_OPEN_BELOW_SL,SL_FIRST,10,PENDING_ANALYSIS,1.6202,1.6202,2.4303,68.0702,68.8803,63.1275,Indicative levels use the signal close only. Final SL/TP1/TP2 and sizing must be recalculated from the actual post-analysis broker fill.,21,2026-10-28,False,2026-07-22,1.0100,1.0100,9.0000,ALCISTA FUERTE,10,779.0900,8.4900,73.6000,15.0100,SIDI_INTRADAY_V2: Fund≥6.5 · DD60≥12% · RSI<40 · MACD↑ · Vol↓ · SPY20≤+1% · Abnormal20≤-10%,SIDI_INTRADAY_V2,False
PCG,PG&E Corporation,Utilities,Multi-Utilities,2022-10-03,12.5000,12.3900,12.5000,12.2800,12.5000,2026-10-06,2026-10-07,32.3500,16.1600,UP,0.1231,0.0912,0.0286,True,0.3786,0.3561,0.5930,2.8490,15.2000,16.3800,13.0000,-17.7800,-23.7000,False,-1.4655,BAJISTA,-31.6400,-31.9300,18.2800,18.3600,18.9700,11.7200,-34.1100,6.6400,0.6520,True,True,12.5400,1.0000,14.8600,True,0.3100,HAMMER|DOJI|HAMMER|BULL_ENGULF,7.2500,5.0000,8.5000,7.5000,7.0000,7.0000,9.5000,True,True,True,True,True,True,5.7000,8.5500,1.5000,SIDI_INTRADAY_V2,1.8025,-8.9032,0.0628,1.3043,295.0000,XLU,True,9.2392,7.0770,0.8688,1.4816,8.9060,0.0932,0.0257,0.1183,0.3982,0.0010,0.3980,189.4500,1.2160,-6150125056.0000,3056000000.0000,-2.0125,38280478720,0.2790,0.7400,1.6000,2202366906,4.7800,5.0000,4.3100,5.0600,-0.1607,FCF/NI:-2.01|D/E:189,2,5.7700,False,False,False,True,False,False,FUND65|SPY20|ABNORMAL20,False,3-7d,XLU,,NEE|DUK|SO,interest_rates|regulatory_environment,POST_ANALYSIS_ACTUAL_FILL,LIVE_QUOTE_AT_ANALYSIS,True,1.0000,1.5000,1.0000,-5.0000,7,1.5000,3,SELL_50_PCT_AT_TP1_REST_AT_TP2,MOVE_REMAINDER_TO_BREAK_EVEN,EXIT_AT_OPEN_IF_OPEN_BELOW_SL,SL_FIRST,10,PENDING_ANALYSIS,0.3561,0.3561,0.5342,12.8561,13.0342,11.8750,Indicative levels use the signal close only. Final SL/TP1/TP2 and sizing must be recalculated from the actual post-analysis broker fill.,15,2026-10-22,False,2026-07-23,0.4000,0.3600,11.6000,ALCISTA FUERTE,10,779.0900,8.4900,73.6000,15.0100,SIDI_INTRADAY_V2: Fund≥6.5 · DD60≥12% · RSI<40 · MACD↑ · Vol↓ · SPY20≤+1% · Abnormal20≤-10%,SIDI_INTRADAY_V2,False
CNC,Centene Corporation,Health Care,Managed Health Care,2016-03-30,64.6100,64.2400,64.7600,63.6100,64.6100,2026-10-06,2026-10-07,44.2800,44.2700,UP,0.0493,-0.1072,-0.4553,True,0.5395,1.8914,0.7720,2.9270,64.7400,53.0400,63.8500,-0.2000,21.8000,True,5.0936,NEUTRO,-6.9200,-7.2100,69.4100,69.6300,69.6300,31.6300,-7.2100,104.2700,0.7660,True,True,63.3600,3.0000,66.5500,True,-1.9300,NONE,7.5000,8.5000,7.0000,7.5000,9.0000,7.0000,5.0000,False,False,False,False,True,True,5.8500,8.7800,1.5000,SIDI_INTRADAY_V2,1.8025,-9.9293,0.1207,0.3530,295.0000,XLV,True,,12.1658,1.4245,0.1783,4.5720,-0.2036,0.0248,-0.0283,0.1142,0.0460,,71.0820,1.1450,9639624704.0000,-5100000256.0000,-1.8901,32139313152,1.1300,3.5600,0.0000,493995000,4.6000,3.9200,2.7100,7.5900,0.2999,FCF/NI:-1.89|ROE:-20.4%,2,5.7600,False,False,False,False,False,False,DD12|RSI40|FUND65|SPY20|ABNORMAL20,False,7-15d,XLV,,UNH|JNJ|LLY,fda_calendar|drug_pricing_policy|patent_cliffs,POST_ANALYSIS_ACTUAL_FILL,LIVE_QUOTE_AT_ANALYSIS,True,1.0000,1.5000,1.0000,-5.0000,7,1.5000,3,SELL_50_PCT_AT_TP1_REST_AT_TP2,MOVE_REMAINDER_TO_BREAK_EVEN,EXIT_AT_OPEN_IF_OPEN_BELOW_SL,SL_FIRST,10,PENDING_ANALYSIS,1.8914,1.8914,2.8371,66.5014,67.4471,61.3795,Indicative levels use the signal close only. Final SL/TP1/TP2 and sizing must be recalculated from the actual post-analysis broker fill.,20,2026-10-27,False,2026-07-28,2.5100,1.0800,132.6000,ALCISTA FUERTE,10,779.0900,8.4900,73.6000,15.0100,SIDI_INTRADAY_V2: Fund≥6.5 · DD60≥12% · RSI<40 · MACD↑ · Vol↓ · SPY20≤+1% · Abnormal20≤-10%,SIDI_INTRADAY_V2,False
GILD,Gilead Sciences,Health Care,Biotechnology,2004-07-01,144.2300,145.1100,146.1400,142.6000,144.2300,2026-10-06,2026-10-07,41.3900,66.3900,DOWN,-1.1326,-1.0284,-0.5311,False,0.1978,3.4614,0.9240,2.4000,143.2400,135.4900,147.4600,0.6900,6.4500,True,2.0734,ALCISTA,-5.5300,-6.4700,152.6700,154.2000,154.5100,109.7000,-6.6500,31.4800,0.6420,True,True,142.5400,2.0000,151.7000,True,-1.1700,NONE,7.0200,10.0000,5.0000,7.5000,7.0000,6.5000,5.0000,False,False,False,False,False,True,4.8000,7.2000,1.5000,SIDI_INTRADAY_V2,1.8025,0.0293,0.2083,0.9222,295.0000,XLV,True,,14.9397,15.4994,6.0147,13.7060,-0.2068,0.1409,-0.1064,0.7960,0.1020,,223.4650,1.2650,9768875008.0000,-3240000000.0000,-3.0151,183190994944,0.3320,3.4500,2.2700,1239955155,4.9200,6.2500,2.2500,6.4800,0.0533,FCF/NI:-3.02|D/E:223|ROE:-20.7%,3,5.7600,False,False,False,False,False,False,DD12|RSI40|MACD|FUND65|SPY20|ABNORMAL20,False,10-18d,XLV,,UNH|JNJ|LLY,fda_calendar|drug_pricing_policy|patent_cliffs,POST_ANALYSIS_ACTUAL_FILL,LIVE_QUOTE_AT_ANALYSIS,True,1.0000,1.5000,1.0000,-5.0000,7,1.5000,3,SELL_50_PCT_AT_TP1_REST_AT_TP2,MOVE_REMAINDER_TO_BREAK_EVEN,EXIT_AT_OPEN_IF_OPEN_BELOW_SL,SL_FIRST,10,PENDING_ANALYSIS,3.4614,3.4614,5.1921,147.6914,149.4221,137.0185,Indicative levels use the signal close only. Final SL/TP1/TP2 and sizing must be recalculated from the actual post-analysis broker fill.,22,2026-10-29,False,2026-08-04,-6.7500,-7.2500,6.9000,ALCISTA FUERTE,10,779.0900,8.4900,73.6000,15.0100,SIDI_INTRADAY_V2: Fund≥6.5 · DD60≥12% · RSI<40 · MACD↑ · Vol↓ · SPY20≤+1% · Abnormal20≤-10%,SIDI_INTRADAY_V2,False
LULU,Lululemon Athletica,Consumer Discretionary,"Apparel, Accessories & Luxury Goods",2023-10-18,93.6100,93.3500,94.5900,92.2400,93.6100,2026-10-06,2026-10-07,44.4800,44.8800,DOWN,-0.1017,-0.1083,0.1075,True,0.0973,3.3786,0.7610,3.6090,111.0300,143.8200,100.0300,-15.6900,-34.9100,False,-5.6738,BAJISTA,-27.2000,-27.3600,128.5800,128.8600,225.9800,91.2800,-58.5800,2.5500,0.8790,False,False,95.3500,1.0000,104.3400,True,1.8600,HAMMER|HAMMER,6.4500,5.0000,6.0000,5.0000,7.0000,10.0000,7.0000,False,False,True,False,True,False,7.2200,10.8300,1.5000,SIDI_INTRADAY_V2,1.8025,-0.4206,-0.5657,1.4153,295.0000,XLY,True,7.4630,10.4873,2.1136,0.9049,4.6620,0.3090,0.1440,0.1278,0.5490,-0.0430,-0.0590,44.6890,2.1900,1148515840.0000,1417976960.0000,0.8100,10038631424,0.9220,1.9200,0.0000,105594064,5.2800,0.0000,7.0300,9.4000,0.1144,OK,0,5.7500,False,False,False,False,False,False,RSI40|VOLUME|FUND65|SPY20|ABNORMAL20,False,3-7d,XLY,,AMZN|TSLA|HD,consumer_spending|employment_data|interest_rates,POST_ANALYSIS_ACTUAL_FILL,LIVE_QUOTE_AT_ANALYSIS,True,1.0000,1.5000,1.0000,-5.0000,7,1.5000,3,SELL_50_PCT_AT_TP1_REST_AT_TP2,MOVE_REMAINDER_TO_BREAK_EVEN,EXIT_AT_OPEN_IF_OPEN_BELOW_SL,SL_FIRST,10,PENDING_ANALYSIS,3.3786,3.3786,5.0679,96.9886,98.6779,88.9295,Indicative levels use the signal close only. Final SL/TP1/TP2 and sizing must be recalculated from the actual post-analysis broker fill.,-34,2026-12-10,False,2026-09-03,2.9200,1.7900,63.3000,ALCISTA FUERTE,10,779.0900,8.4900,73.6000,15.0100,SIDI_INTRADAY_V2: Fund≥6.5 · DD60≥12% · RSI<40 · MACD↑ · Vol↓ · SPY20≤+1% · Abnormal20≤-10%,SIDI_INTRADAY_V2,False
CMCSA,Comcast,Communication Services,Cable & Satellite,2002-11-19,21.5600,21.7500,21.7600,21.3300,21.5600,2026-10-06,2026-10-07,15.3400,19.1800,DOWN,-0.0737,-0.1133,-0.1949,True,0.2545,0.5907,0.7800,2.7400,24.6500,26.2500,22.7900,-12.5400,-17.8600,False,-0.6986,BAJISTA,-20.7400,-21.1700,27.2000,27.3500,32.0500,21.2800,-32.7200,1.3200,0.7250,True,True,21.8300,1.0000,24.6800,True,1.2600,HAMMER|DOJI,7.2200,5.0000,8.5000,7.5000,7.0000,8.5000,7.0000,True,True,True,True,True,True,5.4800,8.2200,1.5000,SIDI_INTRADAY_V2,1.8025,-19.9251,-0.8173,1.3804,295.0000,XLC,True,6.7790,5.8631,0.8303,0.5971,4.6790,0.1149,0.0431,0.0897,0.6939,-0.0120,-0.6680,100.4740,0.7960,12697624576.0000,11198999552.0000,1.1338,74574594048,0.6690,3.4600,6.1200,3539192198,4.7600,0.0000,5.1800,9.8100,0.1703,D/E:100,1,5.7400,False,False,True,True,False,False,FUND65|SPY20,False,5-10d,XLC,,GOOGL|META|NFLX,ad_spending_cycle|streaming_competition|regulation,POST_ANALYSIS_ACTUAL_FILL,LIVE_QUOTE_AT_ANALYSIS,True,1.0000,1.5000,1.0000,-5.0000,7,1.5000,3,SELL_50_PCT_AT_TP1_REST_AT_TP2,MOVE_REMAINDER_TO_BREAK_EVEN,EXIT_AT_OPEN_IF_OPEN_BELOW_SL,SL_FIRST,10,PENDING_ANALYSIS,0.5907,0.5907,0.8861,22.1507,22.4460,20.4820,Indicative levels use the signal close only. Final SL/TP1/TP2 and sizing must be recalculated from the actual post-analysis broker fill.,15,2026-10-22,False,2026-07-23,1.0400,0.9700,7.6000,ALCISTA FUERTE,10,779.0900,8.4900,73.6000,15.0100,SIDI_INTRADAY_V2: Fund≥6.5 · DD60≥12% · RSI<40 · MACD↑ · Vol↓ · SPY20≤+1% · Abnormal20≤-10%,SIDI_INTRADAY_V2,False
SPGI,S&P Global,Financials,Financial Exchanges & Data,1957-03-04,396.1300,392.8700,398.8800,392.5600,396.1300,2026-10-06,2026-10-07,38.2000,25.4600,UP,-0.8769,-1.6415,-2.0549,True,0.3273,8.0179,0.6980,2.0240,415.1700,421.6600,402.6500,-4.5900,-6.0600,False,-1.4767,BAJISTA,-13.2000,-14.0700,456.3600,460.9800,518.8800,358.5500,-23.6600,10.4800,0.7350,False,False,391.9600,1.0000,455.0700,True,-1.0500,NONE,6.4500,5.0000,8.5000,5.0000,8.0000,7.0000,5.0000,False,False,True,True,True,False,4.0500,6.0700,1.5000,SIDI_INTRADAY_V2,1.8025,2.7869,-0.4888,1.4855,295.0000,XLF,True,23.7362,19.2896,3.6497,7.1311,16.3980,0.1426,0.0703,0.3054,0.7090,0.1040,0.1770,42.9800,0.9540,5448249856.0000,4922999808.0000,1.1067,114967576576,1.0950,3.5400,0.9800,294800000,5.2600,4.3900,5.7400,5.7300,0.0474,OK,0,5.7400,False,False,False,False,False,False,VOLUME|FUND65|SPY20|ABNORMAL20,False,3-7d,XLF,,JPM|BAC|WFC,interest_rates|yield_curve|credit_spreads|loan_growth,POST_ANALYSIS_ACTUAL_FILL,LIVE_QUOTE_AT_ANALYSIS,True,1.0000,1.5000,1.0000,-5.0000,7,1.5000,3,SELL_50_PCT_AT_TP1_REST_AT_TP2,MOVE_REMAINDER_TO_BREAK_EVEN,EXIT_AT_OPEN_IF_OPEN_BELOW_SL,SL_FIRST,10,PENDING_ANALYSIS,8.0179,8.0179,12.0268,404.1479,408.1569,376.3235,Indicative levels use the signal close only. Final SL/TP1/TP2 and sizing must be recalculated from the actual post-analysis broker fill.,20,2026-10-27,False,2026-07-28,4.8700,5.0200,-2.9000,ALCISTA FUERTE,10,779.0900,8.4900,73.6000,15.0100,SIDI_INTRADAY_V2: Fund≥6.5 · DD60≥12% · RSI<40 · MACD↑ · Vol↓ · SPY20≤+1% · Abnormal20≤-10%,SIDI_INTRADAY_V2,False
AXP,American Express,Financials,Consumer Finance,1976-06-30,304.5500,305.2600,307.3000,303.7400,304.5500,2026-10-06,2026-10-07,37.4900,33.3500,UP,0.2361,-0.0340,-0.4731,True,0.3107,5.2343,0.7590,1.7190,326.3900,330.4800,310.9300,-6.6900,-7.8500,False,-1.5634,BAJISTA,-15.7700,-16.1300,361.5700,363.1400,384.3600,289.2600,-20.7600,5.2900,0.6910,False,False,300.7100,2.0000,324.1100,True,-1.2600,HAMMER|BULL_ENGULF,6.9000,5.0000,8.5000,5.0000,8.0000,7.0000,9.5000,False,False,True,True,True,False,3.4400,5.1600,1.5000,SIDI_INTRADAY_V2,1.8025,0.8268,0.2861,1.1169,295.0000,XLF,True,18.3125,14.9702,5.9425,2.8740,,0.3438,0.0379,0.1614,0.6234,0.1280,0.1100,172.3800,1.5530,,11310999552.0000,,203801755648,1.0850,4.5100,1.2500,675309833,4.9500,3.9900,6.3600,4.4400,,D/E:172,1,5.7300,False,False,False,False,False,False,VOLUME|FUND65|SPY20|ABNORMAL20,False,3-7d,XLF,,JPM|BAC|WFC,interest_rates|yield_curve|credit_spreads|loan_growth,POST_ANALYSIS_ACTUAL_FILL,LIVE_QUOTE_AT_ANALYSIS,True,1.0000,1.5000,1.0000,-5.0000,7,1.5000,3,SELL_50_PCT_AT_TP1_REST_AT_TP2,MOVE_REMAINDER_TO_BREAK_EVEN,EXIT_AT_OPEN_IF_OPEN_BELOW_SL,SL_FIRST,10,PENDING_ANALYSIS,5.2343,5.2343,7.8514,309.7843,312.4015,289.3225,Indicative levels use the signal close only. Final SL/TP1/TP2 and sizing must be recalculated from the actual post-analysis broker fill.,16,2026-10-23,False,2026-07-24,4.5300,4.4000,2.9000,ALCISTA FUERTE,10,779.0900,8.4900,73.6000,15.0100,SIDI_INTRADAY_V2: Fund≥6.5 · DD60≥12% · RSI<40 · MACD↑ · Vol↓ · SPY20≤+1% · Abnormal20≤-10%,SIDI_INTRADAY_V2,False
PKG,Packaging Corporation of America,Materials,Paper & Plastic Packaging Products & Materials,2017-07-26,229.7400,229.7100,231.9000,227.5200,229.7400,2026-10-06,2026-10-07,47.1300,61.6600,DOWN,-0.3648,-0.4050,-0.1649,True,0.2976,4.8336,0.7920,2.1040,240.9300,224.1700,233.5000,-4.6400,2.4800,True,1.7303,NEUTRO,-10.1800,-11.0600,255.7700,258.3100,258.3100,186.7700,-11.0600,23.0100,0.6540,True,True,223.9700,5.0000,242.2800,True,-2.5100,HAMMER|DOJI,7.7300,8.5000,6.0000,7.5000,9.0000,8.5000,7.0000,False,False,False,False,True,True,4.2100,6.3100,1.5000,SIDI_INTRADAY_V2,1.8025,3.1473,0.0121,1.0248,295.0000,XLB,True,29.4890,17.2559,4.3078,2.1191,12.0770,0.1489,0.0828,0.0726,0.2139,0.1470,-0.1950,94.4740,2.9410,432950016.0000,687400000.0000,0.6298,20204828672,0.7710,5.9100,2.6100,89098299,4.3900,3.7800,5.3800,3.9400,0.0214,FCF/NI:0.63|D/E:94,2,5.7300,False,False,False,False,False,False,DD12|RSI40|FUND65|SPY20|ABNORMAL20,False,7-15d,XLB,,LIN|APD|ECL,commodity_prices|dxy|china_demand|energy_costs,POST_ANALYSIS_ACTUAL_FILL,LIVE_QUOTE_AT_ANALYSIS,True,1.0000,1.5000,1.0000,-5.0000,7,1.5000,3,SELL_50_PCT_AT_TP1_REST_AT_TP2,MOVE_REMAINDER_TO_BREAK_EVEN,EXIT_AT_OPEN_IF_OPEN_BELOW_SL,SL_FIRST,10,PENDING_ANALYSIS,4.8336,4.8336,7.2504,234.5736,236.9904,218.2530,Indicative levels use the signal close only. Final SL/TP1/TP2 and sizing must be recalculated from the actual post-analysis broker fill.,14,2026-10-21,False,2026-07-22,2.3500,2.3100,1.6000,ALCISTA FUERTE,10,779.0900,8.4900,73.6000,15.0100,SIDI_INTRADAY_V2: Fund≥6.5 · DD60≥12% · RSI<40 · MACD↑ · Vol↓ · SPY20≤+1% · Abnormal20≤-10%,SIDI_INTRADAY_V2,False
SW,Smurfit Westrock,Materials,Paper & Plastic Packaging Products & Materials,2024-07-08,42.3900,42.3200,42.8800,42.2150,42.3900,2026-10-06,2026-10-07,38.0100,61.3500,DOWN,-0.2576,-0.2383,-0.0838,False,0.1958,1.2807,0.7800,3.0210,46.3000,42.6900,44.4200,-8.4400,-0.6900,True,2.2606,BAJISTA,-15.7900,-17.7200,50.3400,51.5200,51.5200,31.7900,-17.7200,33.3600,0.6220,True,True,41.8600,3.0000,42.8300,True,-1.2500,NONE,7.4700,7.0000,6.5000,7.5000,10.0000,8.5000,5.0000,False,False,True,True,False,True,6.0400,9.0600,1.5000,SIDI_INTRADAY_V2,1.8025,1.5810,0.4706,1.6734,295.0000,XLB,True,43.4526,12.0322,1.1989,0.6912,7.8050,0.0272,0.0262,0.0159,0.1816,0.0110,,78.4270,1.4470,1215000064.0000,497000000.0000,2.4447,21652305920,0.9140,5.6500,4.2700,524522908,4.5700,2.5000,4.4900,7.0700,0.0561,OK,0,5.7300,False,False,False,False,False,False,MACD|FUND65|SPY20|ABNORMAL20,False,3-7d,XLB,,LIN|APD|ECL,commodity_prices|dxy|china_demand|energy_costs,POST_ANALYSIS_ACTUAL_FILL,LIVE_QUOTE_AT_ANALYSIS,True,1.0000,1.5000,1.0000,-5.0000,7,1.5000,3,SELL_50_PCT_AT_TP1_REST_AT_TP2,MOVE_REMAINDER_TO_BREAK_EVEN,EXIT_AT_OPEN_IF_OPEN_BELOW_SL,SL_FIRST,10,PENDING_ANALYSIS,1.2807,1.2807,1.9210,43.6707,44.3111,40.2705,Indicative levels use the signal close only. Final SL/TP1/TP2 and sizing must be recalculated from the actual post-analysis broker fill.,21,2026-10-28,False,2026-07-29,0.3500,0.4200,-16.9000,ALCISTA FUERTE,10,779.0900,8.4900,73.6000,15.0100,SIDI_INTRADAY_V2: Fund≥6.5 · DD60≥12% · RSI<40 · MACD↑ · Vol↓ · SPY20≤+1% · Abnormal20≤-10%,SIDI_INTRADAY_V2,False
HBAN,Huntington Bancshares,Financials,Regional Banks,1997-08-28,15.3300,15.3100,15.4500,15.2400,15.3300,2026-10-06,2026-10-07,42.0400,30.4600,UP,-0.0007,-0.0175,-0.0532,True,0.2965,0.3171,0.8700,2.0690,16.5500,16.6000,15.7200,-7.3600,-7.6500,False,-0.2378,BAJISTA,-16.5900,-16.6800,18.3800,18.4000,18.9000,14.4900,-18.9100,5.7800,0.9440,True,True,15.4700,1.0000,17.0600,True,0.8900,HAMMER|HAMMER|DOJI,6.7800,5.0000,7.0000,7.5000,8.0000,6.5000,7.0000,False,False,True,False,True,True,4.1400,6.2100,1.5000,SIDI_INTRADAY_V2,1.8025,-1.3371,0.2965,1.0043,295.0000,XLF,True,11.5577,8.4908,1.0207,3.3079,,0.0900,0.0098,0.2613,0.0000,0.4760,-0.0290,,,,2246000128.0000,,30356731904,0.9720,2.4600,4.0400,2020414826,5.0100,5.0000,4.3000,5.8500,,OK,0,5.7200,False,False,False,False,False,False,RSI40|FUND65|SPY20|ABNORMAL20,False,3-7d,XLF,,JPM|BAC|WFC,interest_rates|yield_curve|credit_spreads|loan_growth,POST_ANALYSIS_ACTUAL_FILL,LIVE_QUOTE_AT_ANALYSIS,True,1.0000,1.5000,1.0000,-5.0000,7,1.5000,3,SELL_50_PCT_AT_TP1_REST_AT_TP2,MOVE_REMAINDER_TO_BREAK_EVEN,EXIT_AT_OPEN_IF_OPEN_BELOW_SL,SL_FIRST,10,PENDING_ANALYSIS,0.3171,0.3171,0.4757,15.6471,15.8056,14.5635,Indicative levels use the signal close only. Final SL/TP1/TP2 and sizing must be recalculated from the actual post-analysis broker fill.,15,2026-10-22,False,2026-07-23,0.3900,0.3900,89.0000,ALCISTA FUERTE,10,779.0900,8.4900,73.6000,15.0100,SIDI_INTRADAY_V2: Fund≥6.5 · DD60≥12% · RSI<40 · MACD↑ · Vol↓ · SPY20≤+1% · Abnormal20≤-10%,SIDI_INTRADAY_V2,False
MCK,McKesson Corporation,Health Care,Health Care Distributors,1999-01-13,921.6700,921.0000,928.4600,914.2300,921.6700,2026-10-06,2026-10-07,61.3400,40.2200,UP,3.6962,2.0205,-2.4184,True,0.9792,22.9736,0.9550,2.4930,880.5400,847.0500,887.8200,4.6700,8.8100,True,0.6458,ALCISTA,-0.3400,-0.8900,924.7800,929.9500,996.8400,722.1100,-7.5400,27.6400,0.7850,True,True,842.1400,2.0000,908.2100,False,-8.6300,HAMMER|HAMMER|DOJI,6.9500,10.0000,7.0000,7.5000,4.0000,5.0000,7.0000,False,False,False,False,True,True,4.9900,7.4800,1.5000,SIDI_INTRADAY_V2,1.8025,5.5243,-0.6040,0.7587,295.0000,XLV,True,24.8025,18.3554,-25.3168,0.2625,16.5510,,0.0474,0.0112,0.0363,0.0770,-0.1760,,0.8930,6801249792.0000,4592000000.0000,1.4811,107890384896,0.2980,3.2000,0.4100,116590363,4.9000,2.7100,5.6600,6.5800,0.0630,OK,0,5.7200,False,False,False,False,False,False,DD12|RSI40|FUND65|SPY20|ABNORMAL20,False,10-18d,XLV,,UNH|JNJ|LLY,fda_calendar|drug_pricing_policy|patent_cliffs,POST_ANALYSIS_ACTUAL_FILL,LIVE_QUOTE_AT_ANALYSIS,True,1.0000,1.5000,1.0000,-5.0000,7,1.5000,3,SELL_50_PCT_AT_TP1_REST_AT_TP2,MOVE_REMAINDER_TO_BREAK_EVEN,EXIT_AT_OPEN_IF_OPEN_BELOW_SL,SL_FIRST,10,PENDING_ANALYSIS,22.9736,22.9736,34.4604,944.6436,956.1304,875.5865,Indicative levels use the signal close only. Final SL/TP1/TP2 and sizing must be recalculated from the actual post-analysis broker fill.,28,2026-11-04,False,2026-08-05,9.9300,9.5400,4.1000,ALCISTA FUERTE,10,779.0900,8.4900,73.6000,15.0100,SIDI_INTRADAY_V2: Fund≥6.5 · DD60≥12% · RSI<40 · MACD↑ · Vol↓ · SPY20≤+1% · Abnormal20≤-10%,SIDI_INTRADAY_V2,False
META,Meta Platforms,Communication Services,Interactive Media & Services,2013-12-23,738.8800,746.7300,747.6000,736.6900,738.8800,2026-10-06,2026-10-07,62.4400,65.8200,DOWN,-1.7891,-1.1077,0.7956,False,0.6868,28.3921,1.1920,3.8430,630.5200,628.2700,704.7600,17.1900,17.6000,True,1.1384,ALCISTA,-4.9800,-5.2500,777.5900,779.8200,779.8200,519.3700,-5.2500,42.2700,0.5380,True,True,592.6900,2.0000,779.8200,False,-19.7900,BULL_ENGULF,6.6000,10.0000,5.0000,7.5000,4.0000,5.0000,7.5000,False,False,False,False,False,True,7.6900,11.5300,1.5000,SIDI_INTRADAY_V2,1.8025,18.2246,0.4991,1.4308,295.0000,XLC,True,27.3973,20.7446,7.0631,8.0819,17.3670,0.2985,0.1459,0.2983,0.8175,0.2800,-0.1340,42.9970,2.2260,21553625088.0000,68097998848.0000,0.3165,1844674691072,1.1850,1.6800,0.2800,2205128509,5.1300,5.0000,7.2000,2.8600,0.0117,FCF/NI:0.32,1,5.7200,False,False,False,False,False,False,DD12|RSI40|MACD|FUND65|SPY20|ABNORMAL20,False,10-18d,XLC,,GOOGL|NFLX|DIS,ad_spending_cycle|streaming_competition|regulation,POST_ANALYSIS_ACTUAL_FILL,LIVE_QUOTE_AT_ANALYSIS,True,1.0000,1.5000,1.0000,-5.0000,7,1.5000,3,SELL_50_PCT_AT_TP1_REST_AT_TP2,MOVE_REMAINDER_TO_BREAK_EVEN,EXIT_AT_OPEN_IF_OPEN_BELOW_SL,SL_FIRST,10,PENDING_ANALYSIS,28.3921,28.3921,42.5881,767.2721,781.4682,701.9360,Indicative levels use the signal close only. Final SL/TP1/TP2 and sizing must be recalculated from the actual post-analysis broker fill.,21,2026-10-28,False,2026-07-29,6.1800,7.2200,-14.4000,ALCISTA FUERTE,10,779.0900,8.4900,73.6000,15.0100,SIDI_INTRADAY_V2: Fund≥6.5 · DD60≥12% · RSI<40 · MACD↑ · Vol↓ · SPY20≤+1% · Abnormal20≤-10%,SIDI_INTRADAY_V2,False
TDY,Teledyne Technologies,Information Technology,Electronic Equipment & Instruments,2020-06-22,622.2200,622.1100,625.3500,618.4200,622.2200,2026-10-06,2026-10-07,68.7600,58.7900,UP,3.1061,2.8627,2.2715,True,0.9219,9.5471,0.6220,1.5340,632.5100,624.6600,614.1600,-1.6300,-0.3900,True,1.6771,BAJISTA,-9.9900,-10.8100,691.3000,697.6700,697.6700,483.0200,-10.8100,28.8200,0.6100,True,True,623.7400,2.0000,639.3300,True,0.2500,HAMMER|DOJI,7.2500,7.0000,7.0000,7.5000,8.0000,7.0000,7.0000,False,False,False,False,True,True,3.0700,4.6000,1.5000,SIDI_INTRADAY_V2,1.8025,3.9787,1.1515,0.0363,295.0000,XLK,True,29.3174,22.6284,2.5728,4.4043,19.1730,0.0915,0.0514,0.1529,0.4334,0.0980,0.2120,18.5650,2.1810,912675008.0000,974800000.0000,0.9363,28074993664,0.8950,3.7600,0.0000,46329138,4.7000,1.5300,6.3000,6.5400,0.0325,OK,0,5.7200,False,False,False,False,False,False,DD12|RSI40|FUND65|SPY20|ABNORMAL20,False,3-7d,XLK,,AAPL|MSFT|NVDA,interest_rates|ai_capex_cycle|semiconductor_cycle,POST_ANALYSIS_ACTUAL_FILL,LIVE_QUOTE_AT_ANALYSIS,True,1.0000,1.5000,1.0000,-5.0000,7,1.5000,3,SELL_50_PCT_AT_TP1_REST_AT_TP2,MOVE_REMAINDER_TO_BREAK_EVEN,EXIT_AT_OPEN_IF_OPEN_BELOW_SL,SL_FIRST,10,PENDING_ANALYSIS,9.5471,9.5471,14.3207,631.7671,636.5407,591.1090,Indicative levels use the signal close only. Final SL/TP1/TP2 and sizing must be recalculated from the actual post-analysis broker fill.,14,2026-10-21,False,2026-07-22,6.2800,5.7900,8.4000,ALCISTA FUERTE,10,779.0900,8.4900,73.6000,15.0100,SIDI_INTRADAY_V2: Fund≥6.5 · DD60≥12% · RSI<40 · MACD↑ · Vol↓ · SPY20≤+1% · Abnormal20≤-10%,SIDI_INTRADAY_V2,False
HSIC,Henry Schein,Health Care,Health Care Distributors,2015-03-17,84.8400,84.7800,86.4000,84.3100,84.8400,2026-10-06,2026-10-07,42.5100,39.3500,UP,-0.1266,-0.1846,-0.2340,True,0.3013,1.9314,1.0130,2.2770,87.6900,80.3400,85.9400,-3.2500,5.6000,True,1.4748,NEUTRO,-6.6300,-7.9600,90.8600,92.1800,92.1800,61.9500,-7.9600,36.9500,1.1420,False,False,68.7000,1.0000,89.3400,False,-19.0200,HAMMER|HAMMER|DOJI,6.1500,8.5000,7.0000,5.0000,4.0000,5.0000,7.0000,False,False,False,False,True,False,4.5500,6.8300,1.5000,SIDI_INTRADAY_V2,1.8025,-6.5706,0.3604,0.4760,295.0000,XLV,True,24.5510,14.0615,2.9852,0.7057,13.5900,0.0885,0.0439,0.0296,0.3132,0.0670,0.1710,80.7330,1.3190,446000000.0000,403000000.0000,1.1067,9592930304,0.8430,8.2500,0.0000,113916757,5.4200,4.8500,5.0900,6.4900,0.0465,D/E:81,1,5.7100,False,False,False,False,False,False,DD12|RSI40|VOLUME|FUND65|SPY20|ABNORMAL20,False,7-15d,XLV,,UNH|JNJ|LLY,fda_calendar|drug_pricing_policy|patent_cliffs,POST_ANALYSIS_ACTUAL_FILL,LIVE_QUOTE_AT_ANALYSIS,True,1.0000,1.5000,1.0000,-5.0000,7,1.5000,3,SELL_50_PCT_AT_TP1_REST_AT_TP2,MOVE_REMAINDER_TO_BREAK_EVEN,EXIT_AT_OPEN_IF_OPEN_BELOW_SL,SL_FIRST,10,PENDING_ANALYSIS,1.9314,1.9314,2.8971,86.7714,87.7371,80.5980,Indicative levels use the signal close only. Final SL/TP1/TP2 and sizing must be recalculated from the actual post-analysis broker fill.,27,2026-11-03,False,2026-08-04,1.2700,1.2400,2.5000,ALCISTA FUERTE,10,779.0900,8.4900,73.6000,15.0100,SIDI_INTRADAY_V2: Fund≥6.5 · DD60≥12% · RSI<40 · MACD↑ · Vol↓ · SPY20≤+1% · Abnormal20≤-10%,SIDI_INTRADAY_V2,False
HLT,Hilton Worldwide,Consumer Discretionary,"Hotels, Resorts & Cruise Lines",2017-06-19,322.6100,318.0600,324.6600,317.9500,322.6100,2026-10-06,2026-10-07,67.6600,72.4700,DOWN,1.6663,1.5102,1.8380,True,0.9230,6.3150,0.8870,1.9570,317.2200,316.1700,315.3100,1.7000,2.0400,True,1.0947,ALCISTA,-3.5800,-3.8800,334.5800,335.6500,357.8400,253.0400,-9.8400,27.4900,0.7960,True,True,308.8500,3.0000,329.7600,False,-4.2600,HAMMER|DOJI,7.0500,10.0000,6.0000,7.5000,6.0000,5.0000,7.0000,False,False,False,False,True,True,3.9100,5.8700,1.5000,SIDI_INTRADAY_V2,1.8025,6.5293,0.1076,0.4896,295.0000,XLY,True,46.9890,30.6517,-11.4751,14.1312,27.7380,,0.1103,0.3103,0.7904,0.0250,0.1410,,0.6490,1393874944.0000,1584000000.0000,0.8800,72125423616,1.1050,3.0700,0.1900,225064910,4.8200,5.8200,5.5800,2.7500,0.0193,OK,0,5.7100,False,False,False,False,False,False,DD12|RSI40|FUND65|SPY20|ABNORMAL20,False,10-18d,XLY,,AMZN|TSLA|HD,consumer_spending|employment_data|interest_rates,POST_ANALYSIS_ACTUAL_FILL,LIVE_QUOTE_AT_ANALYSIS,True,1.0000,1.5000,1.0000,-5.0000,7,1.5000,3,SELL_50_PCT_AT_TP1_REST_AT_TP2,MOVE_REMAINDER_TO_BREAK_EVEN,EXIT_AT_OPEN_IF_OPEN_BELOW_SL,SL_FIRST,10,PENDING_ANALYSIS,6.3150,6.3150,9.4725,328.9250,332.0825,306.4795,Indicative levels use the signal close only. Final SL/TP1/TP2 and sizing must be recalculated from the actual post-analysis broker fill.,20,2026-10-27,False,2026-07-28,2.2900,2.2700,78.0000,ALCISTA FUERTE,10,779.0900,8.4900,73.6000,15.0100,SIDI_INTRADAY_V2: Fund≥6.5 · DD60≥12% · RSI<40 · MACD↑ · Vol↓ · SPY20≤+1% · Abnormal20≤-10%,SIDI_INTRADAY_V2,False
MRSH,Marsh McLennan,Financials,Insurance Brokers,1987-08-31,171.7400,169.7600,172.3900,169.5200,171.7400,2026-10-06,2026-10-07,39.4400,34.8000,UP,0.3788,0.1811,-0.0984,True,0.4453,3.2118,0.7840,1.8700,182.4400,174.8000,173.4400,-5.8600,-1.7500,True,-0.3624,BAJISTA,-12.5800,-12.9700,196.4400,197.3400,203.3800,154.8200,-15.5600,10.9300,0.6870,True,True,173.1000,1.0000,195.9400,True,0.7900,NONE,7.2500,6.5000,8.5000,7.5000,8.0000,7.0000,5.0000,True,True,True,True,True,True,3.7400,5.6100,1.5000,SIDI_INTRADAY_V2,1.8025,4.3856,-1.1278,1.2788,295.0000,XLF,True,21.0776,15.0910,5.4271,2.9441,13.2620,0.2590,0.0724,0.1424,0.4399,0.0620,0.0730,145.0270,1.1390,4785249792.0000,3980000000.0000,1.2023,82278375424,0.5850,2.7800,2.3200,477211268,4.6800,1.7200,6.2300,6.3300,0.0582,OK,0,5.7100,False,False,False,True,False,False,FUND65|SPY20|ABNORMAL20,False,3-7d,XLF,,JPM|BAC|WFC,interest_rates|yield_curve|credit_spreads|loan_growth,POST_ANALYSIS_ACTUAL_FILL,LIVE_QUOTE_AT_ANALYSIS,True,1.0000,1.5000,1.0000,-5.0000,7,1.5000,3,SELL_50_PCT_AT_TP1_REST_AT_TP2,MOVE_REMAINDER_TO_BREAK_EVEN,EXIT_AT_OPEN_IF_OPEN_BELOW_SL,SL_FIRST,10,PENDING_ANALYSIS,3.2118,3.2118,4.8177,174.9518,176.5577,163.1530,Indicative levels use the signal close only. Final SL/TP1/TP2 and sizing must be recalculated from the actual post-analysis broker fill.,8,2026-10-15,False,2026-07-21,2.9600,2.8900,2.3000,ALCISTA FUERTE,10,779.0900,8.4900,73.6000,15.0100,SIDI_INTRADAY_V2: Fund≥6.5 · DD60≥12% · RSI<40 · MACD↑ · Vol↓ · SPY20≤+1% · Abnormal20≤-10%,SIDI_INTRADAY_V2,False
MAA,Mid-America Apartment Communities,Real Estate,Multi-Family Residential REITs,2016-12-02,116.9900,116.7100,118.6100,115.9600,116.9900,2026-10-06,2026-10-07,28.2600,18.2000,UP,0.0489,-0.0789,-0.1463,True,0.2893,2.0500,0.8790,1.7520,127.1000,129.0500,120.0300,-7.9600,-9.3400,False,-0.6686,BAJISTA,-14.8400,-15.1100,137.3800,137.8200,142.7600,114.3900,-18.0500,2.2700,0.8980,False,False,,0.0000,134.0400,False,,HAMMER,6.1700,5.0000,9.5000,5.0000,4.0000,6.5000,7.0000,False,False,True,True,True,False,3.5000,5.2600,1.5000,SIDI_INTRADAY_V2,1.8025,-3.2288,-0.2393,0.9524,295.0000,XLRE,True,33.7515,35.1967,2.4644,6.2079,15.6580,0.0705,0.0313,0.1817,0.5839,0.0100,0.1370,102.3770,0.0480,921182272.0000,399288992.0000,2.3071,13773874176,0.7320,5.1500,5.2300,116384802,5.4100,4.4600,5.2100,6.7600,0.0669,D/E:102,1,5.7100,False,False,False,False,False,False,VOLUME|FUND65|SPY20|ABNORMAL20,False,3-7d,XLRE,,PLD|AMT|EQIX,interest_rates|cap_rates|occupancy_trends,POST_ANALYSIS_ACTUAL_FILL,LIVE_QUOTE_AT_ANALYSIS,True,1.0000,1.5000,1.0000,-5.0000,7,1.5000,3,SELL_50_PCT_AT_TP1_REST_AT_TP2,MOVE_REMAINDER_TO_BREAK_EVEN,EXIT_AT_OPEN_IF_OPEN_BELOW_SL,SL_FIRST,10,PENDING_ANALYSIS,2.0500,2.0500,3.0750,119.0400,120.0650,111.1405,Indicative levels use the signal close only. Final SL/TP1/TP2 and sizing must be recalculated from the actual post-analysis broker fill.,21,2026-10-28,False,2026-07-29,1.0400,0.7800,33.8000,ALCISTA FUERTE,10,779.0900,8.4900,73.6000,15.0100,SIDI_INTRADAY_V2: Fund≥6.5 · DD60≥12% · RSI<40 · MACD↑ · Vol↓ · SPY20≤+1% · Abnormal20≤-10%,SIDI_INTRADAY_V2,False
WTW,Willis Towers Watson,Financials,Insurance Brokers,2016-01-05,291.9800,284.7400,293.1000,284.6100,291.9800,2026-10-06,2026-10-07,22.6200,22.5700,UP,-0.7629,-1.4042,-2.1926,True,0.2972,6.2788,0.7880,2.1500,322.1700,296.3500,301.1900,-9.3700,-1.4700,True,-0.5124,BAJISTA,-16.4800,-16.6600,349.5800,350.3400,350.3400,238.9400,-16.6600,22.2000,0.7180,False,False,281.8700,1.0000,301.0000,True,-3.4600,HAMMER,7.3800,6.5000,9.5000,5.0000,8.0000,8.5000,7.0000,False,False,True,True,True,False,4.3000,6.4500,1.5000,SIDI_INTRADAY_V2,1.8025,-1.7723,-0.8617,1.3886,295.0000,XLF,True,18.0223,12.7437,3.5232,2.6775,11.5900,0.1976,0.0508,0.1549,0.4252,0.0910,-0.2680,91.3900,1.0980,1415624960.0000,1564999936.0000,0.9046,27048022016,0.4690,5.6600,1.3100,92871937,4.5900,1.8500,5.7900,6.3700,0.0523,OK,0,5.7100,False,False,False,False,False,False,VOLUME|FUND65|SPY20|ABNORMAL20,False,5-10d,XLF,,JPM|BAC|WFC,interest_rates|yield_curve|credit_spreads|loan_growth,POST_ANALYSIS_ACTUAL_FILL,LIVE_QUOTE_AT_ANALYSIS,True,1.0000,1.5000,1.0000,-5.0000,7,1.5000,3,SELL_50_PCT_AT_TP1_REST_AT_TP2,MOVE_REMAINDER_TO_BREAK_EVEN,EXIT_AT_OPEN_IF_OPEN_BELOW_SL,SL_FIRST,10,PENDING_ANALYSIS,6.2788,6.2788,9.4182,298.2588,301.3982,277.3810,Indicative levels use the signal close only. Final SL/TP1/TP2 and sizing must be recalculated from the actual post-analysis broker fill.,22,2026-10-29,False,2026-07-30,3.3500,3.1100,7.8000,ALCISTA FUERTE,10,779.0900,8.4900,73.6000,15.0100,SIDI_INTRADAY_V2: Fund≥6.5 · DD60≥12% · RSI<40 · MACD↑ · Vol↓ · SPY20≤+1% · Abnormal20≤-10%,SIDI_INTRADAY_V2,False
CTSH,Cognizant,Information Technology,IT Consulting & Other Services,2006-11-17,57.2200,58.4600,58.7300,56.9300,57.2200,2026-10-06,2026-10-07,33.6900,45.3600,DOWN,-0.3131,-0.2917,-0.3978,False,0.2649,2.2714,0.9910,3.9700,59.2400,60.1000,58.9400,-3.4100,-4.7900,False,-3.0079,BAJISTA,-11.4800,-12.5300,64.6400,65.4200,85.4800,36.8600,-33.0600,55.2200,0.7870,False,False,55.6300,1.0000,57.6000,True,-2.7800,HAMMER|DOJI,6.1800,5.0000,6.5000,5.0000,8.0000,6.5000,7.0000,False,False,False,True,False,False,7.9400,11.9100,1.5000,SIDI_INTRADAY_V2,1.8025,-2.0054,1.4153,-0.9510,295.0000,XLK,True,12.1957,8.9598,1.7724,1.2394,6.6450,0.1492,0.1074,0.1026,0.3344,0.0450,0.0380,14.4790,2.1820,2215500032.0000,2220000000.0000,0.9980,26823829504,0.8510,6.3800,2.3100,473000000,5.3800,0.0800,6.7300,10.0000,0.0826,OK,0,5.7000,False,False,False,False,False,False,DD12|MACD|VOLUME|FUND65|SPY20|ABNORMAL20,False,3-7d,XLK,,AAPL|MSFT|NVDA,interest_rates|ai_capex_cycle|semiconductor_cycle,POST_ANALYSIS_ACTUAL_FILL,LIVE_QUOTE_AT_ANALYSIS,True,1.0000,1.5000,1.0000,-5.0000,7,1.5000,3,SELL_50_PCT_AT_TP1_REST_AT_TP2,MOVE_REMAINDER_TO_BREAK_EVEN,EXIT_AT_OPEN_IF_OPEN_BELOW_SL,SL_FIRST,10,PENDING_ANALYSIS,2.2714,2.2714,3.4071,59.4914,60.6271,54.3590,Indicative levels use the signal close only. Final SL/TP1/TP2 and sizing must be recalculated from the actual post-analysis broker fill.,22,2026-10-29,False,2026-07-29,1.3700,1.3800,-66.0000,ALCISTA FUERTE,10,779.0900,8.4900,73.6000,15.0100,SIDI_INTRADAY_V2: Fund≥6.5 · DD60≥12% · RSI<40 · MACD↑ · Vol↓ · SPY20≤+1% · Abnormal20≤-10%,SIDI_INTRADAY_V2,False
DOW,Dow Inc.,Materials,Commodity Chemicals,2019-04-01,28.1600,28.1500,28.5950,28.0000,28.1600,2026-10-06,2026-10-07,29.8300,33.8200,DOWN,0.0124,-0.0172,-0.1374,True,0.3565,0.7846,0.7490,2.7860,29.6100,31.4700,28.5800,-4.9100,-10.5300,False,2.0347,BAJISTA,-13.4100,-14.7100,32.5200,33.0200,41.8200,19.6800,-32.6700,43.1000,0.9350,True,True,28.3600,1.0000,30.4800,True,0.7100,HAMMER|DOJI,7.1000,5.5000,8.5000,7.5000,7.0000,7.0000,7.0000,True,True,True,True,True,True,5.5700,8.3600,1.5000,SIDI_INTRADAY_V2,1.8025,-0.8511,-1.1871,0.3311,295.0000,XLB,True,,16.3198,1.2760,0.4898,9.3490,-0.0554,0.0130,-0.0313,0.0979,0.1970,,111.9130,1.7490,237624992.0000,-1300999936.0000,-0.1826,20236376064,0.4090,4.2000,4.9700,722340711,4.7700,7.5000,2.6600,4.0600,0.0117,FCF/NI:-0.18|D/E:112|ROE:-5.5%,3,5.7000,False,False,False,True,False,False,FUND65|SPY20|ABNORMAL20,False,5-10d,XLB,,LIN|APD|ECL,commodity_prices|dxy|china_demand|energy_costs,POST_ANALYSIS_ACTUAL_FILL,LIVE_QUOTE_AT_ANALYSIS,True,1.0000,1.5000,1.0000,-5.0000,7,1.5000,3,SELL_50_PCT_AT_TP1_REST_AT_TP2,MOVE_REMAINDER_TO_BREAK_EVEN,EXIT_AT_OPEN_IF_OPEN_BELOW_SL,SL_FIRST,10,PENDING_ANALYSIS,0.7846,0.7846,1.1769,28.9446,29.3369,26.7520,Indicative levels use the signal close only. Final SL/TP1/TP2 and sizing must be recalculated from the actual post-analysis broker fill.,15,2026-10-22,False,2026-07-23,1.4400,1.2800,12.6000,ALCISTA FUERTE,10,779.0900,8.4900,73.6000,15.0100,SIDI_INTRADAY_V2: Fund≥6.5 · DD60≥12% · RSI<40 · MACD↑ · Vol↓ · SPY20≤+1% · Abnormal20≤-10%,SIDI_INTRADAY_V2,False
EIX,Edison International,Utilities,Electric Utilities,1957-03-04,54.2500,54.4800,54.7100,53.6000,54.2500,2026-10-06,2026-10-07,46.4600,31.7300,UP,0.6708,0.6227,0.4666,True,0.4561,1.3636,0.5420,2.5130,63.3700,67.2500,55.6200,-14.3900,-19.3300,False,-0.2039,BAJISTA,-32.5100,-33.5300,80.3800,81.6200,81.6200,50.0400,-33.5300,8.4100,1.0070,False,False,54.4800,1.0000,59.9600,True,0.4200,HAMMER|HAMMER,6.2000,5.0000,7.0000,5.0000,7.0000,7.0000,7.0000,False,False,True,False,True,False,5.0300,7.5400,1.5000,SIDI_INTRADAY_V2,1.8025,-1.7599,-0.1311,1.3725,295.0000,XLU,True,5.6206,8.3849,1.2025,1.0802,7.3710,0.1973,0.0409,0.1928,0.6100,-0.0410,0.5510,228.0420,0.6620,82375000.0000,3744000000.0000,0.0220,20980058112,0.6090,2.2900,6.4700,384813979,5.3500,5.0000,5.7000,5.3400,0.0039,FCF/NI:0.02|D/E:228,2,5.6900,False,False,False,False,False,False,RSI40|VOLUME|FUND65|SPY20|ABNORMAL20,False,3-7d,XLU,,NEE|DUK|SO,interest_rates|regulatory_environment,POST_ANALYSIS_ACTUAL_FILL,LIVE_QUOTE_AT_ANALYSIS,True,1.0000,1.5000,1.0000,-5.0000,7,1.5000,3,SELL_50_PCT_AT_TP1_REST_AT_TP2,MOVE_REMAINDER_TO_BREAK_EVEN,EXIT_AT_OPEN_IF_OPEN_BELOW_SL,SL_FIRST,10,PENDING_ANALYSIS,1.3636,1.3636,2.0454,55.6136,56.2954,51.5375,Indicative levels use the signal close only. Final SL/TP1/TP2 and sizing must be recalculated from the actual post-analysis broker fill.,22,2026-10-29,False,2026-07-30,1.5400,1.2100,27.0000,ALCISTA FUERTE,10,779.0900,8.4900,73.6000,15.0100,SIDI_INTRADAY_V2: Fund≥6.5 · DD60≥12% · RSI<40 · MACD↑ · Vol↓ · SPY20≤+1% · Abnormal20≤-10%,SIDI_INTRADAY_V2,False
J,Jacobs Solutions,Industrials,Construction & Engineering,2007-10-26,139.2300,140.1600,140.3000,138.0300,139.2300,2026-10-06,2026-10-07,41.0400,38.1100,UP,-0.2432,-0.4185,-0.7313,True,0.3882,3.6393,1.0460,2.6140,143.2500,132.6100,140.4200,-2.8100,4.9900,True,0.4618,NEUTRO,-8.3900,-9.1800,151.9800,153.3000,166.6600,105.0900,-16.4600,32.4900,1.1470,False,False,141.1200,2.0000,137.0000,True,1.3600,HAMMER|BULL_ENGULF,6.8500,8.5000,7.0000,5.0000,7.0000,5.0000,9.5000,False,False,False,False,True,False,5.2300,7.8400,1.5000,SIDI_INTRADAY_V2,1.8025,-4.2714,-0.0578,0.5347,295.0000,XLI,True,44.9701,16.3736,4.8568,1.1241,18.1330,0.0800,0.0455,0.0238,0.2207,0.3450,-0.2540,124.7340,1.2870,645677888.0000,359329984.0000,1.7969,15983427584,0.6980,4.1000,1.0300,118080879,4.9200,5.0000,4.4100,5.4200,0.0404,D/E:125,1,5.6900,False,False,False,False,False,False,DD12|RSI40|VOLUME|FUND65|SPY20|ABNORMAL20,False,7-15d,XLI,,CAT|UNP|HON,pmi_manufacturing|supply_chain|capex_cycle,POST_ANALYSIS_ACTUAL_FILL,LIVE_QUOTE_AT_ANALYSIS,True,1.0000,1.5000,1.0000,-5.0000,7,1.5000,3,SELL_50_PCT_AT_TP1_REST_AT_TP2,MOVE_REMAINDER_TO_BREAK_EVEN,EXIT_AT_OPEN_IF_OPEN_BELOW_SL,SL_FIRST,10,PENDING_ANALYSIS,3.6393,3.6393,5.4589,142.8693,144.6889,132.2685,Indicative levels use the signal close only. Final SL/TP1/TP2 and sizing must be recalculated from the actual post-analysis broker fill.,43,2026-11-19,False,2026-08-04,1.8400,1.8300,80.0000,ALCISTA FUERTE,10,779.0900,8.4900,73.6000,15.0100,SIDI_INTRADAY_V2: Fund≥6.5 · DD60≥12% · RSI<40 · MACD↑ · Vol↓ · SPY20≤+1% · Abnormal20≤-10%,SIDI_INTRADAY_V2,False
KVUE,Kenvue,Consumer Staples,Personal Care Products,2023-08-25,17.5900,17.4600,17.6450,17.4100,17.5900,2026-10-06,2026-10-07,49.2600,65.5800,DOWN,0.0044,-0.0135,0.0020,True,0.4574,0.2842,0.7320,1.6160,18.3500,17.5400,17.7400,-4.1400,0.2700,True,0.8088,NEUTRO,-9.0500,-10.2200,19.3400,19.5900,19.6700,13.2200,-10.5900,33.0700,0.4250,True,True,16.3600,2.0000,17.4000,False,-7.0100,NONE,6.5500,8.5000,6.0000,7.5000,4.0000,7.0000,5.0000,False,False,False,False,True,True,3.2300,4.8500,1.5000,SIDI_INTRADAY_V2,1.8025,-2.1252,0.2100,0.9610,295.0000,XLP,True,20.4767,14.2038,3.2041,2.1953,11.8610,0.1558,0.0699,0.1076,0.5844,0.0300,0.0850,81.6170,1.0050,1907500032.0000,1658000000.0000,1.1505,33824823296,0.4470,2.1200,4.7800,1920773467,5.1200,2.9200,5.5100,7.2100,0.0564,D/E:82,1,5.6900,False,False,False,False,False,False,DD12|RSI40|FUND65|SPY20|ABNORMAL20,False,7-15d,XLP,,PG|KO|PEP,inflation|input_costs|fx_rates,POST_ANALYSIS_ACTUAL_FILL,LIVE_QUOTE_AT_ANALYSIS,True,1.0000,1.5000,1.0000,-5.0000,7,1.5000,3,SELL_50_PCT_AT_TP1_REST_AT_TP2,MOVE_REMAINDER_TO_BREAK_EVEN,EXIT_AT_OPEN_IF_OPEN_BELOW_SL,SL_FIRST,10,PENDING_ANALYSIS,0.2842,0.2842,0.4263,17.8742,18.0163,16.7105,Indicative levels use the signal close only. Final SL/TP1/TP2 and sizing must be recalculated from the actual post-analysis broker fill.,29,2026-11-05,False,2026-08-06,0.3100,0.3200,-2.8000,ALCISTA FUERTE,10,779.0900,8.4900,73.6000,15.0100,SIDI_INTRADAY_V2: Fund≥6.5 · DD60≥12% · RSI<40 · MACD↑ · Vol↓ · SPY20≤+1% · Abnormal20≤-10%,SIDI_INTRADAY_V2,False
SOLV,Solventum,Health Care,Health Care Technology,2024-04-01,87.0400,88.4500,88.9300,86.8950,87.0400,2026-10-06,2026-10-07,37.6900,46.7400,DOWN,-0.3129,-0.2721,-0.2773,False,0.0716,1.6334,0.6850,1.8770,88.4600,78.0200,88.5300,-1.6000,11.5600,True,0.7273,NEUTRO,-5.8400,-7.5600,92.4400,94.1600,94.1600,62.3800,-7.5600,39.5300,1.0330,True,True,86.5300,1.0000,89.5100,True,-0.5900,NONE,7.5500,8.5000,6.5000,7.5000,7.0000,10.0000,5.0000,False,False,False,True,False,True,3.7500,5.6300,1.5000,SIDI_INTRADAY_V2,1.8025,-6.7917,0.3977,0.7621,295.0000,XLV,True,10.5153,11.8819,3.0447,1.7598,17.3030,0.3396,0.0270,0.1726,0.5478,0.0220,0.0390,110.3130,1.0210,489000000.0000,1434000000.0000,0.3410,14623921152,0.7030,5.2600,0.0000,170223729,4.4500,0.6100,5.9100,7.2100,0.0334,FCF/NI:0.34|D/E:110,2,5.6900,False,False,False,False,False,False,DD12|MACD|FUND65|SPY20|ABNORMAL20,False,7-15d,XLV,,UNH|JNJ|LLY,fda_calendar|drug_pricing_policy|patent_cliffs,POST_ANALYSIS_ACTUAL_FILL,LIVE_QUOTE_AT_ANALYSIS,True,1.0000,1.5000,1.0000,-5.0000,7,1.5000,3,SELL_50_PCT_AT_TP1_REST_AT_TP2,MOVE_REMAINDER_TO_BREAK_EVEN,EXIT_AT_OPEN_IF_OPEN_BELOW_SL,SL_FIRST,10,PENDING_ANALYSIS,1.6334,1.6334,2.4501,88.6734,89.4901,82.6880,Indicative levels use the signal close only. Final SL/TP1/TP2 and sizing must be recalculated from the actual post-analysis broker fill.,29,2026-11-05,False,2026-08-05,2.5500,1.9100,33.8000,ALCISTA FUERTE,10,779.0900,8.4900,73.6000,15.0100,SIDI_INTRADAY_V2: Fund≥6.5 · DD60≥12% · RSI<40 · MACD↑ · Vol↓ · SPY20≤+1% · Abnormal20≤-10%,SIDI_INTRADAY_V2,False
VICI,Vici Properties,Real Estate,Hotel & Resort REITs,2022-06-08,22.7300,22.5800,22.8900,22.5600,22.7300,2026-10-06,2026-10-07,27.5200,27.3000,UP,-0.0591,-0.0821,-0.0816,True,0.1720,0.3581,0.7940,1.5750,24.8700,26.4700,23.5700,-8.6100,-14.1200,False,-1.1026,BAJISTA,-14.6800,-16.2200,26.6400,27.1300,30.4500,22.4200,-25.3500,1.3600,0.7230,True,True,,0.0000,27.8100,False,,NONE,6.7800,5.0000,9.5000,7.5000,4.0000,8.5000,5.0000,True,True,True,True,True,True,3.1500,4.7300,1.5000,SIDI_INTRADAY_V2,1.8025,-0.7043,-0.2586,1.0191,295.0000,XLRE,True,8.7840,7.5502,0.8521,6.0662,11.8160,0.0985,0.0482,0.6750,0.9927,0.0570,-0.4140,60.2770,11.2360,267028992.0000,2765718016.0000,0.0965,24856825856,0.6740,2.9500,8.0900,1101077562,4.9600,2.7300,6.1100,6.2300,0.0107,FCF/NI:0.10,1,5.6900,False,False,False,True,False,False,FUND65|SPY20|ABNORMAL20,False,3-7d,XLRE,,PLD|AMT|EQIX,interest_rates|cap_rates|occupancy_trends,POST_ANALYSIS_ACTUAL_FILL,LIVE_QUOTE_AT_ANALYSIS,True,1.0000,1.5000,1.0000,-5.0000,7,1.5000,3,SELL_50_PCT_AT_TP1_REST_AT_TP2,MOVE_REMAINDER_TO_BREAK_EVEN,EXIT_AT_OPEN_IF_OPEN_BELOW_SL,SL_FIRST,10,PENDING_ANALYSIS,0.3581,0.3581,0.5372,23.0881,23.2672,21.5935,Indicative levels use the signal close only. Final SL/TP1/TP2 and sizing must be recalculated from the actual post-analysis broker fill.,21,2026-10-28,False,2026-07-29,0.4800,0.7100,-31.8000,ALCISTA FUERTE,10,779.0900,8.4900,73.6000,15.0100,SIDI_INTRADAY_V2: Fund≥6.5 · DD60≥12% · RSI<40 · MACD↑ · Vol↓ · SPY20≤+1% · Abnormal20≤-10%,SIDI_INTRADAY_V2,False
IRM,Iron Mountain,Real Estate,Other Specialized REITs,2009-01-06,116.5000,113.9600,117.4100,113.9600,116.5000,2026-10-06,2026-10-07,60.0100,43.6000,UP,0.4437,0.1433,-0.0558,True,0.8713,2.8300,0.7100,2.4290,117.8600,111.1600,113.9600,-1.1500,4.8100,True,2.9313,NEUTRO,-9.6200,-11.6400,128.9000,131.8500,133.6400,76.0300,-12.8300,53.2400,0.7850,True,True,113.4500,1.0000,119.3500,True,-2.6200,NONE,7.2000,8.5000,7.0000,7.5000,7.0000,7.0000,5.0000,False,False,False,False,True,True,4.8600,7.2900,1.5000,SIDI_INTRADAY_V2,1.8025,5.4827,0.9361,0.8407,295.0000,XLRE,True,82.3071,42.2134,-26.7790,4.5361,21.4870,,0.0463,0.0554,0.5421,0.1850,,,0.7260,-436093504.0000,418655008.0000,-1.0417,34304296960,1.1890,5.2300,2.9700,297702812,4.6600,7.5000,4.3600,1.6900,-0.0127,FCF/NI:-1.04,1,5.6800,False,False,False,False,False,False,DD12|RSI40|FUND65|SPY20|ABNORMAL20,False,7-15d,XLRE,,PLD|AMT|EQIX,interest_rates|cap_rates|occupancy_trends,POST_ANALYSIS_ACTUAL_FILL,LIVE_QUOTE_AT_ANALYSIS,True,1.0000,1.5000,1.0000,-5.0000,7,1.5000,3,SELL_50_PCT_AT_TP1_REST_AT_TP2,MOVE_REMAINDER_TO_BREAK_EVEN,EXIT_AT_OPEN_IF_OPEN_BELOW_SL,SL_FIRST,10,PENDING_ANALYSIS,2.8300,2.8300,4.2450,119.3300,120.7450,110.6750,Indicative levels use the signal close only. Final SL/TP1/TP2 and sizing must be recalculated from the actual post-analysis broker fill.,28,2026-11-04,False,2026-08-05,0.6000,0.5600,7.5000,ALCISTA FUERTE,10,779.0900,8.4900,73.6000,15.0100,SIDI_INTRADAY_V2: Fund≥6.5 · DD60≥12% · RSI<40 · MACD↑ · Vol↓ · SPY20≤+1% · Abnormal20≤-10%,SIDI_INTRADAY_V2,False
IQV,IQVIA,Health Care,Life Sciences Tools & Services,2017-08-29,259.9800,269.4300,274.2800,259.7900,259.9800,2026-10-06,2026-10-07,40.9200,66.0300,DOWN,-2.1477,-1.9704,-1.7103,False,0.2021,7.4736,0.9850,2.8750,255.8900,206.2500,264.3600,1.6000,26.0500,True,2.0536,ALCISTA,-5.4700,-6.2800,275.0200,277.4000,277.4000,154.5000,-6.2800,68.2700,0.6800,True,True,233.7600,1.0000,271.8000,False,-10.0900,NONE,6.5700,10.0000,5.0000,7.5000,4.0000,6.5000,5.0000,False,False,False,False,False,True,5.7500,8.6200,1.5000,SIDI_INTRADAY_V2,1.8025,-5.4087,0.0784,1.1418,295.0000,XLV,True,32.0677,17.8685,6.8855,2.5020,18.7330,0.2282,0.0506,0.0810,0.3297,0.0870,-0.0060,257.9750,0.7060,2149750016.0000,1375000064.0000,1.5635,42490667008,1.1740,3.0800,0.0000,164600000,5.0700,3.1200,6.0400,6.2100,0.0506,D/E:258,1,5.6700,False,False,False,False,False,False,DD12|RSI40|MACD|FUND65|SPY20|ABNORMAL20,False,10-18d,XLV,,UNH|JNJ|LLY,fda_calendar|drug_pricing_policy|patent_cliffs,POST_ANALYSIS_ACTUAL_FILL,LIVE_QUOTE_AT_ANALYSIS,True,1.0000,1.5000,1.0000,-5.0000,7,1.5000,3,SELL_50_PCT_AT_TP1_REST_AT_TP2,MOVE_REMAINDER_TO_BREAK_EVEN,EXIT_AT_OPEN_IF_OPEN_BELOW_SL,SL_FIRST,10,PENDING_ANALYSIS,7.4736,7.4736,11.2104,267.4536,271.1904,246.9810,Indicative levels use the signal close only. Final SL/TP1/TP2 and sizing must be recalculated from the actual post-analysis broker fill.,20,2026-10-27,False,2026-07-28,3.1500,3.0300,3.9000,ALCISTA FUERTE,10,779.0900,8.4900,73.6000,15.0100,SIDI_INTRADAY_V2: Fund≥6.5 · DD60≥12% · RSI<40 · MACD↑ · Vol↓ · SPY20≤+1% · Abnormal20≤-10%,SIDI_INTRADAY_V2,False
KR,Kroger,Consumer Staples,Food Retail,1957-03-04,58.4100,58.5500,58.7100,57.7500,58.4100,2026-10-06,2026-10-07,37.7100,65.6100,DOWN,-0.1619,-0.1210,-0.0618,False,0.3520,1.4036,0.9150,2.4030,58.1200,62.8700,58.9800,0.5000,-7.1000,False,-0.6719,BAJISTA,-6.1700,-6.6200,62.2500,62.5500,75.6600,53.7800,-22.8000,8.6100,0.7720,True,True,57.5600,1.0000,59.2000,True,-1.4600,HAMMER|DOJI|HAMMER,6.7500,6.5000,6.5000,7.5000,8.0000,5.0000,7.0000,False,False,False,True,False,True,4.8100,7.2100,1.5000,SIDI_INTRADAY_V2,1.8025,8.1456,-0.6161,1.0126,295.0000,XLP,True,32.9778,10.7727,6.0578,0.2348,7.0850,0.1444,0.0580,0.0073,0.2390,0.0200,0.1530,413.2400,0.7020,2535500032.0000,1078000000.0000,2.3520,35057344512,0.3530,4.4400,2.6700,590588700,4.9500,4.0300,4.5900,6.4400,0.0723,D/E:413,1,5.6700,False,False,False,False,False,False,DD12|MACD|FUND65|SPY20|ABNORMAL20,False,3-7d,XLP,,PG|KO|PEP,inflation|input_costs|fx_rates,POST_ANALYSIS_ACTUAL_FILL,LIVE_QUOTE_AT_ANALYSIS,True,1.0000,1.5000,1.0000,-5.0000,7,1.5000,3,SELL_50_PCT_AT_TP1_REST_AT_TP2,MOVE_REMAINDER_TO_BREAK_EVEN,EXIT_AT_OPEN_IF_OPEN_BELOW_SL,SL_FIRST,10,PENDING_ANALYSIS,1.4036,1.4036,2.1054,59.8136,60.5154,55.4895,Indicative levels use the signal close only. Final SL/TP1/TP2 and sizing must be recalculated from the actual post-analysis broker fill.,57,2026-12-03,False,2026-09-11,1.0900,1.0500,3.6000,ALCISTA FUERTE,10,779.0900,8.4900,73.6000,15.0100,SIDI_INTRADAY_V2: Fund≥6.5 · DD60≥12% · RSI<40 · MACD↑ · Vol↓ · SPY20≤+1% · Abnormal20≤-10%,SIDI_INTRADAY_V2,False
UAL,United Airlines Holdings,Industrials,Passenger Airlines,2015-09-03,111.8700,111.9800,115.2000,110.7200,111.8700,2026-10-06,2026-10-07,59.9700,59.9600,UP,0.4152,0.4333,0.6547,False,0.6341,4.0364,0.9630,3.6080,115.5200,109.1200,111.5300,-3.1600,2.5200,True,0.6911,NEUTRO,-15.7400,-17.3600,132.7600,135.3700,138.7700,84.6400,-19.3800,32.1700,1.2820,False,False,111.2900,2.0000,118.1100,True,-0.5200,HAMMER|DOJI,6.4000,8.5000,6.0000,5.0000,7.0000,5.0000,7.0000,False,False,True,False,False,False,7.2200,10.8200,1.5000,SIDI_INTRADAY_V2,1.8025,3.3556,0.9017,1.1972,295.0000,XLI,True,10.2285,7.5017,2.1236,0.5637,7.5230,0.2325,0.0338,0.0556,0.3182,0.1600,-0.1720,201.6410,0.7800,910124992.0000,3496000000.0000,0.2603,35457531904,1.3040,5.3800,0.0000,324583772,5.1800,4.6100,3.8200,7.4200,0.0257,FCF/NI:0.26|D/E:202,2,5.6700,False,False,False,False,False,False,RSI40|MACD|VOLUME|FUND65|SPY20|ABNORMAL20,False,7-15d,XLI,,CAT|UNP|HON,pmi_manufacturing|supply_chain|capex_cycle,POST_ANALYSIS_ACTUAL_FILL,LIVE_QUOTE_AT_ANALYSIS,True,1.0000,1.5000,1.0000,-5.0000,7,1.5000,3,SELL_50_PCT_AT_TP1_REST_AT_TP2,MOVE_REMAINDER_TO_BREAK_EVEN,EXIT_AT_OPEN_IF_OPEN_BELOW_SL,SL_FIRST,10,PENDING_ANALYSIS,4.0364,4.0364,6.0546,115.9064,117.9246,106.2765,Indicative levels use the signal close only. Final SL/TP1/TP2 and sizing must be recalculated from the actual post-analysis broker fill.,13,2026-10-20,False,2026-07-15,1.9900,1.8500,7.6000,ALCISTA FUERTE,10,779.0900,8.4900,73.6000,15.0100,SIDI_INTRADAY_V2: Fund≥6.5 · DD60≥12% · RSI<40 · MACD↑ · Vol↓ · SPY20≤+1% · Abnormal20≤-10%,SIDI_INTRADAY_V2,False
A,Agilent Technologies,Health Care,Life Sciences Tools & Services,2000-06-05,169.3300,172.7700,176.3800,168.0100,169.3300,2026-10-06,2026-10-07,69.6900,89.7000,DOWN,0.1059,0.3917,1.0613,False,0.6763,5.4549,1.2790,3.2210,153.5900,132.6800,164.0000,10.2500,27.6200,True,1.2456,ALCISTA,-3.2100,-4.2200,174.9500,176.7900,176.7900,107.9800,-4.2200,56.8100,0.7530,True,True,136.8100,3.0000,176.7900,False,-19.2000,HAMMER|BULL_ENGULF,7.1000,10.0000,5.0000,7.5000,6.0000,5.0000,9.5000,False,False,False,False,False,True,6.4400,9.6600,1.5000,SIDI_INTRADAY_V2,1.8025,11.2999,0.5697,0.7363,295.0000,XLV,True,33.4546,25.0980,6.4954,6.4866,24.1000,0.2097,0.0863,0.1953,0.5365,0.0810,0.0850,56.3360,2.0500,1060374976.0000,1440000000.0000,0.7364,47819366400,1.2080,2.1400,0.6000,281928854,4.7000,3.8900,6.2000,3.9100,0.0222,FCF/NI:0.74,1,5.6600,False,False,False,False,False,False,DD12|RSI40|MACD|FUND65|SPY20|ABNORMAL20,False,10-18d,XLV,,UNH|JNJ|LLY,fda_calendar|drug_pricing_policy|patent_cliffs,POST_ANALYSIS_ACTUAL_FILL,LIVE_QUOTE_AT_ANALYSIS,True,1.0000,1.5000,1.0000,-5.0000,7,1.5000,3,SELL_50_PCT_AT_TP1_REST_AT_TP2,MOVE_REMAINDER_TO_BREAK_EVEN,EXIT_AT_OPEN_IF_OPEN_BELOW_SL,SL_FIRST,10,PENDING_ANALYSIS,5.4549,5.4549,8.1823,174.7849,177.5124,160.8635,Indicative levels use the signal close only. Final SL/TP1/TP2 and sizing must be recalculated from the actual post-analysis broker fill.,49,2026-11-25,False,2026-08-26,1.6200,1.4900,9.0000,ALCISTA FUERTE,10,779.0900,8.4900,73.6000,15.0100,SIDI_INTRADAY_V2: Fund≥6.5 · DD60≥12% · RSI<40 · MACD↑ · Vol↓ · SPY20≤+1% · Abnormal20≤-10%,SIDI_INTRADAY_V2,False
ARES,Ares Management,Financials,Asset Management & Custody Banks,2025-12-11,117.7400,117.9000,119.1300,116.9400,117.7400,2026-10-06,2026-10-07,36.2200,25.8800,UP,-0.3983,-0.6219,-1.0216,True,0.2454,4.0719,0.8700,3.4580,131.8300,126.7300,122.9100,-10.6900,-7.1000,True,-2.5245,BAJISTA,-20.3900,-20.6100,147.8900,148.3000,173.9900,92.5900,-32.3300,27.1600,0.8510,True,True,116.7200,3.0000,126.6400,True,-0.8700,HAMMER|HAMMER|DOJI,7.6700,6.5000,8.5000,7.5000,10.0000,6.5000,7.0000,True,True,True,True,True,True,6.9200,10.3800,1.5000,SIDI_INTRADAY_V2,1.8025,-12.6314,1.0590,0.8911,295.0000,XLF,True,53.2834,16.1928,10.4818,7.3034,32.1050,0.1492,0.0458,0.1211,1.0000,0.0960,0.0650,172.3780,0.6200,2159716096.0000,487432992.0000,4.4308,38361591808,1.5540,8.7400,4.5900,223957742,4.3200,2.4700,4.9600,5.7500,0.0563,D/E:172,1,5.6600,False,False,True,True,False,False,FUND65|SPY20,False,3-7d,XLF,,JPM|BAC|WFC,interest_rates|yield_curve|credit_spreads|loan_growth,POST_ANALYSIS_ACTUAL_FILL,LIVE_QUOTE_AT_ANALYSIS,True,1.0000,1.5000,1.0000,-5.0000,7,1.5000,3,SELL_50_PCT_AT_TP1_REST_AT_TP2,MOVE_REMAINDER_TO_BREAK_EVEN,EXIT_AT_OPEN_IF_OPEN_BELOW_SL,SL_FIRST,10,PENDING_ANALYSIS,4.0719,4.0719,6.1079,121.8119,123.8478,111.8530,Indicative levels use the signal close only. Final SL/TP1/TP2 and sizing must be recalculated from the actual post-analysis broker fill.,22,2026-10-29,False,2026-07-31,1.2900,1.2700,1.4000,ALCISTA FUERTE,10,779.0900,8.4900,73.6000,15.0100,SIDI_INTRADAY_V2: Fund≥6.5 · DD60≥12% · RSI<40 · MACD↑ · Vol↓ · SPY20≤+1% · Abnormal20≤-10%,SIDI_INTRADAY_V2,False
EXR,Extra Space Storage,Real Estate,Self-Storage REITs,2016-01-19,133.8900,133.4500,135.5400,132.9100,133.8900,2026-10-06,2026-10-07,43.8200,48.6300,DOWN,0.2026,0.0823,-0.0896,True,0.4076,2.6164,0.9120,1.9540,140.5500,138.8900,135.0000,-4.7400,-3.6000,True,0.6634,BAJISTA,-11.3700,-14.7400,151.0700,157.0300,157.0300,120.0400,-14.7400,11.5400,1.0600,False,False,134.7300,4.0000,141.9500,True,0.6300,HAMMER,6.5500,7.0000,6.0000,5.0000,10.0000,5.0000,7.0000,False,False,False,False,True,False,3.9100,5.8600,1.5000,SIDI_INTRADAY_V2,1.8025,4.5811,0.1257,1.1590,295.0000,XLRE,True,29.3951,27.4450,2.1220,8.3702,18.5770,0.0695,0.0336,0.2728,0.7492,0.0380,0.0600,101.6740,0.8860,1499437568.0000,956073984.0000,1.5683,29388750848,1.1660,4.3800,4.8400,211269558,5.0600,3.2900,5.4500,6.6600,0.0510,D/E:102,1,5.6600,False,False,False,False,False,False,DD12|RSI40|VOLUME|FUND65|SPY20|ABNORMAL20,False,3-7d,XLRE,,PLD|AMT|EQIX,interest_rates|cap_rates|occupancy_trends,POST_ANALYSIS_ACTUAL_FILL,LIVE_QUOTE_AT_ANALYSIS,True,1.0000,1.5000,1.0000,-5.0000,7,1.5000,3,SELL_50_PCT_AT_TP1_REST_AT_TP2,MOVE_REMAINDER_TO_BREAK_EVEN,EXIT_AT_OPEN_IF_OPEN_BELOW_SL,SL_FIRST,10,PENDING_ANALYSIS,2.6164,2.6164,3.9246,136.5064,137.8146,127.1955,Indicative levels use the signal close only. Final SL/TP1/TP2 and sizing must be recalculated from the actual post-analysis broker fill.,20,2026-10-27,False,2026-07-28,1.2500,1.1500,8.6000,ALCISTA FUERTE,10,779.0900,8.4900,73.6000,15.0100,SIDI_INTRADAY_V2: Fund≥6.5 · DD60≥12% · RSI<40 · MACD↑ · Vol↓ · SPY20≤+1% · Abnormal20≤-10%,SIDI_INTRADAY_V2,False
PYPL,PayPal,Financials,Transaction & Payment Processing Services,2015-07-20,54.6100,54.3850,54.8750,54.0000,54.6100,2026-10-06,2026-10-07,60.2600,60.1400,UP,0.2549,0.1866,0.1140,True,0.8843,1.4274,0.8140,2.6140,56.3600,49.9500,53.9400,-3.1100,9.3200,True,-1.4542,NEUTRO,-12.1300,-12.7300,62.1500,62.5800,78.3400,38.1200,-30.2900,43.2400,0.6010,True,True,55.1700,2.0000,57.6400,True,1.0300,BULL_ENGULF,7.0500,8.0000,7.0000,7.5000,7.0000,5.0000,7.5000,False,False,True,False,True,True,5.2300,7.8400,1.5000,SIDI_INTRADAY_V2,1.8025,8.7636,0.2492,1.1007,295.0000,XLF,True,10.3270,9.4429,2.3759,1.3798,7.6950,0.2450,0.0462,0.1436,0.4048,0.0480,-0.0310,71.7510,1.2880,4423124992.0000,4902000128.0000,0.9023,47091060736,1.2800,2.3800,1.0300,862000000,4.7400,0.7400,6.4400,7.4400,0.0939,OK,0,5.6600,False,False,False,False,False,False,RSI40|FUND65|SPY20|ABNORMAL20,False,7-15d,XLF,,JPM|BAC|WFC,interest_rates|yield_curve|credit_spreads|loan_growth,POST_ANALYSIS_ACTUAL_FILL,LIVE_QUOTE_AT_ANALYSIS,True,1.0000,1.5000,1.0000,-5.0000,7,1.5000,3,SELL_50_PCT_AT_TP1_REST_AT_TP2,MOVE_REMAINDER_TO_BREAK_EVEN,EXIT_AT_OPEN_IF_OPEN_BELOW_SL,SL_FIRST,10,PENDING_ANALYSIS,1.4274,1.4274,2.1411,56.0374,56.7511,51.8795,Indicative levels use the signal close only. Final SL/TP1/TP2 and sizing must be recalculated from the actual post-analysis broker fill.,20,2026-10-27,False,2026-07-28,1.3800,1.2800,8.0000,ALCISTA FUERTE,10,779.0900,8.4900,73.6000,15.0100,SIDI_INTRADAY_V2: Fund≥6.5 · DD60≥12% · RSI<40 · MACD↑ · Vol↓ · SPY20≤+1% · Abnormal20≤-10%,SIDI_INTRADAY_V2,False
TJX,TJX Companies,Consumer Discretionary,Apparel Retail,1985-09-30,137.0300,134.9400,137.2400,134.5300,137.0300,2026-10-06,2026-10-07,81.5800,70.9600,UP,1.5344,1.4127,1.4989,True,0.9797,3.0236,0.9600,2.2070,140.1000,151.6300,132.6500,-2.1900,-9.6300,False,-1.3844,BAJISTA,-15.1800,-15.6900,161.5500,162.5300,169.4700,122.7800,-19.1400,11.6100,0.9180,False,False,122.7800,1.0000,157.6500,False,-10.4000,NONE,5.2500,5.0000,7.0000,5.0000,4.0000,5.0000,5.0000,False,False,True,False,True,False,4.4100,6.6200,1.5000,SIDI_INTRADAY_V2,1.8025,10.0580,-0.5027,0.5626,295.0000,XLY,True,25.6815,24.0200,14.3383,2.4566,17.8640,0.6217,0.1354,0.0973,0.3147,0.0540,0.2360,134.4190,1.1470,4398125056.0000,6066999808.0000,0.7249,153200394240,0.5610,2.1800,1.4000,1104704446,5.9300,7.3400,5.9700,4.2500,0.0287,FCF/NI:0.72|D/E:134,2,5.6600,False,False,False,False,False,False,RSI40|VOLUME|FUND65|SPY20|ABNORMAL20,False,3-7d,XLY,,AMZN|TSLA|HD,consumer_spending|employment_data|interest_rates,POST_ANALYSIS_ACTUAL_FILL,LIVE_QUOTE_AT_ANALYSIS,True,1.0000,1.5000,1.0000,-5.0000,7,1.5000,3,SELL_50_PCT_AT_TP1_REST_AT_TP2,MOVE_REMAINDER_TO_BREAK_EVEN,EXIT_AT_OPEN_IF_OPEN_BELOW_SL,SL_FIRST,10,PENDING_ANALYSIS,3.0236,3.0236,4.5354,140.0536,141.5654,130.1785,Indicative levels use the signal close only. Final SL/TP1/TP2 and sizing must be recalculated from the actual post-analysis broker fill.,42,2026-11-18,False,2026-08-19,1.3600,1.1900,14.5000,ALCISTA FUERTE,10,779.0900,8.4900,73.6000,15.0100,SIDI_INTRADAY_V2: Fund≥6.5 · DD60≥12% · RSI<40 · MACD↑ · Vol↓ · SPY20≤+1% · Abnormal20≤-10%,SIDI_INTRADAY_V2,False
MO,Altria,Consumer Staples,Tobacco,1957-03-04,68.5500,67.7000,68.7900,67.6000,68.5500,2026-10-06,2026-10-07,37.5200,65.5100,DOWN,-0.1466,-0.2177,-0.2244,True,0.5026,1.2400,0.7640,1.8090,67.5100,65.5500,68.2100,1.5300,4.5800,True,2.1338,ALCISTA,-7.0400,-9.6200,73.7400,75.8500,75.8500,52.1700,-9.6200,31.3900,0.8830,True,True,66.2500,5.0000,74.1000,True,-3.3500,NONE,7.9000,10.0000,7.5000,7.5000,9.0000,7.0000,5.0000,False,False,False,True,True,True,3.6200,5.4300,1.5000,SIDI_INTRADAY_V2,1.8025,3.2592,-0.6227,1.1361,295.0000,XLP,True,14.6221,11.8442,-43.4637,5.6727,8.6720,,0.2954,0.3900,0.8701,0.0120,-0.0270,,0.5180,9033374720.0000,7952000000.0000,1.1360,115972063232,0.4610,4.5200,6.4800,1669743926,4.1500,0.2200,5.5500,7.1100,0.0779,OK,0,5.6500,False,False,False,False,False,False,DD12|FUND65|SPY20|ABNORMAL20,False,10-18d,XLP,,PG|KO|PEP,inflation|input_costs|fx_rates,POST_ANALYSIS_ACTUAL_FILL,LIVE_QUOTE_AT_ANALYSIS,True,1.0000,1.5000,1.0000,-5.0000,7,1.5000,3,SELL_50_PCT_AT_TP1_REST_AT_TP2,MOVE_REMAINDER_TO_BREAK_EVEN,EXIT_AT_OPEN_IF_OPEN_BELOW_SL,SL_FIRST,10,PENDING_ANALYSIS,1.2400,1.2400,1.8600,69.7900,70.4100,65.1225,Indicative levels use the signal close only. Final SL/TP1/TP2 and sizing must be recalculated from the actual post-analysis broker fill.,22,2026-10-29,False,2026-07-30,1.4800,1.5000,-1.2000,ALCISTA FUERTE,10,779.0900,8.4900,73.6000,15.0100,SIDI_INTRADAY_V2: Fund≥6.5 · DD60≥12% · RSI<40 · MACD↑ · Vol↓ · SPY20≤+1% · Abnormal20≤-10%,SIDI_INTRADAY_V2,False
AWK,American Water Works,Utilities,Water Utilities,2016-03-04,128.0400,128.0700,128.9900,127.0200,128.0400,2026-10-06,2026-10-07,22.3900,16.4400,UP,-0.6749,-0.7654,-1.0240,True,0.1830,2.5357,0.8480,1.9800,135.3600,130.6000,132.2700,-5.4100,-1.9600,True,0.4475,BAJISTA,-9.1200,-10.0700,140.8900,142.3700,142.3700,118.8200,-10.0700,7.7600,1.1070,True,True,120.9200,3.0000,128.0400,False,-5.5600,HAMMER|DOJI,7.5300,7.0000,9.5000,7.5000,7.0000,6.5000,7.0000,False,True,False,True,True,True,3.9600,5.9400,1.5000,SIDI_INTRADAY_V2,1.8025,-7.6781,-0.4360,0.6411,295.0000,XLU,True,22.2123,19.5199,2.1835,4.8202,14.1730,0.1009,0.0352,0.2135,0.6147,0.0620,0.0860,137.7450,0.5230,-1785374976.0000,1128000000.0000,-1.5828,25470099456,0.5690,6.6100,2.8000,198728989,4.4000,5.6600,4.4700,2.8500,-0.0701,FCF/NI:-1.58,1,5.6500,False,False,False,False,False,False,DD12|FUND65|SPY20|ABNORMAL20,False,3-7d,XLU,,NEE|DUK|SO,interest_rates|regulatory_environment,POST_ANALYSIS_ACTUAL_FILL,LIVE_QUOTE_AT_ANALYSIS,True,1.0000,1.5000,1.0000,-5.0000,7,1.5000,3,SELL_50_PCT_AT_TP1_REST_AT_TP2,MOVE_REMAINDER_TO_BREAK_EVEN,EXIT_AT_OPEN_IF_OPEN_BELOW_SL,SL_FIRST,10,PENDING_ANALYSIS,2.5357,2.5357,3.8035,130.5757,131.8435,121.6380,Indicative levels use the signal close only. Final SL/TP1/TP2 and sizing must be recalculated from the actual post-analysis broker fill.,21,2026-10-28,False,2026-07-29,1.6100,1.5500,4.0000,ALCISTA FUERTE,10,779.0900,8.4900,73.6000,15.0100,SIDI_INTRADAY_V2: Fund≥6.5 · DD60≥12% · RSI<40 · MACD↑ · Vol↓ · SPY20≤+1% · Abnormal20≤-10%,SIDI_INTRADAY_V2,False
INTU,Intuit,Information Technology,Application Software,2000-12-05,289.8100,287.0000,291.2600,284.8700,289.8100,2026-10-06,2026-10-07,31.6400,27.1700,UP,0.1765,-1.0532,-3.3198,True,0.4154,11.1243,0.7740,3.8380,322.8600,388.0000,295.8100,-10.2400,-25.3100,False,-8.2883,BAJISTA,-21.6600,-22.3000,369.9200,372.9800,682.7600,251.7200,-57.5500,15.1300,0.9650,True,True,260.8400,2.0000,336.9400,False,-9.9900,NONE,6.3500,5.0000,8.5000,7.5000,4.0000,7.0000,5.0000,True,True,True,True,True,True,7.6800,11.5200,1.5000,SIDI_INTRADAY_V2,1.8025,-2.5466,1.0553,-0.6548,295.0000,XLK,True,17.3920,10.7659,4.1192,3.6319,11.4860,0.2360,0.1047,0.2129,0.8098,0.1370,-0.0140,44.3400,1.5070,6353625088.0000,4566000128.0000,1.3915,77896622080,1.0090,1.7700,1.9000,267236000,5.1800,1.2600,5.9300,8.8900,0.0816,OK,0,5.6500,False,False,False,True,False,False,FUND65|SPY20|ABNORMAL20,False,3-7d,XLK,,AAPL|MSFT|NVDA,interest_rates|ai_capex_cycle|semiconductor_cycle,POST_ANALYSIS_ACTUAL_FILL,LIVE_QUOTE_AT_ANALYSIS,True,1.0000,1.5000,1.0000,-5.0000,7,1.5000,3,SELL_50_PCT_AT_TP1_REST_AT_TP2,MOVE_REMAINDER_TO_BREAK_EVEN,EXIT_AT_OPEN_IF_OPEN_BELOW_SL,SL_FIRST,10,PENDING_ANALYSIS,11.1243,11.1243,16.6865,300.9343,306.4964,275.3195,Indicative levels use the signal close only. Final SL/TP1/TP2 and sizing must be recalculated from the actual post-analysis broker fill.,43,2026-11-19,False,2026-08-25,4.0300,3.5900,12.3000,ALCISTA FUERTE,10,779.0900,8.4900,73.6000,15.0100,SIDI_INTRADAY_V2: Fund≥6.5 · DD60≥12% · RSI<40 · MACD↑ · Vol↓ · SPY20≤+1% · Abnormal20≤-10%,SIDI_INTRADAY_V2,False
ACGL,Arch Capital Group,Financials,Property & Casualty Insurance,2022-11-01,94.8200,93.8300,95.3400,93.7800,94.8200,2026-10-06,2026-10-07,39.3700,42.4200,DOWN,-0.0038,-0.0959,-0.1874,True,0.3823,1.8236,0.8710,1.9230,97.8400,96.3600,95.4300,-3.0900,-1.5900,True,0.2471,BAJISTA,-10.9500,-11.4600,106.4800,107.0900,107.0900,82.4500,-11.4600,15.0000,0.5410,False,False,94.6500,1.0000,101.0400,True,-0.1800,HAMMER,6.5500,7.0000,7.5000,5.0000,8.0000,5.0000,7.0000,False,False,False,True,True,False,3.8500,5.7700,1.5000,SIDI_INTRADAY_V2,1.8025,7.0403,-0.7974,1.0574,295.0000,XLF,True,7.3951,9.6843,1.3834,1.6757,5.9070,0.1994,0.0412,0.2440,0.3876,-0.1050,-0.0710,17.8360,0.5890,4302125056.0000,4652000256.0000,0.9248,32227911680,0.2560,2.5000,0.0000,341000000,5.0400,0.0000,7.1800,8.4200,0.1335,RevG:-10.5%,1,5.6400,False,False,False,False,False,False,DD12|VOLUME|FUND65|SPY20|ABNORMAL20,False,3-7d,XLF,,JPM|BAC|WFC,interest_rates|yield_curve|credit_spreads|loan_growth,POST_ANALYSIS_ACTUAL_FILL,LIVE_QUOTE_AT_ANALYSIS,True,1.0000,1.5000,1.0000,-5.0000,7,1.5000,3,SELL_50_PCT_AT_TP1_REST_AT_TP2,MOVE_REMAINDER_TO_BREAK_EVEN,EXIT_AT_OPEN_IF_OPEN_BELOW_SL,SL_FIRST,10,PENDING_ANALYSIS,1.8236,1.8236,2.7354,96.6436,97.5554,90.0790,Indicative levels use the signal close only. Final SL/TP1/TP2 and sizing must be recalculated from the actual post-analysis broker fill.,20,2026-10-27,False,2026-07-28,2.5600,2.4600,4.0000,ALCISTA FUERTE,10,779.0900,8.4900,73.6000,15.0100,SIDI_INTRADAY_V2: Fund≥6.5 · DD60≥12% · RSI<40 · MACD↑ · Vol↓ · SPY20≤+1% · Abnormal20≤-10%,SIDI_INTRADAY_V2,False
HCA,HCA Healthcare,Health Care,Health Care Facilities,2015-01-27,432.2000,433.6100,438.1100,429.4900,432.2000,2026-10-06,2026-10-07,51.2700,58.2400,DOWN,-0.5271,-0.6133,-0.8909,True,0.6747,11.2450,0.8610,2.6020,417.9200,444.0300,426.9300,3.4200,-2.6600,False,-1.2741,BAJISTA,-1.3500,-3.1700,438.1200,446.3600,553.5600,353.3400,-21.9200,22.3200,0.6860,True,True,397.7300,3.0000,428.7500,False,-7.9800,NONE,6.3000,6.5000,6.0000,7.5000,7.0000,5.0000,5.0000,False,False,False,False,True,True,5.2000,7.8100,1.5000,SIDI_INTRADAY_V2,1.8025,12.7381,0.0902,0.8805,295.0000,XLV,True,14.7519,13.7489,-14.4407,1.2513,9.3620,,0.1229,0.0877,0.4258,0.0870,0.1160,,0.9930,3738125056.0000,6840000000.0000,0.5465,97620606976,1.1100,4.8500,0.7200,221839800,5.2000,4.7000,4.9400,6.1000,0.0383,FCF/NI:0.55,1,5.6400,False,False,False,False,False,False,DD12|RSI40|FUND65|SPY20|ABNORMAL20,False,3-7d,XLV,,UNH|JNJ|LLY,fda_calendar|drug_pricing_policy|patent_cliffs,POST_ANALYSIS_ACTUAL_FILL,LIVE_QUOTE_AT_ANALYSIS,True,1.0000,1.5000,1.0000,-5.0000,7,1.5000,3,SELL_50_PCT_AT_TP1_REST_AT_TP2,MOVE_REMAINDER_TO_BREAK_EVEN,EXIT_AT_OPEN_IF_OPEN_BELOW_SL,SL_FIRST,10,PENDING_ANALYSIS,11.2450,11.2450,16.8675,443.4450,449.0675,410.5900,Indicative levels use the signal close only. Final SL/TP1/TP2 and sizing must be recalculated from the actual post-analysis broker fill.,20,2026-10-27,False,2026-07-24,7.5900,7.5000,1.2000,ALCISTA FUERTE,10,779.0900,8.4900,73.6000,15.0100,SIDI_INTRADAY_V2: Fund≥6.5 · DD60≥12% · RSI<40 · MACD↑ · Vol↓ · SPY20≤+1% · Abnormal20≤-10%,SIDI_INTRADAY_V2,False
JKHY,Jack Henry & Associates,Financials,Transaction & Payment Processing Services,2018-11-13,144.4300,144.2200,145.7700,143.7600,144.4300,2026-10-06,2026-10-07,15.4400,32.4700,DOWN,-0.7865,-1.0322,-1.4646,True,0.2463,3.3721,0.6880,2.3350,156.7700,156.1500,150.1700,-7.8700,-7.5100,True,-1.5506,BAJISTA,-16.5100,-17.1600,172.9900,174.3600,191.1300,120.6000,-24.4300,19.7600,0.5730,True,True,146.1600,1.0000,155.0200,True,1.2000,BULL_ENGULF|HAMMER,7.9300,6.5000,8.5000,7.5000,8.0000,8.5000,9.5000,True,True,True,True,True,True,4.6700,7.0000,1.5000,SIDI_INTRADAY_V2,1.8025,-3.5190,-0.4765,0.7618,295.0000,XLF,True,20.8768,18.4366,4.9761,4.0155,14.5140,0.2404,0.1299,0.1976,0.4390,0.0470,-0.1040,3.7930,1.1670,352223744.0000,502776000.0000,0.7006,10216720384,0.5630,4.1900,1.6900,70111999,4.1200,0.7200,7.0100,4.7200,0.0345,FCF/NI:0.70,1,5.6400,False,False,False,True,False,False,FUND65|SPY20|ABNORMAL20,False,5-10d,XLF,,JPM|BAC|WFC,interest_rates|yield_curve|credit_spreads|loan_growth,POST_ANALYSIS_ACTUAL_FILL,LIVE_QUOTE_AT_ANALYSIS,True,1.0000,1.5000,1.0000,-5.0000,7,1.5000,3,SELL_50_PCT_AT_TP1_REST_AT_TP2,MOVE_REMAINDER_TO_BREAK_EVEN,EXIT_AT_OPEN_IF_OPEN_BELOW_SL,SL_FIRST,10,PENDING_ANALYSIS,3.3721,3.3721,5.0582,147.8021,149.4882,137.2085,Indicative levels use the signal close only. Final SL/TP1/TP2 and sizing must be recalculated from the actual post-analysis broker fill.,27,2026-11-03,False,2026-08-18,1.5300,1.4400,6.4000,ALCISTA FUERTE,10,779.0900,8.4900,73.6000,15.0100,SIDI_INTRADAY_V2: Fund≥6.5 · DD60≥12% · RSI<40 · MACD↑ · Vol↓ · SPY20≤+1% · Abnormal20≤-10%,SIDI_INTRADAY_V2,False
JNJ,Johnson & Johnson,Health Care,Pharmaceuticals,1973-06-30,254.7800,254.1500,255.4800,251.1700,254.7800,2026-10-06,2026-10-07,27.3900,51.7100,DOWN,-2.1309,-2.1012,-1.2269,False,0.0123,4.8114,0.8480,1.8880,265.0500,240.2000,264.2200,-3.8800,6.0700,True,2.7067,NEUTRO,-8.4900,-9.3500,278.4300,281.0700,281.0700,178.9100,-9.3500,42.4100,0.8390,False,False,249.2100,1.0000,268.1100,True,-2.1900,HAMMER,7.1500,8.5000,7.5000,5.0000,7.0000,8.0000,7.0000,False,False,False,True,False,False,3.7800,5.6700,1.5000,SIDI_INTRADAY_V2,1.8025,-6.3837,-0.4217,0.9340,295.0000,XLV,True,30.1112,21.4088,7.3648,6.3948,18.4180,0.2574,0.0859,0.2148,0.6814,0.0660,-0.0090,57.7090,1.0890,16885125120.0000,21037000704.0000,0.8026,626236194816,0.2060,3.4200,2.1000,2409898597,4.6100,2.2500,7.1700,4.3700,0.0270,OK,0,5.6300,False,False,False,False,False,False,DD12|MACD|VOLUME|FUND65|SPY20|ABNORMAL20,False,7-15d,XLV,,UNH|LLY|ABBV,fda_calendar|drug_pricing_policy|patent_cliffs,POST_ANALYSIS_ACTUAL_FILL,LIVE_QUOTE_AT_ANALYSIS,True,1.0000,1.5000,1.0000,-5.0000,7,1.5000,3,SELL_50_PCT_AT_TP1_REST_AT_TP2,MOVE_REMAINDER_TO_BREAK_EVEN,EXIT_AT_OPEN_IF_OPEN_BELOW_SL,SL_FIRST,10,PENDING_ANALYSIS,4.8114,4.8114,7.2171,259.5914,261.9971,242.0410,Indicative levels use the signal close only. Final SL/TP1/TP2 and sizing must be recalculated from the actual post-analysis broker fill.,6,2026-10-13,True,2026-07-15,2.9000,2.8500,1.6000,ALCISTA FUERTE,10,779.0900,8.4900,73.6000,15.0100,SIDI_INTRADAY_V2: Fund≥6.5 · DD60≥12% · RSI<40 · MACD↑ · Vol↓ · SPY20≤+1% · Abnormal20≤-10%,SIDI_INTRADAY_V2,False
ORCL,Oracle Corporation,Information Technology,Application Software,1989-08-31,144.7700,143.9300,146.9400,143.8600,144.7700,2026-10-06,2026-10-07,51.9300,29.4100,UP,-0.0434,-0.4772,-1.3861,True,0.5181,6.0821,0.8680,4.2010,144.6400,161.8300,143.1700,0.0900,-10.5400,False,-3.4662,BAJISTA,-10.9200,-15.1900,162.5200,170.7000,319.4600,114.5000,-54.6800,26.4400,0.5720,True,True,138.7200,3.0000,148.5500,False,-4.1800,HAMMER|DOJI|HAMMER|DOJI,6.5500,6.5000,7.0000,7.5000,6.0000,5.0000,7.0000,False,False,False,False,True,True,8.4000,12.6000,1.5000,SIDI_INTRADAY_V2,1.8025,-14.8568,0.6641,0.8950,295.0000,XLK,True,22.4906,13.0479,11.0038,6.0604,16.7050,0.4119,0.0636,0.2636,0.6396,0.2960,0.5450,251.7160,1.1710,-45853626368.0000,18736001024.0000,-2.4474,434990088192,1.7700,1.8200,1.3800,3031501149,5.0200,6.0600,5.1000,3.6900,-0.1054,FCF/NI:-2.45|D/E:252,2,5.6300,False,False,True,False,False,False,DD12|RSI40|FUND65|SPY20,False,3-7d,XLK,,AAPL|MSFT|NVDA,interest_rates|ai_capex_cycle|semiconductor_cycle,POST_ANALYSIS_ACTUAL_FILL,LIVE_QUOTE_AT_ANALYSIS,True,1.0000,1.5000,1.0000,-5.0000,7,1.5000,3,SELL_50_PCT_AT_TP1_REST_AT_TP2,MOVE_REMAINDER_TO_BREAK_EVEN,EXIT_AT_OPEN_IF_OPEN_BELOW_SL,SL_FIRST,10,PENDING_ANALYSIS,6.0821,6.0821,9.1231,150.8521,153.8932,137.5315,Indicative levels use the signal close only. Final SL/TP1/TP2 and sizing must be recalculated from the actual post-analysis broker fill.,64,2026-12-10,False,2026-09-10,1.9200,1.7400,10.4000,ALCISTA FUERTE,10,779.0900,8.4900,73.6000,15.0100,SIDI_INTRADAY_V2: Fund≥6.5 · DD60≥12% · RSI<40 · MACD↑ · Vol↓ · SPY20≤+1% · Abnormal20≤-10%,SIDI_INTRADAY_V2,False
EL,Estée Lauder Companies (The),Consumer Staples,Personal Care Products,2006-01-05,93.3600,94.0400,95.1000,93.3000,93.3600,2026-10-06,2026-10-07,45.4300,40.7600,UP,-0.6451,-0.7942,-1.0100,True,0.3069,3.1993,1.0430,3.4270,94.0700,91.4500,94.8700,-0.7500,2.0900,True,-0.2454,NEUTRO,-11.8000,-13.5700,105.8500,108.0100,120.3800,65.7400,-22.4500,42.0100,0.5750,True,True,83.5700,1.0000,91.9700,False,-10.4900,NONE,6.3500,8.0000,7.0000,7.5000,4.0000,5.0000,5.0000,False,False,False,False,True,True,6.8500,10.2800,1.5000,SIDI_INTRADAY_V2,1.8025,-8.9276,1.2848,0.9348,295.0000,XLP,True,187.4202,23.8962,8.9078,2.2562,16.1000,0.0474,0.0523,0.0121,0.7549,0.0630,,242.9320,1.2220,1812125056.0000,182000000.0000,9.9567,33953304576,1.2650,1.8200,1.5000,247815431,5.1300,5.7800,4.1100,5.5400,0.0534,D/E:243,1,5.6200,False,False,False,False,False,False,DD12|RSI40|FUND65|SPY20|ABNORMAL20,False,7-15d,XLP,,PG|KO|PEP,inflation|input_costs|fx_rates,POST_ANALYSIS_ACTUAL_FILL,LIVE_QUOTE_AT_ANALYSIS,True,1.0000,1.5000,1.0000,-5.0000,7,1.5000,3,SELL_50_PCT_AT_TP1_REST_AT_TP2,MOVE_REMAINDER_TO_BREAK_EVEN,EXIT_AT_OPEN_IF_OPEN_BELOW_SL,SL_FIRST,10,PENDING_ANALYSIS,3.1993,3.1993,4.7989,96.5593,98.1590,88.6920,Indicative levels use the signal close only. Final SL/TP1/TP2 and sizing must be recalculated from the actual post-analysis broker fill.,26,2026-11-02,False,2026-08-19,0.3900,0.3200,22.1000,ALCISTA FUERTE,10,779.0900,8.4900,73.6000,15.0100,SIDI_INTRADAY_V2: Fund≥6.5 · DD60≥12% · RSI<40 · MACD↑ · Vol↓ · SPY20≤+1% · Abnormal20≤-10%,SIDI_INTRADAY_V2,False
ITW,Illinois Tool Works,Industrials,Industrial Machinery & Supplies & Components,1986-02-28,267.1400,264.6300,269.0300,264.2500,267.1400,2026-10-06,2026-10-07,51.9800,55.5700,DOWN,0.1698,-0.1373,-0.2994,True,0.5605,5.1632,0.9080,1.9330,276.4100,265.4700,267.2900,-3.3500,0.6300,True,0.8722,NEUTRO,-9.5700,-10.9500,295.4100,299.9800,299.9800,232.8700,-10.9500,14.7200,1.2720,False,False,241.4400,3.0000,274.2200,False,-9.6200,HAMMER|DOJI|BULL_ENGULF,6.5000,8.5000,6.0000,5.0000,6.0000,5.0000,9.5000,False,False,False,False,True,False,3.8700,5.8000,1.5000,SIDI_INTRADAY_V2,1.8025,1.5695,-0.2005,0.8174,295.0000,XLI,True,23.7335,21.1374,25.7607,4.5270,17.6730,1.0462,0.1692,0.1939,0.4416,0.0610,0.1010,334.8530,1.1090,2432999936.0000,3193999872.0000,0.7617,74554941440,0.9750,8.2100,2.5800,284800000,5.0400,3.2200,6.8900,5.0100,0.0326,D/E:335,1,5.6200,False,False,False,False,False,False,DD12|RSI40|VOLUME|FUND65|SPY20|ABNORMAL20,False,7-15d,XLI,,CAT|UNP|HON,pmi_manufacturing|supply_chain|capex_cycle,POST_ANALYSIS_ACTUAL_FILL,LIVE_QUOTE_AT_ANALYSIS,True,1.0000,1.5000,1.0000,-5.0000,7,1.5000,3,SELL_50_PCT_AT_TP1_REST_AT_TP2,MOVE_REMAINDER_TO_BREAK_EVEN,EXIT_AT_OPEN_IF_OPEN_BELOW_SL,SL_FIRST,10,PENDING_ANALYSIS,5.1632,5.1632,7.7448,272.3032,274.8848,253.7830,Indicative levels use the signal close only. Final SL/TP1/TP2 and sizing must be recalculated from the actual post-analysis broker fill.,16,2026-10-23,False,2026-07-28,2.8400,2.8000,1.5000,ALCISTA FUERTE,10,779.0900,8.4900,73.6000,15.0100,SIDI_INTRADAY_V2: Fund≥6.5 · DD60≥12% · RSI<40 · MACD↑ · Vol↓ · SPY20≤+1% · Abnormal20≤-10%,SIDI_INTRADAY_V2,False
PNR,Pentair,Industrials,Industrial Machinery & Supplies & Components,2012-10-01,52.9400,53.0900,53.5300,52.6400,52.9400,2026-10-06,2026-10-07,23.6500,22.6000,UP,0.1513,0.1017,0.0141,True,0.2210,1.2750,0.5930,2.4080,60.6100,80.0900,55.1300,-12.6500,-33.9000,False,-5.7421,BAJISTA,-29.7400,-31.5900,75.3500,77.3900,111.6600,51.7600,-52.5900,2.2800,0.8510,True,True,,0.0000,75.7900,False,,HAMMER|DOJI,6.9800,5.0000,9.5000,7.5000,4.0000,8.5000,7.0000,True,True,True,True,True,True,4.8200,7.2300,1.5000,SIDI_INTRADAY_V2,1.8025,-1.9677,0.2006,0.7373,295.0000,XLI,True,13.3711,9.9963,2.2090,2.0899,9.7840,0.1713,0.0866,0.1624,0.4139,-0.1700,-0.1110,47.0670,1.4510,558312512.0000,635500032.0000,0.8785,8384095232,1.0310,1.6500,2.0400,161605541,4.7100,0.0000,5.7700,8.9700,0.0666,RevG:-17.0%,1,5.6200,False,False,False,True,False,False,FUND65|SPY20|ABNORMAL20,False,3-7d,XLI,,CAT|UNP|HON,pmi_manufacturing|supply_chain|capex_cycle,POST_ANALYSIS_ACTUAL_FILL,LIVE_QUOTE_AT_ANALYSIS,True,1.0000,1.5000,1.0000,-5.0000,7,1.5000,3,SELL_50_PCT_AT_TP1_REST_AT_TP2,MOVE_REMAINDER_TO_BREAK_EVEN,EXIT_AT_OPEN_IF_OPEN_BELOW_SL,SL_FIRST,10,PENDING_ANALYSIS,1.2750,1.2750,1.9125,54.2150,54.8525,50.2930,Indicative levels use the signal close only. Final SL/TP1/TP2 and sizing must be recalculated from the actual post-analysis broker fill.,13,2026-10-20,False,2026-07-28,1.1400,1.1500,-58.0000,ALCISTA FUERTE,10,779.0900,8.4900,73.6000,15.0100,SIDI_INTRADAY_V2: Fund≥6.5 · DD60≥12% · RSI<40 · MACD↑ · Vol↓ · SPY20≤+1% · Abnormal20≤-10%,SIDI_INTRADAY_V2,False
USB,U.S. Bancorp,Financials,Diversified Banks,1999-11-01,57.2900,57.5400,57.7900,57.0500,57.2900,2026-10-06,2026-10-07,34.7300,28.1600,UP,-0.1181,-0.1552,-0.2245,True,0.2300,0.9739,0.8560,1.7000,61.3500,56.6600,58.9200,-6.6200,1.1000,True,1.8767,NEUTRO,-11.6100,-12.4900,64.8100,65.4700,65.4700,43.3500,-12.4900,32.1500,0.7410,False,False,54.4600,2.0000,62.9600,False,-4.9300,NONE,6.4700,8.5000,8.5000,5.0000,4.0000,6.5000,5.0000,False,False,False,True,True,False,3.4000,5.1000,1.5000,SIDI_INTRADAY_V2,1.8025,-2.1112,0.0208,1.1280,295.0000,XLF,True,11.2036,9.6730,1.4425,3.2010,,0.1262,0.0116,0.2990,0.0000,0.1040,0.2160,,,,7797000192.0000,,87453433856,1.0190,3.7600,3.7700,1558051446,5.0500,4.9800,4.6600,5.5900,,OK,0,5.6200,False,False,False,False,False,False,DD12|VOLUME|FUND65|SPY20|ABNORMAL20,False,7-15d,XLF,,JPM|BAC|WFC,interest_rates|yield_curve|credit_spreads|loan_growth,POST_ANALYSIS_ACTUAL_FILL,LIVE_QUOTE_AT_ANALYSIS,True,1.0000,1.5000,1.0000,-5.0000,7,1.5000,3,SELL_50_PCT_AT_TP1_REST_AT_TP2,MOVE_REMAINDER_TO_BREAK_EVEN,EXIT_AT_OPEN_IF_OPEN_BELOW_SL,SL_FIRST,10,PENDING_ANALYSIS,0.9739,0.9739,1.4608,58.2639,58.7508,54.4255,Indicative levels use the signal close only. Final SL/TP1/TP2 and sizing must be recalculated from the actual post-analysis broker fill.,8,2026-10-15,False,2026-07-16,1.3500,1.2800,5.5000,ALCISTA FUERTE,10,779.0900,8.4900,73.6000,15.0100,SIDI_INTRADAY_V2: Fund≥6.5 · DD60≥12% · RSI<40 · MACD↑ · Vol↓ · SPY20≤+1% · Abnormal20≤-10%,SIDI_INTRADAY_V2,False
TECH,Bio-Techne,Health Care,Life Sciences Tools & Services,2021-08-30,72.4300,72.5800,72.6100,72.4100,72.4300,2026-10-06,2026-10-07,54.3900,55.9600,DOWN,-0.0472,-0.0455,-0.0556,False,0.5468,0.1679,0.5540,0.2320,72.2800,62.0700,72.4100,0.2100,16.7000,True,1.8810,ALCISTA,-0.2500,-0.3600,72.6100,72.6900,72.6900,43.0700,-0.3600,68.1600,0.9130,True,True,71.9700,10.0000,,True,-0.6300,NONE,7.4000,10.0000,5.0000,7.5000,9.0000,7.0000,5.0000,False,False,False,False,False,True,0.4600,0.7000,1.5000,SIDI_INTRADAY_V2,1.8025,-5.4953,0.4098,0.6454,295.0000,XLV,True,62.4784,31.3395,5.3661,9.3539,34.0670,0.0903,0.0667,0.1497,0.6624,0.0130,,13.7120,4.5470,229653120.0000,181840000.0000,1.2629,11365401600,1.2950,2.7000,0.4400,156818238,4.4100,2.5400,7.1900,3.3500,0.0202,OK,0,5.6100,False,False,False,False,False,False,DD12|RSI40|MACD|FUND65|SPY20|ABNORMAL20,False,10-18d,XLV,,UNH|JNJ|LLY,fda_calendar|drug_pricing_policy|patent_cliffs,POST_ANALYSIS_ACTUAL_FILL,LIVE_QUOTE_AT_ANALYSIS,True,1.0000,1.5000,1.0000,-5.0000,7,1.5000,3,SELL_50_PCT_AT_TP1_REST_AT_TP2,MOVE_REMAINDER_TO_BREAK_EVEN,EXIT_AT_OPEN_IF_OPEN_BELOW_SL,SL_FIRST,10,PENDING_ANALYSIS,0.1679,0.1679,0.2519,72.5979,72.6819,68.8085,Indicative levels use the signal close only. Final SL/TP1/TP2 and sizing must be recalculated from the actual post-analysis broker fill.,33,2026-11-09,False,2026-08-12,0.5200,0.5200,13.0000,ALCISTA FUERTE,10,779.0900,8.4900,73.6000,15.0100,SIDI_INTRADAY_V2: Fund≥6.5 · DD60≥12% · RSI<40 · MACD↑ · Vol↓ · SPY20≤+1% · Abnormal20≤-10%,SIDI_INTRADAY_V2,False
PANW,Palo Alto Networks,Information Technology,Systems Software,2023-06-20,419.9100,412.8000,432.3300,412.0000,419.9100,2026-10-06,2026-10-07,69.2400,69.3700,DOWN,3.5956,2.9573,2.7769,True,0.9363,16.7621,0.9590,3.9920,365.5700,252.6200,384.7100,14.8600,66.2200,True,8.0745,ALCISTA,0.0000,-2.8700,419.9100,432.3300,432.3300,139.5700,-2.8700,200.8600,0.8810,True,True,321.3900,1.0000,,False,-23.4600,HAMMER|DOJI|HAMMER,6.7500,10.0000,6.0000,7.5000,4.0000,5.0000,7.0000,False,False,False,False,True,True,7.9800,11.9800,1.5000,SIDI_INTRADAY_V2,1.8025,9.1505,0.2141,0.7080,295.0000,XLK,True,1022.7500,83.8479,12.1276,29.1598,219.8610,0.0174,0.0140,0.0267,0.7038,0.3450,,9.3370,0.8710,4240624896.0000,307000000.0000,13.8131,334643789824,0.9330,3.3900,0.0000,818000000,4.8500,6.4200,5.4400,2.3100,0.0127,OK,0,5.6100,False,False,False,False,False,False,DD12|RSI40|FUND65|SPY20|ABNORMAL20,False,10-18d,XLK,,AAPL|MSFT|NVDA,interest_rates|ai_capex_cycle|semiconductor_cycle,POST_ANALYSIS_ACTUAL_FILL,LIVE_QUOTE_AT_ANALYSIS,True,1.0000,1.5000,1.0000,-5.0000,7,1.5000,3,SELL_50_PCT_AT_TP1_REST_AT_TP2,MOVE_REMAINDER_TO_BREAK_EVEN,EXIT_AT_OPEN_IF_OPEN_BELOW_SL,SL_FIRST,10,PENDING_ANALYSIS,16.7621,16.7621,25.1431,436.6721,445.0532,398.9145,Indicative levels use the signal close only. Final SL/TP1/TP2 and sizing must be recalculated from the actual post-analysis broker fill.,43,2026-11-19,False,2026-09-01,1.0200,0.9800,4.3000,ALCISTA FUERTE,10,779.0900,8.4900,73.6000,15.0100,SIDI_INTRADAY_V2: Fund≥6.5 · DD60≥12% · RSI<40 · MACD↑ · Vol↓ · SPY20≤+1% · Abnormal20≤-10%,SIDI_INTRADAY_V2,False
ETN,Eaton Corporation,Industrials,Electrical Components & Equipment,1957-03-04,445.0900,436.4000,446.7300,434.0200,445.0900,2026-10-06,2026-10-07,76.7400,57.4700,UP,1.4216,1.0585,1.9078,True,0.7931,12.9786,0.8260,2.9160,423.2700,388.7600,429.0300,5.1600,14.4900,True,2.3973,ALCISTA,-3.2300,-6.8800,459.9600,478.0000,478.0000,309.3300,-6.8800,43.8900,0.7700,True,True,385.2400,5.0000,478.0000,False,-13.4500,NONE,7.0500,10.0000,7.0000,7.5000,6.0000,5.0000,5.0000,False,False,False,False,True,True,5.8300,8.7500,1.5000,SIDI_INTRADAY_V2,1.8025,6.4131,0.2853,1.6003,295.0000,XLI,True,43.3077,26.2041,8.1637,5.5054,29.1530,0.1968,0.0705,0.1275,0.3602,0.2140,-0.1590,105.0590,1.2400,3106125056.0000,3828999936.0000,0.8112,165305139200,1.1280,4.1500,0.9900,388300000,4.6300,5.0000,5.2300,3.5000,0.0188,D/E:105,1,5.6000,False,False,False,False,False,False,DD12|RSI40|FUND65|SPY20|ABNORMAL20,False,10-18d,XLI,,CAT|UNP|HON,pmi_manufacturing|supply_chain|capex_cycle,POST_ANALYSIS_ACTUAL_FILL,LIVE_QUOTE_AT_ANALYSIS,True,1.0000,1.5000,1.0000,-5.0000,7,1.5000,3,SELL_50_PCT_AT_TP1_REST_AT_TP2,MOVE_REMAINDER_TO_BREAK_EVEN,EXIT_AT_OPEN_IF_OPEN_BELOW_SL,SL_FIRST,10,PENDING_ANALYSIS,12.9786,12.9786,19.4679,458.0686,464.5579,422.8355,Indicative levels use the signal close only. Final SL/TP1/TP2 and sizing must be recalculated from the actual post-analysis broker fill.,27,2026-11-03,False,2026-07-31,3.1500,3.0800,2.4000,ALCISTA FUERTE,10,779.0900,8.4900,73.6000,15.0100,SIDI_INTRADAY_V2: Fund≥6.5 · DD60≥12% · RSI<40 · MACD↑ · Vol↓ · SPY20≤+1% · Abnormal20≤-10%,SIDI_INTRADAY_V2,False
IEX,IDEX Corporation,Industrials,Industrial Machinery & Supplies & Components,2019-08-09,236.2800,236.1100,239.7000,235.4800,236.2800,2026-10-06,2026-10-07,79.2000,60.4100,UP,1.3581,1.2296,0.8419,True,0.9984,4.6403,0.9200,1.9640,229.6200,209.9500,228.9500,2.9000,12.5400,True,2.6624,ALCISTA,-1.4500,-2.7800,239.7600,243.0300,243.0300,157.1100,-2.7800,50.3900,0.8430,False,False,216.9300,5.0000,242.4900,False,-8.1900,HAMMER|DOJI,6.7500,10.0000,7.0000,5.0000,6.0000,5.0000,7.0000,False,False,False,False,True,False,3.9300,5.8900,1.5000,SIDI_INTRADAY_V2,1.8025,3.4880,-0.0190,0.7053,295.0000,XLI,True,33.5662,24.2353,4.3072,4.7967,19.3050,0.1295,0.0684,0.1449,0.4473,0.0640,0.1090,47.0600,3.0490,555612480.0000,519500000.0000,1.0695,17197746176,0.9600,3.9000,1.2400,73719896,4.8400,3.4900,5.9800,5.0900,0.0323,OK,0,5.6000,False,False,False,False,False,False,DD12|RSI40|VOLUME|FUND65|SPY20|ABNORMAL20,False,10-18d,XLI,,CAT|UNP|HON,pmi_manufacturing|supply_chain|capex_cycle,POST_ANALYSIS_ACTUAL_FILL,LIVE_QUOTE_AT_ANALYSIS,True,1.0000,1.5000,1.0000,-5.0000,7,1.5000,3,SELL_50_PCT_AT_TP1_REST_AT_TP2,MOVE_REMAINDER_TO_BREAK_EVEN,EXIT_AT_OPEN_IF_OPEN_BELOW_SL,SL_FIRST,10,PENDING_ANALYSIS,4.6403,4.6403,6.9604,240.9203,243.2405,224.4660,Indicative levels use the signal close only. Final SL/TP1/TP2 and sizing must be recalculated from the actual post-analysis broker fill.,21,2026-10-28,False,2026-07-29,2.3200,2.1100,9.9000,ALCISTA FUERTE,10,779.0900,8.4900,73.6000,15.0100,SIDI_INTRADAY_V2: Fund≥6.5 · DD60≥12% · RSI<40 · MACD↑ · Vol↓ · SPY20≤+1% · Abnormal20≤-10%,SIDI_INTRADAY_V2,False
LIN,Linde plc,Materials,Industrial Gases,1992-07-01,489.9500,482.8700,492.1000,482.6900,489.9500,2026-10-06,2026-10-07,75.5900,58.1500,UP,3.2999,2.6979,1.9140,True,1.1430,8.4486,0.9190,1.7240,478.7500,484.1600,474.2400,2.3400,1.2000,False,1.3776,ALCISTA,-5.9300,-7.5300,520.8200,529.8800,546.4000,384.0000,-10.3300,27.5900,1.4510,False,False,489.4600,4.0000,520.0600,True,-0.1000,NONE,7.1000,8.5000,7.0000,7.0000,9.0000,5.0000,5.0000,False,False,False,False,True,False,3.4500,5.1700,1.5000,SIDI_INTRADAY_V2,1.8025,8.9188,-0.5563,0.8047,295.0000,XLB,True,31.3880,24.8301,5.7350,6.3226,18.1250,0.1840,0.0716,0.2044,0.4835,0.0930,0.1130,68.9470,0.8790,4160750080.0000,7244000256.0000,0.5744,224128565248,0.7130,3.0500,1.3100,460980163,4.6000,4.7100,5.3500,3.5800,0.0186,FCF/NI:0.57,1,5.6000,False,False,False,False,False,False,DD12|RSI40|VOLUME|FUND65|SPY20|ABNORMAL20,False,10-18d,XLB,,APD|ECL|NEM,commodity_prices|dxy|china_demand|energy_costs,POST_ANALYSIS_ACTUAL_FILL,LIVE_QUOTE_AT_ANALYSIS,True,1.0000,1.5000,1.0000,-5.0000,7,1.5000,3,SELL_50_PCT_AT_TP1_REST_AT_TP2,MOVE_REMAINDER_TO_BREAK_EVEN,EXIT_AT_OPEN_IF_OPEN_BELOW_SL,SL_FIRST,10,PENDING_ANALYSIS,8.4486,8.4486,12.6729,498.3986,502.6229,465.4525,Indicative levels use the signal close only. Final SL/TP1/TP2 and sizing must be recalculated from the actual post-analysis broker fill.,22,2026-10-29,False,2026-07-31,4.5000,4.4900,31.0000,ALCISTA FUERTE,10,779.0900,8.4900,73.6000,15.0100,SIDI_INTRADAY_V2: Fund≥6.5 · DD60≥12% · RSI<40 · MACD↑ · Vol↓ · SPY20≤+1% · Abnormal20≤-10%,SIDI_INTRADAY_V2,False
LUV,Southwest Airlines,Industrials,Passenger Airlines,1994-07-01,42.4500,42.3400,43.1600,41.8600,42.4500,2026-10-06,2026-10-07,68.9700,72.9100,DOWN,0.2588,0.2754,0.3540,False,0.7647,1.2564,0.9010,2.9600,41.9900,43.1700,41.4600,1.1000,-1.6700,False,1.1346,BAJISTA,-13.7200,-14.9200,49.2000,49.9000,54.3800,28.7500,-21.9400,47.6700,0.7710,True,True,40.4500,1.0000,42.0100,False,-4.7000,HAMMER|DOJI,6.1000,7.0000,5.0000,7.5000,5.0000,5.0000,7.0000,False,False,True,False,False,True,5.9200,8.8800,1.5000,SIDI_INTRADAY_V2,1.8025,11.6780,1.1388,0.6512,295.0000,XLI,True,26.2312,9.1183,2.8993,0.6827,10.2070,0.1110,0.0232,0.0278,0.2240,0.1640,0.2050,97.2750,0.4890,-834750016.0000,837000000.0000,-0.9973,20532068352,1.1550,4.7600,1.7000,489208201,5.2700,8.8400,3.2400,3.4800,-0.0407,FCF/NI:-1.00|D/E:97,2,5.6000,False,False,False,False,False,False,RSI40|MACD|FUND65|SPY20|ABNORMAL20,False,3-7d,XLI,,CAT|UNP|HON,pmi_manufacturing|supply_chain|capex_cycle,POST_ANALYSIS_ACTUAL_FILL,LIVE_QUOTE_AT_ANALYSIS,True,1.0000,1.5000,1.0000,-5.0000,7,1.5000,3,SELL_50_PCT_AT_TP1_REST_AT_TP2,MOVE_REMAINDER_TO_BREAK_EVEN,EXIT_AT_OPEN_IF_OPEN_BELOW_SL,SL_FIRST,10,PENDING_ANALYSIS,1.2564,1.2564,1.8846,43.7064,44.3346,40.3275,Indicative levels use the signal close only. Final SL/TP1/TP2 and sizing must be recalculated from the actual post-analysis broker fill.,14,2026-10-21,False,2026-07-22,0.9400,0.5200,80.2000,ALCISTA FUERTE,10,779.0900,8.4900,73.6000,15.0100,SIDI_INTRADAY_V2: Fund≥6.5 · DD60≥12% · RSI<40 · MACD↑ · Vol↓ · SPY20≤+1% · Abnormal20≤-10%,SIDI_INTRADAY_V2,False
VTR,Ventas,Real Estate,Health Care REITs,2009-03-04,81.8600,81.4800,82.0700,80.7700,81.8600,2026-10-06,2026-10-07,18.8000,31.1500,DOWN,-0.4070,-0.3766,-0.2125,False,0.0108,1.5129,0.7460,1.8480,89.4700,84.9300,85.9800,-8.5000,-3.6200,True,1.0413,BAJISTA,-18.0800,-18.9400,99.9300,100.9900,100.9900,65.3200,-18.9400,25.3200,1.0040,False,False,79.8700,1.0000,93.9800,True,-2.4300,NONE,7.1000,7.0000,7.5000,5.0000,8.0000,10.0000,5.0000,False,False,True,True,False,False,3.7000,5.5400,1.5000,SIDI_INTRADAY_V2,1.8025,-2.3546,-0.5007,1.1220,295.0000,XLRE,True,150.3519,102.7722,2.8429,6.4880,23.2150,0.0201,0.0217,0.0409,0.3997,0.2170,-0.0670,84.9280,0.2950,1486853504.0000,262731008.0000,5.6592,41646116864,0.7410,6.5400,2.5400,512946359,4.6000,5.0000,4.4000,4.3800,0.0357,D/E:85,1,5.6000,False,False,False,False,False,False,MACD|VOLUME|FUND65|SPY20|ABNORMAL20,False,3-7d,XLRE,,PLD|AMT|EQIX,interest_rates|cap_rates|occupancy_trends,POST_ANALYSIS_ACTUAL_FILL,LIVE_QUOTE_AT_ANALYSIS,True,1.0000,1.5000,1.0000,-5.0000,7,1.5000,3,SELL_50_PCT_AT_TP1_REST_AT_TP2,MOVE_REMAINDER_TO_BREAK_EVEN,EXIT_AT_OPEN_IF_OPEN_BELOW_SL,SL_FIRST,10,PENDING_ANALYSIS,1.5129,1.5129,2.2693,83.3729,84.1294,77.7670,Indicative levels use the signal close only. Final SL/TP1/TP2 and sizing must be recalculated from the actual post-analysis broker fill.,20,2026-10-27,False,2026-07-29,0.1700,0.1100,51.7000,ALCISTA FUERTE,10,779.0900,8.4900,73.6000,15.0100,SIDI_INTRADAY_V2: Fund≥6.5 · DD60≥12% · RSI<40 · MACD↑ · Vol↓ · SPY20≤+1% · Abnormal20≤-10%,SIDI_INTRADAY_V2,False
CRH,CRH plc,Materials,Construction Materials,2025-12-22,83.6000,83.0900,84.1400,82.7000,83.6000,2026-10-06,2026-10-07,39.2400,33.8900,UP,0.0734,-0.0730,-0.1736,True,0.2920,2.2579,0.8150,2.7010,91.9800,107.2400,85.8600,-9.1100,-22.0400,False,-3.0055,BAJISTA,-20.5100,-20.9800,105.1700,105.8000,130.0900,80.1300,-35.7400,4.3300,0.8030,False,False,,0.0000,103.8600,False,,BULL_ENGULF,6.0300,5.0000,8.5000,5.0000,4.0000,6.5000,7.5000,False,False,True,True,True,False,5.4000,8.1000,1.5000,SIDI_INTRADAY_V2,1.8025,0.1259,0.3610,1.2272,295.0000,XLB,True,14.3065,12.6257,2.2434,1.3945,9.5580,0.1581,0.0606,0.0994,0.3625,0.0560,0.1390,77.5920,1.5790,2019124992.0000,3814000128.0000,0.5294,53871411200,1.1910,2.7100,1.8700,665284511,5.3000,4.3200,5.2000,6.5800,0.0375,FCF/NI:0.53,1,5.5900,False,False,False,False,False,False,VOLUME|FUND65|SPY20|ABNORMAL20,False,3-7d,XLB,,LIN|APD|ECL,commodity_prices|dxy|china_demand|energy_costs,POST_ANALYSIS_ACTUAL_FILL,LIVE_QUOTE_AT_ANALYSIS,True,1.0000,1.5000,1.0000,-5.0000,7,1.5000,3,SELL_50_PCT_AT_TP1_REST_AT_TP2,MOVE_REMAINDER_TO_BREAK_EVEN,EXIT_AT_OPEN_IF_OPEN_BELOW_SL,SL_FIRST,10,PENDING_ANALYSIS,2.2579,2.2579,3.3868,85.8579,86.9868,79.4200,Indicative levels use the signal close only. Final SL/TP1/TP2 and sizing must be recalculated from the actual post-analysis broker fill.,22,2026-10-29,False,2026-07-30,1.9300,2.0200,-4.2000,ALCISTA FUERTE,10,779.0900,8.4900,73.6000,15.0100,SIDI_INTRADAY_V2: Fund≥6.5 · DD60≥12% · RSI<40 · MACD↑ · Vol↓ · SPY20≤+1% · Abnormal20≤-10%,SIDI_INTRADAY_V2,False
FITB,Fifth Third Bancorp,Financials,Regional Banks,1996-03-29,51.0000,51.1400,51.3700,50.6300,51.0000,2026-10-06,2026-10-07,42.0200,31.4100,UP,-0.0159,-0.0687,-0.1657,True,0.2979,0.9689,0.8570,1.9000,54.1900,50.9100,51.9200,-5.8900,0.1800,True,1.7223,NEUTRO,-13.3800,-13.5700,58.8800,59.0100,59.0100,38.7600,-13.5700,31.5900,0.6490,False,False,51.5000,1.0000,50.4700,True,0.9900,HAMMER|DOJI|HAMMER,6.8300,8.5000,7.0000,5.0000,7.0000,6.5000,7.0000,False,False,True,False,True,False,3.8000,5.7000,1.5000,SIDI_INTRADAY_V2,1.8025,-0.1880,0.0786,1.1589,295.0000,XLF,True,16.8552,10.1061,1.4050,4.4956,,0.0844,0.0092,0.2324,0.0000,0.5180,-0.0570,,,,2198000128.0000,,45383045120,0.9860,6.4300,3.2900,906573000,4.7700,5.0000,4.2500,5.1000,,OK,0,5.5900,False,False,False,False,False,False,RSI40|VOLUME|FUND65|SPY20|ABNORMAL20,False,7-15d,XLF,,JPM|BAC|WFC,interest_rates|yield_curve|credit_spreads|loan_growth,POST_ANALYSIS_ACTUAL_FILL,LIVE_QUOTE_AT_ANALYSIS,True,1.0000,1.5000,1.0000,-5.0000,7,1.5000,3,SELL_50_PCT_AT_TP1_REST_AT_TP2,MOVE_REMAINDER_TO_BREAK_EVEN,EXIT_AT_OPEN_IF_OPEN_BELOW_SL,SL_FIRST,10,PENDING_ANALYSIS,0.9689,0.9689,1.4533,51.9689,52.4534,48.4500,Indicative levels use the signal close only. Final SL/TP1/TP2 and sizing must be recalculated from the actual post-analysis broker fill.,12,2026-10-19,False,2026-07-17,0.8300,0.8400,-1.2000,ALCISTA FUERTE,10,779.0900,8.4900,73.6000,15.0100,SIDI_INTRADAY_V2: Fund≥6.5 · DD60≥12% · RSI<40 · MACD↑ · Vol↓ · SPY20≤+1% · Abnormal20≤-10%,SIDI_INTRADAY_V2,False
P,Everpure,Information Technology,"Technology Hardware, Storage & Peripherals",2026-09-21,147.2000,146.0000,149.0450,144.5000,147.2000,2026-10-06,2026-10-07,93.0400,79.6000,UP,3.1979,3.1506,2.8834,True,0.9329,7.0174,1.2370,4.7670,104.8900,79.3900,122.0300,40.3300,85.4200,True,5.1908,ALCISTA,0.0000,-1.2400,147.2000,149.0400,149.0400,56.7800,-1.2400,159.2500,0.4550,True,True,89.6400,1.0000,,False,-39.1000,NONE,6.7500,10.0000,7.0000,7.5000,4.0000,5.0000,5.0000,False,False,False,False,True,True,9.5300,14.3000,1.5000,SIDI_INTRADAY_V2,1.8025,26.3452,-0.6748,1.4975,295.0000,XLK,True,205.1644,35.4790,32.3967,11.7095,125.6650,0.1771,0.0303,0.0594,0.6973,0.3770,0.5000,14.6220,1.5110,-114351752.0000,253284992.0000,-0.4515,49907449856,1.3960,2.1500,0.0000,333227251,4.8000,6.8300,5.4700,1.6600,-0.0023,FCF/NI:-0.45,1,5.5800,False,False,False,False,False,False,DD12|RSI40|FUND65|SPY20|ABNORMAL20,False,10-18d,XLK,,AAPL|MSFT|NVDA,interest_rates|ai_capex_cycle|semiconductor_cycle,POST_ANALYSIS_ACTUAL_FILL,LIVE_QUOTE_AT_ANALYSIS,True,1.0000,1.5000,1.0000,-5.0000,7,1.5000,3,SELL_50_PCT_AT_TP1_REST_AT_TP2,MOVE_REMAINDER_TO_BREAK_EVEN,EXIT_AT_OPEN_IF_OPEN_BELOW_SL,SL_FIRST,10,PENDING_ANALYSIS,7.0174,7.0174,10.5261,154.2174,157.7261,139.8400,Indicative levels use the signal close only. Final SL/TP1/TP2 and sizing must be recalculated from the actual post-analysis broker fill.,-42,2026-12-01,False,2026-08-26,0.7000,0.5800,21.0000,ALCISTA FUERTE,10,779.0900,8.4900,73.6000,15.0100,SIDI_INTRADAY_V2: Fund≥6.5 · DD60≥12% · RSI<40 · MACD↑ · Vol↓ · SPY20≤+1% · Abnormal20≤-10%,SIDI_INTRADAY_V2,False
KIM,Kimco Realty,Real Estate,Retail REITs,2006-04-04,22.1400,22.0000,22.2300,22.0000,22.1400,2026-10-06,2026-10-07,33.0800,18.2300,UP,0.0106,0.0027,-0.0012,True,0.2458,0.2807,0.7260,1.2680,23.5300,22.8500,22.6000,-5.8900,-3.1000,True,1.3871,BAJISTA,-15.0800,-15.9400,26.0700,26.3400,26.3400,18.9600,-15.9400,16.8000,0.8230,False,False,,0.0000,25.9600,False,,NONE,6.6200,7.0000,8.5000,5.0000,5.0000,8.5000,5.0000,False,False,True,True,True,False,2.5400,3.8000,1.5000,SIDI_INTRADAY_V2,1.8025,-2.2169,-0.1703,0.8827,295.0000,XLRE,True,25.9162,24.4764,1.4383,6.7562,17.3900,0.0581,0.0237,0.2776,0.6893,0.0490,-0.0580,84.9930,0.9710,871483392.0000,573750016.0000,1.5189,14776684544,0.9650,6.9700,5.0600,670789373,4.8900,2.2700,5.3800,7.3800,0.0590,D/E:85,1,5.5800,False,False,False,False,False,False,VOLUME|FUND65|SPY20|ABNORMAL20,False,3-7d,XLRE,,PLD|AMT|EQIX,interest_rates|cap_rates|occupancy_trends,POST_ANALYSIS_ACTUAL_FILL,LIVE_QUOTE_AT_ANALYSIS,True,1.0000,1.5000,1.0000,-5.0000,7,1.5000,3,SELL_50_PCT_AT_TP1_REST_AT_TP2,MOVE_REMAINDER_TO_BREAK_EVEN,EXIT_AT_OPEN_IF_OPEN_BELOW_SL,SL_FIRST,10,PENDING_ANALYSIS,0.2807,0.2807,0.4211,22.4207,22.5611,21.0330,Indicative levels use the signal close only. Final SL/TP1/TP2 and sizing must be recalculated from the actual post-analysis broker fill.,22,2026-10-29,False,2026-08-04,0.2200,0.2000,13.5000,ALCISTA FUERTE,10,779.0900,8.4900,73.6000,15.0100,SIDI_INTRADAY_V2: Fund≥6.5 · DD60≥12% · RSI<40 · MACD↑ · Vol↓ · SPY20≤+1% · Abnormal20≤-10%,SIDI_INTRADAY_V2,False
ON,ON Semiconductor,Information Technology,Semiconductors,2022-06-21,86.3100,86.9000,86.9200,85.2200,86.3100,2026-10-06,2026-10-07,89.8800,57.3600,UP,1.9057,1.8421,1.2706,True,1.0005,3.1450,0.7530,3.6440,76.5700,80.7800,77.5800,12.7200,6.8500,False,2.9305,ALCISTA,-7.9200,-9.6100,93.7300,95.4900,134.9200,44.5600,-36.0300,93.6900,0.7190,False,False,83.3500,1.0000,86.0100,True,-3.4300,HAMMER|DOJI,6.9000,8.5000,7.0000,5.0000,7.0000,7.0000,7.0000,False,False,False,False,True,False,7.2900,10.9300,1.5000,SIDI_INTRADAY_V2,1.8025,12.9944,0.2743,1.5219,295.0000,XLK,True,53.0968,18.1726,4.4383,5.1697,16.4920,0.0831,0.0675,0.1017,0.4278,0.0920,0.3660,65.0550,3.4640,1656649984.0000,630200000.0000,2.6288,32040923136,2.0520,3.5800,0.0000,389318613,4.7000,2.3800,5.2300,6.8100,0.0517,OK,0,5.5800,False,False,False,False,False,False,DD12|RSI40|VOLUME|FUND65|SPY20|ABNORMAL20,False,10-18d,XLK,,AAPL|MSFT|NVDA,interest_rates|ai_capex_cycle|semiconductor_cycle,POST_ANALYSIS_ACTUAL_FILL,LIVE_QUOTE_AT_ANALYSIS,True,1.0000,1.5000,1.0000,-5.0000,7,1.5000,3,SELL_50_PCT_AT_TP1_REST_AT_TP2,MOVE_REMAINDER_TO_BREAK_EVEN,EXIT_AT_OPEN_IF_OPEN_BELOW_SL,SL_FIRST,10,PENDING_ANALYSIS,3.1450,3.1450,4.7175,89.4550,91.0275,81.9945,Indicative levels use the signal close only. Final SL/TP1/TP2 and sizing must be recalculated from the actual post-analysis broker fill.,26,2026-11-02,False,2026-08-03,0.7400,0.7200,3.5000,ALCISTA FUERTE,10,779.0900,8.4900,73.6000,15.0100,SIDI_INTRADAY_V2: Fund≥6.5 · DD60≥12% · RSI<40 · MACD↑ · Vol↓ · SPY20≤+1% · Abnormal20≤-10%,SIDI_INTRADAY_V2,False
TEL,TE Connectivity,Information Technology,Electronic Manufacturing Services,2011-10-17,219.5100,221.9800,223.5200,219.1200,219.5100,2026-10-06,2026-10-07,72.2000,58.8100,UP,0.9354,0.9861,0.8008,False,0.8333,5.6121,0.8720,2.5570,209.5300,213.0100,213.0100,4.7600,3.0500,False,-0.7181,ALCISTA,-0.3900,-1.7900,220.3600,223.5200,250.6100,189.5300,-12.4100,15.8200,0.7750,True,True,199.7900,6.0000,221.2400,False,-8.9800,HAMMER|DOJI,6.6500,8.0000,6.0000,7.5000,6.0000,5.0000,7.0000,False,False,False,False,False,True,5.1100,7.6700,1.5000,SIDI_INTRADAY_V2,1.8025,7.4672,1.7592,-0.1641,295.0000,XLK,True,21.0029,16.5722,4.6939,3.2178,13.7910,0.2329,0.0969,0.1561,0.3612,0.1380,0.1920,43.4410,1.8760,2336875008.0000,3017999872.0000,0.7743,62174879744,1.1400,4.1000,1.4200,289940672,4.8700,1.9200,6.0400,6.9300,0.0376,OK,0,5.5800,False,False,False,False,False,False,DD12|RSI40|MACD|FUND65|SPY20|ABNORMAL20,False,10-18d,XLK,,AAPL|MSFT|NVDA,interest_rates|ai_capex_cycle|semiconductor_cycle,POST_ANALYSIS_ACTUAL_FILL,LIVE_QUOTE_AT_ANALYSIS,True,1.0000,1.5000,1.0000,-5.0000,7,1.5000,3,SELL_50_PCT_AT_TP1_REST_AT_TP2,MOVE_REMAINDER_TO_BREAK_EVEN,EXIT_AT_OPEN_IF_OPEN_BELOW_SL,SL_FIRST,10,PENDING_ANALYSIS,5.6121,5.6121,8.4182,225.1221,227.9281,208.5345,Indicative levels use the signal close only. Final SL/TP1/TP2 and sizing must be recalculated from the actual post-analysis broker fill.,21,2026-10-28,False,2026-07-22,2.9400,2.8400,3.3000,ALCISTA FUERTE,10,779.0900,8.4900,73.6000,15.0100,SIDI_INTRADAY_V2: Fund≥6.5 · DD60≥12% · RSI<40 · MACD↑ · Vol↓ · SPY20≤+1% · Abnormal20≤-10%,SIDI_INTRADAY_V2,False
CL,Colgate-Palmolive,Consumer Staples,Household Products,1957-03-04,87.2500,86.5500,88.0500,86.2300,87.2500,2026-10-06,2026-10-07,51.0300,41.4600,UP,0.1491,-0.0037,-0.0851,True,0.6610,1.3779,0.7180,1.5790,89.4500,87.9100,86.7800,-2.4600,-0.7600,True,1.0589,BAJISTA,-6.7200,-8.6000,93.5300,95.4600,98.1500,73.2200,-11.1100,19.1600,0.7190,False,False,86.3800,1.0000,89.1000,True,-1.0000,NONE,6.5500,7.0000,7.0000,5.0000,8.0000,7.0000,5.0000,False,False,False,False,True,False,3.1600,4.7400,1.5000,SIDI_INTRADAY_V2,1.8025,1.0379,0.1059,1.0925,295.0000,XLP,True,34.4941,21.3798,295.9966,3.3185,15.3100,2.6737,0.1584,0.0968,0.6043,0.0490,-0.0550,1388.1630,1.0260,3458374912.0000,2038000000.0000,1.6969,69844295680,0.3220,4.2300,2.4300,797172829,4.9200,2.4400,6.7500,5.6600,0.0495,D/E:1388,1,5.5700,False,False,False,False,False,False,DD12|RSI40|VOLUME|FUND65|SPY20|ABNORMAL20,False,3-7d,XLP,,PG|KO|PEP,inflation|input_costs|fx_rates,POST_ANALYSIS_ACTUAL_FILL,LIVE_QUOTE_AT_ANALYSIS,True,1.0000,1.5000,1.0000,-5.0000,7,1.5000,3,SELL_50_PCT_AT_TP1_REST_AT_TP2,MOVE_REMAINDER_TO_BREAK_EVEN,EXIT_AT_OPEN_IF_OPEN_BELOW_SL,SL_FIRST,10,PENDING_ANALYSIS,1.3779,1.3779,2.0668,88.6279,89.3169,82.8875,Indicative levels use the signal close only. Final SL/TP1/TP2 and sizing must be recalculated from the actual post-analysis broker fill.,23,2026-10-30,False,2026-07-31,0.9900,0.9500,4.5000,ALCISTA FUERTE,10,779.0900,8.4900,73.6000,15.0100,SIDI_INTRADAY_V2: Fund≥6.5 · DD60≥12% · RSI<40 · MACD↑ · Vol↓ · SPY20≤+1% · Abnormal20≤-10%,SIDI_INTRADAY_V2,False
PPG,PPG Industries,Materials,Specialty Chemicals,1957-03-04,106.5200,105.9500,106.8600,105.6000,106.5200,2026-10-06,2026-10-07,56.0700,45.2700,UP,0.2670,0.1673,0.1391,True,0.6728,2.1114,0.7120,1.9820,110.5400,110.9600,106.7300,-3.6300,-4.0100,False,0.6639,BAJISTA,-10.4700,-13.1800,118.9800,122.6900,130.9900,91.3500,-18.6800,16.6100,0.7710,True,True,103.0500,2.0000,108.4300,True,-3.2600,HAMMER,6.9500,5.5000,7.0000,7.5000,8.0000,7.0000,7.0000,False,False,False,False,True,True,3.9600,5.9500,1.5000,SIDI_INTRADAY_V2,1.8025,1.6249,0.5104,1.1967,295.0000,XLB,True,14.9310,12.0263,2.7362,1.4068,11.0030,0.1930,0.0605,0.0957,0.4120,0.0720,-0.0150,86.9380,1.5800,1104625024.0000,1567000064.0000,0.7049,23101415424,1.0500,4.6200,2.7800,222300000,4.6500,1.6000,5.5000,7.2200,0.0478,FCF/NI:0.70|D/E:87,2,5.5700,False,False,False,False,False,False,DD12|RSI40|FUND65|SPY20|ABNORMAL20,False,3-7d,XLB,,LIN|APD|ECL,commodity_prices|dxy|china_demand|energy_costs,POST_ANALYSIS_ACTUAL_FILL,LIVE_QUOTE_AT_ANALYSIS,True,1.0000,1.5000,1.0000,-5.0000,7,1.5000,3,SELL_50_PCT_AT_TP1_REST_AT_TP2,MOVE_REMAINDER_TO_BREAK_EVEN,EXIT_AT_OPEN_IF_OPEN_BELOW_SL,SL_FIRST,10,PENDING_ANALYSIS,2.1114,2.1114,3.1671,108.6314,109.6871,101.1940,Indicative levels use the signal close only. Final SL/TP1/TP2 and sizing must be recalculated from the actual post-analysis broker fill.,20,2026-10-27,False,2026-07-28,2.2300,2.2500,-1.0000,ALCISTA FUERTE,10,779.0900,8.4900,73.6000,15.0100,SIDI_INTRADAY_V2: Fund≥6.5 · DD60≥12% · RSI<40 · MACD↑ · Vol↓ · SPY20≤+1% · Abnormal20≤-10%,SIDI_INTRADAY_V2,False
VZ,Verizon,Communication Services,Integrated Telecommunication Services,1983-11-30,45.9800,45.9700,45.9800,45.2900,45.9800,2026-10-06,2026-10-07,18.5000,28.9200,DOWN,-0.2567,-0.3171,-0.4153,True,0.2636,0.8786,0.8040,1.9110,48.2800,45.6300,47.2700,-4.7600,0.7700,True,2.0092,NEUTRO,-10.6300,-11.0100,51.4500,51.6700,51.6700,36.5500,-11.0100,25.7900,0.9700,True,True,45.0700,2.0000,48.2600,True,-1.9900,HAMMER|HAMMER|DOJI,7.6200,8.5000,8.5000,7.5000,7.0000,6.5000,7.0000,False,True,False,True,True,True,3.8200,5.7300,1.5000,SIDI_INTRADAY_V2,1.8025,-10.6057,-0.7300,0.6148,295.0000,XLC,True,12.0599,8.7593,1.8515,1.3853,7.5210,0.1584,0.0505,0.1164,0.5945,-0.0070,-0.2200,184.0810,0.6040,17466624000.0000,16172000256.0000,1.0801,192407650304,0.2480,4.7700,6.1700,4154775202,4.2100,0.0000,5.3200,7.8300,0.0908,D/E:184,1,5.5700,False,False,True,False,False,False,DD12|FUND65|SPY20,False,5-10d,XLC,,GOOGL|META|NFLX,ad_spending_cycle|streaming_competition|regulation,POST_ANALYSIS_ACTUAL_FILL,LIVE_QUOTE_AT_ANALYSIS,True,1.0000,1.5000,1.0000,-5.0000,7,1.5000,3,SELL_50_PCT_AT_TP1_REST_AT_TP2,MOVE_REMAINDER_TO_BREAK_EVEN,EXIT_AT_OPEN_IF_OPEN_BELOW_SL,SL_FIRST,10,PENDING_ANALYSIS,0.8786,0.8786,1.3179,46.8586,47.2979,43.6810,Indicative levels use the signal close only. Final SL/TP1/TP2 and sizing must be recalculated from the actual post-analysis broker fill.,19,2026-10-26,False,2026-07-24,1.3000,1.2700,2.7000,ALCISTA FUERTE,10,779.0900,8.4900,73.6000,15.0100,SIDI_INTRADAY_V2: Fund≥6.5 · DD60≥12% · RSI<40 · MACD↑ · Vol↓ · SPY20≤+1% · Abnormal20≤-10%,SIDI_INTRADAY_V2,False
ARE,Alexandria Real Estate Equities,Real Estate,Office REITs,2017-03-20,45.9200,46.1200,47.1200,45.7900,45.9200,2026-10-06,2026-10-07,26.0500,44.3400,DOWN,-0.6203,-0.6363,-0.6377,True,0.1266,1.8167,0.9960,3.9560,50.0700,48.8400,49.0400,-8.2800,-5.9700,True,0.7698,BAJISTA,-17.2700,-18.6200,55.5000,56.4300,79.5200,38.3200,-42.2600,19.8300,0.8640,False,False,46.4900,1.0000,54.0800,True,1.2400,HAMMER|DOJI,7.2000,7.0000,8.5000,5.0000,8.0000,8.0000,7.0000,False,False,True,True,True,False,7.9100,11.8700,1.5000,SIDI_INTRADAY_V2,1.8025,-1.5938,0.3997,1.2353,295.0000,XLRE,True,,-57.1296,0.5079,2.8038,13.6480,-0.0408,0.0093,-0.3608,0.6820,-0.1190,,68.6700,2.3500,1344973952.0000,-1030056000.0000,-1.3057,7963709440,1.1780,3.4800,6.2700,172095277,4.4600,2.5000,3.3800,8.0000,0.1689,FCF/NI:-1.31|RevG:-11.9%|ROE:-4.1%,3,5.5600,False,False,False,False,False,False,VOLUME|FUND65|SPY20|ABNORMAL20,False,5-10d,XLRE,,PLD|AMT|EQIX,interest_rates|cap_rates|occupancy_trends,POST_ANALYSIS_ACTUAL_FILL,LIVE_QUOTE_AT_ANALYSIS,True,1.0000,1.5000,1.0000,-5.0000,7,1.5000,3,SELL_50_PCT_AT_TP1_REST_AT_TP2,MOVE_REMAINDER_TO_BREAK_EVEN,EXIT_AT_OPEN_IF_OPEN_BELOW_SL,SL_FIRST,10,PENDING_ANALYSIS,1.8167,1.8167,2.7250,47.7367,48.6451,43.6240,Indicative levels use the signal close only. Final SL/TP1/TP2 and sizing must be recalculated from the actual post-analysis broker fill.,19,2026-10-26,False,2026-08-03,0.1500,0.1200,26.2000,ALCISTA FUERTE,10,779.0900,8.4900,73.6000,15.0100,SIDI_INTRADAY_V2: Fund≥6.5 · DD60≥12% · RSI<40 · MACD↑ · Vol↓ · SPY20≤+1% · Abnormal20≤-10%,SIDI_INTRADAY_V2,False
BXP,"BXP, Inc.",Real Estate,Office REITs,2006-04-03,59.7900,59.5500,60.2000,59.2700,59.7900,2026-10-06,2026-10-07,31.4000,36.3900,DOWN,-0.1644,-0.1905,-0.1696,True,0.0886,1.2973,0.7680,2.1700,65.7200,61.3500,62.2300,-9.0200,-2.5400,True,-0.8697,BAJISTA,-17.1200,-19.3000,72.1400,74.0900,74.0900,47.9900,-19.3000,24.6000,0.7860,True,True,57.5500,1.0000,59.3600,True,-3.7500,NONE,7.5000,6.5000,7.5000,7.5000,8.0000,10.0000,5.0000,True,True,True,True,True,True,4.3400,6.5100,1.5000,SIDI_INTRADAY_V2,1.8025,-6.3702,0.3588,0.8891,295.0000,XLRE,True,31.6720,27.0136,1.8229,3.3400,17.3040,0.0531,0.0168,0.0930,0.5645,0.0370,-0.2320,211.6310,0.5060,880636864.0000,296824992.0000,2.9669,10655489024,1.0540,10.5800,4.6800,159661556,4.2700,1.5900,4.6400,6.9800,0.0826,D/E:212,1,5.5600,False,False,False,True,False,False,FUND65|SPY20|ABNORMAL20,False,3-7d,XLRE,,PLD|AMT|EQIX,interest_rates|cap_rates|occupancy_trends,POST_ANALYSIS_ACTUAL_FILL,LIVE_QUOTE_AT_ANALYSIS,True,1.0000,1.5000,1.0000,-5.0000,7,1.5000,3,SELL_50_PCT_AT_TP1_REST_AT_TP2,MOVE_REMAINDER_TO_BREAK_EVEN,EXIT_AT_OPEN_IF_OPEN_BELOW_SL,SL_FIRST,10,PENDING_ANALYSIS,1.2973,1.2973,1.9459,61.0873,61.7360,56.8005,Indicative levels use the signal close only. Final SL/TP1/TP2 and sizing must be recalculated from the actual post-analysis broker fill.,20,2026-10-27,False,2026-07-28,0.5000,0.4300,14.8000,ALCISTA FUERTE,10,779.0900,8.4900,73.6000,15.0100,SIDI_INTRADAY_V2: Fund≥6.5 · DD60≥12% · RSI<40 · MACD↑ · Vol↓ · SPY20≤+1% · Abnormal20≤-10%,SIDI_INTRADAY_V2,False
COHR,Coherent Corp.,Information Technology,Electronic Components,2026-03-23,338.3600,336.2100,341.3000,331.3900,338.3600,2026-10-06,2026-10-07,65.8700,46.7900,UP,5.2960,4.6553,1.5359,True,0.9392,18.6864,0.7210,5.5230,299.3900,290.6500,306.9300,13.0100,16.4100,True,4.8334,ALCISTA,-10.7500,-13.5400,379.1300,391.3700,440.0000,108.1900,-23.1000,212.7500,0.9380,False,False,343.5100,1.0000,335.0100,True,1.5200,HAMMER,7.2000,10.0000,7.0000,5.0000,7.0000,7.0000,7.0000,False,False,False,False,True,False,11.0500,16.5700,1.5000,SIDI_INTRADAY_V2,1.8025,0.3596,-1.7117,2.7817,295.0000,XLK,True,77.8447,22.8343,5.7580,8.8235,47.8840,0.0798,0.0339,0.1131,0.3750,0.3370,,31.6120,2.4270,-649981632.0000,769896000.0000,-0.8442,62807314432,2.1130,1.6600,0.0000,195832246,4.4700,6.3200,4.2300,2.6000,-0.0103,FCF/NI:-0.84,1,5.5600,False,False,False,False,False,False,DD12|RSI40|VOLUME|FUND65|SPY20|ABNORMAL20,False,10-18d,XLK,,AAPL|MSFT|NVDA,interest_rates|ai_capex_cycle|semiconductor_cycle,POST_ANALYSIS_ACTUAL_FILL,LIVE_QUOTE_AT_ANALYSIS,True,1.0000,1.5000,1.0000,-5.0000,7,1.5000,3,SELL_50_PCT_AT_TP1_REST_AT_TP2,MOVE_REMAINDER_TO_BREAK_EVEN,EXIT_AT_OPEN_IF_OPEN_BELOW_SL,SL_FIRST,10,PENDING_ANALYSIS,18.6864,18.6864,28.0296,357.0464,366.3896,321.4420,Indicative levels use the signal close only. Final SL/TP1/TP2 and sizing must be recalculated from the actual post-analysis broker fill.,28,2026-11-04,False,2026-08-12,1.7400,1.6200,7.6000,ALCISTA FUERTE,10,779.0900,8.4900,73.6000,15.0100,SIDI_INTRADAY_V2: Fund≥6.5 · DD60≥12% · RSI<40 · MACD↑ · Vol↓ · SPY20≤+1% · Abnormal20≤-10%,SIDI_INTRADAY_V2,False
ELV,Elevance Health,Health Care,Managed Health Care,2002-07-25,400.0900,396.6800,400.9700,394.4200,400.0900,2026-10-06,2026-10-07,38.1700,48.0900,DOWN,-1.4201,-2.4187,-3.4255,True,0.4463,8.8321,0.7720,2.2080,396.9300,363.4800,397.9200,0.8000,10.0700,True,2.0200,ALCISTA,-5.8500,-7.8900,424.9400,434.3500,434.3500,270.8700,-7.8900,47.7100,0.9970,True,True,389.4100,2.0000,405.3500,True,-2.6700,NONE,7.6000,10.0000,7.5000,7.5000,7.0000,7.0000,5.0000,False,False,False,True,True,True,4.4200,6.6200,1.5000,SIDI_INTRADAY_V2,1.8025,-4.3779,0.1448,0.5458,295.0000,XLV,True,17.9108,13.6743,1.9547,0.4363,9.6630,0.1113,0.0383,0.0247,0.2599,0.0140,-0.1310,68.9530,1.5180,4306375168.0000,4962999808.0000,0.8677,87746404352,0.7110,5.1200,1.7200,216869290,4.2000,0.0800,5.5200,7.4600,0.0491,OK,0,5.5600,False,False,False,False,False,False,DD12|FUND65|SPY20|ABNORMAL20,False,10-18d,XLV,,UNH|JNJ|LLY,fda_calendar|drug_pricing_policy|patent_cliffs,POST_ANALYSIS_ACTUAL_FILL,LIVE_QUOTE_AT_ANALYSIS,True,1.0000,1.5000,1.0000,-5.0000,7,1.5000,3,SELL_50_PCT_AT_TP1_REST_AT_TP2,MOVE_REMAINDER_TO_BREAK_EVEN,EXIT_AT_OPEN_IF_OPEN_BELOW_SL,SL_FIRST,10,PENDING_ANALYSIS,8.8321,8.8321,13.2482,408.9221,413.3381,380.0855,Indicative levels use the signal close only. Final SL/TP1/TP2 and sizing must be recalculated from the actual post-analysis broker fill.,14,2026-10-21,False,2026-07-15,7.4500,6.2100,20.0000,ALCISTA FUERTE,10,779.0900,8.4900,73.6000,15.0100,SIDI_INTRADAY_V2: Fund≥6.5 · DD60≥12% · RSI<40 · MACD↑ · Vol↓ · SPY20≤+1% · Abnormal20≤-10%,SIDI_INTRADAY_V2,False
HUBB,Hubbell Incorporated,Industrials,Industrial Machinery & Supplies & Components,2023-10-18,485.4100,483.5100,492.6300,482.0000,485.4100,2026-10-06,2026-10-07,82.0100,53.0300,UP,4.1826,3.6703,2.4228,True,1.0069,12.3363,0.8590,2.5410,471.4100,485.8400,465.3200,2.9700,-0.0900,False,0.6053,BAJISTA,-6.2900,-8.0200,518.0100,527.7500,562.0600,398.9500,-13.6400,21.6700,1.0410,True,True,467.5800,4.0000,498.3500,True,-3.6700,HAMMER,7.2500,7.0000,7.0000,7.5000,10.0000,5.0000,7.0000,False,False,False,False,True,True,5.0800,7.6200,1.5000,SIDI_INTRADAY_V2,1.8025,6.8699,-0.1219,1.1589,295.0000,XLI,True,27.8206,20.4686,6.3462,3.9896,20.3360,0.2444,0.0843,0.1449,0.3534,0.1530,-0.0090,141.6420,1.6090,495812512.0000,900600000.0000,0.5505,24829822976,0.8460,6.0100,1.1700,52841777,4.4300,4.3800,4.7600,4.1100,0.0200,FCF/NI:0.55|D/E:142,2,5.5600,False,False,False,False,False,False,DD12|RSI40|FUND65|SPY20|ABNORMAL20,False,3-7d,XLI,,CAT|UNP|HON,pmi_manufacturing|supply_chain|capex_cycle,POST_ANALYSIS_ACTUAL_FILL,LIVE_QUOTE_AT_ANALYSIS,True,1.0000,1.5000,1.0000,-5.0000,7,1.5000,3,SELL_50_PCT_AT_TP1_REST_AT_TP2,MOVE_REMAINDER_TO_BREAK_EVEN,EXIT_AT_OPEN_IF_OPEN_BELOW_SL,SL_FIRST,10,PENDING_ANALYSIS,12.3363,12.3363,18.5044,497.7463,503.9145,461.1395,Indicative levels use the signal close only. Final SL/TP1/TP2 and sizing must be recalculated from the actual post-analysis broker fill.,20,2026-10-27,False,2026-07-28,5.5200,5.3900,2.4000,ALCISTA FUERTE,10,779.0900,8.4900,73.6000,15.0100,SIDI_INTRADAY_V2: Fund≥6.5 · DD60≥12% · RSI<40 · MACD↑ · Vol↓ · SPY20≤+1% · Abnormal20≤-10%,SIDI_INTRADAY_V2,False
PPL,PPL Corporation,Utilities,Electric Utilities,2001-10-01,33.7000,33.1400,33.7300,33.1000,33.7000,2026-10-06,2026-10-07,53.8100,26.8900,UP,0.1354,0.0652,-0.0005,True,0.7137,0.5264,0.8520,1.5620,34.1500,35.5800,33.1700,-1.3200,-5.2900,False,-0.2296,BAJISTA,-6.6000,-7.8900,36.0800,36.5900,39.4600,31.5600,-14.6000,6.7800,1.0130,False,False,33.9300,4.0000,36.4700,True,0.6800,HAMMER,6.3500,5.0000,7.0000,5.0000,10.0000,5.0000,7.0000,False,False,False,False,True,False,3.1200,4.6900,1.5000,SIDI_INTRADAY_V2,1.8025,1.1564,-0.1047,0.8582,295.0000,XLU,True,19.9911,15.9427,1.6895,2.7053,12.0790,0.0863,0.0320,0.1347,0.4409,0.0420,0.2120,135.4340,0.9050,-1938375040.0000,1264000000.0000,-1.5335,25424726016,0.5770,4.6600,3.3800,752544841,5.0400,7.3600,4.3600,3.1100,-0.0762,FCF/NI:-1.53,1,5.5600,False,False,False,False,False,False,DD12|RSI40|VOLUME|FUND65|SPY20|ABNORMAL20,False,3-7d,XLU,,NEE|DUK|SO,interest_rates|regulatory_environment,POST_ANALYSIS_ACTUAL_FILL,LIVE_QUOTE_AT_ANALYSIS,True,1.0000,1.5000,1.0000,-5.0000,7,1.5000,3,SELL_50_PCT_AT_TP1_REST_AT_TP2,MOVE_REMAINDER_TO_BREAK_EVEN,EXIT_AT_OPEN_IF_OPEN_BELOW_SL,SL_FIRST,10,PENDING_ANALYSIS,0.5264,0.5264,0.7896,34.2264,34.4896,32.0150,Indicative levels use the signal close only. Final SL/TP1/TP2 and sizing must be recalculated from the actual post-analysis broker fill.,28,2026-11-04,False,2026-08-07,0.3300,0.3400,-4.0000,ALCISTA FUERTE,10,779.0900,8.4900,73.6000,15.0100,SIDI_INTRADAY_V2: Fund≥6.5 · DD60≥12% · RSI<40 · MACD↑ · Vol↓ · SPY20≤+1% · Abnormal20≤-10%,SIDI_INTRADAY_V2,False
PFG,Principal Financial Group,Financials,Life & Health Insurance,2002-07-22,109.7000,110.6000,111.8600,109.3600,109.7000,2026-10-06,2026-10-07,23.9500,49.8300,DOWN,-0.7083,-0.6206,-0.5399,False,-0.0199,2.4214,0.9870,2.2070,113.2800,100.5200,113.2600,-3.1600,9.1300,True,3.1025,NEUTRO,-7.4300,-9.4700,118.5100,121.1800,121.1800,75.3000,-9.4700,45.6800,1.1600,True,True,111.1100,3.0000,114.9000,True,1.2900,NONE,7.7500,8.5000,7.5000,7.5000,9.0000,8.0000,5.0000,False,False,False,True,False,True,4.4100,6.6200,1.5000,SIDI_INTRADAY_V2,1.8025,-0.9241,-0.0036,1.0689,295.0000,XLF,True,15.5997,10.6052,1.9357,1.4941,10.4190,0.1295,0.0035,0.0993,0.4734,0.0640,0.0280,35.3070,1.5860,1056374976.0000,1558800000.0000,0.6777,23446599680,0.8710,7.8700,3.0600,214104641,4.1000,1.1600,5.2700,6.1800,0.0451,FCF/NI:0.68,1,5.5600,False,False,False,False,False,False,DD12|MACD|FUND65|SPY20|ABNORMAL20,False,7-15d,XLF,,JPM|BAC|WFC,interest_rates|yield_curve|credit_spreads|loan_growth,POST_ANALYSIS_ACTUAL_FILL,LIVE_QUOTE_AT_ANALYSIS,True,1.0000,1.5000,1.0000,-5.0000,7,1.5000,3,SELL_50_PCT_AT_TP1_REST_AT_TP2,MOVE_REMAINDER_TO_BREAK_EVEN,EXIT_AT_OPEN_IF_OPEN_BELOW_SL,SL_FIRST,10,PENDING_ANALYSIS,2.4214,2.4214,3.6321,112.1214,113.3321,104.2150,Indicative levels use the signal close only. Final SL/TP1/TP2 and sizing must be recalculated from the actual post-analysis broker fill.,19,2026-10-26,False,2026-07-27,2.5000,2.3300,7.1000,ALCISTA FUERTE,10,779.0900,8.4900,73.6000,15.0100,SIDI_INTRADAY_V2: Fund≥6.5 · DD60≥12% · RSI<40 · MACD↑ · Vol↓ · SPY20≤+1% · Abnormal20≤-10%,SIDI_INTRADAY_V2,False
TMO,Thermo Fisher Scientific,Health Care,Life Sciences Tools & Services,2004-08-03,656.5800,683.3500,694.3300,654.5100,656.5800,2026-10-06,2026-10-07,53.2900,87.0400,DOWN,-2.2606,-1.1338,-0.1232,False,0.5451,17.9657,1.1200,2.7360,621.2500,542.7600,653.2100,5.6900,20.9700,True,1.4185,ALCISTA,-3.3900,-5.4400,679.6100,694.3300,694.3300,434.5000,-5.4400,51.1100,1.1650,False,False,587.3400,3.0000,646.5000,False,-10.5500,HAMMER|DOJI,6.3500,10.0000,5.0000,5.0000,6.0000,5.0000,7.0000,False,False,False,False,False,False,5.4700,8.2100,1.5000,SIDI_INTRADAY_V2,1.8025,5.9306,0.2490,0.8420,295.0000,XLV,True,36.7604,24.0491,4.6520,5.2889,23.9700,0.1351,0.0513,0.1504,0.4099,0.1050,0.0940,80.5750,1.5510,6237250048.0000,6967000064.0000,0.8953,245064794112,0.8770,2.8700,0.2900,369747286,5.0100,5.0500,5.6900,4.1800,0.0255,D/E:81,1,5.5500,False,False,False,False,False,False,DD12|RSI40|MACD|VOLUME|FUND65|SPY20|ABNORMAL20,False,10-18d,XLV,,UNH|JNJ|LLY,fda_calendar|drug_pricing_policy|patent_cliffs,POST_ANALYSIS_ACTUAL_FILL,LIVE_QUOTE_AT_ANALYSIS,True,1.0000,1.5000,1.0000,-5.0000,7,1.5000,3,SELL_50_PCT_AT_TP1_REST_AT_TP2,MOVE_REMAINDER_TO_BREAK_EVEN,EXIT_AT_OPEN_IF_OPEN_BELOW_SL,SL_FIRST,10,PENDING_ANALYSIS,17.9657,17.9657,26.9485,674.5457,683.5285,623.7510,Indicative levels use the signal close only. Final SL/TP1/TP2 and sizing must be recalculated from the actual post-analysis broker fill.,14,2026-10-21,False,2026-07-23,6.0300,5.7100,5.6000,ALCISTA FUERTE,10,779.0900,8.4900,73.6000,15.0100,SIDI_INTRADAY_V2: Fund≥6.5 · DD60≥12% · RSI<40 · MACD↑ · Vol↓ · SPY20≤+1% · Abnormal20≤-10%,SIDI_INTRADAY_V2,False
FTV,Fortive,Industrials,Industrial Machinery & Supplies & Components,2016-07-01,57.8900,57.6700,58.2800,57.5450,57.8900,2026-10-06,2026-10-07,67.1100,47.5300,UP,0.4294,0.3666,0.1714,True,1.0629,0.9896,0.7420,1.7100,58.1700,58.1900,56.5000,-0.4800,-0.5200,False,0.4143,BAJISTA,-9.5600,-10.2200,64.0100,64.4800,64.4800,47.5000,-10.2200,21.8700,1.1000,False,False,57.8600,6.0000,61.0800,True,-0.0400,HAMMER|DOJI,6.7500,5.5000,7.0000,5.0000,10.0000,7.0000,7.0000,False,False,False,False,True,False,3.4200,5.1300,1.5000,SIDI_INTRADAY_V2,1.8025,3.7313,-0.0346,0.7011,295.0000,XLI,True,29.6263,17.3035,2.8106,3.9762,16.7800,0.0732,0.0330,0.1238,0.6323,0.0790,0.0400,59.2830,1.2410,939112512.0000,602200000.0000,1.5595,17160627200,0.9860,5.7800,0.4800,304861021,4.7400,2.4200,4.8300,7.3500,0.0547,OK,0,5.5400,False,False,False,False,False,False,DD12|RSI40|VOLUME|FUND65|SPY20|ABNORMAL20,False,3-7d,XLI,,CAT|UNP|HON,pmi_manufacturing|supply_chain|capex_cycle,POST_ANALYSIS_ACTUAL_FILL,LIVE_QUOTE_AT_ANALYSIS,True,1.0000,1.5000,1.0000,-5.0000,7,1.5000,3,SELL_50_PCT_AT_TP1_REST_AT_TP2,MOVE_REMAINDER_TO_BREAK_EVEN,EXIT_AT_OPEN_IF_OPEN_BELOW_SL,SL_FIRST,10,PENDING_ANALYSIS,0.9896,0.9896,1.4844,58.8796,59.3744,54.9955,Indicative levels use the signal close only. Final SL/TP1/TP2 and sizing must be recalculated from the actual post-analysis broker fill.,21,2026-10-28,False,2026-07-29,0.7400,0.7100,4.9000,ALCISTA FUERTE,10,779.0900,8.4900,73.6000,15.0100,SIDI_INTRADAY_V2: Fund≥6.5 · DD60≥12% · RSI<40 · MACD↑ · Vol↓ · SPY20≤+1% · Abnormal20≤-10%,SIDI_INTRADAY_V2,False
CMG,Chipotle Mexican Grill,Consumer Discretionary,Restaurants,2011-04-28,30.9000,30.7600,31.4600,30.6100,30.9000,2026-10-06,2026-10-07,22.7500,22.0000,UP,-0.1958,-0.2000,-0.2557,True,0.1867,1.0921,0.8370,3.5340,34.6200,34.8200,32.9500,-10.7400,-11.2500,False,-0.1812,BAJISTA,-19.7800,-20.9500,38.5200,39.0900,42.8200,28.0400,-27.8400,10.2000,1.1550,False,False,30.4500,1.0000,37.0900,True,-1.4600,HAMMER,6.6200,5.0000,9.5000,5.0000,7.0000,6.5000,7.0000,False,False,True,True,True,False,7.0700,10.6000,1.5000,SIDI_INTRADAY_V2,1.8025,-17.7570,-0.7895,0.9031,295.0000,XLY,True,27.9862,22.2877,17.5821,3.1071,19.2710,0.4956,0.1308,0.1143,0.3936,0.0930,-0.0130,246.3500,0.7150,1116464384.0000,1419405952.0000,0.7866,38601576448,0.9580,3.0500,0.0000,1265418000,4.8000,4.3900,5.7500,4.1700,0.0289,D/E:246,1,5.5300,False,False,True,False,False,False,VOLUME|FUND65|SPY20,False,5-10d,XLY,,AMZN|TSLA|HD,consumer_spending|employment_data|interest_rates,POST_ANALYSIS_ACTUAL_FILL,LIVE_QUOTE_AT_ANALYSIS,True,1.0000,1.5000,1.0000,-5.0000,7,1.5000,3,SELL_50_PCT_AT_TP1_REST_AT_TP2,MOVE_REMAINDER_TO_BREAK_EVEN,EXIT_AT_OPEN_IF_OPEN_BELOW_SL,SL_FIRST,10,PENDING_ANALYSIS,1.0921,1.0921,1.6381,31.9921,32.5382,29.3550,Indicative levels use the signal close only. Final SL/TP1/TP2 and sizing must be recalculated from the actual post-analysis broker fill.,21,2026-10-28,False,2026-07-29,0.3300,0.3200,4.0000,ALCISTA FUERTE,10,779.0900,8.4900,73.6000,15.0100,SIDI_INTRADAY_V2: Fund≥6.5 · DD60≥12% · RSI<40 · MACD↑ · Vol↓ · SPY20≤+1% · Abnormal20≤-10%,SIDI_INTRADAY_V2,False
CPRT,Copart,Industrials,Diversified Support Services,2018-07-02,26.8200,27.5100,27.6600,26.6400,26.8200,2026-10-06,2026-10-07,12.2600,21.5400,DOWN,-0.1674,-0.1869,-0.3323,True,0.1898,0.6879,0.6560,2.5650,30.4300,33.3800,28.6800,-11.8500,-19.6500,False,-2.9871,BAJISTA,-21.8800,-22.5500,34.3300,34.6300,45.8900,26.6400,-41.5600,0.6800,0.9900,True,True,26.8100,1.0000,30.9300,True,-0.0400,BULL_ENGULF,7.2700,5.0000,8.5000,7.5000,7.0000,8.5000,7.5000,True,True,True,True,True,True,5.1300,7.6900,1.5000,SIDI_INTRADAY_V2,1.8025,-18.8704,0.0218,-0.0756,295.0000,XLI,True,17.0871,15.1289,2.6968,5.2578,10.9680,0.1616,0.1027,0.3181,0.4529,0.0240,-0.1500,0.9700,7.9120,885121728.0000,1484269952.0000,0.5963,24533862400,1.0580,3.2600,0.0000,926330452,4.3700,0.2700,6.4700,6.7000,0.0361,FCF/NI:0.60,1,5.5300,False,False,True,True,False,False,FUND65|SPY20,False,5-10d,XLI,,CAT|UNP|HON,pmi_manufacturing|supply_chain|capex_cycle,POST_ANALYSIS_ACTUAL_FILL,LIVE_QUOTE_AT_ANALYSIS,True,1.0000,1.5000,1.0000,-5.0000,7,1.5000,3,SELL_50_PCT_AT_TP1_REST_AT_TP2,MOVE_REMAINDER_TO_BREAK_EVEN,EXIT_AT_OPEN_IF_OPEN_BELOW_SL,SL_FIRST,10,PENDING_ANALYSIS,0.6879,0.6879,1.0318,27.5079,27.8518,25.4790,Indicative levels use the signal close only. Final SL/TP1/TP2 and sizing must be recalculated from the actual post-analysis broker fill.,43,2026-11-19,False,2026-09-10,0.3500,0.3800,-8.5000,ALCISTA FUERTE,10,779.0900,8.4900,73.6000,15.0100,SIDI_INTRADAY_V2: Fund≥6.5 · DD60≥12% · RSI<40 · MACD↑ · Vol↓ · SPY20≤+1% · Abnormal20≤-10%,SIDI_INTRADAY_V2,False
IBM,IBM,Information Technology,IT Consulting & Other Services,1957-03-04,221.2900,222.7100,224.5100,221.0000,221.2900,2026-10-06,2026-10-07,27.2600,32.8400,DOWN,-1.0006,-1.1621,-1.5196,True,0.2390,5.8550,0.6640,2.6460,231.8200,251.9900,227.7700,-4.5400,-12.1800,False,-2.6065,BAJISTA,-11.1600,-12.1200,249.0900,251.8200,330.0900,197.7700,-32.9600,11.8900,0.6530,True,True,218.5400,1.0000,232.5600,True,-1.2400,NONE,7.0200,5.0000,8.5000,7.5000,7.0000,8.5000,5.0000,False,True,False,True,True,True,5.2900,7.9400,1.5000,SIDI_INTRADAY_V2,1.8025,-3.5556,0.9403,-0.2019,295.0000,XLK,True,19.5844,16.7576,6.0251,3.0042,16.1300,0.3446,0.0530,0.1552,0.5810,0.0110,-0.0180,188.9700,0.7910,12049750016.0000,10705000448.0000,1.1256,207575760896,0.7240,4.5800,3.0500,942134390,4.5300,0.0000,5.8300,8.2900,0.0580,D/E:189,1,5.5300,False,False,False,False,False,False,DD12|FUND65|SPY20|ABNORMAL20,False,5-10d,XLK,,AAPL|MSFT|NVDA,interest_rates|ai_capex_cycle|semiconductor_cycle,POST_ANALYSIS_ACTUAL_FILL,LIVE_QUOTE_AT_ANALYSIS,True,1.0000,1.5000,1.0000,-5.0000,7,1.5000,3,SELL_50_PCT_AT_TP1_REST_AT_TP2,MOVE_REMAINDER_TO_BREAK_EVEN,EXIT_AT_OPEN_IF_OPEN_BELOW_SL,SL_FIRST,10,PENDING_ANALYSIS,5.8550,5.8550,8.7825,227.1450,230.0725,210.2255,Indicative levels use the signal close only. Final SL/TP1/TP2 and sizing must be recalculated from the actual post-analysis broker fill.,14,2026-10-21,False,2026-07-22,2.9300,2.9300,-10.0000,ALCISTA FUERTE,10,779.0900,8.4900,73.6000,15.0100,SIDI_INTRADAY_V2: Fund≥6.5 · DD60≥12% · RSI<40 · MACD↑ · Vol↓ · SPY20≤+1% · Abnormal20≤-10%,SIDI_INTRADAY_V2,False
VMRK,Vivmark Residential,Real Estate,Multi-Family Residential REITs,2001-12-03,60.3700,59.8300,60.9300,59.8300,60.3700,2026-10-06,2026-10-07,37.6800,30.9500,UP,-0.0349,-0.1212,-0.1951,True,0.3397,1.1825,0.8970,1.9590,63.8700,62.6100,61.3900,-5.4800,-3.5800,True,0.5491,BAJISTA,-12.7300,-13.6600,69.1800,69.9200,70.6600,55.6300,-14.5600,8.5100,0.6490,False,False,,0.0000,65.7300,False,,BULL_ENGULF,6.3500,7.0000,8.5000,5.0000,5.0000,5.0000,7.5000,False,False,True,True,True,False,3.9200,5.8800,1.5000,SIDI_INTRADAY_V2,1.8025,-3.8610,-0.1505,0.9083,295.0000,XLRE,True,22.7443,40.5319,,14.9224,,0.0849,0.0256,0.3325,0.6232,0.0330,,75.1290,0.3480,1387120000.0000,1027489024.0000,1.3500,46109499392,0.5680,2.7700,4.6500,773779120,4.9900,3.8700,5.8500,5.3100,0.0301,OK,0,5.5300,False,False,False,False,False,False,VOLUME|FUND65|SPY20|ABNORMAL20,False,3-7d,XLRE,,PLD|AMT|EQIX,interest_rates|cap_rates|occupancy_trends,POST_ANALYSIS_ACTUAL_FILL,LIVE_QUOTE_AT_ANALYSIS,True,1.0000,1.5000,1.0000,-5.0000,7,1.5000,3,SELL_50_PCT_AT_TP1_REST_AT_TP2,MOVE_REMAINDER_TO_BREAK_EVEN,EXIT_AT_OPEN_IF_OPEN_BELOW_SL,SL_FIRST,10,PENDING_ANALYSIS,1.1825,1.1825,1.7738,61.5525,62.1437,57.3515,Indicative levels use the signal close only. Final SL/TP1/TP2 and sizing must be recalculated from the actual post-analysis broker fill.,14,2026-10-21,False,,,,,ALCISTA FUERTE,10,779.0900,8.4900,73.6000,15.0100,SIDI_INTRADAY_V2: Fund≥6.5 · DD60≥12% · RSI<40 · MACD↑ · Vol↓ · SPY20≤+1% · Abnormal20≤-10%,SIDI_INTRADAY_V2,False
TPL,Texas Pacific Land Corporation,Energy,Oil & Gas Exploration & Production,2024-11-26,355.1600,343.9100,358.0000,343.5000,355.1600,2026-10-06,2026-10-07,53.2300,30.0900,UP,1.1426,-0.2398,-2.1256,True,0.5864,12.5214,0.7810,3.5260,362.6000,396.6500,348.6800,-2.0500,-10.4600,False,1.4957,BAJISTA,-17.8600,-18.6500,432.4100,436.6000,544.8600,268.0800,-34.8200,32.4800,0.9770,True,True,359.3200,2.0000,394.5700,True,1.1700,NONE,6.6000,5.5000,7.0000,7.5000,7.0000,7.0000,5.0000,False,False,True,False,True,True,7.0500,10.5800,1.5000,SIDI_INTRADAY_V2,1.8025,0.9068,0.7839,0.9292,295.0000,XLE,True,43.2456,4.6960,15.2217,26.3875,32.7220,0.3657,0.2581,0.6032,0.9334,0.3120,0.3270,1.0770,4.5520,-32836124.0000,541416000.0000,-0.0606,23683835904,0.5880,12.5900,0.6800,68974683,4.8000,3.8700,8.2500,1.8700,-0.0014,FCF/NI:-0.06,1,5.5200,False,False,False,False,False,False,RSI40|FUND65|SPY20|ABNORMAL20,False,3-7d,XLE,,XOM|CVX|COP,oil_price|gas_price|opec_supply|inventories,POST_ANALYSIS_ACTUAL_FILL,LIVE_QUOTE_AT_ANALYSIS,True,1.0000,1.5000,1.0000,-5.0000,7,1.5000,3,SELL_50_PCT_AT_TP1_REST_AT_TP2,MOVE_REMAINDER_TO_BREAK_EVEN,EXIT_AT_OPEN_IF_OPEN_BELOW_SL,SL_FIRST,10,PENDING_ANALYSIS,12.5214,12.5214,18.7821,367.6814,373.9421,337.4020,Indicative levels use the signal close only. Final SL/TP1/TP2 and sizing must be recalculated from the actual post-analysis broker fill.,28,2026-11-04,False,2026-08-05,2.2300,2.1800,2.1000,ALCISTA FUERTE,10,779.0900,8.4900,73.6000,15.0100,SIDI_INTRADAY_V2: Fund≥6.5 · DD60≥12% · RSI<40 · MACD↑ · Vol↓ · SPY20≤+1% · Abnormal20≤-10%,SIDI_INTRADAY_V2,False
AAPL,Apple Inc.,Information Technology,"Technology Hardware, Storage & Peripherals",1982-11-30,333.6300,332.2800,334.3800,330.6200,333.6300,2026-10-06,2026-10-07,51.4900,63.9800,DOWN,-1.0473,-1.0742,-0.9958,True,0.5097,6.4179,0.8290,1.9240,322.3000,289.4100,331.6700,3.5200,15.2800,True,2.0164,ALCISTA,-2.1800,-3.3900,341.0700,345.3400,345.3400,242.7600,-3.3900,37.4300,0.7290,True,True,309.9000,1.0000,334.7000,False,-7.1100,HAMMER|HAMMER|DOJI,6.7500,10.0000,6.0000,7.5000,4.0000,5.0000,7.0000,False,False,False,False,True,True,3.8500,5.7700,1.5000,SIDI_INTRADAY_V2,1.8025,2.6843,1.1110,-0.3325,295.0000,XLK,True,38.4300,34.9698,45.5312,10.4758,29.1200,1.4875,0.2708,0.2762,0.4865,0.1640,0.2870,78.4450,1.0030,107721875456.0000,128929996800.0000,0.8355,4890655457280,1.0690,3.0300,0.3200,14594180000,4.6800,2.8200,7.1500,3.9500,0.0220,OK,0,5.5100,False,False,False,False,False,False,DD12|RSI40|FUND65|SPY20|ABNORMAL20,False,10-18d,XLK,,MSFT|NVDA|AVGO,interest_rates|ai_capex_cycle|semiconductor_cycle,POST_ANALYSIS_ACTUAL_FILL,LIVE_QUOTE_AT_ANALYSIS,True,1.0000,1.5000,1.0000,-5.0000,7,1.5000,3,SELL_50_PCT_AT_TP1_REST_AT_TP2,MOVE_REMAINDER_TO_BREAK_EVEN,EXIT_AT_OPEN_IF_OPEN_BELOW_SL,SL_FIRST,10,PENDING_ANALYSIS,6.4179,6.4179,9.6269,340.0479,343.2568,316.9485,Indicative levels use the signal close only. Final SL/TP1/TP2 and sizing must be recalculated from the actual post-analysis broker fill.,26,2026-11-02,False,2026-07-30,2.0200,1.8900,6.7000,ALCISTA FUERTE,10,779.0900,8.4900,73.6000,15.0100,SIDI_INTRADAY_V2: Fund≥6.5 · DD60≥12% · RSI<40 · MACD↑ · Vol↓ · SPY20≤+1% · Abnormal20≤-10%,SIDI_INTRADAY_V2,False
Q,Qnity Electronics,Information Technology,Semiconductor Materials & Equipment,2025-11-03,133.6300,132.5000,133.6600,130.4900,133.6300,2026-10-06,2026-10-07,89.3200,50.2100,UP,1.7343,1.6380,1.3640,True,0.9593,3.8941,0.6070,2.9140,127.4900,126.1300,126.1500,4.8200,5.9500,True,3.6391,ALCISTA,-6.2200,-9.5800,142.5000,147.7800,177.1600,70.3200,-24.5700,90.0300,0.8750,True,True,134.8500,2.0000,146.3500,True,0.9100,HAMMER|DOJI,7.7000,10.0000,7.0000,7.5000,7.0000,7.0000,7.0000,False,False,False,False,True,True,5.8300,8.7400,1.5000,SIDI_INTRADAY_V2,1.8025,2.9788,0.0118,1.3803,236.0000,XLK,True,46.0518,23.9758,3.7186,5.1810,20.8450,0.0672,0.0530,0.1125,0.4622,0.2210,-0.3430,59.9920,2.0080,772249984.0000,586000000.0000,1.3178,26993244160,,2.5500,0.2400,209339207,4.0500,2.3300,4.7300,5.2700,0.0286,OK,0,5.5100,False,False,False,False,False,False,DD12|RSI40|FUND65|SPY20|ABNORMAL20,False,10-18d,XLK,,AAPL|MSFT|NVDA,interest_rates|ai_capex_cycle|semiconductor_cycle,POST_ANALYSIS_ACTUAL_FILL,LIVE_QUOTE_AT_ANALYSIS,True,1.0000,1.5000,1.0000,-5.0000,7,1.5000,3,SELL_50_PCT_AT_TP1_REST_AT_TP2,MOVE_REMAINDER_TO_BREAK_EVEN,EXIT_AT_OPEN_IF_OPEN_BELOW_SL,SL_FIRST,10,PENDING_ANALYSIS,3.8941,3.8941,5.8411,137.5241,139.4711,126.9485,Indicative levels use the signal close only. Final SL/TP1/TP2 and sizing must be recalculated from the actual post-analysis broker fill.,28,2026-11-04,False,2026-08-04,1.1900,1.0700,11.0000,ALCISTA FUERTE,10,779.0900,8.4900,73.6000,15.0100,SIDI_INTRADAY_V2: Fund≥6.5 · DD60≥12% · RSI<40 · MACD↑ · Vol↓ · SPY20≤+1% · Abnormal20≤-10%,SIDI_INTRADAY_V2,False
EFX,Equifax,Industrials,Research & Consulting Services,1997-06-19,142.4800,143.3000,144.1600,141.9800,142.4800,2026-10-06,2026-10-07,18.9800,14.2100,UP,-0.8366,-1.3505,-2.3381,True,0.2455,4.9600,0.7170,3.4810,171.8100,180.8200,153.3800,-17.0700,-21.2100,False,-3.0264,BAJISTA,-26.5800,-27.8000,194.0700,197.3300,241.6100,137.0100,-41.0300,3.9900,0.8320,False,False,,0.0000,181.8100,False,,BULL_ENGULF,6.5300,5.0000,9.5000,5.0000,4.0000,8.5000,7.5000,False,False,True,True,True,False,6.9600,10.4400,1.5000,SIDI_INTRADAY_V2,1.8025,-18.1333,0.6558,-0.3722,295.0000,XLI,True,24.9089,14.0145,3.7985,2.5793,11.5240,0.1427,0.0616,0.1073,0.5554,0.1060,0.0070,120.9560,0.6020,947537472.0000,691400000.0000,1.3705,16622056448,1.3410,6.3700,1.5700,117484896,4.8200,2.8800,4.6200,7.3300,0.0570,D/E:121,1,5.5000,False,False,True,False,False,False,VOLUME|FUND65|SPY20,False,3-7d,XLI,,CAT|UNP|HON,pmi_manufacturing|supply_chain|capex_cycle,POST_ANALYSIS_ACTUAL_FILL,LIVE_QUOTE_AT_ANALYSIS,True,1.0000,1.5000,1.0000,-5.0000,7,1.5000,3,SELL_50_PCT_AT_TP1_REST_AT_TP2,MOVE_REMAINDER_TO_BREAK_EVEN,EXIT_AT_OPEN_IF_OPEN_BELOW_SL,SL_FIRST,10,PENDING_ANALYSIS,4.9600,4.9600,7.4400,147.4400,149.9200,135.3560,Indicative levels use the signal close only. Final SL/TP1/TP2 and sizing must be recalculated from the actual post-analysis broker fill.,13,2026-10-20,False,2026-07-21,2.2500,2.2000,2.3000,ALCISTA FUERTE,10,779.0900,8.4900,73.6000,15.0100,SIDI_INTRADAY_V2: Fund≥6.5 · DD60≥12% · RSI<40 · MACD↑ · Vol↓ · SPY20≤+1% · Abnormal20≤-10%,SIDI_INTRADAY_V2,False
NDAQ,"Nasdaq, Inc.",Financials,Financial Exchanges & Data,2008-10-22,92.2700,92.3700,93.9700,92.1400,92.2700,2026-10-06,2026-10-07,62.1600,43.8000,UP,-0.0951,-0.1608,-0.1374,True,0.4897,2.2093,0.9950,2.3940,94.6800,90.0900,92.9000,-2.5500,2.4200,True,0.3489,NEUTRO,-6.9200,-8.3100,99.1300,100.6300,100.7700,76.2900,-8.4300,20.9400,1.0480,False,False,87.3300,2.0000,92.8000,False,-5.3600,BULL_ENGULF|DOJI,6.2000,8.5000,7.0000,5.0000,4.0000,5.0000,7.5000,False,False,False,False,True,False,4.7900,7.1800,1.5000,SIDI_INTRADAY_V2,1.8025,4.0000,-0.0293,1.0312,295.0000,XLF,True,26.4869,19.4122,4.2591,9.0458,17.9970,0.1652,0.0585,0.3504,1.0000,0.1490,0.1410,77.6870,1.0060,1691500032.0000,1967000064.0000,0.8599,50783092736,0.9980,2.6700,1.2600,558977372,5.0300,5.0000,5.5300,4.4900,0.0333,OK,0,5.5000,False,False,False,False,False,False,DD12|RSI40|VOLUME|FUND65|SPY20|ABNORMAL20,False,7-15d,XLF,,JPM|BAC|WFC,interest_rates|yield_curve|credit_spreads|loan_growth,POST_ANALYSIS_ACTUAL_FILL,LIVE_QUOTE_AT_ANALYSIS,True,1.0000,1.5000,1.0000,-5.0000,7,1.5000,3,SELL_50_PCT_AT_TP1_REST_AT_TP2,MOVE_REMAINDER_TO_BREAK_EVEN,EXIT_AT_OPEN_IF_OPEN_BELOW_SL,SL_FIRST,10,PENDING_ANALYSIS,2.2093,2.2093,3.3139,94.4793,95.5840,87.6565,Indicative levels use the signal close only. Final SL/TP1/TP2 and sizing must be recalculated from the actual post-analysis broker fill.,15,2026-10-22,False,2026-07-23,1.0700,0.9800,8.8000,ALCISTA FUERTE,10,779.0900,8.4900,73.6000,15.0100,SIDI_INTRADAY_V2: Fund≥6.5 · DD60≥12% · RSI<40 · MACD↑ · Vol↓ · SPY20≤+1% · Abnormal20≤-10%,SIDI_INTRADAY_V2,False
COR,Cencora,Health Care,Health Care Distributors,2001-08-30,316.3700,314.6300,316.4400,311.8300,316.3700,2026-10-06,2026-10-07,48.1900,34.0500,UP,0.2376,-0.3590,-1.5463,True,0.5945,8.3550,1.0530,2.6410,317.7400,316.9200,313.3100,-0.4300,-0.1700,True,-1.1265,BAJISTA,-6.1800,-6.6000,337.2200,338.7100,375.3300,243.7800,-15.7100,29.7700,0.6420,False,False,299.0600,4.0000,311.5700,False,-5.4700,HAMMER|DOJI,6.2000,6.5000,7.0000,5.0000,7.0000,5.0000,7.0000,False,False,False,False,True,False,5.2800,7.9200,1.5000,SIDI_INTRADAY_V2,1.8025,-1.4471,-0.5233,0.7237,295.0000,XLV,True,23.8408,16.1967,20.0860,0.1842,13.0190,0.9687,0.0356,0.0079,0.0396,0.0510,0.1190,446.5160,0.9350,2043314048.0000,2624793088.0000,0.7785,61281284096,0.5810,3.8200,0.7600,190827165,5.0200,3.2500,6.7900,5.0400,0.0333,D/E:447,1,5.4900,False,False,False,False,False,False,DD12|RSI40|VOLUME|FUND65|SPY20|ABNORMAL20,False,3-7d,XLV,,UNH|JNJ|LLY,fda_calendar|drug_pricing_policy|patent_cliffs,POST_ANALYSIS_ACTUAL_FILL,LIVE_QUOTE_AT_ANALYSIS,True,1.0000,1.5000,1.0000,-5.0000,7,1.5000,3,SELL_50_PCT_AT_TP1_REST_AT_TP2,MOVE_REMAINDER_TO_BREAK_EVEN,EXIT_AT_OPEN_IF_OPEN_BELOW_SL,SL_FIRST,10,PENDING_ANALYSIS,8.3550,8.3550,12.5325,324.7250,328.9025,300.5515,Indicative levels use the signal close only. Final SL/TP1/TP2 and sizing must be recalculated from the actual post-analysis broker fill.,28,2026-11-04,False,2026-08-05,4.4800,4.3500,3.0000,ALCISTA FUERTE,10,779.0900,8.4900,73.6000,15.0100,SIDI_INTRADAY_V2: Fund≥6.5 · DD60≥12% · RSI<40 · MACD↑ · Vol↓ · SPY20≤+1% · Abnormal20≤-10%,SIDI_INTRADAY_V2,False
HAL,Halliburton,Energy,Oil & Gas Equipment & Services,1957-03-04,32.7200,32.5000,32.8100,31.9600,32.7200,2026-10-06,2026-10-07,30.7500,11.3400,UP,-0.0996,-0.1806,-0.3421,True,0.3663,0.7700,0.7530,2.3530,33.9000,35.2100,33.2500,-3.4700,-7.0800,False,1.9586,BAJISTA,-13.0500,-14.0300,37.6300,38.0600,43.2000,21.0300,-24.2700,55.5600,0.6620,True,True,32.6600,2.0000,35.9700,True,-0.1900,HAMMER,7.2500,5.5000,8.5000,7.5000,8.0000,7.0000,7.0000,True,True,True,True,True,True,4.7100,7.0600,1.5000,SIDI_INTRADAY_V2,1.8025,-9.0040,0.5216,1.1359,295.0000,XLE,True,16.6079,10.8783,2.3903,1.1783,8.0820,0.1492,0.0726,0.0716,0.1508,0.0370,0.1610,74.1860,2.0180,2052249984.0000,1602000000.0000,1.2811,26360977408,0.8390,3.2300,2.0800,835397735,4.3000,0.6000,5.6500,7.0400,0.0779,OK,0,5.4800,False,False,False,True,False,False,FUND65|SPY20|ABNORMAL20,False,3-7d,XLE,,XOM|CVX|COP,oil_price|gas_price|opec_supply|inventories,POST_ANALYSIS_ACTUAL_FILL,LIVE_QUOTE_AT_ANALYSIS,True,1.0000,1.5000,1.0000,-5.0000,7,1.5000,3,SELL_50_PCT_AT_TP1_REST_AT_TP2,MOVE_REMAINDER_TO_BREAK_EVEN,EXIT_AT_OPEN_IF_OPEN_BELOW_SL,SL_FIRST,10,PENDING_ANALYSIS,0.7700,0.7700,1.1550,33.4900,33.8750,31.0840,Indicative levels use the signal close only. Final SL/TP1/TP2 and sizing must be recalculated from the actual post-analysis broker fill.,13,2026-10-20,False,2026-07-21,0.5500,0.5400,2.3000,ALCISTA FUERTE,10,779.0900,8.4900,73.6000,15.0100,SIDI_INTRADAY_V2: Fund≥6.5 · DD60≥12% · RSI<40 · MACD↑ · Vol↓ · SPY20≤+1% · Abnormal20≤-10%,SIDI_INTRADAY_V2,False
L,Loews Corporation,Financials,Multi-line Insurance,1995-05-31,106.4600,105.8300,107.1100,104.8800,106.4600,2026-10-06,2026-10-07,37.5900,29.3900,UP,0.1852,0.0863,-0.0926,True,0.4511,1.5457,0.8200,1.4520,110.2800,108.9000,106.7600,-3.4600,-2.2400,True,0.1622,BAJISTA,-10.7900,-11.9700,119.3300,120.9400,120.9400,97.1600,-11.9700,9.5800,0.5460,False,False,106.9700,2.0000,110.4300,True,0.4700,HAMMER,6.7500,7.0000,8.5000,5.0000,8.0000,5.0000,7.0000,False,False,False,True,True,False,2.9000,4.3600,1.5000,SIDI_INTRADAY_V2,1.8025,4.8435,-0.4280,0.8276,295.0000,XLF,True,13.0368,36.6828,1.1375,1.1633,7.7910,0.0931,0.0191,0.0902,0.3629,0.0390,0.1560,44.6090,0.5070,1262000000.0000,1687000064.0000,0.7481,21747019776,0.5030,6.4200,0.2300,204427720,4.6300,2.3800,4.3400,7.5700,0.0580,FCF/NI:0.75,1,5.4800,False,False,False,False,False,False,DD12|VOLUME|FUND65|SPY20|ABNORMAL20,False,3-7d,XLF,,JPM|BAC|WFC,interest_rates|yield_curve|credit_spreads|loan_growth,POST_ANALYSIS_ACTUAL_FILL,LIVE_QUOTE_AT_ANALYSIS,True,1.0000,1.5000,1.0000,-5.0000,7,1.5000,3,SELL_50_PCT_AT_TP1_REST_AT_TP2,MOVE_REMAINDER_TO_BREAK_EVEN,EXIT_AT_OPEN_IF_OPEN_BELOW_SL,SL_FIRST,10,PENDING_ANALYSIS,1.5457,1.5457,2.3186,108.0057,108.7785,101.1370,Indicative levels use the signal close only. Final SL/TP1/TP2 and sizing must be recalculated from the actual post-analysis broker fill.,26,2026-11-02,False,2020-02-10,1.1100,0.7300,52.5000,ALCISTA FUERTE,10,779.0900,8.4900,73.6000,15.0100,SIDI_INTRADAY_V2: Fund≥6.5 · DD60≥12% · RSI<40 · MACD↑ · Vol↓ · SPY20≤+1% · Abnormal20≤-10%,SIDI_INTRADAY_V2,False
CCL,Carnival Corporation,Consumer Discretionary,"Hotels, Resorts & Cruise Lines",1998-12-22,26.5800,25.9400,26.7100,25.8200,26.5800,2026-10-06,2026-10-07,76.2700,68.7400,UP,0.6135,0.5678,0.4855,True,1.0401,0.9721,1.1140,3.6570,25.2200,27.2300,24.1000,5.3900,-2.3800,False,-0.9956,BAJISTA,-9.9500,-11.5800,29.5200,30.0600,33.4900,21.4500,-20.6400,23.9200,0.8780,False,False,26.8600,1.0000,27.7300,True,1.0500,HAMMER,6.3500,6.5000,7.0000,5.0000,8.0000,5.0000,7.0000,False,False,False,False,True,False,7.3100,10.9700,1.5000,SIDI_INTRADAY_V2,1.8025,17.8638,0.8204,1.2709,295.0000,XLY,True,11.4736,10.1699,2.4819,1.2692,8.1870,0.2400,0.0539,0.1137,0.5538,0.0350,0.0500,177.1100,0.2740,1807624960.0000,3136999936.0000,0.5762,35020374016,2.3810,2.5100,1.6900,1344610129,4.8800,3.2400,3.9300,7.9100,0.0516,FCF/NI:0.58|D/E:177,2,5.4700,False,False,False,False,False,False,DD12|RSI40|VOLUME|FUND65|SPY20|ABNORMAL20,False,3-7d,XLY,,AMZN|TSLA|HD,consumer_spending|employment_data|interest_rates,POST_ANALYSIS_ACTUAL_FILL,LIVE_QUOTE_AT_ANALYSIS,True,1.0000,1.5000,1.0000,-5.0000,7,1.5000,3,SELL_50_PCT_AT_TP1_REST_AT_TP2,MOVE_REMAINDER_TO_BREAK_EVEN,EXIT_AT_OPEN_IF_OPEN_BELOW_SL,SL_FIRST,10,PENDING_ANALYSIS,0.9721,0.9721,1.4581,27.5521,28.0381,25.2510,Indicative levels use the signal close only. Final SL/TP1/TP2 and sizing must be recalculated from the actual post-analysis broker fill.,72,2026-12-18,False,2026-09-29,1.4300,1.3500,5.9000,ALCISTA FUERTE,10,779.0900,8.4900,73.6000,15.0100,SIDI_INTRADAY_V2: Fund≥6.5 · DD60≥12% · RSI<40 · MACD↑ · Vol↓ · SPY20≤+1% · Abnormal20≤-10%,SIDI_INTRADAY_V2,False
CHD,Church & Dwight,Consumer Staples,Household Products,2015-12-29,96.5400,96.1300,97.4200,95.9800,96.5400,2026-10-06,2026-10-07,55.9400,48.5600,UP,0.2116,0.0919,-0.0007,True,0.9472,1.4350,0.6830,1.4860,98.2800,95.6600,95.8300,-1.7700,0.9200,True,1.2668,NEUTRO,-6.5700,-7.1700,103.3200,103.9900,105.3700,80.2900,-8.3800,20.2400,0.7450,False,False,96.6600,2.0000,99.9100,True,0.1200,HAMMER|DOJI,6.9000,8.5000,7.0000,5.0000,7.0000,7.0000,7.0000,False,False,False,False,True,False,2.9700,4.4600,1.5000,SIDI_INTRADAY_V2,1.8025,2.0934,0.0913,1.0186,295.0000,XLP,True,31.1779,24.1030,5.3054,3.7042,18.5070,0.1704,0.0787,0.1196,0.4556,0.0160,0.0900,55.8510,1.1470,939262528.0000,744800000.0000,1.2611,23074011136,0.4820,5.8900,1.2700,237203907,4.5200,2.2100,6.0900,5.3900,0.0407,OK,0,5.4700,False,False,False,False,False,False,DD12|RSI40|VOLUME|FUND65|SPY20|ABNORMAL20,False,7-15d,XLP,,PG|KO|PEP,inflation|input_costs|fx_rates,POST_ANALYSIS_ACTUAL_FILL,LIVE_QUOTE_AT_ANALYSIS,True,1.0000,1.5000,1.0000,-5.0000,7,1.5000,3,SELL_50_PCT_AT_TP1_REST_AT_TP2,MOVE_REMAINDER_TO_BREAK_EVEN,EXIT_AT_OPEN_IF_OPEN_BELOW_SL,SL_FIRST,10,PENDING_ANALYSIS,1.4350,1.4350,2.1525,97.9750,98.6925,91.7130,Indicative levels use the signal close only. Final SL/TP1/TP2 and sizing must be recalculated from the actual post-analysis broker fill.,23,2026-10-30,False,2026-07-31,0.8900,0.9000,-95.0000,ALCISTA FUERTE,10,779.0900,8.4900,73.6000,15.0100,SIDI_INTRADAY_V2: Fund≥6.5 · DD60≥12% · RSI<40 · MACD↑ · Vol↓ · SPY20≤+1% · Abnormal20≤-10%,SIDI_INTRADAY_V2,False
DHI,D. R. Horton,Consumer Discretionary,Homebuilding,2005-06-22,136.7500,132.2100,137.6400,132.2100,136.7500,2026-10-06,2026-10-07,47.2400,50.8500,DOWN,-0.2310,-0.3673,0.0085,True,0.3132,3.9057,0.9120,2.8560,143.6000,147.7100,138.9700,-4.7700,-7.4200,False,-0.9115,BAJISTA,-11.1800,-12.7700,153.9600,156.7600,173.9600,130.9600,-21.3900,4.4200,1.5110,False,False,138.4200,1.0000,152.7100,True,1.2200,BULL_ENGULF,6.3000,5.0000,6.0000,7.0000,8.0000,5.0000,7.5000,False,False,False,False,True,False,5.7100,8.5700,1.5000,SIDI_INTRADAY_V2,1.8025,0.6839,0.1593,0.8715,295.0000,XLY,True,12.6301,11.4695,1.5615,1.1112,10.6470,0.1263,0.0688,0.0915,0.2130,0.0000,-0.0480,29.4510,6.0110,2413900032.0000,3052900096.0000,0.7907,37057626112,1.3510,4.9300,1.3200,279701267,4.9100,0.0000,6.7100,8.5300,0.0651,OK,0,5.4700,False,False,False,False,False,False,DD12|RSI40|VOLUME|FUND65|SPY20|ABNORMAL20,False,3-7d,XLY,,AMZN|TSLA|HD,consumer_spending|employment_data|interest_rates,POST_ANALYSIS_ACTUAL_FILL,LIVE_QUOTE_AT_ANALYSIS,True,1.0000,1.5000,1.0000,-5.0000,7,1.5000,3,SELL_50_PCT_AT_TP1_REST_AT_TP2,MOVE_REMAINDER_TO_BREAK_EVEN,EXIT_AT_OPEN_IF_OPEN_BELOW_SL,SL_FIRST,10,PENDING_ANALYSIS,3.9057,3.9057,5.8586,140.6557,142.6086,129.9125,Indicative levels use the signal close only. Final SL/TP1/TP2 and sizing must be recalculated from the actual post-analysis broker fill.,22,2026-10-29,False,2026-07-21,3.2000,2.9900,7.1000,ALCISTA FUERTE,10,779.0900,8.4900,73.6000,15.0100,SIDI_INTRADAY_V2: Fund≥6.5 · DD60≥12% · RSI<40 · MACD↑ · Vol↓ · SPY20≤+1% · Abnormal20≤-10%,SIDI_INTRADAY_V2,False
EG,Everest Group,Financials,Reinsurance,2017-06-19,366.8400,365.9700,371.8900,364.4600,366.8400,2026-10-06,2026-10-07,30.9400,51.4200,DOWN,-0.8001,-0.8691,-1.0101,True,0.2361,6.7050,0.8670,1.8280,371.9900,345.2200,370.4300,-1.3800,6.2600,True,1.8139,NEUTRO,-7.4900,-8.0400,396.5400,398.9000,398.9000,297.1600,-8.0400,23.4500,0.6740,False,False,340.0800,1.0000,377.1700,False,-7.3000,HAMMER|DOJI,6.4700,8.5000,7.5000,5.0000,4.0000,6.5000,7.0000,False,False,False,True,True,False,3.6600,5.4800,1.5000,SIDI_INTRADAY_V2,1.8025,4.5207,-0.5642,0.9263,295.0000,XLF,True,7.7382,6.1252,0.9176,0.8338,,0.1257,0.0249,0.1138,0.1528,-0.1130,-0.1150,23.2600,0.3880,2064625024.0000,1890000000.0000,1.0924,14028072960,0.2590,6.2200,2.1800,38342734,4.8000,0.0000,6.2600,8.7000,0.1472,RevG:-11.3%,1,5.4700,False,False,False,False,False,False,DD12|VOLUME|FUND65|SPY20|ABNORMAL20,False,7-15d,XLF,,JPM|BAC|WFC,interest_rates|yield_curve|credit_spreads|loan_growth,POST_ANALYSIS_ACTUAL_FILL,LIVE_QUOTE_AT_ANALYSIS,True,1.0000,1.5000,1.0000,-5.0000,7,1.5000,3,SELL_50_PCT_AT_TP1_REST_AT_TP2,MOVE_REMAINDER_TO_BREAK_EVEN,EXIT_AT_OPEN_IF_OPEN_BELOW_SL,SL_FIRST,10,PENDING_ANALYSIS,6.7050,6.7050,10.0575,373.5450,376.8975,348.4980,Indicative levels use the signal close only. Final SL/TP1/TP2 and sizing must be recalculated from the actual post-analysis broker fill.,21,2026-10-28,False,2026-07-29,14.8500,14.5300,2.2000,ALCISTA FUERTE,10,779.0900,8.4900,73.6000,15.0100,SIDI_INTRADAY_V2: Fund≥6.5 · DD60≥12% · RSI<40 · MACD↑ · Vol↓ · SPY20≤+1% · Abnormal20≤-10%,SIDI_INTRADAY_V2,False
AXON,Axon Enterprise,Industrials,Aerospace & Defense,2023-05-04,418.6200,416.9200,424.2400,412.9600,418.6200,2026-10-06,2026-10-07,23.0600,29.1500,DOWN,0.4266,-0.6296,-1.4465,True,0.2320,15.9986,0.5220,3.8220,525.8400,495.5900,451.3000,-20.3900,-15.5300,True,-1.9447,BAJISTA,-35.1700,-35.7600,645.7200,651.6100,764.0200,339.0100,-45.2100,23.4800,1.3200,False,False,402.0000,1.0000,414.5000,True,-3.9700,HAMMER|DOJI|HAMMER,7.4300,6.5000,8.5000,7.0000,7.0000,8.5000,7.0000,False,False,True,True,True,False,7.6400,11.4700,1.5000,SIDI_INTRADAY_V2,1.8025,-19.9428,2.0721,-0.4294,295.0000,XLI,True,169.5560,38.7552,9.0339,10.3122,212.9890,0.0622,0.0051,0.0619,0.5952,0.3530,-0.1820,50.3630,2.1490,222160000.0000,199298000.0000,1.1147,33196046336,1.4390,4.3300,0.0000,81237415,4.1500,5.0000,5.2000,1.9400,0.0067,OK,0,5.4600,False,False,True,False,False,False,VOLUME|FUND65|SPY20,False,5-10d,XLI,,CAT|UNP|HON,pmi_manufacturing|supply_chain|capex_cycle,POST_ANALYSIS_ACTUAL_FILL,LIVE_QUOTE_AT_ANALYSIS,True,1.0000,1.5000,1.0000,-5.0000,7,1.5000,3,SELL_50_PCT_AT_TP1_REST_AT_TP2,MOVE_REMAINDER_TO_BREAK_EVEN,EXIT_AT_OPEN_IF_OPEN_BELOW_SL,SL_FIRST,10,PENDING_ANALYSIS,15.9986,15.9986,23.9979,434.6186,442.6179,397.6890,Indicative levels use the signal close only. Final SL/TP1/TP2 and sizing must be recalculated from the actual post-analysis broker fill.,27,2026-11-03,False,2026-08-05,1.8800,1.8400,2.0000,ALCISTA FUERTE,10,779.0900,8.4900,73.6000,15.0100,SIDI_INTRADAY_V2: Fund≥6.5 · DD60≥12% · RSI<40 · MACD↑ · Vol↓ · SPY20≤+1% · Abnormal20≤-10%,SIDI_INTRADAY_V2,False
GPC,Genuine Parts Company,Consumer Discretionary,Distributors,1973-12-31,127.3800,126.9500,128.9100,126.9200,127.3800,2026-10-06,2026-10-07,41.4500,25.6000,UP,-0.3416,-0.5002,-0.7468,True,0.3316,2.8514,0.7810,2.2390,131.4500,118.0700,128.9000,-3.1000,7.8900,True,0.3574,NEUTRO,-7.9700,-8.2300,138.4100,138.8100,147.4300,89.1100,-13.6000,42.9500,0.7950,True,True,127.1400,3.0000,135.2500,True,-0.1800,NONE,7.5000,8.5000,7.0000,7.5000,9.0000,7.0000,5.0000,False,False,False,False,True,True,4.4800,6.7200,1.5000,SIDI_INTRADAY_V2,1.8025,-8.5323,-0.4772,0.8940,295.0000,XLY,True,499.1600,15.0097,3.8010,0.6862,11.5330,0.0071,0.0448,0.0013,0.3756,0.0600,-0.0980,146.4150,1.1590,917241984.0000,32766000.0000,27.9937,17203519488,0.6770,7.5500,3.3400,137859758,4.1000,2.6600,4.0600,5.8200,0.0533,D/E:146,1,5.4600,False,False,False,False,False,False,DD12|RSI40|FUND65|SPY20|ABNORMAL20,False,7-15d,XLY,,AMZN|TSLA|HD,consumer_spending|employment_data|interest_rates,POST_ANALYSIS_ACTUAL_FILL,LIVE_QUOTE_AT_ANALYSIS,True,1.0000,1.5000,1.0000,-5.0000,7,1.5000,3,SELL_50_PCT_AT_TP1_REST_AT_TP2,MOVE_REMAINDER_TO_BREAK_EVEN,EXIT_AT_OPEN_IF_OPEN_BELOW_SL,SL_FIRST,10,PENDING_ANALYSIS,2.8514,2.8514,4.2771,130.2314,131.6571,121.0110,Indicative levels use the signal close only. Final SL/TP1/TP2 and sizing must be recalculated from the actual post-analysis broker fill.,13,2026-10-20,False,2026-07-21,2.1500,2.0800,3.5000,ALCISTA FUERTE,10,779.0900,8.4900,73.6000,15.0100,SIDI_INTRADAY_V2: Fund≥6.5 · DD60≥12% · RSI<40 · MACD↑ · Vol↓ · SPY20≤+1% · Abnormal20≤-10%,SIDI_INTRADAY_V2,False
MSI,Motorola Solutions,Information Technology,Communications Equipment,1957-03-04,456.2800,455.9600,459.1500,453.1800,456.2800,2026-10-06,2026-10-07,45.0500,39.1100,UP,-0.7152,-1.3702,-2.4316,True,0.4614,7.3229,0.6960,1.6050,461.7900,429.7000,456.7300,-1.1900,6.1800,True,2.1666,NEUTRO,-6.8800,-7.5600,489.9700,493.5700,493.5700,356.4200,-7.5600,28.0200,1.2950,True,True,457.3700,1.0000,477.6000,True,0.2400,HAMMER|DOJI,7.4000,8.5000,7.0000,7.5000,7.0000,7.0000,7.0000,False,False,False,False,True,True,3.2100,4.8100,1.5000,SIDI_INTRADAY_V2,1.8025,0.2729,1.1954,-0.5393,295.0000,XLK,True,35.6543,23.3039,28.0465,6.1238,22.4680,0.9157,0.1125,0.1744,0.5211,0.1330,0.0950,357.8500,1.0990,1979000064.0000,2134000000.0000,0.9274,74937245696,0.8860,3.1600,1.0600,165493788,4.1700,1.2800,6.8200,4.4400,0.0264,D/E:358,1,5.4600,False,False,False,False,False,False,DD12|RSI40|FUND65|SPY20|ABNORMAL20,False,7-15d,XLK,,AAPL|MSFT|NVDA,interest_rates|ai_capex_cycle|semiconductor_cycle,POST_ANALYSIS_ACTUAL_FILL,LIVE_QUOTE_AT_ANALYSIS,True,1.0000,1.5000,1.0000,-5.0000,7,1.5000,3,SELL_50_PCT_AT_TP1_REST_AT_TP2,MOVE_REMAINDER_TO_BREAK_EVEN,EXIT_AT_OPEN_IF_OPEN_BELOW_SL,SL_FIRST,10,PENDING_ANALYSIS,7.3229,7.3229,10.9843,463.6029,467.2643,433.4660,Indicative levels use the signal close only. Final SL/TP1/TP2 and sizing must be recalculated from the actual post-analysis broker fill.,29,2026-11-05,False,2026-08-05,4.4100,3.8500,14.4000,ALCISTA FUERTE,10,779.0900,8.4900,73.6000,15.0100,SIDI_INTRADAY_V2: Fund≥6.5 · DD60≥12% · RSI<40 · MACD↑ · Vol↓ · SPY20≤+1% · Abnormal20≤-10%,SIDI_INTRADAY_V2,False
PHM,PulteGroup,Consumer Discretionary,Homebuilding,1984-04-30,116.1000,113.9700,116.4900,113.9700,116.1000,2026-10-06,2026-10-07,46.7400,49.6300,DOWN,-0.0757,-0.1560,0.0406,True,0.2517,2.9643,0.8200,2.5530,124.2200,124.1000,118.5800,-6.5300,-6.4500,True,-0.4477,BAJISTA,-13.6500,-14.5800,134.4600,135.9200,143.5700,108.0200,-19.1400,7.4800,0.8410,False,False,114.5100,3.0000,132.1500,True,-1.3700,BULL_ENGULF,6.7200,6.5000,6.0000,5.0000,10.0000,6.5000,7.5000,False,False,True,False,True,False,5.1100,7.6600,1.5000,SIDI_INTRADAY_V2,1.8025,-1.1443,-0.0746,0.9935,295.0000,XLY,True,11.3796,10.1654,1.6082,1.2947,8.3180,0.1490,0.0921,0.1162,0.2556,-0.0960,-0.1820,19.0650,7.2720,1078512896.0000,1906445952.0000,0.5657,21243037696,1.1640,6.7300,0.9000,190486353,4.6200,0.0000,6.0600,8.3500,0.0508,FCF/NI:0.57,1,5.4600,False,False,False,False,False,False,RSI40|VOLUME|FUND65|SPY20|ABNORMAL20,False,3-7d,XLY,,AMZN|TSLA|HD,consumer_spending|employment_data|interest_rates,POST_ANALYSIS_ACTUAL_FILL,LIVE_QUOTE_AT_ANALYSIS,True,1.0000,1.5000,1.0000,-5.0000,7,1.5000,3,SELL_50_PCT_AT_TP1_REST_AT_TP2,MOVE_REMAINDER_TO_BREAK_EVEN,EXIT_AT_OPEN_IF_OPEN_BELOW_SL,SL_FIRST,10,PENDING_ANALYSIS,2.9643,2.9643,4.4465,119.0643,120.5464,110.2950,Indicative levels use the signal close only. Final SL/TP1/TP2 and sizing must be recalculated from the actual post-analysis broker fill.,15,2026-10-22,False,2026-07-22,2.4800,2.3600,5.3000,ALCISTA FUERTE,10,779.0900,8.4900,73.6000,15.0100,SIDI_INTRADAY_V2: Fund≥6.5 · DD60≥12% · RSI<40 · MACD↑ · Vol↓ · SPY20≤+1% · Abnormal20≤-10%,SIDI_INTRADAY_V2,False
EVRG,Evergy,Utilities,Electric Utilities,2018-06-05,80.3500,79.4900,80.4000,79.2100,80.3500,2026-10-06,2026-10-07,49.7300,32.1900,UP,0.1982,0.0820,-0.0469,True,0.6596,1.1186,0.8130,1.3920,81.1900,80.0800,79.6000,-1.0400,0.3400,True,0.8455,NEUTRO,-7.0600,-8.0600,86.4600,87.3900,87.8900,69.6400,-8.5700,15.3700,0.8120,False,False,77.1100,1.0000,87.6400,False,-4.0300,HAMMER|DOJI,6.1500,8.5000,7.0000,5.0000,4.0000,5.0000,7.0000,False,False,False,False,True,False,2.7800,4.1800,1.5000,SIDI_INTRADAY_V2,1.8025,0.5295,-0.0883,0.8810,295.0000,XLU,True,20.4847,17.6351,1.8156,3.0460,12.3420,0.0925,0.0291,0.1519,0.5270,0.0440,0.2300,160.5540,0.3590,-1443362560.0000,925800000.0000,-1.5590,18561808384,0.4820,9.6400,3.4600,230567172,4.9900,7.5000,4.1600,3.0400,-0.0778,FCF/NI:-1.56|D/E:161,2,5.4500,False,False,False,False,False,False,DD12|RSI40|VOLUME|FUND65|SPY20|ABNORMAL20,False,7-15d,XLU,,NEE|DUK|SO,interest_rates|regulatory_environment,POST_ANALYSIS_ACTUAL_FILL,LIVE_QUOTE_AT_ANALYSIS,True,1.0000,1.5000,1.0000,-5.0000,7,1.5000,3,SELL_50_PCT_AT_TP1_REST_AT_TP2,MOVE_REMAINDER_TO_BREAK_EVEN,EXIT_AT_OPEN_IF_OPEN_BELOW_SL,SL_FIRST,10,PENDING_ANALYSIS,1.1186,1.1186,1.6779,81.4686,82.0279,76.3325,Indicative levels use the signal close only. Final SL/TP1/TP2 and sizing must be recalculated from the actual post-analysis broker fill.,29,2026-11-05,False,2026-08-06,0.8800,0.8000,9.8000,ALCISTA FUERTE,10,779.0900,8.4900,73.6000,15.0100,SIDI_INTRADAY_V2: Fund≥6.5 · DD60≥12% · RSI<40 · MACD↑ · Vol↓ · SPY20≤+1% · Abnormal20≤-10%,SIDI_INTRADAY_V2,False
MTB,M&T Bank,Financials,Regional Banks,2004-02-23,218.7400,219.2100,220.6100,218.0900,218.7400,2026-10-06,2026-10-07,31.5200,17.7900,UP,-0.0920,-0.3218,-0.8431,True,0.2948,3.5814,0.8120,1.6370,236.6300,221.6100,224.3400,-7.5600,-1.3000,True,1.5895,BAJISTA,-13.3600,-13.9900,252.4600,254.3100,254.3100,169.8900,-13.9900,28.7500,0.7560,False,False,209.1200,2.0000,216.5500,False,-4.4000,NONE,6.3300,7.0000,8.5000,5.0000,5.0000,6.5000,5.0000,False,False,True,True,True,False,3.2700,4.9100,1.5000,SIDI_INTRADAY_V2,1.8025,-3.9054,0.0067,0.9687,295.0000,XLF,True,11.4170,10.2744,1.2271,3.3126,,0.1074,0.0141,0.3209,0.0000,0.0620,0.2550,,,,2873999872.0000,,31306975232,0.6150,5.1400,2.7400,144933000,4.8400,4.4900,4.4700,5.6900,,OK,0,5.4400,False,False,False,False,False,False,VOLUME|FUND65|SPY20|ABNORMAL20,False,3-7d,XLF,,JPM|BAC|WFC,interest_rates|yield_curve|credit_spreads|loan_growth,POST_ANALYSIS_ACTUAL_FILL,LIVE_QUOTE_AT_ANALYSIS,True,1.0000,1.5000,1.0000,-5.0000,7,1.5000,3,SELL_50_PCT_AT_TP1_REST_AT_TP2,MOVE_REMAINDER_TO_BREAK_EVEN,EXIT_AT_OPEN_IF_OPEN_BELOW_SL,SL_FIRST,10,PENDING_ANALYSIS,3.5814,3.5814,5.3721,222.3214,224.1121,207.8030,Indicative levels use the signal close only. Final SL/TP1/TP2 and sizing must be recalculated from the actual post-analysis broker fill.,9,2026-10-16,False,2026-07-15,5.3200,4.6600,14.1000,ALCISTA FUERTE,10,779.0900,8.4900,73.6000,15.0100,SIDI_INTRADAY_V2: Fund≥6.5 · DD60≥12% · RSI<40 · MACD↑ · Vol↓ · SPY20≤+1% · Abnormal20≤-10%,SIDI_INTRADAY_V2,False
CEG,Constellation Energy,Utilities,Electric Utilities,2022-02-02,300.4000,291.1100,309.8000,291.0000,300.4000,2026-10-06,2026-10-07,72.4000,27.7200,UP,2.4739,-0.1811,-1.1665,True,1.1340,12.8707,1.3300,4.2850,271.8200,286.3800,268.8200,10.5100,4.9000,False,-3.0151,ALCISTA,0.0000,-3.0300,300.4000,309.8000,410.4100,228.2800,-26.8000,31.5900,3.7680,False,False,266.1400,3.0000,307.8900,False,-11.4100,NONE,6.5500,8.0000,7.0000,7.0000,6.0000,5.0000,5.0000,False,False,False,False,True,False,8.5700,12.8500,1.5000,SIDI_INTRADAY_V2,1.8025,6.3899,0.7809,1.3347,295.0000,XLU,True,28.3988,21.8105,3.2280,3.2918,16.4460,0.1506,0.0389,0.1108,0.2211,0.2300,-0.4680,76.4190,1.4550,-6625124864.0000,3464999936.0000,-1.9120,102933381120,1.1290,4.5700,0.5700,354307379,4.6800,5.0000,6.2500,2.4700,-0.0644,FCF/NI:-1.91,1,5.4300,False,False,False,False,False,False,DD12|RSI40|VOLUME|FUND65|SPY20|ABNORMAL20,False,10-18d,XLU,,NEE|DUK|SO,interest_rates|regulatory_environment,POST_ANALYSIS_ACTUAL_FILL,LIVE_QUOTE_AT_ANALYSIS,True,1.0000,1.5000,1.0000,-5.0000,7,1.5000,3,SELL_50_PCT_AT_TP1_REST_AT_TP2,MOVE_REMAINDER_TO_BREAK_EVEN,EXIT_AT_OPEN_IF_OPEN_BELOW_SL,SL_FIRST,10,PENDING_ANALYSIS,12.8707,12.8707,19.3060,313.2707,319.7061,285.3800,Indicative levels use the signal close only. Final SL/TP1/TP2 and sizing must be recalculated from the actual post-analysis broker fill.,33,2026-11-09,False,2026-08-06,2.5500,2.2800,11.7000,ALCISTA FUERTE,10,779.0900,8.4900,73.6000,15.0100,SIDI_INTRADAY_V2: Fund≥6.5 · DD60≥12% · RSI<40 · MACD↑ · Vol↓ · SPY20≤+1% · Abnormal20≤-10%,SIDI_INTRADAY_V2,False
VRSK,Verisk Analytics,Industrials,Research & Consulting Services,2015-10-08,165.2000,163.0400,165.9700,162.6600,165.2000,2026-10-06,2026-10-07,18.6400,34.9000,DOWN,-0.4682,-0.6669,-0.6030,True,0.2199,4.4014,0.6550,2.6640,182.1900,188.5500,171.7400,-9.3300,-12.3800,False,-2.4041,BAJISTA,-22.2900,-26.7300,212.5800,225.4800,246.7800,155.1000,-33.0600,6.5100,0.7030,True,True,167.7300,1.0000,177.5200,True,1.5300,HAMMER|BULL_ENGULF,7.4700,5.0000,8.5000,7.5000,7.0000,8.5000,9.5000,True,True,True,True,True,True,5.3300,7.9900,1.5000,SIDI_INTRADAY_V2,1.8025,-5.0124,0.0840,-0.6738,295.0000,XLI,True,25.8533,19.3490,-18.8831,7.0318,16.8670,,0.1896,0.2824,0.7018,0.0440,-0.0340,,1.0050,1055550016.0000,885500032.0000,1.1920,22051629056,0.6920,4.1800,1.2100,131021840,4.0700,0.9000,5.6900,5.8700,0.0479,OK,0,5.4300,False,False,False,True,False,False,FUND65|SPY20|ABNORMAL20,False,5-10d,XLI,,CAT|UNP|HON,pmi_manufacturing|supply_chain|capex_cycle,POST_ANALYSIS_ACTUAL_FILL,LIVE_QUOTE_AT_ANALYSIS,True,1.0000,1.5000,1.0000,-5.0000,7,1.5000,3,SELL_50_PCT_AT_TP1_REST_AT_TP2,MOVE_REMAINDER_TO_BREAK_EVEN,EXIT_AT_OPEN_IF_OPEN_BELOW_SL,SL_FIRST,10,PENDING_ANALYSIS,4.4014,4.4014,6.6021,169.6014,171.8021,156.9400,Indicative levels use the signal close only. Final SL/TP1/TP2 and sizing must be recalculated from the actual post-analysis broker fill.,29,2026-11-05,False,2026-07-29,1.9800,1.9300,2.4000,ALCISTA FUERTE,10,779.0900,8.4900,73.6000,15.0100,SIDI_INTRADAY_V2: Fund≥6.5 · DD60≥12% · RSI<40 · MACD↑ · Vol↓ · SPY20≤+1% · Abnormal20≤-10%,SIDI_INTRADAY_V2,False
ALGN,Align Technology,Health Care,Health Care Supplies,2017-06-19,141.4500,141.9600,143.6400,141.1400,141.4500,2026-10-06,2026-10-07,34.1500,37.4500,DOWN,-0.0025,0.0122,0.1937,False,0.0949,4.1586,0.6930,2.9400,159.1100,170.1000,147.9000,-11.1000,-16.8500,False,-0.3209,BAJISTA,-21.9800,-24.7400,181.3100,187.9600,200.4400,124.9100,-29.4300,13.2400,1.0720,False,False,,0.0000,154.1000,False,,HAMMER,6.1000,5.0000,6.5000,5.0000,4.0000,10.0000,7.0000,False,False,True,True,False,False,5.8800,8.8200,1.5000,SIDI_INTRADAY_V2,1.8025,-4.6724,1.2213,0.6245,295.0000,XLV,True,24.4313,11.2567,2.3647,2.4108,9.7950,0.1016,0.0756,0.0999,0.7074,0.0430,-0.1210,2.8550,1.3950,594111360.0000,413577984.0000,1.4365,9979678720,1.6730,4.5900,0.0000,71039852,4.9600,1.2900,6.6200,7.3100,0.0595,OK,0,5.4200,False,False,False,False,False,False,MACD|VOLUME|FUND65|SPY20|ABNORMAL20,False,3-7d,XLV,,UNH|JNJ|LLY,fda_calendar|drug_pricing_policy|patent_cliffs,POST_ANALYSIS_ACTUAL_FILL,LIVE_QUOTE_AT_ANALYSIS,True,1.0000,1.5000,1.0000,-5.0000,7,1.5000,3,SELL_50_PCT_AT_TP1_REST_AT_TP2,MOVE_REMAINDER_TO_BREAK_EVEN,EXIT_AT_OPEN_IF_OPEN_BELOW_SL,SL_FIRST,10,PENDING_ANALYSIS,4.1586,4.1586,6.2379,145.6086,147.6879,134.3775,Indicative levels use the signal close only. Final SL/TP1/TP2 and sizing must be recalculated from the actual post-analysis broker fill.,21,2026-10-28,False,2026-07-29,2.6400,2.6000,1.7000,ALCISTA FUERTE,10,779.0900,8.4900,73.6000,15.0100,SIDI_INTRADAY_V2: Fund≥6.5 · DD60≥12% · RSI<40 · MACD↑ · Vol↓ · SPY20≤+1% · Abnormal20≤-10%,SIDI_INTRADAY_V2,False
AJG,Arthur J. Gallagher & Co.,Financials,Insurance Brokers,2016-05-31,229.8500,225.8100,230.7300,225.0800,229.8500,2026-10-06,2026-10-07,31.4200,33.6100,DOWN,-0.2429,-0.6449,-0.9725,True,0.3277,5.6907,0.7620,2.4760,248.4400,231.5600,235.6600,-7.4800,-0.7400,True,-0.3920,BAJISTA,-15.2700,-15.5200,271.2700,272.0600,309.4500,189.6100,-25.7200,21.2200,0.7770,False,False,208.2500,2.0000,261.2200,False,-9.4000,HAMMER,6.3000,6.5000,7.5000,5.0000,5.0000,7.0000,7.0000,False,False,True,True,True,False,4.9500,7.4300,1.5000,SIDI_INTRADAY_V2,1.8025,-0.6117,-1.1770,1.4778,295.0000,XLF,True,37.8018,15.3344,2.4633,3.8673,16.7120,0.0672,0.0232,0.1038,0.4319,0.3090,-0.1070,59.4010,1.0530,2082300032.0000,1568000000.0000,1.3280,58431647744,0.5470,4.6700,1.2200,256341000,4.8100,5.0000,4.7600,4.6600,0.0356,OK,0,5.4100,False,False,False,False,False,False,VOLUME|FUND65|SPY20|ABNORMAL20,False,3-7d,XLF,,JPM|BAC|WFC,interest_rates|yield_curve|credit_spreads|loan_growth,POST_ANALYSIS_ACTUAL_FILL,LIVE_QUOTE_AT_ANALYSIS,True,1.0000,1.5000,1.0000,-5.0000,7,1.5000,3,SELL_50_PCT_AT_TP1_REST_AT_TP2,MOVE_REMAINDER_TO_BREAK_EVEN,EXIT_AT_OPEN_IF_OPEN_BELOW_SL,SL_FIRST,10,PENDING_ANALYSIS,5.6907,5.6907,8.5360,235.5407,238.3860,218.3575,Indicative levels use the signal close only. Final SL/TP1/TP2 and sizing must be recalculated from the actual post-analysis broker fill.,22,2026-10-29,False,2026-07-30,2.8400,2.8100,94.0000,ALCISTA FUERTE,10,779.0900,8.4900,73.6000,15.0100,SIDI_INTRADAY_V2: Fund≥6.5 · DD60≥12% · RSI<40 · MACD↑ · Vol↓ · SPY20≤+1% · Abnormal20≤-10%,SIDI_INTRADAY_V2,False
EXE,Expand Energy,Energy,Oil & Gas Exploration & Production,2025-03-24,88.2300,86.3800,88.4200,86.0000,88.2300,2026-10-06,2026-10-07,48.0600,15.6400,UP,0.0222,-0.2523,-0.6115,True,0.4602,1.9911,0.8170,2.2570,92.7400,97.2600,88.6300,-4.8700,-9.2800,False,-2.5858,BAJISTA,-11.7500,-11.8900,99.9800,100.1400,124.4300,83.2500,-29.0900,5.9800,0.6120,True,True,85.8500,1.0000,93.2200,True,-2.6900,HAMMER|DOJI,6.4000,5.0000,7.0000,7.5000,7.0000,5.0000,7.0000,False,False,False,False,True,True,4.5100,6.7700,1.5000,SIDI_INTRADAY_V2,1.8025,-7.3612,0.1853,0.6872,295.0000,XLE,True,7.5547,10.5529,1.0581,1.6563,3.4950,0.1489,0.0849,0.2197,0.4707,-0.1060,-0.4550,19.2070,0.9590,1466249984.0000,2780999936.0000,0.5272,20964820992,0.3950,3.7700,2.6100,239228849,4.7500,0.0000,5.7400,9.1200,0.0699,FCF/NI:0.53|RevG:-10.6%,2,5.4100,False,False,False,False,False,False,DD12|RSI40|FUND65|SPY20|ABNORMAL20,False,3-7d,XLE,,XOM|CVX|COP,oil_price|gas_price|opec_supply|inventories,POST_ANALYSIS_ACTUAL_FILL,LIVE_QUOTE_AT_ANALYSIS,True,1.0000,1.5000,1.0000,-5.0000,7,1.5000,3,SELL_50_PCT_AT_TP1_REST_AT_TP2,MOVE_REMAINDER_TO_BREAK_EVEN,EXIT_AT_OPEN_IF_OPEN_BELOW_SL,SL_FIRST,10,PENDING_ANALYSIS,1.9911,1.9911,2.9867,90.2211,91.2167,83.8185,Indicative levels use the signal close only. Final SL/TP1/TP2 and sizing must be recalculated from the actual post-analysis broker fill.,20,2026-10-27,False,2026-07-28,1.3300,1.1200,19.1000,ALCISTA FUERTE,10,779.0900,8.4900,73.6000,15.0100,SIDI_INTRADAY_V2: Fund≥6.5 · DD60≥12% · RSI<40 · MACD↑ · Vol↓ · SPY20≤+1% · Abnormal20≤-10%,SIDI_INTRADAY_V2,False
BDX,Becton Dickinson,Health Care,Health Care Equipment,1972-09-30,180.3000,183.3500,187.4500,180.1200,180.3000,2026-10-06,2026-10-07,46.6400,53.5400,DOWN,-0.5595,-0.6883,-0.7356,True,0.4449,3.6871,0.8660,2.0450,180.3700,161.0000,180.8500,-0.0400,11.9900,True,2.0069,NEUTRO,-5.5400,-6.0600,190.8700,191.9400,191.9400,124.4700,-6.0600,44.8500,1.0980,True,True,175.2000,1.0000,186.6300,True,-2.8300,BULL_ENGULF,6.9500,8.5000,6.0000,7.5000,7.0000,5.0000,7.5000,False,False,False,False,True,True,4.0900,6.1400,1.5000,SIDI_INTRADAY_V2,1.8025,1.0772,-0.0095,1.0282,295.0000,XLV,True,41.7616,13.4921,2.0034,2.1755,10.6540,0.0661,0.0434,0.0419,0.4694,0.0540,-0.3140,68.8400,0.8650,4478374912.0000,1648000000.0000,2.7175,48913862656,0.2790,6.8000,2.3300,272386800,4.3600,1.7500,4.8200,6.8700,0.0916,OK,0,5.4000,False,False,False,False,False,False,DD12|RSI40|FUND65|SPY20|ABNORMAL20,False,7-15d,XLV,,UNH|JNJ|LLY,fda_calendar|drug_pricing_policy|patent_cliffs,POST_ANALYSIS_ACTUAL_FILL,LIVE_QUOTE_AT_ANALYSIS,True,1.0000,1.5000,1.0000,-5.0000,7,1.5000,3,SELL_50_PCT_AT_TP1_REST_AT_TP2,MOVE_REMAINDER_TO_BREAK_EVEN,EXIT_AT_OPEN_IF_OPEN_BELOW_SL,SL_FIRST,10,PENDING_ANALYSIS,3.6871,3.6871,5.5306,183.9871,185.8307,171.2850,Indicative levels use the signal close only. Final SL/TP1/TP2 and sizing must be recalculated from the actual post-analysis broker fill.,29,2026-11-05,False,2026-08-06,3.2300,3.1400,2.9000,ALCISTA FUERTE,10,779.0900,8.4900,73.6000,15.0100,SIDI_INTRADAY_V2: Fund≥6.5 · DD60≥12% · RSI<40 · MACD↑ · Vol↓ · SPY20≤+1% · Abnormal20≤-10%,SIDI_INTRADAY_V2,False
MRK,Merck & Co.,Health Care,Pharmaceuticals,1957-03-04,141.9400,140.1300,142.1600,139.7400,141.9400,2026-10-06,2026-10-07,43.8400,57.7900,DOWN,-1.2087,-1.2037,-0.7818,False,0.1593,3.5364,0.9680,2.4910,142.1200,121.8900,145.3600,-0.1300,16.4500,True,4.1596,NEUTRO,-8.7400,-9.0100,155.5300,156.0000,156.0000,79.6700,-9.0100,78.1600,0.8130,True,True,142.3200,1.0000,152.7400,True,0.2700,NONE,6.7300,8.5000,5.0000,7.5000,7.0000,6.5000,5.0000,False,False,False,False,False,True,4.9800,7.4700,1.5000,SIDI_INTRADAY_V2,1.8025,-6.2790,-0.1320,1.2612,295.0000,XLV,True,113.7143,15.1311,8.4352,5.3102,13.7510,0.0696,0.1187,0.0477,0.7590,0.0510,,128.4080,1.3230,15171500032.0000,3172999936.0000,4.7814,353496334336,0.2220,3.1400,2.4000,2467171638,4.5200,4.1200,4.6400,4.8200,0.0429,D/E:128,1,5.4000,False,False,False,False,False,False,DD12|RSI40|MACD|FUND65|SPY20|ABNORMAL20,False,7-15d,XLV,,UNH|JNJ|LLY,fda_calendar|drug_pricing_policy|patent_cliffs,POST_ANALYSIS_ACTUAL_FILL,LIVE_QUOTE_AT_ANALYSIS,True,1.0000,1.5000,1.0000,-5.0000,7,1.5000,3,SELL_50_PCT_AT_TP1_REST_AT_TP2,MOVE_REMAINDER_TO_BREAK_EVEN,EXIT_AT_OPEN_IF_OPEN_BELOW_SL,SL_FIRST,10,PENDING_ANALYSIS,3.5364,3.5364,5.3046,145.4764,147.2446,134.8430,Indicative levels use the signal close only. Final SL/TP1/TP2 and sizing must be recalculated from the actual post-analysis broker fill.,22,2026-10-29,False,2026-08-04,-0.1300,-0.2600,49.4000,ALCISTA FUERTE,10,779.0900,8.4900,73.6000,15.0100,SIDI_INTRADAY_V2: Fund≥6.5 · DD60≥12% · RSI<40 · MACD↑ · Vol↓ · SPY20≤+1% · Abnormal20≤-10%,SIDI_INTRADAY_V2,False
NSC,Norfolk Southern,Industrials,Rail Transportation,1957-03-04,316.3100,316.0800,317.4500,314.3900,316.3100,2026-10-06,2026-10-07,48.9700,30.6100,UP,0.9352,0.7012,-0.2530,True,0.5276,4.8593,0.7690,1.5360,329.8100,309.8600,317.8500,-4.0900,2.0800,True,0.9232,NEUTRO,-10.3900,-11.4400,352.9800,357.1900,357.1900,273.5900,-11.4400,15.6200,0.4110,True,True,307.9000,3.0000,321.0100,True,-2.6600,HAMMER|HAMMER|DOJI,7.7000,8.5000,7.0000,7.5000,9.0000,7.0000,7.0000,False,False,False,False,True,True,3.0700,4.6100,1.5000,SIDI_INTRADAY_V2,1.8025,-4.2287,-0.7020,0.8130,295.0000,XLI,True,26.8114,21.9792,4.3425,5.6283,15.3850,0.1699,0.0595,0.2102,0.4516,0.1140,-0.0440,105.5190,0.8310,1382249984.0000,2632999936.0000,0.5250,70578692096,1.2830,6.3600,1.7100,224608373,3.8600,3.1400,4.1800,4.3200,0.0196,FCF/NI:0.52|D/E:106,2,5.4000,False,False,False,False,False,False,DD12|RSI40|FUND65|SPY20|ABNORMAL20,False,7-15d,XLI,,CAT|UNP|HON,pmi_manufacturing|supply_chain|capex_cycle,POST_ANALYSIS_ACTUAL_FILL,LIVE_QUOTE_AT_ANALYSIS,True,1.0000,1.5000,1.0000,-5.0000,7,1.5000,3,SELL_50_PCT_AT_TP1_REST_AT_TP2,MOVE_REMAINDER_TO_BREAK_EVEN,EXIT_AT_OPEN_IF_OPEN_BELOW_SL,SL_FIRST,10,PENDING_ANALYSIS,4.8593,4.8593,7.2889,321.1693,323.5990,300.4945,Indicative levels use the signal close only. Final SL/TP1/TP2 and sizing must be recalculated from the actual post-analysis broker fill.,15,2026-10-22,False,2026-07-23,3.5200,3.3200,5.9000,ALCISTA FUERTE,10,779.0900,8.4900,73.6000,15.0100,SIDI_INTRADAY_V2: Fund≥6.5 · DD60≥12% · RSI<40 · MACD↑ · Vol↓ · SPY20≤+1% · Abnormal20≤-10%,SIDI_INTRADAY_V2,False
VTRS,Viatris,Health Care,Pharmaceuticals,2004-04-23,17.5400,17.7700,17.8700,17.3100,17.5400,2026-10-06,2026-10-07,59.3500,80.4500,DOWN,0.0074,0.0281,0.0713,False,0.6393,0.4693,1.0140,2.6760,16.9000,15.2000,17.3500,3.7600,15.4100,True,4.4941,ALCISTA,-4.0000,-4.8300,18.2700,18.4300,18.4300,9.3600,-4.8300,87.4300,0.7280,True,True,16.1400,2.0000,17.2200,False,-8.0100,HAMMER,6.5500,10.0000,5.0000,7.5000,4.0000,5.0000,7.0000,False,False,False,False,False,True,5.3500,8.0300,1.5000,SIDI_INTRADAY_V2,1.8025,3.2630,0.4419,0.7108,295.0000,XLV,True,,6.6398,1.4101,1.3834,7.5150,-0.0275,0.0267,-0.0279,0.4031,0.0490,,95.5350,1.5850,2677337600.0000,-410700000.0000,-6.5190,20387487744,0.8580,5.5400,2.7400,1148590864,4.6300,4.0400,2.6600,7.6000,0.1313,FCF/NI:-6.52|D/E:96|ROE:-2.8%,3,5.4000,False,False,False,False,False,False,DD12|RSI40|MACD|FUND65|SPY20|ABNORMAL20,False,10-18d,XLV,,UNH|JNJ|LLY,fda_calendar|drug_pricing_policy|patent_cliffs,POST_ANALYSIS_ACTUAL_FILL,LIVE_QUOTE_AT_ANALYSIS,True,1.0000,1.5000,1.0000,-5.0000,7,1.5000,3,SELL_50_PCT_AT_TP1_REST_AT_TP2,MOVE_REMAINDER_TO_BREAK_EVEN,EXIT_AT_OPEN_IF_OPEN_BELOW_SL,SL_FIRST,10,PENDING_ANALYSIS,0.4693,0.4693,0.7039,18.0093,18.2439,16.6630,Indicative levels use the signal close only. Final SL/TP1/TP2 and sizing must be recalculated from the actual post-analysis broker fill.,29,2026-11-05,False,2026-08-06,0.6900,0.6000,15.0000,ALCISTA FUERTE,10,779.0900,8.4900,73.6000,15.0100,SIDI_INTRADAY_V2: Fund≥6.5 · DD60≥12% · RSI<40 · MACD↑ · Vol↓ · SPY20≤+1% · Abnormal20≤-10%,SIDI_INTRADAY_V2,False
OKE,Oneok,Energy,Oil & Gas Storage & Transportation,2010-03-15,89.2300,88.2500,90.0500,87.9000,89.2300,2026-10-06,2026-10-07,38.5000,20.4500,UP,-0.3157,-0.5225,-0.9017,True,0.3563,2.3579,0.9740,2.6420,92.0200,85.5500,90.3000,-3.0300,4.3000,True,2.5245,NEUTRO,-8.4900,-10.6400,97.5100,99.8500,99.8500,61.6700,-10.6400,44.6900,0.8970,True,True,83.0600,5.0000,90.4900,False,-6.9200,HAMMER|DOJI,7.2500,8.5000,8.5000,7.5000,6.0000,5.0000,7.0000,False,True,False,True,True,True,5.2800,7.9300,1.5000,SIDI_INTRADAY_V2,1.8025,-8.7070,-0.2077,0.9137,295.0000,XLE,True,15.1649,14.0786,2.4131,1.4061,11.6370,0.1628,0.0577,0.0929,0.2721,0.5280,0.1420,143.0700,0.7370,899875008.0000,3656000000.0000,0.2461,55353081856,0.7980,7.9600,4.8000,630409203,4.1500,4.4300,3.9700,4.0500,0.0163,FCF/NI:0.25|D/E:143,2,5.3900,False,False,False,False,False,False,DD12|FUND65|SPY20|ABNORMAL20,False,7-15d,XLE,,XOM|CVX|COP,oil_price|gas_price|opec_supply|inventories,POST_ANALYSIS_ACTUAL_FILL,LIVE_QUOTE_AT_ANALYSIS,True,1.0000,1.5000,1.0000,-5.0000,7,1.5000,3,SELL_50_PCT_AT_TP1_REST_AT_TP2,MOVE_REMAINDER_TO_BREAK_EVEN,EXIT_AT_OPEN_IF_OPEN_BELOW_SL,SL_FIRST,10,PENDING_ANALYSIS,2.3579,2.3579,3.5368,91.5879,92.7669,84.7685,Indicative levels use the signal close only. Final SL/TP1/TP2 and sizing must be recalculated from the actual post-analysis broker fill.,20,2026-10-27,False,2026-08-03,1.5300,1.4500,5.6000,ALCISTA FUERTE,10,779.0900,8.4900,73.6000,15.0100,SIDI_INTRADAY_V2: Fund≥6.5 · DD60≥12% · RSI<40 · MACD↑ · Vol↓ · SPY20≤+1% · Abnormal20≤-10%,SIDI_INTRADAY_V2,False
ERIE,Erie Indemnity,Financials,Insurance Brokers,2024-09-23,223.2200,220.7900,223.4100,218.5700,223.2200,2026-10-06,2026-10-07,25.6400,31.2900,DOWN,-0.5689,-1.1258,-2.0533,True,0.3283,6.3217,0.6730,2.8320,243.7200,245.1000,229.7200,-8.4100,-8.9300,False,-2.0755,BAJISTA,-16.3500,-17.2300,266.8600,269.6700,322.9200,202.1200,-30.8700,10.4400,0.6360,True,True,215.3200,1.0000,226.3200,True,-3.5400,NONE,6.8000,5.0000,8.5000,7.5000,7.0000,7.0000,5.0000,True,True,True,True,True,True,5.6600,8.5000,1.5000,SIDI_INTRADAY_V2,1.8025,3.0928,-1.2190,1.4634,295.0000,XLF,True,20.1079,15.8308,4.7008,2.8153,13.7010,0.2481,0.1415,0.1401,0.1790,0.0280,0.0320,2.5600,1.2460,481207744.0000,577001024.0000,0.8340,11597369344,0.3310,8.1800,2.6200,46189068,4.4300,0.2200,7.8600,5.3200,0.0415,OK,0,5.3800,False,False,False,True,False,False,FUND65|SPY20|ABNORMAL20,False,5-10d,XLF,,JPM|BAC|WFC,interest_rates|yield_curve|credit_spreads|loan_growth,POST_ANALYSIS_ACTUAL_FILL,LIVE_QUOTE_AT_ANALYSIS,True,1.0000,1.5000,1.0000,-5.0000,7,1.5000,3,SELL_50_PCT_AT_TP1_REST_AT_TP2,MOVE_REMAINDER_TO_BREAK_EVEN,EXIT_AT_OPEN_IF_OPEN_BELOW_SL,SL_FIRST,10,PENDING_ANALYSIS,6.3217,6.3217,9.4825,229.5417,232.7026,212.0590,Indicative levels use the signal close only. Final SL/TP1/TP2 and sizing must be recalculated from the actual post-analysis broker fill.,22,2026-10-29,False,2026-07-30,3.4500,3.3500,2.9000,ALCISTA FUERTE,10,779.0900,8.4900,73.6000,15.0100,SIDI_INTRADAY_V2: Fund≥6.5 · DD60≥12% · RSI<40 · MACD↑ · Vol↓ · SPY20≤+1% · Abnormal20≤-10%,SIDI_INTRADAY_V2,False
FLEX,Flex Ltd.,Information Technology,Electronic Manufacturing Services,2026-06-22,121.3800,118.0100,121.8400,116.2000,121.3800,2026-10-06,2026-10-07,72.6500,51.6500,UP,1.2348,0.9154,0.6051,True,1.1195,4.8671,0.7010,4.0100,114.1700,100.1600,113.7400,6.3200,21.1800,True,5.2995,ALCISTA,-8.2100,-10.5300,132.2400,135.6700,166.8600,53.0700,-27.2600,128.7200,0.8640,True,True,111.3800,1.0000,121.0300,False,-8.2400,DOJI,7.0500,10.0000,7.0000,7.5000,4.0000,7.0000,5.0000,False,False,False,False,True,True,8.0200,12.0300,1.5000,SIDI_INTRADAY_V2,1.8025,-8.8218,0.1576,1.7617,295.0000,XLK,True,45.1120,16.5555,7.8469,1.4750,22.5760,0.1838,0.0442,0.0333,0.0953,0.2060,0.5200,107.8180,1.3800,625750016.0000,973000000.0000,0.6431,43167756288,1.6580,3.1100,0.0000,369460443,4.2500,4.7600,4.3100,3.5900,0.0145,FCF/NI:0.64|D/E:108,2,5.3700,False,False,False,False,False,False,DD12|RSI40|FUND65|SPY20|ABNORMAL20,False,10-18d,XLK,,AAPL|MSFT|NVDA,interest_rates|ai_capex_cycle|semiconductor_cycle,POST_ANALYSIS_ACTUAL_FILL,LIVE_QUOTE_AT_ANALYSIS,True,1.0000,1.5000,1.0000,-5.0000,7,1.5000,3,SELL_50_PCT_AT_TP1_REST_AT_TP2,MOVE_REMAINDER_TO_BREAK_EVEN,EXIT_AT_OPEN_IF_OPEN_BELOW_SL,SL_FIRST,10,PENDING_ANALYSIS,4.8671,4.8671,7.3006,126.2471,128.6806,115.3110,Indicative levels use the signal close only. Final SL/TP1/TP2 and sizing must be recalculated from the actual post-analysis broker fill.,21,2026-10-28,False,2026-07-29,1.0000,0.9200,8.9000,ALCISTA FUERTE,10,779.0900,8.4900,73.6000,15.0100,SIDI_INTRADAY_V2: Fund≥6.5 · DD60≥12% · RSI<40 · MACD↑ · Vol↓ · SPY20≤+1% · Abnormal20≤-10%,SIDI_INTRADAY_V2,False
PTC,PTC Inc.,Information Technology,Application Software,2021-04-20,193.0000,193.0000,193.4200,192.5800,193.0000,2026-10-06,2026-10-07,89.5500,63.7800,UP,5.9494,4.1797,0.9734,True,1.2109,7.8964,1.5070,4.0910,145.1000,145.2900,149.6400,33.0100,32.8400,False,-2.1742,ALCISTA,0.0000,-1.5600,193.0000,196.0500,206.8200,108.5000,-6.6800,77.8800,2.1850,False,False,145.3700,1.0000,,False,-24.6800,HAMMER|DOJI,6.4500,8.0000,7.0000,7.0000,4.0000,5.0000,7.0000,False,False,False,False,True,False,8.1800,12.2700,1.5000,SIDI_INTRADAY_V2,1.8025,45.4493,1.1477,-0.5519,295.0000,XLK,True,18.7881,21.7137,6.1810,7.1235,17.3970,0.3505,0.1154,0.4143,0.8450,-0.0680,-0.1200,46.3350,1.0250,1031425152.0000,1223814016.0000,0.8428,21042606080,0.9950,4.4300,0.0000,108632228,4.6500,0.0000,6.5300,7.8900,0.0490,OK,0,5.3700,False,False,False,False,False,False,DD12|RSI40|VOLUME|FUND65|SPY20|ABNORMAL20,False,10-18d,XLK,,AAPL|MSFT|NVDA,interest_rates|ai_capex_cycle|semiconductor_cycle,POST_ANALYSIS_ACTUAL_FILL,LIVE_QUOTE_AT_ANALYSIS,True,1.0000,1.5000,1.0000,-5.0000,7,1.5000,3,SELL_50_PCT_AT_TP1_REST_AT_TP2,MOVE_REMAINDER_TO_BREAK_EVEN,EXIT_AT_OPEN_IF_OPEN_BELOW_SL,SL_FIRST,10,PENDING_ANALYSIS,7.8964,7.8964,11.8446,200.8964,204.8446,183.3500,Indicative levels use the signal close only. Final SL/TP1/TP2 and sizing must be recalculated from the actual post-analysis broker fill.,35,2026-11-11,False,2026-07-29,1.5800,1.5600,98.0000,ALCISTA FUERTE,10,779.0900,8.4900,73.6000,15.0100,SIDI_INTRADAY_V2: Fund≥6.5 · DD60≥12% · RSI<40 · MACD↑ · Vol↓ · SPY20≤+1% · Abnormal20≤-10%,SIDI_INTRADAY_V2,False
QCOM,Qualcomm,Information Technology,Semiconductors,1999-07-22,181.0300,182.0300,183.0900,179.3300,181.0300,2026-10-06,2026-10-07,47.4300,54.6400,DOWN,-1.8176,-1.6493,-1.1138,False,0.3248,8.6014,1.1280,4.7510,171.4700,167.9400,183.4300,5.5800,7.8000,True,1.0581,ALCISTA,-10.3700,-12.0600,201.9700,205.8500,257.5600,120.8800,-29.7100,49.7600,0.5700,True,True,171.1900,1.0000,195.0300,False,-5.4400,NONE,6.3500,10.0000,5.0000,7.5000,4.0000,5.0000,5.0000,False,False,False,False,False,True,9.5000,14.2500,1.5000,SIDI_INTRADAY_V2,1.8025,-3.6877,0.1790,1.0887,295.0000,XLK,True,20.6042,17.4587,6.8032,4.3136,16.4260,0.3375,0.1161,0.2101,0.5423,-0.0400,-0.2300,55.2100,2.0160,10241000448.0000,9260000256.0000,1.1059,190096785408,1.6510,3.3400,2.0300,1067839507,4.7200,0.0000,6.6100,8.0100,0.0539,OK,0,5.3700,False,False,False,False,False,False,DD12|RSI40|MACD|FUND65|SPY20|ABNORMAL20,False,10-18d,XLK,,AAPL|MSFT|NVDA,interest_rates|ai_capex_cycle|semiconductor_cycle,POST_ANALYSIS_ACTUAL_FILL,LIVE_QUOTE_AT_ANALYSIS,True,1.0000,1.5000,1.0000,-5.0000,7,1.5000,3,SELL_50_PCT_AT_TP1_REST_AT_TP2,MOVE_REMAINDER_TO_BREAK_EVEN,EXIT_AT_OPEN_IF_OPEN_BELOW_SL,SL_FIRST,10,PENDING_ANALYSIS,8.6014,8.6014,12.9021,189.6314,193.9321,171.9785,Indicative levels use the signal close only. Final SL/TP1/TP2 and sizing must be recalculated from the actual post-analysis broker fill.,28,2026-11-04,False,2026-07-29,2.2100,2.2300,-74.0000,ALCISTA FUERTE,10,779.0900,8.4900,73.6000,15.0100,SIDI_INTRADAY_V2: Fund≥6.5 · DD60≥12% · RSI<40 · MACD↑ · Vol↓ · SPY20≤+1% · Abnormal20≤-10%,SIDI_INTRADAY_V2,False
BKR,Baker Hughes,Energy,Oil & Gas Equipment & Services,2017-07-07,57.1300,57.1900,57.6100,56.1500,57.1300,2026-10-06,2026-10-07,54.1400,21.1100,UP,0.0727,-0.0190,-0.2381,True,0.4626,1.3921,0.7920,2.4370,60.5200,59.1800,57.7400,-5.6000,-3.4600,True,1.6307,BAJISTA,-11.9700,-13.5600,64.9000,66.0900,69.9200,43.2400,-18.2900,32.1100,0.5390,True,True,55.4400,1.0000,58.6800,True,-2.9600,HAMMER|DOJI,7.2500,7.0000,7.0000,7.5000,8.0000,7.0000,7.0000,False,False,False,False,True,True,4.8700,7.3100,1.5000,SIDI_INTRADAY_V2,1.8025,-10.5276,0.9850,0.7844,295.0000,XLE,True,17.7235,18.3134,2.7475,1.9735,11.5970,0.1646,0.0485,0.1117,0.2366,-0.0240,-0.0420,80.9250,2.0950,4415000064.0000,3096000000.0000,1.4260,54716190720,1.0350,3.6000,1.6100,992674071,4.1000,0.0000,5.8000,6.9000,0.0807,D/E:81,1,5.3600,False,False,True,False,False,False,DD12|RSI40|FUND65|SPY20,False,3-7d,XLE,,XOM|CVX|COP,oil_price|gas_price|opec_supply|inventories,POST_ANALYSIS_ACTUAL_FILL,LIVE_QUOTE_AT_ANALYSIS,True,1.0000,1.5000,1.0000,-5.0000,7,1.5000,3,SELL_50_PCT_AT_TP1_REST_AT_TP2,MOVE_REMAINDER_TO_BREAK_EVEN,EXIT_AT_OPEN_IF_OPEN_BELOW_SL,SL_FIRST,10,PENDING_ANALYSIS,1.3921,1.3921,2.0881,58.5221,59.2182,54.2735,Indicative levels use the signal close only. Final SL/TP1/TP2 and sizing must be recalculated from the actual post-analysis broker fill.,20,2026-10-27,False,2026-07-26,0.6400,0.4900,31.5000,ALCISTA FUERTE,10,779.0900,8.4900,73.6000,15.0100,SIDI_INTRADAY_V2: Fund≥6.5 · DD60≥12% · RSI<40 · MACD↑ · Vol↓ · SPY20≤+1% · Abnormal20≤-10%,SIDI_INTRADAY_V2,False
LVS,Las Vegas Sands,Consumer Discretionary,Casinos & Gaming,2019-10-03,36.3100,36.6700,36.7000,36.2800,36.3100,2026-10-06,2026-10-07,14.8100,12.6700,UP,-0.2034,-0.2366,-0.2475,True,0.1328,0.9243,0.7970,2.5460,43.4200,50.9400,39.3500,-16.3700,-28.7200,False,-4.8265,BAJISTA,-26.7300,-27.0300,49.5500,49.7600,69.2400,36.0800,-47.5600,0.6400,0.8320,False,False,,0.0000,47.7200,False,,HAMMER|DOJI,6.7000,5.0000,9.5000,5.0000,4.0000,10.0000,7.0000,False,False,True,True,True,False,5.0900,7.6400,1.5000,SIDI_INTRADAY_V2,1.8025,-15.2541,-0.0127,0.3803,295.0000,XLY,True,13.9436,10.2071,39.9498,1.6918,7.7040,1.2287,0.0955,0.1259,0.7933,-0.0070,-0.1980,1703.9020,0.9970,2212875008.0000,1727000064.0000,1.2813,23210371072,0.7680,3.6900,3.3000,647701184,4.4600,0.0000,6.7400,7.0000,0.0953,D/E:1704,1,5.3600,False,False,True,False,False,False,VOLUME|FUND65|SPY20,False,3-7d,XLY,,AMZN|TSLA|HD,consumer_spending|employment_data|interest_rates,POST_ANALYSIS_ACTUAL_FILL,LIVE_QUOTE_AT_ANALYSIS,True,1.0000,1.5000,1.0000,-5.0000,7,1.5000,3,SELL_50_PCT_AT_TP1_REST_AT_TP2,MOVE_REMAINDER_TO_BREAK_EVEN,EXIT_AT_OPEN_IF_OPEN_BELOW_SL,SL_FIRST,10,PENDING_ANALYSIS,0.9243,0.9243,1.3864,37.2343,37.6964,34.4945,Indicative levels use the signal close only. Final SL/TP1/TP2 and sizing must be recalculated from the actual post-analysis broker fill.,14,2026-10-21,False,2026-07-22,0.5900,0.7600,-22.0000,ALCISTA FUERTE,10,779.0900,8.4900,73.6000,15.0100,SIDI_INTRADAY_V2: Fund≥6.5 · DD60≥12% · RSI<40 · MACD↑ · Vol↓ · SPY20≤+1% · Abnormal20≤-10%,SIDI_INTRADAY_V2,False
AOS,A. O. Smith,Industrials,Building Products,2017-07-26,56.9000,57.2400,57.8800,56.7700,56.9000,2026-10-06,2026-10-07,50.0900,51.6900,DOWN,0.0487,0.0425,0.0514,True,0.3307,1.2243,0.7720,2.1520,59.9400,63.7200,57.7500,-5.0700,-10.7100,False,-1.2659,BAJISTA,-11.0700,-11.6200,63.9800,64.3800,80.9200,53.8300,-29.6800,5.7000,0.7460,False,False,56.5900,3.0000,62.6700,True,-0.5400,NONE,6.1000,5.0000,6.0000,5.0000,9.0000,7.0000,5.0000,False,False,False,False,True,False,4.3000,6.4500,1.5000,SIDI_INTRADAY_V2,1.8025,0.3173,0.0371,0.9501,295.0000,XLI,True,15.3259,13.4645,4.0599,1.9653,10.5000,0.2713,0.1254,0.1315,0.3859,-0.0070,-0.1500,36.7660,1.5940,484612512.0000,500300000.0000,0.9686,7477689856,1.1100,8.2000,2.5300,110047214,4.8100,0.0000,6.7800,8.1100,0.0648,OK,0,5.3300,False,False,False,False,False,False,DD12|RSI40|VOLUME|FUND65|SPY20|ABNORMAL20,False,3-7d,XLI,,CAT|UNP|HON,pmi_manufacturing|supply_chain|capex_cycle,POST_ANALYSIS_ACTUAL_FILL,LIVE_QUOTE_AT_ANALYSIS,True,1.0000,1.5000,1.0000,-5.0000,7,1.5000,3,SELL_50_PCT_AT_TP1_REST_AT_TP2,MOVE_REMAINDER_TO_BREAK_EVEN,EXIT_AT_OPEN_IF_OPEN_BELOW_SL,SL_FIRST,10,PENDING_ANALYSIS,1.2243,1.2243,1.8364,58.1243,58.7364,54.0550,Indicative levels use the signal close only. Final SL/TP1/TP2 and sizing must be recalculated from the actual post-analysis broker fill.,22,2026-10-29,False,2026-07-30,1.0300,0.9200,11.5000,ALCISTA FUERTE,10,779.0900,8.4900,73.6000,15.0100,SIDI_INTRADAY_V2: Fund≥6.5 · DD60≥12% · RSI<40 · MACD↑ · Vol↓ · SPY20≤+1% · Abnormal20≤-10%,SIDI_INTRADAY_V2,False
TRMB,Trimble Inc.,Information Technology,Application Software,2021-01-21,60.9500,58.8100,61.4800,58.5400,60.9500,2026-10-06,2026-10-07,71.6300,49.6400,UP,0.1722,-0.0320,-0.1596,True,1.2334,1.5257,0.8140,2.5030,58.4700,62.4700,58.3100,4.2500,-2.4400,False,-3.4821,BAJISTA,-0.9600,-1.6900,61.5400,62.0000,84.4200,47.9200,-27.8000,27.1900,1.1460,True,True,56.3200,2.0000,59.9800,False,-7.6000,HAMMER,6.4000,6.5000,7.0000,7.5000,5.0000,5.0000,7.0000,False,False,False,False,True,True,5.0100,7.5100,1.5000,SIDI_INTRADAY_V2,1.8025,7.5831,1.8851,-0.5752,295.0000,XLK,True,,14.2615,2.6921,3.6368,17.5630,-0.0194,0.0480,-0.0277,0.7177,0.1100,,28.5530,0.9540,686174976.0000,-104700000.0000,-6.5537,13757611008,1.3430,2.4600,0.0000,233179848,4.6100,3.4100,3.2400,7.5900,0.0499,FCF/NI:-6.55|ROE:-1.9%,2,5.3300,False,False,False,False,False,False,DD12|RSI40|FUND65|SPY20|ABNORMAL20,False,3-7d,XLK,,AAPL|MSFT|NVDA,interest_rates|ai_capex_cycle|semiconductor_cycle,POST_ANALYSIS_ACTUAL_FILL,LIVE_QUOTE_AT_ANALYSIS,True,1.0000,1.5000,1.0000,-5.0000,7,1.5000,3,SELL_50_PCT_AT_TP1_REST_AT_TP2,MOVE_REMAINDER_TO_BREAK_EVEN,EXIT_AT_OPEN_IF_OPEN_BELOW_SL,SL_FIRST,10,PENDING_ANALYSIS,1.5257,1.5257,2.2885,62.4757,63.2386,57.9025,Indicative levels use the signal close only. Final SL/TP1/TP2 and sizing must be recalculated from the actual post-analysis broker fill.,28,2026-11-04,False,2026-08-12,0.8600,0.8000,7.2000,ALCISTA FUERTE,10,779.0900,8.4900,73.6000,15.0100,SIDI_INTRADAY_V2: Fund≥6.5 · DD60≥12% · RSI<40 · MACD↑ · Vol↓ · SPY20≤+1% · Abnormal20≤-10%,SIDI_INTRADAY_V2,False
CMI,Cummins,Industrials,Construction Machinery & Heavy Transportation Equipment,1965-03-31,535.3100,527.3700,540.4900,525.5000,535.3100,2026-10-06,2026-10-07,55.1100,30.0500,UP,3.6996,2.7150,1.4803,True,0.5936,12.7329,0.6460,2.3790,574.5400,600.3000,534.6300,-6.8300,-10.8300,False,0.5973,BAJISTA,-20.4600,-21.6700,673.0300,683.4500,735.0200,394.9500,-27.1700,35.5400,0.6960,False,False,542.7000,1.0000,658.5600,True,1.3800,HAMMER,6.3000,5.5000,7.0000,5.0000,7.0000,7.0000,7.0000,False,False,True,False,True,False,4.7600,7.1400,1.5000,SIDI_INTRADAY_V2,1.8025,-2.2441,0.0706,1.5622,295.0000,XLI,True,26.3109,14.7911,5.5176,2.0471,15.7600,0.2111,0.0700,0.0782,0.2577,0.0940,0.0470,59.5860,1.7270,2229374976.0000,2715000064.0000,0.8211,71051264000,1.2380,3.5700,1.6400,137989067,4.6700,3.0600,5.8600,5.1500,0.0314,OK,0,5.3200,False,False,False,False,False,False,RSI40|VOLUME|FUND65|SPY20|ABNORMAL20,False,3-7d,XLI,,CAT|UNP|HON,pmi_manufacturing|supply_chain|capex_cycle,POST_ANALYSIS_ACTUAL_FILL,LIVE_QUOTE_AT_ANALYSIS,True,1.0000,1.5000,1.0000,-5.0000,7,1.5000,3,SELL_50_PCT_AT_TP1_REST_AT_TP2,MOVE_REMAINDER_TO_BREAK_EVEN,EXIT_AT_OPEN_IF_OPEN_BELOW_SL,SL_FIRST,10,PENDING_ANALYSIS,12.7329,12.7329,19.0994,548.0429,554.4093,508.5445,Indicative levels use the signal close only. Final SL/TP1/TP2 and sizing must be recalculated from the actual post-analysis broker fill.,29,2026-11-05,False,2026-08-04,6.7300,7.1700,-6.1000,ALCISTA FUERTE,10,779.0900,8.4900,73.6000,15.0100,SIDI_INTRADAY_V2: Fund≥6.5 · DD60≥12% · RSI<40 · MACD↑ · Vol↓ · SPY20≤+1% · Abnormal20≤-10%,SIDI_INTRADAY_V2,False
CDW,CDW Corporation,Information Technology,Technology Distributors,2019-09-23,135.6700,133.8100,136.0300,132.9100,135.6700,2026-10-06,2026-10-07,30.6200,34.9500,DOWN,-1.1358,-1.5544,-2.1881,True,0.3227,5.1636,0.8130,3.8060,142.1000,130.4700,138.9100,-4.5300,3.9900,True,-0.0163,NEUTRO,-11.8600,-14.1600,153.9200,158.0500,158.2800,96.0900,-14.2800,41.1900,0.4970,True,True,129.9500,2.0000,137.3400,False,-4.2200,NONE,6.4500,8.0000,7.5000,7.5000,4.0000,5.0000,5.0000,False,True,False,True,True,True,7.6100,11.4200,1.5000,SIDI_INTRADAY_V2,1.8025,-10.3385,0.3463,0.0507,295.0000,XLK,True,16.2073,11.2228,6.9187,0.7173,11.4520,0.4401,0.0659,0.0460,0.2136,0.1000,0.0490,263.2780,1.1670,676787520.0000,1080300032.0000,0.6265,16857974784,0.9410,5.6300,1.8600,125017426,4.5500,0.7800,5.7800,7.5000,0.0401,FCF/NI:0.63|D/E:263,2,5.3100,False,False,True,False,False,False,DD12|FUND65|SPY20,False,7-15d,XLK,,AAPL|MSFT|NVDA,interest_rates|ai_capex_cycle|semiconductor_cycle,POST_ANALYSIS_ACTUAL_FILL,LIVE_QUOTE_AT_ANALYSIS,True,1.0000,1.5000,1.0000,-5.0000,7,1.5000,3,SELL_50_PCT_AT_TP1_REST_AT_TP2,MOVE_REMAINDER_TO_BREAK_EVEN,EXIT_AT_OPEN_IF_OPEN_BELOW_SL,SL_FIRST,10,PENDING_ANALYSIS,5.1636,5.1636,7.7454,140.8336,143.4154,128.8865,Indicative levels use the signal close only. Final SL/TP1/TP2 and sizing must be recalculated from the actual post-analysis broker fill.,27,2026-11-03,False,2026-08-05,2.9100,2.8000,4.0000,ALCISTA FUERTE,10,779.0900,8.4900,73.6000,15.0100,SIDI_INTRADAY_V2: Fund≥6.5 · DD60≥12% · RSI<40 · MACD↑ · Vol↓ · SPY20≤+1% · Abnormal20≤-10%,SIDI_INTRADAY_V2,False
FE,FirstEnergy,Utilities,Electric Utilities,1997-11-28,44.2600,43.8700,44.2600,43.8000,44.2600,2026-10-06,2026-10-07,39.3100,23.8300,UP,0.0369,-0.0464,-0.1362,True,0.4423,0.6764,0.8300,1.5280,46.0500,46.7500,44.4100,-3.8900,-5.3300,False,0.0578,BAJISTA,-10.4600,-11.4000,49.4300,49.9500,51.3000,42.6000,-13.7200,3.9000,0.8430,False,False,44.6500,1.0000,49.9500,True,0.8800,NONE,6.2500,5.5000,8.5000,5.0000,8.0000,5.0000,5.0000,False,False,False,True,True,False,3.0600,4.5800,1.5000,SIDI_INTRADAY_V2,1.8025,-0.8899,-0.1296,0.7765,295.0000,XLU,True,23.8075,15.0946,1.9916,1.6470,10.3320,0.0949,0.0368,0.0694,0.6861,0.0880,0.0830,200.9080,0.5410,-2014625024.0000,1084999936.0000,-1.8568,25751756800,0.4180,7.4000,4.2000,578431175,4.6800,6.8500,4.1000,2.8300,-0.0782,FCF/NI:-1.86|D/E:201,2,5.3100,False,False,False,False,False,False,DD12|VOLUME|FUND65|SPY20|ABNORMAL20,False,3-7d,XLU,,NEE|DUK|SO,interest_rates|regulatory_environment,POST_ANALYSIS_ACTUAL_FILL,LIVE_QUOTE_AT_ANALYSIS,True,1.0000,1.5000,1.0000,-5.0000,7,1.5000,3,SELL_50_PCT_AT_TP1_REST_AT_TP2,MOVE_REMAINDER_TO_BREAK_EVEN,EXIT_AT_OPEN_IF_OPEN_BELOW_SL,SL_FIRST,10,PENDING_ANALYSIS,0.6764,0.6764,1.0146,44.9364,45.2746,42.0470,Indicative levels use the signal close only. Final SL/TP1/TP2 and sizing must be recalculated from the actual post-analysis broker fill.,20,2026-10-27,False,2026-07-28,0.5000,0.5000,-48.0000,ALCISTA FUERTE,10,779.0900,8.4900,73.6000,15.0100,SIDI_INTRADAY_V2: Fund≥6.5 · DD60≥12% · RSI<40 · MACD↑ · Vol↓ · SPY20≤+1% · Abnormal20≤-10%,SIDI_INTRADAY_V2,False
LOW,Lowe's,Consumer Discretionary,Home Improvement Retail,1984-02-29,183.6700,179.7400,184.2000,179.7200,183.6700,2026-10-06,2026-10-07,33.0300,28.5700,UP,-0.3911,-0.7117,-0.5619,True,0.2183,4.2964,0.8320,2.3390,203.9400,229.2400,190.1800,-9.9400,-19.8800,False,-2.0592,BAJISTA,-17.7700,-18.6500,223.3500,225.7900,289.8700,178.4500,-36.6400,2.9300,0.8140,False,False,,0.0000,223.4400,False,,HAMMER,5.9800,5.0000,8.5000,5.0000,4.0000,6.5000,7.0000,False,False,True,True,True,False,4.6800,7.0200,1.5000,SIDI_INTRADAY_V2,1.8025,-4.3930,-0.4369,1.0175,295.0000,XLY,True,15.2768,13.8802,-13.6324,1.1212,11.1480,,0.1252,0.0735,0.3299,0.0830,0.0000,,1.1050,4615374848.0000,6624999936.0000,0.6967,101396488192,0.8780,2.9000,2.7900,561054019,4.8600,3.8700,4.9700,5.8800,0.0455,FCF/NI:0.70,1,5.3100,False,False,False,False,False,False,VOLUME|FUND65|SPY20|ABNORMAL20,False,3-7d,XLY,,AMZN|TSLA|HD,consumer_spending|employment_data|interest_rates,POST_ANALYSIS_ACTUAL_FILL,LIVE_QUOTE_AT_ANALYSIS,True,1.0000,1.5000,1.0000,-5.0000,7,1.5000,3,SELL_50_PCT_AT_TP1_REST_AT_TP2,MOVE_REMAINDER_TO_BREAK_EVEN,EXIT_AT_OPEN_IF_OPEN_BELOW_SL,SL_FIRST,10,PENDING_ANALYSIS,4.2964,4.2964,6.4446,187.9664,190.1146,174.4865,Indicative levels use the signal close only. Final SL/TP1/TP2 and sizing must be recalculated from the actual post-analysis broker fill.,42,2026-11-18,False,2026-08-19,4.4000,4.2200,4.2000,ALCISTA FUERTE,10,779.0900,8.4900,73.6000,15.0100,SIDI_INTRADAY_V2: Fund≥6.5 · DD60≥12% · RSI<40 · MACD↑ · Vol↓ · SPY20≤+1% · Abnormal20≤-10%,SIDI_INTRADAY_V2,False
LITE,Lumentum,Information Technology,Communications Equipment,2026-03-23,1133.4000,1099.8101,1137.2050,1084.0410,1133.4000,2026-10-06,2026-10-07,79.5900,48.2200,UP,18.8692,15.5692,7.6958,True,1.0596,60.9246,0.8540,5.3750,894.0300,753.3700,979.7500,26.7700,50.4400,True,9.3620,ALCISTA,0.0000,-0.3300,1133.4000,1137.2000,1137.2000,147.8100,-0.3300,666.8000,0.9020,False,False,881.2300,1.0000,,False,-22.2500,HAMMER|DOJI,6.4500,10.0000,7.0000,5.0000,4.0000,5.0000,7.0000,False,False,False,False,True,False,10.7500,16.1300,1.5000,SIDI_INTRADAY_V2,1.8025,-1.6859,-2.9905,3.0164,295.0000,XLK,True,,30.8448,20.9300,32.6487,125.6390,-2.4003,0.0582,-2.3010,0.4424,1.0930,,35.9870,1.6780,224700000.0000,-6935099904.0000,-0.0324,98403147776,1.5360,1.5800,0.0000,89700000,4.5400,7.5000,3.1500,2.7100,0.0023,FCF/NI:-0.03|ROE:-240.0%,2,5.3000,False,False,False,False,False,False,DD12|RSI40|VOLUME|FUND65|SPY20|ABNORMAL20,False,10-18d,XLK,,AAPL|MSFT|NVDA,interest_rates|ai_capex_cycle|semiconductor_cycle,POST_ANALYSIS_ACTUAL_FILL,LIVE_QUOTE_AT_ANALYSIS,True,1.0000,1.5000,1.0000,-5.0000,7,1.5000,3,SELL_50_PCT_AT_TP1_REST_AT_TP2,MOVE_REMAINDER_TO_BREAK_EVEN,EXIT_AT_OPEN_IF_OPEN_BELOW_SL,SL_FIRST,10,PENDING_ANALYSIS,60.9246,60.9246,91.3869,1194.3246,1224.7869,1076.7300,Indicative levels use the signal close only. Final SL/TP1/TP2 and sizing must be recalculated from the actual post-analysis broker fill.,29,2026-11-05,False,2026-08-11,3.2300,2.9700,8.8000,ALCISTA FUERTE,10,779.0900,8.4900,73.6000,15.0100,SIDI_INTRADAY_V2: Fund≥6.5 · DD60≥12% · RSI<40 · MACD↑ · Vol↓ · SPY20≤+1% · Abnormal20≤-10%,SIDI_INTRADAY_V2,False
CRWD,CrowdStrike,Information Technology,Systems Software,2024-06-24,278.8600,278.0000,286.9900,276.0000,278.8600,2026-10-06,2026-10-07,75.2300,77.9600,DOWN,1.6482,1.5317,1.7828,True,0.8553,11.0554,0.9760,3.9650,223.5600,155.1000,251.8300,24.7400,79.7900,True,8.5400,ALCISTA,0.0000,-2.8300,278.8600,286.9900,286.9900,85.6800,-2.8300,225.4700,0.7620,True,True,181.1200,2.0000,,False,-35.0500,HAMMER|DOJI|HAMMER|HAMMER|DOJI,6.7500,10.0000,6.0000,7.5000,4.0000,5.0000,7.0000,False,False,False,False,True,True,7.9300,11.8900,1.5000,SIDI_INTRADAY_V2,1.8025,15.0664,-0.1678,0.9571,295.0000,XLK,True,5385.0000,167.6620,54.0337,51.0910,2633.7980,0.0146,-0.0078,0.0083,0.7519,0.2580,,15.9580,1.5700,1995385472.0000,44995000.0000,44.3468,275694452736,1.1970,2.4100,0.0000,1023934842,4.3000,5.3100,5.6300,1.5800,0.0072,OK,0,5.2800,False,False,False,False,False,False,DD12|RSI40|FUND65|SPY20|ABNORMAL20,False,10-18d,XLK,,AAPL|MSFT|NVDA,interest_rates|ai_capex_cycle|semiconductor_cycle,POST_ANALYSIS_ACTUAL_FILL,LIVE_QUOTE_AT_ANALYSIS,True,1.0000,1.5000,1.0000,-5.0000,7,1.5000,3,SELL_50_PCT_AT_TP1_REST_AT_TP2,MOVE_REMAINDER_TO_BREAK_EVEN,EXIT_AT_OPEN_IF_OPEN_BELOW_SL,SL_FIRST,10,PENDING_ANALYSIS,11.0554,11.0554,16.5831,289.9154,295.4431,264.9170,Indicative levels use the signal close only. Final SL/TP1/TP2 and sizing must be recalculated from the actual post-analysis broker fill.,55,2026-12-01,False,2026-08-26,0.3100,0.2900,6.4000,ALCISTA FUERTE,10,779.0900,8.4900,73.6000,15.0100,SIDI_INTRADAY_V2: Fund≥6.5 · DD60≥12% · RSI<40 · MACD↑ · Vol↓ · SPY20≤+1% · Abnormal20≤-10%,SIDI_INTRADAY_V2,False
ICE,Intercontinental Exchange,Financials,Financial Exchanges & Data,2007-09-26,153.4900,152.7200,155.1100,152.5000,153.4900,2026-10-06,2026-10-07,48.4500,40.5200,UP,-0.4284,-0.6371,-0.7227,True,0.4090,3.3771,0.9380,2.2000,155.1700,153.9400,153.9800,-1.0900,-0.2900,True,-0.0873,BAJISTA,-6.4300,-6.4700,164.0400,164.1100,174.2500,121.3900,-11.9200,26.4500,0.7820,True,True,151.3500,2.0000,158.5300,True,-1.3900,NONE,6.6500,6.5000,7.0000,7.5000,8.0000,5.0000,5.0000,False,False,False,False,True,True,4.4000,6.6000,1.5000,SIDI_INTRADAY_V2,1.8025,5.9579,-0.3510,1.0317,295.0000,XLF,True,21.4048,17.2050,2.8810,8.0694,15.7480,0.1409,0.0217,0.3825,1.0000,0.0480,0.1420,69.2260,1.0120,3633625088.0000,4038000128.0000,0.8999,85197225984,0.9440,1.9600,1.3600,561394487,4.3700,2.4000,5.3700,5.5100,0.0426,OK,0,5.2800,False,False,False,False,False,False,DD12|RSI40|FUND65|SPY20|ABNORMAL20,False,3-7d,XLF,,JPM|BAC|WFC,interest_rates|yield_curve|credit_spreads|loan_growth,POST_ANALYSIS_ACTUAL_FILL,LIVE_QUOTE_AT_ANALYSIS,True,1.0000,1.5000,1.0000,-5.0000,7,1.5000,3,SELL_50_PCT_AT_TP1_REST_AT_TP2,MOVE_REMAINDER_TO_BREAK_EVEN,EXIT_AT_OPEN_IF_OPEN_BELOW_SL,SL_FIRST,10,PENDING_ANALYSIS,3.3771,3.3771,5.0656,156.8671,158.5557,145.8155,Indicative levels use the signal close only. Final SL/TP1/TP2 and sizing must be recalculated from the actual post-analysis broker fill.,22,2026-10-29,False,2026-07-30,1.9000,1.8400,3.4000,ALCISTA FUERTE,10,779.0900,8.4900,73.6000,15.0100,SIDI_INTRADAY_V2: Fund≥6.5 · DD60≥12% · RSI<40 · MACD↑ · Vol↓ · SPY20≤+1% · Abnormal20≤-10%,SIDI_INTRADAY_V2,False
SRE,Sempra,Utilities,Multi-Utilities,2017-03-17,79.9700,78.3700,79.9900,78.3700,79.9700,2026-10-06,2026-10-07,44.4300,22.2400,UP,0.1903,0.0221,-0.1303,True,0.5044,1.2819,0.6970,1.6030,82.9300,88.6400,79.8400,-3.5700,-9.7800,False,-0.8991,BAJISTA,-13.7000,-15.6600,92.6600,94.8100,99.4900,76.2100,-19.6200,4.9300,0.8300,True,True,78.9300,1.0000,85.6000,True,-1.3000,HAMMER,6.7000,5.0000,7.0000,7.5000,7.0000,7.0000,7.0000,False,False,True,False,True,True,3.2100,4.8100,1.5000,SIDI_INTRADAY_V2,1.8025,-0.5105,-0.1362,1.0558,295.0000,XLU,True,22.4859,14.3689,1.5921,3.8408,16.9440,0.0668,0.0196,0.1682,0.4399,-0.0010,0.7130,84.6630,1.6420,-27657750528.0000,2262000128.0000,-12.2271,52050468864,0.5600,2.8000,3.2900,653900348,4.3400,5.0000,4.8100,3.0100,-0.5314,FCF/NI:-12.23,1,5.2800,False,False,False,False,False,False,RSI40|FUND65|SPY20|ABNORMAL20,False,3-7d,XLU,,NEE|DUK|SO,interest_rates|regulatory_environment,POST_ANALYSIS_ACTUAL_FILL,LIVE_QUOTE_AT_ANALYSIS,True,1.0000,1.5000,1.0000,-5.0000,7,1.5000,3,SELL_50_PCT_AT_TP1_REST_AT_TP2,MOVE_REMAINDER_TO_BREAK_EVEN,EXIT_AT_OPEN_IF_OPEN_BELOW_SL,SL_FIRST,10,PENDING_ANALYSIS,1.2819,1.2819,1.9228,81.2519,81.8928,75.9715,Indicative levels use the signal close only. Final SL/TP1/TP2 and sizing must be recalculated from the actual post-analysis broker fill.,28,2026-11-04,False,,,,,ALCISTA FUERTE,10,779.0900,8.4900,73.6000,15.0100,SIDI_INTRADAY_V2: Fund≥6.5 · DD60≥12% · RSI<40 · MACD↑ · Vol↓ · SPY20≤+1% · Abnormal20≤-10%,SIDI_INTRADAY_V2,False
FFIV,"F5, Inc.",Information Technology,Communications Equipment,2010-12-20,469.7900,463.0000,472.0000,460.3200,469.7900,2026-10-06,2026-10-07,74.2500,65.6600,UP,1.8743,1.1338,0.5942,True,0.9281,13.3407,0.9330,2.8400,413.9700,347.1400,438.4700,13.4800,35.3300,True,5.8317,ALCISTA,0.0000,-0.4700,469.7900,472.0000,472.0000,223.7600,-0.4700,109.9500,0.9020,True,True,381.9300,1.0000,462.0000,False,-18.7000,NONE,6.7500,10.0000,7.0000,7.5000,4.0000,5.0000,5.0000,False,False,False,False,True,True,5.6800,8.5200,1.5000,SIDI_INTRADAY_V2,1.8025,12.5892,0.0450,0.4726,295.0000,XLK,True,37.3379,25.9222,6.9062,8.0182,27.3470,0.1983,0.0798,0.2195,0.8187,0.1090,0.1140,6.5460,1.6650,717135488.0000,726510016.0000,0.9871,26534932480,1.0280,2.9000,0.0000,56627182,4.2600,1.0800,6.9100,4.8700,0.0270,OK,0,5.2600,False,False,False,False,False,False,DD12|RSI40|FUND65|SPY20|ABNORMAL20,False,10-18d,XLK,,AAPL|MSFT|NVDA,interest_rates|ai_capex_cycle|semiconductor_cycle,POST_ANALYSIS_ACTUAL_FILL,LIVE_QUOTE_AT_ANALYSIS,True,1.0000,1.5000,1.0000,-5.0000,7,1.5000,3,SELL_50_PCT_AT_TP1_REST_AT_TP2,MOVE_REMAINDER_TO_BREAK_EVEN,EXIT_AT_OPEN_IF_OPEN_BELOW_SL,SL_FIRST,10,PENDING_ANALYSIS,13.3407,13.3407,20.0111,483.1307,489.8011,446.3005,Indicative levels use the signal close only. Final SL/TP1/TP2 and sizing must be recalculated from the actual post-analysis broker fill.,19,2026-10-26,False,2026-07-27,4.7300,4.0000,18.2000,ALCISTA FUERTE,10,779.0900,8.4900,73.6000,15.0100,SIDI_INTRADAY_V2: Fund≥6.5 · DD60≥12% · RSI<40 · MACD↑ · Vol↓ · SPY20≤+1% · Abnormal20≤-10%,SIDI_INTRADAY_V2,False
NVR,"NVR, Inc.",Consumer Discretionary,Homebuilding,2019-09-26,6046.6000,5996.1001,6062.0000,5919.9502,6046.6001,2026-10-06,2026-10-07,42.2800,52.4000,DOWN,-21.7785,-23.3377,-3.8452,True,0.1582,139.9221,0.8330,2.3140,6269.6500,6675.2400,6175.7800,-3.5600,-9.4200,False,-1.8796,BAJISTA,-9.7700,-11.5000,6701.1000,6832.4300,8200.0000,5501.0098,-26.2600,9.9200,0.7740,False,False,5919.2500,1.0000,6832.4302,True,-2.1100,HAMMER,5.9300,5.0000,6.0000,5.0000,7.0000,6.5000,7.0000,False,False,False,False,True,False,4.6300,6.9400,1.5000,SIDI_INTRADAY_V2,1.8025,1.6118,-0.3435,0.8799,295.0000,XLY,True,15.2315,14.9036,4.6303,1.6222,10.4840,0.3154,0.1655,0.1185,0.2184,-0.1090,-0.2260,32.1500,5.6700,918313280.0000,1141319936.0000,0.8046,15624194048,0.9020,3.7700,0.0000,2664860,4.8100,0.0000,7.5100,7.2800,0.0588,RevG:-10.9%,1,5.2600,False,False,False,False,False,False,DD12|RSI40|VOLUME|FUND65|SPY20|ABNORMAL20,False,3-7d,XLY,,AMZN|TSLA|HD,consumer_spending|employment_data|interest_rates,POST_ANALYSIS_ACTUAL_FILL,LIVE_QUOTE_AT_ANALYSIS,True,1.0000,1.5000,1.0000,-5.0000,7,1.5000,3,SELL_50_PCT_AT_TP1_REST_AT_TP2,MOVE_REMAINDER_TO_BREAK_EVEN,EXIT_AT_OPEN_IF_OPEN_BELOW_SL,SL_FIRST,10,PENDING_ANALYSIS,139.9221,139.9221,209.8832,6186.5221,6256.4832,5744.2700,Indicative levels use the signal close only. Final SL/TP1/TP2 and sizing must be recalculated from the actual post-analysis broker fill.,15,2026-10-22,False,2026-07-23,83.9600,89.9800,-6.7000,ALCISTA FUERTE,10,779.0900,8.4900,73.6000,15.0100,SIDI_INTRADAY_V2: Fund≥6.5 · DD60≥12% · RSI<40 · MACD↑ · Vol↓ · SPY20≤+1% · Abnormal20≤-10%,SIDI_INTRADAY_V2,False
MSFT,Microsoft,Information Technology,Systems Software,1994-06-01,529.3000,531.6800,535.6900,528.7800,529.3000,2026-10-06,2026-10-07,76.3200,60.5000,UP,1.4365,0.9231,0.0331,True,1.0418,12.2114,0.9890,2.3070,493.0900,432.0000,507.6800,7.3400,22.5200,True,0.6059,ALCISTA,0.0000,-1.1900,529.3000,535.6900,549.2000,348.5400,-3.6200,51.8600,0.9680,True,True,486.0000,1.0000,,False,-8.1800,HAMMER,6.9500,10.0000,7.0000,7.5000,4.0000,5.0000,7.0000,False,False,False,False,True,True,4.6100,6.9200,1.5000,SIDI_INTRADAY_V2,1.8025,3.5756,1.1827,-0.0985,295.0000,XLK,True,29.2863,22.2025,8.8255,11.7633,20.5100,0.3404,0.1409,0.4031,0.6794,0.1770,0.3170,29.1180,1.2300,16545500160.0000,133748998144.0000,0.1237,3903535185920,1.0990,3.2100,0.7400,7425545491,4.1100,3.1700,5.7400,3.3200,0.0042,FCF/NI:0.12,1,5.2500,False,False,False,False,False,False,DD12|RSI40|FUND65|SPY20|ABNORMAL20,False,10-18d,XLK,,AAPL|NVDA|AVGO,interest_rates|ai_capex_cycle|semiconductor_cycle,POST_ANALYSIS_ACTUAL_FILL,LIVE_QUOTE_AT_ANALYSIS,True,1.0000,1.5000,1.0000,-5.0000,7,1.5000,3,SELL_50_PCT_AT_TP1_REST_AT_TP2,MOVE_REMAINDER_TO_BREAK_EVEN,EXIT_AT_OPEN_IF_OPEN_BELOW_SL,SL_FIRST,10,PENDING_ANALYSIS,12.2114,12.2114,18.3171,541.5114,547.6171,502.8350,Indicative levels use the signal close only. Final SL/TP1/TP2 and sizing must be recalculated from the actual post-analysis broker fill.,21,2026-10-28,False,2026-07-29,4.7400,4.2400,11.8000,ALCISTA FUERTE,10,779.0900,8.4900,73.6000,15.0100,SIDI_INTRADAY_V2: Fund≥6.5 · DD60≥12% · RSI<40 · MACD↑ · Vol↓ · SPY20≤+1% · Abnormal20≤-10%,SIDI_INTRADAY_V2,False
NCLH,Norwegian Cruise Line Holdings,Consumer Discretionary,"Hotels, Resorts & Cruise Lines",2017-10-13,15.5100,15.0500,15.7400,15.0500,15.5100,2026-10-06,2026-10-07,64.5000,49.2000,UP,0.2523,0.2165,0.1817,True,1.1467,0.6129,0.8650,3.9510,16.6000,19.3800,14.9900,-6.5700,-19.9600,False,-2.3061,BAJISTA,-26.9100,-27.0800,21.2200,21.2700,25.1300,13.6300,-38.2800,13.7900,1.1720,False,False,14.5300,1.0000,20.2600,False,-6.3200,HAMMER,5.4500,5.0000,7.0000,5.0000,4.0000,5.0000,7.0000,False,False,True,False,True,False,7.9000,11.8500,1.5000,SIDI_INTRADAY_V2,1.8025,7.9340,0.2778,1.4986,295.0000,XLY,True,9.1852,9.0020,2.6557,0.6731,8.8210,0.3673,0.0425,0.0749,0.4246,0.0490,6.1630,621.0510,0.2000,-1680301312.0000,760768000.0000,-2.2087,6832715264,1.9560,6.1700,0.0000,459187846,5.1200,7.0800,3.5800,4.6200,-0.2459,FCF/NI:-2.21|D/E:621,2,5.2500,False,False,False,False,False,False,RSI40|VOLUME|FUND65|SPY20|ABNORMAL20,False,3-7d,XLY,,AMZN|TSLA|HD,consumer_spending|employment_data|interest_rates,POST_ANALYSIS_ACTUAL_FILL,LIVE_QUOTE_AT_ANALYSIS,True,1.0000,1.5000,1.0000,-5.0000,7,1.5000,3,SELL_50_PCT_AT_TP1_REST_AT_TP2,MOVE_REMAINDER_TO_BREAK_EVEN,EXIT_AT_OPEN_IF_OPEN_BELOW_SL,SL_FIRST,10,PENDING_ANALYSIS,0.6129,0.6129,0.9194,16.1229,16.4293,14.7345,Indicative levels use the signal close only. Final SL/TP1/TP2 and sizing must be recalculated from the actual post-analysis broker fill.,28,2026-11-04,False,2026-07-30,0.4800,0.3900,22.8000,ALCISTA FUERTE,10,779.0900,8.4900,73.6000,15.0100,SIDI_INTRADAY_V2: Fund≥6.5 · DD60≥12% · RSI<40 · MACD↑ · Vol↓ · SPY20≤+1% · Abnormal20≤-10%,SIDI_INTRADAY_V2,False
PCAR,Paccar,Industrials,Construction Machinery & Heavy Transportation Equipment,1980-12-31,109.3200,109.1800,110.3300,108.7100,109.3200,2026-10-06,2026-10-07,11.0300,14.7600,DOWN,-0.1683,-0.2798,-0.4893,True,0.2290,2.4779,0.7980,2.2670,123.6600,120.2200,114.3800,-11.5900,-9.0700,True,0.8289,BAJISTA,-20.6900,-21.2800,137.8500,138.8700,138.8700,90.0300,-21.2800,21.4300,0.8200,False,False,106.9900,2.0000,122.4800,True,-2.1300,HAMMER|HAMMER|DOJI,7.1200,7.0000,8.5000,5.0000,7.0000,8.5000,7.0000,False,False,True,True,True,False,4.5300,6.8000,1.5000,SIDI_INTRADAY_V2,1.8025,-10.3906,0.1026,0.9704,295.0000,XLI,True,22.5074,14.8940,2.7692,2.0231,19.4680,0.1276,0.0412,0.0900,0.1371,0.0050,0.0420,72.9100,5.5190,1943650048.0000,2504199936.0000,0.7762,56273678336,0.9880,5.2500,1.2800,526364953,4.0000,0.4400,5.7500,6.0900,0.0345,OK,0,5.2500,False,False,True,False,False,False,VOLUME|FUND65|SPY20,False,5-10d,XLI,,CAT|UNP|HON,pmi_manufacturing|supply_chain|capex_cycle,POST_ANALYSIS_ACTUAL_FILL,LIVE_QUOTE_AT_ANALYSIS,True,1.0000,1.5000,1.0000,-5.0000,7,1.5000,3,SELL_50_PCT_AT_TP1_REST_AT_TP2,MOVE_REMAINDER_TO_BREAK_EVEN,EXIT_AT_OPEN_IF_OPEN_BELOW_SL,SL_FIRST,10,PENDING_ANALYSIS,2.4779,2.4779,3.7168,111.7979,113.0368,103.8540,Indicative levels use the signal close only. Final SL/TP1/TP2 and sizing must be recalculated from the actual post-analysis broker fill.,20,2026-10-27,False,2026-07-28,1.4300,1.3600,5.4000,ALCISTA FUERTE,10,779.0900,8.4900,73.6000,15.0100,SIDI_INTRADAY_V2: Fund≥6.5 · DD60≥12% · RSI<40 · MACD↑ · Vol↓ · SPY20≤+1% · Abnormal20≤-10%,SIDI_INTRADAY_V2,False
KLAC,KLA Corporation,Information Technology,Semiconductor Materials & Equipment,1997-09-30,197.4600,207.3400,207.6600,196.8300,197.4600,2026-10-06,2026-10-07,77.5700,62.6000,UP,2.8430,3.6052,3.1631,False,0.7346,7.2657,0.6620,3.6800,186.9700,178.3300,190.9300,5.6100,10.7200,True,3.9513,ALCISTA,-14.1900,-16.8400,230.1100,237.4500,307.0200,97.5700,-35.6900,102.3800,1.0460,True,True,167.1200,5.0000,214.5600,False,-15.3700,HAMMER|HAMMER,7.3500,10.0000,6.0000,7.5000,6.0000,7.0000,7.0000,False,False,True,False,False,True,7.3600,11.0400,1.5000,SIDI_INTRADAY_V2,1.8025,-5.6945,-0.9832,2.1147,295.0000,XLK,True,53.1079,28.8374,40.0113,18.6773,42.8350,0.8750,0.2080,0.3557,0.6130,0.1520,0.1380,96.8800,2.8760,2624587520.0000,4830771200.0000,0.5433,253660626944,1.4470,2.5500,0.4700,1305006492,3.8400,1.7800,6.8800,2.7000,0.0103,FCF/NI:0.54|D/E:97,2,5.2400,False,False,False,False,False,False,RSI40|MACD|FUND65|SPY20|ABNORMAL20,False,10-18d,XLK,,AAPL|MSFT|NVDA,interest_rates|ai_capex_cycle|semiconductor_cycle,POST_ANALYSIS_ACTUAL_FILL,LIVE_QUOTE_AT_ANALYSIS,True,1.0000,1.5000,1.0000,-5.0000,7,1.5000,3,SELL_50_PCT_AT_TP1_REST_AT_TP2,MOVE_REMAINDER_TO_BREAK_EVEN,EXIT_AT_OPEN_IF_OPEN_BELOW_SL,SL_FIRST,10,PENDING_ANALYSIS,7.2657,7.2657,10.8986,204.7257,208.3586,187.5870,Indicative levels use the signal close only. Final SL/TP1/TP2 and sizing must be recalculated from the actual post-analysis broker fill.,21,2026-10-28,False,2026-07-28,1.0500,1.0000,5.1000,ALCISTA FUERTE,10,779.0900,8.4900,73.6000,15.0100,SIDI_INTRADAY_V2: Fund≥6.5 · DD60≥12% · RSI<40 · MACD↑ · Vol↓ · SPY20≤+1% · Abnormal20≤-10%,SIDI_INTRADAY_V2,False
WEC,WEC Energy Group,Utilities,Electric Utilities,2008-10-31,103.1900,101.8700,103.2900,101.7000,103.1900,2026-10-06,2026-10-07,49.2400,32.5900,UP,0.1900,0.0404,-0.0377,True,0.5340,1.5964,0.8440,1.5470,105.8800,109.8100,103.0300,-2.5400,-6.0300,False,-0.1661,BAJISTA,-10.0900,-11.1100,114.7700,116.0900,118.8700,99.8000,-13.1900,3.4000,0.8340,False,False,104.7100,2.0000,107.6700,True,1.4800,HAMMER|DOJI,6.0500,5.0000,7.0000,5.0000,8.0000,5.0000,7.0000,False,False,False,False,True,False,3.0900,4.6400,1.5000,SIDI_INTRADAY_V2,1.8025,0.7501,-0.1747,0.9323,295.0000,XLU,True,20.0816,17.2398,2.4724,3.3243,14.3840,0.1199,0.0303,0.1669,0.4191,0.0260,0.1970,157.9850,0.5340,-2353637376.0000,1691500032.0000,-1.3914,33699342336,0.4420,6.2000,3.6900,325849383,4.7000,6.2700,4.6600,2.9200,-0.0698,FCF/NI:-1.39|D/E:158,2,5.2400,False,False,False,False,False,False,DD12|RSI40|VOLUME|FUND65|SPY20|ABNORMAL20,False,3-7d,XLU,,NEE|DUK|SO,interest_rates|regulatory_environment,POST_ANALYSIS_ACTUAL_FILL,LIVE_QUOTE_AT_ANALYSIS,True,1.0000,1.5000,1.0000,-5.0000,7,1.5000,3,SELL_50_PCT_AT_TP1_REST_AT_TP2,MOVE_REMAINDER_TO_BREAK_EVEN,EXIT_AT_OPEN_IF_OPEN_BELOW_SL,SL_FIRST,10,PENDING_ANALYSIS,1.5964,1.5964,2.3946,104.7864,105.5846,98.0305,Indicative levels use the signal close only. Final SL/TP1/TP2 and sizing must be recalculated from the actual post-analysis broker fill.,22,2026-10-29,False,2026-07-29,0.9100,0.8100,12.3000,ALCISTA FUERTE,10,779.0900,8.4900,73.6000,15.0100,SIDI_INTRADAY_V2: Fund≥6.5 · DD60≥12% · RSI<40 · MACD↑ · Vol↓ · SPY20≤+1% · Abnormal20≤-10%,SIDI_INTRADAY_V2,False
WM,Waste Management,Industrials,Environmental & Facilities Services,1998-08-31,207.8800,206.6700,208.7500,206.3100,207.8800,2026-10-06,2026-10-07,35.5800,29.8100,UP,0.2235,-0.0808,-0.5328,True,0.4059,3.0129,0.7090,1.4490,217.9600,223.0000,209.5100,-4.6200,-6.7800,False,-0.0997,BAJISTA,-13.8100,-15.5200,241.1800,246.0600,246.0600,190.9200,-15.5200,8.8800,1.0780,False,False,209.9600,3.0000,220.4100,True,1.0000,BULL_ENGULF,7.0000,5.0000,8.5000,5.0000,10.0000,7.0000,7.5000,False,False,True,True,True,False,2.9000,4.3500,1.5000,SIDI_INTRADAY_V2,1.8025,-2.7976,-0.7535,0.2214,295.0000,XLI,True,29.7018,23.0219,8.4503,3.2656,13.6210,0.2984,0.0657,0.1111,0.4060,0.0400,0.0830,235.3010,0.9070,2348375040.0000,2852999936.0000,0.8231,83818283008,0.4300,2.6800,1.8200,399715184,4.0500,2.1400,5.5000,4.5800,0.0280,D/E:235,1,5.2300,False,False,False,False,False,False,VOLUME|FUND65|SPY20|ABNORMAL20,False,3-7d,XLI,,CAT|UNP|HON,pmi_manufacturing|supply_chain|capex_cycle,POST_ANALYSIS_ACTUAL_FILL,LIVE_QUOTE_AT_ANALYSIS,True,1.0000,1.5000,1.0000,-5.0000,7,1.5000,3,SELL_50_PCT_AT_TP1_REST_AT_TP2,MOVE_REMAINDER_TO_BREAK_EVEN,EXIT_AT_OPEN_IF_OPEN_BELOW_SL,SL_FIRST,10,PENDING_ANALYSIS,3.0129,3.0129,4.5194,210.8929,212.3993,197.4860,Indicative levels use the signal close only. Final SL/TP1/TP2 and sizing must be recalculated from the actual post-analysis broker fill.,20,2026-10-27,False,2026-07-28,2.0200,1.9800,2.1000,ALCISTA FUERTE,10,779.0900,8.4900,73.6000,15.0100,SIDI_INTRADAY_V2: Fund≥6.5 · DD60≥12% · RSI<40 · MACD↑ · Vol↓ · SPY20≤+1% · Abnormal20≤-10%,SIDI_INTRADAY_V2,False
MTD,Mettler Toledo,Health Care,Life Sciences Tools & Services,2016-09-06,1533.0700,1560.0000,1585.7200,1512.5200,1533.0699,2026-10-06,2026-10-07,72.0000,85.3600,DOWN,7.0634,8.0732,11.5551,False,0.7486,48.5586,1.2680,3.1670,1416.7000,1320.1200,1465.9500,8.2100,16.1300,True,0.0762,ALCISTA,-0.7900,-3.3200,1545.2600,1585.7200,1585.7200,1023.0500,-3.3200,49.8500,0.9060,True,True,1377.1000,1.0000,,False,-10.1700,BULL_ENGULF,6.6000,10.0000,5.0000,7.5000,4.0000,5.0000,7.5000,False,False,False,False,False,True,6.3300,9.5000,1.5000,SIDI_INTRADAY_V2,1.8025,14.3021,0.5231,0.6940,295.0000,XLV,True,34.5393,29.6219,2394.5469,7.4280,25.7140,,0.2110,0.2191,0.6026,0.0450,0.1830,16668.4470,1.1220,693589632.0000,905611008.0000,0.7659,30706229248,1.1870,3.8600,0.0000,20036559,4.3000,4.1400,4.9800,3.6800,0.0226,D/E:16668,1,5.2200,False,False,False,False,False,False,DD12|RSI40|MACD|FUND65|SPY20|ABNORMAL20,False,10-18d,XLV,,UNH|JNJ|LLY,fda_calendar|drug_pricing_policy|patent_cliffs,POST_ANALYSIS_ACTUAL_FILL,LIVE_QUOTE_AT_ANALYSIS,True,1.0000,1.5000,1.0000,-5.0000,7,1.5000,3,SELL_50_PCT_AT_TP1_REST_AT_TP2,MOVE_REMAINDER_TO_BREAK_EVEN,EXIT_AT_OPEN_IF_OPEN_BELOW_SL,SL_FIRST,10,PENDING_ANALYSIS,48.5586,48.5586,72.8379,1581.6286,1605.9079,1456.4165,Indicative levels use the signal close only. Final SL/TP1/TP2 and sizing must be recalculated from the actual post-analysis broker fill.,29,2026-11-05,False,2026-07-30,11.4600,10.8000,6.1000,ALCISTA FUERTE,10,779.0900,8.4900,73.6000,15.0100,SIDI_INTRADAY_V2: Fund≥6.5 · DD60≥12% · RSI<40 · MACD↑ · Vol↓ · SPY20≤+1% · Abnormal20≤-10%,SIDI_INTRADAY_V2,False
ILMN,"Illumina, Inc.",Health Care,Life Sciences Tools & Services,2026-09-21,273.5400,301.5800,309.3500,271.5500,273.5400,2026-10-06,2026-10-07,68.3800,85.2700,DOWN,1.9086,3.0377,2.8404,False,0.7229,15.4671,1.6740,5.6540,222.5600,164.2300,254.7900,22.9000,66.5600,True,7.8229,ALCISTA,-6.8600,-11.5800,293.6900,309.3500,309.3500,88.0000,-11.5800,210.8400,0.9910,False,False,200.0100,1.0000,,False,-26.8800,NONE,5.8500,10.0000,5.0000,5.0000,4.0000,5.0000,5.0000,False,False,False,False,False,False,11.3100,16.9600,1.5000,SIDI_INTRADAY_V2,1.8025,18.7789,0.8032,0.5540,295.0000,XLV,True,50.6847,44.4933,14.4544,9.1282,36.9380,0.3234,0.0867,0.1834,0.6793,0.0940,-0.0940,89.0420,1.7960,797625024.0000,824000000.0000,0.9680,41022173184,1.4160,5.5200,0.0000,151000000,4.7900,3.4200,7.5100,3.2300,0.0194,D/E:89,1,5.2100,False,False,False,False,False,False,DD12|RSI40|MACD|VOLUME|FUND65|SPY20|ABNORMAL20,False,10-18d,XLV,,UNH|JNJ|LLY,fda_calendar|drug_pricing_policy|patent_cliffs,POST_ANALYSIS_ACTUAL_FILL,LIVE_QUOTE_AT_ANALYSIS,True,1.0000,1.5000,1.0000,-5.0000,7,1.5000,3,SELL_50_PCT_AT_TP1_REST_AT_TP2,MOVE_REMAINDER_TO_BREAK_EVEN,EXIT_AT_OPEN_IF_OPEN_BELOW_SL,SL_FIRST,10,PENDING_ANALYSIS,15.4671,15.4671,23.2006,289.0071,296.7407,259.8630,Indicative levels use the signal close only. Final SL/TP1/TP2 and sizing must be recalculated from the actual post-analysis broker fill.,22,2026-10-29,False,2026-07-30,1.3100,1.2300,6.8000,ALCISTA FUERTE,10,779.0900,8.4900,73.6000,15.0100,SIDI_INTRADAY_V2: Fund≥6.5 · DD60≥12% · RSI<40 · MACD↑ · Vol↓ · SPY20≤+1% · Abnormal20≤-10%,SIDI_INTRADAY_V2,False
APTV,Aptiv,Consumer Discretionary,Automotive Parts & Equipment,2012-12-24,44.7200,44.1000,44.9400,43.6100,44.7200,2026-10-06,2026-10-07,57.6200,44.1100,UP,0.3020,0.2362,0.2191,True,0.6879,1.2807,0.7070,2.8640,47.1600,62.9900,44.5100,-5.1800,-29.0000,False,-4.8862,BAJISTA,-24.7100,-25.4700,59.4000,60.0000,88.9300,42.5600,-49.7100,5.0800,0.6790,True,True,44.5200,1.0000,45.3800,True,-0.4500,NONE,6.5000,5.0000,7.0000,7.5000,7.0000,7.0000,5.0000,False,False,True,False,True,True,5.7300,8.5900,1.5000,SIDI_INTRADAY_V2,1.8025,6.1989,0.3387,0.7334,295.0000,XLY,True,42.2524,6.6708,1.0360,0.4489,4.3950,0.0516,0.0672,0.0107,0.1925,0.0230,-0.3530,64.9380,2.0180,1615874944.0000,470000000.0000,3.4380,9209725952,1.3650,1.5900,0.0000,211620527,4.3000,0.7100,5.2800,7.3300,0.1755,OK,0,5.1800,False,False,False,False,False,False,RSI40|FUND65|SPY20|ABNORMAL20,False,3-7d,XLY,,AMZN|TSLA|HD,consumer_spending|employment_data|interest_rates,POST_ANALYSIS_ACTUAL_FILL,LIVE_QUOTE_AT_ANALYSIS,True,1.0000,1.5000,1.0000,-5.0000,7,1.5000,3,SELL_50_PCT_AT_TP1_REST_AT_TP2,MOVE_REMAINDER_TO_BREAK_EVEN,EXIT_AT_OPEN_IF_OPEN_BELOW_SL,SL_FIRST,10,PENDING_ANALYSIS,1.2807,1.2807,1.9210,46.0007,46.6410,42.4840,Indicative levels use the signal close only. Final SL/TP1/TP2 and sizing must be recalculated from the actual post-analysis broker fill.,22,2026-10-29,False,2026-08-04,1.6300,1.4300,14.1000,ALCISTA FUERTE,10,779.0900,8.4900,73.6000,15.0100,SIDI_INTRADAY_V2: Fund≥6.5 · DD60≥12% · RSI<40 · MACD↑ · Vol↓ · SPY20≤+1% · Abnormal20≤-10%,SIDI_INTRADAY_V2,False
ESS,Essex Property Trust,Real Estate,Multi-Family Residential REITs,2014-04-02,272.4900,272.3700,276.8500,271.5700,272.4900,2026-10-06,2026-10-07,60.2500,49.0800,UP,0.7105,0.5605,0.4173,True,0.8142,4.1858,0.8310,1.5360,277.6300,263.5600,271.7500,-1.8500,3.3900,True,0.8375,NEUTRO,-7.7300,-8.5000,295.3100,297.8000,300.4800,231.6400,-9.3200,17.6400,1.1450,False,False,276.9700,2.0000,283.0800,True,1.6400,HAMMER|DOJI,6.6000,8.5000,7.0000,5.0000,7.0000,5.0000,7.0000,False,False,False,False,True,False,3.0700,4.6100,1.5000,SIDI_INTRADAY_V2,1.8025,2.4467,-0.1182,0.8341,295.0000,XLRE,True,42.0062,42.8755,3.2611,9.3988,19.8150,0.0771,0.0296,0.2089,0.6877,0.0310,-0.7180,122.4090,0.2490,1043926720.0000,413841984.0000,2.5225,18616965120,0.7150,4.4700,3.8000,64261739,4.2300,1.2500,5.2900,6.4600,0.0561,D/E:122,1,5.1800,False,False,False,False,False,False,DD12|RSI40|VOLUME|FUND65|SPY20|ABNORMAL20,False,7-15d,XLRE,,PLD|AMT|EQIX,interest_rates|cap_rates|occupancy_trends,POST_ANALYSIS_ACTUAL_FILL,LIVE_QUOTE_AT_ANALYSIS,True,1.0000,1.5000,1.0000,-5.0000,7,1.5000,3,SELL_50_PCT_AT_TP1_REST_AT_TP2,MOVE_REMAINDER_TO_BREAK_EVEN,EXIT_AT_OPEN_IF_OPEN_BELOW_SL,SL_FIRST,10,PENDING_ANALYSIS,4.1858,4.1858,6.2787,276.6758,278.7687,258.8655,Indicative levels use the signal close only. Final SL/TP1/TP2 and sizing must be recalculated from the actual post-analysis broker fill.,20,2026-10-27,False,2026-07-29,0.9400,1.4700,-36.0000,ALCISTA FUERTE,10,779.0900,8.4900,73.6000,15.0100,SIDI_INTRADAY_V2: Fund≥6.5 · DD60≥12% · RSI<40 · MACD↑ · Vol↓ · SPY20≤+1% · Abnormal20≤-10%,SIDI_INTRADAY_V2,False
IP,International Paper,Materials,Paper & Plastic Packaging Products & Materials,1957-03-04,32.1400,32.1200,32.5800,31.8900,32.1400,2026-10-06,2026-10-07,37.8200,40.8600,DOWN,-0.1392,-0.1579,-0.0927,True,0.0973,1.1221,0.8220,3.4910,37.7400,37.2100,34.2800,-14.8400,-13.6300,True,-0.7955,BAJISTA,-26.2700,-27.4700,43.5900,44.3200,48.4700,28.5100,-33.6900,12.7500,0.8460,False,False,31.4200,1.0000,33.3600,True,-2.2300,HAMMER|DOJI,6.7500,6.5000,7.5000,5.0000,7.0000,8.0000,7.0000,False,False,True,True,True,False,6.9800,10.4700,1.5000,SIDI_INTRADAY_V2,1.8025,-5.1635,0.0322,1.6314,295.0000,XLB,True,,10.3833,1.1508,0.6874,6.6590,-0.1648,0.0159,-0.1421,0.2961,-0.0220,,68.5090,1.0980,1646499968.0000,-2724999936.0000,-0.6042,16636438528,0.8890,10.9500,5.7600,529569895,4.1300,2.5000,2.7700,7.6200,0.0990,FCF/NI:-0.60|ROE:-16.5%,2,5.1800,False,False,False,False,False,False,VOLUME|FUND65|SPY20|ABNORMAL20,False,3-7d,XLB,,LIN|APD|ECL,commodity_prices|dxy|china_demand|energy_costs,POST_ANALYSIS_ACTUAL_FILL,LIVE_QUOTE_AT_ANALYSIS,True,1.0000,1.5000,1.0000,-5.0000,7,1.5000,3,SELL_50_PCT_AT_TP1_REST_AT_TP2,MOVE_REMAINDER_TO_BREAK_EVEN,EXIT_AT_OPEN_IF_OPEN_BELOW_SL,SL_FIRST,10,PENDING_ANALYSIS,1.1221,1.1221,1.6832,33.2621,33.8231,30.5330,Indicative levels use the signal close only. Final SL/TP1/TP2 and sizing must be recalculated from the actual post-analysis broker fill.,21,2026-10-28,False,2026-07-30,0.0400,-0.0400,205.4000,ALCISTA FUERTE,10,779.0900,8.4900,73.6000,15.0100,SIDI_INTRADAY_V2: Fund≥6.5 · DD60≥12% · RSI<40 · MACD↑ · Vol↓ · SPY20≤+1% · Abnormal20≤-10%,SIDI_INTRADAY_V2,False
ROL,"Rollins, Inc.",Industrials,Environmental & Facilities Services,2018-10-01,30.3500,29.7000,30.3600,29.6100,30.3500,2026-10-06,2026-10-07,28.9100,23.8300,UP,-0.0164,-0.0854,-0.1348,True,0.2666,0.9164,0.8580,3.0200,34.8900,49.0000,31.9300,-13.0200,-38.0600,False,-5.3059,BAJISTA,-32.9100,-34.2200,45.2400,46.1400,65.4000,29.2900,-53.5900,3.6200,0.9480,False,False,,0.0000,37.7300,False,,HAMMER,6.1700,5.0000,9.5000,5.0000,4.0000,6.5000,7.0000,False,False,True,True,True,False,6.0400,9.0600,1.5000,SIDI_INTRADAY_V2,1.8025,-6.5610,0.2731,-0.1670,295.0000,XLI,True,28.2000,24.0571,10.4409,3.8035,18.0440,0.3701,0.1406,0.1355,0.5237,0.0790,0.0310,78.0150,0.6290,501737504.0000,531716000.0000,0.9436,14925130752,0.7310,4.0000,2.4100,481145404,4.5000,2.2200,6.3400,5.0200,0.0336,OK,0,5.1700,False,False,False,False,False,False,VOLUME|FUND65|SPY20|ABNORMAL20,False,3-7d,XLI,,CAT|UNP|HON,pmi_manufacturing|supply_chain|capex_cycle,POST_ANALYSIS_ACTUAL_FILL,LIVE_QUOTE_AT_ANALYSIS,True,1.0000,1.5000,1.0000,-5.0000,7,1.5000,3,SELL_50_PCT_AT_TP1_REST_AT_TP2,MOVE_REMAINDER_TO_BREAK_EVEN,EXIT_AT_OPEN_IF_OPEN_BELOW_SL,SL_FIRST,10,PENDING_ANALYSIS,0.9164,0.9164,1.3746,31.2664,31.7246,28.8325,Indicative levels use the signal close only. Final SL/TP1/TP2 and sizing must be recalculated from the actual post-analysis broker fill.,21,2026-10-28,False,2026-07-22,0.3200,0.3400,-5.8000,ALCISTA FUERTE,10,779.0900,8.4900,73.6000,15.0100,SIDI_INTRADAY_V2: Fund≥6.5 · DD60≥12% · RSI<40 · MACD↑ · Vol↓ · SPY20≤+1% · Abnormal20≤-10%,SIDI_INTRADAY_V2,False
PG,Procter & Gamble,Consumer Staples,Personal Care Products,1957-03-04,148.4100,148.0200,149.6800,147.0600,148.4100,2026-10-06,2026-10-07,53.5500,68.7800,DOWN,-0.0120,-0.1993,-0.1673,True,0.8169,2.3186,0.8410,1.5620,145.7000,146.2500,146.3000,1.8600,1.4800,False,0.2778,ALCISTA,-1.3100,-3.4300,150.3800,153.6800,164.7700,134.6200,-9.9300,10.2400,1.6050,False,False,141.2800,8.0000,150.3300,False,-4.8000,HAMMER,6.6500,8.5000,6.0000,7.0000,6.0000,5.0000,7.0000,False,False,False,False,True,False,3.1200,4.6900,1.5000,SIDI_INTRADAY_V2,1.8025,4.3394,0.1712,0.9257,295.0000,XLP,True,22.5287,20.1635,6.4993,3.9832,14.9900,0.3029,0.1072,0.1844,0.5087,0.0150,-0.1550,64.4900,0.6770,13280874496.0000,15754000384.0000,0.8430,346665943040,0.3770,2.5700,2.9300,2324433060,4.1600,0.4000,6.8100,5.4600,0.0383,OK,0,5.1600,False,False,False,False,False,False,DD12|RSI40|VOLUME|FUND65|SPY20|ABNORMAL20,False,10-18d,XLP,,KO|PEP|WMT,inflation|input_costs|fx_rates,POST_ANALYSIS_ACTUAL_FILL,LIVE_QUOTE_AT_ANALYSIS,True,1.0000,1.5000,1.0000,-5.0000,7,1.5000,3,SELL_50_PCT_AT_TP1_REST_AT_TP2,MOVE_REMAINDER_TO_BREAK_EVEN,EXIT_AT_OPEN_IF_OPEN_BELOW_SL,SL_FIRST,10,PENDING_ANALYSIS,2.3186,2.3186,3.4779,150.7286,151.8879,140.9895,Indicative levels use the signal close only. Final SL/TP1/TP2 and sizing must be recalculated from the actual post-analysis broker fill.,15,2026-10-22,False,2026-07-29,1.4300,1.4100,1.6000,ALCISTA FUERTE,10,779.0900,8.4900,73.6000,15.0100,SIDI_INTRADAY_V2: Fund≥6.5 · DD60≥12% · RSI<40 · MACD↑ · Vol↓ · SPY20≤+1% · Abnormal20≤-10%,SIDI_INTRADAY_V2,False
WAT,Waters Corporation,Health Care,Life Sciences Tools & Services,2002-01-02,436.4300,445.7400,454.5400,431.6200,436.4300,2026-10-06,2026-10-07,60.1300,76.9600,DOWN,0.0857,0.1809,0.7093,False,0.7310,12.9471,1.0880,2.9670,412.8000,364.1500,426.9400,5.7300,19.8500,True,0.8988,ALCISTA,-1.5400,-3.9800,443.2600,454.5400,454.5400,282.7700,-3.9800,54.3400,1.3680,False,False,418.0000,1.0000,,False,-4.2200,NONE,5.8500,10.0000,5.0000,5.0000,4.0000,5.0000,5.0000,False,False,False,False,False,False,5.9300,8.9000,1.5000,SIDI_INTRADAY_V2,1.8025,3.9719,0.8207,0.6018,295.0000,XLV,True,109.9240,26.2524,2.8068,9.1795,32.9300,0.0192,0.0356,0.0359,0.5634,1.1340,,36.0450,1.8610,-142067632.0000,166628992.0000,-0.8526,42632298496,1.1490,5.0600,0.0000,98185855,4.6800,7.5000,4.0200,2.1600,-0.0033,FCF/NI:-0.85,1,5.1500,False,False,False,False,False,False,DD12|RSI40|MACD|VOLUME|FUND65|SPY20|ABNORMAL20,False,10-18d,XLV,,UNH|JNJ|LLY,fda_calendar|drug_pricing_policy|patent_cliffs,POST_ANALYSIS_ACTUAL_FILL,LIVE_QUOTE_AT_ANALYSIS,True,1.0000,1.5000,1.0000,-5.0000,7,1.5000,3,SELL_50_PCT_AT_TP1_REST_AT_TP2,MOVE_REMAINDER_TO_BREAK_EVEN,EXIT_AT_OPEN_IF_OPEN_BELOW_SL,SL_FIRST,10,PENDING_ANALYSIS,12.9471,12.9471,19.4207,449.3771,455.8507,414.6085,Indicative levels use the signal close only. Final SL/TP1/TP2 and sizing must be recalculated from the actual post-analysis broker fill.,27,2026-11-03,False,2026-08-04,3.0500,3.0100,1.4000,ALCISTA FUERTE,10,779.0900,8.4900,73.6000,15.0100,SIDI_INTRADAY_V2: Fund≥6.5 · DD60≥12% · RSI<40 · MACD↑ · Vol↓ · SPY20≤+1% · Abnormal20≤-10%,SIDI_INTRADAY_V2,False
MCD,McDonald's,Consumer Discretionary,Restaurants,1970-06-30,232.4500,233.3500,234.3000,231.7000,232.4500,2026-10-06,2026-10-07,19.0300,22.2400,DOWN,-0.4578,-0.7432,-1.3430,True,0.2267,4.4343,0.8680,1.9080,256.9000,285.5700,241.4800,-9.5200,-18.6000,False,-2.0794,BAJISTA,-15.2600,-16.0000,274.3100,276.7300,335.1800,229.2000,-30.6500,1.4200,0.9010,False,False,,0.0000,276.5700,False,,HAMMER,5.9800,5.0000,8.5000,5.0000,4.0000,6.5000,7.0000,False,False,True,True,True,False,3.8200,5.7200,1.5000,SIDI_INTRADAY_V2,1.8025,-4.7358,-0.7471,0.6174,295.0000,XLY,True,18.7742,16.7631,-159.8272,5.9037,14.6200,,0.1325,0.3172,0.5738,0.0370,0.0570,,1.0810,6262374912.0000,8787000320.0000,0.7127,163543105536,0.4470,2.8200,3.3200,707641531,4.5800,3.6800,4.9600,5.1700,0.0383,FCF/NI:0.71,1,5.1400,False,False,False,False,False,False,VOLUME|FUND65|SPY20|ABNORMAL20,False,3-7d,XLY,,AMZN|TSLA|HD,consumer_spending|employment_data|interest_rates,POST_ANALYSIS_ACTUAL_FILL,LIVE_QUOTE_AT_ANALYSIS,True,1.0000,1.5000,1.0000,-5.0000,7,1.5000,3,SELL_50_PCT_AT_TP1_REST_AT_TP2,MOVE_REMAINDER_TO_BREAK_EVEN,EXIT_AT_OPEN_IF_OPEN_BELOW_SL,SL_FIRST,10,PENDING_ANALYSIS,4.4343,4.4343,6.6515,236.8843,239.1014,220.8275,Indicative levels use the signal close only. Final SL/TP1/TP2 and sizing must be recalculated from the actual post-analysis broker fill.,28,2026-11-04,False,2026-08-04,3.3800,3.3200,1.8000,ALCISTA FUERTE,10,779.0900,8.4900,73.6000,15.0100,SIDI_INTRADAY_V2: Fund≥6.5 · DD60≥12% · RSI<40 · MACD↑ · Vol↓ · SPY20≤+1% · Abnormal20≤-10%,SIDI_INTRADAY_V2,False
TSLA,"Tesla, Inc.",Consumer Discretionary,Automobile Manufacturers,2020-12-21,380.6800,381.9800,383.3300,378.5200,380.6800,2026-10-06,2026-10-07,63.7100,39.2600,UP,0.4866,-0.3477,-2.4288,True,0.8639,11.6729,0.8340,3.0660,350.3300,392.1900,365.8900,8.6600,-2.9400,False,-1.8026,BAJISTA,-3.9100,-6.3700,396.1800,406.5900,498.8300,297.3800,-23.6900,28.0100,0.7730,False,False,383.6700,3.0000,432.8600,True,0.7900,NONE,6.4500,6.5000,7.0000,5.0000,10.0000,5.0000,5.0000,False,False,False,False,True,False,6.1300,9.2000,1.5000,SIDI_INTRADAY_V2,1.8025,6.5647,1.1215,1.0457,295.0000,XLY,True,347.4120,174.8661,17.0587,14.3010,137.3060,0.0467,0.0193,0.0367,0.1885,0.2550,-0.0300,18.3730,1.9410,4835999744.0000,3806000128.0000,1.2706,1481889939456,1.9160,1.7900,0.0000,3949547394,4.2500,5.0000,5.8500,1.5200,0.0033,OK,0,5.1300,False,False,False,False,False,False,DD12|RSI40|VOLUME|FUND65|SPY20|ABNORMAL20,False,3-7d,XLY,,AMZN|HD|MCD,consumer_spending|employment_data|interest_rates,POST_ANALYSIS_ACTUAL_FILL,LIVE_QUOTE_AT_ANALYSIS,True,1.0000,1.5000,1.0000,-5.0000,7,1.5000,3,SELL_50_PCT_AT_TP1_REST_AT_TP2,MOVE_REMAINDER_TO_BREAK_EVEN,EXIT_AT_OPEN_IF_OPEN_BELOW_SL,SL_FIRST,10,PENDING_ANALYSIS,11.6729,11.6729,17.5094,392.3529,398.1893,361.6460,Indicative levels use the signal close only. Final SL/TP1/TP2 and sizing must be recalculated from the actual post-analysis broker fill.,14,2026-10-21,False,2026-07-22,0.3300,0.5400,-39.1000,ALCISTA FUERTE,10,779.0900,8.4900,73.6000,15.0100,SIDI_INTRADAY_V2: Fund≥6.5 · DD60≥12% · RSI<40 · MACD↑ · Vol↓ · SPY20≤+1% · Abnormal20≤-10%,SIDI_INTRADAY_V2,False
DRI,Darden Restaurants,Consumer Discretionary,Restaurants,1995-05-31,203.1400,200.5200,203.5000,199.1000,203.1400,2026-10-06,2026-10-07,43.8000,35.7700,UP,-0.4511,-0.9698,-1.7867,True,0.4144,5.0514,0.9000,2.4870,211.8500,202.3900,204.7200,-4.1100,0.3700,True,1.5622,NEUTRO,-10.7800,-11.5900,227.6800,229.7600,229.7600,165.1300,-11.5900,23.0200,0.7210,True,True,189.3200,5.0000,210.6600,False,-6.8000,NONE,6.7500,8.5000,7.0000,7.5000,6.0000,5.0000,5.0000,False,False,False,False,True,True,4.9700,7.4600,1.5000,SIDI_INTRADAY_V2,1.8025,-4.7218,-0.4830,0.5051,295.0000,XLY,True,19.1763,16.1609,10.9768,1.6963,14.6350,0.5543,0.0765,0.0885,0.2166,0.0510,-0.0670,415.3020,0.2980,794787520.0000,1190099968.0000,0.6678,22673053696,0.6180,6.0800,3.1900,113143224,4.0400,2.1800,4.9700,5.1100,0.0351,FCF/NI:0.67|D/E:415,2,5.1200,False,False,False,False,False,False,DD12|RSI40|FUND65|SPY20|ABNORMAL20,False,7-15d,XLY,,AMZN|TSLA|HD,consumer_spending|employment_data|interest_rates,POST_ANALYSIS_ACTUAL_FILL,LIVE_QUOTE_AT_ANALYSIS,True,1.0000,1.5000,1.0000,-5.0000,7,1.5000,3,SELL_50_PCT_AT_TP1_REST_AT_TP2,MOVE_REMAINDER_TO_BREAK_EVEN,EXIT_AT_OPEN_IF_OPEN_BELOW_SL,SL_FIRST,10,PENDING_ANALYSIS,5.0514,5.0514,7.5771,208.1914,210.7171,192.9830,Indicative levels use the signal close only. Final SL/TP1/TP2 and sizing must be recalculated from the actual post-analysis broker fill.,78,2026-12-24,False,2026-09-24,2.0500,2.0500,-17.0000,ALCISTA FUERTE,10,779.0900,8.4900,73.6000,15.0100,SIDI_INTRADAY_V2: Fund≥6.5 · DD60≥12% · RSI<40 · MACD↑ · Vol↓ · SPY20≤+1% · Abnormal20≤-10%,SIDI_INTRADAY_V2,False
RF,Regions Financial Corporation,Financials,Regional Banks,1998-08-28,27.0500,27.1900,27.4100,26.9900,27.0500,2026-10-06,2026-10-07,24.0900,15.6000,UP,-0.0417,-0.0749,-0.1556,True,0.2692,0.5064,0.8620,1.8720,29.6600,28.2300,27.9700,-8.8000,-4.1800,True,1.0332,BAJISTA,-15.6700,-15.8500,32.0700,32.1400,32.1400,21.8200,-15.8500,23.9800,0.9620,False,False,27.0100,2.0000,28.0700,True,-0.1700,HAMMER,7.1800,7.0000,9.5000,5.0000,8.0000,6.5000,7.0000,False,False,True,True,True,False,3.7400,5.6200,1.5000,SIDI_INTRADAY_V2,1.8025,-5.0407,0.0163,1.0642,295.0000,XLF,True,10.8714,9.3522,1.3000,3.1350,,0.1187,0.0139,0.3084,0.0000,0.0340,0.0850,,,,2150000128.0000,,22691143680,1.0600,7.6700,4.0500,851929506,3.7300,1.1700,4.5800,5.7200,,OK,0,5.1100,False,False,False,False,False,False,VOLUME|FUND65|SPY20|ABNORMAL20,False,5-10d,XLF,,JPM|BAC|WFC,interest_rates|yield_curve|credit_spreads|loan_growth,POST_ANALYSIS_ACTUAL_FILL,LIVE_QUOTE_AT_ANALYSIS,True,1.0000,1.5000,1.0000,-5.0000,7,1.5000,3,SELL_50_PCT_AT_TP1_REST_AT_TP2,MOVE_REMAINDER_TO_BREAK_EVEN,EXIT_AT_OPEN_IF_OPEN_BELOW_SL,SL_FIRST,10,PENDING_ANALYSIS,0.5064,0.5064,0.7596,27.5564,27.8096,25.6975,Indicative levels use the signal close only. Final SL/TP1/TP2 and sizing must be recalculated from the actual post-analysis broker fill.,9,2026-10-16,False,2026-07-17,0.6800,0.6300,7.9000,ALCISTA FUERTE,10,779.0900,8.4900,73.6000,15.0100,SIDI_INTRADAY_V2: Fund≥6.5 · DD60≥12% · RSI<40 · MACD↑ · Vol↓ · SPY20≤+1% · Abnormal20≤-10%,SIDI_INTRADAY_V2,False
AON,Aon plc,Financials,Insurance Brokers,1996-04-23,273.9900,270.8300,274.7100,270.1000,273.9900,2026-10-06,2026-10-07,22.7700,27.5300,DOWN,0.4991,-0.0186,-0.5053,True,0.2576,6.4864,0.7290,2.3670,325.4000,330.0400,288.9700,-15.8000,-16.9800,False,-1.7492,BAJISTA,-27.9700,-28.1800,380.3900,381.4700,381.4700,266.3300,-28.1800,2.8800,0.6220,False,False,,0.0000,329.4700,False,,NONE,6.0700,5.0000,8.5000,5.0000,4.0000,8.5000,5.0000,False,False,True,True,True,False,4.7300,7.1000,1.5000,SIDI_INTRADAY_V2,1.8025,-2.9800,-1.0013,1.4086,295.0000,XLF,True,14.8199,13.3879,5.9805,3.2676,12.3740,0.4470,0.0583,0.2227,0.4815,0.0220,-0.0300,163.4810,1.0330,3190874880.0000,3913999872.0000,0.8152,57435086848,0.6910,2.5500,1.2000,212125434,4.4600,0.0700,6.9600,6.6600,0.0556,D/E:163,1,5.1000,False,False,False,False,False,False,VOLUME|FUND65|SPY20|ABNORMAL20,False,3-7d,XLF,,JPM|BAC|WFC,interest_rates|yield_curve|credit_spreads|loan_growth,POST_ANALYSIS_ACTUAL_FILL,LIVE_QUOTE_AT_ANALYSIS,True,1.0000,1.5000,1.0000,-5.0000,7,1.5000,3,SELL_50_PCT_AT_TP1_REST_AT_TP2,MOVE_REMAINDER_TO_BREAK_EVEN,EXIT_AT_OPEN_IF_OPEN_BELOW_SL,SL_FIRST,10,PENDING_ANALYSIS,6.4864,6.4864,9.7296,280.4764,283.7196,260.2905,Indicative levels use the signal close only. Final SL/TP1/TP2 and sizing must be recalculated from the actual post-analysis broker fill.,23,2026-10-30,False,2026-07-29,3.8100,3.8000,27.0000,ALCISTA FUERTE,10,779.0900,8.4900,73.6000,15.0100,SIDI_INTRADAY_V2: Fund≥6.5 · DD60≥12% · RSI<40 · MACD↑ · Vol↓ · SPY20≤+1% · Abnormal20≤-10%,SIDI_INTRADAY_V2,False
DE,Deere & Company,Industrials,Agricultural & Farm Machinery,1957-03-04,682.7900,684.1000,692.8300,680.1200,682.7900,2026-10-06,2026-10-07,56.8500,51.6800,UP,-3.2690,-3.5453,-4.5810,True,0.5015,16.3812,0.9080,2.3990,649.8700,586.9400,678.0800,5.0700,16.3300,True,3.7233,ALCISTA,-3.5300,-5.1000,707.7900,719.5000,719.5000,428.1200,-5.1000,59.4900,0.6110,True,True,589.8400,2.0000,704.2000,False,-13.6100,HAMMER,6.9500,10.0000,7.0000,7.5000,4.0000,5.0000,7.0000,False,False,False,False,True,True,4.8000,7.2000,1.5000,SIDI_INTRADAY_V2,1.8025,0.0403,-0.6580,1.2792,295.0000,XLI,True,36.4391,28.8651,6.3147,3.6879,28.1150,0.1824,0.0376,0.1017,0.2518,0.0490,0.0740,230.2980,2.1320,4516250112.0000,4872999936.0000,0.9268,176750231552,0.8720,3.9000,0.9500,269625412,3.8600,2.2300,5.1200,4.2800,0.0256,D/E:230,1,5.1000,False,False,False,False,False,False,DD12|RSI40|FUND65|SPY20|ABNORMAL20,False,10-18d,XLI,,CAT|UNP|HON,pmi_manufacturing|supply_chain|capex_cycle,POST_ANALYSIS_ACTUAL_FILL,LIVE_QUOTE_AT_ANALYSIS,True,1.0000,1.5000,1.0000,-5.0000,7,1.5000,3,SELL_50_PCT_AT_TP1_REST_AT_TP2,MOVE_REMAINDER_TO_BREAK_EVEN,EXIT_AT_OPEN_IF_OPEN_BELOW_SL,SL_FIRST,10,PENDING_ANALYSIS,16.3812,16.3812,24.5718,699.1712,707.3618,648.6505,Indicative levels use the signal close only. Final SL/TP1/TP2 and sizing must be recalculated from the actual post-analysis broker fill.,49,2026-11-25,False,2026-08-20,5.1000,4.7100,8.3000,ALCISTA FUERTE,10,779.0900,8.4900,73.6000,15.0100,SIDI_INTRADAY_V2: Fund≥6.5 · DD60≥12% · RSI<40 · MACD↑ · Vol↓ · SPY20≤+1% · Abnormal20≤-10%,SIDI_INTRADAY_V2,False
TXT,Textron,Industrials,Aerospace & Defense,1978-12-31,75.5300,75.9300,76.1100,75.2800,75.5300,2026-10-06,2026-10-07,26.2800,38.5500,DOWN,0.0330,0.0637,0.0522,False,0.1378,1.5886,0.7430,2.1030,82.3300,89.4600,78.1800,-8.2600,-15.5700,False,-0.6017,BAJISTA,-21.4100,-22.3700,96.1100,97.3000,101.5000,75.2800,-25.5900,0.3300,0.8220,False,False,75.5100,1.0000,82.7900,True,-0.0300,NONE,6.5500,5.0000,7.5000,5.0000,7.0000,10.0000,5.0000,False,False,True,True,False,False,4.2100,6.3100,1.5000,SIDI_INTRADAY_V2,1.8025,-0.5359,-0.3185,1.1233,295.0000,XLI,True,13.8535,10.1226,1.5704,0.8361,9.3840,0.1213,0.0455,0.0612,0.1763,0.0300,0.0520,52.2850,1.8610,452750016.0000,939000000.0000,0.4822,12791620608,0.9080,4.4900,0.1100,173888981,4.1400,1.1300,4.2000,7.5900,0.0354,FCF/NI:0.48,1,5.1000,False,False,False,False,False,False,MACD|VOLUME|FUND65|SPY20|ABNORMAL20,False,3-7d,XLI,,CAT|UNP|HON,pmi_manufacturing|supply_chain|capex_cycle,POST_ANALYSIS_ACTUAL_FILL,LIVE_QUOTE_AT_ANALYSIS,True,1.0000,1.5000,1.0000,-5.0000,7,1.5000,3,SELL_50_PCT_AT_TP1_REST_AT_TP2,MOVE_REMAINDER_TO_BREAK_EVEN,EXIT_AT_OPEN_IF_OPEN_BELOW_SL,SL_FIRST,10,PENDING_ANALYSIS,1.5886,1.5886,2.3829,77.1186,77.9129,71.7535,Indicative levels use the signal close only. Final SL/TP1/TP2 and sizing must be recalculated from the actual post-analysis broker fill.,22,2026-10-29,False,2026-07-28,1.6200,1.5500,4.8000,ALCISTA FUERTE,10,779.0900,8.4900,73.6000,15.0100,SIDI_INTRADAY_V2: Fund≥6.5 · DD60≥12% · RSI<40 · MACD↑ · Vol↓ · SPY20≤+1% · Abnormal20≤-10%,SIDI_INTRADAY_V2,False
SYF,Synchrony Financial,Financials,Consumer Finance,2015-11-18,72.1600,72.5500,72.8500,71.7500,72.1600,2026-10-06,2026-10-07,37.9600,28.8200,UP,-0.0326,-0.1296,-0.3234,True,0.3423,1.7333,0.8380,2.4020,76.5800,74.1100,73.4100,-5.7800,-2.6300,True,-0.6545,BAJISTA,-10.9100,-11.9100,81.0000,81.9200,87.6700,62.5500,-17.7000,15.3500,0.6130,True,True,70.3500,1.0000,73.0800,True,-2.5100,NONE,6.9500,6.5000,8.5000,7.5000,8.0000,5.0000,5.0000,False,True,False,True,True,True,4.8000,7.2100,1.5000,SIDI_INTRADAY_V2,1.8025,-1.6681,0.5362,1.2472,295.0000,XLF,True,7.2958,6.8120,1.5259,2.3408,,0.2079,0.0290,0.3551,0.0000,0.0060,0.0360,,,,3435000064.0000,,23192432640,1.3390,5.7600,1.8800,325370840,3.8400,0.0500,5.4500,6.3800,,OK,0,5.0800,False,False,False,False,False,False,DD12|FUND65|SPY20|ABNORMAL20,False,3-7d,XLF,,JPM|BAC|WFC,interest_rates|yield_curve|credit_spreads|loan_growth,POST_ANALYSIS_ACTUAL_FILL,LIVE_QUOTE_AT_ANALYSIS,True,1.0000,1.5000,1.0000,-5.0000,7,1.5000,3,SELL_50_PCT_AT_TP1_REST_AT_TP2,MOVE_REMAINDER_TO_BREAK_EVEN,EXIT_AT_OPEN_IF_OPEN_BELOW_SL,SL_FIRST,10,PENDING_ANALYSIS,1.7333,1.7333,2.6000,73.8933,74.7600,68.5520,Indicative levels use the signal close only. Final SL/TP1/TP2 and sizing must be recalculated from the actual post-analysis broker fill.,13,2026-10-20,False,2026-07-21,2.5900,2.1300,21.9000,ALCISTA FUERTE,10,779.0900,8.4900,73.6000,15.0100,SIDI_INTRADAY_V2: Fund≥6.5 · DD60≥12% · RSI<40 · MACD↑ · Vol↓ · SPY20≤+1% · Abnormal20≤-10%,SIDI_INTRADAY_V2,False
AIG,American International Group,Financials,Multi-line Insurance,1980-03-31,75.1100,75.1600,76.4000,74.8200,75.1100,2026-10-06,2026-10-07,45.3900,53.6700,DOWN,0.1010,0.0876,0.0457,True,0.5450,1.4829,1.0020,1.9740,76.0700,76.1000,75.0800,-1.2600,-1.3000,False,-0.2402,BAJISTA,-6.4600,-6.7000,80.3000,80.5100,85.6400,69.9000,-12.2900,7.4500,1.0110,False,False,73.1200,8.0000,80.4700,True,-2.6500,HAMMER|DOJI|HAMMER|DOJI,6.1500,5.0000,6.0000,5.0000,10.0000,5.0000,7.0000,False,False,False,False,True,False,3.9500,5.9200,1.5000,SIDI_INTRADAY_V2,1.8025,9.5115,-0.4091,1.0049,295.0000,XLF,True,13.7967,8.5611,0.9734,1.4731,4.6560,0.0722,0.0176,0.1109,0.3509,0.0050,-0.1010,22.4660,0.6120,7365000192.0000,2964999936.0000,2.4840,39389544448,0.5280,2.8800,2.6600,522893169,4.3500,0.0000,5.8700,7.6600,0.1870,OK,0,5.0700,False,False,False,False,False,False,DD12|RSI40|VOLUME|FUND65|SPY20|ABNORMAL20,False,3-7d,XLF,,JPM|BAC|WFC,interest_rates|yield_curve|credit_spreads|loan_growth,POST_ANALYSIS_ACTUAL_FILL,LIVE_QUOTE_AT_ANALYSIS,True,1.0000,1.5000,1.0000,-5.0000,7,1.5000,3,SELL_50_PCT_AT_TP1_REST_AT_TP2,MOVE_REMAINDER_TO_BREAK_EVEN,EXIT_AT_OPEN_IF_OPEN_BELOW_SL,SL_FIRST,10,PENDING_ANALYSIS,1.4829,1.4829,2.2244,76.5929,77.3344,71.3545,Indicative levels use the signal close only. Final SL/TP1/TP2 and sizing must be recalculated from the actual post-analysis broker fill.,27,2026-11-03,False,2026-08-06,2.0000,1.9300,3.7000,ALCISTA FUERTE,10,779.0900,8.4900,73.6000,15.0100,SIDI_INTRADAY_V2: Fund≥6.5 · DD60≥12% · RSI<40 · MACD↑ · Vol↓ · SPY20≤+1% · Abnormal20≤-10%,SIDI_INTRADAY_V2,False
NOC,Northrop Grumman,Industrials,Aerospace & Defense,1957-03-04,483.1100,476.3900,485.7000,474.0000,483.1100,2026-10-06,2026-10-07,20.4500,41.0600,DOWN,-3.0214,-3.6964,-3.1637,True,0.1536,11.6164,0.8680,2.4050,534.2900,593.0400,505.1800,-9.5800,-18.5400,False,-0.7450,BAJISTA,-17.6200,-18.3700,586.4700,591.8200,767.1200,470.0600,-37.0200,2.7800,1.0400,False,False,491.6000,1.0000,557.2700,True,1.7600,HAMMER|DOJI,6.4300,5.0000,8.5000,5.0000,7.0000,6.5000,7.0000,False,False,True,True,True,False,4.8100,7.2100,1.5000,SIDI_INTRADAY_V2,1.8025,-0.7374,-0.4222,0.5212,295.0000,XLI,True,14.8929,15.6199,3.7762,1.5745,11.4920,0.2696,0.0715,0.1048,0.2006,0.0510,-0.0580,95.3480,1.1680,2478000128.0000,4496000000.0000,0.5512,67533922304,-0.1120,2.9600,2.0500,142063026,4.1600,1.1300,4.9800,6.7500,0.0367,FCF/NI:0.55|D/E:95,2,5.0700,False,False,False,False,False,False,VOLUME|FUND65|SPY20|ABNORMAL20,False,5-10d,XLI,,CAT|UNP|HON,pmi_manufacturing|supply_chain|capex_cycle,POST_ANALYSIS_ACTUAL_FILL,LIVE_QUOTE_AT_ANALYSIS,True,1.0000,1.5000,1.0000,-5.0000,7,1.5000,3,SELL_50_PCT_AT_TP1_REST_AT_TP2,MOVE_REMAINDER_TO_BREAK_EVEN,EXIT_AT_OPEN_IF_OPEN_BELOW_SL,SL_FIRST,10,PENDING_ANALYSIS,11.6164,11.6164,17.4246,494.7264,500.5346,458.9545,Indicative levels use the signal close only. Final SL/TP1/TP2 and sizing must be recalculated from the actual post-analysis broker fill.,13,2026-10-20,False,2026-07-21,7.6800,6.8200,12.7000,ALCISTA FUERTE,10,779.0900,8.4900,73.6000,15.0100,SIDI_INTRADAY_V2: Fund≥6.5 · DD60≥12% · RSI<40 · MACD↑ · Vol↓ · SPY20≤+1% · Abnormal20≤-10%,SIDI_INTRADAY_V2,False
SLB,Schlumberger,Energy,Oil & Gas Equipment & Services,1957-03-04,50.0000,49.6400,50.6100,49.4500,50.0000,2026-10-06,2026-10-07,35.1800,18.1200,UP,-0.3053,-0.4154,-0.6101,True,0.2997,1.4521,0.8660,2.9040,52.7000,50.1900,51.4300,-5.1300,-0.3800,True,3.1240,BAJISTA,-16.3700,-16.8700,59.7900,60.1500,60.1500,30.8800,-16.8700,61.8900,0.8030,True,True,50.4700,1.0000,56.6100,True,0.9400,NONE,7.2800,7.0000,8.5000,7.5000,8.0000,6.5000,5.0000,True,True,True,True,True,True,5.8100,8.7100,1.5000,SIDI_INTRADAY_V2,1.8025,-13.9136,1.1851,0.9423,295.0000,XLE,True,23.0894,14.8747,2.7206,1.9506,11.3870,0.1291,0.0617,0.0853,0.1699,0.0500,-0.2970,47.0020,1.4390,2955124992.0000,3100999936.0000,0.9530,70934626304,0.8390,4.8300,2.3600,1484143231,3.5900,0.0000,5.5000,5.5600,0.0417,OK,0,5.0700,False,False,True,True,False,False,FUND65|SPY20,False,3-7d,XLE,,XOM|CVX|COP,oil_price|gas_price|opec_supply|inventories,POST_ANALYSIS_ACTUAL_FILL,LIVE_QUOTE_AT_ANALYSIS,True,1.0000,1.5000,1.0000,-5.0000,7,1.5000,3,SELL_50_PCT_AT_TP1_REST_AT_TP2,MOVE_REMAINDER_TO_BREAK_EVEN,EXIT_AT_OPEN_IF_OPEN_BELOW_SL,SL_FIRST,10,PENDING_ANALYSIS,1.4521,1.4521,2.1782,51.4521,52.1782,47.5000,Indicative levels use the signal close only. Final SL/TP1/TP2 and sizing must be recalculated from the actual post-analysis broker fill.,16,2026-10-23,False,2026-07-24,0.5500,0.5200,6.3000,ALCISTA FUERTE,10,779.0900,8.4900,73.6000,15.0100,SIDI_INTRADAY_V2: Fund≥6.5 · DD60≥12% · RSI<40 · MACD↑ · Vol↓ · SPY20≤+1% · Abnormal20≤-10%,SIDI_INTRADAY_V2,False
WY,Weyerhaeuser,Real Estate,Timber REITs,1979-10-01,18.6000,18.4500,18.6400,18.2800,18.6000,2026-10-06,2026-10-07,14.5700,17.6600,DOWN,-0.1753,-0.2165,-0.2375,True,0.1527,0.5286,0.9000,2.8420,22.7200,23.7300,20.3600,-18.1500,-21.6200,False,-0.4405,BAJISTA,-27.3600,-27.8000,25.6000,25.7600,27.0300,18.2600,-31.1900,1.8600,1.7350,False,False,,0.0000,25.0500,False,,NONE,6.1700,5.0000,8.5000,7.0000,4.0000,6.5000,5.0000,False,False,True,True,True,False,5.6800,8.5300,1.5000,SIDI_INTRADAY_V2,1.8025,-13.1262,0.2422,0.9095,295.0000,XLRE,True,28.4308,28.9760,1.4084,1.9438,26.6390,0.0497,0.0067,0.0689,0.1451,-0.0090,0.8710,57.6250,1.8160,13625000.0000,472000000.0000,0.0289,13319200768,0.9330,5.5000,4.5200,720736000,4.3400,5.0000,4.6000,3.2800,0.0010,FCF/NI:0.03,1,5.0700,False,False,True,False,False,False,VOLUME|FUND65|SPY20,False,3-7d,XLRE,,PLD|AMT|EQIX,interest_rates|cap_rates|occupancy_trends,POST_ANALYSIS_ACTUAL_FILL,LIVE_QUOTE_AT_ANALYSIS,True,1.0000,1.5000,1.0000,-5.0000,7,1.5000,3,SELL_50_PCT_AT_TP1_REST_AT_TP2,MOVE_REMAINDER_TO_BREAK_EVEN,EXIT_AT_OPEN_IF_OPEN_BELOW_SL,SL_FIRST,10,PENDING_ANALYSIS,0.5286,0.5286,0.7929,19.1286,19.3929,17.6700,Indicative levels use the signal close only. Final SL/TP1/TP2 and sizing must be recalculated from the actual post-analysis broker fill.,22,2026-10-29,False,2026-07-30,0.1300,0.0800,66.6000,ALCISTA FUERTE,10,779.0900,8.4900,73.6000,15.0100,SIDI_INTRADAY_V2: Fund≥6.5 · DD60≥12% · RSI<40 · MACD↑ · Vol↓ · SPY20≤+1% · Abnormal20≤-10%,SIDI_INTRADAY_V2,False
FDS,FactSet,Financials,Financial Exchanges & Data,2021-12-20,272.0100,275.5300,276.6700,271.4300,272.0100,2026-10-06,2026-10-07,47.4300,37.8500,UP,-0.2652,-0.4761,-1.0918,True,0.4501,11.4921,0.9670,4.2250,282.6600,247.1600,275.7900,-3.7700,10.0500,True,-0.2050,NEUTRO,-13.2500,-15.1200,313.5500,320.4800,320.4800,182.4700,-15.1200,49.0700,0.7160,False,False,255.8700,1.0000,270.0800,False,-5.9300,NONE,5.8500,8.0000,7.0000,5.0000,4.0000,5.0000,5.0000,False,False,True,False,True,False,8.4500,12.6700,1.5000,SIDI_INTRADAY_V2,1.8025,1.2902,-1.0254,1.6463,295.0000,XLF,True,18.7694,12.5904,4.8143,3.9277,12.3830,0.2547,0.1036,0.2154,0.5060,0.0630,-0.1520,77.0490,0.5990,641526656.0000,533480992.0000,1.2025,9726109696,0.7660,4.2400,1.7100,35565543,4.5300,1.1300,6.2900,6.4600,0.0660,OK,0,5.0600,False,False,False,False,False,False,RSI40|VOLUME|FUND65|SPY20|ABNORMAL20,False,7-15d,XLF,,JPM|BAC|WFC,interest_rates|yield_curve|credit_spreads|loan_growth,POST_ANALYSIS_ACTUAL_FILL,LIVE_QUOTE_AT_ANALYSIS,True,1.0000,1.5000,1.0000,-5.0000,7,1.5000,3,SELL_50_PCT_AT_TP1_REST_AT_TP2,MOVE_REMAINDER_TO_BREAK_EVEN,EXIT_AT_OPEN_IF_OPEN_BELOW_SL,SL_FIRST,10,PENDING_ANALYSIS,11.4921,11.4921,17.2382,283.5021,289.2482,258.4095,Indicative levels use the signal close only. Final SL/TP1/TP2 and sizing must be recalculated from the actual post-analysis broker fill.,71,2026-12-17,False,2026-09-30,4.5200,4.3500,4.0000,ALCISTA FUERTE,10,779.0900,8.4900,73.6000,15.0100,SIDI_INTRADAY_V2: Fund≥6.5 · DD60≥12% · RSI<40 · MACD↑ · Vol↓ · SPY20≤+1% · Abnormal20≤-10%,SIDI_INTRADAY_V2,False
LEN,Lennar,Consumer Discretionary,Homebuilding,2005-10-04,77.4100,74.9500,77.7200,74.9500,77.4100,2026-10-06,2026-10-07,48.2500,55.2700,DOWN,-0.2494,-0.1700,0.4582,False,0.2214,3.5043,1.2980,4.5270,83.3600,93.1700,80.5400,-7.1400,-16.9100,False,-4.2306,BAJISTA,-12.2100,-13.6500,88.1800,89.6500,131.6800,73.7500,-41.2100,4.9600,1.0370,False,False,75.7000,1.0000,89.0800,True,-2.2100,NONE,5.5300,5.0000,5.0000,5.0000,7.0000,6.5000,5.0000,False,False,True,False,False,False,9.0500,13.5800,1.5000,SIDI_INTRADAY_V2,1.8025,1.1216,0.4092,0.7141,295.0000,XLY,True,14.7612,14.4335,0.8351,0.5634,11.8410,0.0596,0.0337,0.0409,0.1601,-0.0870,-0.4820,28.2010,10.1350,1227246208.0000,1295213056.0000,0.9475,18014994432,1.3760,6.1100,2.5800,207876222,4.7500,0.0000,6.4300,8.3300,0.0681,OK,0,5.0600,False,False,False,False,False,False,RSI40|MACD|VOLUME|FUND65|SPY20|ABNORMAL20,False,3-7d,XLY,,AMZN|TSLA|HD,consumer_spending|employment_data|interest_rates,POST_ANALYSIS_ACTUAL_FILL,LIVE_QUOTE_AT_ANALYSIS,True,1.0000,1.5000,1.0000,-5.0000,7,1.5000,3,SELL_50_PCT_AT_TP1_REST_AT_TP2,MOVE_REMAINDER_TO_BREAK_EVEN,EXIT_AT_OPEN_IF_OPEN_BELOW_SL,SL_FIRST,10,PENDING_ANALYSIS,3.5043,3.5043,5.2565,80.9143,82.6664,73.5395,Indicative levels use the signal close only. Final SL/TP1/TP2 and sizing must be recalculated from the actual post-analysis broker fill.,69,2026-12-15,False,2026-09-16,1.2300,1.2900,-4.5000,ALCISTA FUERTE,10,779.0900,8.4900,73.6000,15.0100,SIDI_INTRADAY_V2: Fund≥6.5 · DD60≥12% · RSI<40 · MACD↑ · Vol↓ · SPY20≤+1% · Abnormal20≤-10%,SIDI_INTRADAY_V2,False
FERG,Ferguson Enterprises,Industrials,Trading Companies & Distributors,2026-08-05,223.3300,223.5600,227.4000,223.2700,223.3300,2026-10-06,2026-10-07,69.0400,51.0600,UP,1.0359,1.0811,1.1543,False,0.6772,5.3307,0.8240,2.3870,231.2800,236.2800,223.0600,-3.4400,-5.4800,False,-0.6265,BAJISTA,-15.0200,-16.3100,262.8000,266.8400,268.5900,212.1300,-16.8500,5.2800,0.6880,True,True,218.1300,8.0000,236.2200,True,-2.3300,HAMMER|DOJI|DOJI,6.6500,5.0000,6.0000,7.5000,10.0000,5.0000,7.0000,False,False,True,False,False,True,4.7700,7.1600,1.5000,SIDI_INTRADAY_V2,1.8025,0.7041,0.0749,1.0330,295.0000,XLI,True,21.3578,17.0471,6.7697,1.3349,16.1710,,,0.0632,0.3063,0.0460,0.0690,111.0630,1.7290,,1987399936.0000,,41978331136,1.1210,4.4000,1.5900,193452717,3.9900,2.0200,4.9000,5.2400,,D/E:111,1,5.0500,False,False,False,False,False,False,RSI40|MACD|FUND65|SPY20|ABNORMAL20,False,3-7d,XLI,,CAT|UNP|HON,pmi_manufacturing|supply_chain|capex_cycle,POST_ANALYSIS_ACTUAL_FILL,LIVE_QUOTE_AT_ANALYSIS,True,1.0000,1.5000,1.0000,-5.0000,7,1.5000,3,SELL_50_PCT_AT_TP1_REST_AT_TP2,MOVE_REMAINDER_TO_BREAK_EVEN,EXIT_AT_OPEN_IF_OPEN_BELOW_SL,SL_FIRST,10,PENDING_ANALYSIS,5.3307,5.3307,7.9961,228.6607,231.3261,212.1635,Indicative levels use the signal close only. Final SL/TP1/TP2 and sizing must be recalculated from the actual post-analysis broker fill.,33,2026-11-09,False,2026-08-10,3.3900,3.3000,2.8000,ALCISTA FUERTE,10,779.0900,8.4900,73.6000,15.0100,SIDI_INTRADAY_V2: Fund≥6.5 · DD60≥12% · RSI<40 · MACD↑ · Vol↓ · SPY20≤+1% · Abnormal20≤-10%,SIDI_INTRADAY_V2,False
NOW,ServiceNow,Information Technology,Systems Software,2019-11-21,137.9700,138.4600,140.6000,136.1800,137.9700,2026-10-06,2026-10-07,47.4800,48.3600,DOWN,-0.6091,-0.8699,-1.1092,True,0.6231,5.3343,0.8400,3.8660,130.5800,115.5700,135.5100,5.6600,19.3800,True,-2.4200,ALCISTA,-6.7700,-7.7700,147.9900,149.6000,192.9700,81.2400,-28.5000,69.8300,0.8350,True,True,130.3900,1.0000,139.2000,False,-5.4900,HAMMER,6.6500,9.5000,6.0000,7.5000,4.0000,5.0000,7.0000,False,False,False,False,True,True,7.7300,11.6000,1.5000,SIDI_INTRADAY_V2,1.8025,0.1710,1.2123,-0.2998,295.0000,XLK,True,86.2875,27.5816,11.4043,9.6888,50.5460,0.1424,0.0425,0.1134,0.7477,0.2400,-0.2190,67.5380,0.7010,5149374976.0000,1670000000.0000,3.0835,142734983168,0.9900,1.7200,0.0000,1033862000,3.9800,2.5800,4.7800,4.6800,0.0361,OK,0,5.0500,False,False,False,False,False,False,DD12|RSI40|FUND65|SPY20|ABNORMAL20,False,10-18d,XLK,,AAPL|MSFT|NVDA,interest_rates|ai_capex_cycle|semiconductor_cycle,POST_ANALYSIS_ACTUAL_FILL,LIVE_QUOTE_AT_ANALYSIS,True,1.0000,1.5000,1.0000,-5.0000,7,1.5000,3,SELL_50_PCT_AT_TP1_REST_AT_TP2,MOVE_REMAINDER_TO_BREAK_EVEN,EXIT_AT_OPEN_IF_OPEN_BELOW_SL,SL_FIRST,10,PENDING_ANALYSIS,5.3343,5.3343,8.0015,143.3043,145.9715,131.0715,Indicative levels use the signal close only. Final SL/TP1/TP2 and sizing must be recalculated from the actual post-analysis broker fill.,21,2026-10-28,False,2026-07-22,0.9000,0.8600,5.0000,ALCISTA FUERTE,10,779.0900,8.4900,73.6000,15.0100,SIDI_INTRADAY_V2: Fund≥6.5 · DD60≥12% · RSI<40 · MACD↑ · Vol↓ · SPY20≤+1% · Abnormal20≤-10%,SIDI_INTRADAY_V2,False
ECL,Ecolab,Materials,Specialty Chemicals,1989-01-31,280.8200,278.7600,282.4400,275.8000,280.8200,2026-10-06,2026-10-07,59.2000,61.8200,DOWN,0.5067,0.1561,0.0500,True,0.9527,5.3529,0.9400,1.9060,278.7500,272.6800,276.3400,0.7400,2.9900,True,0.4811,ALCISTA,-3.1100,-4.6600,289.8300,294.5500,306.7900,241.8500,-8.4700,16.1100,0.9860,False,False,272.6100,1.0000,279.9600,True,-2.9300,HAMMER|DOJI,6.7000,10.0000,6.0000,5.0000,7.0000,5.0000,7.0000,False,False,False,False,True,False,3.8100,5.7200,1.5000,SIDI_INTRADAY_V2,1.8025,5.2809,-0.1919,0.9416,295.0000,XLB,True,37.3289,29.5447,7.7530,4.6287,21.1660,0.2196,0.0723,0.1257,0.4421,0.0970,0.0330,138.0230,1.8410,1474824960.0000,2116400000.0000,0.6969,77959389184,0.8790,3.6200,1.0400,280328603,3.9300,2.7000,5.6300,3.4000,0.0189,FCF/NI:0.70|D/E:138,2,5.0400,False,False,False,False,False,False,DD12|RSI40|VOLUME|FUND65|SPY20|ABNORMAL20,False,10-18d,XLB,,LIN|APD|NEM,commodity_prices|dxy|china_demand|energy_costs,POST_ANALYSIS_ACTUAL_FILL,LIVE_QUOTE_AT_ANALYSIS,True,1.0000,1.5000,1.0000,-5.0000,7,1.5000,3,SELL_50_PCT_AT_TP1_REST_AT_TP2,MOVE_REMAINDER_TO_BREAK_EVEN,EXIT_AT_OPEN_IF_OPEN_BELOW_SL,SL_FIRST,10,PENDING_ANALYSIS,5.3529,5.3529,8.0294,286.1729,288.8494,266.7790,Indicative levels use the signal close only. Final SL/TP1/TP2 and sizing must be recalculated from the actual post-analysis broker fill.,20,2026-10-27,False,2026-07-28,2.0900,2.0800,48.0000,ALCISTA FUERTE,10,779.0900,8.4900,73.6000,15.0100,SIDI_INTRADAY_V2: Fund≥6.5 · DD60≥12% · RSI<40 · MACD↑ · Vol↓ · SPY20≤+1% · Abnormal20≤-10%,SIDI_INTRADAY_V2,False
D,Dominion Energy,Utilities,Multi-Utilities,2016-11-30,62.0000,61.1400,62.0800,61.0100,62.0000,2026-10-06,2026-10-07,40.4300,20.2700,UP,0.1102,-0.0045,-0.1695,True,0.4402,1.0536,0.9200,1.6990,65.2000,63.3100,62.3500,-4.9000,-2.0700,True,0.7124,BAJISTA,-12.6400,-14.2000,70.9700,72.2600,72.2600,54.1700,-14.2000,14.4600,0.7830,False,False,59.8300,1.0000,69.2000,True,-3.5000,HAMMER,6.4500,7.0000,7.0000,5.0000,8.0000,5.0000,7.0000,False,False,True,False,True,False,3.4000,5.1000,1.5000,SIDI_INTRADAY_V2,1.8025,-4.6566,-0.0307,0.9041,295.0000,XLU,True,21.1972,16.0609,1.9301,2.9737,13.6490,0.0828,0.0304,0.1398,0.4622,0.1760,-0.5800,160.4590,0.8090,-9181124608.0000,2505999872.0000,-3.6637,53879758848,0.6190,5.2000,4.3100,879525949,4.0900,5.0000,4.1400,2.9700,-0.1704,FCF/NI:-3.66|D/E:160,2,5.0300,False,False,False,False,False,False,RSI40|VOLUME|FUND65|SPY20|ABNORMAL20,False,3-7d,XLU,,NEE|DUK|SO,interest_rates|regulatory_environment,POST_ANALYSIS_ACTUAL_FILL,LIVE_QUOTE_AT_ANALYSIS,True,1.0000,1.5000,1.0000,-5.0000,7,1.5000,3,SELL_50_PCT_AT_TP1_REST_AT_TP2,MOVE_REMAINDER_TO_BREAK_EVEN,EXIT_AT_OPEN_IF_OPEN_BELOW_SL,SL_FIRST,10,PENDING_ANALYSIS,1.0536,1.0536,1.5804,63.0536,63.5804,58.9000,Indicative levels use the signal close only. Final SL/TP1/TP2 and sizing must be recalculated from the actual post-analysis broker fill.,23,2026-10-30,False,2026-07-31,0.7900,0.6700,17.2000,ALCISTA FUERTE,10,779.0900,8.4900,73.6000,15.0100,SIDI_INTRADAY_V2: Fund≥6.5 · DD60≥12% · RSI<40 · MACD↑ · Vol↓ · SPY20≤+1% · Abnormal20≤-10%,SIDI_INTRADAY_V2,False
ES,Eversource Energy,Utilities,Electric Utilities,2009-07-24,65.2600,65.0200,65.4500,64.5200,65.2600,2026-10-06,2026-10-07,38.6900,22.7100,UP,0.1059,-0.0003,-0.1827,True,0.4172,1.1521,0.8540,1.7650,68.9400,68.7500,65.8800,-5.3400,-5.0800,True,0.3121,BAJISTA,-12.4200,-13.7700,74.5100,75.6800,75.6800,60.6500,-13.7700,7.6100,1.0350,False,False,66.2200,3.0000,70.7900,True,1.4700,HAMMER|HAMMER,7.0500,7.0000,8.5000,5.0000,10.0000,5.0000,7.0000,False,False,True,True,True,False,3.5300,5.3000,1.5000,SIDI_INTRADAY_V2,1.8025,-4.3061,0.0165,1.0372,295.0000,XLU,True,17.0039,13.3500,1.5127,1.7661,10.6880,0.0902,0.0330,0.1035,0.5275,0.0230,-0.8540,180.7000,0.8000,811961344.0000,1449377024.0000,0.5602,24723048448,0.6790,4.8000,4.8300,376674754,3.6900,1.0700,4.6700,5.6100,0.0328,FCF/NI:0.56|D/E:181,2,5.0300,False,False,False,False,False,False,VOLUME|FUND65|SPY20|ABNORMAL20,False,3-7d,XLU,,NEE|DUK|SO,interest_rates|regulatory_environment,POST_ANALYSIS_ACTUAL_FILL,LIVE_QUOTE_AT_ANALYSIS,True,1.0000,1.5000,1.0000,-5.0000,7,1.5000,3,SELL_50_PCT_AT_TP1_REST_AT_TP2,MOVE_REMAINDER_TO_BREAK_EVEN,EXIT_AT_OPEN_IF_OPEN_BELOW_SL,SL_FIRST,10,PENDING_ANALYSIS,1.1521,1.1521,1.7281,66.4121,66.9882,61.9970,Indicative levels use the signal close only. Final SL/TP1/TP2 and sizing must be recalculated from the actual post-analysis broker fill.,28,2026-11-04,False,2026-07-30,0.8700,0.8700,-33.0000,ALCISTA FUERTE,10,779.0900,8.4900,73.6000,15.0100,SIDI_INTRADAY_V2: Fund≥6.5 · DD60≥12% · RSI<40 · MACD↑ · Vol↓ · SPY20≤+1% · Abnormal20≤-10%,SIDI_INTRADAY_V2,False
EQT,EQT Corporation,Energy,Oil & Gas Exploration & Production,2022-10-03,52.4700,51.3000,52.5400,51.0600,52.4700,2026-10-06,2026-10-07,60.8400,21.6700,UP,0.1393,-0.0432,-0.2748,True,0.6550,1.3214,0.9430,2.5180,52.7700,55.2400,51.3300,-0.5700,-5.0100,False,-1.0720,BAJISTA,-5.8800,-7.1700,55.7500,56.5200,67.8400,47.7900,-22.6500,9.7900,0.7640,False,False,52.5700,1.0000,53.5700,True,0.1900,NONE,5.8500,5.0000,7.0000,5.0000,8.0000,5.0000,5.0000,False,False,False,False,True,False,5.0400,7.5600,1.5000,SIDI_INTRADAY_V2,1.8025,-0.1926,0.2901,0.6944,295.0000,XLE,True,12.0754,13.8012,1.2888,3.5028,5.9990,0.1108,0.0663,0.2918,0.8075,-0.0390,-0.7400,19.5950,0.6730,2460903936.0000,2711614976.0000,0.9075,32554981376,0.6520,3.5400,1.2600,625516000,4.4600,0.0000,5.9700,7.9100,0.0756,OK,0,5.0200,False,False,False,False,False,False,DD12|RSI40|VOLUME|FUND65|SPY20|ABNORMAL20,False,3-7d,XLE,,XOM|CVX|COP,oil_price|gas_price|opec_supply|inventories,POST_ANALYSIS_ACTUAL_FILL,LIVE_QUOTE_AT_ANALYSIS,True,1.0000,1.5000,1.0000,-5.0000,7,1.5000,3,SELL_50_PCT_AT_TP1_REST_AT_TP2,MOVE_REMAINDER_TO_BREAK_EVEN,EXIT_AT_OPEN_IF_OPEN_BELOW_SL,SL_FIRST,10,PENDING_ANALYSIS,1.3214,1.3214,1.9821,53.7914,54.4521,49.8465,Indicative levels use the signal close only. Final SL/TP1/TP2 and sizing must be recalculated from the actual post-analysis broker fill.,13,2026-10-20,False,2026-07-21,0.3900,0.4000,-3.3000,ALCISTA FUERTE,10,779.0900,8.4900,73.6000,15.0100,SIDI_INTRADAY_V2: Fund≥6.5 · DD60≥12% · RSI<40 · MACD↑ · Vol↓ · SPY20≤+1% · Abnormal20≤-10%,SIDI_INTRADAY_V2,False
HRL,Hormel Foods,Consumer Staples,Packaged Foods & Meats,2009-03-04,19.8800,20.0800,20.1100,19.8100,19.8800,2026-10-06,2026-10-07,30.9300,28.1200,UP,0.1100,0.1123,0.0616,False,0.2426,0.4379,0.8130,2.2030,22.4400,22.7900,20.5200,-11.4200,-12.7500,False,-0.9462,BAJISTA,-23.6900,-24.7800,26.0500,26.4300,26.4300,19.4200,-24.7800,2.3700,1.2800,False,False,19.4400,2.0000,21.7700,True,-2.2000,NONE,6.0200,5.0000,7.5000,5.0000,7.0000,6.5000,5.0000,False,False,True,True,False,False,4.4100,6.6100,1.5000,SIDI_INTRADAY_V2,1.8025,-4.0300,-0.1047,0.9043,295.0000,XLP,True,31.8952,12.6073,1.3875,0.8960,10.2330,0.0429,0.0463,0.0282,0.1574,-0.0240,-0.6720,36.3260,1.8820,621551616.0000,342711008.0000,1.8136,10883186688,0.2890,3.6800,5.8900,550350800,4.3400,0.0000,5.9700,7.5100,0.0571,OK,0,5.0100,False,False,False,False,False,False,MACD|VOLUME|FUND65|SPY20|ABNORMAL20,False,3-7d,XLP,,PG|KO|PEP,inflation|input_costs|fx_rates,POST_ANALYSIS_ACTUAL_FILL,LIVE_QUOTE_AT_ANALYSIS,True,1.0000,1.5000,1.0000,-5.0000,7,1.5000,3,SELL_50_PCT_AT_TP1_REST_AT_TP2,MOVE_REMAINDER_TO_BREAK_EVEN,EXIT_AT_OPEN_IF_OPEN_BELOW_SL,SL_FIRST,10,PENDING_ANALYSIS,0.4379,0.4379,0.6569,20.3179,20.5368,18.8860,Indicative levels use the signal close only. Final SL/TP1/TP2 and sizing must be recalculated from the actual post-analysis broker fill.,-41,2026-12-03,False,2026-08-27,0.3700,0.3500,4.6000,ALCISTA FUERTE,10,779.0900,8.4900,73.6000,15.0100,SIDI_INTRADAY_V2: Fund≥6.5 · DD60≥12% · RSI<40 · MACD↑ · Vol↓ · SPY20≤+1% · Abnormal20≤-10%,SIDI_INTRADAY_V2,False
TYL,Tyler Technologies,Information Technology,Application Software,2020-06-22,330.9100,328.3300,335.0700,328.3300,330.9100,2026-10-06,2026-10-07,37.5800,32.9500,UP,-0.8646,-1.6298,-2.8094,True,0.4381,10.5171,0.7670,3.1780,337.0600,344.2700,332.8200,-1.8200,-3.8800,False,-3.5621,BAJISTA,-12.7500,-15.9100,379.2700,393.5300,524.4300,270.7100,-36.9000,22.2400,0.6150,True,True,312.0400,1.0000,330.0000,False,-5.7000,NONE,6.5000,5.0000,8.5000,7.5000,5.0000,7.0000,5.0000,True,True,True,True,True,True,6.3600,9.5300,1.5000,SIDI_INTRADAY_V2,1.8025,-3.0096,1.0753,-0.8147,295.0000,XLK,True,43.3921,21.4819,4.4442,5.5585,30.6130,0.0973,0.0418,0.1336,0.4721,0.0820,0.1550,47.9060,1.5540,594435648.0000,324616000.0000,1.8312,13505240064,0.8490,3.5400,0.0000,40952274,3.9900,0.9800,4.9500,6.3800,0.0440,OK,0,4.9900,False,False,False,True,False,False,FUND65|SPY20|ABNORMAL20,False,3-7d,XLK,,AAPL|MSFT|NVDA,interest_rates|ai_capex_cycle|semiconductor_cycle,POST_ANALYSIS_ACTUAL_FILL,LIVE_QUOTE_AT_ANALYSIS,True,1.0000,1.5000,1.0000,-5.0000,7,1.5000,3,SELL_50_PCT_AT_TP1_REST_AT_TP2,MOVE_REMAINDER_TO_BREAK_EVEN,EXIT_AT_OPEN_IF_OPEN_BELOW_SL,SL_FIRST,10,PENDING_ANALYSIS,10.5171,10.5171,15.7756,341.4271,346.6857,314.3645,Indicative levels use the signal close only. Final SL/TP1/TP2 and sizing must be recalculated from the actual post-analysis broker fill.,21,2026-10-28,False,2026-07-29,3.0800,3.0700,36.0000,ALCISTA FUERTE,10,779.0900,8.4900,73.6000,15.0100,SIDI_INTRADAY_V2: Fund≥6.5 · DD60≥12% · RSI<40 · MACD↑ · Vol↓ · SPY20≤+1% · Abnormal20≤-10%,SIDI_INTRADAY_V2,False
SBAC,SBA Communications,Real Estate,Telecom Tower REITs,2017-09-01,169.7000,162.5000,170.1800,162.0700,169.7000,2026-10-06,2026-10-07,35.6500,15.2700,UP,-0.6479,-1.5812,-2.2548,True,0.4297,4.8779,0.8960,2.8740,179.2400,188.9200,170.3800,-5.3200,-10.1700,False,-0.8104,BAJISTA,-11.3900,-12.6300,191.5200,194.2300,221.5800,156.6000,-23.4100,8.3700,1.1860,True,True,172.9700,1.0000,186.6300,True,1.9200,DOJI,6.5000,5.0000,8.5000,7.5000,7.0000,5.0000,5.0000,False,True,False,True,True,True,5.7500,8.6200,1.5000,SIDI_INTRADAY_V2,1.8025,-2.3204,-0.2474,1.3944,295.0000,XLRE,True,18.2211,20.6480,-3.8704,6.2423,17.9820,,0.0841,0.3451,0.7420,0.0230,-0.1050,,0.1650,752056384.0000,990718016.0000,0.7591,17919342592,0.9940,4.5800,2.9500,106088110,3.9500,0.8000,5.4400,5.8800,0.0420,OK,0,4.9700,False,False,False,False,False,False,DD12|FUND65|SPY20|ABNORMAL20,False,3-7d,XLRE,,PLD|AMT|EQIX,interest_rates|cap_rates|occupancy_trends,POST_ANALYSIS_ACTUAL_FILL,LIVE_QUOTE_AT_ANALYSIS,True,1.0000,1.5000,1.0000,-5.0000,7,1.5000,3,SELL_50_PCT_AT_TP1_REST_AT_TP2,MOVE_REMAINDER_TO_BREAK_EVEN,EXIT_AT_OPEN_IF_OPEN_BELOW_SL,SL_FIRST,10,PENDING_ANALYSIS,4.8779,4.8779,7.3169,174.5779,177.0168,161.2150,Indicative levels use the signal close only. Final SL/TP1/TP2 and sizing must be recalculated from the actual post-analysis broker fill.,26,2026-11-02,False,2026-08-03,1.8700,1.8900,-1.2000,ALCISTA FUERTE,10,779.0900,8.4900,73.6000,15.0100,SIDI_INTRADAY_V2: Fund≥6.5 · DD60≥12% · RSI<40 · MACD↑ · Vol↓ · SPY20≤+1% · Abnormal20≤-10%,SIDI_INTRADAY_V2,False
DIS,Walt Disney Company (The),Communication Services,Movies & Entertainment,1976-06-30,104.0300,103.4200,104.2700,103.2900,104.0300,2026-10-06,2026-10-07,41.2200,53.5700,DOWN,-0.2853,-0.3799,-0.3919,True,0.3842,1.9864,0.8860,1.9090,104.6200,103.2600,104.5500,-0.5600,0.7500,True,-0.0345,NEUTRO,-6.4900,-7.0100,111.2500,111.8700,115.4200,91.4900,-9.8700,13.7100,0.7070,True,True,103.3900,4.0000,106.5800,True,-0.6200,NONE,6.9000,8.0000,6.0000,7.5000,9.0000,5.0000,5.0000,False,False,False,False,True,True,3.8200,5.7300,1.5000,SIDI_INTRADAY_V2,1.8025,-2.8185,-0.0080,0.8929,295.0000,XLC,True,21.2186,13.7599,1.6180,1.7974,10.8430,0.0801,0.0481,0.0870,0.3760,0.0680,-0.4830,39.4040,0.7090,4860375040.0000,8600000512.0000,0.5652,177693343744,1.4170,2.5800,1.4400,1726686902,3.6800,1.3900,4.9600,4.8700,0.0274,FCF/NI:0.57,1,4.9700,False,False,False,False,False,False,DD12|RSI40|FUND65|SPY20|ABNORMAL20,False,7-15d,XLC,,GOOGL|META|NFLX,ad_spending_cycle|streaming_competition|regulation,POST_ANALYSIS_ACTUAL_FILL,LIVE_QUOTE_AT_ANALYSIS,True,1.0000,1.5000,1.0000,-5.0000,7,1.5000,3,SELL_50_PCT_AT_TP1_REST_AT_TP2,MOVE_REMAINDER_TO_BREAK_EVEN,EXIT_AT_OPEN_IF_OPEN_BELOW_SL,SL_FIRST,10,PENDING_ANALYSIS,1.9864,1.9864,2.9796,106.0164,107.0096,98.8285,Indicative levels use the signal close only. Final SL/TP1/TP2 and sizing must be recalculated from the actual post-analysis broker fill.,36,2026-11-12,False,2026-08-05,2.0600,1.8500,11.1000,ALCISTA FUERTE,10,779.0900,8.4900,73.6000,15.0100,SIDI_INTRADAY_V2: Fund≥6.5 · DD60≥12% · RSI<40 · MACD↑ · Vol↓ · SPY20≤+1% · Abnormal20≤-10%,SIDI_INTRADAY_V2,False
COIN,Coinbase,Financials,Financial Exchanges & Data,2025-05-19,185.7400,188.5100,192.8000,184.8300,185.7400,2026-10-06,2026-10-07,65.1100,57.7800,UP,-1.4695,-1.3241,-0.7309,False,0.4853,10.8136,1.0200,5.8220,173.8000,184.7900,186.3500,6.8700,0.5100,False,-3.9260,ALCISTA,-7.6200,-10.8400,201.0700,208.3300,402.1600,139.1100,-53.8100,33.5200,0.5820,True,True,161.1800,1.0000,182.1400,False,-13.2200,HAMMER,6.3500,8.0000,6.0000,7.5000,4.0000,5.0000,7.0000,False,False,False,False,False,True,11.6400,17.4700,1.5000,SIDI_INTRADAY_V2,1.8025,11.5739,2.1124,0.5056,295.0000,XLF,True,,61.2306,3.5914,7.7740,67.0210,-0.0785,0.0112,-0.1634,0.8581,-0.1730,,50.9820,2.4230,2668452864.0000,-987766016.0000,-2.7015,46984081408,3.4090,2.3900,0.0000,222803032,4.0400,2.5000,3.2100,6.8100,0.0568,FCF/NI:-2.70|RevG:-17.3%|ROE:-7.8%,3,4.9600,False,False,False,False,False,False,DD12|RSI40|MACD|FUND65|SPY20|ABNORMAL20,False,10-18d,XLF,,JPM|BAC|WFC,interest_rates|yield_curve|credit_spreads|loan_growth,POST_ANALYSIS_ACTUAL_FILL,LIVE_QUOTE_AT_ANALYSIS,True,1.0000,1.5000,1.0000,-5.0000,7,1.5000,3,SELL_50_PCT_AT_TP1_REST_AT_TP2,MOVE_REMAINDER_TO_BREAK_EVEN,EXIT_AT_OPEN_IF_OPEN_BELOW_SL,SL_FIRST,10,PENDING_ANALYSIS,10.8136,10.8136,16.2204,196.5536,201.9604,176.4530,Indicative levels use the signal close only. Final SL/TP1/TP2 and sizing must be recalculated from the actual post-analysis broker fill.,22,2026-10-29,False,2026-07-30,-1.3600,-0.2300,-487.5000,ALCISTA FUERTE,10,779.0900,8.4900,73.6000,15.0100,SIDI_INTRADAY_V2: Fund≥6.5 · DD60≥12% · RSI<40 · MACD↑ · Vol↓ · SPY20≤+1% · Abnormal20≤-10%,SIDI_INTRADAY_V2,False
INTC,Intel,Information Technology,Semiconductors,1976-12-31,112.5000,117.0600,118.2000,112.0000,112.5000,2026-10-06,2026-10-07,60.8500,58.2200,UP,-0.6222,-0.0396,0.7549,False,0.4855,6.5393,0.9970,5.8130,101.7700,81.9600,112.9700,10.5400,37.2700,True,9.9991,ALCISTA,-11.6900,-11.7200,127.3900,127.4400,142.3500,32.8900,-20.9700,242.0500,0.9290,True,True,102.4000,1.0000,127.0400,False,-8.9800,NONE,6.5500,10.0000,6.0000,7.5000,4.0000,5.0000,5.0000,False,False,False,False,False,True,11.6300,17.4400,1.5000,SIDI_INTRADAY_V2,1.8025,-14.3484,-1.5634,2.6658,295.0000,XLK,True,,54.3629,6.5223,10.4941,35.8550,-0.1071,0.0141,-0.1979,0.3887,0.2540,,48.9970,1.6040,4866375168.0000,-11288999936.0000,-0.4311,598492839936,2.2300,1.7400,0.0000,5286105262,3.8600,5.2600,2.8600,3.3800,0.0081,FCF/NI:-0.43|ROE:-10.7%,2,4.9400,False,False,True,False,False,False,DD12|RSI40|MACD|FUND65|SPY20,False,10-18d,XLK,,AAPL|MSFT|NVDA,interest_rates|ai_capex_cycle|semiconductor_cycle,POST_ANALYSIS_ACTUAL_FILL,LIVE_QUOTE_AT_ANALYSIS,True,1.0000,1.5000,1.0000,-5.0000,7,1.5000,3,SELL_50_PCT_AT_TP1_REST_AT_TP2,MOVE_REMAINDER_TO_BREAK_EVEN,EXIT_AT_OPEN_IF_OPEN_BELOW_SL,SL_FIRST,10,PENDING_ANALYSIS,6.5393,6.5393,9.8089,119.0393,122.3089,106.8750,Indicative levels use the signal close only. Final SL/TP1/TP2 and sizing must be recalculated from the actual post-analysis broker fill.,22,2026-10-29,False,2026-07-23,0.4200,0.2200,94.6000,ALCISTA FUERTE,10,779.0900,8.4900,73.6000,15.0100,SIDI_INTRADAY_V2: Fund≥6.5 · DD60≥12% · RSI<40 · MACD↑ · Vol↓ · SPY20≤+1% · Abnormal20≤-10%,SIDI_INTRADAY_V2,False
CCI,Crown Castle,Real Estate,Telecom Tower REITs,2012-03-14,68.2800,67.8700,68.7000,67.5400,68.2800,2026-10-06,2026-10-07,27.6300,21.9800,UP,-0.2092,-0.3962,-0.6481,True,0.3296,1.7271,0.7990,2.5290,72.9000,80.7800,69.7500,-6.3400,-15.4800,False,-1.8306,BAJISTA,-12.8300,-14.2200,78.3300,79.6000,95.5800,65.3200,-28.5600,4.5300,0.7580,True,True,68.7200,1.0000,76.6400,True,0.6500,HAMMER|DOJI,7.2000,5.0000,9.5000,7.5000,7.0000,7.0000,7.0000,True,True,True,True,True,True,5.0600,7.5900,1.5000,SIDI_INTRADAY_V2,1.8025,1.3459,-0.4271,1.3352,295.0000,XLRE,True,27.7764,23.5626,-8.9018,6.9866,19.1120,,0.0473,0.2072,0.7373,-0.0490,-0.6750,,0.5220,1036249984.0000,1074000000.0000,0.9649,29071370240,0.9610,3.6100,6.2200,425455439,3.4100,0.0000,5.5500,4.8800,0.0356,OK,0,4.9300,False,False,False,True,False,False,FUND65|SPY20|ABNORMAL20,False,5-10d,XLRE,,PLD|AMT|EQIX,interest_rates|cap_rates|occupancy_trends,POST_ANALYSIS_ACTUAL_FILL,LIVE_QUOTE_AT_ANALYSIS,True,1.0000,1.5000,1.0000,-5.0000,7,1.5000,3,SELL_50_PCT_AT_TP1_REST_AT_TP2,MOVE_REMAINDER_TO_BREAK_EVEN,EXIT_AT_OPEN_IF_OPEN_BELOW_SL,SL_FIRST,10,PENDING_ANALYSIS,1.7271,1.7271,2.5907,70.0071,70.8706,64.8660,Indicative levels use the signal close only. Final SL/TP1/TP2 and sizing must be recalculated from the actual post-analysis broker fill.,14,2026-10-21,False,2026-07-22,0.6900,0.5100,36.1000,ALCISTA FUERTE,10,779.0900,8.4900,73.6000,15.0100,SIDI_INTRADAY_V2: Fund≥6.5 · DD60≥12% · RSI<40 · MACD↑ · Vol↓ · SPY20≤+1% · Abnormal20≤-10%,SIDI_INTRADAY_V2,False
GLW,Corning Inc.,Information Technology,Electronic Components,1995-02-27,168.9700,161.0100,170.6300,160.5000,168.9700,2026-10-06,2026-10-07,68.8700,42.8300,UP,1.5104,1.0334,0.7783,True,0.8970,7.7414,0.7220,4.5820,153.5800,150.8800,157.3300,10.0200,11.9900,True,4.9581,ALCISTA,-9.7800,-12.6100,187.2900,193.3500,271.2700,76.9800,-37.7100,119.4900,1.1030,True,True,170.6800,4.0000,177.7100,True,1.0100,HAMMER|DOJI,8.0000,10.0000,7.0000,7.5000,9.0000,7.0000,7.0000,False,False,False,False,True,True,9.1600,13.7400,1.5000,SIDI_INTRADAY_V2,1.8025,-8.7068,-1.0398,2.3149,295.0000,XLK,True,75.2458,37.5510,11.8326,8.3124,37.4520,0.1681,0.0537,0.1120,0.3639,0.1660,0.1850,71.4480,1.8130,734499968.0000,1900000000.0000,0.3866,141011369984,1.1230,1.9300,0.6600,859637825,2.8700,2.2400,4.0100,2.2800,0.0052,FCF/NI:0.39,1,4.9200,False,False,False,False,False,False,DD12|RSI40|FUND65|SPY20|ABNORMAL20,False,10-18d,XLK,,AAPL|MSFT|NVDA,interest_rates|ai_capex_cycle|semiconductor_cycle,POST_ANALYSIS_ACTUAL_FILL,LIVE_QUOTE_AT_ANALYSIS,True,1.0000,1.5000,1.0000,-5.0000,7,1.5000,3,SELL_50_PCT_AT_TP1_REST_AT_TP2,MOVE_REMAINDER_TO_BREAK_EVEN,EXIT_AT_OPEN_IF_OPEN_BELOW_SL,SL_FIRST,10,PENDING_ANALYSIS,7.7414,7.7414,11.6121,176.7114,180.5821,160.5215,Indicative levels use the signal close only. Final SL/TP1/TP2 and sizing must be recalculated from the actual post-analysis broker fill.,20,2026-10-27,False,2026-07-28,0.7800,0.7500,3.5000,ALCISTA FUERTE,10,779.0900,8.4900,73.6000,15.0100,SIDI_INTRADAY_V2: Fund≥6.5 · DD60≥12% · RSI<40 · MACD↑ · Vol↓ · SPY20≤+1% · Abnormal20≤-10%,SIDI_INTRADAY_V2,False
MLM,Martin Marietta Materials,Materials,Construction Materials,2014-07-02,489.0100,488.0700,492.5800,486.2700,489.0100,2026-10-06,2026-10-07,44.3200,36.7300,UP,1.2615,0.6170,-0.3091,True,0.4180,12.8450,0.8840,2.6270,518.1900,586.5600,493.4300,-5.6300,-16.6300,False,-2.0417,BAJISTA,-16.0800,-16.7000,582.7200,587.0500,707.9400,470.1900,-30.9200,4.0000,0.7420,False,False,,0.0000,510.8100,False,,BULL_ENGULF,5.5000,5.0000,7.0000,5.0000,4.0000,5.0000,7.5000,False,False,True,False,True,False,5.2500,7.8800,1.5000,SIDI_INTRADAY_V2,1.8025,3.7106,-0.0836,1.3194,295.0000,XLB,True,30.9688,21.5787,2.4772,5.0578,16.7490,0.0889,0.0457,0.3674,0.2823,0.2100,-0.2320,54.9450,1.4070,593374976.0000,930000000.0000,0.6380,33826531328,1.0850,4.0100,0.6900,71019382,4.5300,5.0000,4.6900,3.8000,0.0175,FCF/NI:0.64,1,4.9200,False,False,False,False,False,False,RSI40|VOLUME|FUND65|SPY20|ABNORMAL20,False,3-7d,XLB,,LIN|APD|ECL,commodity_prices|dxy|china_demand|energy_costs,POST_ANALYSIS_ACTUAL_FILL,LIVE_QUOTE_AT_ANALYSIS,True,1.0000,1.5000,1.0000,-5.0000,7,1.5000,3,SELL_50_PCT_AT_TP1_REST_AT_TP2,MOVE_REMAINDER_TO_BREAK_EVEN,EXIT_AT_OPEN_IF_OPEN_BELOW_SL,SL_FIRST,10,PENDING_ANALYSIS,12.8450,12.8450,19.2675,501.8550,508.2775,464.5595,Indicative levels use the signal close only. Final SL/TP1/TP2 and sizing must be recalculated from the actual post-analysis broker fill.,27,2026-11-03,False,2026-07-30,5.0000,4.6400,7.6000,ALCISTA FUERTE,10,779.0900,8.4900,73.6000,15.0100,SIDI_INTRADAY_V2: Fund≥6.5 · DD60≥12% · RSI<40 · MACD↑ · Vol↓ · SPY20≤+1% · Abnormal20≤-10%,SIDI_INTRADAY_V2,False
AEP,American Electric Power,Utilities,Electric Utilities,1957-03-04,121.6700,120.1700,121.8400,120.0600,121.6700,2026-10-06,2026-10-07,54.2200,27.0300,UP,0.3561,0.1846,0.0350,True,0.6647,1.8914,0.8130,1.5550,123.1200,125.7400,120.5400,-1.1800,-3.2400,False,0.3786,BAJISTA,-9.5500,-10.2500,134.5200,135.5700,139.5200,110.0100,-12.7900,10.5900,0.7930,False,False,122.0700,5.0000,136.4600,True,0.3300,HAMMER,6.4500,5.5000,7.0000,5.0000,10.0000,5.0000,7.0000,False,False,False,False,True,False,3.1100,4.6600,1.5000,SIDI_INTRADAY_V2,1.8025,1.2821,-0.1065,1.0306,295.0000,XLU,True,21.1655,17.8107,2.0724,2.9171,13.3310,0.1013,0.0298,0.1378,0.4635,0.0700,-0.4320,160.7890,0.5040,-5995950080.0000,3140999936.0000,-1.9089,66484531200,0.4690,7.8700,3.1700,544397352,3.8900,4.2700,4.3400,2.9300,-0.0902,FCF/NI:-1.91|D/E:161,2,4.9100,False,False,False,False,False,False,DD12|RSI40|VOLUME|FUND65|SPY20|ABNORMAL20,False,3-7d,XLU,,NEE|DUK|SO,interest_rates|regulatory_environment,POST_ANALYSIS_ACTUAL_FILL,LIVE_QUOTE_AT_ANALYSIS,True,1.0000,1.5000,1.0000,-5.0000,7,1.5000,3,SELL_50_PCT_AT_TP1_REST_AT_TP2,MOVE_REMAINDER_TO_BREAK_EVEN,EXIT_AT_OPEN_IF_OPEN_BELOW_SL,SL_FIRST,10,PENDING_ANALYSIS,1.8914,1.8914,2.8371,123.5614,124.5071,115.5865,Indicative levels use the signal close only. Final SL/TP1/TP2 and sizing must be recalculated from the actual post-analysis broker fill.,21,2026-10-28,False,2026-07-30,1.3600,1.4800,-8.2000,ALCISTA FUERTE,10,779.0900,8.4900,73.6000,15.0100,SIDI_INTRADAY_V2: Fund≥6.5 · DD60≥12% · RSI<40 · MACD↑ · Vol↓ · SPY20≤+1% · Abnormal20≤-10%,SIDI_INTRADAY_V2,False
MET,MetLife,Financials,Life & Health Insurance,2000-12-11,97.1600,97.1900,99.0600,97.0000,97.1600,2026-10-06,2026-10-07,49.6500,47.3800,UP,-0.0954,-0.2346,-0.4062,True,0.6389,1.9164,1.0530,1.9720,96.4500,83.1400,96.1900,0.7300,16.8600,True,2.4672,ALCISTA,-2.7900,-3.7400,99.9500,100.9300,100.9300,66.4100,-3.7400,46.3100,1.3110,False,False,93.8700,4.0000,98.7000,True,-3.3900,HAMMER|DOJI,7.6000,10.0000,7.0000,7.0000,9.0000,5.0000,7.0000,False,False,False,False,True,False,3.9400,5.9200,1.5000,SIDI_INTRADAY_V2,1.8025,6.1714,-0.0913,1.2509,295.0000,XLF,True,18.3898,8.6291,2.2310,0.7683,14.1150,0.1309,0.0045,0.0457,0.2395,0.1050,0.0580,179.9330,2.0270,-20953999360.0000,3440999936.0000,-6.0895,61002608640,0.7750,4.3000,2.4400,635476927,3.1100,2.6000,3.9400,2.7300,-0.3435,FCF/NI:-6.09|D/E:180,2,4.9100,False,False,False,False,False,False,DD12|RSI40|VOLUME|FUND65|SPY20|ABNORMAL20,False,10-18d,XLF,,JPM|BAC|WFC,interest_rates|yield_curve|credit_spreads|loan_growth,POST_ANALYSIS_ACTUAL_FILL,LIVE_QUOTE_AT_ANALYSIS,True,1.0000,1.5000,1.0000,-5.0000,7,1.5000,3,SELL_50_PCT_AT_TP1_REST_AT_TP2,MOVE_REMAINDER_TO_BREAK_EVEN,EXIT_AT_OPEN_IF_OPEN_BELOW_SL,SL_FIRST,10,PENDING_ANALYSIS,1.9164,1.9164,2.8746,99.0764,100.0346,92.3020,Indicative levels use the signal close only. Final SL/TP1/TP2 and sizing must be recalculated from the actual post-analysis broker fill.,33,2026-11-09,False,2026-08-05,2.4300,2.2900,6.2000,ALCISTA FUERTE,10,779.0900,8.4900,73.6000,15.0100,SIDI_INTRADAY_V2: Fund≥6.5 · DD60≥12% · RSI<40 · MACD↑ · Vol↓ · SPY20≤+1% · Abnormal20≤-10%,SIDI_INTRADAY_V2,False
XEL,Xcel Energy,Utilities,Multi-Utilities,1957-03-04,72.7300,71.7400,72.7800,71.3700,72.7300,2026-10-06,2026-10-07,50.1000,27.4600,UP,0.2844,0.1387,-0.0813,True,0.5968,1.2457,0.8530,1.7130,75.0200,76.9500,72.1700,-3.0600,-5.4800,False,-0.4270,BAJISTA,-10.2300,-11.2100,81.0200,81.9100,82.5600,68.7200,-11.9000,5.8400,1.5310,False,False,68.7200,1.0000,80.2000,False,-5.5100,HAMMER|DOJI,6.0000,5.0000,7.0000,7.0000,5.0000,5.0000,7.0000,False,False,False,False,True,False,3.4300,5.1400,1.5000,SIDI_INTRADAY_V2,1.8025,-0.0271,-0.0078,1.1136,295.0000,XLU,True,19.9014,16.0082,1.8854,3.1044,13.8920,0.0992,0.0237,0.1528,0.4682,-0.0510,0.2400,173.1350,0.7010,-7907999744.0000,2232999936.0000,-3.5414,45373435904,0.3730,7.5500,3.2600,624634306,4.1800,5.0000,4.3100,3.0500,-0.1743,FCF/NI:-3.54|D/E:173,2,4.9100,False,False,False,False,False,False,DD12|RSI40|VOLUME|FUND65|SPY20|ABNORMAL20,False,3-7d,XLU,,NEE|DUK|SO,interest_rates|regulatory_environment,POST_ANALYSIS_ACTUAL_FILL,LIVE_QUOTE_AT_ANALYSIS,True,1.0000,1.5000,1.0000,-5.0000,7,1.5000,3,SELL_50_PCT_AT_TP1_REST_AT_TP2,MOVE_REMAINDER_TO_BREAK_EVEN,EXIT_AT_OPEN_IF_OPEN_BELOW_SL,SL_FIRST,10,PENDING_ANALYSIS,1.2457,1.2457,1.8685,73.9757,74.5986,69.0935,Indicative levels use the signal close only. Final SL/TP1/TP2 and sizing must be recalculated from the actual post-analysis broker fill.,22,2026-10-29,False,2026-07-30,0.9300,0.7900,18.4000,ALCISTA FUERTE,10,779.0900,8.4900,73.6000,15.0100,SIDI_INTRADAY_V2: Fund≥6.5 · DD60≥12% · RSI<40 · MACD↑ · Vol↓ · SPY20≤+1% · Abnormal20≤-10%,SIDI_INTRADAY_V2,False
EXC,Exelon,Utilities,Electric Utilities,1957-03-04,41.6800,41.0000,41.7000,40.9200,41.6800,2026-10-06,2026-10-07,41.8500,18.6900,UP,0.1001,0.0054,-0.0996,True,0.5131,0.6707,0.7840,1.6090,43.4000,44.9000,41.5800,-3.9700,-7.1600,False,-0.4182,BAJISTA,-11.4700,-13.2300,47.0800,48.0300,49.7000,39.7300,-16.1400,4.9100,0.7560,False,False,39.7300,1.0000,46.7900,False,-4.6800,NONE,5.7000,5.0000,7.0000,5.0000,5.0000,7.0000,5.0000,False,False,False,False,True,False,3.2200,4.8300,1.5000,SIDI_INTRADAY_V2,1.8025,-0.4832,-0.2808,0.8887,295.0000,XLU,True,15.3272,13.7215,1.4491,1.6959,11.2370,0.0971,0.0281,0.1099,0.4236,0.0990,-0.0020,177.3620,1.0880,-2685125120.0000,2783000064.0000,-0.9648,42951286784,0.4020,4.7800,4.1200,1030253967,4.3500,5.0000,4.3800,3.5700,-0.0625,FCF/NI:-0.96|D/E:177,2,4.8900,False,False,False,False,False,False,DD12|RSI40|VOLUME|FUND65|SPY20|ABNORMAL20,False,3-7d,XLU,,NEE|DUK|SO,interest_rates|regulatory_environment,POST_ANALYSIS_ACTUAL_FILL,LIVE_QUOTE_AT_ANALYSIS,True,1.0000,1.5000,1.0000,-5.0000,7,1.5000,3,SELL_50_PCT_AT_TP1_REST_AT_TP2,MOVE_REMAINDER_TO_BREAK_EVEN,EXIT_AT_OPEN_IF_OPEN_BELOW_SL,SL_FIRST,10,PENDING_ANALYSIS,0.6707,0.6707,1.0060,42.3507,42.6861,39.5960,Indicative levels use the signal close only. Final SL/TP1/TP2 and sizing must be recalculated from the actual post-analysis broker fill.,23,2026-10-30,False,2026-07-30,0.4300,0.4500,-3.9000,ALCISTA FUERTE,10,779.0900,8.4900,73.6000,15.0100,SIDI_INTRADAY_V2: Fund≥6.5 · DD60≥12% · RSI<40 · MACD↑ · Vol↓ · SPY20≤+1% · Abnormal20≤-10%,SIDI_INTRADAY_V2,False
F,Ford Motor Company,Consumer Discretionary,Automobile Manufacturers,1957-03-04,12.2800,12.2000,12.3100,12.1400,12.2800,2026-10-06,2026-10-07,29.3400,30.3800,DOWN,-0.0629,-0.0911,-0.1196,True,0.2442,0.3400,0.7880,2.7690,13.6600,13.2600,12.8200,-10.1300,-7.3900,True,0.1494,BAJISTA,-18.7600,-23.8000,15.1200,16.1200,17.5900,10.8300,-30.1900,13.3400,0.7430,True,True,11.2000,1.0000,14.6600,False,-8.8300,HAMMER|DOJI,7.3300,7.0000,8.5000,7.5000,5.0000,8.5000,7.0000,True,True,True,True,True,True,5.5400,8.3100,1.5000,SIDI_INTRADAY_V2,1.8025,-15.1472,0.6619,0.5259,295.0000,XLY,True,,6.1645,1.3462,0.2558,24.8830,-0.1825,0.0035,-0.0394,0.0712,-0.0380,,456.7080,1.0890,-7940250112.0000,-7395999744.0000,1.0736,48086818816,1.9390,2.6400,4.8900,3916743591,3.2700,2.5000,3.4100,4.0000,-0.1651,D/E:457|ROE:-18.3%,2,4.8900,False,False,True,True,False,False,FUND65|SPY20,False,3-7d,XLY,,AMZN|TSLA|HD,consumer_spending|employment_data|interest_rates,POST_ANALYSIS_ACTUAL_FILL,LIVE_QUOTE_AT_ANALYSIS,True,1.0000,1.5000,1.0000,-5.0000,7,1.5000,3,SELL_50_PCT_AT_TP1_REST_AT_TP2,MOVE_REMAINDER_TO_BREAK_EVEN,EXIT_AT_OPEN_IF_OPEN_BELOW_SL,SL_FIRST,10,PENDING_ANALYSIS,0.3400,0.3400,0.5100,12.6200,12.7900,11.6660,Indicative levels use the signal close only. Final SL/TP1/TP2 and sizing must be recalculated from the actual post-analysis broker fill.,21,2026-10-28,False,2026-07-28,0.4200,0.3500,21.3000,ALCISTA FUERTE,10,779.0900,8.4900,73.6000,15.0100,SIDI_INTRADAY_V2: Fund≥6.5 · DD60≥12% · RSI<40 · MACD↑ · Vol↓ · SPY20≤+1% · Abnormal20≤-10%,SIDI_INTRADAY_V2,False
PNW,Pinnacle West Capital,Utilities,Multi-Utilities,1999-10-04,98.0400,96.4900,98.2400,96.3600,98.0400,2026-10-06,2026-10-07,61.1900,32.2400,UP,0.7161,0.5172,0.1838,True,0.9537,1.7764,0.9790,1.8120,97.5000,97.9400,95.0400,0.5600,0.1000,False,0.8550,ALCISTA,-9.4800,-11.0000,108.3100,110.1600,110.1600,83.8300,-11.0000,16.9500,1.0060,False,False,98.6800,2.0000,107.1700,True,0.6500,NONE,6.4000,8.5000,7.0000,5.0000,7.0000,5.0000,5.0000,False,False,False,False,True,False,3.6200,5.4400,1.5000,SIDI_INTRADAY_V2,1.8025,3.5129,-0.0939,0.8766,295.0000,XLU,True,18.7553,17.4928,1.6834,2.1322,13.2230,0.0936,0.0233,0.1153,0.4335,0.0710,-0.0950,233.2880,0.5940,-929501376.0000,640105024.0000,-1.4521,11842787328,0.4240,11.2400,3.7100,121197234,3.8800,4.3400,4.0100,3.1900,-0.0785,FCF/NI:-1.45|D/E:233,2,4.8900,False,False,False,False,False,False,DD12|RSI40|VOLUME|FUND65|SPY20|ABNORMAL20,False,10-18d,XLU,,NEE|DUK|SO,interest_rates|regulatory_environment,POST_ANALYSIS_ACTUAL_FILL,LIVE_QUOTE_AT_ANALYSIS,True,1.0000,1.5000,1.0000,-5.0000,7,1.5000,3,SELL_50_PCT_AT_TP1_REST_AT_TP2,MOVE_REMAINDER_TO_BREAK_EVEN,EXIT_AT_OPEN_IF_OPEN_BELOW_SL,SL_FIRST,10,PENDING_ANALYSIS,1.7764,1.7764,2.6646,99.8164,100.7046,93.1380,Indicative levels use the signal close only. Final SL/TP1/TP2 and sizing must be recalculated from the actual post-analysis broker fill.,27,2026-11-03,False,2026-08-04,1.4300,1.4700,-2.7000,ALCISTA FUERTE,10,779.0900,8.4900,73.6000,15.0100,SIDI_INTRADAY_V2: Fund≥6.5 · DD60≥12% · RSI<40 · MACD↑ · Vol↓ · SPY20≤+1% · Abnormal20≤-10%,SIDI_INTRADAY_V2,False
GM,General Motors,Consumer Discretionary,Automobile Manufacturers,2013-06-06,82.0100,81.4300,82.1500,80.6900,82.0100,2026-10-06,2026-10-07,45.8200,43.1500,UP,-0.2156,-0.4794,-0.6818,True,0.4418,2.8057,1.1550,3.4210,85.1700,80.3800,82.0800,-3.7100,2.0300,True,0.9777,NEUTRO,-8.9900,-10.5300,90.1100,91.6600,91.6600,53.8700,-10.5300,52.2500,0.6620,False,False,83.1400,2.0000,85.3100,True,1.3800,NONE,6.4000,8.5000,7.0000,5.0000,7.0000,5.0000,5.0000,False,False,False,False,True,False,6.8400,10.2600,1.5000,SIDI_INTRADAY_V2,1.8025,-5.2001,0.3516,0.7044,295.0000,XLY,True,36.2982,5.3663,1.1450,0.3828,10.7920,0.0316,0.0225,0.0105,0.1018,0.0190,-0.2620,202.3410,1.1360,21933750272.0000,1856999936.0000,11.8114,71025311744,1.4000,3.5500,0.8800,877451541,3.8000,0.5000,3.9900,7.4200,0.3088,D/E:202,1,4.8400,False,False,False,False,False,False,DD12|RSI40|VOLUME|FUND65|SPY20|ABNORMAL20,False,7-15d,XLY,,AMZN|TSLA|HD,consumer_spending|employment_data|interest_rates,POST_ANALYSIS_ACTUAL_FILL,LIVE_QUOTE_AT_ANALYSIS,True,1.0000,1.5000,1.0000,-5.0000,7,1.5000,3,SELL_50_PCT_AT_TP1_REST_AT_TP2,MOVE_REMAINDER_TO_BREAK_EVEN,EXIT_AT_OPEN_IF_OPEN_BELOW_SL,SL_FIRST,10,PENDING_ANALYSIS,2.8057,2.8057,4.2085,84.8157,86.2186,77.9095,Indicative levels use the signal close only. Final SL/TP1/TP2 and sizing must be recalculated from the actual post-analysis broker fill.,13,2026-10-20,False,2026-07-21,3.5700,3.1900,12.0000,ALCISTA FUERTE,10,779.0900,8.4900,73.6000,15.0100,SIDI_INTRADAY_V2: Fund≥6.5 · DD60≥12% · RSI<40 · MACD↑ · Vol↓ · SPY20≤+1% · Abnormal20≤-10%,SIDI_INTRADAY_V2,False
TTWO,Take-Two Interactive,Communication Services,Interactive Home Entertainment,2018-03-19,202.5300,203.3100,205.0100,201.7000,202.5300,2026-10-06,2026-10-07,36.1000,41.3100,DOWN,0.6294,0.5810,0.4021,True,0.2715,5.2993,0.6970,2.6170,224.8100,224.1700,208.6200,-9.9100,-9.6500,True,-1.5730,BAJISTA,-20.1300,-21.0800,253.5700,256.6200,265.9400,187.6300,-23.8400,7.9400,0.8430,True,True,199.4600,1.0000,227.0000,True,-1.5200,NONE,7.1200,6.5000,7.5000,7.5000,7.0000,8.5000,5.0000,True,True,True,True,True,True,5.2300,7.8500,1.5000,SIDI_INTRADAY_V2,1.8025,-6.2679,0.1337,0.5588,295.0000,XLC,True,,19.6849,10.4996,5.6655,50.8640,-0.0904,-0.0062,-0.0479,0.5713,0.0200,,81.6070,1.0620,1256137472.0000,-320400000.0000,-3.9205,37882241024,0.9740,3.1600,0.0000,186980443,3.3000,2.5600,2.7100,4.8700,0.0332,FCF/NI:-3.92|D/E:82|ROE:-9.0%,3,4.8300,False,False,False,True,False,False,FUND65|SPY20|ABNORMAL20,False,3-7d,XLC,,GOOGL|META|NFLX,ad_spending_cycle|streaming_competition|regulation,POST_ANALYSIS_ACTUAL_FILL,LIVE_QUOTE_AT_ANALYSIS,True,1.0000,1.5000,1.0000,-5.0000,7,1.5000,3,SELL_50_PCT_AT_TP1_REST_AT_TP2,MOVE_REMAINDER_TO_BREAK_EVEN,EXIT_AT_OPEN_IF_OPEN_BELOW_SL,SL_FIRST,10,PENDING_ANALYSIS,5.2993,5.2993,7.9489,207.8293,210.4789,192.4035,Indicative levels use the signal close only. Final SL/TP1/TP2 and sizing must be recalculated from the actual post-analysis broker fill.,33,2026-11-09,False,2026-08-07,-0.1800,-0.2100,13.9000,ALCISTA FUERTE,10,779.0900,8.4900,73.6000,15.0100,SIDI_INTRADAY_V2: Fund≥6.5 · DD60≥12% · RSI<40 · MACD↑ · Vol↓ · SPY20≤+1% · Abnormal20≤-10%,SIDI_INTRADAY_V2,False
RSG,Republic Services,Industrials,Environmental & Facilities Services,2008-12-05,214.7400,212.7700,215.6800,212.5900,214.7400,2026-10-06,2026-10-07,40.4900,25.7500,UP,-0.2209,-0.6503,-1.2723,True,0.4763,3.3257,0.8010,1.5490,216.0100,213.8200,214.0100,-0.5900,0.4300,True,0.1477,NEUTRO,-4.6100,-5.6000,225.1200,227.4800,231.3300,195.2000,-7.1700,10.0100,0.6930,True,True,203.0200,2.0000,212.8700,False,-5.4600,NONE,6.4500,8.5000,7.0000,7.5000,4.0000,5.0000,5.0000,False,False,False,False,True,True,3.1000,4.6500,1.5000,SIDI_INTRADAY_V2,1.8025,-2.8644,-0.6594,0.0742,295.0000,XLI,True,30.8404,26.9767,5.5296,3.9416,15.2070,0.1815,0.0617,0.1294,0.4304,0.0460,0.0510,118.7980,0.6440,1942625024.0000,2185999872.0000,0.8887,66578362368,0.3970,3.2600,1.2500,306212978,3.7100,1.6100,4.8900,4.7900,0.0292,D/E:119,1,4.8100,False,False,False,False,False,False,DD12|RSI40|FUND65|SPY20|ABNORMAL20,False,7-15d,XLI,,CAT|UNP|HON,pmi_manufacturing|supply_chain|capex_cycle,POST_ANALYSIS_ACTUAL_FILL,LIVE_QUOTE_AT_ANALYSIS,True,1.0000,1.5000,1.0000,-5.0000,7,1.5000,3,SELL_50_PCT_AT_TP1_REST_AT_TP2,MOVE_REMAINDER_TO_BREAK_EVEN,EXIT_AT_OPEN_IF_OPEN_BELOW_SL,SL_FIRST,10,PENDING_ANALYSIS,3.3257,3.3257,4.9886,218.0657,219.7286,204.0030,Indicative levels use the signal close only. Final SL/TP1/TP2 and sizing must be recalculated from the actual post-analysis broker fill.,22,2026-10-29,False,2026-08-06,1.8500,1.8200,1.7000,ALCISTA FUERTE,10,779.0900,8.4900,73.6000,15.0100,SIDI_INTRADAY_V2: Fund≥6.5 · DD60≥12% · RSI<40 · MACD↑ · Vol↓ · SPY20≤+1% · Abnormal20≤-10%,SIDI_INTRADAY_V2,False
DUK,Duke Energy,Utilities,Electric Utilities,1976-06-30,115.6600,114.4300,115.7400,114.0600,115.6600,2026-10-06,2026-10-07,39.5400,18.3900,UP,0.1407,-0.0370,-0.2020,True,0.4515,1.4471,0.7140,1.2510,119.9900,122.3800,116.0200,-3.6100,-5.4900,False,0.0280,BAJISTA,-10.6100,-12.0400,129.3800,131.4900,132.1800,110.9900,-12.5000,4.2000,1.1600,False,False,112.4000,1.0000,128.8400,True,-2.8200,HAMMER|DOJI|HAMMER,6.7500,5.5000,8.5000,5.0000,8.0000,7.0000,7.0000,False,False,False,True,True,False,2.5000,3.7500,1.5000,SIDI_INTRADAY_V2,1.8025,-0.4514,-0.3111,0.9063,295.0000,XLU,True,17.4639,16.1699,1.6819,2.7563,11.1210,0.0986,0.0284,0.1600,0.5197,0.0110,0.1060,162.1550,0.6610,-4477374976.0000,5168000000.0000,-0.8664,90414268416,0.3450,5.3500,3.7500,779702193,3.4700,2.7500,4.3400,3.2800,-0.0495,FCF/NI:-0.87|D/E:162,2,4.7800,False,False,False,False,False,False,DD12|VOLUME|FUND65|SPY20|ABNORMAL20,False,3-7d,XLU,,NEE|SO|D,interest_rates|regulatory_environment,POST_ANALYSIS_ACTUAL_FILL,LIVE_QUOTE_AT_ANALYSIS,True,1.0000,1.5000,1.0000,-5.0000,7,1.5000,3,SELL_50_PCT_AT_TP1_REST_AT_TP2,MOVE_REMAINDER_TO_BREAK_EVEN,EXIT_AT_OPEN_IF_OPEN_BELOW_SL,SL_FIRST,10,PENDING_ANALYSIS,1.4471,1.4471,2.1707,117.1071,117.8306,109.8770,Indicative levels use the signal close only. Final SL/TP1/TP2 and sizing must be recalculated from the actual post-analysis broker fill.,29,2026-11-05,False,2026-08-04,1.4300,1.3000,9.6000,ALCISTA FUERTE,10,779.0900,8.4900,73.6000,15.0100,SIDI_INTRADAY_V2: Fund≥6.5 · DD60≥12% · RSI<40 · MACD↑ · Vol↓ · SPY20≤+1% · Abnormal20≤-10%,SIDI_INTRADAY_V2,False
SWKS,Skyworks Solutions,Information Technology,Semiconductors,2015-03-12,82.7900,85.4300,85.7400,80.0300,82.7900,2026-10-06,2026-10-07,44.8900,60.5600,DOWN,-1.3120,-1.1792,-0.9298,False,0.2724,4.3557,1.2050,5.2610,75.0900,65.5300,83.8100,10.2500,26.3400,True,3.3896,ALCISTA,-9.4700,-10.7900,91.4500,92.8000,92.8000,51.4800,-10.7900,60.8100,1.3790,False,False,69.3700,1.0000,85.1800,False,-16.2100,HAMMER,6.2700,10.0000,5.0000,5.0000,4.0000,6.5000,7.0000,False,False,False,False,False,False,10.5200,15.7800,1.5000,SIDI_INTRADAY_V2,1.8025,3.7377,0.3301,0.6785,295.0000,XLK,True,43.9378,17.0206,2.2241,4.9680,14.0190,0.0509,0.0344,0.0723,0.4073,-0.0310,-0.6860,11.8690,3.1010,448812512.0000,290100000.0000,1.5471,19942039552,1.4780,4.7000,0.0000,235165549,3.7900,0.0000,6.3400,5.2300,0.0225,OK,0,4.7800,False,False,False,False,False,False,DD12|RSI40|MACD|VOLUME|FUND65|SPY20|ABNORMAL20,False,10-18d,XLK,,AAPL|MSFT|NVDA,interest_rates|ai_capex_cycle|semiconductor_cycle,POST_ANALYSIS_ACTUAL_FILL,LIVE_QUOTE_AT_ANALYSIS,True,1.0000,1.5000,1.0000,-5.0000,7,1.5000,3,SELL_50_PCT_AT_TP1_REST_AT_TP2,MOVE_REMAINDER_TO_BREAK_EVEN,EXIT_AT_OPEN_IF_OPEN_BELOW_SL,SL_FIRST,10,PENDING_ANALYSIS,4.3557,4.3557,6.5335,87.1457,89.3236,78.6505,Indicative levels use the signal close only. Final SL/TP1/TP2 and sizing must be recalculated from the actual post-analysis broker fill.,27,2026-11-03,False,2026-07-28,1.0800,1.0300,4.8000,ALCISTA FUERTE,10,779.0900,8.4900,73.6000,15.0100,SIDI_INTRADAY_V2: Fund≥6.5 · DD60≥12% · RSI<40 · MACD↑ · Vol↓ · SPY20≤+1% · Abnormal20≤-10%,SIDI_INTRADAY_V2,False
WMB,Williams Companies,Energy,Oil & Gas Storage & Transportation,1975-03-31,72.3900,70.6700,72.7400,70.1100,72.3900,2026-10-06,2026-10-07,57.5200,19.0200,UP,0.1355,-0.0620,-0.3657,True,0.7146,1.6450,0.8400,2.2720,71.7400,70.3900,70.9300,0.9000,2.8500,True,1.7757,ALCISTA,-4.0300,-5.1300,75.4300,76.3100,78.9200,54.5300,-8.2700,32.7500,0.8670,False,False,70.0100,8.0000,75.9500,True,-3.2900,NONE,7.0000,10.0000,7.0000,5.0000,9.0000,5.0000,5.0000,False,False,False,False,True,False,4.5400,6.8200,1.5000,SIDI_INTRADAY_V2,1.8025,-2.7605,0.2513,0.5834,295.0000,XLE,True,28.3765,26.9107,6.6219,7.0697,17.2540,0.2150,0.0503,0.2494,0.6364,0.0780,0.5120,200.3710,0.4770,-1516749952.0000,3070000128.0000,-0.4941,87120101376,0.6630,3.1500,2.9000,1223167472,3.3000,3.1500,4.3800,2.2200,-0.0174,FCF/NI:-0.49|D/E:200,2,4.7800,False,False,False,False,False,False,DD12|RSI40|VOLUME|FUND65|SPY20|ABNORMAL20,False,10-18d,XLE,,XOM|CVX|COP,oil_price|gas_price|opec_supply|inventories,POST_ANALYSIS_ACTUAL_FILL,LIVE_QUOTE_AT_ANALYSIS,True,1.0000,1.5000,1.0000,-5.0000,7,1.5000,3,SELL_50_PCT_AT_TP1_REST_AT_TP2,MOVE_REMAINDER_TO_BREAK_EVEN,EXIT_AT_OPEN_IF_OPEN_BELOW_SL,SL_FIRST,10,PENDING_ANALYSIS,1.6450,1.6450,2.4675,74.0350,74.8575,68.7705,Indicative levels use the signal close only. Final SL/TP1/TP2 and sizing must be recalculated from the actual post-analysis broker fill.,26,2026-11-02,False,2026-08-03,0.5000,0.5000,25.0000,ALCISTA FUERTE,10,779.0900,8.4900,73.6000,15.0100,SIDI_INTRADAY_V2: Fund≥6.5 · DD60≥12% · RSI<40 · MACD↑ · Vol↓ · SPY20≤+1% · Abnormal20≤-10%,SIDI_INTRADAY_V2,False
MOS,Mosaic Company (The),Materials,Fertilizers & Agricultural Chemicals,2011-09-26,20.9400,21.3000,21.5000,20.8500,20.9400,2026-10-06,2026-10-07,23.0800,25.3800,DOWN,-0.4207,-0.4440,-0.4639,True,0.1029,1.0429,1.0460,4.9800,23.3800,24.0900,22.9100,-10.4500,-13.0600,False,0.0523,BAJISTA,-20.4000,-21.6700,26.3100,26.7300,34.7200,19.6300,-39.7000,6.6500,0.8730,False,False,21.2600,1.0000,23.7500,True,1.5300,NONE,6.5500,5.5000,8.5000,5.0000,7.0000,8.0000,5.0000,False,False,True,True,True,False,9.9600,14.9400,1.5000,SIDI_INTRADAY_V2,1.8025,-15.8263,0.0183,1.2470,295.0000,XLB,True,,12.8392,0.5589,0.5231,7.3390,-0.0507,0.0124,-0.0521,0.1124,-0.0600,,52.2490,1.3370,-746275008.0000,-638499968.0000,1.1688,6407186944,0.9180,3.6500,4.2000,317895646,3.5900,2.5000,4.3400,4.0000,-0.1165,ROE:-5.1%,1,4.7700,False,False,True,False,False,False,VOLUME|FUND65|SPY20,False,5-10d,XLB,,LIN|APD|ECL,commodity_prices|dxy|china_demand|energy_costs,POST_ANALYSIS_ACTUAL_FILL,LIVE_QUOTE_AT_ANALYSIS,True,1.0000,1.5000,1.0000,-5.0000,7,1.5000,3,SELL_50_PCT_AT_TP1_REST_AT_TP2,MOVE_REMAINDER_TO_BREAK_EVEN,EXIT_AT_OPEN_IF_OPEN_BELOW_SL,SL_FIRST,10,PENDING_ANALYSIS,1.0429,1.0429,1.5643,21.9829,22.5044,19.8930,Indicative levels use the signal close only. Final SL/TP1/TP2 and sizing must be recalculated from the actual post-analysis broker fill.,27,2026-11-03,False,2026-08-04,0.1300,0.1400,-5.9000,ALCISTA FUERTE,10,779.0900,8.4900,73.6000,15.0100,SIDI_INTRADAY_V2: Fund≥6.5 · DD60≥12% · RSI<40 · MACD↑ · Vol↓ · SPY20≤+1% · Abnormal20≤-10%,SIDI_INTRADAY_V2,False
SO,Southern Company,Utilities,Electric Utilities,1957-03-04,85.4400,84.2000,85.5200,84.1400,85.4400,2026-10-06,2026-10-07,45.6800,21.9300,UP,0.2649,0.0993,-0.0740,True,0.5620,1.2607,0.8060,1.4760,88.6200,91.0000,85.0700,-3.5900,-6.1100,False,-0.0423,BAJISTA,-11.4200,-12.8600,96.4500,98.0500,98.4500,81.6900,-13.2100,4.5900,0.8880,False,False,81.6900,1.0000,95.8100,False,-4.3900,HAMMER|DOJI|HAMMER|DOJI,5.6000,5.0000,7.0000,5.0000,5.0000,5.0000,7.0000,False,False,False,False,True,False,2.9500,4.4300,1.5000,SIDI_INTRADAY_V2,1.8025,0.5041,-0.2292,0.9422,295.0000,XLU,True,20.6265,17.3870,2.4885,3.2629,12.2850,0.1148,0.0327,0.1543,0.4829,0.0010,0.3040,182.0580,0.7870,-3913374976.0000,4657999872.0000,-0.8401,98471067648,0.3010,5.1100,3.5600,1150362966,4.2100,5.0000,4.5500,2.8800,-0.0397,FCF/NI:-0.84|D/E:182,2,4.7700,False,False,False,False,False,False,DD12|RSI40|VOLUME|FUND65|SPY20|ABNORMAL20,False,3-7d,XLU,,NEE|DUK|D,interest_rates|regulatory_environment,POST_ANALYSIS_ACTUAL_FILL,LIVE_QUOTE_AT_ANALYSIS,True,1.0000,1.5000,1.0000,-5.0000,7,1.5000,3,SELL_50_PCT_AT_TP1_REST_AT_TP2,MOVE_REMAINDER_TO_BREAK_EVEN,EXIT_AT_OPEN_IF_OPEN_BELOW_SL,SL_FIRST,10,PENDING_ANALYSIS,1.2607,1.2607,1.8910,86.7007,87.3311,81.1680,Indicative levels use the signal close only. Final SL/TP1/TP2 and sizing must be recalculated from the actual post-analysis broker fill.,29,2026-11-05,False,2026-07-30,1.1300,1.0100,11.8000,ALCISTA FUERTE,10,779.0900,8.4900,73.6000,15.0100,SIDI_INTRADAY_V2: Fund≥6.5 · DD60≥12% · RSI<40 · MACD↑ · Vol↓ · SPY20≤+1% · Abnormal20≤-10%,SIDI_INTRADAY_V2,False
XYZ,"Block, Inc.",Financials,Transaction & Payment Processing Services,2025-07-23,76.5400,76.5000,77.0200,75.8200,76.5400,2026-10-06,2026-10-07,49.7000,32.2300,UP,0.0795,-0.0892,-0.3936,True,0.5039,2.0610,0.7690,2.6930,79.5500,70.2600,76.5600,-3.7800,8.9400,True,1.9697,NEUTRO,-9.7900,-11.9400,84.8500,86.9200,86.9200,48.2100,-11.9400,58.7600,0.7270,True,True,77.2400,4.0000,81.0400,True,0.9200,BULL_ENGULF|HAMMER|DOJI,7.9500,8.5000,7.0000,7.5000,9.0000,7.0000,9.5000,False,False,False,False,True,True,5.3900,8.0800,1.5000,SIDI_INTRADAY_V2,1.8025,-2.4208,1.3211,0.8460,295.0000,XLF,True,135.1786,14.5663,2.0628,1.8162,29.9640,0.0161,0.0201,0.0143,0.4657,0.0930,-0.8330,32.5800,2.2090,-27105876.0000,357142016.0000,-0.0759,45480181760,2.5530,3.4300,0.0000,540816000,2.6400,1.9100,3.9600,1.9600,-0.0006,FCF/NI:-0.08,1,4.7600,False,False,False,False,False,False,DD12|RSI40|FUND65|SPY20|ABNORMAL20,False,7-15d,XLF,,JPM|BAC|WFC,interest_rates|yield_curve|credit_spreads|loan_growth,POST_ANALYSIS_ACTUAL_FILL,LIVE_QUOTE_AT_ANALYSIS,True,1.0000,1.5000,1.0000,-5.0000,7,1.5000,3,SELL_50_PCT_AT_TP1_REST_AT_TP2,MOVE_REMAINDER_TO_BREAK_EVEN,EXIT_AT_OPEN_IF_OPEN_BELOW_SL,SL_FIRST,10,PENDING_ANALYSIS,2.0610,2.0610,3.0915,78.6010,79.6315,72.7130,Indicative levels use the signal close only. Final SL/TP1/TP2 and sizing must be recalculated from the actual post-analysis broker fill.,27,2026-11-03,False,2026-08-05,1.0200,0.8700,16.7000,ALCISTA FUERTE,10,779.0900,8.4900,73.6000,15.0100,SIDI_INTRADAY_V2: Fund≥6.5 · DD60≥12% · RSI<40 · MACD↑ · Vol↓ · SPY20≤+1% · Abnormal20≤-10%,SIDI_INTRADAY_V2,False
AKAM,Akamai Technologies,Information Technology,Internet Services & Infrastructure,2007-07-12,108.6200,109.5000,111.6000,107.5100,108.6200,2026-10-06,2026-10-07,54.8900,47.2900,UP,-0.0572,-0.0789,-0.0430,True,0.4597,7.0407,1.2380,6.4820,111.6400,111.8900,109.4700,-2.7000,-2.9200,False,2.0169,BAJISTA,-13.8700,-15.4400,126.1100,128.4600,165.4500,70.8200,-34.3500,53.3700,0.4720,False,False,107.7600,3.0000,112.7600,True,-0.7900,DOJI,6.2500,5.5000,7.0000,5.0000,10.0000,5.0000,5.0000,False,False,True,False,True,False,12.9600,19.4500,1.5000,SIDI_INTRADAY_V2,1.8025,-0.3431,-0.4728,1.1759,295.0000,XLK,True,37.7826,15.2252,3.1533,3.4669,19.9960,0.0892,0.0252,0.0951,0.5745,0.0540,-0.2680,196.6720,1.6370,710060096.0000,410964992.0000,1.7278,14986767360,0.6160,6.1300,0.0000,143716609,3.7400,0.1900,4.3400,7.1800,0.0474,D/E:197,1,4.7400,False,False,False,False,False,False,RSI40|VOLUME|FUND65|SPY20|ABNORMAL20,False,3-7d,XLK,,AAPL|MSFT|NVDA,interest_rates|ai_capex_cycle|semiconductor_cycle,POST_ANALYSIS_ACTUAL_FILL,LIVE_QUOTE_AT_ANALYSIS,True,1.0000,1.5000,1.0000,-5.0000,7,1.5000,3,SELL_50_PCT_AT_TP1_REST_AT_TP2,MOVE_REMAINDER_TO_BREAK_EVEN,EXIT_AT_OPEN_IF_OPEN_BELOW_SL,SL_FIRST,10,PENDING_ANALYSIS,7.0407,7.0407,10.5610,115.6607,119.1810,103.1890,Indicative levels use the signal close only. Final SL/TP1/TP2 and sizing must be recalculated from the actual post-analysis broker fill.,29,2026-11-05,False,2026-08-06,1.5900,1.5800,83.0000,ALCISTA FUERTE,10,779.0900,8.4900,73.6000,15.0100,SIDI_INTRADAY_V2: Fund≥6.5 · DD60≥12% · RSI<40 · MACD↑ · Vol↓ · SPY20≤+1% · Abnormal20≤-10%,SIDI_INTRADAY_V2,False
BIIB,Biogen,Health Care,Biotechnology,2003-11-13,222.8900,224.5300,225.9700,218.0000,222.8900,2026-10-06,2026-10-07,59.7300,75.7600,DOWN,-0.4702,-0.3767,0.1586,False,0.5806,5.5443,0.8340,2.4870,216.1800,195.7100,221.9200,3.1000,13.8900,True,2.3218,ALCISTA,-2.5400,-3.3000,228.6900,230.4900,230.4900,138.0000,-3.3000,61.5100,0.9070,False,False,194.5900,2.0000,220.5500,False,-12.7000,HAMMER,6.0500,10.0000,5.0000,5.0000,4.0000,5.0000,7.0000,False,False,False,False,False,False,4.9700,7.4600,1.5000,SIDI_INTRADAY_V2,1.8025,3.8201,-0.1081,1.0276,295.0000,XLV,True,40.2451,13.7023,1.7756,3.3385,11.9080,0.0457,0.0521,0.0832,0.7832,0.0340,-0.8480,44.3290,1.8650,1266987520.0000,834600000.0000,1.5181,33478100992,0.0920,8.0700,0.0000,147753998,3.8600,0.9200,5.3000,5.6200,0.0378,OK,0,4.7400,False,False,False,False,False,False,DD12|RSI40|MACD|VOLUME|FUND65|SPY20|ABNORMAL20,False,10-18d,XLV,,UNH|JNJ|LLY,fda_calendar|drug_pricing_policy|patent_cliffs,POST_ANALYSIS_ACTUAL_FILL,LIVE_QUOTE_AT_ANALYSIS,True,1.0000,1.5000,1.0000,-5.0000,7,1.5000,3,SELL_50_PCT_AT_TP1_REST_AT_TP2,MOVE_REMAINDER_TO_BREAK_EVEN,EXIT_AT_OPEN_IF_OPEN_BELOW_SL,SL_FIRST,10,PENDING_ANALYSIS,5.5443,5.5443,8.3164,228.4343,231.2064,211.7455,Indicative levels use the signal close only. Final SL/TP1/TP2 and sizing must be recalculated from the actual post-analysis broker fill.,21,2026-10-28,False,2026-07-29,3.6000,2.0300,77.4000,ALCISTA FUERTE,10,779.0900,8.4900,73.6000,15.0100,SIDI_INTRADAY_V2: Fund≥6.5 · DD60≥12% · RSI<40 · MACD↑ · Vol↓ · SPY20≤+1% · Abnormal20≤-10%,SIDI_INTRADAY_V2,False
DTE,DTE Energy,Utilities,Multi-Utilities,1957-03-04,128.2200,125.7300,128.2300,125.4800,128.2200,2026-10-06,2026-10-07,46.3600,12.7000,UP,0.6666,0.2966,-0.2154,True,0.6098,2.2359,0.8950,1.7440,133.0600,138.7100,126.6200,-3.6400,-7.5700,False,-0.1384,BAJISTA,-13.4300,-14.8300,148.1100,150.5400,154.3400,119.6800,-16.9200,7.1400,0.7910,False,False,119.6800,1.0000,137.1900,False,-6.6600,HAMMER,5.6000,5.0000,7.0000,5.0000,5.0000,5.0000,7.0000,False,False,True,False,True,False,3.4900,5.2300,1.5000,SIDI_INTRADAY_V2,1.8025,-1.1153,-0.0832,1.0073,295.0000,XLU,True,20.2599,15.2834,2.1896,1.6157,15.0630,0.1103,0.0277,0.0800,0.2935,-0.0150,0.2240,229.0600,0.8020,-2596624896.0000,1314000000.0000,-1.9761,26601977856,0.3750,4.1400,3.6300,208088069,4.1600,5.0000,4.3500,2.9600,-0.0976,FCF/NI:-1.98|D/E:229,2,4.7400,False,False,False,False,False,False,RSI40|VOLUME|FUND65|SPY20|ABNORMAL20,False,3-7d,XLU,,NEE|DUK|SO,interest_rates|regulatory_environment,POST_ANALYSIS_ACTUAL_FILL,LIVE_QUOTE_AT_ANALYSIS,True,1.0000,1.5000,1.0000,-5.0000,7,1.5000,3,SELL_50_PCT_AT_TP1_REST_AT_TP2,MOVE_REMAINDER_TO_BREAK_EVEN,EXIT_AT_OPEN_IF_OPEN_BELOW_SL,SL_FIRST,10,PENDING_ANALYSIS,2.2359,2.2359,3.3538,130.4559,131.5738,121.8090,Indicative levels use the signal close only. Final SL/TP1/TP2 and sizing must be recalculated from the actual post-analysis broker fill.,22,2026-10-29,False,2026-07-28,1.3200,1.1400,16.3000,ALCISTA FUERTE,10,779.0900,8.4900,73.6000,15.0100,SIDI_INTRADAY_V2: Fund≥6.5 · DD60≥12% · RSI<40 · MACD↑ · Vol↓ · SPY20≤+1% · Abnormal20≤-10%,SIDI_INTRADAY_V2,False
VRSN,Verisign,Information Technology,Internet Services & Infrastructure,2006-02-01,293.1000,291.8400,294.8800,290.4500,293.1000,2026-10-06,2026-10-07,44.7800,43.2100,UP,-0.6276,-1.1050,-2.1158,True,0.5156,7.2321,0.8790,2.4670,289.6200,265.2200,290.4100,1.2000,10.5100,True,1.8058,ALCISTA,-4.8900,-5.4500,308.1800,310.0000,311.5700,206.9300,-5.9300,41.6400,1.1490,False,False,278.4800,3.0000,301.2400,False,-4.9900,HAMMER,6.7500,10.0000,7.0000,5.0000,6.0000,5.0000,7.0000,False,False,False,False,True,False,4.9300,7.4000,1.5000,SIDI_INTRADAY_V2,1.8025,2.4775,0.9721,-0.5557,295.0000,XLK,True,32.4142,26.9881,-11.9725,15.8016,23.4170,,0.4512,0.4977,0.8847,0.0600,0.0770,,0.5910,832837504.0000,850000000.0000,0.9798,26987565056,0.6920,2.9800,1.1100,90400000,3.3800,0.2700,5.5700,4.4500,0.0309,OK,0,4.7300,False,False,False,False,False,False,DD12|RSI40|VOLUME|FUND65|SPY20|ABNORMAL20,False,10-18d,XLK,,AAPL|MSFT|NVDA,interest_rates|ai_capex_cycle|semiconductor_cycle,POST_ANALYSIS_ACTUAL_FILL,LIVE_QUOTE_AT_ANALYSIS,True,1.0000,1.5000,1.0000,-5.0000,7,1.5000,3,SELL_50_PCT_AT_TP1_REST_AT_TP2,MOVE_REMAINDER_TO_BREAK_EVEN,EXIT_AT_OPEN_IF_OPEN_BELOW_SL,SL_FIRST,10,PENDING_ANALYSIS,7.2321,7.2321,10.8482,300.3321,303.9481,278.4450,Indicative levels use the signal close only. Final SL/TP1/TP2 and sizing must be recalculated from the actual post-analysis broker fill.,15,2026-10-22,False,2026-07-23,2.3800,2.3500,1.1000,ALCISTA FUERTE,10,779.0900,8.4900,73.6000,15.0100,SIDI_INTRADAY_V2: Fund≥6.5 · DD60≥12% · RSI<40 · MACD↑ · Vol↓ · SPY20≤+1% · Abnormal20≤-10%,SIDI_INTRADAY_V2,False
WMT,Walmart,Consumer Staples,Consumer Staples Merchandise Retail,1982-08-31,107.2000,104.5000,107.5500,104.5000,107.2000,2026-10-06,2026-10-07,49.1000,53.1100,DOWN,-0.1070,-0.2772,-0.2211,True,0.5218,2.2121,0.9060,2.0640,108.5800,117.8000,106.7800,-1.2700,-9.0000,False,-0.3190,BAJISTA,-7.3700,-9.0000,115.7300,117.8100,134.8400,98.0500,-20.5000,9.3300,0.9900,True,True,108.8400,8.0000,116.7200,True,1.5300,BULL_ENGULF,6.5500,5.0000,6.0000,7.5000,9.0000,5.0000,7.5000,False,False,False,False,True,True,4.1300,6.1900,1.5000,SIDI_INTRADAY_V2,1.8025,6.1530,0.1543,1.1707,295.0000,XLP,True,39.3152,33.6418,8.7727,1.1699,20.8890,0.2231,0.0641,0.0300,0.2484,0.0590,-0.0910,71.6530,0.7670,7127625216.0000,22076000256.0000,0.3229,860890791936,0.5780,2.9000,0.9200,7933746241,3.5000,3.0400,4.8500,2.4800,0.0083,FCF/NI:0.32,1,4.7200,False,False,False,False,False,False,DD12|RSI40|FUND65|SPY20|ABNORMAL20,False,3-7d,XLP,,PG|KO|PEP,inflation|input_costs|fx_rates,POST_ANALYSIS_ACTUAL_FILL,LIVE_QUOTE_AT_ANALYSIS,True,1.0000,1.5000,1.0000,-5.0000,7,1.5000,3,SELL_50_PCT_AT_TP1_REST_AT_TP2,MOVE_REMAINDER_TO_BREAK_EVEN,EXIT_AT_OPEN_IF_OPEN_BELOW_SL,SL_FIRST,10,PENDING_ANALYSIS,2.2121,2.2121,3.3182,109.4121,110.5182,101.8400,Indicative levels use the signal close only. Final SL/TP1/TP2 and sizing must be recalculated from the actual post-analysis broker fill.,43,2026-11-19,False,2026-08-20,0.8100,0.7400,9.3000,ALCISTA FUERTE,10,779.0900,8.4900,73.6000,15.0100,SIDI_INTRADAY_V2: Fund≥6.5 · DD60≥12% · RSI<40 · MACD↑ · Vol↓ · SPY20≤+1% · Abnormal20≤-10%,SIDI_INTRADAY_V2,False
AEE,Ameren,Utilities,Multi-Utilities,1991-09-19,101.6800,100.1900,101.7100,99.5000,101.6800,2026-10-06,2026-10-07,43.3700,19.5700,UP,0.1760,-0.0051,-0.1552,True,0.4974,1.4314,0.7640,1.4080,105.1200,106.5600,101.6300,-3.2700,-4.5800,False,0.2831,BAJISTA,-10.0000,-11.0200,112.9800,114.2700,117.4900,94.5800,-13.4500,7.5100,1.3550,False,False,,0.0000,110.3800,False,,HAMMER|DOJI,6.4000,5.5000,7.0000,7.0000,5.0000,7.0000,7.0000,False,False,False,False,True,False,2.8200,4.2200,1.5000,SIDI_INTRADAY_V2,1.8025,-0.7857,-0.1746,1.0176,295.0000,XLU,True,17.9102,17.5358,2.0574,3.3484,12.8070,0.1194,0.0306,0.1858,0.5241,-0.0620,0.1190,157.8460,0.5310,-1786249984.0000,1563000064.0000,-1.1428,28163266560,0.4510,8.9000,2.9500,276843251,3.5800,2.8700,4.6500,3.1400,-0.0634,FCF/NI:-1.14|D/E:158,2,4.7100,False,False,False,False,False,False,DD12|RSI40|VOLUME|FUND65|SPY20|ABNORMAL20,False,3-7d,XLU,,NEE|DUK|SO,interest_rates|regulatory_environment,POST_ANALYSIS_ACTUAL_FILL,LIVE_QUOTE_AT_ANALYSIS,True,1.0000,1.5000,1.0000,-5.0000,7,1.5000,3,SELL_50_PCT_AT_TP1_REST_AT_TP2,MOVE_REMAINDER_TO_BREAK_EVEN,EXIT_AT_OPEN_IF_OPEN_BELOW_SL,SL_FIRST,10,PENDING_ANALYSIS,1.4314,1.4314,2.1471,103.1114,103.8271,96.5960,Indicative levels use the signal close only. Final SL/TP1/TP2 and sizing must be recalculated from the actual post-analysis broker fill.,29,2026-11-05,False,2026-07-30,1.1300,1.0800,4.2000,ALCISTA FUERTE,10,779.0900,8.4900,73.6000,15.0100,SIDI_INTRADAY_V2: Fund≥6.5 · DD60≥12% · RSI<40 · MACD↑ · Vol↓ · SPY20≤+1% · Abnormal20≤-10%,SIDI_INTRADAY_V2,False
ETR,Entergy,Utilities,Electric Utilities,1957-03-04,103.2500,101.3600,103.3000,101.0000,103.2500,2026-10-06,2026-10-07,53.4800,22.6200,UP,0.4055,0.1707,-0.1087,True,0.6531,1.9100,0.8830,1.8500,104.9100,105.4800,101.8400,-1.5900,-2.1100,False,0.8952,BAJISTA,-10.4200,-11.0700,115.2600,116.1100,117.7500,89.2500,-12.3100,15.6800,0.9340,False,False,104.4600,3.0000,116.7000,True,1.1800,HAMMER|HAMMER,6.4500,5.5000,7.0000,5.0000,10.0000,5.0000,7.0000,False,False,False,False,True,False,3.7000,5.5500,1.5000,SIDI_INTRADAY_V2,1.8025,-1.6609,-0.0428,1.1328,295.0000,XLU,True,26.2558,20.1121,2.6279,3.6380,14.3120,0.1025,0.0268,0.1333,0.4700,0.0590,-0.0190,186.7700,0.9120,-4400858112.0000,1797105024.0000,-2.4489,49048637440,0.4480,7.1000,2.4800,477777482,3.5500,3.5200,4.3800,2.6100,-0.0897,FCF/NI:-2.45|D/E:187,2,4.7100,False,False,False,False,False,False,DD12|RSI40|VOLUME|FUND65|SPY20|ABNORMAL20,False,3-7d,XLU,,NEE|DUK|SO,interest_rates|regulatory_environment,POST_ANALYSIS_ACTUAL_FILL,LIVE_QUOTE_AT_ANALYSIS,True,1.0000,1.5000,1.0000,-5.0000,7,1.5000,3,SELL_50_PCT_AT_TP1_REST_AT_TP2,MOVE_REMAINDER_TO_BREAK_EVEN,EXIT_AT_OPEN_IF_OPEN_BELOW_SL,SL_FIRST,10,PENDING_ANALYSIS,1.9100,1.9100,2.8650,105.1600,106.1150,98.0875,Indicative levels use the signal close only. Final SL/TP1/TP2 and sizing must be recalculated from the actual post-analysis broker fill.,26,2026-11-02,False,2026-07-29,1.0300,1.0100,2.4000,ALCISTA FUERTE,10,779.0900,8.4900,73.6000,15.0100,SIDI_INTRADAY_V2: Fund≥6.5 · DD60≥12% · RSI<40 · MACD↑ · Vol↓ · SPY20≤+1% · Abnormal20≤-10%,SIDI_INTRADAY_V2,False
LII,Lennox International,Industrials,Building Products,2024-12-23,365.6300,363.2900,371.8400,361.3000,365.6300,2026-10-06,2026-10-07,54.8100,35.5700,UP,2.7246,2.3525,2.5208,True,0.5771,9.8570,0.6570,2.6960,393.4900,482.1000,368.2800,-7.0800,-24.1600,False,-2.4340,BAJISTA,-34.7800,-35.0400,560.6400,562.8200,585.0500,348.9000,-37.5000,4.8000,0.8880,True,True,348.9000,1.0000,376.4100,False,-4.5800,NONE,6.0500,5.0000,7.0000,7.5000,4.0000,7.0000,5.0000,False,False,True,False,True,True,5.3900,8.0900,1.5000,SIDI_INTRADAY_V2,1.8025,2.1317,0.0597,1.6920,295.0000,XLI,True,15.6138,13.6112,9.4341,2.3082,12.4780,0.7176,0.1599,0.1487,0.3333,0.0300,0.0010,156.0820,1.5690,277737504.0000,788499968.0000,0.3522,12238626816,1.1630,4.5500,1.4900,34560675,3.7800,0.4600,5.9600,5.1100,0.0227,FCF/NI:0.35|D/E:156,2,4.6900,False,False,False,False,False,False,RSI40|FUND65|SPY20|ABNORMAL20,False,3-7d,XLI,,CAT|UNP|HON,pmi_manufacturing|supply_chain|capex_cycle,POST_ANALYSIS_ACTUAL_FILL,LIVE_QUOTE_AT_ANALYSIS,True,1.0000,1.5000,1.0000,-5.0000,7,1.5000,3,SELL_50_PCT_AT_TP1_REST_AT_TP2,MOVE_REMAINDER_TO_BREAK_EVEN,EXIT_AT_OPEN_IF_OPEN_BELOW_SL,SL_FIRST,10,PENDING_ANALYSIS,9.8570,9.8570,14.7855,375.4870,380.4155,347.3485,Indicative levels use the signal close only. Final SL/TP1/TP2 and sizing must be recalculated from the actual post-analysis broker fill.,21,2026-10-28,False,2026-07-29,7.7200,7.7000,28.0000,ALCISTA FUERTE,10,779.0900,8.4900,73.6000,15.0100,SIDI_INTRADAY_V2: Fund≥6.5 · DD60≥12% · RSI<40 · MACD↑ · Vol↓ · SPY20≤+1% · Abnormal20≤-10%,SIDI_INTRADAY_V2,False
MRNA,Moderna,Health Care,Biotechnology,2021-07-21,187.4600,202.0900,212.2200,186.6400,187.4600,2026-10-06,2026-10-07,68.2600,89.5200,DOWN,-1.1097,-0.0001,0.7399,False,0.6487,15.9619,1.5530,8.5150,129.2500,70.0400,175.8100,45.0300,167.6600,True,26.4187,ALCISTA,-7.8600,-11.6700,203.4600,212.2200,212.2200,22.2800,-11.6700,741.3800,1.2340,True,True,130.3800,1.0000,,False,-30.4500,HAMMER|DOJI,6.5500,10.0000,5.0000,7.5000,4.0000,5.0000,7.0000,False,False,False,False,False,True,17.0300,25.5400,1.5000,SIDI_INTRADAY_V2,1.8025,9.4754,1.0371,5.0257,295.0000,XLV,True,,-42.5952,11.1880,33.9709,-32.3420,-0.3900,-0.1326,-1.4143,-0.6602,0.0210,,19.0360,2.2950,299249984.0000,-3151000064.0000,-0.0950,75687141376,1.0950,0.9900,0.0000,399235889,3.3200,2.8800,4.3300,2.6600,0.0040,FCF/NI:-0.09|ROE:-39.0%,2,4.6100,False,False,False,False,False,False,DD12|RSI40|MACD|FUND65|SPY20|ABNORMAL20,False,10-18d,XLV,,UNH|JNJ|LLY,fda_calendar|drug_pricing_policy|patent_cliffs,POST_ANALYSIS_ACTUAL_FILL,LIVE_QUOTE_AT_ANALYSIS,True,1.0000,1.5000,1.0000,-5.0000,7,1.5000,3,SELL_50_PCT_AT_TP1_REST_AT_TP2,MOVE_REMAINDER_TO_BREAK_EVEN,EXIT_AT_OPEN_IF_OPEN_BELOW_SL,SL_FIRST,10,PENDING_ANALYSIS,15.9619,15.9619,23.9428,203.4219,211.4029,178.0870,Indicative levels use the signal close only. Final SL/TP1/TP2 and sizing must be recalculated from the actual post-analysis broker fill.,29,2026-11-05,False,2026-07-31,-1.9700,-2.0600,4.3000,ALCISTA FUERTE,10,779.0900,8.4900,73.6000,15.0100,SIDI_INTRADAY_V2: Fund≥6.5 · DD60≥12% · RSI<40 · MACD↑ · Vol↓ · SPY20≤+1% · Abnormal20≤-10%,SIDI_INTRADAY_V2,False
APD,Air Products,Materials,Industrial Gases,1985-04-30,281.0000,280.4300,282.2800,279.3100,281.0000,2026-10-06,2026-10-07,44.3300,30.2300,UP,0.1492,-0.2653,-1.0051,True,0.4231,5.2790,0.8060,1.8790,293.3900,282.4200,283.3300,-4.2200,-0.5000,True,1.3682,BAJISTA,-8.6000,-9.9000,307.4500,311.8900,312.8200,223.1800,-10.1700,25.9100,0.6590,False,False,270.9000,1.0000,286.5900,True,-3.5900,HAMMER,6.4500,7.0000,7.0000,5.0000,8.0000,5.0000,7.0000,False,False,False,False,True,False,3.7600,5.6400,1.5000,SIDI_INTRADAY_V2,1.8025,-2.8687,-0.3923,0.6870,295.0000,XLB,True,,19.2463,4.4586,4.9120,17.7460,0.0002,0.0473,-0.0037,0.3206,0.0460,,110.0910,1.0850,-1497500032.0000,-47300000.0000,31.6596,61902127104,0.7610,4.1400,2.5800,222685530,3.3700,3.3400,3.8900,2.8000,-0.0242,D/E:110,1,4.6000,False,False,False,False,False,False,DD12|RSI40|VOLUME|FUND65|SPY20|ABNORMAL20,False,3-7d,XLB,,LIN|ECL|NEM,commodity_prices|dxy|china_demand|energy_costs,POST_ANALYSIS_ACTUAL_FILL,LIVE_QUOTE_AT_ANALYSIS,True,1.0000,1.5000,1.0000,-5.0000,7,1.5000,3,SELL_50_PCT_AT_TP1_REST_AT_TP2,MOVE_REMAINDER_TO_BREAK_EVEN,EXIT_AT_OPEN_IF_OPEN_BELOW_SL,SL_FIRST,10,PENDING_ANALYSIS,5.2790,5.2790,7.9185,286.2790,288.9185,266.9500,Indicative levels use the signal close only. Final SL/TP1/TP2 and sizing must be recalculated from the actual post-analysis broker fill.,29,2026-11-05,False,2026-07-30,3.4700,3.3400,3.8000,ALCISTA FUERTE,10,779.0900,8.4900,73.6000,15.0100,SIDI_INTRADAY_V2: Fund≥6.5 · DD60≥12% · RSI<40 · MACD↑ · Vol↓ · SPY20≤+1% · Abnormal20≤-10%,SIDI_INTRADAY_V2,False
FDXF,FedEx Freight,Industrials,Cargo Ground Transportation,2026-06-01,112.1000,111.9400,112.7100,109.4000,112.1000,2026-10-06,2026-10-07,28.3200,27.3400,UP,0.1198,-0.0815,-0.5637,True,0.2666,3.9800,0.6570,3.5500,130.0400,,117.6800,-13.7900,,False,,NEUTRO,-29.0500,-29.5100,158.0000,159.0400,200.0000,107.6700,-43.9500,4.1100,0.5200,False,False,,0.0000,152.6700,False,,HAMMER|DOJI|HAMMER|DOJI,6.4800,5.0000,9.5000,5.0000,4.0000,8.5000,7.0000,False,False,True,True,True,False,7.1000,10.6500,1.5000,SIDI_INTRADAY_V2,1.8025,,,,91.0000,XLI,False,25.3128,21.5282,-33.3544,1.8848,23.1290,0.6909,0.0567,0.0745,0.2928,0.0480,-0.6110,,1.5170,-511124992.0000,655000000.0000,-0.7803,16577075200,,2.9700,0.0000,149518133,3.3400,1.0300,6.3500,2.5300,-0.0308,FCF/NI:-0.78,1,4.6000,False,False,False,False,False,False,VOLUME|FUND65|CONTEXT_MISSING,False,7-15d,XLI,,CAT|UNP|HON,pmi_manufacturing|supply_chain|capex_cycle,POST_ANALYSIS_ACTUAL_FILL,LIVE_QUOTE_AT_ANALYSIS,True,1.0000,1.5000,1.0000,-5.0000,7,1.5000,3,SELL_50_PCT_AT_TP1_REST_AT_TP2,MOVE_REMAINDER_TO_BREAK_EVEN,EXIT_AT_OPEN_IF_OPEN_BELOW_SL,SL_FIRST,10,PENDING_ANALYSIS,3.9800,3.9800,5.9700,116.0800,118.0700,106.4950,Indicative levels use the signal close only. Final SL/TP1/TP2 and sizing must be recalculated from the actual post-analysis broker fill.,22,2026-10-29,False,,,,,ALCISTA FUERTE,10,779.0900,8.4900,73.6000,15.0100,SIDI_INTRADAY_V2: Fund≥6.5 · DD60≥12% · RSI<40 · MACD↑ · Vol↓ · SPY20≤+1% · Abnormal20≤-10%,SIDI_INTRADAY_V2,False
CME,CME Group,Financials,Financial Exchanges & Data,2006-08-11,270.1800,269.4300,272.3900,266.8100,270.1800,2026-10-06,2026-10-07,47.1100,36.0500,UP,-0.4266,-0.8865,-1.6844,True,0.5007,6.1514,1.0010,2.2770,270.3400,274.5200,269.0800,-0.0600,-1.5800,False,0.2207,BAJISTA,-5.2400,-6.3600,285.1100,288.5500,318.3200,217.2900,-15.1200,24.3400,0.7940,True,True,257.2500,2.0000,268.7400,False,-4.7900,HAMMER,6.2000,5.5000,7.0000,7.5000,5.0000,5.0000,7.0000,False,False,False,False,True,True,4.5500,6.8300,1.5000,SIDI_INTRADAY_V2,1.8025,3.9894,-0.6773,0.6091,295.0000,XLF,True,22.8179,20.7640,3.6445,14.3158,20.6960,0.1580,0.0148,0.6344,1.0000,0.0080,0.0250,14.5870,1.0180,2909012480.0000,4264999936.0000,0.6821,96734953472,0.2700,3.0500,1.9200,359576125,3.4700,0.0000,6.1600,4.3700,0.0301,FCF/NI:0.68,1,4.5600,False,False,False,False,False,False,DD12|RSI40|FUND65|SPY20|ABNORMAL20,False,3-7d,XLF,,JPM|BAC|WFC,interest_rates|yield_curve|credit_spreads|loan_growth,POST_ANALYSIS_ACTUAL_FILL,LIVE_QUOTE_AT_ANALYSIS,True,1.0000,1.5000,1.0000,-5.0000,7,1.5000,3,SELL_50_PCT_AT_TP1_REST_AT_TP2,MOVE_REMAINDER_TO_BREAK_EVEN,EXIT_AT_OPEN_IF_OPEN_BELOW_SL,SL_FIRST,10,PENDING_ANALYSIS,6.1514,6.1514,9.2271,276.3314,279.4071,256.6710,Indicative levels use the signal close only. Final SL/TP1/TP2 and sizing must be recalculated from the actual post-analysis broker fill.,14,2026-10-21,False,2026-07-22,2.9900,2.9100,2.8000,ALCISTA FUERTE,10,779.0900,8.4900,73.6000,15.0100,SIDI_INTRADAY_V2: Fund≥6.5 · DD60≥12% · RSI<40 · MACD↑ · Vol↓ · SPY20≤+1% · Abnormal20≤-10%,SIDI_INTRADAY_V2,False
HONA,Honeywell Aerospace,Industrials,Aerospace & Defense,2026-06-29,157.3900,156.1900,160.0000,154.9500,157.3900,2026-10-06,2026-10-07,40.8400,53.4400,DOWN,0.3088,0.1197,0.0496,True,0.4187,4.9536,0.5040,3.1470,167.3900,,158.9600,-5.9700,,False,,NEUTRO,-27.3000,-29.2800,216.4800,222.5400,297.5000,149.1900,-47.1000,5.5000,0.5230,True,True,150.2000,3.0000,170.3200,False,-4.5700,BULL_ENGULF,6.4000,5.0000,6.0000,7.5000,6.0000,7.0000,7.5000,False,False,True,False,True,True,6.2900,9.4400,1.5000,SIDI_INTRADAY_V2,1.8025,,,,78.0000,XLI,False,46.4002,16.9989,-8.4674,2.6926,18.3860,,,0.1086,0.3453,0.0540,-0.7090,,1.5260,,1946000000.0000,,48237924352,,1.4500,0.0000,316952725,3.3300,1.2200,5.1000,3.7100,,OK,0,4.5600,False,False,False,False,False,False,RSI40|FUND65|CONTEXT_MISSING,False,7-15d,XLI,,CAT|UNP|HON,pmi_manufacturing|supply_chain|capex_cycle,POST_ANALYSIS_ACTUAL_FILL,LIVE_QUOTE_AT_ANALYSIS,True,1.0000,1.5000,1.0000,-5.0000,7,1.5000,3,SELL_50_PCT_AT_TP1_REST_AT_TP2,MOVE_REMAINDER_TO_BREAK_EVEN,EXIT_AT_OPEN_IF_OPEN_BELOW_SL,SL_FIRST,10,PENDING_ANALYSIS,4.9536,4.9536,7.4304,162.3436,164.8204,149.5205,Indicative levels use the signal close only. Final SL/TP1/TP2 and sizing must be recalculated from the actual post-analysis broker fill.,21,2026-10-28,False,2026-08-05,1.8700,2.1200,-11.8000,ALCISTA FUERTE,10,779.0900,8.4900,73.6000,15.0100,SIDI_INTRADAY_V2: Fund≥6.5 · DD60≥12% · RSI<40 · MACD↑ · Vol↓ · SPY20≤+1% · Abnormal20≤-10%,SIDI_INTRADAY_V2,False
RCL,Royal Caribbean Group,Consumer Discretionary,"Hotels, Resorts & Cruise Lines",2014-12-05,288.7800,279.8000,289.1700,278.0000,288.7800,2026-10-06,2026-10-07,69.1100,51.5500,UP,6.3119,5.4748,4.1577,True,1.0643,12.0064,1.2660,4.1580,280.1500,284.0400,263.1500,3.0800,1.6700,False,-0.1905,ALCISTA,-11.2800,-13.0300,325.4900,332.0300,350.5900,222.2200,-17.6300,29.9500,0.6990,False,False,276.9100,3.0000,285.6700,False,-4.1100,HAMMER,6.3500,8.0000,7.0000,5.0000,6.0000,5.0000,7.0000,False,False,False,False,True,False,8.3200,12.4700,1.5000,SIDI_INTRADAY_V2,1.8025,12.3119,0.8399,0.8439,295.0000,XLY,True,17.4534,13.8279,7.3876,4.0447,14.4530,0.4467,0.0768,0.2354,0.5028,0.0650,-0.0460,224.8160,0.2090,-1516249984.0000,4398000128.0000,-0.3448,75620737024,1.8220,5.6500,2.0800,267452084,3.3600,2.9200,4.1700,2.9200,-0.0201,FCF/NI:-0.34|D/E:225,2,4.5600,False,False,False,False,False,False,DD12|RSI40|VOLUME|FUND65|SPY20|ABNORMAL20,False,10-18d,XLY,,AMZN|TSLA|HD,consumer_spending|employment_data|interest_rates,POST_ANALYSIS_ACTUAL_FILL,LIVE_QUOTE_AT_ANALYSIS,True,1.0000,1.5000,1.0000,-5.0000,7,1.5000,3,SELL_50_PCT_AT_TP1_REST_AT_TP2,MOVE_REMAINDER_TO_BREAK_EVEN,EXIT_AT_OPEN_IF_OPEN_BELOW_SL,SL_FIRST,10,PENDING_ANALYSIS,12.0064,12.0064,18.0096,300.7864,306.7896,274.3410,Indicative levels use the signal close only. Final SL/TP1/TP2 and sizing must be recalculated from the actual post-analysis broker fill.,20,2026-10-27,False,2026-07-28,4.2100,3.9800,5.7000,ALCISTA FUERTE,10,779.0900,8.4900,73.6000,15.0100,SIDI_INTRADAY_V2: Fund≥6.5 · DD60≥12% · RSI<40 · MACD↑ · Vol↓ · SPY20≤+1% · Abnormal20≤-10%,SIDI_INTRADAY_V2,False
ECHO,EchoStar,Communication Services,Wireless Telecommunication Services,2026-03-23,100.0100,99.8100,100.9000,97.8600,100.0100,2026-10-06,2026-10-07,63.9100,45.4900,UP,0.6822,0.2854,-0.5424,True,1.0986,3.0521,0.8650,3.0520,89.9900,108.7000,92.6100,11.1400,-7.9900,False,0.8439,BAJISTA,0.0000,-0.8800,100.0100,100.9000,147.2500,65.7600,-32.0800,52.0800,1.2610,False,False,94.7800,2.0000,104.7400,False,-5.2200,BULL_ENGULF|HAMMER|DOJI,6.2500,7.0000,7.0000,5.0000,5.0000,5.0000,9.5000,False,False,False,False,True,False,6.1000,9.1600,1.5000,SIDI_INTRADAY_V2,1.8025,9.4304,1.4048,0.3262,295.0000,XLC,True,,4.2895,2.0006,1.9349,23.2160,-0.3343,0.0132,-0.3871,0.2954,-0.0400,,123.7570,5.2010,-18870501376.0000,-5672891904.0000,3.3264,28354543616,0.9920,10.2800,0.0000,159467376,3.3600,2.5000,4.4900,3.0600,-0.6655,D/E:124|ROE:-33.4%,2,4.5200,False,False,False,False,False,False,DD12|RSI40|VOLUME|FUND65|SPY20|ABNORMAL20,False,3-7d,XLC,,GOOGL|META|NFLX,ad_spending_cycle|streaming_competition|regulation,POST_ANALYSIS_ACTUAL_FILL,LIVE_QUOTE_AT_ANALYSIS,True,1.0000,1.5000,1.0000,-5.0000,7,1.5000,3,SELL_50_PCT_AT_TP1_REST_AT_TP2,MOVE_REMAINDER_TO_BREAK_EVEN,EXIT_AT_OPEN_IF_OPEN_BELOW_SL,SL_FIRST,10,PENDING_ANALYSIS,3.0521,3.0521,4.5781,103.0621,104.5881,95.0095,Indicative levels use the signal close only. Final SL/TP1/TP2 and sizing must be recalculated from the actual post-analysis broker fill.,29,2026-11-05,False,2026-08-03,0.1400,2.6200,-94.8000,ALCISTA FUERTE,10,779.0900,8.4900,73.6000,15.0100,SIDI_INTRADAY_V2: Fund≥6.5 · DD60≥12% · RSI<40 · MACD↑ · Vol↓ · SPY20≤+1% · Abnormal20≤-10%,SIDI_INTRADAY_V2,False
NI,NiSource,Utilities,Multi-Utilities,2000-11-02,40.6700,40.2500,40.7000,39.5900,40.6700,2026-10-06,2026-10-07,50.1000,20.8400,UP,0.1330,0.0353,-0.0309,True,0.6459,0.6586,0.8200,1.6190,41.4200,44.4300,40.1100,-1.8100,-8.4600,False,-0.2855,BAJISTA,-12.4200,-13.8800,46.4400,47.2200,48.8800,38.4200,-16.8000,5.8600,1.0540,True,True,41.4100,1.0000,42.1800,True,1.8200,HAMMER|DOJI,6.4000,5.0000,7.0000,7.5000,7.0000,5.0000,7.0000,False,False,True,False,True,True,3.2400,4.8600,1.5000,SIDI_INTRADAY_V2,1.8025,2.1408,-0.0105,0.9570,295.0000,XLU,True,21.6383,18.0713,2.0373,2.8349,12.9530,0.0855,0.0324,0.1315,0.5097,0.0460,-0.5840,146.6490,0.4980,-1772999936.0000,906000000.0000,-1.9570,19508504576,0.5480,2.9400,2.9500,479560100,3.2500,2.6400,4.1600,2.9200,-0.0909,FCF/NI:-1.96,1,4.5100,False,False,False,False,False,False,RSI40|FUND65|SPY20|ABNORMAL20,False,3-7d,XLU,,NEE|DUK|SO,interest_rates|regulatory_environment,POST_ANALYSIS_ACTUAL_FILL,LIVE_QUOTE_AT_ANALYSIS,True,1.0000,1.5000,1.0000,-5.0000,7,1.5000,3,SELL_50_PCT_AT_TP1_REST_AT_TP2,MOVE_REMAINDER_TO_BREAK_EVEN,EXIT_AT_OPEN_IF_OPEN_BELOW_SL,SL_FIRST,10,PENDING_ANALYSIS,0.6586,0.6586,0.9879,41.3286,41.6579,38.6365,Indicative levels use the signal close only. Final SL/TP1/TP2 and sizing must be recalculated from the actual post-analysis broker fill.,21,2026-10-28,False,2026-08-05,0.1600,0.1600,1.5000,ALCISTA FUERTE,10,779.0900,8.4900,73.6000,15.0100,SIDI_INTRADAY_V2: Fund≥6.5 · DD60≥12% · RSI<40 · MACD↑ · Vol↓ · SPY20≤+1% · Abnormal20≤-10%,SIDI_INTRADAY_V2,False
TRGP,Targa Resources,Energy,Oil & Gas Storage & Transportation,2022-10-12,285.7200,286.4400,288.3900,283.9300,285.7200,2026-10-06,2026-10-07,50.9500,25.0100,UP,0.0123,-0.4219,-1.8379,True,0.5724,7.5107,0.9690,2.6290,281.6700,247.8100,283.1200,1.4400,15.3000,True,4.6217,ALCISTA,-5.4700,-7.2200,302.2500,307.9400,307.9400,141.1100,-7.2200,102.4900,1.0020,False,False,284.0000,1.0000,289.6800,True,-0.6000,HAMMER,6.9000,10.0000,7.0000,5.0000,7.0000,5.0000,7.0000,False,False,False,False,True,False,5.2600,7.8900,1.5000,SIDI_INTRADAY_V2,1.8025,-3.6339,0.1314,0.9868,295.0000,XLE,True,26.9243,23.1806,19.1697,3.5865,14.7070,0.7084,0.0924,0.1354,0.4319,0.0420,0.2330,515.7940,0.7710,65837500.0000,2255300096.0000,0.0292,60043370496,0.7960,4.7000,1.7500,214431021,2.9200,1.0900,5.4300,2.1400,0.0011,FCF/NI:0.03|D/E:516,2,4.5100,False,False,False,False,False,False,DD12|RSI40|VOLUME|FUND65|SPY20|ABNORMAL20,False,10-18d,XLE,,XOM|CVX|COP,oil_price|gas_price|opec_supply|inventories,POST_ANALYSIS_ACTUAL_FILL,LIVE_QUOTE_AT_ANALYSIS,True,1.0000,1.5000,1.0000,-5.0000,7,1.5000,3,SELL_50_PCT_AT_TP1_REST_AT_TP2,MOVE_REMAINDER_TO_BREAK_EVEN,EXIT_AT_OPEN_IF_OPEN_BELOW_SL,SL_FIRST,10,PENDING_ANALYSIS,7.5107,7.5107,11.2660,293.2307,296.9861,271.4340,Indicative levels use the signal close only. Final SL/TP1/TP2 and sizing must be recalculated from the actual post-analysis broker fill.,29,2026-11-05,False,2026-08-06,3.2500,2.8400,14.2000,ALCISTA FUERTE,10,779.0900,8.4900,73.6000,15.0100,SIDI_INTRADAY_V2: Fund≥6.5 · DD60≥12% · RSI<40 · MACD↑ · Vol↓ · SPY20≤+1% · Abnormal20≤-10%,SIDI_INTRADAY_V2,False
VST,Vistra Corp.,Utilities,Electric Utilities,2024-05-08,160.5000,151.4700,162.6900,151.4400,160.5000,2026-10-06,2026-10-07,77.0300,32.0700,UP,1.6419,0.4120,-0.0823,True,1.3126,5.7035,0.9840,3.5540,142.8300,154.3200,143.0100,12.3700,4.0000,False,-1.7741,ALCISTA,-4.8600,-5.3000,168.7000,169.4800,215.8500,132.2600,-25.6400,21.3500,2.9760,False,False,154.6700,3.0000,168.5300,True,-3.6400,HAMMER|HAMMER,7.2000,8.0000,7.0000,7.0000,9.0000,5.0000,7.0000,False,False,False,False,True,False,7.1100,10.6600,1.5000,SIDI_INTRADAY_V2,1.8025,11.4638,1.0852,1.1246,295.0000,XLU,True,27.2462,15.5112,18.0586,2.8226,11.5000,0.4296,0.0589,0.1155,0.3831,-0.0550,-0.0620,373.2800,0.9730,37125000.0000,2027000064.0000,0.0183,54228582400,1.3840,2.2200,0.5700,335635195,2.6900,0.0000,5.7600,2.2600,0.0007,FCF/NI:0.02|D/E:373,2,4.4900,False,False,False,False,False,False,DD12|RSI40|VOLUME|FUND65|SPY20|ABNORMAL20,False,10-18d,XLU,,NEE|DUK|SO,interest_rates|regulatory_environment,POST_ANALYSIS_ACTUAL_FILL,LIVE_QUOTE_AT_ANALYSIS,True,1.0000,1.5000,1.0000,-5.0000,7,1.5000,3,SELL_50_PCT_AT_TP1_REST_AT_TP2,MOVE_REMAINDER_TO_BREAK_EVEN,EXIT_AT_OPEN_IF_OPEN_BELOW_SL,SL_FIRST,10,PENDING_ANALYSIS,5.7035,5.7035,8.5553,166.2035,169.0553,152.4750,Indicative levels use the signal close only. Final SL/TP1/TP2 and sizing must be recalculated from the actual post-analysis broker fill.,30,2026-11-06,False,2026-08-10,0.7600,1.6600,-54.2000,ALCISTA FUERTE,10,779.0900,8.4900,73.6000,15.0100,SIDI_INTRADAY_V2: Fund≥6.5 · DD60≥12% · RSI<40 · MACD↑ · Vol↓ · SPY20≤+1% · Abnormal20≤-10%,SIDI_INTRADAY_V2,False
CRL,Charles River Laboratories,Health Care,Life Sciences Tools & Services,2021-05-14,304.9600,319.8000,333.3000,300.0100,304.9600,2026-10-06,2026-10-07,68.0500,63.5400,UP,1.5063,1.2700,0.3274,True,0.9306,12.5871,1.2850,4.1270,279.3600,211.0900,289.9600,9.1600,44.4700,True,5.1564,ALCISTA,-1.8700,-8.5000,310.7700,333.3000,333.3000,146.2000,-8.5000,108.5900,1.8350,False,False,267.2700,1.0000,303.3100,False,-12.3600,NONE,6.2500,10.0000,7.0000,5.0000,4.0000,5.0000,5.0000,False,False,False,False,True,False,8.2500,12.3800,1.5000,SIDI_INTRADAY_V2,1.8025,0.1633,0.7676,1.0953,295.0000,XLV,True,,23.6209,5.0722,3.6025,20.5500,-0.0752,0.0411,-0.0596,0.3458,-0.0270,,105.0470,1.3480,468856000.0000,-238458000.0000,-1.9662,14406397952,1.4040,2.5800,0.0000,47738872,3.2700,2.5000,2.5400,5.0300,0.0325,FCF/NI:-1.97|D/E:105|ROE:-7.5%,3,4.4600,False,False,False,False,False,False,DD12|RSI40|VOLUME|FUND65|SPY20|ABNORMAL20,False,10-18d,XLV,,UNH|JNJ|LLY,fda_calendar|drug_pricing_policy|patent_cliffs,POST_ANALYSIS_ACTUAL_FILL,LIVE_QUOTE_AT_ANALYSIS,True,1.0000,1.5000,1.0000,-5.0000,7,1.5000,3,SELL_50_PCT_AT_TP1_REST_AT_TP2,MOVE_REMAINDER_TO_BREAK_EVEN,EXIT_AT_OPEN_IF_OPEN_BELOW_SL,SL_FIRST,10,PENDING_ANALYSIS,12.5871,12.5871,18.8806,317.5471,323.8406,289.7120,Indicative levels use the signal close only. Final SL/TP1/TP2 and sizing must be recalculated from the actual post-analysis broker fill.,28,2026-11-04,False,2026-08-05,3.0200,2.7400,10.3000,ALCISTA FUERTE,10,779.0900,8.4900,73.6000,15.0100,SIDI_INTRADAY_V2: Fund≥6.5 · DD60≥12% · RSI<40 · MACD↑ · Vol↓ · SPY20≤+1% · Abnormal20≤-10%,SIDI_INTRADAY_V2,False
KMB,Kimberly-Clark,Consumer Staples,Household Products,1957-03-04,96.7700,95.8900,97.2100,95.6000,96.7700,2026-10-06,2026-10-07,44.5700,51.9000,DOWN,0.0470,-0.0856,-0.0187,True,0.3432,1.8586,0.7160,1.9210,103.9000,100.3700,98.4700,-6.8600,-3.5800,True,-0.2363,BAJISTA,-13.5000,-15.1900,111.8700,114.1000,117.1000,90.0900,-17.3600,7.4200,0.6890,False,False,91.6200,2.0000,98.8800,False,-5.3200,NONE,5.8000,6.5000,6.0000,5.0000,5.0000,7.0000,5.0000,False,False,True,False,True,False,3.8400,5.7600,1.5000,SIDI_INTRADAY_V2,1.8025,-4.4904,0.2582,1.1622,295.0000,XLP,True,19.1193,12.9834,18.4217,1.9405,10.8850,1.0491,0.1019,0.1179,0.3761,0.0060,-0.3230,348.9330,0.9090,941124992.0000,1684999936.0000,0.5585,32176637952,0.2750,12.3200,5.2900,331940357,3.5700,0.0000,6.1300,4.7600,0.0292,FCF/NI:0.56|D/E:349,2,4.4600,False,False,False,False,False,False,RSI40|VOLUME|FUND65|SPY20|ABNORMAL20,False,3-7d,XLP,,PG|KO|PEP,inflation|input_costs|fx_rates,POST_ANALYSIS_ACTUAL_FILL,LIVE_QUOTE_AT_ANALYSIS,True,1.0000,1.5000,1.0000,-5.0000,7,1.5000,3,SELL_50_PCT_AT_TP1_REST_AT_TP2,MOVE_REMAINDER_TO_BREAK_EVEN,EXIT_AT_OPEN_IF_OPEN_BELOW_SL,SL_FIRST,10,PENDING_ANALYSIS,1.8586,1.8586,2.7879,98.6286,99.5579,91.9315,Indicative levels use the signal close only. Final SL/TP1/TP2 and sizing must be recalculated from the actual post-analysis broker fill.,27,2026-11-03,False,2026-08-04,2.1200,2.0100,5.7000,ALCISTA FUERTE,10,779.0900,8.4900,73.6000,15.0100,SIDI_INTRADAY_V2: Fund≥6.5 · DD60≥12% · RSI<40 · MACD↑ · Vol↓ · SPY20≤+1% · Abnormal20≤-10%,SIDI_INTRADAY_V2,False
VMC,Vulcan Materials Company,Materials,Construction Materials,1999-06-30,248.8500,247.0200,249.9000,246.5000,248.8500,2026-10-06,2026-10-07,56.6600,40.1400,UP,1.3911,1.0430,0.7962,True,0.7074,6.5714,0.8750,2.6410,263.6500,282.7600,248.8600,-5.6200,-11.9900,False,-1.5490,BAJISTA,-15.0500,-17.0700,292.9300,300.0700,329.2000,237.0300,-24.4100,4.9900,0.7540,False,False,252.0800,2.0000,282.5800,True,1.3000,NONE,5.7000,5.0000,7.0000,5.0000,7.0000,5.0000,5.0000,False,False,True,False,True,False,5.2800,7.9200,1.5000,SIDI_INTRADAY_V2,1.8025,2.1382,-0.0182,1.1594,295.0000,XLB,True,28.5955,23.0400,3.7069,3.8717,15.8170,0.1323,0.0604,0.1375,0.2751,0.0250,0.0270,58.2200,1.7570,843600000.0000,1117100032.0000,0.7552,31421548544,1.0460,5.8800,0.8400,129578739,3.5800,0.4400,5.9600,4.4600,0.0268,OK,0,4.4300,False,False,False,False,False,False,RSI40|VOLUME|FUND65|SPY20|ABNORMAL20,False,3-7d,XLB,,LIN|APD|ECL,commodity_prices|dxy|china_demand|energy_costs,POST_ANALYSIS_ACTUAL_FILL,LIVE_QUOTE_AT_ANALYSIS,True,1.0000,1.5000,1.0000,-5.0000,7,1.5000,3,SELL_50_PCT_AT_TP1_REST_AT_TP2,MOVE_REMAINDER_TO_BREAK_EVEN,EXIT_AT_OPEN_IF_OPEN_BELOW_SL,SL_FIRST,10,PENDING_ANALYSIS,6.5714,6.5714,9.8571,255.4214,258.7071,236.4075,Indicative levels use the signal close only. Final SL/TP1/TP2 and sizing must be recalculated from the actual post-analysis broker fill.,22,2026-10-29,False,2026-07-29,2.5900,2.4700,4.9000,ALCISTA FUERTE,10,779.0900,8.4900,73.6000,15.0100,SIDI_INTRADAY_V2: Fund≥6.5 · DD60≥12% · RSI<40 · MACD↑ · Vol↓ · SPY20≤+1% · Abnormal20≤-10%,SIDI_INTRADAY_V2,False
WBD,Warner Bros. Discovery,Communication Services,Broadcasting,2022-04-11,30.9500,30.9500,30.9500,30.9500,30.9500,2026-10-06,2026-10-07,85.8200,82.5200,UP,0.0443,0.0767,0.1473,False,0.7104,0.3479,0.7400,1.1240,28.4400,27.7000,30.0500,8.8200,11.7200,True,1.4136,ALCISTA,0.0000,-0.1300,30.9500,30.9900,30.9900,17.0800,-0.1300,81.2100,0.0000,False,False,26.7300,2.0000,30.9200,False,-13.6300,HAMMER|DOJI,6.5500,10.0000,6.0000,5.0000,4.0000,7.0000,7.0000,False,False,False,False,False,False,2.2500,3.3700,1.5000,SIDI_INTRADAY_V2,1.8025,9.8469,0.2926,0.0367,295.0000,XLC,True,,21643.3570,2.3639,2.1486,13.7910,-0.0879,0.0171,-0.0877,0.4781,-0.1120,-0.9060,94.1990,0.7770,16167374848.0000,-3166000128.0000,-5.1066,77595885568,1.5390,3.4300,0.0000,2507136702,2.9700,0.0000,2.5200,6.9700,0.2084,FCF/NI:-5.11|D/E:94|RevG:-11.2%|ROE:-8.8%,4,4.4000,False,False,False,False,False,False,DD12|RSI40|MACD|VOLUME|FUND65|SPY20|ABNORMAL20,False,10-18d,XLC,,GOOGL|META|NFLX,ad_spending_cycle|streaming_competition|regulation,POST_ANALYSIS_ACTUAL_FILL,LIVE_QUOTE_AT_ANALYSIS,True,1.0000,1.5000,1.0000,-5.0000,7,1.5000,3,SELL_50_PCT_AT_TP1_REST_AT_TP2,MOVE_REMAINDER_TO_BREAK_EVEN,EXIT_AT_OPEN_IF_OPEN_BELOW_SL,SL_FIRST,10,PENDING_ANALYSIS,0.3479,0.3479,0.5218,31.2979,31.4718,29.4025,Indicative levels use the signal close only. Final SL/TP1/TP2 and sizing must be recalculated from the actual post-analysis broker fill.,29,2026-11-05,False,2026-08-06,0.0600,-0.1100,153.9000,ALCISTA FUERTE,10,779.0900,8.4900,73.6000,15.0100,SIDI_INTRADAY_V2: Fund≥6.5 · DD60≥12% · RSI<40 · MACD↑ · Vol↓ · SPY20≤+1% · Abnormal20≤-10%,SIDI_INTRADAY_V2,False
NKE,"Nike, Inc.",Consumer Discretionary,"Apparel, Accessories & Luxury Goods",1988-11-30,34.6100,33.7000,34.6200,33.5000,34.6100,2026-10-06,2026-10-07,40.6700,37.4000,UP,-0.0467,-0.0775,0.0507,True,0.1626,1.1921,1.0380,3.4450,38.4300,47.5700,35.9400,-9.9300,-27.2400,False,-5.4123,BAJISTA,-21.5200,-22.2400,44.1000,44.5100,70.0800,31.9700,-50.6100,8.2600,1.0560,False,False,,0.0000,37.0400,False,,HAMMER,5.6700,5.0000,7.0000,5.0000,4.0000,6.5000,7.0000,False,False,True,False,True,False,6.8900,10.3300,1.5000,SIDI_INTRADAY_V2,1.8025,-2.0657,-0.6952,1.1257,295.0000,XLY,True,16.1238,19.9057,3.3779,1.0959,11.0700,0.2156,0.0689,0.0674,0.4341,-0.0430,-0.0210,73.0950,2.0750,1766875008.0000,3092999936.0000,0.5712,50292555776,1.0990,2.9300,4.7400,1203921077,3.5200,0.0000,5.0900,5.7900,0.0351,FCF/NI:0.57,1,4.3800,False,False,False,False,False,False,RSI40|VOLUME|FUND65|SPY20|ABNORMAL20,False,3-7d,XLY,,AMZN|TSLA|HD,consumer_spending|employment_data|interest_rates,POST_ANALYSIS_ACTUAL_FILL,LIVE_QUOTE_AT_ANALYSIS,True,1.0000,1.5000,1.0000,-5.0000,7,1.5000,3,SELL_50_PCT_AT_TP1_REST_AT_TP2,MOVE_REMAINDER_TO_BREAK_EVEN,EXIT_AT_OPEN_IF_OPEN_BELOW_SL,SL_FIRST,10,PENDING_ANALYSIS,1.1921,1.1921,1.7881,35.8021,36.3982,32.8795,Indicative levels use the signal close only. Final SL/TP1/TP2 and sizing must be recalculated from the actual post-analysis broker fill.,71,2026-12-17,False,2026-10-01,0.4800,0.4400,9.9000,ALCISTA FUERTE,10,779.0900,8.4900,73.6000,15.0100,SIDI_INTRADAY_V2: Fund≥6.5 · DD60≥12% · RSI<40 · MACD↑ · Vol↓ · SPY20≤+1% · Abnormal20≤-10%,SIDI_INTRADAY_V2,False
KMI,Kinder Morgan,Energy,Oil & Gas Storage & Transportation,2012-05-25,32.1600,31.3800,32.3100,31.1200,32.1600,2026-10-06,2026-10-07,64.2700,36.5900,UP,0.0998,0.0157,-0.0890,True,1.0404,0.7321,1.0080,2.2770,31.4300,31.1200,31.1800,2.3300,3.3400,True,1.5844,ALCISTA,-2.1600,-2.7200,32.8700,33.0600,34.4900,24.7400,-6.7500,30.0100,1.1990,False,False,31.2200,1.0000,32.7200,True,-2.9300,NONE,6.7000,10.0000,7.0000,5.0000,7.0000,5.0000,5.0000,False,False,False,False,True,False,4.5500,6.8300,1.5000,SIDI_INTRADAY_V2,1.8025,2.5600,0.0783,0.5539,295.0000,XLE,True,20.5161,20.5887,2.2368,3.9395,13.7780,0.1099,0.0445,0.1930,0.4941,0.1080,0.2120,98.6190,0.4580,1075000064.0000,3448999936.0000,0.3117,70749462528,0.5830,4.0200,3.6700,2224825757,2.7700,1.3600,3.4200,3.6500,0.0152,FCF/NI:0.31|D/E:99,2,4.3400,False,False,False,False,False,False,DD12|RSI40|VOLUME|FUND65|SPY20|ABNORMAL20,False,10-18d,XLE,,XOM|CVX|COP,oil_price|gas_price|opec_supply|inventories,POST_ANALYSIS_ACTUAL_FILL,LIVE_QUOTE_AT_ANALYSIS,True,1.0000,1.5000,1.0000,-5.0000,7,1.5000,3,SELL_50_PCT_AT_TP1_REST_AT_TP2,MOVE_REMAINDER_TO_BREAK_EVEN,EXIT_AT_OPEN_IF_OPEN_BELOW_SL,SL_FIRST,10,PENDING_ANALYSIS,0.7321,0.7321,1.0981,32.8921,33.2581,30.5520,Indicative levels use the signal close only. Final SL/TP1/TP2 and sizing must be recalculated from the actual post-analysis broker fill.,21,2026-10-28,False,2026-07-22,0.3700,0.3100,18.3000,ALCISTA FUERTE,10,779.0900,8.4900,73.6000,15.0100,SIDI_INTRADAY_V2: Fund≥6.5 · DD60≥12% · RSI<40 · MACD↑ · Vol↓ · SPY20≤+1% · Abnormal20≤-10%,SIDI_INTRADAY_V2,False
GIS,General Mills,Consumer Staples,Packaged Foods & Meats,1957-03-04,32.1800,31.8500,32.3600,31.7000,32.1800,2026-10-06,2026-10-07,19.4200,24.6500,DOWN,-0.3143,-0.3975,-0.4592,True,0.1717,1.0043,0.8580,3.1210,37.0200,37.8700,34.4600,-13.0700,-15.0300,False,-2.5530,BAJISTA,-22.5500,-23.7400,41.5500,42.2000,48.2600,31.1800,-33.3200,3.2100,0.9570,False,False,32.2900,2.0000,33.9000,True,0.3500,NONE,6.2300,5.0000,8.5000,5.0000,7.0000,6.5000,5.0000,False,False,True,True,True,False,6.2400,9.3600,1.5000,SIDI_INTRADAY_V2,1.8025,-13.3395,-0.1023,1.2144,295.0000,XLP,True,,10.1766,2.3244,0.9378,8.9030,-0.1049,0.0565,-0.0489,0.3373,-0.0280,-0.6670,182.4220,0.7040,1302612480.0000,-894800000.0000,-1.4558,17158110208,0.0200,5.0800,7.7000,534687144,2.9900,0.0000,2.2600,7.3300,0.0759,FCF/NI:-1.46|D/E:182|ROE:-10.5%,3,4.2900,False,False,True,False,False,False,VOLUME|FUND65|SPY20,False,5-10d,XLP,,PG|KO|PEP,inflation|input_costs|fx_rates,POST_ANALYSIS_ACTUAL_FILL,LIVE_QUOTE_AT_ANALYSIS,True,1.0000,1.5000,1.0000,-5.0000,7,1.5000,3,SELL_50_PCT_AT_TP1_REST_AT_TP2,MOVE_REMAINDER_TO_BREAK_EVEN,EXIT_AT_OPEN_IF_OPEN_BELOW_SL,SL_FIRST,10,PENDING_ANALYSIS,1.0043,1.0043,1.5065,33.1843,33.6865,30.5710,Indicative levels use the signal close only. Final SL/TP1/TP2 and sizing must be recalculated from the actual post-analysis broker fill.,77,2026-12-23,False,2026-09-23,0.7500,0.7200,4.5000,ALCISTA FUERTE,10,779.0900,8.4900,73.6000,15.0100,SIDI_INTRADAY_V2: Fund≥6.5 · DD60≥12% · RSI<40 · MACD↑ · Vol↓ · SPY20≤+1% · Abnormal20≤-10%,SIDI_INTRADAY_V2,False
RVTY,Revvity,Health Care,Health Care Equipment,1985-05-31,153.3000,161.6200,166.2500,151.4500,153.3000,2026-10-06,2026-10-07,61.4500,82.5400,DOWN,0.2033,0.4517,0.5067,False,0.7228,5.8236,1.4070,3.7990,129.6600,106.7600,145.0000,18.2300,43.5900,True,4.2288,ALCISTA,-2.5800,-7.7900,157.3600,166.2500,166.2500,81.1700,-7.7900,88.8600,1.1490,False,False,140.0800,1.0000,,False,-8.6200,NONE,5.8500,10.0000,5.0000,5.0000,4.0000,5.0000,5.0000,False,False,False,False,False,False,7.6000,11.4000,1.5000,SIDI_INTRADAY_V2,1.8025,14.4662,0.8320,0.7485,295.0000,XLV,True,73.3129,26.0025,2.3652,5.8718,22.1790,0.0321,0.0237,0.0816,0.5498,0.0130,0.0120,46.2250,1.8000,604992128.0000,237366000.0000,2.5488,17097704448,1.0640,3.5900,0.1800,111586401,3.2500,0.0400,5.0800,4.8400,0.0354,OK,0,4.2900,False,False,False,False,False,False,DD12|RSI40|MACD|VOLUME|FUND65|SPY20|ABNORMAL20,False,10-18d,XLV,,UNH|JNJ|LLY,fda_calendar|drug_pricing_policy|patent_cliffs,POST_ANALYSIS_ACTUAL_FILL,LIVE_QUOTE_AT_ANALYSIS,True,1.0000,1.5000,1.0000,-5.0000,7,1.5000,3,SELL_50_PCT_AT_TP1_REST_AT_TP2,MOVE_REMAINDER_TO_BREAK_EVEN,EXIT_AT_OPEN_IF_OPEN_BELOW_SL,SL_FIRST,10,PENDING_ANALYSIS,5.8236,5.8236,8.7354,159.1236,162.0354,145.6350,Indicative levels use the signal close only. Final SL/TP1/TP2 and sizing must be recalculated from the actual post-analysis broker fill.,27,2026-11-03,False,2026-08-04,1.4100,1.2200,15.9000,ALCISTA FUERTE,10,779.0900,8.4900,73.6000,15.0100,SIDI_INTRADAY_V2: Fund≥6.5 · DD60≥12% · RSI<40 · MACD↑ · Vol↓ · SPY20≤+1% · Abnormal20≤-10%,SIDI_INTRADAY_V2,False
IFF,International Flavors & Fragrances,Materials,Specialty Chemicals,1976-03-31,83.9200,84.0100,84.6200,83.5100,83.9200,2026-10-06,2026-10-07,49.5900,58.7900,DOWN,-0.2688,-0.3280,-0.2297,True,0.4492,1.6717,0.7890,1.9920,83.9400,75.8300,84.1800,-0.0200,10.6700,True,2.5980,NEUTRO,-4.2600,-5.6000,87.6600,88.9000,88.9000,57.8500,-5.6000,45.0600,1.0370,False,False,82.9000,3.0000,86.6800,True,-1.2100,HAMMER|DOJI,7.0000,8.5000,6.0000,5.0000,9.0000,7.0000,7.0000,False,False,False,False,True,False,3.9800,5.9800,1.5000,SIDI_INTRADAY_V2,1.8025,0.7078,0.2633,1.2199,295.0000,XLB,True,82.9901,21.1654,1.5312,1.9849,14.2100,-0.0555,0.0227,0.0257,0.3658,0.0180,-0.9160,44.8210,2.0610,-1720999936.0000,-791000000.0000,2.1757,21399537664,0.9280,11.3300,1.9100,255303473,2.4200,0.0200,4.7300,2.5100,-0.0804,ROE:-5.5%,1,4.2500,False,False,False,False,False,False,DD12|RSI40|VOLUME|FUND65|SPY20|ABNORMAL20,False,7-15d,XLB,,LIN|APD|ECL,commodity_prices|dxy|china_demand|energy_costs,POST_ANALYSIS_ACTUAL_FILL,LIVE_QUOTE_AT_ANALYSIS,True,1.0000,1.5000,1.0000,-5.0000,7,1.5000,3,SELL_50_PCT_AT_TP1_REST_AT_TP2,MOVE_REMAINDER_TO_BREAK_EVEN,EXIT_AT_OPEN_IF_OPEN_BELOW_SL,SL_FIRST,10,PENDING_ANALYSIS,1.6717,1.6717,2.5076,85.5917,86.4275,79.7240,Indicative levels use the signal close only. Final SL/TP1/TP2 and sizing must be recalculated from the actual post-analysis broker fill.,27,2026-11-03,False,2026-08-04,0.8200,1.1200,-26.6000,ALCISTA FUERTE,10,779.0900,8.4900,73.6000,15.0100,SIDI_INTRADAY_V2: Fund≥6.5 · DD60≥12% · RSI<40 · MACD↑ · Vol↓ · SPY20≤+1% · Abnormal20≤-10%,SIDI_INTRADAY_V2,False
CARR,Carrier Global,Industrials,Building Products,2020-04-03,56.1000,55.9500,56.7100,55.6150,56.1000,2026-10-06,2026-10-07,63.4100,37.4400,UP,0.3431,0.2964,0.2550,True,0.6155,1.3396,0.7180,2.3880,58.9600,61.3700,56.1200,-4.8600,-8.5900,False,0.4810,BAJISTA,-19.2900,-20.5900,69.5100,70.6500,76.4800,49.6700,-26.6500,12.9500,0.5090,True,True,52.9600,1.0000,56.7900,False,-5.6000,HAMMER,6.3500,5.5000,7.0000,7.5000,4.0000,7.0000,7.0000,False,False,True,False,True,True,4.7800,7.1600,1.5000,SIDI_INTRADAY_V2,1.8025,-2.8773,-0.1246,1.5544,295.0000,XLI,True,39.6842,16.6077,3.4367,2.0574,18.6290,0.0897,0.0298,0.0552,0.2469,0.0390,-0.1180,91.9980,1.0200,861750016.0000,1174000000.0000,0.7340,45486071808,1.2880,2.7500,1.7100,830580423,2.8000,0.7400,3.7900,4.0300,0.0189,FCF/NI:0.73|D/E:92,2,4.2200,False,False,False,False,False,False,RSI40|FUND65|SPY20|ABNORMAL20,False,3-7d,XLI,,CAT|UNP|HON,pmi_manufacturing|supply_chain|capex_cycle,POST_ANALYSIS_ACTUAL_FILL,LIVE_QUOTE_AT_ANALYSIS,True,1.0000,1.5000,1.0000,-5.0000,7,1.5000,3,SELL_50_PCT_AT_TP1_REST_AT_TP2,MOVE_REMAINDER_TO_BREAK_EVEN,EXIT_AT_OPEN_IF_OPEN_BELOW_SL,SL_FIRST,10,PENDING_ANALYSIS,1.3396,1.3396,2.0094,57.4396,58.1094,53.2950,Indicative levels use the signal close only. Final SL/TP1/TP2 and sizing must be recalculated from the actual post-analysis broker fill.,20,2026-10-27,False,2026-07-28,0.8600,0.8200,5.2000,ALCISTA FUERTE,10,779.0900,8.4900,73.6000,15.0100,SIDI_INTRADAY_V2: Fund≥6.5 · DD60≥12% · RSI<40 · MACD↑ · Vol↓ · SPY20≤+1% · Abnormal20≤-10%,SIDI_INTRADAY_V2,False
PEG,Public Service Enterprise Group,Utilities,Electric Utilities,1957-03-04,71.7300,69.1200,71.8700,69.1200,71.7300,2026-10-06,2026-10-07,55.8600,22.4200,UP,0.4057,0.1317,-0.0789,True,0.7910,1.2857,1.0030,1.7920,72.3600,77.5500,69.5100,-0.8600,-7.5100,False,-1.1174,BAJISTA,-10.0800,-11.3500,79.7700,80.9100,85.4000,66.1500,-16.0100,8.4400,2.1760,False,False,71.9600,2.0000,80.2100,True,0.3200,NONE,6.2500,5.0000,7.0000,7.0000,8.0000,5.0000,5.0000,False,False,False,False,True,False,3.5800,5.3800,1.5000,SIDI_INTRADAY_V2,1.8025,3.2160,-0.0042,1.0245,295.0000,XLU,True,17.7114,15.2384,2.0462,2.8287,13.4970,0.1183,0.0324,0.1604,0.3333,-0.0890,-0.4270,142.4090,0.8770,107750000.0000,2012000000.0000,0.0536,35480481792,0.5180,3.7900,3.7400,498321402,2.6400,0.0000,4.8200,3.1600,0.0030,FCF/NI:0.05,1,4.0800,False,False,False,False,False,False,DD12|RSI40|VOLUME|FUND65|SPY20|ABNORMAL20,False,3-7d,XLU,,NEE|DUK|SO,interest_rates|regulatory_environment,POST_ANALYSIS_ACTUAL_FILL,LIVE_QUOTE_AT_ANALYSIS,True,1.0000,1.5000,1.0000,-5.0000,7,1.5000,3,SELL_50_PCT_AT_TP1_REST_AT_TP2,MOVE_REMAINDER_TO_BREAK_EVEN,EXIT_AT_OPEN_IF_OPEN_BELOW_SL,SL_FIRST,10,PENDING_ANALYSIS,1.2857,1.2857,1.9285,73.0157,73.6586,68.1435,Indicative levels use the signal close only. Final SL/TP1/TP2 and sizing must be recalculated from the actual post-analysis broker fill.,26,2026-11-02,False,2026-08-04,0.8600,0.8000,7.7000,ALCISTA FUERTE,10,779.0900,8.4900,73.6000,15.0100,SIDI_INTRADAY_V2: Fund≥6.5 · DD60≥12% · RSI<40 · MACD↑ · Vol↓ · SPY20≤+1% · Abnormal20≤-10%,SIDI_INTRADAY_V2,False
CLX,Clorox,Consumer Staples,Household Products,1969-03-31,83.5200,82.9400,84.7300,82.3700,83.5200,2026-10-06,2026-10-07,46.7000,33.1900,UP,0.3684,0.1217,-0.1387,True,0.4277,2.3557,0.8270,2.8210,94.8200,99.5300,85.3200,-11.9200,-16.0800,False,-1.5505,BAJISTA,-22.5900,-23.6700,107.9000,109.4200,125.8300,79.1200,-33.6200,5.5600,0.9500,False,False,83.7200,1.0000,98.6500,True,0.2400,NONE,5.7000,5.0000,7.0000,5.0000,7.0000,5.0000,5.0000,False,False,True,False,True,False,5.6400,8.4600,1.5000,SIDI_INTRADAY_V2,1.8025,-3.6805,0.4942,1.2149,295.0000,XLP,True,17.3285,13.3485,112.0296,1.4999,13.7870,1.6376,0.0832,0.0873,0.4232,-0.0200,-0.5010,2221.4290,0.6580,110375000.0000,587000000.0000,0.1880,10079599616,0.5740,2.8300,5.9900,120931005,2.8900,0.0000,5.3700,3.3600,0.0110,FCF/NI:0.19|D/E:2221,2,4.0100,False,False,False,False,False,False,RSI40|VOLUME|FUND65|SPY20|ABNORMAL20,False,3-7d,XLP,,PG|KO|PEP,inflation|input_costs|fx_rates,POST_ANALYSIS_ACTUAL_FILL,LIVE_QUOTE_AT_ANALYSIS,True,1.0000,1.5000,1.0000,-5.0000,7,1.5000,3,SELL_50_PCT_AT_TP1_REST_AT_TP2,MOVE_REMAINDER_TO_BREAK_EVEN,EXIT_AT_OPEN_IF_OPEN_BELOW_SL,SL_FIRST,10,PENDING_ANALYSIS,2.3557,2.3557,3.5335,85.8757,87.0536,79.3440,Indicative levels use the signal close only. Final SL/TP1/TP2 and sizing must be recalculated from the actual post-analysis broker fill.,27,2026-11-03,False,2026-08-03,1.6600,1.6500,86.0000,ALCISTA FUERTE,10,779.0900,8.4900,73.6000,15.0100,SIDI_INTRADAY_V2: Fund≥6.5 · DD60≥12% · RSI<40 · MACD↑ · Vol↓ · SPY20≤+1% · Abnormal20≤-10%,SIDI_INTRADAY_V2,False
PSKY,Paramount Skydance Corporation,Communication Services,Movies & Entertainment,1994-09-30,,,,,,,,,,,,,,,,,,,,,,,,,,,,,,,,,,,,,,,,,,,,,,,,,,,,,,,,,,,,SIDI_INTRADAY_V2,,,,,,,,,11.7458,0.9310,0.3776,7.9470,-0.0090,0.0275,-0.0213,0.3333,0.0090,-0.5410,126.4790,1.0400,17593124864.0000,-621000000.0000,-28.3303,10992190464,1.5470,8.3200,2.1000,1093020754,3.1800,0.0000,2.5100,7.6700,1.6005,FCF/NI:-28.33|D/E:126|ROE:-0.9%,3,3.9100,False,False,False,False,False,False,FUND65|SPY20|ABNORMAL20,False,N/A,XLC,,GOOGL|META|NFLX,ad_spending_cycle|streaming_competition|regulation,POST_ANALYSIS_ACTUAL_FILL,LIVE_QUOTE_AT_ANALYSIS,True,1.0000,1.5000,1.0000,-5.0000,7,1.5000,3,SELL_50_PCT_AT_TP1_REST_AT_TP2,MOVE_REMAINDER_TO_BREAK_EVEN,EXIT_AT_OPEN_IF_OPEN_BELOW_SL,SL_FIRST,10,UNAVAILABLE,,,,,,,,33,2026-11-09,False,2026-08-04,0.1800,0.1800,-2.3000,ALCISTA FUERTE,10,779.0900,8.4900,73.6000,15.0100,SIDI_INTRADAY_V2: Fund≥6.5 · DD60≥12% · RSI<40 · MACD↑ · Vol↓ · SPY20≤+1% · Abnormal20≤-10%,SIDI_INTRADAY_V2,False
TSCO,Tractor Supply,Consumer Discretionary,Other Specialty Retail,2014-01-24,32.2900,31.4000,32.6200,31.2200,32.2900,2026-10-06,2026-10-07,46.3800,32.5400,UP,-0.0454,-0.1338,-0.1665,True,0.4707,0.9621,0.8970,2.9800,33.4500,39.2100,32.3800,-3.4600,-17.6500,False,-4.8162,BAJISTA,-10.7500,-11.8600,36.1800,36.6400,56.8400,28.1700,-43.1900,14.6400,1.0290,False,False,28.9800,5.0000,32.4200,False,-10.2400,NONE,5.5500,5.0000,7.0000,5.0000,6.0000,5.0000,5.0000,False,False,False,False,True,False,5.9600,8.9400,1.5000,SIDI_INTRADAY_V2,1.8025,-3.3834,-0.2661,0.5184,295.0000,XLY,True,16.9661,15.9046,6.4826,1.0776,11.9790,0.3951,0.0782,0.0643,0.3650,0.0230,-0.1500,248.7100,1.3340,103175000.0000,1011913984.0000,0.1020,16972882944,0.5140,4.7300,2.9700,521040137,2.6600,0.7100,4.2500,3.0800,0.0061,FCF/NI:0.10|D/E:249,2,3.8200,False,False,False,False,False,False,DD12|RSI40|VOLUME|FUND65|SPY20|ABNORMAL20,False,3-7d,XLY,,AMZN|TSLA|HD,consumer_spending|employment_data|interest_rates,POST_ANALYSIS_ACTUAL_FILL,LIVE_QUOTE_AT_ANALYSIS,True,1.0000,1.5000,1.0000,-5.0000,7,1.5000,3,SELL_50_PCT_AT_TP1_REST_AT_TP2,MOVE_REMAINDER_TO_BREAK_EVEN,EXIT_AT_OPEN_IF_OPEN_BELOW_SL,SL_FIRST,10,PENDING_ANALYSIS,0.9621,0.9621,1.4431,33.2521,33.7332,30.6755,Indicative levels use the signal close only. Final SL/TP1/TP2 and sizing must be recalculated from the actual post-analysis broker fill.,15,2026-10-22,False,2026-07-23,0.6900,0.8200,-15.9000,ALCISTA FUERTE,10,779.0900,8.4900,73.6000,15.0100,SIDI_INTRADAY_V2: Fund≥6.5 · DD60≥12% · RSI<40 · MACD↑ · Vol↓ · SPY20≤+1% · Abnormal20≤-10%,SIDI_INTRADAY_V2,False
CPT,Camden Property Trust,Real Estate,Multi-Family Residential REITs,2022-04-04,97.6500,97.2400,99.0600,97.2400,97.6500,2026-10-06,2026-10-07,35.7600,25.2000,UP,0.2343,0.1250,-0.0097,True,0.3863,1.6479,0.8740,1.6880,104.1400,104.6800,98.9100,-6.2300,-6.7200,False,-0.1782,BAJISTA,-15.1700,-15.5100,115.1200,115.5800,118.5200,93.2800,-17.6100,4.6800,0.7910,False,False,,0.0000,105.5200,False,,NONE,5.7000,5.0000,8.5000,5.0000,5.0000,5.0000,5.0000,False,False,True,True,True,False,3.3800,5.0600,1.5000,SIDI_INTRADAY_V2,1.8025,-0.6046,-0.1902,0.9604,295.0000,XLRE,True,31.8548,88.5504,2.6032,6.1346,16.6870,0.0789,0.0187,0.2062,0.6162,-0.0080,-0.7570,125.6480,0.3520,139679632.0000,325515008.0000,0.4291,9704057856,0.8060,4.8000,4.3400,100539350,2.5000,0.0000,4.0900,3.5500,0.0144,FCF/NI:0.43|D/E:126,2,3.7800,False,False,False,False,False,False,VOLUME|FUND65|SPY20|ABNORMAL20,False,3-7d,XLRE,,PLD|AMT|EQIX,interest_rates|cap_rates|occupancy_trends,POST_ANALYSIS_ACTUAL_FILL,LIVE_QUOTE_AT_ANALYSIS,True,1.0000,1.5000,1.0000,-5.0000,7,1.5000,3,SELL_50_PCT_AT_TP1_REST_AT_TP2,MOVE_REMAINDER_TO_BREAK_EVEN,EXIT_AT_OPEN_IF_OPEN_BELOW_SL,SL_FIRST,10,PENDING_ANALYSIS,1.6479,1.6479,2.4718,99.2979,100.1219,92.7675,Indicative levels use the signal close only. Final SL/TP1/TP2 and sizing must be recalculated from the actual post-analysis broker fill.,29,2026-11-05,False,2026-07-30,0.1800,0.2700,-34.0000,ALCISTA FUERTE,10,779.0900,8.4900,73.6000,15.0100,SIDI_INTRADAY_V2: Fund≥6.5 · DD60≥12% · RSI<40 · MACD↑ · Vol↓ · SPY20≤+1% · Abnormal20≤-10%,SIDI_INTRADAY_V2,False
CMS,CMS Energy,Utilities,Multi-Utilities,1957-03-04,65.0700,64.3500,65.1100,64.1000,65.0700,2026-10-06,2026-10-07,43.7700,17.8500,UP,0.2460,0.1190,-0.0485,True,0.5336,0.9886,0.7900,1.5190,67.9300,71.9300,64.9100,-4.2200,-9.5400,False,-0.7774,BAJISTA,-12.6300,-14.1300,74.4800,75.7800,79.1000,62.2900,-17.7400,4.4600,0.9070,False,False,62.2900,1.0000,72.4400,False,-4.2700,HAMMER,5.7500,5.0000,7.0000,5.0000,4.0000,7.0000,7.0000,False,False,True,False,True,False,3.0400,4.5600,1.5000,SIDI_INTRADAY_V2,1.8025,-0.2976,-0.2497,0.9989,295.0000,XLU,True,19.5811,15.6913,2.1412,2.2856,13.3580,0.0916,0.0297,0.1164,0.4032,-0.0050,-0.4390,185.6040,0.9360,-2198874880.0000,1016000000.0000,-2.1642,20143104000,0.3140,5.2600,3.5000,308919602,2.3800,0.0000,4.2100,3.0100,-0.1092,FCF/NI:-2.16|D/E:186,2,3.7300,False,False,False,False,False,False,RSI40|VOLUME|FUND65|SPY20|ABNORMAL20,False,3-7d,XLU,,NEE|DUK|SO,interest_rates|regulatory_environment,POST_ANALYSIS_ACTUAL_FILL,LIVE_QUOTE_AT_ANALYSIS,True,1.0000,1.5000,1.0000,-5.0000,7,1.5000,3,SELL_50_PCT_AT_TP1_REST_AT_TP2,MOVE_REMAINDER_TO_BREAK_EVEN,EXIT_AT_OPEN_IF_OPEN_BELOW_SL,SL_FIRST,10,PENDING_ANALYSIS,0.9886,0.9886,1.4829,66.0586,66.5529,61.8165,Indicative levels use the signal close only. Final SL/TP1/TP2 and sizing must be recalculated from the actual post-analysis broker fill.,20,2026-10-27,False,2026-07-28,0.3700,0.3600,3.1000,ALCISTA FUERTE,10,779.0900,8.4900,73.6000,15.0100,SIDI_INTRADAY_V2: Fund≥6.5 · DD60≥12% · RSI<40 · MACD↑ · Vol↓ · SPY20≤+1% · Abnormal20≤-10%,SIDI_INTRADAY_V2,False
LNT,Alliant Energy,Utilities,Electric Utilities,2016-07-01,65.4900,64.6700,65.5400,64.4400,65.4900,2026-10-06,2026-10-07,46.5500,27.0800,UP,0.2198,0.0944,-0.0624,True,0.5606,1.1014,0.8750,1.6820,67.7000,69.5800,65.1900,-3.2700,-5.8800,False,0.0116,BAJISTA,-13.5300,-14.8000,75.7300,76.8700,78.2200,62.4100,-16.2700,4.9400,0.9550,False,False,,0.0000,71.6400,False,,NONE,5.5000,5.5000,7.0000,5.0000,5.0000,5.0000,5.0000,False,False,True,False,True,False,3.3600,5.0500,1.5000,SIDI_INTRADAY_V2,1.8025,-0.6026,-0.1076,0.9684,295.0000,XLU,True,20.4953,17.7315,2.2515,3.8275,15.8960,0.1114,0.0245,0.1845,0.4450,0.0100,-0.0400,160.9510,0.4660,-1138625024.0000,817000000.0000,-1.3937,16952033280,0.5150,13.1000,3.2700,259284699,2.5100,0.1800,4.4900,2.9300,-0.0672,FCF/NI:-1.39|D/E:161,2,3.7100,False,False,False,False,False,False,RSI40|VOLUME|FUND65|SPY20|ABNORMAL20,False,3-7d,XLU,,NEE|DUK|SO,interest_rates|regulatory_environment,POST_ANALYSIS_ACTUAL_FILL,LIVE_QUOTE_AT_ANALYSIS,True,1.0000,1.5000,1.0000,-5.0000,7,1.5000,3,SELL_50_PCT_AT_TP1_REST_AT_TP2,MOVE_REMAINDER_TO_BREAK_EVEN,EXIT_AT_OPEN_IF_OPEN_BELOW_SL,SL_FIRST,10,PENDING_ANALYSIS,1.1014,1.1014,1.6521,66.5914,67.1421,62.2155,Indicative levels use the signal close only. Final SL/TP1/TP2 and sizing must be recalculated from the actual post-analysis broker fill.,22,2026-10-29,False,2026-07-30,0.6500,0.5800,12.2000,ALCISTA FUERTE,10,779.0900,8.4900,73.6000,15.0100,SIDI_INTRADAY_V2: Fund≥6.5 · DD60≥12% · RSI<40 · MACD↑ · Vol↓ · SPY20≤+1% · Abnormal20≤-10%,SIDI_INTRADAY_V2,False
