ticker,name,sector,industry,date_added,price,data_vintage,rsi_14,rsi_5d_ago,rsi_trend,macd_hist,macd_hist_3d_ago,macd_improving,bb_pct_b,atr_14,atr_ratio_60d,atr_pct_price,sma_50,sma_200,ema_20,price_vs_50ma_pct,price_vs_200ma_pct,golden_cross,ma200_slope_20d,trend_bias,drawdown_60d,high_60d,high_52w,low_52w,pct_from_52w_high,pct_from_52w_low,volume_ratio_20d,volume_decreasing,support_1_price,support_1_strength,resistance_1_price,near_support,dist_support_pct,candle_pattern,tech_score,tech_trend,tech_momentum,tech_volume,tech_support,tech_volatility,tech_candle,setup_hot,stop_loss_atr_pct,target_atr_pct,risk_reward,pe,forward_pe,pb,ps,ev_ebitda,roe,roa,profit_margin,gross_margin,revenue_growth,eps_growth,debt_equity,current_ratio,fcf,net_income,fcf_ni_ratio,market_cap,beta,short_ratio,dividend_yield,shares_outstanding,fund_score,fund_growth,fund_solidity,fund_valuation,fcf_yield_calc,warnings,warning_count,combined_score,full_setup,horizon,sector_etf,subsector,peer_group,critical_macro_variables,earnings_days_next,earnings_date,earnings_warning,latest_earnings_date,eps_actual,eps_estimate,eps_surprise_pct,market_regime,market_regime_score,spy_price,spy_vs200,spy_rsi,vix,market_filter_rec
ALL,Allstate,Financials,Property & Casualty Insurance,1995-07-13,263.1100,2026-09-04,53.4100,41.1600,UP,-0.2512,-0.8767,True,0.7627,5.1001,0.8200,1.9380,255.1700,219.4700,258.7300,3.1100,19.8800,True,3.0589,ALCISTA,-4.6900,276.0700,276.0700,184.5100,-4.6900,42.6000,0.8060,True,254.2100,4,265.4700,True,-3.3800,HAMMER|DOJI,7.7000,10.0000,7.0000,7.5000,9,5.0000,7.0000,False,3.8800,5.8200,1.5000,5.1976,9.4020,2.0800,0.9358,4.1070,0.4611,0.0868,0.1897,0.3680,0.1180,0.6120,22.2610,0.3630,15158625280.0000,13189000192.0000,1.1493,65634340864.0000,0.1500,0.0100,1.6400,252857950.0000,8.4000,7.8100,8.4400,9.0400,0.2310,OK,0,8.1200,False,10-18d,XLF,,JPM|BAC|WFC,interest_rates|yield_curve|credit_spreads|loan_growth,61,2026-11-04,False,2026-08-05,8.9900,6.0700,48.0000,ALCISTA FUERTE,10,773.1700,9.0000,46.9000,14.3200,"Filtros estándar (Score ≥6.5, DD ≥10%)"
CF,CF Industries,Materials,Fertilizers & Agricultural Chemicals,2008-08-27,137.8100,2026-09-04,79.8600,66.8700,UP,1.4866,0.6290,True,0.9471,5.4814,1.2510,3.9780,120.2100,106.9300,127.1300,14.6500,28.8800,True,4.0910,ALCISTA,-2.4500,141.2700,141.2700,74.3300,-2.4500,85.4000,0.8710,False,114.1600,1,140.6600,False,-17.1600,HAMMER,6.4500,10.0000,7.0000,5.0000,4,5.0000,7.0000,False,7.9600,11.9300,1.5000,9.8924,12.8641,3.5169,2.6077,6.4960,0.2987,0.1293,0.2712,0.4249,0.1760,0.9960,40.5040,4.8600,1276749952.0000,2099000064.0000,0.6083,20180940800.0000,0.3990,4.0500,1.7400,151338130.0000,8.9300,9.9400,7.9300,8.9100,0.0633,FCF/NI:0.61,1,7.9400,False,10-18d,XLB,,LIN|APD|ECL,commodity_prices|dxy|china_demand|energy_costs,61,2026-11-04,False,2026-08-05,4.7300,5.5700,-15.1000,ALCISTA FUERTE,10,773.1700,9.0000,46.9000,14.3200,"Filtros estándar (Score ≥6.5, DD ≥10%)"
GEV,GE Vernova,Industrials,Heavy Electrical Equipment,2024-04-02,941.8400,2026-09-04,29.3300,43.1900,DOWN,-4.3301,-9.5531,True,0.3495,41.2908,0.7580,4.3840,1018.2700,883.7400,960.1400,-7.5100,6.5700,True,4.7407,NEUTRO,-21.2500,1195.9399,1195.9399,529.1800,-21.2500,77.9800,0.8450,True,897.6800,1,947.9000,False,-4.6900,NONE,7.0500,8.5000,8.5000,7.5000,4,7.0000,5.0000,True,8.7700,13.1500,1.5000,27.0287,37.2673,20.9812,6.0646,61.8800,0.8258,0.0254,0.2303,0.2057,0.2190,0.3280,28.3640,0.8500,15722125312.0000,9528999936.0000,1.6499,250872922112.0000,0.9670,3.0500,0.2100,266333581.0000,8.5200,10.0000,8.5700,6.7200,0.0627,OK,0,7.9300,True,7-15d,XLI,,CAT|UNP|HON,pmi_manufacturing|supply_chain|capex_cycle,54,2026-10-28,False,2026-07-22,2.4700,3.1800,-22.4000,ALCISTA FUERTE,10,773.1700,9.0000,46.9000,14.3200,"Filtros estándar (Score ≥6.5, DD ≥10%)"
INCY,Incyte,Health Care,Biotechnology,2017-02-28,128.0000,2026-09-04,65.6400,71.7800,DOWN,-0.2226,-0.3967,True,0.7309,3.3771,0.8690,2.6380,120.4200,104.6100,124.9700,6.2900,22.3600,True,2.6578,ALCISTA,-3.4700,132.6000,132.6000,81.0900,-3.4700,57.8500,0.7390,True,115.7700,1,131.7000,False,-9.5500,HAMMER,6.7500,10.0000,6.0000,7.5000,4,5.0000,7.0000,False,5.2800,7.9200,1.5000,16.1465,14.1779,4.0151,4.4148,11.0420,0.3067,0.1683,0.2771,0.5566,0.3770,0.3770,0.6030,4.5930,1180664576.0000,1612382976.0000,0.7322,25691938816.0000,0.7700,5.2200,,202697746.0000,8.7200,10.0000,8.7500,7.1900,0.0460,FCF/NI:0.73,1,7.9300,False,10-18d,XLV,,UNH|JNJ|LLY,fda_calendar|drug_pricing_policy|patent_cliffs,53,2026-10-27,False,2026-07-28,3.0900,2.1500,44.0000,ALCISTA FUERTE,10,773.1700,9.0000,46.9000,14.3200,"Filtros estándar (Score ≥6.5, DD ≥10%)"
CINF,Cincinnati Financial,Financials,Property & Casualty Insurance,1997-12-18,174.7200,2026-09-04,54.4700,35.5100,UP,0.4383,0.0707,True,0.8412,2.6843,0.6660,1.5360,177.4500,166.0800,172.6500,-1.5400,5.2000,True,0.9492,NEUTRO,-10.3100,194.8100,194.8100,147.5400,-10.3100,18.4300,0.9600,True,157.9300,1,186.3300,False,-9.6100,NONE,6.7500,8.5000,7.0000,7.5000,4,7.0000,5.0000,False,3.0700,4.6100,1.5000,8.0784,18.9454,1.5744,1.8819,5.9110,0.2148,0.0641,0.2384,0.3107,0.3160,0.8550,5.2550,1.1510,2984875008.0000,3327000064.0000,0.8972,26260094976.0000,0.5450,4.6500,2.1500,153478045.0000,8.6400,10.0000,7.5000,8.3900,0.1137,OK,0,7.8800,False,7-15d,XLF,,JPM|BAC|WFC,interest_rates|yield_curve|credit_spreads|loan_growth,52,2026-10-26,False,2026-07-27,1.4300,1.8200,-21.3000,ALCISTA FUERTE,10,773.1700,9.0000,46.9000,14.3200,"Filtros estándar (Score ≥6.5, DD ≥10%)"
EXPE,Expedia Group,Consumer Discretionary,"Hotels, Resorts & Cruise Lines",2007-10-02,303.1400,2026-09-04,36.5700,55.0700,DOWN,-4.9970,-2.5863,False,0.0513,12.3577,1.0950,4.0770,293.4200,257.5100,314.7200,3.3100,17.7200,True,3.6045,ALCISTA,-11.2300,341.5100,341.5100,184.2800,-11.2300,64.5000,1.1420,True,253.5000,3,330.8300,False,-16.3800,NONE,7.4000,10.0000,6.5000,7.5000,6,8.0000,5.0000,False,8.1500,12.2300,1.5000,18.7329,12.2249,29.5821,2.2784,12.5290,0.8949,0.0611,0.1297,0.9043,0.1400,1.8870,230.2710,0.8010,3434374912.0000,2036000000.0000,1.6868,35771379712.0000,1.2460,3.4900,0.6300,114498625.0000,7.9800,10.0000,7.0200,6.7300,0.0960,D/E:230,1,7.7500,False,10-18d,XLY,,AMZN|TSLA|HD,consumer_spending|employment_data|interest_rates,62,2026-11-05,False,2026-08-05,5.7600,5.2500,9.7000,ALCISTA FUERTE,10,773.1700,9.0000,46.9000,14.3200,"Filtros estándar (Score ≥6.5, DD ≥10%)"
BRK-B,Berkshire Hathaway,Financials,Multi-Sector Holdings,2010-02-16,508.1300,2026-09-04,55.4300,35.1600,UP,-0.1104,-0.7151,True,0.5592,5.3193,0.7350,1.0470,502.7800,492.4000,504.8600,1.0600,3.1900,True,0.3060,ALCISTA,-5.5100,537.7400,537.7400,464.0100,-5.5100,9.5100,0.9060,True,493.2700,7,512.5800,True,-2.9200,NONE,7.8000,10.0000,7.0000,7.5000,9,7.0000,5.0000,False,2.0900,3.1400,1.5000,12.7175,22.8018,0.0010,2.8160,-1.7900,0.1212,0.0601,0.2230,0.3033,0.1000,1.0780,17.1420,2.8910,71975247872.0000,85768003584.0000,0.8392,1083263352832.0000,0.6030,2.3300,,1408035161.0000,7.5400,7.3000,7.1100,8.3100,0.0664,OK,0,7.6400,False,10-18d,XLF,,JPM|BAC|WFC,interest_rates|yield_curve|credit_spreads|loan_growth,64,2026-11-07,False,2026-08-08,6.0300,5.1300,17.4000,ALCISTA FUERTE,10,773.1700,9.0000,46.9000,14.3200,"Filtros estándar (Score ≥6.5, DD ≥10%)"
EME,Emcor,Industrials,Construction & Engineering,2025-09-22,741.3200,2026-09-04,29.6500,40.6100,DOWN,-6.9059,-8.8472,True,0.2261,26.4150,0.8240,3.5630,781.2800,757.9000,769.1100,-5.1100,-2.1900,True,1.4464,BAJISTA,-15.3800,876.0700,951.4700,564.0100,-22.0900,31.4400,0.7190,True,748.6100,1,775.2800,True,0.9800,HAMMER|DOJI,7.4800,7.0000,8.5000,7.5000,8,6.5000,7.0000,True,7.1300,10.6900,1.5000,23.4941,20.5219,8.1797,1.7887,16.2390,0.4035,0.1203,0.0774,0.1943,0.1980,0.3480,13.4320,1.2770,978281600.0000,1439158016.0000,0.6798,33265920000.0000,1.1300,1.9800,0.2200,44109901.0000,7.5800,10.0000,7.3000,5.0700,0.0294,FCF/NI:0.68,1,7.5400,True,5-10d,XLI,,CAT|UNP|HON,pmi_manufacturing|supply_chain|capex_cycle,55,2026-10-29,False,2026-07-30,9.0600,7.2300,25.3000,ALCISTA FUERTE,10,773.1700,9.0000,46.9000,14.3200,"Filtros estándar (Score ≥6.5, DD ≥10%)"
RDDT,Reddit,Communication Services,Interactive Media & Services,2026-08-18,155.9900,2026-09-04,35.1600,45.3000,DOWN,0.5940,-0.0532,True,0.4848,8.2304,0.6950,5.2760,170.0800,174.7100,156.8700,-8.2900,-10.7100,False,-2.5205,BAJISTA,-25.0200,208.0500,282.9500,119.2700,-44.8700,30.7900,0.5740,True,158.3600,1,161.4900,True,1.5200,HAMMER|DOJI|BULL_ENGULF,7.0500,5.0000,7.5000,7.5000,7,7.0000,9.5000,True,10.5500,15.8300,1.5000,35.8376,15.9443,9.0412,10.6943,33.9940,0.3071,0.1565,0.3135,0.9144,0.6110,1.7780,0.6350,10.4860,678068736.0000,871094976.0000,0.7784,29717567488.0000,2.0220,2.6300,,146103200.0000,7.8700,10.0000,9.4300,3.5500,0.0228,OK,0,7.5400,False,3-7d,XLC,,GOOGL|META|NFLX,ad_spending_cycle|streaming_competition|regulation,55,2026-10-29,False,2026-07-30,1.2500,0.9600,29.6000,ALCISTA FUERTE,10,773.1700,9.0000,46.9000,14.3200,"Filtros estándar (Score ≥6.5, DD ≥10%)"
INVH,Invitation Homes,Real Estate,Single-Family Residential REITs,2022-09-19,28.4500,2026-09-04,25.2700,35.8900,DOWN,-0.1768,-0.1275,False,-0.0713,0.4436,0.8210,1.5590,29.9200,27.5000,29.5700,-4.9300,3.4700,True,0.8280,NEUTRO,-7.9100,30.8900,30.8900,23.7200,-7.9100,19.9700,1.0560,True,28.3800,1,29.4000,True,-0.2500,NONE,7.4500,8.5000,7.5000,7.5000,7,8.0000,5.0000,False,3.1200,4.6800,1.5000,26.0459,41.5569,1.8518,5.9216,16.8720,0.0705,0.0248,0.2320,0.5626,0.1010,0.6050,94.4250,0.4300,1168785536.0000,658753984.0000,1.7742,16864851968.0000,0.8310,3.1500,4.2200,594041956.0000,7.5900,10.0000,5.3800,7.3600,0.0693,D/E:94,1,7.5300,False,7-15d,XLRE,,PLD|AMT|EQIX,interest_rates|cap_rates|occupancy_trends,54,2026-10-28,False,2026-07-29,0.1500,0.1400,9.8000,ALCISTA FUERTE,10,773.1700,9.0000,46.9000,14.3200,"Filtros estándar (Score ≥6.5, DD ≥10%)"
WDC,Western Digital,Information Technology,"Technology Hardware, Storage & Peripherals",2009-07-01,441.5700,2026-09-04,33.4100,55.3800,DOWN,0.2016,0.5647,False,0.3011,28.2264,0.5640,6.3920,511.1400,371.1900,467.4500,-13.6100,18.9600,True,9.3277,NEUTRO,-44.7900,799.8700,799.8700,85.7900,-44.7900,414.7300,0.8140,True,432.2000,2,480.3600,True,-2.1200,HAMMER|DOJI,7.3000,8.5000,6.5000,7.5000,7,7.0000,7.0000,False,12.7800,19.1800,1.5000,17.3519,14.7234,,13.0458,31.7510,1.3085,0.2076,0.7295,0.4885,0.4380,9.8410,13.4360,1.3290,2268750080.0000,9285999616.0000,0.2443,168538456064.0000,2.1820,2.4400,0.1400,360540944.0000,7.6400,10.0000,7.5400,5.0200,0.0135,FCF/NI:0.24,1,7.5000,False,7-15d,XLK,,AAPL|MSFT|NVDA,interest_rates|ai_capex_cycle|semiconductor_cycle,62,2026-11-05,False,2026-08-05,3.5600,3.3000,7.9000,ALCISTA FUERTE,10,773.1700,9.0000,46.9000,14.3200,"Filtros estándar (Score ≥6.5, DD ≥10%)"
VLO,Valero Energy,Energy,Oil & Gas Refining & Marketing,2002-12-20,370.6900,2026-09-04,72.0200,77.5400,DOWN,0.8627,-0.0240,True,0.8956,9.7871,0.9260,2.6400,312.1400,237.0200,344.2300,18.7600,56.3900,True,8.0032,ALCISTA,-1.1800,375.1100,375.1100,150.0200,-1.1800,147.0900,1.0540,True,335.0000,1,,False,-9.6300,HAMMER|BULL_ENGULF,7.0000,10.0000,6.0000,7.5000,4,5.0000,9.5000,False,5.2800,7.9200,1.5000,15.4596,11.8768,4.2695,0.8060,8.4810,0.2764,0.1056,0.0545,0.1612,0.5170,4.5350,40.1480,1.6360,8416374784.0000,7192999936.0000,1.1701,106740465664.0000,0.5680,3.4200,1.2900,287927461.0000,7.7300,8.8700,7.2200,6.9800,0.0788,OK,0,7.4400,False,10-18d,XLE,,XOM|CVX|COP,oil_price|gas_price|opec_supply|inventories,48,2026-10-22,False,2026-07-30,12.5400,10.1300,23.8000,ALCISTA FUERTE,10,773.1700,9.0000,46.9000,14.3200,"Filtros estándar (Score ≥6.5, DD ≥10%)"
EOG,EOG Resources,Energy,Oil & Gas Exploration & Production,2000-11-02,145.9600,2026-09-04,55.8300,65.8200,DOWN,-0.3201,-0.5692,True,0.5123,3.2521,0.8480,2.2280,141.0000,127.0800,145.6900,3.5100,14.8600,True,3.3887,ALCISTA,-5.0200,153.6700,153.6700,99.1200,-5.0200,47.2600,1.0460,True,138.9100,1,149.1400,False,-4.8300,HAMMER,6.7500,10.0000,6.0000,7.5000,4,5.0000,7.0000,False,4.4600,6.6800,1.5000,11.3076,10.1139,2.3945,2.8501,5.5120,0.2251,0.1102,0.2573,0.6264,0.5870,1.0940,25.8910,1.8510,4478750208.0000,6876000256.0000,0.6514,76156395520.0000,0.2720,4.8500,2.8000,524529176.0000,7.8700,9.4600,6.4100,7.7100,0.0588,FCF/NI:0.65,1,7.4200,False,10-18d,XLE,,XOM|CVX|COP,oil_price|gas_price|opec_supply|inventories,62,2026-11-05,False,2026-08-04,5.0700,4.9700,2.1000,ALCISTA FUERTE,10,773.1700,9.0000,46.9000,14.3200,"Filtros estándar (Score ≥6.5, DD ≥10%)"
PLD,Prologis,Real Estate,Industrial REITs,2003-07-17,138.3500,2026-09-04,40.5100,57.5900,DOWN,-0.3345,0.0239,False,0.1542,1.8379,0.5940,1.3280,142.1400,136.0300,140.7900,-2.6600,1.7100,True,1.3737,NEUTRO,-9.7800,153.3500,153.3500,107.0400,-9.7800,29.2500,1.1050,True,136.9400,5,146.8600,True,-1.0200,HAMMER,7.5200,8.5000,5.0000,7.5000,9,8.5000,7.0000,False,2.6600,3.9900,1.5000,30.5200,40.3348,2.3879,13.8242,25.0660,0.0775,0.0252,0.4358,0.7555,0.1230,0.8530,63.8230,0.6490,5406941184.0000,4202444032.0000,1.2866,133507031040.0000,1.3160,2.9800,3.0900,950333372.0000,7.3400,10.0000,5.9500,5.8500,0.0405,OK,0,7.4100,False,7-15d,XLRE,,AMT|EQIX|SPG,interest_rates|cap_rates|occupancy_trends,41,2026-10-15,False,2026-07-16,1.1100,0.7500,48.3000,ALCISTA FUERTE,10,773.1700,9.0000,46.9000,14.3200,"Filtros estándar (Score ≥6.5, DD ≥10%)"
HAS,Hasbro,Consumer Discretionary,Leisure Products,1984-09-30,93.0000,2026-09-04,35.9700,54.2000,DOWN,-0.5684,-0.4018,False,0.2229,1.9450,0.8360,2.0910,88.5700,88.2200,93.4200,5.0000,5.4200,True,2.2926,ALCISTA,-5.3000,98.2000,104.6000,67.3300,-11.0900,38.1300,0.9640,True,92.5900,3,97.3600,True,-0.4400,HAMMER|DOJI,7.8200,10.0000,6.5000,7.5000,9,6.5000,7.0000,False,4.1800,6.2700,1.5000,16.4644,14.1793,18.5357,2.6242,12.0310,1.5956,0.1308,0.1597,0.6382,0.1620,,531.0420,1.6610,688150016.0000,794099968.0000,0.8666,13050844160.0000,0.4660,2.8200,3.0100,141044467.0000,7.1300,7.5000,7.0600,6.7800,0.0527,D/E:531,1,7.4100,False,10-18d,XLY,,AMZN|TSLA|HD,consumer_spending|employment_data|interest_rates,48,2026-10-22,False,2026-07-21,1.2800,1.1300,12.8000,ALCISTA FUERTE,10,773.1700,9.0000,46.9000,14.3200,"Filtros estándar (Score ≥6.5, DD ≥10%)"
KEYS,Keysight Technologies,Information Technology,Electronic Equipment & Instruments,2018-11-06,322.6200,2026-09-04,29.1300,42.2900,DOWN,-0.9952,-1.7983,True,0.3638,12.2270,0.8690,3.7900,326.7700,287.7500,325.7600,-1.2700,12.1200,True,5.6920,NEUTRO,-13.9600,374.9600,374.9600,158.7900,-13.9600,103.1700,0.5320,True,328.2500,6,359.0500,True,1.7400,BULL_ENGULF|HAMMER,7.9500,8.5000,8.5000,7.5000,9,5.0000,9.5000,True,7.5800,11.3700,1.5000,44.2774,23.9716,8.4802,8.4634,32.4410,0.2090,0.0723,0.1914,0.6328,0.3650,1.0910,42.0940,2.0240,1867124992.0000,1279000064.0000,1.4598,55705784320.0000,1.2080,2.6200,,170244745.0000,7.0400,9.8200,5.9600,5.0600,0.0335,OK,0,7.4000,True,5-10d,XLK,,AAPL|MSFT|NVDA,interest_rates|ai_capex_cycle|semiconductor_cycle,81,2026-11-24,False,2026-08-18,3.0700,2.4800,23.7000,ALCISTA FUERTE,10,773.1700,9.0000,46.9000,14.3200,"Filtros estándar (Score ≥6.5, DD ≥10%)"
GOOG,Alphabet Inc. (Class C),Communication Services,Interactive Media & Services,2014-04-03,339.0800,2026-09-04,44.7600,28.8500,UP,-0.4420,-0.4758,True,0.3823,6.2639,0.5840,1.8470,346.6700,334.3000,341.1100,-2.1900,1.4300,True,2.0685,NEUTRO,-11.1900,381.8100,404.2300,226.1100,-16.1200,49.9600,0.8440,True,333.6900,1,376.0300,True,-1.5900,HAMMER|DOJI|BULL_ENGULF,7.6500,8.5000,7.0000,7.5000,7,7.0000,9.5000,False,3.6900,5.5400,1.5000,16.8159,22.5734,6.5881,9.1974,23.3490,0.4868,0.1296,0.5477,0.6090,0.2420,2.9400,18.8590,2.7240,22665000960.0000,244118994944.0000,0.0928,4100819517440.0000,1.2250,2.1000,0.2600,5527000000.0000,7.1800,10.0000,7.9600,2.9900,0.0055,FCF/NI:0.09,1,7.3700,False,7-15d,XLC,,GOOGL|META|NFLX,ad_spending_cycle|streaming_competition|regulation,54,2026-10-28,False,2026-07-22,9.1100,2.9100,212.9000,ALCISTA FUERTE,10,773.1700,9.0000,46.9000,14.3200,"Filtros estándar (Score ≥6.5, DD ≥10%)"
EXPD,Expeditors International,Industrials,Air Freight & Logistics,2007-10-10,187.1300,2026-09-04,53.2900,77.0900,DOWN,-0.6321,0.0689,False,0.5510,3.3893,0.8630,1.8110,177.7600,157.9400,185.6800,5.2700,18.4800,True,3.9239,ALCISTA,-2.6800,192.2800,192.2800,111.7800,-2.6800,67.4100,1.0160,True,158.9600,1,183.5200,False,-15.0500,HAMMER|DOJI,6.5500,10.0000,5.0000,7.5000,4,5.0000,7.0000,False,3.6200,5.4300,1.5000,27.4818,23.8155,11.5864,2.0391,18.8840,0.4267,0.1523,0.0763,0.1355,0.3210,0.5150,26.7450,1.5660,797562240.0000,918798976.0000,0.8680,24542230528.0000,1.0580,3.3500,0.8700,129990622.0000,7.9000,10.0000,8.2900,5.0000,0.0325,OK,0,7.3600,False,10-18d,XLI,,CAT|UNP|HON,pmi_manufacturing|supply_chain|capex_cycle,60,2026-11-03,False,2026-08-04,2.0300,1.6900,19.9000,ALCISTA FUERTE,10,773.1700,9.0000,46.9000,14.3200,"Filtros estándar (Score ≥6.5, DD ≥10%)"
DXCM,Dexcom,Health Care,Health Care Equipment,2020-05-12,89.7100,2026-09-04,49.8300,63.5600,DOWN,-0.6183,-0.4482,False,0.4964,2.3200,0.8340,2.5860,80.8400,70.7500,88.3300,10.9800,26.8000,True,3.8581,ALCISTA,-3.1100,92.5900,92.5900,54.1100,-3.1100,65.7900,0.4000,True,87.5100,1,92.5900,True,-2.4500,HAMMER|DOJI,7.0000,10.0000,5.0000,7.5000,7,5.0000,7.0000,False,5.1700,7.7600,1.5000,34.7431,28.1365,12.6548,6.6751,23.7350,0.3849,0.1033,0.2012,0.6247,0.1310,0.4360,53.3460,1.7330,1021162496.0000,999699968.0000,1.0215,33170012160.0000,1.4100,3.1100,,377360765.0000,7.5800,9.8800,7.8800,4.5300,0.0308,OK,0,7.3500,False,10-18d,XLV,,UNH|JNJ|LLY,fda_calendar|drug_pricing_policy|patent_cliffs,55,2026-10-29,False,2026-07-30,0.7000,0.6100,15.1000,ALCISTA FUERTE,10,773.1700,9.0000,46.9000,14.3200,"Filtros estándar (Score ≥6.5, DD ≥10%)"
HPE,Hewlett Packard Enterprise,Information Technology,"Technology Hardware, Storage & Peripherals",2015-11-02,54.4400,2026-09-04,38.2200,53.0800,DOWN,-0.5174,-0.6283,True,0.4962,2.9125,0.9510,5.3500,49.9000,32.9700,53.0000,9.1000,65.1100,True,10.4642,ALCISTA,-14.1900,63.4400,64.0600,19.6200,-15.0200,177.4500,3.5060,False,44.6100,1,55.7800,False,-18.0600,HAMMER|DOJI|BULL_ENGULF,7.2000,10.0000,7.5000,7.0000,4,5.0000,9.5000,False,10.7000,16.0500,1.5000,26.8041,11.4129,2.7207,1.6486,12.6150,0.1094,0.0261,0.0667,0.3662,0.3370,4.1020,76.1740,1.1130,4169750016.0000,2675000064.0000,1.5588,69028167680.0000,1.4420,3.5300,1.0500,1327464779.0000,7.4300,9.4100,4.6200,8.4000,0.0604,OK,0,7.3400,False,10-18d,XLK,,AAPL|MSFT|NVDA,interest_rates|ai_capex_cycle|semiconductor_cycle,-2,2026-12-03,True,2026-06-01,0.7900,0.5300,48.0000,ALCISTA FUERTE,10,773.1700,9.0000,46.9000,14.3200,"Filtros estándar (Score ≥6.5, DD ≥10%)"
ROST,Ross Stores,Consumer Discretionary,Apparel Retail,2009-12-21,231.6700,2026-09-04,35.5000,26.2600,UP,-1.3814,-2.2046,True,0.3051,6.7393,1.1380,2.9090,234.2000,211.8000,235.9200,-1.0800,9.3800,True,3.9148,NEUTRO,-9.8600,257.0000,257.0000,142.4800,-9.8600,62.6000,0.5380,True,226.6500,6,236.9500,True,-2.1700,HAMMER|DOJI,7.7000,8.5000,8.5000,7.5000,9,5.0000,7.0000,False,5.8200,8.7300,1.5000,27.8948,25.7974,10.9363,3.0190,20.3600,0.4263,0.1278,0.1085,0.3338,0.1330,0.7050,70.2810,1.6120,2002041600.0000,2659063040.0000,0.7529,74000990208.0000,0.8610,4.4600,0.7700,320781076.0000,7.0800,10.0000,6.6400,4.2000,0.0271,OK,0,7.3300,False,7-15d,XLY,,AMZN|TSLA|HD,consumer_spending|employment_data|interest_rates,76,2026-11-19,False,2026-08-20,2.6600,1.9500,36.7000,ALCISTA FUERTE,10,773.1700,9.0000,46.9000,14.3200,"Filtros estándar (Score ≥6.5, DD ≥10%)"
FIS,Fidelity National Information Services,Financials,Transaction & Payment Processing Services,2006-11-10,42.2800,2026-09-04,45.6900,37.8300,UP,0.0604,-0.1542,True,0.6680,1.1836,0.7870,2.7990,41.8300,49.0700,41.6100,1.0900,-13.8300,False,-4.2944,BAJISTA,-10.0400,47.0000,68.0700,37.4200,-37.8800,12.9900,1.3080,True,40.3800,4,47.2300,False,-4.4900,HAMMER|HAMMER|DOJI,7.2500,6.5000,7.0000,9.5000,6,7.0000,7.0000,False,5.6000,8.4000,1.5000,6.4347,6.2513,1.3478,1.7707,12.0090,0.2235,0.0428,0.2765,0.3584,0.2910,,132.5100,0.5350,2653125120.0000,3372999936.0000,0.7866,21602920448.0000,0.8010,2.5400,4.1600,515705917.0000,7.3700,7.5000,5.7300,9.1200,0.1228,OK,0,7.3200,False,3-7d,XLF,,JPM|BAC|WFC,interest_rates|yield_curve|credit_spreads|loan_growth,61,2026-11-04,False,2026-08-04,1.4800,1.4700,54.0000,ALCISTA FUERTE,10,773.1700,9.0000,46.9000,14.3200,"Filtros estándar (Score ≥6.5, DD ≥10%)"
TROW,T. Rowe Price,Financials,Asset Management & Custody Banks,2019-07-29,110.8800,2026-09-04,51.5800,39.8800,UP,-0.1609,-0.0469,False,0.3570,2.0536,0.7650,1.8520,114.4100,102.0300,111.8600,-3.0800,8.6700,True,1.2386,NEUTRO,-9.1100,122.0000,122.0000,84.2100,-9.1100,31.6700,0.7000,True,110.1700,3,121.5800,True,-0.6400,DOJI,7.3000,8.5000,6.0000,7.5000,9,7.0000,5.0000,False,3.7000,5.5600,1.5000,11.0221,10.6387,2.1284,3.0845,7.4360,0.1940,0.1066,0.2926,0.5161,0.1070,0.2860,3.7020,4.0390,2023912448.0000,2167300096.0000,0.9338,23417815040.0000,1.4830,12.8800,4.6900,213315850.0000,7.3300,6.3800,8.0700,7.5800,0.0864,OK,0,7.3200,False,7-15d,XLF,,JPM|BAC|WFC,interest_rates|yield_curve|credit_spreads|loan_growth,56,2026-10-30,False,2026-07-31,2.5700,2.5200,2.0000,ALCISTA FUERTE,10,773.1700,9.0000,46.9000,14.3200,"Filtros estándar (Score ≥6.5, DD ≥10%)"
MU,Micron Technology,Information Technology,Semiconductors,1994-09-27,958.1600,2026-09-04,47.9200,57.7300,DOWN,2.1202,2.5810,False,0.6475,47.0250,0.5780,4.9080,942.2000,602.4700,936.7800,1.6900,59.0400,True,13.3510,ALCISTA,-23.6400,1254.8101,1254.8101,118.3300,-23.6400,709.7400,0.8740,True,889.6400,2,1011.7700,False,-7.1500,BULL_ENGULF|HAMMER|DOJI,7.1000,10.0000,5.0000,7.5000,4,7.0000,9.5000,False,9.8200,14.7200,1.5000,22.9634,6.5576,11.3948,12.7183,15.5740,0.6664,0.3487,0.5591,0.7257,3.4570,13.6850,6.3300,3.4250,7639499776.0000,50468999168.0000,0.1514,1148129771520.0000,2.2220,0.7000,0.0600,1129393151.0000,7.4700,10.0000,8.1700,3.7100,0.0067,FCF/NI:0.15,1,7.3200,False,10-18d,XLK,,AAPL|MSFT|NVDA,interest_rates|ai_capex_cycle|semiconductor_cycle,26,2026-09-30,False,2026-06-24,25.1100,20.6900,21.4000,ALCISTA FUERTE,10,773.1700,9.0000,46.9000,14.3200,"Filtros estándar (Score ≥6.5, DD ≥10%)"
ADI,Analog Devices,Information Technology,Semiconductors,1999-10-12,356.5000,2026-09-04,20.7700,35.3200,DOWN,-1.7916,-1.2414,False,0.1297,10.8186,0.6960,3.0350,377.3900,345.6100,368.6100,-5.5400,3.1500,True,4.1907,NEUTRO,-19.8100,444.5600,444.5600,220.7100,-19.8100,61.5200,1.0600,True,351.6600,1,397.6100,True,-1.3600,HAMMER|HAMMER|DOJI,7.9500,8.5000,7.5000,7.5000,7,10.0000,7.0000,False,6.0700,9.1000,1.5000,43.0737,22.1739,5.2319,12.6449,25.9420,0.1223,0.0641,0.2979,0.6580,0.3960,1.6350,27.3140,1.2500,4147339008.0000,4135003904.0000,1.0030,175533834240.0000,1.2050,2.2700,1.2300,484565465.0000,6.8400,10.0000,5.6100,4.5800,0.0236,OK,0,7.2800,False,7-15d,XLK,,AAPL|MSFT|NVDA,interest_rates|ai_capex_cycle|semiconductor_cycle,81,2026-11-24,False,2026-08-19,3.4500,3.3400,3.3000,ALCISTA FUERTE,10,773.1700,9.0000,46.9000,14.3200,"Filtros estándar (Score ≥6.5, DD ≥10%)"
HIG,Hartford (The),Financials,Property & Casualty Insurance,1957-03-04,140.0000,2026-09-04,56.8600,36.4200,UP,0.0565,-0.2002,True,0.8139,2.3221,0.8360,1.6590,138.3800,134.9700,138.1500,1.1700,3.7300,True,0.9761,ALCISTA,-3.7400,145.4300,145.4300,118.2100,-3.7400,18.4300,0.8760,True,133.3500,7,140.2300,False,-4.7500,NONE,7.0500,10.0000,7.0000,7.5000,6,5.0000,5.0000,False,3.3200,4.9800,1.5000,9.5559,10.1082,1.9475,1.2785,6.9190,0.2206,0.0385,0.1489,0.3787,0.0810,0.3610,22.3300,1.7720,5507500032.0000,4076999936.0000,1.3509,37480558592.0000,0.4500,0.0400,1.7100,270872002.0000,7.4300,6.7700,7.6800,7.8900,0.1469,OK,0,7.2800,False,10-18d,XLF,,JPM|BAC|WFC,interest_rates|yield_curve|credit_spreads|loan_growth,55,2026-10-29,False,2026-07-23,3.4200,3.1400,8.9000,ALCISTA FUERTE,10,773.1700,9.0000,46.9000,14.3200,"Filtros estándar (Score ≥6.5, DD ≥10%)"
GOOGL,Alphabet Inc. (Class A),Communication Services,Interactive Media & Services,2006-04-03,342.4800,2026-09-04,46.3200,33.7300,UP,-0.4081,-0.3276,False,0.4069,6.5207,0.5940,1.9040,348.6700,335.4400,343.9000,-1.7800,2.1000,True,2.1637,NEUTRO,-10.9200,384.4800,408.3700,225.4700,-16.1300,51.9000,0.9390,True,330.2000,1,374.8100,True,-3.5900,HAMMER|BULL_ENGULF,7.4500,8.5000,6.0000,7.5000,7,7.0000,9.5000,False,3.8100,5.7100,1.5000,16.9824,22.7854,6.6500,9.2838,23.5900,0.4868,0.1296,0.5477,0.6090,0.2420,2.9400,18.8590,2.7240,22665000960.0000,244118994944.0000,0.0928,4139343675392.0000,1.2250,2.3500,0.2600,5867155790.0000,7.1700,10.0000,7.9600,2.9700,0.0055,FCF/NI:0.09,1,7.2800,False,7-15d,XLC,,META|NFLX|DIS,ad_spending_cycle|streaming_competition|regulation,54,2026-10-28,False,2026-07-22,9.1100,2.9000,214.2000,ALCISTA FUERTE,10,773.1700,9.0000,46.9000,14.3200,"Filtros estándar (Score ≥6.5, DD ≥10%)"
BMY,Bristol Myers Squibb,Health Care,Pharmaceuticals,1957-03-04,68.0900,2026-09-04,68.9800,58.8800,UP,-0.0915,-0.1176,True,0.8286,1.4986,0.9330,2.2010,62.6100,57.2000,66.1200,8.7600,19.0500,True,3.9938,ALCISTA,-0.8000,68.6400,68.6400,41.1300,-0.8000,65.5500,0.7550,True,63.0000,1,68.3700,False,-7.4800,BULL_ENGULF|HAMMER|DOJI,7.2000,10.0000,7.0000,7.5000,4,5.0000,9.5000,False,4.4000,6.6000,1.5000,14.7181,10.1891,6.1162,2.7751,9.1430,0.4660,0.1072,0.1887,0.7166,0.0570,1.5310,201.8590,1.5320,8114375168.0000,9281999872.0000,0.8742,136494186496.0000,0.2270,3.7400,3.7000,2042714656.0000,7.2800,6.8400,7.1100,8.0000,0.0594,D/E:202,1,7.2500,False,10-18d,XLV,,UNH|JNJ|LLY,fda_calendar|drug_pricing_policy|patent_cliffs,55,2026-10-29,False,2026-07-30,2.0400,1.6000,27.7000,ALCISTA FUERTE,10,773.1700,9.0000,46.9000,14.3200,"Filtros estándar (Score ≥6.5, DD ≥10%)"
JBHT,J.B. Hunt,Industrials,Cargo Ground Transportation,2015-07-01,266.2800,2026-09-04,39.3100,45.7200,DOWN,-0.5122,-0.9272,True,0.4194,8.5871,0.9720,3.2250,276.0600,236.1500,267.6500,-3.5400,12.7600,True,4.5146,NEUTRO,-11.0200,299.2600,299.2600,129.0600,-11.0200,106.3200,1.4760,True,268.9400,1,287.9300,True,1.0000,NONE,7.4000,8.5000,7.5000,9.5000,7,5.0000,5.0000,True,6.4500,9.6700,1.5000,38.9431,27.0646,7.0304,2.0243,15.7750,0.1845,0.0738,0.0531,0.1850,0.1940,0.4580,38.3730,1.2550,903028352.0000,674505024.0000,1.3388,25711091712.0000,1.2970,2.7100,,93914939.0000,7.1200,10.0000,6.0600,5.0000,0.0351,OK,0,7.2300,True,7-15d,XLI,,CAT|UNP|HON,pmi_manufacturing|supply_chain|capex_cycle,41,2026-10-14,False,2026-07-15,1.9100,1.7400,9.6000,ALCISTA FUERTE,10,773.1700,9.0000,46.9000,14.3200,"Filtros estándar (Score ≥6.5, DD ≥10%)"
NXPI,NXP Semiconductors,Information Technology,Semiconductors,2021-03-22,224.9900,2026-09-04,37.6200,32.9300,UP,1.7607,1.3614,True,0.3431,5.7757,0.4620,2.5670,251.6900,242.3400,230.2300,-10.6100,-7.1600,True,0.8729,BAJISTA,-31.0700,326.3900,338.8000,180.6300,-33.5900,24.5600,0.7960,True,218.1100,2,242.4900,True,-3.0600,HAMMER|HAMMER|DOJI,7.5500,7.0000,8.5000,7.5000,8,7.0000,7.0000,True,5.1300,7.7000,1.5000,19.4398,12.5910,5.0420,4.3574,12.7960,0.2792,0.1046,0.2256,0.5610,0.1950,0.7260,93.3250,2.0400,3555000064.0000,2975000064.0000,1.1950,57451827200.0000,1.8170,2.1700,1.8000,252164174.0000,7.0200,6.9300,5.9600,8.3600,0.0619,D/E:93,1,7.2300,True,3-7d,XLK,,AAPL|MSFT|NVDA,interest_rates|ai_capex_cycle|semiconductor_cycle,52,2026-10-26,False,2026-07-28,3.6100,3.5300,2.4000,ALCISTA FUERTE,10,773.1700,9.0000,46.9000,14.3200,"Filtros estándar (Score ≥6.5, DD ≥10%)"
AVGO,Broadcom,Information Technology,Semiconductors,2014-05-08,357.1600,2026-09-04,28.3600,22.8700,UP,-1.4389,-2.4384,True,0.2519,11.6593,0.6780,3.2640,384.0800,368.9400,375.2000,-7.0100,-3.1900,True,0.7535,BAJISTA,-17.4600,432.7300,494.2200,289.5000,-27.7300,23.3700,2.6720,False,357.1200,2,414.6400,True,-0.0100,NONE,7.2800,7.0000,9.5000,5.0000,8,8.5000,5.0000,False,6.5300,9.7900,1.5000,45.5337,18.4748,17.1102,19.1093,33.3790,0.4425,0.1530,0.4294,0.7551,0.8550,2.1530,59.6040,2.5040,30497124352.0000,38264999936.0000,0.7970,1702714146816.0000,1.4570,3.0300,0.7300,4757580198.0000,7.1600,10.0000,7.4200,3.5500,0.0179,OK,0,7.2100,False,5-10d,XLK,,AAPL|MSFT|NVDA,interest_rates|ai_capex_cycle|semiconductor_cycle,-2,2026-12-09,True,2026-06-03,2.4400,2.4000,1.7000,ALCISTA FUERTE,10,773.1700,9.0000,46.9000,14.3200,"Filtros estándar (Score ≥6.5, DD ≥10%)"
EQIX,Equinix,Real Estate,Data Center REITs,2015-03-20,1040.8300,2026-09-04,32.8900,62.0200,DOWN,-5.7488,-2.9098,False,0.2954,32.6998,1.1080,3.1420,1042.9400,951.2800,1052.1500,-0.2000,9.4100,True,2.7499,NEUTRO,-6.9600,1118.6600,1118.6600,709.7900,-6.9600,46.6400,0.8390,True,1038.1000,5,1101.6300,True,-0.2600,HAMMER|DOJI,7.5200,8.5000,6.5000,7.5000,9,6.5000,7.0000,False,6.2800,9.4300,1.5000,66.7943,55.4212,7.1076,10.3213,27.5540,0.1074,0.0368,0.1548,0.5198,0.1670,0.2880,162.2170,1.1310,3776000000.0000,1532999936.0000,2.4631,102221889536.0000,0.9730,2.7900,1.9800,98671686.0000,6.9900,10.0000,6.0300,4.5900,0.0369,D/E:162,1,7.2000,False,7-15d,XLRE,,PLD|AMT|SPG,interest_rates|cap_rates|occupancy_trends,54,2026-10-28,False,2026-07-29,5.1000,4.8000,6.3000,ALCISTA FUERTE,10,773.1700,9.0000,46.9000,14.3200,"Filtros estándar (Score ≥6.5, DD ≥10%)"
DLTR,Dollar Tree,Consumer Staples,Consumer Staples Merchandise Retail,2011-12-19,131.0400,2026-09-04,52.5000,43.1200,UP,-0.3709,-0.7971,True,0.5673,5.3071,1.2020,4.0500,127.0400,116.9700,129.9100,3.1400,12.0200,True,2.4659,ALCISTA,-4.4000,137.0700,142.4000,84.7100,-7.9800,54.6900,0.7220,True,117.2700,3,132.6800,False,-10.5100,HAMMER|DOJI,7.2500,10.0000,7.0000,7.5000,6,5.0000,7.0000,False,8.1000,12.1500,1.5000,16.1054,16.6273,7.2472,1.2287,12.4610,0.4603,0.0826,0.0804,0.3718,0.0700,1.9720,223.9450,1.1340,1049587520.0000,1618099968.0000,0.6487,24658374656.0000,0.6620,3.4100,,187630299.0000,7.1700,8.7400,6.3100,6.3500,0.0426,FCF/NI:0.65|D/E:224,2,7.2000,False,10-18d,XLP,,PG|KO|PEP,inflation|input_costs|fx_rates,-8,2026-12-02,False,2026-08-27,2.7000,1.1400,136.1000,ALCISTA FUERTE,10,773.1700,9.0000,46.9000,14.3200,"Filtros estándar (Score ≥6.5, DD ≥10%)"
MAS,Masco,Industrials,Building Products,1981-06-30,71.4200,2026-09-04,38.6700,32.8500,UP,-0.2105,-0.1035,False,0.1878,1.7633,0.7560,2.4690,75.9500,68.9500,73.1500,-5.9700,3.5800,True,1.3977,NEUTRO,-14.2400,83.2700,83.2700,57.5100,-14.2400,24.1800,0.8510,True,71.3700,3,73.6700,True,-0.0700,HAMMER|DOJI|HAMMER,8.0200,8.5000,7.5000,7.5000,9,8.5000,7.0000,False,4.9400,7.4100,1.5000,16.7511,15.6004,-39.2761,1.8813,11.4560,58.6250,0.1586,0.1161,0.3721,-0.0290,0.2450,,1.8650,897124992.0000,885000000.0000,1.0137,14335524864.0000,1.2940,2.6500,1.7900,197187430.0000,6.6400,5.0000,7.7000,7.3000,0.0626,OK,0,7.1900,False,7-15d,XLI,,CAT|UNP|HON,pmi_manufacturing|supply_chain|capex_cycle,55,2026-10-29,False,2026-07-29,1.6400,1.3100,25.1000,ALCISTA FUERTE,10,773.1700,9.0000,46.9000,14.3200,"Filtros estándar (Score ≥6.5, DD ≥10%)"
MNST,Monster Beverage,Consumer Staples,Soft Drinks & Non-alcoholic Beverages,2012-06-28,44.0800,2026-09-04,36.1100,58.5100,DOWN,-0.3572,-0.0644,False,0.0513,1.1386,1.0570,2.5830,47.4800,41.7500,46.4700,-7.1500,5.5900,True,2.9652,NEUTRO,-12.1400,50.1700,50.1700,31.0400,-12.1400,42.0300,0.8890,True,37.1100,2,44.4900,False,-15.8000,NONE,6.8000,8.5000,6.5000,7.5000,4,8.0000,5.0000,False,5.1700,7.7500,1.5000,40.5741,33.4844,9.1674,9.3119,28.3050,0.2570,0.1748,0.2308,0.5555,0.2020,0.1800,0.9920,3.7290,1681231104.0000,2127670016.0000,0.7902,85845647360.0000,0.5150,3.3400,,1959051764.0000,7.4100,10.0000,8.2600,3.3900,0.0196,OK,0,7.1700,False,7-15d,XLP,,PG|KO|PEP,inflation|input_costs|fx_rates,62,2026-11-05,False,2026-08-06,0.3000,0.2900,1.8000,ALCISTA FUERTE,10,773.1700,9.0000,46.9000,14.3200,"Filtros estándar (Score ≥6.5, DD ≥10%)"
OXY,Occidental Petroleum,Energy,Oil & Gas Exploration & Production,1957-03-04,60.6100,2026-09-04,62.1100,63.3600,DOWN,-0.0221,-0.1114,True,0.7212,1.2950,0.7830,2.1370,55.9400,52.0500,59.1700,8.3400,16.4500,True,3.7166,ALCISTA,-2.4800,62.1500,67.1400,38.4400,-9.7300,57.6800,0.8060,True,57.5400,1,60.5600,False,-5.0700,HAMMER,7.0500,10.0000,6.0000,7.5000,4,7.0000,7.0000,False,4.2700,6.4100,1.5000,17.7109,15.6490,1.7939,2.5085,5.8310,0.1063,0.0468,0.3032,0.7332,0.5340,9.6490,34.5110,1.4110,3788124928.0000,3399000064.0000,1.1145,60018229248.0000,0.1640,0.0100,1.8500,999637371.0000,7.2300,9.0100,5.4800,7.2000,0.0631,OK,0,7.1600,False,10-18d,XLE,,XOM|CVX|COP,oil_price|gas_price|opec_supply|inventories,66,2026-11-09,False,2026-08-05,2.4000,1.8500,29.8000,ALCISTA FUERTE,10,773.1700,9.0000,46.9000,14.3200,"Filtros estándar (Score ≥6.5, DD ≥10%)"
DVA,DaVita,Health Care,Health Care Services,2008-07-31,181.6600,2026-09-04,52.8400,41.2300,UP,1.8421,1.0935,True,0.7723,4.2357,0.6390,2.3320,208.8700,163.7500,184.6500,-13.0300,10.9400,True,3.4504,NEUTRO,-26.6000,247.4900,247.4900,101.0000,-26.6000,79.8600,0.9890,True,176.5900,1,202.6200,True,-2.7900,HAMMER|DOJI,7.4000,8.5000,7.0000,7.5000,7,7.0000,7.0000,False,4.6600,7.0000,1.5000,15.5792,10.6659,-15.3799,0.8379,9.2530,0.8848,0.0751,0.0605,0.3236,0.0520,0.5580,1241.9860,1.4670,1042460032.0000,822476032.0000,1.2675,11738562560.0000,0.8300,4.1400,,63800000.0000,6.9800,6.6400,6.8700,7.5100,0.0888,D/E:1242,1,7.1500,False,7-15d,XLV,,UNH|JNJ|LLY,fda_calendar|drug_pricing_policy|patent_cliffs,54,2026-10-28,False,2026-08-04,4.0200,3.8800,3.5000,ALCISTA FUERTE,10,773.1700,9.0000,46.9000,14.3200,"Filtros estándar (Score ≥6.5, DD ≥10%)"
AMD,Advanced Micro Devices,Information Technology,Semiconductors,2017-03-20,456.1600,2026-09-04,27.6900,47.8900,DOWN,-1.2566,-0.1174,False,0.1803,17.7757,0.5200,3.8970,500.3700,339.8100,474.6300,-8.8400,34.2400,True,7.1712,NEUTRO,-21.9900,584.7300,584.7300,149.2200,-21.9900,205.7000,0.8330,True,464.2100,3,494.8700,True,1.7700,HAMMER|DOJI|HAMMER,8.0200,8.5000,7.5000,7.5000,9,8.5000,7.0000,False,7.7900,11.6900,1.5000,121.8291,30.9092,11.5940,18.8747,76.9540,0.1020,0.0513,0.1558,0.5572,0.5010,1.5950,6.3610,2.6090,8841499648.0000,6469000192.0000,1.3667,779621105664.0000,2.4760,1.4200,,1632475042.0000,6.5500,10.0000,6.5400,2.5200,0.0113,OK,0,7.1400,False,7-15d,XLK,,AAPL|MSFT|NVDA,interest_rates|ai_capex_cycle|semiconductor_cycle,60,2026-11-03,False,2026-08-04,1.6600,1.6100,3.2000,ALCISTA FUERTE,10,773.1700,9.0000,46.9000,14.3200,"Filtros estándar (Score ≥6.5, DD ≥10%)"
MPC,Marathon Petroleum,Energy,Oil & Gas Refining & Marketing,2011-07-01,387.7100,2026-09-04,76.6100,84.0000,DOWN,1.1241,0.1407,True,0.8513,10.1636,1.0440,2.6210,318.6400,239.3300,358.1000,21.6800,62.0000,True,7.5337,ALCISTA,-2.7100,398.5200,398.5200,160.0700,-2.7100,142.2100,0.8300,False,347.6700,1,,False,-10.3300,HAMMER,6.2500,10.0000,6.0000,5.0000,4,5.0000,7.0000,False,5.2400,7.8600,1.5000,13.4801,12.2386,5.7692,0.7085,9.2260,0.4210,0.0874,0.0555,0.1282,0.5370,3.4800,133.3280,1.2500,9249375232.0000,8545999872.0000,1.0823,109212753920.0000,0.5270,2.8500,1.0300,280824763.0000,7.7400,9.0400,6.9900,7.1100,0.0847,D/E:133,1,7.1400,False,10-18d,XLE,,XOM|CVX|COP,oil_price|gas_price|opec_supply|inventories,60,2026-11-03,False,2026-08-04,17.7300,13.9500,27.1000,ALCISTA FUERTE,10,773.1700,9.0000,46.9000,14.3200,"Filtros estándar (Score ≥6.5, DD ≥10%)"
GRMN,Garmin,Consumer Discretionary,Consumer Electronics,2012-12-12,277.1800,2026-09-04,11.9600,21.1900,DOWN,-4.4367,-4.2421,False,0.1410,6.9043,0.9050,2.4910,271.6800,236.8200,286.6800,2.0300,17.0400,True,3.3879,ALCISTA,-11.8000,314.2800,314.2800,184.3500,-11.8000,50.3600,0.8410,True,231.4500,5,272.1100,False,-16.5000,HAMMER,7.8000,10.0000,7.5000,7.5000,6,8.0000,7.0000,False,4.9800,7.4700,1.5000,28.5598,25.1730,5.9189,6.9643,22.0710,0.2189,0.1217,0.2447,0.6008,0.1140,0.3530,2.5130,3.0280,1043656256.0000,1877294976.0000,0.5559,53425938432.0000,0.8740,3.2600,1.5200,192852536.0000,6.7000,9.7600,6.1500,3.7600,0.0195,FCF/NI:0.56,1,7.1400,False,10-18d,XLY,,AMZN|TSLA|HD,consumer_spending|employment_data|interest_rates,54,2026-10-28,False,2026-07-29,2.8100,2.2900,22.5000,ALCISTA FUERTE,10,773.1700,9.0000,46.9000,14.3200,"Filtros estándar (Score ≥6.5, DD ≥10%)"
TER,Teradyne,Information Technology,Semiconductor Materials & Equipment,2020-09-21,338.5900,2026-09-04,26.3000,48.1100,DOWN,-5.8593,-5.1003,False,0.1631,21.0521,0.6700,6.2180,374.2300,315.2400,365.2100,-9.5200,7.4100,True,7.1464,NEUTRO,-30.6000,487.9100,487.9100,109.3900,-30.6000,209.5200,0.7030,True,340.3400,1,381.0200,True,0.5200,BULL_ENGULF,7.7700,8.5000,7.5000,7.5000,7,8.5000,7.5000,False,12.4400,18.6500,1.5000,49.0426,30.6399,17.7777,12.5040,35.0300,0.3646,0.1975,0.2577,0.5924,1.0390,3.8580,2.8830,2.1250,437381248.0000,1150220032.0000,0.3803,55818338304.0000,1.7780,1.9500,0.1500,156340750.0000,6.7200,10.0000,6.9200,2.6600,0.0078,FCF/NI:0.38,1,7.1400,False,7-15d,XLK,,AAPL|MSFT|NVDA,interest_rates|ai_capex_cycle|semiconductor_cycle,47,2026-10-21,False,2026-07-28,2.4700,2.0500,20.3000,ALCISTA FUERTE,10,773.1700,9.0000,46.9000,14.3200,"Filtros estándar (Score ≥6.5, DD ≥10%)"
MPWR,Monolithic Power Systems,Information Technology,Semiconductors,2021-02-12,1213.6500,2026-09-04,20.9600,37.7800,DOWN,-11.6168,-8.0952,False,0.0964,48.1128,0.5420,3.9640,1332.7000,1246.3100,1296.8700,-8.9300,-2.6200,True,2.6120,BAJISTA,-27.0700,1664.1000,1711.4800,811.8900,-29.0900,49.4800,0.7260,True,1234.3500,3,1475.3800,True,1.7100,NONE,7.9000,7.0000,7.5000,7.5000,10,10.0000,5.0000,False,7.9300,11.8900,1.5000,74.7167,35.0971,15.4393,18.3750,58.2310,0.2198,0.1357,0.2450,0.5520,0.4760,0.8580,0.4860,4.9750,444316128.0000,801945984.0000,0.5540,60144152576.0000,1.6640,2.1400,0.6600,49143000.0000,6.6200,10.0000,6.9100,2.3500,0.0074,FCF/NI:0.55,1,7.1300,False,3-7d,XLK,,AAPL|MSFT|NVDA,interest_rates|ai_capex_cycle|semiconductor_cycle,55,2026-10-29,False,2026-07-30,6.5000,5.8800,10.5000,ALCISTA FUERTE,10,773.1700,9.0000,46.9000,14.3200,"Filtros estándar (Score ≥6.5, DD ≥10%)"
HSY,Hershey Company (The),Consumer Staples,Packaged Foods & Meats,1957-03-04,175.0600,2026-09-04,36.7000,50.6300,DOWN,-1.4511,-1.0559,False,0.0776,4.1271,0.8820,2.3580,177.9800,189.7700,180.5300,-1.6400,-7.7500,False,0.6468,BAJISTA,-8.0900,190.4600,235.8000,156.7000,-25.7600,11.7100,1.1200,True,172.3200,2,176.8400,True,-1.5700,HAMMER|HAMMER,7.0000,5.5000,6.5000,7.5000,8,8.0000,7.0000,False,4.7200,7.0700,1.5000,23.6544,17.5462,7.6247,2.8601,14.8100,0.3281,0.0992,0.1224,0.3838,0.0660,6.3100,129.8210,1.1800,1743636352.0000,1489106944.0000,1.1709,34790277120.0000,0.0970,6.7200,3.3200,146312143.0000,7.2200,8.5000,6.6500,6.3800,0.0501,D/E:130,1,7.1300,False,3-7d,XLP,,PG|KO|PEP,inflation|input_costs|fx_rates,62,2026-11-05,False,2026-07-30,1.9000,1.4300,33.1000,ALCISTA FUERTE,10,773.1700,9.0000,46.9000,14.3200,"Filtros estándar (Score ≥6.5, DD ≥10%)"
BX,Blackstone Inc.,Financials,Asset Management & Custody Banks,2023-09-18,137.6800,2026-09-04,37.2400,59.6000,DOWN,-1.4618,-0.7248,False,0.1598,3.8936,0.8730,2.8280,131.5000,128.5200,139.6300,4.7000,7.1300,True,-0.1053,ALCISTA,-8.3600,150.2400,182.6800,99.7800,-24.6300,37.9900,0.9180,True,138.1200,1,150.2400,True,0.3200,HAMMER|DOJI,7.4200,9.5000,6.5000,7.5000,7,6.5000,7.0000,False,5.6600,8.4800,1.5000,30.4586,18.1762,12.0818,10.5107,,0.3137,0.1433,0.2273,1.0000,0.2860,0.5730,68.1850,0.8720,,3519035904.0000,,162739781632.0000,1.5580,4.2200,3.8000,750625114.0000,6.9100,10.0000,6.2700,4.0400,,OK,0,7.1100,False,10-18d,XLF,,JPM|BAC|WFC,interest_rates|yield_curve|credit_spreads|loan_growth,48,2026-10-22,False,2026-07-23,1.5200,1.3400,13.7000,ALCISTA FUERTE,10,773.1700,9.0000,46.9000,14.3200,"Filtros estándar (Score ≥6.5, DD ≥10%)"
DOC,Healthpeak Properties,Real Estate,Health Care REITs,2008-03-31,21.0300,2026-09-04,56.7900,48.6400,UP,-0.0092,0.0019,False,0.5322,0.3891,0.8390,1.8500,21.4500,18.1800,21.1300,-1.9400,15.7000,True,2.2221,NEUTRO,-7.9100,22.8400,22.8400,15.0400,-7.9100,39.8400,0.9790,True,21.1000,1,21.8600,True,0.3300,HAMMER|DOJI,6.9000,8.5000,6.0000,7.5000,7,5.0000,7.0000,False,3.7000,5.5500,1.5000,59.0000,147.5000,1.8149,4.9630,15.8100,0.0304,0.0151,0.0825,0.5765,0.1110,0.6820,108.6530,2.2860,1645113088.0000,242743008.0000,6.7772,14639760384.0000,0.9890,3.8000,5.8000,689527260.0000,7.2300,10.0000,5.0200,6.5700,0.1124,D/E:109,1,7.1000,False,7-15d,XLRE,,PLD|AMT|EQIX,interest_rates|cap_rates|occupancy_trends,48,2026-10-22,False,2026-08-04,0.0800,0.0300,198.6000,ALCISTA FUERTE,10,773.1700,9.0000,46.9000,14.3200,"Filtros estándar (Score ≥6.5, DD ≥10%)"
SNDK,Sandisk,Information Technology,"Technology Hardware, Storage & Peripherals",2025-11-28,1554.9900,2026-09-04,43.6500,63.9500,DOWN,8.4507,10.1868,False,0.5908,109.9600,0.6060,7.0710,1562.1500,996.6000,1513.2800,-0.4600,56.0300,True,14.9570,NEUTRO,-33.9500,2354.3899,2354.3899,55.5500,-33.9500,2699.2600,0.6600,True,1514.3600,1,1600.0000,True,-2.6100,HAMMER,7.0000,8.5000,5.0000,7.5000,7,7.0000,7.0000,False,14.1400,21.2100,1.5000,23.6060,6.5729,16.4756,12.5824,17.6840,0.9164,0.4391,0.5646,0.7147,3.7160,,1.2770,2.2900,7720875008.0000,11432999936.0000,0.6753,254769070080.0000,,0.4600,,146419001.0000,7.1700,7.5000,8.3300,5.4500,0.0303,FCF/NI:0.68,1,7.1000,False,7-15d,XLK,,AAPL|MSFT|NVDA,interest_rates|ai_capex_cycle|semiconductor_cycle,63,2026-11-06,False,2026-08-05,39.2500,34.5200,13.7000,ALCISTA FUERTE,10,773.1700,9.0000,46.9000,14.3200,"Filtros estándar (Score ≥6.5, DD ≥10%)"
BKNG,Booking Holdings,Consumer Discretionary,"Hotels, Resorts & Cruise Lines",2009-11-06,195.1300,2026-09-04,34.8000,34.7200,UP,-2.8089,-2.2350,False,-0.0034,6.5193,0.9680,3.3410,193.9300,185.3300,202.8400,0.6200,5.2900,True,0.3267,ALCISTA,-10.2100,217.3200,224.5900,149.7600,-13.1200,30.2900,1.5170,True,171.0800,3,193.4300,False,-12.3200,NONE,7.6000,10.0000,7.5000,7.5000,6,8.0000,5.0000,False,6.6800,10.0200,1.5000,21.4767,15.6167,-13.5871,5.1427,14.4360,,0.2038,0.2553,0.8723,0.0810,1.3000,,1.0940,7725875200.0000,7208999936.0000,1.0717,145234329600.0000,1.0680,3.5400,0.8600,751380500.0000,6.7300,8.2400,5.7200,6.1600,0.0532,OK,0,7.0800,False,10-18d,XLY,,AMZN|TSLA|HD,consumer_spending|employment_data|interest_rates,53,2026-10-27,False,2026-08-04,2.5400,2.4300,4.5000,ALCISTA FUERTE,10,773.1700,9.0000,46.9000,14.3200,"Filtros estándar (Score ≥6.5, DD ≥10%)"
JPM,JPMorgan Chase,Financials,Diversified Banks,1975-06-30,362.0600,2026-09-04,48.9400,45.0700,UP,-0.6554,-1.2915,True,0.7403,5.5214,0.7970,1.5250,349.1300,316.0100,356.2700,3.7000,14.5700,True,1.7775,ALCISTA,-1.2100,366.5000,366.5000,276.4300,-1.2100,30.9800,0.9950,True,350.8000,2,366.5000,True,-3.1100,NONE,7.5000,10.0000,7.0000,7.5000,7,7.0000,5.0000,False,3.0500,4.5800,1.5000,15.3593,14.3416,2.6964,5.1164,,0.1779,0.0136,0.3492,0.0000,0.3040,0.4690,,,,63634001920.0000,,953331941376.0000,0.9770,3.3900,1.6600,2658186195.0000,6.8000,10.0000,5.1600,4.9800,,OK,0,7.0800,False,10-18d,XLF,,BAC|WFC|GS,interest_rates|yield_curve|credit_spreads|loan_growth,39,2026-10-13,False,2026-07-14,6.1400,5.8000,5.9000,ALCISTA FUERTE,10,773.1700,9.0000,46.9000,14.3200,"Filtros estándar (Score ≥6.5, DD ≥10%)"
UBER,Uber,Industrials,Passenger Ground Transportation,2023-12-18,75.9600,2026-09-04,50.0300,55.4600,DOWN,-0.3762,-0.0825,False,0.3424,2.6742,1.0400,3.5210,74.0200,76.4000,76.2200,2.6200,-0.5800,False,-2.1961,BAJISTA,-7.7800,82.3600,101.9900,65.4100,-25.5200,16.1300,0.8790,True,73.9700,1,76.3000,True,-2.6200,HAMMER|DOJI,6.4500,6.5000,5.0000,7.5000,8,5.0000,7.0000,False,7.0400,10.5600,1.5000,16.6140,17.2924,5.6580,2.8020,22.1540,0.3716,0.0688,0.1734,0.4075,0.1220,0.8550,51.8720,0.8430,7244749824.0000,9578999808.0000,0.7563,154744356864.0000,1.1590,2.3000,,2042560121.0000,7.4900,8.4400,6.7700,7.2100,0.0468,OK,0,7.0700,False,3-7d,XLI,,CAT|UNP|HON,pmi_manufacturing|supply_chain|capex_cycle,60,2026-11-03,False,2026-08-05,1.1700,0.8300,40.2000,ALCISTA FUERTE,10,773.1700,9.0000,46.9000,14.3200,"Filtros estándar (Score ≥6.5, DD ≥10%)"
CVX,Chevron Corporation,Energy,Integrated Oil & Gas,1957-03-04,211.3200,2026-09-04,74.5200,76.8700,DOWN,0.5400,-0.1797,True,0.8684,3.6461,0.8940,1.7250,189.2000,177.9300,201.8900,11.6900,18.7700,True,3.0355,ALCISTA,-0.8800,213.2000,213.2000,142.5100,-0.8800,48.2800,0.8470,True,184.2600,1,209.9500,False,-12.8000,NONE,6.5500,10.0000,6.0000,7.5000,4,5.0000,5.0000,False,3.4500,5.1800,1.5000,20.0577,15.5322,2.1550,1.9543,8.8580,0.1223,0.0586,0.0983,0.4427,0.5350,3.2190,18.9590,1.2520,21934000128.0000,20590999552.0000,1.0652,409190465536.0000,0.4910,2.0500,3.3700,1961603274.0000,7.4200,9.0200,6.3200,6.8300,0.0536,OK,0,7.0700,False,10-18d,XLE,,XOM|COP|SLB,oil_price|gas_price|opec_supply|inventories,56,2026-10-30,False,2026-07-31,6.0600,5.5700,8.8000,ALCISTA FUERTE,10,773.1700,9.0000,46.9000,14.3200,"Filtros estándar (Score ≥6.5, DD ≥10%)"
CASY,Casey's,Consumer Staples,Food Retail,2026-04-09,758.4200,2026-09-04,30.5100,36.3300,DOWN,-8.9874,-11.4331,True,0.1496,26.8929,0.9030,3.5460,826.9800,725.1600,803.3100,-8.2900,4.5900,True,4.0896,NEUTRO,-18.2000,927.1500,927.1500,492.9200,-18.2000,53.8600,1.1800,True,768.5400,3,883.7500,True,1.3300,NONE,7.7500,8.5000,7.5000,7.5000,9,8.0000,5.0000,True,7.0900,10.6400,1.5000,39.4002,32.0105,7.0610,1.5932,20.3870,0.1915,0.0761,0.0407,0.2461,0.1450,0.6600,73.5140,1.0100,550939648.0000,714448000.0000,0.7711,27979044864.0000,0.5920,3.8900,0.3400,37004914.0000,6.6200,10.0000,5.9300,3.4800,0.0197,OK,0,7.0700,True,7-15d,XLP,,PG|KO|PEP,inflation|input_costs|fx_rates,4,2026-09-08,True,2026-06-09,4.3700,3.3100,32.1000,ALCISTA FUERTE,10,773.1700,9.0000,46.9000,14.3200,"Filtros estándar (Score ≥6.5, DD ≥10%)"
REG,Regency Centers,Real Estate,Retail REITs,2017-03-02,75.9200,2026-09-04,43.0300,35.8400,UP,0.0752,-0.0615,True,0.3920,0.9221,0.7060,1.2150,78.8400,75.0600,76.5700,-3.7000,1.1400,True,1.0375,NEUTRO,-9.2500,83.6600,83.6600,65.1000,-9.2500,16.6300,1.1590,True,75.1400,3,82.1100,True,-1.0200,NONE,7.5000,8.5000,7.0000,7.5000,9,7.0000,5.0000,False,2.4300,3.6400,1.5000,25.3401,29.8985,2.0678,8.3478,18.0350,0.0819,0.0323,0.3300,0.7154,0.0890,0.0890,71.9720,0.9640,743363968.0000,542515008.0000,1.3702,14070514688.0000,0.8070,4.1300,3.9800,183120547.0000,6.7800,7.2200,6.0100,7.1600,0.0528,OK,0,7.0700,False,7-15d,XLRE,,PLD|AMT|EQIX,interest_rates|cap_rates|occupancy_trends,54,2026-10-28,False,2026-07-29,0.6100,0.5900,3.6000,ALCISTA FUERTE,10,773.1700,9.0000,46.9000,14.3200,"Filtros estándar (Score ≥6.5, DD ≥10%)"
VRT,Vertiv,Industrials,Electrical Components & Equipment,2026-03-23,268.8300,2026-09-04,36.0900,48.2500,DOWN,0.5688,-0.3078,True,0.4897,12.7238,0.6650,4.7330,283.6000,256.7800,266.9400,-5.2100,4.6900,True,3.4838,NEUTRO,-25.0200,358.5400,379.8600,118.5700,-29.2300,126.7300,1.0540,True,249.9700,1,281.9900,False,-7.0200,HAMMER|DOJI|HAMMER,7.0500,8.5000,7.5000,7.5000,4,7.0000,7.0000,True,9.4700,14.2000,1.5000,63.6122,30.7519,22.6984,9.4081,38.7200,0.4394,0.1089,0.1509,0.3804,0.2410,0.5300,70.1660,1.3790,2696537600.0000,1732000000.0000,1.5569,108000731136.0000,2.0750,2.2100,0.0900,384988173.0000,7.0600,10.0000,7.0900,3.5800,0.0250,OK,0,7.0600,True,7-15d,XLI,,CAT|UNP|HON,pmi_manufacturing|supply_chain|capex_cycle,47,2026-10-21,False,2026-07-29,1.5200,1.4300,6.4000,ALCISTA FUERTE,10,773.1700,9.0000,46.9000,14.3200,"Filtros estándar (Score ≥6.5, DD ≥10%)"
RL,Ralph Lauren Corporation,Consumer Discretionary,"Apparel, Accessories & Luxury Goods",2007-02-02,344.2000,2026-09-04,15.3500,18.6300,DOWN,-3.6613,-3.8016,True,0.1755,9.5100,0.7540,2.7630,380.1100,364.8600,363.3800,-9.4500,-5.6600,True,1.2617,BAJISTA,-18.1600,420.5700,420.5700,296.7800,-18.1600,15.9800,1.2600,False,323.5500,1,389.9700,False,-6.0000,NONE,6.6200,7.0000,8.5000,5.0000,5,8.5000,5.0000,False,5.5300,8.2900,1.5000,22.1298,16.7922,7.6910,2.5045,13.5390,0.3754,0.1100,0.1176,0.7027,0.1400,0.2160,110.3730,2.0450,880087488.0000,982899968.0000,0.8954,20925284352.0000,1.3710,4.7600,,37700963.0000,7.3500,10.0000,6.0900,5.7200,0.0421,D/E:110,1,7.0600,False,3-7d,XLY,,AMZN|TSLA|HD,consumer_spending|employment_data|interest_rates,62,2026-11-05,False,2026-08-06,4.5900,4.3400,5.7000,ALCISTA FUERTE,10,773.1700,9.0000,46.9000,14.3200,"Filtros estándar (Score ≥6.5, DD ≥10%)"
AMGN,Amgen,Health Care,Biotechnology,1992-01-02,444.1200,2026-09-04,70.5000,70.2200,UP,-1.0828,-1.1907,True,0.7975,9.2750,0.9420,2.0880,393.5900,353.6900,426.6300,12.8400,25.5700,True,3.7766,ALCISTA,-0.6500,447.0300,447.0300,262.4900,-0.6500,69.2000,0.8200,True,353.7800,4,447.0300,False,-20.3400,HAMMER|HAMMER,7.2500,10.0000,7.0000,7.5000,6,5.0000,7.0000,False,4.1800,6.2700,1.5000,27.1234,17.9137,20.2234,6.2050,16.4130,0.9147,0.0867,0.2295,0.7189,0.0950,0.6490,490.2810,1.3710,8645624832.0000,8743000064.0000,0.9889,236380536832.0000,0.4260,4.5800,2.2700,540632005.0000,6.9300,8.4000,6.9100,5.2400,0.0366,D/E:490,1,7.0600,False,10-18d,XLV,,UNH|JNJ|LLY,fda_calendar|drug_pricing_policy|patent_cliffs,60,2026-11-03,False,2026-08-04,6.2900,5.6200,12.0000,ALCISTA FUERTE,10,773.1700,9.0000,46.9000,14.3200,"Filtros estándar (Score ≥6.5, DD ≥10%)"
CAT,Caterpillar Inc.,Industrials,Construction Machinery & Heavy Transportation Equipment,1957-03-04,800.1400,2026-09-04,35.5600,42.2300,DOWN,-1.0949,-1.3386,True,0.2599,25.3543,0.6580,3.1690,876.9800,769.7900,821.4800,-8.7600,3.9400,True,3.7184,NEUTRO,-25.3200,1071.4700,1071.4700,410.5900,-25.3200,94.8700,0.9600,True,801.0000,1,887.9100,True,0.1100,BULL_ENGULF|HAMMER,7.9700,8.5000,7.5000,7.5000,7,8.5000,9.5000,True,6.3400,9.5100,1.5000,35.0836,25.1392,19.2909,5.0067,25.0450,0.5697,0.0903,0.1451,0.2971,0.2400,0.6820,232.7830,1.3680,5048999936.0000,10844000256.0000,0.4656,374147776512.0000,1.5940,2.1200,0.8100,459674889.0000,6.4600,10.0000,5.7900,3.1200,0.0135,FCF/NI:0.47|D/E:233,2,7.0600,False,7-15d,XLI,,UNP|HON|RTX,pmi_manufacturing|supply_chain|capex_cycle,55,2026-10-29,False,2026-08-04,8.1700,6.2000,31.8000,ALCISTA FUERTE,10,773.1700,9.0000,46.9000,14.3200,"Filtros estándar (Score ≥6.5, DD ≥10%)"
AMCR,Amcor,Materials,Paper & Plastic Packaging Products & Materials,2019-06-07,45.8900,2026-09-04,49.1500,41.6700,UP,-0.2827,-0.2605,False,0.2279,1.0736,0.8920,2.3390,45.2900,42.1000,46.4500,1.3300,9.0100,True,1.6990,ALCISTA,-6.2300,48.9400,49.4600,35.6600,-7.2100,28.7000,0.9770,True,45.0800,3,48.0000,True,-1.7600,NONE,7.5200,10.0000,6.0000,7.5000,9,6.5000,5.0000,False,4.6800,7.0200,1.5000,18.9706,10.3634,1.7691,0.8881,9.9650,0.0940,0.0357,0.0471,0.1995,0.2590,,128.2940,1.2540,1504000000.0000,1106000000.0000,1.3599,20874909696.0000,0.5950,5.4500,5.6700,462345690.0000,6.7400,7.5000,4.8600,8.0500,0.0720,D/E:128,1,7.0500,False,10-18d,XLB,,LIN|APD|ECL,commodity_prices|dxy|china_demand|energy_costs,62,2026-11-05,False,2026-08-12,1.2300,1.1800,4.2000,ALCISTA FUERTE,10,773.1700,9.0000,46.9000,14.3200,"Filtros estándar (Score ≥6.5, DD ≥10%)"
LMT,Lockheed Martin,Industrials,Aerospace & Defense,1957-03-04,532.9500,2026-09-04,20.3100,42.0300,DOWN,-6.8073,-5.4473,False,0.0782,13.5506,0.9220,2.5430,551.3100,549.6600,560.3000,-3.3300,-3.0400,True,1.9822,BAJISTA,-12.4900,608.9800,683.2700,429.4700,-22.0000,24.0900,0.7810,True,506.9600,1,534.3800,False,-4.8800,NONE,6.8500,7.0000,7.5000,7.5000,5,8.0000,5.0000,False,5.0900,7.6300,1.5000,19.3616,16.0555,13.7789,1.5741,14.4370,0.8917,0.0864,0.0816,0.1180,0.1050,4.4380,234.2380,1.1930,5562625024.0000,6287000064.0000,0.8848,121229770752.0000,0.1040,2.0100,2.5900,230790753.0000,7.1700,7.8900,6.9800,6.5600,0.0459,D/E:234,1,7.0400,False,3-7d,XLI,,CAT|UNP|HON,pmi_manufacturing|supply_chain|capex_cycle,46,2026-10-20,False,2026-07-23,7.9400,7.2000,10.3000,ALCISTA FUERTE,10,773.1700,9.0000,46.9000,14.3200,"Filtros estándar (Score ≥6.5, DD ≥10%)"
DD,DuPont,Industrials,Industrial Conglomerates,2019-06-03,131.1300,2026-09-04,18.9800,41.3200,DOWN,-0.9262,-0.6981,False,0.0597,3.0276,0.7610,2.3090,137.8700,135.4700,136.8100,-4.8900,-3.2000,True,2.2979,BAJISTA,-11.8500,148.7700,156.0400,90.8900,-15.9600,44.2800,1.3990,True,133.1000,7,142.6200,True,1.5000,HAMMER|DOJI,8.1000,7.0000,7.5000,7.5000,10,10.0000,7.0000,False,4.6200,6.9300,1.5000,56.4764,16.5215,1.2906,2.5430,12.1660,0.0179,0.0207,0.0079,0.3513,0.0400,1.4960,22.9020,2.4270,1835250048.0000,306000000.0000,5.9975,17770305536.0000,1.0850,2.3300,1.8300,135042975.0000,6.3200,5.7900,5.9100,7.4100,0.1033,OK,0,7.0300,False,3-7d,XLI,,CAT|UNP|HON,pmi_manufacturing|supply_chain|capex_cycle,62,2026-11-05,False,2026-08-04,1.8800,1.7600,6.8000,ALCISTA FUERTE,10,773.1700,9.0000,46.9000,14.3200,"Filtros estándar (Score ≥6.5, DD ≥10%)"
OMC,Omnicom Group,Communication Services,Advertising,1997-12-31,84.7300,2026-09-04,41.7600,59.9400,DOWN,-0.6902,-0.1266,False,0.2265,2.2857,0.8750,2.6980,82.5200,77.0400,85.6600,2.6800,9.9800,True,1.7536,ALCISTA,-5.4000,89.5700,89.5700,64.9800,-5.4000,30.3900,1.4860,True,72.7200,3,85.1800,False,-14.1800,NONE,7.2800,10.0000,5.0000,9.5000,6,6.5000,5.0000,False,5.4000,8.0900,1.5000,223.2973,6.8595,2.3460,1.0132,8.7720,0.0605,0.0509,0.0174,0.1896,0.6340,0.5880,107.7440,0.9240,4260624896.0000,390200000.0000,10.9191,22666463232.0000,0.6600,8.3500,3.7800,274345967.0000,6.8400,10.0000,4.4900,5.9100,0.1880,D/E:108,1,7.0200,False,10-18d,XLC,,GOOGL|META|NFLX,ad_spending_cycle|streaming_competition|regulation,46,2026-10-20,False,2026-07-28,2.6500,2.6600,-39.0000,ALCISTA FUERTE,10,773.1700,9.0000,46.9000,14.3200,"Filtros estándar (Score ≥6.5, DD ≥10%)"
SMCI,Supermicro,Information Technology,"Technology Hardware, Storage & Peripherals",2024-03-18,37.8700,2026-09-04,43.3800,68.0600,DOWN,-0.1930,-0.0461,False,0.6277,2.1671,0.7920,5.7230,31.5500,31.3400,35.9700,20.0400,20.8300,True,-3.0021,ALCISTA,-10.4900,42.3100,58.7800,19.4800,-35.5700,94.4000,0.6400,True,34.0900,1,39.4700,False,-9.9800,HAMMER|HAMMER|BULL_ENGULF,7.0000,9.5000,5.0000,7.5000,4,7.0000,9.5000,False,11.4500,17.1700,1.5000,12.1442,7.4335,2.3688,0.6658,10.9130,0.2147,0.0788,0.0571,0.1082,0.9320,4.3470,63.9510,3.8720,-8248783872.0000,2195842048.0000,-3.7565,26009260032.0000,1.9960,1.6100,,656965384.0000,7.0300,10.0000,4.9500,6.0000,-0.3171,FCF/NI:-3.76,1,7.0200,False,10-18d,XLK,,AAPL|MSFT|NVDA,interest_rates|ai_capex_cycle|semiconductor_cycle,60,2026-11-03,False,2026-08-11,1.7000,0.9600,77.5000,ALCISTA FUERTE,10,773.1700,9.0000,46.9000,14.3200,"Filtros estándar (Score ≥6.5, DD ≥10%)"
COST,Costco,Consumer Staples,Consumer Staples Merchandise Retail,1993-10-01,925.4100,2026-09-04,38.0100,45.6000,DOWN,-3.1523,-1.3753,False,0.0187,17.8871,0.9340,1.9330,943.5100,957.8600,945.0200,-1.9200,-3.3900,False,0.2811,BAJISTA,-6.8800,993.8000,1094.7600,840.3500,-15.4700,10.1200,1.2450,True,923.3800,5,1031.1600,True,-0.2200,HAMMER,7.3000,5.5000,6.5000,7.5000,10,8.0000,7.0000,False,3.8700,5.8000,1.5000,46.0171,40.4690,24.5652,1.3833,29.6410,0.2915,0.0867,0.0301,0.1288,0.2150,0.4550,60.2570,1.0720,6954375168.0000,8837999616.0000,0.7869,406111289344.0000,0.8550,3.8200,0.6400,443478804.0000,6.8400,10.0000,6.9800,2.9800,0.0171,OK,0,7.0200,False,3-7d,XLP,,PG|KO|PEP,inflation|input_costs|fx_rates,20,2026-09-24,False,2026-05-28,4.9300,4.9700,-85.0000,ALCISTA FUERTE,10,773.1700,9.0000,46.9000,14.3200,"Filtros estándar (Score ≥6.5, DD ≥10%)"
PSA,Public Storage,Real Estate,Self-Storage REITs,2005-08-19,305.7300,2026-09-04,26.3100,26.4400,DOWN,-2.4155,-2.0853,False,0.1213,6.0486,0.8510,1.9780,320.8100,294.2900,315.6600,-4.7000,3.8900,True,1.3923,NEUTRO,-8.8900,335.5500,335.5500,251.6200,-8.8900,21.5100,1.0870,True,309.3700,6,330.7800,True,1.1900,HAMMER|DOJI,7.9500,8.5000,7.5000,7.5000,9,8.0000,7.0000,False,3.9600,5.9400,1.5000,28.7903,29.8530,10.9579,11.4855,19.8040,0.2193,0.0698,0.4163,0.7442,0.0330,0.4510,109.6320,0.2200,2334240256.0000,1845432960.0000,1.2649,56399085568.0000,0.9350,4.4000,3.9300,186745748.0000,6.4000,6.3700,7.1000,5.6200,0.0414,D/E:110,1,7.0200,False,7-15d,XLRE,,PLD|AMT|EQIX,interest_rates|cap_rates|occupancy_trends,54,2026-10-28,False,2026-07-29,2.4500,2.5300,-2.9000,ALCISTA FUERTE,10,773.1700,9.0000,46.9000,14.3200,"Filtros estándar (Score ≥6.5, DD ≥10%)"
O,Realty Income,Real Estate,Retail REITs,2015-04-07,61.7400,2026-09-04,42.8200,43.9700,DOWN,-0.0695,-0.1105,True,0.3389,0.7049,0.6680,1.1420,62.8600,60.5100,62.1300,-1.7800,2.0300,True,1.0977,NEUTRO,-7.2600,66.5800,66.5800,53.5400,-7.2600,15.3200,0.7380,True,61.5600,4,63.6600,True,-0.2800,HAMMER|HAMMER|DOJI|HAMMER|DOJI,7.5000,8.5000,6.0000,7.5000,9,7.0000,7.0000,False,2.2800,3.4300,1.5000,44.7080,39.2991,1.4654,9.5550,17.0910,0.0323,0.0236,0.2090,0.9268,0.0960,0.6920,74.7220,1.5280,1582081920.0000,1267576960.0000,1.2481,57955856384.0000,0.7120,7.2400,5.2700,946218033.0000,6.6900,9.9300,5.1300,4.7100,0.0273,OK,0,7.0100,False,7-15d,XLRE,,PLD|AMT|EQIX,interest_rates|cap_rates|occupancy_trends,59,2026-11-02,False,2026-08-05,0.3700,0.4200,-12.7000,ALCISTA FUERTE,10,773.1700,9.0000,46.9000,14.3200,"Filtros estándar (Score ≥6.5, DD ≥10%)"
APP,AppLovin,Communication Services,Advertising,2025-09-22,313.5800,2026-09-04,48.6100,32.4800,UP,6.0489,5.1238,True,0.4849,13.3206,0.4900,4.2480,396.0900,487.1400,327.4500,-20.8300,-35.6300,False,-5.6290,BAJISTA,-45.6000,576.4600,745.6100,297.5000,-57.9400,5.4100,0.8130,True,303.1700,1,437.7900,True,-3.3200,NONE,6.5000,5.0000,7.0000,7.5000,7,7.0000,5.0000,False,8.5000,12.7400,1.5000,24.6395,15.2817,33.9792,15.7690,19.4650,2.0369,0.4646,0.6458,0.8846,0.5280,0.5700,111.1300,4.3000,3179956224.0000,4409847808.0000,0.7211,107688771584.0000,2.5290,1.5900,,305732000.0000,7.3300,10.0000,7.2400,4.3100,0.0295,FCF/NI:0.72|D/E:111,2,7.0000,False,3-7d,XLC,,GOOGL|META|NFLX,ad_spending_cycle|streaming_competition|regulation,61,2026-11-04,False,2026-08-05,3.7600,3.7400,43.0000,ALCISTA FUERTE,10,773.1700,9.0000,46.9000,14.3200,"Filtros estándar (Score ≥6.5, DD ≥10%)"
RTX,RTX Corporation,Industrials,Aerospace & Defense,1957-03-04,202.1300,2026-09-04,21.8100,34.1700,DOWN,-2.4578,-2.1173,False,0.0940,4.4000,0.9040,2.1770,206.9100,191.6700,210.5600,-2.3100,5.4600,True,2.1903,NEUTRO,-10.7200,226.4100,226.4100,148.4100,-10.7200,36.2000,0.8990,True,191.6200,3,203.5500,False,-5.2000,HAMMER|DOJI,7.5000,8.5000,7.5000,7.5000,6,8.0000,7.0000,False,4.3500,6.5300,1.5000,35.3504,25.5593,4.0770,2.8943,19.1720,0.1227,0.0421,0.0828,0.2035,0.1450,0.2870,57.0200,1.0110,9880000512.0000,7737999872.0000,1.2768,270616330240.0000,0.2870,2.6000,1.4400,1347758144.0000,6.6500,9.1800,5.1200,5.4800,0.0365,OK,0,6.9900,False,7-15d,XLI,,CAT|UNP|HON,pmi_manufacturing|supply_chain|capex_cycle,46,2026-10-20,False,2026-07-23,1.8900,1.6600,13.7000,ALCISTA FUERTE,10,773.1700,9.0000,46.9000,14.3200,"Filtros estándar (Score ≥6.5, DD ≥10%)"
STX,Seagate Technology,Information Technology,"Technology Hardware, Storage & Peripherals",2012-07-02,798.6100,2026-09-04,25.5800,53.4900,DOWN,-6.2495,-4.5968,False,0.2649,48.4450,0.6520,6.0660,857.0500,589.8600,839.5600,-6.8200,35.3900,True,11.2952,NEUTRO,-30.2000,1144.1801,1144.1801,174.3800,-30.2000,357.9700,0.7820,True,801.3200,1,840.7100,True,0.3400,HAMMER|DOJI|HAMMER|DOJI,7.7200,8.5000,7.5000,7.5000,7,8.5000,7.0000,False,12.1300,18.2000,1.5000,61.0993,15.3379,88.8833,15.7839,40.6920,3.7153,0.2935,0.2611,0.4558,0.4850,1.4880,179.8800,1.6700,1943750016.0000,3184000000.0000,0.6105,192484655104.0000,2.0870,1.4800,0.3700,226644518.0000,6.4700,10.0000,6.3500,2.4900,0.0101,FCF/NI:0.61|D/E:180,2,6.9700,False,7-15d,XLK,,AAPL|MSFT|NVDA,interest_rates|ai_capex_cycle|semiconductor_cycle,53,2026-10-27,False,2026-07-28,5.7100,5.0900,12.1000,ALCISTA FUERTE,10,773.1700,9.0000,46.9000,14.3200,"Filtros estándar (Score ≥6.5, DD ≥10%)"
NEM,Newmont,Materials,Gold,1969-06-30,130.4300,2026-09-04,63.4700,72.7200,DOWN,-0.7507,0.1202,False,0.7390,4.9306,1.1820,3.7800,106.2800,107.8200,122.0700,22.7200,20.9700,False,3.8207,ALCISTA,-3.3900,135.0100,135.0100,72.7600,-3.3900,79.2700,0.9230,False,106.4000,1,135.0100,False,-18.4200,HAMMER|DOJI,5.7500,8.5000,5.0000,5.0000,4,5.0000,7.0000,False,7.5600,11.3400,1.5000,16.1526,12.7015,3.8489,5.2380,7.8670,0.2591,0.1575,0.3336,0.6804,0.1510,0.1140,15.8070,2.5460,8815875072.0000,8597000192.0000,1.0255,134967443456.0000,0.5430,2.4800,0.8000,1053692271.0000,7.7800,6.7700,8.6300,7.9700,0.0653,OK,0,6.9700,False,10-18d,XLB,Gold Miner,LIN|APD|ECL,gold_price|real_yields|commodity_prices|dxy|china_demand|energy_costs,48,2026-10-22,False,2026-07-23,2.1000,1.9900,5.7000,ALCISTA FUERTE,10,773.1700,9.0000,46.9000,14.3200,"Filtros estándar (Score ≥6.5, DD ≥10%)"
MS,Morgan Stanley,Financials,Investment Banking & Brokerage,1993-07-29,217.1500,2026-09-04,49.7000,47.5700,UP,-0.0713,-0.1732,True,0.7004,4.6429,0.7710,2.1380,215.0600,188.9800,214.3700,0.9700,14.9100,True,2.9553,ALCISTA,-5.9900,230.9800,230.9800,143.0500,-5.9900,51.8000,0.9940,True,205.1400,5,217.9600,False,-5.5300,HAMMER|DOJI,7.5500,10.0000,7.0000,7.5000,6,7.0000,7.0000,False,4.2800,6.4100,1.5000,17.5864,15.9591,3.2112,4.3936,,0.1797,0.0135,0.2590,0.8764,0.2800,0.6240,517.2820,1.9990,,19547000832.0000,,341943681024.0000,1.2070,0.0000,2.1200,1570566292.0000,6.5900,10.0000,4.7500,4.7500,,D/E:517,1,6.9700,False,10-18d,XLF,,JPM|BAC|WFC,interest_rates|yield_curve|credit_spreads|loan_growth,40,2026-10-14,False,2026-07-15,3.4600,2.9300,17.9000,ALCISTA FUERTE,10,773.1700,9.0000,46.9000,14.3200,"Filtros estándar (Score ≥6.5, DD ≥10%)"
NFLX,Netflix,Communication Services,Movies & Entertainment,2010-12-20,82.6700,2026-09-04,63.4500,64.0100,DOWN,0.2476,0.3546,False,0.8208,2.2293,0.9240,2.6970,75.2900,87.0400,79.3500,9.8000,-5.0200,False,-3.6855,BAJISTA,-1.1100,83.6000,126.7100,65.0800,-34.7600,27.0300,0.8800,True,70.8600,1,82.4600,False,-14.2900,HAMMER,6.0000,6.5000,5.0000,7.5000,5,5.0000,7.0000,False,5.3900,8.0900,1.5000,24.6069,20.4794,10.8065,6.7361,23.8850,0.4954,0.1608,0.2822,0.4912,0.1340,0.1110,55.2360,1.1420,25387552768.0000,13649642496.0000,1.8599,325828280320.0000,1.5260,2.0600,,4163939676.0000,7.6000,8.4800,7.7200,6.4200,0.0779,OK,0,6.9600,False,3-7d,XLC,,GOOGL|META|DIS,ad_spending_cycle|streaming_competition|regulation,46,2026-10-20,False,2026-07-16,0.8000,0.7900,1.4000,ALCISTA FUERTE,10,773.1700,9.0000,46.9000,14.3200,"Filtros estándar (Score ≥6.5, DD ≥10%)"
HST,Host Hotels & Resorts,Real Estate,Hotel & Resort REITs,2007-03-20,21.9900,2026-09-04,33.5700,35.1100,DOWN,-0.0879,-0.1085,True,0.1645,0.4136,0.7570,1.8810,23.5000,20.2000,22.7200,-6.4400,8.8600,True,3.5235,NEUTRO,-14.4700,25.7100,25.7100,14.5900,-14.4700,50.7100,0.7130,True,22.2800,1,21.5600,True,1.3200,NONE,7.5200,8.5000,7.5000,7.5000,7,8.5000,5.0000,True,3.7600,5.6400,1.5000,14.7987,20.9858,2.3644,2.4573,11.2020,0.1556,0.0433,0.1647,0.2919,0.0360,0.0840,85.2980,1.6710,1692375040.0000,1027000000.0000,1.6479,15318718464.0000,1.1010,4.3900,3.6400,685124399.0000,6.5600,4.0400,7.5700,8.3100,0.1105,D/E:85,1,6.9400,True,7-15d,XLRE,,PLD|AMT|EQIX,interest_rates|cap_rates|occupancy_trends,61,2026-11-04,False,2026-08-05,0.3500,0.3400,4.4000,ALCISTA FUERTE,10,773.1700,9.0000,46.9000,14.3200,"Filtros estándar (Score ≥6.5, DD ≥10%)"
TRV,Travelers Companies (The),Financials,Property & Casualty Insurance,2002-08-21,374.3400,2026-09-04,54.3000,32.9800,UP,-0.8579,-1.5588,True,0.7322,6.4536,0.8100,1.7240,362.1200,310.6500,368.7200,3.3700,20.5000,True,3.2556,ALCISTA,-6.1100,398.7000,398.7000,249.3100,-6.1100,50.1500,1.0400,True,371.6200,2,398.7000,True,-0.7300,HAMMER|DOJI,7.4000,10.0000,7.0000,7.5000,7,5.0000,7.0000,False,3.4500,5.1700,1.5000,9.9261,12.2266,2.3262,1.5729,7.1500,0.2651,0.0478,0.1695,0.3473,0.0030,0.5710,27.3780,0.3230,14775124992.0000,8242999808.0000,1.7924,77037182976.0000,0.4510,2.7400,1.3400,208575022.0000,6.6300,5.0000,7.3200,7.7300,0.1918,OK,0,6.9400,False,10-18d,XLF,,JPM|BAC|WFC,interest_rates|yield_curve|credit_spreads|loan_growth,41,2026-10-15,False,2026-07-17,10.0400,5.3900,86.1000,ALCISTA FUERTE,10,773.1700,9.0000,46.9000,14.3200,"Filtros estándar (Score ≥6.5, DD ≥10%)"
CHRW,C.H. Robinson,Industrials,Air Freight & Logistics,2007-03-02,146.6900,2026-09-04,46.2500,53.3300,DOWN,1.6487,2.1511,False,0.4906,4.0143,0.6510,2.7370,168.8500,172.0900,150.3900,-13.1200,-14.7600,False,0.3533,BAJISTA,-30.2600,210.3300,210.3300,122.3100,-30.2600,19.9300,0.6130,True,142.5300,3,153.2500,True,-2.8400,HAMMER|DOJI,6.7000,5.5000,5.0000,7.5000,9,7.0000,7.0000,False,5.4700,8.2100,1.5000,28.1756,19.6874,10.6231,1.0150,20.3280,0.3712,0.0996,0.0373,0.0845,0.1930,0.2380,121.1880,1.5820,480618368.0000,633326976.0000,0.7589,17251919872.0000,0.9460,1.9500,1.7200,116851258.0000,7.0900,9.9100,6.3900,4.6200,0.0279,D/E:121,1,6.9300,False,3-7d,XLI,,CAT|UNP|HON,pmi_manufacturing|supply_chain|capex_cycle,54,2026-10-28,False,2026-07-29,1.6100,1.5200,5.6000,ALCISTA FUERTE,10,773.1700,9.0000,46.9000,14.3200,"Filtros estándar (Score ≥6.5, DD ≥10%)"
NTAP,NetApp,Information Technology,"Technology Hardware, Storage & Peripherals",1999-06-25,185.3800,2026-09-04,26.3700,51.1300,DOWN,-2.5952,-2.5896,False,0.2486,8.3550,1.0880,4.5070,177.9800,129.6100,187.9200,4.1600,43.0300,True,6.6005,ALCISTA,-11.3300,209.0600,209.0600,92.9300,-11.3300,99.4800,2.4310,False,156.2600,1,192.2500,False,-15.7100,HAMMER,7.1700,10.0000,7.5000,7.0000,4,6.5000,7.0000,False,9.0100,13.5200,1.5000,26.2133,17.1889,26.9244,4.9321,16.8830,1.1482,0.1166,0.1918,0.7063,0.2990,0.6350,169.4980,1.2420,1171374976.0000,1418000000.0000,0.8261,36453404672.0000,1.4320,4.3500,1.1200,196419005.0000,6.7700,7.8100,6.9800,5.3200,0.0321,D/E:169,1,6.9300,False,10-18d,XLK,,AAPL|MSFT|NVDA,interest_rates|ai_capex_cycle|semiconductor_cycle,88,2026-12-01,False,2026-05-28,2.4300,2.2700,7.2000,ALCISTA FUERTE,10,773.1700,9.0000,46.9000,14.3200,"Filtros estándar (Score ≥6.5, DD ≥10%)"
GS,Goldman Sachs,Financials,Investment Banking & Brokerage,2002-07-22,1037.9301,2026-09-04,50.8500,50.3900,UP,-0.5499,0.1543,False,0.6591,24.7884,0.7540,2.3880,1039.4400,937.8100,1028.7000,-0.1500,10.6800,True,2.8226,NEUTRO,-9.6200,1148.3700,1148.3700,713.1200,-9.6200,45.5500,0.9240,True,996.6900,3,1065.1500,True,-3.9700,HAMMER|DOJI,7.5000,8.5000,6.0000,7.5000,9,7.0000,7.0000,False,4.7800,7.1600,1.5000,16.0354,14.0291,2.8687,4.4756,,0.1690,0.0107,0.3104,0.8208,0.4250,0.9230,725.3810,1.5630,,19982000128.0000,,302413512704.0000,1.2830,3.0500,1.9300,291171408.0000,6.5400,10.0000,4.4900,4.9000,,D/E:725,1,6.9200,False,7-15d,XLF,,JPM|BAC|WFC,interest_rates|yield_curve|credit_spreads|loan_growth,39,2026-10-13,False,2026-07-14,20.9800,14.5400,44.3000,ALCISTA FUERTE,10,773.1700,9.0000,46.9000,14.3200,"Filtros estándar (Score ≥6.5, DD ≥10%)"
WSM,"Williams-Sonoma, Inc.",Consumer Discretionary,Homefurnishing Retail,2025-03-24,222.7600,2026-09-04,23.9600,26.6200,DOWN,-2.7718,-2.0050,False,0.0742,8.5679,1.1690,3.8460,232.8000,203.0900,233.3300,-4.3100,9.6900,True,2.3962,NEUTRO,-12.6100,254.8900,254.8900,164.9600,-12.6100,35.0400,1.0670,False,214.6300,2,233.7400,True,-3.6500,HAMMER|DOJI|HAMMER,7.1500,8.5000,7.5000,5.0000,7,8.0000,7.0000,False,7.6900,11.5400,1.5000,23.3012,21.6300,14.3212,3.3460,16.1090,0.5496,0.1664,0.1473,0.4569,0.0670,0.4200,71.3690,1.4470,1069320128.0000,1179083008.0000,0.9069,26785339392.0000,1.4630,6.0300,1.3600,117779173.0000,6.7500,7.5900,7.1000,5.3500,0.0399,OK,0,6.9100,False,7-15d,XLY,,AMZN|TSLA|HD,consumer_spending|employment_data|interest_rates,75,2026-11-18,False,2026-08-26,2.8400,2.0600,37.9000,ALCISTA FUERTE,10,773.1700,9.0000,46.9000,14.3200,"Filtros estándar (Score ≥6.5, DD ≥10%)"
NVDA,Nvidia,Information Technology,Semiconductors,2001-11-30,228.4500,2026-09-04,52.3200,53.5000,DOWN,0.4689,-0.2849,True,0.8794,7.3871,1.0220,3.2340,209.8700,196.3100,218.1400,8.8500,16.3700,True,1.4016,ALCISTA,-0.8800,230.4700,236.2600,163.8500,-3.3100,39.4200,1.0570,False,207.8900,2,230.1300,False,-9.0000,HAMMER,6.2500,10.0000,6.0000,5.0000,4,5.0000,7.0000,False,6.4700,9.7000,1.5000,29.1595,14.9022,24.2919,18.3599,27.2380,1.1721,0.5357,0.6366,0.7467,1.0590,1.2780,16.9710,4.5890,41809874944.0000,192880001024.0000,0.2168,5562502742016.0000,2.2170,2.3500,0.4400,24147000000.0000,7.3500,10.0000,8.2500,3.1900,0.0075,FCF/NI:0.22,1,6.9100,False,10-18d,XLK,,AAPL|MSFT|AVGO,interest_rates|ai_capex_cycle|semiconductor_cycle,74,2026-11-17,False,2026-08-26,2.2200,2.0900,6.2000,ALCISTA FUERTE,10,773.1700,9.0000,46.9000,14.3200,"Filtros estándar (Score ≥6.5, DD ≥10%)"
CBOE,Cboe Global Markets,Financials,Financial Exchanges & Data,2017-03-01,298.5000,2026-09-04,51.8400,70.7800,DOWN,-0.7287,0.9246,False,0.5410,11.1894,0.9450,3.7490,282.4500,283.6900,298.1000,5.6800,5.2200,False,1.8706,ALCISTA,-5.7900,316.8600,369.3800,226.5200,-19.1900,31.7800,1.1520,True,292.2500,1,307.9700,True,-2.0900,HAMMER,6.7000,8.5000,5.0000,7.5000,7,5.0000,7.0000,False,7.5000,11.2500,1.5000,23.2383,19.5844,5.5454,6.1565,15.7450,0.2630,0.1158,0.2673,0.5408,0.2290,0.5020,28.0900,1.5650,678249984.0000,1347399936.0000,0.5034,31160127488.0000,0.4080,2.8700,1.1500,104431019.0000,7.0100,10.0000,6.8800,3.6900,0.0218,FCF/NI:0.50,1,6.8900,False,10-18d,XLF,,JPM|BAC|WFC,interest_rates|yield_curve|credit_spreads|loan_growth,56,2026-10-30,False,2026-07-31,3.5600,3.4900,2.0000,ALCISTA FUERTE,10,773.1700,9.0000,46.9000,14.3200,"Filtros estándar (Score ≥6.5, DD ≥10%)"
VEEV,Veeva Systems,Health Care,Health Care Technology,2026-05-07,284.3800,2026-09-04,72.9400,77.6100,DOWN,1.8333,2.6221,False,0.8931,11.4507,1.3640,4.0270,217.6600,198.6300,255.3400,30.6500,43.1700,True,-1.8418,ALCISTA,-4.0000,296.2400,310.5000,148.0500,-8.4100,92.0800,0.7470,False,238.9300,1,296.2400,False,-15.9800,HAMMER|DOJI,5.9500,9.5000,5.0000,5.0000,4,5.0000,7.0000,False,8.0500,12.0800,1.5000,45.0229,26.8616,6.1366,12.8798,36.2230,0.1442,0.0758,0.2934,0.7496,0.1760,0.3950,2.0410,5.4580,1257709824.0000,1014771968.0000,1.2394,44539502592.0000,0.9740,3.5000,,161908850.0000,7.4900,10.0000,7.7900,4.2200,0.0282,OK,0,6.8700,False,10-18d,XLV,,UNH|JNJ|LLY,fda_calendar|drug_pricing_policy|patent_cliffs,82,2026-11-25,False,2026-08-26,2.3500,2.2200,5.8000,ALCISTA FUERTE,10,773.1700,9.0000,46.9000,14.3200,"Filtros estándar (Score ≥6.5, DD ≥10%)"
PEP,PepsiCo,Consumer Staples,Soft Drinks & Non-alcoholic Beverages,1957-03-04,140.0200,2026-09-04,47.9500,51.8200,DOWN,-0.1903,-0.0264,False,0.4180,2.3079,0.7540,1.6480,139.6800,147.1600,140.6000,0.2400,-4.8500,False,-0.1546,BAJISTA,-6.0500,149.0400,168.1900,133.4000,-16.7500,4.9600,1.5880,True,139.2600,1,141.9600,True,-0.5400,HAMMER|HAMMER,6.7500,6.5000,5.0000,7.5000,8,7.0000,7.0000,False,3.3000,4.9400,1.5000,18.0380,15.3342,8.5078,1.9401,12.3810,0.5151,0.0893,0.1079,0.5417,0.0640,1.3700,238.9490,0.9340,7831875072.0000,10451000320.0000,0.7494,188002582528.0000,0.3610,3.1800,4.2300,1366000000.0000,6.9300,8.3800,6.2300,6.0500,0.0417,FCF/NI:0.75|D/E:239,2,6.8600,False,3-7d,XLP,,PG|KO|WMT,inflation|input_costs|fx_rates,34,2026-10-08,False,2026-07-09,2.2000,2.2100,-37.0000,ALCISTA FUERTE,10,773.1700,9.0000,46.9000,14.3200,"Filtros estándar (Score ≥6.5, DD ≥10%)"
NTRS,Northern Trust,Financials,Asset Management & Custody Banks,1998-01-30,187.4500,2026-09-04,42.0700,51.6500,DOWN,-0.4930,-0.5063,True,0.5307,3.4586,0.8660,1.8450,183.6100,157.3500,185.7400,2.0900,19.1300,True,4.0418,ALCISTA,-4.2500,195.7800,195.7800,119.1700,-4.2500,57.3000,0.6830,True,182.4100,1,188.7500,True,-2.6900,NONE,7.0000,10.0000,6.0000,7.5000,7,5.0000,5.0000,False,3.6900,5.5400,1.5000,16.0335,14.7297,2.7280,3.7582,,0.1707,0.0128,0.2467,0.0000,0.3640,0.9860,,,,2181299968.0000,,34145013760.0000,1.2570,3.0900,1.7500,182955653.0000,6.7600,10.0000,5.0900,4.9200,,OK,0,6.8600,False,10-18d,XLF,,JPM|BAC|WFC,interest_rates|yield_curve|credit_spreads|loan_growth,47,2026-10-21,False,2026-07-22,4.2300,4.6200,-8.3000,ALCISTA FUERTE,10,773.1700,9.0000,46.9000,14.3200,"Filtros estándar (Score ≥6.5, DD ≥10%)"
SYK,Stryker Corporation,Health Care,Health Care Equipment,2000-12-12,307.9900,2026-09-04,29.0900,36.2400,DOWN,-3.1118,-1.9199,False,-0.0245,9.9886,0.9810,3.2430,329.1200,337.4700,326.4200,-6.4200,-8.7300,False,-1.0235,BAJISTA,-12.6200,352.4900,392.8600,280.2500,-21.6000,9.9000,1.2030,True,306.9700,3,318.1800,True,-0.3300,NONE,7.0500,5.0000,7.5000,7.5000,9,8.0000,5.0000,False,6.4900,9.7300,1.5000,31.4450,18.0920,4.8471,4.5002,17.6390,0.1651,0.0816,0.1443,0.6559,0.0940,0.4410,64.3910,2.1570,4107624960.0000,3728999936.0000,1.1015,116272504832.0000,0.7680,2.9100,1.1400,383573046.0000,6.7100,8.3600,6.3600,5.2000,0.0353,OK,0,6.8500,False,3-7d,XLV,,UNH|JNJ|LLY,fda_calendar|drug_pricing_policy|patent_cliffs,55,2026-10-29,False,2026-07-30,3.6900,3.4900,5.8000,ALCISTA FUERTE,10,773.1700,9.0000,46.9000,14.3200,"Filtros estándar (Score ≥6.5, DD ≥10%)"
APH,Amphenol,Information Technology,Electronic Components,2008-09-30,158.5500,2026-09-04,39.6800,43.3600,DOWN,-0.7424,-1.4445,True,0.2831,5.3979,0.7850,3.4050,161.1400,144.9500,160.7300,-1.6000,9.3800,True,2.1238,NEUTRO,-11.1900,178.5200,178.5200,105.0900,-11.1900,50.8700,0.9600,True,154.8800,4,177.4200,True,-2.3200,NONE,7.8200,8.5000,7.5000,7.5000,9,8.5000,5.0000,True,6.8100,10.2100,1.5000,41.3900,25.5572,13.1731,7.0362,22.8140,0.3811,0.1447,0.1773,0.3895,0.5500,0.5930,120.4150,1.8880,3818374912.0000,5143399936.0000,0.7424,204132728832.0000,1.2420,2.2400,1.2200,2465966914.0000,6.1800,8.6600,5.7600,3.7800,0.0187,FCF/NI:0.74|D/E:120,2,6.8400,False,7-15d,XLK,,AAPL|MSFT|NVDA,interest_rates|ai_capex_cycle|semiconductor_cycle,54,2026-10-28,False,2026-07-29,1.3500,1.1900,13.2000,ALCISTA FUERTE,10,773.1700,9.0000,46.9000,14.3200,"Filtros estándar (Score ≥6.5, DD ≥10%)"
PRU,Prudential Financial,Financials,Life & Health Insurance,2002-07-22,123.2000,2026-09-04,48.5400,52.0300,DOWN,-0.3158,-0.7231,True,0.8329,2.3677,1.0200,1.9220,117.6600,105.3800,120.0800,4.7100,16.9100,True,2.1169,ALCISTA,-2.4300,126.2600,126.2600,89.6200,-2.4300,37.4700,0.9890,True,116.2900,1,124.7700,False,-5.6100,NONE,6.5500,10.0000,6.0000,7.5000,4,5.0000,5.0000,False,3.8400,5.7700,1.5000,11.0626,8.2142,1.3340,0.6454,12.1140,0.1201,0.0043,0.0601,0.2902,0.1410,0.8920,163.8910,0.7770,7527750144.0000,3872000000.0000,1.9442,42096898048.0000,0.8190,6.6500,4.5500,345000000.0000,6.9800,8.4500,4.7300,7.8800,0.1788,D/E:164,1,6.8100,False,10-18d,XLF,,JPM|BAC|WFC,interest_rates|yield_curve|credit_spreads|loan_growth,54,2026-10-28,False,2026-08-04,4.0800,3.5200,16.0000,ALCISTA FUERTE,10,773.1700,9.0000,46.9000,14.3200,"Filtros estándar (Score ≥6.5, DD ≥10%)"
C,Citigroup,Financials,Diversified Banks,1988-05-31,138.1400,2026-09-04,47.3500,43.8200,UP,0.2504,-0.3315,True,0.8073,2.8100,0.8070,2.0340,135.0700,121.9900,134.1100,2.2700,13.2400,True,3.0585,ALCISTA,-6.1600,147.2100,147.2100,91.7200,-6.1600,50.6100,1.4860,True,130.4500,2,140.0700,False,-5.5700,BULL_ENGULF|HAMMER,7.6000,10.0000,7.0000,9.5000,4,5.0000,9.5000,False,4.0700,6.1000,1.5000,14.8405,10.6898,1.2003,2.8272,,0.0853,0.0066,0.2183,0.0000,0.1550,0.6100,,,,16460000256.0000,,231016595456.0000,1.0970,0.0500,1.9400,1677436783.0000,6.2400,8.8500,4.2600,5.5200,,OK,0,6.7800,False,10-18d,XLF,,JPM|BAC|WFC,interest_rates|yield_curve|credit_spreads|loan_growth,39,2026-10-13,False,2026-07-14,3.1400,2.7100,15.6000,ALCISTA FUERTE,10,773.1700,9.0000,46.9000,14.3200,"Filtros estándar (Score ≥6.5, DD ≥10%)"
EBAY,eBay Inc.,Consumer Discretionary,Broadline Retail,2002-07-22,105.8600,2026-09-04,56.3800,32.3400,UP,0.4805,0.1743,True,0.6269,3.0711,0.9490,2.9010,109.1200,97.9800,105.5800,-2.9900,8.0500,True,1.7378,NEUTRO,-10.1100,117.7700,118.6200,77.3200,-10.7600,36.9100,0.7960,False,105.9800,5,110.7400,True,0.1200,NONE,6.7000,8.5000,7.0000,5.0000,9,5.0000,5.0000,False,5.8000,8.7000,1.5000,21.7248,15.3589,9.8645,3.8322,16.4530,0.4661,0.0915,0.1857,0.7205,0.1480,0.5500,153.0120,1.0190,1579624960.0000,2193999872.0000,0.7200,46017449984.0000,1.3390,3.6400,1.1700,445000000.0000,6.8300,10.0000,5.1900,5.0600,0.0343,FCF/NI:0.72|D/E:153,2,6.7800,False,7-15d,XLY,,AMZN|TSLA|HD,consumer_spending|employment_data|interest_rates,61,2026-11-04,False,2026-08-05,1.6000,1.5100,6.2000,ALCISTA FUERTE,10,773.1700,9.0000,46.9000,14.3200,"Filtros estándar (Score ≥6.5, DD ≥10%)"
ED,Consolidated Edison,Utilities,Multi-Utilities,1957-03-04,108.7500,2026-09-04,54.0700,48.1900,UP,0.1647,0.0201,True,0.9164,1.5803,0.7550,1.4530,109.1200,105.6600,107.8100,-0.3400,2.9200,True,1.0914,NEUTRO,-4.8700,114.3200,114.3300,92.2000,-4.8800,17.9500,0.8120,True,105.5900,5,109.1800,True,-2.9000,HAMMER|DOJI,7.7000,8.5000,7.0000,7.5000,9,7.0000,7.0000,False,2.9100,4.3600,1.5000,17.6464,16.5319,1.5435,2.2431,10.8840,0.0896,0.0324,0.1253,0.5337,0.1320,0.2210,110.1130,1.2680,-844875008.0000,2216999936.0000,-0.3811,39678914560.0000,0.2590,4.4700,3.2300,369828633.0000,6.1700,10.0000,4.7300,3.3800,-0.0213,FCF/NI:-0.38,1,6.7800,False,7-15d,XLU,,NEE|DUK|SO,interest_rates|regulatory_environment,62,2026-11-05,False,2026-08-06,0.8300,0.7700,7.4000,ALCISTA FUERTE,10,773.1700,9.0000,46.9000,14.3200,"Filtros estándar (Score ≥6.5, DD ≥10%)"
NUE,Nucor,Materials,Steel,1985-04-30,262.4700,2026-09-04,45.2100,32.3400,UP,0.0067,-2.1658,True,0.5765,10.0643,1.2120,3.8340,248.2800,204.7500,255.6900,5.7100,28.1900,True,5.9724,ALCISTA,-6.3000,280.1100,280.1100,130.1100,-6.3000,101.7300,0.7520,True,244.7300,1,264.0200,False,-6.7600,NONE,6.7500,10.0000,7.0000,7.5000,4,5.0000,5.0000,False,7.6700,11.5000,1.5000,20.8522,13.7076,2.6790,1.6407,11.4610,0.1455,0.0732,0.0799,0.1555,0.2300,0.9380,30.5120,2.5080,683374976.0000,2872999936.0000,0.2379,59230437376.0000,1.8810,2.6300,0.8500,226875676.0000,6.7800,10.0000,5.8400,4.1300,0.0115,FCF/NI:0.24,1,6.7700,False,10-18d,XLB,,LIN|APD|ECL,commodity_prices|dxy|china_demand|energy_costs,52,2026-10-26,False,2026-07-27,4.8400,4.5300,6.9000,ALCISTA FUERTE,10,773.1700,9.0000,46.9000,14.3200,"Filtros estándar (Score ≥6.5, DD ≥10%)"
AMZN,Amazon,Consumer Discretionary,Broadline Retail,2005-11-18,258.9000,2026-09-04,46.3700,29.8000,UP,-1.3540,-1.1537,False,0.3365,5.9771,0.7550,2.3090,253.3200,238.9900,259.7100,2.2000,8.3300,True,1.1632,ALCISTA,-9.8500,287.2000,287.2000,196.0000,-9.8500,32.0900,0.8180,True,256.6400,2,276.6600,True,-0.8700,HAMMER|DOJI,7.5000,10.0000,6.0000,7.5000,7,7.0000,7.0000,False,4.6200,6.9300,1.5000,20.7973,24.8560,5.0534,3.5947,17.2940,0.3056,0.0659,0.1744,0.5077,0.1960,2.4230,45.6170,1.0330,3219124992.0000,135281000448.0000,0.0238,2788369891328.0000,1.4430,2.0400,,10786313572.0000,6.2900,10.0000,5.4000,2.9900,0.0012,FCF/NI:0.02,1,6.7700,False,10-18d,XLY,,TSLA|HD|MCD,consumer_spending|employment_data|interest_rates,55,2026-10-29,False,2026-07-30,5.7500,1.8300,215.0000,ALCISTA FUERTE,10,773.1700,9.0000,46.9000,14.3200,"Filtros estándar (Score ≥6.5, DD ≥10%)"
DRI,Darden Restaurants,Consumer Discretionary,Restaurants,1995-05-31,218.0400,2026-09-04,42.7100,47.6400,DOWN,-0.9678,-1.4444,True,0.4106,5.8886,0.9990,2.7010,209.2100,198.8000,216.6500,4.2200,9.6800,True,2.2408,ALCISTA,-5.1000,229.7600,229.7600,165.1300,-5.1000,32.0400,0.8820,True,188.4600,7,217.6200,False,-13.5600,NONE,6.8500,10.0000,6.0000,7.5000,6,5.0000,5.0000,False,5.4000,8.1000,1.5000,20.7739,17.5057,11.2077,1.8640,15.4610,0.5372,0.0772,0.0913,0.2167,0.1370,0.3600,364.5070,0.3140,790974976.0000,1213699968.0000,0.6517,24624936960.0000,0.5900,5.2500,2.9700,113541756.0000,6.7000,10.0000,4.9400,4.9000,0.0321,FCF/NI:0.65|D/E:365,2,6.7600,False,10-18d,XLY,,AMZN|TSLA|HD,consumer_spending|employment_data|interest_rates,20,2026-09-24,False,2026-06-25,3.6600,3.6400,64.0000,ALCISTA FUERTE,10,773.1700,9.0000,46.9000,14.3200,"Filtros estándar (Score ≥6.5, DD ≥10%)"
UNH,UnitedHealth Group,Health Care,Managed Health Care,1994-07-01,400.9400,2026-09-04,49.3500,40.6200,UP,1.1461,-0.1259,True,0.6395,7.8464,0.7370,1.9570,412.1100,348.7200,399.3200,-2.7100,14.9700,True,1.7728,NEUTRO,-13.1500,461.6200,461.6200,254.5200,-13.1500,57.5300,1.3650,True,401.1200,4,414.2600,True,0.0500,HAMMER|DOJI|HAMMER|DOJI,8.1000,8.5000,7.0000,9.5000,9,7.0000,7.0000,False,3.9100,5.8700,1.5000,25.5231,17.7015,3.6508,0.7912,15.3380,0.1415,0.0487,0.0314,0.1972,0.0040,0.6150,69.2110,0.7770,24272250880.0000,14122000384.0000,1.7188,356470816768.0000,0.6320,2.9900,2.3100,897594847.0000,5.8600,5.0000,5.6300,7.1400,0.0681,OK,0,6.7600,False,7-15d,XLV,,JNJ|LLY|ABBV,fda_calendar|drug_pricing_policy|patent_cliffs,53,2026-10-27,False,2026-07-16,6.3800,4.9200,29.8000,ALCISTA FUERTE,10,773.1700,9.0000,46.9000,14.3200,"Filtros estándar (Score ≥6.5, DD ≥10%)"
BAC,Bank of America,Financials,Diversified Banks,1976-06-30,63.0400,2026-09-04,41.0600,37.8600,UP,-0.1645,-0.3529,True,0.5176,1.1143,0.9780,1.7680,61.5300,54.5000,62.4600,2.4500,15.6600,True,2.0547,ALCISTA,-3.3600,65.2300,65.2300,45.8800,-3.3600,37.4000,1.0380,True,61.1000,1,62.9900,True,-3.0800,HAMMER|DOJI|HAMMER,7.4000,10.0000,7.0000,7.5000,7,5.0000,7.0000,False,3.5400,5.3000,1.5000,14.4758,11.8427,1.5932,3.8471,,0.1120,0.0097,0.2952,0.0000,0.1680,0.3410,,,,32124999680.0000,,438305488896.0000,1.1640,0.0000,2.0300,6992748365.0000,6.3100,8.9300,4.5200,5.3300,,OK,0,6.7500,False,10-18d,XLF,,JPM|WFC|GS,interest_rates|yield_curve|credit_spreads|loan_growth,40,2026-10-14,False,2026-07-14,1.2100,1.1200,7.7000,ALCISTA FUERTE,10,773.1700,9.0000,46.9000,14.3200,"Filtros estándar (Score ≥6.5, DD ≥10%)"
TGT,Target Corporation,Consumer Staples,Consumer Staples Merchandise Retail,1976-12-31,164.0100,2026-09-04,61.4300,71.3300,DOWN,-0.4489,-0.0396,False,0.7019,5.4243,1.2690,3.3070,145.8400,120.3900,158.6300,12.4600,36.2300,True,6.1566,ALCISTA,-3.9500,170.7500,170.7500,81.2000,-3.9500,101.9700,0.4070,True,146.2100,1,170.7500,False,-10.8500,HAMMER|DOJI,6.5500,10.0000,5.0000,7.5000,4,5.0000,7.0000,False,6.6100,9.9200,1.5000,17.0581,17.2621,4.1867,0.6936,10.2750,0.2641,0.0569,0.0408,0.2838,0.0530,1.0050,107.5830,0.9880,3432999936.0000,4392000000.0000,0.7816,74704560128.0000,0.9860,3.8000,2.8300,454296736.0000,6.8800,7.7100,6.1900,6.7100,0.0460,D/E:108,1,6.7500,False,10-18d,XLP,,PG|KO|PEP,inflation|input_costs|fx_rates,75,2026-11-18,False,2026-08-19,4.1100,2.3400,75.8000,ALCISTA FUERTE,10,773.1700,9.0000,46.9000,14.3200,"Filtros estándar (Score ≥6.5, DD ≥10%)"
MCO,Moody's Corporation,Financials,Financial Exchanges & Data,1998-07-01,504.3000,2026-09-04,60.0900,74.0600,DOWN,-0.6542,1.8670,False,0.6671,11.8650,0.9530,2.3530,487.4300,470.9600,497.1100,3.4600,7.0800,True,0.3114,ALCISTA,-3.4300,522.2100,543.2500,399.6100,-7.1700,26.2000,0.7210,True,439.6200,4,503.8500,False,-12.8300,HAMMER,6.8500,10.0000,5.0000,7.5000,6,5.0000,7.0000,False,4.7100,7.0600,1.5000,31.2769,26.0954,28.2561,10.4747,23.0940,0.7693,0.1562,0.3425,0.7497,0.1510,0.5670,240.6820,1.1900,2579124992.0000,2795000064.0000,0.9228,85473476608.0000,1.3340,2.9700,0.8200,173180984.0000,6.6800,8.7300,6.9300,3.9900,0.0302,D/E:241,1,6.7500,False,10-18d,XLF,,JPM|BAC|WFC,interest_rates|yield_curve|credit_spreads|loan_growth,47,2026-10-21,False,2026-07-22,4.6800,4.2500,10.0000,ALCISTA FUERTE,10,773.1700,9.0000,46.9000,14.3200,"Filtros estándar (Score ≥6.5, DD ≥10%)"
FANG,Diamondback Energy,Energy,Oil & Gas Exploration & Production,2018-12-03,202.9400,2026-09-04,50.7200,66.4800,DOWN,-0.6072,-1.0068,True,0.5258,5.4293,0.8990,2.6750,194.1100,178.8000,201.3200,4.5500,13.5000,True,3.6079,ALCISTA,-6.4400,216.9000,216.9000,131.1400,-6.4400,54.7500,0.9900,False,196.6500,1,202.6700,True,-3.1000,HAMMER,6.7000,10.0000,6.0000,5.0000,7,5.0000,7.0000,False,5.3500,8.0300,1.5000,37.8745,11.0166,1.4748,3.4334,6.3720,0.0349,0.0131,0.0903,0.7235,0.5250,1.7950,28.6780,0.4670,5035500032.0000,1458000000.0000,3.4537,55785541632.0000,0.4140,4.1900,2.1700,280019792.0000,6.7600,8.9400,4.6200,6.7100,0.0903,OK,0,6.7400,False,10-18d,XLE,,XOM|CVX|COP,oil_price|gas_price|opec_supply|inventories,59,2026-11-02,False,2026-08-03,6.4800,5.9800,8.3000,ALCISTA FUERTE,10,773.1700,9.0000,46.9000,14.3200,"Filtros estándar (Score ≥6.5, DD ≥10%)"
HUM,Humana,Health Care,Managed Health Care,2012-12-10,406.5200,2026-09-04,64.0800,55.7100,UP,2.0031,0.3247,True,1.1258,12.0421,0.8580,2.9620,387.8200,277.8400,388.4500,4.8200,46.3100,True,4.4772,ALCISTA,-5.2100,428.8800,428.8800,161.9000,-5.2100,151.0900,0.7650,True,352.9600,2,415.0000,False,-13.1800,NONE,6.7500,10.0000,7.0000,7.5000,4,5.0000,5.0000,False,5.9200,8.8900,1.5000,37.9886,24.2358,2.5096,0.3310,11.0550,0.0689,0.0390,0.0088,0.1365,0.2620,0.2710,76.4850,1.7420,1940999936.0000,1279000064.0000,1.5176,48217047040.0000,0.7450,2.3300,0.8700,120080308.0000,6.7400,9.3400,5.0400,5.7000,0.0403,OK,0,6.7400,False,10-18d,XLV,,UNH|JNJ|LLY,fda_calendar|drug_pricing_policy|patent_cliffs,63,2026-11-06,False,2026-07-29,7.6100,7.0000,8.8000,ALCISTA FUERTE,10,773.1700,9.0000,46.9000,14.3200,"Filtros estándar (Score ≥6.5, DD ≥10%)"
AIZ,Assurant,Financials,Multi-line Insurance,2007-04-10,287.7100,2026-09-04,59.1800,43.6900,UP,-0.2091,-0.4217,True,0.8612,5.1714,0.8930,1.7970,279.3800,243.9100,283.1100,2.9800,17.9600,True,2.9486,ALCISTA,-5.0500,303.0000,303.0000,202.0700,-5.0500,42.3800,0.6550,True,271.1300,3,283.2400,False,-5.7600,NONE,7.0500,10.0000,7.0000,7.5000,6,5.0000,5.0000,False,3.5900,5.3900,1.5000,13.6783,12.1937,2.3140,1.0474,8.2700,0.1834,0.0256,0.0790,0.1327,0.0940,0.3050,36.2110,0.3820,2149574912.0000,1054700032.0000,2.0381,14093772800.0000,0.5430,3.0800,1.2200,49323767.0000,6.5200,6.3000,6.1600,7.2000,0.1525,OK,0,6.7300,False,10-18d,XLF,,JPM|BAC|WFC,interest_rates|yield_curve|credit_spreads|loan_growth,60,2026-11-03,False,2026-08-04,6.4100,5.1800,23.7000,ALCISTA FUERTE,10,773.1700,9.0000,46.9000,14.3200,"Filtros estándar (Score ≥6.5, DD ≥10%)"
UDR,"UDR, Inc.",Real Estate,Multi-Family Residential REITs,2016-03-07,36.3700,2026-09-04,32.6400,38.6200,DOWN,-0.0881,-0.0230,False,0.0256,0.5704,0.7690,1.5680,38.6000,36.5600,37.4600,-5.7900,-0.5100,True,0.9924,BAJISTA,-12.7600,41.6900,41.6900,31.9100,-12.7600,13.9600,1.0670,True,36.8800,2,38.8200,True,1.4100,HAMMER|DOJI,7.6000,7.0000,6.5000,7.5000,8,10.0000,7.0000,False,3.1400,4.7000,1.5000,23.0253,64.9643,4.0364,7.5664,17.8910,0.1374,0.0224,0.2956,0.6658,-0.0010,0.9090,156.1440,0.1780,779827776.0000,517310016.0000,1.5075,13364710400.0000,0.6910,2.4300,4.7600,321264222.0000,6.1500,5.0000,6.3800,7.2100,0.0583,D/E:156,1,6.7300,False,3-7d,XLRE,,PLD|AMT|EQIX,interest_rates|cap_rates|occupancy_trends,54,2026-10-28,False,2026-07-27,0.2100,0.1300,61.0000,ALCISTA FUERTE,10,773.1700,9.0000,46.9000,14.3200,"Filtros estándar (Score ≥6.5, DD ≥10%)"
BLK,BlackRock,Financials,Asset Management & Custody Banks,2011-04-04,1126.1500,2026-09-04,37.0000,59.2300,DOWN,-9.3375,-3.7693,False,0.1619,22.8665,0.8730,2.0300,1089.0700,1052.2200,1139.9700,3.4100,7.0300,True,0.6944,ALCISTA,-5.1400,1187.1700,1200.5400,912.2500,-6.2000,23.4500,0.9240,True,1024.9800,2,1104.8600,False,-8.9800,NONE,6.8700,10.0000,6.5000,7.5000,4,6.5000,5.0000,False,4.0600,6.0900,1.5000,26.8619,17.4518,3.0193,6.6796,16.4140,0.1228,0.0374,0.2409,0.4715,0.3060,0.1960,23.1920,2.4470,7578124800.0000,6576000000.0000,1.1524,182345416704.0000,1.4290,2.4900,2.0400,154869259.0000,6.6200,7.5000,6.8600,5.3200,0.0416,OK,0,6.7200,False,10-18d,XLF,,JPM|BAC|WFC,interest_rates|yield_curve|credit_spreads|loan_growth,40,2026-10-14,False,2026-07-15,13.9100,12.6900,9.6000,ALCISTA FUERTE,10,773.1700,9.0000,46.9000,14.3200,"Filtros estándar (Score ≥6.5, DD ≥10%)"
ODFL,Old Dominion,Industrials,Cargo Ground Transportation,2019-12-09,185.7500,2026-09-04,17.7800,28.6600,DOWN,-1.5050,-0.5737,False,0.0193,6.6123,0.8620,3.5600,214.9800,195.7100,201.6000,-13.6000,-5.0900,True,3.4830,BAJISTA,-25.2700,248.5500,251.6400,125.2300,-26.1800,48.3300,2.2960,False,189.4600,1,233.1300,True,1.9900,HAMMER,7.0000,7.0000,7.5000,5.0000,8,8.0000,7.0000,False,7.1200,10.6800,1.5000,35.7442,27.9756,8.4802,6.8996,21.3310,0.2482,0.1578,0.1944,0.3957,0.1040,0.3230,0.4400,1.8890,970776000.0000,1089276032.0000,0.8912,38655066112.0000,1.1770,4.2900,0.6200,207968283.0000,6.5400,7.8500,7.2300,4.2100,0.0251,OK,0,6.7200,False,3-7d,XLI,,CAT|UNP|HON,pmi_manufacturing|supply_chain|capex_cycle,54,2026-10-28,False,2026-07-29,1.6800,1.5300,9.7000,ALCISTA FUERTE,10,773.1700,9.0000,46.9000,14.3200,"Filtros estándar (Score ≥6.5, DD ≥10%)"
COP,ConocoPhillips,Energy,Oil & Gas Exploration & Production,1957-03-04,135.7200,2026-09-04,70.8300,71.9100,DOWN,0.1410,-0.1230,True,0.7839,2.8364,0.9010,2.0900,119.0700,111.1200,129.6900,13.9900,22.1300,True,4.1426,ALCISTA,-1.2400,137.4200,137.4200,82.9500,-1.2400,63.6100,0.7450,True,112.2000,5,134.9300,False,-17.3300,NONE,6.8500,10.0000,6.0000,7.5000,6,5.0000,5.0000,False,4.1800,6.2700,1.5000,17.7593,14.1188,2.4682,2.5022,6.6710,0.1418,0.0753,0.1440,0.4757,0.3550,1.0700,35.6390,1.5420,7691375104.0000,9253000192.0000,0.8312,161291567104.0000,0.1340,2.6200,2.4800,1201337479.0000,6.6100,7.5000,5.8700,6.4300,0.0477,OK,0,6.7100,False,10-18d,XLE,,XOM|CVX|SLB,oil_price|gas_price|opec_supply|inventories,62,2026-11-05,False,2026-08-06,3.2400,2.9400,10.3000,ALCISTA FUERTE,10,773.1700,9.0000,46.9000,14.3200,"Filtros estándar (Score ≥6.5, DD ≥10%)"
PSX,Phillips 66,Energy,Oil & Gas Refining & Marketing,2012-05-01,254.6600,2026-09-04,72.7800,80.4400,DOWN,0.4169,-0.0994,True,0.8249,6.6642,1.0680,2.6170,211.8500,169.9200,237.6200,20.2100,49.8700,True,6.5952,ALCISTA,-2.3100,260.6800,260.6800,123.0900,-2.3100,106.8800,0.9670,False,233.5500,1,,False,-8.2900,HAMMER|DOJI,6.2500,10.0000,6.0000,5.0000,4,5.0000,7.0000,False,5.2300,7.8500,1.5000,14.5599,11.9762,3.2307,0.6721,12.0180,0.2345,0.0604,0.0466,0.1310,0.5310,3.4490,62.8840,1.3200,4545375232.0000,7085000192.0000,0.6415,102274506752.0000,0.7040,1.9000,1.9900,400935020.0000,7.0200,8.9900,5.6700,6.3100,0.0444,FCF/NI:0.64,1,6.7100,False,10-18d,XLE,,XOM|CVX|COP,oil_price|gas_price|opec_supply|inventories,55,2026-10-29,False,2026-08-05,9.4100,7.5000,25.4000,ALCISTA FUERTE,10,773.1700,9.0000,46.9000,14.3200,"Filtros estándar (Score ≥6.5, DD ≥10%)"
ABNB,Airbnb,Consumer Discretionary,"Hotels, Resorts & Cruise Lines",2023-09-18,185.2500,2026-09-04,51.5100,57.4000,DOWN,-1.5929,-0.8892,False,0.5367,4.9443,0.9850,2.6690,162.1600,139.0900,180.1900,14.2400,33.1900,True,4.5060,ALCISTA,-4.2400,193.4500,193.4500,110.8100,-4.2400,67.1800,0.8640,False,141.2400,1,187.1200,False,-23.7600,HAMMER|DOJI|HAMMER|DOJI,6.0500,10.0000,5.0000,5.0000,4,5.0000,7.0000,False,5.3400,8.0100,1.5000,41.6339,29.6325,13.7635,8.2790,36.0910,0.3454,0.0614,0.2045,0.8290,0.1650,0.3340,32.0040,1.4080,3206874880.0000,2691000064.0000,1.1917,108943065088.0000,1.1610,2.6900,,419529556.0000,7.1500,10.0000,6.9500,4.0500,0.0294,OK,0,6.7100,False,10-18d,XLY,,AMZN|TSLA|HD,consumer_spending|employment_data|interest_rates,62,2026-11-05,False,2026-08-06,1.3700,1.2500,9.5000,ALCISTA FUERTE,10,773.1700,9.0000,46.9000,14.3200,"Filtros estándar (Score ≥6.5, DD ≥10%)"
AMT,American Tower,Real Estate,Telecom Tower REITs,2007-11-19,177.7500,2026-09-04,54.3500,53.3800,UP,0.0146,0.1720,False,0.8099,3.8050,0.7950,2.1410,170.9700,175.3500,174.6200,3.9600,1.3700,False,-0.2292,ALCISTA,-6.9900,191.1200,194.2300,160.0600,-8.4800,11.0500,1.0280,True,172.6600,2,180.6700,True,-2.8600,HAMMER|DOJI,7.1000,8.0000,6.0000,7.5000,7,7.0000,7.0000,False,4.2800,6.4200,1.5000,24.1884,25.0855,22.0281,7.4888,18.8200,0.3391,0.0489,0.3108,0.7377,0.0470,1.3850,438.7210,0.3520,2920012544.0000,3400999936.0000,0.8586,81939079168.0000,0.8950,2.4300,3.9300,465960048.0000,6.4400,7.1600,6.6600,5.3600,0.0356,D/E:439,1,6.7000,False,10-18d,XLRE,,PLD|EQIX|SPG,interest_rates|cap_rates|occupancy_trends,53,2026-10-27,False,2026-07-28,1.8700,1.5500,20.6000,ALCISTA FUERTE,10,773.1700,9.0000,46.9000,14.3200,"Filtros estándar (Score ≥6.5, DD ≥10%)"
CVS,CVS Health,Health Care,Health Care Services,1957-03-04,97.2000,2026-09-04,50.1200,41.7800,UP,0.6751,0.0616,True,0.8984,1.9450,0.7590,2.0010,100.7100,85.5300,96.1600,-3.4800,13.6500,True,1.9954,NEUTRO,-11.6400,110.0000,110.0000,67.4600,-11.6400,44.0900,0.6760,True,92.6800,2,97.6700,False,-4.6500,HAMMER|DOJI,6.9500,8.5000,7.0000,7.5000,4,7.0000,7.0000,False,4.0000,6.0000,1.5000,25.5251,11.3643,1.5512,0.2998,11.2030,0.0621,0.0297,0.0118,0.1365,0.0710,1.8880,95.5030,0.8660,8076000256.0000,4889999872.0000,1.6515,123727593472.0000,0.5800,1.9700,2.7400,1278970369.0000,6.5100,7.4200,4.5600,7.7100,0.0653,D/E:96,1,6.6900,False,7-15d,XLV,,UNH|JNJ|LLY,fda_calendar|drug_pricing_policy|patent_cliffs,54,2026-10-28,False,2026-08-05,2.5800,1.8500,39.4000,ALCISTA FUERTE,10,773.1700,9.0000,46.9000,14.3200,"Filtros estándar (Score ≥6.5, DD ≥10%)"
WELL,Welltower,Real Estate,Health Care REITs,2009-01-30,241.1200,2026-09-04,63.7700,56.0200,UP,0.0880,-0.0313,True,0.7732,4.2343,0.7790,1.7560,236.2700,209.3600,237.8900,2.0500,15.1700,True,2.7235,ALCISTA,-5.1600,254.2400,254.2400,161.3700,-5.1600,49.4200,0.8400,True,226.1100,2,238.2100,False,-6.2300,NONE,7.0500,10.0000,7.0000,7.5000,4,7.0000,5.0000,False,3.5100,5.2700,1.5000,106.3829,74.2673,3.6580,13.3334,57.7110,0.0384,0.0083,0.1215,0.3956,0.3910,0.3560,41.3750,1.3170,2756164352.0000,1550674048.0000,1.7774,170177495040.0000,0.7600,5.6400,1.4100,720572011.0000,6.4500,10.0000,5.9600,2.8800,0.0162,OK,0,6.6900,False,10-18d,XLRE,,PLD|AMT|EQIX,interest_rates|cap_rates|occupancy_trends,52,2026-10-26,False,2026-07-27,0.5400,0.6500,-16.9000,ALCISTA FUERTE,10,773.1700,9.0000,46.9000,14.3200,"Filtros estándar (Score ≥6.5, DD ≥10%)"
WAB,Wabtec,Industrials,Construction Machinery & Heavy Transportation Equipment,2019-02-27,280.8300,2026-09-04,28.2900,58.2800,DOWN,-2.8798,-1.7806,False,0.0320,6.4846,0.9020,2.3090,283.2000,253.3100,289.9300,-0.8400,10.8700,True,3.7478,NEUTRO,-8.3200,306.3200,306.3200,183.4000,-8.3200,53.1200,0.9440,True,253.1900,6,287.2500,False,-9.8400,HAMMER,7.5000,8.5000,7.5000,7.5000,6,8.0000,7.0000,False,4.6200,6.9300,1.5000,38.0188,22.7339,4.2653,3.9882,20.2720,0.1155,0.0617,0.1059,0.3574,0.1750,0.1890,61.6860,1.1210,1101374976.0000,1266000000.0000,0.8700,47778119680.0000,0.9280,2.5600,0.4400,168910851.0000,6.1300,8.8000,5.0300,4.3100,0.0231,OK,0,6.6800,False,7-15d,XLI,,CAT|UNP|HON,pmi_manufacturing|supply_chain|capex_cycle,47,2026-10-21,False,2026-07-22,2.7600,2.6100,5.9000,ALCISTA FUERTE,10,773.1700,9.0000,46.9000,14.3200,"Filtros estándar (Score ≥6.5, DD ≥10%)"
GE,GE Aerospace,Industrials,Aerospace & Defense,1957-03-04,333.4800,2026-09-04,30.3600,35.0600,DOWN,-3.0744,-3.1033,True,0.1721,8.7543,0.8720,2.6250,357.8400,320.6200,347.6400,-6.8100,4.0100,True,1.4751,NEUTRO,-14.2400,388.8400,388.8400,268.5800,-14.2400,24.1700,0.7570,True,336.5300,1,375.5800,True,0.9100,NONE,7.2200,8.5000,7.5000,7.5000,7,6.5000,5.0000,True,5.2500,7.8800,1.5000,39.8017,37.1478,19.8294,6.9074,31.0470,0.4823,0.0507,0.1772,0.3105,0.2110,0.1940,113.2250,0.9820,6594625024.0000,8963999744.0000,0.7357,349783064576.0000,1.3500,3.6300,0.5600,1037562513.0000,6.3200,8.9100,6.2100,3.4300,0.0189,FCF/NI:0.74|D/E:113,2,6.6800,False,7-15d,XLI,,CAT|UNP|HON,pmi_manufacturing|supply_chain|capex_cycle,46,2026-10-20,False,2026-07-16,2.0200,1.8600,8.6000,ALCISTA FUERTE,10,773.1700,9.0000,46.9000,14.3200,"Filtros estándar (Score ≥6.5, DD ≥10%)"
TPR,"Tapestry, Inc.",Consumer Discretionary,"Apparel, Accessories & Luxury Goods",2004-09-01,122.6000,2026-09-04,36.9200,15.4700,UP,-0.9941,-1.6268,True,0.2916,3.4507,0.6640,2.8150,141.2500,137.8300,131.7700,-13.2000,-11.0500,True,1.9395,BAJISTA,-25.6100,164.8000,164.8000,92.1700,-25.6100,33.0200,0.7430,False,,0,147.7300,False,,HAMMER,6.6700,7.0000,8.5000,5.0000,4,8.5000,7.0000,False,5.6300,8.4400,1.5000,16.8006,13.7686,35.3619,3.0426,13.4670,1.9713,0.1754,0.1909,0.7660,0.0890,,571.6080,1.7520,1399924992.0000,1527699968.0000,0.9164,24353699840.0000,1.4640,5.7900,1.5100,199391678.0000,6.6800,6.1100,7.0700,6.8700,0.0575,D/E:572,1,6.6800,False,3-7d,XLY,,AMZN|TSLA|HD,consumer_spending|employment_data|interest_rates,62,2026-11-05,False,2026-08-13,1.3200,1.2800,3.4000,ALCISTA FUERTE,10,773.1700,9.0000,46.9000,14.3200,"Filtros estándar (Score ≥6.5, DD ≥10%)"
CI,Cigna,Health Care,Health Care Services,1976-06-30,286.2600,2026-09-04,54.5100,44.4900,UP,1.1123,0.2927,True,1.0622,5.5493,0.7240,1.9390,283.4400,277.7900,280.5500,0.9900,3.0500,True,0.1736,ALCISTA,-6.2800,305.4400,310.1900,235.5000,-7.7200,21.5500,1.1510,True,273.4900,8,288.9400,False,-4.4600,HAMMER|DOJI,7.5500,10.0000,7.0000,7.5000,6,7.0000,7.0000,False,3.8800,5.8200,1.5000,11.6792,8.4361,1.7480,0.2644,7.8820,0.1676,0.0446,0.0227,0.0914,0.0670,0.1020,74.2900,0.8460,7980125184.0000,6416000000.0000,1.2438,74653220864.0000,0.3170,2.7000,2.1800,264240486.0000,6.0900,3.5700,5.8900,9.2600,0.1069,OK,0,6.6700,False,10-18d,XLV,,UNH|JNJ|LLY,fda_calendar|drug_pricing_policy|patent_cliffs,62,2026-11-05,False,2026-07-30,7.7800,7.6000,2.4000,ALCISTA FUERTE,10,773.1700,9.0000,46.9000,14.3200,"Filtros estándar (Score ≥6.5, DD ≥10%)"
WYNN,Wynn Resorts,Consumer Discretionary,Casinos & Gaming,2008-11-14,91.5600,2026-09-04,19.6500,22.7900,DOWN,-1.0678,-1.0786,True,0.1197,2.6300,0.8780,2.8720,97.9800,106.7400,96.4400,-6.5500,-14.2200,False,-2.1608,BAJISTA,-17.5300,111.0200,133.7500,89.4400,-31.5400,2.3700,1.0230,False,92.8100,3,100.3400,True,1.3700,HAMMER|DOJI,6.9500,5.0000,8.5000,5.0000,9,8.0000,7.0000,False,5.7400,8.6200,1.5000,21.9520,17.6900,-55.0451,1.2715,10.3900,,0.0573,0.0605,0.6830,0.0690,1.0610,,0.9120,476188864.0000,448884992.0000,1.0608,9426230272.0000,0.9910,5.5400,1.0900,102973891.0000,6.4900,7.6800,5.6600,6.0500,0.0505,OK,0,6.6700,False,5-10d,XLY,,AMZN|TSLA|HD,consumer_spending|employment_data|interest_rates,62,2026-11-05,False,2026-08-04,1.2400,0.9800,26.4000,ALCISTA FUERTE,10,773.1700,9.0000,46.9000,14.3200,"Filtros estándar (Score ≥6.5, DD ≥10%)"
ROP,Roper Technologies,Information Technology,Electronic Equipment & Instruments,2009-12-23,422.3500,2026-09-04,67.0300,66.6200,UP,-0.5135,0.7615,False,0.7996,9.6550,0.8350,2.2860,382.4400,374.9400,408.9900,10.4400,12.6400,True,-1.2849,ALCISTA,-1.6900,429.6000,525.3800,305.1900,-19.6100,38.3900,0.9260,True,341.6800,8,,False,-19.1000,HAMMER|DOJI,6.9500,9.5000,6.0000,7.5000,6,5.0000,7.0000,False,4.5700,6.8600,1.5000,16.9771,16.7657,2.1540,4.8646,16.2830,0.1307,0.0423,0.3024,0.6953,0.0850,2.3300,60.5310,0.5530,2265687552.0000,2504300032.0000,0.9047,40280346624.0000,0.7470,6.0500,0.8600,98900874.0000,6.4800,5.7400,4.7200,9.4000,0.0562,OK,0,6.6700,False,10-18d,XLK,,AAPL|MSFT|NVDA,interest_rates|ai_capex_cycle|semiconductor_cycle,48,2026-10-22,False,2026-07-23,5.3800,5.2900,1.8000,ALCISTA FUERTE,10,773.1700,9.0000,46.9000,14.3200,"Filtros estándar (Score ≥6.5, DD ≥10%)"
MDT,Medtronic,Health Care,Health Care Equipment,1986-10-31,93.1000,2026-09-04,55.5400,58.4200,DOWN,-0.2429,-0.4036,True,0.7768,2.2550,1.0490,2.4220,86.4500,88.6700,90.7200,7.6900,4.9900,False,0.0403,ALCISTA,-2.4200,95.4100,103.7600,72.6500,-10.2800,28.1400,0.9490,False,84.9800,3,94.7200,False,-8.7200,HAMMER|DOJI|HAMMER|DOJI,6.2500,8.5000,6.0000,5.0000,6,5.0000,7.0000,False,4.8400,7.2700,1.5000,23.1946,14.7153,2.4372,3.2107,13.4290,,,0.1393,0.6528,0.1370,0.4070,58.2140,,,5231000064.0000,,120535793664.0000,0.5740,1.9900,3.0900,1279980861.0000,6.9500,10.0000,5.1400,5.4900,,OK,0,6.6700,False,10-18d,XLV,,UNH|JNJ|LLY,fda_calendar|drug_pricing_policy|patent_cliffs,74,2026-11-17,False,2026-09-01,1.4500,1.3900,4.5000,ALCISTA FUERTE,10,773.1700,9.0000,46.9000,14.3200,"Filtros estándar (Score ≥6.5, DD ≥10%)"
PWR,Quanta Services,Industrials,Construction & Engineering,2009-07-01,620.0600,2026-09-04,34.4100,38.6000,DOWN,-3.9539,-7.5055,True,0.3113,25.2921,0.8590,4.0790,654.0500,586.7400,635.3300,-5.2000,5.6800,True,3.6447,NEUTRO,-16.5000,742.6200,788.6300,362.7000,-21.3700,70.9600,0.8150,True,608.7800,1,708.0600,True,-1.8200,HAMMER,7.2000,8.5000,7.5000,7.5000,7,5.0000,7.0000,True,8.1600,12.2400,1.5000,71.4428,31.7907,9.7357,2.8529,32.6510,0.1534,0.0523,0.0403,0.1546,0.4110,0.9470,67.7800,1.0980,1955491328.0000,1326876032.0000,1.4738,93875912704.0000,1.2000,2.5100,0.0700,150343393.0000,6.3200,10.0000,5.1900,3.3500,0.0208,OK,0,6.6700,False,7-15d,XLI,,CAT|UNP|HON,pmi_manufacturing|supply_chain|capex_cycle,55,2026-10-29,False,2026-07-30,4.2400,3.3100,28.1000,ALCISTA FUERTE,10,773.1700,9.0000,46.9000,14.3200,"Filtros estándar (Score ≥6.5, DD ≥10%)"
ADM,Archer Daniels Midland,Consumer Staples,Agricultural Products & Services,1957-03-04,84.3800,2026-09-04,62.1000,59.4100,UP,0.5748,0.1243,True,0.9187,2.8369,1.2680,3.3620,80.4200,71.1500,81.3800,4.9200,18.6000,True,3.2748,ALCISTA,-4.0100,87.9000,87.9000,54.0000,-4.0100,56.2500,0.7270,False,75.8400,3,84.3400,False,-10.1200,HAMMER,6.7500,10.0000,7.0000,5.0000,6,5.0000,7.0000,False,6.7200,10.0900,1.5000,23.1175,14.8694,1.7300,0.4967,16.4330,0.0764,0.0226,0.0216,0.0687,0.0720,3.1560,39.1340,1.3890,1164625024.0000,1770000000.0000,0.6580,40778600448.0000,0.6130,3.1900,2.4700,481959583.0000,6.6000,8.8600,5.2500,5.5300,0.0286,FCF/NI:0.66,1,6.6600,False,10-18d,XLP,,PG|KO|PEP,inflation|input_costs|fx_rates,60,2026-11-03,False,2026-08-04,1.8400,1.4400,28.0000,ALCISTA FUERTE,10,773.1700,9.0000,46.9000,14.3200,"Filtros estándar (Score ≥6.5, DD ≥10%)"
MMM,3M,Industrials,Industrial Conglomerates,1957-03-04,168.3100,2026-09-04,16.7600,37.9400,DOWN,-1.9718,-1.5198,False,-0.0162,3.2376,0.7790,1.9240,170.9900,159.4700,175.0400,-1.5700,5.5500,True,0.9321,NEUTRO,-8.5700,184.0900,184.0900,138.0200,-8.5700,21.9500,1.1430,True,152.8900,1,169.0200,False,-9.1600,NONE,7.3000,8.5000,7.5000,7.5000,4,10.0000,5.0000,False,3.8500,5.7700,1.5000,29.8865,17.2386,29.4479,3.4524,14.5980,0.8189,0.0874,0.1190,0.3941,0.0250,0.3280,437.9370,1.2400,6350125056.0000,2996999936.0000,2.1188,86930169856.0000,1.0740,2.6200,1.8500,515722417.0000,6.2400,5.3100,6.8900,6.5600,0.0730,D/E:438,1,6.6600,False,7-15d,XLI,,CAT|UNP|HON,pmi_manufacturing|supply_chain|capex_cycle,46,2026-10-20,False,2026-07-21,2.4000,2.2500,6.8000,ALCISTA FUERTE,10,773.1700,9.0000,46.9000,14.3200,"Filtros estándar (Score ≥6.5, DD ≥10%)"
PODD,Insulet Corporation,Health Care,Health Care Equipment,2023-03-15,150.5800,2026-09-04,60.3300,53.1800,UP,0.9964,0.4841,True,0.8937,5.4779,0.8020,3.6380,154.4500,211.1000,148.1600,-2.5100,-28.6700,False,-7.7605,BAJISTA,-12.9200,172.9200,354.8800,126.4000,-57.5700,19.1300,0.7110,False,152.7800,1,155.1700,True,1.4600,HAMMER|DOJI,5.9000,5.0000,7.0000,5.0000,7,5.0000,7.0000,False,7.2800,10.9100,1.5000,27.6698,19.1263,7.1917,3.3498,17.6560,0.2602,0.0972,0.1229,0.7107,0.2350,3.2860,66.6850,2.4850,236900000.0000,375300000.0000,0.6312,10228357120.0000,1.0790,2.2000,,69354199.0000,7.1500,10.0000,6.7500,4.2800,0.0232,FCF/NI:0.63,1,6.6500,False,3-7d,XLV,,UNH|JNJ|LLY,fda_calendar|drug_pricing_policy|patent_cliffs,62,2026-11-05,False,2026-08-05,1.6600,1.4500,14.3000,ALCISTA FUERTE,10,773.1700,9.0000,46.9000,14.3200,"Filtros estándar (Score ≥6.5, DD ≥10%)"
LYB,LyondellBasell,Materials,Specialty Chemicals,2012-09-05,64.7600,2026-09-04,55.5100,62.0600,DOWN,-0.0254,-0.1128,True,0.6045,2.1281,0.9780,3.2860,59.9900,59.1400,63.7300,7.9500,9.5100,True,3.7351,ALCISTA,-5.3500,68.4200,82.2200,39.1200,-21.2400,65.5600,0.5700,True,61.8300,2,64.3700,False,-4.5200,BULL_ENGULF,6.8000,10.0000,6.0000,7.5000,4,5.0000,7.5000,False,6.5700,9.8600,1.5000,,9.8144,1.9227,0.6578,9.1720,-0.0227,0.0411,-0.0113,0.1289,0.1980,3.9600,132.7590,1.6410,1228000000.0000,-265000000.0000,-4.6340,20519370752.0000,0.3530,2.8200,4.2600,323037952.0000,6.5500,10.0000,2.5200,7.2400,0.0598,FCF/NI:-4.63|D/E:133|ROE:-2.3%,3,6.6500,False,10-18d,XLB,,LIN|APD|ECL,commodity_prices|dxy|china_demand|energy_costs,56,2026-10-30,False,2026-07-31,4.3000,3.4200,25.6000,ALCISTA FUERTE,10,773.1700,9.0000,46.9000,14.3200,"Filtros estándar (Score ≥6.5, DD ≥10%)"
STLD,Steel Dynamics,Materials,Steel,2022-12-22,246.0300,2026-09-04,43.7900,32.8300,UP,0.4723,-1.9117,True,0.5273,10.4343,1.1270,4.2410,242.1100,209.2100,241.6600,1.6200,17.6000,True,4.5590,ALCISTA,-14.6000,288.0900,288.0900,125.9300,-14.6000,95.3600,0.7550,True,228.7700,1,243.1800,False,-7.0200,NONE,6.7500,10.0000,7.0000,7.5000,4,5.0000,5.0000,False,8.4800,12.7200,1.5000,21.9655,12.7768,3.6904,1.6892,14.5950,0.1757,0.0787,0.0783,0.1465,0.3340,0.8360,46.9240,3.1830,234191248.0000,1607240960.0000,0.1457,34693996544.0000,1.5150,3.4800,0.8600,143328088.0000,6.5800,10.0000,5.7700,3.5200,0.0068,FCF/NI:0.15,1,6.6500,False,10-18d,XLB,,LIN|APD|ECL,commodity_prices|dxy|china_demand|energy_costs,45,2026-10-19,False,2026-07-20,3.6900,3.6700,56.0000,ALCISTA FUERTE,10,773.1700,9.0000,46.9000,14.3200,"Filtros estándar (Score ≥6.5, DD ≥10%)"
SCHW,Charles Schwab Corporation,Financials,Investment Banking & Brokerage,1997-06-02,110.3800,2026-09-04,48.1400,52.2000,DOWN,-0.6073,-0.5463,False,0.5700,2.2529,1.0070,2.0410,104.4700,96.7800,108.9900,5.6600,14.0500,True,1.7154,ALCISTA,-3.6200,114.5300,114.5300,83.7200,-3.6200,31.8500,0.8690,True,106.3400,1,114.5300,True,-3.6600,NONE,6.8000,10.0000,5.0000,7.5000,7,5.0000,5.0000,False,4.0800,6.1200,1.5000,19.9071,14.0037,4.2989,7.2622,,0.2027,0.0207,0.3879,0.9749,0.2090,0.4260,151.1060,0.6550,,9722500096.0000,,188999090176.0000,0.7530,0.0100,1.1600,1729335714.0000,6.5300,10.0000,4.7700,4.5400,,D/E:151,1,6.6400,False,10-18d,XLF,,JPM|BAC|WFC,interest_rates|yield_curve|credit_spreads|loan_growth,41,2026-10-15,False,2026-07-21,1.6200,1.5500,4.5000,ALCISTA FUERTE,10,773.1700,9.0000,46.9000,14.3200,"Filtros estándar (Score ≥6.5, DD ≥10%)"
NRG,NRG Energy,Utilities,Independent Power Producers & Energy Traders,2010-01-29,111.8400,2026-09-04,30.9600,45.4100,DOWN,0.0445,-0.2651,True,0.2749,4.4221,0.7400,3.9540,127.7900,146.0300,116.2900,-12.4800,-23.4200,False,-3.3903,BAJISTA,-25.6600,150.4400,188.7100,108.3400,-40.7300,3.2300,0.9490,True,112.5000,1,143.4900,True,0.5900,HAMMER|DOJI|HAMMER|HAMMER,7.0300,5.0000,7.5000,7.5000,7,8.5000,7.0000,True,7.9100,11.8600,1.5000,30.9948,10.6302,5.9528,0.7553,14.5910,0.2377,0.0406,0.0256,0.1880,0.1100,,483.3570,0.9680,772374976.0000,782000000.0000,0.9877,25019250688.0000,1.1730,2.0200,1.7000,210210483.0000,6.3600,7.5000,6.9300,4.3600,0.0309,D/E:483,1,6.6300,False,3-7d,XLU,,NEE|DUK|SO,interest_rates|regulatory_environment,62,2026-11-05,False,2026-08-04,1.4900,1.7400,-14.4000,ALCISTA FUERTE,10,773.1700,9.0000,46.9000,14.3200,"Filtros estándar (Score ≥6.5, DD ≥10%)"
HON,Honeywell Technologies,Industrials,Industrial Conglomerates,1957-03-04,207.6300,2026-09-04,18.0800,24.2100,DOWN,-1.6673,-1.4879,False,0.1572,4.6500,0.6270,2.2400,229.0800,227.9400,220.4300,-9.3600,-8.9100,True,0.7965,BAJISTA,-17.3600,251.2500,258.0900,193.2600,-19.5500,7.4400,0.8660,True,,0,230.0700,False,,HAMMER,6.9800,7.0000,7.5000,7.5000,4,8.5000,7.0000,False,4.4800,6.7200,1.5000,8.0557,20.9877,3.5839,1.7456,10.7950,0.4658,0.0572,0.2158,0.3651,0.0430,2.6390,185.3690,1.2110,2610374912.0000,8265999872.0000,0.3158,66433794048.0000,0.9010,1.5700,1.3500,316940010.0000,6.3900,5.8900,5.4800,8.0200,0.0393,FCF/NI:0.32|D/E:185,2,6.6300,False,3-7d,XLI,,CAT|UNP|RTX,pmi_manufacturing|supply_chain|capex_cycle,48,2026-10-22,False,2026-07-23,1.9500,1.8200,7.2000,ALCISTA FUERTE,10,773.1700,9.0000,46.9000,14.3200,"Filtros estándar (Score ≥6.5, DD ≥10%)"
DG,Dollar General,Consumer Staples,Consumer Staples Merchandise Retail,2012-12-03,131.2600,2026-09-04,63.4200,48.7800,UP,0.8268,0.1286,True,0.9915,4.2079,1.0350,3.2060,122.4200,125.0600,125.3700,7.2200,4.9600,False,1.9315,ALCISTA,-2.1400,134.1300,156.6800,93.7800,-16.2300,39.9600,0.6730,False,118.6100,4,130.9300,False,-9.6400,NONE,6.2500,8.5000,7.0000,5.0000,6,5.0000,5.0000,False,6.4100,9.6200,1.5000,17.3000,16.1240,3.1639,0.6735,12.0440,0.1969,0.0489,0.0390,0.3116,0.0520,0.3330,169.8110,1.2090,1738019712.0000,1703399040.0000,1.0203,29388363776.0000,0.2350,3.0500,1.8000,220616790.0000,6.8600,7.6500,5.4600,7.5600,0.0591,D/E:170,1,6.6200,False,10-18d,XLP,,PG|KO|PEP,inflation|input_costs|fx_rates,-8,2026-12-03,False,2026-08-27,2.4800,2.0100,23.5000,ALCISTA FUERTE,10,773.1700,9.0000,46.9000,14.3200,"Filtros estándar (Score ≥6.5, DD ≥10%)"
SNPS,Synopsys,Information Technology,Application Software,2017-03-16,416.3100,2026-09-04,48.2600,71.4100,DOWN,1.4255,5.6659,False,0.5149,15.7143,0.9650,3.7750,413.8300,447.1700,416.1600,0.6000,-6.9000,False,-0.3284,BAJISTA,-13.2300,479.8000,615.7900,366.0000,-32.3900,13.7500,0.8760,True,388.0900,2,425.7800,False,-6.7800,NONE,5.8000,6.5000,5.0000,7.5000,5,5.0000,5.0000,False,7.5500,11.3200,1.5000,68.4939,22.4897,2.4223,8.0151,41.9240,0.0366,0.0135,0.1143,0.8292,0.4240,0.8930,34.8040,1.3370,3425542400.0000,1076558976.0000,3.1819,75474173952.0000,1.2270,2.3400,,191636646.0000,7.1700,10.0000,4.7700,6.6700,0.0454,OK,0,6.6200,False,3-7d,XLK,,AAPL|MSFT|NVDA,interest_rates|ai_capex_cycle|semiconductor_cycle,-9,2026-12-09,False,2026-08-26,3.9100,3.6700,6.4000,ALCISTA FUERTE,10,773.1700,9.0000,46.9000,14.3200,"Filtros estándar (Score ≥6.5, DD ≥10%)"
DAL,Delta Air Lines,Industrials,Passenger Airlines,2013-09-11,78.7500,2026-09-04,24.1000,25.1000,DOWN,-0.7771,-0.9722,True,0.2217,2.2514,0.8380,2.8590,86.7700,73.7600,82.6700,-9.2400,6.7600,True,3.5999,NEUTRO,-17.4900,95.4400,95.4400,54.6000,-17.4900,44.2300,0.9580,True,76.2100,1,83.6200,True,-3.2200,HAMMER|DOJI,7.6200,8.5000,8.5000,7.5000,7,6.5000,7.0000,True,5.7200,8.5800,1.5000,13.2952,9.2212,2.4037,0.7721,9.0480,0.2013,0.0402,0.0578,0.1870,0.1870,-0.2540,96.6490,0.4240,2817374976.0000,3950000128.0000,0.7133,52721639424.0000,1.2910,4.2300,1.0900,657623030.0000,5.9300,5.0000,4.3100,8.9100,0.0534,FCF/NI:0.71|D/E:97,2,6.6100,False,5-10d,XLI,,CAT|UNP|HON,pmi_manufacturing|supply_chain|capex_cycle,34,2026-10-08,False,2026-07-10,1.5600,1.4900,4.5000,ALCISTA FUERTE,10,773.1700,9.0000,46.9000,14.3200,"Filtros estándar (Score ≥6.5, DD ≥10%)"
DDOG,Datadog,Information Technology,Application Software,2025-07-09,214.7600,2026-09-04,29.2100,53.7600,DOWN,-2.4272,-0.6941,False,0.0944,12.3011,0.8650,5.7280,249.3900,176.2100,234.7300,-13.8900,21.8800,True,3.9516,NEUTRO,-26.6300,292.7200,292.7200,98.0100,-26.6300,119.1200,1.0810,True,212.7300,1,251.9900,True,-0.9500,NONE,7.4500,8.5000,7.5000,7.5000,7,8.0000,5.0000,False,11.4600,17.1800,1.5000,434.5510,71.7305,17.5021,19.2748,885.5240,0.0470,0.0018,0.0448,0.7954,0.3560,14.9850,29.2590,3.2050,1051412352.0000,177584000.0000,5.9206,76457836544.0000,1.4880,1.8400,,334904614.0000,6.0500,9.6800,5.6000,2.3400,0.0138,OK,0,6.6100,False,7-15d,XLK,,AAPL|MSFT|NVDA,interest_rates|ai_capex_cycle|semiconductor_cycle,62,2026-11-05,False,2026-08-06,0.6500,0.5800,11.4000,ALCISTA FUERTE,10,773.1700,9.0000,46.9000,14.3200,"Filtros estándar (Score ≥6.5, DD ≥10%)"
URI,United Rentals,Industrials,Trading Companies & Distributors,2014-09-20,993.8700,2026-09-04,17.0000,24.3900,DOWN,-14.4653,-12.7531,False,0.1132,30.3950,0.8920,3.0580,1089.0100,923.3300,1060.2000,-8.7400,7.6400,True,2.2942,NEUTRO,-15.5700,1177.1500,1177.1500,698.9400,-15.5700,42.2000,0.7760,True,995.2400,2,974.5100,True,0.1400,NONE,7.4500,8.5000,7.5000,7.5000,7,8.0000,5.0000,False,6.1200,9.1700,1.5000,24.3105,17.6594,6.8249,3.7343,16.4430,0.2889,0.0877,0.1567,0.3848,0.1180,0.2550,166.7930,0.7640,1706249984.0000,2638000128.0000,0.6468,62856196096.0000,1.7870,2.4800,0.7900,62242489.0000,6.0400,8.3100,4.7400,4.9000,0.0271,FCF/NI:0.65|D/E:167,2,6.6000,False,7-15d,XLI,,CAT|UNP|HON,pmi_manufacturing|supply_chain|capex_cycle,47,2026-10-21,False,2026-07-22,12.7600,11.5900,10.1000,ALCISTA FUERTE,10,773.1700,9.0000,46.9000,14.3200,"Filtros estándar (Score ≥6.5, DD ≥10%)"
HOOD,Robinhood Markets,Financials,Investment Banking & Brokerage,2025-09-22,124.7200,2026-09-04,70.9300,66.0600,UP,1.7933,1.2169,True,1.1862,7.2536,1.1350,5.8160,101.8800,95.0700,104.2400,22.4200,31.1900,True,-3.4640,ALCISTA,-0.1300,124.8800,153.8600,63.5200,-18.9400,96.3600,2.5390,False,92.9900,4,,False,-25.4400,NONE,6.8500,9.5000,7.0000,7.0000,6,5.0000,5.0000,False,11.6300,17.4500,1.5000,54.0310,37.0365,11.5799,22.2601,,0.2362,0.0453,0.4201,0.9189,0.3230,0.4760,240.2790,1.1160,,2072000000.0000,,109786939392.0000,2.3210,1.7600,,790630234.0000,6.4300,10.0000,5.1300,3.7700,,D/E:240,1,6.6000,False,10-18d,XLF,,JPM|BAC|WFC,interest_rates|yield_curve|credit_spreads|loan_growth,61,2026-11-04,False,2026-07-29,0.6200,0.4300,43.7000,ALCISTA FUERTE,10,773.1700,9.0000,46.9000,14.3200,"Filtros estándar (Score ≥6.5, DD ≥10%)"
FIX,Comfort Systems USA,Industrials,Construction & Engineering,2025-12-22,1580.1899,2026-09-04,34.8200,43.6700,DOWN,-8.3984,-16.5375,True,0.2952,80.5957,0.7670,5.1000,1718.4600,1487.1800,1633.4600,-8.0500,6.2500,True,5.1003,NEUTRO,-23.7100,2071.2400,2072.1001,680.6100,-23.7400,132.1700,0.7100,True,1555.5400,1,1823.8300,True,-1.5600,HAMMER,7.7200,8.5000,7.5000,7.5000,7,8.5000,7.0000,True,10.2000,15.3000,1.5000,39.6538,26.7594,87.7330,5.0476,28.8330,0.5529,0.1704,0.1278,0.2566,0.0100,0.3880,45.4890,1.2140,1841915392.0000,1434401024.0000,1.2841,56674832384.0000,1.6760,1.8400,0.2300,35194329.0000,5.8600,5.0000,7.9600,4.4200,0.0325,OK,0,6.6000,False,7-15d,XLI,,CAT|UNP|HON,pmi_manufacturing|supply_chain|capex_cycle,48,2026-10-22,False,2026-07-23,12.5300,10.4600,19.9000,ALCISTA FUERTE,10,773.1700,9.0000,46.9000,14.3200,"Filtros estándar (Score ≥6.5, DD ≥10%)"
CIEN,Ciena,Information Technology,Communications Equipment,2026-02-09,317.4600,2026-09-04,25.1100,47.2300,DOWN,-6.6729,-1.2795,False,-0.1269,25.4707,0.7880,8.0230,408.0100,376.5200,383.9600,-22.1900,-15.6900,True,5.7776,BAJISTA,-35.8100,494.5300,637.5100,110.9000,-50.2000,186.2600,3.2730,False,323.2900,1,420.6400,True,1.8400,NONE,6.9500,7.0000,7.5000,5.0000,7,10.0000,5.0000,False,16.0500,24.0700,1.5000,71.6518,27.7202,15.7153,8.1788,57.6720,0.1546,0.0666,0.0787,0.4305,0.3950,23.8330,54.6490,2.7270,700927872.0000,438300000.0000,1.5992,45549096960.0000,1.3090,1.3500,,141897511.0000,6.3600,10.0000,5.6000,3.0100,0.0154,OK,0,6.6000,False,3-7d,XLK,,AAPL|MSFT|NVDA,interest_rates|ai_capex_cycle|semiconductor_cycle,-1,2026-12-10,True,2026-09-03,2.1100,1.7300,22.1000,ALCISTA FUERTE,10,773.1700,9.0000,46.9000,14.3200,"Filtros estándar (Score ≥6.5, DD ≥10%)"
HWM,Howmet Aerospace,Industrials,Aerospace & Defense,2016-10-21,260.4900,2026-09-04,32.6700,36.5100,DOWN,-2.4654,-3.6100,True,0.2724,9.3629,1.0400,3.5940,275.5500,245.0500,268.4500,-5.4600,6.3000,True,2.9599,NEUTRO,-15.9300,309.8500,309.8500,173.0200,-15.9300,50.5600,1.1830,False,261.5700,4,280.4200,True,0.4100,NONE,7.0200,8.5000,7.5000,5.0000,9,6.5000,5.0000,False,7.1900,10.7800,1.5000,55.8772,40.3925,18.0928,11.3411,38.6490,0.3473,0.1281,0.2052,0.3603,0.2410,0.3300,81.3680,1.8180,1189874944.0000,1870000000.0000,0.6363,103397236736.0000,1.1860,3.5200,0.2100,398801399.0000,6.3000,10.0000,5.7700,2.6100,0.0115,FCF/NI:0.64|D/E:81,2,6.5900,False,7-15d,XLI,,CAT|UNP|HON,pmi_manufacturing|supply_chain|capex_cycle,62,2026-11-05,False,2026-08-06,1.3300,1.2500,6.7000,ALCISTA FUERTE,10,773.1700,9.0000,46.9000,14.3200,"Filtros estándar (Score ≥6.5, DD ≥10%)"
RJF,Raymond James Financial,Financials,Investment Banking & Brokerage,2017-03-20,181.1000,2026-09-04,50.4300,48.9900,UP,-0.3964,-0.6149,True,0.8186,4.0907,1.0680,2.2590,171.7200,159.4500,176.6900,5.4600,13.5800,True,1.1322,ALCISTA,-0.8900,182.7300,182.7300,138.3300,-0.8900,30.9200,1.0310,False,175.0200,1,182.7300,True,-3.3600,NONE,6.7000,10.0000,7.0000,5.0000,7,5.0000,5.0000,False,4.5200,6.7800,1.5000,15.5576,12.5569,2.6974,2.2473,,0.1842,0.0258,0.1513,0.9316,0.1510,0.4200,47.5940,2.1090,,2299000064.0000,,34249506816.0000,0.9170,7.1200,1.1900,192100000.0000,6.5200,8.7300,5.6500,4.9600,,OK,0,6.5900,False,10-18d,XLF,,JPM|BAC|WFC,interest_rates|yield_curve|credit_spreads|loan_growth,54,2026-10-28,False,2026-07-22,3.1400,2.9100,7.8000,ALCISTA FUERTE,10,773.1700,9.0000,46.9000,14.3200,"Filtros estándar (Score ≥6.5, DD ≥10%)"
ZBRA,Zebra Technologies,Information Technology,Electronic Equipment & Instruments,2019-12-23,357.5000,2026-09-04,37.8700,37.4600,UP,-5.3864,-5.4408,True,0.3293,10.8464,0.9030,3.0340,312.4500,256.5900,351.3800,14.4200,39.3200,True,3.6606,ALCISTA,-7.4400,386.2300,386.2300,199.0500,-7.4400,79.6000,0.6860,True,350.3600,1,386.2300,True,-2.0000,NONE,7.5000,10.0000,8.5000,7.5000,7,5.0000,5.0000,False,6.0700,9.1000,1.5000,33.2484,16.3105,5.0043,2.9351,16.6540,0.1529,0.0732,0.0922,0.4958,0.2040,1.2150,86.2300,0.5160,576750016.0000,539000000.0000,1.0700,17161467904.0000,1.5830,2.2600,,47310660.0000,5.9700,7.4700,4.6800,5.7100,0.0336,D/E:86,1,6.5800,False,10-18d,XLK,,AAPL|MSFT|NVDA,interest_rates|ai_capex_cycle|semiconductor_cycle,60,2026-11-03,False,2026-08-04,6.3500,4.3800,45.1000,ALCISTA FUERTE,10,773.1700,9.0000,46.9000,14.3200,"Filtros estándar (Score ≥6.5, DD ≥10%)"
SWK,Stanley Black & Decker,Industrials,Industrial Machinery & Supplies & Components,1982-09-30,96.5000,2026-09-04,34.5900,34.6100,DOWN,-0.8806,-0.8910,True,0.2042,2.7086,0.8660,2.8070,95.0800,80.8700,97.8100,1.4900,19.3200,True,4.2694,ALCISTA,-7.8100,104.6800,104.6800,59.8700,-7.8100,61.1800,0.9610,True,97.0500,1,95.1600,True,0.5700,NONE,7.5200,10.0000,7.5000,7.5000,7,6.5000,5.0000,False,5.6100,8.4200,1.5000,23.8044,15.2616,1.6411,0.9643,10.7160,0.0689,0.0380,0.0407,0.3221,0.0040,2.4780,58.1720,1.4320,1419049984.0000,620499968.0000,2.2869,14702980096.0000,1.1730,3.2900,3.4800,151016641.0000,5.9300,5.0000,4.8800,8.2400,0.0965,OK,0,6.5700,False,10-18d,XLI,,CAT|UNP|HON,pmi_manufacturing|supply_chain|capex_cycle,60,2026-11-03,False,2026-07-29,1.5700,1.2100,29.9000,ALCISTA FUERTE,10,773.1700,9.0000,46.9000,14.3200,"Filtros estándar (Score ≥6.5, DD ≥10%)"
SPG,Simon Property Group,Real Estate,Retail REITs,2002-06-26,211.5200,2026-09-04,33.8200,34.6400,DOWN,-0.9671,-0.9793,True,0.0964,2.9950,0.7200,1.4160,222.8900,199.2100,217.4000,-5.1000,6.1800,True,2.2755,NEUTRO,-11.3100,238.5000,238.5000,166.3300,-11.3100,27.1700,0.7660,True,212.8200,1,222.0500,True,0.6100,HAMMER|DOJI,7.9500,8.5000,7.5000,7.5000,7,10.0000,7.0000,True,2.8300,4.2500,1.5000,14.7805,31.2952,15.4215,11.4553,19.1820,1.2051,0.0563,0.6657,0.8143,0.1950,-0.1250,503.5040,0.2660,2595271168.0000,4617150976.0000,0.5621,79508340736.0000,1.3120,0.0000,4.2100,323551515.0000,5.6400,5.0000,5.8600,6.1200,0.0326,FCF/NI:0.56|D/E:504,2,6.5600,False,7-15d,XLRE,,PLD|AMT|EQIX,interest_rates|cap_rates|occupancy_trends,59,2026-11-02,False,2026-08-10,1.7300,1.5700,10.1000,ALCISTA FUERTE,10,773.1700,9.0000,46.9000,14.3200,"Filtros estándar (Score ≥6.5, DD ≥10%)"
XOM,ExxonMobil,Energy,Integrated Oil & Gas,1957-03-04,162.2100,2026-09-04,55.4500,57.9000,DOWN,-0.3699,-0.8849,True,0.5940,3.3564,0.9490,2.0690,151.8300,142.8500,159.9100,6.8300,13.5500,True,3.4944,ALCISTA,-3.8100,168.6400,174.0900,105.3000,-6.8300,54.0500,0.9720,True,148.1300,1,162.6300,False,-8.6800,HAMMER|DOJI,6.7500,10.0000,6.0000,7.5000,4,5.0000,7.0000,False,4.1400,6.2100,1.5000,20.5238,14.7879,2.5281,1.8161,10.3850,0.1258,0.0552,0.0907,0.2977,0.4410,1.1280,15.9210,1.1350,20671000576.0000,32757000192.0000,0.6310,655726608384.0000,0.1750,2.6000,2.5400,4111911960.0000,6.4200,8.2300,5.8800,4.9600,0.0315,FCF/NI:0.63,1,6.5500,False,10-18d,XLE,,CVX|COP|SLB,oil_price|gas_price|opec_supply|inventories,56,2026-10-30,False,2026-07-31,4.1100,3.6300,13.3000,ALCISTA FUERTE,10,773.1700,9.0000,46.9000,14.3200,"Filtros estándar (Score ≥6.5, DD ≥10%)"
IBKR,Interactive Brokers,Financials,Investment Banking & Brokerage,2025-08-28,92.9500,2026-09-04,51.5000,67.5500,DOWN,-0.2306,0.6651,False,0.5310,3.4908,0.9840,3.7560,91.9100,78.6000,92.7200,1.1300,18.2500,True,3.1068,ALCISTA,-5.7900,98.6600,98.6600,58.7000,-5.7900,58.3400,1.2760,True,87.0500,6,98.0300,False,-6.3500,NONE,6.6500,10.0000,5.0000,7.5000,6,5.0000,5.0000,False,7.5100,11.2700,1.5000,36.7540,29.1213,7.0686,23.0881,,0.2402,0.0228,0.1647,0.9304,0.2630,0.3530,205.7480,1.0930,,1126000000.0000,,157807394816.0000,1.3490,1.7500,0.3800,453077771.0000,6.4800,9.9000,5.1900,4.0000,,D/E:206,1,6.5500,False,10-18d,XLF,,JPM|BAC|WFC,interest_rates|yield_curve|credit_spreads|loan_growth,46,2026-10-20,False,2026-07-21,0.6900,0.6400,8.0000,ALCISTA FUERTE,10,773.1700,9.0000,46.9000,14.3200,"Filtros estándar (Score ≥6.5, DD ≥10%)"
GD,General Dynamics,Industrials,Aerospace & Defense,1957-03-04,365.8700,2026-09-04,19.5200,36.8700,DOWN,-3.3209,-2.7932,False,0.0554,6.7957,0.8700,1.8570,377.4800,352.1900,378.7100,-3.0800,3.8800,True,1.2592,NEUTRO,-8.5300,400.0000,400.0000,305.4300,-8.5300,19.7900,1.6900,False,363.3200,2,380.7100,True,-0.7000,HAMMER,7.5500,8.5000,7.5000,7.0000,7,8.0000,7.0000,False,3.7100,5.5700,1.5000,21.9274,19.3527,3.6192,1.7724,15.6770,0.1780,0.0608,0.0818,0.1537,0.0810,0.1340,35.3350,1.4410,4400124928.0000,4487000064.0000,0.9806,97235550208.0000,0.3210,2.4700,1.7400,270557195.0000,5.8600,4.6600,6.1900,6.8600,0.0453,OK,0,6.5400,False,7-15d,XLI,,CAT|UNP|HON,pmi_manufacturing|supply_chain|capex_cycle,54,2026-10-28,False,2026-07-29,4.2400,3.9700,6.9000,ALCISTA FUERTE,10,773.1700,9.0000,46.9000,14.3200,"Filtros estándar (Score ≥6.5, DD ≥10%)"
ADSK,Autodesk,Information Technology,Application Software,1989-12-01,237.5200,2026-09-04,41.0500,64.4800,DOWN,-2.9061,-0.0859,False,0.0093,10.2957,1.1180,4.3350,230.1100,247.3700,247.8600,3.2200,-3.9800,False,-2.0433,BAJISTA,-12.5900,271.7200,329.0900,185.5000,-27.8300,28.0400,1.2380,True,227.1700,3,250.4200,False,-4.3600,NONE,6.5500,6.5000,5.0000,7.5000,7,8.0000,5.0000,False,8.6700,13.0000,1.5000,28.2254,15.3295,13.4614,5.8461,21.5190,0.5385,0.1147,0.2108,0.9250,0.1610,0.5960,109.5180,0.8550,3157499904.0000,1642000000.0000,1.9230,45541097472.0000,1.3090,3.5000,,209000000.0000,6.5300,5.5200,6.9800,7.1700,0.0693,D/E:110,1,6.5400,False,3-7d,XLK,,AAPL|MSFT|NVDA,interest_rates|ai_capex_cycle|semiconductor_cycle,84,2026-11-27,False,2026-08-27,3.3000,3.1200,5.6000,ALCISTA FUERTE,10,773.1700,9.0000,46.9000,14.3200,"Filtros estándar (Score ≥6.5, DD ≥10%)"
STZ,Constellation Brands,Consumer Staples,Distillers & Vintners,2005-07-01,129.0900,2026-09-04,29.1400,42.7900,DOWN,-0.5541,-0.3257,False,0.1246,3.1300,0.8180,2.4250,132.9400,143.3900,132.2600,-2.9000,-9.9800,False,0.2398,BAJISTA,-13.8300,149.8100,166.1700,123.8200,-22.3200,4.2500,1.1890,False,128.1300,3,134.0400,True,-0.7400,HAMMER,6.8500,5.5000,7.5000,5.0000,9,8.0000,7.0000,False,4.8500,7.2700,1.5000,12.2076,10.3438,2.6623,2.4174,9.4840,0.2369,0.0857,0.2014,0.5272,-0.0330,0.3070,123.2050,0.9130,2210487552.0000,1824400000.0000,1.2116,21893699584.0000,0.4000,4.0800,3.1900,170752511.0000,6.3100,5.0000,5.8600,8.3600,0.1010,D/E:123,1,6.5300,False,3-7d,XLP,,PG|KO|PEP,inflation|input_costs|fx_rates,31,2026-10-05,False,2026-06-30,3.4300,3.2000,7.1000,ALCISTA FUERTE,10,773.1700,9.0000,46.9000,14.3200,"Filtros estándar (Score ≥6.5, DD ≥10%)"
SYY,Sysco,Consumer Staples,Food Distributors,1986-12-31,81.0800,2026-09-04,38.7200,38.4700,UP,-0.2862,-0.3046,True,0.0859,1.3393,0.7600,1.6520,83.0600,78.6200,82.5900,-2.3900,3.1300,True,1.1405,NEUTRO,-6.4300,86.6500,90.5600,67.2300,-10.4700,20.5900,0.9670,True,82.1200,2,85.6500,True,1.2800,NONE,7.9500,8.5000,8.5000,7.5000,7,10.0000,5.0000,False,3.3000,4.9600,1.5000,21.8716,14.8818,14.3691,0.4536,11.5980,0.7769,0.0797,0.0208,0.1850,0.0470,0.0530,564.5910,1.2770,1914000000.0000,1756999936.0000,1.0894,38351634432.0000,0.6270,3.6100,2.7100,479096016.0000,5.5800,3.6200,6.9000,6.3400,0.0499,D/E:565,1,6.5300,False,7-15d,XLP,,PG|KO|PEP,inflation|input_costs|fx_rates,60,2026-11-03,False,2026-08-04,1.5300,1.5100,1.2000,ALCISTA FUERTE,10,773.1700,9.0000,46.9000,14.3200,"Filtros estándar (Score ≥6.5, DD ≥10%)"
FAST,Fastenal,Industrials,Trading Companies & Distributors,2008-09-15,49.2300,2026-09-04,39.0200,43.6800,DOWN,-0.4688,-0.3610,False,0.1780,0.9800,0.8200,1.9910,48.5100,44.9200,49.8400,1.4700,9.5800,True,2.2455,ALCISTA,-6.9700,52.9200,52.9200,38.3400,-6.9700,28.4000,1.0360,True,43.2600,7,48.8100,False,-12.1300,NONE,7.1700,10.0000,6.5000,7.5000,6,6.5000,5.0000,False,3.9800,5.9700,1.5000,42.3932,35.4207,13.9876,6.5051,29.0210,0.3433,0.2152,0.1545,0.4470,0.1470,0.1460,10.8510,4.1800,916124992.0000,1352099968.0000,0.6776,56915877888.0000,0.7130,3.5100,1.9500,1147497573.0000,6.1100,7.0600,7.6400,3.2100,0.0161,FCF/NI:0.68,1,6.5300,False,10-18d,XLI,,CAT|UNP|HON,pmi_manufacturing|supply_chain|capex_cycle,40,2026-10-14,False,2026-07-14,0.3300,0.3300,1.2000,ALCISTA FUERTE,10,773.1700,9.0000,46.9000,14.3200,"Filtros estándar (Score ≥6.5, DD ≥10%)"
KO,Coca-Cola Company (The),Consumer Staples,Soft Drinks & Non-alcoholic Beverages,1957-03-04,88.8100,2026-09-04,54.6800,59.6000,DOWN,-0.3817,-0.2012,False,0.5004,1.4493,0.8490,1.6320,85.9100,77.7900,88.5600,3.3700,14.1600,True,2.6863,ALCISTA,-3.9800,92.4900,92.4900,64.0400,-3.9800,38.6800,0.9760,True,85.5200,4,90.9200,True,-3.7100,NONE,7.1000,10.0000,5.0000,7.5000,9,5.0000,5.0000,False,3.2600,4.9000,1.5000,26.4474,24.9746,10.4833,7.5590,24.2480,0.4205,0.0940,0.2856,0.6189,0.0670,0.1690,115.5190,1.3050,5218749952.0000,14316000256.0000,0.3645,378925481984.0000,0.3420,2.3500,2.3900,4302549243.0000,6.1400,8.5600,6.1700,3.2800,0.0138,FCF/NI:0.36|D/E:116,2,6.5200,False,10-18d,XLP,,PG|PEP|WMT,inflation|input_costs|fx_rates,46,2026-10-20,False,2026-07-28,0.9700,0.9300,4.0000,ALCISTA FUERTE,10,773.1700,9.0000,46.9000,14.3200,"Filtros estándar (Score ≥6.5, DD ≥10%)"
ZBH,Zimmer Biomet,Health Care,Health Care Equipment,2001-08-07,98.9200,2026-09-04,44.6500,58.2500,DOWN,-0.4400,-0.2228,False,0.4069,2.5479,0.9030,2.5760,94.7900,90.9900,98.8800,4.3600,8.7200,True,0.3804,ALCISTA,-3.8300,102.8600,106.0300,78.9100,-6.7000,25.3600,0.7360,True,86.5000,4,97.5800,False,-12.5500,DOJI,6.6500,10.0000,5.0000,7.5000,6,5.0000,5.0000,False,5.1500,7.7300,1.5000,23.8034,10.8158,1.4807,2.1984,10.1810,0.0641,0.0396,0.0948,0.6988,0.0480,0.3380,60.1750,1.6910,1090899968.0000,806700032.0000,1.3523,18705645568.0000,0.4710,3.3400,0.9700,190737689.0000,6.4300,6.4700,5.1500,7.8600,0.0583,OK,0,6.5200,False,10-18d,XLV,,UNH|JNJ|LLY,fda_calendar|drug_pricing_policy|patent_cliffs,62,2026-11-05,False,2026-08-05,2.0700,2.0100,3.0000,ALCISTA FUERTE,10,773.1700,9.0000,46.9000,14.3200,"Filtros estándar (Score ≥6.5, DD ≥10%)"
AME,Ametek,Industrials,Electrical Components & Equipment,2013-09-23,234.2000,2026-09-04,24.0700,35.5800,DOWN,-1.9526,-1.9899,True,0.1922,5.1386,0.9510,2.1940,241.4200,225.3600,241.0000,-2.9900,3.9200,True,2.4028,NEUTRO,-10.3200,261.1600,261.1600,178.4100,-10.3200,31.2700,0.9230,False,233.9900,1,238.0400,True,-0.0900,HAMMER|DOJI|HAMMER|DOJI,7.1200,8.5000,8.5000,5.0000,7,6.5000,7.0000,False,4.3900,6.5800,1.5000,34.7544,24.7709,4.8398,6.9304,22.1970,0.1456,0.0816,0.2004,0.3691,0.1500,0.1420,20.5220,1.2140,1492221312.0000,1576269952.0000,0.9467,54499983360.0000,0.9890,2.5100,0.5800,229261244.0000,6.1000,7.0700,6.3700,4.6600,0.0274,OK,0,6.5100,False,5-10d,XLI,,CAT|UNP|HON,pmi_manufacturing|supply_chain|capex_cycle,55,2026-10-29,False,2026-08-04,2.0900,1.9900,4.8000,ALCISTA FUERTE,10,773.1700,9.0000,46.9000,14.3200,"Filtros estándar (Score ≥6.5, DD ≥10%)"
EMR,Emerson Electric,Industrials,Electrical Components & Equipment,1965-03-31,150.2100,2026-09-04,28.7400,49.9700,DOWN,-1.7021,-1.2833,False,0.1376,3.5886,0.8420,2.3890,148.9300,141.6300,154.0000,0.8600,6.0600,True,1.8820,ALCISTA,-9.4000,165.7900,165.7900,121.7300,-9.4000,23.3900,0.7020,True,138.3300,1,147.8800,False,-7.9100,HAMMER|DOJI,7.5000,10.0000,7.5000,7.5000,4,8.0000,7.0000,False,4.7800,7.1700,1.5000,33.4398,21.0944,4.1828,4.5741,15.7520,0.1280,0.0690,0.1383,0.5316,0.0700,0.2300,67.6770,0.8960,3706249984.0000,2576000000.0000,1.4388,85243002880.0000,1.2330,3.9200,1.4800,557800000.0000,5.8300,6.4900,4.9700,6.0800,0.0435,OK,0,6.5000,False,10-18d,XLI,,CAT|UNP|HON,pmi_manufacturing|supply_chain|capex_cycle,61,2026-11-04,False,2026-08-04,1.7100,1.6800,2.0000,ALCISTA FUERTE,10,773.1700,9.0000,46.9000,14.3200,"Filtros estándar (Score ≥6.5, DD ≥10%)"
WST,West Pharmaceutical Services,Health Care,Health Care Supplies,2020-05-22,342.7300,2026-09-04,41.6100,38.2900,UP,-1.1427,-1.3489,True,0.2497,7.2957,0.8420,2.1290,350.1400,293.0100,345.9600,-2.1200,16.9700,True,2.3971,NEUTRO,-11.1500,385.7500,385.7500,223.5200,-11.1500,53.3400,0.5350,True,349.1800,1,336.6000,True,1.8800,HAMMER,7.3300,8.5000,7.0000,7.5000,7,6.5000,7.0000,False,4.2600,6.3900,1.5000,43.5301,34.1172,8.0042,7.1918,26.3110,0.1909,0.1138,0.1698,0.3679,0.1380,0.1810,10.5850,2.8220,277937504.0000,564899968.0000,0.4920,23925647360.0000,1.1350,2.7900,0.2600,70375762.0000,5.9500,7.7300,6.8000,2.8600,0.0116,FCF/NI:0.49,1,6.5000,False,7-15d,XLV,,UNH|JNJ|LLY,fda_calendar|drug_pricing_policy|patent_cliffs,48,2026-10-22,False,2026-07-23,2.3700,2.0800,13.9000,ALCISTA FUERTE,10,773.1700,9.0000,46.9000,14.3200,"Filtros estándar (Score ≥6.5, DD ≥10%)"
PH,Parker Hannifin,Industrials,Industrial Machinery & Supplies & Components,1985-11-30,964.5200,2026-09-04,27.4800,30.3500,DOWN,-11.1092,-8.6005,False,0.1439,23.9549,0.9620,2.4840,989.9300,931.8600,997.3700,-2.5700,3.5100,True,2.5579,NEUTRO,-12.1300,1097.7300,1097.7300,709.4600,-12.1300,35.9500,0.8620,True,934.1000,4,1000.2400,True,-3.1500,NONE,7.7500,8.5000,7.5000,7.5000,9,8.0000,5.0000,False,4.9700,7.4500,1.5000,33.8344,24.5812,7.8799,5.6436,22.9200,0.2508,0.0979,0.1697,0.3755,0.0980,0.1930,56.6600,1.2620,2961750016.0000,3648000000.0000,0.8119,121332039680.0000,1.1230,1.9200,0.8300,126047469.0000,5.6700,6.5500,6.0300,4.2300,0.0244,OK,0,6.5000,False,7-15d,XLI,,CAT|UNP|HON,pmi_manufacturing|supply_chain|capex_cycle,62,2026-11-05,False,2026-08-06,9.2700,8.2700,12.2000,ALCISTA FUERTE,10,773.1700,9.0000,46.9000,14.3200,"Filtros estándar (Score ≥6.5, DD ≥10%)"
ABBV,AbbVie,Health Care,Biotechnology,2012-12-31,260.2100,2026-09-04,62.3400,64.4400,DOWN,-0.3311,-0.4057,True,0.6199,5.6679,0.9110,2.1780,253.7500,225.6600,257.7200,2.5500,15.3100,True,1.6769,ALCISTA,-2.7100,267.4700,267.4700,189.4000,-2.7100,37.3900,0.6720,True,241.3400,2,260.3800,False,-7.2500,HAMMER|HAMMER,6.7500,10.0000,6.0000,7.5000,4,5.0000,7.0000,False,4.3600,6.5300,1.5000,72.4463,15.7511,-76.3501,7.0387,17.0390,,0.1051,0.0980,0.7279,0.1020,2.9040,,0.8090,16870250496.0000,6270000128.0000,2.6906,453194874880.0000,0.2810,3.3600,2.6600,1767117285.0000,6.3200,8.6900,5.6300,4.3700,0.0372,OK,0,6.4900,False,10-18d,XLV,,UNH|JNJ|LLY,fda_calendar|drug_pricing_policy|patent_cliffs,55,2026-10-29,False,2026-07-31,3.6500,3.6100,1.1000,ALCISTA FUERTE,10,773.1700,9.0000,46.9000,14.3200,"Filtros estándar (Score ≥6.5, DD ≥10%)"
GEHC,GE HealthCare,Health Care,Health Care Equipment,2023-01-04,69.7200,2026-09-04,30.6700,53.3300,DOWN,-0.7474,-0.5233,False,-0.0119,1.5841,0.8030,2.2720,68.2000,72.6900,71.4100,2.2300,-4.0800,False,-0.3646,BAJISTA,-7.8400,75.6500,89.6400,58.7200,-22.2200,18.7400,1.2730,True,68.3700,1,72.0400,True,-1.9400,HAMMER|DOJI,7.2000,6.5000,6.5000,7.5000,8,8.0000,7.0000,False,4.5400,6.8200,1.5000,15.8664,12.7278,2.8340,1.4626,11.1870,0.1938,0.0513,0.0933,0.3953,0.0580,0.1680,93.9650,1.2640,1573124992.0000,1984999936.0000,0.7925,31103115264.0000,0.8210,3.2300,0.2000,451686252.0000,6.0200,4.3800,6.1700,7.7600,0.0506,D/E:94,1,6.4900,False,3-7d,XLV,,UNH|JNJ|LLY,fda_calendar|drug_pricing_policy|patent_cliffs,54,2026-10-28,False,2026-07-29,1.1300,1.0400,9.1000,ALCISTA FUERTE,10,773.1700,9.0000,46.9000,14.3200,"Filtros estándar (Score ≥6.5, DD ≥10%)"
PNC,PNC Financial Services,Financials,Diversified Banks,1988-04-30,245.1800,2026-09-04,32.2800,32.6600,DOWN,-0.7201,-1.4420,True,0.4076,4.9250,1.0550,2.0090,248.8200,221.7900,245.5800,-1.4600,10.5400,True,3.1735,NEUTRO,-5.3200,258.9600,258.9600,172.8200,-5.3200,41.8700,0.9410,True,246.6100,1,256.2600,True,0.5800,NONE,7.0000,8.5000,7.5000,7.5000,7,5.0000,5.0000,False,4.0200,6.0300,1.5000,13.5168,11.4969,1.6878,4.0290,,0.1262,0.0131,0.3137,0.0000,0.2360,0.2490,,,,7261000192.0000,,97980571648.0000,0.8890,3.6600,3.2600,398943667.0000,6.1500,8.3100,4.6600,5.3900,,OK,0,6.4900,False,7-15d,XLF,,JPM|BAC|WFC,interest_rates|yield_curve|credit_spreads|loan_growth,41,2026-10-15,False,2026-07-15,4.8100,4.4500,8.0000,ALCISTA FUERTE,10,773.1700,9.0000,46.9000,14.3200,"Filtros estándar (Score ≥6.5, DD ≥10%)"
FDX,FedEx,Industrials,Air Freight & Logistics,1980-12-31,324.3100,2026-09-04,39.3200,61.3600,DOWN,-1.4425,-0.1499,False,0.3287,8.1693,0.9400,2.5190,319.5800,289.8400,325.7100,1.4800,11.8900,True,4.5864,ALCISTA,-5.7500,344.0800,344.0800,174.9200,-5.7500,85.4000,1.6520,True,321.6600,6,341.6200,True,-0.8200,HAMMER,8.0000,10.0000,6.5000,9.5000,9,5.0000,7.0000,False,5.0400,7.5600,1.5000,17.3865,15.4755,2.4459,0.8059,8.9600,0.1485,0.0501,0.0468,0.2732,0.1250,-0.0430,135.6970,1.4750,5656625152.0000,4425999872.0000,1.2780,76330942464.0000,1.3640,3.2400,1.5000,236670435.0000,5.4600,3.5300,4.8700,8.4100,0.0741,D/E:136,1,6.4800,False,10-18d,XLI,,CAT|UNP|HON,pmi_manufacturing|supply_chain|capex_cycle,54,2026-10-12,False,2026-06-23,6.3100,5.9200,6.5000,ALCISTA FUERTE,10,773.1700,9.0000,46.9000,14.3200,"Filtros estándar (Score ≥6.5, DD ≥10%)"
CFG,Citizens Financial Group,Financials,Regional Banks,2016-01-29,70.8300,2026-09-04,33.1900,36.1200,DOWN,-0.2429,-0.4839,True,0.4341,1.5477,0.9830,2.1850,71.2500,63.2000,70.6900,-0.5900,12.0700,True,3.4789,NEUTRO,-5.9700,75.3300,75.3300,46.5500,-5.9700,52.1400,0.9720,True,69.6700,2,72.4700,True,-1.6400,NONE,7.0000,8.5000,7.5000,7.5000,7,5.0000,5.0000,False,4.3700,6.5600,1.5000,15.4205,10.8480,1.2428,3.6528,,0.0827,0.0094,0.2605,0.0000,0.1470,0.4130,,,,1984000000.0000,,29810892800.0000,0.9970,0.0100,2.6000,421176788.0000,6.1300,8.6200,4.2300,5.4400,,OK,0,6.4800,False,7-15d,XLF,,JPM|BAC|WFC,interest_rates|yield_curve|credit_spreads|loan_growth,42,2026-10-16,False,2026-07-16,1.3000,1.2500,4.4000,ALCISTA FUERTE,10,773.1700,9.0000,46.9000,14.3200,"Filtros estándar (Score ≥6.5, DD ≥10%)"
LLY,Lilly (Eli),Health Care,Pharmaceuticals,1970-12-31,1159.6000,2026-09-04,45.8800,48.8100,DOWN,-9.6321,-8.8587,False,0.1978,36.1536,0.9200,3.1180,1189.8800,1059.7100,1189.1900,-2.5400,9.4300,True,3.0851,NEUTRO,-10.2900,1292.6500,1292.6500,707.5900,-10.2900,63.8800,1.0060,True,1147.9100,3,1181.0400,True,-1.0100,NONE,7.0300,8.5000,5.0000,7.5000,9,6.5000,5.0000,False,6.2400,9.3500,1.5000,38.5691,24.3223,30.2447,12.8654,25.8850,1.0229,0.2036,0.3353,0.8340,0.4770,0.2620,162.0710,1.3550,11065900032.0000,26710999040.0000,0.4143,1024931856384.0000,0.5060,2.4600,0.6000,891741406.0000,6.0900,9.1800,5.8600,2.7600,0.0108,FCF/NI:0.41|D/E:162,2,6.4700,False,7-15d,XLV,,UNH|JNJ|ABBV,fda_calendar|drug_pricing_policy|patent_cliffs,55,2026-10-29,False,2026-08-05,8.3800,6.5800,27.3000,ALCISTA FUERTE,10,773.1700,9.0000,46.9000,14.3200,"Filtros estándar (Score ≥6.5, DD ≥10%)"
PLTR,Palantir Technologies,Information Technology,Application Software,2024-09-23,182.5300,2026-09-04,56.6100,62.8600,DOWN,-1.3399,0.1494,False,0.7735,7.8916,1.0610,4.3230,148.5500,151.3600,172.3900,22.8800,20.6000,False,-0.6365,ALCISTA,-3.1000,188.3700,207.5200,106.3700,-12.0400,71.6000,1.0690,True,131.6300,1,,False,-27.8900,NONE,5.9500,8.0000,5.0000,7.5000,4,5.0000,5.0000,False,8.6500,12.9700,1.5000,149.0000,75.3293,42.8540,68.0522,161.3230,0.3810,0.1729,0.4901,0.8480,0.9280,2.1540,2.1390,7.2280,2159104512.0000,3016691968.0000,0.7157,418925182976.0000,1.6210,1.5200,,2300713329.0000,6.8200,10.0000,8.0000,1.7200,0.0052,FCF/NI:0.72,1,6.4700,False,10-18d,XLK,,AAPL|MSFT|NVDA,interest_rates|ai_capex_cycle|semiconductor_cycle,59,2026-11-02,False,2026-08-03,0.4100,0.3500,18.5000,ALCISTA FUERTE,10,773.1700,9.0000,46.9000,14.3200,"Filtros estándar (Score ≥6.5, DD ≥10%)"
GNRC,Generac,Industrials,Heavy Electrical Equipment,2021-03-22,183.0200,2026-09-04,18.4700,38.5900,DOWN,-2.0492,-1.7661,False,0.1282,8.1864,0.6390,4.4730,218.7000,208.2700,199.2000,-16.3100,-12.1200,True,1.5927,BAJISTA,-38.2600,296.4400,296.4400,134.8000,-38.2600,35.7700,1.0210,False,183.8300,1,225.6700,True,0.4400,HAMMER|HAMMER,7.1500,7.0000,7.5000,5.0000,7,10.0000,7.0000,False,8.9500,13.4200,1.5000,42.9702,15.8499,3.8416,2.4905,18.7640,0.0949,0.0472,0.0582,0.3954,0.1060,0.9200,49.0030,2.0450,289056512.0000,258195008.0000,1.1195,11054841856.0000,1.9130,1.9500,,59006361.0000,6.0200,7.9200,5.4100,4.5200,0.0261,OK,0,6.4700,False,3-7d,XLI,,CAT|UNP|HON,pmi_manufacturing|supply_chain|capex_cycle,54,2026-10-28,False,2026-07-29,2.9100,2.0100,44.6000,ALCISTA FUERTE,10,773.1700,9.0000,46.9000,14.3200,"Filtros estándar (Score ≥6.5, DD ≥10%)"
TMUS,T-Mobile US,Communication Services,Wireless Telecommunication Services,2019-07-15,188.0200,2026-09-04,62.0300,51.1900,UP,0.9219,0.1775,True,1.0812,3.9102,0.6790,2.0800,180.4800,192.5900,181.4100,4.1800,-2.3700,False,-1.4927,BAJISTA,-4.9100,197.7200,251.3800,164.7100,-25.2000,14.1500,0.8400,True,185.9900,4,194.0600,True,-1.0800,HAMMER|HAMMER|DOJI,7.4500,6.5000,7.0000,7.5000,10,7.0000,7.0000,False,4.1600,6.2400,1.5000,19.0073,12.5719,3.4676,2.1121,9.2890,0.1799,0.0597,0.1145,0.6305,0.0790,0.0530,214.0350,0.9240,11335999488.0000,10560000000.0000,1.0735,194711355392.0000,0.3310,3.5900,2.1700,1072671613.0000,5.8000,5.1300,5.5000,6.9300,0.0582,D/E:214,1,6.4600,False,3-7d,XLC,,GOOGL|META|NFLX,ad_spending_cycle|streaming_competition|regulation,48,2026-10-22,False,2026-07-23,2.9900,2.6000,14.9000,ALCISTA FUERTE,10,773.1700,9.0000,46.9000,14.3200,"Filtros estándar (Score ≥6.5, DD ≥10%)"
CAH,Cardinal Health,Health Care,Health Care Distributors,1997-05-27,248.6100,2026-09-04,68.9100,48.3200,UP,1.1199,-0.2075,True,1.1479,4.8186,0.8420,1.9380,233.9400,214.8900,236.8100,6.2700,15.6900,True,2.5584,ALCISTA,-3.7500,258.3000,258.3000,144.3700,-3.7500,72.2100,0.8150,True,227.6800,1,258.3000,False,-8.4200,NONE,6.7500,10.0000,7.0000,7.5000,4,5.0000,5.0000,False,3.8800,5.8100,1.5000,34.1881,17.5595,-19.9774,0.2261,14.8730,,0.0372,0.0067,0.0384,0.0580,0.6880,,0.8830,4752500224.0000,1714000000.0000,2.7728,57488068608.0000,0.5190,2.9800,0.8300,232575728.0000,6.2700,6.8800,5.6500,6.2900,0.0827,OK,0,6.4600,False,10-18d,XLV,,UNH|JNJ|LLY,fda_calendar|drug_pricing_policy|patent_cliffs,62,2026-11-05,False,2026-08-11,2.6000,2.4200,7.4000,ALCISTA FUERTE,10,773.1700,9.0000,46.9000,14.3200,"Filtros estándar (Score ≥6.5, DD ≥10%)"
BBY,Best Buy,Consumer Discretionary,Computer & Electronics Retail,1999-06-29,87.4900,2026-09-04,51.8500,53.3600,DOWN,-0.1384,-0.7516,True,0.7622,3.7293,1.3400,4.2630,83.7500,70.2200,84.9400,4.4600,24.6000,True,1.1032,ALCISTA,-4.1400,91.2700,91.2700,54.3800,-4.1400,60.9000,0.8310,False,76.9400,2,87.3500,False,-12.0600,BULL_ENGULF|HAMMER|DOJI,6.5000,10.0000,6.0000,5.0000,4,5.0000,9.5000,False,8.5300,12.7900,1.5000,15.0200,12.5183,5.9924,0.4508,7.6790,0.4313,0.0739,0.0301,0.2268,0.0360,0.7010,129.8460,1.1170,1269624960.0000,1272000000.0000,0.9981,19025946624.0000,1.3050,4.2900,4.3900,210767126.0000,6.4400,6.1600,5.9200,7.3800,0.0667,D/E:130,1,6.4600,False,10-18d,XLY,,AMZN|TSLA|HD,consumer_spending|employment_data|interest_rates,81,2026-11-24,False,2026-08-27,1.4700,1.3800,6.5000,ALCISTA FUERTE,10,773.1700,9.0000,46.9000,14.3200,"Filtros estándar (Score ≥6.5, DD ≥10%)"
ROK,Rockwell Automation,Industrials,Electrical Components & Equipment,2000-03-12,428.2800,2026-09-04,33.4800,44.8600,DOWN,-0.2651,-0.6468,True,0.3144,9.0129,0.6500,2.1040,453.6900,417.8100,435.0200,-5.6000,2.5100,True,1.7345,NEUTRO,-13.6200,495.8300,495.8300,328.3200,-13.6200,30.4500,1.1640,True,431.8100,1,487.8500,True,0.8200,HAMMER,7.5000,8.5000,7.5000,7.5000,7,7.0000,7.0000,True,4.2100,6.3100,1.5000,40.6951,29.2175,13.7875,5.3797,24.2330,0.3063,0.0999,0.1339,0.4909,0.0790,0.4040,103.3470,1.0750,1303874944.0000,1199000064.0000,1.0875,48271753216.0000,1.5150,4.2100,1.2900,111273953.0000,5.7700,7.0500,5.8900,4.1200,0.0270,D/E:103,1,6.4600,False,7-15d,XLI,,CAT|UNP|HON,pmi_manufacturing|supply_chain|capex_cycle,62,2026-11-05,False,2026-08-03,3.4900,3.3800,3.1000,ALCISTA FUERTE,10,773.1700,9.0000,46.9000,14.3200,"Filtros estándar (Score ≥6.5, DD ≥10%)"
AVY,Avery Dennison,Materials,Paper & Plastic Packaging Products & Materials,1987-12-31,173.0300,2026-09-04,41.7100,52.1900,DOWN,-1.4712,-1.1500,False,0.1277,4.6589,0.9950,2.6930,168.9300,170.9500,175.4200,2.4300,1.2200,False,0.4039,ALCISTA,-7.3800,186.8200,196.1500,150.8300,-11.7900,14.7200,0.7770,False,155.4900,4,174.3700,False,-10.1400,NONE,6.3000,8.5000,5.0000,5.0000,6,8.0000,5.0000,False,5.3900,8.0800,1.5000,19.1532,15.6496,5.7205,1.4346,11.0420,0.3116,0.0839,0.0762,0.2898,0.1090,0.1080,158.6530,1.1320,1004600000.0000,704899968.0000,1.4252,13267472384.0000,0.8120,3.1400,2.3100,75788142.0000,6.5700,5.3000,7.0600,7.4900,0.0757,D/E:159,1,6.4600,False,10-18d,XLB,,LIN|APD|ECL,commodity_prices|dxy|china_demand|energy_costs,47,2026-10-21,False,2026-07-30,2.8900,2.4700,17.0000,ALCISTA FUERTE,10,773.1700,9.0000,46.9000,14.3200,"Filtros estándar (Score ≥6.5, DD ≥10%)"
BALL,Ball Corporation,Materials,"Metal, Glass & Plastic Containers",1984-10-31,62.9300,2026-09-04,59.2900,49.4500,UP,-0.0479,-0.0042,False,0.5550,1.1486,0.7730,1.8250,62.7000,58.6300,62.9800,0.3700,7.3300,True,2.6512,ALCISTA,-6.5400,67.3400,67.6200,44.2100,-6.9400,42.3400,1.2940,True,60.4700,4,64.3200,True,-3.9100,HAMMER|HAMMER|DOJI,7.8000,10.0000,6.0000,7.5000,9,7.0000,7.0000,False,3.6500,5.4800,1.5000,17.9570,13.8566,2.8860,1.1580,11.4450,0.1715,0.0463,0.0661,0.1863,0.1970,0.0920,131.4950,1.0690,379875008.0000,945000000.0000,0.4020,16588958720.0000,0.9510,3.4300,1.2700,264703357.0000,5.5700,7.0000,4.3900,5.2900,0.0229,FCF/NI:0.40|D/E:131,2,6.4600,False,10-18d,XLB,,LIN|APD|ECL,commodity_prices|dxy|china_demand|energy_costs,60,2026-11-03,False,2026-08-04,1.0300,0.9900,4.3000,ALCISTA FUERTE,10,773.1700,9.0000,46.9000,14.3200,"Filtros estándar (Score ≥6.5, DD ≥10%)"
ISRG,Intuitive Surgical,Health Care,Health Care Equipment,2008-06-02,369.8300,2026-09-04,33.0900,42.6700,DOWN,-1.0733,-1.1693,True,0.2488,11.5679,0.8770,3.1280,381.6700,464.7100,376.2700,-3.1000,-20.4200,False,-3.3017,BAJISTA,-16.6700,443.8400,603.8800,328.5700,-38.7600,12.5600,0.7580,True,328.5700,1,405.3400,False,-11.1600,NONE,6.0700,5.0000,7.5000,7.5000,4,6.5000,5.0000,True,6.2600,9.3800,1.5000,42.0046,30.3790,7.1429,11.9065,30.0340,0.1742,0.1051,0.2845,0.6668,0.1850,0.2650,,4.9630,2615200000.0000,3138800128.0000,0.8332,131380568064.0000,1.4650,1.7200,,358278038.0000,6.7100,9.2300,6.8800,3.5800,0.0199,OK,0,6.4500,True,3-7d,XLV,,UNH|JNJ|LLY,fda_calendar|drug_pricing_policy|patent_cliffs,46,2026-10-20,False,2026-07-16,2.8000,2.5000,11.9000,ALCISTA FUERTE,10,773.1700,9.0000,46.9000,14.3200,"Filtros estándar (Score ≥6.5, DD ≥10%)"
ALLE,Allegion,Industrials,Building Products,2013-12-02,155.5600,2026-09-04,31.0900,30.2800,UP,-1.7543,-1.8206,True,0.1895,3.9057,0.9510,2.5110,152.3100,150.4200,158.2900,2.1300,3.4200,True,-0.3695,ALCISTA,-8.9600,170.8700,181.6700,124.4900,-14.3700,24.9600,0.7350,False,133.5100,3,170.8700,False,-14.1800,NONE,6.9700,9.5000,8.5000,5.0000,6,6.5000,5.0000,False,5.0200,7.5300,1.5000,20.6194,16.0750,6.3083,3.1155,14.4190,0.3373,0.1103,0.1536,0.4480,0.1270,0.1620,104.8950,1.9300,484449984.0000,658600000.0000,0.7356,13360978944.0000,0.8450,2.8800,,85036786.0000,6.1100,6.7800,5.5900,5.9200,0.0363,FCF/NI:0.74|D/E:105,2,6.4500,False,10-18d,XLI,,CAT|UNP|HON,pmi_manufacturing|supply_chain|capex_cycle,48,2026-10-22,False,2026-07-23,2.4000,2.2200,8.3000,ALCISTA FUERTE,10,773.1700,9.0000,46.9000,14.3200,"Filtros estándar (Score ≥6.5, DD ≥10%)"
ALB,Albemarle Corporation,Materials,Specialty Chemicals,2016-07-01,132.1600,2026-09-04,44.9100,56.2000,DOWN,-0.0513,0.5602,False,0.3502,5.4379,0.8660,4.1150,128.2700,156.0500,133.4400,3.0300,-15.3100,False,2.3690,BAJISTA,-24.1900,174.3300,220.4400,70.3000,-40.0500,88.0000,1.4330,True,131.0000,1,144.0600,True,-0.8800,NONE,6.2000,7.0000,5.0000,7.5000,7,5.0000,5.0000,False,8.2300,12.3400,1.5000,485.6923,11.1779,1.8532,2.5223,12.4500,0.0265,0.0316,0.0379,0.2396,0.3110,,18.9760,2.0860,1334340224.0000,57427000.0000,23.2354,14901678080.0000,1.3340,0.0300,1.2400,118005057.0000,6.5600,7.5000,5.9800,6.1400,0.0895,OK,0,6.4200,False,3-7d,XLB,,LIN|APD|ECL,commodity_prices|dxy|china_demand|energy_costs,61,2026-11-04,False,2026-08-05,3.7500,3.2400,15.7000,ALCISTA FUERTE,10,773.1700,9.0000,46.9000,14.3200,"Filtros estándar (Score ≥6.5, DD ≥10%)"
EW,Edwards Lifesciences,Health Care,Health Care Equipment,2011-04-01,89.7800,2026-09-04,39.5200,50.9000,DOWN,-0.1912,-0.1720,False,0.2261,1.8100,0.7760,2.0160,89.6300,84.9200,90.2800,0.1600,5.7200,True,1.1023,ALCISTA,-6.7600,96.2900,96.2900,72.3000,-6.7600,24.1800,0.6600,True,89.1200,3,93.9100,True,-0.7400,NONE,7.9200,10.0000,6.5000,7.5000,9,8.5000,5.0000,False,4.0300,6.0500,1.5000,53.5119,26.6173,4.8819,7.9570,24.1930,0.0917,0.0837,0.1543,0.7784,0.1360,-0.2540,6.5680,4.5220,1232412544.0000,979900032.0000,1.2577,51818360832.0000,0.8520,2.1500,,576400000.0000,5.4100,5.0000,7.2000,3.8100,0.0238,OK,0,6.4100,False,10-18d,XLV,,UNH|JNJ|LLY,fda_calendar|drug_pricing_policy|patent_cliffs,55,2026-10-29,False,2026-07-23,0.7800,0.7400,5.1000,ALCISTA FUERTE,10,773.1700,9.0000,46.9000,14.3200,"Filtros estándar (Score ≥6.5, DD ≥10%)"
GWW,W. W. Grainger,Industrials,Industrial Machinery & Supplies & Components,1981-06-30,1312.8400,2026-09-04,47.3200,64.4100,DOWN,0.2078,1.2718,False,0.5726,24.7778,0.8120,1.8870,1338.8000,1171.6600,1314.2000,-1.9400,12.0500,True,3.1475,NEUTRO,-7.3600,1417.1400,1417.1400,901.2200,-7.3600,45.6700,0.6840,True,1339.0200,4,1292.8900,True,1.9900,HAMMER,7.0000,8.5000,5.0000,7.5000,9,5.0000,7.0000,False,3.7700,5.6600,1.5000,33.7450,25.9480,15.1015,3.3104,20.0330,0.4609,0.1993,0.0992,0.3940,0.1030,0.2050,61.9770,2.8050,1247750016.0000,1870000000.0000,0.6672,62384730112.0000,1.0340,3.2100,0.7600,47100942.0000,6.0100,6.9800,7.0100,3.7200,0.0200,FCF/NI:0.67,1,6.4100,False,7-15d,XLI,,CAT|UNP|HON,pmi_manufacturing|supply_chain|capex_cycle,61,2026-11-04,False,2026-08-04,12.0100,11.3000,6.3000,ALCISTA FUERTE,10,773.1700,9.0000,46.9000,14.3200,"Filtros estándar (Score ≥6.5, DD ≥10%)"
TKO,TKO Group Holdings,Communication Services,Movies & Entertainment,2025-03-24,189.4200,2026-09-04,37.4400,47.8400,DOWN,-0.6839,-1.3676,True,0.4058,5.3357,0.8480,2.8170,190.0200,196.3700,189.2400,-0.3200,-3.5400,False,0.4362,BAJISTA,-13.4500,218.8500,225.1500,173.9600,-15.8700,8.8900,0.7730,True,192.6400,1,189.4500,True,1.7000,NONE,6.5500,5.5000,7.5000,7.5000,8,5.0000,5.0000,True,5.6300,8.4500,1.5000,65.4965,46.6482,4.0712,6.6403,14.3070,0.0706,0.0450,0.0433,0.5946,0.1820,0.1440,59.2160,1.2780,856147520.0000,229556000.0000,3.7296,35206057984.0000,0.6430,6.9900,1.6700,73111098.0000,6.3100,9.9100,5.1200,3.5200,0.0243,OK,0,6.4100,False,3-7d,XLC,,GOOGL|META|NFLX,ad_spending_cycle|streaming_competition|regulation,61,2026-11-04,False,2026-08-03,1.3400,1.0900,23.3000,ALCISTA FUERTE,10,773.1700,9.0000,46.9000,14.3200,"Filtros estándar (Score ≥6.5, DD ≥10%)"
MCHP,Microchip Technology,Information Technology,Semiconductors,2007-09-07,73.1100,2026-09-04,33.2800,26.2700,UP,-0.0777,-0.1091,True,0.2607,2.4154,0.5310,3.3040,79.8600,76.4500,75.3700,-8.4500,-4.3700,True,2.2918,BAJISTA,-29.3000,103.4100,104.7500,47.2800,-30.2100,54.6300,0.6720,True,70.8100,1,99.3300,True,-3.1400,NONE,7.5800,7.0000,8.5000,7.5000,8,8.5000,5.0000,True,6.6100,9.9100,1.5000,109.0735,16.2470,6.2433,7.8627,29.7630,0.0719,0.0354,0.0934,0.6019,0.3800,,83.6880,1.9210,1364762496.0000,367200000.0000,3.7167,40274956288.0000,1.7420,2.9900,,543008691.0000,5.6200,7.5000,4.5700,4.6600,0.0339,D/E:84,1,6.4000,False,3-7d,XLK,,AAPL|MSFT|NVDA,interest_rates|ai_capex_cycle|semiconductor_cycle,62,2026-11-05,False,2026-08-06,0.7600,0.7000,8.7000,ALCISTA FUERTE,10,773.1700,9.0000,46.9000,14.3200,"Filtros estándar (Score ≥6.5, DD ≥10%)"
TDG,TransDigm Group,Industrials,Aerospace & Defense,2016-06-03,1157.8300,2026-09-04,21.8600,39.6600,DOWN,-5.1521,-4.4437,False,0.1268,24.3929,0.6950,2.1070,1245.3700,1270.2200,1199.5000,-7.0300,-8.8500,False,-0.8318,BAJISTA,-14.9800,1361.7700,1463.0300,1123.6100,-20.8600,3.0500,0.7450,True,1131.7400,3,1262.2600,True,-2.2500,HAMMER|DOJI,7.5500,5.0000,7.5000,7.5000,9,10.0000,7.0000,False,4.2100,6.3200,1.5000,35.2136,24.0043,-6.9180,6.4196,18.6060,,0.1182,0.2128,0.5982,0.2250,0.1090,,3.0190,1457374976.0000,1911000064.0000,0.7626,64234086400.0000,0.8930,1.9600,,55276525.0000,5.6400,6.9800,6.3000,3.3200,0.0227,OK,0,6.4000,False,3-7d,XLI,,CAT|UNP|HON,pmi_manufacturing|supply_chain|capex_cycle,62,2026-11-05,False,2026-08-04,10.8700,10.3300,5.2000,ALCISTA FUERTE,10,773.1700,9.0000,46.9000,14.3200,"Filtros estándar (Score ≥6.5, DD ≥10%)"
PGR,Progressive Corporation,Financials,Property & Casualty Insurance,1997-08-04,223.8700,2026-09-04,66.8200,52.5600,UP,0.6936,0.6354,True,0.8141,4.6179,0.8090,2.0630,217.4300,208.4100,217.8700,2.9600,7.4200,True,0.6663,ALCISTA,-6.4800,239.3800,239.3800,187.7800,-6.4800,19.2200,1.0780,True,215.9800,2,223.9200,True,-3.5200,HAMMER|DOJI,7.4000,10.0000,7.0000,7.5000,7,5.0000,7.0000,False,4.1300,6.1900,1.5000,10.9915,13.4373,3.7052,1.3979,8.8570,0.3494,0.0784,0.1285,0.1852,0.0730,0.0500,24.4280,0.2930,15114500096.0000,11694999552.0000,1.2924,127231852544.0000,0.2590,2.1300,0.1800,581100000.0000,5.7300,1.8100,8.2400,7.3600,0.1188,OK,0,6.4000,False,10-18d,XLF,,JPM|BAC|WFC,interest_rates|yield_curve|credit_spreads|loan_growth,40,2026-10-14,False,2026-07-15,4.8500,4.8400,33.0000,ALCISTA FUERTE,10,773.1700,9.0000,46.9000,14.3200,"Filtros estándar (Score ≥6.5, DD ≥10%)"
STE,Steris,Health Care,Health Care Equipment,2019-12-23,226.8300,2026-09-04,38.8100,41.5900,DOWN,-1.6492,-1.0764,False,-0.0620,4.9807,0.8830,2.1960,225.0400,232.3600,231.9400,0.7900,-2.3800,False,-0.5263,BAJISTA,-6.0300,241.3900,267.9600,194.5600,-15.3500,16.5900,0.8550,True,221.1200,9,235.6600,True,-2.5200,HAMMER,7.5000,6.5000,6.5000,7.5000,10,8.0000,7.0000,False,4.3900,6.5900,1.5000,27.4225,18.3382,3.0385,3.6269,14.4420,0.1139,0.0680,0.1333,0.4442,0.0730,0.1400,28.3120,1.9060,798862528.0000,805000000.0000,0.9924,21897549824.0000,0.9140,3.0700,1.1400,97500110.0000,5.6300,4.5000,6.7400,5.6500,0.0365,OK,0,6.3800,False,3-7d,XLV,,UNH|JNJ|LLY,fda_calendar|drug_pricing_policy|patent_cliffs,61,2026-11-04,False,2026-08-05,2.5900,2.4900,3.9000,ALCISTA FUERTE,10,773.1700,9.0000,46.9000,14.3200,"Filtros estándar (Score ≥6.5, DD ≥10%)"
GL,Globe Life,Financials,Life & Health Insurance,1989-04-30,176.5200,2026-09-04,41.1400,34.8400,UP,-0.0997,-0.6224,True,0.5229,3.6279,0.9370,2.0550,178.5100,153.3600,175.5600,-1.1100,15.1000,True,2.9247,NEUTRO,-7.8500,191.5500,191.5500,127.0700,-7.8500,38.9200,0.8060,True,174.8400,1,181.9900,True,-0.9500,HAMMER,7.1000,8.5000,7.0000,7.5000,7,5.0000,7.0000,False,4.1100,6.1700,1.5000,11.5871,10.5502,2.1814,2.1629,9.8420,0.2094,0.0336,0.1958,0.3391,0.0800,0.1970,55.6750,0.7950,1163503360.0000,1212199040.0000,0.9598,13392553984.0000,0.4620,0.0600,0.7500,76849447.0000,5.8800,4.2600,6.1200,7.4800,0.0869,OK,0,6.3700,False,7-15d,XLF,,JPM|BAC|WFC,interest_rates|yield_curve|credit_spreads|loan_growth,47,2026-10-21,False,2026-07-22,3.6100,3.6800,-2.0000,ALCISTA FUERTE,10,773.1700,9.0000,46.9000,14.3200,"Filtros estándar (Score ≥6.5, DD ≥10%)"
BAX,Baxter International,Health Care,Health Care Equipment,1972-09-30,25.5700,2026-09-04,36.2800,31.8400,UP,-0.2798,-0.2716,False,0.1725,0.7155,0.7980,2.7980,24.6200,20.2900,25.9500,3.8500,26.0400,True,3.2252,ALCISTA,-14.7300,29.9900,29.9900,15.7200,-14.7300,62.7000,0.8690,True,25.7400,1,29.9900,True,0.6700,NONE,7.8300,10.0000,7.5000,7.5000,7,8.5000,5.0000,False,5.6000,8.4000,1.5000,,12.6841,2.1518,1.1643,10.9920,-0.1437,0.0285,-0.0927,0.3410,0.0530,0.3680,156.4490,1.9460,1000374976.0000,-968000000.0000,-1.0334,13354006528.0000,0.5950,3.1900,,516995999.0000,5.4000,6.6800,2.5500,7.2400,0.0749,FCF/NI:-1.03|D/E:156|ROE:-14.4%,3,6.3700,False,10-18d,XLV,,UNH|JNJ|LLY,fda_calendar|drug_pricing_policy|patent_cliffs,55,2026-10-29,False,2026-07-30,0.5600,0.3700,52.5000,ALCISTA FUERTE,10,773.1700,9.0000,46.9000,14.3200,"Filtros estándar (Score ≥6.5, DD ≥10%)"
MAA,Mid-America Apartment Communities,Real Estate,Multi-Family Residential REITs,2016-12-02,128.5600,2026-09-04,33.6400,33.3900,UP,-0.2903,-0.3143,True,0.1417,1.9893,0.7760,1.5470,133.5500,129.8900,130.9200,-3.7400,-1.0300,True,0.3993,BAJISTA,-9.9500,142.7600,142.7600,117.4800,-9.9400,9.4300,0.9440,True,126.1400,1,130.0500,True,-1.8800,NONE,7.8000,7.0000,8.5000,7.5000,8,10.0000,5.0000,False,3.0900,4.6400,1.5000,37.5205,39.1271,2.7396,6.8801,16.7420,0.0705,0.0313,0.1817,0.5839,0.0100,0.1370,102.3770,0.0480,921182272.0000,399288992.0000,2.3071,15265434624.0000,0.7150,3.9400,4.7600,116021957.0000,5.4000,4.4600,5.2100,6.7200,0.0603,D/E:102,1,6.3600,False,3-7d,XLRE,,PLD|AMT|EQIX,interest_rates|cap_rates|occupancy_trends,54,2026-10-28,False,2026-07-29,1.0400,0.7800,33.8000,ALCISTA FUERTE,10,773.1700,9.0000,46.9000,14.3200,"Filtros estándar (Score ≥6.5, DD ≥10%)"
CDNS,Cadence Design Systems,Information Technology,Application Software,2017-09-18,304.8800,2026-09-04,39.4000,56.0100,DOWN,-0.7432,3.7212,False,0.0821,11.0586,0.7820,3.6270,343.1500,327.2200,326.1100,-11.1500,-6.8300,True,-0.2024,BAJISTA,-24.4200,403.3800,416.6900,262.7500,-26.8300,16.0300,1.0140,True,268.8000,1,347.7200,False,-11.8300,NONE,6.8500,6.5000,6.5000,7.5000,5,10.0000,5.0000,False,7.2500,10.8800,1.5000,58.1909,30.6697,11.7541,13.8083,39.4640,0.2323,0.1061,0.2361,0.8587,0.2420,1.2540,38.6610,1.7430,1609676544.0000,1377993984.0000,1.1681,80607535104.0000,1.1370,1.8500,,275393000.0000,6.0300,8.0200,6.1100,3.6100,0.0200,OK,0,6.3600,False,3-7d,XLK,,AAPL|MSFT|NVDA,interest_rates|ai_capex_cycle|semiconductor_cycle,52,2026-10-26,False,2026-07-27,2.1100,2.0600,2.7000,ALCISTA FUERTE,10,773.1700,9.0000,46.9000,14.3200,"Filtros estándar (Score ≥6.5, DD ≥10%)"
ULTA,Ulta Beauty,Consumer Discretionary,Other Specialty Retail,2016-04-18,557.1100,2026-09-04,64.3900,41.8300,UP,1.2806,-0.9732,True,0.8412,21.0286,1.3470,3.7750,504.1000,556.0200,531.8700,10.5200,0.2000,False,0.2221,ALCISTA,-1.9900,568.4400,714.9700,443.6000,-22.0800,25.5900,0.9140,False,512.9100,1,566.7300,False,-7.9300,HAMMER,6.1500,8.5000,7.0000,5.0000,4,5.0000,7.0000,False,7.5500,11.3200,1.5000,20.5359,17.6099,8.8873,1.8618,13.5090,0.4612,0.1484,0.0934,0.4310,0.0890,0.1330,95.4720,1.3450,914087360.0000,1210027008.0000,0.7554,24120344576.0000,0.8540,3.4900,,42757471.0000,6.5000,7.5400,6.3700,5.4400,0.0379,D/E:95,1,6.3600,False,10-18d,XLY,,AMZN|TSLA|HD,consumer_spending|employment_data|interest_rates,-8,2026-12-03,False,2026-08-27,6.5500,6.2000,5.6000,ALCISTA FUERTE,10,773.1700,9.0000,46.9000,14.3200,"Filtros estándar (Score ≥6.5, DD ≥10%)"
NDSN,Nordson Corporation,Industrials,Industrial Machinery & Supplies & Components,2022-02-15,317.4900,2026-09-04,56.6400,69.4900,DOWN,-1.7913,0.1232,False,0.4662,8.3336,1.2230,2.6250,304.5900,277.7500,317.9700,4.2300,14.3100,True,3.2434,ALCISTA,-6.3800,339.1200,339.1200,217.4900,-6.3800,45.9800,0.5070,True,302.9200,1,315.6800,False,-4.5900,HAMMER|DOJI|HAMMER,6.5500,10.0000,5.0000,7.5000,4,5.0000,7.0000,False,5.2500,7.8700,1.5000,32.2553,24.5980,5.4243,5.9509,20.2410,0.1776,0.0847,0.1863,0.5539,0.1030,0.2300,55.6190,1.8230,613806656.0000,555177984.0000,1.1056,17732450304.0000,0.9720,4.5900,1.1800,55699366.0000,6.2300,7.5500,5.7400,5.2600,0.0346,OK,0,6.3600,False,10-18d,XLI,,CAT|UNP|HON,pmi_manufacturing|supply_chain|capex_cycle,-16,2026-12-09,False,2026-08-19,3.2500,3.0900,5.0000,ALCISTA FUERTE,10,773.1700,9.0000,46.9000,14.3200,"Filtros estándar (Score ≥6.5, DD ≥10%)"
PAYX,Paychex,Industrials,Human Resource & Employment Services,1998-10-01,125.0800,2026-09-04,58.0700,63.2600,DOWN,-0.4489,-0.0315,False,0.6496,2.7736,0.8160,2.2170,115.3800,102.0400,123.0600,8.4000,22.5800,True,1.0050,ALCISTA,-2.2700,127.9800,132.3600,83.5000,-5.5000,49.8000,1.3540,True,118.4800,1,125.3200,False,-5.2800,NONE,6.7500,10.0000,5.0000,9.5000,4,5.0000,5.0000,False,4.4300,6.6500,1.5000,24.8896,19.0448,11.5870,10.9098,29.8350,,,0.2663,0.6720,0.1250,0.4340,123.9670,1.1520,,,,43290161152.0000,,6.3700,3.8100,355682860.0000,6.1000,8.5300,4.6800,4.9400,,D/E:124,1,6.3600,False,10-18d,XLI,,CAT|UNP|HON,pmi_manufacturing|supply_chain|capex_cycle,25,2026-09-29,False,2026-06-24,1.3200,1.3100,91.0000,ALCISTA FUERTE,10,773.1700,9.0000,46.9000,14.3200,"Filtros estándar (Score ≥6.5, DD ≥10%)"
AMP,Ameriprise Financial,Financials,Asset Management & Custody Banks,2005-10-03,565.0800,2026-09-04,47.3900,53.0200,DOWN,-2.5284,-3.0926,True,0.7291,12.1307,1.0210,2.1470,532.4600,484.2800,553.9400,6.1300,16.6900,True,2.0616,ALCISTA,-1.3100,572.5600,572.5600,419.5200,-1.3100,34.7000,1.2340,True,546.6600,1,572.5600,True,-3.2600,NONE,7.0000,10.0000,6.0000,7.5000,7,5.0000,5.0000,False,4.2900,6.4400,1.5000,13.5532,10.8492,7.7884,2.4959,,0.6343,0.0228,0.1990,0.5493,0.1160,0.1170,67.5780,2.1820,2903124992.0000,3948000000.0000,0.7353,49516068864.0000,1.1340,4.7900,1.2000,88333219.0000,5.9100,4.0400,6.9300,6.8800,0.0586,FCF/NI:0.74,1,6.3500,False,10-18d,XLF,,JPM|BAC|WFC,interest_rates|yield_curve|credit_spreads|loan_growth,55,2026-10-29,False,2026-07-23,11.0700,10.8100,2.4000,ALCISTA FUERTE,10,773.1700,9.0000,46.9000,14.3200,"Filtros estándar (Score ≥6.5, DD ≥10%)"
CSCO,Cisco,Information Technology,Communications Equipment,1993-12-01,108.6100,2026-09-04,38.8700,33.4600,UP,-0.3618,-0.4117,True,0.2613,2.1371,0.5520,1.9680,114.4300,94.0800,112.0800,-5.0800,15.4400,True,4.6475,NEUTRO,-12.9100,124.7100,129.8800,64.7900,-16.3800,67.6400,0.7210,True,109.2300,1,122.0200,True,0.5700,HAMMER|HAMMER|DOJI,7.9300,8.5000,8.5000,7.5000,7,8.5000,7.0000,True,3.9400,5.9000,1.5000,32.7928,19.4921,8.5755,6.7987,23.7890,0.2732,0.0798,0.2095,0.6452,0.1760,0.5210,62.0170,0.9310,11182624768.0000,13267000320.0000,0.8429,430530461696.0000,0.9920,2.5800,1.5500,3942586873.0000,5.2900,5.2100,5.7800,4.8000,0.0260,OK,0,6.3500,False,7-15d,XLK,,AAPL|MSFT|NVDA,interest_rates|ai_capex_cycle|semiconductor_cycle,69,2026-11-12,False,2026-08-12,1.2200,1.1700,4.4000,ALCISTA FUERTE,10,773.1700,9.0000,46.9000,14.3200,"Filtros estándar (Score ≥6.5, DD ≥10%)"
UHS,Universal Health Services,Health Care,Health Care Facilities,2014-09-20,169.2100,2026-09-04,48.8700,48.4100,UP,-1.3205,-0.8826,False,0.2371,4.6308,0.8840,2.7370,162.6100,185.8300,170.4000,4.0600,-8.9400,False,-2.4448,BAJISTA,-5.8500,179.7300,245.2600,139.9200,-31.0100,20.9400,0.7790,True,164.7100,1,179.7300,True,-2.6600,HAMMER|HAMMER|DOJI,6.7200,6.5000,6.0000,7.5000,7,6.5000,7.0000,False,5.4700,8.2100,1.5000,6.9245,7.0634,1.3307,0.5520,5.6440,0.2095,0.0832,0.0842,0.4461,0.0830,0.1010,68.7400,1.1160,498316992.0000,1526027008.0000,0.3265,9998579712.0000,1.0610,2.7000,0.4700,51687770.0000,6.0900,4.2100,5.2500,9.2700,0.0498,FCF/NI:0.33,1,6.3400,False,3-7d,XLV,,UNH|JNJ|LLY,fda_calendar|drug_pricing_policy|patent_cliffs,52,2026-10-26,False,2026-07-27,5.9800,6.0100,-45.0000,ALCISTA FUERTE,10,773.1700,9.0000,46.9000,14.3200,"Filtros estándar (Score ≥6.5, DD ≥10%)"
VRTX,Vertex Pharmaceuticals,Health Care,Biotechnology,2013-09-23,557.9600,2026-09-04,76.2200,69.0800,UP,0.2913,0.5164,False,0.8072,12.5957,0.8820,2.2570,507.4500,465.5900,535.0600,9.9500,19.8400,True,2.4849,ALCISTA,-0.4100,560.2500,560.2500,374.1700,-0.4100,49.1200,0.7100,True,466.7000,3,555.6900,False,-16.3600,HAMMER|HAMMER,7.0500,10.0000,6.0000,7.5000,6,5.0000,7.0000,False,4.5100,6.7700,1.5000,31.7696,25.0838,6.8332,10.9969,26.5750,0.2354,0.1193,0.3500,0.5496,0.1250,0.0800,9.7670,3.1850,2627887616.0000,4405199872.0000,0.5965,138420076544.0000,0.3200,3.1100,,253460924.0000,5.8500,5.5700,7.9100,3.7900,0.0190,FCF/NI:0.60,1,6.3300,False,10-18d,XLV,,UNH|JNJ|LLY,fda_calendar|drug_pricing_policy|patent_cliffs,59,2026-11-02,False,2026-08-03,4.7300,4.7500,-32.0000,ALCISTA FUERTE,10,773.1700,9.0000,46.9000,14.3200,"Filtros estándar (Score ≥6.5, DD ≥10%)"
BA,Boeing,Industrials,Aerospace & Defense,1957-03-04,210.5100,2026-09-04,18.9900,10.9000,UP,-1.2569,-2.1227,True,0.2933,4.1950,0.6430,1.9930,219.5300,220.1400,215.2800,-4.1100,-4.3800,False,0.6022,BAJISTA,-12.6800,241.0900,254.3500,176.7700,-17.2400,19.0900,1.2820,True,214.4500,3,231.8200,True,1.8700,HAMMER,7.9800,5.5000,9.5000,7.5000,10,8.5000,7.0000,True,3.9900,5.9800,1.5000,76.3489,51.5065,27.5078,1.7847,-67.4030,1.7354,-0.0198,0.0259,0.0471,0.0800,,790.8750,1.1380,5625375232.0000,2088999936.0000,2.6929,167756038144.0000,1.2210,0.0100,,790370020.0000,5.2300,4.5800,6.8000,4.1500,0.0335,D/E:791,1,6.3300,False,5-10d,XLI,,CAT|UNP|HON,pmi_manufacturing|supply_chain|capex_cycle,54,2026-10-28,False,2026-07-28,-0.7600,-0.3100,-141.5000,ALCISTA FUERTE,10,773.1700,9.0000,46.9000,14.3200,"Filtros estándar (Score ≥6.5, DD ≥10%)"
YUM,Yum! Brands,Consumer Discretionary,Restaurants,1997-10-06,152.5400,2026-09-04,57.5600,49.9900,UP,0.2503,0.6594,False,0.6229,3.5971,0.8620,2.3580,153.2400,154.0700,151.7900,-0.4600,-0.9900,False,0.4492,BAJISTA,-10.3400,170.1400,170.1400,135.3900,-10.3400,12.6600,0.6720,True,149.7800,3,154.8600,True,-1.8100,HAMMER,6.7500,5.5000,6.0000,7.5000,10,5.0000,7.0000,False,4.7200,7.0700,1.5000,18.9572,20.2078,-5.6992,4.7155,17.7180,,0.2269,0.2541,0.4531,0.1220,1.3160,,0.5920,833249984.0000,2216000000.0000,0.3760,41128923136.0000,0.5510,3.1500,1.9700,272901085.0000,6.0400,10.0000,4.3200,3.4400,0.0203,FCF/NI:0.38,1,6.3200,False,3-7d,XLY,,AMZN|TSLA|HD,consumer_spending|employment_data|interest_rates,60,2026-11-03,False,2026-07-30,1.6200,1.5600,3.7000,ALCISTA FUERTE,10,773.1700,9.0000,46.9000,14.3200,"Filtros estándar (Score ≥6.5, DD ≥10%)"
FRT,Federal Realty Investment Trust,Real Estate,Retail REITs,2016-02-01,117.1600,2026-09-04,41.4900,39.2700,UP,0.1504,-0.0470,True,0.4007,1.4457,0.7580,1.2340,120.9500,109.6400,118.1000,-3.1400,6.8600,True,2.1007,NEUTRO,-8.6200,128.2100,128.2100,87.2700,-8.6200,34.2500,0.6770,True,117.8000,7,126.3300,True,0.5500,HAMMER,7.7000,8.5000,7.0000,7.5000,9,7.0000,7.0000,False,2.4700,3.7000,1.5000,23.7024,36.6859,3.1745,7.6648,18.2990,0.1255,0.0326,0.3266,0.6814,0.0720,-0.4560,134.1140,0.5640,456137632.0000,426705984.0000,1.0690,10235812864.0000,0.9190,0.0200,3.9600,86889133.0000,5.3900,3.5800,6.3300,6.4100,0.0446,D/E:134,1,6.3100,False,7-15d,XLRE,,PLD|AMT|EQIX,interest_rates|cap_rates|occupancy_trends,56,2026-10-30,False,2026-07-31,0.9700,0.7200,35.3000,ALCISTA FUERTE,10,773.1700,9.0000,46.9000,14.3200,"Filtros estándar (Score ≥6.5, DD ≥10%)"
CHTR,Charter Communications,Communication Services,Cable & Satellite,2016-09-08,151.3800,2026-09-04,47.9500,46.3700,UP,-0.3861,-0.4252,True,0.4670,8.2021,1.1170,5.4180,142.8200,182.4200,150.4300,5.9900,-17.0100,False,-4.0670,BAJISTA,-9.9500,168.1100,285.8200,111.5500,-47.0400,35.7100,1.3740,True,143.9700,1,150.5400,False,-4.8900,HAMMER|DOJI,6.2500,6.5000,7.0000,7.5000,4,5.0000,7.0000,False,10.8400,16.2500,1.5000,3.9540,3.4463,1.0694,0.3766,5.4640,0.2720,0.0531,0.0905,0.5519,-0.0170,0.1610,441.5780,0.3610,2198374912.0000,4924000256.0000,0.4465,20484831232.0000,0.6870,8.1400,,119277492.0000,6.3500,5.0000,4.9300,9.5800,0.1073,FCF/NI:0.45|D/E:442,2,6.3100,False,3-7d,XLC,,GOOGL|META|NFLX,ad_spending_cycle|streaming_competition|regulation,56,2026-10-30,False,2026-07-24,10.6600,10.0600,5.9000,ALCISTA FUERTE,10,773.1700,9.0000,46.9000,14.3200,"Filtros estándar (Score ≥6.5, DD ≥10%)"
UAL,United Airlines Holdings,Industrials,Passenger Airlines,2015-09-03,108.6600,2026-09-04,26.9200,26.2400,UP,-1.0889,-1.3690,True,0.2247,3.7350,0.7830,3.4370,122.0700,108.1800,114.7300,-10.9800,0.4400,True,1.9163,NEUTRO,-21.7000,138.7700,138.7700,84.6400,-21.7000,28.3800,0.9970,True,102.6800,3,117.9600,False,-5.5000,HAMMER,7.9800,8.5000,9.5000,7.5000,6,8.5000,7.0000,True,6.8700,10.3100,1.5000,10.4288,7.3584,2.1652,0.5747,7.3760,0.2325,0.0338,0.0556,0.3182,0.1600,-0.1720,201.6410,0.7800,910124992.0000,3496000000.0000,0.2603,36150575104.0000,1.2920,5.2800,,324569728.0000,5.1900,4.6600,3.8200,7.3900,0.0252,FCF/NI:0.26|D/E:202,2,6.3100,False,7-15d,XLI,,CAT|UNP|HON,pmi_manufacturing|supply_chain|capex_cycle,47,2026-10-21,False,2026-07-15,1.9900,1.8500,7.6000,ALCISTA FUERTE,10,773.1700,9.0000,46.9000,14.3200,"Filtros estándar (Score ≥6.5, DD ≥10%)"
REGN,Regeneron Pharmaceuticals,Health Care,Biotechnology,2013-05-01,843.4700,2026-09-04,61.6100,58.5100,UP,-2.8129,-7.1182,True,0.8727,20.3750,1.1170,2.4160,733.1000,729.7500,805.4100,15.0500,15.5800,True,2.5712,ALCISTA,-1.8500,859.3400,859.3400,538.2400,-1.8500,56.7100,0.7090,True,667.0700,1,847.0000,False,-20.9100,NONE,6.7500,10.0000,7.0000,7.5000,4,5.0000,5.0000,False,4.8300,7.2500,1.5000,20.4881,13.6560,2.6184,5.4856,16.7860,0.1404,0.0653,0.2787,0.4446,0.1670,-0.0450,8.5350,3.3350,3065299968.0000,4328699904.0000,0.7081,85217902592.0000,0.1930,3.0000,0.4500,101137842.0000,6.0000,5.0000,6.8900,6.1300,0.0360,FCF/NI:0.71,1,6.3000,False,10-18d,XLV,,UNH|JNJ|LLY,fda_calendar|drug_pricing_policy|patent_cliffs,54,2026-10-28,False,2026-07-30,14.2900,10.2100,40.0000,ALCISTA FUERTE,10,773.1700,9.0000,46.9000,14.3200,"Filtros estándar (Score ≥6.5, DD ≥10%)"
CVNA,Carvana,Consumer Discretionary,Automotive Retail,2025-12-22,73.4300,2026-09-04,46.5300,54.5500,DOWN,-0.0162,0.1921,False,0.5997,3.6624,0.9140,4.9880,68.6000,72.9800,71.9200,7.0400,0.6200,False,0.9533,ALCISTA,-4.3900,76.8000,97.3800,54.4600,-24.5900,34.8200,0.7090,True,64.7600,1,73.2800,False,-11.8100,HAMMER|DOJI,6.2500,8.5000,5.0000,7.5000,4,5.0000,7.0000,False,9.9800,14.9600,1.5000,39.4656,32.9741,13.3149,3.2996,22.5250,0.5877,0.1170,0.0626,0.1937,0.5240,0.6150,110.8800,3.9260,424375008.0000,1568000000.0000,0.2706,82680307712.0000,3.4970,6.5400,,719916415.0000,6.3200,10.0000,6.2300,2.1400,0.0051,FCF/NI:0.27|D/E:111,2,6.2900,False,10-18d,XLY,,AMZN|TSLA|HD,consumer_spending|employment_data|interest_rates,54,2026-10-28,False,2026-07-29,0.4200,0.3800,10.1000,ALCISTA FUERTE,10,773.1700,9.0000,46.9000,14.3200,"Filtros estándar (Score ≥6.5, DD ≥10%)"
TXN,Texas Instruments,Information Technology,Semiconductors,2001-03-12,253.8300,2026-09-04,26.6200,32.3300,DOWN,-0.8378,-0.6349,False,0.1619,7.9107,0.6190,3.1170,280.3500,236.9500,265.6300,-9.4600,7.1300,True,4.6932,NEUTRO,-23.6200,332.3300,332.3300,150.2000,-23.6200,68.9900,0.7740,True,255.1800,1,284.9200,True,0.5300,HAMMER,7.7200,8.5000,7.5000,7.5000,7,8.5000,7.0000,False,6.2300,9.3500,1.5000,39.3364,24.2784,13.1035,12.1328,25.0900,0.3518,0.1306,0.3111,0.5833,0.2280,0.5180,78.0360,4.8570,3545250048.0000,6016999936.0000,0.5892,236019728384.0000,1.3250,2.6000,2.2400,913247686.0000,5.3400,5.9500,6.2700,3.5400,0.0150,FCF/NI:0.59,1,6.2900,False,7-15d,XLK,,AAPL|MSFT|NVDA,interest_rates|ai_capex_cycle|semiconductor_cycle,53,2026-10-27,False,2026-07-22,2.1400,1.9400,10.5000,ALCISTA FUERTE,10,773.1700,9.0000,46.9000,14.3200,"Filtros estándar (Score ≥6.5, DD ≥10%)"
CSGP,CoStar Group,Real Estate,Real Estate Services,2022-09-19,31.6800,2026-09-04,46.2000,54.4400,DOWN,-0.1426,-0.0408,False,0.4344,1.3193,0.8680,4.1640,30.2500,43.9100,31.6100,4.7300,-27.8500,False,-8.3256,BAJISTA,-8.8900,34.7700,91.8900,25.8900,-65.5200,22.3600,0.6750,False,28.1800,1,31.3700,False,-11.0500,HAMMER|DOJI|HAMMER,5.3500,6.5000,5.0000,5.0000,4,5.0000,7.0000,False,8.3300,12.4900,1.5000,171.7222,17.8387,1.5774,3.5221,32.3320,0.0089,0.0047,0.0208,0.7868,0.1840,12.6100,14.5370,2.2140,412700000.0000,74000000.0000,5.5770,12524657664.0000,0.7470,2.1500,,405197588.0000,6.9200,10.0000,5.9100,4.4900,0.0330,OK,0,6.2900,False,3-7d,XLRE,,PLD|AMT|EQIX,interest_rates|cap_rates|occupancy_trends,53,2026-10-27,False,2026-07-28,0.3200,0.2900,11.9000,ALCISTA FUERTE,10,773.1700,9.0000,46.9000,14.3200,"Filtros estándar (Score ≥6.5, DD ≥10%)"
APO,Apollo Global Management,Financials,Asset Management & Custody Banks,2024-12-23,134.4900,2026-09-04,38.9200,58.8300,DOWN,-0.4706,-0.2210,False,0.5130,3.8828,0.8820,2.8870,126.3400,126.7100,132.6300,6.4500,6.1400,False,0.6837,ALCISTA,-6.4200,143.7200,151.3900,98.7200,-11.1600,36.2300,0.6090,True,122.2100,2,134.8200,False,-9.1300,NONE,6.3500,8.5000,6.5000,7.5000,4,5.0000,5.0000,False,5.7700,8.6600,1.5000,47.5694,12.4509,3.9265,2.2175,,0.1141,0.0094,0.0527,0.3614,0.6380,0.6370,100.9690,1.9480,,1888000000.0000,,78937907200.0000,1.5140,5.0900,1.6700,590543159.0000,6.2500,10.0000,4.4400,4.0000,,OK,0,6.2900,False,10-18d,XLF,,JPM|BAC|WFC,interest_rates|yield_curve|credit_spreads|loan_growth,60,2026-11-03,False,2026-08-04,2.1100,2.1600,-2.2000,ALCISTA FUERTE,10,773.1700,9.0000,46.9000,14.3200,"Filtros estándar (Score ≥6.5, DD ≥10%)"
MKC,McCormick & Company,Consumer Staples,Packaged Foods & Meats,2003-03-20,52.5800,2026-09-04,41.3100,57.4500,DOWN,-0.3532,-0.1273,False,0.0913,1.4943,0.9400,2.8420,52.7200,56.4200,54.0000,-0.2700,-6.8000,False,-1.6680,BAJISTA,-7.5400,56.8700,71.1300,44.4200,-26.0700,18.3800,1.0420,True,49.8400,3,53.9200,False,-5.2200,NONE,6.2500,5.0000,5.0000,7.5000,7,8.0000,5.0000,False,5.6800,8.5300,1.5000,8.6656,15.7964,2.0015,1.8958,13.3080,0.2473,0.0514,0.2191,0.3885,0.1670,-0.1420,65.1430,0.7810,714025024.0000,1618400000.0000,0.4412,14001788928.0000,0.6270,0.0000,,254055150.0000,6.3100,5.0000,5.1900,9.1500,0.0510,FCF/NI:0.44,1,6.2900,False,3-7d,XLP,,PG|KO|PEP,inflation|input_costs|fx_rates,27,2026-10-01,False,2026-06-25,0.8000,0.7000,14.8000,ALCISTA FUERTE,10,773.1700,9.0000,46.9000,14.3200,"Filtros estándar (Score ≥6.5, DD ≥10%)"
HII,Huntington Ingalls Industries,Industrials,Aerospace & Defense,2018-01-03,290.7300,2026-09-04,17.2500,25.7400,DOWN,-2.6014,-3.5119,True,0.2455,7.6317,0.8330,2.6250,295.9300,344.9600,299.2500,-1.7600,-15.7200,False,0.1395,BAJISTA,-12.6900,332.9800,455.9000,259.6800,-36.2300,11.9600,0.7340,True,285.6300,2,294.8200,True,-1.7500,BULL_ENGULF|HAMMER|DOJI,7.2800,5.5000,8.5000,7.5000,7,6.5000,9.5000,True,5.2500,7.8800,1.5000,17.0196,13.7237,2.1210,0.8545,12.2900,0.1297,0.0428,0.0501,0.1240,0.1090,0.3650,55.2520,1.2300,-300249984.0000,661000000.0000,-0.4542,11266957312.0000,0.2250,1.8500,1.9000,39404598.0000,5.6000,8.0200,4.0100,4.6200,-0.0266,FCF/NI:-0.45,1,6.2700,False,5-10d,XLI,,CAT|UNP|HON,pmi_manufacturing|supply_chain|capex_cycle,55,2026-10-29,False,2026-07-30,5.2700,3.8200,38.0000,ALCISTA FUERTE,10,773.1700,9.0000,46.9000,14.3200,"Filtros estándar (Score ≥6.5, DD ≥10%)"
LYV,Live Nation Entertainment,Communication Services,Movies & Entertainment,2019-12-23,177.4900,2026-09-04,34.9200,49.9700,DOWN,-0.8830,-0.6279,False,0.0815,4.1400,0.8850,2.3330,181.6000,160.2400,181.2900,-2.2600,10.7700,True,2.2719,NEUTRO,-6.2100,189.2500,189.2500,125.3400,-6.2100,41.6100,0.8620,True,179.8300,1,176.0000,True,1.3200,NONE,7.2500,8.5000,6.5000,7.5000,7,8.0000,5.0000,False,4.6700,7.0000,1.5000,,91.8913,485.9944,1.5384,29.2080,0.1768,0.0210,0.0051,0.2578,0.0940,1.5620,620.2140,0.8520,1695030656.0000,-258028992.0000,-6.5691,40418471936.0000,1.1160,12.1400,,232959505.0000,5.6100,7.2900,4.0300,5.4800,0.0419,FCF/NI:-6.57|D/E:620,2,6.2700,False,7-15d,XLC,,GOOGL|META|NFLX,ad_spending_cycle|streaming_competition|regulation,60,2026-11-03,False,2026-07-30,1.0500,0.5700,82.9000,ALCISTA FUERTE,10,773.1700,9.0000,46.9000,14.3200,"Filtros estándar (Score ≥6.5, DD ≥10%)"
SHW,Sherwin-Williams,Materials,Specialty Chemicals,1964-06-30,332.2600,2026-09-04,26.7400,28.5100,DOWN,-3.1631,-2.4194,False,0.1158,7.7266,0.8340,2.3250,342.4800,332.5800,343.3700,-2.9800,-0.1000,True,0.3670,BAJISTA,-10.5100,371.3000,375.0900,289.1900,-11.4200,14.8900,1.0020,True,326.0200,2,340.0900,True,-1.8800,NONE,7.3000,7.0000,7.5000,7.5000,8,8.0000,5.0000,False,4.6500,6.9800,1.5000,30.8135,24.5121,20.8921,3.3187,20.1570,0.6512,0.0952,0.1101,0.4898,0.0750,0.1430,389.9580,0.7270,2506037504.0000,2688199936.0000,0.9322,81010819072.0000,1.0890,3.1700,0.9600,242758151.0000,5.5800,5.2000,6.7400,4.6600,0.0309,D/E:390,1,6.2700,False,3-7d,XLB,,LIN|APD|ECL,commodity_prices|dxy|china_demand|energy_costs,53,2026-10-27,False,2026-07-28,3.7000,3.5200,5.1000,ALCISTA FUERTE,10,773.1700,9.0000,46.9000,14.3200,"Filtros estándar (Score ≥6.5, DD ≥10%)"
SNA,Snap-on,Industrials,Industrial Machinery & Supplies & Components,1982-09-30,384.1900,2026-09-04,27.6800,22.8300,UP,-1.7863,-1.4471,False,0.1785,5.7644,0.7170,1.5000,401.1200,371.7400,393.5800,-4.2200,3.3500,True,1.7501,NEUTRO,-8.6200,420.4100,420.4100,312.3400,-8.6200,23.0000,0.6720,True,359.5600,1,382.8400,False,-6.4100,HAMMER,7.4800,8.5000,8.5000,7.5000,4,8.5000,7.0000,False,3.0000,4.5000,1.5000,19.5508,17.9496,3.2789,3.7558,13.8210,0.1793,0.0985,0.1960,0.5183,0.0420,0.0510,21.5950,3.4330,1109474944.0000,1033699968.0000,1.0733,19811487744.0000,0.7230,8.3600,,51727124.0000,5.4400,1.5100,7.2500,7.9100,0.0560,OK,0,6.2600,False,7-15d,XLI,,CAT|UNP|HON,pmi_manufacturing|supply_chain|capex_cycle,41,2026-10-15,False,2026-07-23,4.9600,4.9500,26.0000,ALCISTA FUERTE,10,773.1700,9.0000,46.9000,14.3200,"Filtros estándar (Score ≥6.5, DD ≥10%)"
DLR,Digital Realty,Real Estate,Data Center REITs,2016-05-18,187.7900,2026-09-04,32.4900,47.5000,DOWN,-1.2681,-1.3333,True,0.2981,5.2664,0.9750,2.8040,186.8300,177.3300,189.4100,0.5100,5.9000,True,1.4596,ALCISTA,-9.4900,207.4700,207.4700,144.2800,-9.4900,30.1600,0.7080,True,190.2900,1,193.6000,True,1.3300,HAMMER,7.7200,10.0000,7.5000,7.5000,7,6.5000,7.0000,False,5.6100,8.4100,1.5000,91.8976,65.1575,2.6104,10.5295,28.1900,0.0291,0.0148,0.1182,0.5699,0.2990,-0.5870,67.9440,0.8900,3768482048.0000,758297984.0000,4.9697,71148068864.0000,1.0370,0.0100,2.6000,370998727.0000,5.2900,5.0000,4.9700,6.0000,0.0530,OK,0,6.2600,False,10-18d,XLRE,,PLD|AMT|EQIX,interest_rates|cap_rates|occupancy_trends,48,2026-10-22,False,2026-07-23,0.6200,0.7300,-15.0000,ALCISTA FUERTE,10,773.1700,9.0000,46.9000,14.3200,"Filtros estándar (Score ≥6.5, DD ≥10%)"
MDLZ,Mondelez International,Consumer Staples,Packaged Foods & Meats,2012-10-02,61.4500,2026-09-04,37.9500,49.0500,DOWN,-0.2900,-0.2261,False,0.1633,1.2500,0.8210,2.0340,61.4900,58.4100,62.5000,-0.0700,5.2100,True,1.0071,NEUTRO,-7.8000,66.6500,66.6500,50.3400,-7.8000,22.0700,1.1340,True,60.7700,14,65.5500,True,-1.1000,NONE,7.3200,8.5000,6.5000,7.5000,9,6.5000,5.0000,False,4.0700,6.1000,1.5000,22.4469,18.2281,2.9457,1.9713,16.2540,0.1334,0.0412,0.0886,0.3115,0.0410,1.4490,82.6430,0.5990,2252375040.0000,3516000000.0000,0.6406,78212161536.0000,0.4020,2.9800,3.3800,1276308057.0000,5.5500,6.9800,4.4700,5.1300,0.0288,FCF/NI:0.64|D/E:83,2,6.2600,False,7-15d,XLP,,PG|KO|PEP,inflation|input_costs|fx_rates,53,2026-10-27,False,2026-07-28,0.7300,0.6800,7.4000,ALCISTA FUERTE,10,773.1700,9.0000,46.9000,14.3200,"Filtros estándar (Score ≥6.5, DD ≥10%)"
GEN,Gen Digital,Information Technology,Systems Software,2003-03-25,31.3300,2026-09-04,71.0500,60.4000,UP,0.1390,0.1951,False,0.9331,0.9204,0.9790,2.9380,27.5000,24.3700,29.3900,13.9200,28.5800,True,1.3604,ALCISTA,-1.0100,31.6500,31.6500,17.6100,-1.0100,77.9300,1.1080,False,27.1100,3,,False,-13.4700,NONE,6.3500,10.0000,6.0000,5.0000,6,5.0000,5.0000,False,5.8800,8.8100,1.5000,17.9240,9.2677,6.9125,3.6123,10.9530,0.4194,0.0849,0.2073,0.7801,0.0630,0.6400,307.8310,0.4660,1547124992.0000,1053000000.0000,1.4693,18346690560.0000,1.2150,6.2500,1.6000,598587032.0000,6.2000,4.4000,6.1600,8.3400,0.0843,D/E:308,1,6.2600,False,10-18d,XLK,,AAPL|MSFT|NVDA,interest_rates|ai_capex_cycle|semiconductor_cycle,62,2026-11-05,False,2026-08-06,0.7100,0.6900,3.0000,ALCISTA FUERTE,10,773.1700,9.0000,46.9000,14.3200,"Filtros estándar (Score ≥6.5, DD ≥10%)"
COF,Capital One,Financials,Consumer Finance,1998-07-01,220.5000,2026-09-04,41.8800,49.5000,DOWN,-0.7388,-1.2520,True,0.6581,5.1079,0.9210,2.3160,210.9900,205.9800,216.2300,4.5100,7.0500,True,0.1034,ALCISTA,-3.0100,227.3400,256.6400,173.6200,-14.0800,27.0000,1.0720,True,189.5900,4,222.8300,False,-14.0200,NONE,6.8500,10.0000,6.0000,7.5000,6,5.0000,5.0000,False,4.6300,6.9500,1.5000,12.0992,9.1447,1.3082,2.8003,,0.0903,0.0152,0.2187,0.0000,11.1100,,,,,9822999552.0000,,134721282048.0000,1.0160,2.7000,1.4500,613484836.0000,5.8500,7.5000,4.3100,5.7400,,OK,0,6.2500,False,10-18d,XLF,,JPM|BAC|WFC,interest_rates|yield_curve|credit_spreads|loan_growth,46,2026-10-20,False,2026-07-21,5.8100,4.6900,23.8000,ALCISTA FUERTE,10,773.1700,9.0000,46.9000,14.3200,"Filtros estándar (Score ≥6.5, DD ≥10%)"
MGM,MGM Resorts,Consumer Discretionary,Casinos & Gaming,2017-07-26,41.1300,2026-09-04,23.9000,33.9100,DOWN,-0.1918,-0.1378,False,0.0546,0.8293,0.7130,2.0160,45.0700,39.5400,42.9600,-8.7400,4.0200,True,2.7955,NEUTRO,-18.6400,50.5500,51.5900,29.1900,-20.2800,40.9000,0.8740,True,35.4600,3,40.9400,False,-13.7800,NONE,7.6000,8.5000,7.5000,7.5000,6,10.0000,5.0000,False,4.0300,6.0500,1.5000,24.9818,19.9256,4.1253,0.5938,17.2550,0.1892,0.0177,0.0240,0.4416,0.0100,5.1940,893.3110,1.3350,878991104.0000,423588000.0000,2.0751,10546188288.0000,1.2960,7.1500,,255851235.0000,5.3500,5.0000,4.3700,6.9000,0.0833,D/E:893,1,6.2500,False,7-15d,XLY,,AMZN|TSLA|HD,consumer_spending|employment_data|interest_rates,54,2026-10-28,False,2026-07-29,0.5900,0.5800,1.9000,ALCISTA FUERTE,10,773.1700,9.0000,46.9000,14.3200,"Filtros estándar (Score ≥6.5, DD ≥10%)"
IVZ,Invesco,Financials,Asset Management & Custody Banks,2008-08-21,32.7100,2026-09-04,51.3900,68.9600,DOWN,-0.1423,-0.0265,False,0.7001,0.8986,0.9480,2.7470,30.1500,26.8400,32.0100,8.5000,21.8900,True,3.6464,ALCISTA,-2.8200,33.6600,33.6600,20.0300,-2.8200,63.2800,0.9100,True,27.6700,1,32.5700,False,-15.3900,NONE,6.3500,10.0000,5.0000,7.5000,4,5.0000,5.0000,False,5.4900,8.2400,1.5000,,10.1400,1.4657,2.1152,12.9140,-0.0057,0.0291,-0.0093,0.2952,0.2050,,12.0560,0.7080,1140787456.0000,-309200000.0000,-3.6895,14600397824.0000,1.5960,2.1600,2.6300,441499780.0000,6.1900,7.5000,3.9700,7.2600,0.0781,FCF/NI:-3.69|ROE:-0.6%,2,6.2500,False,10-18d,XLF,,JPM|BAC|WFC,interest_rates|yield_curve|credit_spreads|loan_growth,53,2026-10-27,False,2026-07-28,0.7100,0.6600,7.2000,ALCISTA FUERTE,10,773.1700,9.0000,46.9000,14.3200,"Filtros estándar (Score ≥6.5, DD ≥10%)"
CBRE,CBRE Group,Real Estate,Real Estate Services,2006-11-10,148.7400,2026-09-04,44.9600,48.6300,DOWN,-0.9996,-0.7855,False,0.4841,4.7371,1.1040,3.1850,144.5200,147.1800,147.8300,2.9200,1.0600,False,-0.4563,ALCISTA,-4.9900,156.5500,174.2700,121.6900,-14.6500,22.2300,1.3270,False,144.5900,3,148.9700,True,-2.7900,HAMMER|DOJI,6.8000,8.0000,5.0000,7.0000,9,5.0000,7.0000,False,6.3700,9.5500,1.5000,33.8330,16.2555,5.1029,0.9795,24.0130,0.1580,0.0259,0.0298,0.1857,0.1550,-0.0420,117.7890,1.1410,1637624960.0000,1300999936.0000,1.2587,42813710336.0000,1.1880,2.5400,,289575298.0000,5.8700,5.0000,7.2400,5.3000,0.0383,D/E:118,1,6.2400,False,10-18d,XLRE,,PLD|AMT|EQIX,interest_rates|cap_rates|occupancy_trends,48,2026-10-22,False,2026-07-29,1.5600,1.4700,5.8000,ALCISTA FUERTE,10,773.1700,9.0000,46.9000,14.3200,"Filtros estándar (Score ≥6.5, DD ≥10%)"
BEN,Franklin Resources,Financials,Asset Management & Custody Banks,1998-04-30,33.5500,2026-09-04,46.2800,69.2300,DOWN,-0.1751,-0.0063,False,0.3020,0.7014,0.7870,2.0910,33.6600,28.0600,33.9600,-0.3300,19.5700,True,4.5147,NEUTRO,-7.5200,36.2800,36.2800,20.3200,-7.5200,65.1100,1.0850,True,33.2500,1,34.0800,True,-0.8900,HAMMER|DOJI,7.0000,8.5000,5.0000,7.5000,7,7.0000,7.0000,False,4.1800,6.2700,1.5000,23.6258,10.9723,1.5016,1.8925,11.4560,0.0789,0.0264,0.0872,0.3771,0.1430,1.0670,24.8050,5.4860,-2990862592.0000,759200000.0000,-3.9395,17645510656.0000,1.5700,3.3800,3.9300,508076910.0000,5.7400,8.5100,5.4300,2.8600,-0.1695,FCF/NI:-3.94,1,6.2400,False,7-15d,XLF,,JPM|BAC|WFC,interest_rates|yield_curve|credit_spreads|loan_growth,63,2026-11-06,False,2026-07-31,0.7200,0.6600,8.3000,ALCISTA FUERTE,10,773.1700,9.0000,46.9000,14.3200,"Filtros estándar (Score ≥6.5, DD ≥10%)"
ANET,Arista Networks,Information Technology,Communications Equipment,2018-08-28,191.4400,2026-09-04,44.1100,58.2600,DOWN,-1.4161,-0.5216,False,0.4003,7.2925,0.7510,3.8090,182.3600,151.6100,191.1800,4.9800,26.2700,True,3.2650,ALCISTA,-10.9100,214.8900,214.8900,114.5200,-10.9100,67.1700,0.7010,True,182.8300,1,189.8200,False,-4.5000,BULL_ENGULF,6.9000,10.0000,5.0000,7.5000,4,7.0000,7.5000,False,7.6200,11.4300,1.5000,61.3228,37.5522,16.5158,23.1861,49.1650,0.3148,0.1412,0.3837,0.6300,0.3770,0.3570,,2.9570,3891512576.0000,4044600064.0000,0.9622,244400128000.0000,1.6170,1.6500,,1261224648.0000,5.7800,6.9900,6.8300,3.1500,0.0159,OK,0,6.2300,False,10-18d,XLK,,AAPL|MSFT|NVDA,interest_rates|ai_capex_cycle|semiconductor_cycle,60,2026-11-03,False,2026-08-04,1.0200,0.8900,15.2000,ALCISTA FUERTE,10,773.1700,9.0000,46.9000,14.3200,"Filtros estándar (Score ≥6.5, DD ≥10%)"
WDAY,"Workday, Inc.",Information Technology,Application Software,2024-12-23,206.9200,2026-09-04,56.9200,58.2800,DOWN,-0.9085,-1.0957,True,0.8539,8.5800,0.9420,4.1470,164.1500,160.3300,191.3900,26.0600,29.0600,True,-2.4179,ALCISTA,-9.0400,227.4900,249.8500,110.3600,-17.1800,87.5000,0.5950,True,188.0500,1,227.4900,False,-9.1200,NONE,6.4500,9.5000,6.0000,7.5000,4,5.0000,5.0000,False,8.2900,12.4400,1.5000,39.9571,14.8183,7.2950,4.6465,31.6750,0.1601,0.0451,0.1232,0.7580,0.1280,2.0600,58.3900,0.9080,3046374912.0000,1251000064.0000,2.4352,47185387520.0000,1.0820,3.9700,,196000000.0000,6.0800,6.3600,5.0500,6.9600,0.0646,OK,0,6.2300,False,10-18d,XLK,,AAPL|MSFT|NVDA,interest_rates|ai_capex_cycle|semiconductor_cycle,-8,2026-12-01,False,2026-08-27,2.7500,2.6100,5.3000,ALCISTA FUERTE,10,773.1700,9.0000,46.9000,14.3200,"Filtros estándar (Score ≥6.5, DD ≥10%)"
NEE,NextEra Energy,Utilities,Multi-Utilities,1976-06-30,84.0600,2026-09-04,39.5600,39.1900,UP,0.0344,-0.2139,True,0.5037,1.2520,0.8090,1.4890,86.0500,86.5400,84.0600,-2.3200,-2.8600,False,0.3363,BAJISTA,-6.9200,90.3100,97.3000,67.3100,-13.6100,24.8900,1.1240,False,82.6600,3,90.7700,True,-1.6700,NONE,6.5500,5.5000,8.5000,5.0000,10,5.0000,5.0000,False,2.9800,4.4700,1.5000,18.7483,19.0106,3.0462,6.0639,20.1260,0.1168,0.0244,0.3240,0.6102,0.1240,0.5310,161.6760,0.5340,-17766875136.0000,9299000320.0000,-1.9106,174033158144.0000,0.6440,0.0000,2.9700,2085978209.0000,6.0000,10.0000,4.5900,2.9800,-0.1021,FCF/NI:-1.91|D/E:162,2,6.2200,False,3-7d,XLU,,DUK|SO|D,interest_rates|regulatory_environment,53,2026-10-27,False,2026-07-24,1.1500,1.1100,3.8000,ALCISTA FUERTE,10,773.1700,9.0000,46.9000,14.3200,"Filtros estándar (Score ≥6.5, DD ≥10%)"
JCI,Johnson Controls,Industrials,Building Products,2010-08-27,142.2300,2026-09-04,27.1500,32.1900,DOWN,-0.8425,-1.4056,True,0.3340,3.4286,0.7150,2.4110,144.5800,134.1600,143.7200,-1.6200,6.0100,True,2.3536,NEUTRO,-9.4400,157.0600,157.0600,103.4200,-9.4400,37.5200,0.9380,True,136.5500,9,142.7500,True,-3.9900,NONE,7.8000,8.5000,8.5000,7.5000,9,7.0000,5.0000,False,4.8200,7.2300,1.5000,40.7135,23.9577,6.5121,3.5125,21.9700,0.1433,0.0540,0.1432,0.3665,0.0930,0.1530,70.1070,1.0000,2984124928.0000,2180000000.0000,1.3689,87796162560.0000,1.3040,2.8900,1.1200,605741470.0000,5.1600,5.4800,5.0700,4.9000,0.0340,OK,0,6.2200,False,5-10d,XLI,,CAT|UNP|HON,pmi_manufacturing|supply_chain|capex_cycle,61,2026-11-04,False,2026-07-29,1.4200,1.3000,9.0000,ALCISTA FUERTE,10,773.1700,9.0000,46.9000,14.3200,"Filtros estándar (Score ≥6.5, DD ≥10%)"
AMAT,Applied Materials,Information Technology,Semiconductor Materials & Equipment,1995-03-16,435.9100,2026-09-04,23.4600,33.5400,DOWN,-5.5024,-4.2140,False,0.0822,18.6898,0.4790,4.2880,537.5200,405.1400,483.4600,-18.9000,7.5900,True,6.9783,NEUTRO,-41.0000,738.8800,738.8800,154.5500,-41.0000,182.0600,0.8140,True,435.8600,1,447.4100,True,-0.0100,NONE,7.7500,8.5000,7.5000,7.5000,7,10.0000,5.0000,False,8.5800,12.8600,1.5000,39.1991,24.6391,14.0816,11.7021,33.8800,0.4107,0.1548,0.3005,0.4940,0.2480,0.4280,28.6660,2.4230,3075375104.0000,9267000320.0000,0.3319,360856682496.0000,1.5970,1.5200,0.4900,793597443.0000,5.1800,5.6100,6.6000,3.0000,0.0085,FCF/NI:0.33,1,6.2100,False,7-15d,XLK,,AAPL|MSFT|NVDA,interest_rates|ai_capex_cycle|semiconductor_cycle,69,2026-11-12,False,2026-08-13,3.5000,3.3900,3.1000,ALCISTA FUERTE,10,773.1700,9.0000,46.9000,14.3200,"Filtros estándar (Score ≥6.5, DD ≥10%)"
BG,Bunge Global,Consumer Staples,Agricultural Products & Services,2023-03-15,120.1200,2026-09-04,62.1000,58.4600,UP,1.1165,0.4973,True,0.8991,4.4904,1.2220,3.7380,112.9700,112.8000,115.1300,6.3300,6.4900,True,1.8732,ALCISTA,-7.1200,129.3300,134.0200,74.1100,-10.3700,62.0900,1.1980,False,116.6200,2,119.6300,True,-2.9100,NONE,6.7000,10.0000,7.0000,5.0000,7,5.0000,5.0000,False,7.4800,11.2100,1.5000,25.5841,10.4671,1.4295,0.2484,13.0540,0.0718,0.0347,0.0110,0.0492,0.8830,0.3300,97.9950,1.5670,-6475375104.0000,1010000000.0000,-6.4113,22806460416.0000,0.6600,4.7900,2.4000,192119123.0000,5.8900,10.0000,3.6200,3.7500,-0.2839,FCF/NI:-6.41|D/E:98,2,6.2100,False,10-18d,XLP,,PG|KO|PEP,inflation|input_costs|fx_rates,61,2026-11-04,False,2026-07-29,2.0000,1.9400,2.9000,ALCISTA FUERTE,10,773.1700,9.0000,46.9000,14.3200,"Filtros estándar (Score ≥6.5, DD ≥10%)"
CPAY,Corpay,Financials,Transaction & Payment Processing Services,2018-06-20,419.6800,2026-09-04,51.8000,57.2000,DOWN,-1.2285,-2.5092,True,0.8412,9.0343,0.8170,2.1530,382.6100,336.2300,406.0500,9.6900,24.8200,True,4.1073,ALCISTA,-1.8200,427.4600,427.4600,252.8400,-1.8200,65.9900,1.0080,True,349.5100,1,423.2000,False,-16.7200,HAMMER|DOJI,6.7500,10.0000,6.0000,7.5000,4,5.0000,7.0000,False,4.3100,6.4600,1.5000,25.3112,13.2399,7.7181,5.4454,12.6770,0.2922,0.0632,0.2272,0.8054,0.2150,-0.0700,275.2910,0.9720,1946175872.0000,1133502976.0000,1.7170,27338686464.0000,0.8730,4.4600,,65659599.0000,5.8400,5.0000,6.3600,6.2200,0.0712,D/E:275,1,6.2000,False,10-18d,XLF,,JPM|BAC|WFC,interest_rates|yield_curve|credit_spreads|loan_growth,61,2026-11-04,False,2026-08-05,7.0000,6.5800,6.3000,ALCISTA FUERTE,10,773.1700,9.0000,46.9000,14.3200,"Filtros estándar (Score ≥6.5, DD ≥10%)"
IR,Ingersoll Rand,Industrials,Industrial Machinery & Supplies & Components,2020-03-03,75.4000,2026-09-04,24.1500,21.2500,UP,-0.7875,-0.7410,False,0.1426,1.9539,0.7640,2.5910,81.7600,81.9800,79.5400,-7.7800,-8.0300,False,0.3288,BAJISTA,-17.8300,91.7600,100.8900,68.0500,-25.2600,10.7900,0.7260,True,75.6800,2,83.1800,True,0.3700,HAMMER|DOJI|HAMMER,7.5500,5.5000,8.5000,7.5000,7,10.0000,7.0000,False,5.1800,7.7700,1.5000,31.5537,19.4932,2.9111,3.7304,16.4020,0.0947,0.0510,0.1208,0.4282,0.0850,,47.9030,1.6160,1107425024.0000,959100032.0000,1.1547,29627635712.0000,1.1470,3.6100,0.1100,387999429.0000,5.3000,4.7400,5.3000,5.9300,0.0374,OK,0,6.2000,False,3-7d,XLI,,CAT|UNP|HON,pmi_manufacturing|supply_chain|capex_cycle,55,2026-10-29,False,2026-07-30,0.8600,0.8300,4.1000,ALCISTA FUERTE,10,773.1700,9.0000,46.9000,14.3200,"Filtros estándar (Score ≥6.5, DD ≥10%)"
EXR,Extra Space Storage,Real Estate,Self-Storage REITs,2016-01-19,140.9800,2026-09-04,19.3800,26.7100,DOWN,-0.7176,-0.7354,True,0.1422,2.3050,0.7420,1.6350,146.6100,139.4600,144.3700,-3.8400,1.0900,True,0.7820,NEUTRO,-11.2700,158.8800,158.8800,121.4500,-11.2700,16.0800,1.1660,False,136.7000,3,149.9100,True,-3.0300,HAMMER|DOJI|HAMMER,7.9500,8.5000,8.5000,5.0000,9,10.0000,7.0000,False,3.2700,4.9000,1.5000,30.7395,28.9688,2.2191,8.7530,19.2250,0.0695,0.0336,0.2728,0.7492,0.0380,0.0600,101.6740,0.8860,1499437568.0000,956073984.0000,1.5683,30732828672.0000,1.1760,3.9100,4.6000,211269558.0000,5.0200,3.2900,5.4500,6.5400,0.0488,D/E:102,1,6.1900,False,5-10d,XLRE,,PLD|AMT|EQIX,interest_rates|cap_rates|occupancy_trends,54,2026-10-28,False,2026-07-28,1.2500,1.1500,8.6000,ALCISTA FUERTE,10,773.1700,9.0000,46.9000,14.3200,"Filtros estándar (Score ≥6.5, DD ≥10%)"
ETN,Eaton Corporation,Industrials,Electrical Components & Equipment,1957-03-04,397.1200,2026-09-04,23.9400,33.6400,DOWN,-4.8937,-4.9935,True,0.2065,13.1964,0.7800,3.3230,414.9000,378.8700,413.4600,-4.2900,4.8200,True,1.4486,NEUTRO,-16.9200,478.0000,478.0000,309.3300,-16.9200,28.3800,0.8660,True,381.4100,5,417.1900,True,-3.9600,HAMMER|DOJI|BULL_ENGULF,8.4700,8.5000,8.5000,7.5000,9,8.5000,9.5000,True,6.6500,9.9700,1.5000,41.8807,25.5710,7.8787,5.3145,26.3470,0.1968,0.0705,0.1275,0.3602,0.2140,-0.1590,105.0590,1.2400,3106125056.0000,3828999936.0000,0.8112,159574147072.0000,1.1680,2.7100,1.1100,388400000.0000,4.6700,5.0000,5.2300,3.6400,0.0195,D/E:105,1,6.1900,False,5-10d,XLI,,CAT|UNP|HON,pmi_manufacturing|supply_chain|capex_cycle,60,2026-11-03,False,2026-07-31,3.1500,3.0800,2.4000,ALCISTA FUERTE,10,773.1700,9.0000,46.9000,14.3200,"Filtros estándar (Score ≥6.5, DD ≥10%)"
DELL,Dell Technologies,Information Technology,"Technology Hardware, Storage & Peripherals",2024-09-23,516.3900,2026-09-04,55.1200,54.8800,UP,2.6337,-1.9191,True,1.0498,30.1900,0.9320,5.8460,436.9200,250.8100,459.1700,18.1900,105.8900,True,14.2408,ALCISTA,-2.7100,530.7800,530.7800,109.7000,-2.7100,370.7300,2.5330,False,424.0000,1,514.0000,False,-17.8900,NONE,6.6500,10.0000,7.0000,7.0000,4,5.0000,5.0000,False,11.6900,17.5400,1.5000,30.4733,18.3223,-236.9530,2.2399,20.3390,,0.0855,0.0752,0.1989,0.5770,2.7290,,0.9620,173500000.0000,11377999872.0000,0.0152,338669076480.0000,1.4090,2.2200,0.4900,325046693.0000,5.8800,10.0000,4.4300,2.7500,0.0005,FCF/NI:0.02,1,6.1900,False,10-18d,XLK,,AAPL|MSFT|NVDA,interest_rates|ai_capex_cycle|semiconductor_cycle,84,2026-11-27,False,2026-09-01,7.0400,4.9200,43.1000,ALCISTA FUERTE,10,773.1700,9.0000,46.9000,14.3200,"Filtros estándar (Score ≥6.5, DD ≥10%)"
LUV,Southwest Airlines,Industrials,Passenger Airlines,1994-07-01,38.7300,2026-09-04,22.3500,14.9200,UP,-0.2069,-0.3507,True,0.2444,1.0994,0.6720,2.8390,45.4600,42.6100,41.1200,-14.8000,-9.1100,True,2.4173,BAJISTA,-26.7600,52.8800,54.3800,28.7500,-28.7800,34.7300,1.1280,True,36.7100,2,41.3000,False,-5.2200,HAMMER|DOJI|HAMMER,7.3800,7.0000,9.5000,7.5000,4,8.5000,7.0000,True,5.6800,8.5200,1.5000,24.7625,8.2148,2.7369,0.6445,9.4290,0.1110,0.0232,0.0278,0.2240,0.1640,0.2050,97.2750,0.4890,-834750016.0000,837000000.0000,-0.9973,19382427648.0000,1.1430,4.7600,,489208201.0000,5.3800,8.9500,3.2400,3.7000,-0.0431,FCF/NI:-1.00|D/E:97,2,6.1800,False,3-7d,XLI,,CAT|UNP|HON,pmi_manufacturing|supply_chain|capex_cycle,47,2026-10-21,False,2026-07-22,0.9400,0.5200,80.2000,ALCISTA FUERTE,10,773.1700,9.0000,46.9000,14.3200,"Filtros estándar (Score ≥6.5, DD ≥10%)"
MA,Mastercard,Financials,Transaction & Payment Processing Services,2008-07-18,585.7100,2026-09-04,60.1100,71.4300,DOWN,-1.4534,0.3533,False,0.6229,9.9314,0.8620,1.6960,555.7500,528.8500,579.9800,5.3900,10.7500,True,0.4244,ALCISTA,-2.5800,601.2300,601.2300,463.7400,-2.5800,26.3000,0.7970,True,527.8400,3,583.7100,False,-9.8800,NONE,6.6500,10.0000,5.0000,7.5000,6,5.0000,5.0000,False,3.3900,5.0900,1.5000,31.8948,25.1548,90.5582,14.4627,23.6980,2.4120,0.2406,0.4634,1.0000,0.1410,0.2210,439.5830,1.0610,16961250304.0000,16257000448.0000,1.0433,507393736704.0000,0.7350,2.4000,,869464115.0000,5.8600,6.3400,6.8100,4.2100,0.0334,D/E:440,1,6.1800,False,10-18d,XLF,,JPM|BAC|WFC,interest_rates|yield_curve|credit_spreads|loan_growth,55,2026-10-29,False,2026-07-30,5.0400,4.7800,5.5000,ALCISTA FUERTE,10,773.1700,9.0000,46.9000,14.3200,"Filtros estándar (Score ≥6.5, DD ≥10%)"
TFC,Truist Financial,Financials,Diversified Banks,1997-12-04,51.6100,2026-09-04,40.6800,38.9200,UP,-0.0530,-0.2565,True,0.6083,0.9936,0.9160,1.9250,51.1600,48.7400,50.9100,0.8900,5.8900,True,1.7924,ALCISTA,-3.8700,53.6900,54.5200,39.1000,-5.3300,31.9800,0.8360,True,47.4600,2,50.6100,False,-8.0400,HAMMER,6.9500,10.0000,7.0000,7.5000,4,5.0000,7.0000,False,3.8500,5.7800,1.5000,11.8736,10.3766,1.0752,3.3160,,0.0906,0.0106,0.3069,0.0000,0.0820,0.3670,,,,5533000192.0000,,63096995840.0000,0.8620,3.3400,4.0300,1221626188.0000,5.6700,6.8000,4.3100,5.9500,,OK,0,6.1800,False,10-18d,XLF,,JPM|BAC|WFC,interest_rates|yield_curve|credit_spreads|loan_growth,42,2026-10-16,False,2026-07-17,1.2300,1.0800,13.8000,ALCISTA FUERTE,10,773.1700,9.0000,46.9000,14.3200,"Filtros estándar (Score ≥6.5, DD ≥10%)"
AFL,Aflac,Financials,Life & Health Insurance,1999-05-28,118.3600,2026-09-04,42.1400,28.3900,UP,-0.0161,-0.4423,True,0.4860,1.9217,0.8920,1.6240,121.0500,113.4600,118.5400,-2.2300,4.3200,True,0.9578,NEUTRO,-8.6500,129.5700,129.5700,102.5200,-8.6500,15.4500,0.9480,False,115.8500,2,118.9300,True,-2.1200,NONE,6.4000,8.5000,7.0000,5.0000,7,5.0000,5.0000,False,3.2500,4.8700,1.5000,12.6440,15.5421,1.9421,3.2521,10.9780,0.1691,0.0313,0.2691,0.5089,-0.0100,0.4680,53.3650,0.8920,5152249856.0000,4862000128.0000,1.0597,58762448896.0000,0.5800,5.3800,2.0600,501343298.0000,6.0000,5.0000,5.7900,7.4000,0.0877,OK,0,6.1600,False,7-15d,XLF,,JPM|BAC|WFC,interest_rates|yield_curve|credit_spreads|loan_growth,61,2026-11-04,False,2026-08-06,1.7500,1.7600,-45.0000,ALCISTA FUERTE,10,773.1700,9.0000,46.9000,14.3200,"Filtros estándar (Score ≥6.5, DD ≥10%)"
LH,Labcorp,Health Care,Health Care Services,2004-11-01,331.5000,2026-09-04,67.4200,73.0800,DOWN,-1.7252,-0.7652,False,0.6095,7.5099,1.0060,2.2650,304.7400,273.9400,326.3800,8.7800,21.0100,True,2.4709,ALCISTA,-2.8100,341.0700,341.0700,242.0700,-2.8100,36.9400,0.8950,True,259.2300,3,341.0700,False,-21.8000,NONE,6.6500,10.0000,5.0000,7.5000,6,5.0000,5.0000,False,4.5300,6.8000,1.5000,27.0157,16.4926,3.0726,1.8477,14.4760,0.1173,0.0553,0.0699,0.2888,0.0580,0.2820,79.1240,1.7960,892049984.0000,1002300032.0000,0.8900,26510780416.0000,0.8510,2.5700,0.8700,81100000.0000,5.8300,6.4200,5.5700,5.4400,0.0336,OK,0,6.1600,False,10-18d,XLV,,UNH|JNJ|LLY,fda_calendar|drug_pricing_policy|patent_cliffs,60,2026-11-03,False,2026-07-30,4.9900,4.7700,4.7000,ALCISTA FUERTE,10,773.1700,9.0000,46.9000,14.3200,"Filtros estándar (Score ≥6.5, DD ≥10%)"
DOV,Dover Corporation,Industrials,Industrial Machinery & Supplies & Components,1985-10-31,191.0700,2026-09-04,26.1800,29.5900,DOWN,-1.2182,-0.5914,False,0.0877,3.9514,0.7410,2.0680,207.5600,208.8800,199.7000,-7.9500,-8.5200,False,1.1862,BAJISTA,-18.0100,233.0300,235.7900,157.3600,-18.9700,21.4200,1.5140,False,193.2400,1,217.8900,True,1.1300,HAMMER,7.2500,5.5000,7.5000,7.0000,7,10.0000,7.0000,False,4.1400,6.2000,1.5000,23.3229,16.5651,3.3719,3.0850,14.2680,0.1491,0.0706,0.1348,0.4009,0.0690,0.1410,42.3160,1.9790,906472128.0000,1129351936.0000,0.8026,25977122816.0000,1.1460,3.1600,1.1000,134680225.0000,5.4200,4.4300,5.9100,5.9900,0.0349,OK,0,6.1500,False,3-7d,XLI,,CAT|UNP|HON,pmi_manufacturing|supply_chain|capex_cycle,48,2026-10-22,False,2026-07-23,2.7400,2.7200,78.0000,ALCISTA FUERTE,10,773.1700,9.0000,46.9000,14.3200,"Filtros estándar (Score ≥6.5, DD ≥10%)"
ON,ON Semiconductor,Information Technology,Semiconductors,2022-06-21,73.6500,2026-09-04,29.3100,36.0500,DOWN,0.3504,0.1727,True,0.3142,2.8371,0.4410,3.8520,84.4100,78.2100,76.5300,-12.7500,-5.8300,True,3.4919,BAJISTA,-44.3800,132.4200,134.9200,44.5600,-45.4100,65.2800,1.1490,True,70.9200,1,86.0100,True,-3.7100,HAMMER|DOJI|BULL_ENGULF,7.8000,7.0000,8.5000,7.5000,8,7.0000,9.5000,True,7.7000,11.5600,1.5000,48.6144,16.4227,4.0112,4.6722,14.1330,0.0831,0.0675,0.1017,0.4278,0.0920,0.3660,65.0550,3.4640,1656649984.0000,630200000.0000,2.6288,28957517824.0000,1.9970,2.9900,,389318613.0000,5.0100,2.9100,5.2300,7.2000,0.0572,OK,0,6.1300,False,5-10d,XLK,,AAPL|MSFT|NVDA,interest_rates|ai_capex_cycle|semiconductor_cycle,59,2026-11-02,False,2026-08-03,0.7400,0.7200,3.5000,ALCISTA FUERTE,10,773.1700,9.0000,46.9000,14.3200,"Filtros estándar (Score ≥6.5, DD ≥10%)"
CSX,CSX Corporation,Industrials,Rail Transportation,1957-03-04,48.9900,2026-09-04,41.2200,68.9600,DOWN,-0.3094,-0.0325,False,0.1206,1.0468,1.0350,2.1370,49.9700,42.8400,50.2200,-1.9700,14.3600,True,3.6859,NEUTRO,-8.3500,53.4500,53.4500,31.4000,-8.3500,56.0400,1.0750,True,49.4300,2,51.7300,True,0.9000,HAMMER,7.1500,8.5000,5.0000,7.5000,7,8.0000,7.0000,False,4.2700,6.4100,1.5000,28.7267,21.7521,6.4996,6.3072,15.9290,0.2436,0.0738,0.2221,0.4707,0.1010,0.2270,138.0680,0.8200,1953250048.0000,3223000064.0000,0.6060,91530780672.0000,1.2070,2.5800,1.1400,1852474917.0000,5.4500,7.4200,4.5300,4.2400,0.0213,FCF/NI:0.61|D/E:138,2,6.1300,False,7-15d,XLI,,CAT|UNP|HON,pmi_manufacturing|supply_chain|capex_cycle,48,2026-10-22,False,2026-07-22,0.5400,0.5200,4.2000,ALCISTA FUERTE,10,773.1700,9.0000,46.9000,14.3200,"Filtros estándar (Score ≥6.5, DD ≥10%)"
MRVL,Marvell Technology,Information Technology,Semiconductors,2026-06-22,208.8300,2026-09-04,45.4300,58.6900,DOWN,-2.9584,-0.5267,False,0.2214,16.2957,0.7290,7.8030,221.8100,151.0100,220.6200,-5.8500,38.2900,True,9.9001,NEUTRO,-36.6800,329.8000,329.8000,61.3100,-36.6800,240.6200,0.7690,True,177.9500,1,254.6000,False,-14.7900,NONE,6.5700,8.5000,5.0000,7.5000,4,8.5000,5.0000,False,15.6100,23.4100,1.5000,73.7789,33.2622,10.7455,21.2592,64.7220,0.1652,0.0413,0.2793,0.5222,0.3650,0.5000,28.5250,3.1680,2408049920.0000,2639899904.0000,0.9122,200905424896.0000,2.2530,1.2400,0.1100,876926613.0000,5.8400,7.8200,6.4200,2.8400,0.0120,OK,0,6.1300,False,7-15d,XLK,,AAPL|MSFT|NVDA,interest_rates|ai_capex_cycle|semiconductor_cycle,88,2026-12-01,False,2026-08-27,0.9400,0.9300,99.0000,ALCISTA FUERTE,10,773.1700,9.0000,46.9000,14.3200,"Filtros estándar (Score ≥6.5, DD ≥10%)"
TDY,Teledyne Technologies,Information Technology,Electronic Equipment & Instruments,2020-06-22,607.8700,2026-09-04,12.5700,19.8400,DOWN,-5.5032,-6.4789,True,0.1810,12.8200,0.7080,2.1090,646.8800,613.2900,634.7500,-6.0300,-0.8800,True,2.0304,BAJISTA,-12.8700,697.6700,697.6700,483.0200,-12.8700,25.8500,0.7070,True,603.7700,4,639.3300,True,-0.6700,HAMMER|DOJI|HAMMER|DOJI,8.0700,7.0000,8.5000,7.5000,10,8.5000,7.0000,True,4.2200,6.3300,1.5000,29.5428,22.8486,2.5926,4.4407,18.7550,0.0915,0.0514,0.1529,0.4334,0.0980,0.2120,18.5650,2.1810,912675008.0000,974800000.0000,0.9363,28307091456.0000,0.9080,2.4200,,46355673.0000,4.8200,1.9100,6.3200,6.4700,0.0322,OK,0,6.1200,False,5-10d,XLK,,AAPL|MSFT|NVDA,interest_rates|ai_capex_cycle|semiconductor_cycle,47,2026-10-21,False,2026-07-22,6.2800,5.7900,8.4000,ALCISTA FUERTE,10,773.1700,9.0000,46.9000,14.3200,"Filtros estándar (Score ≥6.5, DD ≥10%)"
AES,AES Corporation,Utilities,Independent Power Producers & Energy Traders,1998-10-02,14.7800,2026-09-04,57.5800,53.5700,UP,-0.0016,-0.0070,True,0.8560,0.0514,0.9060,0.3480,14.6500,14.3000,14.7400,0.8800,3.3800,True,0.8387,ALCISTA,-0.4700,14.8500,17.2300,11.7500,-14.2100,25.8400,1.2440,False,14.5000,17,,True,-1.8800,NONE,7.0000,10.0000,7.0000,5.0000,9,5.0000,5.0000,False,0.7000,1.0400,1.5000,5.5393,6.2202,2.1342,0.8083,12.1660,0.0957,0.0296,0.1434,0.2027,0.1990,,256.8860,0.7460,-3089125120.0000,1911000064.0000,-1.6165,10551757824.0000,0.9500,2.6000,4.7600,713438630.0000,5.5400,7.5000,4.0400,4.9900,-0.2928,FCF/NI:-1.62|D/E:257,2,6.1200,False,10-18d,XLU,,NEE|DUK|SO,interest_rates|regulatory_environment,61,2026-11-04,False,2026-08-04,0.4400,0.4700,-6.0000,ALCISTA FUERTE,10,773.1700,9.0000,46.9000,14.3200,"Filtros estándar (Score ≥6.5, DD ≥10%)"
BRO,Brown & Brown,Financials,Insurance Brokers,2021-09-20,72.5600,2026-09-04,57.0200,50.4900,UP,-0.1824,-0.1110,False,0.6417,1.8464,0.8840,2.5450,69.7200,69.1700,71.7400,4.0800,4.9000,True,-1.3614,ALCISTA,-3.8400,75.4600,95.6300,53.6900,-24.1200,35.1600,0.8140,True,64.6700,1,75.1100,False,-10.8700,HAMMER|DOJI,6.6500,9.5000,6.0000,7.5000,4,5.0000,7.0000,False,5.0900,7.6300,1.5000,22.8179,14.8016,1.8731,3.5867,10.8760,0.1002,0.0538,0.1808,0.5628,0.3240,0.0710,63.9750,1.1270,1642749952.0000,1191000064.0000,1.3793,23897872384.0000,0.5820,5.1500,0.9100,334610357.0000,5.7500,5.5900,5.0500,6.7400,0.0687,OK,0,6.1100,False,10-18d,XLF,,JPM|BAC|WFC,interest_rates|yield_curve|credit_spreads|loan_growth,52,2026-10-26,False,2026-07-27,1.0700,1.0700,-39.0000,ALCISTA FUERTE,10,773.1700,9.0000,46.9000,14.3200,"Filtros estándar (Score ≥6.5, DD ≥10%)"
ADP,Automatic Data Processing,Industrials,Human Resource & Employment Services,1981-03-31,283.5300,2026-09-04,63.1300,64.6400,DOWN,-0.7539,0.0474,False,0.7148,5.4979,0.7860,1.9390,260.7700,234.7500,277.6600,8.7300,20.7800,True,0.7878,ALCISTA,-1.5500,288.0000,294.5000,186.7400,-3.7200,51.8300,1.1530,True,265.8200,1,280.5900,False,-6.2500,HAMMER|DOJI,6.8500,10.0000,5.0000,7.5000,4,7.0000,7.0000,False,3.8800,5.8200,1.5000,25.3766,20.7203,18.3115,5.0251,17.7690,0.7224,0.0625,0.2011,0.4865,0.0680,0.0980,91.4360,1.0510,5243049984.0000,4413499904.0000,1.1880,110288084992.0000,0.8300,4.6000,2.4000,397262737.0000,5.6200,3.4200,7.3000,6.2300,0.0475,D/E:91,1,6.1100,False,10-18d,XLI,,CAT|UNP|HON,pmi_manufacturing|supply_chain|capex_cycle,54,2026-10-28,False,2026-07-28,2.6400,2.6000,1.6000,ALCISTA FUERTE,10,773.1700,9.0000,46.9000,14.3200,"Filtros estándar (Score ≥6.5, DD ≥10%)"
XYL,Xylem Inc.,Industrials,Industrial Machinery & Supplies & Components,2011-11-01,107.8900,2026-09-04,22.8700,32.1100,DOWN,-0.8710,-0.7638,False,0.1583,2.6232,0.9030,2.4310,117.3600,123.4700,113.0600,-8.0700,-12.6200,False,-2.5678,BAJISTA,-14.8300,126.6800,152.1400,104.4800,-29.0800,3.2600,0.9900,True,108.6400,1,113.8500,True,0.6900,HAMMER|DOJI,6.7200,5.0000,7.5000,7.5000,7,6.5000,7.0000,False,4.8600,7.2900,1.5000,25.1643,16.9226,2.2425,2.7041,13.7590,0.0918,0.0511,0.1115,0.3924,0.0150,0.1950,28.6420,1.6130,1183750016.0000,1018000000.0000,1.1628,24677222400.0000,1.0000,4.1000,1.5900,233486812.0000,5.6900,3.9300,6.0500,7.3400,0.0480,OK,0,6.1000,False,3-7d,XLI,,CAT|UNP|HON,pmi_manufacturing|supply_chain|capex_cycle,60,2026-11-03,False,2026-07-28,1.4600,1.3400,9.2000,ALCISTA FUERTE,10,773.1700,9.0000,46.9000,14.3200,"Filtros estándar (Score ≥6.5, DD ≥10%)"
HSIC,Henry Schein,Health Care,Health Care Distributors,2015-03-17,90.8600,2026-09-04,56.7200,65.0800,DOWN,-0.0967,-0.1383,True,0.9076,1.7457,0.8950,1.9210,87.3100,78.9900,89.2100,4.0600,15.0300,True,2.8757,ALCISTA,-1.4300,92.1800,92.1800,61.9500,-1.4300,46.6700,0.7380,True,87.7000,2,89.3400,True,-3.4800,HAMMER|DOJI,7.2000,10.0000,6.0000,7.5000,7,5.0000,7.0000,False,3.8400,5.7600,1.5000,26.1837,14.9725,3.1837,0.7358,14.2110,0.0885,0.0439,0.0296,0.3132,0.0670,0.1710,80.7330,1.3190,446000000.0000,403000000.0000,1.1067,10009014272.0000,0.8120,5.0200,,111446542.0000,5.3600,4.8100,5.0900,6.3300,0.0446,D/E:81,1,6.1000,False,10-18d,XLV,,UNH|JNJ|LLY,fda_calendar|drug_pricing_policy|patent_cliffs,60,2026-11-03,False,2026-08-04,1.2700,1.2400,2.5000,ALCISTA FUERTE,10,773.1700,9.0000,46.9000,14.3200,"Filtros estándar (Score ≥6.5, DD ≥10%)"
IDXX,Idexx Laboratories,Health Care,Health Care Equipment,2017-01-05,529.2900,2026-09-04,40.2600,33.5200,UP,-2.7622,-1.2814,False,0.0739,15.2229,0.8450,2.8760,558.5400,607.8100,553.1100,-5.2400,-12.9200,False,-1.8732,BAJISTA,-15.2000,624.1500,769.9800,518.5500,-31.2600,2.0700,1.1540,True,520.9600,2,581.2800,True,-1.5700,NONE,6.4500,5.0000,6.0000,7.5000,7,8.0000,5.0000,False,5.7500,8.6300,1.5000,37.5969,31.9826,26.1864,9.2633,26.2670,0.7421,0.2708,0.2503,0.6245,0.0970,0.1760,67.9710,1.1720,909368384.0000,1139655936.0000,0.7979,42177835008.0000,1.5380,3.0700,,78781116.0000,5.8700,6.1300,7.5000,3.6500,0.0216,OK,0,6.1000,False,3-7d,XLV,,UNH|JNJ|LLY,fda_calendar|drug_pricing_policy|patent_cliffs,59,2026-11-02,False,2026-08-04,4.2700,3.9300,8.5000,ALCISTA FUERTE,10,773.1700,9.0000,46.9000,14.3200,"Filtros estándar (Score ≥6.5, DD ≥10%)"
JBL,Jabil,Information Technology,Electronic Manufacturing Services,2023-12-18,305.9200,2026-09-04,23.1800,38.3900,DOWN,-2.7337,-3.9729,True,0.2938,12.8307,0.7430,4.1940,328.3500,292.1600,317.3100,-6.8300,4.7100,True,4.1158,NEUTRO,-28.6600,428.8400,428.8400,189.4600,-28.6600,61.4700,1.1880,True,309.9400,1,374.5500,True,1.3200,HAMMER|DOJI,7.9300,8.5000,8.5000,7.5000,7,8.5000,7.0000,True,8.3900,12.5800,1.5000,38.9186,18.4466,24.6074,0.9689,14.4530,0.6588,0.0501,0.0257,0.0923,0.1180,0.2760,297.1360,0.9810,1211624960.0000,862000000.0000,1.4056,32543727616.0000,1.3040,2.8700,0.1000,104787089.0000,4.8700,2.6500,6.8100,5.1900,0.0372,D/E:297,1,6.0900,False,5-10d,XLK,,AAPL|MSFT|NVDA,interest_rates|ai_capex_cycle|semiconductor_cycle,20,2026-09-24,False,2026-06-17,3.1600,3.1200,1.4000,ALCISTA FUERTE,10,773.1700,9.0000,46.9000,14.3200,"Filtros estándar (Score ≥6.5, DD ≥10%)"
CNP,CenterPoint Energy,Utilities,Multi-Utilities,1985-07-31,39.9800,2026-09-04,43.1100,38.2800,UP,0.1272,0.0350,True,0.5875,0.7562,0.8530,1.8910,41.7800,41.0200,40.0200,-4.3200,-2.5300,True,0.3185,BAJISTA,-11.1400,44.9900,44.9900,35.7900,-11.1400,11.7200,0.9800,False,39.5600,1,43.5100,True,-1.0400,HAMMER|DOJI,6.4500,7.0000,7.0000,5.0000,8,5.0000,7.0000,False,3.7800,5.6700,1.5000,23.6131,19.0109,2.2295,2.7164,13.1100,0.0983,0.0300,0.1161,0.4703,0.1070,0.2330,210.2560,1.1230,-5191875072.0000,1116999936.0000,-4.6481,26131431424.0000,0.4510,6.5100,2.4000,658720288.0000,5.8500,10.0000,4.3000,2.8300,-0.1987,FCF/NI:-4.65|D/E:210,2,6.0900,False,3-7d,XLU,,NEE|DUK|SO,interest_rates|regulatory_environment,48,2026-10-22,False,2026-07-28,0.4000,0.3700,7.4000,ALCISTA FUERTE,10,773.1700,9.0000,46.9000,14.3200,"Filtros estándar (Score ≥6.5, DD ≥10%)"
ATO,Atmos Energy,Utilities,Gas Utilities,2019-02-15,169.1200,2026-09-04,50.6700,44.1100,UP,0.2115,-0.0985,True,0.6871,2.4949,0.8570,1.4750,172.1300,173.6400,168.8000,-1.7500,-2.6000,False,-0.1912,BAJISTA,-6.8400,181.5500,190.2800,156.4700,-11.1200,8.0800,0.7090,True,165.7800,3,172.0900,True,-1.9800,HAMMER|DOJI,6.8500,5.0000,7.0000,7.5000,10,5.0000,7.0000,False,2.9500,4.4300,1.5000,19.9714,18.5812,1.8558,5.7534,14.6260,0.0979,0.0389,0.2850,0.6221,0.0480,0.2330,67.6620,0.8140,-2220956928.0000,1402008064.0000,-1.5841,28315721728.0000,0.5940,3.3200,2.3700,168988553.0000,5.5500,7.7700,5.4200,3.1100,-0.0784,FCF/NI:-1.58,1,6.0700,False,3-7d,XLU,,NEE|DUK|SO,interest_rates|regulatory_environment,61,2026-11-04,False,2026-08-05,1.4300,1.3500,5.6000,ALCISTA FUERTE,10,773.1700,9.0000,46.9000,14.3200,"Filtros estándar (Score ≥6.5, DD ≥10%)"
USB,U.S. Bancorp,Financials,Diversified Banks,1999-11-01,63.5300,2026-09-04,39.1800,38.2600,UP,-0.1229,-0.3350,True,0.5444,1.1636,0.9710,1.8320,62.9800,55.9600,62.8800,0.8700,13.5300,True,3.2054,ALCISTA,-3.8600,66.0800,66.0800,43.7600,-3.8600,45.1800,0.9660,True,61.9000,2,63.3900,True,-2.5700,NONE,7.5000,10.0000,8.5000,7.5000,7,5.0000,5.0000,False,3.6600,5.4900,1.5000,12.6487,10.9437,1.6286,3.6138,,0.1262,0.0116,0.2990,0.0000,0.1040,0.2160,,,,7797000192.0000,,98733719552.0000,0.9710,0.0100,3.2700,1558051446.0000,5.1100,5.2200,4.6600,5.5100,,OK,0,6.0700,False,10-18d,XLF,,JPM|BAC|WFC,interest_rates|yield_curve|credit_spreads|loan_growth,41,2026-10-15,False,2026-07-16,1.3500,1.2900,5.0000,ALCISTA FUERTE,10,773.1700,9.0000,46.9000,14.3200,"Filtros estándar (Score ≥6.5, DD ≥10%)"
BSX,Boston Scientific,Health Care,Health Care Equipment,1995-02-24,46.9500,2026-09-04,34.2600,40.8700,DOWN,-0.4414,-0.5246,True,0.1215,1.9171,1.1750,4.0830,46.8100,67.0300,48.4800,0.2900,-29.9600,False,-7.1449,BAJISTA,-11.4000,52.9900,109.5000,42.2000,-57.1200,11.2600,1.0480,True,47.1700,1,46.3700,True,0.4700,NONE,7.0500,6.5000,7.5000,7.5000,7,8.0000,5.0000,True,8.1700,12.2500,1.5000,19.3522,13.9240,2.7739,3.2994,14.0730,0.1534,0.0619,0.1750,0.6919,0.0750,0.1510,50.1510,1.2400,2451375104.0000,3673999872.0000,0.6672,69273174016.0000,0.5680,1.4000,,1449229526.0000,5.4200,4.7800,5.4400,6.1500,0.0354,FCF/NI:0.67,1,6.0700,False,3-7d,XLV,,UNH|JNJ|LLY,fda_calendar|drug_pricing_policy|patent_cliffs,54,2026-10-28,False,2026-07-29,0.8600,0.8300,3.9000,ALCISTA FUERTE,10,773.1700,9.0000,46.9000,14.3200,"Filtros estándar (Score ≥6.5, DD ≥10%)"
DVN,Devon Energy,Energy,Oil & Gas Exploration & Production,2000-08-30,48.7900,2026-09-04,67.5000,68.6500,DOWN,0.0733,0.0349,True,0.7305,1.1943,0.8770,2.4480,44.7000,43.1300,47.2300,9.1400,13.1300,True,3.4994,ALCISTA,-1.8700,49.7200,52.3400,30.8900,-6.7800,57.9700,1.0860,True,46.1800,2,49.8700,False,-5.3400,HAMMER,6.7500,10.0000,6.0000,7.5000,4,5.0000,7.0000,False,4.9000,7.3400,1.5000,10.4478,8.8594,1.3238,2.8149,7.2400,0.1152,0.0591,0.1746,0.5035,0.6420,0.4400,28.4880,0.7170,782625024.0000,3280000000.0000,0.2386,52866002944.0000,0.4260,2.4300,2.6200,1100000000.0000,5.6200,7.4300,4.3000,5.0600,0.0148,FCF/NI:0.24,1,6.0700,False,10-18d,XLE,,XOM|CVX|COP,oil_price|gas_price|opec_supply|inventories,61,2026-11-04,False,2026-08-04,1.5700,1.4100,11.3000,ALCISTA FUERTE,10,773.1700,9.0000,46.9000,14.3200,"Filtros estándar (Score ≥6.5, DD ≥10%)"
KEY,KeyCorp,Financials,Regional Banks,1994-03-01,22.1200,2026-09-04,35.1600,35.5100,DOWN,-0.0081,-0.0826,True,0.5128,0.4277,0.9500,1.9340,22.5400,20.9800,22.0000,-1.8500,5.4500,True,2.5187,NEUTRO,-7.2200,23.8400,23.8400,15.8200,-7.2200,39.8300,1.1390,True,22.1100,5,23.4200,True,-0.0600,NONE,7.3000,8.5000,7.5000,7.5000,9,5.0000,5.0000,False,3.8700,5.8000,1.5000,12.9708,10.3805,1.3746,3.2111,,0.1033,0.0108,0.2754,0.0000,0.1010,0.2530,,,,1886000000.0000,,23668912128.0000,1.0230,0.0000,3.7100,1067128554.0000,5.2300,5.7000,4.4300,5.6000,,OK,0,6.0600,False,7-15d,XLF,,JPM|BAC|WFC,interest_rates|yield_curve|credit_spreads|loan_growth,46,2026-10-20,False,2026-07-21,0.4400,0.4200,4.4000,ALCISTA FUERTE,10,773.1700,9.0000,46.9000,14.3200,"Filtros estándar (Score ≥6.5, DD ≥10%)"
IEX,IDEX Corporation,Industrials,Industrial Machinery & Supplies & Components,2019-08-09,223.1000,2026-09-04,26.2400,49.1700,DOWN,-1.8382,-1.2460,False,0.0197,5.1829,0.9700,2.3230,228.7500,204.5200,230.3600,-2.4700,9.0900,True,3.3640,NEUTRO,-8.4900,243.8000,243.8000,155.8700,-8.4900,43.1300,0.8470,True,215.4500,3,222.3300,True,-3.4300,NONE,7.7500,8.5000,7.5000,7.5000,9,8.0000,5.0000,False,4.6500,6.9700,1.5000,32.1466,23.3513,4.1309,4.6005,18.3010,0.1295,0.0684,0.1449,0.4473,0.0640,0.1090,47.0600,3.0490,555612480.0000,519500000.0000,1.0695,16494090240.0000,0.9720,2.4000,1.3100,73719896.0000,4.9300,3.5400,5.9800,5.3400,0.0337,OK,0,6.0600,False,7-15d,XLI,,CAT|UNP|HON,pmi_manufacturing|supply_chain|capex_cycle,54,2026-10-28,False,2026-07-29,2.3200,2.1100,9.9000,ALCISTA FUERTE,10,773.1700,9.0000,46.9000,14.3200,"Filtros estándar (Score ≥6.5, DD ≥10%)"
FSLR,First Solar,Information Technology,Semiconductors,2022-12-19,207.4200,2026-09-04,32.4100,19.1400,UP,-1.0807,-1.9984,True,0.3280,6.9807,0.5330,3.3650,219.9400,230.8400,212.4800,-5.6900,-10.1500,False,-1.4861,BAJISTA,-25.7000,279.1800,320.9500,182.9900,-35.3700,13.3500,0.9070,True,195.8400,1,211.0000,False,-5.5800,NONE,6.3500,5.0000,8.5000,7.5000,4,7.0000,5.0000,True,6.7300,10.1000,1.5000,12.6048,8.8457,2.1290,4.0855,8.7000,0.1851,0.0862,0.3246,0.4402,-0.0370,0.2330,1.8800,2.5180,1598684800.0000,1746013952.0000,0.9156,21972199424.0000,1.7330,3.8700,,107469788.0000,5.8700,1.1300,7.0700,10.0000,0.0728,OK,0,6.0600,False,3-7d,XLK,,AAPL|MSFT|NVDA,interest_rates|ai_capex_cycle|semiconductor_cycle,55,2026-10-29,False,2026-07-30,3.9200,2.8800,36.1000,ALCISTA FUERTE,10,773.1700,9.0000,46.9000,14.3200,"Filtros estándar (Score ≥6.5, DD ≥10%)"
TJX,TJX Companies,Consumer Discretionary,Apparel Retail,1985-09-30,132.1900,2026-09-04,8.2200,6.1300,UP,-1.1327,-1.6300,True,0.1950,3.0750,0.8810,2.3260,150.1800,153.8900,141.4700,-11.9800,-14.1000,False,0.1209,BAJISTA,-22.0000,169.4700,169.4700,130.1500,-22.0000,1.5700,1.0710,False,,0,162.0300,False,,HAMMER,6.2700,5.5000,9.5000,5.0000,4,6.5000,7.0000,False,4.6500,6.9800,1.5000,24.4140,22.8769,14.0302,2.3297,17.2660,0.6217,0.1354,0.0973,0.3147,0.0540,0.2360,134.4190,1.1470,4398125056.0000,6066999808.0000,0.7249,145284562944.0000,0.5930,3.9500,1.4500,1099974061.0000,5.9000,6.9900,5.9700,4.5300,0.0303,FCF/NI:0.72|D/E:134,2,6.0500,False,3-7d,XLY,,AMZN|TSLA|HD,consumer_spending|employment_data|interest_rates,75,2026-11-18,False,2026-08-19,1.3600,1.1900,14.5000,ALCISTA FUERTE,10,773.1700,9.0000,46.9000,14.3200,"Filtros estándar (Score ≥6.5, DD ≥10%)"
GDDY,GoDaddy,Information Technology,Internet Services & Infrastructure,2024-06-24,103.6300,2026-09-04,66.7700,58.2400,UP,0.4405,-0.0010,True,0.9511,3.6371,0.7940,3.5100,93.0100,96.3000,97.4200,11.4200,7.6200,False,-3.5047,ALCISTA,-2.2400,106.0000,150.4700,71.5900,-31.1300,44.7500,1.0530,True,86.7400,1,101.9900,False,-16.3000,HAMMER,6.8500,8.0000,7.0000,7.5000,4,7.0000,7.0000,False,7.0200,10.5300,1.5000,15.0535,9.1870,1911.5094,2.5138,11.4310,4.4286,0.0988,0.1783,0.6380,0.0660,0.2980,57334.3300,0.6320,1204950016.0000,910300032.0000,1.3237,12830679040.0000,0.9400,2.5500,,126647704.0000,5.5000,2.0500,6.5800,8.2500,0.0939,D/E:57334,1,6.0400,False,10-18d,XLK,,AAPL|MSFT|NVDA,interest_rates|ai_capex_cycle|semiconductor_cycle,55,2026-10-29,False,2026-07-30,1.8300,1.6900,8.0000,ALCISTA FUERTE,10,773.1700,9.0000,46.9000,14.3200,"Filtros estándar (Score ≥6.5, DD ≥10%)"
T,AT&T,Communication Services,Integrated Telecommunication Services,1983-11-30,26.1900,2026-09-04,72.1100,73.8400,DOWN,0.0110,0.0433,False,0.8421,0.4600,0.7110,1.7560,23.4100,24.6900,25.2100,11.8800,6.0700,False,0.3685,ALCISTA,-0.9500,26.4400,28.7500,19.6300,-8.9000,33.4400,1.0400,True,24.6200,2,26.4100,False,-5.9900,HAMMER|DOJI,6.5500,8.5000,5.0000,7.5000,4,7.0000,7.0000,False,3.5100,5.2700,1.5000,8.4752,10.0167,1.5994,1.3830,7.6910,0.1834,0.0416,0.1694,0.5972,0.0230,0.0620,129.0540,0.9710,10142000128.0000,21479999488.0000,0.4722,175969271808.0000,0.4310,1.7200,4.2400,6852385650.0000,5.6800,4.1100,4.4700,8.9100,0.0576,FCF/NI:0.47|D/E:129,2,6.0300,False,10-18d,XLC,,GOOGL|META|NFLX,ad_spending_cycle|streaming_competition|regulation,47,2026-10-21,False,2026-07-22,0.6500,0.5900,10.5000,ALCISTA FUERTE,10,773.1700,9.0000,46.9000,14.3200,"Filtros estándar (Score ≥6.5, DD ≥10%)"
PPG,PPG Industries,Materials,Specialty Chemicals,1957-03-04,110.7500,2026-09-04,38.8400,30.4700,UP,-0.3000,-0.0693,False,0.1347,2.5343,0.7660,2.2880,115.5400,110.0500,113.1900,-4.1400,0.6300,True,1.5570,NEUTRO,-11.3500,124.9200,130.9900,91.3500,-15.4500,21.2400,0.9820,True,112.0200,3,116.8800,True,1.1500,NONE,8.0500,8.5000,7.5000,7.5000,9,10.0000,5.0000,False,4.5800,6.8600,1.5000,16.1449,12.9750,2.9629,1.5234,11.3520,0.1930,0.0605,0.0957,0.4120,0.0720,-0.0150,86.9380,1.5800,1104625024.0000,1567000064.0000,0.7049,25015418880.0000,1.0630,2.9100,2.6700,222300000.0000,4.6800,1.7300,5.4700,7.2100,0.0442,FCF/NI:0.70|D/E:87,2,6.0300,False,7-15d,XLB,,LIN|APD|ECL,commodity_prices|dxy|china_demand|energy_costs,53,2026-10-27,False,2026-07-28,2.2300,2.2500,-1.0000,ALCISTA FUERTE,10,773.1700,9.0000,46.9000,14.3200,"Filtros estándar (Score ≥6.5, DD ≥10%)"
TT,Trane Technologies,Industrials,Building Products,2010-11-17,445.1900,2026-09-04,25.9800,30.6900,DOWN,-1.9801,-2.0844,True,0.2363,9.5457,0.6550,2.1440,469.5300,443.1800,456.2000,-5.1800,0.4500,True,0.7921,NEUTRO,-12.0000,505.8700,505.8700,346.4400,-12.0000,28.5100,1.0940,True,402.2300,1,438.8000,False,-9.6500,NONE,7.2800,8.5000,8.5000,7.5000,4,8.5000,5.0000,True,4.2900,6.4300,1.5000,33.4254,25.5542,11.4430,4.4371,23.5060,0.3664,0.1100,0.1328,0.3539,0.1060,0.0710,53.4040,1.0730,3121687552.0000,2999600128.0000,1.0407,98548383744.0000,1.1970,2.2500,0.9400,220023177.0000,5.2000,4.0300,6.7800,4.7200,0.0317,OK,0,6.0300,False,7-15d,XLI,,CAT|UNP|HON,pmi_manufacturing|supply_chain|capex_cycle,55,2026-10-29,False,2026-07-30,4.3100,4.2600,1.1000,ALCISTA FUERTE,10,773.1700,9.0000,46.9000,14.3200,"Filtros estándar (Score ≥6.5, DD ≥10%)"
COO,Cooper Companies (The),Health Care,Health Care Supplies,2016-09-23,70.6400,2026-09-04,27.0500,36.1800,DOWN,-0.7780,-0.8653,True,0.1937,1.5129,0.8330,2.1420,72.6700,73.3900,72.5900,-2.7900,-3.7500,False,0.3271,BAJISTA,-9.5600,78.1100,89.8300,58.8900,-21.3600,19.9500,1.2880,True,68.9200,4,72.5900,True,-2.4400,NONE,7.2800,5.5000,8.5000,7.5000,10,6.5000,5.0000,False,4.2800,6.4200,1.5000,58.9746,13.9303,1.6462,3.2078,18.4620,0.0285,0.0252,0.0557,0.6555,0.0790,,33.0930,1.2740,424275008.0000,235800000.0000,1.7993,13572179968.0000,0.8180,3.9600,,195030630.0000,5.1900,5.2500,5.3300,4.9600,0.0313,OK,0,6.0300,False,5-10d,XLV,,UNH|JNJ|LLY,fda_calendar|drug_pricing_policy|patent_cliffs,5,2026-09-09,True,2026-06-04,1.2100,1.0900,10.5000,ALCISTA FUERTE,10,773.1700,9.0000,46.9000,14.3200,"Filtros estándar (Score ≥6.5, DD ≥10%)"
DASH,DoorDash,Consumer Discretionary,Specialized Consumer Services,2025-03-24,222.0000,2026-09-04,54.5900,66.5900,DOWN,-1.4435,0.6018,False,0.4813,7.6729,0.9270,3.4560,202.9300,188.4800,221.3000,9.3900,17.7800,True,-0.6929,ALCISTA,-7.0500,238.8300,285.5000,143.3000,-22.2400,54.9200,0.7810,True,165.7300,3,222.3900,False,-25.3500,HAMMER|DOJI,6.7500,9.5000,5.0000,7.5000,6,5.0000,7.0000,False,6.9100,10.3700,1.5000,110.8534,25.9983,9.2463,5.7732,65.5710,0.0889,0.0297,0.0529,0.5222,0.3560,-0.3000,33.2760,1.3680,5147500032.0000,841000000.0000,6.1207,91742175232.0000,1.7880,4.0500,,409082893.0000,5.5400,5.0000,5.8500,5.8000,0.0561,OK,0,6.0200,False,10-18d,XLY,,AMZN|TSLA|HD,consumer_spending|employment_data|interest_rates,61,2026-11-04,False,2026-08-05,0.4600,0.4700,-2.4000,ALCISTA FUERTE,10,773.1700,9.0000,46.9000,14.3200,"Filtros estándar (Score ≥6.5, DD ≥10%)"
HUBB,Hubbell Incorporated,Industrials,Industrial Machinery & Supplies & Components,2023-10-18,460.1500,2026-09-04,25.2600,27.8800,DOWN,-2.8805,-3.9754,True,0.2987,12.0373,0.7310,2.6160,485.1900,482.4300,470.8300,-5.1600,-4.6200,True,0.7139,BAJISTA,-15.6700,545.6300,562.0600,398.9500,-18.1300,15.3400,1.3680,True,466.7000,4,498.3500,True,1.4200,NONE,8.2800,7.0000,8.5000,9.5000,10,8.5000,5.0000,True,5.2300,7.8500,1.5000,27.2777,20.1072,6.2223,3.9111,19.4550,0.2444,0.0843,0.1449,0.3534,0.1530,-0.0090,141.6420,1.6090,495812512.0000,900600000.0000,0.5505,24341022720.0000,0.8890,4.6200,1.2300,52832571.0000,4.4900,4.4400,4.7600,4.2500,0.0204,FCF/NI:0.55|D/E:142,2,6.0100,False,5-10d,XLI,,CAT|UNP|HON,pmi_manufacturing|supply_chain|capex_cycle,53,2026-10-27,False,2026-07-28,5.5200,5.3900,2.4000,ALCISTA FUERTE,10,773.1700,9.0000,46.9000,14.3200,"Filtros estándar (Score ≥6.5, DD ≥10%)"
LRCX,Lam Research,Information Technology,Semiconductor Materials & Equipment,2012-06-29,292.6600,2026-09-04,31.1600,53.2600,DOWN,-2.5263,-0.9246,False,0.1600,13.7771,0.5660,4.7080,323.7700,259.8800,307.7300,-9.6100,12.6200,True,6.4660,NEUTRO,-33.2600,438.5000,438.5000,96.6300,-33.2600,202.8800,0.9760,True,263.5200,1,321.4100,False,-9.9600,BULL_ENGULF,7.1200,8.5000,6.5000,7.5000,4,8.5000,7.5000,False,9.4200,14.1200,1.5000,53.3189,26.5843,30.8669,16.5701,42.2100,0.6507,0.2284,0.3127,0.5047,0.3000,0.3480,33.0490,2.6290,3090484480.0000,7265396224.0000,0.4254,384968884224.0000,1.8590,2.6500,0.4500,1251321000.0000,5.2500,5.8100,7.0400,2.5200,0.0080,FCF/NI:0.43,1,6.0000,False,7-15d,XLK,,AAPL|MSFT|NVDA,interest_rates|ai_capex_cycle|semiconductor_cycle,47,2026-10-21,False,2026-07-29,1.8200,1.6800,8.1000,ALCISTA FUERTE,10,773.1700,9.0000,46.9000,14.3200,"Filtros estándar (Score ≥6.5, DD ≥10%)"
VLTO,Veralto,Industrials,Environmental & Facilities Services,2023-10-02,97.8800,2026-09-04,50.9000,50.1200,UP,-0.3828,-0.2319,False,0.4601,1.8926,0.8090,1.9340,94.9800,93.2500,97.5700,3.0500,4.9700,True,-0.2334,ALCISTA,-4.2700,102.2500,109.2800,79.9100,-10.4300,22.4800,1.3990,True,96.2200,2,98.9800,True,-1.7000,NONE,7.3000,9.5000,6.0000,9.5000,7,5.0000,5.0000,False,3.8700,5.8000,1.5000,24.2594,20.1909,7.5942,4.1221,18.2280,0.3431,0.1031,0.1735,0.6018,0.0750,0.1010,115.9780,1.7750,807124992.0000,988000000.0000,0.8169,23479736320.0000,0.7590,3.8600,0.5300,243793344.0000,5.1300,3.7100,6.2800,5.4400,0.0344,D/E:116,1,6.0000,False,10-18d,XLI,,CAT|UNP|HON,pmi_manufacturing|supply_chain|capex_cycle,47,2026-10-21,False,2026-07-28,1.1100,1.0100,10.3000,ALCISTA FUERTE,10,773.1700,9.0000,46.9000,14.3200,"Filtros estándar (Score ≥6.5, DD ≥10%)"
FTNT,Fortinet,Information Technology,Systems Software,2018-10-11,156.3600,2026-09-04,47.3400,61.6200,DOWN,-0.2502,1.1948,False,0.3752,7.1221,1.0830,4.5550,158.6500,109.6800,159.4600,-1.4400,42.5600,True,7.3682,NEUTRO,-10.0800,173.8900,173.8900,73.5500,-10.0800,112.5900,0.7030,True,150.0200,4,172.1100,False,-4.0600,NONE,6.3500,8.5000,5.0000,7.5000,6,5.0000,5.0000,False,9.1100,13.6600,1.5000,55.2261,41.4441,73.9309,15.2340,42.8440,1.1744,0.1417,0.2817,0.8020,0.2560,0.4390,36.1940,1.2820,2265587456.0000,2120700032.0000,1.0683,114672107520.0000,1.0590,2.6500,,733713653.0000,5.7600,5.8100,7.7900,3.3500,0.0198,OK,0,6.0000,False,7-15d,XLK,,AAPL|MSFT|NVDA,interest_rates|ai_capex_cycle|semiconductor_cycle,61,2026-11-04,False,2026-07-29,0.9000,0.7500,20.5000,ALCISTA FUERTE,10,773.1700,9.0000,46.9000,14.3200,"Filtros estándar (Score ≥6.5, DD ≥10%)"
PM,Philip Morris International,Consumer Staples,Tobacco,2008-03-31,186.1700,2026-09-04,43.8600,51.3500,DOWN,-0.5770,-0.1370,False,0.2406,4.3693,0.8650,2.3470,187.8600,172.4100,189.0800,-0.9000,7.9800,True,2.4184,NEUTRO,-10.3900,207.7600,207.7600,138.4300,-10.3900,34.4800,0.6600,True,184.3600,3,190.5800,True,-0.9700,HAMMER,7.2300,8.5000,5.0000,7.5000,9,6.5000,7.0000,False,4.6900,7.0400,1.5000,25.0728,19.9078,-33.1451,6.6869,18.6080,,0.1459,0.2556,0.6748,0.1040,-0.0750,,0.9800,9714374656.0000,10844000256.0000,0.8958,284493709312.0000,0.3950,2.5700,3.1600,1558613439.0000,5.1600,5.0000,5.6800,4.7300,0.0341,OK,0,5.9900,False,7-15d,XLP,,PG|KO|PEP,inflation|input_costs|fx_rates,47,2026-10-21,False,2026-07-22,2.2000,2.0500,7.3000,ALCISTA FUERTE,10,773.1700,9.0000,46.9000,14.3200,"Filtros estándar (Score ≥6.5, DD ≥10%)"
CRM,Salesforce,Information Technology,Application Software,2008-09-15,264.4300,2026-09-04,88.1200,80.6000,UP,5.1518,5.5659,False,0.9275,11.4400,1.4090,4.3260,189.4700,199.9500,224.1800,39.5600,32.2500,False,-1.5777,ALCISTA,-1.4300,268.2700,268.2700,146.3200,-1.4300,80.7200,0.9730,False,170.7100,2,,False,-35.4400,NONE,5.6500,8.0000,6.0000,5.0000,4,5.0000,5.0000,False,8.6500,12.9800,1.5000,23.7390,16.1935,5.5591,4.8556,19.2730,0.1938,0.0570,0.2199,0.7728,0.1080,1.1890,110.4170,0.8390,17731874816.0000,9662000128.0000,1.8352,213346304000.0000,1.2020,2.1200,0.6700,823000000.0000,6.2200,6.0700,4.9600,7.8800,0.0831,D/E:110,1,5.9900,False,10-18d,XLK,,AAPL|MSFT|NVDA,interest_rates|ai_capex_cycle|semiconductor_cycle,89,2026-12-02,False,2026-08-26,5.9000,3.2700,80.4000,ALCISTA FUERTE,10,773.1700,9.0000,46.9000,14.3200,"Filtros estándar (Score ≥6.5, DD ≥10%)"
DGX,Quest Diagnostics,Health Care,Health Care Services,2002-12-12,239.4000,2026-09-04,59.1500,67.9500,DOWN,-1.3317,-0.7981,False,0.4626,4.9364,0.9380,2.0620,226.7800,199.6700,238.4800,5.5600,19.9000,True,3.1323,ALCISTA,-3.1500,247.1900,247.1900,168.9700,-3.1500,41.6800,1.2360,False,232.2800,1,240.1300,True,-2.9700,NONE,6.3000,10.0000,5.0000,5.0000,7,5.0000,5.0000,False,4.1200,6.1900,1.5000,25.2009,19.6671,3.4707,2.2642,14.3800,0.1460,0.0640,0.0919,0.3319,0.1020,0.1500,81.0740,1.5910,909625024.0000,1058000000.0000,0.8598,26173937664.0000,0.5490,3.1500,1.4400,110373360.0000,5.7600,5.8700,5.8200,5.5600,0.0348,D/E:81,1,5.9800,False,10-18d,XLV,,UNH|JNJ|LLY,fda_calendar|drug_pricing_policy|patent_cliffs,46,2026-10-20,False,2026-07-23,3.1200,2.8200,10.5000,ALCISTA FUERTE,10,773.1700,9.0000,46.9000,14.3200,"Filtros estándar (Score ≥6.5, DD ≥10%)"
BNY,BNY Mellon,Financials,Asset Management & Custody Banks,1995-03-31,164.3300,2026-09-04,52.4800,60.1200,DOWN,-0.2195,-0.3161,True,0.8205,2.9493,0.8870,1.7950,156.7400,131.8200,161.0300,4.8400,24.6700,True,4.2932,ALCISTA,-0.8200,165.6900,165.6900,100.8700,-0.8200,62.9100,1.0390,True,157.1500,1,163.1200,False,-4.3700,HAMMER|DOJI,6.7500,10.0000,6.0000,7.5000,4,5.0000,7.0000,False,3.5900,5.3800,1.5000,19.2121,16.0885,2.8024,5.2227,,0.1412,0.0126,0.2941,0.0000,0.1310,0.2690,,,,6024000000.0000,,111844614144.0000,1.0480,0.0100,1.3500,678504142.0000,5.4700,6.7900,4.8000,4.7100,,OK,0,5.9800,False,10-18d,XLF,,JPM|BAC|WFC,interest_rates|yield_curve|credit_spreads|loan_growth,41,2026-10-15,False,2026-07-15,2.4600,2.2200,10.7000,ALCISTA FUERTE,10,773.1700,9.0000,46.9000,14.3200,"Filtros estándar (Score ≥6.5, DD ≥10%)"
ITW,Illinois Tool Works,Industrials,Industrial Machinery & Supplies & Components,1986-02-28,271.6500,2026-09-04,22.8800,21.2100,UP,-2.3926,-1.9662,False,0.1159,5.0057,0.8600,1.8430,280.1400,264.5600,280.3300,-3.0300,2.6800,True,1.6023,NEUTRO,-10.0300,301.9200,301.9200,234.3800,-10.0300,15.9000,1.0060,True,252.9900,2,274.3600,False,-6.8700,HAMMER|DOJI,7.4000,8.5000,8.5000,7.5000,4,8.0000,7.0000,False,3.6900,5.5300,1.5000,24.4896,21.7900,26.5814,4.6712,17.9400,1.0462,0.1692,0.1939,0.4416,0.0610,0.1010,334.8530,1.1090,2432999936.0000,3193999872.0000,0.7617,76930170880.0000,0.9970,6.1600,2.5300,284800000.0000,5.0400,3.2600,6.8900,4.9600,0.0316,D/E:335,1,5.9800,False,7-15d,XLI,,CAT|UNP|HON,pmi_manufacturing|supply_chain|capex_cycle,49,2026-10-23,False,2026-07-28,2.8400,2.8000,1.5000,ALCISTA FUERTE,10,773.1700,9.0000,46.9000,14.3200,"Filtros estándar (Score ≥6.5, DD ≥10%)"
ACGL,Arch Capital Group,Financials,Property & Casualty Insurance,2022-11-01,99.8300,2026-09-04,55.0500,51.3600,UP,-0.0382,-0.0830,True,0.7340,1.7864,0.8320,1.7890,99.9900,96.0700,99.2500,-0.1600,3.9200,True,1.1329,NEUTRO,-6.7800,107.0900,107.0900,82.4500,-6.7800,21.0800,3.5280,False,98.1200,6,101.5800,True,-1.7100,HAMMER|DOJI,7.3000,8.5000,7.0000,7.0000,9,5.0000,7.0000,False,3.5800,5.3700,1.5000,7.6761,10.0540,1.4359,1.7406,6.2130,0.1994,0.0412,0.2440,0.3876,-0.1050,-0.0710,17.8360,0.5890,4302125056.0000,4652000256.0000,0.9248,33474576384.0000,0.2820,4.0800,,341229126.0000,5.0900,0.0000,7.1800,8.5900,0.1285,RevG:-10.5%,1,5.9700,False,7-15d,XLF,,JPM|BAC|WFC,interest_rates|yield_curve|credit_spreads|loan_growth,52,2026-10-26,False,2026-07-28,2.5600,2.4600,4.0000,ALCISTA FUERTE,10,773.1700,9.0000,46.9000,14.3200,"Filtros estándar (Score ≥6.5, DD ≥10%)"
KIM,Kimco Realty,Real Estate,Retail REITs,2006-04-04,23.9200,2026-09-04,37.1700,34.7400,UP,0.0198,-0.0349,True,0.2692,0.3071,0.6910,1.2840,24.9500,22.7600,24.2300,-4.1300,5.1100,True,1.6516,NEUTRO,-10.2400,26.6500,26.6500,19.1800,-10.2400,24.7200,0.9350,False,24.3400,6,26.2700,True,1.7600,NONE,7.5300,8.5000,8.5000,5.0000,9,8.5000,5.0000,False,2.5700,3.8500,1.5000,27.4419,26.3393,1.5409,7.2381,18.2860,0.0581,0.0237,0.2776,0.6893,0.0490,-0.0580,84.9930,0.9710,871483392.0000,573750016.0000,1.5189,15830629376.0000,0.9680,6.4900,4.6800,670789373.0000,4.9000,2.2700,5.3800,7.4100,0.0551,D/E:85,1,5.9500,False,7-15d,XLRE,,PLD|AMT|EQIX,interest_rates|cap_rates|occupancy_trends,55,2026-10-29,False,2026-08-04,0.2200,0.2000,13.5000,ALCISTA FUERTE,10,773.1700,9.0000,46.9000,14.3200,"Filtros estándar (Score ≥6.5, DD ≥10%)"
DECK,Deckers Brands,Consumer Discretionary,Footwear,2024-03-18,84.5000,2026-09-04,32.7900,29.6500,UP,-0.3007,-0.1789,False,0.1380,2.5807,0.7110,3.0540,97.5200,102.5300,89.9900,-13.3500,-17.5800,False,0.3309,BAJISTA,-27.4700,116.5000,124.8800,78.9100,-32.3400,7.0800,0.9410,False,,0,105.3400,False,,NONE,6.2000,5.5000,7.5000,5.0000,4,10.0000,5.0000,False,6.1100,9.1600,1.5000,12.2063,10.2606,5.0974,2.1142,7.8350,0.4256,0.2032,0.1836,0.5780,0.0570,0.0110,20.5210,2.7470,871420352.0000,1014840000.0000,0.8587,11685765120.0000,1.1500,3.3200,,136181857.0000,5.7900,2.1300,7.6900,7.8300,0.0746,OK,0,5.9500,False,3-7d,XLY,,AMZN|TSLA|HD,consumer_spending|employment_data|interest_rates,48,2026-10-22,False,2026-07-23,0.9400,0.8700,7.6000,ALCISTA FUERTE,10,773.1700,9.0000,46.9000,14.3200,"Filtros estándar (Score ≥6.5, DD ≥10%)"
CB,Chubb Limited,Financials,Property & Casualty Insurance,2010-07-15,348.2500,2026-09-04,55.5300,34.2500,UP,0.0954,-0.7696,True,0.8579,5.5714,0.7790,1.6000,347.7200,325.0500,343.5000,0.1500,7.1400,True,1.9509,ALCISTA,-4.8300,365.9100,365.9100,263.7000,-4.8300,32.0600,1.1910,True,342.2200,1,365.6000,True,-1.7300,HAMMER|DOJI,7.7000,10.0000,7.0000,7.5000,7,7.0000,7.0000,False,3.2000,4.8000,1.5000,12.1088,11.7347,1.7477,2.1291,10.5400,0.1482,0.0336,0.1807,0.3113,0.0610,-0.0070,30.9410,0.4100,10488000512.0000,11185000448.0000,0.9377,131785375744.0000,0.3820,1.9600,1.1700,385799859.0000,4.7900,1.2100,6.0300,7.5300,0.0796,OK,0,5.9500,False,10-18d,XLF,,JPM|BAC|WFC,interest_rates|yield_curve|credit_spreads|loan_growth,53,2026-10-27,False,2026-07-21,7.2600,6.7500,7.6000,ALCISTA FUERTE,10,773.1700,9.0000,46.9000,14.3200,"Filtros estándar (Score ≥6.5, DD ≥10%)"
TSN,Tyson Foods,Consumer Staples,Packaged Foods & Meats,2005-08-10,51.7600,2026-09-04,21.9600,35.9500,DOWN,-0.3833,-0.2921,False,-0.2095,1.4121,0.9660,2.7280,57.2300,59.4000,56.0000,-9.5500,-12.8700,False,0.9355,BAJISTA,-17.1100,62.4500,68.2600,48.8400,-24.1700,5.9700,2.5080,False,,0,59.1700,False,,NONE,5.9000,5.5000,7.5000,5.0000,4,8.0000,5.0000,False,5.4600,8.1800,1.5000,31.7407,12.0555,1.0006,0.3248,9.2280,0.0326,0.0256,0.0103,0.0655,-0.0010,2.0410,44.0250,1.4330,1191250048.0000,574000000.0000,2.0753,18089631744.0000,0.3710,2.3700,3.9400,281792507.0000,5.9600,5.0000,5.4400,7.6900,0.0659,OK,0,5.9400,False,3-7d,XLP,,PG|KO|PEP,inflation|input_costs|fx_rates,66,2026-11-09,False,2026-08-03,0.9900,0.9900,34.0000,ALCISTA FUERTE,10,773.1700,9.0000,46.9000,14.3200,"Filtros estándar (Score ≥6.5, DD ≥10%)"
CTAS,Cintas,Industrials,Diversified Support Services,2001-03-01,201.0500,2026-09-04,52.9800,53.2900,DOWN,-0.9784,-0.6183,False,0.3703,3.3450,0.6800,1.6640,196.3000,185.8800,201.8800,2.4200,8.1600,True,0.9131,ALCISTA,-8.0300,218.6000,218.6000,160.3100,-8.0300,25.4200,0.7150,True,197.6900,2,207.6900,True,-1.6700,NONE,7.1000,10.0000,5.0000,7.5000,7,7.0000,5.0000,False,3.3300,4.9900,1.5000,40.8289,32.7888,15.6069,7.1215,27.6700,0.4071,0.1610,0.1775,0.5067,0.0890,0.1560,52.6460,1.4340,1464424832.0000,1993656064.0000,0.7345,80221995008.0000,0.9130,4.1900,1.0300,400169561.0000,5.1600,5.4200,6.4100,3.4000,0.0183,FCF/NI:0.73,1,5.9400,False,10-18d,XLI,,CAT|UNP|HON,pmi_manufacturing|supply_chain|capex_cycle,19,2026-09-23,False,2026-07-15,1.2600,1.2300,2.4000,ALCISTA FUERTE,10,773.1700,9.0000,46.9000,14.3200,"Filtros estándar (Score ≥6.5, DD ≥10%)"
LULU,Lululemon Athletica,Consumer Discretionary,"Apparel, Accessories & Luxury Goods",2023-10-18,121.7700,2026-09-04,52.8800,30.7000,UP,0.0836,-0.2219,True,0.5982,4.7300,1.0360,3.8840,118.6300,153.0900,119.6400,2.6500,-20.4600,False,-3.2487,BAJISTA,-5.5000,128.8600,225.9800,104.4400,-46.1100,16.5900,3.9360,False,116.6300,1,122.0000,False,-4.2200,HAMMER|DOJI|HAMMER,6.1500,6.5000,7.0000,7.0000,4,5.0000,7.0000,False,7.7700,11.6500,1.5000,8.2807,10.4962,2.3856,1.0197,5.6310,0.3203,0.1605,0.1303,0.5569,0.0430,-0.3500,44.2640,2.2260,1133960960.0000,1459659008.0000,0.7769,11424659456.0000,0.8630,4.3800,,108437957.0000,5.8000,1.4800,7.0900,9.3300,0.0993,OK,0,5.9400,False,3-7d,XLY,,AMZN|TSLA|HD,consumer_spending|employment_data|interest_rates,-1,2026-12-10,True,2026-09-03,2.9200,1.7900,63.3000,ALCISTA FUERTE,10,773.1700,9.0000,46.9000,14.3200,"Filtros estándar (Score ≥6.5, DD ≥10%)"
WRB,W. R. Berkley Corporation,Financials,Property & Casualty Insurance,2019-12-05,69.5000,2026-09-04,44.0700,30.2200,UP,-0.0338,-0.2494,True,0.5337,1.1814,0.7700,1.7000,71.0800,68.7000,69.3800,-2.2300,1.1600,True,-0.4594,NEUTRO,-10.2600,77.4500,77.4500,62.3100,-10.2600,11.5400,1.4240,True,64.4900,2,68.3200,False,-7.2000,HAMMER|DOJI,7.2500,8.0000,7.0000,9.5000,4,7.0000,7.0000,False,3.4000,5.1000,1.5000,14.2263,14.2824,,1.7230,10.1620,0.2021,0.0356,0.1294,0.4379,0.0120,0.1500,31.5270,0.4060,3045504768.0000,1928020992.0000,1.5796,25666670592.0000,0.2940,0.0200,,371227529.0000,5.0600,1.8000,6.5200,7.1500,0.1187,OK,0,5.9400,False,7-15d,XLF,,JPM|BAC|WFC,interest_rates|yield_curve|credit_spreads|loan_growth,45,2026-10-19,False,2026-07-20,1.2700,1.0800,17.3000,ALCISTA FUERTE,10,773.1700,9.0000,46.9000,14.3200,"Filtros estándar (Score ≥6.5, DD ≥10%)"
VICI,Vici Properties,Real Estate,Hotel & Resort REITs,2022-06-08,25.6500,2026-09-04,38.1300,36.4900,UP,-0.0595,-0.0515,False,0.2001,0.4231,0.7980,1.6490,26.4000,27.3100,26.0600,-2.8600,-6.0600,False,-1.0651,BAJISTA,-9.1600,28.2400,31.7700,25.3400,-19.2700,1.2200,1.0820,True,25.9300,5,28.5900,True,1.1000,HAMMER|HAMMER,7.4800,5.0000,7.5000,7.5000,10,8.5000,7.0000,False,3.3000,4.9500,1.5000,9.8527,8.5017,0.9595,6.8307,12.7000,0.0985,0.0482,0.6750,0.9927,0.0570,-0.4140,60.2770,11.2360,267028992.0000,2765718016.0000,0.0965,27989389312.0000,0.6820,2.8100,7.0200,1101077562.0000,4.9100,2.7300,6.1100,6.0700,0.0095,FCF/NI:0.10,1,5.9400,False,3-7d,XLRE,,PLD|AMT|EQIX,interest_rates|cap_rates|occupancy_trends,55,2026-10-29,False,2026-07-29,0.4800,0.7100,-31.8000,ALCISTA FUERTE,10,773.1700,9.0000,46.9000,14.3200,"Filtros estándar (Score ≥6.5, DD ≥10%)"
DHI,D. R. Horton,Consumer Discretionary,Homebuilding,2005-06-22,144.4100,2026-09-04,43.5400,42.9900,UP,-0.5563,-0.2389,False,0.2408,3.7636,0.7820,2.6060,149.5400,149.0300,146.6100,-3.4300,-3.1000,True,-0.0408,BAJISTA,-15.1900,170.2800,182.3600,130.9600,-20.8100,10.2700,0.9540,True,143.5800,3,152.7100,True,-0.5800,HAMMER|DOJI,7.4800,6.5000,6.0000,7.5000,10,8.5000,7.0000,False,5.2100,7.8200,1.5000,13.6212,12.1315,1.6824,1.1972,11.1660,0.1263,0.0688,0.0915,0.2130,0.0000,-0.0480,29.4510,6.0110,2413900032.0000,3052900096.0000,0.7907,39927357440.0000,1.3710,3.7800,1.2500,279701267.0000,4.9200,0.0000,6.7100,8.5700,0.0605,OK,0,5.9400,False,3-7d,XLY,,AMZN|TSLA|HD,consumer_spending|employment_data|interest_rates,55,2026-10-29,False,2026-07-21,3.2000,2.9900,7.1000,ALCISTA FUERTE,10,773.1700,9.0000,46.9000,14.3200,"Filtros estándar (Score ≥6.5, DD ≥10%)"
APA,APA Corporation,Energy,Oil & Gas Exploration & Production,1997-07-28,44.1800,2026-09-04,66.6400,67.9200,DOWN,0.0332,-0.0577,True,0.7870,1.4821,1.0920,3.3550,37.5600,33.1400,41.8100,17.6200,33.3200,True,6.1964,ALCISTA,-2.1100,45.1300,45.1300,20.8400,-2.1100,111.9700,0.6810,True,40.4600,1,45.0400,False,-8.4200,HAMMER,6.7500,10.0000,6.0000,7.5000,4,5.0000,7.0000,False,6.7100,10.0600,1.5000,9.0232,10.2157,2.1362,1.7481,3.4680,0.2666,0.1160,0.1956,0.7825,0.0920,0.2630,48.8540,0.9460,2146749952.0000,1676999936.0000,1.2801,14984535040.0000,0.3660,4.7200,2.2600,350351510.0000,5.4000,1.5700,6.7800,8.2500,0.1433,OK,0,5.9400,False,10-18d,XLE,,XOM|CVX|COP,oil_price|gas_price|opec_supply|inventories,61,2026-11-04,False,2026-08-05,1.8900,1.8700,1.0000,ALCISTA FUERTE,10,773.1700,9.0000,46.9000,14.3200,"Filtros estándar (Score ≥6.5, DD ≥10%)"
FE,FirstEnergy,Utilities,Electric Utilities,1997-11-28,47.0400,2026-09-04,45.6900,36.2000,UP,0.0077,-0.1208,True,0.6421,0.7750,0.8850,1.6480,47.4900,46.7100,46.7600,-0.9500,0.7000,True,0.4590,NEUTRO,-5.8300,49.9500,51.3000,41.2100,-8.3000,14.1400,1.3270,True,47.4200,8,49.9500,True,0.8100,HAMMER|HAMMER,7.8000,8.5000,7.0000,9.5000,9,5.0000,7.0000,False,3.3000,4.9400,1.5000,25.0107,15.8575,2.0922,1.7308,10.6290,0.0949,0.0368,0.0694,0.6861,0.0880,0.0830,200.9080,0.5410,-2014625024.0000,1084999936.0000,-1.8568,27062990848.0000,0.4410,5.4700,3.9500,578639932.0000,4.6700,6.8500,4.1000,2.8000,-0.0744,FCF/NI:-1.86|D/E:201,2,5.9200,False,7-15d,XLU,,NEE|DUK|SO,interest_rates|regulatory_environment,47,2026-10-21,False,2026-07-28,0.5000,0.5000,-48.0000,ALCISTA FUERTE,10,773.1700,9.0000,46.9000,14.3200,"Filtros estándar (Score ≥6.5, DD ≥10%)"
KVUE,Kenvue,Consumer Staples,Personal Care Products,2023-08-25,18.9500,2026-09-04,45.3500,54.0300,DOWN,-0.0332,-0.0202,False,0.3827,0.3354,0.8050,1.7700,19.0400,17.5800,19.0500,-0.4900,7.7900,True,2.3771,NEUTRO,-4.8100,19.9100,19.9100,13.3800,-4.8100,41.6700,0.9580,True,18.5200,4,19.6500,True,-2.2900,NONE,6.8000,8.5000,5.0000,7.5000,9,5.0000,5.0000,False,3.5400,5.3100,1.5000,22.0471,15.0927,3.4098,2.3361,12.6120,0.1558,0.0699,0.1076,0.5844,0.0300,0.0850,81.6170,1.0050,1907500032.0000,1658000000.0000,1.1505,35995295744.0000,0.4310,2.7000,4.4300,1920773467.0000,5.3200,3.6500,5.5400,7.0000,0.0530,D/E:82,1,5.9100,False,7-15d,XLP,,PG|KO|PEP,inflation|input_costs|fx_rates,62,2026-11-05,False,2026-08-06,0.3100,0.3200,-2.8000,ALCISTA FUERTE,10,773.1700,9.0000,46.9000,14.3200,"Filtros estándar (Score ≥6.5, DD ≥10%)"
FOX,Fox Corporation (Class B),Communication Services,Broadcasting,2019-03-19,60.4700,2026-09-04,47.0100,62.4500,DOWN,-0.3430,-0.1212,False,0.6024,1.4808,0.7980,2.4490,53.7600,56.5700,58.9400,12.4800,6.9000,False,0.6157,ALCISTA,-3.4300,62.6200,67.4800,43.8600,-10.3800,37.8600,0.9900,True,56.2500,1,61.4700,False,-6.9800,NONE,6.3500,8.5000,5.0000,7.5000,4,7.0000,5.0000,False,4.9000,7.3500,1.5000,15.2135,10.1688,2.1080,1.4342,7.4510,0.1429,0.0950,0.0984,0.3663,0.2810,0.0310,64.0600,3.1690,555374976.0000,1684999936.0000,0.3296,24561956864.0000,0.5590,9.3000,0.9600,220248764.0000,5.6100,6.7100,5.1300,4.8700,0.0226,FCF/NI:0.33,1,5.9100,False,10-18d,XLC,,GOOGL|META|NFLX,ad_spending_cycle|streaming_competition|regulation,55,2026-10-29,False,2026-08-06,1.7900,1.3600,31.6000,ALCISTA FUERTE,10,773.1700,9.0000,46.9000,14.3200,"Filtros estándar (Score ≥6.5, DD ≥10%)"
HD,Home Depot (The),Consumer Discretionary,Home Improvement Retail,1988-03-31,318.0700,2026-09-04,29.8700,25.3600,UP,-2.3456,-1.7533,False,0.1161,7.3500,0.8520,2.3110,337.1600,338.7800,330.0400,-5.6600,-6.1100,False,-0.9951,BAJISTA,-10.7100,356.2200,415.0000,284.8500,-23.3600,11.6600,0.9100,True,320.0200,2,352.9300,True,0.6100,HAMMER|DOJI,7.3000,5.0000,8.5000,7.5000,8,8.0000,7.0000,False,4.6200,6.9300,1.5000,22.4825,20.0184,19.2823,1.8933,15.3540,1.0430,0.1214,0.0841,0.3280,0.0570,0.0460,380.2610,1.0780,10762625024.0000,14227000320.0000,0.7565,320308248576.0000,0.9550,2.8000,2.9300,997689626.0000,4.9900,3.1600,6.9500,4.8400,0.0336,D/E:380,1,5.9100,False,3-7d,XLY,,AMZN|TSLA|MCD,consumer_spending|employment_data|interest_rates,74,2026-11-17,False,2026-08-18,4.9200,4.7300,4.0000,ALCISTA FUERTE,10,773.1700,9.0000,46.9000,14.3200,"Filtros estándar (Score ≥6.5, DD ≥10%)"
KR,Kroger,Consumer Staples,Food Retail,1957-03-04,58.5100,2026-09-04,61.4000,53.6600,UP,0.1939,0.1831,True,0.8186,1.3336,0.8120,2.2790,57.4100,63.3700,57.6000,1.9200,-7.6800,False,-1.1387,BAJISTA,-9.4200,64.6000,75.6600,53.7800,-22.6700,8.7900,0.9000,True,54.8600,6,59.2000,False,-6.2400,BULL_ENGULF|HAMMER|HAMMER,6.9500,6.5000,7.0000,7.5000,7,5.0000,9.5000,False,4.5600,6.8400,1.5000,34.2632,10.5769,6.3327,0.2415,8.4140,0.1378,0.0577,0.0071,0.2398,0.0220,0.1320,373.4490,0.7910,2994500096.0000,1046000000.0000,2.8628,35895005184.0000,0.4060,4.3200,2.4600,612647282.0000,5.2100,4.7300,4.6200,6.4500,0.0834,D/E:373,1,5.9100,False,3-7d,XLP,,PG|KO|PEP,inflation|input_costs|fx_rates,7,2026-09-11,True,2026-06-18,1.5800,1.5900,-83.0000,ALCISTA FUERTE,10,773.1700,9.0000,46.9000,14.3200,"Filtros estándar (Score ≥6.5, DD ≥10%)"
ADBE,Adobe Inc.,Information Technology,Application Software,1997-05-05,285.7500,2026-09-04,64.7200,63.1000,UP,-0.1175,1.4122,False,0.7679,9.8371,0.9230,3.4430,247.3900,268.2300,273.7200,15.5100,6.5300,False,-2.4427,ALCISTA,-2.9800,294.5300,370.8600,190.1200,-22.9500,50.3000,0.8380,True,251.2000,1,,False,-12.0900,HAMMER|DOJI,6.3500,8.0000,6.0000,7.5000,4,5.0000,7.0000,False,6.8900,10.3300,1.5000,15.2379,9.6919,9.2323,4.2042,11.8240,0.6295,0.1993,0.2869,0.8940,0.1270,0.0790,61.4430,0.7510,9218374656.0000,7229000192.0000,1.2752,105937731584.0000,1.4170,3.4100,,397500000.0000,5.6100,1.4000,7.2100,8.6400,0.0870,OK,0,5.9100,False,10-18d,XLK,,AAPL|MSFT|NVDA,interest_rates|ai_capex_cycle|semiconductor_cycle,6,2026-09-10,True,2026-06-11,5.9600,5.8100,2.5000,ALCISTA FUERTE,10,773.1700,9.0000,46.9000,14.3200,"Filtros estándar (Score ≥6.5, DD ≥10%)"
LHX,L3Harris,Industrials,Aerospace & Defense,2008-09-22,262.1400,2026-09-04,16.1000,25.7200,DOWN,-0.5514,-1.2563,True,0.2558,6.0807,0.7480,2.3200,283.3100,312.9300,271.0400,-7.4700,-16.2300,False,-0.4590,BAJISTA,-17.7000,318.5200,376.3900,258.5400,-30.3500,1.3900,0.8950,False,262.6800,1,296.3300,True,0.2100,NONE,6.5200,5.0000,8.5000,5.0000,7,8.5000,5.0000,False,4.6400,6.9600,1.5000,25.8779,19.0507,2.4951,3.7146,30.3010,,,0.1037,0.3041,1.9000,-0.0610,34.5740,,,1332999936.0000,,47754743808.0000,0.7460,2.2800,1.9100,186214616.0000,5.5100,5.0000,5.8300,5.7400,,OK,0,5.9100,False,5-10d,XLI,,CAT|UNP|HON,pmi_manufacturing|supply_chain|capex_cycle,55,2026-10-29,False,2026-07-29,3.6300,2.8400,27.9000,ALCISTA FUERTE,10,773.1700,9.0000,46.9000,14.3200,"Filtros estándar (Score ≥6.5, DD ≥10%)"
BR,Broadridge Financial Solutions,Industrials,Data Processing & Outsourced Services,2018-06-18,178.9100,2026-09-04,63.1600,70.0500,DOWN,-0.8432,0.1748,False,0.6275,4.5171,0.8800,2.5250,159.3500,174.8900,174.7300,12.2800,2.3000,False,-2.4827,ALCISTA,-3.6900,185.7700,250.0300,133.0100,-28.4400,34.5100,0.6080,True,147.6600,2,175.8600,False,-17.4700,HAMMER|DOJI,6.1500,8.0000,5.0000,7.5000,4,5.0000,7.0000,False,5.0500,7.5700,1.5000,17.9896,14.9346,6.9382,2.6364,13.0000,0.4092,0.0930,0.1504,0.3178,0.0750,0.0840,123.9390,1.2360,1194499968.0000,1124300032.0000,1.0624,19712090112.0000,0.9100,2.8500,2.4400,114021798.0000,5.7300,3.3300,6.5200,7.6200,0.0606,D/E:124,1,5.9000,False,10-18d,XLI,,CAT|UNP|HON,pmi_manufacturing|supply_chain|capex_cycle,60,2026-11-03,False,2026-08-04,3.8200,3.7600,1.7000,ALCISTA FUERTE,10,773.1700,9.0000,46.9000,14.3200,"Filtros estándar (Score ≥6.5, DD ≥10%)"
KDP,Keurig Dr Pepper,Consumer Staples,Soft Drinks & Non-alcoholic Beverages,2022-06-21,32.8800,2026-09-04,61.2500,61.9100,DOWN,0.1343,0.1289,True,0.8499,0.7614,0.8420,2.3160,31.2800,28.8100,31.6700,5.1000,14.1200,True,1.6877,ALCISTA,-2.7800,33.8200,33.8200,24.4300,-2.7800,34.5700,0.9410,True,28.6600,1,32.9600,False,-12.8300,NONE,6.5500,10.0000,6.0000,7.5000,4,5.0000,5.0000,False,4.6300,6.9500,1.5000,32.9192,12.8576,1.7717,2.2075,17.7570,0.0510,0.0338,0.0710,0.5096,0.7560,-0.9000,99.6490,0.4790,4607249920.0000,1344999936.0000,3.4255,44349317120.0000,0.4110,5.2200,2.8000,1360826038.0000,5.4500,5.0000,4.3700,7.2500,0.1039,D/E:100,1,5.8900,False,10-18d,XLP,,PG|KO|PEP,inflation|input_costs|fx_rates,52,2026-10-26,False,2026-08-06,0.5700,0.5400,6.2000,ALCISTA FUERTE,10,773.1700,9.0000,46.9000,14.3200,"Filtros estándar (Score ≥6.5, DD ≥10%)"
PPL,PPL Corporation,Utilities,Electric Utilities,2001-10-01,35.1100,2026-09-04,39.2900,38.5700,UP,-0.0113,-0.1125,True,0.5162,0.6057,0.8680,1.7250,35.5900,35.9700,34.9700,-1.3400,-2.3800,False,-0.2658,BAJISTA,-6.0200,37.3600,39.7900,32.6600,-11.7600,7.5000,0.7220,True,35.2300,3,36.8600,True,0.3400,HAMMER,7.1500,5.0000,8.5000,7.5000,10,5.0000,7.0000,False,3.4500,5.1800,1.5000,20.7751,16.5846,1.7558,2.8114,12.3610,0.0863,0.0320,0.1347,0.4409,0.0420,0.2120,135.4340,0.9050,-1938375040.0000,1264000000.0000,-1.5335,26421850112.0000,0.5830,4.7300,3.2500,752544841.0000,5.0300,7.3600,4.3600,3.0900,-0.0734,FCF/NI:-1.53,1,5.8800,False,3-7d,XLU,,NEE|DUK|SO,interest_rates|regulatory_environment,61,2026-11-04,False,2026-08-07,0.3300,0.3400,-4.0000,ALCISTA FUERTE,10,773.1700,9.0000,46.9000,14.3200,"Filtros estándar (Score ≥6.5, DD ≥10%)"
UPS,United Parcel Service,Industrials,Air Freight & Logistics,2002-07-22,103.5000,2026-09-04,53.1200,64.0700,DOWN,0.1730,0.4409,False,0.5300,1.8864,0.6850,1.8230,106.6300,101.8500,104.1000,-2.9300,1.6200,True,1.6200,NEUTRO,-11.2100,116.5600,116.8600,76.9500,-11.4300,34.5100,1.1170,True,101.1300,4,104.2400,True,-2.2900,HAMMER|DOJI,7.3000,8.5000,5.0000,7.5000,9,7.0000,7.0000,False,3.6500,5.4700,1.5000,19.0130,12.6677,5.7775,0.9677,9.2770,0.2960,0.0728,0.0508,0.2241,0.0760,-0.5300,189.9000,1.1790,5593999872.0000,4569999872.0000,1.2241,87026450432.0000,1.0380,4.7200,6.3400,749349405.0000,4.9300,1.9500,5.6200,7.6000,0.0643,D/E:190,1,5.8800,False,7-15d,XLI,,CAT|UNP|HON,pmi_manufacturing|supply_chain|capex_cycle,53,2026-10-27,False,2026-07-28,1.7600,1.6600,5.8000,ALCISTA FUERTE,10,773.1700,9.0000,46.9000,14.3200,"Filtros estándar (Score ≥6.5, DD ≥10%)"
FLEX,Flex Ltd.,Information Technology,Electronic Manufacturing Services,2026-06-22,107.8900,2026-09-04,30.7200,43.2300,DOWN,-0.3537,-0.3145,False,0.2545,5.0743,0.5650,4.7030,124.0700,94.5800,113.6300,-13.0400,14.0700,True,5.8492,NEUTRO,-34.9600,165.8900,166.8600,53.0700,-35.3400,103.3000,1.2990,True,104.9000,1,116.1700,True,-2.7700,HAMMER|BULL_ENGULF,7.7800,8.5000,6.5000,7.5000,7,8.5000,9.5000,False,9.4100,14.1100,1.5000,42.2819,15.4539,7.3546,1.3822,20.2280,0.1838,0.0442,0.0333,0.0953,0.2060,0.5200,107.8180,1.3800,625750016.0000,973000000.0000,0.6431,40453320704.0000,1.6540,2.0400,,369402978.0000,4.6000,5.6400,4.3100,3.7300,0.0155,FCF/NI:0.64|D/E:108,2,5.8700,False,7-15d,XLK,,AAPL|MSFT|NVDA,interest_rates|ai_capex_cycle|semiconductor_cycle,54,2026-10-28,False,2026-07-29,1.0000,0.9200,8.9000,ALCISTA FUERTE,10,773.1700,9.0000,46.9000,14.3200,"Filtros estándar (Score ≥6.5, DD ≥10%)"
DHR,Danaher Corporation,Health Care,Life Sciences Tools & Services,1998-11-18,211.0300,2026-09-04,60.3000,63.8000,DOWN,-0.8244,0.2420,False,0.5416,6.3793,1.0190,3.0230,201.3300,202.3200,209.2000,4.8200,4.3000,False,-0.2439,ALCISTA,-4.3700,220.6700,241.7800,160.6000,-12.7200,31.4000,0.7730,True,199.7900,2,208.6200,False,-5.3300,HAMMER|DOJI,6.1500,8.0000,5.0000,7.5000,4,5.0000,7.0000,False,6.0500,9.0700,1.5000,37.0160,22.3393,2.7760,5.8144,21.4090,0.0761,0.0395,0.1595,0.5875,0.0550,0.5970,52.9700,1.6510,4325125120.0000,3990000128.0000,1.0840,145982078976.0000,0.8080,1.4400,0.7600,702986054.0000,5.6900,6.7600,5.3900,4.8100,0.0296,OK,0,5.8700,False,10-18d,XLV,,UNH|JNJ|LLY,fda_calendar|drug_pricing_policy|patent_cliffs,46,2026-10-20,False,2026-07-21,1.9400,1.8400,5.3000,ALCISTA FUERTE,10,773.1700,9.0000,46.9000,14.3200,"Filtros estándar (Score ≥6.5, DD ≥10%)"
AXP,American Express,Financials,Consumer Finance,1976-06-30,329.8200,2026-09-04,35.7400,40.9600,DOWN,-0.9146,-0.8498,False,0.1982,5.8364,0.7550,1.7700,341.6700,335.8500,334.9400,-3.4700,-1.7900,True,-0.6548,BAJISTA,-9.1800,363.1400,384.3600,289.2600,-14.1900,14.0200,0.9530,True,332.3600,2,324.1100,True,0.7700,NONE,7.0800,6.5000,6.5000,7.5000,8,8.5000,5.0000,False,3.5400,5.3100,1.5000,19.7793,16.2158,6.4224,3.1060,,0.3438,0.0379,0.1614,0.6234,0.1280,0.1100,172.3800,1.5530,,11310999552.0000,,220259057664.0000,1.0480,3.9100,1.1500,675309833.0000,5.0600,4.2700,6.3600,4.4600,,D/E:172,1,5.8700,False,3-7d,XLF,,JPM|BAC|WFC,interest_rates|yield_curve|credit_spreads|loan_growth,49,2026-10-23,False,2026-07-24,4.5300,4.4000,2.9000,ALCISTA FUERTE,10,773.1700,9.0000,46.9000,14.3200,"Filtros estándar (Score ≥6.5, DD ≥10%)"
AAPL,Apple Inc.,Information Technology,"Technology Hardware, Storage & Peripherals",1982-11-30,328.2100,2026-09-04,74.8400,51.9200,UP,2.0197,0.9730,True,1.0292,6.9779,0.8540,2.1260,314.0900,283.1700,316.5500,4.5000,15.9000,True,1.6298,ALCISTA,-4.6700,344.2700,344.2700,225.1200,-4.6700,45.7900,0.9450,True,300.8200,3,334.7000,False,-8.3400,BULL_ENGULF,7.3000,10.0000,7.0000,7.5000,6,5.0000,7.5000,False,4.2500,6.3800,1.5000,36.6518,33.5394,43.4742,10.0031,28.6490,1.4875,0.2708,0.2762,0.4865,0.1640,0.2870,78.4450,1.0030,107721875456.0000,128929996800.0000,0.8355,4669700046848.0000,1.0850,2.1900,0.3300,14594180000.0000,4.9100,3.4000,7.1600,4.0600,0.0231,OK,0,5.8700,False,10-18d,XLK,,MSFT|NVDA|AVGO,interest_rates|ai_capex_cycle|semiconductor_cycle,55,2026-10-29,False,2026-07-30,2.0200,1.8900,6.7000,ALCISTA FUERTE,10,773.1700,9.0000,46.9000,14.3200,"Filtros estándar (Score ≥6.5, DD ≥10%)"
FISV,Fiserv,Financials,Transaction & Payment Processing Services,2001-04-02,52.7300,2026-09-04,41.1700,50.6600,DOWN,-0.0701,-0.0083,False,0.5326,1.4379,0.6870,2.7270,52.0500,58.3600,52.6000,1.3000,-9.6500,False,-5.8427,BAJISTA,-6.8900,56.6300,138.6200,47.0400,-61.9600,12.1000,0.7560,True,52.5400,2,55.9900,True,-0.3600,HAMMER,6.6000,6.5000,5.0000,7.5000,7,7.0000,7.0000,False,5.4500,8.1800,1.5000,10.1533,6.5506,1.0460,,,,,,,,,,,,,,28183635968.0000,,,,531766721.0000,5.3800,5.0000,5.0000,6.2600,,OK,0,5.8700,False,3-7d,XLF,,JPM|BAC|WFC,interest_rates|yield_curve|credit_spreads|loan_growth,54,2026-10-28,False,2026-08-06,1.8400,1.9100,-3.9000,ALCISTA FUERTE,10,773.1700,9.0000,46.9000,14.3200,"Filtros estándar (Score ≥6.5, DD ≥10%)"
LIN,Linde plc,Materials,Industrial Gases,1992-07-01,482.1900,2026-09-04,51.1200,45.8900,UP,1.2538,1.9072,False,0.4242,7.7943,0.7340,1.6160,500.7900,476.9600,486.6600,-3.7100,1.1000,True,1.2333,NEUTRO,-11.7500,546.4000,546.4000,384.0000,-11.7500,25.5700,0.9790,True,486.0800,5,520.0600,True,0.8100,HAMMER|HAMMER|DOJI,7.5000,8.5000,6.0000,7.5000,9,7.0000,7.0000,False,3.2300,4.8500,1.5000,30.8508,24.4210,5.6332,6.2103,17.8660,0.1840,0.0716,0.2044,0.4835,0.0930,0.1130,68.9470,0.8790,4160750080.0000,7244000256.0000,0.5744,220150300672.0000,0.7270,2.3100,1.3300,460980163.0000,4.7600,4.9400,5.3200,3.8800,0.0189,FCF/NI:0.57,1,5.8600,False,7-15d,XLB,,APD|ECL|NEM,commodity_prices|dxy|china_demand|energy_costs,56,2026-10-30,False,2026-07-31,4.1500,4.1200,66.0000,ALCISTA FUERTE,10,773.1700,9.0000,46.9000,14.3200,"Filtros estándar (Score ≥6.5, DD ≥10%)"
HBAN,Huntington Bancshares,Financials,Regional Banks,1997-08-28,17.0600,2026-09-04,33.4600,31.9400,UP,-0.0386,-0.0820,True,0.3919,0.3564,0.9260,2.0890,17.5300,16.7800,17.1200,-2.6900,1.6500,True,1.2365,NEUTRO,-8.1800,18.5800,19.0900,14.6400,-10.6400,16.5600,0.8600,True,16.8100,1,17.2500,True,-1.4700,NONE,7.2000,8.5000,8.5000,7.5000,7,5.0000,5.0000,False,4.1800,6.2700,1.5000,13.1000,9.0729,1.1569,3.7493,,0.0900,0.0098,0.2613,0.0000,0.4760,-0.0290,,,,2246000128.0000,,34407665664.0000,0.9410,1.9200,3.6400,2020414826.0000,4.9700,5.0000,4.3000,5.7300,,OK,0,5.8600,False,7-15d,XLF,,JPM|BAC|WFC,interest_rates|yield_curve|credit_spreads|loan_growth,48,2026-10-22,False,2026-07-23,0.3900,0.3900,89.0000,ALCISTA FUERTE,10,773.1700,9.0000,46.9000,14.3200,"Filtros estándar (Score ≥6.5, DD ≥10%)"
META,Meta Platforms,Communication Services,Interactive Media & Services,2013-12-23,610.6800,2026-09-04,57.7100,42.0800,UP,5.6143,2.1559,True,0.9514,19.6479,0.8670,3.2170,594.0100,621.5300,580.0800,2.8100,-1.7400,False,-1.5218,BAJISTA,-10.9900,686.0800,788.2200,519.7800,-22.5200,17.4900,1.2520,True,593.1600,2,609.1200,True,-2.8700,BULL_ENGULF,6.9000,6.5000,7.0000,7.5000,8,5.0000,7.5000,False,6.4300,9.6500,1.5000,23.2218,17.6423,6.0161,6.8839,14.3880,0.2985,0.1459,0.2983,0.8175,0.2800,-0.1340,42.9970,2.2260,21553625088.0000,68097998848.0000,0.3165,1571225468928.0000,1.2430,1.7300,0.3400,2205128509.0000,5.1500,5.0000,6.9200,3.2600,0.0137,FCF/NI:0.32,1,5.8500,False,3-7d,XLC,,GOOGL|NFLX|DIS,ad_spending_cycle|streaming_competition|regulation,54,2026-10-28,False,2026-07-29,6.1800,7.2200,-14.4000,ALCISTA FUERTE,10,773.1700,9.0000,46.9000,14.3200,"Filtros estándar (Score ≥6.5, DD ≥10%)"
CTSH,Cognizant,Information Technology,IT Consulting & Other Services,2006-11-17,64.6400,2026-09-04,70.8300,72.1400,DOWN,-0.1238,0.1209,False,0.8394,2.0762,0.8860,3.2120,51.7900,62.0500,60.5700,24.8200,4.1700,False,-1.3965,ALCISTA,-1.1900,65.4200,85.4800,36.8600,-24.3800,75.3500,0.6400,True,57.3500,3,,False,-11.2700,HAMMER|DOJI|HAMMER|DOJI,6.4500,8.0000,5.0000,7.5000,6,5.0000,7.0000,False,6.4200,9.6400,1.5000,13.3712,9.8589,1.9474,1.2969,7.4730,0.1492,0.1074,0.1026,0.3344,0.0450,0.0380,14.4790,2.1820,2215500032.0000,2220000000.0000,0.9980,28067180544.0000,0.8090,3.6900,,450444209.0000,5.4100,0.1600,6.7300,10.0000,0.0789,OK,0,5.8300,False,10-18d,XLK,,AAPL|MSFT|NVDA,interest_rates|ai_capex_cycle|semiconductor_cycle,54,2026-10-28,False,2026-07-29,1.3700,1.3800,-66.0000,ALCISTA FUERTE,10,773.1700,9.0000,46.9000,14.3200,"Filtros estándar (Score ≥6.5, DD ≥10%)"
FOXA,Fox Corporation (Class A),Communication Services,Broadcasting,2019-03-19,67.7100,2026-09-04,45.9200,60.1900,DOWN,-0.4306,-0.2138,False,0.5866,1.6544,0.7670,2.4430,60.1300,63.0400,66.0500,12.6100,7.4100,False,0.7018,ALCISTA,-4.1400,70.6400,75.6800,48.1300,-10.5300,40.6900,0.7550,True,62.8000,1,68.4100,False,-7.2500,NONE,6.3500,8.5000,5.0000,7.5000,4,7.0000,5.0000,False,4.8900,7.3300,1.5000,17.0365,11.2456,2.3606,1.6060,8.2340,0.1429,0.0950,0.0984,0.3663,0.2810,0.0310,64.0600,3.1690,555374976.0000,1684999936.0000,0.3296,27505018880.0000,0.5590,9.6900,0.8600,200188712.0000,5.4800,6.7100,5.1300,4.4500,0.0202,FCF/NI:0.33,1,5.8300,False,10-18d,XLC,,GOOGL|META|NFLX,ad_spending_cycle|streaming_competition|regulation,55,2026-10-29,False,2026-08-06,1.7900,1.3800,29.3000,ALCISTA FUERTE,10,773.1700,9.0000,46.9000,14.3200,"Filtros estándar (Score ≥6.5, DD ≥10%)"
ORLY,O'Reilly Automotive,Consumer Discretionary,Automotive Retail,2009-03-27,87.3800,2026-09-04,34.1400,27.3400,UP,-0.4587,-0.4175,False,0.1403,1.8771,0.7480,2.1480,88.9900,92.2300,89.2100,-1.8100,-5.2600,False,-0.7425,BAJISTA,-7.1600,94.1200,108.7200,82.5900,-19.6300,5.8000,0.9260,True,87.6800,2,93.7000,True,0.3400,NONE,7.2000,5.0000,7.5000,7.5000,8,10.0000,5.0000,False,4.3000,6.4400,1.5000,27.9016,24.0712,-39.0796,3.8282,19.1890,,0.1367,0.1427,0.5164,0.0810,0.1030,,0.7520,1570733824.0000,2650373888.0000,0.5926,71099564032.0000,0.5150,3.4500,,808960792.0000,4.9200,6.1700,4.8700,3.5200,0.0221,FCF/NI:0.59,1,5.8300,False,3-7d,XLY,,AMZN|TSLA|HD,consumer_spending|employment_data|interest_rates,54,2026-10-28,False,2026-07-29,0.8600,0.8600,17.0000,ALCISTA FUERTE,10,773.1700,9.0000,46.9000,14.3200,"Filtros estándar (Score ≥6.5, DD ≥10%)"
IT,Gartner,Information Technology,IT Consulting & Other Services,2017-04-05,195.4600,2026-09-04,61.7600,58.3000,UP,-1.7129,-0.4120,False,0.6768,7.8571,0.9430,4.0200,162.7100,177.7900,187.3500,20.1300,9.9400,False,-2.7699,ALCISTA,-3.7300,203.0300,265.8500,124.2500,-26.4800,57.3100,0.8200,True,172.6500,1,194.5300,False,-11.6700,NONE,6.1500,8.0000,6.0000,7.5000,4,5.0000,5.0000,False,8.0400,12.0600,1.5000,16.7644,11.3957,-71.7552,1.8213,10.2490,1.1358,0.1017,0.1200,0.6963,-0.0060,0.3310,,0.8800,1052553024.0000,775350976.0000,1.3575,11772231680.0000,0.9130,4.8300,,63148976.0000,5.6000,1.8200,7.4000,7.9000,0.0894,OK,0,5.8200,False,10-18d,XLK,,AAPL|MSFT|NVDA,interest_rates|ai_capex_cycle|semiconductor_cycle,60,2026-11-03,False,2026-08-04,4.3700,3.7300,17.1000,ALCISTA FUERTE,10,773.1700,9.0000,46.9000,14.3200,"Filtros estándar (Score ≥6.5, DD ≥10%)"
MTB,M&T Bank,Financials,Regional Banks,2004-02-23,240.0600,2026-09-04,33.5800,29.7000,UP,-0.9669,-1.8961,True,0.4030,4.4689,1.0040,1.8620,243.3200,217.5200,240.4800,-1.3400,10.3600,True,3.0359,NEUTRO,-5.6000,254.3100,254.3100,169.8900,-5.6000,41.3000,0.7720,True,231.1400,2,242.9300,True,-3.7100,NONE,7.2000,8.5000,8.5000,7.5000,7,5.0000,5.0000,False,3.7200,5.5800,1.5000,12.6967,11.3842,1.3625,3.6649,,0.1074,0.0141,0.3209,0.0000,0.0620,0.2550,,,,2873999872.0000,,34636795904.0000,0.5730,5.1300,2.5000,144416262.0000,4.8800,4.6400,4.4700,5.6300,,OK,0,5.8100,False,7-15d,XLF,,JPM|BAC|WFC,interest_rates|yield_curve|credit_spreads|loan_growth,42,2026-10-16,False,2026-07-15,5.3200,4.6600,14.1000,ALCISTA FUERTE,10,773.1700,9.0000,46.9000,14.3200,"Filtros estándar (Score ≥6.5, DD ≥10%)"
MAR,Marriott International,Consumer Discretionary,"Hotels, Resorts & Cruise Lines",1998-05-29,336.0700,2026-09-04,26.2500,50.9400,DOWN,-1.9089,-0.3969,False,0.0495,6.5073,0.7400,1.9360,362.1800,343.2000,350.6400,-7.2100,-2.0800,True,2.3344,BAJISTA,-18.0600,410.1500,410.1500,254.6400,-18.0600,31.9800,0.9580,True,315.2800,1,332.1300,False,-6.1900,NONE,7.1500,7.0000,7.5000,7.5000,5,10.0000,5.0000,False,3.8700,5.8100,1.5000,34.8715,25.5913,-19.4695,11.8823,21.8010,,0.0976,0.3503,0.7924,0.1110,0.0430,,0.5350,2060375040.0000,2587000064.0000,0.7964,87750467584.0000,1.1040,3.2900,0.8700,260766288.0000,4.9000,5.5600,5.5500,3.3900,0.0235,OK,0,5.8000,False,3-7d,XLY,,AMZN|TSLA|HD,consumer_spending|employment_data|interest_rates,60,2026-11-03,False,2026-08-03,3.1900,3.0800,3.6000,ALCISTA FUERTE,10,773.1700,9.0000,46.9000,14.3200,"Filtros estándar (Score ≥6.5, DD ≥10%)"
SJM,J.M. Smucker Company (The),Consumer Staples,Packaged Foods & Meats,2008-11-06,128.5100,2026-09-04,65.2800,74.2900,DOWN,0.3415,0.9797,False,0.6813,3.7464,1.1170,2.9150,118.4500,104.8400,125.6500,8.4900,22.5800,True,2.2565,ALCISTA,-5.4300,135.8900,135.8900,86.4700,-5.4300,48.6200,0.9250,True,115.5300,4,126.4600,False,-10.1000,NONE,6.6500,10.0000,5.0000,7.5000,6,5.0000,5.0000,False,5.8300,8.7500,1.5000,58.6419,11.5845,2.4258,1.4708,9.1100,0.0393,0.0626,0.0251,0.3795,0.0500,,120.6820,0.8700,1464337536.0000,229500000.0000,6.3806,13468267520.0000,0.2630,3.2100,3.4900,106823183.0000,5.2300,5.0300,4.2600,6.5800,0.1087,D/E:121,1,5.8000,False,10-18d,XLP,,PG|KO|PEP,inflation|input_costs|fx_rates,81,2026-11-24,False,2026-08-26,3.2400,2.2200,46.2000,ALCISTA FUERTE,10,773.1700,9.0000,46.9000,14.3200,"Filtros estándar (Score ≥6.5, DD ≥10%)"
QCOM,Qualcomm,Information Technology,Semiconductors,1999-07-22,168.5700,2026-09-04,55.8600,44.1400,UP,1.7555,1.7402,True,0.8971,5.1895,0.4930,3.0790,169.1300,166.0900,164.4600,-0.3300,1.4900,True,-0.4903,NEUTRO,-27.4000,232.1800,257.5600,120.8800,-34.5500,39.4500,0.7640,True,171.1900,1,167.9600,True,1.5500,HAMMER|HAMMER|DOJI,7.3000,8.0000,7.0000,7.5000,7,7.0000,7.0000,False,6.1600,9.2400,1.5000,19.2846,16.5400,6.4486,4.0896,15.3350,0.3375,0.1161,0.2101,0.5423,-0.0400,-0.2300,55.2100,2.0160,10241000448.0000,9260000256.0000,1.1059,180224524288.0000,1.6790,2.7900,2.1800,1068060487.0000,4.7800,0.0000,6.6200,8.2100,0.0568,OK,0,5.7900,False,7-15d,XLK,,AAPL|MSFT|NVDA,interest_rates|ai_capex_cycle|semiconductor_cycle,55,2026-10-29,False,2026-07-29,2.2100,2.2200,-49.0000,ALCISTA FUERTE,10,773.1700,9.0000,46.9000,14.3200,"Filtros estándar (Score ≥6.5, DD ≥10%)"
CRH,CRH plc,Materials,Construction Materials,2025-12-22,92.0400,2026-09-04,36.9000,36.7800,UP,-0.1578,0.1621,False,0.1476,2.5079,0.7580,2.7250,99.8500,110.7200,95.4800,-7.8200,-16.8700,False,-1.7065,BAJISTA,-20.9500,116.4300,130.0900,90.2100,-29.2500,2.0300,0.9530,False,93.1300,2,103.8600,True,1.1900,NONE,6.5500,5.0000,7.5000,5.0000,7,10.0000,5.0000,False,5.4500,8.1700,1.5000,16.6537,14.2732,2.6115,1.6233,10.2850,0.1581,0.0606,0.0994,0.3625,0.0560,0.1390,77.5920,1.5790,2019124992.0000,3814000128.0000,0.5294,62709714944.0000,1.1980,2.9000,1.6900,665284511.0000,5.2600,4.5100,5.1700,6.2500,0.0322,FCF/NI:0.53,1,5.7800,False,3-7d,XLB,,LIN|APD|ECL,commodity_prices|dxy|china_demand|energy_costs,55,2026-10-29,False,2026-07-30,1.9300,2.0200,-4.2000,ALCISTA FUERTE,10,773.1700,9.0000,46.9000,14.3200,"Filtros estándar (Score ≥6.5, DD ≥10%)"
COHR,Coherent Corp.,Information Technology,Electronic Components,2026-03-23,264.4100,2026-09-04,30.4500,32.5800,DOWN,-3.5564,-3.0589,False,0.1917,19.5929,0.5970,7.4100,309.6300,275.7200,291.5200,-14.6000,-4.1000,True,6.4323,BAJISTA,-39.8600,439.6800,440.0000,90.0000,-39.9100,193.7900,0.5820,True,262.6200,1,327.7800,True,-0.6800,HAMMER|HAMMER|DOJI|HAMMER,7.3800,7.0000,6.5000,7.5000,8,8.5000,7.0000,False,14.8200,22.2300,1.5000,68.4126,20.1973,5.0603,7.7544,37.7100,0.0798,0.0339,0.1131,0.3750,0.3370,,31.6120,2.4270,-649981632.0000,769896000.0000,-0.8442,55197274112.0000,2.1070,1.5400,,195832246.0000,4.7200,6.9100,4.2500,2.7300,-0.0118,FCF/NI:-0.84,1,5.7800,False,3-7d,XLK,,AAPL|MSFT|NVDA,interest_rates|ai_capex_cycle|semiconductor_cycle,61,2026-11-04,False,2026-08-12,1.7400,1.6200,7.6000,ALCISTA FUERTE,10,773.1700,9.0000,46.9000,14.3200,"Filtros estándar (Score ≥6.5, DD ≥10%)"
NWS,News Corp (Class B),Communication Services,Publishing,2015-09-18,34.7200,2026-09-04,66.4500,87.2700,DOWN,-0.0674,0.0476,False,0.7038,0.7471,0.8330,2.1520,32.1400,29.7900,33.9500,8.0300,16.5500,True,1.3495,ALCISTA,-2.9100,35.7600,35.7600,25.4000,-2.9100,36.7100,0.7560,True,29.3800,5,35.5400,False,-15.3700,HAMMER|DOJI|HAMMER|DOJI|HAMMER,6.8500,10.0000,5.0000,7.5000,6,5.0000,7.0000,False,4.3000,6.4600,1.5000,32.9126,22.4248,2.1607,2.0156,15.1790,0.0798,0.0466,0.0635,0.5717,0.1080,-0.7490,31.5610,1.6230,1045124992.0000,573000000.0000,1.8240,18196803584.0000,0.9230,5.2700,0.5800,177612251.0000,5.0700,2.7100,6.1300,6.5900,0.0574,OK,0,5.7800,False,10-18d,XLC,,GOOGL|META|NFLX,ad_spending_cycle|streaming_competition|regulation,62,2026-11-05,False,2026-08-05,0.3500,0.2300,51.2000,ALCISTA FUERTE,10,773.1700,9.0000,46.9000,14.3200,"Filtros estándar (Score ≥6.5, DD ≥10%)"
LDOS,Leidos,Industrials,Diversified Support Services,2019-08-09,132.3600,2026-09-04,32.0100,53.8100,DOWN,-1.8265,-1.0698,False,-0.0379,4.0529,0.9720,3.0620,122.3100,152.7800,135.7100,8.2100,-13.3700,False,-3.2390,BAJISTA,-10.1600,147.3300,204.0800,98.8600,-35.1400,33.8900,1.0220,True,120.9400,2,134.0000,False,-8.6300,NONE,6.4000,6.5000,6.5000,7.5000,4,8.0000,5.0000,False,6.1200,9.1900,1.5000,12.4230,10.4086,3.1599,0.9468,9.4430,0.2778,0.0891,0.0780,0.1779,0.0720,-0.0670,123.2760,1.6290,1146625024.0000,1376000000.0000,0.8333,16696738816.0000,0.5720,2.5900,1.3000,125492209.0000,5.3500,1.8200,5.7900,8.9500,0.0687,D/E:123,1,5.7700,False,3-7d,XLI,,CAT|UNP|HON,pmi_manufacturing|supply_chain|capex_cycle,60,2026-11-03,False,2026-08-04,3.2600,2.9100,12.1000,ALCISTA FUERTE,10,773.1700,9.0000,46.9000,14.3200,"Filtros estándar (Score ≥6.5, DD ≥10%)"
EIX,Edison International,Utilities,Electric Utilities,1957-03-04,56.3000,2026-09-04,31.3800,65.1700,DOWN,-1.8973,-1.0490,False,0.0468,4.2957,2.1160,7.6300,72.7900,67.3700,67.3200,-22.6500,-16.4300,True,2.0922,BAJISTA,-31.0200,81.6200,81.6200,50.0400,-31.0200,12.5100,1.3540,False,,0,71.0600,False,,NONE,6.4000,7.0000,6.5000,7.0000,4,8.0000,5.0000,False,15.2600,22.8900,1.5000,5.8586,8.7261,1.2521,1.1247,7.4590,0.1973,0.0409,0.1928,0.6100,-0.0410,0.5510,228.0420,0.6620,82375000.0000,3744000000.0000,0.0220,21845889024.0000,0.6140,4.3300,6.2300,384813979.0000,5.3400,5.0000,5.7000,5.3300,0.0038,FCF/NI:0.02|D/E:228,2,5.7600,False,3-7d,XLU,,NEE|DUK|SO,interest_rates|regulatory_environment,53,2026-10-27,False,2026-07-30,1.5400,1.2100,27.0000,ALCISTA FUERTE,10,773.1700,9.0000,46.9000,14.3200,"Filtros estándar (Score ≥6.5, DD ≥10%)"
NCLH,Norwegian Cruise Line Holdings,Consumer Discretionary,"Hotels, Resorts & Cruise Lines",2017-10-13,15.5900,2026-09-04,14.3800,27.0300,DOWN,-0.1841,-0.1689,False,0.1354,0.6207,0.7170,3.9810,18.8700,19.8600,17.1900,-17.3700,-21.4900,False,-1.7883,BAJISTA,-28.9700,21.9500,27.1800,14.5300,-42.6400,7.3000,0.9640,True,14.5300,1,20.2600,False,-6.8000,HAMMER,6.8000,5.0000,7.5000,7.5000,4,10.0000,7.0000,False,7.9600,11.9400,1.5000,9.4364,9.2010,2.7789,0.7041,8.8350,0.3673,0.0425,0.0749,0.4246,0.0490,6.1630,621.0510,0.2000,-1680301312.0000,760768000.0000,-2.2087,7149554688.0000,1.8810,5.1300,,459187846.0000,5.0700,6.7600,3.5800,4.8200,-0.2350,FCF/NI:-2.21|D/E:621,2,5.7600,False,3-7d,XLY,,AMZN|TSLA|HD,consumer_spending|employment_data|interest_rates,61,2026-11-04,False,2026-07-30,0.4800,0.3900,22.8000,ALCISTA FUERTE,10,773.1700,9.0000,46.9000,14.3200,"Filtros estándar (Score ≥6.5, DD ≥10%)"
BF-B,Brown–Forman,Consumer Staples,Distillers & Vintners,1982-10-31,27.5100,2026-09-04,44.9400,38.6900,UP,-0.1451,-0.2183,True,0.4661,0.8156,0.9480,2.9650,27.0200,26.7500,27.3700,1.8000,2.8500,True,0.3346,ALCISTA,-6.5500,29.4400,30.8500,22.2300,-10.8200,23.7800,1.1810,False,26.9100,2,27.7600,True,-2.2000,NONE,6.7000,10.0000,7.0000,5.0000,7,5.0000,5.0000,False,5.9300,8.8900,1.5000,17.2452,15.5866,3.0902,3.1329,12.4480,0.1812,0.0863,0.1842,0.6066,-0.0140,0.0570,61.5020,3.2630,685625024.0000,721000000.0000,0.9509,12265441280.0000,0.3310,4.5500,3.3600,290383416.0000,5.1100,1.4000,6.7200,7.5800,0.0559,OK,0,5.7500,False,10-18d,XLP,,PG|KO|PEP,inflation|input_costs|fx_rates,90,2026-12-03,False,2026-06-04,0.1200,0.3200,-62.6000,ALCISTA FUERTE,10,773.1700,9.0000,46.9000,14.3200,"Filtros estándar (Score ≥6.5, DD ≥10%)"
COR,Cencora,Health Care,Health Care Distributors,2001-08-30,337.2200,2026-09-04,76.3000,50.9900,UP,1.0544,-0.2170,True,0.9644,6.6821,0.8570,1.9820,310.8100,320.8600,322.8200,8.5000,5.1000,False,-0.6466,ALCISTA,-0.4400,338.7100,375.3300,243.7800,-10.1500,38.3300,0.8600,True,310.8700,4,333.3000,False,-7.8100,HAMMER,6.8500,8.0000,7.0000,7.5000,6,5.0000,7.0000,False,3.9600,5.9400,1.5000,24.5877,16.7126,20.6999,0.1898,13.7360,0.9687,0.0356,0.0079,0.0396,0.0510,0.1190,446.5160,0.9350,2043314048.0000,2624793088.0000,0.7785,63154253824.0000,0.5740,3.0300,0.7100,190827165.0000,5.0100,3.2200,6.7900,5.0400,0.0324,D/E:447,1,5.7500,False,10-18d,XLV,,UNH|JNJ|LLY,fda_calendar|drug_pricing_policy|patent_cliffs,61,2026-11-04,False,2026-08-05,4.4800,4.3400,3.2000,ALCISTA FUERTE,10,773.1700,9.0000,46.9000,14.3200,"Filtros estándar (Score ≥6.5, DD ≥10%)"
WEC,WEC Energy Group,Utilities,Electric Utilities,2008-10-31,106.7000,2026-09-04,33.7900,48.7700,DOWN,-0.0085,-0.0814,True,0.3874,1.6200,0.7810,1.5180,110.8000,110.0200,107.5900,-3.7000,-3.0200,True,-0.2147,BAJISTA,-10.2400,118.8700,118.8700,100.3500,-10.2400,6.3300,0.8680,True,104.5700,1,117.8800,True,-2.0000,HAMMER,7.2500,6.5000,7.5000,7.5000,8,7.0000,7.0000,True,3.0400,4.5500,1.5000,20.5709,17.6599,,3.4053,14.6730,0.1199,0.0303,0.1669,0.4191,0.0260,0.1970,157.9850,0.5340,-2353637376.0000,1691500032.0000,-1.3914,34520481792.0000,0.4570,8.1000,3.5700,325849383.0000,4.7300,6.2700,4.6600,3.0100,-0.0682,FCF/NI:-1.39|D/E:158,2,5.7400,False,3-7d,XLU,,NEE|DUK|SO,interest_rates|regulatory_environment,55,2026-10-29,False,2026-07-29,0.9100,0.8100,12.3000,ALCISTA FUERTE,10,773.1700,9.0000,46.9000,14.3200,"Filtros estándar (Score ≥6.5, DD ≥10%)"
V,Visa Inc.,Financials,Transaction & Payment Processing Services,2009-12-21,378.7500,2026-09-04,64.0300,68.1300,DOWN,-0.1451,0.8687,False,0.7126,6.3229,0.8400,1.6690,361.8800,332.6700,372.7800,4.6600,13.8500,True,0.9892,ALCISTA,-1.7700,385.5700,385.5700,292.7400,-1.7700,29.3800,0.5820,True,358.1300,2,373.2800,False,-5.4400,NONE,6.3500,10.0000,5.0000,7.5000,4,5.0000,5.0000,False,3.3400,5.0100,1.5000,31.9480,24.9975,19.8765,15.7407,22.7280,0.6119,0.1911,0.5078,0.9772,0.1440,0.1020,67.8210,0.9850,20404000768.0000,22397999104.0000,0.9110,700273459200.0000,0.7610,3.2300,0.7100,1704112694.0000,5.3400,4.6000,7.3200,3.9100,0.0291,OK,0,5.7400,False,10-18d,XLF,,JPM|BAC|WFC,interest_rates|yield_curve|credit_spreads|loan_growth,53,2026-10-27,False,2026-07-28,3.3200,3.2300,2.8000,ALCISTA FUERTE,10,773.1700,9.0000,46.9000,14.3200,"Filtros estándar (Score ≥6.5, DD ≥10%)"
CL,Colgate-Palmolive,Consumer Staples,Household Products,1957-03-04,90.0900,2026-09-04,42.5400,41.2600,UP,-0.1950,-0.1864,False,0.2400,1.6250,0.7480,1.8040,91.7100,86.8800,91.0000,-1.7600,3.6900,True,1.7483,NEUTRO,-5.6300,95.4600,98.1500,73.2200,-8.2200,23.0400,1.3460,True,83.7100,2,89.1000,False,-7.0800,HAMMER|DOJI|HAMMER|DOJI,6.9800,8.5000,6.0000,7.5000,4,8.5000,7.0000,False,3.6100,5.4100,1.5000,34.9488,21.6090,299.8986,3.3622,15.7640,2.6737,0.1584,0.0968,0.6043,0.0490,-0.0550,1388.1630,1.0260,3458374912.0000,2038000000.0000,1.6969,70765027328.0000,0.3270,3.9700,2.3500,797172829.0000,4.9200,2.4700,6.7500,5.6500,0.0489,D/E:1388,1,5.7400,False,7-15d,XLP,,PG|KO|PEP,inflation|input_costs|fx_rates,56,2026-10-30,False,2026-07-31,0.9900,0.9500,4.5000,ALCISTA FUERTE,10,773.1700,9.0000,46.9000,14.3200,"Filtros estándar (Score ≥6.5, DD ≥10%)"
MSCI,MSCI,Financials,Financial Exchanges & Data,2018-04-04,574.6500,2026-09-04,53.1400,54.9200,DOWN,1.3420,1.7156,False,0.9108,11.8757,0.7030,2.0670,576.5200,569.2100,568.0400,-0.3200,0.9600,True,0.1022,NEUTRO,-10.5600,642.4700,642.4700,495.5400,-10.5600,15.9600,0.5410,True,546.8800,4,564.2600,False,-4.8300,HAMMER,6.8500,8.5000,5.0000,7.5000,6,7.0000,7.0000,False,4.1300,6.2000,1.5000,31.3634,25.4701,-15.4893,12.4958,24.4450,,0.2113,0.4073,0.8297,0.1220,0.1960,,0.8940,1194705920.0000,1358004992.0000,0.8798,41657827328.0000,1.2190,1.3700,1.4300,72700000.0000,5.0000,5.4200,5.6600,3.7600,0.0287,OK,0,5.7400,False,7-15d,XLF,,JPM|BAC|WFC,interest_rates|yield_curve|credit_spreads|loan_growth,46,2026-10-20,False,2026-07-21,4.9400,4.9800,-84.0000,ALCISTA FUERTE,10,773.1700,9.0000,46.9000,14.3200,"Filtros estándar (Score ≥6.5, DD ≥10%)"
FITB,Fifth Third Bancorp,Financials,Regional Banks,1996-03-29,54.9700,2026-09-04,31.2300,29.7800,UP,-0.1698,-0.3244,True,0.3755,1.1100,0.9100,2.0190,56.6100,50.3200,55.3300,-2.9000,9.2500,True,2.9627,NEUTRO,-7.6100,59.5000,59.5000,39.0800,-7.6100,40.6600,0.7790,True,54.0400,1,55.4000,True,-1.6900,NONE,7.2000,8.5000,8.5000,7.5000,7,5.0000,5.0000,False,4.0400,6.0600,1.5000,18.4747,11.1086,1.5400,4.9293,,0.0844,0.0092,0.2324,0.0000,0.5180,-0.0570,,,,2198000128.0000,,49761193984.0000,0.9130,0.0000,2.9100,906892564.0000,4.7600,5.0000,4.2500,5.0700,,OK,0,5.7400,False,7-15d,XLF,,JPM|BAC|WFC,interest_rates|yield_curve|credit_spreads|loan_growth,45,2026-10-19,False,2026-07-17,0.8300,0.8400,-1.2000,ALCISTA FUERTE,10,773.1700,9.0000,46.9000,14.3200,"Filtros estándar (Score ≥6.5, DD ≥10%)"
L,Loews Corporation,Financials,Multi-line Insurance,1995-05-31,110.0400,2026-09-04,35.5200,21.6200,UP,-0.1931,-0.4143,True,0.3313,1.6527,0.8140,1.5020,113.7400,108.6800,111.1300,-3.2500,1.2500,True,0.9853,NEUTRO,-9.0100,120.9400,120.9400,94.8800,-9.0100,15.9800,1.4830,False,106.5200,1,110.6100,True,-3.2000,HAMMER|DOJI,7.3000,8.5000,8.5000,7.0000,7,5.0000,7.0000,False,3.0000,4.5100,1.5000,13.4110,37.6897,1.1688,1.1952,8.0170,0.0931,0.0191,0.0902,0.3629,0.0390,0.1560,44.6090,0.5070,1262000000.0000,1687000064.0000,0.7481,22343950336.0000,0.5070,5.6500,0.2300,204427720.0000,4.6900,2.4800,4.3400,7.6900,0.0565,FCF/NI:0.75,1,5.7300,False,7-15d,XLF,,JPM|BAC|WFC,interest_rates|yield_curve|credit_spreads|loan_growth,59,2026-11-02,False,2020-02-10,1.1100,0.7300,52.5000,ALCISTA FUERTE,10,773.1700,9.0000,46.9000,14.3200,"Filtros estándar (Score ≥6.5, DD ≥10%)"
PANW,Palo Alto Networks,Information Technology,Systems Software,2023-06-20,331.9400,2026-09-04,35.7800,56.2700,DOWN,-4.8831,-0.8440,False,0.0847,20.6500,1.3160,6.2210,348.5000,232.4200,356.0500,-4.7500,42.8200,True,6.9304,NEUTRO,-16.7800,398.8800,398.8800,139.5700,-16.7800,137.8300,1.1280,False,314.9500,1,368.4800,False,-5.1200,HAMMER,6.5000,8.5000,6.5000,5.0000,4,8.0000,7.0000,False,12.4400,18.6600,1.5000,287.2931,68.0908,9.7925,23.6591,145.4190,0.0174,0.0175,0.0267,0.7049,0.3440,,9.0940,0.8710,4469550080.0000,307000000.0000,14.5588,271606906880.0000,0.9080,3.7400,,815000000.0000,5.1900,7.0100,5.4400,2.7900,0.0165,OK,0,5.7100,False,7-15d,XLK,,AAPL|MSFT|NVDA,interest_rates|ai_capex_cycle|semiconductor_cycle,76,2026-11-19,False,2026-09-01,1.0200,0.9800,4.3000,ALCISTA FUERTE,10,773.1700,9.0000,46.9000,14.3200,"Filtros estándar (Score ≥6.5, DD ≥10%)"
TECH,Bio-Techne,Health Care,Life Sciences Tools & Services,2021-08-30,72.4500,2026-09-04,54.0900,58.1300,DOWN,-0.1933,-0.2268,True,0.8615,0.2077,0.1950,0.2870,71.7500,60.7800,72.1100,0.9800,19.2000,True,1.8493,ALCISTA,-0.1800,72.5800,72.5800,43.0700,-0.1800,68.2000,0.9790,True,71.7100,6,,True,-1.0300,NONE,7.6000,10.0000,6.0000,7.5000,9,7.0000,5.0000,False,0.5700,0.8600,1.5000,62.4397,31.4049,5.3628,9.3481,34.0760,0.0903,0.0667,0.1497,0.6624,0.0130,,13.7120,4.5470,229653120.0000,181840000.0000,1.2629,11358345216.0000,1.2750,1.8500,0.4400,156818238.0000,4.4200,2.5300,7.1900,3.4000,0.0202,OK,0,5.6900,False,10-18d,XLV,,UNH|JNJ|LLY,fda_calendar|drug_pricing_policy|patent_cliffs,66,2026-11-09,False,2026-08-12,0.5200,0.5200,13.0000,ALCISTA FUERTE,10,773.1700,9.0000,46.9000,14.3200,"Filtros estándar (Score ≥6.5, DD ≥10%)"
NWSA,News Corp (Class A),Communication Services,Publishing,2013-08-01,30.9500,2026-09-04,73.3700,86.5800,DOWN,-0.0026,0.0933,False,0.7643,0.6314,0.8050,2.0400,28.3500,26.1400,30.0200,9.1600,18.3800,True,1.4269,ALCISTA,-2.2400,31.6600,31.6600,22.1100,-2.2400,40.0000,1.0660,True,26.2900,1,30.8800,False,-15.0600,HAMMER|DOJI|HAMMER|DOJI,6.5500,10.0000,5.0000,7.5000,4,5.0000,7.0000,False,4.0800,6.1200,1.5000,29.2212,20.1029,1.9370,1.8069,13.6520,0.0798,0.0466,0.0635,0.5717,0.1080,-0.7490,31.5610,1.6230,1045124992.0000,573000000.0000,1.8240,16312708096.0000,0.9230,3.2500,0.6500,359166575.0000,5.1100,2.7100,6.1300,6.7400,0.0641,OK,0,5.6900,False,10-18d,XLC,,GOOGL|META|NFLX,ad_spending_cycle|streaming_competition|regulation,62,2026-11-05,False,2026-08-05,0.3500,0.2300,51.2000,ALCISTA FUERTE,10,773.1700,9.0000,46.9000,14.3200,"Filtros estándar (Score ≥6.5, DD ≥10%)"
IQV,IQVIA,Health Care,Life Sciences Tools & Services,2017-08-29,271.6200,2026-09-04,87.1300,78.1200,UP,-0.0302,0.1022,False,0.9430,7.3986,0.9690,2.7240,228.5000,201.6300,252.7100,18.8700,34.7100,True,1.8254,ALCISTA,-0.0300,271.7100,271.7100,154.5000,-0.0300,75.8100,1.6240,False,233.7600,1,,False,-13.9400,BULL_ENGULF,6.7000,10.0000,6.0000,7.0000,4,5.0000,7.5000,False,5.4500,8.1700,1.5000,33.3047,18.5186,7.1422,2.5952,19.3610,0.2282,0.0506,0.0810,0.3297,0.0870,-0.0060,257.9750,0.7060,2149750016.0000,1375000064.0000,1.5635,44074938368.0000,1.1860,2.9900,,164600000.0000,5.0200,3.0800,6.0400,6.1100,0.0488,D/E:258,1,5.6900,False,10-18d,XLV,,UNH|JNJ|LLY,fda_calendar|drug_pricing_policy|patent_cliffs,60,2026-11-03,False,2026-07-28,3.1500,3.0300,3.9000,ALCISTA FUERTE,10,773.1700,9.0000,46.9000,14.3200,"Filtros estándar (Score ≥6.5, DD ≥10%)"
TMO,Thermo Fisher Scientific,Health Care,Life Sciences Tools & Services,2004-08-03,618.4300,2026-09-04,64.4400,71.8600,DOWN,-3.6701,-1.2564,False,0.6171,17.0979,1.0970,2.7650,568.5700,535.2000,606.6900,8.7700,15.5500,True,0.8359,ALCISTA,-4.4200,647.0000,647.0000,434.8300,-4.4200,42.2200,1.0940,True,584.2800,2,647.0000,False,-5.5200,HAMMER,6.5500,10.0000,5.0000,7.5000,4,5.0000,7.0000,False,5.5300,8.2900,1.5000,33.0879,22.2965,4.3080,4.8978,22.7680,0.1351,0.0513,0.1504,0.4099,0.1050,0.0940,80.5750,1.5510,6237250048.0000,6967000064.0000,0.8953,226943500288.0000,0.8540,2.1800,0.3000,369747286.0000,5.1000,4.9900,5.6900,4.5600,0.0275,D/E:81,1,5.6800,False,10-18d,XLV,,UNH|JNJ|LLY,fda_calendar|drug_pricing_policy|patent_cliffs,47,2026-10-21,False,2026-07-23,6.0300,5.7100,5.6000,ALCISTA FUERTE,10,773.1700,9.0000,46.9000,14.3200,"Filtros estándar (Score ≥6.5, DD ≥10%)"
ZTS,Zoetis,Health Care,Pharmaceuticals,2013-06-21,76.2900,2026-09-04,57.7100,55.5800,UP,0.1032,0.2579,False,0.5941,2.3793,0.9110,3.1190,75.4500,102.2400,76.1900,1.1100,-25.3800,False,-5.2297,BAJISTA,-7.4200,82.4100,152.2300,70.9800,-49.8800,7.4900,0.5750,True,72.4400,6,77.4800,False,-5.0500,HAMMER,6.3500,6.5000,6.0000,7.5000,6,5.0000,7.0000,False,6.2400,9.3600,1.5000,12.3670,11.6069,,3.2889,9.6170,0.6491,0.1535,0.2768,0.7174,-0.0020,0.0120,293.9960,3.0840,2016999936.0000,2636999936.0000,0.7649,31326480384.0000,0.7290,2.4700,2.7800,413223602.0000,5.2300,0.0000,7.4900,8.6900,0.0644,D/E:294,1,5.6800,False,3-7d,XLV,,UNH|JNJ|LLY,fda_calendar|drug_pricing_policy|patent_cliffs,60,2026-11-03,False,2026-08-06,1.8700,1.8500,95.0000,ALCISTA FUERTE,10,773.1700,9.0000,46.9000,14.3200,"Filtros estándar (Score ≥6.5, DD ≥10%)"
SPGI,S&P Global,Financials,Financial Exchanges & Data,1957-03-04,450.5800,2026-09-04,68.3600,71.4200,DOWN,1.8880,2.1897,False,0.9648,11.6642,0.9570,2.5890,424.2000,428.2100,430.7500,6.2200,5.2200,False,-0.7885,ALCISTA,-2.2600,460.9800,518.8800,358.5500,-13.1600,25.6700,1.3830,False,409.3700,4,449.3100,False,-9.1500,BULL_ENGULF,6.4000,8.0000,5.0000,7.0000,6,5.0000,7.5000,False,5.1800,7.7700,1.5000,26.9611,21.9398,4.1506,8.1098,18.3700,0.1426,0.0703,0.3054,0.7090,0.1040,0.1770,42.9800,0.9540,5448249856.0000,4922999808.0000,1.1067,130746753024.0000,1.0770,3.8300,0.8600,294800000.0000,5.2000,4.6300,5.7400,5.2300,0.0417,OK,0,5.6800,False,10-18d,XLF,,JPM|BAC|WFC,interest_rates|yield_curve|credit_spreads|loan_growth,55,2026-10-29,False,2026-07-28,4.8700,5.0200,-2.9000,ALCISTA FUERTE,10,773.1700,9.0000,46.9000,14.3200,"Filtros estándar (Score ≥6.5, DD ≥10%)"
NKE,"Nike, Inc.",Consumer Discretionary,"Apparel, Accessories & Luxury Goods",1988-11-30,38.7700,2026-09-04,42.4100,34.5400,UP,-0.0478,-0.1073,True,0.3097,1.0945,0.8210,2.8230,41.1400,50.5200,39.5500,-5.7700,-23.2500,False,-4.4256,BAJISTA,-15.3900,45.8200,74.5100,37.7700,-47.9700,2.6500,1.0630,True,38.4500,1,43.2300,True,-0.8200,HAMMER,6.4000,5.0000,7.0000,7.5000,7,5.0000,7.0000,False,5.6500,8.4700,1.5000,18.2857,16.7603,3.8308,1.2278,12.0780,0.2214,0.0697,0.0670,0.4325,-0.0110,4.2800,74.2890,1.9610,1889250048.0000,3108000000.0000,0.6079,56966352896.0000,1.1100,3.4700,4.2300,1202110951.0000,5.1900,5.0000,5.0600,5.5600,0.0332,FCF/NI:0.61,1,5.6700,False,3-7d,XLY,,AMZN|TSLA|HD,consumer_spending|employment_data|interest_rates,27,2026-10-01,False,2026-06-30,0.7200,0.1300,466.1000,ALCISTA FUERTE,10,773.1700,9.0000,46.9000,14.3200,"Filtros estándar (Score ≥6.5, DD ≥10%)"
MCK,McKesson Corporation,Health Care,Health Care Distributors,1999-01-13,921.3800,2026-09-04,64.4500,54.7700,UP,3.2014,0.2573,True,0.9318,21.8917,0.9410,2.3760,843.5200,841.1700,882.9200,9.2300,9.5400,True,0.7155,ALCISTA,-0.9200,929.9500,996.8400,679.6700,-7.5700,35.5600,0.8680,True,840.3400,2,908.7800,False,-8.8000,NONE,6.7500,10.0000,7.0000,7.5000,4,5.0000,5.0000,False,4.7500,7.1300,1.5000,24.3299,17.9901,-24.8410,0.2576,16.5460,,0.0474,0.0112,0.0363,0.0770,-0.1760,,0.8930,6801249792.0000,4592000000.0000,1.4811,105862881280.0000,0.3070,2.4000,0.4100,116590363.0000,4.9300,2.6600,5.6600,6.7300,0.0642,OK,0,5.6600,False,10-18d,XLV,,UNH|JNJ|LLY,fda_calendar|drug_pricing_policy|patent_cliffs,61,2026-11-04,False,2026-08-05,9.9300,9.5400,4.1000,ALCISTA FUERTE,10,773.1700,9.0000,46.9000,14.3200,"Filtros estándar (Score ≥6.5, DD ≥10%)"
OTIS,Otis Worldwide,Industrials,Industrial Machinery & Supplies & Components,2020-04-03,71.4800,2026-09-04,44.1500,40.3800,UP,-0.0806,-0.0707,False,0.4023,1.2826,0.8040,1.7940,72.0900,79.1800,71.6500,-0.8500,-9.7300,False,-2.1797,BAJISTA,-5.2700,75.4500,93.4300,68.7400,-23.4900,3.9800,0.7930,False,69.3700,6,74.2200,True,-2.9500,HAMMER|DOJI|HAMMER,6.0000,5.0000,6.0000,5.0000,9,5.0000,7.0000,False,3.5900,5.3800,1.5000,18.3059,15.6708,-4.7162,1.8180,13.4610,,0.1425,0.1017,0.3031,0.0730,0.1300,,0.8310,1436249984.0000,1516000000.0000,0.9474,27107463168.0000,0.8750,3.9300,2.4600,380669339.0000,5.4400,4.3100,5.6400,6.5200,0.0530,OK,0,5.6600,False,3-7d,XLI,,CAT|UNP|HON,pmi_manufacturing|supply_chain|capex_cycle,54,2026-10-28,False,2026-07-22,1.0100,1.0100,38.0000,ALCISTA FUERTE,10,773.1700,9.0000,46.9000,14.3200,"Filtros estándar (Score ≥6.5, DD ≥10%)"
GPN,Global Payments,Financials,Transaction & Payment Processing Services,2016-04-25,91.7700,2026-09-04,45.6300,67.2400,DOWN,-0.6184,-0.5241,False,0.5523,2.4750,0.8110,2.6970,84.1500,75.2600,90.5400,9.0500,21.9400,True,1.5423,ALCISTA,-4.2900,95.8800,95.8800,60.9300,-4.2900,50.6200,0.6220,True,84.2000,1,90.8500,False,-8.2500,NONE,6.3500,10.0000,5.0000,7.5000,4,5.0000,5.0000,False,5.3900,8.0900,1.5000,43.8578,5.7867,1.0644,2.3992,9.6580,0.0243,0.0233,-0.0915,0.6396,0.6860,-0.9520,98.2730,0.8250,7867763200.0000,494190016.0000,15.9205,24487786496.0000,0.7850,4.3900,1.0900,264618390.0000,5.1800,5.0000,3.9900,6.7800,0.3213,OK,0,5.6500,False,10-18d,XLF,,JPM|BAC|WFC,interest_rates|yield_curve|credit_spreads|loan_growth,60,2026-11-03,False,2026-08-05,3.4600,3.4400,63.0000,ALCISTA FUERTE,10,773.1700,9.0000,46.9000,14.3200,"Filtros estándar (Score ≥6.5, DD ≥10%)"
PFE,Pfizer,Health Care,Pharmaceuticals,1957-03-04,28.8100,2026-09-04,71.2200,62.7000,UP,0.0288,0.0297,False,0.8323,0.6271,1.1500,2.1770,25.7200,25.4300,27.6800,12.0200,13.3000,True,1.7720,ALCISTA,-1.3700,29.2100,29.2100,22.0300,-1.3700,30.7500,0.7470,True,25.4300,8,,False,-11.7400,NONE,6.8500,10.0000,6.0000,7.5000,6,5.0000,5.0000,False,4.3500,6.5300,1.5000,37.4342,9.8259,1.9033,2.5458,8.5210,0.0501,0.0578,0.0680,0.7472,0.0260,,74.2530,1.2670,12485624832.0000,4338999808.0000,2.8775,162155724800.0000,0.2990,3.6900,5.9700,5699673589.0000,4.8500,3.0700,4.7000,7.0900,0.0770,OK,0,5.6500,False,10-18d,XLV,,UNH|JNJ|LLY,fda_calendar|drug_pricing_policy|patent_cliffs,60,2026-11-03,False,2026-08-04,0.7700,0.6800,12.9000,ALCISTA FUERTE,10,773.1700,9.0000,46.9000,14.3200,"Filtros estándar (Score ≥6.5, DD ≥10%)"
FICO,Fair Isaac,Information Technology,Application Software,2023-03-20,1118.9301,2026-09-04,55.6600,67.3700,DOWN,2.2285,9.7690,False,0.5450,41.7036,0.7360,3.7270,1171.8100,1308.7200,1129.4200,-4.5100,-14.5000,False,-4.0695,BAJISTA,-20.6500,1410.1700,1998.0100,870.0100,-44.0000,28.6100,0.7900,True,1065.6899,1,1118.8000,False,-4.7600,HAMMER|DOJI,5.8500,5.0000,5.0000,7.5000,4,7.0000,7.0000,False,7.4500,11.1800,1.5000,26.9673,17.5706,-4.9142,8.4119,23.3630,,0.3998,0.3405,0.8510,0.2570,0.4120,,1.1830,774413504.0000,815017024.0000,0.9502,20134612992.0000,1.3180,4.9100,,21597635.0000,5.5200,5.6300,5.7400,5.1100,0.0385,OK,0,5.6500,False,3-7d,XLK,,AAPL|MSFT|NVDA,interest_rates|ai_capex_cycle|semiconductor_cycle,61,2026-11-04,False,2026-07-29,12.1800,11.7800,3.4000,ALCISTA FUERTE,10,773.1700,9.0000,46.9000,14.3200,"Filtros estándar (Score ≥6.5, DD ≥10%)"
WY,Weyerhaeuser,Real Estate,Timber REITs,1979-10-01,23.0400,2026-09-04,29.1200,27.0700,UP,-0.1690,-0.1584,False,0.0842,0.5343,0.8170,2.3190,24.1900,24.0300,23.9800,-4.7600,-4.1300,True,0.7333,BAJISTA,-11.3800,26.0000,27.2800,20.6000,-15.5400,11.8200,1.2820,True,23.1600,1,25.4800,True,0.5200,HAMMER,7.7000,7.0000,8.5000,7.5000,8,8.0000,7.0000,False,4.6400,6.9600,1.5000,34.8788,34.2325,1.7585,2.4214,31.2900,0.0497,0.0067,0.0689,0.1451,-0.0090,0.8710,57.6250,1.8160,13625000.0000,472000000.0000,0.0289,16591342592.0000,0.8900,4.5500,3.6500,720736000.0000,4.2700,5.0000,4.6000,3.0300,0.0008,FCF/NI:0.03,1,5.6400,False,3-7d,XLRE,,PLD|AMT|EQIX,interest_rates|cap_rates|occupancy_trends,55,2026-10-29,False,2026-07-30,0.1300,0.0800,66.6000,ALCISTA FUERTE,10,773.1700,9.0000,46.9000,14.3200,"Filtros estándar (Score ≥6.5, DD ≥10%)"
TEL,TE Connectivity,Information Technology,Electronic Manufacturing Services,2011-10-17,209.4100,2026-09-04,43.7900,35.2600,UP,-0.0514,-0.8076,True,0.5680,5.9220,0.8300,2.8280,204.7700,214.7800,206.2100,2.2700,-2.5000,False,-1.3538,BAJISTA,-5.2900,221.1200,250.6100,189.5300,-16.4400,10.4900,1.0620,True,199.6200,4,215.8100,False,-4.6800,NONE,6.5000,6.5000,7.0000,7.5000,7,5.0000,5.0000,False,5.6600,8.4800,1.5000,20.4158,16.1668,4.5671,3.1263,13.2000,0.2329,0.0969,0.1561,0.3612,0.1380,0.1920,43.4410,1.8760,2336875008.0000,3017999872.0000,0.7743,60406931456.0000,1.1580,3.2800,1.4900,289513228.0000,5.0500,2.3600,6.0500,7.0300,0.0387,OK,0,5.6300,False,3-7d,XLK,,AAPL|MSFT|NVDA,interest_rates|ai_capex_cycle|semiconductor_cycle,54,2026-10-28,False,2026-07-22,2.9400,2.8400,3.3000,ALCISTA FUERTE,10,773.1700,9.0000,46.9000,14.3200,"Filtros estándar (Score ≥6.5, DD ≥10%)"
ALGN,Align Technology,Health Care,Health Care Supplies,2017-06-19,159.8600,2026-09-04,24.9900,32.9700,DOWN,-0.3595,-0.9603,True,0.3281,5.8293,0.8270,3.6460,171.7300,170.4200,163.5300,-6.9100,-6.1900,True,1.7022,BAJISTA,-16.2900,190.9700,200.4400,122.0000,-20.2500,31.0300,0.8700,True,151.5800,1,177.6600,False,-5.1800,HAMMER|DOJI,6.8000,7.0000,8.5000,7.5000,5,5.0000,7.0000,True,7.2900,10.9400,1.5000,27.5887,12.6417,2.6703,2.7224,11.4000,0.1016,0.0740,0.0999,0.7036,0.0430,-0.1210,2.8550,1.3950,584361344.0000,413577984.0000,1.4129,11269406720.0000,1.6430,3.7500,,71039852.0000,4.8400,1.2700,6.6200,6.9400,0.0519,OK,0,5.6200,False,3-7d,XLV,,UNH|JNJ|LLY,fda_calendar|drug_pricing_policy|patent_cliffs,54,2026-10-28,False,2026-07-29,2.6400,2.6000,1.7000,ALCISTA FUERTE,10,773.1700,9.0000,46.9000,14.3200,"Filtros estándar (Score ≥6.5, DD ≥10%)"
UNP,Union Pacific Corporation,Industrials,Rail Transportation,1957-03-04,289.1500,2026-09-04,46.0100,71.8300,DOWN,-2.2064,-0.0687,False,0.1751,6.3205,1.0040,2.1860,291.9000,257.4200,297.5400,-0.9400,12.3300,True,3.2898,NEUTRO,-8.0700,314.5300,314.5300,206.4900,-8.0700,40.0300,0.8480,True,283.4700,1,313.6100,True,-1.9600,NONE,6.7300,8.5000,5.0000,7.5000,7,6.5000,5.0000,False,4.3700,6.5600,1.5000,23.4510,20.4607,8.8547,6.7712,15.5880,0.3970,0.0927,0.2885,0.5628,0.1150,0.0660,150.7720,0.9860,4720750080.0000,7329999872.0000,0.6440,172056150016.0000,0.9660,8.4600,1.9600,594075498.0000,4.8800,4.2100,5.5400,4.8900,0.0274,FCF/NI:0.64|D/E:151,2,5.6200,False,7-15d,XLI,,CAT|HON|RTX,pmi_manufacturing|supply_chain|capex_cycle,48,2026-10-22,False,2026-07-23,3.4100,3.2400,5.2000,ALCISTA FUERTE,10,773.1700,9.0000,46.9000,14.3200,"Filtros estándar (Score ≥6.5, DD ≥10%)"
LITE,Lumentum,Information Technology,Communications Equipment,2026-03-23,847.3700,2026-09-04,43.0000,54.6800,DOWN,-6.3311,3.1549,False,0.2932,64.2444,0.8280,7.5820,816.0000,682.0300,869.9400,3.8400,24.2400,True,11.0049,ALCISTA,-15.2400,999.6800,1085.6801,133.9100,-21.9500,532.7900,0.6970,True,849.8100,2,897.0000,True,0.2900,HAMMER|DOJI,7.2200,10.0000,5.0000,7.5000,7,6.5000,7.0000,False,15.1600,22.7400,1.5000,,26.4632,16.8133,26.2271,93.5950,-2.4003,0.0582,-2.3010,0.4424,1.0930,,35.9870,1.6780,224700000.0000,-6935099904.0000,-0.0324,79048572928.0000,1.5410,1.4500,,89700000.0000,4.5600,7.5000,3.1600,2.7500,0.0028,FCF/NI:-0.03|ROE:-240.0%,2,5.6200,False,10-18d,XLK,,AAPL|MSFT|NVDA,interest_rates|ai_capex_cycle|semiconductor_cycle,62,2026-11-05,False,2026-08-11,3.2300,2.9700,8.8000,ALCISTA FUERTE,10,773.1700,9.0000,46.9000,14.3200,"Filtros estándar (Score ≥6.5, DD ≥10%)"
PG,Procter & Gamble,Consumer Staples,Personal Care Products,1957-03-04,146.9200,2026-09-04,57.2200,40.9700,UP,0.3876,0.0667,True,0.8673,2.2771,0.7420,1.5500,146.3200,145.8100,145.4600,0.4100,0.7600,True,-0.0556,ALCISTA,-4.4000,153.6800,164.7700,134.6200,-10.8300,9.1300,0.6810,True,142.6800,12,152.5400,True,-2.8800,NONE,7.7000,9.5000,7.0000,7.5000,9,7.0000,5.0000,False,3.1000,4.6500,1.5000,22.0875,19.7897,6.3817,3.9081,14.8500,0.3029,0.1072,0.1844,0.5087,0.0150,-0.1550,64.4900,0.6770,13280874496.0000,15754000384.0000,0.8430,340132134912.0000,0.3770,3.0400,2.9600,2322672312.0000,4.2400,0.4100,6.8700,5.6300,0.0390,OK,0,5.6200,False,10-18d,XLP,,KO|PEP|WMT,inflation|input_costs|fx_rates,48,2026-10-22,False,2026-07-29,1.4300,1.4100,1.6000,ALCISTA FUERTE,10,773.1700,9.0000,46.9000,14.3200,"Filtros estándar (Score ≥6.5, DD ≥10%)"
RMD,ResMed|,Health Care,Health Care Equipment,2017-07-26,229.1900,2026-09-04,56.4700,78.5300,DOWN,-0.8944,0.8376,False,0.5202,6.3423,0.9480,2.7670,214.2200,227.2500,228.1900,6.9900,0.8500,False,-1.0221,ALCISTA,-5.4500,242.4000,281.8900,179.7500,-18.6900,27.5000,0.9810,True,217.1200,1,232.4000,False,-5.2700,NONE,5.9500,8.0000,5.0000,7.5000,4,5.0000,5.0000,False,5.5300,8.3000,1.5000,21.8936,17.2833,5.0015,5.8265,15.4680,0.2427,0.1400,0.2695,0.6162,0.0860,0.0240,12.5420,3.1000,939248256.0000,1523293056.0000,0.6166,32940013568.0000,0.7660,9.2100,1.1500,144252306.0000,5.3900,3.0300,7.9700,5.1400,0.0285,FCF/NI:0.62,1,5.6100,False,10-18d,XLV,,UNH|JNJ|LLY,fda_calendar|drug_pricing_policy|patent_cliffs,55,2026-10-29,False,2026-08-06,2.9500,2.8900,2.0000,ALCISTA FUERTE,10,773.1700,9.0000,46.9000,14.3200,"Filtros estándar (Score ≥6.5, DD ≥10%)"
EG,Everest Group,Financials,Reinsurance,2017-06-19,386.2500,2026-09-04,67.2900,52.7500,UP,1.1091,0.5998,True,1.0437,7.3964,0.9280,1.9150,372.6600,340.3300,375.1500,3.6500,13.4900,True,1.4462,ALCISTA,-3.7000,401.0700,401.0700,298.7800,-3.7000,29.2800,1.1160,True,341.9200,1,379.2200,False,-11.4800,NONE,6.7500,10.0000,7.0000,7.5000,4,5.0000,5.0000,False,3.8300,5.7400,1.5000,8.0488,6.3742,0.9553,0.8680,,0.1257,0.0249,0.1138,0.1528,-0.1130,-0.1150,23.2600,0.3880,2064625024.0000,1890000000.0000,1.0924,14603597824.0000,0.2770,4.0200,2.0700,38342734.0000,4.8500,0.0000,6.2600,8.8500,0.1414,RevG:-11.3%,1,5.6100,False,10-18d,XLF,,JPM|BAC|WFC,interest_rates|yield_curve|credit_spreads|loan_growth,54,2026-10-28,False,2026-07-29,14.8500,14.5300,2.2000,ALCISTA FUERTE,10,773.1700,9.0000,46.9000,14.3200,"Filtros estándar (Score ≥6.5, DD ≥10%)"
WFC,Wells Fargo,Financials,Diversified Banks,1976-06-30,89.1900,2026-09-04,51.5600,38.8900,UP,0.2990,-0.1351,True,0.8517,1.7814,0.9240,1.9970,86.2500,84.1200,86.7000,3.4100,6.0300,True,0.2903,ALCISTA,-1.2700,90.3400,96.1800,72.3600,-7.2600,23.2500,1.0670,False,78.3500,1,89.4900,False,-12.1500,NONE,6.2500,10.0000,7.0000,5.0000,4,5.0000,5.0000,False,3.9900,5.9900,1.5000,13.0770,11.3880,1.6914,3.2769,,0.1258,0.0108,0.2723,0.0000,0.0950,0.2500,,,,21614999552.0000,,272069214208.0000,0.9200,0.0000,,3023999336.0000,5.1800,5.4900,4.6500,5.4400,,OK,0,5.6100,False,10-18d,XLF,,JPM|BAC|GS,interest_rates|yield_curve|credit_spreads|loan_growth,39,2026-10-13,False,2026-07-14,2.0000,1.7200,16.4000,ALCISTA FUERTE,10,773.1700,9.0000,46.9000,14.3200,"Filtros estándar (Score ≥6.5, DD ≥10%)"
NDAQ,"Nasdaq, Inc.",Financials,Financial Exchanges & Data,2008-10-22,98.7100,2026-09-04,57.8900,76.8600,DOWN,-0.3411,-0.0646,False,0.7211,1.9664,0.8030,1.9920,92.3800,89.9700,97.0600,6.8500,9.7100,True,1.2196,ALCISTA,-2.2400,100.9700,101.1100,76.5500,-2.3700,28.9500,0.7460,True,87.1000,2,96.8700,False,-11.7600,NONE,6.3500,10.0000,5.0000,7.5000,4,5.0000,5.0000,False,3.9800,5.9800,1.5000,28.2449,20.7076,4.5417,9.6462,19.0710,0.1652,0.0585,0.3504,1.0000,0.1490,0.1410,77.6870,1.0060,1691500032.0000,1967000064.0000,0.8599,54153723904.0000,0.9740,2.6000,1.1800,558977372.0000,5.1100,5.3400,5.5300,4.3400,0.0312,OK,0,5.6100,False,10-18d,XLF,,JPM|BAC|WFC,interest_rates|yield_curve|credit_spreads|loan_growth,48,2026-10-22,False,2026-07-23,1.0700,0.9800,8.8000,ALCISTA FUERTE,10,773.1700,9.0000,46.9000,14.3200,"Filtros estándar (Score ≥6.5, DD ≥10%)"
ABT,Abbott Laboratories,Health Care,Health Care Equipment,1957-03-04,108.7900,2026-09-04,43.9900,61.5800,DOWN,-1.1496,-0.7760,False,0.2162,2.7471,1.0300,2.5250,103.9000,105.3100,110.5000,4.7100,3.3000,False,-1.1647,ALCISTA,-7.2900,117.3400,134.3800,81.3900,-19.0500,33.6700,0.7110,True,99.5400,1,110.0400,False,-8.5000,NONE,6.1700,8.0000,5.0000,7.5000,4,6.5000,5.0000,False,5.0500,7.5800,1.5000,35.0583,17.8619,3.6676,4.0239,18.4930,0.1058,0.0533,0.1165,0.5685,0.1300,-0.4750,63.2120,1.3760,7209124864.0000,5400999936.0000,1.3348,187452440576.0000,0.5810,1.8500,2.3200,1730383296.0000,5.2400,4.8400,5.4800,5.4400,0.0385,OK,0,5.6100,False,10-18d,XLV,,UNH|JNJ|LLY,fda_calendar|drug_pricing_policy|patent_cliffs,40,2026-10-14,False,2026-07-16,1.3100,1.2800,2.6000,ALCISTA FUERTE,10,773.1700,9.0000,46.9000,14.3200,"Filtros estándar (Score ≥6.5, DD ≥10%)"
EVRG,Evergy,Utilities,Electric Utilities,2018-06-05,81.9300,2026-09-04,42.0000,42.5700,DOWN,-0.0093,-0.1228,True,0.4710,1.3036,0.8800,1.5910,83.7500,79.3300,82.0400,-2.1700,3.2800,True,0.9425,NEUTRO,-6.7800,87.8900,87.8900,68.0500,-6.7800,20.4000,1.1650,False,83.1400,10,87.6400,True,1.4800,NONE,6.5000,8.5000,6.0000,5.0000,9,5.0000,5.0000,False,3.1800,4.7700,1.5000,20.7481,17.8619,1.8390,3.0851,12.4700,0.0925,0.0291,0.1519,0.5270,0.0440,0.2300,160.5540,0.3590,-1443362560.0000,925800000.0000,-1.5590,18800447488.0000,0.5100,9.0900,3.3900,230567172.0000,5.0000,7.5000,4.1600,3.0700,-0.0768,FCF/NI:-1.56|D/E:161,2,5.6000,False,7-15d,XLU,,NEE|DUK|SO,interest_rates|regulatory_environment,62,2026-11-05,False,2026-08-06,0.8800,0.8000,9.8000,ALCISTA FUERTE,10,773.1700,9.0000,46.9000,14.3200,"Filtros estándar (Score ≥6.5, DD ≥10%)"
VTRS,Viatris,Health Care,Pharmaceuticals,2004-04-23,16.9400,2026-09-04,65.9300,66.7900,DOWN,0.0750,0.0365,True,0.8837,0.4051,0.8480,2.3910,16.6500,14.4800,16.6200,1.7500,16.9800,True,4.5276,ALCISTA,-7.1900,18.2500,18.2500,9.1100,-7.1900,86.0100,0.8930,True,15.7900,3,17.2000,False,-6.7700,HAMMER|DOJI,7.0500,10.0000,6.0000,7.5000,6,5.0000,7.0000,False,4.7800,7.1700,1.5000,,6.3257,1.3410,1.3156,7.3550,-0.0275,0.0267,-0.0279,0.4031,0.0490,,95.5350,1.5850,2677337600.0000,-410700000.0000,-6.5190,19388213248.0000,0.8830,3.4100,2.8300,1148590864.0000,4.6400,4.0100,2.6600,7.6700,0.1381,FCF/NI:-6.52|D/E:96|ROE:-2.8%,3,5.6000,False,10-18d,XLV,,UNH|JNJ|LLY,fda_calendar|drug_pricing_policy|patent_cliffs,62,2026-11-05,False,2026-08-06,0.6900,0.6000,15.0000,ALCISTA FUERTE,10,773.1700,9.0000,46.9000,14.3200,"Filtros estándar (Score ≥6.5, DD ≥10%)"
HCA,HCA Healthcare,Health Care,Health Care Facilities,2015-01-27,409.2000,2026-09-04,53.2400,54.8500,DOWN,-2.0856,-0.3028,False,0.3419,11.1986,0.9150,2.7370,402.5200,451.3100,412.2600,1.6600,-9.3300,False,-0.9676,BAJISTA,-6.2500,436.5000,554.5800,353.9900,-26.2100,15.6000,1.1210,True,369.4100,1,420.4800,False,-9.7200,HAMMER,5.8500,6.5000,5.0000,7.5000,4,5.0000,7.0000,False,5.4700,8.2100,1.5000,13.5769,12.6305,-13.2905,1.1240,9.0460,,0.1229,0.0877,0.4258,0.0870,0.1160,,0.9930,3738125056.0000,6840000000.0000,0.5465,87683112960.0000,1.1090,3.8600,0.7600,216501500.0000,5.4100,4.6500,4.9400,6.8400,0.0426,FCF/NI:0.55,1,5.5900,False,3-7d,XLV,,UNH|JNJ|LLY,fda_calendar|drug_pricing_policy|patent_cliffs,49,2026-10-23,False,2026-07-24,7.5900,7.5000,1.2000,ALCISTA FUERTE,10,773.1700,9.0000,46.9000,14.3200,"Filtros estándar (Score ≥6.5, DD ≥10%)"
HPQ,HP Inc.,Information Technology,"Technology Hardware, Storage & Peripherals",1974-12-31,31.9300,2026-09-04,59.7000,47.9700,UP,0.0571,-0.1396,True,0.9971,1.3957,1.1560,4.3710,27.0100,22.4800,29.8800,18.2000,42.0100,True,2.0072,ALCISTA,-1.9000,32.5500,32.5500,17.0700,-1.9000,87.0300,0.9090,False,26.7300,1,32.1900,False,-16.2900,BULL_ENGULF,6.5000,10.0000,7.0000,5.0000,4,5.0000,7.5000,False,8.7400,13.1100,1.5000,12.4580,10.3942,-320.0000,0.4975,7.5420,,0.0563,0.0414,0.1966,0.1250,-0.1130,,0.7880,3389874944.0000,2451000064.0000,1.3831,29434456064.0000,1.2050,5.3900,3.7600,901790969.0000,4.9800,1.3200,5.6300,8.5100,0.1152,OK,0,5.5900,False,10-18d,XLK,,AAPL|MSFT|NVDA,interest_rates|ai_capex_cycle|semiconductor_cycle,81,2026-11-24,False,2026-08-26,0.8300,0.6900,20.0000,ALCISTA FUERTE,10,773.1700,9.0000,46.9000,14.3200,"Filtros estándar (Score ≥6.5, DD ≥10%)"
CHD,Church & Dwight,Consumer Staples,Household Products,2015-12-29,98.5900,2026-09-04,41.4800,48.1000,DOWN,-0.3546,-0.0873,False,0.2223,2.1479,0.9190,2.1790,99.0600,94.3100,100.1800,-0.4700,4.5400,True,1.7208,NEUTRO,-5.2000,103.9900,105.3700,80.2900,-6.4400,22.7900,1.1610,True,92.5600,8,99.9100,False,-6.1200,HAMMER|DOJI,6.7800,8.5000,5.0000,7.5000,6,6.5000,7.0000,False,4.3600,6.5400,1.5000,31.5865,24.3954,5.3750,3.7528,18.8660,0.1704,0.0787,0.1196,0.4556,0.0160,0.0900,55.8510,1.1470,939262528.0000,744800000.0000,1.2611,23376445440.0000,0.4710,5.8900,1.2500,237203907.0000,4.8000,2.9700,6.1200,5.3900,0.0402,OK,0,5.5900,False,7-15d,XLP,,PG|KO|PEP,inflation|input_costs|fx_rates,56,2026-10-30,False,2026-07-31,0.8900,0.9000,-95.0000,ALCISTA FUERTE,10,773.1700,9.0000,46.9000,14.3200,"Filtros estándar (Score ≥6.5, DD ≥10%)"
VTR,Ventas,Real Estate,Health Care REITs,2009-03-04,92.1100,2026-09-04,54.4500,48.4200,UP,-0.0475,-0.0404,False,0.5477,1.7271,0.7770,1.8750,92.7500,84.4400,92.2800,-0.6900,9.0800,True,2.3719,NEUTRO,-9.3400,101.6000,101.6000,64.7200,-9.3400,42.3200,0.9600,True,90.0400,2,94.5500,True,-2.2400,HAMMER|DOJI|HAMMER|DOJI,7.2000,8.5000,6.0000,7.5000,7,7.0000,7.0000,False,3.7500,5.6300,1.5000,164.1273,114.2658,3.1608,7.2135,25.4230,0.0201,0.0217,0.0409,0.3997,0.2170,-0.0670,84.9280,0.2950,1486853504.0000,262731008.0000,5.6592,46303666176.0000,0.7240,7.0800,2.2600,512946359.0000,4.5100,5.0000,4.4000,4.0700,0.0321,D/E:85,1,5.5900,False,7-15d,XLRE,,PLD|AMT|EQIX,interest_rates|cap_rates|occupancy_trends,54,2026-10-28,False,2026-07-29,0.1700,0.1100,51.7000,ALCISTA FUERTE,10,773.1700,9.0000,46.9000,14.3200,"Filtros estándar (Score ≥6.5, DD ≥10%)"
PKG,Packaging Corporation of America,Materials,Paper & Plastic Packaging Products & Materials,2017-07-26,234.5700,2026-09-04,26.1100,30.1800,DOWN,-2.7573,-2.7024,False,0.1330,5.9379,0.9240,2.5310,242.3700,221.3700,243.1400,-3.2200,5.9600,True,2.2966,NEUTRO,-9.7700,259.9800,259.9800,187.9800,-9.7700,24.7900,1.0700,True,222.8200,2,243.5000,False,-5.0100,HAMMER|DOJI,7.2000,8.5000,7.5000,7.5000,4,8.0000,7.0000,False,5.0600,7.5900,1.5000,30.8518,18.3397,4.5069,2.2170,12.2910,0.1489,0.0828,0.0726,0.2139,0.1470,-0.1950,94.4740,2.9410,432950016.0000,687400000.0000,0.6298,21138571264.0000,0.7970,4.3100,2.5600,89098299.0000,4.5100,4.0500,5.3600,4.0600,0.0205,FCF/NI:0.63|D/E:94,2,5.5900,False,7-15d,XLB,,LIN|APD|ECL,commodity_prices|dxy|china_demand|energy_costs,47,2026-10-21,False,2026-07-22,2.3500,2.3100,1.6000,ALCISTA FUERTE,10,773.1700,9.0000,46.9000,14.3200,"Filtros estándar (Score ≥6.5, DD ≥10%)"
J,Jacobs Solutions,Industrials,Construction & Engineering,2007-10-26,147.5400,2026-09-04,57.5500,64.6300,DOWN,-0.8137,-0.1710,False,0.5080,3.1263,0.8350,2.1190,137.7500,132.0400,146.3700,7.1100,11.7400,True,-0.5933,ALCISTA,-3.7600,153.3000,166.6600,105.0900,-11.4700,40.3900,0.8680,True,142.0600,1,152.4600,True,-3.7100,NONE,6.7000,9.5000,5.0000,7.5000,7,5.0000,5.0000,False,4.2400,6.3600,1.5000,48.5814,17.7059,5.2469,1.2036,19.0530,0.0800,0.0455,0.0238,0.2207,0.3450,-0.2540,124.7340,1.2870,645677888.0000,359329984.0000,1.7969,17114555392.0000,0.6790,4.4500,0.9800,117038611.0000,4.8400,5.0000,4.4100,5.1600,0.0377,D/E:125,1,5.5800,False,10-18d,XLI,,CAT|UNP|HON,pmi_manufacturing|supply_chain|capex_cycle,76,2026-11-19,False,2026-08-04,1.8400,1.8300,80.0000,ALCISTA FUERTE,10,773.1700,9.0000,46.9000,14.3200,"Filtros estándar (Score ≥6.5, DD ≥10%)"
DOW,Dow Inc.,Materials,Commodity Chemicals,2019-04-01,30.3600,2026-09-04,47.5800,55.7800,DOWN,-0.0372,-0.0809,True,0.4181,0.9981,0.8610,3.2880,29.6800,30.7600,30.5000,2.2700,-1.3000,False,2.8502,BAJISTA,-14.7800,35.6300,41.8200,19.6800,-27.4100,54.2800,1.0180,True,29.3900,1,32.3500,True,-3.2000,BULL_ENGULF,6.8000,7.0000,6.0000,7.5000,8,5.0000,7.5000,False,6.5800,9.8600,1.5000,,16.0364,1.3409,0.5147,9.7490,-0.0554,0.0130,-0.0313,0.0979,0.1970,,111.9130,1.7490,237624992.0000,-1300999936.0000,-0.1826,21265711104.0000,0.4240,3.9200,4.6100,722340711.0000,4.7600,7.5000,2.6300,4.0500,0.0112,FCF/NI:-0.18|D/E:112|ROE:-5.5%,3,5.5800,False,3-7d,XLB,,LIN|APD|ECL,commodity_prices|dxy|china_demand|energy_costs,48,2026-10-22,False,2026-07-23,1.4400,1.2800,12.6000,ALCISTA FUERTE,10,773.1700,9.0000,46.9000,14.3200,"Filtros estándar (Score ≥6.5, DD ≥10%)"
FCX,Freeport-McMoRan,Materials,Copper,2011-07-01,72.5600,2026-09-04,60.9100,67.8600,DOWN,-0.3923,0.5067,False,0.5048,3.1186,1.0790,4.2980,66.2000,60.5600,72.4500,9.6100,19.8100,True,5.5484,ALCISTA,-9.5700,80.2400,80.2400,34.7800,-9.5700,108.6500,0.7980,True,61.5800,1,71.5100,False,-15.1300,NONE,6.3500,10.0000,5.0000,7.5000,4,5.0000,5.0000,False,8.6000,12.8900,1.5000,35.6520,17.5873,5.1939,4.0375,12.8310,0.1475,0.0759,0.1139,0.3827,-0.0730,0.2810,32.1490,2.0660,2159249920.0000,2936000000.0000,0.7354,104441561088.0000,1.4010,1.9300,0.8300,1436017523.0000,5.0600,5.0000,6.1400,3.8800,0.0207,FCF/NI:0.74,1,5.5800,False,10-18d,XLB,,LIN|APD|ECL,commodity_prices|dxy|china_demand|energy_costs,48,2026-10-22,False,2026-07-23,0.7400,0.6200,18.5000,ALCISTA FUERTE,10,773.1700,9.0000,46.9000,14.3200,"Filtros estándar (Score ≥6.5, DD ≥10%)"
CCL,Carnival Corporation,Consumer Discretionary,"Hotels, Resorts & Cruise Lines",1998-12-22,23.4800,2026-09-04,17.9600,21.6300,DOWN,-0.3415,-0.3520,True,0.1239,0.7893,0.7280,3.3620,26.8400,27.5200,25.5700,-12.5300,-14.6800,False,-0.4700,BAJISTA,-25.3100,31.4400,33.4900,23.0800,-29.8900,1.7300,1.0890,False,23.3600,2,27.7300,True,-0.5100,HAMMER,6.9500,5.0000,8.5000,5.0000,7,10.0000,7.0000,False,6.7200,10.0800,1.5000,10.5901,8.9302,2.4873,1.1790,7.6830,0.2669,0.0537,0.1124,0.5568,0.0530,-0.0650,201.5560,0.3340,1899374976.0000,3068999936.0000,0.6189,32200452096.0000,2.3120,2.0400,1.9200,1369649119.0000,4.6700,1.9500,4.0000,8.6400,0.0590,FCF/NI:0.62|D/E:202,2,5.5800,False,5-10d,XLY,,AMZN|TSLA|HD,consumer_spending|employment_data|interest_rates,24,2026-09-28,False,2026-06-23,0.4100,0.3400,21.1000,ALCISTA FUERTE,10,773.1700,9.0000,46.9000,14.3200,"Filtros estándar (Score ≥6.5, DD ≥10%)"
PYPL,PayPal,Financials,Transaction & Payment Processing Services,2015-07-20,56.8200,2026-09-04,37.1700,64.8100,DOWN,-1.1027,-1.2099,True,0.3258,2.0454,1.2660,3.6000,54.7700,50.8800,57.6300,3.7400,11.6700,True,-1.6158,ALCISTA,-9.4200,62.7300,78.5300,38.2200,-27.6500,48.6700,1.2440,False,54.9400,1,57.7800,True,-3.3200,NONE,6.7000,9.5000,7.5000,5.0000,7,5.0000,5.0000,False,7.2000,10.8000,1.5000,10.3894,9.4959,2.3903,1.3776,7.9880,0.2450,0.0462,0.1436,0.4048,0.0480,-0.0310,71.7510,1.2880,4423124992.0000,4902000128.0000,0.9023,47016128512.0000,1.2860,2.0000,0.9900,855460874.0000,4.8400,0.8500,6.4400,7.6300,0.0941,OK,0,5.5800,False,10-18d,XLF,,JPM|BAC|WFC,interest_rates|yield_curve|credit_spreads|loan_growth,53,2026-10-27,False,2026-07-28,1.3800,1.2800,8.0000,ALCISTA FUERTE,10,773.1700,9.0000,46.9000,14.3200,"Filtros estándar (Score ≥6.5, DD ≥10%)"
ACN,Accenture,Information Technology,IT Consulting & Other Services,2011-07-06,193.1200,2026-09-04,66.5800,62.4800,UP,-0.1530,0.0904,False,0.9271,6.5643,0.8490,3.3990,160.2000,200.2000,181.5100,20.5500,-3.5300,False,-2.8884,BAJISTA,-1.1300,195.3200,285.2100,116.7500,-32.2900,65.4200,1.0820,True,175.9000,2,197.0000,False,-8.9200,NONE,6.0000,6.5000,6.0000,7.5000,5,5.0000,5.0000,False,6.8000,10.2000,1.5000,14.9257,12.7409,3.5824,1.5631,9.1170,0.2441,0.1090,0.1066,0.3201,0.0560,0.0900,25.0350,1.3390,12089380864.0000,7789751808.0000,1.5520,114261827584.0000,1.0920,3.2000,3.3800,611942109.0000,5.2700,0.4500,6.5900,9.3600,0.1058,OK,0,5.5600,False,3-7d,XLK,,AAPL|MSFT|NVDA,interest_rates|ai_capex_cycle|semiconductor_cycle,27,2026-10-01,False,2026-06-18,3.8000,3.7100,2.5000,ALCISTA FUERTE,10,773.1700,9.0000,46.9000,14.3200,"Filtros estándar (Score ≥6.5, DD ≥10%)"
SBUX,Starbucks,Consumer Discretionary,Restaurants,2000-06-07,105.8200,2026-09-04,44.5400,56.2100,DOWN,-0.1833,-0.0309,False,0.3690,2.4836,0.9160,2.3470,105.0000,96.5200,106.2300,0.7900,9.6300,True,2.5648,ALCISTA,-3.6900,109.8800,109.8800,76.0500,-3.6900,39.1500,0.7580,True,101.4500,7,108.5400,False,-4.1300,HAMMER|DOJI,6.8500,10.0000,5.0000,7.5000,6,5.0000,7.0000,False,4.6900,7.0400,1.5000,60.7384,33.5317,-15.5161,3.1064,24.7210,,0.0802,0.0517,0.2234,-0.0140,0.8570,,0.7600,3065537536.0000,1982800000.0000,1.5461,119095803904.0000,0.9650,5.0600,2.3400,1140000000.0000,4.6900,5.0000,5.6200,3.2400,0.0257,OK,0,5.5500,False,10-18d,XLY,,AMZN|TSLA|HD,consumer_spending|employment_data|interest_rates,54,2026-10-28,False,2026-07-29,0.8500,0.6500,30.8000,ALCISTA FUERTE,10,773.1700,9.0000,46.9000,14.3200,"Filtros estándar (Score ≥6.5, DD ≥10%)"
BKR,Baker Hughes,Energy,Oil & Gas Equipment & Services,2017-07-07,63.6400,2026-09-04,41.6200,52.9400,DOWN,-0.0826,-0.2595,True,0.5549,1.5486,0.8590,2.4330,59.7000,58.0600,62.7300,6.5900,9.6000,True,2.8864,ALCISTA,-2.7500,65.4400,69.9200,43.2400,-8.9800,47.1700,0.7350,True,62.2600,3,64.1800,True,-2.1700,HAMMER|BULL_ENGULF,7.7500,10.0000,6.0000,7.5000,9,5.0000,9.5000,False,4.8700,7.3000,1.5000,20.4180,20.0899,3.1652,2.2736,12.9320,0.1646,0.0485,0.1117,0.2366,-0.0240,-0.0420,80.9250,2.0950,4415000064.0000,3096000000.0000,1.4260,63034802176.0000,0.9610,2.7400,1.4500,992674071.0000,4.0600,0.0000,5.8000,6.7500,0.0700,D/E:81,1,5.5400,False,10-18d,XLE,,XOM|CVX|COP,oil_price|gas_price|opec_supply|inventories,48,2026-10-22,False,2026-07-26,0.6400,0.4900,31.5000,ALCISTA FUERTE,10,773.1700,9.0000,46.9000,14.3200,"Filtros estándar (Score ≥6.5, DD ≥10%)"
AWK,American Water Works,Utilities,Water Utilities,2016-03-04,140.8900,2026-09-04,60.0800,55.2000,UP,0.1414,-0.0041,True,1.0191,2.9650,0.9240,2.1040,134.3300,129.9000,137.1400,4.8900,8.4600,True,0.5310,ALCISTA,-0.9700,142.2700,142.2700,118.8200,-0.9700,18.5800,0.8670,True,128.1200,5,140.2200,False,-9.0700,BULL_ENGULF,7.3000,10.0000,7.0000,7.5000,6,5.0000,7.5000,False,4.2100,6.3100,1.5000,24.3426,21.4292,2.3970,5.2917,15.0500,0.1009,0.0352,0.2135,0.6147,0.0620,0.0860,137.7450,0.5230,-1785374976.0000,1128000000.0000,-1.5828,27961167872.0000,0.5800,4.5800,2.5400,198728989.0000,4.3700,5.6600,4.4700,2.7600,-0.0639,FCF/NI:-1.58,1,5.5400,False,10-18d,XLU,,NEE|DUK|SO,interest_rates|regulatory_environment,54,2026-10-28,False,2026-07-29,1.6100,1.5500,4.0000,ALCISTA FUERTE,10,773.1700,9.0000,46.9000,14.3200,"Filtros estándar (Score ≥6.5, DD ≥10%)"
GILD,Gilead Sciences,Health Care,Biotechnology,2004-07-01,151.2200,2026-09-04,71.7800,80.5300,DOWN,0.3380,0.3676,False,0.8264,3.7579,0.9790,2.4850,136.0600,133.2300,144.2000,11.1400,13.5000,True,1.8531,ALCISTA,-0.8700,152.5500,155.3800,106.4400,-2.6800,42.0700,0.8220,True,133.0200,1,,False,-12.0400,HAMMER,6.5500,10.0000,5.0000,7.5000,4,5.0000,7.0000,False,4.9700,7.4600,1.5000,,15.2704,15.8409,6.1473,14.2990,-0.2068,0.1409,-0.1064,0.7960,0.1020,,223.4650,1.2650,9768875008.0000,-3240000000.0000,-3.0151,187227029504.0000,0.3500,3.4900,2.1700,1239955155.0000,4.8700,6.1900,2.2500,6.3900,0.0522,FCF/NI:-3.02|D/E:223|ROE:-20.7%,3,5.5400,False,10-18d,XLV,,UNH|JNJ|LLY,fda_calendar|drug_pricing_policy|patent_cliffs,55,2026-10-29,False,2026-08-04,-6.7500,-7.2500,6.9000,ALCISTA FUERTE,10,773.1700,9.0000,46.9000,14.3200,"Filtros estándar (Score ≥6.5, DD ≥10%)"
PNW,Pinnacle West Capital,Utilities,Multi-Utilities,1999-10-04,98.0000,2026-09-04,26.8000,34.8700,DOWN,0.0438,-0.0724,True,0.3205,1.4964,0.7580,1.5270,102.6100,97.0000,99.0400,-4.4900,1.0300,True,1.2557,NEUTRO,-11.0400,110.1600,110.1600,82.1400,-11.0400,19.3100,0.9560,True,97.4300,5,107.1700,True,-0.5800,HAMMER,8.0000,8.5000,8.5000,7.5000,9,7.0000,7.0000,True,3.0500,4.5800,1.5000,18.7178,17.5167,1.6800,2.1279,13.2210,0.0936,0.0233,0.1153,0.4335,0.0710,-0.0950,233.2880,0.5940,-929501376.0000,640105024.0000,-1.4521,11819153408.0000,0.4370,6.6500,3.7100,121197234.0000,3.9000,4.3400,4.0100,3.2500,-0.0786,FCF/NI:-1.45|D/E:233,2,5.5400,False,5-10d,XLU,,NEE|DUK|SO,interest_rates|regulatory_environment,60,2026-11-03,False,2026-08-04,1.4300,1.4700,-2.7000,ALCISTA FUERTE,10,773.1700,9.0000,46.9000,14.3200,"Filtros estándar (Score ≥6.5, DD ≥10%)"
MRSH,Marsh McLennan,Financials,Insurance Brokers,1987-08-31,188.4600,2026-09-04,51.1700,46.4900,UP,-0.8828,-0.5049,False,0.3578,3.8486,0.8920,2.0420,184.0900,176.4100,189.2800,2.3700,6.8300,True,0.5813,ALCISTA,-5.0500,198.4900,204.5600,155.7200,-7.8700,21.0300,1.0240,True,175.1800,2,197.0800,False,-7.0500,HAMMER|DOJI,6.7500,10.0000,6.0000,7.5000,4,5.0000,7.0000,False,4.0800,6.1300,1.5000,22.6512,16.2782,5.8466,3.1716,14.2910,0.2590,0.0724,0.1424,0.4399,0.0620,0.0730,145.0270,1.1390,4785249792.0000,3980000000.0000,1.2023,88637218816.0000,0.5770,2.9800,2.1000,477211268.0000,4.7100,1.8600,6.2300,6.2700,0.0540,OK,0,5.5300,False,10-18d,XLF,,JPM|BAC|WFC,interest_rates|yield_curve|credit_spreads|loan_growth,41,2026-10-15,False,2026-07-21,2.9600,2.8900,2.3000,ALCISTA FUERTE,10,773.1700,9.0000,46.9000,14.3200,"Filtros estándar (Score ≥6.5, DD ≥10%)"
PHM,PulteGroup,Consumer Discretionary,Homebuilding,1984-04-30,124.3100,2026-09-04,39.3200,39.5100,DOWN,-0.7401,-0.4085,False,0.1159,3.3271,0.8260,2.6760,129.0100,124.8400,127.5600,-3.6500,-0.4300,True,0.7417,BAJISTA,-11.2600,140.0900,143.8900,108.2600,-13.6100,14.8300,0.8720,True,125.9800,1,132.5800,True,1.3400,NONE,7.1000,7.0000,6.5000,7.5000,8,8.0000,5.0000,False,5.3500,8.0300,1.5000,12.6990,11.0624,1.7947,1.4449,8.8770,0.1490,0.0921,0.1162,0.2556,-0.0960,-0.1820,19.0650,7.2720,1078512896.0000,1906445952.0000,0.5657,23706025984.0000,1.2010,4.8100,0.8400,190486353.0000,4.4800,0.0000,6.0600,7.8500,0.0455,FCF/NI:0.57,1,5.5300,False,3-7d,XLY,,AMZN|TSLA|HD,consumer_spending|employment_data|interest_rates,48,2026-10-22,False,2026-07-22,2.4800,2.3600,5.3000,ALCISTA FUERTE,10,773.1700,9.0000,46.9000,14.3200,"Filtros estándar (Score ≥6.5, DD ≥10%)"
AOS,A. O. Smith,Industrials,Building Products,2017-07-26,60.5300,2026-09-04,43.9500,41.8100,UP,-0.4124,-0.4085,False,0.2974,1.6379,0.9570,2.7060,61.1500,64.5700,61.1300,-1.0200,-6.2500,False,-0.5941,BAJISTA,-5.9800,64.3800,80.9200,53.8300,-25.2000,12.4400,1.0760,True,61.0400,4,64.2600,True,0.8500,NONE,6.6800,5.0000,6.0000,7.5000,10,6.5000,5.0000,False,5.4100,8.1200,1.5000,16.8468,14.7852,4.4628,2.1603,11.1300,0.2713,0.1254,0.1315,0.3859,-0.0070,-0.1500,36.7660,1.5940,484612512.0000,500300000.0000,0.9686,8219750400.0000,1.1530,6.2600,2.3800,110047214.0000,4.7600,0.0000,6.7800,7.9700,0.0590,OK,0,5.5300,False,3-7d,XLI,,CAT|UNP|HON,pmi_manufacturing|supply_chain|capex_cycle,53,2026-10-27,False,2026-07-30,1.0300,0.9200,11.5000,ALCISTA FUERTE,10,773.1700,9.0000,46.9000,14.3200,"Filtros estándar (Score ≥6.5, DD ≥10%)"
PCG,PG&E Corporation,Utilities,Multi-Utilities,2022-10-03,13.9600,2026-09-04,29.5800,56.3000,DOWN,-0.5095,-0.3272,False,0.0740,1.0650,2.2490,7.6290,17.1400,16.7100,16.3200,-18.5700,-16.4500,True,0.3786,BAJISTA,-24.3000,18.4400,19.0500,12.5900,-26.7200,10.8800,1.3820,False,,0,17.2000,False,,HAMMER,6.8000,7.0000,7.5000,7.0000,4,8.0000,7.0000,False,15.2600,22.8900,1.5000,10.2878,7.9399,0.9744,1.2189,9.2130,0.0932,0.0257,0.1183,0.3982,0.0010,0.3980,189.4500,1.2160,-6150125056.0000,3056000000.0000,-2.0125,31493849088.0000,0.2450,0.0000,1.4300,2202366906.0000,4.6900,5.0000,4.3100,4.7800,-0.1953,FCF/NI:-2.01|D/E:189,2,5.5300,False,3-7d,XLU,,NEE|DUK|SO,interest_rates|regulatory_environment,48,2026-10-22,False,2026-07-23,0.4000,0.3600,11.6000,ALCISTA FUERTE,10,773.1700,9.0000,46.9000,14.3200,"Filtros estándar (Score ≥6.5, DD ≥10%)"
HAL,Halliburton,Energy,Oil & Gas Equipment & Services,1957-03-04,37.2900,2026-09-04,69.6400,69.0700,UP,0.3702,0.3173,True,0.9068,1.0601,0.9910,2.8430,33.8900,34.4300,35.1600,10.0200,8.3100,False,2.5395,ALCISTA,-7.4500,40.2900,43.2000,20.9800,-13.6900,77.7800,0.9660,True,35.8900,3,41.0400,True,-3.7500,BULL_ENGULF,7.4500,8.5000,7.0000,7.5000,9,5.0000,7.5000,False,5.6900,8.5300,1.5000,19.4084,12.7736,2.8081,1.3804,9.0020,0.1492,0.0726,0.0716,0.1508,0.0370,0.1610,74.1860,2.0180,2052249984.0000,1602000000.0000,1.2811,30884143104.0000,0.7530,2.5900,1.8200,833130367.0000,4.2400,0.6000,5.6500,6.8500,0.0664,OK,0,5.5200,False,10-18d,XLE,,XOM|CVX|COP,oil_price|gas_price|opec_supply|inventories,46,2026-10-20,False,2026-07-21,0.5500,0.5400,2.3000,ALCISTA FUERTE,10,773.1700,9.0000,46.9000,14.3200,"Filtros estándar (Score ≥6.5, DD ≥10%)"
ELV,Elevance Health,Health Care,Managed Health Care,2002-07-25,414.7800,2026-09-04,60.8800,54.0700,UP,1.2908,-0.1981,True,1.2141,8.9557,0.7550,2.1590,395.8900,357.0100,398.9000,4.7700,16.1800,True,2.1484,ALCISTA,-4.9200,436.2400,436.2400,272.0500,-4.9200,52.4700,1.4100,True,381.9900,2,407.1200,False,-7.9100,NONE,7.4500,10.0000,7.0000,9.5000,4,7.0000,5.0000,False,4.3200,6.4800,1.5000,18.0230,13.7644,1.9687,0.4394,10.0460,0.1113,0.0383,0.0247,0.2599,0.0140,-0.1310,68.9530,1.5180,4306375168.0000,4962999808.0000,0.8677,88374239232.0000,0.6960,3.9700,1.6600,216869290.0000,4.2300,0.0800,5.5200,7.5800,0.0487,OK,0,5.5200,False,10-18d,XLV,,UNH|JNJ|LLY,fda_calendar|drug_pricing_policy|patent_cliffs,47,2026-10-21,False,2026-07-15,7.4500,6.2100,20.0000,ALCISTA FUERTE,10,773.1700,9.0000,46.9000,14.3200,"Filtros estándar (Score ≥6.5, DD ≥10%)"
ROL,"Rollins, Inc.",Industrials,Environmental & Facilities Services,2018-10-01,35.7100,2026-09-04,44.9900,33.4900,UP,0.1771,0.2357,False,0.1414,0.8229,0.6910,2.3040,39.5200,51.9700,36.7900,-9.6500,-31.2800,False,-3.7591,BAJISTA,-26.0400,48.2800,65.4000,35.4700,-45.4000,0.6800,1.1280,True,36.1400,3,37.7300,True,1.2000,HAMMER|DOJI,7.2500,5.0000,6.0000,7.5000,9,10.0000,7.0000,False,4.6100,6.9100,1.5000,32.6000,27.5725,12.0700,4.3970,21.0260,0.3701,0.1406,0.1355,0.5237,0.0790,0.0310,78.0150,0.6290,501737504.0000,531716000.0000,0.9436,17253873664.0000,0.7360,2.1100,2.0400,481145404.0000,4.3700,2.2500,6.3400,4.5300,0.0291,OK,0,5.5200,False,3-7d,XLI,,CAT|UNP|HON,pmi_manufacturing|supply_chain|capex_cycle,54,2026-10-28,False,2026-07-22,0.3200,0.3400,-5.8000,ALCISTA FUERTE,10,773.1700,9.0000,46.9000,14.3200,"Filtros estándar (Score ≥6.5, DD ≥10%)"
JNJ,Johnson & Johnson,Health Care,Pharmaceuticals,1973-06-30,278.4300,2026-09-04,69.1700,59.2900,UP,0.4982,-0.2926,True,0.9800,5.7493,0.9840,2.0650,260.0900,233.1000,267.3600,7.0500,19.4500,True,3.5859,ALCISTA,-0.9400,281.0700,281.0700,169.5100,-0.9400,64.2600,0.9290,True,263.8300,1,274.3300,False,-5.2400,HAMMER|DOJI|HAMMER|DOJI|HAMMER,6.9500,10.0000,7.0000,7.5000,4,5.0000,7.0000,False,4.1300,6.1900,1.5000,31.8922,22.3628,7.8004,6.7730,20.0520,0.2574,0.0859,0.2148,0.6814,0.0660,-0.0090,57.7090,1.0890,16885125120.0000,21037000704.0000,0.8026,663276421120.0000,0.2310,2.7800,1.9300,2409898597.0000,4.5700,2.2100,7.1700,4.2700,0.0255,OK,0,5.5200,False,10-18d,XLV,,UNH|LLY|ABBV,fda_calendar|drug_pricing_policy|patent_cliffs,39,2026-10-13,False,2026-07-15,2.9000,2.8500,1.6000,ALCISTA FUERTE,10,773.1700,9.0000,46.9000,14.3200,"Filtros estándar (Score ≥6.5, DD ≥10%)"
AIG,American International Group,Financials,Multi-line Insurance,1980-03-31,76.8600,2026-09-04,51.4700,37.4000,UP,0.0369,0.0125,True,0.5924,1.2686,0.7850,1.6500,77.8600,76.7900,76.8400,-1.2800,0.1000,True,-0.0200,NEUTRO,-6.7800,82.4500,86.2100,70.3600,-10.8400,9.2300,1.6920,False,76.6300,1,78.4100,True,-0.3000,HAMMER|DOJI,7.2000,8.0000,7.0000,7.0000,7,7.0000,7.0000,False,3.3000,4.9500,1.5000,13.9069,8.6762,0.9848,1.4903,4.7680,0.0722,0.0176,0.1109,0.3509,0.0050,-0.1010,22.4660,0.6120,7365000192.0000,2964999936.0000,2.4840,39849689088.0000,0.5110,2.3500,2.6000,522893169.0000,4.4000,0.0000,5.8700,7.8100,0.1848,OK,0,5.5200,False,7-15d,XLF,,JPM|BAC|WFC,interest_rates|yield_curve|credit_spreads|loan_growth,61,2026-11-04,False,2026-08-06,2.0000,1.9300,3.7000,ALCISTA FUERTE,10,773.1700,9.0000,46.9000,14.3200,"Filtros estándar (Score ≥6.5, DD ≥10%)"
CEG,Constellation Energy,Utilities,Electric Utilities,2022-02-02,285.0500,2026-09-04,52.4300,64.0400,DOWN,0.6730,-0.1575,True,0.8609,9.3957,0.9710,3.2960,265.5200,295.6700,276.7000,7.3600,-3.5900,False,-2.8636,BAJISTA,-3.9000,296.6200,410.4100,228.2800,-30.5400,24.8700,1.2870,True,281.0100,4,309.5100,True,-1.4200,NONE,6.7500,6.5000,6.0000,7.5000,10,5.0000,5.0000,False,6.5900,9.8900,1.5000,29.2239,22.4080,3.3218,3.3874,15.7620,0.1506,0.0389,0.1108,0.2211,0.2300,-0.4680,76.4190,1.4550,-6625124864.0000,3464999936.0000,-1.9120,105923731456.0000,1.1170,3.4000,0.6000,354307379.0000,4.6800,5.0000,6.2500,2.4800,-0.0625,FCF/NI:-1.91,1,5.5100,False,3-7d,XLU,,NEE|DUK|SO,interest_rates|regulatory_environment,66,2026-11-09,False,2026-08-06,2.5500,2.2800,11.7000,ALCISTA FUERTE,10,773.1700,9.0000,46.9000,14.3200,"Filtros estándar (Score ≥6.5, DD ≥10%)"
HRL,Hormel Foods,Consumer Staples,Packaged Foods & Meats,2009-03-04,21.6800,2026-09-04,24.4600,15.5000,UP,-0.2274,-0.3194,True,0.1303,0.5957,1.0030,2.7480,24.4600,23.0000,23.2000,-11.3700,-5.7600,True,0.7702,BAJISTA,-17.9700,26.4300,26.4300,19.4700,-17.9700,11.3700,0.9320,False,21.6500,2,22.6500,True,-0.1400,HAMMER|DOJI,7.4000,7.0000,9.5000,5.0000,8,8.0000,7.0000,False,5.5000,8.2400,1.5000,34.7419,13.8652,1.5114,0.9759,9.1760,0.0429,0.0463,0.0282,0.1574,-0.0290,-0.0510,4.2440,1.8820,621551616.0000,342711008.0000,1.8136,11854556160.0000,0.3150,5.0700,5.4000,550350800.0000,4.2500,0.0000,5.9800,7.1800,0.0524,OK,0,5.5100,False,5-10d,XLP,,PG|KO|PEP,inflation|input_costs|fx_rates,-8,2026-12-03,False,2026-08-27,0.3700,0.3500,4.6000,ALCISTA FUERTE,10,773.1700,9.0000,46.9000,14.3200,"Filtros estándar (Score ≥6.5, DD ≥10%)"
TTD,Trade Desk (The),Communication Services,Advertising,2025-07-18,15.0900,2026-09-04,63.0900,45.3700,UP,0.3324,0.1328,True,1.1708,0.5575,0.5500,3.6940,16.6400,25.1600,14.4300,-9.3000,-40.0300,False,-12.1573,BAJISTA,-26.6900,20.5800,56.3900,12.8300,-73.2400,17.6100,0.8720,True,12.8800,3,19.7100,False,-14.6700,HAMMER,6.5500,5.0000,7.0000,7.5000,6,7.0000,7.0000,False,7.3900,11.0800,1.5000,17.1786,14.4977,2.7702,2.2676,8.6520,0.1544,0.0625,0.1361,0.7687,0.0300,-0.2360,16.8630,1.7240,582992768.0000,406888000.0000,1.4328,6780371456.0000,1.0370,3.0800,,426771565.0000,4.8100,0.3900,7.2200,7.1500,0.0860,OK,0,5.5100,False,3-7d,XLC,,GOOGL|META|NFLX,ad_spending_cycle|streaming_competition|regulation,62,2026-11-05,False,2026-08-06,0.3400,0.4000,-14.6000,ALCISTA FUERTE,10,773.1700,9.0000,46.9000,14.3200,"Filtros estándar (Score ≥6.5, DD ≥10%)"
TPL,Texas Pacific Land Corporation,Energy,Oil & Gas Exploration & Production,2024-11-26,366.5000,2026-09-04,56.1700,63.3100,DOWN,1.3586,1.9556,False,0.5613,13.6962,0.7850,3.7370,387.9000,390.1900,370.9500,-5.5200,-6.0700,False,1.2512,BAJISTA,-17.3200,443.2900,544.8600,268.0800,-32.7400,36.7100,0.7190,True,371.7000,2,396.1400,True,1.4200,HAMMER|DOJI,6.5500,5.5000,5.0000,7.5000,8,7.0000,7.0000,False,7.4700,11.2100,1.5000,46.2270,4.9565,16.0661,27.8514,33.7770,0.3657,0.2581,0.6032,0.9334,0.3120,0.3270,1.0770,4.5520,-32836124.0000,541416000.0000,-0.0606,24997804032.0000,0.6180,12.6800,0.6500,68974683.0000,4.8000,3.8700,8.2500,1.8600,-0.0013,FCF/NI:-0.06,1,5.5000,False,3-7d,XLE,,XOM|CVX|COP,oil_price|gas_price|opec_supply|inventories,61,2026-11-04,False,2026-08-05,2.2300,2.1800,2.1000,ALCISTA FUERTE,10,773.1700,9.0000,46.9000,14.3200,"Filtros estándar (Score ≥6.5, DD ≥10%)"
ICE,Intercontinental Exchange,Financials,Financial Exchanges & Data,2007-09-26,164.5900,2026-09-04,71.0300,82.9900,DOWN,-0.2530,0.0477,False,0.8817,3.4657,0.8870,2.1060,147.2100,154.5000,157.7800,11.8100,6.5300,False,0.4607,ALCISTA,-0.0400,164.6600,174.8300,121.7900,-5.8600,35.1400,1.4670,True,158.7000,4,167.5800,True,-3.5800,NONE,7.2000,8.5000,5.0000,9.5000,9,5.0000,5.0000,False,4.2100,6.3200,1.5000,22.7447,18.3177,3.0614,8.5746,16.6760,0.1409,0.0217,0.3825,1.0000,0.0480,0.1420,69.2260,1.0120,3633625088.0000,4038000128.0000,0.8999,90530471936.0000,0.9340,1.9200,1.2600,561394487.0000,4.3600,2.5200,5.3700,5.3300,0.0401,OK,0,5.5000,False,10-18d,XLF,,JPM|BAC|WFC,interest_rates|yield_curve|credit_spreads|loan_growth,55,2026-10-29,False,2026-07-30,1.9000,1.8400,3.4000,ALCISTA FUERTE,10,773.1700,9.0000,46.9000,14.3200,"Filtros estándar (Score ≥6.5, DD ≥10%)"
IRM,Iron Mountain,Real Estate,Other Specialized REITs,2009-01-06,114.9800,2026-09-04,23.2100,53.6200,DOWN,-1.1156,-0.8909,False,0.1649,4.1979,0.9830,3.6510,122.7400,108.5300,119.9800,-6.3200,5.9400,True,2.0877,NEUTRO,-14.6300,134.6800,134.6800,76.6200,-14.6300,50.0700,1.1360,False,114.3300,1,125.4000,True,-0.5700,NONE,6.7200,8.5000,7.5000,5.0000,7,6.5000,5.0000,False,7.3000,10.9500,1.5000,82.8794,42.8346,-27.1578,4.6003,21.3100,,0.0463,0.0554,0.5421,0.1850,,,0.7260,-436093504.0000,418655008.0000,-1.0417,34789552128.0000,1.2170,3.6900,,297702812.0000,4.6700,7.5000,4.3600,1.7300,-0.0125,FCF/NI:-1.04,1,5.4900,False,7-15d,XLRE,,PLD|AMT|EQIX,interest_rates|cap_rates|occupancy_trends,61,2026-11-04,False,2026-08-05,0.6000,0.5600,7.5000,ALCISTA FUERTE,10,773.1700,9.0000,46.9000,14.3200,"Filtros estándar (Score ≥6.5, DD ≥10%)"
KLAC,KLA Corporation,Information Technology,Semiconductor Materials & Equipment,1997-09-30,172.9400,2026-09-04,15.0500,37.4900,DOWN,-0.9436,-0.9387,False,0.1873,7.1029,0.4630,4.1070,207.0500,170.8100,185.2500,-16.4700,1.2500,True,4.2840,NEUTRO,-43.6700,307.0200,307.0200,83.4500,-43.6700,107.2400,0.7760,True,169.2300,2,192.0600,True,-2.1500,HAMMER|DOJI,7.7200,8.5000,7.5000,7.5000,7,8.5000,7.0000,False,8.2100,12.3200,1.5000,50.5722,27.7451,38.2050,17.8575,37.5250,0.8750,0.2080,0.3557,0.6130,0.1520,0.1380,96.8800,2.8760,2624587520.0000,4830771200.0000,0.5433,242495094784.0000,1.4440,2.1700,0.5300,1306546783.0000,4.0000,2.1800,6.8800,2.7600,0.0108,FCF/NI:0.54|D/E:97,2,5.4900,False,7-15d,XLK,,AAPL|MSFT|NVDA,interest_rates|ai_capex_cycle|semiconductor_cycle,54,2026-10-28,False,2026-07-28,1.0500,1.0000,5.1000,ALCISTA FUERTE,10,773.1700,9.0000,46.9000,14.3200,"Filtros estándar (Score ≥6.5, DD ≥10%)"
FTV,Fortive,Industrials,Industrial Machinery & Supplies & Components,2016-07-01,57.5700,2026-09-04,30.9100,37.2700,DOWN,-0.3321,-0.1204,False,0.1352,1.2243,0.8310,2.1270,60.7500,57.9600,59.3800,-5.2300,-0.6700,True,1.6832,BAJISTA,-10.8300,64.5600,64.5600,46.5400,-10.8300,23.6900,1.3860,False,53.4300,1,57.7600,False,-7.2000,NONE,6.5500,7.0000,6.5000,7.0000,5,8.0000,5.0000,False,4.2500,6.3800,1.5000,30.1270,17.5258,2.8430,3.9846,16.7020,0.0732,0.0330,0.1238,0.6323,0.0790,0.0400,59.2830,1.2410,939112512.0000,602200000.0000,1.5595,17196851200.0000,0.9760,4.8800,0.4900,302017052.0000,4.7700,2.4600,4.8300,7.3900,0.0546,OK,0,5.4800,False,3-7d,XLI,,CAT|UNP|HON,pmi_manufacturing|supply_chain|capex_cycle,54,2026-10-28,False,2026-07-29,0.7400,0.7100,4.9000,ALCISTA FUERTE,10,773.1700,9.0000,46.9000,14.3200,"Filtros estándar (Score ≥6.5, DD ≥10%)"
ESS,Essex Property Trust,Real Estate,Multi-Family Residential REITs,2014-04-02,278.6500,2026-09-04,38.6900,41.0400,DOWN,-0.9997,-0.3603,False,0.1486,4.8507,0.8940,1.7410,289.2900,263.5400,284.5100,-3.6800,5.7300,True,1.3284,NEUTRO,-8.1400,303.3500,303.3500,233.8500,-8.1400,19.1600,1.3320,False,279.6200,2,285.7900,True,0.3500,HAMMER|DOJI,7.3500,8.5000,6.5000,7.0000,7,8.0000,7.0000,False,3.4800,5.2200,1.5000,43.4649,44.6424,3.3638,9.6959,20.1370,0.0771,0.0296,0.2089,0.6877,0.0310,-0.7180,122.4090,0.2490,1043926720.0000,413841984.0000,2.5225,19205390336.0000,0.7060,4.4300,3.7200,64268439.0000,4.2300,1.2500,5.2900,6.4600,0.0544,D/E:122,1,5.4800,False,7-15d,XLRE,,PLD|AMT|EQIX,interest_rates|cap_rates|occupancy_trends,53,2026-10-27,False,2026-07-29,0.9400,1.4700,-36.0000,ALCISTA FUERTE,10,773.1700,9.0000,46.9000,14.3200,"Filtros estándar (Score ≥6.5, DD ≥10%)"
NVR,"NVR, Inc.",Consumer Discretionary,Homebuilding,2019-09-26,6373.9502,2026-09-04,54.1200,48.8500,UP,2.0389,6.0399,False,0.6170,140.1757,0.7570,2.1990,6426.9100,6812.5500,6350.2200,-0.8200,-6.4400,False,-1.4682,BAJISTA,-8.3700,6956.4800,8618.2803,5501.0098,-26.0400,15.8700,1.1670,False,6253.4399,3,6528.5898,True,-1.8900,HAMMER|DOJI|HAMMER|DOJI,6.4500,5.0000,6.0000,5.0000,10,7.0000,7.0000,False,4.4000,6.6000,1.5000,16.3611,15.3024,4.9744,1.7515,11.0520,0.3154,0.1655,0.1185,0.2184,-0.1090,-0.2260,32.1500,5.6700,918313280.0000,1141319936.0000,0.8046,16869283840.0000,0.9130,3.1100,,2678153.0000,4.8100,0.0000,7.5100,7.2800,0.0544,RevG:-10.9%,1,5.4700,False,3-7d,XLY,,AMZN|TSLA|HD,consumer_spending|employment_data|interest_rates,47,2026-10-21,False,2026-07-23,83.9600,89.9800,-6.7000,ALCISTA FUERTE,10,773.1700,9.0000,46.9000,14.3200,"Filtros estándar (Score ≥6.5, DD ≥10%)"
AKAM,Akamai Technologies,Information Technology,Internet Services & Infrastructure,2007-07-12,106.5000,2026-09-04,23.9100,50.8200,DOWN,-0.4893,-0.6365,True,0.2718,4.3264,0.7050,4.0620,116.1200,109.5000,111.2600,-8.2900,-2.7400,True,3.2356,BAJISTA,-23.8400,139.8300,165.4500,70.8200,-35.6300,50.3800,1.0210,True,107.9900,4,118.1700,True,1.4000,HAMMER,8.0700,7.0000,8.5000,7.5000,10,8.5000,7.0000,True,8.1200,12.1900,1.5000,38.1232,14.6393,3.1817,3.4981,19.7140,0.0892,0.0252,0.0951,0.5745,0.0540,-0.2680,196.6720,1.6370,710060096.0000,410964992.0000,1.7278,15121861632.0000,0.6350,5.4600,,143716609.0000,3.7400,0.2900,4.3500,7.0600,0.0470,D/E:197,1,5.4700,False,5-10d,XLK,,AAPL|MSFT|NVDA,interest_rates|ai_capex_cycle|semiconductor_cycle,62,2026-11-05,False,2026-08-06,1.5900,1.5800,83.0000,ALCISTA FUERTE,10,773.1700,9.0000,46.9000,14.3200,"Filtros estándar (Score ≥6.5, DD ≥10%)"
EXC,Exelon,Utilities,Electric Utilities,1957-03-04,44.5300,2026-09-04,34.6400,35.6500,DOWN,-0.0050,-0.1095,True,0.4452,0.8079,0.8550,1.8140,45.8500,45.5300,44.6600,-2.8800,-2.1900,True,-0.2052,BAJISTA,-8.2600,48.5400,50.1800,41.4600,-11.2600,7.4000,1.8510,False,45.3400,8,47.2400,True,1.8200,HAMMER|DOJI,7.1500,6.5000,7.5000,7.0000,10,5.0000,7.0000,False,3.6300,5.4400,1.5000,16.0441,14.3633,1.5169,1.7753,11.5890,0.0971,0.0281,0.1099,0.4236,0.0990,-0.0020,177.3620,1.0880,-2685125120.0000,2783000064.0000,-0.9648,44960280576.0000,0.3960,4.0500,3.7700,1030253967.0000,4.3400,5.0000,4.3800,3.5400,-0.0597,FCF/NI:-0.96|D/E:177,2,5.4600,False,3-7d,XLU,,NEE|DUK|SO,interest_rates|regulatory_environment,60,2026-11-03,False,2026-07-30,0.4300,0.4500,-3.9000,ALCISTA FUERTE,10,773.1700,9.0000,46.9000,14.3200,"Filtros estándar (Score ≥6.5, DD ≥10%)"
MTD,Mettler Toledo,Health Care,Life Sciences Tools & Services,2016-09-06,1356.2300,2026-09-04,30.7100,41.5800,DOWN,-10.6219,-7.4484,False,-0.0539,36.1750,1.0050,2.6670,1358.5600,1319.6900,1390.4600,-0.1700,2.7700,True,-0.0647,NEUTRO,-8.0000,1474.1899,1525.1700,1023.0500,-11.0800,32.5700,0.9820,True,1230.1600,3,1363.3101,False,-9.3000,NONE,7.0000,8.0000,6.5000,7.5000,6,8.0000,5.0000,False,5.3300,8.0000,1.5000,30.3328,26.0080,2101.9688,6.5204,22.9360,,0.2110,0.2191,0.6026,0.0450,0.1830,16668.4470,1.1220,693589632.0000,905611008.0000,0.7659,26954383360.0000,1.2200,4.3000,,20036559.0000,4.4300,4.1200,4.9800,4.1600,0.0257,D/E:16668,1,5.4600,False,7-15d,XLV,,UNH|JNJ|LLY,fda_calendar|drug_pricing_policy|patent_cliffs,62,2026-11-05,False,2026-07-30,11.4600,10.8000,6.1000,ALCISTA FUERTE,10,773.1700,9.0000,46.9000,14.3200,"Filtros estándar (Score ≥6.5, DD ≥10%)"
WAT,Waters Corporation,Health Care,Life Sciences Tools & Services,2002-01-02,413.5600,2026-09-04,50.9000,60.7400,DOWN,-1.4232,-0.6275,False,0.5914,12.8279,1.0700,3.1020,391.0600,360.6200,408.0100,5.7500,14.6800,True,1.4213,ALCISTA,-2.9700,426.2200,426.2200,282.7700,-2.9700,46.2500,0.6360,True,396.0000,1,426.2200,False,-4.2500,HAMMER,6.5500,10.0000,5.0000,7.5000,4,5.0000,7.0000,False,6.2000,9.3100,1.5000,103.1184,24.7411,2.6464,8.6548,31.3830,0.0192,0.0356,0.0359,0.5634,1.1340,,36.0450,1.8610,-142067632.0000,166628992.0000,-0.8526,40195325952.0000,1.1840,4.1200,,98185855.0000,4.7100,7.5000,4.0200,2.2500,-0.0035,FCF/NI:-0.85,1,5.4500,False,10-18d,XLV,,UNH|JNJ|LLY,fda_calendar|drug_pricing_policy|patent_cliffs,56,2026-10-30,False,2026-08-04,3.0500,3.0100,1.4000,ALCISTA FUERTE,10,773.1700,9.0000,46.9000,14.3200,"Filtros estándar (Score ≥6.5, DD ≥10%)"
IP,International Paper,Materials,Paper & Plastic Packaging Products & Materials,1957-03-04,36.4400,2026-09-04,27.7400,41.6600,DOWN,-0.6593,-0.4098,False,-0.0051,1.2586,0.8850,3.4540,39.2100,37.4900,39.2100,-7.0800,-2.8100,True,0.0615,BAJISTA,-17.7700,44.3200,48.4700,28.5100,-24.8200,27.8400,1.1260,True,35.4700,1,36.0500,True,-2.6700,HAMMER,7.5000,7.0000,7.5000,7.5000,8,8.0000,7.0000,False,6.9100,10.3600,1.5000,,12.4557,1.3642,0.8148,7.2380,-0.1648,0.0159,-0.1421,0.2961,-0.0220,,68.5090,1.0980,1646499968.0000,-2724999936.0000,-0.6042,19721183232.0000,0.8830,8.7600,5.0800,529569895.0000,4.0900,2.5000,2.7200,7.5400,0.0835,FCF/NI:-0.60|ROE:-16.5%,2,5.4500,False,3-7d,XLB,,LIN|APD|ECL,commodity_prices|dxy|china_demand|energy_costs,54,2026-10-28,False,2026-07-30,0.0400,-0.0400,205.4000,ALCISTA FUERTE,10,773.1700,9.0000,46.9000,14.3200,"Filtros estándar (Score ≥6.5, DD ≥10%)"
PTC,PTC Inc.,Information Technology,Application Software,2021-04-20,150.0800,2026-09-04,50.4800,63.9800,DOWN,-1.1920,-0.1529,False,0.3804,4.4850,0.8570,2.9880,135.9400,148.8800,149.5100,10.4000,0.8000,False,-2.6286,ALCISTA,-5.8800,159.4600,215.4900,108.5000,-30.3500,38.3200,1.1330,True,137.7300,2,148.7400,False,-8.2300,NONE,5.9500,8.0000,5.0000,7.5000,4,5.0000,5.0000,False,5.9800,8.9700,1.5000,13.6780,15.8285,4.4998,5.1800,13.7470,0.3505,0.1154,0.4143,0.8450,-0.0680,-0.1200,46.3350,1.0250,1031425152.0000,1223814016.0000,0.8428,15301554176.0000,1.0020,3.7300,,108506261.0000,5.1000,0.0000,6.5400,9.3800,0.0674,OK,0,5.4400,False,10-18d,XLK,,AAPL|MSFT|NVDA,interest_rates|ai_capex_cycle|semiconductor_cycle,68,2026-11-11,False,2026-07-29,1.5800,1.5600,98.0000,ALCISTA FUERTE,10,773.1700,9.0000,46.9000,14.3200,"Filtros estándar (Score ≥6.5, DD ≥10%)"
CMI,Cummins,Industrials,Construction Machinery & Heavy Transportation Equipment,1965-03-31,545.5000,2026-09-04,14.1000,19.2400,DOWN,-3.8661,-4.1371,True,0.1263,15.4788,0.6330,2.8380,634.1400,595.6600,587.9900,-13.9800,-8.4200,True,2.7585,BAJISTA,-25.7800,735.0200,735.0200,384.4900,-25.7800,41.8800,1.7560,False,506.5700,1,560.7700,False,-7.1400,NONE,6.7000,7.0000,8.5000,5.0000,4,10.0000,5.0000,False,5.6800,8.5100,1.5000,28.6389,16.2517,6.0088,2.2241,16.0390,0.2111,0.0700,0.0782,0.2577,0.0940,0.0470,59.5860,1.7270,2229374976.0000,2715000064.0000,0.8211,77195354112.0000,1.2260,2.2800,1.6100,137664487.0000,4.6000,3.1000,5.8600,4.8800,0.0289,OK,0,5.4400,False,3-7d,XLI,,CAT|UNP|HON,pmi_manufacturing|supply_chain|capex_cycle,62,2026-11-05,False,2026-08-04,6.7300,7.1700,-6.1000,ALCISTA FUERTE,10,773.1700,9.0000,46.9000,14.3200,"Filtros estándar (Score ≥6.5, DD ≥10%)"
LEN,Lennar,Consumer Discretionary,Homebuilding,2005-10-04,84.4500,2026-09-04,43.5400,42.9700,UP,-0.3513,-0.1814,False,0.2435,2.3993,0.8220,2.8410,85.8200,97.6000,85.4900,-1.5900,-13.4700,False,-3.5835,BAJISTA,-11.5300,95.4600,141.3900,79.8300,-40.2700,5.7900,0.9260,True,84.5700,3,89.2900,True,0.1500,HAMMER|DOJI,6.7300,5.0000,6.0000,7.5000,9,6.5000,7.0000,False,5.6800,8.5200,1.5000,13.1003,12.9244,0.9312,0.6150,10.8860,0.0737,0.0394,0.0493,0.1636,-0.0520,-0.3150,28.6920,8.5080,1077926016.0000,1598947968.0000,0.6741,20134014976.0000,1.3980,0.2200,2.3700,210506003.0000,4.5800,0.0000,5.7400,8.5900,0.0535,FCF/NI:0.67,1,5.4400,False,3-7d,XLY,,AMZN|TSLA|HD,consumer_spending|employment_data|interest_rates,12,2026-09-17,False,2026-06-11,1.3100,1.2300,6.2000,ALCISTA FUERTE,10,773.1700,9.0000,46.9000,14.3200,"Filtros estándar (Score ≥6.5, DD ≥10%)"
KKR,KKR & Co.,Financials,Asset Management & Custody Banks,2024-06-24,109.7600,2026-09-04,41.9800,60.3900,DOWN,-0.5025,-0.3970,False,0.5923,3.4771,0.9320,3.1680,102.1700,105.3300,107.4700,7.4200,4.2000,False,-1.0203,ALCISTA,-5.8400,116.5700,151.0100,82.3500,-27.3100,33.2800,0.9040,True,97.0500,1,116.5700,False,-11.5800,HAMMER|DOJI,6.1500,8.0000,5.0000,7.5000,4,5.0000,7.0000,False,6.3400,9.5000,1.5000,34.4185,14.5455,3.3931,3.8516,,0.0728,0.0139,0.1220,0.5477,0.0780,0.4000,69.8120,0.8560,,2990256128.0000,,99498409984.0000,1.7910,2.5800,0.7100,897635601.0000,4.9700,6.6900,3.9000,4.2000,,OK,0,5.4400,False,10-18d,XLF,,JPM|BAC|WFC,interest_rates|yield_curve|credit_spreads|loan_growth,62,2026-11-05,False,2026-07-30,1.6300,1.4300,14.2000,ALCISTA FUERTE,10,773.1700,9.0000,46.9000,14.3200,"Filtros estándar (Score ≥6.5, DD ≥10%)"
DPZ,Domino's,Consumer Discretionary,Restaurants,2020-05-12,347.0300,2026-09-04,50.4700,36.7300,UP,-0.7497,-1.4861,True,0.5845,11.5936,1.0270,3.3410,332.5800,362.3300,343.5900,4.3500,-4.2200,False,-1.6037,BAJISTA,-6.7500,372.1600,458.9800,282.0000,-24.3900,23.0600,0.7230,False,344.1800,1,351.9600,True,-0.8200,HAMMER|DOJI,6.3500,6.5000,7.0000,5.0000,8,5.0000,7.0000,False,6.6800,10.0200,1.5000,19.3466,16.3441,-2.8322,2.2442,16.0610,,0.3389,0.1186,0.2871,0.0430,0.0680,,1.5380,531496512.0000,596523008.0000,0.8910,11283518464.0000,0.9460,3.0600,2.2900,33081735.0000,4.8200,3.2500,5.8500,5.4600,0.0471,OK,0,5.4300,False,3-7d,XLY,,AMZN|TSLA|HD,consumer_spending|employment_data|interest_rates,39,2026-10-13,False,2026-07-20,4.0700,4.1700,-2.4000,ALCISTA FUERTE,10,773.1700,9.0000,46.9000,14.3200,"Filtros estándar (Score ≥6.5, DD ≥10%)"
FFIV,"F5, Inc.",Information Technology,Communications Equipment,2010-12-20,392.1500,2026-09-04,45.2000,54.4800,DOWN,0.1973,1.0232,False,0.3937,12.3907,0.8740,3.1600,404.5700,326.3900,396.9200,-3.0700,20.1500,True,4.3299,NEUTRO,-9.8500,435.0000,435.0000,223.7600,-9.8500,75.2500,0.6670,True,381.9300,1,404.0000,True,-2.6100,HAMMER,6.7000,8.5000,5.0000,7.5000,7,5.0000,7.0000,False,6.3200,9.4800,1.5000,31.1131,21.6007,5.7548,6.6815,22.5850,0.1983,0.0798,0.2195,0.8187,0.1090,0.1140,6.5460,1.6650,717135488.0000,726510016.0000,0.9871,22111215616.0000,1.0300,1.7400,,56627182.0000,4.5800,1.3900,6.9100,5.6100,0.0324,OK,0,5.4300,False,7-15d,XLK,,AAPL|MSFT|NVDA,interest_rates|ai_capex_cycle|semiconductor_cycle,52,2026-10-26,False,2026-07-27,4.7300,4.0000,18.2000,ALCISTA FUERTE,10,773.1700,9.0000,46.9000,14.3200,"Filtros estándar (Score ≥6.5, DD ≥10%)"
FDS,FactSet,Financials,Financial Exchanges & Data,2021-12-20,312.9600,2026-09-04,69.0600,62.6100,UP,0.4088,1.1194,False,0.8833,11.0879,0.9270,3.5430,269.9900,247.3900,295.0800,15.9200,26.5000,True,1.0086,ALCISTA,-2.3500,320.4800,370.4400,182.4700,-15.5200,71.5100,0.7950,True,289.2200,1,,False,-7.5900,NONE,6.5500,10.0000,6.0000,7.5000,4,5.0000,5.0000,False,7.0900,10.6300,1.5000,19.8920,15.3203,5.3158,4.4042,13.2940,0.2703,0.1108,0.2321,0.5138,0.0640,-0.0960,77.2840,0.6830,621161344.0000,565969984.0000,1.0975,10739371008.0000,0.7110,4.0600,1.4800,35565543.0000,4.6600,1.2900,6.4600,6.4900,0.0578,OK,0,5.4200,False,10-18d,XLF,,JPM|BAC|WFC,interest_rates|yield_curve|credit_spreads|loan_growth,26,2026-09-17,False,2026-07-01,4.5300,4.4500,1.8000,ALCISTA FUERTE,10,773.1700,9.0000,46.9000,14.3200,"Filtros estándar (Score ≥6.5, DD ≥10%)"
DTE,DTE Energy,Utilities,Multi-Utilities,1957-03-04,137.0700,2026-09-04,34.6400,39.5400,DOWN,0.2109,-0.0121,True,0.4193,2.0100,0.7420,1.4660,143.8500,140.1500,138.0900,-4.7100,-2.2000,True,0.1784,BAJISTA,-11.9900,155.7500,155.7500,124.2600,-11.9900,10.3100,0.7960,True,138.6600,2,151.5400,True,1.1600,HAMMER|DOJI,7.3500,7.0000,7.5000,7.5000,8,7.0000,7.0000,True,2.9300,4.4000,1.5000,21.5316,16.2673,2.3308,1.7198,15.5720,0.1103,0.0277,0.0800,0.2935,-0.0150,0.2240,229.0600,0.8020,-2596624896.0000,1314000000.0000,-1.9761,28316624896.0000,0.3880,3.2000,3.4000,208088069.0000,4.1400,5.0000,4.3500,2.9100,-0.0917,FCF/NI:-1.98|D/E:229,2,5.4200,False,3-7d,XLU,,NEE|DUK|SO,interest_rates|regulatory_environment,55,2026-10-29,False,2026-07-28,1.3200,1.1400,16.3000,ALCISTA FUERTE,10,773.1700,9.0000,46.9000,14.3200,"Filtros estándar (Score ≥6.5, DD ≥10%)"
BDX,Becton Dickinson,Health Care,Health Care Equipment,1972-09-30,187.6200,2026-09-04,59.2200,69.8800,DOWN,-1.0771,-0.5312,False,0.6087,4.0493,0.9610,2.1580,169.3300,158.4200,183.9100,10.8000,18.4300,True,2.8242,ALCISTA,-2.8200,193.0700,193.0700,125.2100,-2.8200,49.8500,0.7310,True,151.2800,5,193.0700,False,-19.3700,DOJI|HAMMER,6.8500,10.0000,5.0000,7.5000,6,5.0000,7.0000,False,4.3200,6.4700,1.5000,31.9619,13.8981,2.0610,2.2381,10.9790,0.0661,0.0434,0.0419,0.4694,0.0540,-0.3140,68.8400,0.8650,4478374912.0000,1648000000.0000,2.7175,50320740352.0000,0.2760,5.0700,2.2400,272386800.0000,4.4400,1.7200,4.8100,7.1900,0.0890,OK,0,5.4000,False,10-18d,XLV,,UNH|JNJ|LLY,fda_calendar|drug_pricing_policy|patent_cliffs,62,2026-11-05,False,2026-08-06,3.2300,3.1400,2.9000,ALCISTA FUERTE,10,773.1700,9.0000,46.9000,14.3200,"Filtros estándar (Score ≥6.5, DD ≥10%)"
SW,Smurfit Westrock,Materials,Paper & Plastic Packaging Products & Materials,2024-07-08,45.2600,2026-09-04,31.7800,53.3500,DOWN,-0.5736,-0.2701,False,0.0056,1.4471,0.8090,3.1970,46.4300,41.6200,47.3500,-2.5300,8.7400,True,2.6581,NEUTRO,-12.1500,51.5200,51.5200,31.7900,-12.1500,42.3900,0.6750,True,37.8200,1,49.7400,False,-16.4500,DOJI,6.8000,8.5000,6.5000,7.5000,4,8.0000,5.0000,False,6.3900,9.5900,1.5000,48.7553,13.4839,1.3328,0.7674,8.1340,0.0272,0.0262,0.0159,0.1816,0.0110,,78.4270,1.4470,1215000064.0000,497000000.0000,2.4447,24038885376.0000,0.9300,4.1900,,524522908.0000,4.4600,2.5000,4.4500,6.7600,0.0505,OK,0,5.4000,False,7-15d,XLB,,LIN|APD|ECL,commodity_prices|dxy|china_demand|energy_costs,54,2026-10-28,False,2026-07-29,0.3500,0.4200,-16.9000,ALCISTA FUERTE,10,773.1700,9.0000,46.9000,14.3200,"Filtros estándar (Score ≥6.5, DD ≥10%)"
CMCSA,Comcast,Communication Services,Cable & Satellite,2002-11-19,26.6500,2026-09-04,54.3100,60.7800,DOWN,-0.0803,-0.0050,False,0.6252,0.6186,0.7920,2.3210,24.7400,26.4200,26.2100,7.7100,0.8800,False,0.3141,ALCISTA,-2.5600,27.3500,32.0500,21.2800,-16.8400,25.2300,1.0750,True,24.2400,3,27.0700,False,-9.0300,NONE,6.6500,8.5000,5.0000,7.5000,6,7.0000,5.0000,False,4.6400,6.9600,1.5000,8.4904,7.3132,1.0466,0.7526,5.2090,0.1149,0.0431,0.0897,0.6939,-0.0120,-0.6680,100.4740,0.7960,12697624576.0000,11198999552.0000,1.1338,94003388416.0000,0.6620,2.4400,4.9500,3539192198.0000,4.5600,0.0000,5.0600,9.2800,0.1351,D/E:100,1,5.4000,False,10-18d,XLC,,GOOGL|META|NFLX,ad_spending_cycle|streaming_competition|regulation,55,2026-10-29,False,2026-07-23,1.0400,0.9700,7.6000,ALCISTA FUERTE,10,773.1700,9.0000,46.9000,14.3200,"Filtros estándar (Score ≥6.5, DD ≥10%)"
SO,Southern Company,Utilities,Electric Utilities,1957-03-04,88.7700,2026-09-04,29.2200,33.7000,DOWN,-0.1413,-0.2870,True,0.2538,1.3464,0.7720,1.5170,92.9800,91.0400,90.1800,-4.5300,-2.5000,True,-0.0266,BAJISTA,-9.8300,98.4500,98.4500,81.7900,-9.8300,8.5400,1.1030,False,88.2900,1,97.3400,True,-0.5400,HAMMER|HAMMER,7.1800,6.5000,8.5000,5.0000,8,8.5000,7.0000,False,3.0300,4.5500,1.5000,21.2313,17.8929,2.5615,3.3586,12.5540,0.1148,0.0327,0.1543,0.4829,0.0010,0.3040,182.0580,0.7870,-3913374976.0000,4657999872.0000,-0.8401,101358485504.0000,0.3160,6.3400,3.4200,1150362966.0000,4.2100,5.0000,4.5500,2.8900,-0.0386,FCF/NI:-0.84|D/E:182,2,5.4000,False,5-10d,XLU,,NEE|DUK|D,interest_rates|regulatory_environment,55,2026-10-29,False,2026-07-30,1.1300,1.0100,11.8000,ALCISTA FUERTE,10,773.1700,9.0000,46.9000,14.3200,"Filtros estándar (Score ≥6.5, DD ≥10%)"
WTW,Willis Towers Watson,Financials,Insurance Brokers,2016-01-05,342.0600,2026-09-04,58.3900,45.2000,UP,-2.1256,-1.8513,False,0.6124,7.2100,0.9260,2.1080,314.4300,298.7300,336.0800,8.7900,14.5100,True,0.6415,ALCISTA,-2.6900,351.5100,351.5100,239.7400,-2.6900,42.6800,0.7740,True,325.6600,1,345.5200,False,-4.7900,HAMMER|DOJI,6.7500,10.0000,6.0000,7.5000,4,5.0000,7.0000,False,4.2200,6.3200,1.5000,20.7398,14.6227,4.0495,3.0774,13.2420,0.1976,0.0508,0.1549,0.4252,0.0910,-0.2680,91.3900,1.0980,1415624960.0000,1564999936.0000,0.9046,31087951872.0000,0.4180,4.8700,1.1200,92871937.0000,4.4700,2.0500,5.7900,5.7600,0.0455,OK,0,5.3800,False,10-18d,XLF,,JPM|BAC|WFC,interest_rates|yield_curve|credit_spreads|loan_growth,55,2026-10-29,False,2026-07-30,3.3500,3.1100,7.8000,ALCISTA FUERTE,10,773.1700,9.0000,46.9000,14.3200,"Filtros estándar (Score ≥6.5, DD ≥10%)"
NOC,Northrop Grumman,Industrials,Aerospace & Defense,1957-03-04,528.2400,2026-09-04,26.5400,38.7300,DOWN,-4.9907,-4.4954,False,0.1347,13.0920,0.9060,2.4780,541.1800,597.8800,546.1600,-2.3900,-11.6500,False,-0.2440,BAJISTA,-10.7400,591.8200,767.1200,476.8500,-31.1400,10.7800,1.3380,True,534.2100,1,557.2700,True,1.1300,HAMMER|DOJI,7.3500,5.0000,7.5000,9.5000,7,8.0000,7.0000,False,4.9600,7.4400,1.5000,16.3590,16.9179,4.0908,1.7057,12.3760,0.2696,0.0715,0.1048,0.2006,0.0510,-0.0580,95.3480,1.1680,2478000128.0000,4496000000.0000,0.5512,73159614464.0000,-0.1100,2.9400,1.8700,142063026.0000,4.0600,1.1500,4.9800,6.4000,0.0339,FCF/NI:0.55|D/E:95,2,5.3800,False,3-7d,XLI,,CAT|UNP|HON,pmi_manufacturing|supply_chain|capex_cycle,46,2026-10-20,False,2026-07-21,7.6800,6.8200,12.7000,ALCISTA FUERTE,10,773.1700,9.0000,46.9000,14.3200,"Filtros estándar (Score ≥6.5, DD ≥10%)"
CNC,Centene Corporation,Health Care,Managed Health Care,2016-03-30,68.0200,2026-09-04,52.2200,48.5200,UP,0.2121,-0.1186,True,1.0342,1.8607,0.7440,2.7360,65.4900,50.1900,65.5400,3.8700,35.5400,True,6.3781,ALCISTA,-1.9300,69.3600,69.3600,28.2400,-1.9300,140.8600,0.9630,False,63.3400,2,69.0100,False,-6.8900,NONE,6.5500,10.0000,7.0000,5.0000,4,7.0000,5.0000,False,5.4700,8.2100,1.5000,,12.6192,1.4678,0.1837,4.9380,-0.2036,0.0248,-0.0283,0.1142,0.0460,,71.0820,1.1450,9639624704.0000,-5100000256.0000,-1.8901,33117425664.0000,1.1060,2.6700,,493995000.0000,4.5800,3.8900,2.7100,7.5700,0.2911,FCF/NI:-1.89|ROE:-20.4%,2,5.3700,False,10-18d,XLV,,UNH|JNJ|LLY,fda_calendar|drug_pricing_policy|patent_cliffs,53,2026-10-27,False,2026-07-28,2.5100,1.0800,132.6000,ALCISTA FUERTE,10,773.1700,9.0000,46.9000,14.3200,"Filtros estándar (Score ≥6.5, DD ≥10%)"
EFX,Equifax,Industrials,Research & Consulting Services,1997-06-19,189.0900,2026-09-04,60.4400,59.7600,UP,-0.6725,0.1292,False,0.6170,5.9295,0.8370,3.1360,177.2100,186.7500,186.1300,6.7100,1.2500,False,-1.4466,ALCISTA,-4.1800,197.3300,268.7700,150.3200,-29.6500,25.8000,0.7390,True,177.7000,4,189.6000,False,-6.0200,HAMMER|DOJI,6.6500,8.0000,6.0000,7.5000,6,5.0000,7.0000,False,6.2700,9.4100,1.5000,31.1160,17.4584,4.7534,3.2277,14.3700,0.1427,0.0616,0.1073,0.5554,0.1060,0.0070,120.9560,0.6020,947537472.0000,691400000.0000,1.3705,20800700416.0000,1.3050,3.8800,1.1800,117484896.0000,4.5100,2.9200,4.6200,6.2400,0.0456,D/E:121,1,5.3700,False,10-18d,XLI,,CAT|UNP|HON,pmi_manufacturing|supply_chain|capex_cycle,46,2026-10-20,False,2026-07-21,2.2500,2.2000,2.3000,ALCISTA FUERTE,10,773.1700,9.0000,46.9000,14.3200,"Filtros estándar (Score ≥6.5, DD ≥10%)"
BIIB,Biogen,Health Care,Biotechnology,2003-11-13,224.5100,2026-09-04,67.7400,67.3500,UP,0.3716,0.3305,True,0.8886,5.5136,0.7920,2.4560,209.1500,190.7700,215.9200,7.3400,17.6900,True,3.3443,ALCISTA,-0.5700,225.8000,225.8000,135.3900,-0.5700,65.8200,0.7510,True,185.5900,3,,False,-17.3300,HAMMER,7.5500,10.0000,7.0000,7.5000,6,7.0000,7.0000,False,4.9100,7.3700,1.5000,39.1543,13.3483,1.7305,3.2538,11.9800,0.0457,0.0521,0.0832,0.7832,0.0340,-0.8480,44.3290,1.8650,1266987520.0000,834600000.0000,1.5181,32628516864.0000,0.1710,4.3500,,147753998.0000,3.9200,0.9000,5.3000,5.8300,0.0388,OK,0,5.3700,False,10-18d,XLV,,UNH|JNJ|LLY,fda_calendar|drug_pricing_policy|patent_cliffs,55,2026-10-29,False,2026-07-29,3.6000,2.0300,77.4000,ALCISTA FUERTE,10,773.1700,9.0000,46.9000,14.3200,"Filtros estándar (Score ≥6.5, DD ≥10%)"
MCD,McDonald's,Consumer Discretionary,Restaurants,1970-06-30,259.6300,2026-09-04,33.9000,28.5200,UP,-0.7092,-0.7366,True,0.1427,4.5305,0.8100,1.7450,267.8600,292.0500,264.8800,-3.0700,-11.1000,False,-1.0222,BAJISTA,-9.6100,287.2500,335.1800,256.1200,-22.5400,1.3700,1.0840,True,261.8700,4,276.5700,True,0.8600,NONE,7.2500,5.0000,8.5000,7.5000,9,8.0000,5.0000,False,3.4900,5.2300,1.5000,20.7709,18.2918,-176.8257,6.5315,15.9080,,0.1325,0.3172,0.5738,0.0370,0.0570,,1.0810,6262374912.0000,8787000320.0000,0.7127,180936867840.0000,0.4190,2.4200,2.8700,707641531.0000,4.1100,2.6100,4.9600,4.8800,0.0346,FCF/NI:0.71,1,5.3700,False,3-7d,XLY,,AMZN|TSLA|HD,consumer_spending|employment_data|interest_rates,62,2026-11-05,False,2026-08-04,3.3800,3.3200,1.8000,ALCISTA FUERTE,10,773.1700,9.0000,46.9000,14.3200,"Filtros estándar (Score ≥6.5, DD ≥10%)"
INTC,Intel,Information Technology,Semiconductors,1976-12-31,91.6700,2026-09-04,30.6300,36.4500,DOWN,0.1970,-0.2573,True,0.3897,4.2429,0.5140,4.6280,101.3500,73.8500,93.0100,-9.5500,24.1300,True,8.1794,NEUTRO,-35.6000,142.3500,142.3500,23.7500,-35.6000,285.9800,0.8250,True,89.5900,1,107.5700,True,-2.2700,NONE,7.3000,8.5000,7.5000,7.5000,7,7.0000,5.0000,True,9.2600,13.8900,1.5000,,46.9109,5.5188,8.8794,29.6200,-0.1071,0.0141,-0.1979,0.3887,0.2540,,48.9970,1.6040,4866375168.0000,-11288999936.0000,-0.4311,506408894464.0000,2.2310,1.1500,,5286105262.0000,4.0800,5.7000,2.8700,3.5900,0.0096,FCF/NI:-0.43|ROE:-10.7%,2,5.3700,False,7-15d,XLK,,AAPL|MSFT|NVDA,interest_rates|ai_capex_cycle|semiconductor_cycle,48,2026-10-22,False,2026-07-23,0.4200,0.2200,94.6000,ALCISTA FUERTE,10,773.1700,9.0000,46.9000,14.3200,"Filtros estándar (Score ≥6.5, DD ≥10%)"
A,Agilent Technologies,Health Care,Life Sciences Tools & Services,2000-06-05,149.9800,2026-09-04,52.3300,71.6600,DOWN,-1.0388,-0.2393,False,0.3712,5.0407,1.2430,3.3610,142.0100,131.1900,150.4500,5.6100,14.3200,True,0.4856,ALCISTA,-8.4100,163.7500,163.7500,108.1400,-8.4100,38.6900,0.9850,False,137.0200,3,150.2400,False,-8.6400,NONE,6.1500,10.0000,5.0000,5.0000,6,5.0000,5.0000,False,6.7200,10.0800,1.5000,29.7554,22.3047,5.7772,5.7701,21.4780,0.2097,0.0863,0.1953,0.5365,0.0810,0.0850,56.3360,2.0500,1060374976.0000,1440000000.0000,0.7364,42537365504.0000,1.2410,2.7600,0.6800,281965813.0000,4.8300,3.8500,6.2000,4.3800,0.0249,FCF/NI:0.74,1,5.3600,False,10-18d,XLV,,UNH|JNJ|LLY,fda_calendar|drug_pricing_policy|patent_cliffs,82,2026-11-25,False,2026-08-26,1.6200,1.4900,9.0000,ALCISTA FUERTE,10,773.1700,9.0000,46.9000,14.3200,"Filtros estándar (Score ≥6.5, DD ≥10%)"
KHC,Kraft Heinz,Consumer Staples,Packaged Foods & Meats,2015-07-06,25.4200,2026-09-04,49.1300,48.0600,UP,0.0399,0.0051,True,0.5504,0.6593,0.9160,2.5940,25.4000,23.5800,25.5100,0.0700,7.8000,True,0.7326,ALCISTA,-9.5100,28.0900,28.0900,20.6600,-9.5100,23.0400,1.6270,False,25.1700,1,25.7400,True,-0.9800,NONE,6.7000,10.0000,7.0000,5.0000,7,5.0000,5.0000,False,5.1900,7.7800,1.5000,,11.8746,0.8185,1.1834,8.4810,-0.0876,0.0363,-0.1364,0.3350,-0.0140,,52.5910,1.0610,3250500096.0000,-3396000000.0000,-0.9572,29467719680.0000,0.0830,5.8300,,1185823758.0000,4.4500,2.5000,3.3700,8.0000,0.1103,FCF/NI:-0.96|ROE:-8.8%,2,5.3500,False,10-18d,XLP,,PG|KO|PEP,inflation|input_costs|fx_rates,54,2026-10-28,False,2026-08-05,0.5600,0.5300,5.6000,ALCISTA FUERTE,10,773.1700,9.0000,46.9000,14.3200,"Filtros estándar (Score ≥6.5, DD ≥10%)"
AZO,AutoZone,Consumer Discretionary,Automotive Retail,1997-01-02,2968.0400,2026-09-04,44.2600,28.5900,UP,-4.5956,-5.1414,True,0.2941,75.4564,0.8340,2.5420,3037.8500,3385.8100,2997.3900,-2.3000,-12.3400,False,-2.2181,BAJISTA,-8.3700,3239.1399,4388.1099,2902.2000,-32.3600,2.2700,1.1060,False,2931.7500,7,3159.5701,True,-1.2200,NONE,6.2200,5.0000,7.0000,5.0000,9,6.5000,5.0000,False,5.0800,7.6300,1.5000,20.5136,17.0413,-17.5373,,14.3690,,0.1139,0.1240,0.5175,0.0840,0.0770,,0.8900,903784256.0000,2478124032.0000,0.3647,,0.3400,2.5600,,,4.7700,5.4400,4.4100,4.4000,,FCF/NI:0.36,1,5.3500,False,3-7d,XLY,,AMZN|TSLA|HD,consumer_spending|employment_data|interest_rates,18,2026-09-22,False,2026-05-26,38.0700,36.1700,5.3000,ALCISTA FUERTE,10,773.1700,9.0000,46.9000,14.3200,"Filtros estándar (Score ≥6.5, DD ≥10%)"
MO,Altria,Consumer Staples,Tobacco,1957-03-04,69.4900,2026-09-04,64.3900,47.8900,UP,0.5212,0.4860,True,0.8229,1.4950,0.8510,2.1510,69.9100,65.0700,68.2700,-0.6100,6.7900,True,1.5504,NEUTRO,-9.8200,77.0600,77.0600,53.0100,-9.8200,31.1000,0.5860,True,69.8700,1,73.5300,True,0.5500,HAMMER|DOJI,7.1000,8.5000,7.0000,7.5000,7,5.0000,7.0000,False,4.3000,6.4500,1.5000,14.5011,11.7462,-43.1039,5.6257,8.7700,,0.2955,0.3900,0.8717,0.0120,-0.0270,,0.5180,9035249664.0000,7952000000.0000,1.1362,115011952640.0000,0.4950,4.4500,6.3900,1669743926.0000,4.1900,0.2300,5.5500,7.2300,0.0786,OK,0,5.3500,False,7-15d,XLP,,PG|KO|PEP,inflation|input_costs|fx_rates,55,2026-10-29,False,2026-07-30,1.4800,1.5000,-1.2000,ALCISTA FUERTE,10,773.1700,9.0000,46.9000,14.3200,"Filtros estándar (Score ≥6.5, DD ≥10%)"
BLDR,Builders FirstSource,Industrials,Building Products,2023-12-18,64.1800,2026-09-04,31.0800,35.5600,DOWN,-0.5930,-0.3255,False,0.1281,2.9186,0.7700,4.5470,73.6000,90.2900,68.4900,-12.8000,-28.9200,False,-4.7191,BAJISTA,-29.4400,90.9600,151.0300,62.3100,-57.5100,3.0000,0.8380,False,65.1000,2,76.3400,True,1.4300,DOJI|HAMMER,6.5500,5.0000,6.5000,5.0000,7,10.0000,7.0000,False,9.0900,13.6400,1.5000,71.5109,14.7312,1.7674,0.4899,11.8120,0.0251,0.0239,0.0071,0.2919,-0.0880,,130.7860,1.7890,464577120.0000,102550000.0000,4.5302,7078770688.0000,1.4120,3.2100,,107596457.0000,4.5200,2.5000,4.1800,7.2800,0.0656,D/E:131,1,5.3300,False,3-7d,XLI,,CAT|UNP|HON,pmi_manufacturing|supply_chain|capex_cycle,55,2026-10-29,False,2026-07-30,1.1700,1.2700,-8.1000,ALCISTA FUERTE,10,773.1700,9.0000,46.9000,14.3200,"Filtros estándar (Score ≥6.5, DD ≥10%)"
HLT,Hilton Worldwide,Consumer Discretionary,"Hotels, Resorts & Cruise Lines",2017-06-19,314.3500,2026-09-04,37.0300,57.0700,DOWN,-1.5361,-0.3701,False,0.2246,6.4820,0.8270,2.0620,325.3700,312.3300,321.7000,-3.3900,0.6500,True,1.8520,NEUTRO,-12.1500,357.8400,357.8400,253.0400,-12.1500,24.2300,0.9460,True,,0,330.5300,False,,NONE,6.5700,8.5000,6.5000,7.5000,4,6.5000,5.0000,False,4.1200,6.1900,1.5000,45.6276,29.7631,-11.1426,13.7217,27.1360,,0.1103,0.3103,0.7904,0.0250,0.1410,,0.6490,1393874944.0000,1584000000.0000,0.8800,70035701760.0000,1.0630,2.3100,,225064910.0000,4.5100,4.8500,5.5800,2.8400,0.0199,OK,0,5.3300,False,7-15d,XLY,,AMZN|TSLA|HD,consumer_spending|employment_data|interest_rates,54,2026-10-28,False,2026-07-28,2.2900,2.2700,78.0000,ALCISTA FUERTE,10,773.1700,9.0000,46.9000,14.3200,"Filtros estándar (Score ≥6.5, DD ≥10%)"
INTU,Intuit,Information Technology,Application Software,2000-12-05,344.3000,2026-09-04,49.3300,59.4100,DOWN,-3.3147,-1.1726,False,0.4015,15.6536,1.0760,4.5460,313.9200,426.2300,344.5800,9.6800,-19.2200,False,-6.7604,BAJISTA,-7.6900,372.9800,697.2500,251.7200,-50.6200,36.7800,0.9200,True,322.5700,1,338.7700,False,-6.3100,NONE,5.6500,6.5000,5.0000,7.5000,4,5.0000,5.0000,False,9.0900,13.6400,1.5000,20.2126,12.1751,4.7648,4.2431,13.8390,0.2360,0.1047,0.2129,0.8098,0.1370,-0.0080,43.8920,1.5070,6438624768.0000,4566000128.0000,1.4101,91005763584.0000,0.9760,2.4300,1.6000,273537000.0000,5.1000,1.5000,5.9500,8.3200,0.0707,OK,0,5.3200,False,3-7d,XLK,,AAPL|MSFT|NVDA,interest_rates|ai_capex_cycle|semiconductor_cycle,76,2026-11-19,False,2026-08-25,4.0300,3.5900,12.3000,ALCISTA FUERTE,10,773.1700,9.0000,46.9000,14.3200,"Filtros estándar (Score ≥6.5, DD ≥10%)"
BXP,"BXP, Inc.",Real Estate,Office REITs,2006-04-03,68.2300,2026-09-04,49.2500,50.8500,DOWN,-0.2003,-0.0073,False,0.4683,1.6800,0.9330,2.4620,68.5500,62.5900,68.5500,-0.4700,9.0000,True,-0.1360,NEUTRO,-8.9500,74.9400,75.9500,48.5400,-10.1600,40.5700,0.8940,True,66.6100,4,71.4000,True,-2.3800,HAMMER|DOJI|HAMMER,6.9000,8.0000,5.0000,7.5000,9,5.0000,7.0000,False,4.9200,7.3900,1.5000,36.3925,30.4523,2.0946,3.8379,18.1380,0.0531,0.0168,0.0930,0.5645,0.0370,-0.2320,211.6310,0.5060,880636864.0000,296824992.0000,2.9669,12243593216.0000,1.0390,7.2100,4.1000,159661556.0000,4.2500,1.5900,4.6400,6.8800,0.0719,D/E:212,1,5.3100,False,7-15d,XLRE,,PLD|AMT|EQIX,interest_rates|cap_rates|occupancy_trends,53,2026-10-27,False,2026-07-28,0.5000,0.4300,14.8000,ALCISTA FUERTE,10,773.1700,9.0000,46.9000,14.3200,"Filtros estándar (Score ≥6.5, DD ≥10%)"
EL,Estée Lauder Companies (The),Consumer Staples,Personal Care Products,2006-01-05,100.8600,2026-09-04,71.7000,78.8800,DOWN,0.0949,1.1595,False,0.6618,4.1017,1.3530,4.0670,87.7800,91.5100,96.8200,14.9000,10.2200,False,0.2355,ALCISTA,-6.6200,108.0100,120.3800,65.7400,-16.2200,53.4200,0.5490,False,83.5700,1,108.0100,False,-17.1500,HAMMER,5.7500,8.5000,5.0000,5.0000,4,5.0000,7.0000,False,8.1300,12.2000,1.5000,207.7200,26.5388,9.8726,2.4969,17.2050,0.0474,0.0523,0.0121,0.7549,0.0630,,242.9320,1.2220,1812125056.0000,182000000.0000,9.9567,37576396800.0000,1.2740,3.3800,1.3900,247291223.0000,5.0100,5.8200,4.1200,5.1100,0.0482,D/E:243,1,5.3100,False,10-18d,XLP,,PG|KO|PEP,inflation|input_costs|fx_rates,59,2026-11-02,False,2026-08-19,0.3900,0.3200,22.1000,ALCISTA FUERTE,10,773.1700,9.0000,46.9000,14.3200,"Filtros estándar (Score ≥6.5, DD ≥10%)"
IBM,IBM,Information Technology,IT Consulting & Other Services,1957-03-04,234.7100,2026-09-04,50.3800,53.2300,DOWN,0.4619,0.8863,False,0.5328,5.6529,0.5050,2.4080,240.7300,259.2800,233.6400,-2.5000,-9.4800,False,-2.3426,BAJISTA,-24.1800,309.5800,330.0900,197.7700,-28.9000,18.6800,0.8910,True,229.3000,5,241.5200,True,-2.3000,HAMMER|HAMMER|DOJI,6.6000,5.0000,5.0000,7.5000,9,7.0000,7.0000,False,4.8200,7.2300,1.5000,20.8421,17.8455,6.4234,3.2028,16.8980,0.3446,0.0530,0.1552,0.5810,0.0110,-0.0180,188.9700,0.7910,12049750016.0000,10705000448.0000,1.1256,221297950720.0000,0.7080,1.7500,2.8800,942134390.0000,4.4400,0.0000,5.8300,8.0000,0.0545,D/E:189,1,5.3000,False,3-7d,XLK,,AAPL|MSFT|NVDA,interest_rates|ai_capex_cycle|semiconductor_cycle,47,2026-10-21,False,2026-07-22,2.9300,2.9300,-10.0000,ALCISTA FUERTE,10,773.1700,9.0000,46.9000,14.3200,"Filtros estándar (Score ≥6.5, DD ≥10%)"
MRK,Merck & Co.,Health Care,Pharmaceuticals,1957-03-04,152.3400,2026-09-04,68.0600,72.0300,DOWN,0.0185,0.4211,False,0.7240,4.9086,1.3450,3.2220,134.0900,117.1400,144.9900,13.6100,30.0500,True,5.2600,ALCISTA,-2.9200,156.9200,156.9200,75.8100,-2.9200,100.9400,0.5900,True,126.2200,1,156.9200,False,-17.1500,HAMMER|HAMMER|DOJI|HAMMER,6.5500,10.0000,5.0000,7.5000,4,5.0000,7.0000,False,6.4400,9.6700,1.5000,120.2640,15.7531,8.8502,5.5715,14.6400,0.0696,0.1187,0.0477,0.7590,0.0510,,128.4080,1.3230,15171500032.0000,3172999936.0000,4.7814,370889916416.0000,0.2260,2.8000,2.2300,2467171638.0000,4.4600,4.1000,4.6400,4.6600,0.0409,D/E:128,1,5.3000,False,10-18d,XLV,,UNH|JNJ|LLY,fda_calendar|drug_pricing_policy|patent_cliffs,55,2026-10-29,False,2026-08-04,-0.1300,-0.2600,49.4000,ALCISTA FUERTE,10,773.1700,9.0000,46.9000,14.3200,"Filtros estándar (Score ≥6.5, DD ≥10%)"
XEL,Xcel Energy,Utilities,Multi-Utilities,1957-03-04,76.3400,2026-09-04,33.3300,45.0100,DOWN,-0.1754,-0.2034,True,0.2619,1.3343,0.8290,1.7480,78.8700,77.9300,77.2900,-3.2100,-2.0400,True,-0.1757,BAJISTA,-7.8900,82.8800,83.2200,69.1600,-8.2700,10.3900,0.7210,False,76.9900,7,80.8500,True,0.8600,HAMMER,6.9800,6.5000,7.5000,5.0000,10,6.5000,7.0000,False,3.5000,5.2400,1.5000,20.7452,16.6691,1.9653,3.2360,14.2610,0.0992,0.0237,0.1528,0.4682,-0.0510,0.2400,173.1350,0.7010,-7907999744.0000,2232999936.0000,-3.5414,47297310720.0000,0.3990,8.3900,3.1000,624634306.0000,4.1700,5.0000,4.3100,3.0300,-0.1672,FCF/NI:-3.54|D/E:173,2,5.2900,False,3-7d,XLU,,NEE|DUK|SO,interest_rates|regulatory_environment,55,2026-10-29,False,2026-07-30,0.9300,0.7900,18.4000,ALCISTA FUERTE,10,773.1700,9.0000,46.9000,14.3200,"Filtros estándar (Score ≥6.5, DD ≥10%)"
AEE,Ameren,Utilities,Multi-Utilities,1991-09-19,106.4100,2026-09-04,31.1400,41.2000,DOWN,-0.0899,-0.1755,True,0.2724,1.6343,0.7700,1.5360,110.3500,106.9700,107.6000,-3.5700,-0.5300,True,0.5668,BAJISTA,-10.0700,118.3200,118.3200,95.2500,-10.0700,11.7200,1.2580,True,106.5900,6,111.1600,True,0.1600,HAMMER|HAMMER|HAMMER|DOJI,7.8800,7.0000,7.5000,7.5000,10,8.5000,7.0000,True,3.0700,4.6100,1.5000,18.7447,18.3289,2.1532,3.5044,13.1420,0.1194,0.0306,0.1858,0.5241,-0.0620,0.1190,157.8460,0.5310,-1786249984.0000,1563000064.0000,-1.1428,29475502080.0000,0.4700,8.0100,2.8200,276843251.0000,3.5700,2.8700,4.6500,3.1200,-0.0606,FCF/NI:-1.14|D/E:158,2,5.2900,False,3-7d,XLU,,NEE|DUK|SO,interest_rates|regulatory_environment,61,2026-11-04,False,2026-07-30,1.1300,1.0800,4.2000,ALCISTA FUERTE,10,773.1700,9.0000,46.9000,14.3200,"Filtros estándar (Score ≥6.5, DD ≥10%)"
CDW,CDW Corporation,Information Technology,Technology Distributors,2019-09-23,153.9200,2026-09-04,65.0500,64.3800,UP,1.4957,1.4053,True,0.9722,6.7108,1.0840,4.3600,138.9200,130.3800,143.4100,10.8000,18.0600,True,-0.5796,ALCISTA,-2.6100,158.0500,168.1300,96.0900,-8.4500,60.1900,1.0150,True,129.9500,2,153.7700,False,-15.5700,NONE,6.6500,9.5000,7.0000,7.5000,4,5.0000,5.0000,False,8.7200,13.0800,1.5000,18.2929,12.7649,7.8184,0.8106,12.5870,0.4401,0.0659,0.0460,0.2136,0.1000,0.0490,263.2780,1.1670,676787520.0000,1080300032.0000,0.6265,19050156032.0000,0.9410,4.1700,1.6400,125017426.0000,4.3600,0.9600,5.7800,6.6700,0.0355,FCF/NI:0.63|D/E:263,2,5.2800,False,10-18d,XLK,,AAPL|MSFT|NVDA,interest_rates|ai_capex_cycle|semiconductor_cycle,60,2026-11-03,False,2026-08-05,2.9100,2.8000,4.0000,ALCISTA FUERTE,10,773.1700,9.0000,46.9000,14.3200,"Filtros estándar (Score ≥6.5, DD ≥10%)"
EXE,Expand Energy,Energy,Oil & Gas Exploration & Production,2025-03-24,99.0500,2026-09-04,69.9900,67.6300,UP,0.1872,0.1379,True,0.8289,2.1726,0.9360,2.1930,92.2800,100.0100,96.4100,7.3400,-0.9600,False,-0.9859,BAJISTA,-1.0900,100.1400,124.4300,84.4800,-20.4000,17.2500,0.6890,True,85.8500,1,98.2900,False,-13.3200,NONE,6.2000,6.5000,7.0000,7.5000,5,5.0000,5.0000,False,4.3900,6.5800,1.5000,8.4405,11.0157,1.1821,1.7907,3.8680,0.1489,0.0849,0.2197,0.4707,-0.1060,-0.4550,19.2070,0.9590,1466249984.0000,2780999936.0000,0.5272,22666536960.0000,0.3230,2.4800,2.3200,231503789.0000,4.6700,0.0000,5.7400,8.8700,0.0647,FCF/NI:0.53|RevG:-10.6%,2,5.2800,False,3-7d,XLE,,XOM|CVX|COP,oil_price|gas_price|opec_supply|inventories,53,2026-10-27,False,2026-07-28,1.3300,1.1200,19.1000,ALCISTA FUERTE,10,773.1700,9.0000,46.9000,14.3200,"Filtros estándar (Score ≥6.5, DD ≥10%)"
D,Dominion Energy,Utilities,Multi-Utilities,2016-11-30,66.7900,2026-09-04,32.8700,40.9400,DOWN,-0.0527,-0.1989,True,0.3795,1.0479,0.8690,1.5690,68.8200,63.4300,67.2200,-2.9500,5.3000,True,1.4085,NEUTRO,-8.4900,72.9900,72.9900,54.7100,-8.4900,22.0700,1.4200,False,67.8300,2,69.9000,True,1.5600,HAMMER|HAMMER,7.1000,8.5000,7.5000,7.0000,7,5.0000,7.0000,False,3.1400,4.7100,1.5000,22.7820,17.2563,2.0744,3.1960,14.1540,0.0828,0.0304,0.1398,0.4622,0.1760,-0.5800,160.4590,0.8090,-9181124608.0000,2505999872.0000,-3.6637,57907986432.0000,0.6220,6.3000,4.0000,879525949.0000,4.0700,5.0000,4.1400,2.9000,-0.1585,FCF/NI:-3.66|D/E:160,2,5.2800,False,7-15d,XLU,,NEE|DUK|SO,interest_rates|regulatory_environment,56,2026-10-30,False,2026-07-31,0.7900,0.6700,17.2000,ALCISTA FUERTE,10,773.1700,9.0000,46.9000,14.3200,"Filtros estándar (Score ≥6.5, DD ≥10%)"
SWKS,Skyworks Solutions,Information Technology,Semiconductors,2015-03-12,71.5000,2026-09-04,56.1400,35.8800,UP,0.2769,-0.2661,True,0.9665,3.0029,0.8670,4.2000,64.8000,63.2400,67.6400,10.3500,13.0500,True,-0.4781,ALCISTA,-9.7200,79.2000,88.0500,51.4800,-18.7900,38.8800,0.7380,False,69.3700,1,70.7500,True,-2.9800,HAMMER,6.8000,9.5000,7.0000,5.0000,7,5.0000,7.0000,False,8.4000,12.6000,1.5000,38.3523,14.8841,1.9414,2.7747,12.0890,0.0509,0.0344,0.0723,0.4073,-0.0310,-0.6860,11.8690,3.1010,448812512.0000,290100000.0000,1.5471,11137994752.0000,1.5180,5.3000,4.1300,150472782.0000,4.2500,0.0000,6.3400,6.7700,0.0403,OK,0,5.2700,False,10-18d,XLK,,AAPL|MSFT|NVDA,interest_rates|ai_capex_cycle|semiconductor_cycle,60,2026-11-03,False,2026-07-28,1.0800,1.0300,4.8000,ALCISTA FUERTE,10,773.1700,9.0000,46.9000,14.3200,"Filtros estándar (Score ≥6.5, DD ≥10%)"
PCAR,Paccar,Industrials,Construction Machinery & Heavy Transportation Equipment,1980-12-31,124.5100,2026-09-04,32.8200,30.7700,UP,-0.9587,-0.9587,True,0.1968,2.6607,0.7880,2.1370,127.5200,118.9300,127.2400,-2.3600,4.6900,True,2.7768,NEUTRO,-10.3400,138.8700,138.8700,90.0300,-10.3400,38.3000,1.0800,True,116.0100,1,122.4800,False,-6.8200,HAMMER,7.4800,8.5000,8.5000,7.5000,4,8.5000,7.0000,True,4.2700,6.4100,1.5000,26.3080,17.3472,3.2300,2.3597,21.9120,0.1276,0.0412,0.0900,0.1371,0.0050,0.0420,72.9100,5.5190,1943650048.0000,2504199936.0000,0.7762,65637707776.0000,0.9720,2.8100,1.1200,526364953.0000,3.8000,0.4500,5.7500,5.4400,0.0296,OK,0,5.2700,False,7-15d,XLI,,CAT|UNP|HON,pmi_manufacturing|supply_chain|capex_cycle,53,2026-10-27,False,2026-07-28,1.4300,1.3600,5.4000,ALCISTA FUERTE,10,773.1700,9.0000,46.9000,14.3200,"Filtros estándar (Score ≥6.5, DD ≥10%)"
AJG,Arthur J. Gallagher & Co.,Financials,Insurance Brokers,2016-05-31,266.6600,2026-09-04,63.6200,61.8700,UP,-0.0183,0.2907,False,0.7598,7.4579,1.0030,2.7970,252.7900,233.0800,260.1800,5.4900,14.4100,True,-0.0272,ALCISTA,-2.2500,272.7900,310.7300,190.1200,-14.1800,40.2600,1.0970,False,240.9000,2,261.9200,False,-9.6600,HAMMER,6.1500,9.5000,6.0000,5.0000,4,5.0000,7.0000,False,5.5900,8.3900,1.5000,43.5638,17.6412,2.8388,4.4568,18.9120,0.0672,0.0232,0.1038,0.4319,0.3090,-0.1070,59.4010,1.0530,2082300032.0000,1568000000.0000,1.3280,67338215424.0000,0.5060,4.3400,1.0500,256341000.0000,4.6800,5.0000,4.7600,4.2200,0.0309,OK,0,5.2700,False,10-18d,XLF,,JPM|BAC|WFC,interest_rates|yield_curve|credit_spreads|loan_growth,55,2026-10-29,False,2026-07-30,2.8400,2.8100,94.0000,ALCISTA FUERTE,10,773.1700,9.0000,46.9000,14.3200,"Filtros estándar (Score ≥6.5, DD ≥10%)"
FERG,Ferguson Enterprises,Industrials,Trading Companies & Distributors,2026-08-05,223.2300,2026-09-04,25.8300,29.9500,DOWN,-2.6488,-2.6221,False,0.1702,5.9361,0.8560,2.6590,235.2100,237.8200,233.2400,-5.0900,-6.1300,False,-0.2096,BAJISTA,-16.3400,266.8400,268.5900,203.7400,-16.8900,9.5700,0.9150,True,220.6900,5,231.4900,True,-1.1400,HAMMER|DOJI,7.1700,5.0000,7.5000,7.5000,10,6.5000,7.0000,False,5.3200,7.9800,1.5000,22.4813,18.2017,7.1258,1.4051,16.1640,,,0.0632,0.3063,0.0460,0.0690,111.0630,1.7290,,1987399936.0000,,44186537984.0000,1.1120,1.3000,1.5900,193452717.0000,4.0000,2.0500,4.9000,5.2300,,D/E:111,1,5.2700,False,3-7d,XLI,,CAT|UNP|HON,pmi_manufacturing|supply_chain|capex_cycle,66,2026-11-09,False,2026-08-10,3.3900,3.3000,2.8000,ALCISTA FUERTE,10,773.1700,9.0000,46.9000,14.3200,"Filtros estándar (Score ≥6.5, DD ≥10%)"
ARE,Alexandria Real Estate Equities,Real Estate,Office REITs,2017-03-20,52.6900,2026-09-04,65.3200,58.6300,UP,0.1710,0.2297,False,0.7080,2.0479,1.0510,3.8870,50.7300,49.1600,51.3800,3.8700,7.1700,True,-1.7467,ALCISTA,-5.4700,55.7400,83.1700,38.9000,-36.6500,35.4500,0.7130,True,48.3900,2,55.0900,False,-8.1700,NONE,6.4500,9.5000,6.0000,7.5000,4,5.0000,5.0000,False,7.7700,11.6600,1.5000,,-65.0000,0.5779,3.1901,14.3100,-0.0408,0.0093,-0.3608,0.6820,-0.1190,,68.6700,2.3500,1344973952.0000,-1030056000.0000,-1.3057,9060816896.0000,1.1680,3.8600,5.4700,172095277.0000,4.4600,2.5000,3.3800,8.0000,0.1484,FCF/NI:-1.31|RevG:-11.9%|ROE:-4.1%,3,5.2600,False,10-18d,XLRE,,PLD|AMT|EQIX,interest_rates|cap_rates|occupancy_trends,52,2026-10-26,False,2026-08-03,0.1500,0.1200,26.2000,ALCISTA FUERTE,10,773.1700,9.0000,46.9000,14.3200,"Filtros estándar (Score ≥6.5, DD ≥10%)"
APTV,Aptiv,Consumer Discretionary,Automotive Parts & Equipment,2012-12-24,46.5300,2026-09-04,36.5800,31.1300,UP,0.1904,-0.0116,True,0.3561,1.4043,0.5910,3.0180,53.5600,66.5200,47.8900,-13.1300,-30.0500,False,-5.0905,BAJISTA,-33.8700,70.3600,88.9300,44.5200,-47.6800,4.5100,0.7310,False,46.1600,1,50.5100,True,-0.8000,HAMMER|DOJI,6.5000,5.0000,8.5000,5.0000,7,7.0000,7.0000,False,6.0400,9.0500,1.5000,21.6968,7.3635,1.1414,0.4852,4.5110,0.0516,0.0672,0.0107,0.1925,0.0230,-0.3530,64.9380,2.0180,1615874944.0000,470000000.0000,3.4380,9956018176.0000,1.3300,2.4300,,207633331.0000,4.4300,0.5600,5.2800,7.9500,0.1623,OK,0,5.2600,False,3-7d,XLY,,AMZN|TSLA|HD,consumer_spending|employment_data|interest_rates,55,2026-10-29,False,2026-08-04,1.6300,1.4300,14.1000,ALCISTA FUERTE,10,773.1700,9.0000,46.9000,14.3200,"Filtros estándar (Score ≥6.5, DD ≥10%)"
VMRK,Vivmark Residential,Real Estate,Multi-Family Residential REITs,2001-12-03,64.9600,2026-09-04,45.1600,44.2400,UP,-0.0493,0.0378,False,0.3628,1.4157,1.0490,2.1790,67.2200,62.9200,65.8800,-3.3600,3.2400,True,1.1096,NEUTRO,-9.1500,71.5000,71.5000,56.3000,-9.1500,15.3900,0.6490,False,,0,66.5400,False,,NONE,5.7500,8.5000,6.0000,5.0000,4,5.0000,5.0000,False,4.3600,6.5400,1.5000,25.1346,45.6919,,16.3648,,0.0849,0.0256,0.3325,0.6232,0.0330,,75.1290,0.3480,1387120000.0000,1027489024.0000,1.3500,50566463488.0000,0.5370,11.6100,3.9200,773779120.0000,4.9200,3.8700,5.8500,5.0700,0.0274,OK,0,5.2500,False,7-15d,XLRE,,PLD|AMT|EQIX,interest_rates|cap_rates|occupancy_trends,47,2026-10-21,False,,,,,ALCISTA FUERTE,10,773.1700,9.0000,46.9000,14.3200,"Filtros estándar (Score ≥6.5, DD ≥10%)"
Q,Qnity Electronics,Information Technology,Semiconductor Materials & Equipment,2025-11-03,118.4700,2026-09-04,24.0300,36.7900,DOWN,-1.1797,-1.2454,True,0.1827,5.7228,0.6960,4.8310,136.4500,121.2800,126.9300,-13.1700,-2.3200,True,,BAJISTA,-33.1300,177.1600,177.1600,70.3200,-33.1300,68.4700,0.9080,False,106.0500,1,122.5400,False,-10.4900,HAMMER,6.7300,6.5000,8.5000,5.0000,5,8.5000,7.0000,False,9.6600,14.4900,1.5000,43.0250,22.3999,3.4742,4.8375,18.7670,0.0672,0.0530,0.1125,0.4622,0.2210,-0.3430,59.9920,2.0080,772249984.0000,586000000.0000,1.3178,25203353600.0000,,2.2600,0.2700,209208543.0000,4.2600,2.7200,4.7300,5.5200,0.0306,OK,0,5.2500,False,3-7d,XLK,,AAPL|MSFT|NVDA,interest_rates|ai_capex_cycle|semiconductor_cycle,73,2026-11-16,False,2026-08-04,1.1900,1.0700,11.0000,ALCISTA FUERTE,10,773.1700,9.0000,46.9000,14.3200,"Filtros estándar (Score ≥6.5, DD ≥10%)"
PNR,Pentair,Industrials,Industrial Machinery & Supplies & Components,2012-10-01,60.0200,2026-09-04,25.6700,28.8200,DOWN,-0.2950,-0.2984,True,0.1395,1.8664,0.8050,3.1100,67.2400,85.3800,63.1800,-10.7400,-29.7100,False,-4.8021,BAJISTA,-22.6800,77.6200,112.5700,57.3500,-46.6800,4.6600,0.6360,False,57.3500,1,75.7900,False,-4.4500,HAMMER,6.2000,5.0000,8.5000,5.0000,4,8.0000,7.0000,False,6.2200,9.3300,1.5000,15.5180,11.6491,2.5637,2.3953,10.8760,0.1713,0.0866,0.1624,0.4139,-0.1700,-0.1110,47.0670,1.4510,558312512.0000,635500032.0000,0.8785,9609516032.0000,1.0180,2.0500,1.7700,159600000.0000,4.6000,0.0000,5.7700,8.6000,0.0581,RevG:-17.0%,1,5.2400,False,3-7d,XLI,,CAT|UNP|HON,pmi_manufacturing|supply_chain|capex_cycle,46,2026-10-20,False,2026-07-28,1.1400,1.1500,-58.0000,ALCISTA FUERTE,10,773.1700,9.0000,46.9000,14.3200,"Filtros estándar (Score ≥6.5, DD ≥10%)"
DUK,Duke Energy,Utilities,Electric Utilities,1976-06-30,121.4000,2026-09-04,38.7100,40.9600,DOWN,-0.0475,-0.2276,True,0.4120,1.7550,0.7680,1.4460,124.1100,122.3500,121.9100,-2.1800,-0.7700,True,0.0757,BAJISTA,-7.6800,131.4900,132.1800,110.9900,-8.1500,9.3700,0.8040,True,119.4100,3,128.8400,True,-1.6400,HAMMER|DOJI|HAMMER|BULL_ENGULF,7.9000,7.0000,7.5000,7.5000,10,7.0000,9.5000,False,2.8900,4.3400,1.5000,18.1054,16.7617,1.7437,2.8575,11.3900,0.0986,0.0284,0.1600,0.5197,0.0110,0.1060,162.1550,0.6610,-4477374976.0000,5168000000.0000,-0.8664,93735796736.0000,0.3640,3.9500,,779702193.0000,3.4600,2.7500,4.3400,3.2700,-0.0478,FCF/NI:-0.87|D/E:162,2,5.2400,False,3-7d,XLU,,NEE|SO|D,interest_rates|regulatory_environment,62,2026-11-05,False,2026-08-04,1.4300,1.3000,9.6000,ALCISTA FUERTE,10,773.1700,9.0000,46.9000,14.3200,"Filtros estándar (Score ≥6.5, DD ≥10%)"
WM,Waste Management,Industrials,Environmental & Facilities Services,1998-08-31,221.7200,2026-09-04,43.4200,23.7600,UP,-0.1835,-0.6209,True,0.3750,3.5179,0.7450,1.5870,228.4200,224.0900,223.0700,-2.9300,-1.0600,True,0.9008,BAJISTA,-10.2900,247.1500,247.1500,191.7700,-10.2900,15.6200,1.2010,False,220.2900,3,231.5300,True,-0.6500,HAMMER|DOJI,7.0500,7.0000,7.0000,5.0000,10,7.0000,7.0000,False,3.1700,4.7600,1.5000,30.9745,24.0141,8.8249,3.4104,14.3330,0.2984,0.0657,0.1111,0.4060,0.0400,0.0830,235.3010,0.9070,2348375040.0000,2852999936.0000,0.8231,87533633536.0000,0.4310,3.1900,1.7000,399715184.0000,4.0300,2.1800,5.5000,4.4800,0.0268,D/E:235,1,5.2400,False,3-7d,XLI,,CAT|UNP|HON,pmi_manufacturing|supply_chain|capex_cycle,52,2026-10-26,False,2026-07-28,2.0200,1.9800,2.1000,ALCISTA FUERTE,10,773.1700,9.0000,46.9000,14.3200,"Filtros estándar (Score ≥6.5, DD ≥10%)"
VZ,Verizon,Communication Services,Integrated Telecommunication Services,1983-11-30,50.5900,2026-09-04,70.1000,70.3300,DOWN,-0.0106,0.0314,False,0.8103,0.7657,0.6320,1.5140,46.1900,44.6200,49.0900,9.5400,13.3800,True,2.5466,ALCISTA,-0.6700,50.9300,50.9300,36.5500,-0.6700,38.4000,1.0570,True,45.0700,2,50.0600,False,-10.9200,HAMMER|DOJI,6.8500,10.0000,5.0000,7.5000,4,7.0000,7.0000,False,3.0300,4.5400,1.5000,13.0573,9.4968,2.0046,1.4998,7.8950,0.1584,0.0505,0.1164,0.5945,-0.0070,-0.2200,184.0810,0.6040,17466624000.0000,16172000256.0000,1.0801,208320430080.0000,0.2400,3.1200,5.5900,4154775202.0000,4.1500,0.0000,5.2200,7.7500,0.0838,D/E:184,1,5.2300,False,10-18d,XLC,,GOOGL|META|NFLX,ad_spending_cycle|streaming_competition|regulation,46,2026-10-20,False,2026-07-24,1.3000,1.2700,2.7000,ALCISTA FUERTE,10,773.1700,9.0000,46.9000,14.3200,"Filtros estándar (Score ≥6.5, DD ≥10%)"
LOW,Lowe's,Consumer Discretionary,Home Improvement Retail,1984-02-29,201.9000,2026-09-04,25.5000,27.4600,DOWN,-1.8628,-1.5178,False,0.1081,5.2021,0.8950,2.5770,213.2100,234.2200,209.9700,-5.3000,-13.8000,False,-0.8824,BAJISTA,-11.2200,227.4000,289.8700,199.3400,-30.3500,1.2800,1.1080,False,200.7800,2,223.7000,True,-0.5600,NONE,6.2500,5.0000,7.5000,5.0000,7,8.0000,5.0000,False,5.1500,7.7300,1.5000,17.2823,15.6528,-15.4220,1.2684,11.9520,,0.1252,0.0735,0.3299,0.0830,0.0000,,1.1050,4615374848.0000,6624999936.0000,0.6967,114707488768.0000,0.8460,3.1400,2.4800,561054019.0000,4.5300,3.3300,4.9700,5.4300,0.0402,FCF/NI:0.70,1,5.2200,False,3-7d,XLY,,AMZN|TSLA|HD,consumer_spending|employment_data|interest_rates,75,2026-11-18,False,2026-08-19,4.4000,4.2200,4.2000,ALCISTA FUERTE,10,773.1700,9.0000,46.9000,14.3200,"Filtros estándar (Score ≥6.5, DD ≥10%)"
ARES,Ares Management,Financials,Asset Management & Custody Banks,2025-12-11,141.5200,2026-09-04,44.9800,57.9100,DOWN,-0.9224,-0.5659,False,0.4963,4.0471,0.7780,2.8600,130.4800,131.3800,139.6800,8.4600,7.7200,False,-0.3614,ALCISTA,-5.5700,149.8700,181.3200,93.5700,-21.9500,51.2400,1.5820,True,137.1200,1,140.4800,True,-3.1100,HAMMER|HAMMER|DOJI,7.3000,8.0000,5.0000,9.5000,7,7.0000,7.0000,False,5.7200,8.5800,1.5000,64.2890,19.4871,12.7051,7.7206,35.8860,0.1494,0.0259,0.1063,0.3741,0.0580,0.0650,172.3780,0.5440,2159716096.0000,572572992.0000,3.7719,46228000768.0000,1.5170,6.1300,3.8200,222028421.0000,3.8100,1.6200,4.9300,5.0400,0.0467,D/E:172,1,5.2100,False,10-18d,XLF,,JPM|BAC|WFC,interest_rates|yield_curve|credit_spreads|loan_growth,59,2026-11-02,False,2026-07-31,1.2900,1.2700,1.4000,ALCISTA FUERTE,10,773.1700,9.0000,46.9000,14.3200,"Filtros estándar (Score ≥6.5, DD ≥10%)"
CMG,Chipotle Mexican Grill,Consumer Discretionary,Restaurants,2011-04-28,37.5700,2026-09-04,71.6300,76.1500,DOWN,0.2183,0.3917,False,0.7202,1.2079,0.9170,3.2150,34.7800,34.8200,36.3000,8.0300,7.9000,False,0.0647,ALCISTA,-3.8900,39.0900,42.8200,28.0400,-12.2600,33.9900,0.5900,True,33.4700,3,37.0800,False,-10.9200,NONE,6.3500,8.5000,5.0000,7.5000,6,5.0000,5.0000,False,6.4300,9.6400,1.5000,34.2222,26.9842,21.3026,3.7645,22.9810,0.4956,0.1308,0.1143,0.3936,0.0930,-0.0130,246.3500,0.7150,1116464384.0000,1419405952.0000,0.7866,46769848320.0000,0.9370,1.9800,,1265418000.0000,4.4400,3.7900,5.7500,3.6700,0.0239,D/E:246,1,5.2000,False,10-18d,XLY,,AMZN|TSLA|HD,consumer_spending|employment_data|interest_rates,54,2026-10-28,False,2026-07-29,0.3300,0.3200,4.0000,ALCISTA FUERTE,10,773.1700,9.0000,46.9000,14.3200,"Filtros estándar (Score ≥6.5, DD ≥10%)"
MSFT,Microsoft,Information Technology,Systems Software,1994-06-01,510.1200,2026-09-04,59.3600,54.2500,UP,-1.8546,-1.0747,False,0.8576,10.4611,0.8000,2.0510,440.6100,429.3900,488.8300,15.7800,18.8000,True,-0.3934,ALCISTA,-1.4800,517.7800,549.2000,348.5400,-7.1200,46.3600,1.0250,True,476.2500,1,512.7600,False,-6.6400,NONE,6.4500,9.5000,6.0000,7.5000,4,5.0000,5.0000,False,4.1000,6.1500,1.5000,27.8229,21.1977,8.3892,11.1818,19.7690,0.3404,0.1409,0.4031,0.6794,0.1770,0.3170,29.1180,1.2300,16545500160.0000,133748998144.0000,0.1237,3710545297408.0000,1.1080,1.8500,0.7100,7425545491.0000,4.3500,3.8000,5.7500,3.3700,0.0045,FCF/NI:0.12,1,5.1900,False,10-18d,XLK,,AAPL|NVDA|AVGO,interest_rates|ai_capex_cycle|semiconductor_cycle,54,2026-10-28,False,2026-07-29,4.7400,4.2400,11.8000,ALCISTA FUERTE,10,773.1700,9.0000,46.9000,14.3200,"Filtros estándar (Score ≥6.5, DD ≥10%)"
SOLV,Solventum,Health Care,Health Care Technology,2024-04-01,92.4400,2026-09-04,71.1800,76.3800,DOWN,-0.0023,0.0840,False,0.8171,2.0679,0.8120,2.2370,83.7400,77.3100,89.1400,10.3900,19.5700,True,2.3150,ALCISTA,-1.8300,94.1600,94.1600,62.3800,-1.8300,48.1900,0.7710,True,76.7700,1,,False,-16.9500,NONE,6.3500,10.0000,5.0000,7.5000,4,5.0000,5.0000,False,4.4700,6.7100,1.5000,11.2090,12.6930,3.2496,1.8782,18.1100,0.3396,0.0270,0.1726,0.5478,0.0220,0.0390,110.3130,1.0210,489000000.0000,1434000000.0000,0.3410,15607814144.0000,0.6870,2.8400,,170223729.0000,4.4100,0.6000,5.9100,7.0900,0.0313,FCF/NI:0.34|D/E:110,2,5.1900,False,10-18d,XLV,,UNH|JNJ|LLY,fda_calendar|drug_pricing_policy|patent_cliffs,62,2026-11-05,False,2026-08-05,2.5500,1.9100,33.8000,ALCISTA FUERTE,10,773.1700,9.0000,46.9000,14.3200,"Filtros estándar (Score ≥6.5, DD ≥10%)"
CPRT,Copart,Industrials,Diversified Support Services,2018-07-02,33.5800,2026-09-04,63.1900,68.7200,DOWN,-0.0408,0.0792,False,0.7307,1.1629,1.1210,3.4630,30.0100,34.4900,32.0700,11.9000,-2.6300,False,-3.0360,BAJISTA,-3.0300,34.6300,50.1100,26.8100,-32.9900,25.2500,0.8380,True,32.5800,4,34.2800,True,-2.9700,HAMMER|DOJI,6.7500,6.5000,5.0000,7.5000,10,5.0000,7.0000,False,6.9300,10.3900,1.5000,20.9441,20.0780,3.5581,6.7297,13.7660,0.1761,0.1134,0.3348,0.4752,0.0210,0.0230,1.0590,7.6130,999977152.0000,1553201024.0000,0.6438,31218364416.0000,1.0290,3.9900,,925811482.0000,4.1300,0.2000,6.5600,5.8900,0.0320,FCF/NI:0.64,1,5.1800,False,3-7d,XLI,,CAT|UNP|HON,pmi_manufacturing|supply_chain|capex_cycle,6,2026-09-10,True,2026-05-21,0.4300,0.4100,5.7000,ALCISTA FUERTE,10,773.1700,9.0000,46.9000,14.3200,"Filtros estándar (Score ≥6.5, DD ≥10%)"
ECL,Ecolab,Materials,Specialty Chemicals,1989-01-31,278.9700,2026-09-04,53.9000,50.9900,UP,-0.9324,0.0289,False,0.2934,5.7136,0.8980,2.0480,278.8400,271.8400,282.0000,0.0500,2.6200,True,0.7465,ALCISTA,-5.5400,295.3300,307.6000,242.4900,-9.3100,15.0400,0.6610,True,259.9700,2,279.7200,False,-6.8100,NONE,6.7700,10.0000,6.0000,7.5000,4,6.5000,5.0000,False,4.1000,6.1400,1.5000,37.4872,29.6546,7.7859,4.6484,21.0400,0.2196,0.0723,0.1257,0.4421,0.0970,0.0330,138.0230,1.8410,1474824960.0000,2116400000.0000,0.6969,78290173952.0000,0.8900,2.9000,1.0500,280328603.0000,4.0600,2.9000,5.6200,3.5900,0.0188,FCF/NI:0.70|D/E:138,2,5.1400,False,10-18d,XLB,,LIN|APD|NEM,commodity_prices|dxy|china_demand|energy_costs,53,2026-10-27,False,2026-07-28,2.0900,2.0800,48.0000,ALCISTA FUERTE,10,773.1700,9.0000,46.9000,14.3200,"Filtros estándar (Score ≥6.5, DD ≥10%)"
OKE,Oneok,Energy,Oil & Gas Storage & Transportation,2010-03-15,95.7500,2026-09-04,52.9200,71.3900,DOWN,0.0766,0.1079,False,0.6877,2.4336,1.0200,2.5420,91.0100,83.1500,93.8500,5.2100,15.1600,True,3.5813,ALCISTA,-4.1100,99.8500,99.8500,61.6700,-4.1100,55.2600,0.7150,True,83.0600,5,94.8400,False,-13.2600,NONE,6.6500,10.0000,5.0000,7.5000,6,5.0000,5.0000,False,5.0800,7.6200,1.5000,16.4819,15.3484,2.6226,1.5281,12.1720,0.1628,0.0577,0.0929,0.2721,0.5280,0.1420,143.0700,0.7370,899875008.0000,3656000000.0000,0.2461,60156178432.0000,0.7150,6.7200,,630369667.0000,4.1000,4.4300,3.9700,3.8700,0.0150,FCF/NI:0.25|D/E:143,2,5.1200,False,10-18d,XLE,,XOM|CVX|COP,oil_price|gas_price|opec_supply|inventories,53,2026-10-27,False,2026-08-03,1.5300,1.4500,5.6000,ALCISTA FUERTE,10,773.1700,9.0000,46.9000,14.3200,"Filtros estándar (Score ≥6.5, DD ≥10%)"
GPC,Genuine Parts Company,Consumer Discretionary,Distributors,1973-12-31,137.6200,2026-09-04,55.6200,52.5300,UP,-0.3928,-0.3144,False,0.7877,2.9929,0.7760,2.1750,128.7900,118.4200,134.5900,6.8600,16.2100,True,0.8959,ALCISTA,-1.6200,139.8900,148.5800,89.8000,-7.3700,53.2500,0.8610,True,109.5000,1,136.3000,False,-20.4300,HAMMER|DOJI,7.0500,10.0000,6.0000,7.5000,4,7.0000,7.0000,False,4.3500,6.5200,1.5000,552.3200,16.6266,4.2058,0.7593,12.2210,0.0071,0.0448,0.0013,0.3756,0.0600,-0.0980,146.4150,1.1590,917241984.0000,32766000.0000,27.9937,19035676672.0000,0.6560,4.8000,3.0900,137859758.0000,3.8300,2.2700,4.0600,5.3900,0.0482,D/E:146,1,5.1200,False,10-18d,XLY,,AMZN|TSLA|HD,consumer_spending|employment_data|interest_rates,46,2026-10-20,False,2026-07-21,2.1500,2.0800,3.5000,ALCISTA FUERTE,10,773.1700,9.0000,46.9000,14.3200,"Filtros estándar (Score ≥6.5, DD ≥10%)"
AON,Aon plc,Financials,Insurance Brokers,1996-04-23,327.0000,2026-09-04,34.1600,41.2600,DOWN,-3.2757,-2.3709,False,0.0564,10.2236,1.1380,3.1260,352.5800,336.2000,345.2700,-7.2600,-2.7400,True,0.2466,BAJISTA,-14.2800,381.4700,381.4700,303.1000,-14.2800,7.8900,1.4940,False,309.1200,5,329.3900,False,-5.4700,NONE,6.4500,7.0000,6.5000,5.0000,7,8.0000,5.0000,False,6.2500,9.3800,1.5000,17.8011,15.8146,7.1363,3.8992,14.2800,0.4470,0.0583,0.2227,0.4815,0.0220,-0.0300,163.4810,1.0330,3190874880.0000,3913999872.0000,0.8152,68535607296.0000,0.6600,2.6000,1.0000,212125434.0000,4.2400,0.1200,6.9600,5.8800,0.0466,D/E:163,1,5.1200,False,3-7d,XLF,,JPM|BAC|WFC,interest_rates|yield_curve|credit_spreads|loan_growth,56,2026-10-30,False,2026-07-29,3.8100,3.8000,27.0000,ALCISTA FUERTE,10,773.1700,9.0000,46.9000,14.3200,"Filtros estándar (Score ≥6.5, DD ≥10%)"
PFG,Principal Financial Group,Financials,Life & Health Insurance,2002-07-22,118.5100,2026-09-04,64.3300,43.9300,UP,0.2645,-0.3604,True,1.2953,2.6904,1.1580,2.2700,111.1700,97.1300,111.6700,6.6000,22.0200,True,3.4498,ALCISTA,-2.2000,121.1800,121.1800,75.3000,-2.2000,57.3700,3.3600,False,110.8800,2,,False,-6.4400,NONE,6.6500,10.0000,7.0000,7.0000,4,5.0000,5.0000,False,4.5400,6.8100,1.5000,16.6211,11.2597,2.0624,1.5919,11.2960,0.1295,0.0035,0.0993,0.4734,0.0640,0.0280,35.3070,1.5860,1056374976.0000,1558800000.0000,0.6777,24981729280.0000,0.8720,5.7500,2.8400,214104641.0000,4.1000,1.2900,5.2700,5.9900,0.0423,FCF/NI:0.68,1,5.1200,False,10-18d,XLF,,JPM|BAC|WFC,interest_rates|yield_curve|credit_spreads|loan_growth,52,2026-10-26,False,2026-07-27,2.5000,2.3300,7.1000,ALCISTA FUERTE,10,773.1700,9.0000,46.9000,14.3200,"Filtros estándar (Score ≥6.5, DD ≥10%)"
AEP,American Electric Power,Utilities,Electric Utilities,1957-03-04,124.7100,2026-09-04,46.4100,42.7600,UP,0.2902,-0.0187,True,0.6127,2.1136,0.8270,1.6950,128.9100,125.2300,124.4300,-3.2600,-0.4100,True,0.6211,BAJISTA,-10.6100,139.5200,139.5200,102.5200,-10.6100,21.6500,0.7110,True,126.0200,1,136.2100,True,1.0500,HAMMER|DOJI,6.9500,7.0000,7.0000,7.5000,8,5.0000,7.0000,False,3.3900,5.0800,1.5000,21.5771,18.1571,2.1127,2.9739,13.5150,0.1013,0.0298,0.1378,0.4635,0.0700,-0.4320,160.7890,0.5040,-5995950080.0000,3140999936.0000,-1.9089,67777474560.0000,0.5000,6.0500,3.0500,544397352.0000,3.9000,4.2700,4.3400,2.9500,-0.0885,FCF/NI:-1.91|D/E:161,2,5.1200,False,3-7d,XLU,,NEE|DUK|SO,interest_rates|regulatory_environment,55,2026-10-29,False,2026-07-30,1.3600,1.4800,-8.2000,ALCISTA FUERTE,10,773.1700,9.0000,46.9000,14.3200,"Filtros estándar (Score ≥6.5, DD ≥10%)"
RF,Regions Financial Corporation,Financials,Regional Banks,1998-08-28,30.4400,2026-09-04,37.0200,32.4200,UP,-0.0903,-0.1739,True,0.4563,0.5863,0.9580,1.9260,30.5900,27.8700,30.3400,-0.4700,9.2100,True,2.5896,NEUTRO,-5.3000,32.1400,32.1400,21.8200,-5.3000,39.5200,0.9030,True,29.8000,1,32.0100,True,-2.1100,NONE,7.2000,8.5000,8.5000,7.5000,7,5.0000,5.0000,False,3.8500,5.7800,1.5000,12.3659,10.7014,1.4848,3.5805,,0.1187,0.0139,0.3084,0.0000,0.0340,0.0850,,,,2150000128.0000,,25915697152.0000,1.0030,5.3300,3.6000,851929506.0000,3.7300,1.2500,4.5800,5.6100,,OK,0,5.1200,False,7-15d,XLF,,JPM|BAC|WFC,interest_rates|yield_curve|credit_spreads|loan_growth,42,2026-10-16,False,2026-07-17,0.6800,0.6300,7.9000,ALCISTA FUERTE,10,773.1700,9.0000,46.9000,14.3200,"Filtros estándar (Score ≥6.5, DD ≥10%)"
LVS,Las Vegas Sands,Consumer Discretionary,Casinos & Gaming,2019-10-03,44.5100,2026-09-04,41.2200,40.6400,UP,-0.1798,-0.1874,True,0.2365,1.2886,1.0270,2.8950,45.9700,53.7200,45.4600,-3.1800,-17.1500,False,-2.4487,BAJISTA,-13.3100,51.3400,69.2400,43.3600,-35.7100,2.6500,0.8270,False,44.9500,2,47.7200,True,0.9900,HAMMER,6.1200,5.0000,7.0000,5.0000,7,6.5000,7.0000,False,5.7900,8.6900,1.5000,17.1977,12.6020,49.4649,2.0948,8.8490,1.2287,0.0955,0.1259,0.7933,-0.0070,-0.1980,1703.9020,0.9970,2212875008.0000,1727000064.0000,1.2813,28738500608.0000,0.8190,3.0100,2.7000,647701184.0000,4.4100,0.0000,6.7400,6.8200,0.0770,D/E:1704,1,5.0900,False,3-7d,XLY,,AMZN|TSLA|HD,consumer_spending|employment_data|interest_rates,47,2026-10-21,False,2026-07-22,0.5900,0.7600,-22.0000,ALCISTA FUERTE,10,773.1700,9.0000,46.9000,14.3200,"Filtros estándar (Score ≥6.5, DD ≥10%)"
RCL,Royal Caribbean Group,Consumer Discretionary,"Hotels, Resorts & Cruise Lines",2014-12-05,265.5500,2026-09-04,11.5700,16.5000,DOWN,-3.8850,-3.7998,False,0.0929,7.6429,0.6630,2.8780,298.4500,286.0800,287.0900,-11.0200,-7.1800,True,0.5012,BAJISTA,-20.4900,334.0000,356.6900,230.9000,-25.5500,15.0100,1.4340,True,266.0100,1,287.3700,True,0.1700,HAMMER,7.8000,7.0000,7.5000,7.5000,8,10.0000,7.0000,False,5.7600,8.6300,1.5000,16.3698,13.0681,6.9289,3.7965,13.5560,0.4467,0.0768,0.2354,0.5028,0.0650,-0.0460,224.8160,0.2090,-1516249984.0000,4398000128.0000,-0.3448,70925615104.0000,1.7500,4.9400,2.2600,267452084.0000,3.2900,2.5000,4.1700,3.1900,-0.0214,FCF/NI:-0.34|D/E:225,2,5.0900,False,3-7d,XLY,,AMZN|TSLA|HD,consumer_spending|employment_data|interest_rates,53,2026-10-27,False,2026-07-28,4.2100,3.9800,5.7000,ALCISTA FUERTE,10,773.1700,9.0000,46.9000,14.3200,"Filtros estándar (Score ≥6.5, DD ≥10%)"
MLM,Martin Marietta Materials,Materials,Construction Materials,2014-07-02,508.9400,2026-09-04,33.1200,38.0900,DOWN,-1.3339,-0.2630,False,0.0690,12.9965,0.7620,2.5540,554.0100,599.5300,529.8300,-8.1300,-15.1100,False,-1.3311,BAJISTA,-20.6200,641.1400,707.9400,502.5600,-28.1100,1.2700,1.0930,False,,0,590.3600,False,,NONE,5.9000,5.0000,6.5000,5.0000,4,10.0000,5.0000,False,5.1100,7.6600,1.5000,33.4919,23.9131,2.6773,5.4663,17.3120,0.0889,0.0457,0.3674,0.2823,0.2100,-0.2320,54.9450,1.4070,593374976.0000,930000000.0000,0.6380,36558651392.0000,1.1010,4.0500,0.6600,71019382.0000,4.5300,5.0000,4.6400,3.8400,0.0162,FCF/NI:0.64,1,5.0800,False,3-7d,XLB,,LIN|APD|ECL,commodity_prices|dxy|china_demand|energy_costs,60,2026-11-03,False,2026-07-30,5.0000,4.6400,7.6000,ALCISTA FUERTE,10,773.1700,9.0000,46.9000,14.3200,"Filtros estándar (Score ≥6.5, DD ≥10%)"
GM,General Motors,Consumer Discretionary,Automobile Manufacturers,2013-06-06,87.2200,2026-09-04,51.6100,45.3900,UP,-0.2505,-0.3032,True,0.6599,2.0871,0.8470,2.3930,83.1300,79.5700,85.9700,4.9200,9.6100,True,2.3272,ALCISTA,-5.0400,91.8500,91.8500,53.9800,-5.0400,61.5900,1.0210,True,74.5500,3,85.4800,False,-14.5300,NONE,7.0500,10.0000,7.0000,7.5000,6,5.0000,5.0000,False,4.7900,7.1800,1.5000,39.1786,5.9105,1.2414,0.4278,11.0690,0.0316,0.0225,0.0105,0.1018,0.0190,-0.2620,202.3410,1.1360,21933750272.0000,1856999936.0000,11.8114,79374663680.0000,1.3210,3.2500,0.8300,904451541.0000,3.7600,0.3800,3.9900,7.4400,0.2763,D/E:202,1,5.0800,False,10-18d,XLY,,AMZN|TSLA|HD,consumer_spending|employment_data|interest_rates,46,2026-10-20,False,2026-07-21,3.5700,3.1900,12.0000,ALCISTA FUERTE,10,773.1700,9.0000,46.9000,14.3200,"Filtros estándar (Score ≥6.5, DD ≥10%)"
TRMB,Trimble Inc.,Information Technology,Application Software,2021-01-21,60.1000,2026-09-04,58.9300,56.9300,UP,-0.1506,0.0554,False,0.6795,1.7050,0.8690,2.8370,55.8800,64.8900,58.9200,7.5600,-7.3800,False,-3.0761,BAJISTA,-3.0600,62.0000,84.4200,47.9200,-28.8100,25.4200,0.5820,False,52.8000,1,60.0600,False,-12.1500,HAMMER|DOJI,5.7000,6.5000,6.0000,5.0000,5,5.0000,7.0000,False,5.6700,8.5100,1.5000,,14.4226,2.4443,3.6658,17.3380,-0.0194,0.0480,-0.0277,0.7177,0.1100,,28.5530,0.9540,686174976.0000,-104700000.0000,-6.5537,13867205632.0000,1.3620,3.8200,,233179848.0000,4.6700,3.6000,3.2600,7.5600,0.0495,FCF/NI:-6.55|ROE:-1.9%,2,5.0800,False,3-7d,XLK,,AAPL|MSFT|NVDA,interest_rates|ai_capex_cycle|semiconductor_cycle,61,2026-11-04,False,2026-08-12,0.8600,0.8000,7.2000,ALCISTA FUERTE,10,773.1700,9.0000,46.9000,14.3200,"Filtros estándar (Score ≥6.5, DD ≥10%)"
MSI,Motorola Solutions,Information Technology,Communications Equipment,1957-03-04,472.2300,2026-09-04,53.5300,62.7800,DOWN,-2.0684,-0.0377,False,0.4125,10.2307,0.9430,2.1660,443.2000,420.7400,472.5100,6.5500,12.2400,True,1.5738,ALCISTA,-4.5700,494.8500,494.8500,357.3400,-4.5700,32.1500,1.0400,True,401.0000,2,493.5700,False,-15.0800,NONE,6.3500,10.0000,5.0000,7.5000,4,5.0000,5.0000,False,4.3300,6.5000,1.5000,36.8543,24.5013,28.9904,6.3299,23.1710,0.9157,0.1125,0.1744,0.5211,0.1330,0.0950,357.8500,1.0990,1979000064.0000,2134000000.0000,0.9274,77459365888.0000,0.8810,3.4000,1.0200,165493788.0000,4.2400,1.6000,6.8200,4.2900,0.0255,D/E:358,1,5.0800,False,10-18d,XLK,,AAPL|MSFT|NVDA,interest_rates|ai_capex_cycle|semiconductor_cycle,62,2026-11-05,False,2026-08-05,4.4100,3.8500,14.4000,ALCISTA FUERTE,10,773.1700,9.0000,46.9000,14.3200,"Filtros estándar (Score ≥6.5, DD ≥10%)"
EQT,EQT Corporation,Energy,Oil & Gas Exploration & Production,2022-10-03,55.6100,2026-09-04,60.1700,72.3200,DOWN,0.1308,0.0368,True,0.8849,1.4207,1.0660,2.5550,52.5100,55.8700,54.1700,5.9100,-0.4600,False,-0.2181,BAJISTA,-1.6100,56.5200,67.8400,47.7900,-18.0200,16.3600,1.0080,True,52.5700,1,55.4400,False,-5.4700,NONE,6.0000,6.5000,6.0000,7.5000,5,5.0000,5.0000,False,5.1100,7.6600,1.5000,12.8005,14.0252,1.3662,3.7132,6.2800,0.1108,0.0663,0.2918,0.8075,-0.0390,-0.7400,19.5950,0.6730,2460903936.0000,2711614976.0000,0.9075,34509717504.0000,0.5760,2.8000,1.1900,625516000.0000,4.4500,0.0000,5.9700,7.8700,0.0713,OK,0,5.0700,False,3-7d,XLE,,XOM|CVX|COP,oil_price|gas_price|opec_supply|inventories,46,2026-10-20,False,2026-07-21,0.3900,0.4000,-3.3000,ALCISTA FUERTE,10,773.1700,9.0000,46.9000,14.3200,"Filtros estándar (Score ≥6.5, DD ≥10%)"
CRWD,CrowdStrike,Information Technology,Systems Software,2024-06-24,214.9700,2026-09-04,49.2900,56.5200,DOWN,0.2685,1.2699,False,0.5752,13.9260,1.4000,6.4780,199.9400,142.0900,207.9100,7.5100,51.3000,True,5.7392,ALCISTA,-8.0900,233.8800,233.8800,85.6800,-8.0900,150.9000,1.1810,False,181.1200,2,217.5000,False,-15.7500,NONE,5.8500,10.0000,5.0000,5.0000,4,5.0000,5.0000,False,12.9600,19.4300,1.5000,5327.5005,132.8885,42.7654,40.4364,2020.9380,0.0146,-0.0078,0.0083,0.7519,0.2580,,15.9580,1.5700,1995385472.0000,44995000.0000,44.3468,218200522752.0000,1.2340,3.0200,,1023934842.0000,4.5100,5.7600,5.6300,1.7500,0.0091,OK,0,5.0500,False,10-18d,XLK,,AAPL|MSFT|NVDA,interest_rates|ai_capex_cycle|semiconductor_cycle,88,2026-12-01,False,2026-08-26,0.3100,0.2900,6.4000,ALCISTA FUERTE,10,773.1700,9.0000,46.9000,14.3200,"Filtros estándar (Score ≥6.5, DD ≥10%)"
KMB,Kimberly-Clark,Consumer Staples,Household Products,1957-03-04,107.9500,2026-09-04,42.6200,51.0200,DOWN,-0.2602,-0.1671,False,0.2393,2.1636,0.7660,2.0040,109.7900,101.7600,109.1700,-1.6700,6.0900,True,0.2184,NEUTRO,-7.5900,116.8200,126.6300,91.1700,-14.7500,18.4100,1.1050,True,106.0900,3,112.0900,True,-1.7200,NONE,7.3200,8.5000,5.0000,7.5000,9,8.5000,5.0000,False,4.0100,6.0100,1.5000,20.7431,13.9890,19.9468,2.1051,11.9530,1.0491,0.1019,0.1179,0.3761,0.0060,-0.3230,348.9330,0.9090,941124992.0000,1684999936.0000,0.5585,34907496448.0000,0.2730,12.8900,4.7400,332579038.0000,3.5100,0.0000,6.1300,4.5400,0.0270,FCF/NI:0.56|D/E:349,2,5.0300,False,7-15d,XLP,,PG|KO|PEP,inflation|input_costs|fx_rates,60,2026-11-03,False,2026-08-04,2.1200,2.0100,5.7000,ALCISTA FUERTE,10,773.1700,9.0000,46.9000,14.3200,"Filtros estándar (Score ≥6.5, DD ≥10%)"
ERIE,Erie Indemnity,Financials,Insurance Brokers,2024-09-23,258.3700,2026-09-04,51.9300,55.5900,DOWN,-1.2134,-0.9701,False,0.5113,8.8200,0.9260,3.4140,245.8400,252.3200,255.7700,5.1000,2.4000,False,-1.4715,ALCISTA,-4.8300,271.4700,334.6200,203.4700,-22.7900,26.9800,0.6270,False,248.8400,2,261.7300,True,-3.6900,HAMMER,6.1000,8.0000,5.0000,5.0000,7,5.0000,7.0000,False,6.8300,10.2400,1.5000,22.9193,18.0443,5.3581,3.2089,15.8910,0.2481,0.1415,0.1401,0.1790,0.0280,0.0320,2.5600,1.2460,481207744.0000,577001024.0000,0.8340,13218878464.0000,0.3050,8.8700,2.2700,46189068.0000,4.3100,0.2900,7.8600,4.8800,0.0364,OK,0,5.0300,False,10-18d,XLF,,JPM|BAC|WFC,interest_rates|yield_curve|credit_spreads|loan_growth,55,2026-10-29,False,2026-07-30,3.4500,3.3500,2.9000,ALCISTA FUERTE,10,773.1700,9.0000,46.9000,14.3200,"Filtros estándar (Score ≥6.5, DD ≥10%)"
TSLA,"Tesla, Inc.",Consumer Discretionary,Automobile Manufacturers,2020-12-21,376.3700,2026-09-04,63.1800,63.6200,DOWN,4.0671,4.2622,False,1.0583,14.1171,0.8800,3.7510,358.3700,399.8300,351.5900,5.0200,-5.8700,False,-2.3345,BAJISTA,-13.0500,432.8600,498.8300,297.3800,-24.5500,26.5600,1.7340,False,380.1500,1,409.2800,True,1.0000,NONE,6.1500,6.5000,5.0000,7.0000,8,5.0000,5.0000,False,7.5000,11.2500,1.5000,324.8440,164.0337,16.0982,13.4961,135.7220,0.0467,0.0193,0.0367,0.1885,0.2550,-0.0300,18.3730,1.9410,4835999744.0000,3806000128.0000,1.2706,1398455795712.0000,1.8450,1.8200,,3949547394.0000,4.2600,5.0000,5.8500,1.5500,0.0035,OK,0,5.0200,False,3-7d,XLY,,AMZN|HD|MCD,consumer_spending|employment_data|interest_rates,47,2026-10-21,False,2026-07-22,0.3300,0.5400,-39.1000,ALCISTA FUERTE,10,773.1700,9.0000,46.9000,14.3200,"Filtros estándar (Score ≥6.5, DD ≥10%)"
JKHY,Jack Henry & Associates,Financials,Transaction & Payment Processing Services,2018-11-13,168.3700,2026-09-04,71.1000,66.7300,UP,-0.1130,0.6725,False,0.6849,5.1421,1.0650,3.0540,154.4100,159.1800,163.8400,9.0400,5.7800,False,0.4266,ALCISTA,-3.7800,174.9900,191.8300,121.0400,-12.2300,39.1000,0.6480,True,151.6000,1,174.9900,False,-9.9600,HAMMER|DOJI,6.4500,8.5000,6.0000,7.5000,4,5.0000,7.0000,False,6.1100,9.1600,1.5000,23.7647,21.1491,5.6563,4.5644,16.9050,0.2404,0.1299,0.1976,0.4390,0.0470,-0.1040,3.7930,1.1670,352223744.0000,502776000.0000,0.7006,11613452288.0000,0.5640,4.7400,1.4500,70112608.0000,4.0400,0.8200,7.0100,4.3500,0.0303,FCF/NI:0.70,1,5.0000,False,10-18d,XLF,,JPM|BAC|WFC,interest_rates|yield_curve|credit_spreads|loan_growth,60,2026-11-03,False,2026-08-18,1.5300,1.4400,6.4000,ALCISTA FUERTE,10,773.1700,9.0000,46.9000,14.3200,"Filtros estándar (Score ≥6.5, DD ≥10%)"
ES,Eversource Energy,Utilities,Electric Utilities,2009-07-24,71.4700,2026-09-04,44.4200,41.3700,UP,-0.0198,-0.1279,True,0.5328,1.1936,0.8130,1.6700,72.8000,69.3500,71.4300,-1.8200,3.0600,True,0.0365,NEUTRO,-6.6600,76.5700,76.5700,59.7200,-6.6600,19.6800,0.8480,True,72.8600,2,70.7700,True,1.9400,HAMMER|DOJI|HAMMER|DOJI,7.1000,8.5000,7.0000,7.5000,7,5.0000,7.0000,False,3.3400,5.0100,1.5000,18.4545,14.4514,1.6375,1.9118,11.1630,0.0902,0.0330,0.1035,0.5275,0.0230,-0.8540,180.7000,0.8000,811961344.0000,1449377024.0000,0.5602,26762741760.0000,0.7020,4.5200,,376674754.0000,3.6000,1.0700,4.6700,5.3100,0.0303,FCF/NI:0.56|D/E:181,2,5.0000,False,7-15d,XLU,,NEE|DUK|SO,interest_rates|regulatory_environment,61,2026-11-04,False,2026-07-30,0.8700,0.8700,-33.0000,ALCISTA FUERTE,10,773.1700,9.0000,46.9000,14.3200,"Filtros estándar (Score ≥6.5, DD ≥10%)"
ORCL,Oracle Corporation,Information Technology,Application Software,1989-08-31,154.0400,2026-09-04,53.4000,54.5200,DOWN,0.3636,0.6768,False,0.8659,6.1707,0.7130,4.0060,139.6100,168.2100,146.0700,10.3300,-8.4300,False,-5.9431,BAJISTA,-27.2500,211.7400,341.8200,114.5000,-54.9400,34.5300,1.1140,True,135.8400,3,159.5200,False,-11.8100,NONE,6.2500,6.5000,5.0000,7.5000,6,7.0000,5.0000,False,8.0100,12.0200,1.5000,27.2818,14.4771,12.1764,6.7901,19.1760,0.5338,0.0650,0.2537,0.6582,0.2060,0.2190,388.8700,1.1150,-24536750080.0000,16984000512.0000,-1.4447,457361195008.0000,1.7180,1.3700,1.3000,2880471000.0000,4.1600,3.5400,5.5700,3.2600,-0.0536,FCF/NI:-1.44|D/E:389,2,5.0000,False,3-7d,XLK,,AAPL|MSFT|NVDA,interest_rates|ai_capex_cycle|semiconductor_cycle,6,2026-09-10,True,2026-06-10,2.1100,1.9600,7.5000,ALCISTA FUERTE,10,773.1700,9.0000,46.9000,14.3200,"Filtros estándar (Score ≥6.5, DD ≥10%)"
SYF,Synchrony Financial,Financials,Consumer Finance,2015-11-18,79.8500,2026-09-04,46.4100,55.2800,DOWN,-0.3064,-0.4018,True,0.6269,2.1836,1.0140,2.7350,76.6200,74.5100,78.5100,4.2200,7.1700,True,0.8600,ALCISTA,-2.5300,81.9200,87.6700,62.5500,-8.9200,27.6500,0.6590,True,70.3500,1,79.5900,False,-11.9000,HAMMER,6.7500,10.0000,6.0000,7.5000,4,5.0000,7.0000,False,5.4700,8.2000,1.5000,8.1969,7.6041,1.7109,2.6245,,0.2079,0.0290,0.3551,0.0000,0.0060,0.0360,,,,3435000064.0000,,26003638272.0000,1.3080,5.2500,1.7000,325370840.0000,3.8200,0.0500,5.4500,6.3000,,OK,0,4.9900,False,10-18d,XLF,,JPM|BAC|WFC,interest_rates|yield_curve|credit_spreads|loan_growth,40,2026-10-14,False,2026-07-21,2.5900,2.1300,21.9000,ALCISTA FUERTE,10,773.1700,9.0000,46.9000,14.3200,"Filtros estándar (Score ≥6.5, DD ≥10%)"
VRSK,Verisk Analytics,Industrials,Research & Consulting Services,2015-10-08,190.6000,2026-09-04,62.0300,49.1400,UP,0.6712,1.0292,False,0.6864,5.7757,0.8440,3.0300,190.3900,194.1000,189.4000,0.1100,-1.8000,False,-1.7096,BAJISTA,-15.6900,226.0800,271.3600,155.5200,-29.7600,22.5600,0.7590,True,190.3500,2,194.7900,True,-0.1300,NONE,6.4500,6.5000,6.0000,7.5000,8,5.0000,5.0000,False,6.0600,9.0900,1.5000,28.5831,21.3644,-20.8448,7.7110,19.0480,,0.1896,0.2824,0.7018,0.0440,-0.0340,,1.0050,1055550016.0000,885500032.0000,1.1920,24181686272.0000,0.6620,1.9700,1.0500,130156012.0000,3.9600,0.9200,5.6900,5.4800,0.0437,OK,0,4.9600,False,3-7d,XLI,,CAT|UNP|HON,pmi_manufacturing|supply_chain|capex_cycle,54,2026-10-28,False,2026-07-29,1.9800,1.9300,2.4000,ALCISTA FUERTE,10,773.1700,9.0000,46.9000,14.3200,"Filtros estándar (Score ≥6.5, DD ≥10%)"
TXT,Textron,Industrials,Aerospace & Defense,1978-12-31,79.3700,2026-09-04,16.3100,23.5400,DOWN,-0.4715,-0.4437,False,0.1357,1.7071,0.6950,2.1510,88.0700,90.0300,83.6900,-9.8800,-11.8400,False,0.4059,BAJISTA,-18.4400,97.3200,101.5300,78.0700,-21.8200,1.6700,1.2380,False,,0,93.6900,False,,NONE,6.2000,5.5000,7.5000,5.0000,4,10.0000,5.0000,False,4.3000,6.4500,1.5000,14.8908,10.8866,1.6880,0.8889,9.7770,0.1213,0.0455,0.0612,0.1763,0.0300,0.0520,52.2850,1.8610,452750016.0000,939000000.0000,0.4822,13599004672.0000,0.8980,4.2000,0.1000,171986917.0000,4.0800,1.1500,4.2000,7.3700,0.0333,FCF/NI:0.48,1,4.9300,False,3-7d,XLI,,CAT|UNP|HON,pmi_manufacturing|supply_chain|capex_cycle,48,2026-10-22,False,2026-07-28,1.6200,1.5500,4.8000,ALCISTA FUERTE,10,773.1700,9.0000,46.9000,14.3200,"Filtros estándar (Score ≥6.5, DD ≥10%)"
SRE,Sempra,Utilities,Multi-Utilities,2017-03-17,84.5700,2026-09-04,45.5000,52.6800,DOWN,0.1209,-0.0748,True,0.4352,2.3236,1.2540,2.7480,88.9600,90.2500,85.2400,-4.9400,-6.2900,False,-0.6237,BAJISTA,-11.9200,96.0200,100.3200,76.7500,-15.7000,10.1900,0.8000,False,83.1600,2,88.8100,True,-1.6700,HAMMER,5.8500,5.0000,6.0000,5.0000,8,5.0000,7.0000,False,5.5000,8.2400,1.5000,24.3594,15.1807,1.6809,4.0550,17.4560,0.0668,0.0196,0.1682,0.4399,-0.0010,0.7130,84.6630,1.6420,-27657750528.0000,2262000128.0000,-12.2271,54953787392.0000,0.5640,3.1900,3.1100,653900348.0000,4.3200,5.0000,4.8100,2.9400,-0.5033,FCF/NI:-12.23,1,4.9300,False,3-7d,XLU,,NEE|DUK|SO,interest_rates|regulatory_environment,61,2026-11-04,False,2026-08-06,1.1600,1.0600,9.7000,ALCISTA FUERTE,10,773.1700,9.0000,46.9000,14.3200,"Filtros estándar (Score ≥6.5, DD ≥10%)"
AXON,Axon Enterprise,Industrials,Aerospace & Defense,2023-05-04,538.1500,2026-09-04,36.9200,57.4300,DOWN,-13.9928,-6.7303,False,0.1161,30.0928,0.9020,5.5920,565.4100,505.7000,575.6000,-4.8200,6.4200,True,-1.4342,NEUTRO,-19.0800,665.0700,792.1600,339.0100,-32.0700,58.7400,1.0040,False,485.7500,1,651.6100,False,-9.7400,NONE,6.2000,8.0000,6.5000,5.0000,4,8.0000,5.0000,False,11.1800,16.7800,1.5000,213.0868,48.8353,11.4003,13.0135,271.8010,0.0622,0.0051,0.0619,0.5952,0.3530,-0.1820,50.3630,2.1490,222160000.0000,199298000.0000,1.1147,41891696640.0000,1.3990,3.8400,,81237415.0000,4.0900,5.0000,5.2000,1.7400,0.0053,OK,0,4.9300,False,7-15d,XLI,,CAT|UNP|HON,pmi_manufacturing|supply_chain|capex_cycle,60,2026-11-03,False,2026-08-05,1.8800,1.8400,2.0000,ALCISTA FUERTE,10,773.1700,9.0000,46.9000,14.3200,"Filtros estándar (Score ≥6.5, DD ≥10%)"
NOW,ServiceNow,Information Technology,Systems Software,2019-11-21,145.5900,2026-09-04,66.7000,64.8100,UP,1.0451,1.7156,False,0.9215,6.6929,1.0380,4.5970,115.9800,118.7100,131.2900,25.5200,22.6400,False,-3.9853,ALCISTA,-2.6800,149.6000,194.7300,81.2400,-25.2300,79.2100,0.9960,True,117.5900,1,,False,-19.2300,NONE,6.1500,8.0000,6.0000,7.5000,4,5.0000,5.0000,False,9.1900,13.7900,1.5000,88.2875,28.2209,11.6686,9.9133,53.2650,0.1424,0.0425,0.1134,0.7477,0.2400,-0.2190,67.5380,0.7010,5149374976.0000,1670000000.0000,3.0835,146043338752.0000,0.9720,1.2200,,1033862000.0000,4.0900,3.0000,4.7800,4.5700,0.0353,OK,0,4.9100,False,10-18d,XLK,,AAPL|MSFT|NVDA,interest_rates|ai_capex_cycle|semiconductor_cycle,54,2026-10-28,False,2026-07-22,0.9000,0.8600,5.0000,ALCISTA FUERTE,10,773.1700,9.0000,46.9000,14.3200,"Filtros estándar (Score ≥6.5, DD ≥10%)"
SBAC,SBA Communications,Real Estate,Telecom Tower REITs,2017-09-01,191.5200,2026-09-04,63.2000,58.6600,UP,0.7774,1.0736,False,0.9604,4.3603,0.7410,2.2770,182.0400,190.5000,185.5500,5.2100,0.5400,False,-0.3561,ALCISTA,-7.2200,206.4300,221.5800,160.3300,-13.5700,19.4500,1.0600,True,177.9300,1,192.6100,False,-7.0900,NONE,6.4500,8.0000,6.0000,7.5000,4,7.0000,5.0000,False,4.5500,6.8300,1.5000,20.4358,23.0842,-4.3408,7.0010,19.2440,,0.0841,0.3451,0.7420,0.0230,-0.1050,,0.1650,752056384.0000,990718016.0000,0.7591,20097331200.0000,0.9840,3.0200,2.6100,106088110.0000,3.8300,0.8000,5.4400,5.4700,0.0374,OK,0,4.8800,False,10-18d,XLRE,,PLD|AMT|EQIX,interest_rates|cap_rates|occupancy_trends,59,2026-11-02,False,2026-08-03,1.8700,1.8900,-1.2000,ALCISTA FUERTE,10,773.1700,9.0000,46.9000,14.3200,"Filtros estándar (Score ≥6.5, DD ≥10%)"
ETR,Entergy,Utilities,Electric Utilities,1957-03-04,107.7800,2026-09-04,49.7300,49.7900,DOWN,0.2805,0.1193,True,0.7458,2.0007,0.8800,1.8560,110.0200,104.3900,107.2200,-2.0400,3.2400,True,1.2511,NEUTRO,-7.2700,116.2400,117.7500,84.3000,-8.4600,27.8500,1.2940,True,108.0100,2,116.6400,True,0.2100,HAMMER|HAMMER,6.9000,8.5000,6.0000,7.5000,7,5.0000,7.0000,False,3.7100,5.5700,1.5000,27.4348,21.0250,2.7459,3.8014,14.6940,0.1025,0.0268,0.1333,0.4700,0.0590,-0.0190,186.7700,0.9120,-4400858112.0000,1797105024.0000,-2.4489,51251187712.0000,0.4810,7.9300,2.3800,477777482.0000,3.5400,3.5200,4.3800,2.6000,-0.0859,FCF/NI:-2.45|D/E:187,2,4.8800,False,7-15d,XLU,,NEE|DUK|SO,interest_rates|regulatory_environment,55,2026-10-29,False,2026-07-29,1.0300,1.0100,2.4000,ALCISTA FUERTE,10,773.1700,9.0000,46.9000,14.3200,"Filtros estándar (Score ≥6.5, DD ≥10%)"
CTVA,Corteva,Materials,Fertilizers & Agricultural Chemicals,2019-06-03,88.6200,2026-09-04,84.7000,75.7600,UP,1.2596,0.8893,True,0.9277,2.3888,1.1250,2.6960,83.0600,76.9200,83.1400,6.6900,15.2200,True,2.3472,ALCISTA,-2.4800,90.8700,90.8700,59.9700,-2.4800,47.7700,1.2190,False,83.5200,3,87.5000,False,-5.7500,NONE,6.5500,10.0000,7.0000,5.0000,6,5.0000,5.0000,False,5.3900,8.0900,1.5000,53.2485,21.3200,2.3293,3.2910,14.4750,0.0426,0.0455,0.0566,0.4954,-0.0120,-0.0990,19.1910,1.5160,2417250048.0000,1084999936.0000,2.2279,58619842560.0000,0.5770,3.2100,0.8100,667196000.0000,3.7500,0.0000,5.9800,5.5100,0.0412,OK,0,4.8700,False,10-18d,XLB,,LIN|APD|ECL,commodity_prices|dxy|china_demand|energy_costs,60,2026-11-03,False,2026-07-30,2.3000,2.2300,2.9000,ALCISTA FUERTE,10,773.1700,9.0000,46.9000,14.3200,"Filtros estándar (Score ≥6.5, DD ≥10%)"
TAP,Molson Coors Beverage Company,Consumer Staples,Brewers,1976-06-30,40.5700,2026-09-04,39.9500,40.2500,DOWN,-0.2238,-0.2149,False,0.2725,1.1475,0.9260,2.8280,40.6300,43.0500,41.0700,-0.1600,-5.7600,False,-0.4738,BAJISTA,-7.7700,43.9900,53.0000,37.6000,-23.4600,7.8900,1.0990,True,39.7800,5,42.7800,True,-1.9500,HAMMER|DOJI,6.9800,5.0000,6.5000,7.5000,10,6.5000,7.0000,False,5.6600,8.4900,1.5000,,8.2448,0.7480,0.6813,6.0260,-0.1947,0.0379,-0.2081,0.3701,-0.0330,-0.4230,76.0300,0.8790,935137472.0000,-2306299904.0000,-0.4055,7551384576.0000,0.4200,9.3900,4.7300,174117990.0000,3.4100,0.0000,2.8800,8.0000,0.1238,FCF/NI:-0.41|ROE:-19.5%,2,4.8400,False,3-7d,XLP,,PG|KO|PEP,inflation|input_costs|fx_rates,60,2026-11-03,False,2026-08-06,1.5800,1.5100,4.4000,ALCISTA FUERTE,10,773.1700,9.0000,46.9000,14.3200,"Filtros estándar (Score ≥6.5, DD ≥10%)"
GLW,Corning Inc.,Information Technology,Electronic Components,1995-02-27,146.0000,2026-09-04,31.2100,41.5400,DOWN,-0.2361,0.0483,False,0.2481,7.2012,0.5000,4.9320,166.4300,142.9500,151.8000,-12.2700,2.1300,True,5.0172,NEUTRO,-46.1800,271.2700,271.2700,68.7900,-46.1800,112.2400,0.9820,True,148.7000,2,157.6200,True,1.8500,HAMMER|DOJI,7.5300,8.5000,6.5000,7.5000,7,8.5000,7.0000,False,9.8600,14.8000,1.5000,70.7798,35.7136,11.1303,7.8350,32.6080,0.1681,0.0537,0.1120,0.3639,0.1660,0.1850,71.4480,1.8130,734499968.0000,1900000000.0000,0.3866,132912226304.0000,1.1510,1.2500,0.7700,861388331.0000,3.0500,2.7100,4.0100,2.3300,0.0055,FCF/NI:0.39,1,4.8400,False,7-15d,XLK,,AAPL|MSFT|NVDA,interest_rates|ai_capex_cycle|semiconductor_cycle,53,2026-10-27,False,2026-07-28,0.7800,0.7500,3.5000,ALCISTA FUERTE,10,773.1700,9.0000,46.9000,14.3200,"Filtros estándar (Score ≥6.5, DD ≥10%)"
RSG,Republic Services,Industrials,Environmental & Facilities Services,2008-12-05,225.1200,2026-09-04,68.9500,61.4800,UP,0.4960,0.4538,True,0.9198,3.6086,0.8100,1.6030,217.3000,214.0800,219.7800,3.6000,5.1600,True,0.4189,ALCISTA,-1.3600,228.2200,232.5000,195.8400,-3.1700,14.9500,0.9550,False,209.5600,1,223.7400,False,-6.9100,HAMMER|HAMMER,6.4500,10.0000,7.0000,5.0000,4,5.0000,7.0000,False,3.2100,4.8100,1.5000,31.5007,27.6417,5.6640,4.0375,15.8120,0.1815,0.0617,0.1294,0.4304,0.0460,0.0510,118.7980,0.6440,1942625024.0000,2185999872.0000,0.8887,68196696064.0000,0.3960,3.0000,,306212978.0000,3.7200,1.6400,4.8900,4.7700,0.0285,D/E:119,1,4.8100,False,10-18d,XLI,,CAT|UNP|HON,pmi_manufacturing|supply_chain|capex_cycle,55,2026-10-29,False,2026-08-06,1.8500,1.8200,1.7000,ALCISTA FUERTE,10,773.1700,9.0000,46.9000,14.3200,"Filtros estándar (Score ≥6.5, DD ≥10%)"
LII,Lennox International,Industrials,Building Products,2024-12-23,386.0800,2026-09-04,30.1400,24.9400,UP,1.4335,0.8812,True,0.2489,10.9593,0.5920,2.8390,476.4400,496.6700,408.0000,-18.9700,-22.2700,False,-1.7268,BAJISTA,-34.2600,587.2700,587.2700,371.6500,-34.2600,3.8800,1.6070,False,,0,540.8900,False,,NONE,6.4700,5.0000,8.5000,7.0000,4,8.5000,5.0000,False,5.6800,8.5200,1.5000,17.3492,14.9062,10.4041,2.5455,13.0810,0.7176,0.1599,0.1487,0.3333,0.0300,0.0010,156.0820,1.5690,277737504.0000,788499968.0000,0.3522,13496980480.0000,1.1840,2.9300,1.4100,34560675.0000,3.6900,0.4700,5.9600,4.8100,0.0206,FCF/NI:0.35|D/E:156,2,4.8000,False,3-7d,XLI,,CAT|UNP|HON,pmi_manufacturing|supply_chain|capex_cycle,54,2026-10-28,False,2026-07-29,7.7200,7.7000,28.0000,ALCISTA FUERTE,10,773.1700,9.0000,46.9000,14.3200,"Filtros estándar (Score ≥6.5, DD ≥10%)"
MOS,Mosaic Company (The),Materials,Fertilizers & Agricultural Chemicals,2011-09-26,25.4900,2026-09-04,75.6600,54.8600,UP,0.2439,0.1309,True,0.8958,1.1207,1.1330,4.3970,22.6500,24.2500,23.7600,12.5600,5.1000,False,-1.3635,ALCISTA,-3.1200,26.3100,35.9800,19.8000,-29.1600,28.7400,0.9140,True,23.9700,7,26.8800,False,-5.9700,NONE,6.6500,8.0000,7.0000,7.5000,6,5.0000,5.0000,False,8.7900,13.1900,1.5000,,16.0980,0.7168,0.6709,8.1800,-0.0507,0.0124,-0.0521,0.1124,-0.0600,,52.2490,1.3370,-746275008.0000,-638499968.0000,1.1688,8217602560.0000,0.8310,3.9300,3.4500,317895646.0000,3.5700,2.5000,4.2800,4.0000,-0.0908,ROE:-5.1%,1,4.8000,False,10-18d,XLB,,LIN|APD|ECL,commodity_prices|dxy|china_demand|energy_costs,60,2026-11-03,False,2026-08-04,0.1300,0.1400,-5.9000,ALCISTA FUERTE,10,773.1700,9.0000,46.9000,14.3200,"Filtros estándar (Score ≥6.5, DD ≥10%)"
F,Ford Motor Company,Consumer Discretionary,Automobile Manufacturers,1957-03-04,14.4100,2026-09-04,50.6000,51.7700,DOWN,0.0213,-0.0235,True,0.9406,0.3914,0.7980,2.7160,14.0100,13.2200,14.0600,2.8800,8.9800,True,1.1745,ALCISTA,-10.5800,16.1200,17.5900,10.8100,-18.0800,33.3500,1.0100,True,13.6000,1,14.5500,False,-5.6000,HAMMER,7.0500,10.0000,6.0000,7.5000,4,7.0000,7.0000,False,5.4300,8.1500,1.5000,,7.6330,1.6321,0.3101,25.9940,-0.1825,0.0035,-0.0394,0.0712,-0.0380,,456.7080,1.0890,-7940250112.0000,-7395999744.0000,1.0736,58298650624.0000,1.8350,0.0000,4.1600,3916743591.0000,3.2600,2.5000,3.4100,3.9800,-0.1362,D/E:457|ROE:-18.3%,2,4.7800,False,10-18d,XLY,,AMZN|TSLA|HD,consumer_spending|employment_data|interest_rates,48,2026-10-22,False,2026-07-28,0.4200,0.3500,21.3000,ALCISTA FUERTE,10,773.1700,9.0000,46.9000,14.3200,"Filtros estándar (Score ≥6.5, DD ≥10%)"
COIN,Coinbase,Financials,Financial Exchanges & Data,2025-05-19,192.7000,2026-09-04,67.2600,70.3000,DOWN,1.8025,3.3854,False,0.8550,12.9071,1.2810,6.6980,162.3000,193.1600,173.2500,18.7300,-0.2400,False,-7.4362,BAJISTA,-1.6100,195.8500,402.1600,139.1100,-52.0800,38.5200,1.3800,False,163.1300,1,216.0500,False,-15.3500,HAMMER|DOJI,5.9000,6.5000,5.0000,7.0000,5,5.0000,7.0000,False,13.4000,20.0900,1.5000,,67.4385,3.7237,8.0604,69.6460,-0.0785,0.0112,-0.1634,0.8581,-0.1730,,50.9820,2.4230,2668452864.0000,-987766016.0000,-2.7015,48714850304.0000,3.3880,2.9900,,222803032.0000,4.0400,2.5000,3.2100,6.7900,0.0548,FCF/NI:-2.70|RevG:-17.3%|ROE:-7.8%,3,4.7800,False,3-7d,XLF,,JPM|BAC|WFC,interest_rates|yield_curve|credit_spreads|loan_growth,55,2026-10-29,False,2026-07-30,-1.3600,-0.2300,-487.5000,ALCISTA FUERTE,10,773.1700,9.0000,46.9000,14.3200,"Filtros estándar (Score ≥6.5, DD ≥10%)"
WMT,Walmart,Consumer Staples,Consumer Staples Merchandise Retail,1982-08-31,108.4200,2026-09-04,37.2000,31.9400,UP,0.0167,-0.7585,True,0.4686,2.7498,1.0110,2.5360,110.8400,118.1200,107.9300,-2.1800,-8.2100,False,0.5409,BAJISTA,-11.6000,122.6500,134.8400,98.0500,-19.5900,10.5700,0.9170,False,107.2800,3,116.7200,True,-1.0500,HAMMER|DOJI,6.6000,5.5000,8.5000,5.0000,9,5.0000,7.0000,False,5.0700,7.6100,1.5000,38.8188,33.1603,9.0429,1.1587,21.1080,0.2231,0.0641,0.0300,0.2484,0.0590,-0.0910,71.6530,0.7670,7127625216.0000,22076000256.0000,0.3229,852628602880.0000,0.6050,2.9700,,7958079155.0000,3.5500,3.0800,4.8900,2.5300,0.0084,FCF/NI:0.32,1,4.7700,False,3-7d,XLP,,PG|KO|PEP,inflation|input_costs|fx_rates,76,2026-11-19,False,2026-08-20,0.8100,0.7400,9.3000,ALCISTA FUERTE,10,773.1700,9.0000,46.9000,14.3200,"Filtros estándar (Score ≥6.5, DD ≥10%)"
CCI,Crown Castle,Real Estate,Telecom Tower REITs,2012-03-14,77.2600,2026-09-04,56.7800,47.2100,UP,0.3205,0.3253,False,0.9856,1.7043,0.6740,2.2060,76.4800,83.6000,75.8600,1.0200,-7.5900,False,-1.7330,BAJISTA,-16.5400,92.5700,96.9700,69.7200,-20.3200,10.8100,1.1220,True,75.0800,1,80.3800,True,-2.8200,HAMMER,6.9500,6.5000,6.0000,7.5000,8,7.0000,7.0000,False,4.4100,6.6200,1.5000,30.9510,26.2626,-9.8788,7.9639,20.5330,,0.0473,0.2072,0.7373,-0.0490,-0.6750,,0.5220,1036249984.0000,1074000000.0000,0.9649,33137711104.0000,0.9690,2.3500,5.5000,437000000.0000,3.2900,0.0000,5.5500,4.5100,0.0313,OK,0,4.7500,False,3-7d,XLRE,,PLD|AMT|EQIX,interest_rates|cap_rates|occupancy_trends,47,2026-10-21,False,2026-07-22,0.6900,0.5100,36.1000,ALCISTA FUERTE,10,773.1700,9.0000,46.9000,14.3200,"Filtros estándar (Score ≥6.5, DD ≥10%)"
CARR,Carrier Global,Industrials,Building Products,2020-04-03,59.0800,2026-09-04,28.0800,13.8500,UP,-0.0271,-0.1794,True,0.3249,1.3979,0.6450,2.3660,64.9700,61.0100,60.4000,-9.0700,-3.1600,True,0.6300,BAJISTA,-22.7600,76.4800,76.4800,49.6700,-22.7600,18.9500,0.9480,True,59.4200,2,64.5300,True,0.5800,HAMMER,7.7500,7.0000,9.5000,7.5000,8,7.0000,7.0000,True,4.7300,7.1000,1.5000,42.6500,18.0479,3.7471,2.2264,19.4230,0.0897,0.0298,0.0552,0.2469,0.0390,-0.1180,91.9980,1.0200,861750016.0000,1174000000.0000,0.7340,49220448256.0000,1.3090,2.1700,1.6200,824325057.0000,2.7500,0.7600,3.7900,3.8500,0.0175,FCF/NI:0.73|D/E:92,2,4.7500,False,5-10d,XLI,,CAT|UNP|HON,pmi_manufacturing|supply_chain|capex_cycle,53,2026-10-27,False,2026-07-28,0.8600,0.8200,5.2000,ALCISTA FUERTE,10,773.1700,9.0000,46.9000,14.3200,"Filtros estándar (Score ≥6.5, DD ≥10%)"
MET,MetLife,Financials,Life & Health Insurance,2000-12-11,99.2300,2026-09-04,55.0700,42.7100,UP,-0.0538,-0.3400,True,1.0476,1.9229,1.0280,1.9380,93.7700,80.9200,96.0000,5.8200,22.6300,True,2.4961,ALCISTA,-1.6800,100.9300,100.9300,66.4100,-1.6800,49.4300,1.2870,True,93.8500,3,98.5800,False,-5.4200,NONE,7.0500,10.0000,7.0000,7.5000,6,5.0000,5.0000,False,3.8800,5.8100,1.5000,18.7011,8.9391,2.2688,0.7813,14.3330,0.1309,0.0045,0.0457,0.2395,0.1050,0.0580,179.9330,2.0270,-20953999360.0000,3440999936.0000,-6.0895,62035259392.0000,0.7590,2.9000,2.3900,635476927.0000,3.2200,2.8300,3.9400,2.8300,-0.3378,FCF/NI:-6.09|D/E:180,2,4.7500,False,10-18d,XLF,,JPM|BAC|WFC,interest_rates|yield_curve|credit_spreads|loan_growth,66,2026-11-09,False,2026-08-05,2.4300,2.2900,6.2000,ALCISTA FUERTE,10,773.1700,9.0000,46.9000,14.3200,"Filtros estándar (Score ≥6.5, DD ≥10%)"
APD,Air Products,Materials,Industrial Gases,1985-04-30,304.2200,2026-09-04,44.5000,52.4300,DOWN,-0.2321,0.1470,False,0.3789,6.3529,0.8640,2.0880,299.6100,279.9100,304.4700,1.5400,8.6800,True,2.0996,ALCISTA,-3.3800,314.8700,314.8700,224.6400,-3.3800,35.4300,0.7830,True,298.6200,2,305.7300,True,-1.8400,NONE,6.8000,10.0000,5.0000,7.5000,7,5.0000,5.0000,False,4.1800,6.2600,1.5000,,20.8704,4.8321,5.3236,18.8580,0.0002,0.0473,-0.0037,0.3206,0.0460,,110.0910,1.0850,-1497500032.0000,-47300000.0000,31.6596,67088470016.0000,0.7540,3.7600,2.3800,222685530.0000,3.3900,3.4200,3.8600,2.8100,-0.0223,D/E:110,1,4.7500,False,10-18d,XLB,,LIN|ECL|NEM,commodity_prices|dxy|china_demand|energy_costs,62,2026-11-05,False,2026-07-30,3.4700,3.3400,3.8000,ALCISTA FUERTE,10,773.1700,9.0000,46.9000,14.3200,"Filtros estándar (Score ≥6.5, DD ≥10%)"
CME,CME Group,Financials,Financial Exchanges & Data,2006-08-11,282.0500,2026-09-04,63.0200,70.2000,DOWN,0.1593,1.1779,False,0.7453,6.1400,0.8530,2.1770,257.3200,275.1100,274.8600,9.6100,2.5200,False,0.4199,ALCISTA,-2.7100,289.9000,319.8200,218.3100,-11.8100,29.2000,0.9220,True,279.1800,1,290.9700,True,-1.0200,HAMMER|DOJI,6.7000,8.5000,5.0000,7.5000,7,5.0000,7.0000,False,4.3500,6.5300,1.5000,23.8584,21.7827,3.8107,14.9686,21.5910,0.1580,0.0148,0.6344,1.0000,0.0080,0.0250,14.5870,1.0180,2909012480.0000,4264999936.0000,0.6821,101146050560.0000,0.2750,2.2700,1.8400,359576125.0000,3.4500,0.0000,6.1600,4.3100,0.0288,FCF/NI:0.68,1,4.7500,False,10-18d,XLF,,JPM|BAC|WFC,interest_rates|yield_curve|credit_spreads|loan_growth,47,2026-10-21,False,2026-07-22,2.9900,2.9100,2.8000,ALCISTA FUERTE,10,773.1700,9.0000,46.9000,14.3200,"Filtros estándar (Score ≥6.5, DD ≥10%)"
ECHO,EchoStar,Communication Services,Wireless Telecommunication Services,2026-03-23,89.7900,2026-09-04,43.3100,40.2900,UP,0.4510,0.1749,True,0.6473,2.5586,0.4580,2.8500,91.1300,107.5500,88.1000,-1.4700,-16.5200,False,1.4726,BAJISTA,-31.5700,131.2200,147.2500,63.3900,-39.0200,41.6500,1.3220,True,84.2600,1,91.8600,False,-6.1600,HAMMER|DOJI,6.7500,5.5000,7.0000,9.5000,4,7.0000,7.0000,False,5.7000,8.5500,1.5000,,5.7429,1.8426,1.7801,21.7230,-0.3343,0.0132,-0.3871,0.2954,-0.0400,,123.7570,5.2010,-18870501376.0000,-5672891904.0000,3.3264,26086068224.0000,1.0090,5.6600,,159142240.0000,3.3700,2.5000,4.4400,3.1300,-0.7234,D/E:124|ROE:-33.4%,2,4.7200,False,3-7d,XLC,,GOOGL|META|NFLX,ad_spending_cycle|streaming_competition|regulation,62,2026-11-05,False,2026-08-03,0.1400,2.6200,-94.8000,ALCISTA FUERTE,10,773.1700,9.0000,46.9000,14.3200,"Filtros estándar (Score ≥6.5, DD ≥10%)"
NSC,Norfolk Southern,Industrials,Rail Transportation,1957-03-04,327.8300,2026-09-04,43.7400,67.5500,DOWN,-2.6964,-0.2769,False,0.0886,7.0079,1.0530,2.1380,334.0300,306.5100,339.8700,-1.8600,6.9500,True,2.0460,NEUTRO,-8.2200,357.1900,357.1900,263.5800,-8.2200,24.3700,0.9460,False,307.6300,2,343.6300,False,-6.1600,NONE,6.0000,8.5000,5.0000,5.0000,4,8.0000,5.0000,False,4.2800,6.4100,1.5000,28.0630,23.0052,4.5529,5.9011,15.8420,0.1699,0.0595,0.2102,0.4516,0.1140,-0.0440,105.5190,0.8310,1382249984.0000,2632999936.0000,0.5250,73999474688.0000,1.2680,5.8200,1.6500,224608373.0000,3.8500,3.1800,4.1800,4.2400,0.0187,FCF/NI:0.52|D/E:106,2,4.7100,False,7-15d,XLI,,CAT|UNP|HON,pmi_manufacturing|supply_chain|capex_cycle,48,2026-10-22,False,2026-07-23,3.5200,3.3200,5.9000,ALCISTA FUERTE,10,773.1700,9.0000,46.9000,14.3200,"Filtros estándar (Score ≥6.5, DD ≥10%)"
DIS,Walt Disney Company (The),Communication Services,Movies & Entertainment,1976-06-30,107.1600,2026-09-04,50.7300,54.4300,DOWN,-0.3056,0.0119,False,0.5619,2.3714,1.0500,2.2130,101.0200,103.2900,106.0400,6.0800,3.7500,False,-0.3515,ALCISTA,-4.2100,111.8700,118.0700,91.4900,-9.2400,17.1300,0.7970,True,99.9900,3,106.3000,False,-6.6900,NONE,6.2500,8.0000,5.0000,7.5000,6,5.0000,5.0000,False,4.4300,6.6400,1.5000,21.7134,14.0888,1.6558,1.8393,11.1000,0.0801,0.0481,0.0870,0.3760,0.0680,-0.4830,39.4040,0.7090,4860375040.0000,8600000512.0000,0.5652,181837381632.0000,1.4090,1.7000,1.4000,1726686902.0000,3.6600,1.5200,4.7600,4.8700,0.0267,FCF/NI:0.57,1,4.7000,False,10-18d,XLC,,GOOGL|META|NFLX,ad_spending_cycle|streaming_competition|regulation,69,2026-11-12,False,2026-08-05,2.0600,1.8500,11.1000,ALCISTA FUERTE,10,773.1700,9.0000,46.9000,14.3200,"Filtros estándar (Score ≥6.5, DD ≥10%)"
WMB,Williams Companies,Energy,Oil & Gas Storage & Transportation,1975-03-31,74.0500,2026-09-04,46.2500,60.3400,DOWN,0.2698,0.2823,False,0.6252,2.2379,1.1490,3.0220,73.4400,69.4900,73.4700,0.8300,6.5600,True,2.2551,ALCISTA,-6.2700,79.0000,79.4900,54.3700,-6.8500,36.2100,0.9480,False,71.9000,4,75.7700,True,-2.9000,HAMMER|HAMMER|DOJI,6.8000,10.0000,5.0000,5.0000,9,5.0000,7.0000,False,6.0400,9.0700,1.5000,29.5418,28.5109,6.8938,7.3600,17.5430,0.2150,0.0503,0.2494,0.6364,0.0780,0.5120,200.3710,0.4770,-1516749952.0000,3070000128.0000,-0.4941,90697867264.0000,0.6180,3.7500,2.8400,1223167472.0000,3.3000,3.1500,4.3800,2.2200,-0.0167,FCF/NI:-0.49|D/E:200,2,4.7000,False,10-18d,XLE,,XOM|CVX|COP,oil_price|gas_price|opec_supply|inventories,59,2026-11-02,False,2026-08-03,0.5000,0.5000,25.0000,ALCISTA FUERTE,10,773.1700,9.0000,46.9000,14.3200,"Filtros estándar (Score ≥6.5, DD ≥10%)"
WBD,Warner Bros. Discovery,Communication Services,Broadcasting,2022-04-11,28.3700,2026-09-04,57.4200,83.6500,DOWN,-0.0539,0.0534,False,0.5763,0.3329,0.6640,1.1730,27.0700,27.2700,28.0800,4.7900,4.0500,False,2.4092,ALCISTA,-2.1400,28.9900,30.0000,11.5400,-5.4300,145.8400,0.7820,True,27.2900,12,28.9900,True,-3.8000,HAMMER|DOJI,7.3000,8.5000,5.0000,7.5000,9,7.0000,7.0000,False,2.3500,3.5200,1.5000,,403.5714,2.1576,1.9611,12.9600,-0.0879,0.0171,-0.0877,0.4781,-0.1120,-0.9060,94.1990,0.7770,16167374848.0000,-3166000128.0000,-5.1066,70826614784.0000,1.5710,2.3500,,2507136702.0000,2.9700,0.0000,2.4500,7.0400,0.2283,FCF/NI:-5.11|D/E:94|RevG:-11.2%|ROE:-8.8%,4,4.7000,False,10-18d,XLC,,GOOGL|META|NFLX,ad_spending_cycle|streaming_competition|regulation,62,2026-11-05,False,2026-08-06,0.0600,-0.1100,153.9000,ALCISTA FUERTE,10,773.1700,9.0000,46.9000,14.3200,"Filtros estándar (Score ≥6.5, DD ≥10%)"
TTWO,Take-Two Interactive,Communication Services,Interactive Home Entertainment,2018-03-19,214.1300,2026-09-04,14.6600,35.5000,DOWN,-2.8690,-1.9376,False,0.0234,8.6857,1.0590,4.0560,240.1500,227.9800,231.3300,-10.8300,-6.0800,True,-0.5914,BAJISTA,-19.4800,265.9400,265.9400,187.6300,-19.4800,14.1200,0.9940,False,206.2200,2,221.2200,True,-3.6900,HAMMER|DOJI|HAMMER|DOJI,6.9000,6.5000,7.5000,5.0000,8,8.0000,7.0000,False,8.1100,12.1700,1.5000,,20.8416,11.3371,6.0036,53.6940,-0.0904,-0.0062,-0.0479,0.5713,0.0200,,81.6070,1.0620,1256137472.0000,-320400000.0000,-3.9205,40142831616.0000,0.9660,3.2000,,186980443.0000,3.2400,2.5900,2.6300,4.7200,0.0313,FCF/NI:-3.92|D/E:82|ROE:-9.0%,3,4.7000,False,3-7d,XLC,,GOOGL|META|NFLX,ad_spending_cycle|streaming_competition|regulation,66,2026-11-09,False,2026-08-07,-0.1800,-0.2100,13.9000,ALCISTA FUERTE,10,773.1700,9.0000,46.9000,14.3200,"Filtros estándar (Score ≥6.5, DD ≥10%)"
FDXF,FedEx Freight,Industrials,Cargo Ground Transportation,2026-06-01,127.1900,2026-09-04,18.0100,37.8400,DOWN,-0.6697,-0.4089,False,0.1704,5.4314,0.6420,4.2700,143.9700,,135.4100,-11.6500,,False,,NEUTRO,-32.4600,188.3300,200.0000,123.2400,-36.4000,3.2100,1.4230,True,,0,152.6700,False,,NONE,6.7700,5.0000,7.5000,9.5000,4,8.5000,5.0000,False,8.5400,12.8100,1.5000,29.5548,25.6146,-38.9440,2.2007,25.4110,0.6909,0.0567,0.0745,0.2928,0.0480,-0.6110,,1.5170,-511124992.0000,655000000.0000,-0.7803,19355121664.0000,,3.2700,,149518133.0000,3.3100,1.0500,6.3500,2.4100,-0.0264,FCF/NI:-0.78,1,4.6900,False,7-15d,XLI,,CAT|UNP|HON,pmi_manufacturing|supply_chain|capex_cycle,54,2026-09-08,False,,,,,ALCISTA FUERTE,10,773.1700,9.0000,46.9000,14.3200,"Filtros estándar (Score ≥6.5, DD ≥10%)"
VRSN,Verisign,Information Technology,Internet Services & Infrastructure,2006-02-01,293.3500,2026-09-04,59.3700,50.8600,UP,0.2389,0.4217,False,0.7372,7.6722,0.8970,2.6150,277.5800,260.1200,287.1200,5.6800,12.7700,True,1.6591,ALCISTA,-2.9000,302.1100,311.5700,206.9300,-5.8500,41.7700,0.8150,True,270.8200,1,302.1100,False,-7.6800,NONE,6.5500,10.0000,6.0000,7.5000,4,5.0000,5.0000,False,5.2300,7.8500,1.5000,31.7134,26.5727,-11.7137,15.4599,23.4370,,0.4512,0.4977,0.8847,0.0600,0.0770,,0.5910,832837504.0000,850000000.0000,0.9798,26404030464.0000,0.6990,1.7300,1.1000,90400000.0000,3.4400,0.4100,5.5700,4.5000,0.0315,OK,0,4.6800,False,10-18d,XLK,,AAPL|MSFT|NVDA,interest_rates|ai_capex_cycle|semiconductor_cycle,48,2026-10-22,False,2026-07-23,2.3800,2.3500,1.1000,ALCISTA FUERTE,10,773.1700,9.0000,46.9000,14.3200,"Filtros estándar (Score ≥6.5, DD ≥10%)"
VMC,Vulcan Materials Company,Materials,Construction Materials,1999-06-30,260.2300,2026-09-04,29.0000,38.7200,DOWN,-1.3307,-0.3069,False,0.0156,7.2329,0.8400,2.7790,283.0700,287.4000,272.7600,-8.0700,-9.4500,False,-0.4902,BAJISTA,-18.8200,320.5600,329.2000,251.3800,-20.9500,3.5200,1.1680,False,251.4500,1,282.8600,True,-3.3700,NONE,6.2500,5.0000,7.5000,5.0000,7,8.0000,5.0000,False,5.5600,8.3400,1.5000,30.9705,24.3687,4.0148,4.1932,16.4470,0.1323,0.0604,0.1375,0.2751,0.0250,0.0270,58.2200,1.7570,843600000.0000,1117100032.0000,0.7552,34031263744.0000,1.0540,6.3000,0.8000,129578739.0000,3.5800,0.5100,5.9100,4.4400,0.0248,OK,0,4.6500,False,3-7d,XLB,,LIN|APD|ECL,commodity_prices|dxy|china_demand|energy_costs,55,2026-10-29,False,2026-07-29,2.5900,2.4700,4.9000,ALCISTA FUERTE,10,773.1700,9.0000,46.9000,14.3200,"Filtros estándar (Score ≥6.5, DD ≥10%)"
HONA,Honeywell Aerospace,Industrials,Aerospace & Defense,2026-06-29,154.9600,2026-09-04,37.6000,41.8700,DOWN,0.6076,0.8580,False,0.1172,6.0593,0.4440,3.9100,192.9300,,166.4900,-19.6800,,False,,NEUTRO,-47.9100,297.5000,297.5000,150.0300,-47.9100,3.2900,0.9960,False,150.0300,1,176.2500,True,-3.1800,BULL_ENGULF,6.6000,5.0000,6.5000,5.0000,7,10.0000,7.5000,False,7.8200,11.7300,1.5000,48.9392,17.7396,-8.9579,2.8486,18.1690,,,0.1086,0.3453,0.0540,-0.7090,,1.5260,,1946000000.0000,,51032559616.0000,,1.4800,,316952725.0000,3.3300,1.2400,5.1000,3.7200,,OK,0,4.6400,False,7-15d,XLI,,CAT|UNP|HON,pmi_manufacturing|supply_chain|capex_cycle,61,2026-11-04,False,2026-08-05,1.8700,2.1200,-11.8000,ALCISTA FUERTE,10,773.1700,9.0000,46.9000,14.3200,"Filtros estándar (Score ≥6.5, DD ≥10%)"
LNT,Alliant Energy,Utilities,Electric Utilities,2016-07-01,68.0000,2026-09-04,27.3500,43.2900,DOWN,0.0272,-0.0163,True,0.2688,1.0750,0.7920,1.5810,71.9900,69.5500,69.0700,-5.5400,-2.2300,True,0.4320,BAJISTA,-13.0600,78.2200,78.2200,61.3700,-13.0600,10.8000,1.0120,True,67.5400,1,71.6400,True,-0.6800,HAMMER|DOJI|HAMMER|HAMMER|DOJI,7.7800,7.0000,8.5000,7.5000,8,8.5000,7.0000,True,3.1600,4.7400,1.5000,21.5095,18.4416,2.3407,3.9791,16.2520,0.1114,0.0245,0.1845,0.4450,0.0100,-0.0400,160.9510,0.4660,-1138625024.0000,817000000.0000,-1.3937,17623580672.0000,0.5320,8.6600,3.1500,259284699.0000,2.5100,0.1800,4.4900,2.9100,-0.0646,FCF/NI:-1.39|D/E:161,2,4.6200,False,5-10d,XLU,,NEE|DUK|SO,interest_rates|regulatory_environment,62,2026-11-05,False,2026-07-30,0.6500,0.5800,12.2000,ALCISTA FUERTE,10,773.1700,9.0000,46.9000,14.3200,"Filtros estándar (Score ≥6.5, DD ≥10%)"
CRL,Charles River Laboratories,Health Care,Life Sciences Tools & Services,2021-05-14,293.3500,2026-09-04,60.5100,74.3400,DOWN,-2.4330,-1.5737,False,0.6807,9.8371,1.0550,3.3530,253.1100,199.5200,282.2500,15.9000,47.0300,True,5.7375,ALCISTA,-3.2800,303.3100,303.3100,144.2600,-3.2800,103.3500,0.7270,True,218.3900,1,303.3100,False,-25.5500,HAMMER|DOJI,6.5500,10.0000,5.0000,7.5000,4,5.0000,7.0000,False,6.7100,10.0600,1.5000,,22.7416,4.8491,3.4750,19.8980,-0.0752,0.0411,-0.0596,0.3458,-0.0270,,105.0470,1.3480,468856000.0000,-238458000.0000,-1.9662,13896389632.0000,1.4050,2.5100,,48167730.0000,3.3000,2.5000,2.5400,5.1400,0.0337,FCF/NI:-1.97|D/E:105|ROE:-7.5%,3,4.6000,False,10-18d,XLV,,UNH|JNJ|LLY,fda_calendar|drug_pricing_policy|patent_cliffs,61,2026-11-04,False,2026-08-05,3.0200,2.7400,10.3000,ALCISTA FUERTE,10,773.1700,9.0000,46.9000,14.3200,"Filtros estándar (Score ≥6.5, DD ≥10%)"
CPT,Camden Property Trust,Real Estate,Multi-Family Residential REITs,2022-04-04,105.6000,2026-09-04,29.6200,30.6400,DOWN,-0.1691,-0.2355,True,0.1740,1.5207,0.7110,1.4400,111.3300,105.9500,107.8400,-5.1500,-0.3300,True,0.8471,BAJISTA,-11.8600,119.8100,119.8100,94.3000,-11.8600,11.9900,1.2600,True,101.6800,2,104.0100,True,-3.7100,HAMMER,7.7800,7.0000,8.5000,7.5000,8,8.5000,7.0000,True,2.8800,4.3200,1.5000,34.8812,96.9633,2.8506,7.7325,17.5990,0.0789,0.0187,0.2062,0.6162,-0.0080,-0.7570,125.6480,0.3520,139679632.0000,325515008.0000,0.4291,12231776256.0000,0.7820,4.5400,4.0200,115732578.0000,2.4200,0.0000,4.0900,3.3000,0.0114,FCF/NI:0.43|D/E:126,2,4.5600,False,5-10d,XLRE,,PLD|AMT|EQIX,interest_rates|cap_rates|occupancy_trends,62,2026-11-05,False,2026-07-30,0.1800,0.2700,-34.0000,ALCISTA FUERTE,10,773.1700,9.0000,46.9000,14.3200,"Filtros estándar (Score ≥6.5, DD ≥10%)"
KMI,Kinder Morgan,Energy,Oil & Gas Storage & Transportation,2012-05-25,31.6000,2026-09-04,39.6600,55.2800,DOWN,0.0229,0.0223,True,0.4312,0.8300,1.1730,2.6270,31.8400,30.5800,31.7600,-0.7500,3.3300,True,2.0335,NEUTRO,-4.4200,33.0600,34.4900,24.7400,-8.3700,27.7500,0.8190,True,31.2200,1,34.2900,True,-1.2100,HAMMER,7.2000,8.5000,7.5000,7.5000,7,5.0000,7.0000,False,5.2500,7.8800,1.5000,20.2581,20.4361,2.2086,3.8934,13.6150,0.1099,0.0445,0.1930,0.4941,0.1080,0.2120,98.6190,0.4580,1075000064.0000,3448999936.0000,0.3117,69921587200.0000,0.5510,4.6000,3.7300,2226802089.0000,2.8000,1.3600,3.4200,3.7500,0.0154,FCF/NI:0.31|D/E:99,2,4.5600,False,7-15d,XLE,,XOM|CVX|COP,oil_price|gas_price|opec_supply|inventories,54,2026-10-28,False,2026-07-22,0.3700,0.3100,18.3000,ALCISTA FUERTE,10,773.1700,9.0000,46.9000,14.3200,"Filtros estándar (Score ≥6.5, DD ≥10%)"
TRGP,Targa Resources,Energy,Oil & Gas Storage & Transportation,2022-10-12,293.5400,2026-09-04,63.1700,70.2100,DOWN,0.1636,0.6398,False,0.6527,8.9157,1.1460,3.0370,276.7900,235.6100,287.0200,6.0500,24.5900,True,5.7354,ALCISTA,-4.6800,307.9400,307.9400,141.1100,-4.6800,108.0300,0.6730,True,284.0000,1,289.6800,True,-3.2500,HAMMER|HAMMER|DOJI,7.0000,10.0000,5.0000,7.5000,7,5.0000,7.0000,False,6.0700,9.1100,1.5000,27.7560,24.0116,19.8569,3.7151,15.0120,0.7084,0.0924,0.1354,0.4319,0.0420,0.2330,515.7940,0.7710,65837500.0000,2255300096.0000,0.0292,62195716096.0000,0.7220,4.3600,1.7000,214431021.0000,2.9300,1.0900,5.4300,2.1500,0.0011,FCF/NI:0.03|D/E:516,2,4.5600,False,10-18d,XLE,,XOM|CVX|COP,oil_price|gas_price|opec_supply|inventories,62,2026-11-05,False,2026-08-06,3.2500,2.8400,14.2000,ALCISTA FUERTE,10,773.1700,9.0000,46.9000,14.3200,"Filtros estándar (Score ≥6.5, DD ≥10%)"
TYL,Tyler Technologies,Information Technology,Application Software,2020-06-22,379.2700,2026-09-04,77.2400,79.7800,DOWN,2.8532,3.9491,False,0.8541,13.4129,0.9830,3.5360,323.6000,358.0700,351.9600,17.2000,5.9200,False,-3.6893,ALCISTA,-3.6200,393.5300,566.5800,270.7100,-33.0600,40.1000,0.8420,False,314.0700,1,,False,-17.1900,NONE,5.4500,8.0000,5.0000,5.0000,4,5.0000,5.0000,False,7.0700,10.6100,1.5000,47.7730,23.7129,4.9058,6.1358,34.9320,0.0973,0.0418,0.1336,0.4721,0.0820,0.1550,47.9060,1.5540,594435648.0000,324616000.0000,1.8312,14907855872.0000,0.8350,4.4500,,40952274.0000,3.9300,1.2800,4.9600,5.8300,0.0399,OK,0,4.5400,False,10-18d,XLK,,AAPL|MSFT|NVDA,interest_rates|ai_capex_cycle|semiconductor_cycle,54,2026-10-28,False,2026-07-29,3.0800,3.0700,36.0000,ALCISTA FUERTE,10,773.1700,9.0000,46.9000,14.3200,"Filtros estándar (Score ≥6.5, DD ≥10%)"
RVTY,Revvity,Health Care,Health Care Equipment,1985-05-31,130.6300,2026-09-04,72.7300,77.4700,DOWN,0.5692,0.8651,False,0.8511,4.0707,1.0490,3.1160,116.0400,102.0600,123.4300,12.5700,27.9900,True,2.8620,ALCISTA,-1.7800,133.0000,133.0000,81.1400,-1.7800,61.0000,1.1840,False,113.6900,1,,False,-12.9700,BULL_ENGULF,6.1000,10.0000,5.0000,5.0000,4,5.0000,7.5000,False,6.2300,9.3500,1.5000,62.6058,22.0998,2.0101,4.9903,19.2900,0.0321,0.0237,0.0816,0.5498,0.0130,0.0120,46.2250,1.8000,604992128.0000,237366000.0000,2.5488,14530781184.0000,1.0890,4.3300,0.2100,111586401.0000,3.4700,0.0300,5.0800,5.5900,0.0416,OK,0,4.5200,False,10-18d,XLV,,UNH|JNJ|LLY,fda_calendar|drug_pricing_policy|patent_cliffs,52,2026-10-26,False,2026-08-04,1.4100,1.2200,15.9000,ALCISTA FUERTE,10,773.1700,9.0000,46.9000,14.3200,"Filtros estándar (Score ≥6.5, DD ≥10%)"
STT,State Street Corporation,Financials,Asset Management & Custody Banks,2003-03-14,193.9400,2026-09-04,53.2500,64.6500,DOWN,-0.2891,-0.0716,False,0.8062,4.2407,0.9490,2.1870,183.9000,147.5400,189.5100,5.4600,31.4500,True,5.3668,ALCISTA,-1.0200,195.9300,195.9300,102.7600,-1.0200,88.7400,1.1860,True,182.9600,1,194.5400,False,-5.6600,BULL_ENGULF,6.6000,10.0000,5.0000,7.5000,4,5.0000,7.5000,False,4.3700,6.5600,1.5000,17.1456,12.6943,2.2327,3.5521,,0.1244,0.0087,0.2301,0.0000,-0.0280,-0.2410,,,,3220999936.0000,,53363560448.0000,1.4180,0.0100,1.9000,274701765.0000,3.1000,0.0000,4.6400,4.9300,,OK,0,4.5000,False,10-18d,XLF,,JPM|BAC|WFC,interest_rates|yield_curve|credit_spreads|loan_growth,40,2026-10-14,False,2026-07-16,3.6500,3.3400,9.2000,ALCISTA FUERTE,10,773.1700,9.0000,46.9000,14.3200,"Filtros estándar (Score ≥6.5, DD ≥10%)"
NI,NiSource,Utilities,Multi-Utilities,2000-11-02,41.6600,2026-09-04,40.5000,31.7900,UP,0.1636,0.0259,True,0.5570,0.7529,0.8400,1.8070,44.1600,44.5600,41.8000,-5.6700,-6.5200,False,-0.1697,BAJISTA,-14.7800,48.8800,48.8800,37.4500,-14.7800,11.2500,0.8440,False,41.4100,1,43.2200,True,-0.6000,HAMMER|BULL_ENGULF,6.3000,5.0000,7.0000,5.0000,8,5.0000,9.5000,False,3.6100,5.4200,1.5000,22.0160,18.3698,2.0728,2.8844,13.1100,0.0855,0.0324,0.1315,0.5097,0.0460,-0.5840,146.6490,0.4980,-1772999936.0000,906000000.0000,-1.9570,19848992768.0000,0.5400,2.3000,2.8800,479560100.0000,3.2600,2.6400,4.1600,2.9400,-0.0893,FCF/NI:-1.96,1,4.4800,False,3-7d,XLU,,NEE|DUK|SO,interest_rates|regulatory_environment,54,2026-10-28,False,2026-08-05,0.1600,0.1600,1.5000,ALCISTA FUERTE,10,773.1700,9.0000,46.9000,14.3200,"Filtros estándar (Score ≥6.5, DD ≥10%)"
SLB,Schlumberger,Energy,Oil & Gas Equipment & Services,1957-03-04,57.4100,2026-09-04,64.0600,71.4600,DOWN,0.3587,0.4995,False,0.8347,1.9003,1.1740,3.3100,50.3400,48.4500,54.5100,14.0500,18.5000,True,4.0890,ALCISTA,-4.5500,60.1500,60.1500,30.8800,-4.5500,85.8800,0.7930,False,52.6900,5,56.6100,False,-8.2300,NONE,6.1500,10.0000,5.0000,5.0000,6,5.0000,5.0000,False,6.6200,9.9300,1.5000,28.0537,17.7947,3.2736,2.3471,12.8770,0.1291,0.0617,0.0853,0.1699,0.0500,-0.2970,47.0020,1.4390,2955124992.0000,3100999936.0000,0.9530,85353078784.0000,0.7740,4.5700,2.0600,1484143231.0000,3.3700,0.0000,5.5000,4.8200,0.0346,OK,0,4.4800,False,10-18d,XLE,,XOM|CVX|COP,oil_price|gas_price|opec_supply|inventories,49,2026-10-23,False,2026-07-24,0.5500,0.5200,6.3000,ALCISTA FUERTE,10,773.1700,9.0000,46.9000,14.3200,"Filtros estándar (Score ≥6.5, DD ≥10%)"
MRNA,Moderna,Health Care,Biotechnology,2021-07-21,148.8700,2026-09-04,68.1500,69.5300,DOWN,2.0377,4.4299,False,0.7005,22.0426,3.1060,14.8070,83.7800,54.2200,121.5000,77.6900,174.5700,True,19.3431,ALCISTA,-15.7300,176.6600,176.6600,22.2800,-15.7300,568.1800,0.4020,False,47.1400,1,176.6600,False,-68.3300,HAMMER|DOJI,6.0500,10.0000,5.0000,5.0000,4,5.0000,7.0000,False,29.6100,44.4200,1.5000,,-31.6925,8.5896,26.0811,-25.3230,-0.3900,-0.1326,-1.4143,-0.6602,0.0210,,19.0360,2.2950,299249984.0000,-3151000064.0000,-0.0950,58108788736.0000,1.1060,9.9200,,399235889.0000,3.3300,2.8600,4.3300,2.7100,0.0051,FCF/NI:-0.09|ROE:-39.0%,2,4.4200,False,10-18d,XLV,,UNH|JNJ|LLY,fda_calendar|drug_pricing_policy|patent_cliffs,62,2026-11-05,False,2026-07-31,-1.9700,-2.0600,4.3000,ALCISTA FUERTE,10,773.1700,9.0000,46.9000,14.3200,"Filtros estándar (Score ≥6.5, DD ≥10%)"
DE,Deere & Company,Industrials,Agricultural & Farm Machinery,1957-03-04,694.4100,2026-09-04,70.4100,50.5600,UP,7.9042,2.8911,True,1.0033,23.2921,1.2660,3.3540,617.4600,565.0500,640.0700,12.4600,22.8900,True,3.0058,ALCISTA,-1.6200,705.8800,705.8800,429.1400,-1.6200,61.8200,1.2540,False,585.1400,5,,False,-15.7400,NONE,6.5500,10.0000,7.0000,5.0000,6,5.0000,5.0000,False,6.7100,10.0600,1.5000,38.5509,30.5716,6.6807,3.9016,26.3810,0.1824,0.0376,0.1017,0.2518,-0.1110,-0.0850,376.0220,2.1320,4516250112.0000,4872999936.0000,0.9268,186993311744.0000,0.9110,5.0800,0.9300,269625412.0000,3.0000,0.0000,5.0300,4.1500,0.0242,D/E:376|RevG:-11.1%,2,4.4200,False,10-18d,XLI,,CAT|UNP|HON,pmi_manufacturing|supply_chain|capex_cycle,82,2026-11-25,False,2026-08-20,5.1000,4.7100,8.3000,ALCISTA FUERTE,10,773.1700,9.0000,46.9000,14.3200,"Filtros estándar (Score ≥6.5, DD ≥10%)"
XYZ,"Block, Inc.",Financials,Transaction & Payment Processing Services,2025-07-23,83.3700,2026-09-04,51.0000,66.2000,DOWN,-0.0760,0.0892,False,0.7582,3.0306,1.0510,3.6350,80.1600,68.6700,81.5800,4.0000,21.4100,True,1.2707,ALCISTA,-4.0800,86.9200,86.9200,48.2100,-4.0800,72.9300,0.7510,True,75.2400,3,84.0800,False,-9.7500,BULL_ENGULF,6.9000,10.0000,5.0000,7.5000,6,5.0000,7.5000,False,7.2700,10.9100,1.5000,147.7857,16.0540,2.2552,1.9855,32.6150,0.0161,0.0201,0.0143,0.4657,0.0930,-0.8330,32.5800,2.2090,-27105876.0000,357142016.0000,-0.0759,49721794560.0000,2.5220,2.6400,,540816000.0000,2.7000,2.1100,3.9600,1.9300,-0.0005,FCF/NI:-0.08,1,4.3800,False,10-18d,XLF,,JPM|BAC|WFC,interest_rates|yield_curve|credit_spreads|loan_growth,66,2026-11-09,False,2026-08-05,1.0200,0.8700,16.7000,ALCISTA FUERTE,10,773.1700,9.0000,46.9000,14.3200,"Filtros estándar (Score ≥6.5, DD ≥10%)"
CLX,Clorox,Consumer Staples,Household Products,1969-03-31,94.2900,2026-09-04,19.8000,49.0100,DOWN,-1.7643,-1.0982,False,-0.0182,2.9321,0.9800,3.1100,99.1500,101.1400,100.9400,-4.9000,-6.7800,False,-0.3464,BAJISTA,-13.8300,109.4200,125.8300,83.7200,-25.0600,12.6200,0.8120,False,91.6700,2,98.4800,True,-2.7700,HAMMER|DOJI,6.6000,5.0000,7.5000,5.0000,8,8.0000,7.0000,False,6.2200,9.3300,1.5000,19.3472,14.7988,125.0806,1.6747,14.9290,1.6376,0.0832,0.0873,0.4232,-0.0200,-0.5010,2221.4290,0.6580,110375000.0000,587000000.0000,0.1880,11253838848.0000,0.5440,4.4700,5.3000,120931005.0000,2.8400,0.0000,5.3700,3.1900,0.0098,FCF/NI:0.19|D/E:2221,2,4.3400,False,3-7d,XLP,,PG|KO|PEP,inflation|input_costs|fx_rates,60,2026-11-03,False,2026-08-03,1.6600,1.6500,86.0000,ALCISTA FUERTE,10,773.1700,9.0000,46.9000,14.3200,"Filtros estándar (Score ≥6.5, DD ≥10%)"
IFF,International Flavors & Fragrances,Materials,Specialty Chemicals,1976-03-31,86.4600,2026-09-04,57.8300,53.9900,UP,-0.0628,0.1359,False,0.6810,2.0393,0.8540,2.3590,81.2700,74.0400,84.9000,6.3900,16.7700,True,3.0579,ALCISTA,-3.2000,89.3200,89.3200,58.1300,-3.2000,48.7500,1.0930,True,74.2900,2,89.3200,False,-14.0800,HAMMER,6.7500,10.0000,6.0000,7.5000,4,5.0000,7.0000,False,4.7200,7.0800,1.5000,,21.8289,1.5774,2.0436,14.5490,-0.0555,0.0227,0.0257,0.3658,0.0180,-0.9160,44.8210,2.0610,-1720999936.0000,-791000000.0000,2.1757,22032199680.0000,0.9530,8.9000,1.8500,255149963.0000,2.6700,0.0600,4.6600,3.4000,-0.0781,ROE:-5.5%,1,4.3000,False,10-18d,XLB,,LIN|APD|ECL,commodity_prices|dxy|china_demand|energy_costs,60,2026-11-03,False,2026-08-04,0.8200,1.1200,-26.6000,ALCISTA FUERTE,10,773.1700,9.0000,46.9000,14.3200,"Filtros estándar (Score ≥6.5, DD ≥10%)"
GIS,General Mills,Consumer Staples,Packaged Foods & Meats,1957-03-04,39.2600,2026-09-04,50.3000,69.6600,DOWN,-0.0633,0.1863,False,0.4661,1.2014,1.0670,3.0600,37.6200,38.9300,39.4900,4.3600,0.8400,False,-1.4126,ALCISTA,-6.9700,42.2000,48.3200,31.2100,-18.7600,25.7900,1.5550,False,34.6100,8,38.5200,False,-11.8500,NONE,5.7500,8.0000,5.0000,5.0000,6,5.0000,5.0000,False,6.1200,9.1800,1.5000,,11.9288,3.6981,1.1111,6.9610,-0.0103,0.0574,-0.0047,0.3373,0.0220,-0.1450,217.6290,0.6820,2308499968.0000,-87600000.0000,-26.3527,20470962176.0000,-0.0250,4.9600,6.2100,534629472.0000,3.2000,0.8300,2.2800,7.0300,0.1128,FCF/NI:-26.35|D/E:218|ROE:-1.0%,3,4.2200,False,10-18d,XLP,,PG|KO|PEP,inflation|input_costs|fx_rates,19,2026-09-23,False,2026-07-01,0.9500,0.8000,19.2000,ALCISTA FUERTE,10,773.1700,9.0000,46.9000,14.3200,"Filtros estándar (Score ≥6.5, DD ≥10%)"
CMS,CMS Energy,Utilities,Multi-Utilities,1957-03-04,68.5900,2026-09-04,29.9400,35.5600,DOWN,0.0020,-0.0990,True,0.3296,1.0350,0.7190,1.5090,72.1700,72.5300,69.4300,-4.9700,-5.4400,False,-0.3221,BAJISTA,-12.3300,78.2400,79.1000,67.0600,-13.2900,2.2800,0.9390,True,68.5100,2,72.4400,True,-0.1100,NONE,6.9500,5.0000,8.5000,7.5000,8,7.0000,5.0000,True,3.0200,4.5300,1.5000,20.5586,16.4693,2.2481,2.4359,13.7230,0.0916,0.0297,0.1164,0.4032,-0.0050,-0.4390,185.6040,0.9360,-2198874880.0000,1016000000.0000,-2.1642,21467492352.0000,0.3310,0.0000,3.3200,313577136.0000,2.3700,0.0000,4.2100,2.9800,-0.1024,FCF/NI:-2.16|D/E:186,2,4.2000,False,5-10d,XLU,,NEE|DUK|SO,interest_rates|regulatory_environment,55,2026-10-29,False,2026-07-28,0.3700,0.3600,3.1000,ALCISTA FUERTE,10,773.1700,9.0000,46.9000,14.3200,"Filtros estándar (Score ≥6.5, DD ≥10%)"
VST,Vistra Corp.,Utilities,Electric Utilities,2024-05-08,144.2200,2026-09-04,43.7500,48.6800,DOWN,0.8483,-0.0329,True,0.6836,4.7606,0.7170,3.3010,150.0100,157.6000,142.2100,-3.8600,-8.4900,False,-2.8300,BAJISTA,-15.8300,171.3500,218.9100,132.4700,-34.1200,8.8700,1.0530,True,142.1400,1,156.9900,True,-1.4400,NONE,6.3000,5.0000,6.0000,7.5000,7,7.0000,5.0000,False,6.6000,9.9000,1.5000,25.1771,14.4034,16.6872,2.6083,10.6780,0.4296,0.0589,0.1155,0.3831,-0.0550,-0.0620,373.2800,0.9730,37125000.0000,2027000064.0000,0.0183,50110337024.0000,1.4140,2.0400,0.6400,335635195.0000,2.7300,0.0000,5.7600,2.3700,0.0007,FCF/NI:0.02|D/E:373,2,4.1600,False,3-7d,XLU,,NEE|DUK|SO,interest_rates|regulatory_environment,62,2026-11-05,False,2026-08-10,0.7600,1.6300,-53.4000,ALCISTA FUERTE,10,773.1700,9.0000,46.9000,14.3200,"Filtros estándar (Score ≥6.5, DD ≥10%)"
PEG,Public Service Enterprise Group,Utilities,Electric Utilities,1957-03-04,73.8100,2026-09-04,34.3600,36.5000,DOWN,0.0915,-0.0343,True,0.3670,1.0707,0.7450,1.4510,77.4400,79.2100,74.5100,-4.6900,-6.8100,False,-0.7515,BAJISTA,-11.8200,83.7000,86.1800,72.5300,-14.3600,1.7600,1.2410,False,74.2000,1,80.9400,True,0.5300,HAMMER,6.4500,5.0000,7.5000,5.0000,8,7.0000,7.0000,False,2.9000,4.3500,1.5000,18.3333,15.7734,2.1180,2.9286,13.7290,0.1183,0.0324,0.1604,0.3333,-0.0890,-0.4270,142.4090,0.8770,107750000.0000,2012000000.0000,0.0536,36733554688.0000,0.5190,3.3700,3.6300,498420030.0000,2.6300,0.0000,4.8200,3.1500,0.0029,FCF/NI:0.05,1,4.1600,False,3-7d,XLU,,NEE|DUK|SO,interest_rates|regulatory_environment,59,2026-11-02,False,2026-08-04,0.8600,0.8000,7.7000,ALCISTA FUERTE,10,773.1700,9.0000,46.9000,14.3200,"Filtros estándar (Score ≥6.5, DD ≥10%)"
TSCO,Tractor Supply,Consumer Discretionary,Other Specialty Retail,2014-01-24,34.6000,2026-09-04,41.1400,52.6200,DOWN,-0.2055,-0.1626,False,0.3176,0.9731,0.8980,2.8120,32.4800,41.3700,34.4400,6.5200,-16.3600,False,-4.3023,BAJISTA,-5.5600,36.6400,59.4400,28.1700,-41.7900,22.8500,0.7010,True,28.9800,5,36.3700,False,-16.2300,BULL_ENGULF,6.2000,6.5000,5.0000,7.5000,6,5.0000,7.5000,False,5.6200,8.4400,1.5000,18.2240,17.0570,6.9632,1.1575,12.6020,0.3951,0.0782,0.0643,0.3650,0.0230,-0.1500,248.7100,1.3340,103175000.0000,1011913984.0000,0.1020,18231195648.0000,0.4690,2.8400,2.7700,521040137.0000,2.6100,0.5600,4.2500,3.0800,0.0057,FCF/NI:0.10|D/E:249,2,4.0500,False,3-7d,XLY,,AMZN|TSLA|HD,consumer_spending|employment_data|interest_rates,48,2026-10-22,False,2026-07-23,0.6900,0.8200,-15.9000,ALCISTA FUERTE,10,773.1700,9.0000,46.9000,14.3200,"Filtros estándar (Score ≥6.5, DD ≥10%)"
PSKY,Paramount Skydance Corporation,Communication Services,Movies & Entertainment,1994-09-30,11.0400,2026-09-04,70.0900,86.1000,DOWN,0.0462,0.0982,False,0.8128,0.4079,0.9990,3.6940,9.5400,10.9600,10.3200,15.7800,0.7000,False,-4.6110,ALCISTA,-1.5200,11.2100,20.5700,7.6200,-46.3400,44.8800,0.9140,False,10.1200,1,11.0400,False,-8.3200,HAMMER,5.6500,8.0000,5.0000,5.0000,4,5.0000,7.0000,False,7.3900,11.0800,1.5000,362.0000,12.7645,1.0343,0.4186,8.4590,-0.0090,0.0275,-0.0213,0.3333,0.0090,-0.5410,126.4790,1.0400,17593124864.0000,-621000000.0000,-28.3303,12184330240.0000,1.5200,6.4400,1.8100,1090445692.0000,2.8100,0.0000,2.4600,6.4800,1.4439,FCF/NI:-28.33|D/E:126|ROE:-0.9%,3,3.9500,False,10-18d,XLC,,GOOGL|META|NFLX,ad_spending_cycle|streaming_competition|regulation,66,2026-11-09,False,2026-08-04,0.1800,0.1800,-2.3000,ALCISTA FUERTE,10,773.1700,9.0000,46.9000,14.3200,"Filtros estándar (Score ≥6.5, DD ≥10%)"
