ticker,name,sector,industry,date_added,price,data_vintage,rsi_14,rsi_5d_ago,rsi_trend,macd_hist,macd_hist_3d_ago,macd_improving,bb_pct_b,atr_14,atr_ratio_60d,atr_pct_price,sma_50,sma_200,ema_20,price_vs_50ma_pct,price_vs_200ma_pct,golden_cross,ma200_slope_20d,trend_bias,drawdown_60d,high_60d,high_52w,low_52w,pct_from_52w_high,pct_from_52w_low,volume_ratio_20d,volume_decreasing,support_1_price,support_1_strength,resistance_1_price,near_support,dist_support_pct,candle_pattern,tech_score,tech_trend,tech_momentum,tech_volume,tech_support,tech_volatility,tech_candle,setup_hot,stop_loss_atr_pct,target_atr_pct,risk_reward,pe,forward_pe,pb,ps,ev_ebitda,roe,roa,profit_margin,gross_margin,revenue_growth,eps_growth,debt_equity,current_ratio,fcf,net_income,fcf_ni_ratio,market_cap,beta,short_ratio,dividend_yield,shares_outstanding,fund_score,fund_growth,fund_solidity,fund_valuation,fcf_yield_calc,warnings,warning_count,combined_score,full_setup,horizon,sector_etf,subsector,peer_group,critical_macro_variables,earnings_days_next,earnings_date,earnings_warning,latest_earnings_date,eps_actual,eps_estimate,eps_surprise_pct,market_regime,market_regime_score,spy_price,spy_vs200,spy_rsi,vix,market_filter_rec
ALL,Allstate,Financials,Property & Casualty Insurance,1995-07-13,259.5700,2026-09-07,53.0900,41.4800,UP,-0.2472,-0.7916,True,0.5547,5.0565,0.8150,1.9480,255.7500,219.7400,258.8100,1.4900,18.1300,True,3.0032,ALCISTA,-5.9800,276.0700,276.0700,184.5100,-5.9800,40.6800,0.8050,True,254.2100,4,265.4700,True,-2.0700,HAMMER|DOJI,7.7000,10.0000,7.0000,7.5000,9,5.0000,7.0000,False,3.9000,5.8400,1.5000,5.1976,9.4020,2.0800,0.9358,4.0550,0.4611,0.0868,0.1897,0.3680,0.1180,0.6120,22.2610,0.3630,15158625280.0000,13189000192.0000,1.1493,65634340864,0.1500,0.0100,1.6600,252857950,8.4000,7.8100,8.4400,9.0500,0.2310,OK,0,8.1200,False,10-18d,XLF,,JPM|BAC|WFC,interest_rates|yield_curve|credit_spreads|loan_growth,58,2026-11-04,False,2026-08-05,8.9900,6.0700,48.0000,ALCISTA FUERTE,10,770.1900,8.5000,47.5000,14.5300,"Filtros estándar (Score ≥6.5, DD ≥10%)"
CF,CF Industries,Materials,Fertilizers & Agricultural Chemicals,2008-08-27,133.3500,2026-09-07,71.2600,58.6900,UP,1.1364,1.0190,True,0.7701,5.7514,1.3050,4.3130,120.7700,107.1900,127.7200,10.4100,24.4000,True,4.1931,ALCISTA,-5.6100,141.2700,141.2700,74.3300,-5.6100,79.4000,1.0100,False,110.0000,5,132.5500,False,-17.5100,HAMMER,6.7500,10.0000,7.0000,5.0000,6,5.0000,7.0000,False,8.6300,12.9400,1.5000,9.8924,12.8641,3.5169,2.6077,6.3220,0.2987,0.1293,0.2712,0.4249,0.1760,0.9960,40.5040,4.8600,1276749952.0000,2099000064.0000,0.6083,20180940800,0.3990,4.0500,1.8000,151338130,8.9300,9.9400,7.9300,8.9100,0.0633,FCF/NI:0.61,1,8.0600,False,10-18d,XLB,,LIN|APD|ECL,commodity_prices|dxy|china_demand|energy_costs,58,2026-11-04,False,2026-08-05,4.7300,5.5700,-15.1000,ALCISTA FUERTE,10,770.1900,8.5000,47.5000,14.5300,"Filtros estándar (Score ≥6.5, DD ≥10%)"
GEV,GE Vernova,Industrials,Heavy Electrical Equipment,2024-04-02,941.9500,2026-09-07,25.3600,37.2500,DOWN,-1.8834,-9.6484,True,0.3620,40.0961,0.7360,4.2570,1015.4000,885.5700,958.4100,-7.2300,6.3700,True,4.7110,NEUTRO,-21.2400,1195.9399,1195.9399,529.1800,-21.2400,78.0000,0.6110,True,897.6800,1,947.9000,False,-4.7000,NONE,7.0500,8.5000,8.5000,7.5000,4,7.0000,5.0000,True,8.5100,12.7700,1.5000,27.0287,37.2673,20.9812,6.0646,61.8870,0.8258,0.0254,0.2303,0.2057,0.2190,0.3280,28.3640,0.8500,15722125312.0000,9528999936.0000,1.6499,250872922112,0.9670,3.0500,0.2100,266333581,8.5200,10.0000,8.5700,6.7200,0.0627,OK,0,7.9300,True,7-15d,XLI,,CAT|UNP|HON,pmi_manufacturing|supply_chain|capex_cycle,51,2026-10-28,False,2026-07-22,2.4700,3.1800,-22.4000,ALCISTA FUERTE,10,770.1900,8.5000,47.5000,14.5300,"Filtros estándar (Score ≥6.5, DD ≥10%)"
CINF,Cincinnati Financial,Financials,Property & Casualty Insurance,1997-12-18,171.1000,2026-09-07,50.1100,42.4600,UP,0.3630,0.0774,True,0.4436,2.7029,0.6720,1.5800,177.3200,166.1400,172.5000,-3.5100,2.9800,True,0.9115,NEUTRO,-12.1700,194.8100,194.8100,147.5400,-12.1700,15.9700,0.8800,True,157.9300,1,168.9800,False,-7.6900,NONE,6.7500,8.5000,7.0000,7.5000,4,7.0000,5.0000,False,3.1600,4.7400,1.5000,8.0784,18.9454,1.5744,1.8819,5.7830,0.2148,0.0641,0.2384,0.3107,0.3160,0.8550,5.2550,1.1510,2984875008.0000,3327000064.0000,0.8972,26260094976,0.5450,4.6500,2.2000,153478045,8.6500,10.0000,7.5000,8.4000,0.1137,OK,0,7.8900,False,7-15d,XLF,,JPM|BAC|WFC,interest_rates|yield_curve|credit_spreads|loan_growth,49,2026-10-26,False,2026-07-27,1.4300,1.8200,-21.3000,ALCISTA FUERTE,10,770.1900,8.5000,47.5000,14.5300,"Filtros estándar (Score ≥6.5, DD ≥10%)"
INCY,Incyte,Health Care,Biotechnology,2017-02-28,126.7500,2026-09-07,57.0700,57.4800,DOWN,-0.2750,-0.4777,True,0.6196,3.2071,0.8260,2.5300,120.8100,104.7200,125.1400,4.9200,21.0400,True,2.5955,ALCISTA,-4.4100,132.6000,132.6000,81.0900,-4.4100,56.3100,0.8550,True,115.7700,1,131.7000,False,-8.6600,NONE,6.5500,10.0000,6.0000,7.5000,4,5.0000,5.0000,False,5.0600,7.5900,1.5000,16.1465,14.2648,4.0151,4.4148,10.9120,0.3067,0.1683,0.2771,0.5566,0.3770,0.3770,0.6030,4.5930,1180664576.0000,1612382976.0000,0.7322,25691938816,0.7700,5.2200,,202697746,8.7200,10.0000,8.7500,7.2000,0.0460,FCF/NI:0.73,1,7.8500,False,10-18d,XLV,,UNH|JNJ|LLY,fda_calendar|drug_pricing_policy|patent_cliffs,50,2026-10-27,False,2026-07-28,3.0900,2.1500,44.0000,ALCISTA FUERTE,10,770.1900,8.5000,47.5000,14.5300,"Filtros estándar (Score ≥6.5, DD ≥10%)"
INVH,Invitation Homes,Real Estate,Single-Family Residential REITs,2022-09-19,28.3900,2026-09-07,29.5600,40.9000,DOWN,-0.1870,-0.1346,False,-0.0046,0.4275,0.7930,1.5060,29.8900,27.5000,29.4600,-5.0300,3.2300,True,0.8012,NEUTRO,-8.1000,30.8900,30.8900,23.7200,-8.1000,19.7100,0.7490,True,28.3800,1,29.4000,True,-0.0400,NONE,7.7500,8.5000,7.5000,7.5000,7,10.0000,5.0000,False,3.0100,4.5200,1.5000,26.0459,41.5569,1.8518,5.9216,16.8490,0.0705,0.0248,0.2320,0.5626,0.1010,0.6050,94.4250,0.4300,1168785536.0000,658753984.0000,1.7742,16864851968,0.8310,3.1500,4.2300,594041956,7.5900,10.0000,5.3800,7.3600,0.0693,D/E:94,1,7.6500,False,7-15d,XLRE,,PLD|AMT|EQIX,interest_rates|cap_rates|occupancy_trends,51,2026-10-28,False,2026-07-29,0.1500,0.1400,9.8000,ALCISTA FUERTE,10,770.1900,8.5000,47.5000,14.5300,"Filtros estándar (Score ≥6.5, DD ≥10%)"
BRK-B,Berkshire Hathaway,Financials,Multi-Sector Holdings,2010-02-16,506.0300,2026-09-07,61.4600,27.6600,UP,-0.0220,-0.6926,True,0.5212,5.0757,0.7050,1.0030,503.1500,492.4100,504.9800,0.5700,2.7700,True,0.2805,ALCISTA,-5.9000,537.7400,537.7400,464.0100,-5.9000,9.0600,0.7750,True,493.2700,7,512.5800,True,-2.5200,NONE,7.8000,10.0000,7.0000,7.5000,9,7.0000,5.0000,False,2.0100,3.0100,1.5000,12.7239,22.8018,0.0010,2.8160,-1.7900,0.1212,0.0601,0.2230,0.3033,0.1000,1.0780,17.1420,2.8910,71975247872.0000,85768003584.0000,0.8392,1083263352832,0.6030,2.3300,,1408035161,7.5400,7.3000,7.1100,8.3100,0.0664,OK,0,7.6400,False,10-18d,XLF,,JPM|BAC|WFC,interest_rates|yield_curve|credit_spreads|loan_growth,61,2026-11-07,False,2026-08-08,6.0300,5.1300,17.4000,ALCISTA FUERTE,10,770.1900,8.5000,47.5000,14.5300,"Filtros estándar (Score ≥6.5, DD ≥10%)"
MU,Micron Technology,Information Technology,Semiconductors,1994-09-27,1016.5900,2026-09-07,50.7000,59.9800,DOWN,5.8685,1.2953,True,0.9776,46.6779,0.5780,4.5920,938.2600,606.3400,944.3800,8.3500,67.6600,True,13.3644,ALCISTA,-18.9800,1254.8101,1254.8101,125.4600,-18.9800,710.3000,1.2680,True,990.9500,1,1011.7700,True,-2.5200,BULL_ENGULF|HAMMER|DOJI,7.7500,10.0000,6.0000,7.5000,7,7.0000,9.5000,False,9.1800,13.7700,1.5000,22.9894,6.5576,11.3948,12.7183,16.5410,0.6664,0.3487,0.5591,0.7257,3.4570,13.6850,6.3300,3.4250,7639499776.0000,50468999168.0000,0.1514,1148129771520,2.2220,0.7000,0.0500,1129393151,7.4800,10.0000,8.1700,3.7200,0.0067,FCF/NI:0.15,1,7.5900,False,10-18d,XLK,,AAPL|MSFT|NVDA,interest_rates|ai_capex_cycle|semiconductor_cycle,23,2026-09-30,False,2026-06-24,25.1100,20.6900,21.4000,ALCISTA FUERTE,10,770.1900,8.5000,47.5000,14.5300,"Filtros estándar (Score ≥6.5, DD ≥10%)"
EME,Emcor,Industrials,Construction & Engineering,2025-09-22,754.1600,2026-09-07,25.3600,36.1800,DOWN,-4.8446,-8.7078,True,0.3227,25.5621,0.7990,3.3890,779.1200,758.6200,767.6900,-3.2000,-0.5900,True,1.4625,BAJISTA,-13.9200,876.0700,951.4700,564.0100,-20.7400,33.7100,1.0020,True,748.6100,1,775.2800,True,-0.7400,HAMMER|DOJI,7.5500,7.0000,8.5000,7.5000,8,7.0000,7.0000,True,6.7800,10.1700,1.5000,23.4721,20.5219,8.1797,1.7887,16.5240,0.4035,0.1203,0.0774,0.1943,0.1980,0.3480,13.4320,1.2770,978281600.0000,1439158016.0000,0.6798,33265920000,1.1300,1.9800,0.2100,44109901,7.5800,10.0000,7.3000,5.0700,0.0294,FCF/NI:0.68,1,7.5700,True,5-10d,XLI,,CAT|UNP|HON,pmi_manufacturing|supply_chain|capex_cycle,52,2026-10-29,False,2026-07-30,9.0600,7.2300,25.3000,ALCISTA FUERTE,10,770.1900,8.5000,47.5000,14.5300,"Filtros estándar (Score ≥6.5, DD ≥10%)"
TROW,T. Rowe Price,Financials,Asset Management & Custody Banks,2019-07-29,109.7800,2026-09-07,46.9400,36.0500,UP,-0.1628,-0.1945,True,0.1832,2.1257,0.7920,1.9360,114.4800,102.1100,111.6700,-4.1000,7.5100,True,1.2493,NEUTRO,-10.0200,122.0000,122.0000,84.2100,-10.0200,30.3700,0.7800,True,110.1700,3,121.5800,True,0.3500,DOJI|HAMMER|DOJI,7.9200,8.5000,7.0000,7.5000,9,8.5000,7.0000,False,3.8700,5.8100,1.5000,11.0221,10.6387,2.1284,3.0845,7.3570,0.1940,0.1066,0.2926,0.5161,0.1070,0.2860,3.7020,4.0390,2023912448.0000,2167300096.0000,0.9338,23417815040,1.4800,12.8800,4.7400,213315850,7.3300,6.3800,8.0700,7.5800,0.0864,OK,0,7.5700,False,7-15d,XLF,,JPM|BAC|WFC,interest_rates|yield_curve|credit_spreads|loan_growth,53,2026-10-30,False,2026-07-31,2.5700,2.5200,2.0000,ALCISTA FUERTE,10,770.1900,8.5000,47.5000,14.5300,"Filtros estándar (Score ≥6.5, DD ≥10%)"
EXPE,Expedia Group,Consumer Discretionary,"Hotels, Resorts & Cruise Lines",2007-10-02,298.0400,2026-09-07,39.9200,58.5500,DOWN,-5.4723,-3.9626,False,-0.0079,11.6295,1.0260,3.9020,294.3700,257.7900,313.1300,1.2500,15.6100,True,3.5216,ALCISTA,-12.7300,341.5100,341.5100,184.2800,-12.7300,61.7300,1.3000,False,253.5000,3,330.8300,False,-14.9500,NONE,6.9000,10.0000,6.5000,5.0000,6,8.0000,5.0000,False,7.8000,11.7100,1.5000,18.7329,12.2249,29.5821,2.2784,12.3170,0.8949,0.0611,0.1297,0.9043,0.1400,1.8870,230.2710,0.8010,3434374912.0000,2036000000.0000,1.6868,35770564608,1.2500,3.4900,0.6400,114495891,7.9800,10.0000,7.0200,6.7300,0.0960,D/E:230,1,7.5500,False,10-18d,XLY,,AMZN|TSLA|HD,consumer_spending|employment_data|interest_rates,59,2026-11-05,False,2026-08-05,5.7600,5.2500,9.7000,ALCISTA FUERTE,10,770.1900,8.5000,47.5000,14.5300,"Filtros estándar (Score ≥6.5, DD ≥10%)"
PLD,Prologis,Real Estate,Industrial REITs,2003-07-17,137.3400,2026-09-07,38.8600,58.9200,DOWN,-0.3885,-0.0674,False,0.0628,1.8150,0.5900,1.3220,142.0700,136.1100,140.4600,-3.3300,0.9000,True,1.3757,NEUTRO,-10.4400,153.3500,153.3500,107.1300,-10.4400,28.2000,0.7500,True,136.9400,5,146.8600,True,-0.2900,NONE,7.8500,8.5000,6.5000,7.5000,9,10.0000,5.0000,False,2.6400,3.9600,1.5000,30.5880,40.3348,2.3879,13.8242,24.9260,0.0775,0.0252,0.4358,0.7555,0.1230,0.8530,63.8230,0.6490,5406941184.0000,4202444032.0000,1.2866,133507031040,1.3160,2.9800,3.1200,950333372,7.3400,10.0000,5.9500,5.8500,0.0405,OK,0,7.5400,False,7-15d,XLRE,,AMT|EQIX|SPG,interest_rates|cap_rates|occupancy_trends,38,2026-10-15,False,2026-07-16,1.1100,0.7500,48.3000,ALCISTA FUERTE,10,770.1900,8.5000,47.5000,14.5300,"Filtros estándar (Score ≥6.5, DD ≥10%)"
DXCM,Dexcom,Health Care,Health Care Equipment,2020-05-12,87.9000,2026-09-07,46.4900,60.3100,DOWN,-0.7568,-0.5059,False,0.0701,2.3421,0.8440,2.6650,81.2200,70.9000,88.2800,8.2200,23.9800,True,3.9494,ALCISTA,-5.0700,92.5900,92.5900,54.1100,-5.0700,62.4500,0.5790,True,87.5100,1,92.5900,True,-0.4400,HAMMER|DOJI,7.4500,10.0000,5.0000,7.5000,7,8.0000,7.0000,False,5.3300,7.9900,1.5000,34.7431,28.1365,12.6548,6.6751,23.2480,0.3849,0.1033,0.2012,0.6247,0.1310,0.4360,53.3460,1.7330,1021162496.0000,999699968.0000,1.0215,33170012160,1.4190,3.1100,,377360765,7.5800,9.8800,7.8800,4.5300,0.0308,OK,0,7.5300,False,10-18d,XLV,,UNH|JNJ|LLY,fda_calendar|drug_pricing_policy|patent_cliffs,52,2026-10-29,False,2026-07-30,0.7000,0.6100,15.1000,ALCISTA FUERTE,10,770.1900,8.5000,47.5000,14.5300,"Filtros estándar (Score ≥6.5, DD ≥10%)"
EXPD,Expeditors International,Industrials,Air Freight & Logistics,2007-10-10,188.8000,2026-09-07,51.7800,77.0400,DOWN,-0.6119,-0.2022,False,0.6415,3.3307,0.8480,1.7640,178.3000,158.1800,185.9700,5.8900,19.3600,True,3.8785,ALCISTA,-1.8100,192.2800,192.2800,111.7800,-1.8100,68.9000,0.6630,True,158.9600,1,190.0000,False,-15.8100,HAMMER|DOJI|BULL_ENGULF,6.8000,10.0000,5.0000,7.5000,4,5.0000,9.5000,False,3.5300,5.2900,1.5000,27.4818,23.8155,11.5864,2.0391,19.0550,0.4267,0.1523,0.0763,0.1355,0.3210,0.5150,26.7450,1.5660,797562240.0000,918798976.0000,0.8680,24542230528,1.0580,3.3500,0.8600,129990622,7.9000,10.0000,8.2900,5.0100,0.0325,OK,0,7.4600,False,10-18d,XLI,,CAT|UNP|HON,pmi_manufacturing|supply_chain|capex_cycle,57,2026-11-03,False,2026-08-04,2.0300,1.6900,19.9000,ALCISTA FUERTE,10,770.1900,8.5000,47.5000,14.5300,"Filtros estándar (Score ≥6.5, DD ≥10%)"
AVGO,Broadcom,Information Technology,Semiconductors,2014-05-08,357.9000,2026-09-07,29.1900,23.4600,UP,-1.3938,-1.6791,True,0.2769,11.5457,0.6810,3.2260,383.6600,369.0300,373.5500,-6.7100,-3.0200,True,0.6663,BAJISTA,-17.2900,432.7300,494.2200,289.5000,-27.5800,23.6300,1.3970,False,357.1200,2,376.5900,True,-0.2200,HAMMER,7.8800,7.0000,9.5000,7.0000,8,8.5000,7.0000,False,6.4500,9.6800,1.5000,45.6499,18.4748,17.1102,19.1093,33.4470,0.4425,0.1530,0.4294,0.7551,0.8550,2.1530,59.6040,2.5040,30497124352.0000,38264999936.0000,0.7970,1702714146816,1.4570,3.0300,0.7300,4757580198,7.1700,10.0000,7.4200,3.5500,0.0179,OK,0,7.4500,False,5-10d,XLK,,AAPL|MSFT|NVDA,interest_rates|ai_capex_cycle|semiconductor_cycle,-5,2026-12-09,False,2026-09-02,3.3200,3.2400,2.5000,ALCISTA FUERTE,10,770.1900,8.5000,47.5000,14.5300,"Filtros estándar (Score ≥6.5, DD ≥10%)"
KEYS,Keysight Technologies,Information Technology,Electronic Equipment & Instruments,2018-11-06,327.2100,2026-09-07,30.1800,42.1700,DOWN,-0.4110,-1.6744,True,0.4466,12.1263,0.8640,3.7060,326.1200,288.5100,325.9000,0.3300,13.4100,True,5.6287,ALCISTA,-12.7400,374.9600,374.9600,158.7900,-12.7400,106.0600,0.4280,True,328.2500,6,359.0500,True,0.3200,BULL_ENGULF|HAMMER,8.0500,10.0000,7.5000,7.5000,9,5.0000,9.5000,True,7.4100,11.1200,1.5000,44.2774,23.9716,8.4802,8.4634,32.9020,0.2090,0.0723,0.1914,0.6328,0.3650,1.0910,42.0940,2.0240,1867124992.0000,1279000064.0000,1.4598,55705784320,1.2080,2.6200,,170244745,7.0400,9.8200,5.9600,5.0700,0.0335,OK,0,7.4400,True,10-18d,XLK,,AAPL|MSFT|NVDA,interest_rates|ai_capex_cycle|semiconductor_cycle,78,2026-11-24,False,2026-08-18,3.0700,2.4800,23.7000,ALCISTA FUERTE,10,770.1900,8.5000,47.5000,14.5300,"Filtros estándar (Score ≥6.5, DD ≥10%)"
GOOG,Alphabet Inc. (Class C),Communication Services,Interactive Media & Services,2014-04-03,335.3100,2026-09-07,43.2700,33.8200,UP,-0.3735,-0.8040,True,0.2374,6.3280,0.5940,1.8870,346.3100,334.3400,340.3600,-3.1800,0.2900,True,1.9946,NEUTRO,-12.1200,381.5600,403.9600,231.5700,-17.0000,44.8000,0.8370,True,333.4700,1,375.7800,True,-0.5500,BULL_ENGULF,7.6700,8.5000,7.0000,7.5000,7,8.5000,7.5000,False,3.7700,5.6600,1.5000,16.8328,22.5734,6.5881,9.1974,23.0830,0.4868,0.1296,0.5477,0.6090,0.2420,2.9400,18.8590,2.7240,22665000960.0000,244118994944.0000,0.0928,4100819517440,1.2250,2.1000,0.2600,5527000000,7.1800,10.0000,7.9600,2.9800,0.0055,FCF/NI:0.09,1,7.3800,False,7-15d,XLC,,GOOGL|META|NFLX,ad_spending_cycle|streaming_competition|regulation,51,2026-10-28,False,2026-07-22,9.1100,2.9100,212.9000,ALCISTA FUERTE,10,770.1900,8.5000,47.5000,14.5300,"Filtros estándar (Score ≥6.5, DD ≥10%)"
GOOGL,Alphabet Inc. (Class A),Communication Services,Interactive Media & Services,2006-04-03,338.4600,2026-09-07,44.5000,37.7700,UP,-0.3746,-0.7220,True,0.2399,6.5968,0.6050,1.9490,348.3500,335.5000,343.1800,-2.8400,0.8800,True,2.0935,NEUTRO,-11.9100,384.2300,408.1000,231.0900,-17.0700,46.4600,1.0410,True,329.9900,1,374.5700,True,-2.5000,BULL_ENGULF,7.6700,8.5000,7.0000,7.5000,7,8.5000,7.5000,False,3.9000,5.8500,1.5000,16.9739,22.7854,6.6500,9.2838,23.3060,0.4868,0.1296,0.5477,0.6090,0.2420,2.9400,18.8590,2.7240,22665000960.0000,244118994944.0000,0.0928,4139343675392,1.2250,2.3500,0.2600,5867155790,7.1700,10.0000,7.9600,2.9700,0.0055,FCF/NI:0.09,1,7.3700,False,7-15d,XLC,,META|NFLX|DIS,ad_spending_cycle|streaming_competition|regulation,51,2026-10-28,False,2026-07-22,9.1100,2.9000,214.2000,ALCISTA FUERTE,10,770.1900,8.5000,47.5000,14.5300,"Filtros estándar (Score ≥6.5, DD ≥10%)"
WDC,Western Digital,Information Technology,"Technology Hardware, Storage & Peripherals",2009-07-01,467.4600,2026-09-07,32.9700,54.1200,DOWN,1.7906,0.5267,True,0.5316,27.2850,0.5460,5.8370,506.9800,372.7200,467.4500,-7.7900,25.4200,True,9.2736,NEUTRO,-41.5600,799.8700,799.8700,91.2900,-41.5600,412.0700,0.8970,True,432.2000,2,480.3600,False,-7.5400,HAMMER|DOJI,7.0500,8.5000,7.5000,7.5000,4,7.0000,7.0000,True,11.6700,17.5100,1.5000,17.3583,14.7234,22.3505,13.0458,33.6170,1.3085,0.2076,0.7295,0.4885,0.4380,9.8410,13.4360,1.3290,2268750080.0000,9285999616.0000,0.2443,168538456064,2.1820,2.4400,0.1300,360540944,7.5500,10.0000,7.5400,4.7200,0.0135,FCF/NI:0.24,1,7.3500,True,7-15d,XLK,,AAPL|MSFT|NVDA,interest_rates|ai_capex_cycle|semiconductor_cycle,59,2026-11-05,False,2026-08-05,3.5600,3.3000,7.9000,ALCISTA FUERTE,10,770.1900,8.5000,47.5000,14.5300,"Filtros estándar (Score ≥6.5, DD ≥10%)"
HIG,Hartford (The),Financials,Property & Casualty Insurance,1957-03-04,138.3700,2026-09-07,55.8900,43.0900,UP,0.0813,-0.1797,True,0.6362,2.2800,0.8250,1.6480,138.5500,135.0100,138.1700,-0.1300,2.4900,True,0.9292,NEUTRO,-4.8600,145.4300,145.4300,118.2100,-4.8600,17.0500,1.2400,True,133.3500,7,140.2300,True,-3.6300,NONE,7.2000,8.5000,7.0000,7.5000,9,5.0000,5.0000,False,3.3000,4.9400,1.5000,9.5625,10.1082,1.9475,1.2785,6.8400,0.2206,0.0385,0.1489,0.3787,0.0810,0.3610,22.3300,1.7720,5507500032.0000,4076999936.0000,1.3509,37480558592,0.4500,0.0400,1.7300,270872002,7.4300,6.7700,7.6800,7.9000,0.1469,OK,0,7.3400,False,7-15d,XLF,,JPM|BAC|WFC,interest_rates|yield_curve|credit_spreads|loan_growth,52,2026-10-29,False,2026-07-23,3.4200,3.1400,8.9000,ALCISTA FUERTE,10,770.1900,8.5000,47.5000,14.5300,"Filtros estándar (Score ≥6.5, DD ≥10%)"
RDDT,Reddit,Communication Services,Interactive Media & Services,2026-08-18,154.4600,2026-09-07,41.9600,46.4500,DOWN,0.7149,-0.4275,True,0.4424,7.5146,0.6390,4.8650,170.0100,174.5400,156.6400,-9.1500,-11.5100,False,-2.5019,BAJISTA,-25.7600,208.0500,282.9500,119.2700,-45.4100,29.5000,0.4080,True,152.6500,1,161.4900,True,-1.1700,BULL_ENGULF,6.5500,5.0000,6.0000,7.5000,7,7.0000,7.5000,False,9.7300,14.6000,1.5000,36.0047,15.9443,9.0412,10.6943,33.6260,0.3071,0.1565,0.3135,0.9144,0.6110,1.7780,0.6350,10.4860,678068736.0000,871094976.0000,0.7784,29717567488,2.0220,2.6300,,146103200,7.8600,10.0000,9.4300,3.5500,0.0228,OK,0,7.3400,False,3-7d,XLC,,GOOGL|META|NFLX,ad_spending_cycle|streaming_competition|regulation,52,2026-10-29,False,2026-07-30,1.2500,0.9600,29.6000,ALCISTA FUERTE,10,770.1900,8.5000,47.5000,14.5300,"Filtros estándar (Score ≥6.5, DD ≥10%)"
EOG,EOG Resources,Energy,Oil & Gas Exploration & Production,2000-11-02,145.1900,2026-09-07,48.1500,52.3100,DOWN,-0.4307,-0.3810,False,0.4189,3.1993,0.8370,2.2040,141.2600,127.2700,145.6400,2.7900,14.0800,True,3.4147,ALCISTA,-5.5200,153.6700,153.6700,99.1200,-5.5200,46.4800,0.9580,True,138.9100,1,142.7600,False,-4.3300,HAMMER|DOJI,6.5500,10.0000,5.0000,7.5000,4,5.0000,7.0000,False,4.4100,6.6100,1.5000,11.2988,10.1139,2.3945,2.8941,5.4850,0.2251,0.1102,0.2573,0.6264,0.5870,1.0940,25.8910,1.8510,4478750208.0000,6876000256.0000,0.6514,77332340736,0.2720,4.8500,2.8100,532628530,7.8700,9.4600,6.4100,7.7100,0.0579,FCF/NI:0.65,1,7.3400,False,10-18d,XLE,,XOM|CVX|COP,oil_price|gas_price|opec_supply|inventories,59,2026-11-05,False,2026-08-04,5.0700,4.9700,2.1000,ALCISTA FUERTE,10,770.1900,8.5000,47.5000,14.5300,"Filtros estándar (Score ≥6.5, DD ≥10%)"
RL,Ralph Lauren Corporation,Consumer Discretionary,"Apparel, Accessories & Luxury Goods",2007-02-02,351.2000,2026-09-07,27.3100,6.2000,UP,-2.5437,-4.1112,True,0.2825,9.6500,0.7690,2.7480,378.9500,365.0100,362.2200,-7.3200,-3.7800,True,1.2113,BAJISTA,-16.4900,420.5700,420.5700,296.7800,-16.4900,18.3400,1.1300,False,354.1300,1,389.9700,True,0.8400,NONE,7.2800,7.0000,9.5000,5.0000,8,8.5000,5.0000,False,5.5000,8.2400,1.5000,22.1298,16.7922,7.6910,2.5045,13.8010,0.3754,0.1100,0.1176,0.7027,0.1400,0.2160,110.3730,2.0450,880087488.0000,982899968.0000,0.8954,20925284352,1.3530,4.7600,1.1400,37700963,7.3500,10.0000,6.0900,5.7200,0.0421,D/E:110,1,7.3200,False,5-10d,XLY,,AMZN|TSLA|HD,consumer_spending|employment_data|interest_rates,59,2026-11-05,False,2026-08-06,4.5900,4.3200,6.2000,ALCISTA FUERTE,10,770.1900,8.5000,47.5000,14.5300,"Filtros estándar (Score ≥6.5, DD ≥10%)"
VRT,Vertiv,Industrials,Electrical Components & Equipment,2026-03-23,280.5300,2026-09-07,44.0600,43.4200,UP,1.9117,-0.4021,True,0.7052,12.8979,0.6770,4.5980,282.7000,257.3500,268.2300,-0.7700,9.0100,True,3.5116,NEUTRO,-21.7600,358.5400,379.8600,118.5700,-26.1500,136.6000,0.8310,True,274.2700,3,281.9900,True,-2.2300,HAMMER,7.7000,8.5000,7.0000,7.5000,9,7.0000,7.0000,False,9.2000,13.7900,1.5000,63.3251,30.7519,22.6984,9.4081,40.4020,0.4394,0.1089,0.1509,0.3804,0.2410,0.5300,70.1660,1.3790,2696537600.0000,1732000000.0000,1.5569,108000731136,2.0750,2.2100,0.0900,384988173,7.0600,10.0000,7.0900,3.5800,0.0250,OK,0,7.3200,False,7-15d,XLI,,CAT|UNP|HON,pmi_manufacturing|supply_chain|capex_cycle,44,2026-10-21,False,2026-07-29,1.5200,1.4300,6.4000,ALCISTA FUERTE,10,770.1900,8.5000,47.5000,14.5300,"Filtros estándar (Score ≥6.5, DD ≥10%)"
ROST,Ross Stores,Consumer Discretionary,Apparel Retail,2009-12-21,230.6900,2026-09-07,43.9800,25.8200,UP,-1.1402,-2.0456,True,0.2948,6.2314,1.0540,2.7010,234.5100,212.1600,235.4200,-1.6300,8.7300,True,3.8405,NEUTRO,-10.2400,257.0000,257.0000,142.4800,-10.2400,61.9100,0.4920,True,226.6500,6,236.9500,True,-1.7500,HAMMER|DOJI,7.6200,8.5000,7.0000,7.5000,9,6.5000,7.0000,False,5.4000,8.1000,1.5000,27.9286,25.7974,10.9363,3.0065,20.2740,0.4263,0.1278,0.1085,0.3338,0.1330,0.7050,70.2810,1.6120,2002041600.0000,2659063040.0000,0.7529,73694642176,0.8610,4.4600,0.7700,319453110,7.0900,10.0000,6.6400,4.2100,0.0272,OK,0,7.3000,False,7-15d,XLY,,AMZN|TSLA|HD,consumer_spending|employment_data|interest_rates,73,2026-11-19,False,2026-08-20,2.6600,1.9500,36.7000,ALCISTA FUERTE,10,770.1900,8.5000,47.5000,14.5300,"Filtros estándar (Score ≥6.5, DD ≥10%)"
ADI,Analog Devices,Information Technology,Semiconductors,1999-10-12,362.2500,2026-09-07,27.2900,31.3000,DOWN,-1.2258,-1.7664,True,0.2805,10.8867,0.7070,3.0050,376.3100,346.2900,368.0000,-3.7400,4.6100,True,4.1659,NEUTRO,-18.5100,444.5600,444.5600,220.7100,-18.5100,64.1300,0.9890,True,367.7800,2,397.6100,True,1.5300,HAMMER|DOJI,7.9300,8.5000,8.5000,7.5000,7,8.5000,7.0000,True,6.0100,9.0200,1.5000,43.1250,22.1739,5.2319,12.6449,26.3440,0.1223,0.0641,0.2979,0.6580,0.3960,1.6350,27.3140,1.2500,4147339008.0000,4135003904.0000,1.0030,175533834240,1.2050,2.2700,1.2100,484565465,6.8500,10.0000,5.6100,4.6000,0.0236,OK,0,7.2800,True,5-10d,XLK,,AAPL|MSFT|NVDA,interest_rates|ai_capex_cycle|semiconductor_cycle,78,2026-11-24,False,2026-08-19,3.4500,3.3400,3.3000,ALCISTA FUERTE,10,770.1900,8.5000,47.5000,14.5300,"Filtros estándar (Score ≥6.5, DD ≥10%)"
HPE,Hewlett Packard Enterprise,Information Technology,"Technology Hardware, Storage & Peripherals",2015-11-02,52.0000,2026-09-07,35.5900,44.0700,DOWN,-0.5288,-0.7386,True,0.2629,2.9839,0.9810,5.7380,50.0100,33.1300,52.9100,3.9900,56.9700,True,10.4172,ALCISTA,-18.0300,63.4400,64.0600,19.6200,-18.8300,165.0100,1.4090,False,44.6100,1,55.7800,False,-14.2100,HAMMER|DOJI|BULL_ENGULF,7.0200,10.0000,7.5000,5.0000,4,6.5000,9.5000,False,11.4800,17.2100,1.5000,26.8041,11.4129,2.7207,1.6486,12.0750,0.1094,0.0264,0.0667,0.3662,0.3370,4.1020,76.4640,1.1130,4738625024.0000,2675000064.0000,1.7714,69028167680,1.4420,3.5300,1.1000,1327464779,7.4400,9.4100,4.6200,8.4500,0.0686,OK,0,7.2700,False,10-18d,XLK,,AAPL|MSFT|NVDA,interest_rates|ai_capex_cycle|semiconductor_cycle,-5,2026-12-03,False,2026-09-02,1.1100,0.9400,18.4000,ALCISTA FUERTE,10,770.1900,8.5000,47.5000,14.5300,"Filtros estándar (Score ≥6.5, DD ≥10%)"
HAS,Hasbro,Consumer Discretionary,Leisure Products,1984-09-30,92.5300,2026-09-07,40.4100,51.4500,DOWN,-0.6095,-0.4960,False,0.1381,1.9781,0.8510,2.1380,88.7400,88.3100,93.3300,4.2700,4.7800,True,2.2756,ALCISTA,-5.7700,98.2000,104.6000,67.3300,-11.5400,37.4300,0.8700,True,92.3400,2,97.3600,True,-0.2100,HAMMER|DOJI|HAMMER,7.4500,10.0000,5.0000,7.5000,7,8.0000,7.0000,False,4.2800,6.4100,1.5000,16.4644,14.1793,18.5357,2.6242,11.9800,1.5956,0.1308,0.1597,0.6382,0.1620,,531.0420,1.6610,688150016.0000,794099968.0000,0.8666,13050844160,0.4660,2.8200,3.0300,141044467,7.1300,7.5000,7.0600,6.7800,0.0527,D/E:531,1,7.2600,False,10-18d,XLY,,AMZN|TSLA|HD,consumer_spending|employment_data|interest_rates,45,2026-10-22,False,2026-07-21,1.2800,1.1300,12.8000,ALCISTA FUERTE,10,770.1900,8.5000,47.5000,14.5300,"Filtros estándar (Score ≥6.5, DD ≥10%)"
VLO,Valero Energy,Energy,Oil & Gas Refining & Marketing,2002-12-20,370.7200,2026-09-07,69.4800,74.3700,DOWN,0.8857,0.2528,True,0.9081,9.9079,0.9360,2.6730,314.4700,238.0000,346.7500,17.8900,55.7600,True,8.1013,ALCISTA,-1.1700,375.1100,375.1100,150.0200,-1.1700,147.1100,1.2090,False,335.0000,1,,False,-9.6400,BULL_ENGULF|HAMMER,6.5000,10.0000,6.0000,5.0000,4,5.0000,9.5000,False,5.3500,8.0200,1.5000,15.4531,11.8768,4.2695,0.8060,8.4820,0.2764,0.1056,0.0545,0.1612,0.5170,4.5350,40.1480,1.6360,8416374784.0000,7192999936.0000,1.1701,106740465664,0.5680,3.4200,1.2900,287927461,7.7300,8.8700,7.2200,6.9800,0.0788,OK,0,7.2400,False,10-18d,XLE,,XOM|CVX|COP,oil_price|gas_price|opec_supply|inventories,45,2026-10-22,False,2026-07-30,12.5400,10.1300,23.8000,ALCISTA FUERTE,10,770.1900,8.5000,47.5000,14.5300,"Filtros estándar (Score ≥6.5, DD ≥10%)"
LMT,Lockheed Martin,Industrials,Aerospace & Defense,1957-03-04,525.2800,2026-09-07,21.5900,34.3100,DOWN,-7.0170,-5.8742,False,0.0663,13.1693,0.8930,2.5070,551.7800,549.9900,556.9600,-4.8000,-4.4900,True,1.9575,BAJISTA,-13.7400,608.9800,683.2700,429.4700,-23.1200,22.3100,0.9450,True,506.9600,1,534.3800,True,-3.4900,NONE,7.3000,7.0000,7.5000,7.5000,8,8.0000,5.0000,False,5.0100,7.5200,1.5000,19.3830,16.0555,13.7789,1.5741,14.2540,0.8917,0.0864,0.0816,0.1180,0.1050,4.4380,234.2380,1.1930,5562625024.0000,6287000064.0000,0.8848,121229770752,0.1040,2.0100,2.6300,230790753,7.1700,7.8900,6.9800,6.5600,0.0459,D/E:234,1,7.2200,False,3-7d,XLI,,CAT|UNP|HON,pmi_manufacturing|supply_chain|capex_cycle,43,2026-10-20,False,2026-07-23,7.9400,7.2000,10.3000,ALCISTA FUERTE,10,770.1900,8.5000,47.5000,14.5300,"Filtros estándar (Score ≥6.5, DD ≥10%)"
EQIX,Equinix,Real Estate,Data Center REITs,2015-03-20,1035.9800,2026-09-07,32.8100,51.5600,DOWN,-5.3596,-4.8691,False,0.2447,32.6459,1.0990,3.1510,1042.0100,952.6600,1050.6100,-0.5800,8.7500,True,2.7710,NEUTRO,-7.3900,1118.6600,1118.6600,709.7900,-7.3900,45.9500,0.6360,True,1038.1000,5,1101.6300,True,0.2100,HAMMER|DOJI|HAMMER|DOJI,7.5200,8.5000,6.5000,7.5000,9,6.5000,7.0000,False,6.3000,9.4500,1.5000,66.6654,55.4212,7.1076,10.3213,27.4480,0.1074,0.0368,0.1548,0.5198,0.1670,0.2880,162.2170,1.1310,3776000000.0000,1532999936.0000,2.4631,102221889536,0.9730,2.7900,1.9900,98671686,6.9900,10.0000,6.0300,4.5900,0.0369,D/E:162,1,7.2000,False,7-15d,XLRE,,PLD|AMT|SPG,interest_rates|cap_rates|occupancy_trends,51,2026-10-28,False,2026-07-29,5.1000,4.8000,6.3000,ALCISTA FUERTE,10,770.1900,8.5000,47.5000,14.5300,"Filtros estándar (Score ≥6.5, DD ≥10%)"
DLTR,Dollar Tree,Consumer Staples,Consumer Staples Merchandise Retail,2011-12-19,131.4200,2026-09-07,52.8300,48.0200,UP,-0.3094,-0.5835,True,0.6029,5.2557,1.1920,3.9990,127.3100,117.1100,130.0500,3.2300,12.2200,True,2.4444,ALCISTA,-4.1200,137.0700,142.4000,84.7100,-7.7100,55.1400,0.5270,True,117.2700,3,132.6800,False,-10.7700,HAMMER|DOJI,7.2500,10.0000,7.0000,7.5000,6,5.0000,7.0000,False,8.0000,12.0000,1.5000,16.1054,16.6273,7.2007,1.2287,12.4890,0.4603,0.0826,0.0804,0.3718,0.0700,1.9720,223.9450,1.1340,1049587520.0000,1618099968.0000,0.6487,24658374656,0.6620,3.4100,,187630299,7.1700,8.7400,6.3100,6.3500,0.0426,FCF/NI:0.65|D/E:224,2,7.2000,False,10-18d,XLP,,PG|KO|PEP,inflation|input_costs|fx_rates,-11,2026-12-02,False,2026-08-27,2.7000,1.1400,136.1000,ALCISTA FUERTE,10,770.1900,8.5000,47.5000,14.5300,"Filtros estándar (Score ≥6.5, DD ≥10%)"
O,Realty Income,Real Estate,Retail REITs,2015-04-07,61.2500,2026-09-07,41.5700,50.8300,DOWN,-0.0744,-0.1156,True,0.1457,0.7101,0.6760,1.1590,62.8600,60.5400,62.0500,-2.5600,1.1700,True,1.1158,NEUTRO,-8.0000,66.5800,66.5800,53.5400,-8.0000,14.4000,0.9620,True,61.5600,4,63.6600,True,0.5100,HAMMER|DOJI|HAMMER|DOJI,7.9500,8.5000,6.0000,7.5000,9,10.0000,7.0000,False,2.3200,3.4800,1.5000,44.7080,39.2991,1.4654,9.5550,17.0050,0.0323,0.0236,0.2090,0.9268,0.0960,0.6920,74.7220,1.5280,1582081920.0000,1267576960.0000,1.2481,57955856384,0.7120,7.2400,5.3100,946218033,6.6900,9.9300,5.1300,4.7100,0.0273,OK,0,7.1900,False,7-15d,XLRE,,PLD|AMT|EQIX,interest_rates|cap_rates|occupancy_trends,56,2026-11-02,False,2026-08-05,0.3700,0.4200,-12.7000,ALCISTA FUERTE,10,770.1900,8.5000,47.5000,14.5300,"Filtros estándar (Score ≥6.5, DD ≥10%)"
DD,DuPont,Industrials,Industrial Conglomerates,2019-06-03,131.5900,2026-09-07,23.7100,39.6300,DOWN,-0.8798,-0.8617,False,0.1347,2.9702,0.7510,2.2570,137.7600,135.5600,136.3200,-4.4800,-2.9300,True,2.2025,BAJISTA,-11.5500,148.7700,156.0400,90.8900,-15.6700,44.7800,1.5180,True,133.1000,7,142.6200,True,1.1500,HAMMER|DOJI,8.5000,7.0000,7.5000,9.5000,10,10.0000,7.0000,False,4.5100,6.7700,1.5000,56.4764,16.5215,1.2906,2.5425,12.2050,0.0179,0.0207,0.0079,0.3513,0.0400,1.4960,22.9020,2.4270,1835250048.0000,306000000.0000,5.9975,17767202816,1.0850,2.3300,1.8200,135019401,6.3200,5.7900,5.9100,7.4100,0.1033,OK,0,7.1900,False,3-7d,XLI,,CAT|UNP|HON,pmi_manufacturing|supply_chain|capex_cycle,59,2026-11-05,False,2026-08-04,1.8800,1.7600,6.8000,ALCISTA FUERTE,10,770.1900,8.5000,47.5000,14.5300,"Filtros estándar (Score ≥6.5, DD ≥10%)"
BMY,Bristol Myers Squibb,Health Care,Pharmaceuticals,1957-03-04,66.8200,2026-09-07,59.3700,56.8000,UP,-0.1598,-0.1478,False,0.6040,1.5079,0.9390,2.2570,62.8500,57.3000,66.1800,6.3200,16.6100,True,3.9764,ALCISTA,-2.6500,68.6400,68.6400,41.1300,-2.6500,62.4600,0.5940,True,63.0000,1,68.3700,False,-5.7200,BULL_ENGULF|HAMMER|DOJI,7.0000,10.0000,6.0000,7.5000,4,5.0000,9.5000,False,4.5100,6.7700,1.5000,14.7181,10.1891,6.1162,2.7751,9.0060,0.4660,0.1072,0.1887,0.7166,0.0570,1.5310,201.8590,1.5320,8114375168.0000,9281999872.0000,0.8742,136494186496,0.2270,3.7400,3.7700,2042714656,7.2800,6.8400,7.1100,8.0000,0.0594,D/E:202,1,7.1700,False,10-18d,XLV,,UNH|JNJ|LLY,fda_calendar|drug_pricing_policy|patent_cliffs,52,2026-10-29,False,2026-07-30,2.0400,1.6000,27.7000,ALCISTA FUERTE,10,770.1900,8.5000,47.5000,14.5300,"Filtros estándar (Score ≥6.5, DD ≥10%)"
REG,Regency Centers,Real Estate,Retail REITs,2017-03-02,75.2600,2026-09-07,40.7300,43.9900,DOWN,0.0598,0.0055,True,0.1288,0.9457,0.7270,1.2570,78.7400,75.1000,76.4500,-4.4200,0.2100,True,1.0446,NEUTRO,-10.0400,83.6600,83.6600,65.1000,-10.0400,15.6100,0.8350,True,75.1400,3,82.1100,True,-0.1500,NONE,7.7500,8.5000,6.0000,7.5000,9,10.0000,5.0000,False,2.5100,3.7700,1.5000,25.4257,29.8985,2.0678,8.3478,17.9220,0.0819,0.0323,0.3300,0.7154,0.0890,0.0890,71.9720,0.9640,743363968.0000,542515008.0000,1.3702,14070514688,0.8070,4.1300,4.0100,183120547,6.7800,7.2200,6.0100,7.1600,0.0528,OK,0,7.1700,False,7-15d,XLRE,,PLD|AMT|EQIX,interest_rates|cap_rates|occupancy_trends,51,2026-10-28,False,2026-07-29,0.6100,0.5900,3.6000,ALCISTA FUERTE,10,770.1900,8.5000,47.5000,14.5300,"Filtros estándar (Score ≥6.5, DD ≥10%)"
OXY,Occidental Petroleum,Energy,Oil & Gas Exploration & Production,1957-03-04,60.0400,2026-09-07,55.4500,52.3600,UP,-0.0741,-0.0437,False,0.5985,1.3079,0.7950,2.1780,56.1200,52.1400,59.2500,6.9900,15.1400,True,3.7454,ALCISTA,-3.4000,62.1500,67.1400,38.4400,-10.5700,56.2000,0.9660,True,57.5400,1,58.9900,False,-4.1600,HAMMER|DOJI,7.0500,10.0000,6.0000,7.5000,4,7.0000,7.0000,False,4.3600,6.5300,1.5000,17.7109,15.6490,1.7939,2.5085,5.7890,0.1063,0.0468,0.3032,0.7332,0.5340,9.6490,34.5110,1.4110,3788124928.0000,3399000064.0000,1.1145,60018229248,0.1640,0.0100,1.8700,999637371,7.2300,9.0100,5.4800,7.2000,0.0631,OK,0,7.1600,False,10-18d,XLE,,XOM|CVX|COP,oil_price|gas_price|opec_supply|inventories,63,2026-11-09,False,2026-08-05,2.4000,1.8600,29.0000,ALCISTA FUERTE,10,770.1900,8.5000,47.5000,14.5300,"Filtros estándar (Score ≥6.5, DD ≥10%)"
MAS,Masco,Industrials,Building Products,1981-06-30,72.7000,2026-09-07,46.3100,44.5300,UP,-0.0842,-0.2332,True,0.4093,1.8017,0.7730,2.4780,75.8200,69.0200,73.1100,-4.1200,5.3300,True,1.4291,NEUTRO,-12.7000,83.2700,83.2700,57.5100,-12.7000,26.4100,1.0840,True,71.3700,3,73.6700,True,-1.8300,HAMMER|DOJI|HAMMER|BULL_ENGULF,7.9500,8.5000,7.0000,7.5000,9,7.0000,9.5000,False,4.9600,7.4300,1.5000,16.7511,15.6004,-39.2761,1.8813,11.6230,58.6250,0.1586,0.1161,0.3721,-0.0290,0.2450,,1.8650,897124992.0000,885000000.0000,1.0137,14335524864,1.2940,2.6500,1.7600,197187430,6.6400,5.0000,7.7000,7.3000,0.0626,OK,0,7.1600,False,7-15d,XLI,,CAT|UNP|HON,pmi_manufacturing|supply_chain|capex_cycle,52,2026-10-29,False,2026-07-29,1.6400,1.3100,25.1000,ALCISTA FUERTE,10,770.1900,8.5000,47.5000,14.5300,"Filtros estándar (Score ≥6.5, DD ≥10%)"
MPC,Marathon Petroleum,Energy,Oil & Gas Refining & Marketing,2011-07-01,388.9000,2026-09-07,76.0100,80.6700,DOWN,1.0259,0.6602,True,0.8887,10.4387,1.0700,2.6840,321.3600,240.3100,361.0300,21.0200,61.8300,True,7.6981,ALCISTA,-2.4100,398.5200,398.5200,160.0700,-2.4100,142.9500,0.7340,False,347.6700,1,,False,-10.6000,HAMMER,6.2500,10.0000,6.0000,5.0000,4,5.0000,7.0000,False,5.3700,8.0500,1.5000,13.4754,12.2386,5.7692,0.7365,9.2470,0.4210,0.0874,0.0555,0.1282,0.5370,3.4800,133.3280,1.2500,9249375232.0000,8545999872.0000,1.0823,113534156800,0.5270,2.8500,1.0300,291936635,7.7400,9.0400,6.9900,7.1100,0.0815,D/E:133,1,7.1400,False,10-18d,XLE,,XOM|CVX|COP,oil_price|gas_price|opec_supply|inventories,57,2026-11-03,False,2026-08-04,17.7300,13.9500,27.1000,ALCISTA FUERTE,10,770.1900,8.5000,47.5000,14.5300,"Filtros estándar (Score ≥6.5, DD ≥10%)"
SNDK,Sandisk,Information Technology,"Technology Hardware, Storage & Peripherals",2025-11-28,1740.0000,2026-09-07,46.7300,62.9800,DOWN,19.4429,9.0815,True,0.8925,109.8264,0.6070,6.3120,1550.2500,1003.9700,1534.8700,12.2400,73.3100,True,15.1008,ALCISTA,-26.1000,2354.3899,2354.3899,63.7400,-26.1000,2629.8401,1.2410,True,1514.3600,1,1827.9900,False,-12.9700,HAMMER,7.0500,10.0000,6.0000,7.5000,4,7.0000,7.0000,False,12.6200,18.9400,1.5000,23.5836,6.5729,16.4756,12.5824,19.8310,0.9164,0.4391,0.5646,0.7147,3.7160,,1.2770,2.2900,7720875008.0000,11432999936.0000,0.6753,254769070080,,0.4600,,146419001,7.1800,7.5000,8.3300,5.4600,0.0303,FCF/NI:0.68,1,7.1300,False,10-18d,XLK,,AAPL|MSFT|NVDA,interest_rates|ai_capex_cycle|semiconductor_cycle,60,2026-11-06,False,2026-08-05,39.2500,34.5200,13.7000,ALCISTA FUERTE,10,770.1900,8.5000,47.5000,14.5300,"Filtros estándar (Score ≥6.5, DD ≥10%)"
GRMN,Garmin,Consumer Discretionary,Consumer Electronics,2012-12-12,277.0300,2026-09-07,12.7000,14.0400,DOWN,-4.0992,-4.6609,True,0.1738,6.8029,0.8890,2.4560,272.5100,237.2700,285.7600,1.6600,16.7600,True,3.4370,ALCISTA,-11.8500,314.2800,314.2800,184.3500,-11.8500,50.2800,0.8930,True,231.4500,5,272.1100,False,-16.4500,HAMMER,7.7700,10.0000,8.5000,7.5000,6,6.5000,7.0000,True,4.9100,7.3700,1.5000,28.5598,25.1730,5.9189,6.9644,22.0580,0.2189,0.1217,0.2447,0.6008,0.1140,0.3530,2.5130,3.0280,1043656256.0000,1877294976.0000,0.5559,53426954240,0.8660,3.2600,1.5200,192856206,6.7000,9.7600,6.1500,3.7600,0.0195,FCF/NI:0.56,1,7.1300,True,10-18d,XLY,,AMZN|TSLA|HD,consumer_spending|employment_data|interest_rates,51,2026-10-28,False,2026-07-29,2.8100,2.2900,22.5000,ALCISTA FUERTE,10,770.1900,8.5000,47.5000,14.5300,"Filtros estándar (Score ≥6.5, DD ≥10%)"
AMCR,Amcor,Materials,Paper & Plastic Packaging Products & Materials,2019-06-07,45.1500,2026-09-07,51.7100,47.0400,UP,-0.2866,-0.2979,True,0.2289,1.0160,0.8560,2.2500,44.7000,41.5200,45.7300,1.0000,8.7300,True,1.6548,ALCISTA,-6.4200,48.2500,48.7600,35.1500,-7.4000,28.4500,0.6790,True,44.4400,3,47.3200,True,-1.5600,NONE,7.7200,10.0000,7.0000,7.5000,9,6.5000,5.0000,False,4.5000,6.7500,1.5000,18.9706,10.3634,1.7691,0.8881,9.8680,0.0940,0.0357,0.0471,0.1995,0.2590,,128.2940,1.2540,1504000000.0000,1106000000.0000,1.3599,20874909696,0.5950,5.4500,5.7600,462345690,6.7400,7.5000,4.8600,8.0500,0.0720,D/E:128,1,7.1300,False,10-18d,XLB,,LIN|APD|ECL,commodity_prices|dxy|china_demand|energy_costs,59,2026-11-05,False,2026-08-12,1.2300,1.1800,4.2000,ALCISTA FUERTE,10,770.1900,8.5000,47.5000,14.5300,"Filtros estándar (Score ≥6.5, DD ≥10%)"
MNST,Monster Beverage,Consumer Staples,Soft Drinks & Non-alcoholic Beverages,2012-06-28,43.8200,2026-09-07,40.3600,56.6900,DOWN,-0.3971,-0.1853,False,0.0493,1.0686,0.9890,2.4390,47.3900,41.7800,46.2200,-7.5400,4.8700,True,2.9318,NEUTRO,-12.6600,50.1700,50.1700,31.0400,-12.6600,41.2000,1.2670,True,37.1100,2,44.4900,False,-15.3000,HAMMER|DOJI,6.7000,8.5000,5.0000,7.5000,4,8.0000,7.0000,False,4.8800,7.3200,1.5000,40.5741,33.4844,9.1674,9.3119,28.1320,0.2570,0.1748,0.2308,0.5555,0.2020,0.1800,0.9920,3.7290,1681231104.0000,2127670016.0000,0.7902,85845647360,0.5150,3.3400,,1959051764,7.4100,10.0000,8.2600,3.3900,0.0196,OK,0,7.1300,False,7-15d,XLP,,PG|KO|PEP,inflation|input_costs|fx_rates,59,2026-11-05,False,2026-08-06,0.3000,0.2900,1.8000,ALCISTA FUERTE,10,770.1900,8.5000,47.5000,14.5300,"Filtros estándar (Score ≥6.5, DD ≥10%)"
MDT,Medtronic,Health Care,Health Care Equipment,1986-10-31,94.1700,2026-09-07,60.5600,55.8000,UP,-0.1284,-0.3603,True,0.9595,2.3064,1.0700,2.4490,86.7400,88.6700,91.0500,8.5700,6.2000,False,0.0779,ALCISTA,-1.3000,95.4100,103.7600,72.6500,-9.2400,29.6100,1.1250,False,84.9800,3,94.7200,False,-9.7600,HAMMER|DOJI|HAMMER|DOJI,6.4500,8.5000,7.0000,5.0000,6,5.0000,7.0000,False,4.9000,7.3500,1.5000,23.1946,14.7153,2.4372,3.2086,13.4900,0.1065,0.0512,0.1393,0.6527,0.1370,0.4070,55.3650,2.0670,5412499968.0000,5231000064.0000,1.0347,120456413184,0.5740,1.9900,3.0600,1279137890,7.5500,10.0000,5.8300,6.6900,0.0449,OK,0,7.1100,False,10-18d,XLV,,UNH|JNJ|LLY,fda_calendar|drug_pricing_policy|patent_cliffs,71,2026-11-17,False,2026-09-01,1.4500,1.3900,4.5000,ALCISTA FUERTE,10,770.1900,8.5000,47.5000,14.5300,"Filtros estándar (Score ≥6.5, DD ≥10%)"
NVDA,Nvidia,Information Technology,Semiconductors,2001-11-30,230.3600,2026-09-07,53.6800,50.0000,UP,0.8364,-0.3821,True,0.9187,7.6193,1.0560,3.3080,210.5700,196.5300,219.3000,9.4000,17.2200,True,1.4064,ALCISTA,-1.8700,234.7600,236.2600,163.8500,-2.5000,40.5900,1.0470,True,207.8900,2,230.1300,False,-9.7500,NONE,6.7500,10.0000,7.0000,7.5000,4,5.0000,5.0000,False,6.6200,9.9200,1.5000,29.1595,14.8437,24.2919,18.3599,27.4660,1.1721,0.5357,0.6366,0.7467,1.0590,1.2780,16.9710,4.5890,41809874944.0000,192880001024.0000,0.2168,5562502742016,2.2170,2.3500,0.4300,24147000000,7.3500,10.0000,8.2500,3.2000,0.0075,FCF/NI:0.22,1,7.1100,False,10-18d,XLK,,AAPL|MSFT|AVGO,interest_rates|ai_capex_cycle|semiconductor_cycle,71,2026-11-17,False,2026-08-26,2.2200,2.0900,6.2000,ALCISTA FUERTE,10,770.1900,8.5000,47.5000,14.5300,"Filtros estándar (Score ≥6.5, DD ≥10%)"
VEEV,Veeva Systems,Health Care,Health Care Technology,2026-05-07,275.0900,2026-09-07,69.8800,72.1600,DOWN,0.8400,2.3907,False,0.7446,11.7993,1.3970,4.2890,220.0000,198.6200,257.2200,25.0400,38.5000,True,-1.7119,ALCISTA,-7.1400,296.2400,310.5000,148.0500,-11.4000,85.8100,0.5930,True,238.9300,1,296.2400,False,-13.1400,HAMMER|DOJI,6.4500,9.5000,5.0000,7.5000,4,5.0000,7.0000,False,8.5800,12.8700,1.5000,45.0229,26.8384,6.1366,12.8798,34.8250,0.1442,0.0758,0.2934,0.7496,0.1760,0.3950,2.0410,5.4580,1257709824.0000,1014771968.0000,1.2394,44539502592,0.9740,3.5000,,161908850,7.5100,10.0000,7.8200,4.2300,0.0282,OK,0,7.0900,False,10-18d,XLV,,UNH|JNJ|LLY,fda_calendar|drug_pricing_policy|patent_cliffs,79,2026-11-25,False,2026-08-26,2.3500,2.2200,5.8000,ALCISTA FUERTE,10,770.1900,8.5000,47.5000,14.5300,"Filtros estándar (Score ≥6.5, DD ≥10%)"
BX,Blackstone Inc.,Financials,Asset Management & Custody Banks,2023-09-18,136.1500,2026-09-07,40.2500,51.1900,DOWN,-1.5484,-1.1644,False,0.0629,3.8429,0.8630,2.8230,131.9600,128.5300,139.3000,3.1700,5.9300,True,-0.0315,ALCISTA,-9.3800,150.2400,182.6800,99.7800,-25.4700,36.4500,0.8120,True,138.1200,1,145.7700,True,1.4500,HAMMER|DOJI,7.3500,9.5000,5.0000,7.5000,7,8.0000,7.0000,False,5.6500,8.4700,1.5000,30.4586,18.1762,12.0818,10.5107,,0.3137,0.1433,0.2273,1.0000,0.2860,0.5730,68.1850,0.8720,,3519035904.0000,,162739781632,1.5580,4.2200,3.8400,750625114,6.9100,10.0000,6.2700,4.0400,,OK,0,7.0900,False,10-18d,XLF,,JPM|BAC|WFC,interest_rates|yield_curve|credit_spreads|loan_growth,45,2026-10-22,False,2026-07-23,1.5200,1.3400,13.7000,ALCISTA FUERTE,10,770.1900,8.5000,47.5000,14.5300,"Filtros estándar (Score ≥6.5, DD ≥10%)"
DVA,DaVita,Health Care,Health Care Services,2008-07-31,183.9900,2026-09-07,63.4300,44.9100,UP,2.2057,1.1877,True,0.9839,4.2586,0.6440,2.3150,208.2800,164.0800,184.5800,-11.6600,12.1300,True,3.4790,NEUTRO,-25.6600,247.4900,247.4900,101.0000,-25.6600,82.1700,0.7370,True,186.6100,1,202.6200,True,1.4200,NONE,7.2000,8.5000,7.0000,7.5000,7,7.0000,5.0000,False,4.6300,6.9400,1.5000,15.6056,10.6659,-15.3799,0.8429,9.3060,0.8848,0.0751,0.0605,0.3236,0.0520,0.5580,1241.9860,1.4670,1042460032.0000,822476032.0000,1.2675,11809398784,0.8300,4.1400,,64185000,6.9800,6.6400,6.8700,7.5100,0.0883,D/E:1242,1,7.0700,False,7-15d,XLV,,UNH|JNJ|LLY,fda_calendar|drug_pricing_policy|patent_cliffs,51,2026-10-28,False,2026-08-04,4.0200,3.8800,3.5000,ALCISTA FUERTE,10,770.1900,8.5000,47.5000,14.5300,"Filtros estándar (Score ≥6.5, DD ≥10%)"
HSY,Hershey Company (The),Consumer Staples,Packaged Foods & Meats,1957-03-04,173.1500,2026-09-07,38.0800,46.5400,DOWN,-1.5736,-1.3219,False,0.0399,3.9957,0.8590,2.3080,177.9400,189.7600,179.8200,-2.6900,-8.7500,False,0.6412,BAJISTA,-9.0900,190.4600,235.8000,156.7000,-26.5700,10.4900,1.3010,True,172.3200,2,176.8400,True,-0.4800,HAMMER|HAMMER,6.8500,5.5000,6.5000,7.5000,7,8.0000,7.0000,False,4.6200,6.9200,1.5000,23.6544,17.5462,7.6247,2.8601,14.6690,0.3281,0.0992,0.1224,0.3838,0.0660,6.3100,129.8210,1.1800,1743636352.0000,1489106944.0000,1.1709,34790277120,0.0970,6.7200,3.3500,146312143,7.2200,8.5000,6.6500,6.3800,0.0501,D/E:130,1,7.0700,False,3-7d,XLP,,PG|KO|PEP,inflation|input_costs|fx_rates,59,2026-11-05,False,2026-07-30,1.9000,1.4300,33.1000,ALCISTA FUERTE,10,770.1900,8.5000,47.5000,14.5300,"Filtros estándar (Score ≥6.5, DD ≥10%)"
CVX,Chevron Corporation,Energy,Integrated Oil & Gas,1957-03-04,208.6000,2026-09-07,64.3600,70.1800,DOWN,0.3307,0.2311,True,0.7648,3.6714,0.9020,1.7600,189.9600,178.2300,202.5300,9.8100,17.0400,True,3.0998,ALCISTA,-2.1600,213.2000,213.2000,142.5100,-2.1600,46.3800,0.7000,True,184.2600,1,209.9500,False,-11.6700,NONE,6.5500,10.0000,6.0000,7.5000,4,5.0000,5.0000,False,3.5200,5.2800,1.5000,20.0770,15.5322,2.1550,1.9543,8.7520,0.1223,0.0586,0.0983,0.4427,0.5350,3.2190,18.9590,1.2520,21934000128.0000,20590999552.0000,1.0652,409190465536,0.4910,2.0500,3.4100,1961603274,7.4200,9.0200,6.3200,6.8300,0.0536,OK,0,7.0700,False,10-18d,XLE,,XOM|COP|SLB,oil_price|gas_price|opec_supply|inventories,53,2026-10-30,False,2026-07-31,6.0600,5.5700,8.8000,ALCISTA FUERTE,10,770.1900,8.5000,47.5000,14.5300,"Filtros estándar (Score ≥6.5, DD ≥10%)"
CASY,Casey's,Consumer Staples,Food Retail,2026-04-09,756.0900,2026-09-07,22.1700,29.8400,DOWN,-7.8002,-10.5203,True,0.1738,25.9421,0.8760,3.4310,826.4200,726.2600,798.8100,-8.5100,4.1100,True,4.0455,NEUTRO,-18.4500,927.1500,927.1500,496.2000,-18.4500,52.3800,1.2510,True,768.5400,3,883.7500,True,1.6500,NONE,7.7200,8.5000,8.5000,7.5000,9,6.5000,5.0000,True,6.8600,10.2900,1.5000,39.5238,32.0056,7.0610,1.5932,20.3300,0.1915,0.0761,0.0407,0.2461,0.1450,0.6600,73.5140,1.0100,550939648.0000,714448000.0000,0.7711,27979044864,0.5920,3.8900,0.3400,37004914,6.6200,10.0000,5.9300,3.4800,0.0197,OK,0,7.0600,True,5-10d,XLP,,PG|KO|PEP,inflation|input_costs|fx_rates,1,2026-09-08,True,2026-06-09,4.3700,3.3100,32.1000,ALCISTA FUERTE,10,770.1900,8.5000,47.5000,14.5300,"Filtros estándar (Score ≥6.5, DD ≥10%)"
TRV,Travelers Companies (The),Financials,Property & Casualty Insurance,2002-08-21,369.3500,2026-09-07,55.3300,42.0300,UP,-0.7332,-1.6646,True,0.5392,6.2271,0.7820,1.6860,363.1400,311.0900,368.7800,1.7100,18.7300,True,3.1927,ALCISTA,-7.3600,398.7000,398.7000,249.3100,-7.3600,48.1500,0.7470,True,371.6200,2,398.7000,True,0.6200,HAMMER|DOJI,7.7000,10.0000,7.0000,7.5000,7,7.0000,7.0000,False,3.3700,5.0600,1.5000,9.9314,12.2266,2.3262,1.5729,7.0600,0.2651,0.0478,0.1695,0.3473,0.0030,0.5710,27.3780,0.3230,14775124992.0000,8242999808.0000,1.7924,77037182976,0.4510,2.7400,1.3500,208575022,6.6300,5.0000,7.3200,7.7300,0.1918,OK,0,7.0600,False,10-18d,XLF,,JPM|BAC|WFC,interest_rates|yield_curve|credit_spreads|loan_growth,38,2026-10-15,False,2026-07-17,10.0400,5.3900,86.1000,ALCISTA FUERTE,10,770.1900,8.5000,47.5000,14.5300,"Filtros estándar (Score ≥6.5, DD ≥10%)"
MPWR,Monolithic Power Systems,Information Technology,Semiconductors,2021-02-12,1223.8600,2026-09-07,20.0300,34.5700,DOWN,-10.2867,-10.2862,False,0.1708,47.1007,0.5360,3.8490,1328.4500,1247.9700,1289.9200,-7.8700,-1.9300,True,2.5900,BAJISTA,-26.4600,1664.1000,1711.4800,824.2300,-28.4900,48.4800,1.0970,True,1234.3500,3,1475.3800,True,0.8600,NONE,7.6800,7.0000,7.5000,7.5000,10,8.5000,5.0000,False,7.7000,11.5500,1.5000,74.6256,35.0971,15.4393,18.3750,58.7330,0.2198,0.1357,0.2450,0.5520,0.4760,0.8580,0.4860,4.9750,444316128.0000,801945984.0000,0.5540,60144152576,1.6640,2.1400,0.6500,49143000,6.6300,10.0000,6.9100,2.3600,0.0074,FCF/NI:0.55,1,7.0500,False,3-7d,XLK,,AAPL|MSFT|NVDA,interest_rates|ai_capex_cycle|semiconductor_cycle,52,2026-10-29,False,2026-07-30,6.5000,5.8800,10.5000,ALCISTA FUERTE,10,770.1900,8.5000,47.5000,14.5300,"Filtros estándar (Score ≥6.5, DD ≥10%)"
COST,Costco,Consumer Staples,Consumer Staples Merchandise Retail,1993-10-01,915.7400,2026-09-07,37.4900,47.6600,DOWN,-3.9706,-1.7020,False,-0.0528,18.0171,0.9460,1.9670,943.0100,957.9000,942.2300,-2.8900,-4.4000,False,0.2758,BAJISTA,-7.8500,993.8000,1094.7600,840.3500,-16.3500,8.9700,1.1720,True,923.3800,5,1031.1600,True,0.8300,HAMMER,7.3000,5.5000,6.5000,7.5000,10,8.0000,7.0000,False,3.9300,5.9000,1.5000,46.0866,40.4690,24.5652,1.3833,29.3310,0.2915,0.0867,0.0301,0.1288,0.2150,0.4550,60.2570,1.0720,6954375168.0000,8837999616.0000,0.7869,406111289344,0.8550,3.8200,0.6400,443478804,6.8400,10.0000,6.9800,2.9800,0.0171,OK,0,7.0200,False,3-7d,XLP,,PG|KO|PEP,inflation|input_costs|fx_rates,17,2026-09-24,False,2026-05-28,4.9300,4.9200,14.0000,ALCISTA FUERTE,10,770.1900,8.5000,47.5000,14.5300,"Filtros estándar (Score ≥6.5, DD ≥10%)"
FIS,Fidelity National Information Services,Financials,Transaction & Payment Processing Services,2006-11-10,41.8900,2026-09-07,55.9400,44.5100,UP,0.0915,-0.1241,True,0.5857,1.1514,0.7690,2.7490,41.9100,48.9600,41.6400,-0.0400,-14.4500,False,-4.2747,BAJISTA,-10.8700,47.0000,68.0700,37.4200,-38.4600,11.9500,1.2730,False,40.3800,4,47.2300,True,-3.6000,HAMMER|DOJI|HAMMER,6.5000,5.0000,7.0000,5.0000,9,7.0000,7.0000,False,5.5000,8.2500,1.5000,6.4347,6.2513,1.3478,1.7748,11.9520,0.2235,0.0428,0.2765,0.3584,0.2910,,132.5100,0.5350,2653125120.0000,3372999936.0000,0.7866,21652066304,0.8010,2.5400,4.2000,516879151,7.3700,7.5000,5.7300,9.1200,0.1225,OK,0,7.0200,False,3-7d,XLF,,JPM|BAC|WFC,interest_rates|yield_curve|credit_spreads|loan_growth,58,2026-11-04,False,2026-08-04,1.4800,1.4700,54.0000,ALCISTA FUERTE,10,770.1900,8.5000,47.5000,14.5300,"Filtros estándar (Score ≥6.5, DD ≥10%)"
UBER,Uber,Industrials,Passenger Ground Transportation,2023-12-18,75.7600,2026-09-07,52.3000,52.3900,DOWN,-0.4151,-0.2778,False,0.3038,2.5864,1.0030,3.4140,74.0900,76.3200,76.1700,2.2500,-0.7400,False,-2.1838,BAJISTA,-8.0200,82.3600,101.9900,65.4100,-25.7200,15.8200,0.9300,True,73.9700,1,76.3000,True,-2.3600,NONE,6.2500,6.5000,5.0000,7.5000,8,5.0000,5.0000,False,6.8300,10.2400,1.5000,16.6140,17.2912,5.6580,2.8020,22.0990,0.3716,0.0688,0.1734,0.4075,0.1220,0.8550,51.8720,0.8430,7244749824.0000,9578999808.0000,0.7563,154744356864,1.1590,2.3000,,2042560121,7.4900,8.4400,6.7700,7.2200,0.0468,OK,0,6.9900,False,3-7d,XLI,,CAT|UNP|HON,pmi_manufacturing|supply_chain|capex_cycle,57,2026-11-03,False,2026-08-05,1.1700,0.8300,40.2000,ALCISTA FUERTE,10,770.1900,8.5000,47.5000,14.5300,"Filtros estándar (Score ≥6.5, DD ≥10%)"
RTX,RTX Corporation,Industrials,Aerospace & Defense,1957-03-04,200.7900,2026-09-07,21.8000,31.5000,DOWN,-2.3982,-2.2393,False,0.1046,4.4057,0.9050,2.1940,207.2100,191.8100,209.6300,-3.1000,4.6800,True,2.0903,NEUTRO,-11.3200,226.4100,226.4100,148.4100,-11.3200,35.3000,0.6980,True,191.6200,3,203.5500,False,-4.5700,HAMMER|DOJI|HAMMER|DOJI,7.5000,8.5000,7.5000,7.5000,6,8.0000,7.0000,False,4.3900,6.5800,1.5000,35.3504,25.5593,4.0770,2.8943,19.0580,0.1227,0.0421,0.0828,0.2035,0.1450,0.2870,57.0200,1.0110,9880000512.0000,7737999872.0000,1.2768,270616330240,0.2870,2.6000,1.4500,1347758144,6.6500,9.1800,5.1200,5.4800,0.0365,OK,0,6.9900,False,7-15d,XLI,,CAT|UNP|HON,pmi_manufacturing|supply_chain|capex_cycle,43,2026-10-20,False,2026-07-23,1.8900,1.6600,13.7000,ALCISTA FUERTE,10,770.1900,8.5000,47.5000,14.5300,"Filtros estándar (Score ≥6.5, DD ≥10%)"
CHRW,C.H. Robinson,Industrials,Air Freight & Logistics,2007-03-02,147.6400,2026-09-07,57.6500,53.9500,UP,1.6525,2.0262,False,0.6320,3.7164,0.6090,2.5170,167.4800,171.3400,149.5500,-11.8500,-13.8300,False,0.2774,BAJISTA,-29.5000,209.4300,209.4300,121.7800,-29.5000,21.2300,0.9020,True,149.2400,1,152.5900,True,1.0900,HAMMER|DOJI|BULL_ENGULF,6.8500,5.5000,6.0000,7.5000,7,7.0000,9.5000,False,5.0300,7.5500,1.5000,28.1756,19.6874,10.6231,1.0150,20.4470,0.3712,0.0996,0.0373,0.0845,0.1930,0.2380,121.1880,1.5820,480618368.0000,633326976.0000,0.7589,17251919872,0.9430,1.9500,1.7100,116851258,7.0900,9.9100,6.3900,4.6200,0.0279,D/E:121,1,6.9900,False,3-7d,XLI,,CAT|UNP|HON,pmi_manufacturing|supply_chain|capex_cycle,51,2026-10-28,False,2026-07-29,1.6100,1.5200,5.6000,ALCISTA FUERTE,10,770.1900,8.5000,47.5000,14.5300,"Filtros estándar (Score ≥6.5, DD ≥10%)"
SMCI,Supermicro,Information Technology,"Technology Hardware, Storage & Peripherals",2024-03-18,39.5900,2026-09-07,54.3500,63.1700,DOWN,-0.0810,-0.1504,True,0.7925,2.2300,0.8260,5.6330,31.7100,31.3700,36.3100,24.8600,26.2100,True,-2.5566,ALCISTA,-6.4300,42.3100,58.7800,19.4800,-32.6500,103.2300,0.9760,True,34.0900,1,39.4700,False,-13.8900,HAMMER|BULL_ENGULF,6.9000,9.5000,6.0000,7.5000,4,5.0000,9.5000,False,11.2700,16.9000,1.5000,12.1442,7.4335,2.3688,0.6556,11.3130,0.2147,0.0788,0.0571,0.1082,0.9320,4.3470,63.9510,3.8720,-8248783872.0000,2195842048.0000,-3.7565,25609703424,1.9960,1.6100,,646873027,7.0300,10.0000,4.9500,6.0000,-0.3221,FCF/NI:-3.76,1,6.9800,False,10-18d,XLK,,AAPL|MSFT|NVDA,interest_rates|ai_capex_cycle|semiconductor_cycle,57,2026-11-03,False,2026-08-11,1.7000,0.9600,77.5000,ALCISTA FUERTE,10,770.1900,8.5000,47.5000,14.5300,"Filtros estándar (Score ≥6.5, DD ≥10%)"
CAT,Caterpillar Inc.,Industrials,Construction Machinery & Heavy Transportation Equipment,1957-03-04,813.9400,2026-09-07,31.6100,39.2900,DOWN,0.6761,-2.5312,True,0.4054,24.6057,0.6410,3.0230,872.1600,771.1200,820.7600,-6.6800,5.5500,True,3.6776,NEUTRO,-24.0400,1071.4700,1071.4700,412.7200,-24.0400,97.2100,0.8830,True,801.0000,1,887.9100,True,-1.5900,BULL_ENGULF|HAMMER,7.7500,8.5000,7.5000,7.5000,7,7.0000,9.5000,True,6.0500,9.0700,1.5000,35.0836,25.1392,19.2909,5.0067,25.4350,0.5697,0.0903,0.1451,0.2971,0.2400,0.6820,232.7830,1.3680,5048999936.0000,10844000256.0000,0.4656,374147776512,1.5940,2.1200,0.8000,459674889,6.4600,10.0000,5.7900,3.1200,0.0135,FCF/NI:0.47|D/E:233,2,6.9800,False,7-15d,XLI,,UNP|HON|RTX,pmi_manufacturing|supply_chain|capex_cycle,52,2026-10-29,False,2026-08-04,8.1700,6.2000,31.8000,ALCISTA FUERTE,10,770.1900,8.5000,47.5000,14.5300,"Filtros estándar (Score ≥6.5, DD ≥10%)"
MS,Morgan Stanley,Financials,Investment Banking & Brokerage,1993-07-29,217.7200,2026-09-07,49.2900,49.0500,UP,0.1785,-0.3572,True,0.7418,4.6957,0.7820,2.1570,215.0200,189.2800,214.6900,1.2600,15.0300,True,2.9586,ALCISTA,-5.7400,230.9800,230.9800,143.0500,-5.7400,52.2000,0.8270,True,205.1400,5,217.9600,False,-5.7800,HAMMER|DOJI,7.5500,10.0000,7.0000,7.5000,6,7.0000,7.0000,False,4.3100,6.4700,1.5000,17.5722,15.9591,3.2112,4.3936,,0.1797,0.0135,0.2590,0.8764,0.2800,0.6240,517.2820,1.9990,,19547000832.0000,,341943681024,1.2070,0.0000,2.1100,1570566292,6.5900,10.0000,4.7500,4.7600,,D/E:517,1,6.9700,False,10-18d,XLF,,JPM|BAC|WFC,interest_rates|yield_curve|credit_spreads|loan_growth,37,2026-10-14,False,2026-07-15,3.4600,2.9300,17.9000,ALCISTA FUERTE,10,770.1900,8.5000,47.5000,14.5300,"Filtros estándar (Score ≥6.5, DD ≥10%)"
PRU,Prudential Financial,Financials,Life & Health Insurance,2002-07-22,122.0200,2026-09-07,46.8600,45.9500,UP,-0.1721,-0.8047,True,0.6554,2.4857,1.0660,2.0370,117.9800,105.5000,120.2600,3.4200,15.6600,True,2.1156,ALCISTA,-3.3600,126.2600,126.2600,89.6200,-3.3600,36.1500,0.9250,True,116.2900,1,124.7700,False,-4.7000,HAMMER|DOJI,6.9500,10.0000,7.0000,7.5000,4,5.0000,7.0000,False,4.0700,6.1100,1.5000,11.0626,8.2142,1.3340,0.6454,12.0350,0.1201,0.0043,0.0601,0.2902,0.1410,0.8920,163.8910,0.7770,7527750144.0000,3872000000.0000,1.9442,42096898048,0.8190,6.6500,4.5900,345000000,6.9800,8.4500,4.7300,7.8800,0.1788,D/E:164,1,6.9700,False,10-18d,XLF,,JPM|BAC|WFC,interest_rates|yield_curve|credit_spreads|loan_growth,51,2026-10-28,False,2026-08-04,4.0800,3.5200,16.0000,ALCISTA FUERTE,10,770.1900,8.5000,47.5000,14.5300,"Filtros estándar (Score ≥6.5, DD ≥10%)"
NEM,Newmont,Materials,Gold,1969-06-30,128.0900,2026-09-07,58.3900,62.6100,DOWN,-0.8414,-0.5733,False,0.6358,4.9826,1.1930,3.8900,106.9400,108.0300,122.6400,19.7800,18.5700,False,3.9283,ALCISTA,-5.1200,135.0100,135.0100,74.5200,-5.1200,71.8800,0.7060,False,106.4000,1,135.0100,False,-16.9300,HAMMER|DOJI,5.7500,8.5000,5.0000,5.0000,4,5.0000,7.0000,False,7.7800,11.6700,1.5000,16.1526,12.7015,3.8489,5.2380,7.7220,0.2591,0.1575,0.3336,0.6804,0.1510,0.1140,15.8070,2.5460,8815875072.0000,8597000192.0000,1.0255,134967443456,0.5430,2.4800,0.8100,1053692271,7.7800,6.7700,8.6300,7.9600,0.0653,OK,0,6.9700,False,10-18d,XLB,Gold Miner,LIN|APD|ECL,gold_price|real_yields|commodity_prices|dxy|china_demand|energy_costs,45,2026-10-22,False,2026-07-23,2.1000,1.9900,5.7000,ALCISTA FUERTE,10,770.1900,8.5000,47.5000,14.5300,"Filtros estándar (Score ≥6.5, DD ≥10%)"
TER,Teradyne,Information Technology,Semiconductor Materials & Equipment,2020-09-21,357.0300,2026-09-07,23.7000,47.3900,DOWN,-4.2149,-6.1226,True,0.3401,20.6990,0.6620,5.7980,371.7900,316.0700,364.3100,-3.9700,12.9600,True,7.0321,NEUTRO,-26.8000,487.7200,487.7200,109.3500,-26.8000,226.5100,0.9640,True,340.2100,1,380.8800,False,-4.7100,BULL_ENGULF,7.3000,8.5000,8.5000,7.5000,4,7.0000,7.5000,True,11.6000,17.3900,1.5000,49.0426,30.6399,16.2530,12.5040,36.9460,0.3646,0.1975,0.2577,0.5924,1.0390,3.8580,2.8830,2.1250,437381248.0000,1150220032.0000,0.3803,55818338304,1.7780,1.9500,0.1500,156340750,6.7300,10.0000,6.9200,2.6900,0.0078,FCF/NI:0.38,1,6.9600,True,7-15d,XLK,,AAPL|MSFT|NVDA,interest_rates|ai_capex_cycle|semiconductor_cycle,44,2026-10-21,False,2026-07-28,2.4700,2.0500,20.3000,ALCISTA FUERTE,10,770.1900,8.5000,47.5000,14.5300,"Filtros estándar (Score ≥6.5, DD ≥10%)"
JPM,JPMorgan Chase,Financials,Diversified Banks,1975-06-30,358.6400,2026-09-07,46.9600,46.8700,UP,-0.5602,-1.2720,True,0.5189,5.7264,0.8280,1.5970,349.6300,316.3200,356.5000,2.5800,13.3800,True,1.7807,ALCISTA,-2.1400,366.5000,366.5000,276.4300,-2.1400,29.7400,0.8930,True,350.8000,2,366.5000,True,-2.1800,NONE,7.2000,10.0000,7.0000,7.5000,7,5.0000,5.0000,False,3.1900,4.7900,1.5000,15.3593,14.3416,2.6964,5.1164,,0.1779,0.0136,0.3492,0.0000,0.3040,0.4690,,,,63634001920.0000,,953331941376,0.9750,3.3900,1.6700,2658186195,6.8000,10.0000,5.1600,4.9800,,OK,0,6.9600,False,10-18d,XLF,,BAC|WFC|GS,interest_rates|yield_curve|credit_spreads|loan_growth,36,2026-10-13,False,2026-07-14,6.1400,5.8000,5.9000,ALCISTA FUERTE,10,770.1900,8.5000,47.5000,14.5300,"Filtros estándar (Score ≥6.5, DD ≥10%)"
JBHT,J.B. Hunt,Industrials,Cargo Ground Transportation,2015-07-01,273.7700,2026-09-07,42.8000,45.7300,DOWN,0.3779,-1.2224,True,0.6468,8.6136,0.9740,3.1460,276.0500,236.7200,268.2300,-0.8300,15.6500,True,4.5262,NEUTRO,-8.5200,299.2600,299.2600,129.0600,-8.5200,112.1200,1.0720,True,268.9400,1,287.9300,True,-1.7700,NONE,6.7000,8.5000,6.0000,7.5000,7,5.0000,5.0000,False,6.2900,9.4400,1.5000,38.8878,27.0646,7.0304,2.0240,16.1950,0.1845,0.0738,0.0531,0.1850,0.1940,0.4580,38.3730,1.2550,903028352.0000,674505024.0000,1.3388,25707001856,1.2890,2.7100,0.6600,93900000,7.1200,10.0000,6.0600,5.0000,0.0351,OK,0,6.9500,False,7-15d,XLI,,CAT|UNP|HON,pmi_manufacturing|supply_chain|capex_cycle,38,2026-10-15,False,2026-07-15,1.9100,1.7400,9.6000,ALCISTA FUERTE,10,770.1900,8.5000,47.5000,14.5300,"Filtros estándar (Score ≥6.5, DD ≥10%)"
HST,Host Hotels & Resorts,Real Estate,Hotel & Resort REITs,2007-03-20,22.0500,2026-09-07,36.1300,42.5900,DOWN,-0.0652,-0.1310,True,0.2227,0.4050,0.7450,1.8370,23.4600,20.2300,22.6500,-6.0300,9.0000,True,3.4670,NEUTRO,-14.2400,25.7100,25.7100,14.5900,-14.2400,51.1300,0.6270,True,22.2800,1,23.4200,True,1.0400,NONE,7.5200,8.5000,7.5000,7.5000,7,8.5000,5.0000,True,3.6700,5.5100,1.5000,14.7987,20.9858,2.3644,2.4573,11.2270,0.1556,0.0433,0.1647,0.2919,0.0360,0.0840,85.2980,1.6710,1692375040.0000,1027000000.0000,1.6479,15318718464,1.1010,4.3900,3.6300,685124399,6.5600,4.0400,7.5700,8.3100,0.1105,D/E:85,1,6.9400,True,7-15d,XLRE,,PLD|AMT|EQIX,interest_rates|cap_rates|occupancy_trends,58,2026-11-04,False,2026-08-05,0.3500,0.3400,4.4000,ALCISTA FUERTE,10,770.1900,8.5000,47.5000,14.5300,"Filtros estándar (Score ≥6.5, DD ≥10%)"
NTRS,Northern Trust,Financials,Asset Management & Custody Banks,1998-01-30,186.6300,2026-09-07,42.0700,47.5100,DOWN,-0.3232,-0.7064,True,0.5274,3.7084,0.9340,1.9870,182.9800,156.9400,185.0400,2.0000,18.9200,True,4.0605,ALCISTA,-4.2200,194.8600,194.8600,118.6100,-4.2200,57.3500,0.7970,True,181.5500,1,187.8600,True,-2.7200,HAMMER,7.2000,10.0000,6.0000,7.5000,7,5.0000,7.0000,False,3.9700,5.9600,1.5000,16.0197,14.7297,2.7280,3.7582,,0.1707,0.0128,0.2467,0.0000,0.3640,0.9860,,,,2181299968.0000,,34145013760,1.2570,3.0900,1.7600,182955653,6.7600,10.0000,5.0900,4.9200,,OK,0,6.9400,False,10-18d,XLF,,JPM|BAC|WFC,interest_rates|yield_curve|credit_spreads|loan_growth,44,2026-10-21,False,2026-07-22,4.2300,4.6200,-8.3000,ALCISTA FUERTE,10,770.1900,8.5000,47.5000,14.5300,"Filtros estándar (Score ≥6.5, DD ≥10%)"
FANG,Diamondback Energy,Energy,Oil & Gas Exploration & Production,2018-12-03,199.2200,2026-09-07,39.0700,49.6800,DOWN,-0.7892,-0.8276,True,0.2817,5.4579,0.9080,2.7400,194.4700,179.0700,201.1200,2.4400,11.2500,True,3.6206,ALCISTA,-8.1500,216.9000,216.9000,131.1400,-8.1500,51.9100,0.9690,False,196.6500,1,202.6700,True,-1.2900,HAMMER,7.2200,10.0000,7.5000,5.0000,7,6.5000,7.0000,False,5.4800,8.2200,1.5000,37.8745,11.0166,1.4748,3.4492,6.2840,0.0349,0.0131,0.0903,0.7235,0.5250,1.7950,28.6780,0.4670,5035500032.0000,1458000000.0000,3.4537,56043237376,0.4140,4.1900,2.2100,281313297,6.7600,8.9400,4.6200,6.7100,0.0899,OK,0,6.9400,False,10-18d,XLE,,XOM|CVX|COP,oil_price|gas_price|opec_supply|inventories,56,2026-11-02,False,2026-08-03,6.4800,5.9800,8.3000,ALCISTA FUERTE,10,770.1900,8.5000,47.5000,14.5300,"Filtros estándar (Score ≥6.5, DD ≥10%)"
DOC,Healthpeak Properties,Real Estate,Health Care REITs,2008-03-31,20.6500,2026-09-07,51.2500,52.8300,DOWN,-0.0303,-0.0161,False,0.3088,0.4064,0.8780,1.9680,21.4400,18.2000,21.0800,-3.6800,13.4800,True,2.2368,NEUTRO,-9.5800,22.8400,22.8400,15.0400,-9.5800,37.3100,0.7370,True,20.4600,2,21.8600,True,-0.9300,NONE,6.5000,8.5000,5.0000,7.5000,7,5.0000,5.0000,False,3.9400,5.9000,1.5000,59.0000,147.5000,1.8149,4.9630,15.6430,0.0304,0.0151,0.0825,0.5765,0.1110,0.6820,108.6530,2.2860,1645113088.0000,242743008.0000,6.7772,14639760384,0.9890,3.8000,5.9100,689527260,7.2300,10.0000,5.0200,6.5700,0.1124,D/E:109,1,6.9400,False,7-15d,XLRE,,PLD|AMT|EQIX,interest_rates|cap_rates|occupancy_trends,45,2026-10-22,False,2026-08-04,0.0800,0.0300,198.6000,ALCISTA FUERTE,10,770.1900,8.5000,47.5000,14.5300,"Filtros estándar (Score ≥6.5, DD ≥10%)"
NXPI,NXP Semiconductors,Information Technology,Semiconductors,2021-03-22,227.8400,2026-09-07,43.9200,36.5300,UP,1.9496,1.3395,True,0.5083,5.6107,0.4550,2.4630,250.2700,242.5400,230.0100,-8.9600,-6.0600,True,0.9080,BAJISTA,-30.1900,326.3900,338.8000,180.6300,-32.7500,26.1300,0.9970,True,218.1100,2,242.4900,False,-4.2700,HAMMER|DOJI|HAMMER|DOJI,6.8000,7.0000,7.0000,7.5000,5,7.0000,7.0000,False,4.9300,7.3900,1.5000,19.4564,12.5910,5.0420,4.3574,12.9380,0.2792,0.1046,0.2256,0.5610,0.1950,0.7260,93.3250,2.0400,3555000064.0000,2975000064.0000,1.1950,57451827200,1.8170,2.1700,1.7800,252164174,7.0300,6.9300,5.9600,8.3900,0.0619,D/E:93,1,6.9400,False,3-7d,XLK,,AAPL|MSFT|NVDA,interest_rates|ai_capex_cycle|semiconductor_cycle,49,2026-10-26,False,2026-07-28,3.6100,3.5300,2.4000,ALCISTA FUERTE,10,770.1900,8.5000,47.5000,14.5300,"Filtros estándar (Score ≥6.5, DD ≥10%)"
TGT,Target Corporation,Consumer Staples,Consumer Staples Merchandise Retail,1976-12-31,164.4400,2026-09-07,67.3700,64.9600,UP,-0.5133,-0.1875,False,0.6999,5.3086,1.2340,3.2280,146.3600,120.7800,159.1800,12.3600,36.1500,True,6.2182,ALCISTA,-3.7000,170.7500,170.7500,81.2000,-3.7000,102.5000,0.5870,True,146.2100,1,170.7500,False,-11.0900,HAMMER|DOJI|BULL_ENGULF,7.0000,10.0000,6.0000,7.5000,4,5.0000,9.5000,False,6.4600,9.6800,1.5000,17.0581,17.2329,4.1867,0.6936,10.2980,0.2641,0.0569,0.0408,0.2838,0.0530,1.0050,107.5830,0.9880,3432999936.0000,4392000000.0000,0.7816,74703691776,0.9860,3.8000,2.8200,454291461,6.8800,7.7100,6.1900,6.7100,0.0460,D/E:108,1,6.9300,False,10-18d,XLP,,PG|KO|PEP,inflation|input_costs|fx_rates,72,2026-11-18,False,2026-08-19,4.1100,2.3400,75.8000,ALCISTA FUERTE,10,770.1900,8.5000,47.5000,14.5300,"Filtros estándar (Score ≥6.5, DD ≥10%)"
AMD,Advanced Micro Devices,Information Technology,Semiconductors,2017-03-20,477.5700,2026-09-07,40.1000,48.7200,DOWN,0.1388,-0.6720,True,0.5395,18.4786,0.5450,3.8690,499.2700,341.0000,474.9100,-4.3500,40.0500,True,7.1348,NEUTRO,-18.3300,584.7300,584.7300,149.2200,-18.3300,220.0400,1.1230,True,464.2100,3,494.8700,True,-2.8000,HAMMER,7.5000,8.5000,6.0000,7.5000,9,7.0000,7.0000,False,7.7400,11.6100,1.5000,121.8291,30.7850,11.5940,18.8747,80.6090,0.1020,0.0513,0.1558,0.5572,0.5010,1.5950,6.3610,2.6090,8841499648.0000,6469000192.0000,1.3667,779621105664,2.4760,1.4200,,1632475042,6.5500,10.0000,6.5400,2.5400,0.0113,OK,0,6.9300,False,7-15d,XLK,,AAPL|MSFT|NVDA,interest_rates|ai_capex_cycle|semiconductor_cycle,57,2026-11-03,False,2026-08-04,1.6600,1.6100,3.2000,ALCISTA FUERTE,10,770.1900,8.5000,47.5000,14.5300,"Filtros estándar (Score ≥6.5, DD ≥10%)"
PSA,Public Storage,Real Estate,Self-Storage REITs,2005-08-19,302.0100,2026-09-07,25.0800,33.1100,DOWN,-2.3178,-2.4988,True,0.0770,6.0793,0.8580,2.0130,320.4400,294.4900,314.3600,-5.7500,2.5500,True,1.4156,NEUTRO,-10.0000,335.5500,335.5500,251.6200,-10.0000,20.0300,0.6870,True,289.3000,3,330.7800,False,-4.2100,HAMMER|DOJI,7.7000,8.5000,8.5000,7.5000,6,8.0000,7.0000,False,4.0300,6.0400,1.5000,28.8178,29.8530,10.9579,11.4855,19.6140,0.2193,0.0698,0.4163,0.7442,0.0330,0.4510,109.6320,0.2200,2334240256.0000,1845432960.0000,1.2649,56399085568,0.9350,4.4000,3.9700,186745748,6.4000,6.3700,7.1000,5.6200,0.0414,D/E:110,1,6.9200,False,7-15d,XLRE,,PLD|AMT|EQIX,interest_rates|cap_rates|occupancy_trends,51,2026-10-28,False,2026-07-29,2.4500,2.5300,-2.9000,ALCISTA FUERTE,10,770.1900,8.5000,47.5000,14.5300,"Filtros estándar (Score ≥6.5, DD ≥10%)"
NFLX,Netflix,Communication Services,Movies & Entertainment,2010-12-20,78.2500,2026-09-07,55.8500,63.5300,DOWN,-0.0747,0.2415,False,0.3954,2.3293,0.9630,2.9770,75.4400,86.8800,79.2500,3.7200,-9.9400,False,-3.5977,BAJISTA,-6.4000,83.6000,126.7100,65.0800,-38.2400,20.2400,1.4290,True,70.8600,1,78.4400,False,-9.4400,HAMMER,5.8500,6.5000,5.0000,7.5000,4,5.0000,7.0000,False,5.9500,8.9300,1.5000,24.6069,20.4794,10.8065,6.7361,22.6360,0.4954,0.1608,0.2822,0.4912,0.1340,0.1110,55.2360,1.1420,25387552768.0000,13649642496.0000,1.8599,325828280320,1.5260,2.0600,,4163939676,7.6000,8.4800,7.7200,6.4200,0.0779,OK,0,6.9000,False,3-7d,XLC,,GOOGL|META|DIS,ad_spending_cycle|streaming_competition|regulation,43,2026-10-20,False,2026-07-16,0.8000,0.7900,1.4000,ALCISTA FUERTE,10,770.1900,8.5000,47.5000,14.5300,"Filtros estándar (Score ≥6.5, DD ≥10%)"
AMGN,Amgen,Health Care,Biotechnology,1992-01-02,437.2300,2026-09-07,62.8200,62.8500,DOWN,-1.5473,-1.3199,False,0.6440,9.2731,0.9400,2.1210,395.3200,354.2200,427.6400,10.6000,23.4400,True,3.7576,ALCISTA,-2.1900,447.0300,447.0300,262.4900,-2.1900,66.5700,0.7370,True,353.7800,4,447.0300,False,-19.0900,HAMMER|HAMMER|HAMMER|DOJI,6.8500,10.0000,5.0000,7.5000,6,5.0000,7.0000,False,4.2400,6.3600,1.5000,27.1740,17.9128,20.2234,6.2050,16.1970,0.9147,0.0867,0.2295,0.7189,0.0950,0.6490,490.2810,1.3710,8645624832.0000,8743000064.0000,0.9889,236380536832,0.4260,4.5800,2.3100,540632005,6.9300,8.4000,6.9100,5.2400,0.0366,D/E:490,1,6.9000,False,10-18d,XLV,,UNH|JNJ|LLY,fda_calendar|drug_pricing_policy|patent_cliffs,57,2026-11-03,False,2026-08-04,6.2900,5.6200,12.0000,ALCISTA FUERTE,10,770.1900,8.5000,47.5000,14.5300,"Filtros estándar (Score ≥6.5, DD ≥10%)"
CIEN,Ciena,Information Technology,Communications Equipment,2026-02-09,321.0000,2026-09-07,20.5400,47.9300,DOWN,-7.7504,-2.7750,False,0.0004,24.2257,0.7570,7.5470,404.7400,377.1600,377.9700,-20.6900,-14.8900,True,5.6042,BAJISTA,-35.0900,494.5300,637.5100,113.6600,-49.6500,182.4200,1.4060,False,323.2900,1,420.6400,True,0.7100,HAMMER|DOJI,7.5500,7.0000,7.5000,7.0000,7,10.0000,7.0000,False,15.0900,22.6400,1.5000,71.9731,27.7202,14.9011,7.5604,45.0260,0.2240,0.0773,0.1087,0.4407,0.3700,4.2290,107.4960,3.7970,633368384.0000,654409984.0000,0.9678,45520535552,1.3090,1.3500,,141808525,6.4500,9.8900,6.0300,2.9200,0.0139,D/E:107,1,6.8900,False,3-7d,XLK,,AAPL|MSFT|NVDA,interest_rates|ai_capex_cycle|semiconductor_cycle,-4,2026-12-10,False,2026-09-03,2.1100,1.7300,22.1000,ALCISTA FUERTE,10,770.1900,8.5000,47.5000,14.5300,"Filtros estándar (Score ≥6.5, DD ≥10%)"
ODFL,Old Dominion,Industrials,Cargo Ground Transportation,2019-12-09,185.8700,2026-09-07,15.8900,30.5700,DOWN,-1.4398,-1.1734,False,0.0766,6.5173,0.8550,3.5060,214.3100,196.0000,200.1000,-13.2700,-5.1700,True,3.4248,BAJISTA,-25.2200,248.5500,251.6400,125.2300,-26.1400,48.4200,1.4480,False,189.4600,1,233.1300,True,1.9300,HAMMER|HAMMER|DOJI,7.4000,7.0000,7.5000,7.0000,8,8.0000,7.0000,False,7.0100,10.5200,1.5000,35.7442,27.9756,8.4802,6.8793,21.3450,0.2482,0.1578,0.1944,0.3957,0.1040,0.3230,0.4400,1.8890,970776000.0000,1089276032.0000,0.8912,38541373440,1.1650,4.2900,0.6200,207356622,6.5500,7.8500,7.2300,4.2200,0.0252,OK,0,6.8900,False,3-7d,XLI,,CAT|UNP|HON,pmi_manufacturing|supply_chain|capex_cycle,51,2026-10-28,False,2026-07-29,1.6800,1.5300,9.7000,ALCISTA FUERTE,10,770.1900,8.5000,47.5000,14.5300,"Filtros estándar (Score ≥6.5, DD ≥10%)"
CBOE,Cboe Global Markets,Financials,Financial Exchanges & Data,2017-03-01,298.3800,2026-09-07,52.4500,68.7600,DOWN,-1.0098,0.7513,False,0.5232,11.2986,0.9590,3.7870,283.5400,283.9000,298.1300,5.2400,5.1000,False,1.8545,ALCISTA,-5.8300,316.8600,369.3800,226.5200,-19.2200,31.7200,0.7920,True,292.2500,1,307.9700,True,-2.0500,HAMMER,6.7000,8.5000,5.0000,7.5000,7,5.0000,7.0000,False,7.5700,11.3600,1.5000,23.2564,19.5844,5.5454,6.1565,15.7380,0.2630,0.1158,0.2673,0.5408,0.2290,0.5020,28.0900,1.5650,678249984.0000,1347399936.0000,0.5034,31160127488,0.4080,2.8700,1.1500,104431019,7.0200,10.0000,6.8800,3.6900,0.0218,FCF/NI:0.50,1,6.8900,False,10-18d,XLF,,JPM|BAC|WFC,interest_rates|yield_curve|credit_spreads|loan_growth,53,2026-10-30,False,2026-07-31,3.5600,3.4900,2.0000,ALCISTA FUERTE,10,770.1900,8.5000,47.5000,14.5300,"Filtros estándar (Score ≥6.5, DD ≥10%)"
HON,Honeywell Technologies,Industrials,Industrial Conglomerates,1957-03-04,209.6100,2026-09-07,24.3800,24.3700,UP,-1.3349,-1.5906,True,0.2170,4.4643,0.6060,2.1300,228.4300,227.9800,219.4000,-8.2400,-8.0600,True,0.7095,BAJISTA,-16.5700,251.2500,258.0900,193.2600,-18.7800,8.4600,0.9410,True,,0,230.0700,False,,HAMMER|BULL_ENGULF,7.6200,7.0000,9.5000,7.5000,4,8.5000,9.5000,True,4.2600,6.3900,1.5000,8.0588,21.0638,3.5839,1.7456,10.8690,0.4658,0.0572,0.2158,0.3651,0.0430,2.6390,185.3690,1.2110,2610374912.0000,8265999872.0000,0.3158,66433794048,0.9010,1.5700,1.3400,316940010,6.3900,5.8900,5.4800,8.0200,0.0393,FCF/NI:0.32|D/E:185,2,6.8800,False,3-7d,XLI,,CAT|UNP|RTX,pmi_manufacturing|supply_chain|capex_cycle,45,2026-10-22,False,2026-07-23,1.9500,1.8200,7.2000,ALCISTA FUERTE,10,770.1900,8.5000,47.5000,14.5300,"Filtros estándar (Score ≥6.5, DD ≥10%)"
ADM,Archer Daniels Midland,Consumer Staples,Agricultural Products & Services,1957-03-04,84.6100,2026-09-07,60.8100,55.3800,UP,0.5697,0.3675,True,0.9185,2.8797,1.2810,3.4030,80.5900,71.2900,81.6900,4.9800,18.6900,True,3.3643,ALCISTA,-3.7500,87.9000,87.9000,54.0000,-3.7500,56.6800,0.6660,True,75.8400,3,84.3400,False,-10.3700,HAMMER,7.2500,10.0000,7.0000,7.5000,6,5.0000,7.0000,False,6.8100,10.2100,1.5000,23.1175,14.8694,1.7300,0.4967,16.4700,0.0764,0.0226,0.0216,0.0687,0.0720,3.1560,39.1340,1.3890,1164625024.0000,1770000000.0000,0.6580,40778342400,0.6130,3.1900,2.4600,481956527,6.6000,8.8600,5.2500,5.5300,0.0286,FCF/NI:0.66,1,6.8600,False,10-18d,XLP,,PG|KO|PEP,inflation|input_costs|fx_rates,57,2026-11-03,False,2026-08-04,1.8400,1.4400,28.0000,ALCISTA FUERTE,10,770.1900,8.5000,47.5000,14.5300,"Filtros estándar (Score ≥6.5, DD ≥10%)"
BKNG,Booking Holdings,Consumer Discretionary,"Hotels, Resorts & Cruise Lines",2009-11-06,193.2900,2026-09-07,38.5800,41.0200,DOWN,-2.9125,-2.7027,False,0.0108,6.0829,0.9020,3.1470,194.2500,185.3400,201.9300,-0.4900,4.2900,True,0.3057,NEUTRO,-11.0600,217.3200,224.5900,149.7600,-13.9400,29.0600,1.3120,True,171.0800,3,193.4300,False,-11.4900,NONE,7.1000,8.5000,6.5000,7.5000,6,8.0000,5.0000,False,6.2900,9.4400,1.5000,21.4528,15.6167,-13.5871,5.3035,14.3040,,0.2038,0.2553,0.8723,0.0810,1.3000,,1.0940,7725875200.0000,7208999936.0000,1.0717,149776252928,1.0680,3.5400,0.8700,774878436,6.7000,8.2400,5.7200,6.0300,0.0516,OK,0,6.8600,False,7-15d,XLY,,AMZN|TSLA|HD,consumer_spending|employment_data|interest_rates,50,2026-10-27,False,2026-08-04,2.5400,2.4300,4.5000,ALCISTA FUERTE,10,770.1900,8.5000,47.5000,14.5300,"Filtros estándar (Score ≥6.5, DD ≥10%)"
AMZN,Amazon,Consumer Discretionary,Broadline Retail,2005-11-18,258.5100,2026-09-07,47.2400,38.7100,UP,-1.1794,-1.4539,True,0.3388,5.8643,0.7430,2.2680,253.9500,239.1200,259.6000,1.8000,8.1100,True,1.0934,ALCISTA,-9.9900,287.2000,287.2000,196.0000,-9.9900,31.8900,0.9390,True,256.6400,2,267.5600,True,-0.7300,HAMMER|DOJI,7.7000,10.0000,7.0000,7.5000,7,7.0000,7.0000,False,4.5400,6.8100,1.5000,20.7973,24.8560,5.0534,3.5947,17.2690,0.3056,0.0659,0.1744,0.5077,0.1960,2.4230,45.6170,1.0330,3219124992.0000,135281000448.0000,0.0238,2788369891328,1.4430,2.0400,,10786313572,6.2900,10.0000,5.4000,2.9900,0.0012,FCF/NI:0.02,1,6.8500,False,10-18d,XLY,,TSLA|HD|MCD,consumer_spending|employment_data|interest_rates,52,2026-10-29,False,2026-07-30,5.7500,1.8300,215.0000,ALCISTA FUERTE,10,770.1900,8.5000,47.5000,14.5300,"Filtros estándar (Score ≥6.5, DD ≥10%)"
DRI,Darden Restaurants,Consumer Discretionary,Restaurants,1995-05-31,216.8800,2026-09-07,41.4600,47.9100,DOWN,-0.9482,-1.4221,True,0.3295,5.7850,0.9800,2.6670,209.3300,199.0500,216.6700,3.6100,8.9600,True,2.2876,ALCISTA,-5.6100,229.7600,229.7600,165.1300,-5.6100,31.3400,0.6530,True,188.4600,7,217.6200,False,-13.1000,HAMMER|DOJI,7.0500,10.0000,6.0000,7.5000,6,5.0000,7.0000,False,5.3300,8.0000,1.5000,20.7939,17.5057,11.2077,1.8640,15.3990,0.5372,0.0772,0.0913,0.2167,0.1370,0.3600,364.5070,0.3140,790974976.0000,1213699968.0000,0.6517,24624936960,0.5900,5.2500,2.9900,113541756,6.7000,10.0000,4.9400,4.9000,0.0321,FCF/NI:0.65|D/E:365,2,6.8400,False,10-18d,XLY,,AMZN|TSLA|HD,consumer_spending|employment_data|interest_rates,17,2026-09-24,False,2026-06-25,3.6600,3.6400,64.0000,ALCISTA FUERTE,10,770.1900,8.5000,47.5000,14.5300,"Filtros estándar (Score ≥6.5, DD ≥10%)"
PEP,PepsiCo,Consumer Staples,Soft Drinks & Non-alcoholic Beverages,1957-03-04,137.6300,2026-09-07,52.5100,58.6300,DOWN,-0.2642,-0.1320,False,0.2911,2.2080,0.7330,1.6040,138.2000,145.5800,138.9700,-0.4100,-5.4600,False,-0.1352,BAJISTA,-6.6700,147.4600,166.4100,131.9900,-17.3000,4.2700,0.9350,True,137.7900,1,140.4600,True,0.1100,HAMMER|HAMMER|DOJI,6.6800,5.0000,5.0000,7.5000,8,8.5000,7.0000,False,3.2100,4.8100,1.5000,18.0617,15.3342,8.5078,1.9401,12.2080,0.5151,0.0893,0.1079,0.5417,0.0640,1.3700,238.9490,0.9340,7831875072.0000,10451000320.0000,0.7494,188002582528,0.3610,3.1800,4.3000,1366000000,6.9300,8.3800,6.2300,6.0500,0.0417,FCF/NI:0.75|D/E:239,2,6.8300,False,3-7d,XLP,,PG|KO|WMT,inflation|input_costs|fx_rates,31,2026-10-08,False,2026-07-09,2.2000,2.2100,-37.0000,ALCISTA FUERTE,10,770.1900,8.5000,47.5000,14.5300,"Filtros estándar (Score ≥6.5, DD ≥10%)"
APP,AppLovin,Communication Services,Advertising,2025-09-22,320.5600,2026-09-07,56.1100,38.8000,UP,6.4397,5.3997,True,0.7335,12.9531,0.4850,4.0410,393.5900,486.0400,326.8000,-18.5500,-34.0500,False,-5.6406,BAJISTA,-44.3900,576.4600,745.6100,297.5000,-57.0100,7.7500,0.7190,True,303.1700,1,335.4500,False,-5.4200,NONE,6.0500,5.0000,7.0000,7.5000,4,7.0000,5.0000,False,8.0800,12.1200,1.5000,24.6395,15.2817,33.9792,15.7085,19.8960,2.0369,0.4646,0.6458,0.8846,0.5280,0.5700,111.1300,4.3000,3179956224.0000,4409847808.0000,0.7211,107275575296,2.4880,1.5900,,304443000,7.3300,10.0000,7.2400,4.3200,0.0296,FCF/NI:0.72|D/E:111,2,6.8200,False,3-7d,XLC,,GOOGL|META|NFLX,ad_spending_cycle|streaming_competition|regulation,58,2026-11-04,False,2026-08-05,3.7600,3.7400,43.0000,ALCISTA FUERTE,10,770.1900,8.5000,47.5000,14.5300,"Filtros estándar (Score ≥6.5, DD ≥10%)"
OMC,Omnicom Group,Communication Services,Advertising,1997-12-31,82.6200,2026-09-07,41.7600,63.8200,DOWN,-0.8206,-0.2843,False,-0.0023,2.3136,0.8840,2.8000,82.7000,77.1000,85.3700,-0.1000,7.1600,True,1.7682,NEUTRO,-7.7600,89.5700,89.5700,64.9800,-7.7600,27.1500,1.2510,True,72.7200,3,85.1800,False,-11.9900,NONE,6.8000,8.5000,5.0000,7.5000,6,8.0000,5.0000,False,5.6000,8.4000,1.5000,223.2973,6.8595,2.3460,1.0526,8.6140,0.0605,0.0509,0.0174,0.1896,0.6340,0.5880,107.7440,0.9240,4260624896.0000,390200000.0000,10.9191,23547213824,0.6730,8.3500,3.8700,285006196,6.8400,10.0000,4.4900,5.9100,0.1809,D/E:108,1,6.8200,False,7-15d,XLC,,GOOGL|META|NFLX,ad_spending_cycle|streaming_competition|regulation,43,2026-10-20,False,2026-07-28,2.6500,2.6600,-39.0000,ALCISTA FUERTE,10,770.1900,8.5000,47.5000,14.5300,"Filtros estándar (Score ≥6.5, DD ≥10%)"
WSM,"Williams-Sonoma, Inc.",Consumer Discretionary,Homefurnishing Retail,2025-03-24,227.4200,2026-09-07,33.6000,24.6000,UP,-2.3035,-2.5614,True,0.2292,8.8336,1.2000,3.8840,232.5700,203.3300,232.7700,-2.2100,11.8500,True,2.3522,NEUTRO,-10.7800,254.8900,254.8900,164.9600,-10.7800,37.8600,0.9310,False,214.6300,2,233.7400,False,-5.6200,HAMMER|DOJI|HAMMER|BULL_ENGULF,6.9200,8.5000,8.5000,5.0000,4,6.5000,9.5000,False,7.7700,11.6500,1.5000,23.3012,21.6300,14.3212,3.3457,16.4390,0.5496,0.1664,0.1473,0.4569,0.0670,0.4200,71.3690,1.4470,1069320128.0000,1179083008.0000,0.9069,26782797824,1.4630,6.0300,1.3400,117768000,6.7500,7.5900,7.1000,5.3500,0.0399,OK,0,6.8200,False,7-15d,XLY,,AMZN|TSLA|HD,consumer_spending|employment_data|interest_rates,72,2026-11-18,False,2026-08-26,2.8400,2.0600,37.9000,ALCISTA FUERTE,10,770.1900,8.5000,47.5000,14.5300,"Filtros estándar (Score ≥6.5, DD ≥10%)"
SCHW,Charles Schwab Corporation,Financials,Investment Banking & Brokerage,1997-06-02,109.2900,2026-09-07,46.7300,56.5200,DOWN,-0.5906,-0.6618,True,0.3963,2.2993,1.0260,2.1040,104.8700,96.8700,109.0200,4.2100,12.8200,True,1.7391,ALCISTA,-4.5800,114.5300,114.5300,83.7200,-4.5800,30.5500,0.8120,True,106.3400,1,114.5300,True,-2.7000,HAMMER,7.2000,10.0000,6.0000,7.5000,7,5.0000,7.0000,False,4.2100,6.3100,1.5000,19.9071,14.0037,4.2989,7.2622,,0.2027,0.0207,0.3879,0.9749,0.2090,0.4260,151.1060,0.6550,,9722500096.0000,,188999090176,0.7530,0.0100,1.1700,1729335714,6.5300,10.0000,4.7700,4.5400,,D/E:151,1,6.8000,False,10-18d,XLF,,JPM|BAC|WFC,interest_rates|yield_curve|credit_spreads|loan_growth,38,2026-10-15,False,2026-07-21,1.6200,1.5500,4.5000,ALCISTA FUERTE,10,770.1900,8.5000,47.5000,14.5300,"Filtros estándar (Score ≥6.5, DD ≥10%)"
ABNB,Airbnb,Consumer Discretionary,"Hotels, Resorts & Cruise Lines",2023-09-18,181.9400,2026-09-07,53.4900,55.7500,DOWN,-1.8140,-1.3250,False,0.2529,4.8579,0.9660,2.6700,162.9600,139.4100,180.3500,11.6500,30.5100,True,4.5479,ALCISTA,-5.9500,193.4500,193.4500,110.8100,-5.9500,64.1900,0.6630,False,141.2400,1,187.1200,False,-22.3700,HAMMER|DOJI,6.2700,10.0000,5.0000,5.0000,4,6.5000,7.0000,False,5.3400,8.0100,1.5000,41.5388,29.6325,13.7635,8.2790,35.3840,0.3454,0.0614,0.2045,0.8290,0.1650,0.3340,32.0040,1.4080,3206874880.0000,2691000064.0000,1.1917,108943065088,1.1610,2.6900,,419529556,7.1500,10.0000,6.9500,4.0500,0.0294,OK,0,6.8000,False,10-18d,XLY,,AMZN|TSLA|HD,consumer_spending|employment_data|interest_rates,59,2026-11-05,False,2026-08-06,1.3700,1.2500,9.5000,ALCISTA FUERTE,10,770.1900,8.5000,47.5000,14.5300,"Filtros estándar (Score ≥6.5, DD ≥10%)"
NTAP,NetApp,Information Technology,"Technology Hardware, Storage & Peripherals",1999-06-25,185.5900,2026-09-07,28.4900,36.6800,DOWN,-2.2861,-2.7493,True,0.2655,8.5436,1.1200,4.6030,178.6100,130.0100,187.7000,3.9100,42.7500,True,6.6067,ALCISTA,-11.2300,209.0600,209.0600,92.9300,-11.2300,99.7100,0.8680,False,156.2600,1,192.2500,False,-15.8000,NONE,6.7700,10.0000,8.5000,5.0000,4,6.5000,5.0000,False,9.2100,13.8100,1.5000,26.2504,17.0169,24.3301,4.9321,16.9030,1.1482,0.1166,0.1918,0.7063,0.2990,0.6350,169.4980,1.2420,1171374976.0000,1418000000.0000,0.8261,36453404672,1.4320,4.3500,1.1200,196419005,6.7800,7.8100,6.9800,5.3400,0.0321,D/E:169,1,6.7800,False,10-18d,XLK,,AAPL|MSFT|NVDA,interest_rates|ai_capex_cycle|semiconductor_cycle,85,2026-12-01,False,2026-09-02,2.5800,2.1200,21.5000,ALCISTA FUERTE,10,770.1900,8.5000,47.5000,14.5300,"Filtros estándar (Score ≥6.5, DD ≥10%)"
SYK,Stryker Corporation,Health Care,Health Care Equipment,2000-12-12,303.1300,2026-09-07,30.1700,38.0400,DOWN,-3.4955,-2.2771,False,-0.0240,9.7757,0.9580,3.2250,328.8700,337.2000,324.2000,-7.8300,-10.1000,False,-1.0461,BAJISTA,-14.0000,352.4900,392.3800,280.2500,-22.7400,8.1600,1.0740,True,306.9700,3,318.1800,True,1.2700,NONE,6.8500,5.0000,6.5000,7.5000,9,8.0000,5.0000,False,6.4500,9.6700,1.5000,31.4450,18.0920,4.8471,4.5002,17.3860,0.1651,0.0816,0.1443,0.6559,0.0940,0.4410,64.3910,2.1570,4107624960.0000,3728999936.0000,1.1015,116272504832,0.7680,2.9100,1.1600,383573046,6.7300,8.3600,6.4000,5.2000,0.0353,OK,0,6.7800,False,3-7d,XLV,,UNH|JNJ|LLY,fda_calendar|drug_pricing_policy|patent_cliffs,52,2026-10-29,False,2026-07-30,3.6900,3.4900,5.8000,ALCISTA FUERTE,10,770.1900,8.5000,47.5000,14.5300,"Filtros estándar (Score ≥6.5, DD ≥10%)"
NUE,Nucor,Materials,Steel,1985-04-30,261.0700,2026-09-07,41.0600,28.9400,UP,0.3077,-1.7436,True,0.5612,9.7714,1.1720,3.7430,248.5400,205.3200,256.2000,5.0400,27.1500,True,5.8906,ALCISTA,-6.8000,280.1100,280.1100,130.1100,-6.8000,100.6500,0.5620,True,244.7300,1,264.0200,False,-6.2600,NONE,6.7500,10.0000,7.0000,7.5000,4,5.0000,5.0000,False,7.4900,11.2300,1.5000,20.8356,13.7076,2.6790,1.6407,11.4050,0.1455,0.0732,0.0799,0.1555,0.2300,0.9380,30.5120,2.5080,683374976.0000,2872999936.0000,0.2379,59230437376,1.8810,2.6300,0.8600,226875676,6.7800,10.0000,5.8400,4.1300,0.0115,FCF/NI:0.24,1,6.7700,False,10-18d,XLB,,LIN|APD|ECL,commodity_prices|dxy|china_demand|energy_costs,49,2026-10-26,False,2026-07-27,4.8400,4.5300,6.9000,ALCISTA FUERTE,10,770.1900,8.5000,47.5000,14.5300,"Filtros estándar (Score ≥6.5, DD ≥10%)"
STLD,Steel Dynamics,Materials,Steel,2022-12-22,242.0600,2026-09-07,39.9300,26.6000,UP,0.6720,-1.4840,True,0.4769,10.2293,1.1040,4.2260,241.9400,209.6500,241.7000,0.0500,15.4600,True,4.4731,ALCISTA,-15.9800,288.0900,288.0900,127.8800,-15.9800,89.2900,0.9930,True,228.7700,1,243.1800,False,-5.4900,NONE,7.0500,10.0000,8.5000,7.5000,4,5.0000,5.0000,True,8.4500,12.6800,1.5000,21.9855,12.7768,3.6904,1.6892,14.3820,0.1757,0.0787,0.0783,0.1465,0.3340,0.8360,46.9240,3.1830,234191248.0000,1607240960.0000,0.1457,34693996544,1.5150,3.4800,0.8800,143328088,6.5800,10.0000,5.7700,3.5100,0.0068,FCF/NI:0.15,1,6.7700,True,10-18d,XLB,,LIN|APD|ECL,commodity_prices|dxy|china_demand|energy_costs,42,2026-10-19,False,2026-07-20,3.6900,3.6700,56.0000,ALCISTA FUERTE,10,770.1900,8.5000,47.5000,14.5300,"Filtros estándar (Score ≥6.5, DD ≥10%)"
NRG,NRG Energy,Utilities,Independent Power Producers & Energy Traders,2010-01-29,119.0200,2026-09-07,45.9300,40.9500,UP,0.6617,-0.2883,True,0.6597,4.5507,0.7630,3.8230,127.2400,145.8200,116.5500,-6.4600,-18.3800,False,-3.3816,BAJISTA,-20.8800,150.4400,188.7100,108.3400,-36.9300,9.8600,1.3930,True,120.2400,2,143.4900,True,1.0200,HAMMER|HAMMER|BULL_ENGULF,7.3500,5.0000,7.0000,9.5000,7,7.0000,9.5000,False,7.6500,11.4700,1.5000,30.9948,10.6302,5.9528,0.7553,15.0550,0.2377,0.0406,0.0256,0.1880,0.1100,,483.3570,0.9680,772374976.0000,782000000.0000,0.9877,25019250688,1.1730,2.0200,1.6000,210210483,6.3600,7.5000,6.9300,4.3600,0.0309,D/E:483,1,6.7600,False,3-7d,XLU,,NEE|DUK|SO,interest_rates|regulatory_environment,59,2026-11-05,False,2026-08-04,1.4900,1.7400,-14.4000,ALCISTA FUERTE,10,770.1900,8.5000,47.5000,14.5300,"Filtros estándar (Score ≥6.5, DD ≥10%)"
CI,Cigna,Health Care,Health Care Services,1976-06-30,282.5200,2026-09-07,59.5700,50.5900,UP,1.0168,0.6294,True,0.7696,5.3121,0.6960,1.8800,283.4500,277.8700,280.7400,-0.3300,1.6700,True,0.2367,NEUTRO,-7.5000,305.4400,310.1900,235.5000,-8.9200,19.9600,0.8640,True,273.4900,8,288.9400,True,-3.2000,HAMMER|DOJI,7.7000,8.5000,7.0000,7.5000,9,7.0000,7.0000,False,3.7600,5.6400,1.5000,11.6840,8.4361,1.7480,0.2644,7.8040,0.1676,0.0446,0.0227,0.0914,0.0670,0.1020,74.2900,0.8460,7980125184.0000,6416000000.0000,1.2438,74653220864,0.3170,2.7000,2.2100,264240486,6.1100,3.5700,5.9300,9.2700,0.1069,OK,0,6.7500,False,7-15d,XLV,,UNH|JNJ|LLY,fda_calendar|drug_pricing_policy|patent_cliffs,59,2026-11-05,False,2026-07-30,7.7800,7.6000,2.4000,ALCISTA FUERTE,10,770.1900,8.5000,47.5000,14.5300,"Filtros estándar (Score ≥6.5, DD ≥10%)"
HUM,Humana,Health Care,Managed Health Care,2012-12-10,401.5400,2026-09-07,63.8300,49.8900,UP,1.9559,0.7596,True,0.9063,12.1479,0.8640,3.0250,388.3500,278.6900,389.6900,3.4000,44.0800,True,4.5921,ALCISTA,-6.3700,428.8800,428.8800,161.9000,-6.3700,148.0100,0.8040,True,352.9600,2,415.0000,False,-12.1000,NONE,6.7500,10.0000,7.0000,7.5000,4,5.0000,5.0000,False,6.0500,9.0800,1.5000,38.0246,24.2358,2.5096,0.3310,10.8880,0.0689,0.0390,0.0088,0.1365,0.2620,0.2710,76.4850,1.7420,1940999936.0000,1279000064.0000,1.5176,48217047040,0.7450,2.3300,0.8800,120080308,6.7500,9.3400,5.0500,5.7000,0.0403,OK,0,6.7500,False,10-18d,XLV,,UNH|JNJ|LLY,fda_calendar|drug_pricing_policy|patent_cliffs,60,2026-11-06,False,2026-07-29,7.6100,7.0000,8.8000,ALCISTA FUERTE,10,770.1900,8.5000,47.5000,14.5300,"Filtros estándar (Score ≥6.5, DD ≥10%)"
PWR,Quanta Services,Industrials,Construction & Engineering,2009-07-01,624.4100,2026-09-07,22.6000,37.2300,DOWN,-2.3744,-6.5335,True,0.3571,23.5636,0.8020,3.7740,652.1700,587.7300,634.2900,-4.2600,6.2400,True,3.6077,NEUTRO,-15.9200,742.6200,788.6300,362.7000,-20.8200,72.1600,0.6140,True,608.7800,1,708.0600,True,-2.5000,HAMMER|HAMMER|DOJI,7.4000,8.5000,8.5000,7.5000,7,5.0000,7.0000,True,7.5500,11.3200,1.5000,71.4428,31.7907,9.7357,2.8529,32.8660,0.1534,0.0523,0.0403,0.1546,0.4110,0.9470,67.7800,1.0980,1955491328.0000,1326876032.0000,1.4738,93875912704,1.2000,2.5100,0.0700,150343393,6.3200,10.0000,5.1900,3.3500,0.0208,OK,0,6.7500,False,5-10d,XLI,,CAT|UNP|HON,pmi_manufacturing|supply_chain|capex_cycle,52,2026-10-29,False,2026-07-30,4.2400,3.3100,28.1000,ALCISTA FUERTE,10,770.1900,8.5000,47.5000,14.5300,"Filtros estándar (Score ≥6.5, DD ≥10%)"
MCO,Moody's Corporation,Financials,Financial Exchanges & Data,1998-07-01,493.5500,2026-09-07,58.2900,76.0300,DOWN,-1.2952,0.4880,False,0.4601,12.3557,0.9900,2.5030,488.5400,471.0900,496.7700,1.0300,4.7700,True,0.3317,ALCISTA,-5.4900,522.2100,543.2500,399.6100,-9.1500,23.5100,0.6240,True,438.0200,3,503.8500,False,-11.2500,HAMMER,6.8500,10.0000,5.0000,7.5000,6,5.0000,7.0000,False,5.0100,7.5100,1.5000,31.3564,26.0724,28.2561,10.4747,22.6350,0.7693,0.1562,0.3425,0.7497,0.1510,0.5670,240.6820,1.1900,2579124992.0000,2795000064.0000,0.9228,85473476608,1.3340,2.9700,0.8300,173180984,6.6800,8.7300,6.9300,3.9900,0.0302,D/E:241,1,6.7500,False,10-18d,XLF,,JPM|BAC|WFC,interest_rates|yield_curve|credit_spreads|loan_growth,44,2026-10-21,False,2026-07-22,4.6800,4.2500,10.0000,ALCISTA FUERTE,10,770.1900,8.5000,47.5000,14.5300,"Filtros estándar (Score ≥6.5, DD ≥10%)"
BAC,Bank of America,Financials,Diversified Banks,1976-06-30,62.6800,2026-09-07,44.1000,41.1500,UP,-0.1093,-0.3180,True,0.5101,1.0813,0.9540,1.7250,61.3100,54.2900,62.1900,2.2300,15.4600,True,2.0559,ALCISTA,-3.4200,64.9000,64.9000,45.6500,-3.4200,37.3100,0.9150,True,60.7900,1,62.6700,True,-3.0200,HAMMER|HAMMER,7.4000,10.0000,7.0000,7.5000,7,5.0000,7.0000,False,3.4500,5.1800,1.5000,14.4758,11.8427,1.5932,3.8471,,0.1120,0.0097,0.2952,0.0000,0.1680,0.3410,,,,32124999680.0000,,438305488896,1.1640,0.0000,2.0400,6992748365,6.3100,8.9300,4.5200,5.3400,,OK,0,6.7500,False,10-18d,XLF,,JPM|WFC|GS,interest_rates|yield_curve|credit_spreads|loan_growth,37,2026-10-14,False,2026-07-14,1.2100,1.1200,7.7000,ALCISTA FUERTE,10,770.1900,8.5000,47.5000,14.5300,"Filtros estándar (Score ≥6.5, DD ≥10%)"
LYB,LyondellBasell,Materials,Specialty Chemicals,2012-09-05,63.5200,2026-09-07,48.2000,55.7300,DOWN,-0.1530,-0.0716,False,0.4050,2.1581,0.9910,3.3970,60.1600,59.2500,63.7100,5.5900,7.2100,True,3.7866,ALCISTA,-7.1700,68.4200,82.2200,39.1200,-22.7500,62.3900,0.7350,True,61.8300,2,64.3700,True,-2.6500,BULL_ENGULF,7.0500,10.0000,5.0000,7.5000,7,5.0000,7.5000,False,6.7900,10.1900,1.5000,,9.8144,1.9227,0.6578,9.0590,-0.0227,0.0411,-0.0113,0.1289,0.1980,3.9600,132.7590,1.6410,1228000000.0000,-265000000.0000,-4.6340,20519370752,0.3530,2.8200,4.3500,323037952,6.5500,10.0000,2.5200,7.2400,0.0598,FCF/NI:-4.63|D/E:133|ROE:-2.3%,3,6.7500,False,10-18d,XLB,,LIN|APD|ECL,commodity_prices|dxy|china_demand|energy_costs,53,2026-10-30,False,2026-07-31,4.3000,3.4200,25.6000,ALCISTA FUERTE,10,770.1900,8.5000,47.5000,14.5300,"Filtros estándar (Score ≥6.5, DD ≥10%)"
AIZ,Assurant,Financials,Multi-line Insurance,2007-04-10,285.7400,2026-09-07,57.9700,47.4400,UP,-0.1497,-0.6160,True,0.7348,5.0403,0.8710,1.7640,279.8900,244.2400,283.3600,2.0900,16.9900,True,2.9048,ALCISTA,-5.7000,303.0000,303.0000,202.0700,-5.7000,41.4000,1.0370,True,271.1300,3,283.2400,False,-5.1100,NONE,7.0500,10.0000,7.0000,7.5000,6,5.0000,5.0000,False,3.5300,5.2900,1.5000,13.6783,12.1937,2.3140,1.0474,8.2140,0.1834,0.0256,0.0790,0.1327,0.0940,0.3050,36.2110,0.3820,2149574912.0000,1054700032.0000,2.0381,14093772800,0.5420,3.0800,1.2300,49323767,6.5200,6.3000,6.1600,7.2000,0.1525,OK,0,6.7300,False,10-18d,XLF,,JPM|BAC|WFC,interest_rates|yield_curve|credit_spreads|loan_growth,57,2026-11-03,False,2026-08-04,6.4100,5.1800,23.7000,ALCISTA FUERTE,10,770.1900,8.5000,47.5000,14.5300,"Filtros estándar (Score ≥6.5, DD ≥10%)"
SNPS,Synopsys,Information Technology,Application Software,2017-03-16,393.8400,2026-09-07,44.0600,61.7000,DOWN,-0.7098,3.7359,False,0.2074,17.3943,1.0740,4.4170,412.6100,447.1900,414.0300,-4.5500,-11.9300,False,-0.2829,BAJISTA,-17.9200,479.8000,615.7900,366.0000,-36.0400,7.6100,1.6920,True,388.0900,2,425.7800,True,-1.4600,NONE,6.0200,5.0000,5.0000,7.5000,7,6.5000,5.0000,False,8.8300,13.2500,1.5000,68.9737,22.4897,2.4223,8.0151,39.8500,0.0366,0.0135,0.1143,0.8292,0.4240,0.8930,34.8040,1.3370,3425542400.0000,1076558976.0000,3.1819,75474173952,1.2270,2.3400,,191636646,7.1700,10.0000,4.7700,6.6700,0.0454,OK,0,6.7100,False,3-7d,XLK,,AAPL|MSFT|NVDA,interest_rates|ai_capex_cycle|semiconductor_cycle,-12,2026-12-09,False,2026-08-26,3.9100,3.6700,6.4000,ALCISTA FUERTE,10,770.1900,8.5000,47.5000,14.5300,"Filtros estándar (Score ≥6.5, DD ≥10%)"
RJF,Raymond James Financial,Financials,Investment Banking & Brokerage,2017-03-20,178.2900,2026-09-07,48.3200,50.5900,DOWN,-0.3309,-0.8273,True,0.5426,4.1843,1.0910,2.3470,172.2900,159.5700,176.8500,3.4800,11.7300,True,1.1675,ALCISTA,-2.4300,182.7300,182.7300,138.3300,-2.4300,28.8900,0.8980,True,175.0200,1,182.7300,True,-1.8300,NONE,7.0000,10.0000,6.0000,7.5000,7,5.0000,5.0000,False,4.6900,7.0400,1.5000,15.5576,12.5569,2.6974,2.2504,,0.1842,0.0258,0.1513,0.9316,0.1510,0.4200,47.5940,2.1090,,2299000064.0000,,34296168448,0.9170,7.1200,1.2100,192361711,6.5200,8.7300,5.6500,4.9600,,OK,0,6.7100,False,10-18d,XLF,,JPM|BAC|WFC,interest_rates|yield_curve|credit_spreads|loan_growth,51,2026-10-28,False,2026-07-22,3.1400,2.9100,7.8000,ALCISTA FUERTE,10,770.1900,8.5000,47.5000,14.5300,"Filtros estándar (Score ≥6.5, DD ≥10%)"
COP,ConocoPhillips,Energy,Oil & Gas Exploration & Production,1957-03-04,134.2600,2026-09-07,64.3700,66.6700,DOWN,-0.0358,0.0613,False,0.7080,2.8671,0.9120,2.1360,119.6400,111.3600,130.1200,12.2200,20.5600,True,4.2066,ALCISTA,-2.3000,137.4200,137.4200,82.9500,-2.3000,61.8500,0.8360,True,112.2000,5,134.9300,False,-16.4300,HAMMER,6.8500,10.0000,5.0000,7.5000,6,5.0000,7.0000,False,4.2700,6.4100,1.5000,17.7593,14.1188,2.4682,2.5022,6.6050,0.1418,0.0753,0.1440,0.4757,0.3550,1.0700,35.6390,1.5420,7691375104.0000,9253000192.0000,0.8312,161291567104,0.1340,2.6200,2.5000,1201337479,6.6100,7.5000,5.8700,6.4300,0.0477,OK,0,6.7100,False,10-18d,XLE,,XOM|CVX|SLB,oil_price|gas_price|opec_supply|inventories,59,2026-11-05,False,2026-08-06,3.2400,2.9200,10.8000,ALCISTA FUERTE,10,770.1900,8.5000,47.5000,14.5300,"Filtros estándar (Score ≥6.5, DD ≥10%)"
LLY,Lilly (Eli),Health Care,Pharmaceuticals,1970-12-31,1149.3600,2026-09-07,43.4200,40.3700,UP,-9.6192,-9.7997,True,0.1565,35.1728,0.8970,3.0600,1190.3500,1060.3800,1185.4000,-3.4400,8.3900,True,2.9592,NEUTRO,-11.0800,1292.6500,1292.6500,707.5900,-11.0800,62.4300,0.8870,True,1147.9100,3,1181.0400,True,-0.1300,HAMMER|DOJI,7.6200,8.5000,7.0000,7.5000,9,6.5000,7.0000,False,6.1200,9.1800,1.5000,38.6080,24.3223,30.2447,12.8598,25.6660,1.0229,0.2036,0.3353,0.8340,0.4770,0.2620,162.0710,1.3550,11065900032.0000,26710999040.0000,0.4143,1024490143744,0.5020,2.4600,0.6000,891357065,6.0900,9.1800,5.8600,2.7600,0.0108,FCF/NI:0.41|D/E:162,2,6.7000,False,7-15d,XLV,,UNH|JNJ|ABBV,fda_calendar|drug_pricing_policy|patent_cliffs,52,2026-10-29,False,2026-08-05,8.3800,6.5800,27.3000,ALCISTA FUERTE,10,770.1900,8.5000,47.5000,14.5300,"Filtros estándar (Score ≥6.5, DD ≥10%)"
STX,Seagate Technology,Information Technology,"Technology Hardware, Storage & Peripherals",2012-07-02,849.2800,2026-09-07,31.2200,52.8800,DOWN,-3.0136,-5.1003,True,0.4817,49.4321,0.6660,5.8200,853.5200,592.8100,840.4800,-0.5000,43.2600,True,11.2221,NEUTRO,-25.7700,1144.1801,1144.1801,181.5200,-25.7700,367.8700,0.7060,True,801.3200,1,840.7100,False,-5.6500,HAMMER|DOJI|HAMMER|DOJI,7.0500,8.5000,7.5000,7.5000,4,7.0000,7.0000,True,11.6400,17.4600,1.5000,60.9677,15.3379,88.8833,15.8087,43.2430,3.7153,0.2935,0.2611,0.4558,0.4850,1.4880,179.8800,1.6700,1943750016.0000,3184000000.0000,0.6105,192786563072,2.0870,1.4800,0.3500,227000000,6.4700,10.0000,6.3500,2.5000,0.0101,FCF/NI:0.61|D/E:180,2,6.7000,False,7-15d,XLK,,AAPL|MSFT|NVDA,interest_rates|ai_capex_cycle|semiconductor_cycle,50,2026-10-27,False,2026-07-28,5.7100,5.0900,12.1000,ALCISTA FUERTE,10,770.1900,8.5000,47.5000,14.5300,"Filtros estándar (Score ≥6.5, DD ≥10%)"
BLK,BlackRock,Financials,Asset Management & Custody Banks,2011-04-04,1122.2900,2026-09-07,42.2500,59.9000,DOWN,-9.4362,-6.2735,False,0.1378,22.0250,0.8410,1.9630,1092.0700,1052.7900,1138.2800,2.7700,6.6000,True,0.7518,ALCISTA,-5.4700,1187.1700,1200.5400,912.2500,-6.5200,23.0200,0.7420,True,1024.9800,2,1104.8600,False,-8.6700,NONE,6.8000,10.0000,5.0000,7.5000,4,8.0000,5.0000,False,3.9300,5.8900,1.5000,26.8812,17.4518,3.0193,6.6796,16.3600,0.1228,0.0374,0.2409,0.4715,0.3060,0.1960,23.1920,2.4470,7578124800.0000,6576000000.0000,1.1524,182345416704,1.4290,2.4900,2.0400,154869259,6.6200,7.5000,6.8600,5.3200,0.0416,OK,0,6.6900,False,10-18d,XLF,,JPM|BAC|WFC,interest_rates|yield_curve|credit_spreads|loan_growth,37,2026-10-14,False,2026-07-15,13.9100,12.6900,9.6000,ALCISTA FUERTE,10,770.1900,8.5000,47.5000,14.5300,"Filtros estándar (Score ≥6.5, DD ≥10%)"
ZBH,Zimmer Biomet,Health Care,Health Care Equipment,2001-08-07,98.0700,2026-09-07,49.5500,58.7200,DOWN,-0.5314,-0.3163,False,0.2088,2.4979,0.8840,2.5470,94.9300,91.0400,98.8000,3.3100,7.7200,True,0.4661,ALCISTA,-4.6600,102.8600,106.0300,78.9100,-7.5000,24.2800,0.7840,True,86.5000,4,97.5800,False,-11.7900,DOJI|HAMMER,7.0800,10.0000,5.0000,7.5000,6,6.5000,7.0000,False,5.0900,7.6400,1.5000,23.8034,10.8158,1.4807,2.1984,10.1180,0.0641,0.0396,0.0948,0.6988,0.0480,0.3380,60.1750,1.6910,1090899968.0000,806700032.0000,1.3523,18705645568,0.4710,3.3400,0.9800,190737689,6.4300,6.4700,5.1600,7.8700,0.0583,OK,0,6.6900,False,10-18d,XLV,,UNH|JNJ|LLY,fda_calendar|drug_pricing_policy|patent_cliffs,59,2026-11-05,False,2026-08-05,2.0700,2.0100,3.0000,ALCISTA FUERTE,10,770.1900,8.5000,47.5000,14.5300,"Filtros estándar (Score ≥6.5, DD ≥10%)"
CVS,CVS Health,Health Care,Health Care Services,1957-03-04,96.7400,2026-09-07,60.1500,42.3400,UP,0.6913,0.3912,True,0.8064,1.8007,0.7050,1.8610,100.5600,85.6300,96.2100,-3.8000,12.9800,True,2.0195,NEUTRO,-12.0500,110.0000,110.0000,67.4600,-12.0500,43.4100,0.6730,True,92.6800,2,97.6700,False,-4.2000,HAMMER|DOJI,6.9500,8.5000,7.0000,7.5000,4,7.0000,7.0000,False,3.7200,5.5800,1.5000,25.5251,11.3643,1.5512,0.2998,11.1670,0.0621,0.0297,0.0118,0.1365,0.0710,1.8880,95.5030,0.8660,8076000256.0000,4889999872.0000,1.6515,123727593472,0.5800,1.9700,2.7500,1278970369,6.5100,7.4200,4.5700,7.7200,0.0653,D/E:96,1,6.6900,False,7-15d,XLV,,UNH|JNJ|LLY,fda_calendar|drug_pricing_policy|patent_cliffs,51,2026-10-28,False,2026-08-05,2.5800,1.8500,39.4000,ALCISTA FUERTE,10,770.1900,8.5000,47.5000,14.5300,"Filtros estándar (Score ≥6.5, DD ≥10%)"
GE,GE Aerospace,Industrials,Aerospace & Defense,1957-03-04,337.1200,2026-09-07,32.3300,36.3400,DOWN,-2.3869,-3.3986,True,0.2589,8.7093,0.8690,2.5830,357.1700,320.8100,346.6400,-5.6100,5.0800,True,1.4255,NEUTRO,-13.3000,388.8400,388.8400,268.5800,-13.3000,25.5200,0.7170,True,336.5300,1,375.5800,True,-0.1800,NONE,7.2200,8.5000,7.5000,7.5000,7,6.5000,5.0000,True,5.1700,7.7500,1.5000,39.6612,37.1478,19.8294,6.9074,31.3760,0.4823,0.0507,0.1772,0.3105,0.2110,0.1940,113.2250,0.9820,6594625024.0000,8963999744.0000,0.7357,349783064576,1.3500,3.6300,0.5600,1037562513,6.3200,8.9100,6.2100,3.4300,0.0189,FCF/NI:0.74|D/E:113,2,6.6800,False,7-15d,XLI,,CAT|UNP|HON,pmi_manufacturing|supply_chain|capex_cycle,43,2026-10-20,False,2026-07-16,2.0200,1.8600,8.6000,ALCISTA FUERTE,10,770.1900,8.5000,47.5000,14.5300,"Filtros estándar (Score ≥6.5, DD ≥10%)"
WAB,Wabtec,Industrials,Construction Machinery & Heavy Transportation Equipment,2019-02-27,282.8600,2026-09-07,28.9800,47.8400,DOWN,-2.6393,-2.4972,False,0.1464,6.3164,0.8800,2.2330,283.2200,253.7300,289.2600,-0.1300,11.4800,True,3.7153,NEUTRO,-7.6600,306.3200,306.3200,183.4000,-7.6600,54.2300,0.5430,True,253.1900,6,287.2500,False,-10.4900,HAMMER,7.5000,8.5000,7.5000,7.5000,6,8.0000,7.0000,False,4.4700,6.7000,1.5000,38.0188,22.7339,4.2653,3.9882,20.4010,0.1155,0.0617,0.1059,0.3574,0.1750,0.1890,61.6860,1.1210,1101374976.0000,1266000000.0000,0.8700,47778119680,0.9210,2.5600,0.4400,168910851,6.1300,8.8000,5.0300,4.3100,0.0231,OK,0,6.6800,False,7-15d,XLI,,CAT|UNP|HON,pmi_manufacturing|supply_chain|capex_cycle,44,2026-10-21,False,2026-07-22,2.7600,2.6100,5.9000,ALCISTA FUERTE,10,770.1900,8.5000,47.5000,14.5300,"Filtros estándar (Score ≥6.5, DD ≥10%)"
PODD,Insulet Corporation,Health Care,Health Care Equipment,2023-03-15,147.4800,2026-09-07,61.2700,53.2300,UP,0.8990,0.6870,True,0.6250,5.4850,0.8060,3.7190,154.3200,210.2000,148.1000,-4.4300,-29.8400,False,-7.7809,BAJISTA,-14.7100,172.9200,354.8800,126.4000,-58.4400,16.6800,0.6610,False,145.5900,1,155.1700,True,-1.2800,HAMMER|DOJI,5.9000,5.0000,7.0000,5.0000,7,5.0000,7.0000,False,7.4400,11.1600,1.5000,27.6180,19.1263,7.1917,3.3498,17.3070,0.2602,0.0972,0.1229,0.7107,0.2350,3.2860,66.6850,2.4850,236900000.0000,375300000.0000,0.6312,10228357120,1.0790,2.2000,,69354199,7.1700,10.0000,6.8100,4.2800,0.0232,FCF/NI:0.63,1,6.6600,False,3-7d,XLV,,UNH|JNJ|LLY,fda_calendar|drug_pricing_policy|patent_cliffs,59,2026-11-05,False,2026-08-05,1.6600,1.4500,14.3000,ALCISTA FUERTE,10,770.1900,8.5000,47.5000,14.5300,"Filtros estándar (Score ≥6.5, DD ≥10%)"
ADSK,Autodesk,Information Technology,Application Software,1989-12-01,217.9000,2026-09-07,36.6000,52.9700,DOWN,-4.6113,-1.0425,False,-0.2682,11.0807,1.2010,5.0850,230.6700,247.0000,245.0000,-5.5400,-11.7800,False,-2.0758,BAJISTA,-19.8100,271.7200,329.0900,185.5000,-33.7900,17.4700,1.9510,True,215.7000,3,221.8100,True,-1.0100,NONE,6.8500,5.0000,6.5000,7.5000,9,8.0000,5.0000,False,10.1700,15.2600,1.5000,28.2620,15.3295,13.4614,5.8461,19.7250,0.5385,0.1147,0.2108,0.9250,0.1610,0.5960,109.5180,0.8550,3157499904.0000,1642000000.0000,1.9230,45541097472,1.3090,3.5000,,209000000,6.5300,5.5200,6.9800,7.1800,0.0693,D/E:110,1,6.6600,False,3-7d,XLK,,AAPL|MSFT|NVDA,interest_rates|ai_capex_cycle|semiconductor_cycle,81,2026-11-27,False,2026-08-27,3.3000,3.1200,5.6000,ALCISTA FUERTE,10,770.1900,8.5000,47.5000,14.5300,"Filtros estándar (Score ≥6.5, DD ≥10%)"
MMM,3M,Industrials,Industrial Conglomerates,1957-03-04,168.5600,2026-09-07,20.1400,29.9200,DOWN,-1.8968,-1.7514,False,0.0647,3.1294,0.7560,1.8570,171.0100,159.4900,174.4200,-1.4300,5.6800,True,0.8533,NEUTRO,-8.4400,184.0900,184.0900,138.0200,-8.4400,22.1300,0.8310,True,152.8900,1,169.0200,False,-9.3000,NONE,7.3000,8.5000,7.5000,7.5000,4,10.0000,5.0000,False,3.7100,5.5700,1.5000,29.9396,17.2386,29.4479,3.4524,14.6180,0.8189,0.0874,0.1190,0.3941,0.0250,0.3280,437.9370,1.2400,6350125056.0000,2996999936.0000,2.1188,86930169856,1.0740,2.6200,1.8500,515722417,6.2400,5.3100,6.8900,6.5600,0.0730,D/E:438,1,6.6600,False,7-15d,XLI,,CAT|UNP|HON,pmi_manufacturing|supply_chain|capex_cycle,43,2026-10-20,False,2026-07-21,2.4000,2.2500,6.8000,ALCISTA FUERTE,10,770.1900,8.5000,47.5000,14.5300,"Filtros estándar (Score ≥6.5, DD ≥10%)"
EBAY,eBay Inc.,Consumer Discretionary,Broadline Retail,2002-07-22,103.4100,2026-09-07,55.7800,46.7100,UP,0.3407,0.2664,True,0.3975,3.0852,0.9530,2.9830,109.0400,98.0900,105.3800,-5.1600,5.4300,True,1.7627,NEUTRO,-12.1900,117.7700,118.6200,77.3200,-12.8200,33.7400,0.7720,False,100.4400,2,110.7400,True,-2.8700,NONE,6.4000,8.5000,7.0000,5.0000,7,5.0000,5.0000,False,5.9700,8.9500,1.5000,21.7248,15.3589,9.8645,3.8322,16.1010,0.4661,0.0915,0.1857,0.7205,0.1480,0.5500,153.0120,1.0190,1579624960.0000,2193999872.0000,0.7200,46017449984,1.3390,3.6400,1.2000,445000000,6.8300,10.0000,5.1900,5.0600,0.0343,FCF/NI:0.72|D/E:153,2,6.6600,False,7-15d,XLY,,AMZN|TSLA|HD,consumer_spending|employment_data|interest_rates,58,2026-11-04,False,2026-08-05,1.6000,1.5100,6.2000,ALCISTA FUERTE,10,770.1900,8.5000,47.5000,14.5300,"Filtros estándar (Score ≥6.5, DD ≥10%)"
GNRC,Generac,Industrials,Heavy Electrical Equipment,2021-03-22,187.3500,2026-09-07,21.7100,34.6800,DOWN,-1.4375,-2.1762,True,0.2346,8.2257,0.6480,4.3910,216.5400,208.5000,198.0700,-13.4800,-10.1500,True,1.6661,BAJISTA,-36.8000,296.4400,296.4400,134.8000,-36.8000,38.9800,0.6290,True,187.5500,1,225.6700,True,0.1100,HAMMER,7.6200,7.0000,8.5000,7.5000,7,8.5000,7.0000,True,8.7800,13.1700,1.5000,43.0690,15.8499,3.8416,2.4905,19.1660,0.0949,0.0472,0.0582,0.3954,0.1060,0.9200,49.0030,2.0450,289056512.0000,258195008.0000,1.1195,11054706688,1.9130,1.9500,,59005639,6.0200,7.9200,5.4100,4.5200,0.0261,OK,0,6.6600,False,5-10d,XLI,,CAT|UNP|HON,pmi_manufacturing|supply_chain|capex_cycle,51,2026-10-28,False,2026-07-29,2.9100,2.0100,44.6000,ALCISTA FUERTE,10,770.1900,8.5000,47.5000,14.5300,"Filtros estándar (Score ≥6.5, DD ≥10%)"
GS,Goldman Sachs,Financials,Investment Banking & Brokerage,2002-07-22,1038.6100,2026-09-07,48.1000,49.8400,DOWN,0.6819,-1.5191,True,0.6662,24.7999,0.7590,2.3880,1039.0100,939.2000,1029.6400,-0.0400,10.5800,True,2.8139,NEUTRO,-9.5600,1148.3700,1148.3700,713.1200,-9.5600,45.6400,0.7880,True,996.6900,3,1065.1500,False,-4.0400,NONE,6.8500,8.5000,6.0000,7.5000,6,7.0000,5.0000,False,4.7800,7.1600,1.5000,16.0255,14.0291,2.8687,4.4756,,0.1690,0.0107,0.3104,0.8208,0.4250,0.9230,725.3810,1.5630,,19982000128.0000,,302413512704,1.2830,3.0500,1.9300,291171408,6.5400,10.0000,4.4900,4.9000,,D/E:725,1,6.6600,False,7-15d,XLF,,JPM|BAC|WFC,interest_rates|yield_curve|credit_spreads|loan_growth,36,2026-10-13,False,2026-07-14,20.9800,14.5400,44.3000,ALCISTA FUERTE,10,770.1900,8.5000,47.5000,14.5300,"Filtros estándar (Score ≥6.5, DD ≥10%)"
UDR,"UDR, Inc.",Real Estate,Multi-Family Residential REITs,2016-03-07,36.3800,2026-09-07,37.9200,45.5900,DOWN,-0.0936,-0.0414,False,0.0796,0.5586,0.7560,1.5350,38.5600,36.5700,37.3600,-5.6400,-0.5200,True,0.9897,BAJISTA,-12.7400,41.6900,41.6900,31.9100,-12.7400,13.9900,0.9040,True,36.8800,2,38.8200,True,1.3800,NONE,7.4000,7.0000,6.5000,7.5000,8,10.0000,5.0000,False,3.0700,4.6100,1.5000,23.0253,64.9643,4.0364,7.6313,17.8940,0.1374,0.0224,0.2956,0.6658,-0.0010,0.9090,156.1440,0.1780,779827776.0000,517310016.0000,1.5075,13479359488,0.6850,2.4300,4.7600,324915653,6.1500,5.0000,6.3800,7.2100,0.0579,D/E:156,1,6.6500,False,3-7d,XLRE,,PLD|AMT|EQIX,interest_rates|cap_rates|occupancy_trends,51,2026-10-28,False,2026-07-27,0.2100,0.1300,61.0000,ALCISTA FUERTE,10,770.1900,8.5000,47.5000,14.5300,"Filtros estándar (Score ≥6.5, DD ≥10%)"
PSX,Phillips 66,Energy,Oil & Gas Refining & Marketing,2012-05-01,255.0900,2026-09-07,68.6300,77.7500,DOWN,0.3008,0.1430,True,0.8421,6.7579,1.0790,2.6490,213.5400,170.5300,239.2800,19.4600,49.5900,True,6.7203,ALCISTA,-2.1400,260.6800,260.6800,123.0900,-2.1400,107.2300,0.8220,False,233.5500,1,,False,-8.4400,NONE,6.0500,10.0000,6.0000,5.0000,4,5.0000,5.0000,False,5.3000,7.9500,1.5000,14.5599,11.9762,3.2307,0.6689,12.0350,0.2345,0.0604,0.0466,0.1310,0.5310,3.4490,62.8840,1.3200,4545375232.0000,7085000192.0000,0.6415,101786247168,0.7040,1.9000,1.9900,399020916,7.0300,8.9900,5.6700,6.3300,0.0447,FCF/NI:0.64,1,6.6400,False,10-18d,XLE,,XOM|CVX|COP,oil_price|gas_price|opec_supply|inventories,52,2026-10-29,False,2026-08-05,9.4100,7.5000,25.4000,ALCISTA FUERTE,10,770.1900,8.5000,47.5000,14.5300,"Filtros estándar (Score ≥6.5, DD ≥10%)"
SPG,Simon Property Group,Real Estate,Retail REITs,2002-06-26,209.4400,2026-09-07,25.4300,37.5600,DOWN,-0.9549,-1.0215,True,0.0386,2.9593,0.7140,1.4130,222.5700,199.3800,216.6400,-5.9000,5.0400,True,2.2317,NEUTRO,-12.1800,238.5000,238.5000,166.3300,-12.1800,25.9200,0.7180,True,212.8200,1,206.3700,True,1.6100,HAMMER|DOJI,8.1500,8.5000,8.5000,7.5000,7,10.0000,7.0000,True,2.8300,4.2400,1.5000,14.7701,31.2952,15.4215,11.4553,19.0500,1.2051,0.0563,0.6657,0.8143,0.1950,-0.1250,503.5040,0.2660,2595271168.0000,4617150976.0000,0.5621,79508340736,1.3120,0.0000,4.2500,323551515,5.6400,5.0000,5.8600,6.1200,0.0326,FCF/NI:0.56|D/E:504,2,6.6400,False,5-10d,XLRE,,PLD|AMT|EQIX,interest_rates|cap_rates|occupancy_trends,56,2026-11-02,False,2026-08-10,1.7300,1.5700,10.1000,ALCISTA FUERTE,10,770.1900,8.5000,47.5000,14.5300,"Filtros estándar (Score ≥6.5, DD ≥10%)"
TKO,TKO Group Holdings,Communication Services,Movies & Entertainment,2025-03-24,186.0100,2026-09-07,39.7400,45.1000,DOWN,-0.6567,-1.4921,True,0.2613,5.1379,0.8200,2.7620,189.6600,196.3800,188.9300,-1.9300,-5.2800,False,0.4400,BAJISTA,-15.0100,218.8500,225.1500,173.9600,-17.3800,6.9300,1.0060,True,181.3700,6,189.4500,True,-2.5000,NONE,7.0800,5.5000,7.5000,7.5000,10,6.5000,5.0000,True,5.5200,8.2900,1.5000,65.2667,46.6482,4.0712,6.6403,14.1530,0.0706,0.0450,0.0433,0.5946,0.1820,0.1440,59.2160,1.2780,856147520.0000,229556000.0000,3.7296,35206057984,0.6430,6.9900,1.7000,73111098,6.3100,9.9100,5.1200,3.5200,0.0243,OK,0,6.6200,False,3-7d,XLC,,GOOGL|META|NFLX,ad_spending_cycle|streaming_competition|regulation,58,2026-11-04,False,2026-08-03,1.3400,1.0900,23.3000,ALCISTA FUERTE,10,770.1900,8.5000,47.5000,14.5300,"Filtros estándar (Score ≥6.5, DD ≥10%)"
DG,Dollar General,Consumer Staples,Consumer Staples Merchandise Retail,2012-12-03,133.2100,2026-09-07,73.0400,50.8600,UP,0.9615,0.5240,True,1.0289,4.1636,1.0250,3.1260,122.7400,125.2100,126.1100,8.5300,6.3900,False,1.9699,ALCISTA,-0.6900,134.1300,156.6800,93.7800,-14.9800,42.0400,0.6680,False,118.6100,4,130.9300,False,-10.9600,NONE,6.2500,8.5000,7.0000,5.0000,6,5.0000,5.0000,False,6.2500,9.3800,1.5000,17.3000,16.1466,3.1639,0.6735,12.1640,0.1969,0.0489,0.0390,0.3116,0.0520,0.3330,169.8110,1.2090,1738019712.0000,1703399040.0000,1.0203,29388363776,0.2350,3.0500,1.7700,220616790,6.8600,7.6500,5.4600,7.5600,0.0591,D/E:170,1,6.6200,False,10-18d,XLP,,PG|KO|PEP,inflation|input_costs|fx_rates,-11,2026-12-03,False,2026-08-27,2.4800,2.0100,23.5000,ALCISTA FUERTE,10,770.1900,8.5000,47.5000,14.5300,"Filtros estándar (Score ≥6.5, DD ≥10%)"
GEHC,GE HealthCare,Health Care,Health Care Equipment,2023-01-04,68.8600,2026-09-07,32.1100,44.0800,DOWN,-0.8145,-0.6394,False,-0.0501,1.5609,0.7920,2.2670,68.2800,72.6800,71.1700,0.8500,-5.2500,False,-0.3517,BAJISTA,-8.9800,75.6500,89.6400,58.7200,-23.1800,17.2700,1.0960,True,68.3700,1,72.0400,True,-0.7100,HAMMER|DOJI|HAMMER,7.5000,6.5000,6.5000,7.5000,8,10.0000,7.0000,False,4.5300,6.8000,1.5000,15.8664,12.7278,2.8340,1.4730,11.0790,0.1938,0.0513,0.0933,0.3953,0.0580,0.1680,93.9650,1.2640,1573124992.0000,1984999936.0000,0.7925,31323848704,0.8210,3.2300,0.2000,454891786,6.0300,4.3800,6.2100,7.7400,0.0502,D/E:94,1,6.6200,False,3-7d,XLV,,UNH|JNJ|LLY,fda_calendar|drug_pricing_policy|patent_cliffs,51,2026-10-28,False,2026-07-29,1.1300,1.0400,9.1000,ALCISTA FUERTE,10,770.1900,8.5000,47.5000,14.5300,"Filtros estándar (Score ≥6.5, DD ≥10%)"
ALLE,Allegion,Industrials,Building Products,2013-12-02,157.1200,2026-09-07,39.2900,31.8800,UP,-1.4595,-2.0768,True,0.2927,3.8600,0.9370,2.4570,152.7100,150.4100,158.1800,2.8800,4.4600,True,-0.3496,ALCISTA,-8.0500,170.8700,181.6700,124.4900,-13.5100,26.2100,0.5430,False,159.8200,1,170.8700,True,1.7200,BULL_ENGULF,7.3800,9.5000,8.5000,5.0000,7,6.5000,7.5000,False,4.9100,7.3700,1.5000,20.6194,16.0750,6.3083,3.1155,14.5460,0.3373,0.1103,0.1536,0.4480,0.1270,0.1620,104.8950,1.9300,484449984.0000,658600000.0000,0.7356,13360978944,0.8410,2.8800,1.4000,85036786,6.1100,6.7800,5.5900,5.9200,0.0363,FCF/NI:0.74|D/E:105,2,6.6200,False,10-18d,XLI,,CAT|UNP|HON,pmi_manufacturing|supply_chain|capex_cycle,45,2026-10-22,False,2026-07-23,2.4000,2.2200,8.3000,ALCISTA FUERTE,10,770.1900,8.5000,47.5000,14.5300,"Filtros estándar (Score ≥6.5, DD ≥10%)"
APH,Amphenol,Information Technology,Electronic Components,2008-09-30,82.7800,2026-09-07,44.3000,38.9600,UP,0.1563,-0.1675,True,0.6732,2.7764,0.8190,3.3540,80.5100,72.7200,80.7100,2.8200,13.8400,True,1.8083,ALCISTA,-7.2600,89.2600,89.2600,53.9700,-7.2600,53.3800,1.0060,True,77.0800,5,88.7100,False,-6.8900,HAMMER|DOJI|HAMMER|DOJI,7.2500,10.0000,7.0000,7.5000,6,5.0000,7.0000,False,6.7100,10.0600,1.5000,41.3900,25.5572,13.1731,7.0362,22.9990,0.3811,0.1447,0.1773,0.3895,0.5500,0.5930,120.4150,1.8880,3818374912.0000,5143399936.0000,0.7424,204132728832,1.2420,2.2400,1.2100,2465966914,6.1800,8.6600,5.7600,3.7900,0.0187,FCF/NI:0.74|D/E:120,2,6.6100,False,10-18d,XLK,,AAPL|MSFT|NVDA,interest_rates|ai_capex_cycle|semiconductor_cycle,51,2026-10-28,False,2026-07-29,0.6800,0.6000,13.2000,ALCISTA FUERTE,10,770.1900,8.5000,47.5000,14.5300,"Filtros estándar (Score ≥6.5, DD ≥10%)"
UNH,UnitedHealth Group,Health Care,Managed Health Care,1994-07-01,397.1400,2026-09-07,51.3100,37.7800,UP,1.1371,0.2583,True,0.5097,7.6129,0.7180,1.9170,411.7400,349.1400,399.1100,-3.5500,13.7500,True,1.8198,NEUTRO,-13.9700,461.6200,461.6200,254.5200,-13.9700,56.0400,1.3590,True,401.1200,4,414.2600,True,1.0000,HAMMER|DOJI|HAMMER|DOJI|HAMMER|DOJI,7.7000,8.5000,7.0000,7.5000,9,7.0000,7.0000,False,3.8300,5.7500,1.5000,25.5067,17.7015,3.6508,0.7912,15.2110,0.1415,0.0487,0.0314,0.1972,0.0040,0.6150,69.2110,0.7770,24272250880.0000,14122000384.0000,1.7188,356470816768,0.6220,2.9900,2.3400,897594847,5.8800,5.0000,5.6600,7.1500,0.0681,OK,0,6.6100,False,7-15d,XLV,,JNJ|LLY|ABBV,fda_calendar|drug_pricing_policy|patent_cliffs,50,2026-10-27,False,2026-07-16,6.3800,4.9200,29.8000,ALCISTA FUERTE,10,770.1900,8.5000,47.5000,14.5300,"Filtros estándar (Score ≥6.5, DD ≥10%)"
FIX,Comfort Systems USA,Industrials,Construction & Engineering,2025-12-22,1610.3400,2026-09-07,25.8800,38.8700,DOWN,-3.2234,-14.8271,True,0.3891,76.6707,0.7320,4.7610,1710.3300,1490.6400,1631.2600,-5.8500,8.0300,True,5.0261,NEUTRO,-22.2500,2071.2400,2072.1001,680.6100,-22.2800,136.6000,0.7460,True,1620.1700,1,1823.8300,True,0.6100,HAMMER,7.7000,8.5000,8.5000,7.5000,7,7.0000,7.0000,True,9.5200,14.2800,1.5000,39.6831,26.7594,87.7330,5.0476,29.3810,0.5529,0.1704,0.1278,0.2566,0.0100,0.3880,45.4890,1.2140,1841915392.0000,1434401024.0000,1.2841,56674832384,1.6760,1.8400,0.2200,35194329,5.8600,5.0000,7.9600,4.4200,0.0325,OK,0,6.6000,False,5-10d,XLI,,CAT|UNP|HON,pmi_manufacturing|supply_chain|capex_cycle,45,2026-10-22,False,2026-07-23,12.5300,10.4600,19.9000,ALCISTA FUERTE,10,770.1900,8.5000,47.5000,14.5300,"Filtros estándar (Score ≥6.5, DD ≥10%)"
URI,United Rentals,Industrials,Trading Companies & Distributors,2014-09-20,1009.8600,2026-09-07,18.6800,26.3600,DOWN,-11.8314,-14.6236,True,0.2104,30.2043,0.8880,2.9910,1086.4600,924.3700,1055.4100,-7.0500,9.2500,True,2.3139,NEUTRO,-14.2100,1177.1500,1177.1500,698.9400,-14.2100,44.4800,0.7630,True,995.2400,2,1104.9700,True,-1.4500,NONE,7.4200,8.5000,8.5000,7.5000,7,6.5000,5.0000,True,5.9800,8.9700,1.5000,24.2696,17.6594,6.8249,3.7343,16.6550,0.2889,0.0877,0.1567,0.3848,0.1180,0.2550,166.7930,0.7640,1706249984.0000,2638000128.0000,0.6468,62856196096,1.7870,2.4800,0.7800,62242489,6.0400,8.3100,4.7400,4.9100,0.0271,FCF/NI:0.65|D/E:167,2,6.5900,False,5-10d,XLI,,CAT|UNP|HON,pmi_manufacturing|supply_chain|capex_cycle,44,2026-10-21,False,2026-07-22,12.7600,11.5900,10.1000,ALCISTA FUERTE,10,770.1900,8.5000,47.5000,14.5300,"Filtros estándar (Score ≥6.5, DD ≥10%)"
WYNN,Wynn Resorts,Consumer Discretionary,Casinos & Gaming,2008-11-14,91.5400,2026-09-07,18.4500,30.1000,DOWN,-0.9411,-1.2108,True,0.1600,2.6071,0.8740,2.8480,97.8300,106.6100,95.9700,-6.4300,-14.1400,False,-2.1958,BAJISTA,-17.5500,111.0200,133.7500,89.4400,-31.5600,2.3500,0.8060,False,92.8100,3,100.3400,True,1.3900,HAMMER|DOJI,6.7300,5.0000,8.5000,5.0000,9,6.5000,7.0000,False,5.7000,8.5400,1.5000,21.9520,17.6900,-55.0451,1.2715,10.3890,,0.0573,0.0605,0.6830,0.0690,1.0610,,0.9120,476188864.0000,448884992.0000,1.0608,9426230272,0.9910,5.5400,1.0900,102973891,6.4900,7.6800,5.6600,6.0500,0.0505,OK,0,6.5900,False,5-10d,XLY,,AMZN|TSLA|HD,consumer_spending|employment_data|interest_rates,59,2026-11-05,False,2026-08-04,1.2400,0.9800,26.4000,ALCISTA FUERTE,10,770.1900,8.5000,47.5000,14.5300,"Filtros estándar (Score ≥6.5, DD ≥10%)"
TPR,"Tapestry, Inc.",Consumer Discretionary,"Apparel, Accessories & Luxury Goods",2004-09-01,122.1400,2026-09-07,36.8200,15.2100,UP,-0.7383,-1.4957,True,0.3070,3.4049,0.6600,2.7880,140.2500,137.4200,130.4000,-12.9100,-11.1200,True,1.8428,BAJISTA,-25.6000,164.1800,164.1800,91.8200,-25.6000,33.0200,0.7460,False,,0,147.1700,False,,HAMMER|DOJI,6.4500,7.0000,8.5000,5.0000,4,7.0000,7.0000,False,5.5800,8.3600,1.5000,16.8006,13.7686,35.3619,3.0426,13.4210,1.9713,0.1754,0.1909,0.7660,0.0890,,571.6080,1.7520,1399924992.0000,1527699968.0000,0.9164,24353699840,1.4320,5.7900,1.5100,199391678,6.6800,6.1100,7.0700,6.8700,0.0575,D/E:572,1,6.5900,False,3-7d,XLY,,AMZN|TSLA|HD,consumer_spending|employment_data|interest_rates,59,2026-11-05,False,2026-08-13,1.3200,1.2800,3.4000,ALCISTA FUERTE,10,770.1900,8.5000,47.5000,14.5300,"Filtros estándar (Score ≥6.5, DD ≥10%)"
ROP,Roper Technologies,Information Technology,Electronic Equipment & Instruments,2009-12-23,407.2800,2026-09-07,62.0400,67.6100,DOWN,-1.5975,0.1910,False,0.4510,10.1421,0.8770,2.4900,383.9500,374.7700,408.8200,6.0800,8.6700,True,-1.1988,ALCISTA,-5.2000,429.6000,525.3800,305.1900,-22.4800,33.4500,0.9250,True,341.6800,8,408.0200,False,-16.1100,HAMMER|DOJI,6.7500,9.5000,5.0000,7.5000,6,5.0000,7.0000,False,4.9800,7.4700,1.5000,16.9771,16.7657,2.1540,4.8646,15.8230,0.1307,0.0423,0.3024,0.6953,0.0850,2.3300,60.5310,0.5530,2265687552.0000,2504300032.0000,0.9047,40280346624,0.7470,6.0500,0.8900,98900874,6.4800,5.7400,4.7200,9.4000,0.0562,OK,0,6.5900,False,10-18d,XLK,,AAPL|MSFT|NVDA,interest_rates|ai_capex_cycle|semiconductor_cycle,45,2026-10-22,False,2026-07-23,5.3800,5.2900,1.8000,ALCISTA FUERTE,10,770.1900,8.5000,47.5000,14.5300,"Filtros estándar (Score ≥6.5, DD ≥10%)"
HWM,Howmet Aerospace,Industrials,Aerospace & Defense,2016-10-21,259.2700,2026-09-07,32.2200,32.4400,DOWN,-1.8771,-3.4468,True,0.2731,9.4357,1.0450,3.6390,275.2700,245.3400,267.5800,-5.8100,5.6800,True,2.8904,NEUTRO,-16.3200,309.8500,309.8500,173.0200,-16.3200,49.8500,1.0180,False,261.5700,4,280.4200,True,0.8900,NONE,7.0200,8.5000,7.5000,5.0000,9,6.5000,5.0000,False,7.2800,10.9200,1.5000,55.8772,40.3925,18.0928,11.3411,38.4750,0.3473,0.1281,0.2052,0.3603,0.2410,0.3300,81.3680,1.8180,1189874944.0000,1870000000.0000,0.6363,103397236736,1.1860,3.5200,0.2200,398801399,6.3000,10.0000,5.7700,2.6100,0.0115,FCF/NI:0.64|D/E:81,2,6.5900,False,7-15d,XLI,,CAT|UNP|HON,pmi_manufacturing|supply_chain|capex_cycle,59,2026-11-05,False,2026-08-06,1.3300,1.2500,6.7000,ALCISTA FUERTE,10,770.1900,8.5000,47.5000,14.5300,"Filtros estándar (Score ≥6.5, DD ≥10%)"
PNC,PNC Financial Services,Financials,Diversified Banks,1988-04-30,245.6000,2026-09-07,35.6900,32.0500,UP,-0.3521,-1.5330,True,0.4377,4.8521,1.0380,1.9760,248.8600,222.1500,245.5800,-1.3100,10.5600,True,3.1589,NEUTRO,-5.1600,258.9600,258.9600,172.8200,-5.1600,42.1200,0.7620,True,246.6100,1,256.2600,True,0.4100,NONE,7.2000,8.5000,8.5000,7.5000,7,5.0000,5.0000,False,3.9500,5.9300,1.5000,13.5317,11.4969,1.6878,4.0290,,0.1262,0.0131,0.3137,0.0000,0.2360,0.2490,,,,7261000192.0000,,97980571648,0.8890,3.6600,3.2600,398943667,6.1600,8.3100,4.6600,5.3900,,OK,0,6.5800,False,7-15d,XLF,,JPM|BAC|WFC,interest_rates|yield_curve|credit_spreads|loan_growth,38,2026-10-15,False,2026-07-15,4.8100,4.4500,8.0000,ALCISTA FUERTE,10,770.1900,8.5000,47.5000,14.5300,"Filtros estándar (Score ≥6.5, DD ≥10%)"
FAST,Fastenal,Industrials,Trading Companies & Distributors,2008-09-15,49.6000,2026-09-07,40.1900,32.0200,UP,-0.3939,-0.4360,True,0.2780,1.0436,0.8730,2.1040,48.5700,44.9800,49.8200,2.1100,10.2800,True,2.2518,ALCISTA,-6.2700,52.9200,52.9200,38.3400,-6.2700,29.3700,1.0560,True,43.2600,7,48.8100,False,-12.7900,NONE,7.2800,10.0000,7.0000,7.5000,6,6.5000,5.0000,False,4.2100,6.3100,1.5000,42.3932,35.4066,13.9876,6.5051,29.2390,0.3433,0.2152,0.1545,0.4470,0.1470,0.1460,10.8510,4.1800,916124992.0000,1352099968.0000,0.6776,56915877888,0.7130,3.5100,1.9300,1147497573,6.1100,7.0600,7.6400,3.2100,0.0161,FCF/NI:0.68,1,6.5800,False,10-18d,XLI,,CAT|UNP|HON,pmi_manufacturing|supply_chain|capex_cycle,37,2026-10-14,False,2026-07-14,0.3300,0.3300,1.2000,ALCISTA FUERTE,10,770.1900,8.5000,47.5000,14.5300,"Filtros estándar (Score ≥6.5, DD ≥10%)"
IBKR,Interactive Brokers,Financials,Investment Banking & Brokerage,2025-08-28,92.6200,2026-09-07,47.3400,61.4000,DOWN,-0.2508,0.1788,False,0.4821,3.4052,0.9610,3.6770,91.9200,78.7500,92.7100,0.7600,17.6100,True,3.1575,ALCISTA,-6.1200,98.6600,98.6600,58.7000,-6.1200,57.7800,0.6440,True,87.0500,6,90.9400,False,-6.0100,NONE,6.6500,10.0000,5.0000,7.5000,6,5.0000,5.0000,False,7.3500,11.0300,1.5000,36.7540,29.1213,7.0686,23.0881,,0.2402,0.0228,0.1647,0.9304,0.2630,0.3530,205.7480,1.0930,,1126000000.0000,,157807394816,1.3490,1.7500,0.3800,453077771,6.4800,9.9000,5.1900,4.0000,,D/E:206,1,6.5500,False,10-18d,XLF,,JPM|BAC|WFC,interest_rates|yield_curve|credit_spreads|loan_growth,43,2026-10-20,False,2026-07-21,0.6900,0.6400,8.0000,ALCISTA FUERTE,10,770.1900,8.5000,47.5000,14.5300,"Filtros estándar (Score ≥6.5, DD ≥10%)"
XOM,ExxonMobil,Energy,Integrated Oil & Gas,1957-03-04,159.4700,2026-09-07,46.5900,45.1900,UP,-0.5607,-0.5442,False,0.3664,3.3286,0.9430,2.0870,152.2900,143.0700,159.8700,4.7200,11.4600,True,3.4947,ALCISTA,-5.4400,168.6400,174.0900,105.3000,-8.4000,51.4500,1.1530,True,148.1300,1,158.0500,False,-7.1100,HAMMER|DOJI,6.7500,10.0000,6.0000,7.5000,4,5.0000,7.0000,False,4.1700,6.2600,1.5000,20.5238,14.7879,2.5281,1.8161,10.2190,0.1258,0.0552,0.0907,0.2977,0.4410,1.1280,15.9210,1.1350,20671000576.0000,32757000192.0000,0.6310,655726608384,0.1750,2.6000,2.5800,4111911960,6.4200,8.2300,5.8800,4.9600,0.0315,FCF/NI:0.63,1,6.5500,False,10-18d,XLE,,CVX|COP|SLB,oil_price|gas_price|opec_supply|inventories,53,2026-10-30,False,2026-07-31,4.1100,3.6300,13.3000,ALCISTA FUERTE,10,770.1900,8.5000,47.5000,14.5300,"Filtros estándar (Score ≥6.5, DD ≥10%)"
ISRG,Intuitive Surgical,Health Care,Health Care Equipment,2008-06-02,366.7000,2026-09-07,33.5700,35.3800,DOWN,-1.1662,-1.2950,True,0.2089,11.5164,0.8740,3.1410,381.0100,463.8100,375.3600,-3.7600,-20.9400,False,-3.4090,BAJISTA,-17.3800,443.8400,603.8800,328.5700,-39.2800,11.6000,0.9110,True,328.5700,1,405.3400,False,-10.4000,HAMMER,6.2700,5.0000,7.5000,7.5000,4,6.5000,7.0000,True,6.2800,9.4200,1.5000,42.0046,30.3764,7.1429,11.9065,29.7690,0.1742,0.1051,0.2845,0.6668,0.1850,0.2650,,4.9630,2615200000.0000,3138800128.0000,0.8332,131380568064,1.4650,1.7200,,358278038,6.7300,9.2300,6.9200,3.5800,0.0199,OK,0,6.5500,True,3-7d,XLV,,UNH|JNJ|LLY,fda_calendar|drug_pricing_policy|patent_cliffs,43,2026-10-20,False,2026-07-16,2.8000,2.5000,11.9000,ALCISTA FUERTE,10,770.1900,8.5000,47.5000,14.5300,"Filtros estándar (Score ≥6.5, DD ≥10%)"
DDOG,Datadog,Information Technology,Application Software,2025-07-09,212.9300,2026-09-07,31.2300,37.9700,DOWN,-2.4732,-1.1414,False,0.1089,11.7889,0.8320,5.5370,249.2300,176.3700,232.6500,-14.5700,20.7300,True,3.8103,NEUTRO,-27.2600,292.7200,292.7200,98.0100,-27.2600,117.2500,0.6000,True,212.7300,1,251.9900,True,-0.0900,NONE,7.2500,8.5000,6.5000,7.5000,7,8.0000,5.0000,False,11.0700,16.6100,1.5000,434.5510,71.7305,17.5021,19.2748,877.5980,0.0470,0.0018,0.0448,0.7954,0.3560,14.9850,29.2590,3.2050,1051412352.0000,177584000.0000,5.9206,76457836544,1.4880,1.8400,,334904614,6.0600,9.6800,5.6000,2.3500,0.0138,OK,0,6.5400,False,7-15d,XLK,,AAPL|MSFT|NVDA,interest_rates|ai_capex_cycle|semiconductor_cycle,59,2026-11-05,False,2026-08-06,0.6500,0.5800,11.4000,ALCISTA FUERTE,10,770.1900,8.5000,47.5000,14.5300,"Filtros estándar (Score ≥6.5, DD ≥10%)"
AMT,American Tower,Real Estate,Telecom Tower REITs,2007-11-19,175.8500,2026-09-07,57.7000,65.7200,DOWN,-0.0246,0.1158,False,0.6212,3.7057,0.7770,2.1070,171.1200,175.3500,174.7400,2.7700,0.2800,False,-0.1850,ALCISTA,-7.9900,191.1200,194.2300,160.0600,-9.4600,9.8700,1.0020,True,172.6600,2,180.6700,True,-1.8100,NONE,6.7000,8.0000,5.0000,7.5000,7,7.0000,5.0000,False,4.2100,6.3200,1.5000,24.2218,25.0855,22.0281,7.4888,18.6940,0.3391,0.0489,0.3108,0.7377,0.0470,1.3850,438.7210,0.3520,2920012544.0000,3400999936.0000,0.8586,81939079168,0.8950,2.4300,3.9700,465960048,6.4400,7.1600,6.6600,5.3600,0.0356,D/E:439,1,6.5400,False,10-18d,XLRE,,PLD|EQIX|SPG,interest_rates|cap_rates|occupancy_trends,50,2026-10-27,False,2026-07-28,1.8700,1.5500,20.6000,ALCISTA FUERTE,10,770.1900,8.5000,47.5000,14.5300,"Filtros estándar (Score ≥6.5, DD ≥10%)"
BBY,Best Buy,Consumer Discretionary,Computer & Electronics Retail,1999-06-29,90.2700,2026-09-07,57.8500,50.0200,UP,0.2004,-0.7215,True,0.9758,3.8200,1.3670,4.2320,84.0200,70.3100,85.4500,7.4400,28.3900,True,1.2063,ALCISTA,-1.1000,91.2700,91.2700,54.3800,-1.1000,66.0100,0.9740,False,76.9400,2,90.7600,False,-14.7700,HAMMER|DOJI|BULL_ENGULF,6.7000,10.0000,7.0000,5.0000,4,5.0000,9.5000,False,8.4600,12.7000,1.5000,15.0200,12.5183,5.9671,0.4508,7.8930,0.4313,0.0725,0.0301,0.2260,0.0360,0.7010,130.0970,1.1170,1403374976.0000,1272000000.0000,1.1033,19025946624,1.3050,4.2900,4.2500,210767126,6.4400,6.1600,5.9200,7.3800,0.0738,D/E:130,1,6.5400,False,10-18d,XLY,,AMZN|TSLA|HD,consumer_spending|employment_data|interest_rates,78,2026-11-24,False,2026-08-27,1.4700,1.3800,6.5000,ALCISTA FUERTE,10,770.1900,8.5000,47.5000,14.5300,"Filtros estándar (Score ≥6.5, DD ≥10%)"
AVY,Avery Dennison,Materials,Paper & Plastic Packaging Products & Materials,1987-12-31,175.0600,2026-09-07,49.0700,48.8400,UP,-1.3143,-1.4429,True,0.2910,4.6845,0.9970,2.6760,169.1600,170.9900,175.3900,3.4900,2.3800,False,0.3703,ALCISTA,-6.3000,186.8200,196.1500,150.8300,-10.7500,16.0600,0.7350,False,155.4900,4,174.3700,False,-11.1800,NONE,6.4700,8.5000,7.0000,5.0000,6,6.5000,5.0000,False,5.3500,8.0300,1.5000,19.1532,15.6496,5.7205,1.4479,11.1450,0.3116,0.0839,0.0762,0.2898,0.1090,0.1080,158.6530,1.1320,1004600000.0000,704899968.0000,1.4252,13390406656,0.8140,3.1400,2.2800,76490385,6.5700,5.3000,7.0600,7.4900,0.0750,D/E:159,1,6.5300,False,10-18d,XLB,,LIN|APD|ECL,commodity_prices|dxy|china_demand|energy_costs,44,2026-10-21,False,2026-07-30,2.8900,2.4700,17.0000,ALCISTA FUERTE,10,770.1900,8.5000,47.5000,14.5300,"Filtros estándar (Score ≥6.5, DD ≥10%)"
C,Citigroup,Financials,Diversified Banks,1988-05-31,137.7200,2026-09-07,48.2100,43.8200,UP,0.4374,-0.2749,True,0.7513,2.7864,0.8030,2.0230,134.9400,122.1900,134.4600,2.0600,12.7100,True,3.0672,ALCISTA,-6.4500,147.2100,147.2100,91.7200,-6.4500,50.1500,0.6930,True,130.4500,2,140.0700,False,-5.2800,HAMMER|HAMMER,6.9500,10.0000,7.0000,7.5000,4,5.0000,7.0000,False,4.0500,6.0700,1.5000,14.8405,10.6898,1.2003,2.8272,,0.0853,0.0066,0.2183,0.0000,0.1550,0.6100,,,,16460000256.0000,,231016595456,1.0970,0.0500,1.9500,1677436783,6.2500,8.8500,4.2600,5.5300,,OK,0,6.5300,False,10-18d,XLF,,JPM|BAC|WFC,interest_rates|yield_curve|credit_spreads|loan_growth,36,2026-10-13,False,2026-07-14,3.1400,2.7100,15.6000,ALCISTA FUERTE,10,770.1900,8.5000,47.5000,14.5300,"Filtros estándar (Score ≥6.5, DD ≥10%)"
DAL,Delta Air Lines,Industrials,Passenger Airlines,2013-09-11,80.1700,2026-09-07,31.5600,26.4700,UP,-0.5187,-1.0722,True,0.3146,2.2386,0.8350,2.7920,86.5400,73.8900,82.4300,-7.3600,8.5000,True,3.5557,NEUTRO,-16.0000,95.4400,95.4400,54.6000,-16.0000,46.8300,1.0880,True,80.6600,2,83.6200,True,0.6000,HAMMER|DOJI,7.4000,8.5000,8.5000,7.5000,7,5.0000,7.0000,True,5.5800,8.3800,1.5000,13.2952,9.2212,2.4037,0.7721,9.1720,0.2013,0.0402,0.0578,0.1870,0.1870,-0.2540,96.6490,0.4240,2817374976.0000,3950000128.0000,0.7133,52721639424,1.2910,4.2300,1.0700,657623030,5.9300,5.0000,4.3100,8.9100,0.0534,FCF/NI:0.71|D/E:97,2,6.5200,False,7-15d,XLI,,CAT|UNP|HON,pmi_manufacturing|supply_chain|capex_cycle,31,2026-10-08,False,2026-07-10,1.5600,1.4900,4.5000,ALCISTA FUERTE,10,770.1900,8.5000,47.5000,14.5300,"Filtros estándar (Score ≥6.5, DD ≥10%)"
EMR,Emerson Electric,Industrials,Electrical Components & Equipment,1965-03-31,152.8200,2026-09-07,35.5600,44.5500,DOWN,-1.4059,-1.6885,True,0.2916,3.6343,0.8540,2.3780,149.0900,141.7700,153.8900,2.5000,7.7900,True,1.8725,ALCISTA,-7.8200,165.7900,165.7900,121.7300,-7.8200,25.5400,0.9120,True,138.3300,1,153.2200,False,-9.4800,HAMMER|DOJI|BULL_ENGULF,7.5200,10.0000,7.5000,7.5000,4,6.5000,9.5000,False,4.7600,7.1300,1.5000,33.4398,21.0944,4.1828,4.5930,15.9920,0.1280,0.0690,0.1383,0.5316,0.0700,0.2300,67.6770,0.8960,3706249984.0000,2576000000.0000,1.4388,85594480640,1.2330,3.9200,1.4500,560100000,5.8300,6.4900,4.9700,6.0600,0.0433,OK,0,6.5100,False,10-18d,XLI,,CAT|UNP|HON,pmi_manufacturing|supply_chain|capex_cycle,58,2026-11-04,False,2026-08-04,1.7100,1.6800,2.0000,ALCISTA FUERTE,10,770.1900,8.5000,47.5000,14.5300,"Filtros estándar (Score ≥6.5, DD ≥10%)"
WST,West Pharmaceutical Services,Health Care,Health Care Supplies,2020-05-22,339.9700,2026-09-07,41.6600,32.0100,UP,-1.1262,-1.5537,True,0.1561,7.2000,0.8340,2.1180,350.0200,293.4000,345.3900,-2.8700,15.8700,True,2.3906,NEUTRO,-11.8700,385.7500,385.7500,223.5200,-11.8700,52.1000,0.8170,True,343.4800,1,336.6000,True,1.0300,HAMMER|DOJI,7.3300,8.5000,7.0000,7.5000,7,6.5000,7.0000,False,4.2400,6.3500,1.5000,43.4744,34.1172,8.0042,7.1918,26.0980,0.1909,0.1138,0.1698,0.3679,0.1380,0.1810,10.5850,2.8220,277937504.0000,564899968.0000,0.4920,23925647360,1.1350,2.7900,0.2600,70375762,5.9600,7.7300,6.8400,2.8700,0.0116,FCF/NI:0.49,1,6.5100,False,7-15d,XLV,,UNH|JNJ|LLY,fda_calendar|drug_pricing_policy|patent_cliffs,45,2026-10-22,False,2026-07-23,2.3700,2.0800,13.9000,ALCISTA FUERTE,10,770.1900,8.5000,47.5000,14.5300,"Filtros estándar (Score ≥6.5, DD ≥10%)"
ED,Consolidated Edison,Utilities,Multi-Utilities,1957-03-04,107.2900,2026-09-07,46.4700,59.8000,DOWN,0.1185,0.0585,True,0.4510,1.6103,0.7730,1.5010,109.0700,105.7000,107.7600,-1.6300,1.5100,True,1.0819,NEUTRO,-6.1500,114.3200,114.3300,92.2000,-6.1600,16.3600,1.0050,False,105.5900,5,109.1800,True,-1.5800,HAMMER|DOJI,7.0000,8.5000,6.0000,5.0000,9,7.0000,7.0000,False,3.0000,4.5000,1.5000,17.6464,16.5319,1.5435,2.2431,10.7970,0.0896,0.0324,0.1253,0.5337,0.1320,0.2210,110.1130,1.2680,-844875008.0000,2216999936.0000,-0.3811,39678914560,0.2590,4.4700,3.2700,369828633,6.1700,10.0000,4.7300,3.3900,-0.0213,FCF/NI:-0.38,1,6.5000,False,7-15d,XLU,,NEE|DUK|SO,interest_rates|regulatory_environment,59,2026-11-05,False,2026-08-06,0.8300,0.7700,7.4000,ALCISTA FUERTE,10,770.1900,8.5000,47.5000,14.5300,"Filtros estándar (Score ≥6.5, DD ≥10%)"
TDG,TransDigm Group,Industrials,Aerospace & Defense,2016-06-03,1162.0500,2026-09-07,26.5000,39.9300,DOWN,-4.1074,-5.3918,True,0.1945,23.8293,0.6830,2.0510,1241.9600,1269.3600,1195.9300,-6.4300,-8.4500,False,-0.8700,BAJISTA,-14.6700,1361.7700,1463.0300,1123.6100,-20.5700,3.4200,0.5960,True,1131.7400,3,1262.2600,True,-2.6100,HAMMER|DOJI|BULL_ENGULF,7.7700,5.0000,8.5000,7.5000,9,8.5000,9.5000,True,4.1000,6.1500,1.5000,35.2136,24.0043,-6.9180,6.4959,18.6510,,0.1182,0.2128,0.5982,0.2250,0.1090,,3.0190,1457374976.0000,1911000064.0000,0.7626,64997625856,0.8930,1.9600,,55933583,5.6300,6.9800,6.3000,3.3000,0.0224,OK,0,6.4900,False,5-10d,XLI,,CAT|UNP|HON,pmi_manufacturing|supply_chain|capex_cycle,59,2026-11-05,False,2026-08-04,10.8700,10.3000,5.5000,ALCISTA FUERTE,10,770.1900,8.5000,47.5000,14.5300,"Filtros estándar (Score ≥6.5, DD ≥10%)"
CFG,Citizens Financial Group,Financials,Regional Banks,2016-01-29,70.7800,2026-09-07,34.2800,34.3200,DOWN,-0.1303,-0.5152,True,0.4390,1.5270,0.9700,2.1570,71.2600,63.3100,70.7000,-0.6800,11.8000,True,3.4577,NEUTRO,-6.0400,75.3300,75.3300,46.5500,-6.0400,52.0400,0.6600,True,69.6700,2,72.4700,True,-1.5700,NONE,7.0000,8.5000,7.5000,7.5000,7,5.0000,5.0000,False,4.3100,6.4700,1.5000,15.4205,10.8416,1.2428,3.6528,,0.0827,0.0094,0.2605,0.0000,0.1470,0.4130,,,,1984000000.0000,,29810892800,0.9970,0.0100,2.6000,421176788,6.1300,8.6200,4.2300,5.4500,,OK,0,6.4800,False,7-15d,XLF,,JPM|BAC|WFC,interest_rates|yield_curve|credit_spreads|loan_growth,39,2026-10-16,False,2026-07-16,1.3000,1.2500,4.4000,ALCISTA FUERTE,10,770.1900,8.5000,47.5000,14.5300,"Filtros estándar (Score ≥6.5, DD ≥10%)"
PLTR,Palantir Technologies,Information Technology,Application Software,2024-09-23,174.3300,2026-09-07,51.2500,60.7900,DOWN,-1.8029,-0.3890,False,0.3742,8.2406,1.1060,4.7270,149.8900,151.3700,172.5800,16.3100,15.1700,False,-0.5952,ALCISTA,-7.4500,188.3700,207.5200,106.3700,-15.9900,63.8900,0.8410,True,131.6300,1,188.3700,False,-24.4900,NONE,5.9500,8.0000,5.0000,7.5000,4,5.0000,5.0000,False,9.4500,14.1800,1.5000,149.0000,74.9494,42.8540,68.0522,153.9220,0.3810,0.1729,0.4901,0.8480,0.9280,2.1540,2.1390,7.2280,2159104512.0000,3016691968.0000,0.7157,418925182976,1.6210,1.5200,,2300713329,6.8200,10.0000,8.0000,1.7200,0.0052,FCF/NI:0.72,1,6.4700,False,10-18d,XLK,,AAPL|MSFT|NVDA,interest_rates|ai_capex_cycle|semiconductor_cycle,56,2026-11-02,False,2026-08-03,0.4100,0.3500,18.5000,ALCISTA FUERTE,10,770.1900,8.5000,47.5000,14.5300,"Filtros estándar (Score ≥6.5, DD ≥10%)"
CPAY,Corpay,Financials,Transaction & Payment Processing Services,2018-06-20,416.3700,2026-09-07,58.5700,54.9500,UP,-1.0329,-2.6222,True,0.7187,8.9214,0.8090,2.1430,384.4300,336.9500,407.0300,8.3100,23.5700,True,4.1550,ALCISTA,-2.5900,427.4600,427.4600,252.8400,-2.5900,64.6800,0.7490,True,401.5200,1,423.2000,True,-3.5700,HAMMER|DOJI,7.4000,10.0000,7.0000,7.5000,7,5.0000,7.0000,False,4.2900,6.4300,1.5000,25.3112,13.2399,7.7181,5.4454,12.6000,0.2922,0.0632,0.2272,0.8054,0.2150,-0.0700,275.2910,0.9720,1946175872.0000,1133502976.0000,1.7170,27338686464,0.8730,4.4600,,65659599,5.8400,5.0000,6.3600,6.2200,0.0712,D/E:275,1,6.4600,False,10-18d,XLF,,JPM|BAC|WFC,interest_rates|yield_curve|credit_spreads|loan_growth,58,2026-11-04,False,2026-08-05,7.0000,6.5800,6.3000,ALCISTA FUERTE,10,770.1900,8.5000,47.5000,14.5300,"Filtros estándar (Score ≥6.5, DD ≥10%)"
ZBRA,Zebra Technologies,Information Technology,Electronic Equipment & Instruments,2019-12-23,362.7400,2026-09-07,44.4600,33.2000,UP,-4.4992,-6.2001,True,0.4630,11.2000,0.9320,3.0880,314.8400,257.2400,352.4600,15.2100,41.0100,True,3.7659,ALCISTA,-6.0800,386.2300,386.2300,199.0500,-6.0800,82.2400,0.6800,True,350.3600,1,386.2300,True,-3.4100,NONE,7.2000,10.0000,7.0000,7.5000,7,5.0000,5.0000,False,6.1800,9.2600,1.5000,33.2484,16.3533,5.0043,2.9551,16.8640,0.1529,0.0732,0.0922,0.4958,0.2040,1.2150,86.2300,0.5160,576750016.0000,539000000.0000,1.0700,17278535680,1.6070,2.2600,,47633392,5.9700,7.4700,4.6800,5.7200,0.0334,D/E:86,1,6.4600,False,10-18d,XLK,,AAPL|MSFT|NVDA,interest_rates|ai_capex_cycle|semiconductor_cycle,57,2026-11-03,False,2026-08-04,6.3500,4.3800,45.1000,ALCISTA FUERTE,10,770.1900,8.5000,47.5000,14.5300,"Filtros estándar (Score ≥6.5, DD ≥10%)"
ULTA,Ulta Beauty,Consumer Discretionary,Other Specialty Retail,2016-04-18,564.1200,2026-09-07,73.4900,40.2200,UP,2.0253,-0.2256,True,0.9428,20.7293,1.3210,3.6750,505.6700,556.3000,534.9400,11.5600,1.4100,False,0.2338,ALCISTA,-0.7600,568.4400,714.9700,443.6000,-21.1000,27.1700,0.7110,False,512.9100,1,566.7300,False,-9.0800,HAMMER|BULL_ENGULF,6.4000,8.5000,7.0000,5.0000,4,5.0000,9.5000,False,7.3500,11.0200,1.5000,20.5359,17.6140,8.8873,1.8618,13.6640,0.4612,0.1484,0.0934,0.4310,0.0890,0.1330,95.4720,1.3450,914087360.0000,1210027008.0000,0.7554,24120344576,0.8540,3.4900,,42757471,6.5000,7.5400,6.3700,5.4400,0.0379,D/E:95,1,6.4600,False,10-18d,XLY,,AMZN|TSLA|HD,consumer_spending|employment_data|interest_rates,-11,2026-12-03,False,2026-08-27,6.5500,6.2000,5.6000,ALCISTA FUERTE,10,770.1900,8.5000,47.5000,14.5300,"Filtros estándar (Score ≥6.5, DD ≥10%)"
CAH,Cardinal Health,Health Care,Health Care Distributors,1997-05-27,247.1800,2026-09-07,65.7900,46.4900,UP,1.2653,0.0717,True,0.9849,4.6479,0.8110,1.8800,234.1900,215.1000,237.8000,5.5400,14.9100,True,2.4635,ALCISTA,-4.3100,258.3000,258.3000,144.3700,-4.3100,71.2100,0.9100,True,227.6800,1,243.2100,False,-7.8900,NONE,6.7500,10.0000,7.0000,7.5000,4,5.0000,5.0000,False,3.7600,5.6400,1.5000,34.2355,17.5595,-19.9774,0.2261,14.7950,,0.0372,0.0067,0.0384,0.0580,0.6880,,0.8830,4752500224.0000,1714000000.0000,2.7728,57488068608,0.5190,2.9800,0.8300,232575728,6.2700,6.8800,5.6500,6.2800,0.0827,OK,0,6.4600,False,10-18d,XLV,,UNH|JNJ|LLY,fda_calendar|drug_pricing_policy|patent_cliffs,59,2026-11-05,False,2026-08-11,2.6000,2.4200,7.4000,ALCISTA FUERTE,10,770.1900,8.5000,47.5000,14.5300,"Filtros estándar (Score ≥6.5, DD ≥10%)"
STZ,Constellation Brands,Consumer Staples,Distillers & Vintners,2005-07-01,128.1800,2026-09-07,42.7800,45.2500,DOWN,-0.6139,-0.3959,False,0.1001,2.6050,0.6850,2.0320,132.6400,143.3900,131.8800,-3.3600,-10.6100,False,0.2447,BAJISTA,-14.4400,149.8100,166.1700,123.8200,-22.8600,3.5200,0.9440,False,128.1300,3,134.0400,True,-0.0400,HAMMER,6.6500,5.5000,5.0000,5.0000,9,10.0000,7.0000,False,4.0600,6.1000,1.5000,12.2076,10.3479,2.6623,2.4174,9.4390,0.2369,0.0857,0.2014,0.5272,-0.0330,0.3070,123.2050,0.9130,2210487552.0000,1824400000.0000,1.2116,21893699584,0.4000,4.0800,3.2100,170752511,6.3100,5.0000,5.8600,8.3600,0.1010,D/E:123,1,6.4500,False,3-7d,XLP,,PG|KO|PEP,inflation|input_costs|fx_rates,28,2026-10-05,False,2026-06-30,3.4300,3.2000,7.1000,ALCISTA FUERTE,10,770.1900,8.5000,47.5000,14.5300,"Filtros estándar (Score ≥6.5, DD ≥10%)"
SYY,Sysco,Consumer Staples,Food Distributors,1986-12-31,80.0500,2026-09-07,39.2300,38.0400,UP,-0.3507,-0.2738,False,-0.0406,1.3407,0.7640,1.6750,83.0600,78.6500,82.3500,-3.6200,1.7800,True,1.1428,NEUTRO,-7.6200,86.6500,90.5600,67.2300,-11.6100,19.0600,0.8970,True,80.1700,2,85.6500,True,0.1500,NONE,7.7500,8.5000,7.5000,7.5000,7,10.0000,5.0000,False,3.3500,5.0200,1.5000,21.8716,14.8818,14.3691,0.4536,11.4880,0.7769,0.0797,0.0208,0.1850,0.0470,0.0530,564.5910,1.2770,1914000000.0000,1756999936.0000,1.0894,38351634432,0.6270,3.6100,2.7500,479096016,5.5800,3.6200,6.9000,6.3400,0.0499,D/E:565,1,6.4500,False,7-15d,XLP,,PG|KO|PEP,inflation|input_costs|fx_rates,57,2026-11-03,False,2026-08-04,1.5300,1.5100,1.2000,ALCISTA FUERTE,10,770.1900,8.5000,47.5000,14.5300,"Filtros estándar (Score ≥6.5, DD ≥10%)"
SWK,Stanley Black & Decker,Industrials,Industrial Machinery & Supplies & Components,1982-09-30,97.3600,2026-09-07,43.2200,34.1800,UP,-0.7458,-1.0462,True,0.3051,2.6536,0.8480,2.7260,95.1800,81.0500,97.7700,2.2900,20.1200,True,4.2509,ALCISTA,-6.9900,104.6800,104.6800,59.8700,-6.9900,62.6200,0.9180,True,97.0500,1,101.2700,True,-0.3200,NONE,7.2000,10.0000,7.0000,7.5000,7,5.0000,5.0000,False,5.4500,8.1800,1.5000,23.8044,15.2616,1.6411,0.9643,10.7880,0.0689,0.0380,0.0407,0.3221,0.0040,2.4780,58.1720,1.4320,1419049984.0000,620499968.0000,2.2869,14702980096,1.1730,3.2900,3.4500,151016641,5.9300,5.0000,4.8800,8.2400,0.0965,OK,0,6.4400,False,10-18d,XLI,,CAT|UNP|HON,pmi_manufacturing|supply_chain|capex_cycle,57,2026-11-03,False,2026-07-29,1.5700,1.2100,29.9000,ALCISTA FUERTE,10,770.1900,8.5000,47.5000,14.5300,"Filtros estándar (Score ≥6.5, DD ≥10%)"
SHW,Sherwin-Williams,Materials,Specialty Chemicals,1964-06-30,333.7100,2026-09-07,33.9900,32.4200,UP,-2.8453,-3.0782,True,0.1728,7.2212,0.7800,2.1640,342.3900,332.6200,342.4500,-2.5300,0.3300,True,0.3192,NEUTRO,-10.1200,371.3000,375.0900,289.1900,-11.0300,15.3900,0.6330,True,326.0200,2,340.0900,True,-2.3000,NONE,7.7300,8.5000,8.5000,7.5000,7,8.5000,5.0000,True,4.3300,6.4900,1.5000,30.7567,24.5121,20.8921,3.3187,20.2320,0.6512,0.0952,0.1101,0.4898,0.0750,0.1430,389.9580,0.7270,2506037504.0000,2688199936.0000,0.9322,81010819072,1.0890,3.1700,0.9600,242758151,5.5800,5.2000,6.7400,4.6600,0.0309,D/E:390,1,6.4400,False,7-15d,XLB,,LIN|APD|ECL,commodity_prices|dxy|china_demand|energy_costs,50,2026-10-27,False,2026-07-28,3.7000,3.5200,5.1000,ALCISTA FUERTE,10,770.1900,8.5000,47.5000,14.5300,"Filtros estándar (Score ≥6.5, DD ≥10%)"
PGR,Progressive Corporation,Financials,Property & Casualty Insurance,1997-08-04,218.9500,2026-09-07,68.1700,55.2300,UP,0.3972,0.5977,False,0.6046,4.5529,0.7990,2.0790,217.5000,208.4400,217.9800,0.6700,5.0400,True,0.6614,ALCISTA,-8.5300,239.3800,239.3800,187.7800,-8.5300,16.6000,0.8500,True,215.9800,2,223.9200,True,-1.3500,HAMMER|DOJI,7.5000,10.0000,6.0000,7.5000,7,7.0000,7.0000,False,4.1600,6.2400,1.5000,10.9915,13.4373,3.7052,1.3979,8.6710,0.3494,0.0784,0.1285,0.1852,0.0730,0.0500,24.4280,0.2930,15114500096.0000,11694999552.0000,1.2924,127231852544,0.2590,2.1300,0.1800,581100000,5.7300,1.8100,8.2400,7.3700,0.1188,OK,0,6.4400,False,10-18d,XLF,,JPM|BAC|WFC,interest_rates|yield_curve|credit_spreads|loan_growth,37,2026-10-14,False,2026-07-15,4.8500,4.8400,33.0000,ALCISTA FUERTE,10,770.1900,8.5000,47.5000,14.5300,"Filtros estándar (Score ≥6.5, DD ≥10%)"
HOOD,Robinhood Markets,Financials,Investment Banking & Brokerage,2025-09-22,122.1100,2026-09-07,68.0600,58.7700,UP,2.1573,0.8381,True,1.0103,7.3804,1.1510,6.0440,102.4500,95.1000,105.9500,19.1900,28.4100,True,-3.2240,ALCISTA,-2.2200,124.8800,153.8600,63.5200,-20.6400,92.2500,1.1390,False,92.9900,4,120.0500,False,-23.8500,NONE,6.4500,9.5000,7.0000,5.0000,6,5.0000,5.0000,False,12.0900,18.1300,1.5000,54.0310,37.0365,11.5799,22.2601,,0.2362,0.0453,0.4201,0.9189,0.3230,0.4760,240.2790,1.1160,,2072000000.0000,,109786939392,2.3400,1.7600,,790630234,6.4300,10.0000,5.1300,3.7700,,D/E:240,1,6.4400,False,10-18d,XLF,,JPM|BAC|WFC,interest_rates|yield_curve|credit_spreads|loan_growth,58,2026-11-04,False,2026-07-29,0.6200,0.4300,43.7000,ALCISTA FUERTE,10,770.1900,8.5000,47.5000,14.5300,"Filtros estándar (Score ≥6.5, DD ≥10%)"
AME,Ametek,Industrials,Electrical Components & Equipment,2013-09-23,237.7200,2026-09-07,30.7000,29.8500,UP,-1.4780,-2.2494,True,0.3123,5.1729,0.9550,2.1760,241.3600,225.6000,240.6900,-1.5100,5.3700,True,2.3544,NEUTRO,-8.9800,261.1600,261.1600,178.4100,-8.9800,33.2400,1.1370,False,233.9900,1,238.0400,True,-1.5700,HAMMER|DOJI|HAMMER|DOJI,6.9000,8.5000,8.5000,5.0000,7,5.0000,7.0000,False,4.3500,6.5300,1.5000,34.7037,24.7709,4.8398,6.9286,22.5200,0.1456,0.0816,0.2004,0.3691,0.1500,0.1420,20.5220,1.2140,1492221312.0000,1576269952.0000,0.9467,54486138880,0.9890,2.5100,0.5700,229203002,6.1000,7.0700,6.3700,4.6600,0.0274,OK,0,6.4200,False,7-15d,XLI,,CAT|UNP|HON,pmi_manufacturing|supply_chain|capex_cycle,52,2026-10-29,False,2026-08-04,2.0900,1.9900,4.8000,ALCISTA FUERTE,10,770.1900,8.5000,47.5000,14.5300,"Filtros estándar (Score ≥6.5, DD ≥10%)"
ABBV,AbbVie,Health Care,Biotechnology,2012-12-31,256.4600,2026-09-07,56.6000,58.8000,DOWN,-0.6090,-0.3953,False,0.4561,5.7714,0.9270,2.2500,254.0500,225.8000,257.6000,0.9500,13.5800,True,1.6954,ALCISTA,-4.1200,267.4700,267.4700,189.4000,-4.1200,35.4100,1.1060,True,241.3400,2,260.3800,False,-5.9000,HAMMER,6.5500,10.0000,5.0000,7.5000,4,5.0000,7.0000,False,4.5000,6.7500,1.5000,72.4463,15.7511,-76.3501,7.0387,16.8240,,0.1051,0.0980,0.7279,0.1020,2.9040,,0.8090,16870250496.0000,6270000128.0000,2.6906,453194874880,0.2810,3.3600,2.7000,1767117285,6.3200,8.6900,5.6300,4.3700,0.0372,OK,0,6.4100,False,10-18d,XLV,,UNH|JNJ|LLY,fda_calendar|drug_pricing_policy|patent_cliffs,52,2026-10-29,False,2026-07-31,3.6500,3.6100,1.1000,ALCISTA FUERTE,10,770.1900,8.5000,47.5000,14.5300,"Filtros estándar (Score ≥6.5, DD ≥10%)"
GWW,W. W. Grainger,Industrials,Industrial Machinery & Supplies & Components,1981-06-30,1324.4900,2026-09-07,51.8000,52.9100,DOWN,1.5305,1.0538,True,0.7849,25.1857,0.8250,1.9020,1337.8500,1173.6900,1315.1800,-1.0000,12.8500,True,3.1847,NEUTRO,-6.5400,1417.1400,1417.1400,901.2200,-6.5400,46.9700,0.8390,True,1339.0200,4,1388.2500,True,1.1000,NONE,7.0000,8.5000,6.0000,7.5000,9,5.0000,5.0000,False,3.8000,5.7000,1.5000,33.7880,25.9480,15.1015,3.3183,20.2040,0.4609,0.1993,0.0992,0.3940,0.1030,0.2050,61.9770,2.8050,1247750016.0000,1870000000.0000,0.6672,62533304320,1.0340,3.2100,0.7500,47213119,6.0100,6.9800,7.0100,3.7100,0.0200,FCF/NI:0.67,1,6.4100,False,7-15d,XLI,,CAT|UNP|HON,pmi_manufacturing|supply_chain|capex_cycle,58,2026-11-04,False,2026-08-04,12.0100,11.3000,6.3000,ALCISTA FUERTE,10,770.1900,8.5000,47.5000,14.5300,"Filtros estándar (Score ≥6.5, DD ≥10%)"
AES,AES Corporation,Utilities,Independent Power Producers & Energy Traders,1998-10-02,14.7900,2026-09-07,54.8400,50.0000,UP,-0.0009,-0.0051,True,0.8947,0.0500,0.8830,0.3380,14.6600,14.3000,14.7400,0.9100,3.4000,True,0.8507,ALCISTA,-0.4000,14.8500,17.2300,11.7500,-14.1500,25.9200,0.6000,True,14.5100,18,,True,-1.8700,HAMMER|DOJI,7.7000,10.0000,7.0000,7.5000,9,5.0000,7.0000,False,0.6800,1.0100,1.5000,5.5393,6.2202,2.1342,0.8080,12.1680,0.0957,0.0296,0.1434,0.2027,0.1990,,256.8860,0.7460,-3089125120.0000,1911000064.0000,-1.6165,10547602432,0.9500,2.6000,4.7600,713157713,5.5400,7.5000,4.0400,5.0000,-0.2929,FCF/NI:-1.62|D/E:257,2,6.4000,False,10-18d,XLU,,NEE|DUK|SO,interest_rates|regulatory_environment,58,2026-11-04,False,2026-08-04,0.4400,0.4700,-6.0000,ALCISTA FUERTE,10,770.1900,8.5000,47.5000,14.5300,"Filtros estándar (Score ≥6.5, DD ≥10%)"
LYV,Live Nation Entertainment,Communication Services,Movies & Entertainment,2019-12-23,173.5000,2026-09-07,34.9500,45.5900,DOWN,-1.1375,-0.8597,False,-0.0995,4.2957,0.9190,2.4760,181.5700,160.4400,180.5500,-4.4400,8.1400,True,2.3249,NEUTRO,-8.3200,189.2500,189.2500,125.3400,-8.3200,38.4200,1.1490,True,170.0300,5,176.0000,True,-2.0000,NONE,7.5500,8.5000,6.5000,7.5000,9,8.0000,5.0000,False,4.9500,7.4300,1.5000,,91.8913,485.9944,1.5384,28.6090,0.1768,0.0210,0.0051,0.2578,0.0940,1.5620,620.2140,0.8520,1695030656.0000,-258028992.0000,-6.5691,40418471936,1.1160,12.1400,,232959505,5.6100,7.2900,4.0300,5.4800,0.0419,FCF/NI:-6.57|D/E:620,2,6.3900,False,7-15d,XLC,,GOOGL|META|NFLX,ad_spending_cycle|streaming_competition|regulation,57,2026-11-03,False,2026-07-30,1.0500,0.5700,82.9000,ALCISTA FUERTE,10,770.1900,8.5000,47.5000,14.5300,"Filtros estándar (Score ≥6.5, DD ≥10%)"
TXN,Texas Instruments,Information Technology,Semiconductors,2001-03-12,258.4400,2026-09-07,28.2900,31.0600,DOWN,-0.4056,-0.9145,True,0.2910,7.9093,0.6240,3.0600,279.3200,237.4800,264.9500,-7.4700,8.8300,True,4.6707,NEUTRO,-22.2300,332.3300,332.3300,150.2000,-22.2300,72.0600,0.7880,True,255.1800,1,284.9200,True,-1.2600,HAMMER,7.9300,8.5000,8.5000,7.5000,7,8.5000,7.0000,True,6.1200,9.1800,1.5000,39.2170,24.2784,13.1035,12.1328,25.5330,0.3518,0.1306,0.3111,0.5833,0.2280,0.5180,78.0360,4.8570,3545250048.0000,6016999936.0000,0.5892,236019728384,1.3140,2.6000,2.2000,913247686,5.3500,5.9500,6.2700,3.5500,0.0150,FCF/NI:0.59,1,6.3800,False,5-10d,XLK,,AAPL|MSFT|NVDA,interest_rates|ai_capex_cycle|semiconductor_cycle,50,2026-10-27,False,2026-07-22,2.1400,1.9400,10.5000,ALCISTA FUERTE,10,770.1900,8.5000,47.5000,14.5300,"Filtros estándar (Score ≥6.5, DD ≥10%)"
GD,General Dynamics,Industrials,Aerospace & Defense,1957-03-04,359.3900,2026-09-07,18.8200,30.4100,DOWN,-3.5220,-3.0348,False,-0.0037,6.9700,0.8910,1.9390,377.8000,352.3000,376.8700,-4.8700,2.0100,True,1.2047,NEUTRO,-10.1500,400.0000,400.0000,305.4300,-10.1500,17.6700,1.2270,False,363.3200,2,380.7100,True,1.0900,HAMMER,7.1500,8.5000,7.5000,5.0000,7,8.0000,7.0000,False,3.8800,5.8200,1.5000,21.9274,19.3352,3.6192,1.7724,15.4130,0.1780,0.0608,0.0818,0.1537,0.0810,0.1340,35.3350,1.4410,4400124928.0000,4487000064.0000,0.9806,97235550208,0.3210,2.4700,1.7700,270557195,5.8600,4.6600,6.1900,6.8600,0.0453,OK,0,6.3800,False,7-15d,XLI,,CAT|UNP|HON,pmi_manufacturing|supply_chain|capex_cycle,51,2026-10-28,False,2026-07-29,4.2400,3.9700,6.9000,ALCISTA FUERTE,10,770.1900,8.5000,47.5000,14.5300,"Filtros estándar (Score ≥6.5, DD ≥10%)"
PAYX,Paychex,Industrials,Human Resource & Employment Services,1998-10-01,121.7100,2026-09-07,58.4100,62.3600,DOWN,-0.7185,-0.1624,False,0.3148,2.7657,0.8150,2.2720,115.9000,102.1200,122.9300,5.0100,19.1900,True,1.0846,ALCISTA,-4.9000,127.9800,132.3600,83.5000,-8.0500,45.7700,0.8510,True,118.4800,1,125.3200,True,-2.6500,NONE,6.8000,10.0000,5.0000,7.5000,7,5.0000,5.0000,False,4.5400,6.8200,1.5000,24.8896,19.0448,11.5870,10.9189,29.0900,,,0.2663,0.6720,0.1250,0.4340,123.9670,1.1520,,,,43326382080,,6.3700,3.9100,355980473,6.1000,8.5300,4.6800,4.9400,,D/E:124,1,6.3800,False,10-18d,XLI,,CAT|UNP|HON,pmi_manufacturing|supply_chain|capex_cycle,22,2026-09-29,False,2026-06-24,1.3200,1.3100,91.0000,ALCISTA FUERTE,10,770.1900,8.5000,47.5000,14.5300,"Filtros estándar (Score ≥6.5, DD ≥10%)"
CSGP,CoStar Group,Real Estate,Real Estate Services,2022-09-19,30.9100,2026-09-07,47.5400,53.0700,DOWN,-0.1965,-0.0667,False,0.1781,1.3171,0.8670,4.2610,30.2900,43.7300,31.5500,2.0300,-29.3100,False,-8.2741,BAJISTA,-9.3000,34.0800,91.8900,25.8900,-66.3600,19.3900,0.5870,False,28.1800,1,31.3700,False,-8.8300,HAMMER,5.5800,6.5000,5.0000,5.0000,4,6.5000,7.0000,False,8.5200,12.7800,1.5000,171.7222,17.8387,1.5774,3.5221,31.5400,0.0089,0.0047,0.0208,0.7868,0.1840,12.6100,14.5370,2.2140,412700000.0000,74000000.0000,5.5770,12524657664,0.7470,2.1500,,405197588,6.9200,10.0000,5.9100,4.4900,0.0330,OK,0,6.3800,False,3-7d,XLRE,,PLD|AMT|EQIX,interest_rates|cap_rates|occupancy_trends,50,2026-10-27,False,2026-07-28,0.3200,0.2900,11.9000,ALCISTA FUERTE,10,770.1900,8.5000,47.5000,14.5300,"Filtros estándar (Score ≥6.5, DD ≥10%)"
MKC,McCormick & Company,Consumer Staples,Packaged Foods & Meats,2003-03-20,52.0800,2026-09-07,42.1200,59.8000,DOWN,-0.4442,-0.1797,False,0.0209,1.4893,0.9360,2.8600,52.8100,56.3600,53.8200,-1.3800,-7.6000,False,-1.6505,BAJISTA,-8.4200,56.8700,71.1300,44.4200,-26.7800,17.2500,1.1710,True,49.8400,3,53.9200,False,-4.3100,HAMMER|DOJI,6.4500,5.0000,5.0000,7.5000,7,8.0000,7.0000,False,5.7200,8.5800,1.5000,8.6656,15.7912,2.0015,1.8958,13.2150,0.2473,0.0514,0.2191,0.3885,0.1670,-0.1420,65.1430,0.7810,714025024.0000,1618400000.0000,0.4412,14001788928,0.6340,0.0000,3.6900,254055150,6.3100,5.0000,5.1900,9.1500,0.0510,FCF/NI:0.44,1,6.3700,False,3-7d,XLP,,PG|KO|PEP,inflation|input_costs|fx_rates,24,2026-10-01,False,2026-06-25,0.8000,0.7000,14.8000,ALCISTA FUERTE,10,770.1900,8.5000,47.5000,14.5300,"Filtros estándar (Score ≥6.5, DD ≥10%)"
GL,Globe Life,Financials,Life & Health Insurance,1989-04-30,174.2700,2026-09-07,40.0900,31.9500,UP,-0.0234,-0.5658,True,0.4110,3.5921,0.9260,2.0610,178.4700,153.5800,175.4400,-2.3500,13.4700,True,2.9011,NEUTRO,-9.0200,191.5500,191.5500,127.0700,-9.0200,37.1500,0.4830,True,175.9200,2,181.9900,True,0.9500,HAMMER,7.1000,8.5000,7.0000,7.5000,7,5.0000,7.0000,False,4.1200,6.1800,1.5000,11.5871,10.5502,2.1814,2.1629,9.7390,0.2094,0.0336,0.1958,0.3391,0.0800,0.1970,55.6750,0.7950,1163503360.0000,1212199040.0000,0.9598,13392553984,0.4620,0.0600,0.7600,76849447,5.8800,4.2600,6.1200,7.4800,0.0869,OK,0,6.3700,False,7-15d,XLF,,JPM|BAC|WFC,interest_rates|yield_curve|credit_spreads|loan_growth,44,2026-10-21,False,2026-07-22,3.6100,3.6800,-2.0000,ALCISTA FUERTE,10,770.1900,8.5000,47.5000,14.5300,"Filtros estándar (Score ≥6.5, DD ≥10%)"
NDSN,Nordson Corporation,Industrials,Industrial Machinery & Supplies & Components,2022-02-15,318.3600,2026-09-07,56.4900,63.7000,DOWN,-1.8800,-0.9567,False,0.4764,8.3029,1.2150,2.6080,304.8700,278.2200,318.0100,4.4300,14.4300,True,3.2686,ALCISTA,-6.1200,339.1200,339.1200,218.2200,-6.1200,45.8900,0.9970,True,302.9200,1,315.6800,False,-4.8500,HAMMER|DOJI|HAMMER,6.5500,10.0000,5.0000,7.5000,4,5.0000,7.0000,False,5.2200,7.8200,1.5000,32.2553,24.5980,5.4243,5.9529,20.2910,0.1776,0.0847,0.1863,0.5539,0.1030,0.2300,55.6190,1.8230,613806656.0000,555177984.0000,1.1056,17738364928,0.9720,4.5900,1.1800,55717948,6.2300,7.5500,5.7400,5.2600,0.0346,OK,0,6.3600,False,10-18d,XLI,,CAT|UNP|HON,pmi_manufacturing|supply_chain|capex_cycle,-19,2026-12-09,False,2026-08-19,3.2500,3.0900,5.0000,ALCISTA FUERTE,10,770.1900,8.5000,47.5000,14.5300,"Filtros estándar (Score ≥6.5, DD ≥10%)"
AMP,Ameriprise Financial,Financials,Asset Management & Custody Banks,2005-10-03,560.5600,2026-09-07,49.3500,51.4700,DOWN,-2.0704,-3.8516,True,0.5535,12.2979,1.0330,2.1940,534.6300,484.9000,554.5700,4.8500,15.6000,True,2.1003,ALCISTA,-2.1000,572.5600,572.5600,419.5200,-2.1000,33.6200,0.9890,True,546.6600,1,572.5600,True,-2.4800,NONE,7.0000,10.0000,6.0000,7.5000,7,5.0000,5.0000,False,4.3900,6.5800,1.5000,13.5499,10.8492,7.7884,2.4978,,0.6343,0.0228,0.1990,0.5493,0.1160,0.1170,67.5780,2.1820,2903124992.0000,3948000000.0000,0.7353,49553502208,1.1340,4.7900,1.2100,88400000,5.9100,4.0400,6.9300,6.8800,0.0586,FCF/NI:0.74,1,6.3500,False,10-18d,XLF,,JPM|BAC|WFC,interest_rates|yield_curve|credit_spreads|loan_growth,52,2026-10-29,False,2026-07-23,11.0700,10.8100,2.4000,ALCISTA FUERTE,10,770.1900,8.5000,47.5000,14.5300,"Filtros estándar (Score ≥6.5, DD ≥10%)"
UHS,Universal Health Services,Health Care,Health Care Facilities,2014-09-20,169.6500,2026-09-07,48.7400,48.2200,UP,-1.2700,-1.0180,False,0.2948,4.6917,0.8980,2.7660,163.1100,185.5500,170.3300,4.0100,-8.5700,False,-2.5070,BAJISTA,-5.6100,179.7300,245.2600,139.9200,-30.8300,21.2500,0.6900,True,164.7100,1,179.7300,True,-2.9100,HAMMER|DOJI,6.7200,6.5000,6.0000,7.5000,7,6.5000,7.0000,False,5.5300,8.3000,1.5000,6.9245,7.0634,1.3307,0.5520,5.6540,0.2095,0.0832,0.0842,0.4461,0.0830,0.1010,68.7400,1.1160,498316992.0000,1526027008.0000,0.3265,9998579712,1.0610,2.7000,0.4700,51687770,6.1100,4.2100,5.2900,9.2800,0.0498,FCF/NI:0.33,1,6.3500,False,3-7d,XLV,,UNH|JNJ|LLY,fda_calendar|drug_pricing_policy|patent_cliffs,49,2026-10-26,False,2026-07-27,5.9800,6.0100,-45.0000,ALCISTA FUERTE,10,770.1900,8.5000,47.5000,14.5300,"Filtros estándar (Score ≥6.5, DD ≥10%)"
BALL,Ball Corporation,Materials,"Metal, Glass & Plastic Containers",1984-10-31,62.6700,2026-09-07,62.6600,58.8100,UP,-0.0754,-0.0407,False,0.4888,1.1103,0.7480,1.7720,62.7300,58.7100,62.9500,-0.0900,6.7400,True,2.6528,NEUTRO,-6.9300,67.3400,67.6200,44.2100,-7.3200,41.7500,1.1510,True,60.4700,4,64.3200,True,-3.5200,HAMMER|DOJI,7.5000,8.5000,6.0000,7.5000,9,7.0000,7.0000,False,3.5400,5.3100,1.5000,17.9570,13.8566,2.8860,1.1647,11.4120,0.1715,0.0463,0.0661,0.1863,0.1970,0.0920,131.4950,1.0690,379875008.0000,945000000.0000,0.4020,16685668352,0.9510,3.4300,1.2800,266246511,5.5700,7.0000,4.3900,5.2800,0.0228,FCF/NI:0.40|D/E:131,2,6.3400,False,7-15d,XLB,,LIN|APD|ECL,commodity_prices|dxy|china_demand|energy_costs,57,2026-11-03,False,2026-08-04,1.0300,0.9900,4.3000,ALCISTA FUERTE,10,770.1900,8.5000,47.5000,14.5300,"Filtros estándar (Score ≥6.5, DD ≥10%)"
ROK,Rockwell Automation,Industrials,Electrical Components & Equipment,2000-03-12,433.8100,2026-09-07,41.2700,47.5400,DOWN,0.4889,-1.1078,True,0.4857,8.8286,0.6390,2.0350,452.8100,418.1500,434.9000,-4.2000,3.7500,True,1.7030,NEUTRO,-12.5100,495.8300,495.8300,328.3200,-12.5100,32.1300,0.7960,True,438.3500,1,487.8500,True,1.0500,HAMMER,7.2000,8.5000,6.0000,7.5000,7,7.0000,7.0000,False,4.0700,6.1100,1.5000,40.6570,29.2175,13.7875,5.3688,24.5270,0.3063,0.0999,0.1339,0.4909,0.0790,0.4040,103.3470,1.0750,1303874944.0000,1199000064.0000,1.0875,48174022656,1.5150,4.2100,1.2700,111048676,5.7700,7.0500,5.8900,4.1300,0.0271,D/E:103,1,6.3400,False,7-15d,XLI,,CAT|UNP|HON,pmi_manufacturing|supply_chain|capex_cycle,59,2026-11-05,False,2026-08-03,3.4900,3.3800,3.1000,ALCISTA FUERTE,10,770.1900,8.5000,47.5000,14.5300,"Filtros estándar (Score ≥6.5, DD ≥10%)"
EW,Edwards Lifesciences,Health Care,Health Care Equipment,2011-04-01,89.9000,2026-09-07,44.3200,41.5000,UP,-0.2126,-0.1551,False,0.2480,1.8671,0.8040,2.0770,89.6400,84.9500,90.2400,0.2900,5.8300,True,1.0462,ALCISTA,-6.6400,96.2900,96.2900,72.3000,-6.6400,24.3400,0.9390,True,89.1200,3,93.9100,True,-0.8700,HAMMER,7.7200,10.0000,6.0000,7.5000,9,6.5000,7.0000,False,4.1500,6.2300,1.5000,53.5119,26.6173,4.8819,7.9487,24.2270,0.0917,0.0837,0.1543,0.7784,0.1360,-0.2540,6.5680,4.5220,1232412544.0000,979900032.0000,1.2577,51764420608,0.8520,2.1500,,575800000,5.4200,5.0000,7.2200,3.8100,0.0238,OK,0,6.3400,False,10-18d,XLV,,UNH|JNJ|LLY,fda_calendar|drug_pricing_policy|patent_cliffs,52,2026-10-29,False,2026-07-23,0.7800,0.7400,5.1000,ALCISTA FUERTE,10,770.1900,8.5000,47.5000,14.5300,"Filtros estándar (Score ≥6.5, DD ≥10%)"
VRTX,Vertex Pharmaceuticals,Health Care,Biotechnology,2013-09-23,546.1200,2026-09-07,65.0400,57.8700,UP,-0.6027,0.0922,False,0.6224,12.4650,0.8720,2.2820,508.7600,466.1500,536.1100,7.3400,17.1600,True,2.5214,ALCISTA,-2.5200,560.2500,560.2500,374.1700,-2.5200,45.9600,0.7190,True,466.7000,3,546.1700,False,-14.5400,HAMMER,7.0500,10.0000,6.0000,7.5000,6,5.0000,7.0000,False,4.5600,6.8500,1.5000,31.8437,25.0838,6.8332,10.9899,25.9870,0.2354,0.1193,0.3500,0.5496,0.1250,0.0800,9.7670,3.1850,2627887616.0000,4405199872.0000,0.5965,138332192768,0.3200,3.1100,,253300000,5.8700,5.5700,7.9600,3.7900,0.0190,FCF/NI:0.60,1,6.3400,False,10-18d,XLV,,UNH|JNJ|LLY,fda_calendar|drug_pricing_policy|patent_cliffs,56,2026-11-02,False,2026-08-03,4.7300,4.7500,-32.0000,ALCISTA FUERTE,10,770.1900,8.5000,47.5000,14.5300,"Filtros estándar (Score ≥6.5, DD ≥10%)"
WDAY,"Workday, Inc.",Information Technology,Application Software,2024-12-23,195.7900,2026-09-07,53.6500,61.3200,DOWN,-1.4571,-1.2665,False,0.5160,8.7350,0.9590,4.4610,165.7900,160.1800,191.8100,18.1000,22.2300,True,-2.3236,ALCISTA,-13.9300,227.4900,249.8500,110.3600,-21.6400,77.4100,0.5740,True,188.0500,1,227.4900,True,-3.9500,NONE,6.7000,9.5000,5.0000,7.5000,7,5.0000,5.0000,False,8.9200,13.3800,1.5000,39.8758,14.8183,7.2950,4.6465,29.9840,0.1601,0.0451,0.1232,0.7580,0.1280,2.0600,58.3900,0.9080,3046374912.0000,1251000064.0000,2.4352,47185387520,1.0820,3.9700,,196000000,6.0900,6.3600,5.0500,6.9800,0.0646,OK,0,6.3300,False,10-18d,XLK,,AAPL|MSFT|NVDA,interest_rates|ai_capex_cycle|semiconductor_cycle,-11,2026-12-01,False,2026-08-27,2.7500,2.6100,5.3000,ALCISTA FUERTE,10,770.1900,8.5000,47.5000,14.5300,"Filtros estándar (Score ≥6.5, DD ≥10%)"
SNA,Snap-on,Industrials,Industrial Machinery & Supplies & Components,1982-09-30,383.0000,2026-09-07,28.5400,23.7100,UP,-1.5830,-1.8576,True,0.1660,5.7392,0.7160,1.4980,400.8100,372.0600,392.5700,-4.4400,2.9400,True,1.7223,NEUTRO,-8.9000,420.4100,420.4100,312.3400,-8.9000,22.6200,0.9380,True,359.5600,1,382.8400,False,-6.1200,HAMMER,7.6700,8.5000,9.5000,7.5000,4,8.5000,7.0000,False,3.0000,4.5000,1.5000,19.5309,17.9496,3.2789,3.7558,13.7780,0.1793,0.0985,0.1960,0.5183,0.0420,0.0510,21.5950,3.4330,1109474944.0000,1033699968.0000,1.0733,19811487744,0.7120,8.3600,2.5500,51727124,5.4400,1.5100,7.2500,7.9100,0.0560,OK,0,6.3300,False,7-15d,XLI,,CAT|UNP|HON,pmi_manufacturing|supply_chain|capex_cycle,38,2026-10-15,False,2026-07-23,4.9600,4.9500,26.0000,ALCISTA FUERTE,10,770.1900,8.5000,47.5000,14.5300,"Filtros estándar (Score ≥6.5, DD ≥10%)"
MGM,MGM Resorts,Consumer Discretionary,Casinos & Gaming,2017-07-26,41.2200,2026-09-07,26.5600,37.2600,DOWN,-0.1647,-0.2119,True,0.1207,0.8357,0.7310,2.0270,44.9500,39.5900,42.8000,-8.3000,4.1200,True,2.7550,NEUTRO,-18.4600,50.5500,51.5900,29.1900,-20.1000,41.2100,0.8040,True,35.4600,3,40.9400,False,-13.9700,NONE,7.8000,8.5000,8.5000,7.5000,6,10.0000,5.0000,True,4.0500,6.0800,1.5000,24.9818,19.9256,4.1253,0.5839,17.2650,0.1892,0.0177,0.0240,0.4416,0.0100,5.1940,893.3110,1.3350,878991104.0000,423588000.0000,2.0751,10370653184,1.2820,7.1500,,251592756,5.3500,5.0000,4.3700,6.9000,0.0848,D/E:893,1,6.3300,False,7-15d,XLY,,AMZN|TSLA|HD,consumer_spending|employment_data|interest_rates,51,2026-10-28,False,2026-07-29,0.5900,0.5800,1.9000,ALCISTA FUERTE,10,770.1900,8.5000,47.5000,14.5300,"Filtros estándar (Score ≥6.5, DD ≥10%)"
BAX,Baxter International,Health Care,Health Care Equipment,1972-09-30,25.8300,2026-09-07,49.0400,31.5300,UP,-0.2491,-0.2952,True,0.2897,0.7156,0.7980,2.7700,24.7100,20.3300,25.9400,4.5400,27.0700,True,3.3141,ALCISTA,-13.8700,29.9900,29.9900,15.7200,-13.8700,64.3600,0.6610,True,25.7400,1,29.9900,True,-0.3500,NONE,7.7300,10.0000,7.0000,7.5000,7,8.5000,5.0000,False,5.5400,8.3100,1.5000,,12.6841,2.1518,1.1643,11.0640,-0.1437,0.0285,-0.0927,0.3410,0.0530,0.3680,156.4490,1.9460,1000374976.0000,-968000000.0000,-1.0334,13354006528,0.5950,3.1900,0.1500,516995999,5.4000,6.6800,2.5500,7.2400,0.0749,FCF/NI:-1.03|D/E:156|ROE:-14.4%,3,6.3300,False,10-18d,XLV,,UNH|JNJ|LLY,fda_calendar|drug_pricing_policy|patent_cliffs,52,2026-10-29,False,2026-07-30,0.5600,0.3700,52.5000,ALCISTA FUERTE,10,770.1900,8.5000,47.5000,14.5300,"Filtros estándar (Score ≥6.5, DD ≥10%)"
KO,Coca-Cola Company (The),Consumer Staples,Soft Drinks & Non-alcoholic Beverages,1957-03-04,88.0700,2026-09-07,54.6400,62.8100,DOWN,-0.4164,-0.3279,False,0.3816,1.4414,0.8470,1.6370,86.0700,77.8900,88.5100,2.3300,13.0700,True,2.6750,ALCISTA,-4.7800,92.4900,92.4900,64.0400,-4.7800,37.5300,1.2000,False,85.5200,4,90.9200,True,-2.9000,NONE,6.6000,10.0000,5.0000,5.0000,9,5.0000,5.0000,False,3.2700,4.9100,1.5000,26.4474,24.9746,10.4833,7.5590,24.0610,0.4205,0.0940,0.2856,0.6189,0.0670,0.1690,115.5190,1.3050,5218749952.0000,14316000256.0000,0.3645,378925481984,0.3420,2.3500,2.4100,4302549243,6.1400,8.5600,6.1700,3.2800,0.0138,FCF/NI:0.36|D/E:116,2,6.3200,False,10-18d,XLP,,PG|PEP|WMT,inflation|input_costs|fx_rates,43,2026-10-20,False,2026-07-28,0.9700,0.9300,4.0000,ALCISTA FUERTE,10,770.1900,8.5000,47.5000,14.5300,"Filtros estándar (Score ≥6.5, DD ≥10%)"
REGN,Regeneron Pharmaceuticals,Health Care,Biotechnology,2013-05-01,827.7200,2026-09-07,56.0000,45.1200,UP,-3.3784,-6.1536,True,0.6460,20.3900,1.1140,2.4630,737.2700,730.3900,807.5400,12.2700,13.3300,True,2.5095,ALCISTA,-3.6800,859.3400,859.3400,538.2400,-3.6800,53.7800,0.8180,True,667.0700,1,847.0000,False,-19.4100,NONE,6.7500,10.0000,7.0000,7.5000,4,5.0000,5.0000,False,4.9300,7.3900,1.5000,20.4932,13.6560,2.6184,5.4856,16.4520,0.1404,0.0653,0.2787,0.4446,0.1670,-0.0450,8.5350,3.3350,3065299968.0000,4328699904.0000,0.7081,85217902592,0.1930,3.0000,0.4500,101137842,6.0100,5.0000,6.9200,6.1400,0.0360,FCF/NI:0.71,1,6.3100,False,10-18d,XLV,,UNH|JNJ|LLY,fda_calendar|drug_pricing_policy|patent_cliffs,51,2026-10-28,False,2026-07-30,14.2900,10.2100,40.0000,ALCISTA FUERTE,10,770.1900,8.5000,47.5000,14.5300,"Filtros estándar (Score ≥6.5, DD ≥10%)"
ANET,Arista Networks,Information Technology,Communications Equipment,2018-08-28,193.7800,2026-09-07,43.5300,52.4700,DOWN,-1.1826,-0.9983,False,0.4737,7.4793,0.7710,3.8600,182.9300,151.9400,191.4300,5.9300,27.5400,True,3.3431,ALCISTA,-9.8200,214.8900,214.8900,114.5200,-9.8200,69.2100,0.7370,True,182.8300,1,206.1300,False,-5.6500,BULL_ENGULF|HAMMER,7.1000,10.0000,5.0000,7.5000,4,7.0000,9.5000,False,7.7200,11.5800,1.5000,61.3228,37.5522,16.5158,23.1861,49.8010,0.3148,0.1412,0.3837,0.6300,0.3770,0.3570,,2.9570,3891512576.0000,4044600064.0000,0.9622,244400128000,1.6170,1.6500,,1261224648,5.7900,6.9900,6.8300,3.1600,0.0159,OK,0,6.3100,False,10-18d,XLK,,AAPL|MSFT|NVDA,interest_rates|ai_capex_cycle|semiconductor_cycle,57,2026-11-03,False,2026-08-04,1.0200,0.8900,15.2000,ALCISTA FUERTE,10,770.1900,8.5000,47.5000,14.5300,"Filtros estándar (Score ≥6.5, DD ≥10%)"
BEN,Franklin Resources,Financials,Asset Management & Custody Banks,1998-04-30,34.7300,2026-09-07,55.3800,71.3200,DOWN,-0.0931,-0.1079,True,0.7738,0.7414,0.8340,2.1350,33.7100,28.1300,34.0300,3.0200,23.4700,True,4.5420,ALCISTA,-4.2700,36.2800,36.2800,20.3200,-4.2700,70.9100,1.5780,True,33.2500,1,34.0800,False,-4.2600,HAMMER|DOJI,7.1500,10.0000,6.0000,9.5000,4,5.0000,7.0000,False,4.2700,6.4000,1.5000,23.6258,10.9723,1.5016,1.8925,11.7890,0.0789,0.0264,0.0872,0.3771,0.1430,1.0670,24.8050,5.4860,-2990862592.0000,759200000.0000,-3.9395,17645510656,1.5700,3.3800,3.8000,508076910,5.7400,8.5100,5.4300,2.8700,-0.1695,FCF/NI:-3.94,1,6.3000,False,10-18d,XLF,,JPM|BAC|WFC,interest_rates|yield_curve|credit_spreads|loan_growth,60,2026-11-06,False,2026-07-31,0.7200,0.6600,8.3000,ALCISTA FUERTE,10,770.1900,8.5000,47.5000,14.5300,"Filtros estándar (Score ≥6.5, DD ≥10%)"
CVNA,Carvana,Consumer Discretionary,Automotive Retail,2025-12-22,74.5900,2026-09-07,58.3900,49.8100,UP,0.0093,0.0307,False,0.6983,3.4849,0.8720,4.6720,68.7700,73.0300,72.1800,8.4600,2.1400,False,0.9990,ALCISTA,-2.8800,76.8000,97.3800,54.4600,-23.4000,36.9500,0.4660,True,64.7600,1,73.2800,False,-13.1800,NONE,6.2500,8.5000,6.0000,7.5000,4,5.0000,5.0000,False,9.3400,14.0200,1.5000,39.4656,32.9741,13.3149,3.2996,22.8580,0.5877,0.1170,0.0626,0.1937,0.5240,0.6150,110.8800,3.9260,424375008.0000,1568000000.0000,0.2706,82680307712,3.4970,6.5400,,719916415,6.3200,10.0000,6.2300,2.1400,0.0051,FCF/NI:0.27|D/E:111,2,6.2900,False,10-18d,XLY,,AMZN|TSLA|HD,consumer_spending|employment_data|interest_rates,51,2026-10-28,False,2026-07-29,0.4200,0.3800,10.1000,ALCISTA FUERTE,10,770.1900,8.5000,47.5000,14.5300,"Filtros estándar (Score ≥6.5, DD ≥10%)"
PH,Parker Hannifin,Industrials,Industrial Machinery & Supplies & Components,1985-11-30,962.5900,2026-09-07,27.5000,29.8200,DOWN,-10.1474,-10.8575,True,0.1662,24.0673,0.9660,2.5000,989.4200,932.5900,994.0600,-2.7100,3.2200,True,2.4482,NEUTRO,-12.3100,1097.7300,1097.7300,709.4600,-12.3100,35.6800,1.3860,False,934.1000,4,1000.2400,True,-2.9600,NONE,7.2200,8.5000,8.5000,5.0000,9,6.5000,5.0000,False,5.0000,7.5000,1.5000,33.7869,24.5812,7.8799,5.6436,22.8770,0.2508,0.0979,0.1697,0.3755,0.0980,0.1930,56.6600,1.2620,2961750016.0000,3648000000.0000,0.8119,121332039680,1.1230,1.9200,0.8300,126047469,5.6700,6.5500,6.0300,4.2400,0.0244,OK,0,6.2900,False,5-10d,XLI,,CAT|UNP|HON,pmi_manufacturing|supply_chain|capex_cycle,59,2026-11-05,False,2026-08-06,9.2700,8.2700,12.2000,ALCISTA FUERTE,10,770.1900,8.5000,47.5000,14.5300,"Filtros estándar (Score ≥6.5, DD ≥10%)"
WELL,Welltower,Real Estate,Health Care REITs,2009-01-30,236.1700,2026-09-07,51.7400,56.6700,DOWN,-0.1813,0.0608,False,0.4618,4.4257,0.8180,1.8740,236.5400,209.5700,237.7200,-0.1500,12.7000,True,2.6707,NEUTRO,-7.1100,254.2400,254.2400,161.3700,-7.1100,46.3500,0.8420,True,226.1100,2,238.2100,False,-4.2600,NONE,6.0500,8.5000,5.0000,7.5000,4,5.0000,5.0000,False,3.7500,5.6200,1.5000,106.3829,74.2673,3.6580,13.3334,56.6430,0.0384,0.0083,0.1215,0.3956,0.3910,0.3560,41.3750,1.3170,2756164352.0000,1550674048.0000,1.7774,170177495040,0.7600,5.6400,1.4400,720572011,6.4500,10.0000,5.9600,2.8800,0.0162,OK,0,6.2900,False,7-15d,XLRE,,PLD|AMT|EQIX,interest_rates|cap_rates|occupancy_trends,49,2026-10-26,False,2026-07-27,0.5400,0.6500,-16.9000,ALCISTA FUERTE,10,770.1900,8.5000,47.5000,14.5300,"Filtros estándar (Score ≥6.5, DD ≥10%)"
MAA,Mid-America Apartment Communities,Real Estate,Multi-Family Residential REITs,2016-12-02,128.3200,2026-09-07,39.1800,41.8600,DOWN,-0.2733,-0.2923,True,0.1347,1.9243,0.7530,1.5000,133.3800,129.9100,130.6700,-3.8000,-1.2200,True,0.3833,BAJISTA,-10.1100,142.7600,142.7600,117.4800,-10.1100,9.2200,0.7650,True,126.1400,1,130.0500,True,-1.7000,NONE,7.6000,7.0000,7.5000,7.5000,8,10.0000,5.0000,True,3.0000,4.5000,1.5000,37.4111,39.1271,2.7396,6.9011,16.7200,0.0705,0.0313,0.1817,0.5839,0.0100,0.1370,102.3770,0.0480,921182272.0000,399288992.0000,2.3071,15311994880,0.7150,3.9400,4.7700,116384802,5.4000,4.4600,5.2100,6.7300,0.0602,D/E:102,1,6.2800,False,3-7d,XLRE,,PLD|AMT|EQIX,interest_rates|cap_rates|occupancy_trends,51,2026-10-28,False,2026-07-29,1.0400,0.7800,33.8000,ALCISTA FUERTE,10,770.1900,8.5000,47.5000,14.5300,"Filtros estándar (Score ≥6.5, DD ≥10%)"
GEN,Gen Digital,Information Technology,Systems Software,2003-03-25,30.6500,2026-09-07,73.8200,62.5400,UP,0.0938,0.1316,False,0.7639,0.9107,0.9690,2.9710,27.6500,24.3900,29.5100,10.8400,25.6600,True,1.4019,ALCISTA,-3.1600,31.6500,31.6500,17.6100,-3.1600,74.0700,0.8800,False,27.1100,3,,False,-11.5500,NONE,6.3500,10.0000,6.0000,5.0000,6,5.0000,5.0000,False,5.9400,8.9100,1.5000,17.9240,9.2677,6.9125,3.6123,10.7840,0.4194,0.0849,0.2073,0.7801,0.0630,0.6400,307.8310,0.4660,1547124992.0000,1053000000.0000,1.4693,18346690560,1.2150,6.2500,1.6300,598587032,6.2100,4.4000,6.1600,8.3600,0.0843,D/E:308,1,6.2700,False,10-18d,XLK,,AAPL|MSFT|NVDA,interest_rates|ai_capex_cycle|semiconductor_cycle,59,2026-11-05,False,2026-08-06,0.7100,0.6900,3.0000,ALCISTA FUERTE,10,770.1900,8.5000,47.5000,14.5300,"Filtros estándar (Score ≥6.5, DD ≥10%)"
IR,Ingersoll Rand,Industrials,Industrial Machinery & Supplies & Components,2020-03-03,76.3600,2026-09-07,30.5400,21.1800,UP,-0.6247,-0.8643,True,0.2294,1.9415,0.7600,2.5430,81.6500,81.9900,79.2400,-6.4800,-6.8700,False,0.2930,BAJISTA,-16.7800,91.7600,100.8900,68.0500,-24.3100,12.2100,1.1690,True,75.6800,2,83.1800,True,-0.9000,HAMMER|DOJI|HAMMER|BULL_ENGULF,7.7300,5.5000,8.5000,7.5000,8,8.5000,9.5000,True,5.0900,7.6300,1.5000,31.5537,19.4932,2.9111,3.7304,16.5870,0.0947,0.0510,0.1208,0.4282,0.0850,,47.9030,1.6160,1107425024.0000,959100032.0000,1.1547,29627635712,1.1470,3.6100,0.1000,387999429,5.3000,4.7400,5.3000,5.9300,0.0374,OK,0,6.2700,False,3-7d,XLI,,CAT|UNP|HON,pmi_manufacturing|supply_chain|capex_cycle,52,2026-10-29,False,2026-07-30,0.8600,0.8300,4.1000,ALCISTA FUERTE,10,770.1900,8.5000,47.5000,14.5300,"Filtros estándar (Score ≥6.5, DD ≥10%)"
MDLZ,Mondelez International,Consumer Staples,Packaged Foods & Meats,2012-10-02,61.2800,2026-09-07,44.1600,54.9100,DOWN,-0.3117,-0.2822,False,0.1565,1.2064,0.7930,1.9690,61.5100,58.4400,62.3800,-0.3700,4.8500,True,1.0564,NEUTRO,-8.0600,66.6500,66.6500,50.3400,-8.0600,21.7400,1.1490,True,60.7700,14,65.5500,True,-0.8300,NONE,7.3200,8.5000,5.0000,7.5000,9,8.5000,5.0000,False,3.9400,5.9100,1.5000,22.4469,18.2281,2.9457,1.9827,16.2180,0.1334,0.0412,0.0886,0.3115,0.0410,1.4490,82.6430,0.5990,2252375040.0000,3516000000.0000,0.6406,78662057984,0.4020,2.9800,3.3900,1283649766,5.5500,6.9800,4.4700,5.1200,0.0286,FCF/NI:0.64|D/E:83,2,6.2600,False,7-15d,XLP,,PG|KO|PEP,inflation|input_costs|fx_rates,50,2026-10-27,False,2026-07-28,0.7300,0.6800,7.4000,ALCISTA FUERTE,10,770.1900,8.5000,47.5000,14.5300,"Filtros estándar (Score ≥6.5, DD ≥10%)"
IVZ,Invesco,Financials,Asset Management & Custody Banks,2008-08-21,33.0700,2026-09-07,54.1000,62.3100,DOWN,-0.1042,-0.0999,False,0.8116,0.9271,0.9770,2.8040,30.2900,26.8900,32.1100,9.1600,22.9700,True,3.6764,ALCISTA,-1.7500,33.6600,33.6600,20.0300,-1.7500,65.0700,0.7680,True,27.6700,1,32.5700,False,-16.3100,NONE,6.3500,10.0000,5.0000,7.5000,4,5.0000,5.0000,False,5.6100,8.4100,1.5000,,10.1400,1.4657,2.1152,13.0250,-0.0057,0.0291,-0.0093,0.2952,0.2050,,12.0560,0.7080,1140787456.0000,-309200000.0000,-3.6895,14600397824,1.6050,2.1600,2.6000,441499780,6.2000,7.5000,3.9700,7.2700,0.0781,FCF/NI:-3.69|ROE:-0.6%,2,6.2600,False,10-18d,XLF,,JPM|BAC|WFC,interest_rates|yield_curve|credit_spreads|loan_growth,50,2026-10-27,False,2026-07-28,0.7100,0.6600,7.2000,ALCISTA FUERTE,10,770.1900,8.5000,47.5000,14.5300,"Filtros estándar (Score ≥6.5, DD ≥10%)"
TMUS,T-Mobile US,Communication Services,Wireless Telecommunication Services,2019-07-15,181.5200,2026-09-07,53.9400,57.7300,DOWN,0.6132,0.2881,True,0.5543,4.0851,0.7100,2.2500,180.5000,192.4400,181.4200,0.5600,-5.6800,False,-1.4452,BAJISTA,-8.1900,197.7200,250.4500,164.7100,-27.5200,10.2100,1.1690,True,179.9900,1,194.0600,True,-0.8400,HAMMER|DOJI,6.9500,6.5000,6.0000,7.5000,8,7.0000,7.0000,False,4.5000,6.7500,1.5000,18.9676,12.5719,3.4676,2.1121,9.0870,0.1799,0.0597,0.1145,0.6305,0.0790,0.0530,214.0350,0.9240,11335999488.0000,10560000000.0000,1.0735,194711355392,0.3310,3.5900,2.2500,1072671613,5.8000,5.1300,5.5000,6.9300,0.0582,D/E:214,1,6.2600,False,3-7d,XLC,,GOOGL|META|NFLX,ad_spending_cycle|streaming_competition|regulation,45,2026-10-22,False,2026-07-23,2.9900,2.6000,14.9000,ALCISTA FUERTE,10,770.1900,8.5000,47.5000,14.5300,"Filtros estándar (Score ≥6.5, DD ≥10%)"
APO,Apollo Global Management,Financials,Asset Management & Custody Banks,2024-12-23,133.6700,2026-09-07,49.2500,55.2500,DOWN,-0.4651,-0.4506,False,0.4261,3.6391,0.8280,2.7220,126.5900,126.7600,132.7300,5.5900,5.4500,False,0.7119,ALCISTA,-6.9900,143.7200,151.3900,98.7200,-11.7000,35.4000,0.6460,True,122.2100,2,134.8200,False,-8.5700,HAMMER|DOJI,6.2500,8.5000,5.0000,7.5000,4,5.0000,7.0000,False,5.4400,8.1700,1.5000,47.5694,12.4509,3.9265,2.2175,,0.1141,0.0094,0.0527,0.3614,0.6380,0.6370,100.9690,1.9480,,1888000000.0000,,78937907200,1.5140,5.0900,1.6800,590543159,6.2500,10.0000,4.4400,4.0000,,OK,0,6.2500,False,10-18d,XLF,,JPM|BAC|WFC,interest_rates|yield_curve|credit_spreads|loan_growth,57,2026-11-03,False,2026-08-04,2.1100,2.1600,-2.2000,ALCISTA FUERTE,10,770.1900,8.5000,47.5000,14.5300,"Filtros estándar (Score ≥6.5, DD ≥10%)"
CSCO,Cisco,Information Technology,Communications Equipment,1993-12-01,109.2000,2026-09-07,35.9400,28.3100,UP,-0.2960,-0.3859,True,0.3106,2.0450,0.5350,1.8730,114.2400,94.2400,111.8000,-4.4100,15.8700,True,4.5273,NEUTRO,-12.4400,124.7100,129.8800,64.7900,-15.9300,68.5500,0.6330,True,109.2300,1,122.0200,True,0.0300,HAMMER|DOJI,7.7000,8.5000,8.5000,7.5000,7,7.0000,7.0000,True,3.7500,5.6200,1.5000,32.7928,19.4921,8.5694,6.7987,23.9140,0.2732,0.0798,0.2095,0.6452,0.1760,0.5210,62.0170,0.9310,11182624768.0000,13267000320.0000,0.8429,430530461696,0.9920,2.5800,1.5400,3942586873,5.2900,5.2100,5.7800,4.8100,0.0260,OK,0,6.2500,False,7-15d,XLK,,AAPL|MSFT|NVDA,interest_rates|ai_capex_cycle|semiconductor_cycle,66,2026-11-12,False,2026-08-12,1.2200,1.1700,4.4000,ALCISTA FUERTE,10,770.1900,8.5000,47.5000,14.5300,"Filtros estándar (Score ≥6.5, DD ≥10%)"
HII,Huntington Ingalls Industries,Industrials,Aerospace & Defense,2018-01-03,285.9300,2026-09-07,18.8300,15.7400,UP,-2.5180,-3.1451,True,0.1995,7.3829,0.8070,2.5820,296.0900,344.8600,297.9800,-3.4300,-17.0900,False,0.0515,BAJISTA,-14.1300,332.9800,455.9000,259.6800,-37.2800,10.1100,0.7920,True,285.6300,2,294.8200,True,-0.1000,HAMMER|DOJI,7.2200,5.5000,9.5000,7.5000,7,6.5000,7.0000,True,5.1600,7.7500,1.5000,17.0399,13.7237,2.1210,0.8545,12.1280,0.1297,0.0428,0.0501,0.1240,0.1090,0.3650,55.2520,1.2300,-300249984.0000,661000000.0000,-0.4542,11266957312,0.2250,1.8500,1.9300,39404598,5.6000,8.0200,4.0100,4.6200,-0.0266,FCF/NI:-0.45,1,6.2500,False,5-10d,XLI,,CAT|UNP|HON,pmi_manufacturing|supply_chain|capex_cycle,52,2026-10-29,False,2026-07-30,5.2700,3.8200,38.0000,ALCISTA FUERTE,10,770.1900,8.5000,47.5000,14.5300,"Filtros estándar (Score ≥6.5, DD ≥10%)"
YUM,Yum! Brands,Consumer Discretionary,Restaurants,1997-10-06,150.7100,2026-09-07,59.8900,62.2300,DOWN,0.0878,0.4842,False,0.5035,3.4650,0.8300,2.2990,153.2300,154.0900,151.6800,-1.6500,-2.2000,False,0.4494,BAJISTA,-11.4200,170.1400,170.1400,135.3900,-11.4200,11.3100,0.7110,True,149.7800,3,154.8600,True,-0.6200,HAMMER,6.5500,5.5000,5.0000,7.5000,10,5.0000,7.0000,False,4.6000,6.9000,1.5000,18.9811,20.2078,-5.7113,4.7155,17.5550,,0.2269,0.2541,0.4531,0.1220,1.3160,,0.5920,833249984.0000,2216000000.0000,0.3760,41128923136,0.5510,3.1500,1.9900,272901085,6.0400,10.0000,4.3200,3.4400,0.0203,FCF/NI:0.38,1,6.2400,False,3-7d,XLY,,AMZN|TSLA|HD,consumer_spending|employment_data|interest_rates,57,2026-11-03,False,2026-07-30,1.6200,1.5600,3.7000,ALCISTA FUERTE,10,770.1900,8.5000,47.5000,14.5300,"Filtros estándar (Score ≥6.5, DD ≥10%)"
BA,Boeing,Industrials,Aerospace & Defense,1957-03-04,212.2500,2026-09-07,27.2700,11.4700,UP,-0.7742,-2.0694,True,0.3545,4.0336,0.6220,1.9000,219.4100,220.2500,214.9900,-3.2600,-3.6300,False,0.6085,BAJISTA,-11.9600,241.0900,254.3500,176.7700,-16.5500,20.0700,0.9360,True,214.4500,3,231.8200,True,1.0400,HAMMER,7.7500,5.5000,9.5000,7.5000,10,7.0000,7.0000,True,3.8000,5.7000,1.5000,76.3489,51.5065,27.5078,1.7834,-67.8770,1.7354,-0.0198,0.0259,0.0471,0.0800,,790.8750,1.1380,5625375232.0000,2088999936.0000,2.6929,167633453056,1.2130,0.0100,,789792534,5.2300,4.5800,6.8000,4.1500,0.0336,D/E:791,1,6.2400,False,5-10d,XLI,,CAT|UNP|HON,pmi_manufacturing|supply_chain|capex_cycle,51,2026-10-28,False,2026-07-28,-0.7600,-0.3100,-141.5000,ALCISTA FUERTE,10,770.1900,8.5000,47.5000,14.5300,"Filtros estándar (Score ≥6.5, DD ≥10%)"
FRT,Federal Realty Investment Trust,Real Estate,Retail REITs,2016-02-01,117.0900,2026-09-07,43.2900,47.2300,DOWN,0.1647,0.0168,True,0.3951,1.4286,0.7520,1.2200,120.8300,109.7600,118.0000,-3.0900,6.6800,True,2.1071,NEUTRO,-8.6700,128.2100,128.2100,87.2700,-8.6700,34.1700,0.7250,True,117.8000,7,126.3300,True,0.6100,HAMMER|HAMMER|DOJI,7.5000,8.5000,6.0000,7.5000,9,7.0000,7.0000,False,2.4400,3.6600,1.5000,23.6545,36.6859,3.1745,7.6210,18.2920,0.1255,0.0326,0.3266,0.6814,0.0720,-0.4560,134.1140,0.5640,456137632.0000,426705984.0000,1.0690,10177274880,0.9190,0.0200,3.9600,86389197,5.4000,3.5800,6.3300,6.4300,0.0448,D/E:134,1,6.2400,False,7-15d,XLRE,,PLD|AMT|EQIX,interest_rates|cap_rates|occupancy_trends,53,2026-10-30,False,2026-07-31,0.9700,0.7200,35.3000,ALCISTA FUERTE,10,770.1900,8.5000,47.5000,14.5300,"Filtros estándar (Score ≥6.5, DD ≥10%)"
CHTR,Charter Communications,Communication Services,Cable & Satellite,2016-09-08,151.9900,2026-09-07,56.4700,50.2600,UP,-0.4370,-0.8297,True,0.5089,7.7657,1.0540,5.1090,143.2700,182.1700,150.5800,6.0900,-16.5700,False,-3.9482,BAJISTA,-9.5900,168.1100,285.8200,111.5500,-46.8200,36.2500,0.7330,True,143.9700,1,150.5400,False,-5.2800,NONE,6.0500,6.5000,7.0000,7.5000,4,5.0000,5.0000,False,10.2200,15.3300,1.5000,3.9560,3.4463,1.0694,0.3766,5.4680,0.2720,0.0531,0.0905,0.5519,-0.0170,0.1610,441.5780,0.3610,2198374912.0000,4924000256.0000,0.4465,20484831232,0.6870,8.1400,,119277492,6.3500,5.0000,4.9300,9.5800,0.1073,FCF/NI:0.45|D/E:442,2,6.2300,False,3-7d,XLC,,GOOGL|META|NFLX,ad_spending_cycle|streaming_competition|regulation,53,2026-10-30,False,2026-07-24,10.6600,10.0600,5.9000,ALCISTA FUERTE,10,770.1900,8.5000,47.5000,14.5300,"Filtros estándar (Score ≥6.5, DD ≥10%)"
STE,Steris,Health Care,Health Care Equipment,2019-12-23,224.5900,2026-09-07,41.6700,40.1800,UP,-1.8272,-1.3328,False,-0.0509,5.0221,0.8930,2.2360,224.6500,231.5000,230.6000,-0.0300,-2.9900,False,-0.5840,BAJISTA,-6.6800,240.6600,267.1400,193.9700,-15.9300,15.7900,0.9540,True,220.4500,9,234.9400,True,-1.8400,HAMMER,7.1000,5.0000,6.0000,7.5000,10,8.0000,7.0000,False,4.4700,6.7100,1.5000,27.4560,18.3382,3.0385,3.6269,14.3090,0.1139,0.0680,0.1333,0.4442,0.0730,0.1400,28.3120,1.9060,798862528.0000,805000000.0000,0.9924,21897549824,0.9140,3.0700,1.1500,97500110,5.6400,4.5000,6.7600,5.6500,0.0365,OK,0,6.2200,False,3-7d,XLV,,UNH|JNJ|LLY,fda_calendar|drug_pricing_policy|patent_cliffs,58,2026-11-04,False,2026-08-05,2.5900,2.4900,3.9000,ALCISTA FUERTE,10,770.1900,8.5000,47.5000,14.5300,"Filtros estándar (Score ≥6.5, DD ≥10%)"
COF,Capital One,Financials,Consumer Finance,1998-07-01,219.6000,2026-09-07,47.2000,46.0500,UP,-0.4926,-1.4541,True,0.5875,4.9150,0.8870,2.2380,211.3000,206.0800,216.5500,3.9300,6.5600,True,0.1411,ALCISTA,-3.4000,227.3400,256.6400,173.6200,-14.4300,26.4800,0.6460,True,191.0300,2,222.8300,False,-13.0100,NONE,6.7500,10.0000,7.0000,7.5000,4,5.0000,5.0000,False,4.4800,6.7100,1.5000,12.0925,9.1447,1.3082,2.8003,,0.0903,0.0152,0.2187,0.0000,11.1100,,,,,9822999552.0000,,134724608000,1.0160,2.7000,1.4600,613500000,5.8600,7.5000,4.3100,5.7500,,OK,0,6.2200,False,10-18d,XLF,,JPM|BAC|WFC,interest_rates|yield_curve|credit_spreads|loan_growth,43,2026-10-20,False,2026-07-21,5.8100,4.6900,23.8000,ALCISTA FUERTE,10,770.1900,8.5000,47.5000,14.5300,"Filtros estándar (Score ≥6.5, DD ≥10%)"
NEE,NextEra Energy,Utilities,Multi-Utilities,1976-06-30,83.4300,2026-09-07,36.0900,32.5300,UP,0.0737,-0.1493,True,0.3756,1.2582,0.8170,1.5080,85.9800,86.5400,84.0000,-2.9700,-3.5900,False,0.3273,BAJISTA,-7.6200,90.3100,97.3000,67.3100,-14.2600,23.9600,1.0420,False,82.6600,3,90.7700,True,-0.9300,NONE,6.5500,5.5000,8.5000,5.0000,10,5.0000,5.0000,False,3.0200,4.5200,1.5000,18.7483,19.0106,3.0462,6.0628,20.0360,0.1168,0.0244,0.3240,0.6102,0.1240,0.5310,161.6760,0.5340,-17766875136.0000,9299000320.0000,-1.9106,174002061312,0.6440,0.0000,2.9900,2085605358,6.0000,10.0000,4.5900,2.9800,-0.1021,FCF/NI:-1.91|D/E:162,2,6.2200,False,3-7d,XLU,,DUK|SO|D,interest_rates|regulatory_environment,50,2026-10-27,False,2026-07-24,1.1500,1.1100,3.8000,ALCISTA FUERTE,10,770.1900,8.5000,47.5000,14.5300,"Filtros estándar (Score ≥6.5, DD ≥10%)"
ON,ON Semiconductor,Information Technology,Semiconductors,2022-06-21,74.3800,2026-09-07,29.3400,34.8300,DOWN,0.4946,0.1996,True,0.3747,2.7564,0.4350,3.7060,83.5300,78.3500,76.3300,-10.9500,-5.0700,True,3.4996,BAJISTA,-43.8300,132.4200,134.9200,44.5600,-44.8700,66.9200,1.4520,True,75.6900,1,86.0100,True,1.7600,BULL_ENGULF,8.0000,7.0000,8.5000,9.5000,8,7.0000,7.5000,True,7.4100,11.1200,1.5000,48.6144,16.4227,4.0112,4.6722,14.2690,0.0831,0.0675,0.1017,0.4278,0.0920,0.3660,65.0550,3.4640,1656649984.0000,630200000.0000,2.6288,28957517824,1.9970,2.9900,,389318613,5.0200,2.9100,5.2300,7.2300,0.0572,OK,0,6.2100,False,5-10d,XLK,,AAPL|MSFT|NVDA,interest_rates|ai_capex_cycle|semiconductor_cycle,56,2026-11-02,False,2026-08-03,0.7400,0.7200,3.5000,ALCISTA FUERTE,10,770.1900,8.5000,47.5000,14.5300,"Filtros estándar (Score ≥6.5, DD ≥10%)"
CNP,CenterPoint Energy,Utilities,Multi-Utilities,1985-07-31,39.6700,2026-09-07,42.0500,43.5800,DOWN,0.1364,0.0592,True,0.4603,0.7635,0.8620,1.9250,41.7000,41.0200,39.9800,-4.8600,-3.2900,True,0.3095,BAJISTA,-11.8300,44.9900,44.9900,36.3000,-11.8300,9.2700,0.7560,True,39.5600,1,43.5100,True,-0.2700,HAMMER|DOJI,6.7500,7.0000,6.0000,7.5000,8,5.0000,7.0000,False,3.8500,5.7700,1.5000,23.6131,19.0109,2.2295,2.7164,13.0570,0.0983,0.0300,0.1161,0.4703,0.1070,0.2330,210.2560,1.1230,-5191875072.0000,1116999936.0000,-4.6481,26131431424,0.4510,6.5100,2.4200,658720288,5.8500,10.0000,4.3000,2.8300,-0.1987,FCF/NI:-4.65|D/E:210,2,6.2100,False,3-7d,XLU,,NEE|DUK|SO,interest_rates|regulatory_environment,45,2026-10-22,False,2026-07-28,0.4000,0.3700,7.4000,ALCISTA FUERTE,10,770.1900,8.5000,47.5000,14.5300,"Filtros estándar (Score ≥6.5, DD ≥10%)"
COO,Cooper Companies (The),Health Care,Health Care Supplies,2016-09-23,69.5900,2026-09-07,27.1000,24.1200,UP,-0.7275,-0.9324,True,0.1417,1.5107,0.8350,2.1710,72.6500,73.3800,72.3100,-4.2100,-5.1700,False,0.3202,BAJISTA,-10.9100,78.1100,89.8300,58.8900,-22.5300,18.1700,1.1880,True,68.9200,4,72.5900,True,-0.9700,NONE,7.7000,5.5000,9.5000,7.5000,10,8.0000,5.0000,True,4.3400,6.5100,1.5000,58.9746,13.9303,1.6462,3.2078,18.2310,0.0285,0.0252,0.0557,0.6555,0.0790,,33.0930,1.2740,424275008.0000,235800000.0000,1.7993,13572179968,0.8180,3.9600,,195030630,5.1900,5.2500,5.3300,4.9700,0.0313,OK,0,6.1900,False,5-10d,XLV,,UNH|JNJ|LLY,fda_calendar|drug_pricing_policy|patent_cliffs,2,2026-09-09,True,2026-06-04,1.2100,1.0900,10.5000,ALCISTA FUERTE,10,770.1900,8.5000,47.5000,14.5300,"Filtros estándar (Score ≥6.5, DD ≥10%)"
UAL,United Airlines Holdings,Industrials,Passenger Airlines,2015-09-03,111.3800,2026-09-07,34.8000,29.5100,UP,-0.6738,-1.5608,True,0.3348,3.7107,0.7820,3.3320,121.6000,108.2900,114.4100,-8.4100,2.8600,True,1.8816,NEUTRO,-19.7400,138.7700,138.7700,84.6400,-19.7400,31.5900,0.9470,True,111.2900,2,117.9600,True,-0.0800,HAMMER,7.7000,8.5000,8.5000,7.5000,7,7.0000,7.0000,True,6.6600,9.9900,1.5000,10.4288,7.3584,2.1652,0.5747,7.5000,0.2325,0.0338,0.0556,0.3182,0.1600,-0.1720,201.6410,0.7800,910124992.0000,3496000000.0000,0.2603,36150575104,1.2720,5.2800,,324569728,5.1900,4.6600,3.8200,7.3900,0.0252,FCF/NI:0.26|D/E:202,2,6.1900,False,7-15d,XLI,,CAT|UNP|HON,pmi_manufacturing|supply_chain|capex_cycle,44,2026-10-21,False,2026-07-15,1.9900,1.8500,7.6000,ALCISTA FUERTE,10,770.1900,8.5000,47.5000,14.5300,"Filtros estándar (Score ≥6.5, DD ≥10%)"
MA,Mastercard,Financials,Transaction & Payment Processing Services,2008-07-18,579.2100,2026-09-07,60.5100,72.7800,DOWN,-2.1474,-0.7435,False,0.4912,9.8579,0.8570,1.7020,557.5700,529.0800,579.9000,3.8800,9.4800,True,0.4678,ALCISTA,-3.6600,601.2300,601.2300,463.7400,-3.6600,24.9000,0.6460,True,527.8400,3,583.7100,False,-8.8700,NONE,6.6500,10.0000,5.0000,7.5000,6,5.0000,5.0000,False,3.4000,5.1100,1.5000,31.8422,25.1548,90.5582,14.4627,23.4410,2.4120,0.2406,0.4634,1.0000,0.1410,0.2210,439.5830,1.0610,16961250304.0000,16257000448.0000,1.0433,507393736704,0.7350,2.4000,0.6000,869464115,5.8600,6.3400,6.8100,4.2100,0.0334,D/E:440,1,6.1800,False,10-18d,XLF,,JPM|BAC|WFC,interest_rates|yield_curve|credit_spreads|loan_growth,52,2026-10-29,False,2026-07-30,5.0400,4.7800,5.5000,ALCISTA FUERTE,10,770.1900,8.5000,47.5000,14.5300,"Filtros estándar (Score ≥6.5, DD ≥10%)"
DELL,Dell Technologies,Information Technology,"Technology Hardware, Storage & Peripherals",2024-09-23,524.1400,2026-09-07,58.9800,49.5900,UP,5.0784,-3.9667,True,1.0192,29.9779,0.9280,5.7190,439.2300,252.8200,465.3600,19.3300,107.3100,True,14.3565,ALCISTA,-2.0300,534.9900,534.9900,109.7000,-2.0300,377.8000,1.3350,False,424.0000,1,514.0000,False,-19.1100,NONE,6.6500,10.0000,7.0000,7.0000,4,5.0000,5.0000,False,11.4400,17.1600,1.5000,30.4910,18.3223,-236.9530,2.2399,20.6240,,0.0855,0.0752,0.1989,0.5770,2.7290,,0.9620,173500000.0000,11377999872.0000,0.0152,338669076480,1.4090,2.2200,0.4800,325046693,5.8700,10.0000,4.4300,2.7500,0.0005,FCF/NI:0.02,1,6.1800,False,10-18d,XLK,,AAPL|MSFT|NVDA,interest_rates|ai_capex_cycle|semiconductor_cycle,81,2026-11-27,False,2026-09-01,7.0400,4.9200,43.1000,ALCISTA FUERTE,10,770.1900,8.5000,47.5000,14.5300,"Filtros estándar (Score ≥6.5, DD ≥10%)"
ALB,Albemarle Corporation,Materials,Specialty Chemicals,2016-07-01,126.2800,2026-09-07,41.0100,57.8700,DOWN,-0.6933,0.3670,False,0.0186,5.8486,0.9340,4.6310,127.9800,156.0900,132.7600,-1.3300,-19.1000,False,2.2803,BAJISTA,-27.5600,174.3300,220.4400,70.3000,-42.7100,79.6300,1.5970,False,111.5500,1,144.0600,False,-11.6600,HAMMER|DOJI,5.6000,5.5000,5.0000,5.0000,4,8.0000,7.0000,False,9.2600,13.8900,1.5000,467.7037,11.1779,1.8532,2.5223,11.9820,0.0265,0.0316,0.0379,0.2396,0.3110,,18.9760,2.0860,1334340224.0000,57427000.0000,23.2354,14901678080,1.3340,0.0300,1.3000,118005057,6.5600,7.5000,5.9800,6.1500,0.0895,OK,0,6.1800,False,3-7d,XLB,,LIN|APD|ECL,commodity_prices|dxy|china_demand|energy_costs,58,2026-11-04,False,2026-08-05,3.7500,3.2400,15.7000,ALCISTA FUERTE,10,770.1900,8.5000,47.5000,14.5300,"Filtros estándar (Score ≥6.5, DD ≥10%)"
LRCX,Lam Research,Information Technology,Semiconductor Materials & Equipment,2012-06-29,307.6500,2026-09-07,33.3800,48.1700,DOWN,-1.3713,-1.9422,True,0.4146,14.1143,0.5820,4.5880,321.8800,260.6800,307.7200,-4.4200,18.0200,True,6.4293,NEUTRO,-29.8400,438.5000,438.5000,100.1300,-29.8400,207.2600,1.1190,True,313.1000,1,321.4100,True,1.7700,BULL_ENGULF,7.5500,8.5000,7.5000,7.5000,7,7.0000,7.5000,True,9.1800,13.7600,1.5000,53.5043,26.5843,30.8669,16.5701,44.3810,0.6507,0.2284,0.3127,0.5047,0.3000,0.3480,33.0490,2.6290,3090484480.0000,7265396224.0000,0.4254,384968884224,1.8590,2.6500,0.4300,1251321000,5.2500,5.8100,7.0400,2.5200,0.0080,FCF/NI:0.43,1,6.1700,False,7-15d,XLK,,AAPL|MSFT|NVDA,interest_rates|ai_capex_cycle|semiconductor_cycle,44,2026-10-21,False,2026-07-29,1.8200,1.6800,8.1000,ALCISTA FUERTE,10,770.1900,8.5000,47.5000,14.5300,"Filtros estándar (Score ≥6.5, DD ≥10%)"
DLR,Digital Realty,Real Estate,Data Center REITs,2016-05-18,188.3900,2026-09-07,35.8600,42.3600,DOWN,-0.9701,-1.5490,True,0.3442,5.3986,0.9960,2.8660,186.7500,177.5000,189.3100,0.8800,6.1300,True,1.4857,ALCISTA,-9.2000,207.4700,207.4700,144.2800,-9.2000,30.5700,1.0280,True,190.2900,1,193.6000,True,1.0100,HAMMER,7.5000,10.0000,7.5000,7.5000,7,5.0000,7.0000,False,5.7300,8.6000,1.5000,91.8976,65.1575,2.6104,10.5295,28.2600,0.0291,0.0148,0.1182,0.5699,0.2990,-0.5870,67.9440,0.8900,3768482048.0000,758297984.0000,4.9697,71148068864,1.0370,0.0100,2.5900,370998727,5.2900,5.0000,4.9700,6.0000,0.0530,OK,0,6.1700,False,10-18d,XLRE,,PLD|AMT|EQIX,interest_rates|cap_rates|occupancy_trends,45,2026-10-22,False,2026-07-23,0.6200,0.7300,-15.0000,ALCISTA FUERTE,10,770.1900,8.5000,47.5000,14.5300,"Filtros estándar (Score ≥6.5, DD ≥10%)"
AFL,Aflac,Financials,Life & Health Insurance,1999-05-28,117.2100,2026-09-07,40.4000,33.4600,UP,0.0453,-0.3664,True,0.3833,1.9115,0.8900,1.6310,121.0500,113.5000,118.4100,-3.1700,3.2700,True,0.9117,NEUTRO,-9.5400,129.5700,129.5700,102.5200,-9.5400,14.3300,0.8920,False,115.8500,2,118.9300,True,-1.1600,NONE,6.4000,8.5000,7.0000,5.0000,7,5.0000,5.0000,False,3.2600,4.8900,1.5000,12.6440,15.5421,1.9421,3.2521,10.8830,0.1691,0.0313,0.2691,0.5089,-0.0100,0.4680,53.3650,0.8920,5152249856.0000,4862000128.0000,1.0597,58762448896,0.5800,5.3800,2.0800,501343298,6.0000,5.0000,5.7900,7.4100,0.0877,OK,0,6.1600,False,7-15d,XLF,,JPM|BAC|WFC,interest_rates|yield_curve|credit_spreads|loan_growth,58,2026-11-04,False,2026-08-06,1.7500,1.7600,-45.0000,ALCISTA FUERTE,10,770.1900,8.5000,47.5000,14.5300,"Filtros estándar (Score ≥6.5, DD ≥10%)"
LH,Labcorp,Health Care,Health Care Services,2004-11-01,326.8900,2026-09-07,55.3400,70.0500,DOWN,-2.0997,-1.4207,False,0.4230,7.1543,0.9560,2.1890,305.9600,274.2800,326.4300,6.8400,19.1800,True,2.5399,ALCISTA,-4.1600,341.0700,341.0700,242.0700,-4.1600,35.0400,0.7530,True,259.2300,3,341.0700,False,-20.7000,NONE,6.6500,10.0000,5.0000,7.5000,6,5.0000,5.0000,False,4.3800,6.5700,1.5000,27.0380,16.4926,3.0726,1.8477,14.3150,0.1173,0.0553,0.0699,0.2888,0.0580,0.2820,79.1240,1.7960,892049984.0000,1002300032.0000,0.8900,26510780416,0.8510,2.5700,0.8800,81100000,5.8400,6.4200,5.6000,5.4400,0.0336,OK,0,6.1600,False,10-18d,XLV,,UNH|JNJ|LLY,fda_calendar|drug_pricing_policy|patent_cliffs,57,2026-11-03,False,2026-07-30,4.9900,4.7700,4.7000,ALCISTA FUERTE,10,770.1900,8.5000,47.5000,14.5300,"Filtros estándar (Score ≥6.5, DD ≥10%)"
MRVL,Marvell Technology,Information Technology,Semiconductors,2026-06-22,223.5500,2026-09-07,46.3200,52.7700,DOWN,-2.0851,-1.7054,False,0.4814,16.0586,0.7260,7.1830,220.6500,151.7100,220.9000,1.3100,47.3500,True,9.8785,ALCISTA,-32.2200,329.8000,329.8000,62.3400,-32.2200,258.6100,0.8640,True,177.9500,1,254.6000,False,-20.4000,NONE,6.6500,10.0000,5.0000,7.5000,4,7.0000,5.0000,False,14.3700,21.5500,1.5000,74.0232,33.2622,10.5772,21.2592,69.2500,0.1652,0.0413,0.2793,0.5222,0.3650,0.5000,28.5250,3.1680,2408049920.0000,2639899904.0000,0.9122,200905424896,2.2530,1.2400,0.1100,876926613,5.8400,7.8200,6.4200,2.8600,0.0120,OK,0,6.1600,False,10-18d,XLK,,AAPL|MSFT|NVDA,interest_rates|ai_capex_cycle|semiconductor_cycle,85,2026-12-01,False,2026-08-27,0.9400,0.9300,99.0000,ALCISTA FUERTE,10,770.1900,8.5000,47.5000,14.5300,"Filtros estándar (Score ≥6.5, DD ≥10%)"
JCI,Johnson Controls,Industrials,Building Products,2010-08-27,144.9400,2026-09-07,33.6100,30.9700,UP,-0.4030,-1.3139,True,0.4679,3.4114,0.7150,2.3540,144.5700,134.3100,143.8400,0.2600,7.9100,True,2.3002,ALCISTA,-7.7200,157.0600,157.0600,103.4200,-7.7200,40.1400,1.1010,True,136.5500,9,142.7500,False,-5.7900,NONE,7.6500,10.0000,8.5000,7.5000,6,7.0000,5.0000,False,4.7100,7.0600,1.5000,40.8282,23.9577,6.5121,3.5125,22.3500,0.1433,0.0540,0.1432,0.3665,0.0930,0.1530,70.1070,1.0000,2984124928.0000,2180000000.0000,1.3689,87796162560,1.3040,2.8900,1.1000,605741470,5.1600,5.4800,5.0700,4.9000,0.0340,OK,0,6.1600,False,10-18d,XLI,,CAT|UNP|HON,pmi_manufacturing|supply_chain|capex_cycle,58,2026-11-04,False,2026-07-29,1.4200,1.3000,9.0000,ALCISTA FUERTE,10,770.1900,8.5000,47.5000,14.5300,"Filtros estándar (Score ≥6.5, DD ≥10%)"
FSLR,First Solar,Information Technology,Semiconductors,2022-12-19,204.4500,2026-09-07,35.6900,20.7700,UP,-0.7681,-2.0317,True,0.2839,6.7457,0.5240,3.2990,219.0600,230.6000,211.7100,-6.6700,-11.3400,False,-1.6350,BAJISTA,-26.7700,279.1800,320.9500,182.9900,-36.3000,11.7300,0.8080,True,195.8400,1,211.0000,False,-4.2100,NONE,6.5700,5.0000,8.5000,7.5000,4,8.5000,5.0000,True,6.6000,9.9000,1.5000,12.6126,8.8457,2.1290,4.0855,8.5670,0.1851,0.0862,0.3246,0.4402,-0.0370,0.2330,1.8800,2.5180,1598684800.0000,1746013952.0000,0.9156,21972199424,1.7330,3.8700,,107469788,5.8700,1.1300,7.0700,10.0000,0.0728,OK,0,6.1500,False,3-7d,XLK,,AAPL|MSFT|NVDA,interest_rates|ai_capex_cycle|semiconductor_cycle,52,2026-10-29,False,2026-07-30,3.9200,2.8800,36.1000,ALCISTA FUERTE,10,770.1900,8.5000,47.5000,14.5300,"Filtros estándar (Score ≥6.5, DD ≥10%)"
KEY,KeyCorp,Financials,Regional Banks,1994-03-01,22.1800,2026-09-07,39.5100,34.6600,UP,0.0289,-0.0942,True,0.5496,0.4216,0.9370,1.9010,22.5200,21.0100,22.0200,-1.4900,5.5900,True,2.5131,NEUTRO,-6.9700,23.8400,23.8400,15.8200,-6.9700,40.2100,1.0430,True,22.1100,5,23.4200,True,-0.3300,NONE,7.5000,8.5000,8.5000,7.5000,9,5.0000,5.0000,False,3.8000,5.7000,1.5000,12.9708,10.3805,1.3746,3.2111,,0.1033,0.0108,0.2754,0.0000,0.1010,0.2530,,,,1886000000.0000,,23668912128,1.0230,0.0000,3.7000,1067128554,5.2300,5.7000,4.4300,5.6000,,OK,0,6.1400,False,7-15d,XLF,,JPM|BAC|WFC,interest_rates|yield_curve|credit_spreads|loan_growth,43,2026-10-20,False,2026-07-21,0.4400,0.4200,4.4000,ALCISTA FUERTE,10,770.1900,8.5000,47.5000,14.5300,"Filtros estándar (Score ≥6.5, DD ≥10%)"
MCHP,Microchip Technology,Information Technology,Semiconductors,2007-09-07,74.1700,2026-09-07,33.1900,27.3500,UP,0.0635,-0.2106,True,0.3539,2.3813,0.5290,3.2110,79.4700,76.5700,75.2600,-6.6700,-3.1400,True,2.3221,BAJISTA,-28.2700,103.4100,104.7500,47.2800,-29.1900,56.8700,0.9500,True,70.8100,1,99.3300,False,-4.5200,NONE,6.9000,7.0000,8.5000,7.5000,5,7.0000,5.0000,True,6.4200,9.6300,1.5000,109.0735,16.2470,6.2433,7.8627,30.1450,0.0719,0.0354,0.0934,0.6019,0.3800,,83.6880,1.9210,1364762496.0000,367200000.0000,3.7167,40274956288,1.7360,2.9900,2.4500,543008691,5.6300,7.5000,4.5700,4.6800,0.0339,D/E:84,1,6.1400,False,3-7d,XLK,,AAPL|MSFT|NVDA,interest_rates|ai_capex_cycle|semiconductor_cycle,59,2026-11-05,False,2026-08-06,0.7600,0.7000,8.7000,ALCISTA FUERTE,10,770.1900,8.5000,47.5000,14.5300,"Filtros estándar (Score ≥6.5, DD ≥10%)"
EXR,Extra Space Storage,Real Estate,Self-Storage REITs,2016-01-19,139.2500,2026-09-07,18.2200,34.0200,DOWN,-0.7109,-0.8154,True,0.0575,2.3786,0.7690,1.7080,146.4500,139.5300,143.8800,-4.9200,-0.2000,True,0.8178,BAJISTA,-12.3600,158.8800,158.8800,121.4500,-12.3600,14.6500,1.1180,False,136.7000,3,149.9100,True,-1.8300,HAMMER|DOJI|HAMMER,7.8000,7.0000,8.5000,5.0000,10,10.0000,7.0000,False,3.4200,5.1200,1.5000,30.7395,28.9688,2.2191,8.7530,19.0670,0.0695,0.0336,0.2728,0.7492,0.0380,0.0600,101.6740,0.8860,1499437568.0000,956073984.0000,1.5683,30732828672,1.1760,3.9100,4.6500,211269558,5.0200,3.2900,5.4500,6.5400,0.0488,D/E:102,1,6.1300,False,5-10d,XLRE,,PLD|AMT|EQIX,interest_rates|cap_rates|occupancy_trends,51,2026-10-28,False,2026-07-28,1.2500,1.1500,8.6000,ALCISTA FUERTE,10,770.1900,8.5000,47.5000,14.5300,"Filtros estándar (Score ≥6.5, DD ≥10%)"
BG,Bunge Global,Consumer Staples,Agricultural Products & Services,2023-03-15,118.7100,2026-09-07,57.6000,57.8500,DOWN,0.9300,0.8663,True,0.7831,4.4807,1.2160,3.7750,113.1200,112.9300,115.4700,4.9400,5.1200,True,1.9332,ALCISTA,-7.7000,128.6200,134.0200,74.1100,-11.4300,60.1800,0.8780,False,116.6200,2,119.6300,True,-1.7600,NONE,6.5000,10.0000,6.0000,5.0000,7,5.0000,5.0000,False,7.5500,11.3200,1.5000,25.5841,10.4671,1.4295,0.2484,12.9680,0.0718,0.0347,0.0110,0.0492,0.8830,0.3300,97.9950,1.5670,-6475375104.0000,1010000000.0000,-6.4113,22806460416,0.6600,4.7900,2.4300,192119123,5.8900,10.0000,3.6200,3.7500,-0.2839,FCF/NI:-6.41|D/E:98,2,6.1300,False,10-18d,XLP,,PG|KO|PEP,inflation|input_costs|fx_rates,58,2026-11-04,False,2026-07-29,2.0000,1.9400,2.9000,ALCISTA FUERTE,10,770.1900,8.5000,47.5000,14.5300,"Filtros estándar (Score ≥6.5, DD ≥10%)"
IDXX,Idexx Laboratories,Health Care,Health Care Equipment,2017-01-05,535.3800,2026-09-07,45.2400,33.9500,UP,-2.6802,-1.5380,False,0.1895,14.9264,0.8290,2.7880,558.1500,607.1400,551.4200,-4.0800,-11.8200,False,-1.9362,BAJISTA,-14.2200,624.1500,769.9800,518.5500,-30.4700,3.2500,0.8130,True,541.4700,6,581.2800,True,1.1400,NONE,6.5300,5.0000,6.0000,7.5000,9,6.5000,5.0000,False,5.5800,8.3600,1.5000,37.5969,31.9826,26.1864,9.2753,26.5630,0.7421,0.2708,0.2503,0.6245,0.0970,0.1760,67.9710,1.1720,909368384.0000,1139655936.0000,0.7979,42232381440,1.5380,3.0700,,78882997,5.8700,6.1300,7.5000,3.6500,0.0215,OK,0,6.1300,False,3-7d,XLV,,UNH|JNJ|LLY,fda_calendar|drug_pricing_policy|patent_cliffs,56,2026-11-02,False,2026-08-04,4.2700,3.9300,8.5000,ALCISTA FUERTE,10,770.1900,8.5000,47.5000,14.5300,"Filtros estándar (Score ≥6.5, DD ≥10%)"
TDY,Teledyne Technologies,Information Technology,Electronic Equipment & Instruments,2020-06-22,610.6500,2026-09-07,15.4100,19.2100,DOWN,-4.5946,-6.3136,True,0.2291,12.1293,0.6720,1.9860,646.5400,613.8500,632.4500,-5.5500,-0.5200,True,2.0214,BAJISTA,-12.4700,697.6700,697.6700,483.0200,-12.4700,26.4200,0.6330,True,603.7700,4,639.3300,True,-1.1300,HAMMER|DOJI,8.0700,7.0000,8.5000,7.5000,10,8.5000,7.0000,True,3.9700,5.9600,1.5000,29.5858,22.8486,2.5926,4.4382,18.8360,0.0915,0.0514,0.1529,0.4334,0.0980,0.2120,18.5650,2.1810,912675008.0000,974800000.0000,0.9363,28290887680,0.9080,2.4200,,46329138,4.8200,1.9100,6.3200,6.4700,0.0323,OK,0,6.1200,False,5-10d,XLK,,AAPL|MSFT|NVDA,interest_rates|ai_capex_cycle|semiconductor_cycle,44,2026-10-21,False,2026-07-22,6.2800,5.7900,8.4000,ALCISTA FUERTE,10,770.1900,8.5000,47.5000,14.5300,"Filtros estándar (Score ≥6.5, DD ≥10%)"
DASH,DoorDash,Consumer Discretionary,Specialized Consumer Services,2025-03-24,211.7300,2026-09-07,49.1800,79.5000,DOWN,-2.5295,-0.2174,False,0.1961,7.9551,0.9600,3.7570,203.6300,188.4900,220.3900,3.9800,12.3300,True,-0.5614,ALCISTA,-11.3500,238.8300,285.5000,143.3000,-25.8400,47.7500,1.0140,True,165.7300,3,222.3900,False,-21.7300,HAMMER|DOJI,6.9800,9.5000,5.0000,7.5000,6,6.5000,7.0000,False,7.5100,11.2700,1.5000,110.8534,25.9983,9.2463,5.7732,62.4730,0.0889,0.0297,0.0529,0.5222,0.3560,-0.3000,33.2760,1.3680,5147500032.0000,841000000.0000,6.1207,91742175232,1.7880,4.0500,,409082893,5.5400,5.0000,5.8500,5.8000,0.0561,OK,0,6.1200,False,10-18d,XLY,,AMZN|TSLA|HD,consumer_spending|employment_data|interest_rates,58,2026-11-04,False,2026-08-05,0.4600,0.4700,-2.4000,ALCISTA FUERTE,10,770.1900,8.5000,47.5000,14.5300,"Filtros estándar (Score ≥6.5, DD ≥10%)"
ADP,Automatic Data Processing,Industrials,Human Resource & Employment Services,1981-03-31,277.6200,2026-09-07,64.7200,64.9700,DOWN,-1.2405,-0.2384,False,0.4701,5.4936,0.7870,1.9790,262.0000,234.9100,277.6500,5.9600,18.1800,True,0.8689,ALCISTA,-3.6000,288.0000,294.5000,186.7400,-5.7300,48.6600,1.0830,True,265.8200,1,280.5900,False,-4.2500,HAMMER|DOJI,6.8500,10.0000,5.0000,7.5000,4,7.0000,7.0000,False,3.9600,5.9400,1.5000,25.3766,20.7203,18.3115,5.0251,17.4030,0.7224,0.0625,0.2011,0.4865,0.0680,0.0980,91.4360,1.0510,5243049984.0000,4413499904.0000,1.1880,110288084992,0.8300,4.6000,2.4500,397262737,5.6200,3.4200,7.3000,6.2300,0.0475,D/E:91,1,6.1100,False,10-18d,XLI,,CAT|UNP|HON,pmi_manufacturing|supply_chain|capex_cycle,51,2026-10-28,False,2026-07-28,2.6400,2.6000,1.6000,ALCISTA FUERTE,10,770.1900,8.5000,47.5000,14.5300,"Filtros estándar (Score ≥6.5, DD ≥10%)"
FLEX,Flex Ltd.,Information Technology,Electronic Manufacturing Services,2026-06-22,109.5100,2026-09-07,27.3200,40.3800,DOWN,-0.1037,-0.4271,True,0.3270,5.0143,0.5630,4.5790,123.0400,94.8400,113.2400,-10.9900,15.4700,True,5.7863,NEUTRO,-33.9900,165.8900,166.8600,53.0700,-34.3700,106.3500,1.5560,True,111.3800,1,116.1700,True,1.7100,HAMMER|BULL_ENGULF,8.3500,8.5000,8.5000,9.5000,7,7.0000,9.5000,True,9.1600,13.7400,1.5000,42.4457,15.3998,7.3546,1.3822,20.5100,0.1838,0.0442,0.0333,0.0953,0.2060,0.5200,107.8180,1.3800,625750016.0000,973000000.0000,0.6431,40453320704,1.6540,2.0400,,369402978,4.6100,5.6400,4.3100,3.7400,0.0155,FCF/NI:0.64|D/E:108,2,6.1100,False,5-10d,XLK,,AAPL|MSFT|NVDA,interest_rates|ai_capex_cycle|semiconductor_cycle,51,2026-10-28,False,2026-07-29,1.0000,0.9200,8.9000,ALCISTA FUERTE,10,770.1900,8.5000,47.5000,14.5300,"Filtros estándar (Score ≥6.5, DD ≥10%)"
TFC,Truist Financial,Financials,Diversified Banks,1997-12-04,51.6500,2026-09-07,44.1000,43.0000,UP,0.0298,-0.2689,True,0.6209,0.9600,0.8860,1.8590,51.1800,48.7800,50.9800,0.9100,5.8800,True,1.7787,ALCISTA,-3.8000,53.6900,54.5200,39.1000,-5.2600,32.0800,0.8230,True,47.4600,2,53.1900,False,-8.1100,NONE,6.7500,10.0000,7.0000,7.5000,4,5.0000,5.0000,False,3.7200,5.5800,1.5000,11.8736,10.3766,1.0752,3.3160,,0.0906,0.0106,0.3069,0.0000,0.0820,0.3670,,,,5533000192.0000,,63096995840,0.8620,3.3400,4.0300,1221626188,5.6800,6.8000,4.3100,5.9600,,OK,0,6.1100,False,10-18d,XLF,,JPM|BAC|WFC,interest_rates|yield_curve|credit_spreads|loan_growth,39,2026-10-16,False,2026-07-17,1.2300,1.0800,13.8000,ALCISTA FUERTE,10,770.1900,8.5000,47.5000,14.5300,"Filtros estándar (Score ≥6.5, DD ≥10%)"
MAR,Marriott International,Consumer Discretionary,"Hotels, Resorts & Cruise Lines",1998-05-29,336.5100,2026-09-07,27.1100,55.0000,DOWN,-1.7539,-1.3184,False,0.1150,6.5152,0.7440,1.9360,361.3400,343.4800,349.2900,-6.8700,-2.0300,True,2.2724,BAJISTA,-17.9500,410.1500,410.1500,254.6400,-17.9500,32.1500,0.8350,True,343.0000,3,383.1800,True,1.9300,NONE,7.9000,7.0000,7.5000,7.5000,10,10.0000,5.0000,False,3.8700,5.8100,1.5000,34.8354,25.5913,-19.4695,11.8823,21.8240,,0.0976,0.3503,0.7924,0.1110,0.0430,,0.5350,2060375040.0000,2587000064.0000,0.7964,87750467584,1.1040,3.2900,0.8700,260766288,4.9100,5.5600,5.5500,3.3900,0.0235,OK,0,6.1100,False,3-7d,XLY,,AMZN|TSLA|HD,consumer_spending|employment_data|interest_rates,57,2026-11-03,False,2026-08-03,3.1900,3.0800,3.6000,ALCISTA FUERTE,10,770.1900,8.5000,47.5000,14.5300,"Filtros estándar (Score ≥6.5, DD ≥10%)"
BRO,Brown & Brown,Financials,Insurance Brokers,2021-09-20,71.4200,2026-09-07,59.2500,56.4300,UP,-0.2479,-0.1604,False,0.4252,1.8036,0.8640,2.5250,69.9300,69.1300,71.7100,2.1300,3.3200,True,-1.3148,ALCISTA,-5.3500,75.4600,95.6300,53.6900,-25.3100,33.0300,0.8270,True,64.6700,1,70.7700,False,-9.4500,HAMMER|DOJI,6.6500,9.5000,6.0000,7.5000,4,5.0000,7.0000,False,5.0500,7.5800,1.5000,22.8179,14.8016,1.8731,3.5867,10.7440,0.1002,0.0538,0.1808,0.5628,0.3240,0.0710,63.9750,1.1270,1642749952.0000,1191000064.0000,1.3793,23897872384,0.5820,5.1500,0.9200,334610357,5.7500,5.5900,5.0500,6.7500,0.0687,OK,0,6.1100,False,10-18d,XLF,,JPM|BAC|WFC,interest_rates|yield_curve|credit_spreads|loan_growth,49,2026-10-26,False,2026-07-27,1.0700,1.0700,-39.0000,ALCISTA FUERTE,10,770.1900,8.5000,47.5000,14.5300,"Filtros estándar (Score ≥6.5, DD ≥10%)"
AMAT,Applied Materials,Information Technology,Semiconductor Materials & Equipment,1995-03-16,454.7100,2026-09-07,17.7200,32.8300,DOWN,-3.8208,-5.1514,True,0.2441,18.0966,0.4660,3.9800,533.2700,406.2800,480.7200,-14.7300,11.9200,True,6.8387,NEUTRO,-38.4600,738.8800,738.8800,157.9500,-38.4600,187.8900,0.8080,True,435.8600,1,447.4100,False,-4.1400,HAMMER,7.4800,8.5000,8.5000,7.5000,4,8.5000,7.0000,True,7.9600,11.9400,1.5000,39.1991,24.6391,14.0816,11.7021,35.3490,0.4107,0.1548,0.3005,0.4940,0.2480,0.4280,28.6660,2.4230,3075375104.0000,9267000320.0000,0.3319,360856682496,1.5970,1.5200,0.4700,793597443,5.1800,5.6100,6.6000,3.0100,0.0085,FCF/NI:0.33,1,6.1000,False,7-15d,XLK,,AAPL|MSFT|NVDA,interest_rates|ai_capex_cycle|semiconductor_cycle,66,2026-11-12,False,2026-08-13,3.5000,3.3900,3.1000,ALCISTA FUERTE,10,770.1900,8.5000,47.5000,14.5300,"Filtros estándar (Score ≥6.5, DD ≥10%)"
DVN,Devon Energy,Energy,Oil & Gas Exploration & Production,2000-08-30,48.0600,2026-09-07,53.3100,61.1200,DOWN,0.0001,0.0805,False,0.6110,1.1514,0.8500,2.3960,44.8100,43.1900,47.3100,7.2400,11.2700,True,3.5185,ALCISTA,-3.3400,49.7200,52.3400,30.8900,-8.1700,55.6000,0.8780,True,46.1800,2,49.8700,True,-3.9000,NONE,6.8000,10.0000,5.0000,7.5000,7,5.0000,5.0000,False,4.7900,7.1900,1.5000,10.4478,8.8594,1.3238,2.8149,7.1500,0.1152,0.0591,0.1746,0.5035,0.6420,0.4400,28.4880,0.7170,782625024.0000,3280000000.0000,0.2386,52866002944,0.4260,2.4300,2.6600,1100000000,5.6200,7.4300,4.3000,5.0600,0.0148,FCF/NI:0.24,1,6.0900,False,10-18d,XLE,,XOM|CVX|COP,oil_price|gas_price|opec_supply|inventories,58,2026-11-04,False,2026-08-04,1.5700,1.4100,11.3000,ALCISTA FUERTE,10,770.1900,8.5000,47.5000,14.5300,"Filtros estándar (Score ≥6.5, DD ≥10%)"
FOX,Fox Corporation (Class B),Communication Services,Broadcasting,2019-03-19,58.4200,2026-09-07,39.0500,68.1500,DOWN,-0.4793,-0.3108,False,0.3492,1.5676,0.8460,2.6830,54.0400,56.5700,58.8900,8.1000,3.2700,False,0.5779,ALCISTA,-6.7100,62.6200,67.4800,43.8600,-13.4200,33.1900,1.0590,True,56.2500,1,58.7500,True,-3.7200,NONE,6.8000,8.5000,6.5000,7.5000,7,5.0000,5.0000,False,5.3700,8.0500,1.5000,15.2135,10.1688,2.1080,1.4342,7.2300,0.1429,0.0950,0.0984,0.3663,0.2810,0.0310,64.0600,3.1690,555374976.0000,1684999936.0000,0.3296,24561956864,0.5590,9.3000,0.9900,220248764,5.6100,6.7100,5.1300,4.8700,0.0226,FCF/NI:0.33,1,6.0900,False,10-18d,XLC,,GOOGL|META|NFLX,ad_spending_cycle|streaming_competition|regulation,52,2026-10-29,False,2026-08-06,1.7900,1.3600,31.6000,ALCISTA FUERTE,10,770.1900,8.5000,47.5000,14.5300,"Filtros estándar (Score ≥6.5, DD ≥10%)"
KDP,Keurig Dr Pepper,Consumer Staples,Soft Drinks & Non-alcoholic Beverages,2022-06-21,32.5900,2026-09-07,70.8900,69.3500,UP,0.1186,0.0967,True,0.7585,0.6879,0.7610,2.1110,31.2900,28.8400,31.7600,4.1500,13.0000,True,1.7460,ALCISTA,-3.6400,33.8200,33.8200,24.4300,-3.6400,33.3800,0.5840,True,28.6600,1,32.0800,False,-12.0600,NONE,7.0500,10.0000,7.0000,7.5000,4,7.0000,5.0000,False,4.2200,6.3300,1.5000,32.9192,12.8576,1.7717,2.2075,17.6750,0.0510,0.0338,0.0710,0.5096,0.7560,-0.9000,99.6490,0.4790,4607249920.0000,1344999936.0000,3.4255,44349317120,0.4140,5.2200,2.8200,1360826038,5.4500,5.0000,4.3700,7.2500,0.1039,D/E:100,1,6.0900,False,10-18d,XLP,,PG|KO|PEP,inflation|input_costs|fx_rates,49,2026-10-26,False,2026-08-06,0.5700,0.5400,6.2000,ALCISTA FUERTE,10,770.1900,8.5000,47.5000,14.5300,"Filtros estándar (Score ≥6.5, DD ≥10%)"
HSIC,Henry Schein,Health Care,Health Care Distributors,2015-03-17,89.8100,2026-09-07,51.6300,59.1800,DOWN,-0.1245,-0.2301,True,0.5741,1.7100,0.8770,1.9040,87.4300,79.0800,89.2700,2.7200,13.5600,True,2.8345,ALCISTA,-2.5700,92.1800,92.1800,61.9500,-2.5700,44.9700,0.9520,True,87.7000,2,89.3400,True,-2.3500,HAMMER|DOJI,7.2000,10.0000,6.0000,7.5000,7,5.0000,7.0000,False,3.8100,5.7100,1.5000,26.1837,14.9725,3.1837,0.7522,14.1030,0.0885,0.0439,0.0296,0.3132,0.0670,0.1710,80.7330,1.3190,446000000.0000,403000000.0000,1.1067,10230863872,0.8120,5.0200,,113916757,5.3500,4.8100,5.1100,6.2600,0.0436,D/E:81,1,6.0900,False,10-18d,XLV,,UNH|JNJ|LLY,fda_calendar|drug_pricing_policy|patent_cliffs,57,2026-11-03,False,2026-08-04,1.2700,1.2400,2.5000,ALCISTA FUERTE,10,770.1900,8.5000,47.5000,14.5300,"Filtros estándar (Score ≥6.5, DD ≥10%)"
PM,Philip Morris International,Consumer Staples,Tobacco,2008-03-31,182.5300,2026-09-07,46.9000,59.3500,DOWN,-0.8760,-0.3556,False,0.0018,4.2143,0.8360,2.3090,187.9300,172.5800,188.4600,-2.8700,5.7700,True,2.4103,NEUTRO,-12.1400,207.7600,207.7600,138.4300,-12.1400,31.8600,0.7690,True,184.3600,3,190.5800,True,1.0000,HAMMER,7.4500,8.5000,5.0000,7.5000,9,8.0000,7.0000,False,4.6200,6.9300,1.5000,25.0728,19.9078,-33.1451,6.6869,18.2930,,0.1459,0.2556,0.6748,0.1040,-0.0750,,0.9800,9714374656.0000,10844000256.0000,0.8958,284493709312,0.3950,2.5700,3.2200,1558613439,5.1600,5.0000,5.6800,4.7300,0.0341,OK,0,6.0800,False,7-15d,XLP,,PG|KO|PEP,inflation|input_costs|fx_rates,44,2026-10-21,False,2026-07-22,2.2000,2.0500,7.3000,ALCISTA FUERTE,10,770.1900,8.5000,47.5000,14.5300,"Filtros estándar (Score ≥6.5, DD ≥10%)"
CBRE,CBRE Group,Real Estate,Real Estate Services,2006-11-10,147.8500,2026-09-07,49.8500,59.9900,DOWN,-0.8241,-1.0343,True,0.4195,4.6336,1.0760,3.1340,144.7800,147.1700,147.8300,2.1200,0.4600,False,-0.4221,ALCISTA,-5.5600,156.5500,174.2700,121.6900,-15.1600,21.5000,0.7670,False,144.5900,3,148.9700,True,-2.2100,NONE,6.4000,8.0000,6.0000,5.0000,9,5.0000,5.0000,False,6.2700,9.4000,1.5000,33.7557,16.2555,5.1029,0.9795,23.8960,0.1580,0.0259,0.0298,0.1857,0.1550,-0.0420,117.7890,1.1410,1637624960.0000,1300999936.0000,1.2587,42813710336,1.1880,2.5400,,289575298,5.8700,5.0000,7.2400,5.3000,0.0383,D/E:118,1,6.0800,False,10-18d,XLRE,,PLD|AMT|EQIX,interest_rates|cap_rates|occupancy_trends,45,2026-10-22,False,2026-07-29,1.5600,1.4700,5.8000,ALCISTA FUERTE,10,770.1900,8.5000,47.5000,14.5300,"Filtros estándar (Score ≥6.5, DD ≥10%)"
BSX,Boston Scientific,Health Care,Health Care Equipment,1995-02-24,47.8000,2026-09-07,38.6200,36.5700,UP,-0.3875,-0.4773,True,0.2603,1.9457,1.1900,4.0710,46.8900,66.7600,48.4200,1.9500,-28.4000,False,-7.1894,BAJISTA,-9.7900,52.9900,109.5000,42.2000,-56.3500,13.2700,0.8140,True,47.1700,1,50.1400,True,-1.3200,NONE,7.0200,6.5000,8.5000,7.5000,7,6.5000,5.0000,False,8.1400,12.2100,1.5000,19.3522,13.9240,2.7739,3.2994,14.2880,0.1534,0.0619,0.1750,0.6919,0.0750,0.1510,50.1510,1.2400,2451375104.0000,3673999872.0000,0.6672,69273174016,0.5680,1.4000,,1449229526,5.4300,4.7800,5.4700,6.1600,0.0354,FCF/NI:0.67,1,6.0700,False,3-7d,XLV,,UNH|JNJ|LLY,fda_calendar|drug_pricing_policy|patent_cliffs,51,2026-10-28,False,2026-07-29,0.8600,0.8300,3.9000,ALCISTA FUERTE,10,770.1900,8.5000,47.5000,14.5300,"Filtros estándar (Score ≥6.5, DD ≥10%)"
LUV,Southwest Airlines,Industrials,Passenger Airlines,1994-07-01,39.6200,2026-09-07,31.6500,18.5400,UP,-0.0613,-0.3807,True,0.3429,1.1033,0.6770,2.7850,45.2100,42.6500,40.9700,-12.3700,-7.1100,True,2.3574,BAJISTA,-25.0800,52.8800,54.3800,28.7500,-27.1400,37.8200,1.2730,True,36.7100,2,41.3000,False,-7.3500,HAMMER|DOJI|HAMMER,7.1000,7.0000,8.5000,7.5000,5,7.0000,7.0000,True,5.5700,8.3500,1.5000,24.7625,8.2148,2.7369,0.6445,9.6150,0.1110,0.0232,0.0278,0.2240,0.1640,0.2050,97.2750,0.4890,-834750016.0000,837000000.0000,-0.9973,19382427648,1.1200,4.7600,1.8200,489208201,5.3800,8.9500,3.2400,3.7000,-0.0431,FCF/NI:-1.00|D/E:97,2,6.0700,False,3-7d,XLI,,CAT|UNP|HON,pmi_manufacturing|supply_chain|capex_cycle,44,2026-10-21,False,2026-07-22,0.9400,0.5200,80.2000,ALCISTA FUERTE,10,770.1900,8.5000,47.5000,14.5300,"Filtros estándar (Score ≥6.5, DD ≥10%)"
XYL,Xylem Inc.,Industrials,Industrial Machinery & Supplies & Components,2011-11-01,105.6900,2026-09-07,22.8700,27.1800,DOWN,-0.8805,-0.9284,True,0.0991,2.7260,0.9360,2.5790,117.1400,123.3000,112.3600,-9.7700,-14.2800,False,-2.6038,BAJISTA,-16.5700,126.6800,152.1400,104.4800,-30.5300,1.1600,1.4260,False,106.2400,2,113.8500,True,0.5200,HAMMER|DOJI,6.6500,5.0000,8.5000,5.0000,7,8.0000,7.0000,False,5.1600,7.7400,1.5000,25.1643,16.9226,2.2425,2.7041,13.4990,0.0918,0.0511,0.1115,0.3924,0.0150,0.1950,28.6420,1.6130,1183750016.0000,1018000000.0000,1.1628,24677222400,1.0000,4.1000,1.6300,233486812,5.6900,3.9300,6.0500,7.3400,0.0480,OK,0,6.0700,False,5-10d,XLI,,CAT|UNP|HON,pmi_manufacturing|supply_chain|capex_cycle,57,2026-11-03,False,2026-07-28,1.4600,1.3400,9.2000,ALCISTA FUERTE,10,770.1900,8.5000,47.5000,14.5300,"Filtros estándar (Score ≥6.5, DD ≥10%)"
ITW,Illinois Tool Works,Industrials,Industrial Machinery & Supplies & Components,1986-02-28,270.1200,2026-09-07,24.2500,21.6800,UP,-2.2513,-2.3771,True,0.1086,5.0643,0.8680,1.8750,280.1600,264.7200,279.3500,-3.5800,2.0400,True,1.5705,NEUTRO,-10.5300,301.9200,301.9200,234.3800,-10.5300,15.2500,1.0650,True,252.9900,2,274.3600,False,-6.3400,HAMMER|DOJI,7.6000,8.5000,9.5000,7.5000,4,8.0000,7.0000,True,3.7500,5.6200,1.5000,24.4452,21.7900,26.5814,4.6712,17.8500,1.0462,0.1692,0.1939,0.4416,0.0610,0.1010,334.8530,1.1090,2432999936.0000,3193999872.0000,0.7617,76930170880,0.9970,6.1600,2.5500,284800000,5.0400,3.2600,6.8900,4.9600,0.0316,D/E:335,1,6.0600,False,7-15d,XLI,,CAT|UNP|HON,pmi_manufacturing|supply_chain|capex_cycle,46,2026-10-23,False,2026-07-28,2.8400,2.8000,1.5000,ALCISTA FUERTE,10,770.1900,8.5000,47.5000,14.5300,"Filtros estándar (Score ≥6.5, DD ≥10%)"
IEX,IDEX Corporation,Industrials,Industrial Machinery & Supplies & Components,2019-08-09,223.7400,2026-09-07,24.4100,45.2500,DOWN,-1.7506,-1.6814,False,0.1055,5.0964,0.9540,2.2780,228.6800,204.8300,229.7300,-2.1600,9.2300,True,3.3407,NEUTRO,-8.2300,243.8000,243.8000,155.8700,-8.2300,43.5400,0.8230,True,215.4500,3,222.3300,True,-3.7000,NONE,7.7500,8.5000,7.5000,7.5000,9,8.0000,5.0000,False,4.5600,6.8300,1.5000,32.1466,23.3513,4.1309,4.6005,18.3500,0.1295,0.0684,0.1449,0.4473,0.0640,0.1090,47.0600,3.0490,555612480.0000,519500000.0000,1.0695,16494090240,0.9720,2.4000,1.3100,73719896,4.9300,3.5400,5.9800,5.3400,0.0337,OK,0,6.0600,False,7-15d,XLI,,CAT|UNP|HON,pmi_manufacturing|supply_chain|capex_cycle,51,2026-10-28,False,2026-07-29,2.3200,2.1100,9.9000,ALCISTA FUERTE,10,770.1900,8.5000,47.5000,14.5300,"Filtros estándar (Score ≥6.5, DD ≥10%)"
DHR,Danaher Corporation,Health Care,Life Sciences Tools & Services,1998-11-18,207.6600,2026-09-07,55.6100,59.4800,DOWN,-1.1002,-0.4559,False,0.3840,6.5479,1.0430,3.1530,201.6300,202.2700,209.0600,2.9900,2.6700,False,-0.2663,ALCISTA,-5.9000,220.6700,241.7800,160.6000,-14.1100,29.3100,0.9310,True,199.7900,2,208.6200,True,-3.7900,HAMMER|DOJI|HAMMER,6.6000,8.0000,5.0000,7.5000,7,5.0000,7.0000,False,6.3100,9.4600,1.5000,37.0160,22.3393,2.7760,5.8144,21.1140,0.0761,0.0395,0.1595,0.5875,0.0550,0.5970,52.9700,1.6510,4325125120.0000,3990000128.0000,1.0840,145982078976,0.8080,1.4400,0.7700,702986054,5.7000,6.7600,5.4000,4.8200,0.0296,OK,0,6.0600,False,10-18d,XLV,,UNH|JNJ|LLY,fda_calendar|drug_pricing_policy|patent_cliffs,43,2026-10-20,False,2026-07-21,1.9400,1.8400,5.3000,ALCISTA FUERTE,10,770.1900,8.5000,47.5000,14.5300,"Filtros estándar (Score ≥6.5, DD ≥10%)"
CSX,CSX Corporation,Industrials,Rail Transportation,1957-03-04,49.4100,2026-09-07,41.2300,66.7600,DOWN,-0.2841,-0.1892,False,0.2546,1.0405,1.0280,2.1060,50.0200,42.9200,50.1400,-1.2100,15.1200,True,3.7027,NEUTRO,-7.5600,53.4500,53.4500,31.4000,-7.5600,57.3700,0.8460,True,49.4300,2,51.7300,True,0.0400,HAMMER,6.9300,8.5000,5.0000,7.5000,7,6.5000,7.0000,False,4.2100,6.3200,1.5000,28.7267,21.7521,6.4996,6.3072,16.0430,0.2436,0.0738,0.2221,0.4707,0.1010,0.2270,138.0680,0.8200,1953250048.0000,3223000064.0000,0.6060,91530780672,1.2070,2.5800,1.1300,1852474917,5.4500,7.4200,4.5300,4.2400,0.0213,FCF/NI:0.61|D/E:138,2,6.0400,False,7-15d,XLI,,CAT|UNP|HON,pmi_manufacturing|supply_chain|capex_cycle,45,2026-10-22,False,2026-07-22,0.5400,0.5200,4.2000,ALCISTA FUERTE,10,770.1900,8.5000,47.5000,14.5300,"Filtros estándar (Score ≥6.5, DD ≥10%)"
DOV,Dover Corporation,Industrials,Industrial Machinery & Supplies & Components,1985-10-31,192.8800,2026-09-07,30.6200,27.0900,UP,-0.9665,-1.0261,True,0.1892,3.9227,0.7390,2.0340,206.8200,208.9500,199.0500,-6.7400,-7.6900,False,1.1155,BAJISTA,-17.2300,233.0300,235.7900,157.3600,-18.2000,22.5700,1.2860,False,193.2400,1,217.8900,True,0.1900,HAMMER,6.9800,5.5000,8.5000,5.0000,8,8.5000,7.0000,False,4.0700,6.1000,1.5000,23.3229,16.5651,3.3719,3.0850,14.3960,0.1491,0.0706,0.1348,0.4009,0.0690,0.1410,42.3160,1.9790,906472128.0000,1129351936.0000,0.8026,25977122816,1.1460,3.1600,1.0900,134680225,5.4200,4.4300,5.9100,5.9900,0.0349,OK,0,6.0400,False,3-7d,XLI,,CAT|UNP|HON,pmi_manufacturing|supply_chain|capex_cycle,45,2026-10-22,False,2026-07-23,2.7400,2.7200,78.0000,ALCISTA FUERTE,10,770.1900,8.5000,47.5000,14.5300,"Filtros estándar (Score ≥6.5, DD ≥10%)"
AXP,American Express,Financials,Consumer Finance,1976-06-30,326.1600,2026-09-07,37.9700,42.1900,DOWN,-0.9668,-1.2786,True,0.0850,5.6371,0.7320,1.7280,341.3700,335.7800,334.1000,-4.4500,-2.8700,True,-0.6646,BAJISTA,-10.1800,363.1400,384.3600,289.2600,-15.1400,12.7600,0.8900,True,332.3600,2,324.1100,True,1.9000,NONE,7.5000,6.5000,7.5000,7.5000,8,10.0000,5.0000,True,3.4600,5.1900,1.5000,19.8033,16.2158,6.4224,3.1060,,0.3438,0.0379,0.1614,0.6234,0.1280,0.1100,172.3800,1.5530,,11310999552.0000,,220259057664,1.0480,3.9100,1.1700,675309833,5.0600,4.2700,6.3600,4.4600,,D/E:172,1,6.0400,False,3-7d,XLF,,JPM|BAC|WFC,interest_rates|yield_curve|credit_spreads|loan_growth,46,2026-10-23,False,2026-07-24,4.5300,4.4000,2.9000,ALCISTA FUERTE,10,770.1900,8.5000,47.5000,14.5300,"Filtros estándar (Score ≥6.5, DD ≥10%)"
T,AT&T,Communication Services,Integrated Telecommunication Services,1983-11-30,25.6800,2026-09-07,65.4300,76.0600,DOWN,-0.0305,0.0322,False,0.6485,0.4721,0.7320,1.8390,23.4800,24.7000,25.2500,9.3700,3.9800,False,0.4194,ALCISTA,-2.8700,26.4400,28.7500,19.6300,-10.6800,30.8400,0.8400,True,24.6200,2,25.2100,False,-4.1300,HAMMER|DOJI,6.5500,8.5000,5.0000,7.5000,4,7.0000,7.0000,False,3.6800,5.5200,1.5000,8.4752,10.0167,1.5994,1.3830,7.6140,0.1834,0.0416,0.1694,0.5972,0.0230,0.0620,129.0540,0.9710,10142000128.0000,21479999488.0000,0.4722,175969271808,0.4310,1.7200,4.3200,6852385650,5.6800,4.1100,4.4700,8.9100,0.0576,FCF/NI:0.47|D/E:129,2,6.0300,False,10-18d,XLC,,GOOGL|META|NFLX,ad_spending_cycle|streaming_competition|regulation,44,2026-10-21,False,2026-07-22,0.6500,0.5900,10.5000,ALCISTA FUERTE,10,770.1900,8.5000,47.5000,14.5300,"Filtros estándar (Score ≥6.5, DD ≥10%)"
FISV,Fiserv,Financials,Transaction & Payment Processing Services,2001-04-02,53.0000,2026-09-07,55.2700,53.6100,UP,-0.0258,-0.0841,True,0.5944,1.4471,0.6950,2.7300,52.1600,58.3100,52.6300,1.6100,-9.1100,False,-5.3925,BAJISTA,-6.4100,56.6300,138.6200,47.0400,-61.7700,12.6700,1.1500,True,52.5400,2,55.9900,True,-0.8700,HAMMER,7.0000,6.5000,7.0000,7.5000,7,7.0000,7.0000,False,5.4600,8.1900,1.5000,10.1533,6.5506,1.0460,,,,,,,,,,,,,,28183635968,,,,531766721,5.3800,5.0000,5.0000,6.2700,,OK,0,6.0300,False,3-7d,XLF,,JPM|BAC|WFC,interest_rates|yield_curve|credit_spreads|loan_growth,51,2026-10-28,False,2026-08-06,1.8400,1.9100,-3.9000,ALCISTA FUERTE,10,770.1900,8.5000,47.5000,14.5300,"Filtros estándar (Score ≥6.5, DD ≥10%)"
USB,U.S. Bancorp,Financials,Diversified Banks,1999-11-01,63.3700,2026-09-07,41.0100,36.5200,UP,-0.0464,-0.3553,True,0.5195,1.1371,0.9490,1.7940,63.0300,56.0500,62.9300,0.5300,13.0500,True,3.2094,ALCISTA,-4.1000,66.0800,66.0800,43.7600,-4.1000,44.8200,0.8530,True,61.9000,2,63.3900,True,-2.3200,HAMMER,7.4000,10.0000,7.0000,7.5000,7,5.0000,7.0000,False,3.5900,5.3800,1.5000,12.6487,10.9437,1.6286,3.6138,,0.1262,0.0116,0.2990,0.0000,0.1040,0.2160,,,,7797000192.0000,,98733719552,0.9710,0.0100,3.2800,1558051446,5.1100,5.2200,4.6600,5.5200,,OK,0,6.0300,False,10-18d,XLF,,JPM|BAC|WFC,interest_rates|yield_curve|credit_spreads|loan_growth,38,2026-10-15,False,2026-07-16,1.3500,1.2900,5.0000,ALCISTA FUERTE,10,770.1900,8.5000,47.5000,14.5300,"Filtros estándar (Score ≥6.5, DD ≥10%)"
CTAS,Cintas,Industrials,Diversified Support Services,2001-03-01,200.4700,2026-09-07,55.4000,54.0900,UP,-0.9395,-0.7949,False,0.3261,3.3250,0.6780,1.6590,196.9300,185.9700,201.7500,1.8000,7.8000,True,0.9290,ALCISTA,-8.2900,218.6000,218.6000,160.3100,-8.2900,25.0500,0.7860,True,197.6900,2,207.6900,True,-1.3900,NONE,7.3000,10.0000,6.0000,7.5000,7,7.0000,5.0000,False,3.3200,4.9800,1.5000,40.8289,32.7888,15.6069,7.1215,27.5920,0.4071,0.1610,0.1775,0.5067,0.0890,0.1560,52.6460,1.4340,1464424832.0000,1993656064.0000,0.7345,80221995008,0.9130,4.1900,1.0400,400169561,5.1600,5.4200,6.4100,3.4000,0.0183,FCF/NI:0.73,1,6.0200,False,10-18d,XLI,,CAT|UNP|HON,pmi_manufacturing|supply_chain|capex_cycle,16,2026-09-23,False,2026-07-15,1.2600,1.2300,2.4000,ALCISTA FUERTE,10,770.1900,8.5000,47.5000,14.5300,"Filtros estándar (Score ≥6.5, DD ≥10%)"
FTNT,Fortinet,Information Technology,Systems Software,2018-10-11,156.2900,2026-09-07,50.3400,51.5200,DOWN,-0.4793,0.8504,False,0.3799,7.0943,1.0770,4.5390,158.7800,110.0600,159.1600,-1.5700,42.0100,True,7.3392,NEUTRO,-10.1200,173.8900,173.8900,73.5500,-10.1200,112.4900,0.7030,True,150.0200,4,172.1100,False,-4.0100,NONE,6.3500,8.5000,5.0000,7.5000,6,5.0000,5.0000,False,9.0800,13.6200,1.5000,55.2261,41.4441,73.9309,15.2340,42.8250,1.1744,0.1417,0.2817,0.8020,0.2560,0.4390,36.1940,1.2820,2265587456.0000,2120700032.0000,1.0683,114672107520,1.0590,2.6500,,733713653,5.7600,5.8100,7.7900,3.3500,0.0198,OK,0,6.0000,False,7-15d,XLK,,AAPL|MSFT|NVDA,interest_rates|ai_capex_cycle|semiconductor_cycle,58,2026-11-04,False,2026-07-29,0.9000,0.7500,20.5000,ALCISTA FUERTE,10,770.1900,8.5000,47.5000,14.5300,"Filtros estándar (Score ≥6.5, DD ≥10%)"
CRM,Salesforce,Information Technology,Application Software,2008-09-15,259.2300,2026-09-07,88.1600,80.4400,UP,4.3017,5.7199,False,0.8392,11.4621,1.4080,4.4220,191.6500,200.0700,227.5200,35.2600,29.5700,False,-1.3739,ALCISTA,-3.3700,268.2700,268.2700,146.3200,-3.3700,77.1700,0.6380,False,170.7100,2,,False,-34.1500,NONE,5.6500,8.0000,6.0000,5.0000,4,5.0000,5.0000,False,8.8400,13.2600,1.5000,23.7608,16.1935,5.5591,4.8556,18.9410,0.1938,0.0570,0.2199,0.7728,0.1080,1.1890,110.4170,0.8390,17731874816.0000,9662000128.0000,1.8352,213346304000,1.2020,2.1200,0.6800,823000000,6.2300,6.0700,4.9600,7.9000,0.0831,D/E:110,1,6.0000,False,10-18d,XLK,,AAPL|MSFT|NVDA,interest_rates|ai_capex_cycle|semiconductor_cycle,86,2026-12-02,False,2026-08-26,5.9000,3.2700,80.4000,ALCISTA FUERTE,10,770.1900,8.5000,47.5000,14.5300,"Filtros estándar (Score ≥6.5, DD ≥10%)"
FDX,FedEx,Industrials,Air Freight & Logistics,1980-12-31,322.5200,2026-09-07,40.4600,55.7400,DOWN,-1.4966,-0.6284,False,0.2292,7.8329,0.9040,2.4290,319.4400,290.4000,325.4000,0.9600,11.0600,True,4.5473,ALCISTA,-6.2700,344.0800,344.0800,176.6400,-6.2700,82.5800,1.2570,False,321.6600,6,341.6200,True,-0.2700,NONE,6.8200,10.0000,5.0000,5.0000,9,6.5000,5.0000,False,4.8600,7.2900,1.5000,17.3959,15.4755,2.4459,0.8059,8.9240,0.1485,0.0501,0.0468,0.2732,0.1250,-0.0430,135.6970,1.4750,5656625152.0000,4425999872.0000,1.2780,76330942464,1.3640,3.2400,1.5100,236670435,5.4600,3.5300,4.8700,8.4100,0.0741,D/E:136,1,6.0000,False,10-18d,XLI,,CAT|UNP|HON,pmi_manufacturing|supply_chain|capex_cycle,51,2026-10-12,False,2026-06-23,6.3100,5.9200,6.5000,ALCISTA FUERTE,10,770.1900,8.5000,47.5000,14.5300,"Filtros estándar (Score ≥6.5, DD ≥10%)"
JBL,Jabil,Information Technology,Electronic Manufacturing Services,2023-12-18,310.5700,2026-09-07,21.6100,36.5800,DOWN,-1.7037,-3.8953,True,0.3540,12.8786,0.7480,4.1470,327.0700,292.7100,316.6700,-5.0400,6.1000,True,4.0575,NEUTRO,-27.5800,428.8400,428.8400,189.4600,-27.5800,63.9300,0.7630,True,309.9400,1,374.5500,True,-0.2000,HAMMER|DOJI,7.7000,8.5000,8.5000,7.5000,7,7.0000,7.0000,True,8.2900,12.4400,1.5000,38.9186,18.4466,24.6074,0.9689,14.6560,0.6588,0.0501,0.0257,0.0923,0.1180,0.2760,297.1360,0.9810,1211624960.0000,862000000.0000,1.4056,32543727616,1.2920,2.8700,0.1000,104787089,4.8700,2.6500,6.8100,5.2000,0.0372,D/E:297,1,6.0000,False,5-10d,XLK,,AAPL|MSFT|NVDA,interest_rates|ai_capex_cycle|semiconductor_cycle,17,2026-09-24,False,2026-06-17,3.1600,3.1200,1.4000,ALCISTA FUERTE,10,770.1900,8.5000,47.5000,14.5300,"Filtros estándar (Score ≥6.5, DD ≥10%)"
ATO,Atmos Energy,Utilities,Gas Utilities,2019-02-15,167.5600,2026-09-07,46.3000,49.1100,DOWN,0.2055,-0.0056,True,0.3843,2.4732,0.8520,1.4760,172.0300,173.6200,168.6900,-2.6000,-3.4900,False,-0.1901,BAJISTA,-7.7000,181.5500,190.2800,156.4700,-11.9400,7.0900,0.7230,True,165.7800,3,172.0900,True,-1.0600,HAMMER|DOJI,6.6500,5.0000,6.0000,7.5000,10,5.0000,7.0000,False,2.9500,4.4300,1.5000,19.9714,18.5812,1.8558,5.7534,14.5250,0.0979,0.0389,0.2850,0.6221,0.0480,0.2330,67.6620,0.8140,-2220956928.0000,1402008064.0000,-1.5841,28315721728,0.5940,3.3200,2.3900,168988553,5.5500,7.7700,5.4200,3.1100,-0.0784,FCF/NI:-1.58,1,5.9900,False,3-7d,XLU,,NEE|DUK|SO,interest_rates|regulatory_environment,58,2026-11-04,False,2026-08-05,1.4300,1.3500,5.6000,ALCISTA FUERTE,10,770.1900,8.5000,47.5000,14.5300,"Filtros estándar (Score ≥6.5, DD ≥10%)"
CDNS,Cadence Design Systems,Information Technology,Application Software,2017-09-18,292.7000,2026-09-07,35.3300,56.1400,DOWN,-2.1021,1.9171,False,-0.0578,11.7714,0.8400,4.0220,341.6400,327.1300,322.9300,-14.3300,-10.5200,True,-0.2454,BAJISTA,-27.4400,403.3800,416.6900,262.7500,-29.7600,11.4000,1.8820,False,268.8000,1,347.7200,False,-8.1700,NONE,5.9000,6.5000,6.5000,5.0000,4,8.0000,5.0000,False,8.0400,12.0700,1.5000,58.1909,30.6697,11.7541,13.8295,37.9080,0.2323,0.1061,0.2361,0.8587,0.2420,1.2540,38.6610,1.7430,1609676544.0000,1377993984.0000,1.1681,80731348992,1.1370,1.8500,,275816000,6.0300,8.0200,6.1100,3.6200,0.0199,OK,0,5.9800,False,3-7d,XLK,,AAPL|MSFT|NVDA,interest_rates|ai_capex_cycle|semiconductor_cycle,49,2026-10-26,False,2026-07-27,2.1100,2.0600,2.7000,ALCISTA FUERTE,10,770.1900,8.5000,47.5000,14.5300,"Filtros estándar (Score ≥6.5, DD ≥10%)"
DGX,Quest Diagnostics,Health Care,Health Care Services,2002-12-12,237.1400,2026-09-07,52.8500,63.8100,DOWN,-1.4957,-1.2725,False,0.3065,4.9257,0.9340,2.0770,227.4200,199.9400,238.3500,4.2800,18.6100,True,3.1358,ALCISTA,-4.0700,247.1900,247.1900,168.9700,-4.0700,40.3400,0.9340,False,232.2800,1,240.1300,True,-2.0500,NONE,6.3000,10.0000,5.0000,5.0000,7,5.0000,5.0000,False,4.1500,6.2300,1.5000,25.2009,19.6671,3.4707,2.2642,14.2700,0.1460,0.0640,0.0919,0.3319,0.1020,0.1500,81.0740,1.5910,909625024.0000,1058000000.0000,0.8598,26173937664,0.5490,3.1500,1.4500,110373360,5.7700,5.8700,5.8500,5.5700,0.0348,D/E:81,1,5.9800,False,10-18d,XLV,,UNH|JNJ|LLY,fda_calendar|drug_pricing_policy|patent_cliffs,43,2026-10-20,False,2026-07-23,3.1200,2.8200,10.5000,ALCISTA FUERTE,10,770.1900,8.5000,47.5000,14.5300,"Filtros estándar (Score ≥6.5, DD ≥10%)"
TJX,TJX Companies,Consumer Discretionary,Apparel Retail,1985-09-30,132.0800,2026-09-07,8.6400,9.6100,DOWN,-0.8901,-1.4610,True,0.2135,2.9629,0.8510,2.2430,149.7300,153.8400,140.5700,-11.7900,-14.1400,False,0.0200,BAJISTA,-22.0600,169.4700,169.4700,130.1500,-22.0600,1.4800,0.9760,False,,0,162.0300,False,,HAMMER,6.0800,5.5000,8.5000,5.0000,4,6.5000,7.0000,False,4.4900,6.7300,1.5000,24.4593,22.8769,14.0302,2.3397,17.2520,0.6217,0.1354,0.0973,0.3147,0.0540,0.2360,134.4190,1.1470,4398125056.0000,6066999808.0000,0.7249,145909350400,0.5930,3.9500,1.4500,1104704446,5.8900,6.9900,5.9700,4.5200,0.0301,FCF/NI:0.72|D/E:134,2,5.9700,False,3-7d,XLY,,AMZN|TSLA|HD,consumer_spending|employment_data|interest_rates,72,2026-11-18,False,2026-08-19,1.3600,1.1900,14.5000,ALCISTA FUERTE,10,770.1900,8.5000,47.5000,14.5300,"Filtros estándar (Score ≥6.5, DD ≥10%)"
UPS,United Parcel Service,Industrials,Air Freight & Logistics,2002-07-22,102.2900,2026-09-07,51.2700,61.0900,DOWN,0.0783,0.2818,False,0.2913,1.8871,0.6890,1.8450,106.5200,101.9100,103.9200,-3.9700,0.3700,True,1.5738,NEUTRO,-12.2400,116.5600,116.8600,76.9500,-12.4700,32.9400,0.7430,True,101.1300,4,104.2400,True,-1.1400,HAMMER|DOJI,7.5200,8.5000,5.0000,7.5000,9,8.5000,7.0000,False,3.6900,5.5300,1.5000,19.0130,12.6677,5.7775,0.9677,9.1920,0.2960,0.0728,0.0508,0.2241,0.0760,-0.5300,189.9000,1.1790,5593999872.0000,4569999872.0000,1.2241,87026450432,1.0380,4.7200,6.4100,749349405,4.9300,1.9500,5.6200,7.6000,0.0643,D/E:190,1,5.9700,False,7-15d,XLI,,CAT|UNP|HON,pmi_manufacturing|supply_chain|capex_cycle,50,2026-10-27,False,2026-07-28,1.7600,1.6600,5.8000,ALCISTA FUERTE,10,770.1900,8.5000,47.5000,14.5300,"Filtros estándar (Score ≥6.5, DD ≥10%)"
LIN,Linde plc,Materials,Industrial Gases,1992-07-01,477.5700,2026-09-07,55.6400,47.4600,UP,0.7177,1.7173,False,0.2258,7.5673,0.7150,1.5850,499.9300,477.2800,485.8000,-4.4700,0.0600,True,1.2565,NEUTRO,-12.6000,546.4000,546.4000,384.0000,-12.6000,24.3700,1.1990,True,486.0800,5,520.0600,True,1.7800,HAMMER|DOJI,7.7300,8.5000,6.0000,7.5000,9,8.5000,7.0000,False,3.1700,4.7500,1.5000,30.7713,24.4210,5.6332,6.2103,17.7120,0.1840,0.0716,0.2044,0.4835,0.0930,0.1130,68.9470,0.8790,4160750080.0000,7244000256.0000,0.5744,220150300672,0.7270,2.3100,1.3400,460980163,4.7600,4.9400,5.3200,3.8800,0.0189,FCF/NI:0.57,1,5.9500,False,7-15d,XLB,,APD|ECL|NEM,commodity_prices|dxy|china_demand|energy_costs,53,2026-10-30,False,2026-07-31,4.1500,4.1200,66.0000,ALCISTA FUERTE,10,770.1900,8.5000,47.5000,14.5300,"Filtros estándar (Score ≥6.5, DD ≥10%)"
DHI,D. R. Horton,Consumer Discretionary,Homebuilding,2005-06-22,142.7500,2026-09-07,42.0700,50.9300,DOWN,-0.5576,-0.5566,False,0.1404,3.7686,0.7840,2.6400,149.0700,149.0600,146.2400,-4.2400,-4.2300,True,-0.0171,BAJISTA,-16.1700,170.2800,182.3600,130.9600,-21.7200,9.0000,0.9120,True,143.5800,3,152.7100,True,0.5800,HAMMER|DOJI,7.5000,6.5000,5.0000,7.5000,10,10.0000,7.0000,False,5.2800,7.9200,1.5000,13.6082,12.1315,1.6824,1.1972,11.0540,0.1263,0.0688,0.0915,0.2130,0.0000,-0.0480,29.4510,6.0110,2413900032.0000,3052900096.0000,0.7907,39927357440,1.3710,3.7800,1.2600,279701267,4.9200,0.0000,6.7100,8.5700,0.0605,OK,0,5.9500,False,3-7d,XLY,,AMZN|TSLA|HD,consumer_spending|employment_data|interest_rates,52,2026-10-29,False,2026-07-21,3.2000,2.9900,7.1000,ALCISTA FUERTE,10,770.1900,8.5000,47.5000,14.5300,"Filtros estándar (Score ≥6.5, DD ≥10%)"
PYPL,PayPal,Financials,Transaction & Payment Processing Services,2015-07-20,54.9600,2026-09-07,36.1400,33.0000,UP,-1.0094,-1.4154,True,0.2196,2.0877,1.2830,3.7990,54.8900,50.7300,57.2500,0.1300,8.3500,True,-1.5856,ALCISTA,-12.1700,62.5800,78.3400,38.1200,-29.8500,44.1600,1.0460,True,54.8000,1,57.6400,True,-0.2900,NONE,7.6200,9.5000,8.5000,7.5000,7,6.5000,5.0000,True,7.6000,11.4000,1.5000,10.3894,9.4959,2.3903,1.3882,7.7420,0.2450,0.0462,0.1436,0.4048,0.0480,-0.0310,71.7510,1.2880,4423124992.0000,4902000128.0000,0.9023,47375519744,1.2860,2.0000,1.0200,862000000,4.8400,0.8500,6.4400,7.6300,0.0934,OK,0,5.9500,False,10-18d,XLF,,JPM|BAC|WFC,interest_rates|yield_curve|credit_spreads|loan_growth,50,2026-10-27,False,2026-07-28,1.3800,1.2800,8.0000,ALCISTA FUERTE,10,770.1900,8.5000,47.5000,14.5300,"Filtros estándar (Score ≥6.5, DD ≥10%)"
KIM,Kimco Realty,Real Estate,Retail REITs,2006-04-04,23.6000,2026-09-07,37.3600,40.8800,DOWN,0.0213,-0.0042,True,0.2438,0.3216,0.7360,1.3630,24.6300,22.5100,23.9100,-4.1600,4.8300,True,1.6782,NEUTRO,-10.4000,26.3400,26.3400,18.9600,-10.4000,24.5000,1.4240,False,24.0600,6,25.9600,True,1.9300,HAMMER|DOJI,7.5200,8.5000,7.5000,5.0000,9,8.5000,7.0000,False,2.7300,4.0900,1.5000,27.4419,26.3393,1.5409,7.2381,18.1250,0.0581,0.0237,0.2776,0.6893,0.0490,-0.0580,84.9930,0.9710,871483392.0000,573750016.0000,1.5189,15830629376,0.9560,6.4900,4.7500,670789373,4.9000,2.2700,5.3800,7.4100,0.0551,D/E:85,1,5.9500,False,7-15d,XLRE,,PLD|AMT|EQIX,interest_rates|cap_rates|occupancy_trends,52,2026-10-29,False,2026-08-04,0.2200,0.2000,13.5000,ALCISTA FUERTE,10,770.1900,8.5000,47.5000,14.5300,"Filtros estándar (Score ≥6.5, DD ≥10%)"
TSN,Tyson Foods,Consumer Staples,Packaged Foods & Meats,2005-08-10,51.4200,2026-09-07,17.9600,39.9300,DOWN,-0.5013,-0.2694,False,-0.1004,1.3895,0.9560,2.7020,57.1100,59.4100,55.5700,-9.9600,-13.4400,False,0.8781,BAJISTA,-17.6600,62.4500,68.2600,48.8400,-24.6700,5.2800,1.9020,False,,0,59.1700,False,,NONE,5.9000,5.5000,7.5000,5.0000,4,8.0000,5.0000,False,5.4000,8.1100,1.5000,31.7407,12.0555,1.0006,0.3248,9.1850,0.0326,0.0256,0.0103,0.0655,-0.0010,2.0410,44.0250,1.4330,1191250048.0000,574000000.0000,2.0753,18089631744,0.3710,2.3700,3.9700,281792507,5.9600,5.0000,5.4400,7.6900,0.0659,OK,0,5.9400,False,3-7d,XLP,,PG|KO|PEP,inflation|input_costs|fx_rates,63,2026-11-09,False,2026-08-03,0.9900,0.9900,34.0000,ALCISTA FUERTE,10,770.1900,8.5000,47.5000,14.5300,"Filtros estándar (Score ≥6.5, DD ≥10%)"
TT,Trane Technologies,Industrials,Building Products,2010-11-17,447.9000,2026-09-07,31.6400,30.6800,UP,-1.2607,-2.3870,True,0.3188,9.4674,0.6530,2.1140,467.3400,442.3200,454.4300,-4.1600,1.2600,True,0.7588,NEUTRO,-11.2500,504.6800,504.6800,345.6200,-11.2500,29.5900,1.1630,True,401.2800,1,489.8500,False,-10.4100,NONE,7.0500,8.5000,8.5000,7.5000,4,7.0000,5.0000,True,4.2300,6.3400,1.5000,33.3259,25.5542,11.4430,4.4371,23.6440,0.3664,0.1100,0.1328,0.3539,0.1060,0.0710,53.4040,1.0730,3121687552.0000,2999600128.0000,1.0407,98548383744,1.1970,2.2500,0.9400,220023177,5.2000,4.0300,6.7800,4.7200,0.0317,OK,0,5.9400,False,7-15d,XLI,,CAT|UNP|HON,pmi_manufacturing|supply_chain|capex_cycle,52,2026-10-29,False,2026-07-30,4.3100,4.2600,1.1000,ALCISTA FUERTE,10,770.1900,8.5000,47.5000,14.5300,"Filtros estándar (Score ≥6.5, DD ≥10%)"
HD,Home Depot (The),Consumer Discretionary,Home Improvement Retail,1988-03-31,321.0500,2026-09-07,34.8800,30.0300,UP,-1.9374,-2.2179,True,0.2084,7.2927,0.8460,2.2720,336.7300,338.6400,329.1800,-4.6600,-5.1900,False,-0.9983,BAJISTA,-9.8700,356.2200,415.0000,284.8500,-22.6400,12.7100,0.6200,True,320.0200,2,352.9300,True,-0.3200,HAMMER|DOJI|BULL_ENGULF,7.3300,5.0000,8.5000,7.5000,8,6.5000,9.5000,False,4.5400,6.8100,1.5000,22.4668,20.0184,19.2823,1.8933,15.4740,1.0430,0.1214,0.0841,0.3280,0.0570,0.0460,380.2610,1.0780,10762625024.0000,14227000320.0000,0.7565,320308248576,0.9550,2.8000,2.9000,997689626,4.9900,3.1600,6.9500,4.8400,0.0336,D/E:380,1,5.9300,False,3-7d,XLY,,AMZN|TSLA|MCD,consumer_spending|employment_data|interest_rates,71,2026-11-17,False,2026-08-18,4.9200,4.7300,4.0000,ALCISTA FUERTE,10,770.1900,8.5000,47.5000,14.5300,"Filtros estándar (Score ≥6.5, DD ≥10%)"
GDDY,GoDaddy,Information Technology,Internet Services & Infrastructure,2024-06-24,101.3100,2026-09-07,67.3400,58.5800,UP,0.3572,0.1288,True,0.7736,3.6721,0.8030,3.6250,93.4500,96.1800,97.7900,8.4100,5.3400,False,-3.4240,ALCISTA,-4.4200,106.0000,150.4700,71.5900,-32.6700,41.5100,0.9070,True,86.7400,1,101.9900,False,-14.3800,HAMMER,6.5500,8.0000,7.0000,7.5000,4,5.0000,7.0000,False,7.2500,10.8700,1.5000,15.0535,9.1870,1911.5094,2.5138,11.2180,4.4286,0.0988,0.1783,0.6380,0.0660,0.2980,57334.3300,0.6320,1204950016.0000,910300032.0000,1.3237,12830679040,0.9400,2.5500,,126647704,5.5000,2.0500,6.5800,8.2500,0.0939,D/E:57334,1,5.9200,False,10-18d,XLK,,AAPL|MSFT|NVDA,interest_rates|ai_capex_cycle|semiconductor_cycle,52,2026-10-29,False,2026-07-30,1.8300,1.6900,8.0000,ALCISTA FUERTE,10,770.1900,8.5000,47.5000,14.5300,"Filtros estándar (Score ≥6.5, DD ≥10%)"
ORLY,O'Reilly Automotive,Consumer Discretionary,Automotive Retail,2009-03-27,87.8900,2026-09-07,39.6100,34.3900,UP,-0.3882,-0.4302,True,0.2275,1.8479,0.7390,2.1020,89.0100,92.1700,89.0800,-1.2600,-4.6400,False,-0.7656,BAJISTA,-6.6200,94.1200,108.7200,82.5900,-19.1600,6.4200,0.8200,True,87.6800,2,93.7000,True,-0.2400,BULL_ENGULF,7.4200,5.0000,8.5000,7.5000,8,8.5000,7.5000,False,4.2000,6.3100,1.5000,27.9016,24.0712,-39.0796,3.8282,19.2880,,0.1367,0.1427,0.5164,0.0810,0.1030,,0.7520,1570733824.0000,2650373888.0000,0.5926,71099564032,0.5150,3.4500,,808960792,4.9200,6.1700,4.8700,3.5200,0.0221,FCF/NI:0.59,1,5.9200,False,3-7d,XLY,,AMZN|TSLA|HD,consumer_spending|employment_data|interest_rates,51,2026-10-28,False,2026-07-29,0.8600,0.8600,17.0000,ALCISTA FUERTE,10,770.1900,8.5000,47.5000,14.5300,"Filtros estándar (Score ≥6.5, DD ≥10%)"
KVUE,Kenvue,Consumer Staples,Personal Care Products,2023-08-25,18.7400,2026-09-07,49.0000,58.3700,DOWN,-0.0471,-0.0423,False,0.1514,0.3229,0.7770,1.7230,19.0400,17.6000,19.0200,-1.5900,6.5000,True,2.3246,NEUTRO,-5.8700,19.9100,19.9100,13.3800,-5.8700,40.1000,1.3420,False,18.5200,4,19.6500,True,-1.1900,NONE,6.8200,8.5000,5.0000,5.0000,9,8.5000,5.0000,False,3.4500,5.1700,1.5000,22.0471,15.0927,3.4098,2.3361,12.4960,0.1558,0.0699,0.1076,0.5844,0.0300,0.0850,81.6170,1.0050,1907500032.0000,1658000000.0000,1.1505,35995295744,0.4260,2.7000,4.4800,1920773467,5.3200,3.6500,5.5400,7.0000,0.0530,D/E:82,1,5.9200,False,7-15d,XLP,,PG|KO|PEP,inflation|input_costs|fx_rates,59,2026-11-05,False,2026-08-06,0.3100,0.3200,-2.8000,ALCISTA FUERTE,10,770.1900,8.5000,47.5000,14.5300,"Filtros estándar (Score ≥6.5, DD ≥10%)"
LHX,L3Harris,Industrials,Aerospace & Defense,2008-09-22,256.4500,2026-09-07,20.2600,22.3500,DOWN,-0.5880,-0.9493,True,0.1939,5.3986,0.6680,2.1050,281.3500,311.3000,268.4800,-8.8500,-17.6200,False,-0.5024,BAJISTA,-19.1000,317.0000,374.5900,256.0500,-31.5400,0.1600,0.7640,False,261.4300,1,294.9200,True,1.9400,NONE,6.5200,5.0000,8.5000,5.0000,7,8.5000,5.0000,False,4.2100,6.3200,1.5000,25.9040,19.0507,2.4951,3.7146,29.7150,,,0.1037,0.3041,1.9000,-0.0610,34.5740,,,1332999936.0000,,47754743808,0.7460,2.2800,1.9500,186214616,5.5100,5.0000,5.8300,5.7400,,OK,0,5.9100,False,5-10d,XLI,,CAT|UNP|HON,pmi_manufacturing|supply_chain|capex_cycle,52,2026-10-29,False,2026-07-29,3.6300,2.8400,27.9000,ALCISTA FUERTE,10,770.1900,8.5000,47.5000,14.5300,"Filtros estándar (Score ≥6.5, DD ≥10%)"
MSCI,MSCI,Financials,Financial Exchanges & Data,2018-04-04,573.0100,2026-09-07,65.7000,55.8600,UP,1.5652,1.2403,True,0.8045,11.5200,0.6850,2.0100,577.1200,569.3200,568.5100,-0.7100,0.6500,True,0.0926,NEUTRO,-10.8100,642.4700,642.4700,495.5400,-10.8100,15.6300,0.8790,True,546.8800,4,564.2600,False,-4.5600,HAMMER,7.2500,8.5000,7.0000,7.5000,6,7.0000,7.0000,False,4.0200,6.0300,1.5000,31.3463,25.4701,-15.4893,12.4958,24.3840,,0.2113,0.4073,0.8297,0.1220,0.1960,,0.8940,1194705920.0000,1358004992.0000,0.8798,41657827328,1.2190,1.3700,1.4300,72700000,5.0000,5.4200,5.6600,3.7600,0.0287,OK,0,5.9000,False,7-15d,XLF,,JPM|BAC|WFC,interest_rates|yield_curve|credit_spreads|loan_growth,43,2026-10-20,False,2026-07-21,4.9400,4.9800,-84.0000,ALCISTA FUERTE,10,770.1900,8.5000,47.5000,14.5300,"Filtros estándar (Score ≥6.5, DD ≥10%)"
IQV,IQVIA,Health Care,Life Sciences Tools & Services,2017-08-29,267.7700,2026-09-07,78.6200,75.0500,UP,-0.1291,-0.3859,True,0.8200,7.4764,0.9790,2.7920,230.1300,201.8900,254.1400,16.3600,32.6300,True,1.8873,ALCISTA,-1.4800,271.8000,271.8000,154.5000,-1.4800,73.3100,0.9610,True,233.7600,1,,False,-12.7000,BULL_ENGULF|HAMMER|DOJI,7.2000,10.0000,7.0000,7.5000,4,5.0000,9.5000,False,5.5800,8.3800,1.5000,33.3462,18.5186,7.1422,2.5952,19.1540,0.2282,0.0506,0.0810,0.3297,0.0870,-0.0060,257.9750,0.7060,2149750016.0000,1375000064.0000,1.5635,44074938368,1.1860,2.9900,,164600000,5.0400,3.0800,6.0800,6.1100,0.0488,D/E:258,1,5.9000,False,10-18d,XLV,,UNH|JNJ|LLY,fda_calendar|drug_pricing_policy|patent_cliffs,57,2026-11-03,False,2026-07-28,3.1500,3.0300,3.9000,ALCISTA FUERTE,10,770.1900,8.5000,47.5000,14.5300,"Filtros estándar (Score ≥6.5, DD ≥10%)"
NKE,"Nike, Inc.",Consumer Discretionary,"Apparel, Accessories & Luxury Goods",1988-11-30,38.4000,2026-09-07,48.4200,38.8800,UP,-0.0266,-0.1177,True,0.2516,1.0187,0.7680,2.6530,41.1000,50.4000,39.4400,-6.5800,-23.8200,False,-4.4195,BAJISTA,-16.2000,45.8200,74.5100,37.7700,-48.4700,1.6700,0.7420,True,38.4500,1,43.2300,True,0.1400,HAMMER,6.9300,5.0000,7.0000,7.5000,7,8.5000,7.0000,False,5.3100,7.9600,1.5000,18.2857,16.7603,3.8308,1.2256,11.9660,0.2214,0.0697,0.0670,0.4325,-0.0110,4.2800,74.2890,1.9610,1889250048.0000,3108000000.0000,0.6079,56966352896,1.1100,3.4700,4.2700,1202110951,5.1900,5.0000,5.0600,5.5600,0.0332,FCF/NI:0.61,1,5.8900,False,3-7d,XLY,,AMZN|TSLA|HD,consumer_spending|employment_data|interest_rates,24,2026-10-01,False,2026-06-30,0.7200,0.1300,466.1000,ALCISTA FUERTE,10,770.1900,8.5000,47.5000,14.5300,"Filtros estándar (Score ≥6.5, DD ≥10%)"
OTIS,Otis Worldwide,Industrials,Industrial Machinery & Supplies & Components,2020-04-03,71.2100,2026-09-07,54.0500,46.5000,UP,-0.0635,-0.1182,True,0.3458,1.1771,0.7390,1.6530,72.0500,79.1100,71.6100,-1.1700,-9.9800,False,-2.1779,BAJISTA,-5.6200,75.4500,93.4300,68.7400,-23.7800,3.5900,0.9100,False,69.3700,6,74.2200,True,-2.5800,HAMMER|DOJI|HAMMER|HAMMER,6.5000,5.0000,7.0000,5.0000,9,7.0000,7.0000,False,3.3100,4.9600,1.5000,18.3059,15.6708,-4.7162,1.8180,13.4220,,0.1425,0.1017,0.3031,0.0730,0.1300,,0.8310,1436249984.0000,1516000000.0000,0.9474,27107463168,0.8750,3.9300,2.4700,380669339,5.4400,4.3100,5.6400,6.5200,0.0530,OK,0,5.8600,False,3-7d,XLI,,CAT|UNP|HON,pmi_manufacturing|supply_chain|capex_cycle,51,2026-10-28,False,2026-07-22,1.0100,1.0100,38.0000,ALCISTA FUERTE,10,770.1900,8.5000,47.5000,14.5300,"Filtros estándar (Score ≥6.5, DD ≥10%)"
ETN,Eaton Corporation,Industrials,Electrical Components & Equipment,1957-03-04,410.8500,2026-09-07,30.4900,30.7100,DOWN,-3.3196,-5.5271,True,0.3682,13.4936,0.7990,3.2840,414.7400,379.2300,413.2100,-0.9400,8.3400,True,1.4415,NEUTRO,-14.0500,478.0000,478.0000,309.3300,-14.0500,32.8200,1.1020,True,381.4100,5,417.1900,False,-7.1700,HAMMER|DOJI|BULL_ENGULF,7.6000,8.5000,7.5000,7.5000,6,7.0000,9.5000,True,6.5700,9.8500,1.5000,41.8381,25.5710,7.8787,5.3132,27.1500,0.1968,0.0705,0.1275,0.3602,0.2140,-0.1590,105.0590,1.2400,3106125056.0000,3828999936.0000,0.8112,159533056000,1.1680,2.7100,1.0700,388300000,4.6700,5.0000,5.2300,3.6400,0.0195,D/E:105,1,5.8400,False,7-15d,XLI,,CAT|UNP|HON,pmi_manufacturing|supply_chain|capex_cycle,57,2026-11-03,False,2026-07-31,3.1500,3.0800,2.4000,ALCISTA FUERTE,10,770.1900,8.5000,47.5000,14.5300,"Filtros estándar (Score ≥6.5, DD ≥10%)"
BR,Broadridge Financial Solutions,Industrials,Data Processing & Outsourced Services,2018-06-18,172.8800,2026-09-07,58.2300,64.6300,DOWN,-1.3617,-0.2131,False,0.3576,4.7615,0.9270,2.7540,160.0900,174.6600,174.5500,7.9900,-1.0200,False,-2.4500,BAJISTA,-6.9400,185.7700,250.0300,133.0100,-30.8600,29.9700,1.0460,True,147.6600,2,175.8600,False,-14.5900,HAMMER|DOJI,6.0000,6.5000,5.0000,7.5000,5,5.0000,7.0000,False,5.5100,8.2600,1.5000,18.0271,14.9346,6.9382,2.6743,12.6200,0.4092,0.0930,0.1504,0.3178,0.0750,0.0840,123.9390,1.2360,1194499968.0000,1124300032.0000,1.0624,19995006976,0.9100,2.8500,2.5200,115658297,5.7300,3.3300,6.5200,7.6200,0.0597,D/E:124,1,5.8400,False,3-7d,XLI,,CAT|UNP|HON,pmi_manufacturing|supply_chain|capex_cycle,57,2026-11-03,False,2026-08-04,3.8200,3.7600,1.7000,ALCISTA FUERTE,10,770.1900,8.5000,47.5000,14.5300,"Filtros estándar (Score ≥6.5, DD ≥10%)"
CTSH,Cognizant,Information Technology,IT Consulting & Other Services,2006-11-17,62.3100,2026-09-07,70.0600,71.4400,DOWN,-0.3059,-0.0018,False,0.6107,2.0850,0.8900,3.3460,52.2500,62.0200,60.7400,19.2500,0.4700,False,-1.3926,ALCISTA,-4.7500,65.4200,85.4800,36.8600,-27.1100,69.0300,0.6830,True,57.3500,3,61.0900,False,-7.9600,HAMMER|DOJI|HAMMER|DOJI,6.4500,8.0000,5.0000,7.5000,6,5.0000,7.0000,False,6.6900,10.0400,1.5000,13.3712,9.8589,1.9474,1.3618,7.2130,0.1492,0.1074,0.1026,0.3344,0.0450,0.0380,14.4790,2.1820,2215500032.0000,2220000000.0000,0.9980,29472630784,0.8300,3.6900,2.1200,473000000,5.4100,0.1600,6.7300,10.0000,0.0752,OK,0,5.8300,False,10-18d,XLK,,AAPL|MSFT|NVDA,interest_rates|ai_capex_cycle|semiconductor_cycle,51,2026-10-28,False,2026-07-29,1.3700,1.3800,-66.0000,ALCISTA FUERTE,10,770.1900,8.5000,47.5000,14.5300,"Filtros estándar (Score ≥6.5, DD ≥10%)"
DECK,Deckers Brands,Consumer Discretionary,Footwear,2024-03-18,85.8100,2026-09-07,40.7600,33.1700,UP,-0.1370,-0.2811,True,0.2400,2.4857,0.6900,2.8970,97.1900,102.5500,89.5900,-11.7100,-16.3200,False,0.3692,BAJISTA,-26.3400,116.5000,124.8800,78.9100,-31.2900,8.7400,1.0100,False,,0,105.3400,False,,NONE,5.8800,5.5000,7.0000,5.0000,4,8.5000,5.0000,False,5.7900,8.6900,1.5000,12.2063,10.2606,5.0974,2.1142,7.9700,0.4256,0.2032,0.1836,0.5780,0.0570,0.0110,20.5210,2.7470,871420352.0000,1014840000.0000,0.8587,11685765120,1.1500,3.3200,,136181857,5.7900,2.1300,7.6900,7.8300,0.0746,OK,0,5.8300,False,3-7d,XLY,,AMZN|TSLA|HD,consumer_spending|employment_data|interest_rates,45,2026-10-22,False,2026-07-23,0.9400,0.8700,7.6000,ALCISTA FUERTE,10,770.1900,8.5000,47.5000,14.5300,"Filtros estándar (Score ≥6.5, DD ≥10%)"
HUBB,Hubbell Incorporated,Industrials,Industrial Machinery & Supplies & Components,2023-10-18,460.7200,2026-09-07,27.6200,27.4600,UP,-1.8887,-4.4661,True,0.3245,12.1170,0.7380,2.6300,483.7200,482.6500,469.8700,-4.7500,-4.5400,True,0.6708,BAJISTA,-15.5600,545.6300,562.0600,398.9500,-18.0300,15.4800,1.1920,True,466.7000,4,498.3500,True,1.3000,DOJI,7.8500,7.0000,9.5000,7.5000,10,7.0000,5.0000,True,5.2600,7.8900,1.5000,27.2454,20.1072,6.2223,3.9118,19.4750,0.2444,0.0843,0.1449,0.3534,0.1530,-0.0090,141.6420,1.6090,495812512.0000,900600000.0000,0.5505,24345262080,0.8890,4.6200,1.2300,52841777,4.4900,4.4400,4.7600,4.2500,0.0204,FCF/NI:0.55|D/E:142,2,5.8300,False,5-10d,XLI,,CAT|UNP|HON,pmi_manufacturing|supply_chain|capex_cycle,50,2026-10-27,False,2026-07-28,5.5200,5.3900,2.4000,ALCISTA FUERTE,10,770.1900,8.5000,47.5000,14.5300,"Filtros estándar (Score ≥6.5, DD ≥10%)"
FOXA,Fox Corporation (Class A),Communication Services,Broadcasting,2019-03-19,65.4200,2026-09-07,38.2200,65.3900,DOWN,-0.5738,-0.4221,False,0.3298,1.7502,0.8130,2.6750,60.4600,63.0400,65.9900,8.2000,3.7700,False,0.6645,ALCISTA,-7.3900,70.6400,75.6800,48.1300,-13.5600,35.9300,0.9420,True,62.8000,1,64.3700,False,-4.0000,NONE,6.3500,8.5000,6.5000,7.5000,4,5.0000,5.0000,False,5.3500,8.0300,1.5000,17.0365,11.2456,2.3606,1.6060,7.9860,0.1429,0.0950,0.0984,0.3663,0.2810,0.0310,64.0600,3.1690,555374976.0000,1684999936.0000,0.3296,27505018880,0.5590,9.6900,0.8900,200188712,5.4800,6.7100,5.1300,4.4500,0.0202,FCF/NI:0.33,1,5.8300,False,10-18d,XLC,,GOOGL|META|NFLX,ad_spending_cycle|streaming_competition|regulation,52,2026-10-29,False,2026-08-06,1.7900,1.3800,29.3000,ALCISTA FUERTE,10,770.1900,8.5000,47.5000,14.5300,"Filtros estándar (Score ≥6.5, DD ≥10%)"
QCOM,Qualcomm,Information Technology,Semiconductors,1999-07-22,168.7400,2026-09-07,63.3100,54.7700,UP,1.6746,1.6747,False,0.8886,5.0985,0.4970,3.0220,168.4300,166.1200,164.8700,0.1800,1.5800,True,-0.4841,ALCISTA,-27.3200,232.1800,257.5600,120.8800,-34.4900,39.5900,0.9380,True,171.1900,1,167.9600,True,1.4500,HAMMER|DOJI,7.4000,9.5000,6.0000,7.5000,7,7.0000,7.0000,False,6.0400,9.0600,1.5000,19.2626,16.5139,6.4486,4.0896,15.3500,0.3375,0.1161,0.2101,0.5423,-0.0400,-0.2300,55.2100,2.0160,10241000448.0000,9260000256.0000,1.1059,180224524288,1.6790,2.7900,2.1800,1068060487,4.7900,0.0000,6.6200,8.2300,0.0568,OK,0,5.8300,False,10-18d,XLK,,AAPL|MSFT|NVDA,interest_rates|ai_capex_cycle|semiconductor_cycle,52,2026-10-29,False,2026-07-29,2.2100,2.2200,-49.0000,ALCISTA FUERTE,10,770.1900,8.5000,47.5000,14.5300,"Filtros estándar (Score ≥6.5, DD ≥10%)"
V,Visa Inc.,Financials,Transaction & Payment Processing Services,2009-12-21,375.0700,2026-09-07,66.1000,70.9800,DOWN,-0.5031,0.1345,False,0.5954,6.2857,0.8360,1.6760,362.7800,332.9300,373.0000,3.3900,12.6600,True,1.0361,ALCISTA,-2.7200,385.5700,385.5700,292.7400,-2.7200,28.1200,0.7020,True,358.1300,2,373.2800,False,-4.5200,HAMMER|DOJI,6.5500,10.0000,5.0000,7.5000,4,5.0000,7.0000,False,3.3500,5.0300,1.5000,31.9480,24.9975,19.8765,15.7407,22.5110,0.6119,0.1911,0.5078,0.9772,0.1440,0.1020,67.8210,0.9850,20404000768.0000,22397999104.0000,0.9110,700273459200,0.7610,3.2300,0.7100,1704112694,5.3400,4.6000,7.3200,3.9100,0.0291,OK,0,5.8200,False,10-18d,XLF,,JPM|BAC|WFC,interest_rates|yield_curve|credit_spreads|loan_growth,50,2026-10-27,False,2026-07-28,3.3200,3.2300,2.8000,ALCISTA FUERTE,10,770.1900,8.5000,47.5000,14.5300,"Filtros estándar (Score ≥6.5, DD ≥10%)"
IT,Gartner,Information Technology,IT Consulting & Other Services,2017-04-05,186.4200,2026-09-07,55.3000,54.3100,UP,-2.2171,-1.1355,False,0.3515,8.0557,0.9660,4.3210,163.9100,177.5900,187.2600,13.7300,4.9700,False,-2.7373,ALCISTA,-8.1800,203.0300,265.8500,124.2500,-29.8800,50.0400,0.6800,True,172.6500,1,194.5300,False,-7.3900,NONE,6.1500,8.0000,6.0000,7.5000,4,5.0000,5.0000,False,8.6400,12.9600,1.5000,16.7493,11.3957,-71.7552,1.8213,9.8370,1.1358,0.1017,0.1200,0.6963,-0.0060,0.3310,,0.8800,1052553024.0000,775350976.0000,1.3575,11772231680,0.9530,4.8300,,63148976,5.6000,1.8200,7.4000,7.9000,0.0894,OK,0,5.8200,False,10-18d,XLK,,AAPL|MSFT|NVDA,interest_rates|ai_capex_cycle|semiconductor_cycle,57,2026-11-03,False,2026-08-04,4.3700,3.7300,17.1000,ALCISTA FUERTE,10,770.1900,8.5000,47.5000,14.5300,"Filtros estándar (Score ≥6.5, DD ≥10%)"
WEC,WEC Energy Group,Utilities,Electric Utilities,2008-10-31,105.9400,2026-09-07,31.8100,53.2600,DOWN,-0.0019,-0.0701,True,0.2898,1.6350,0.7900,1.5430,110.6000,110.0100,107.4400,-4.2100,-3.7000,True,-0.1976,BAJISTA,-10.8800,118.8700,118.8700,100.3500,-10.8800,5.5700,0.6760,True,104.5700,1,117.8800,True,-1.2900,HAMMER,7.4700,6.5000,7.5000,7.5000,8,8.5000,7.0000,True,3.0900,4.6300,1.5000,20.5709,17.6599,2.5327,3.4053,14.6100,0.1199,0.0303,0.1669,0.4191,0.0260,0.1970,157.9850,0.5340,-2353637376.0000,1691500032.0000,-1.3914,34520481792,0.4570,8.1000,3.6000,325849383,4.7100,6.2700,4.6600,2.9300,-0.0682,FCF/NI:-1.39|D/E:158,2,5.8100,False,3-7d,XLU,,NEE|DUK|SO,interest_rates|regulatory_environment,52,2026-10-29,False,2026-07-29,0.9100,0.8100,12.3000,ALCISTA FUERTE,10,770.1900,8.5000,47.5000,14.5300,"Filtros estándar (Score ≥6.5, DD ≥10%)"
FICO,Fair Isaac,Information Technology,Application Software,2023-03-20,932.2600,2026-09-07,35.5700,65.8300,DOWN,-10.1212,5.8275,False,-0.2320,56.0143,0.9910,6.0080,1167.5800,1304.5800,1110.6500,-20.1500,-28.5400,False,-4.1696,BAJISTA,-33.8900,1410.1700,1998.0100,870.0100,-53.3400,7.1600,4.5650,False,909.0000,1,1118.8000,True,-2.5000,HAMMER|DOJI|HAMMER|DOJI,6.2500,5.0000,6.5000,5.0000,7,8.0000,7.0000,False,12.0200,18.0300,1.5000,27.0299,17.5706,-4.9142,8.4119,20.1720,,0.3998,0.3405,0.8510,0.2570,0.4120,,1.1830,774413504.0000,815017024.0000,0.9502,20134612992,1.3180,4.9100,,21597635,5.5100,5.6300,5.7400,5.1100,0.0385,OK,0,5.8100,False,3-7d,XLK,,AAPL|MSFT|NVDA,interest_rates|ai_capex_cycle|semiconductor_cycle,58,2026-11-04,False,2026-07-29,12.1800,11.7800,3.4000,ALCISTA FUERTE,10,770.1900,8.5000,47.5000,14.5300,"Filtros estándar (Score ≥6.5, DD ≥10%)"
MTB,M&T Bank,Financials,Regional Banks,2004-02-23,239.8400,2026-09-07,34.5000,26.7000,UP,-0.5445,-1.8913,True,0.4096,4.4297,0.9940,1.8470,243.4100,217.8400,240.4200,-1.4700,10.1000,True,3.0117,NEUTRO,-5.6900,254.3100,254.3100,169.8900,-5.6900,41.1700,0.7570,True,231.1400,2,242.9300,True,-3.6300,NONE,7.2000,8.5000,8.5000,7.5000,7,5.0000,5.0000,False,3.6900,5.5400,1.5000,12.6899,11.3842,1.3625,3.6780,,0.1074,0.0141,0.3209,0.0000,0.0620,0.2550,,,,2873999872.0000,,34760728576,0.5630,5.1300,2.5000,144933000,4.8800,4.6400,4.4700,5.6400,,OK,0,5.8100,False,7-15d,XLF,,JPM|BAC|WFC,interest_rates|yield_curve|credit_spreads|loan_growth,39,2026-10-16,False,2026-07-15,5.3200,4.6600,14.1000,ALCISTA FUERTE,10,770.1900,8.5000,47.5000,14.5300,"Filtros estándar (Score ≥6.5, DD ≥10%)"
PPG,PPG Industries,Materials,Specialty Chemicals,1957-03-04,112.5300,2026-09-07,47.1900,44.4500,UP,-0.1757,-0.2750,True,0.3706,2.5929,0.7860,2.3040,115.3500,110.1500,113.1300,-2.4500,2.1600,True,1.5533,NEUTRO,-9.9200,124.9200,130.9900,91.3500,-14.0900,23.1900,0.9400,True,112.0200,3,116.5500,True,-0.4500,NONE,7.5000,8.5000,7.0000,7.5000,9,7.0000,5.0000,False,4.6100,6.9100,1.5000,16.1449,12.9750,2.9629,1.5234,11.4990,0.1930,0.0605,0.0957,0.4120,0.0720,-0.0150,86.9380,1.5800,1104625024.0000,1567000064.0000,0.7049,25015418880,1.0630,2.9100,2.6300,222300000,4.6800,1.7300,5.4700,7.2100,0.0442,FCF/NI:0.70|D/E:87,2,5.8100,False,7-15d,XLB,,LIN|APD|ECL,commodity_prices|dxy|china_demand|energy_costs,50,2026-10-27,False,2026-07-28,2.2300,2.2500,-1.0000,ALCISTA FUERTE,10,770.1900,8.5000,47.5000,14.5300,"Filtros estándar (Score ≥6.5, DD ≥10%)"
KR,Kroger,Consumer Staples,Food Retail,1957-03-04,58.5900,2026-09-07,66.9400,59.4900,UP,0.1971,0.1758,True,0.8032,1.3243,0.8100,2.2600,57.4300,63.3400,57.6900,2.0200,-7.5000,False,-1.1015,BAJISTA,-9.3000,64.6000,75.6600,53.7800,-22.5600,8.9400,0.6780,True,54.8600,6,59.2000,False,-6.3600,HAMMER|HAMMER,6.7000,6.5000,7.0000,7.5000,7,5.0000,7.0000,False,4.5200,6.7800,1.5000,34.2632,10.5865,6.3327,0.2415,8.4220,0.1378,0.0577,0.0071,0.2398,0.0220,0.1320,373.4490,0.7910,2994500096.0000,1046000000.0000,2.8628,35895005184,0.4060,4.3200,2.4600,612647282,5.2100,4.7300,4.6200,6.4500,0.0834,D/E:373,1,5.8100,False,3-7d,XLP,,PG|KO|PEP,inflation|input_costs|fx_rates,4,2026-09-11,True,2026-06-18,1.5800,1.5900,-83.0000,ALCISTA FUERTE,10,770.1900,8.5000,47.5000,14.5300,"Filtros estándar (Score ≥6.5, DD ≥10%)"
PPL,PPL Corporation,Utilities,Electric Utilities,2001-10-01,35.1100,2026-09-07,39.9500,40.6600,DOWN,0.0277,-0.0927,True,0.5242,0.6050,0.8680,1.7230,35.5500,35.9600,34.9800,-1.2300,-2.3700,False,-0.2590,BAJISTA,-6.0200,37.3600,39.7900,32.6600,-11.7600,7.5000,1.2740,True,35.2300,3,36.8600,True,0.3400,HAMMER,6.9500,5.0000,7.5000,7.5000,10,5.0000,7.0000,False,3.4500,5.1700,1.5000,20.7751,16.5846,1.7558,2.8114,12.3610,0.0863,0.0320,0.1347,0.4409,0.0420,0.2120,135.4340,0.9050,-1938375040.0000,1264000000.0000,-1.5335,26421850112,0.5830,4.7300,3.2500,752544841,5.0300,7.3600,4.3600,3.1000,-0.0734,FCF/NI:-1.53,1,5.8000,False,3-7d,XLU,,NEE|DUK|SO,interest_rates|regulatory_environment,58,2026-11-04,False,2026-08-07,0.3300,0.3400,-4.0000,ALCISTA FUERTE,10,770.1900,8.5000,47.5000,14.5300,"Filtros estándar (Score ≥6.5, DD ≥10%)"
SJM,J.M. Smucker Company (The),Consumer Staples,Packaged Foods & Meats,2008-11-06,126.0800,2026-09-07,68.6100,81.0100,DOWN,-0.0850,0.8492,False,0.5624,3.6743,1.0950,2.9140,118.7500,104.9600,125.6900,6.1800,20.1300,True,2.2783,ALCISTA,-7.2200,135.8900,135.8900,86.4700,-7.2200,45.8100,0.8370,True,115.5300,4,126.4600,False,-8.3600,NONE,6.6500,10.0000,5.0000,7.5000,6,5.0000,5.0000,False,5.8300,8.7400,1.5000,58.9159,11.5845,2.4258,1.4708,8.9960,0.0393,0.0626,0.0251,0.3795,0.0500,,120.6820,0.8700,1464337536.0000,229500000.0000,6.3806,13468267520,0.2630,3.2100,3.5500,106823183,5.2300,5.0300,4.2600,6.5800,0.1087,D/E:121,1,5.8000,False,10-18d,XLP,,PG|KO|PEP,inflation|input_costs|fx_rates,78,2026-11-24,False,2026-08-26,3.2400,2.2200,46.2000,ALCISTA FUERTE,10,770.1900,8.5000,47.5000,14.5300,"Filtros estándar (Score ≥6.5, DD ≥10%)"
AAPL,Apple Inc.,Information Technology,"Technology Hardware, Storage & Peripherals",1982-11-30,319.9700,2026-09-07,63.6300,64.3100,DOWN,1.5496,1.5055,True,0.7290,7.4314,0.9090,2.3230,314.9900,283.4400,316.8700,1.5800,12.8900,True,1.6308,ALCISTA,-7.0600,344.2700,344.2700,225.1200,-7.0600,42.1300,0.9970,True,300.8200,3,318.8300,False,-5.9800,BULL_ENGULF,7.1000,10.0000,6.0000,7.5000,6,5.0000,7.5000,False,4.6500,6.9700,1.5000,36.6098,33.4195,43.4742,10.0031,27.9330,1.4875,0.2708,0.2762,0.4865,0.1640,0.2870,78.4450,1.0030,107721875456.0000,128929996800.0000,0.8355,4669700046848,1.0850,2.1900,0.3400,14594180000,4.9100,3.4000,7.1600,4.0600,0.0231,OK,0,5.7900,False,10-18d,XLK,,MSFT|NVDA|AVGO,interest_rates|ai_capex_cycle|semiconductor_cycle,52,2026-10-29,False,2026-07-30,2.0200,1.8900,6.7000,ALCISTA FUERTE,10,770.1900,8.5000,47.5000,14.5300,"Filtros estándar (Score ≥6.5, DD ≥10%)"
HBAN,Huntington Bancshares,Financials,Regional Banks,1997-08-28,17.0300,2026-09-07,32.0300,32.2900,DOWN,-0.0165,-0.0974,True,0.3891,0.3529,0.9170,2.0720,17.5100,16.7900,17.1100,-2.7700,1.4000,True,1.2359,NEUTRO,-8.3400,18.5800,19.0900,14.6400,-10.8000,16.3600,0.6560,True,16.8100,1,17.2500,True,-1.2900,NONE,7.0000,8.5000,7.5000,7.5000,7,5.0000,5.0000,False,4.1400,6.2200,1.5000,13.1000,9.0729,1.1569,3.7493,,0.0900,0.0098,0.2613,0.0000,0.4760,-0.0290,,,,2246000128.0000,,34407665664,0.9410,1.9200,3.6400,2020414826,4.9800,5.0000,4.3000,5.7400,,OK,0,5.7900,False,7-15d,XLF,,JPM|BAC|WFC,interest_rates|yield_curve|credit_spreads|loan_growth,45,2026-10-22,False,2026-07-23,0.3900,0.3900,89.0000,ALCISTA FUERTE,10,770.1900,8.5000,47.5000,14.5300,"Filtros estándar (Score ≥6.5, DD ≥10%)"
APA,APA Corporation,Energy,Oil & Gas Exploration & Production,1997-07-28,42.7700,2026-09-07,55.2000,57.5800,DOWN,-0.0881,0.0056,False,0.5718,1.5007,1.1060,3.5090,37.7500,33.2300,41.9000,13.2900,28.7000,True,6.2294,ALCISTA,-5.2300,45.1300,45.1300,20.8400,-5.2300,105.2000,0.8060,True,40.4600,1,45.0400,False,-5.4000,NONE,6.3500,10.0000,5.0000,7.5000,4,5.0000,5.0000,False,7.0200,10.5300,1.5000,9.0232,10.0369,2.1362,1.7481,3.3820,0.2666,0.1160,0.1956,0.7825,0.0920,0.2630,48.8540,0.9460,2146749952.0000,1676999936.0000,1.2801,14984535040,0.3660,4.7200,2.3400,350351510,5.4000,1.5700,6.7800,8.2500,0.1433,OK,0,5.7800,False,10-18d,XLE,,XOM|CVX|COP,oil_price|gas_price|opec_supply|inventories,58,2026-11-04,False,2026-08-05,1.8900,1.8700,1.0000,ALCISTA FUERTE,10,770.1900,8.5000,47.5000,14.5300,"Filtros estándar (Score ≥6.5, DD ≥10%)"
NWS,News Corp (Class B),Communication Services,Publishing,2015-09-18,33.9000,2026-09-07,62.1000,77.5200,DOWN,-0.1290,-0.0208,False,0.4836,0.7779,0.8680,2.2950,32.2500,29.8200,33.9400,5.1100,13.7000,True,1.3909,ALCISTA,-5.2000,35.7600,35.7600,25.4000,-5.2000,33.4800,1.3850,True,29.3800,5,35.5400,False,-13.3200,HAMMER|DOJI|HAMMER,6.8500,10.0000,5.0000,7.5000,6,5.0000,7.0000,False,4.5900,6.8800,1.5000,32.9126,22.4248,2.1607,2.0153,14.8470,0.0798,0.0466,0.0635,0.5717,0.1080,-0.7490,31.5610,1.6230,1045124992.0000,573000000.0000,1.8240,18194145280,0.9230,5.2700,0.5900,177588467,5.0700,2.7100,6.1300,6.5800,0.0574,OK,0,5.7800,False,10-18d,XLC,,GOOGL|META|NFLX,ad_spending_cycle|streaming_competition|regulation,59,2026-11-05,False,2026-08-05,0.3500,0.2300,51.2000,ALCISTA FUERTE,10,770.1900,8.5000,47.5000,14.5300,"Filtros estándar (Score ≥6.5, DD ≥10%)"
ADBE,Adobe Inc.,Information Technology,Application Software,1997-05-05,266.5100,2026-09-07,57.5100,60.7900,DOWN,-1.5932,0.9625,False,0.3250,10.4800,0.9830,3.9320,248.8500,267.9300,273.0300,7.1000,-0.5300,False,-2.4105,BAJISTA,-9.5100,294.5300,370.8600,190.1200,-28.1400,40.1800,1.5370,True,251.2000,1,265.6800,False,-5.7400,HAMMER|DOJI,6.0000,6.5000,5.0000,7.5000,5,5.0000,7.0000,False,7.8600,11.8000,1.5000,15.2466,9.6919,9.2323,4.2042,11.0380,0.6295,0.1993,0.2869,0.8940,0.1270,0.0790,61.4430,0.7510,9218374656.0000,7229000192.0000,1.2752,105937731584,1.4170,3.4100,,397500000,5.6100,1.4000,7.2100,8.6500,0.0870,OK,0,5.7700,False,3-7d,XLK,,AAPL|MSFT|NVDA,interest_rates|ai_capex_cycle|semiconductor_cycle,3,2026-09-10,True,2026-06-11,5.9600,5.8100,2.5000,ALCISTA FUERTE,10,770.1900,8.5000,47.5000,14.5300,"Filtros estándar (Score ≥6.5, DD ≥10%)"
LDOS,Leidos,Industrials,Diversified Support Services,2019-08-09,133.0500,2026-09-07,35.1500,52.6600,DOWN,-1.9221,-1.1413,False,0.0649,4.1436,0.9930,3.1140,122.9800,152.5100,135.4600,8.1900,-12.7600,False,-3.2533,BAJISTA,-9.6900,147.3300,204.0800,98.8600,-34.8000,34.5800,0.8650,True,120.9400,2,134.0000,False,-9.1000,NONE,6.4000,6.5000,6.5000,7.5000,4,8.0000,5.0000,False,6.2300,9.3400,1.5000,12.4230,10.4086,3.1599,0.9491,9.4790,0.2778,0.0891,0.0780,0.1779,0.0720,-0.0670,123.2760,1.6290,1146625024.0000,1376000000.0000,0.8333,16735756288,0.5720,2.5900,1.2900,125785466,5.3500,1.8200,5.7900,8.9500,0.0685,D/E:123,1,5.7700,False,3-7d,XLI,,CAT|UNP|HON,pmi_manufacturing|supply_chain|capex_cycle,57,2026-11-03,False,2026-08-04,3.2600,2.9100,12.1000,ALCISTA FUERTE,10,770.1900,8.5000,47.5000,14.5300,"Filtros estándar (Score ≥6.5, DD ≥10%)"
TMO,Thermo Fisher Scientific,Health Care,Life Sciences Tools & Services,2004-08-03,613.7800,2026-09-07,63.3100,62.9600,UP,-3.8006,-3.1818,False,0.5299,17.1393,1.0970,2.7920,570.7300,535.4400,607.3600,7.5400,14.6300,True,0.8322,ALCISTA,-5.1300,647.0000,647.0000,434.8300,-5.1300,41.1500,0.7670,True,584.2800,2,647.0000,False,-4.8100,HAMMER,6.7500,10.0000,6.0000,7.5000,4,5.0000,7.0000,False,5.5800,8.3800,1.5000,32.9989,22.2965,4.3080,4.8978,22.6220,0.1351,0.0513,0.1504,0.4099,0.1050,0.0940,80.5750,1.5510,6237250048.0000,6967000064.0000,0.8953,226943500288,0.8540,2.1800,0.3100,369747286,5.1200,4.9900,5.7200,4.5600,0.0275,D/E:81,1,5.7700,False,10-18d,XLV,,UNH|JNJ|LLY,fda_calendar|drug_pricing_policy|patent_cliffs,44,2026-10-21,False,2026-07-23,6.0300,5.7100,5.6000,ALCISTA FUERTE,10,770.1900,8.5000,47.5000,14.5300,"Filtros estándar (Score ≥6.5, DD ≥10%)"
WRB,W. R. Berkley Corporation,Financials,Property & Casualty Insurance,2019-12-05,69.1400,2026-09-07,46.2400,34.2600,UP,0.0395,-0.2298,True,0.4764,1.1621,0.7600,1.6810,71.0800,68.6700,69.3600,-2.7300,0.6800,True,-0.5028,NEUTRO,-10.7300,77.4500,77.4500,62.3100,-10.7300,10.9600,1.1130,True,64.4900,2,68.3200,False,-6.7200,HAMMER|DOJI,6.8500,8.0000,7.0000,7.5000,4,7.0000,7.0000,False,3.3600,5.0400,1.5000,14.2263,14.2824,2.7691,1.7230,10.1070,0.2021,0.0356,0.1294,0.4379,0.0120,0.1500,31.5270,0.4060,3045504768.0000,1928020992.0000,1.5796,25666670592,0.2830,0.0200,0.5800,371227529,5.0300,1.8000,6.5200,7.0700,0.1187,OK,0,5.7600,False,7-15d,XLF,,JPM|BAC|WFC,interest_rates|yield_curve|credit_spreads|loan_growth,42,2026-10-19,False,2026-07-20,1.2700,1.0800,17.3000,ALCISTA FUERTE,10,770.1900,8.5000,47.5000,14.5300,"Filtros estándar (Score ≥6.5, DD ≥10%)"
ALGN,Align Technology,Health Care,Health Care Supplies,2017-06-19,158.6400,2026-09-07,31.5700,28.2200,UP,-0.1841,-1.0035,True,0.3105,5.4071,0.7690,3.4080,171.3900,170.5500,163.0600,-7.4400,-6.9800,True,1.6624,BAJISTA,-16.9300,190.9700,200.4400,122.0000,-20.8500,30.0300,1.2320,True,151.5800,1,177.6600,False,-4.4500,HAMMER|DOJI|HAMMER,7.1000,7.0000,8.5000,7.5000,5,7.0000,7.0000,True,6.8200,10.2300,1.5000,27.5408,12.6417,2.6703,2.7224,11.3040,0.1016,0.0740,0.0999,0.7036,0.0430,-0.1210,2.8550,1.3950,584361344.0000,413577984.0000,1.4129,11269406720,1.6430,3.7500,,71039852,4.8500,1.2700,6.6400,6.9500,0.0519,OK,0,5.7500,False,3-7d,XLV,,UNH|JNJ|LLY,fda_calendar|drug_pricing_policy|patent_cliffs,51,2026-10-28,False,2026-07-29,2.6400,2.6000,1.7000,ALCISTA FUERTE,10,770.1900,8.5000,47.5000,14.5300,"Filtros estándar (Score ≥6.5, DD ≥10%)"
PTC,PTC Inc.,Information Technology,Application Software,2021-04-20,141.0200,2026-09-07,43.7800,57.9200,DOWN,-1.9085,-0.4815,False,-0.1272,4.8921,0.9350,3.4690,136.5100,148.7200,148.7000,3.3100,-5.1800,False,-2.5519,BAJISTA,-11.5600,159.4600,215.4900,108.5000,-34.5600,29.9700,1.8490,True,137.7300,2,144.5800,True,-2.3400,NONE,6.7000,6.5000,5.0000,7.5000,8,8.0000,5.0000,False,6.9400,10.4100,1.5000,13.6780,15.8285,4.4998,5.1800,12.9770,0.3505,0.1154,0.4143,0.8450,-0.0680,-0.1200,46.3350,1.0250,1031425152.0000,1223814016.0000,0.8428,15301554176,1.0020,3.7300,,108506261,5.1100,0.0000,6.5400,9.4100,0.0674,OK,0,5.7500,False,3-7d,XLK,,AAPL|MSFT|NVDA,interest_rates|ai_capex_cycle|semiconductor_cycle,65,2026-11-11,False,2026-07-29,1.5800,1.5600,98.0000,ALCISTA FUERTE,10,770.1900,8.5000,47.5000,14.5300,"Filtros estándar (Score ≥6.5, DD ≥10%)"
NCLH,Norwegian Cruise Line Holdings,Consumer Discretionary,"Hotels, Resorts & Cruise Lines",2017-10-13,15.5700,2026-09-07,17.2900,30.8500,DOWN,-0.1564,-0.2062,True,0.1651,0.5771,0.6710,3.7070,18.7600,19.8500,17.0300,-17.0000,-21.5500,False,-1.7395,BAJISTA,-29.0700,21.9500,27.1800,14.5300,-42.7200,7.1600,0.8510,True,14.5300,1,20.2600,False,-6.6800,HAMMER|HAMMER,6.7700,5.0000,8.5000,7.5000,4,8.5000,7.0000,True,7.4100,11.1200,1.5000,9.4364,9.2010,2.7789,0.7041,8.8310,0.3673,0.0425,0.0749,0.4246,0.0490,6.1630,621.0510,0.2000,-1680301312.0000,760768000.0000,-2.2087,7149554688,1.8810,5.1300,,459187846,5.0700,6.7600,3.5800,4.8200,-0.2350,FCF/NI:-2.21|D/E:621,2,5.7500,False,3-7d,XLY,,AMZN|TSLA|HD,consumer_spending|employment_data|interest_rates,58,2026-11-04,False,2026-07-30,0.4800,0.3900,22.8000,ALCISTA FUERTE,10,770.1900,8.5000,47.5000,14.5300,"Filtros estándar (Score ≥6.5, DD ≥10%)"
COR,Cencora,Health Care,Health Care Distributors,2001-08-30,330.9500,2026-09-07,68.6400,48.2400,UP,0.7479,0.1932,True,0.7472,6.6979,0.8580,2.0240,311.7000,320.7000,323.5900,6.1800,3.1900,False,-0.6882,ALCISTA,-2.2900,338.7100,375.3300,243.7800,-11.8200,35.7600,0.8320,True,310.8700,4,325.5700,False,-6.0700,HAMMER,6.8500,8.0000,7.0000,7.5000,6,5.0000,7.0000,False,4.0500,6.0700,1.5000,24.5694,16.7326,20.6999,0.1898,13.5200,0.9687,0.0356,0.0079,0.0396,0.0510,0.1190,446.5160,0.9350,2043314048.0000,2624793088.0000,0.7785,63154253824,0.5740,3.0300,0.7300,190827165,5.0100,3.2200,6.7900,5.0400,0.0324,D/E:447,1,5.7500,False,10-18d,XLV,,UNH|JNJ|LLY,fda_calendar|drug_pricing_policy|patent_cliffs,58,2026-11-04,False,2026-08-05,4.4800,4.3500,3.0000,ALCISTA FUERTE,10,770.1900,8.5000,47.5000,14.5300,"Filtros estándar (Score ≥6.5, DD ≥10%)"
META,Meta Platforms,Communication Services,Interactive Media & Services,2013-12-23,616.7700,2026-09-07,69.8800,43.8200,UP,6.8669,2.6798,True,0.9703,18.6979,0.8250,3.0320,595.4900,621.6100,583.5800,3.5700,-0.7800,False,-1.4009,BAJISTA,-10.1000,686.0800,788.2200,519.7800,-21.7500,18.6600,0.9960,True,593.1600,2,609.1200,True,-3.8300,NONE,6.6500,6.5000,7.0000,7.5000,8,5.0000,5.0000,False,6.0600,9.0900,1.5000,23.2568,17.6423,6.0161,6.8839,14.5300,0.2985,0.1459,0.2983,0.8175,0.2800,-0.1340,42.9970,2.2260,21553625088.0000,68097998848.0000,0.3165,1571225468928,1.2430,1.7300,0.3400,2205128509,5.1500,5.0000,6.9200,3.2500,0.0137,FCF/NI:0.32,1,5.7500,False,3-7d,XLC,,GOOGL|NFLX|DIS,ad_spending_cycle|streaming_competition|regulation,51,2026-10-28,False,2026-07-29,6.1800,7.2200,-14.4000,ALCISTA FUERTE,10,770.1900,8.5000,47.5000,14.5300,"Filtros estándar (Score ≥6.5, DD ≥10%)"
VLTO,Veralto,Industrials,Environmental & Facilities Services,2023-10-02,96.3100,2026-09-07,48.1300,56.0800,DOWN,-0.4640,-0.3440,False,0.1313,1.9751,0.8460,2.0510,95.1500,93.2400,97.4500,1.2200,3.2900,True,-0.2129,ALCISTA,-5.8100,102.2500,109.2800,79.9100,-11.8700,20.5200,0.9180,False,96.2200,2,98.9800,True,-0.1000,NONE,6.6500,9.5000,5.0000,5.0000,7,8.0000,5.0000,False,4.1000,6.1500,1.5000,24.2594,20.1909,7.5942,4.1221,17.9530,0.3431,0.1031,0.1735,0.6018,0.0750,0.1010,115.9780,1.7750,807124992.0000,988000000.0000,0.8169,23479736320,0.7590,3.8600,0.5400,243793344,5.1300,3.7100,6.2800,5.4500,0.0344,D/E:116,1,5.7400,False,10-18d,XLI,,CAT|UNP|HON,pmi_manufacturing|supply_chain|capex_cycle,44,2026-10-21,False,2026-07-28,1.1100,1.0100,10.3000,ALCISTA FUERTE,10,770.1900,8.5000,47.5000,14.5300,"Filtros estándar (Score ≥6.5, DD ≥10%)"
UNP,Union Pacific Corporation,Industrials,Rail Transportation,1957-03-04,289.6200,2026-09-07,36.9300,73.2200,DOWN,-2.3485,-1.1069,False,0.2004,6.0628,0.9650,2.0930,292.3600,257.7800,296.7900,-0.9400,12.3500,True,3.2933,NEUTRO,-7.9200,314.5300,314.5300,206.4900,-7.9200,40.2600,0.5450,True,283.4700,1,313.6100,True,-2.1200,NONE,7.0200,8.5000,6.5000,7.5000,7,6.5000,5.0000,False,4.1900,6.2800,1.5000,23.4700,20.4607,8.8547,6.7712,15.6090,0.3970,0.0927,0.2885,0.5628,0.1150,0.0660,150.7720,0.9860,4720750080.0000,7329999872.0000,0.6440,172056150016,0.9660,8.4600,1.9600,594075498,4.8800,4.2100,5.5400,4.8900,0.0274,FCF/NI:0.64|D/E:151,2,5.7400,False,7-15d,XLI,,CAT|HON|RTX,pmi_manufacturing|supply_chain|capex_cycle,45,2026-10-22,False,2026-07-23,3.4100,3.2400,5.2000,ALCISTA FUERTE,10,770.1900,8.5000,47.5000,14.5300,"Filtros estándar (Score ≥6.5, DD ≥10%)"
FITB,Fifth Third Bancorp,Financials,Regional Banks,1996-03-29,54.8700,2026-09-07,32.6600,27.7100,UP,-0.0941,-0.3650,True,0.3757,1.0657,0.8740,1.9420,56.5900,50.3900,55.2900,-3.0300,8.8900,True,2.9418,NEUTRO,-7.7800,59.5000,59.5000,39.0800,-7.7800,40.4000,0.6480,True,54.0400,1,55.4000,True,-1.5100,NONE,7.2000,8.5000,8.5000,7.5000,7,5.0000,5.0000,False,3.8800,5.8300,1.5000,18.4747,11.1086,1.5400,4.9276,,0.0844,0.0092,0.2324,0.0000,0.5180,-0.0570,,,,2198000128.0000,,49743659008,0.9130,0.0000,2.9200,906573000,4.7600,5.0000,4.2500,5.0700,,OK,0,5.7400,False,7-15d,XLF,,JPM|BAC|WFC,interest_rates|yield_curve|credit_spreads|loan_growth,42,2026-10-19,False,2026-07-17,0.8300,0.8400,-1.2000,ALCISTA FUERTE,10,770.1900,8.5000,47.5000,14.5300,"Filtros estándar (Score ≥6.5, DD ≥10%)"
COHR,Coherent Corp.,Information Technology,Electronic Components,2026-03-23,281.8600,2026-09-07,26.7500,38.6600,DOWN,-2.2442,-3.3118,True,0.3404,18.3971,0.5660,6.5270,307.1200,276.4400,290.6000,-8.2200,1.9600,True,6.1773,NEUTRO,-35.8900,439.6800,440.0000,94.5500,-35.9400,198.1100,0.7270,True,262.6200,1,327.7800,False,-6.8300,HAMMER|DOJI|HAMMER,7.2500,8.5000,8.5000,7.5000,4,7.0000,7.0000,True,13.0500,19.5800,1.5000,68.4126,20.1973,5.0603,7.7544,40.1110,0.0798,0.0339,0.1131,0.3750,0.3370,,31.6120,2.4270,-649981632.0000,769896000.0000,-0.8442,55197274112,2.1040,1.5400,,195832246,4.7300,6.9100,4.2500,2.7600,-0.0118,FCF/NI:-0.84,1,5.7400,False,7-15d,XLK,,AAPL|MSFT|NVDA,interest_rates|ai_capex_cycle|semiconductor_cycle,58,2026-11-04,False,2026-08-12,1.7400,1.6200,7.6000,ALCISTA FUERTE,10,770.1900,8.5000,47.5000,14.5300,"Filtros estándar (Score ≥6.5, DD ≥10%)"
GPN,Global Payments,Financials,Transaction & Payment Processing Services,2016-04-25,92.5400,2026-09-07,58.4800,64.1500,DOWN,-0.5698,-0.6875,True,0.6042,2.5479,0.8370,2.7530,84.6400,75.3600,90.7300,9.3300,22.8000,True,1.6821,ALCISTA,-3.4800,95.8800,95.8800,60.9300,-3.4800,51.8900,1.1450,True,84.2000,1,90.8500,False,-9.0100,NONE,6.5500,10.0000,6.0000,7.5000,4,5.0000,5.0000,False,5.5100,8.2600,1.5000,43.8578,5.7867,1.0644,2.3992,9.7040,0.0243,0.0233,-0.0915,0.6396,0.6860,-0.9520,98.2730,0.8250,7867763200.0000,494190016.0000,15.9205,24487786496,0.7850,4.3900,1.0800,264618390,5.1800,5.0000,3.9900,6.7900,0.3213,OK,0,5.7300,False,10-18d,XLF,,JPM|BAC|WFC,interest_rates|yield_curve|credit_spreads|loan_growth,57,2026-11-03,False,2026-08-05,3.4600,3.4400,63.0000,ALCISTA FUERTE,10,770.1900,8.5000,47.5000,14.5300,"Filtros estándar (Score ≥6.5, DD ≥10%)"
PANW,Palo Alto Networks,Information Technology,Systems Software,2023-06-20,333.2600,2026-09-07,37.9800,45.2500,DOWN,-5.3229,-1.2909,False,0.1423,20.4643,1.2960,6.1410,349.3000,233.0700,353.8800,-4.5900,42.9900,True,6.8566,NEUTRO,-16.4500,398.8800,398.8800,139.5700,-16.4500,138.7800,0.9140,False,314.9500,1,368.4800,False,-5.4900,HAMMER,6.5000,8.5000,6.5000,5.0000,4,8.0000,7.0000,False,12.2800,18.4200,1.5000,284.8376,68.2518,9.7925,23.6591,145.9980,0.0174,0.0175,0.0267,0.7049,0.3440,,9.0940,0.8710,4469550080.0000,307000000.0000,14.5588,271606906880,0.9080,3.7400,,815000000,5.2000,7.0100,5.4400,2.8000,0.0165,OK,0,5.7200,False,7-15d,XLK,,AAPL|MSFT|NVDA,interest_rates|ai_capex_cycle|semiconductor_cycle,73,2026-11-19,False,2026-09-01,1.0200,0.9800,4.3000,ALCISTA FUERTE,10,770.1900,8.5000,47.5000,14.5300,"Filtros estándar (Score ≥6.5, DD ≥10%)"
WFC,Wells Fargo,Financials,Diversified Banks,1976-06-30,89.9700,2026-09-07,60.6700,46.4600,UP,0.4052,-0.0284,True,0.9106,1.7350,0.9010,1.9280,86.3600,84.1600,87.0200,4.1800,6.9100,True,0.3190,ALCISTA,-0.4100,90.3400,96.1800,72.3600,-6.4500,24.3300,0.6450,False,78.3500,1,89.4900,False,-12.9200,BULL_ENGULF,6.5000,10.0000,7.0000,5.0000,4,5.0000,7.5000,False,3.8600,5.7900,1.5000,13.0770,11.3880,1.6914,3.2769,,0.1258,0.0108,0.2723,0.0000,0.0950,0.2500,,,,21614999552.0000,,272069214208,0.9160,0.0000,2.2200,3023999336,5.1800,5.4900,4.6500,5.4400,,OK,0,5.7100,False,10-18d,XLF,,JPM|BAC|GS,interest_rates|yield_curve|credit_spreads|loan_growth,36,2026-10-13,False,2026-07-14,2.0000,1.7200,16.4000,ALCISTA FUERTE,10,770.1900,8.5000,47.5000,14.5300,"Filtros estándar (Score ≥6.5, DD ≥10%)"
SBUX,Starbucks,Consumer Discretionary,Restaurants,2000-06-07,104.4700,2026-09-07,40.5400,60.5200,DOWN,-0.3077,-0.1055,False,0.1299,2.4850,0.9180,2.3790,105.0300,96.6400,106.0600,-0.5400,8.1100,True,2.5602,NEUTRO,-4.9200,109.8800,109.8800,76.0500,-4.9200,37.3700,0.8400,True,101.4500,7,108.5400,True,-2.8900,NONE,7.2500,8.5000,5.0000,7.5000,9,8.0000,5.0000,False,4.7600,7.1400,1.5000,60.3873,33.5317,-15.5161,3.1064,24.4490,,0.0802,0.0517,0.2234,-0.0140,0.8570,,0.7600,3065537536.0000,1982800000.0000,1.5461,119095803904,0.9650,5.0600,2.3700,1140000000,4.6900,5.0000,5.6200,3.2400,0.0257,OK,0,5.7100,False,7-15d,XLY,,AMZN|TSLA|HD,consumer_spending|employment_data|interest_rates,51,2026-10-28,False,2026-07-29,0.8500,0.6500,30.8000,ALCISTA FUERTE,10,770.1900,8.5000,47.5000,14.5300,"Filtros estándar (Score ≥6.5, DD ≥10%)"
TECH,Bio-Techne,Health Care,Life Sciences Tools & Services,2021-08-30,72.4300,2026-09-07,53.7500,60.0000,DOWN,-0.1776,-0.2268,True,0.7906,0.1849,0.1790,0.2550,71.7800,60.8500,72.1400,0.9000,19.0300,True,1.8816,ALCISTA,-0.2100,72.5800,72.5800,43.0700,-0.2100,68.1600,0.7700,True,71.7100,6,,True,-1.0000,NONE,7.6000,10.0000,6.0000,7.5000,9,7.0000,5.0000,False,0.5100,0.7700,1.5000,62.4397,31.4049,5.3628,9.3481,34.0670,0.0903,0.0667,0.1497,0.6624,0.0130,,13.7120,4.5470,229653120.0000,181840000.0000,1.2629,11358345216,1.2750,1.8500,0.4400,156818238,4.4300,2.5300,7.2100,3.4000,0.0202,OK,0,5.7000,False,10-18d,XLV,,UNH|JNJ|LLY,fda_calendar|drug_pricing_policy|patent_cliffs,63,2026-11-09,False,2026-08-12,0.5200,0.5200,13.0000,ALCISTA FUERTE,10,770.1900,8.5000,47.5000,14.5300,"Filtros estándar (Score ≥6.5, DD ≥10%)"
PG,Procter & Gamble,Consumer Staples,Personal Care Products,1957-03-04,146.4400,2026-09-07,60.7400,40.9300,UP,0.3657,0.1855,True,0.7666,2.2243,0.7300,1.5190,146.3000,145.8300,145.5600,0.0900,0.4200,True,-0.0364,ALCISTA,-4.7100,153.6800,164.7700,134.6200,-11.1200,8.7800,0.6310,True,142.6800,12,152.5400,True,-2.5700,HAMMER|DOJI,7.9000,9.5000,7.0000,7.5000,9,7.0000,7.0000,False,3.0400,4.5600,1.5000,22.1208,19.7897,6.3817,3.9111,14.8050,0.3029,0.1072,0.1844,0.5087,0.0150,-0.1550,64.4900,0.6770,13280874496.0000,15754000384.0000,0.8430,340389986304,0.3770,3.0400,2.9700,2324433060,4.2400,0.4100,6.8700,5.6200,0.0390,OK,0,5.7000,False,10-18d,XLP,,KO|PEP|WMT,inflation|input_costs|fx_rates,45,2026-10-22,False,2026-07-29,1.4300,1.4100,1.6000,ALCISTA FUERTE,10,770.1900,8.5000,47.5000,14.5300,"Filtros estándar (Score ≥6.5, DD ≥10%)"
ABT,Abbott Laboratories,Health Care,Health Care Equipment,1957-03-04,108.3300,2026-09-07,44.9200,61.7400,DOWN,-1.2083,-1.0175,False,0.1667,2.7893,1.0400,2.5750,104.2100,105.2200,110.3000,3.9500,2.9600,False,-1.1657,ALCISTA,-7.6800,117.3400,134.3800,81.3900,-19.3900,33.1000,0.9410,True,99.5400,1,110.0400,False,-8.1100,HAMMER|DOJI,6.3800,8.0000,5.0000,7.5000,4,6.5000,7.0000,False,5.1500,7.7200,1.5000,35.0583,17.8619,3.6676,4.0505,18.4250,0.1058,0.0533,0.1165,0.5685,0.1300,-0.4750,63.2120,1.3760,7209124864.0000,5400999936.0000,1.3348,188690612224,0.5860,1.8500,2.3300,1741813154,5.2500,4.8400,5.5000,5.4200,0.0382,OK,0,5.7000,False,10-18d,XLV,,UNH|JNJ|LLY,fda_calendar|drug_pricing_policy|patent_cliffs,37,2026-10-14,False,2026-07-16,1.3100,1.2800,2.6000,ALCISTA FUERTE,10,770.1900,8.5000,47.5000,14.5300,"Filtros estándar (Score ≥6.5, DD ≥10%)"
BNY,BNY Mellon,Financials,Asset Management & Custody Banks,1995-03-31,164.8400,2026-09-07,51.3300,57.2000,DOWN,-0.0860,-0.4235,True,0.8529,2.9179,0.8800,1.7700,157.1400,132.1100,161.4000,4.9000,24.7700,True,4.3178,ALCISTA,-0.6000,165.8400,165.8400,100.8700,-0.6000,63.4100,0.9590,False,157.1500,1,163.1200,False,-4.6700,NONE,6.0500,10.0000,6.0000,5.0000,4,5.0000,5.0000,False,3.5400,5.3100,1.5000,19.2345,16.0885,2.8024,5.2227,,0.1412,0.0126,0.2941,0.0000,0.1310,0.2690,,,,6024000000.0000,,111844614144,1.0480,0.0100,1.3500,678504142,5.4700,6.7900,4.8000,4.7100,,OK,0,5.7000,False,10-18d,XLF,,JPM|BAC|WFC,interest_rates|yield_curve|credit_spreads|loan_growth,38,2026-10-15,False,2026-07-15,2.4600,2.2200,10.7000,ALCISTA FUERTE,10,770.1900,8.5000,47.5000,14.5300,"Filtros estándar (Score ≥6.5, DD ≥10%)"
EG,Everest Group,Financials,Reinsurance,2017-06-19,380.8700,2026-09-07,66.6900,58.7400,UP,0.9736,0.6786,True,0.8067,7.1493,0.8990,1.8770,373.4200,340.6500,375.7000,2.0000,11.8100,True,1.4994,ALCISTA,-5.0400,401.0700,401.0700,298.7800,-5.0400,27.4800,0.8650,True,341.9200,1,379.2200,False,-10.2300,HAMMER|DOJI,6.9500,10.0000,7.0000,7.5000,4,5.0000,7.0000,False,3.7500,5.6300,1.5000,8.0522,6.3742,0.9553,0.8680,,0.1257,0.0249,0.1138,0.1528,-0.1130,-0.1150,23.2600,0.3880,2064625024.0000,1890000000.0000,1.0924,14603597824,0.2770,4.0200,2.1000,38342734,4.8500,0.0000,6.2600,8.8600,0.1414,RevG:-11.3%,1,5.6900,False,10-18d,XLF,,JPM|BAC|WFC,interest_rates|yield_curve|credit_spreads|loan_growth,51,2026-10-28,False,2026-07-29,14.8500,14.5300,2.2000,ALCISTA FUERTE,10,770.1900,8.5000,47.5000,14.5300,"Filtros estándar (Score ≥6.5, DD ≥10%)"
HPQ,HP Inc.,Information Technology,"Technology Hardware, Storage & Peripherals",1974-12-31,32.6400,2026-09-07,67.2700,53.2700,UP,0.1134,-0.0645,True,1.0578,1.4086,1.1720,4.3150,27.2100,22.5400,30.1400,19.9600,44.8300,True,2.1686,ALCISTA,-0.4300,32.7800,32.7800,17.0700,-0.4300,91.1900,0.8890,True,26.7300,1,32.1900,False,-18.1100,NONE,6.7500,10.0000,7.0000,7.5000,4,5.0000,5.0000,False,8.6300,12.9500,1.5000,12.4580,10.3942,-320.0000,0.4975,7.6800,,0.0563,0.0414,0.1966,0.1250,-0.1130,,0.7880,3389874944.0000,2451000064.0000,1.3831,29434456064,1.2050,5.3900,3.6800,901790969,4.9800,1.3200,5.6300,8.5100,0.1152,OK,0,5.6900,False,10-18d,XLK,,AAPL|MSFT|NVDA,interest_rates|ai_capex_cycle|semiconductor_cycle,78,2026-11-24,False,2026-08-26,0.8300,0.6900,20.0000,ALCISTA FUERTE,10,770.1900,8.5000,47.5000,14.5300,"Filtros estándar (Score ≥6.5, DD ≥10%)"
INTU,Intuit,Information Technology,Application Software,2000-12-05,332.7000,2026-09-07,48.5800,59.7000,DOWN,-4.2160,-2.1847,False,0.1383,15.8193,1.0960,4.7550,315.4900,424.6900,343.4500,5.4500,-21.6600,False,-6.7566,BAJISTA,-10.8000,372.9800,697.2500,251.7200,-52.2800,32.1700,0.8750,True,322.5700,1,338.7700,True,-3.0400,NONE,6.5500,6.5000,5.0000,7.5000,7,8.0000,5.0000,False,9.5100,14.2600,1.5000,20.2004,12.1751,4.7648,4.2431,13.3790,0.2360,0.1047,0.2129,0.8098,0.1370,-0.0080,43.8920,1.5070,6438624768.0000,4566000128.0000,1.4101,91005763584,0.9760,2.4300,1.6600,273537000,5.1100,1.5000,5.9500,8.3500,0.0707,OK,0,5.6900,False,3-7d,XLK,,AAPL|MSFT|NVDA,interest_rates|ai_capex_cycle|semiconductor_cycle,73,2026-11-19,False,2026-08-25,4.0300,3.5900,12.3000,ALCISTA FUERTE,10,770.1900,8.5000,47.5000,14.5300,"Filtros estándar (Score ≥6.5, DD ≥10%)"
NWSA,News Corp (Class A),Communication Services,Publishing,2013-08-01,30.3900,2026-09-07,71.5000,82.2900,DOWN,-0.0526,0.0466,False,0.6071,0.6321,0.8070,2.0800,28.4600,26.1700,30.0500,6.7800,16.1300,True,1.4811,ALCISTA,-4.0100,31.6600,31.6600,22.1100,-4.0100,37.4600,1.1310,True,26.2900,1,30.8800,False,-13.4900,HAMMER|DOJI|HAMMER|DOJI,6.5500,10.0000,5.0000,7.5000,4,5.0000,7.0000,False,4.1600,6.2400,1.5000,29.5049,20.1029,1.9370,1.8066,13.4280,0.0798,0.0466,0.0635,0.5717,0.1080,-0.7490,31.5610,1.6230,1045124992.0000,573000000.0000,1.8240,16310325248,0.9230,3.2500,0.6600,359111934,5.1100,2.7100,6.1300,6.7300,0.0641,OK,0,5.6900,False,10-18d,XLC,,GOOGL|META|NFLX,ad_spending_cycle|streaming_competition|regulation,59,2026-11-05,False,2026-08-05,0.3500,0.2300,51.2000,ALCISTA FUERTE,10,770.1900,8.5000,47.5000,14.5300,"Filtros estándar (Score ≥6.5, DD ≥10%)"
CHD,Church & Dwight,Consumer Staples,Household Products,2015-12-29,98.5500,2026-09-07,52.2600,44.4900,UP,-0.3952,-0.1990,False,0.2429,1.9700,0.8440,1.9990,99.0700,94.3900,100.0200,-0.5300,4.4100,True,1.7211,NEUTRO,-5.2300,103.9900,105.3700,80.2900,-6.4800,22.7400,0.8110,True,92.5600,8,99.9100,False,-6.0800,HAMMER|DOJI,6.9800,8.5000,6.0000,7.5000,6,6.5000,7.0000,False,4.0000,6.0000,1.5000,31.5865,24.3954,5.3750,3.7528,18.8590,0.1704,0.0787,0.1196,0.4556,0.0160,0.0900,55.8510,1.1470,939262528.0000,744800000.0000,1.2611,23376445440,0.4720,5.8900,1.2500,237203907,4.8000,2.9700,6.1200,5.3900,0.0402,OK,0,5.6700,False,7-15d,XLP,,PG|KO|PEP,inflation|input_costs|fx_rates,53,2026-10-30,False,2026-07-31,0.8900,0.9000,-95.0000,ALCISTA FUERTE,10,770.1900,8.5000,47.5000,14.5300,"Filtros estándar (Score ≥6.5, DD ≥10%)"
PKG,Packaging Corporation of America,Materials,Paper & Plastic Packaging Products & Materials,2017-07-26,237.2500,2026-09-07,32.1100,28.3500,UP,-2.2505,-3.1914,True,0.2363,5.9571,0.9270,2.5110,242.3000,221.5900,242.5800,-2.0800,7.0700,True,2.2712,NEUTRO,-8.7400,259.9800,259.9800,187.9800,-8.7400,26.2100,1.0580,True,222.8200,2,243.5000,False,-6.0800,HAMMER|DOJI|BULL_ENGULF,7.4200,8.5000,8.5000,7.5000,4,6.5000,9.5000,False,5.0200,7.5300,1.5000,30.7717,18.3397,4.5069,2.2170,12.4100,0.1489,0.0828,0.0726,0.2139,0.1470,-0.1950,94.4740,2.9410,432950016.0000,687400000.0000,0.6298,21138571264,0.7970,4.3100,2.5300,89098299,4.5100,4.0500,5.3600,4.0700,0.0205,FCF/NI:0.63|D/E:94,2,5.6700,False,7-15d,XLB,,LIN|APD|ECL,commodity_prices|dxy|china_demand|energy_costs,44,2026-10-21,False,2026-07-22,2.3500,2.3100,1.6000,ALCISTA FUERTE,10,770.1900,8.5000,47.5000,14.5300,"Filtros estándar (Score ≥6.5, DD ≥10%)"
HLT,Hilton Worldwide,Consumer Discretionary,"Hotels, Resorts & Cruise Lines",2017-06-19,311.1800,2026-09-07,35.5200,59.9200,DOWN,-1.6521,-1.1019,False,0.1452,6.5335,0.8370,2.1000,324.7800,312.5600,320.6900,-4.1900,-0.4400,True,1.8319,BAJISTA,-13.0400,357.8400,357.8400,253.0400,-13.0400,22.9700,0.8560,True,308.8500,3,330.5300,True,-0.7500,NONE,7.4000,7.0000,6.5000,7.5000,10,8.0000,5.0000,False,4.2000,6.3000,1.5000,45.6946,29.7631,-11.1426,13.7217,26.9050,,0.1103,0.3103,0.7904,0.0250,0.1410,,0.6490,1393874944.0000,1584000000.0000,0.8800,70035701760,1.0560,2.3100,0.1900,225064910,4.5100,4.8500,5.5800,2.8400,0.0199,OK,0,5.6700,False,3-7d,XLY,,AMZN|TSLA|HD,consumer_spending|employment_data|interest_rates,51,2026-10-28,False,2026-07-28,2.2900,2.2700,78.0000,ALCISTA FUERTE,10,770.1900,8.5000,47.5000,14.5300,"Filtros estándar (Score ≥6.5, DD ≥10%)"
HCA,HCA Healthcare,Health Care,Health Care Facilities,2015-01-27,405.0000,2026-09-07,50.0100,53.0300,DOWN,-2.3982,-0.8340,False,0.2380,12.0021,0.9790,2.9630,402.8800,450.9600,411.5600,0.5300,-10.1900,False,-1.0249,BAJISTA,-7.2200,436.5000,554.5800,353.9900,-26.9700,14.4100,0.8030,True,369.4100,1,399.6900,False,-8.7900,HAMMER|HAMMER|DOJI,6.0800,6.5000,5.0000,7.5000,4,6.5000,7.0000,False,5.9300,8.8900,1.5000,13.5860,12.6305,-13.2905,1.1517,8.9880,,0.1229,0.0877,0.4258,0.0870,0.1160,,0.9930,3738125056.0000,6840000000.0000,0.5465,89845121024,1.1090,3.8600,0.7700,221839800,5.3800,4.6500,4.9400,6.7600,0.0416,FCF/NI:0.55,1,5.6600,False,3-7d,XLV,,UNH|JNJ|LLY,fda_calendar|drug_pricing_policy|patent_cliffs,46,2026-10-23,False,2026-07-24,7.5900,7.5000,1.2000,ALCISTA FUERTE,10,770.1900,8.5000,47.5000,14.5300,"Filtros estándar (Score ≥6.5, DD ≥10%)"
MCK,McKesson Corporation,Health Care,Health Care Distributors,1999-01-13,907.9900,2026-09-07,62.9700,53.1900,UP,2.3348,1.1861,True,0.7617,21.3842,0.9160,2.3550,846.4200,841.4500,885.3100,7.2700,7.9100,True,0.6985,ALCISTA,-2.3600,929.9500,996.8400,679.6700,-8.9100,33.5900,0.9700,True,840.3400,2,908.7800,False,-7.4500,NONE,6.7500,10.0000,7.0000,7.5000,4,5.0000,5.0000,False,4.7100,7.0700,1.5000,24.3299,17.9901,-24.8410,0.2576,16.3250,,0.0474,0.0112,0.0363,0.0770,-0.1760,,0.8930,6801249792.0000,4592000000.0000,1.4811,105862881280,0.3070,2.4000,0.4100,116590363,4.9300,2.6600,5.6600,6.7200,0.0642,OK,0,5.6600,False,10-18d,XLV,,UNH|JNJ|LLY,fda_calendar|drug_pricing_policy|patent_cliffs,58,2026-11-04,False,2026-08-05,9.9300,9.5400,4.1000,ALCISTA FUERTE,10,770.1900,8.5000,47.5000,14.5300,"Filtros estándar (Score ≥6.5, DD ≥10%)"
BF-B,Brown–Forman,Consumer Staples,Distillers & Vintners,1982-10-31,26.7300,2026-09-07,45.3100,40.6900,UP,-0.1474,-0.2602,True,0.2011,0.8176,0.9500,3.0590,27.0100,26.7500,27.3100,-1.0300,-0.0700,True,0.3264,BAJISTA,-9.2000,29.4400,30.8500,22.2300,-13.3500,20.2700,0.9850,False,26.9100,2,27.7600,True,0.6600,NONE,6.4800,7.0000,7.0000,5.0000,8,6.5000,5.0000,False,6.1200,9.1800,1.5000,17.2452,15.6053,3.0891,3.1329,12.1460,0.1812,0.0863,0.1842,0.6066,-0.0140,0.0570,61.5020,3.2630,685625024.0000,721000000.0000,0.9509,12265441280,0.3310,4.5500,3.4600,290383416,5.1200,1.4000,6.7200,7.5800,0.0559,OK,0,5.6600,False,3-7d,XLP,,PG|KO|PEP,inflation|input_costs|fx_rates,87,2026-12-03,False,2026-09-02,0.3800,0.3700,3.1000,ALCISTA FUERTE,10,770.1900,8.5000,47.5000,14.5300,"Filtros estándar (Score ≥6.5, DD ≥10%)"
CRH,CRH plc,Materials,Construction Materials,2025-12-22,94.2600,2026-09-07,45.6600,37.3700,UP,-0.0181,-0.0785,True,0.3742,2.5950,0.7870,2.7530,99.4800,110.6500,95.3600,-5.2500,-14.8100,False,-1.6976,BAJISTA,-19.0400,116.4300,130.0900,90.2100,-27.5400,4.4900,0.9140,False,93.1300,2,103.8600,True,-1.2000,BULL_ENGULF,6.2500,5.0000,7.0000,5.0000,7,7.0000,7.5000,False,5.5100,8.2600,1.5000,16.6537,14.2732,2.6115,1.6233,10.4760,0.1581,0.0606,0.0994,0.3625,0.0560,0.1390,77.5920,1.5790,2019124992.0000,3814000128.0000,0.5294,62709714944,1.1980,2.9000,1.6500,665284511,5.2600,4.5100,5.1700,6.2400,0.0322,FCF/NI:0.53,1,5.6600,False,3-7d,XLB,,LIN|APD|ECL,commodity_prices|dxy|china_demand|energy_costs,52,2026-10-29,False,2026-07-30,1.9300,2.0200,-4.2000,ALCISTA FUERTE,10,770.1900,8.5000,47.5000,14.5300,"Filtros estándar (Score ≥6.5, DD ≥10%)"
PFE,Pfizer,Health Care,Pharmaceuticals,1957-03-04,28.4500,2026-09-07,65.6700,59.6200,UP,-0.0107,0.0233,False,0.7019,0.6243,1.1380,2.1940,25.8200,25.4500,27.7500,10.1800,11.7800,True,1.7889,ALCISTA,-2.6000,29.2100,29.2100,22.0300,-2.6000,29.1100,0.6830,True,25.4300,8,,False,-10.6200,NONE,6.8500,10.0000,6.0000,7.5000,6,5.0000,5.0000,False,4.3900,6.5800,1.5000,37.4342,9.8259,1.9033,2.5458,8.4400,0.0501,0.0578,0.0680,0.7472,0.0260,,74.2530,1.2670,12485624832.0000,4338999808.0000,2.8775,162155724800,0.2990,3.6900,6.0500,5699673589,4.8500,3.0700,4.7100,7.0900,0.0770,OK,0,5.6500,False,10-18d,XLV,,UNH|JNJ|LLY,fda_calendar|drug_pricing_policy|patent_cliffs,57,2026-11-03,False,2026-08-04,0.7700,0.6800,12.9000,ALCISTA FUERTE,10,770.1900,8.5000,47.5000,14.5300,"Filtros estándar (Score ≥6.5, DD ≥10%)"
ACGL,Arch Capital Group,Financials,Property & Casualty Insurance,2022-11-01,98.1000,2026-09-07,51.2200,52.9000,DOWN,-0.0881,-0.0999,True,0.3122,1.7850,0.8330,1.8200,100.0600,96.1000,99.1400,-1.9600,2.0800,True,1.1047,NEUTRO,-8.3900,107.0900,107.0900,82.4500,-8.3900,18.9800,0.9530,False,98.1200,6,101.5800,True,0.0200,NONE,6.5000,8.5000,6.0000,5.0000,9,5.0000,5.0000,False,3.6400,5.4600,1.5000,7.6761,10.0540,1.4359,1.7394,6.1070,0.1994,0.0412,0.2440,0.3876,-0.1050,-0.0710,17.8360,0.5890,4302125056.0000,4652000256.0000,0.9248,33452099584,0.2820,4.0800,,341000000,5.0900,0.0000,7.1800,8.5900,0.1286,RevG:-10.5%,1,5.6500,False,7-15d,XLF,,JPM|BAC|WFC,interest_rates|yield_curve|credit_spreads|loan_growth,49,2026-10-26,False,2026-07-28,2.5600,2.4600,4.0000,ALCISTA FUERTE,10,770.1900,8.5000,47.5000,14.5300,"Filtros estándar (Score ≥6.5, DD ≥10%)"
LEN,Lennar,Consumer Discretionary,Homebuilding,2005-10-04,83.5800,2026-09-07,42.2100,51.7800,DOWN,-0.3556,-0.3607,True,0.1450,2.3243,0.7980,2.7810,85.6200,97.4500,85.3100,-2.3900,-14.2400,False,-3.5553,BAJISTA,-12.4500,95.4600,141.3900,79.8300,-40.8900,4.7000,1.0120,True,84.5700,3,89.2900,True,1.1900,HAMMER|DOJI,7.2500,5.0000,6.0000,7.5000,9,10.0000,7.0000,False,5.5600,8.3400,1.5000,13.1003,12.9244,0.9312,0.6150,10.7940,0.0737,0.0394,0.0493,0.1636,-0.0520,-0.3150,28.6920,8.5080,1077926016.0000,1598947968.0000,0.6741,20134014976,1.3980,0.2200,2.3900,210506003,4.5800,0.0000,5.7400,8.5900,0.0535,FCF/NI:0.67,1,5.6500,False,3-7d,XLY,,AMZN|TSLA|HD,consumer_spending|employment_data|interest_rates,9,2026-09-16,False,2026-06-11,1.3100,1.2300,6.2000,ALCISTA FUERTE,10,770.1900,8.5000,47.5000,14.5300,"Filtros estándar (Score ≥6.5, DD ≥10%)"
WAT,Waters Corporation,Health Care,Life Sciences Tools & Services,2002-01-02,409.3800,2026-09-07,51.0700,52.1300,DOWN,-1.6639,-1.3860,False,0.3564,12.8686,1.0740,3.1430,391.7100,360.7700,408.1400,4.5100,13.4700,True,1.3747,ALCISTA,-3.9500,426.2200,426.2200,282.7700,-3.9500,44.7700,0.5320,True,396.0000,1,426.2200,True,-3.2700,HAMMER|HAMMER|DOJI,7.0000,10.0000,5.0000,7.5000,7,5.0000,7.0000,False,6.2900,9.4300,1.5000,104.1679,24.7411,2.6464,8.6548,31.1000,0.0192,0.0356,0.0359,0.5634,1.1340,,36.0450,1.8610,-142067632.0000,166628992.0000,-0.8526,40195325952,1.1940,4.1200,,98185855,4.7100,7.5000,4.0200,2.2500,-0.0035,FCF/NI:-0.85,1,5.6300,False,10-18d,XLV,,UNH|JNJ|LLY,fda_calendar|drug_pricing_policy|patent_cliffs,53,2026-10-30,False,2026-08-04,3.0500,3.0100,1.4000,ALCISTA FUERTE,10,770.1900,8.5000,47.5000,14.5300,"Filtros estándar (Score ≥6.5, DD ≥10%)"
MRSH,Marsh McLennan,Financials,Insurance Brokers,1987-08-31,185.7400,2026-09-07,52.8900,53.6600,DOWN,-1.0377,-0.7493,False,0.1419,3.8036,0.8810,2.0480,184.5800,176.4500,188.9400,0.6300,5.2700,True,0.5897,ALCISTA,-6.4200,198.4900,204.5600,155.7200,-9.2000,19.2800,0.7340,True,174.1100,1,183.2700,False,-6.2600,HAMMER|DOJI,7.0000,10.0000,5.0000,7.5000,4,8.0000,7.0000,False,4.1000,6.1400,1.5000,22.6789,16.2782,5.8466,3.1716,14.1230,0.2590,0.0724,0.1424,0.4399,0.0620,0.0730,145.0270,1.1390,4785249792.0000,3980000000.0000,1.2023,88637218816,0.5770,2.9800,2.1300,477211268,4.7100,1.8600,6.2300,6.2700,0.0540,OK,0,5.6300,False,10-18d,XLF,,JPM|BAC|WFC,interest_rates|yield_curve|credit_spreads|loan_growth,38,2026-10-15,False,2026-07-21,2.9600,2.8900,2.3000,ALCISTA FUERTE,10,770.1900,8.5000,47.5000,14.5300,"Filtros estándar (Score ≥6.5, DD ≥10%)"
CL,Colgate-Palmolive,Consumer Staples,Household Products,1957-03-04,88.7700,2026-09-07,44.0200,40.9800,UP,-0.2533,-0.2317,False,0.0251,1.5821,0.7340,1.7820,91.6700,86.9400,90.7900,-3.1600,2.1000,True,1.7200,NEUTRO,-7.0100,95.4600,98.1500,73.2200,-9.5600,21.2400,1.0320,False,83.7100,2,89.1000,False,-5.7000,HAMMER|DOJI|HAMMER|DOJI,6.7000,8.5000,6.0000,5.0000,4,10.0000,7.0000,False,3.5600,5.3500,1.5000,34.9488,21.6090,299.8986,3.3622,15.5530,2.6737,0.1584,0.0968,0.6043,0.0490,-0.0550,1388.1630,1.0260,3458374912.0000,2038000000.0000,1.6969,70765027328,0.3230,3.9700,2.3900,797172829,4.9200,2.4700,6.7500,5.6500,0.0489,D/E:1388,1,5.6300,False,7-15d,XLP,,PG|KO|PEP,inflation|input_costs|fx_rates,53,2026-10-30,False,2026-07-31,0.9900,0.9500,4.5000,ALCISTA FUERTE,10,770.1900,8.5000,47.5000,14.5300,"Filtros estándar (Score ≥6.5, DD ≥10%)"
CB,Chubb Limited,Financials,Property & Casualty Insurance,2010-07-15,341.5900,2026-09-07,50.8000,38.8900,UP,0.1117,-0.7194,True,0.4057,5.6271,0.7890,1.6470,347.9300,325.2900,343.3200,-1.8200,5.0100,True,1.8921,NEUTRO,-6.6500,365.9100,365.9100,263.7000,-6.6500,29.5400,1.4320,False,342.2200,1,365.6000,True,0.1800,HAMMER|DOJI,6.9000,8.5000,7.0000,5.0000,7,7.0000,7.0000,False,3.2900,4.9400,1.5000,12.1045,11.7347,1.7477,2.1291,10.3680,0.1482,0.0336,0.1807,0.3113,0.0610,-0.0070,30.9410,0.4100,10488000512.0000,11185000448.0000,0.9377,131785375744,0.3820,1.9600,1.1900,385799859,4.7900,1.2100,6.0300,7.5400,0.0796,OK,0,5.6300,False,7-15d,XLF,,JPM|BAC|WFC,interest_rates|yield_curve|credit_spreads|loan_growth,50,2026-10-27,False,2026-07-21,7.2600,6.7500,7.6000,ALCISTA FUERTE,10,770.1900,8.5000,47.5000,14.5300,"Filtros estándar (Score ≥6.5, DD ≥10%)"
RMD,ResMed|,Health Care,Health Care Equipment,2017-07-26,228.3500,2026-09-07,61.2600,76.6100,DOWN,-1.2703,0.1378,False,0.4575,6.2199,0.9290,2.7240,214.8300,227.1800,228.2100,6.3000,0.5200,False,-0.9299,ALCISTA,-5.8000,242.4000,281.8900,179.7500,-18.9900,27.0300,0.6190,True,217.1200,1,232.4000,False,-4.9200,NONE,5.9500,8.0000,5.0000,7.5000,4,5.0000,5.0000,False,5.4500,8.1700,1.5000,21.8726,17.2833,5.0015,5.8265,15.4100,0.2427,0.1400,0.2695,0.6162,0.0860,0.0240,12.5420,3.1000,939248256.0000,1523293056.0000,0.6166,32940013568,0.7660,9.2100,1.1600,144252306,5.4100,3.0300,8.0200,5.1500,0.0285,FCF/NI:0.62,1,5.6300,False,10-18d,XLV,,UNH|JNJ|LLY,fda_calendar|drug_pricing_policy|patent_cliffs,52,2026-10-29,False,2026-08-06,2.9500,2.8900,2.0000,ALCISTA FUERTE,10,770.1900,8.5000,47.5000,14.5300,"Filtros estándar (Score ≥6.5, DD ≥10%)"
ZTS,Zoetis,Health Care,Pharmaceuticals,2013-06-21,75.8100,2026-09-07,58.9400,55.8900,UP,0.0300,0.2488,False,0.4960,2.2843,0.8760,3.0130,75.4200,102.0400,76.1600,0.5200,-25.7000,False,-5.1141,BAJISTA,-7.3600,81.8300,152.2300,70.9800,-50.2000,6.8100,0.8320,True,72.4400,6,77.4800,False,-4.4500,HAMMER,6.3500,6.5000,6.0000,7.5000,6,5.0000,7.0000,False,6.0300,9.0400,1.5000,12.3670,11.6069,9.6709,3.2889,9.5680,0.6491,0.1535,0.2768,0.7174,-0.0020,0.0120,293.9960,3.0840,2016999936.0000,2636999936.0000,0.7649,31326480384,0.7290,2.4700,2.8000,413223602,5.1300,0.0000,7.4900,8.3700,0.0644,D/E:294,1,5.6200,False,3-7d,XLV,,UNH|JNJ|LLY,fda_calendar|drug_pricing_policy|patent_cliffs,57,2026-11-03,False,2026-08-06,1.8700,1.8500,95.0000,ALCISTA FUERTE,10,770.1900,8.5000,47.5000,14.5300,"Filtros estándar (Score ≥6.5, DD ≥10%)"
FTV,Fortive,Industrials,Industrial Machinery & Supplies & Components,2016-07-01,56.9400,2026-09-07,32.1900,35.7300,DOWN,-0.3271,-0.2709,False,0.1008,1.1908,0.8110,2.0910,60.5800,57.9200,59.0900,-6.0100,-1.7000,True,1.6293,BAJISTA,-11.7000,64.4800,64.4800,46.7500,-11.7000,21.8100,1.0590,False,57.8600,6,62.8600,True,1.6200,NONE,6.9000,7.0000,6.5000,5.0000,10,8.0000,5.0000,False,4.1800,6.2700,1.5000,30.1270,17.5258,2.8430,4.0221,16.5480,0.0732,0.0330,0.1238,0.6323,0.0790,0.0400,59.2830,1.2410,939112512.0000,602200000.0000,1.5595,17358786560,0.9730,4.8800,0.4900,304861021,4.7600,2.4600,4.8300,7.3500,0.0541,OK,0,5.6200,False,3-7d,XLI,,CAT|UNP|HON,pmi_manufacturing|supply_chain|capex_cycle,51,2026-10-28,False,2026-07-29,0.7400,0.7100,4.9000,ALCISTA FUERTE,10,770.1900,8.5000,47.5000,14.5300,"Filtros estándar (Score ≥6.5, DD ≥10%)"
NDAQ,"Nasdaq, Inc.",Financials,Financial Exchanges & Data,2008-10-22,96.8800,2026-09-07,50.8200,73.4400,DOWN,-0.4151,-0.1988,False,0.3923,2.0279,0.8280,2.0930,92.7700,90.0300,97.0400,4.4300,7.6100,True,1.2496,ALCISTA,-4.0500,100.9700,101.1100,76.5500,-4.1800,26.5600,0.8610,True,87.0100,1,95.2600,False,-10.1900,NONE,6.3500,10.0000,5.0000,7.5000,4,5.0000,5.0000,False,4.1900,6.2800,1.5000,28.2449,20.7076,4.5417,9.6462,18.7660,0.1652,0.0585,0.3504,1.0000,0.1490,0.1410,77.6870,1.0060,1691500032.0000,1967000064.0000,0.8599,54153723904,0.9740,2.6000,1.2000,558977372,5.1100,5.3400,5.5300,4.3400,0.0312,OK,0,5.6100,False,10-18d,XLF,,JPM|BAC|WFC,interest_rates|yield_curve|credit_spreads|loan_growth,45,2026-10-22,False,2026-07-23,1.0700,0.9800,8.8000,ALCISTA FUERTE,10,770.1900,8.5000,47.5000,14.5300,"Filtros estándar (Score ≥6.5, DD ≥10%)"
EVRG,Evergy,Utilities,Electric Utilities,2018-06-05,81.5400,2026-09-07,40.6500,45.2700,DOWN,0.0205,-0.0772,True,0.3854,1.3475,0.9110,1.6530,83.6600,79.3700,81.9900,-2.5300,2.7400,True,0.9442,NEUTRO,-7.2200,87.8900,87.8900,68.0500,-7.2200,19.8300,0.8910,False,83.1400,10,87.6400,True,1.9600,NONE,6.5000,8.5000,6.0000,5.0000,9,5.0000,5.0000,False,3.3100,4.9600,1.5000,20.7481,17.8619,1.8390,3.0851,12.4380,0.0925,0.0291,0.1519,0.5270,0.0440,0.2300,160.5540,0.3590,-1443362560.0000,925800000.0000,-1.5590,18800447488,0.5100,9.0900,3.4100,230567172,5.0000,7.5000,4.1600,3.0700,-0.0768,FCF/NI:-1.56|D/E:161,2,5.6000,False,7-15d,XLU,,NEE|DUK|SO,interest_rates|regulatory_environment,59,2026-11-05,False,2026-08-06,0.8800,0.8000,9.8000,ALCISTA FUERTE,10,770.1900,8.5000,47.5000,14.5300,"Filtros estándar (Score ≥6.5, DD ≥10%)"
EIX,Edison International,Utilities,Electric Utilities,1957-03-04,56.7700,2026-09-07,32.2500,56.0300,DOWN,-1.7904,-1.4413,False,0.1140,4.2464,2.0460,7.4800,72.4500,67.3700,66.3100,-21.6400,-15.7400,True,1.9996,BAJISTA,-30.4500,81.6200,81.6200,50.0400,-30.4500,13.4500,0.7450,False,,0,71.0600,False,,NONE,6.0000,7.0000,6.5000,5.0000,4,8.0000,5.0000,False,14.9600,22.4400,1.5000,5.8586,8.7261,1.2521,1.1247,7.4790,0.1973,0.0409,0.1928,0.6100,-0.0410,0.5510,228.0420,0.6620,82375000.0000,3744000000.0000,0.0220,21845889024,0.6140,4.3300,6.1800,384813979,5.3400,5.0000,5.7000,5.3300,0.0038,FCF/NI:0.02|D/E:228,2,5.6000,False,3-7d,XLU,,NEE|DUK|SO,interest_rates|regulatory_environment,50,2026-10-27,False,2026-07-30,1.5400,1.2100,27.0000,ALCISTA FUERTE,10,770.1900,8.5000,47.5000,14.5300,"Filtros estándar (Score ≥6.5, DD ≥10%)"
VTRS,Viatris,Health Care,Pharmaceuticals,2004-04-23,16.8800,2026-09-07,64.4500,54.2400,UP,0.0711,0.0395,True,0.8087,0.4152,0.8680,2.4600,16.6700,14.5100,16.6400,1.2800,16.3100,True,4.5257,ALCISTA,-7.5200,18.2500,18.2500,9.1100,-7.5200,85.3500,0.6640,True,15.7900,3,16.5700,False,-6.4400,NONE,7.0500,10.0000,7.0000,7.5000,6,5.0000,5.0000,False,4.9200,7.3800,1.5000,,6.3257,1.3410,1.3156,7.3390,-0.0275,0.0267,-0.0279,0.4031,0.0490,,95.5350,1.5850,2677337600.0000,-410700000.0000,-6.5190,19388213248,0.8830,3.4100,2.8400,1148590864,4.6400,4.0100,2.6600,7.6800,0.1381,FCF/NI:-6.52|D/E:96|ROE:-2.8%,3,5.6000,False,10-18d,XLV,,UNH|JNJ|LLY,fda_calendar|drug_pricing_policy|patent_cliffs,59,2026-11-05,False,2026-08-06,0.6900,0.6000,15.0000,ALCISTA FUERTE,10,770.1900,8.5000,47.5000,14.5300,"Filtros estándar (Score ≥6.5, DD ≥10%)"
L,Loews Corporation,Financials,Multi-line Insurance,1995-05-31,109.3000,2026-09-07,35.2100,25.8500,UP,-0.1350,-0.3887,True,0.2428,1.6585,0.8200,1.5170,113.7100,108.7100,110.9600,-3.8800,0.5400,True,0.9327,NEUTRO,-9.6300,120.9400,120.9400,94.8800,-9.6300,15.2000,0.9170,False,106.5200,1,110.6100,True,-2.5400,NONE,6.9200,8.5000,8.5000,5.0000,7,6.5000,5.0000,False,3.0300,4.5500,1.5000,13.4110,37.6897,1.1688,1.1952,7.9700,0.0931,0.0191,0.0902,0.3629,0.0390,0.1560,44.6090,0.5070,1262000000.0000,1687000064.0000,0.7481,22343950336,0.5070,5.6500,0.2300,204427720,4.7000,2.4800,4.3400,7.6900,0.0565,FCF/NI:0.75,1,5.5900,False,7-15d,XLF,,JPM|BAC|WFC,interest_rates|yield_curve|credit_spreads|loan_growth,56,2026-11-02,False,2020-02-10,1.1100,0.7300,52.5000,ALCISTA FUERTE,10,770.1900,8.5000,47.5000,14.5300,"Filtros estándar (Score ≥6.5, DD ≥10%)"
J,Jacobs Solutions,Industrials,Construction & Engineering,2007-10-26,146.2300,2026-09-07,56.8000,62.9900,DOWN,-0.9464,-0.5336,False,0.3894,3.1431,0.8420,2.1490,138.1900,132.0200,146.3600,5.8100,10.7600,True,-0.5433,ALCISTA,-4.6100,153.3000,166.6600,105.0900,-12.2600,39.1500,0.8410,True,142.0600,1,152.4600,True,-2.8500,NONE,6.7000,9.5000,5.0000,7.5000,7,5.0000,5.0000,False,4.3000,6.4500,1.5000,48.5814,17.7059,5.2469,1.2143,18.9080,0.0800,0.0455,0.0238,0.2207,0.3450,-0.2540,124.7340,1.2870,645677888.0000,359329984.0000,1.7969,17266966528,0.6790,4.4500,0.9800,118080879,4.8300,5.0000,4.4100,5.1400,0.0374,D/E:125,1,5.5800,False,10-18d,XLI,,CAT|UNP|HON,pmi_manufacturing|supply_chain|capex_cycle,73,2026-11-19,False,2026-08-04,1.8400,1.8300,80.0000,ALCISTA FUERTE,10,770.1900,8.5000,47.5000,14.5300,"Filtros estándar (Score ≥6.5, DD ≥10%)"
FCX,Freeport-McMoRan,Materials,Copper,2011-07-01,72.7300,2026-09-07,58.3400,61.5500,DOWN,-0.5391,0.0646,False,0.5057,3.0786,1.0660,4.2330,66.4000,60.7300,72.4700,9.5300,19.7500,True,5.5896,ALCISTA,-9.3600,80.2400,80.2400,34.7800,-9.3600,109.1400,0.5210,True,61.5800,1,71.5100,False,-15.3300,NONE,6.3500,10.0000,5.0000,7.5000,4,5.0000,5.0000,False,8.4700,12.7000,1.5000,35.6520,17.5873,5.1939,4.0375,12.8570,0.1475,0.0759,0.1139,0.3827,-0.0730,0.2810,32.1490,2.0660,2159249920.0000,2936000000.0000,0.7354,104441561088,1.4010,1.9300,0.8200,1436017523,5.0600,5.0000,6.1400,3.8800,0.0207,FCF/NI:0.74,1,5.5800,False,10-18d,XLB,,LIN|APD|ECL,commodity_prices|dxy|china_demand|energy_costs,45,2026-10-22,False,2026-07-23,0.7400,0.6200,18.5000,ALCISTA FUERTE,10,770.1900,8.5000,47.5000,14.5300,"Filtros estándar (Score ≥6.5, DD ≥10%)"
IRM,Iron Mountain,Real Estate,Other Specialized REITs,2009-01-06,116.8600,2026-09-07,27.0300,42.0400,DOWN,-0.8287,-1.0683,True,0.2782,4.1007,0.9580,3.5090,122.4500,108.6800,119.6900,-4.5700,7.5200,True,2.1443,NEUTRO,-13.2300,134.6800,134.6800,76.6200,-13.2300,52.5200,0.9060,False,114.3300,1,125.4000,True,-2.1600,NONE,6.9200,8.5000,8.5000,5.0000,7,6.5000,5.0000,False,7.0200,10.5300,1.5000,82.8794,42.8346,-27.1578,4.6003,21.5290,,0.0463,0.0554,0.5421,0.1850,,,0.7260,-436093504.0000,418655008.0000,-1.0417,34789552128,1.2040,3.6900,2.9600,297702812,4.6700,7.5000,4.3600,1.7300,-0.0125,FCF/NI:-1.04,1,5.5700,False,5-10d,XLRE,,PLD|AMT|EQIX,interest_rates|cap_rates|occupancy_trends,58,2026-11-04,False,2026-08-05,0.6000,0.5600,7.5000,ALCISTA FUERTE,10,770.1900,8.5000,47.5000,14.5300,"Filtros estándar (Score ≥6.5, DD ≥10%)"
ACN,Accenture,Information Technology,IT Consulting & Other Services,2011-07-06,186.7200,2026-09-07,67.2800,62.2400,UP,-0.5238,-0.1006,False,0.6481,6.5614,0.8500,3.5140,161.4500,199.9500,182.0100,15.6500,-6.6200,False,-2.8640,BAJISTA,-4.4000,195.3200,285.2100,116.7500,-34.5300,59.9400,1.0040,True,175.9000,2,197.0000,False,-5.8000,NONE,6.0000,6.5000,6.0000,7.5000,5,5.0000,5.0000,False,7.0300,10.5400,1.5000,14.9018,12.7409,3.5824,1.5631,8.8150,0.2441,0.1090,0.1066,0.3201,0.0560,0.0900,25.0350,1.3390,12089380864.0000,7789751808.0000,1.5520,114261827584,1.0920,3.2000,3.4900,611942109,5.2800,0.4500,6.5900,9.4000,0.1058,OK,0,5.5700,False,3-7d,XLK,,AAPL|MSFT|NVDA,interest_rates|ai_capex_cycle|semiconductor_cycle,24,2026-10-01,False,2026-06-18,3.8000,3.7100,2.5000,ALCISTA FUERTE,10,770.1900,8.5000,47.5000,14.5300,"Filtros estándar (Score ≥6.5, DD ≥10%)"
CEG,Constellation Energy,Utilities,Electric Utilities,2022-02-02,298.9600,2026-09-07,64.9400,56.5800,UP,1.5121,-0.0312,True,1.2182,9.6050,0.9960,3.2130,266.1300,295.4800,278.8200,12.3400,1.1800,False,-2.7691,ALCISTA,-0.2600,299.7300,410.4100,228.2800,-27.1600,30.9600,1.1810,True,281.0100,4,309.5100,False,-6.0000,BULL_ENGULF,6.9000,8.0000,7.0000,7.5000,6,5.0000,7.5000,False,6.4300,9.6400,1.5000,29.2524,22.4080,3.3218,3.3874,16.3820,0.1506,0.0389,0.1108,0.2211,0.2300,-0.4680,76.4190,1.4550,-6625124864.0000,3464999936.0000,-1.9120,105923731456,1.1170,3.4000,0.5700,354307379,4.6800,5.0000,6.2500,2.4800,-0.0625,FCF/NI:-1.91,1,5.5700,False,10-18d,XLU,,NEE|DUK|SO,interest_rates|regulatory_environment,63,2026-11-09,False,2026-08-06,2.5500,2.2800,11.7000,ALCISTA FUERTE,10,770.1900,8.5000,47.5000,14.5300,"Filtros estándar (Score ≥6.5, DD ≥10%)"
FE,FirstEnergy,Utilities,Electric Utilities,1997-11-28,46.7700,2026-09-07,42.8600,39.2200,UP,0.0394,-0.0972,True,0.5325,0.7736,0.8840,1.6540,47.4800,46.7200,46.7600,-1.4900,0.1100,True,0.4536,NEUTRO,-6.3800,49.9500,51.3000,41.2100,-8.8300,13.4800,1.0850,False,47.4200,8,49.9500,True,1.4000,HAMMER|HAMMER|DOJI,6.9000,8.5000,7.0000,5.0000,9,5.0000,7.0000,False,3.3100,4.9600,1.5000,25.0107,15.8575,2.0922,1.7302,10.6000,0.0949,0.0368,0.0694,0.6861,0.0880,0.0830,200.9080,0.5410,-2014625024.0000,1084999936.0000,-1.8568,27053225984,0.4410,5.4700,3.9800,578431175,4.6700,6.8500,4.1000,2.8000,-0.0745,FCF/NI:-1.86|D/E:201,2,5.5600,False,7-15d,XLU,,NEE|DUK|SO,interest_rates|regulatory_environment,44,2026-10-21,False,2026-07-28,0.5000,0.5000,-48.0000,ALCISTA FUERTE,10,770.1900,8.5000,47.5000,14.5300,"Filtros estándar (Score ≥6.5, DD ≥10%)"
WTW,Willis Towers Watson,Financials,Insurance Brokers,2016-01-05,334.7400,2026-09-07,56.7600,50.6500,UP,-2.3889,-2.3369,False,0.3356,7.2571,0.9310,2.1680,315.9900,298.8200,335.9500,5.9400,12.0200,True,0.6434,ALCISTA,-4.7700,351.5100,351.5100,239.7400,-4.7700,39.6300,1.0550,True,325.6600,1,345.5200,True,-2.7100,HAMMER|DOJI,7.2000,10.0000,6.0000,7.5000,7,5.0000,7.0000,False,4.3400,6.5000,1.5000,20.7398,14.6227,4.0495,3.0774,13.0010,0.1976,0.0508,0.1549,0.4252,0.0910,-0.2680,91.3900,1.0980,1415624960.0000,1564999936.0000,0.9046,31087951872,0.4170,4.8700,1.1500,92871937,4.4700,2.0500,5.7900,5.7600,0.0455,OK,0,5.5600,False,10-18d,XLF,,JPM|BAC|WFC,interest_rates|yield_curve|credit_spreads|loan_growth,52,2026-10-29,False,2026-07-30,3.3500,3.1100,7.8000,ALCISTA FUERTE,10,770.1900,8.5000,47.5000,14.5300,"Filtros estándar (Score ≥6.5, DD ≥10%)"
DOW,Dow Inc.,Materials,Commodity Chemicals,2019-04-01,29.4400,2026-09-07,40.3400,49.5300,DOWN,-0.1093,-0.0739,False,0.1013,1.0440,0.9020,3.5460,29.6900,30.8000,30.4000,-0.8600,-4.4200,False,2.8529,BAJISTA,-17.3700,35.6300,41.8200,19.6800,-29.6100,49.6000,1.1690,True,29.3900,1,32.3500,True,-0.1700,BULL_ENGULF,6.7500,5.5000,5.0000,7.5000,8,8.0000,7.5000,False,7.0900,10.6400,1.5000,,16.0364,1.3409,0.5147,9.5820,-0.0554,0.0130,-0.0313,0.0979,0.1970,,111.9130,1.7490,237624992.0000,-1300999936.0000,-0.1826,21265711104,0.4240,3.9200,4.7600,722340711,4.7600,7.5000,2.6300,4.0500,0.0112,FCF/NI:-0.18|D/E:112|ROE:-5.5%,3,5.5600,False,3-7d,XLB,,LIN|APD|ECL,commodity_prices|dxy|china_demand|energy_costs,45,2026-10-22,False,2026-07-23,1.4400,1.2800,12.6000,ALCISTA FUERTE,10,770.1900,8.5000,47.5000,14.5300,"Filtros estándar (Score ≥6.5, DD ≥10%)"
PNW,Pinnacle West Capital,Utilities,Multi-Utilities,1999-10-04,97.5200,2026-09-07,29.0900,41.0000,DOWN,0.0632,-0.0381,True,0.2569,1.4929,0.7610,1.5310,102.4300,97.0500,98.9000,-4.8000,0.4800,True,1.2499,NEUTRO,-11.4700,110.1600,110.1600,82.1400,-11.4700,18.7200,0.5190,True,97.4300,5,107.1700,True,-0.0900,NONE,8.0300,8.5000,8.5000,7.5000,9,8.5000,5.0000,True,3.0600,4.5900,1.5000,18.7178,17.5167,1.6800,2.1279,13.1940,0.0936,0.0233,0.1153,0.4335,0.0710,-0.0950,233.2880,0.5940,-929501376.0000,640105024.0000,-1.4521,11819153408,0.4370,6.6500,3.7300,121197234,3.9000,4.3400,4.0100,3.2500,-0.0786,FCF/NI:-1.45|D/E:233,2,5.5500,False,5-10d,XLU,,NEE|DUK|SO,interest_rates|regulatory_environment,57,2026-11-03,False,2026-08-04,1.4300,1.4700,-2.7000,ALCISTA FUERTE,10,770.1900,8.5000,47.5000,14.5300,"Filtros estándar (Score ≥6.5, DD ≥10%)"
BKR,Baker Hughes,Energy,Oil & Gas Equipment & Services,2017-07-07,63.5000,2026-09-07,40.1400,38.6600,UP,-0.0957,-0.1894,True,0.5038,1.5257,0.8520,2.4030,59.8400,58.1400,62.8000,6.1200,9.2100,True,2.8836,ALCISTA,-2.9600,65.4400,69.9200,43.2400,-9.1800,46.8400,0.9320,True,62.2600,3,64.1800,True,-1.9500,BULL_ENGULF,7.7500,10.0000,7.0000,7.5000,9,5.0000,7.5000,False,4.8100,7.2100,1.5000,20.4180,20.0899,3.1652,2.2736,12.9030,0.1646,0.0485,0.1117,0.2366,-0.0240,-0.0420,80.9250,2.0950,4415000064.0000,3096000000.0000,1.4260,63034802176,0.9610,2.7400,1.4500,992674071,4.0600,0.0000,5.8000,6.7500,0.0700,D/E:81,1,5.5400,False,10-18d,XLE,,XOM|CVX|COP,oil_price|gas_price|opec_supply|inventories,45,2026-10-22,False,2026-07-26,0.6400,0.4900,31.5000,ALCISTA FUERTE,10,770.1900,8.5000,47.5000,14.5300,"Filtros estándar (Score ≥6.5, DD ≥10%)"
GILD,Gilead Sciences,Health Care,Biotechnology,2004-07-01,151.0000,2026-09-07,70.7000,72.0200,DOWN,0.2769,0.3886,False,0.7941,3.6957,0.9620,2.4470,136.6000,133.3700,144.8500,10.5400,13.2200,True,1.9165,ALCISTA,-1.0200,152.5500,155.3800,106.4400,-2.8200,41.8600,1.1510,True,133.0200,1,,False,-11.9100,HAMMER,6.5500,10.0000,5.0000,7.5000,4,5.0000,7.0000,False,4.8900,7.3400,1.5000,,15.2704,15.8409,6.1473,14.2800,-0.2068,0.1409,-0.1064,0.7960,0.1020,,223.4650,1.2650,9768875008.0000,-3240000000.0000,-3.0151,187227029504,0.3500,3.4900,2.1700,1239955155,4.8700,6.1900,2.2500,6.3900,0.0522,FCF/NI:-3.02|D/E:223|ROE:-20.7%,3,5.5400,False,10-18d,XLV,,UNH|JNJ|LLY,fda_calendar|drug_pricing_policy|patent_cliffs,52,2026-10-29,False,2026-08-04,-6.7500,-7.2500,6.9000,ALCISTA FUERTE,10,770.1900,8.5000,47.5000,14.5300,"Filtros estándar (Score ≥6.5, DD ≥10%)"
MTD,Mettler Toledo,Health Care,Life Sciences Tools & Services,2016-09-06,1345.2600,2026-09-07,29.0400,39.4900,DOWN,-11.5267,-8.6276,False,-0.0533,36.0093,1.0000,2.6770,1360.6000,1319.4700,1386.1600,-1.1300,1.9500,True,-0.1086,NEUTRO,-8.7500,1474.1899,1525.1700,1023.0500,-11.8000,31.5000,0.6050,True,1230.1600,3,1321.4700,False,-8.5600,NONE,7.2000,8.0000,7.5000,7.5000,6,8.0000,5.0000,False,5.3500,8.0300,1.5000,30.3055,26.0197,2101.9688,6.5204,22.7640,,0.2110,0.2191,0.6026,0.0450,0.1830,16668.4470,1.1220,693589632.0000,905611008.0000,0.7659,26954383360,1.2200,4.3000,,20036559,4.4300,4.1200,4.9800,4.1600,0.0257,D/E:16668,1,5.5400,False,7-15d,XLV,,UNH|JNJ|LLY,fda_calendar|drug_pricing_policy|patent_cliffs,59,2026-11-05,False,2026-07-30,11.4600,10.8000,6.1000,ALCISTA FUERTE,10,770.1900,8.5000,47.5000,14.5300,"Filtros estándar (Score ≥6.5, DD ≥10%)"
AWK,American Water Works,Utilities,Water Utilities,2016-03-04,140.7000,2026-09-07,64.6900,58.0300,UP,0.1893,-0.0699,True,0.9360,2.8864,0.8990,2.0510,134.5600,129.9500,137.4700,4.5600,8.2700,True,0.6003,ALCISTA,-1.1000,142.2700,142.2700,118.8200,-1.1000,18.4200,0.9590,True,128.1200,5,140.2200,False,-8.9400,BULL_ENGULF,7.3000,10.0000,7.0000,7.5000,6,5.0000,7.5000,False,4.1000,6.1500,1.5000,24.3847,21.4292,2.3970,5.2917,15.0370,0.1009,0.0352,0.2135,0.6147,0.0620,0.0860,137.7450,0.5230,-1785374976.0000,1128000000.0000,-1.5828,27961167872,0.5800,4.5800,2.5400,198728989,4.3700,5.6600,4.4700,2.7600,-0.0639,FCF/NI:-1.58,1,5.5400,False,10-18d,XLU,,NEE|DUK|SO,interest_rates|regulatory_environment,51,2026-10-28,False,2026-07-29,1.6100,1.5500,4.0000,ALCISTA FUERTE,10,770.1900,8.5000,47.5000,14.5300,"Filtros estándar (Score ≥6.5, DD ≥10%)"
LITE,Lumentum,Information Technology,Communications Equipment,2026-03-23,881.2600,2026-09-07,42.0800,55.9200,DOWN,-6.0091,-0.6983,False,0.4853,62.1911,0.8060,7.0570,816.3900,685.2200,871.0200,7.9500,28.6100,True,10.8671,ALCISTA,-11.8500,999.6800,1085.6801,144.2000,-18.8300,511.1300,0.7700,True,849.8100,2,897.0000,True,-3.5700,HAMMER|DOJI,7.0000,10.0000,5.0000,7.5000,7,5.0000,7.0000,False,14.1100,21.1700,1.5000,,26.4632,16.8133,26.2271,97.3910,-2.4003,0.0582,-2.3010,0.4424,1.0930,,35.9870,1.6780,224700000.0000,-6935099904.0000,-0.0324,79048572928,1.5410,1.4500,,89700000,4.5600,7.5000,3.1600,2.7600,0.0028,FCF/NI:-0.03|ROE:-240.0%,2,5.5400,False,10-18d,XLK,,AAPL|MSFT|NVDA,interest_rates|ai_capex_cycle|semiconductor_cycle,59,2026-11-05,False,2026-08-11,3.2300,2.9700,8.8000,ALCISTA FUERTE,10,770.1900,8.5000,47.5000,14.5300,"Filtros estándar (Score ≥6.5, DD ≥10%)"
JNJ,Johnson & Johnson,Health Care,Pharmaceuticals,1973-06-30,275.2300,2026-09-07,63.6900,59.0100,UP,0.4532,-0.1660,True,0.8180,5.5665,0.9500,2.0220,260.7200,233.5000,268.1100,5.5600,17.8700,True,3.6061,ALCISTA,-2.0800,281.0700,281.0700,169.5100,-2.0800,62.3700,0.6880,True,263.8300,1,274.3300,False,-4.1400,HAMMER|DOJI|HAMMER|HAMMER|DOJI,6.9500,10.0000,7.0000,7.5000,4,5.0000,7.0000,False,4.0400,6.0700,1.5000,31.9663,22.3628,7.8004,6.7730,19.8310,0.2574,0.0859,0.2148,0.6814,0.0660,-0.0090,57.7090,1.0890,16885125120.0000,21037000704.0000,0.8026,663276421120,0.2350,2.7800,1.9500,2409898597,4.5900,2.2100,7.2300,4.2700,0.0255,OK,0,5.5300,False,10-18d,XLV,,UNH|LLY|ABBV,fda_calendar|drug_pricing_policy|patent_cliffs,36,2026-10-13,False,2026-07-15,2.9000,2.8500,1.6000,ALCISTA FUERTE,10,770.1900,8.5000,47.5000,14.5300,"Filtros estándar (Score ≥6.5, DD ≥10%)"
AOS,A. O. Smith,Industrials,Building Products,2017-07-26,60.4800,2026-09-07,46.4200,41.8100,UP,-0.3261,-0.5234,True,0.3098,1.6150,0.9410,2.6700,61.1500,64.5600,61.0600,-1.0900,-6.3200,False,-0.5749,BAJISTA,-6.0600,64.3800,80.9200,53.8300,-25.2600,12.3500,1.0570,True,61.0400,4,64.2600,True,0.9300,NONE,6.6500,5.0000,7.0000,7.5000,10,5.0000,5.0000,False,5.3400,8.0100,1.5000,16.8468,14.7852,4.4628,2.1603,11.1210,0.2713,0.1254,0.1315,0.3859,-0.0070,-0.1500,36.7660,1.5940,484612512.0000,500300000.0000,0.9686,8219750400,1.1530,6.2600,2.3800,110047214,4.7600,0.0000,6.7800,7.9700,0.0590,OK,0,5.5200,False,3-7d,XLI,,CAT|UNP|HON,pmi_manufacturing|supply_chain|capex_cycle,50,2026-10-27,False,2026-07-30,1.0300,0.9200,11.5000,ALCISTA FUERTE,10,770.1900,8.5000,47.5000,14.5300,"Filtros estándar (Score ≥6.5, DD ≥10%)"
KKR,KKR & Co.,Financials,Asset Management & Custody Banks,2024-06-24,107.7300,2026-09-07,47.6400,57.6500,DOWN,-0.5194,-0.5707,True,0.3860,3.2257,0.8660,2.9940,102.4800,105.3000,107.4900,5.1200,2.3000,False,-0.9694,ALCISTA,-7.5800,116.5700,151.0100,82.3500,-28.6600,30.8200,0.8340,True,97.0500,1,106.4800,False,-9.9100,HAMMER|DOJI,6.3500,8.0000,6.0000,7.5000,4,5.0000,7.0000,False,5.9900,8.9800,1.5000,34.4185,14.5455,3.3931,3.8516,,0.0728,0.0139,0.1220,0.5477,0.0780,0.4000,69.8120,0.8560,,2990256128.0000,,99498409984,1.7910,2.5800,0.7200,897635601,4.9700,6.6900,3.9000,4.2000,,OK,0,5.5200,False,10-18d,XLF,,JPM|BAC|WFC,interest_rates|yield_curve|credit_spreads|loan_growth,59,2026-11-05,False,2026-07-30,1.6300,1.4300,14.2000,ALCISTA FUERTE,10,770.1900,8.5000,47.5000,14.5300,"Filtros estándar (Score ≥6.5, DD ≥10%)"
FFIV,"F5, Inc.",Information Technology,Communications Equipment,2010-12-20,390.4700,2026-09-07,47.6700,43.3100,UP,-0.0239,0.8336,False,0.3714,12.1400,0.8590,3.1090,404.6600,327.2000,396.3100,-3.5100,19.3400,True,4.4155,NEUTRO,-10.2400,435.0000,435.0000,223.7600,-10.2400,74.5000,0.6620,True,381.9300,1,404.0000,True,-2.1900,HAMMER,6.9000,8.5000,6.0000,7.5000,7,5.0000,7.0000,False,6.2200,9.3300,1.5000,31.1628,21.6007,5.7548,6.6815,22.4820,0.1983,0.0798,0.2195,0.8187,0.1090,0.1140,6.5460,1.6650,717135488.0000,726510016.0000,0.9871,22111215616,1.0300,1.7400,,56627182,4.5900,1.3900,6.9100,5.6300,0.0324,OK,0,5.5100,False,7-15d,XLK,,AAPL|MSFT|NVDA,interest_rates|ai_capex_cycle|semiconductor_cycle,49,2026-10-26,False,2026-07-27,4.7300,4.0000,18.2000,ALCISTA FUERTE,10,770.1900,8.5000,47.5000,14.5300,"Filtros estándar (Score ≥6.5, DD ≥10%)"
TPL,Texas Pacific Land Corporation,Energy,Oil & Gas Exploration & Production,2024-11-26,362.4200,2026-09-07,51.5500,56.6600,DOWN,0.9226,1.8679,False,0.4378,13.5410,0.7800,3.7360,387.3400,390.4200,370.1400,-6.4300,-7.1700,False,1.2697,BAJISTA,-18.2400,443.2900,544.8600,268.0800,-33.4800,35.1900,0.7400,True,360.6200,1,396.1400,True,-0.5000,HAMMER|DOJI,6.5500,5.5000,5.0000,7.5000,8,7.0000,7.0000,False,7.4700,11.2100,1.5000,46.2861,4.9565,16.0661,27.8514,33.3980,0.3657,0.2581,0.6032,0.9334,0.3120,0.3270,1.0770,4.5520,-32836124.0000,541416000.0000,-0.0606,24997804032,0.6180,12.6800,0.6600,68974683,4.8000,3.8700,8.2500,1.8600,-0.0013,FCF/NI:-0.06,1,5.5000,False,3-7d,XLE,,XOM|CVX|COP,oil_price|gas_price|opec_supply|inventories,58,2026-11-04,False,2026-08-05,2.2300,2.1800,2.1000,ALCISTA FUERTE,10,770.1900,8.5000,47.5000,14.5300,"Filtros estándar (Score ≥6.5, DD ≥10%)"
EL,Estée Lauder Companies (The),Consumer Staples,Personal Care Products,2006-01-05,103.8600,2026-09-07,77.5600,74.8600,UP,0.0705,0.6729,False,0.7298,4.2101,1.3850,4.0540,88.2300,91.6000,97.4900,17.7100,13.3800,False,0.4111,ALCISTA,-3.8400,108.0100,120.3800,65.7400,-13.7300,57.9800,1.1760,False,83.5700,1,108.0100,False,-19.5400,HAMMER|BULL_ENGULF,6.2000,8.5000,6.0000,5.0000,4,5.0000,9.5000,False,8.1100,12.1600,1.5000,207.7200,26.5388,9.8726,2.4969,17.6470,0.0474,0.0523,0.0121,0.7549,0.0630,,242.9320,1.2220,1812125056.0000,182000000.0000,9.9567,37576019968,1.2740,3.3800,1.3500,247287571,5.0100,5.8200,4.1200,5.1100,0.0482,D/E:243,1,5.4900,False,10-18d,XLP,,PG|KO|PEP,inflation|input_costs|fx_rates,56,2026-11-02,False,2026-08-19,0.3900,0.3200,22.1000,ALCISTA FUERTE,10,770.1900,8.5000,47.5000,14.5300,"Filtros estándar (Score ≥6.5, DD ≥10%)"
CCL,Carnival Corporation,Consumer Discretionary,"Hotels, Resorts & Cruise Lines",1998-12-22,23.5100,2026-09-07,19.3300,25.3700,DOWN,-0.2987,-0.3976,True,0.1592,0.7736,0.7160,3.2900,26.7500,27.5100,25.3700,-12.1000,-14.5500,False,-0.5067,BAJISTA,-25.2100,31.4400,33.4900,23.0800,-29.8000,1.8600,0.8780,False,23.3600,2,27.7300,True,-0.6400,HAMMER|HAMMER,6.7200,5.0000,8.5000,5.0000,7,8.5000,7.0000,False,6.5800,9.8700,1.5000,10.5901,8.9302,2.4873,1.1790,7.6890,0.2669,0.0537,0.1124,0.5568,0.0530,-0.0650,201.5560,0.3340,1899374976.0000,3068999936.0000,0.6189,32200452096,2.3120,2.0400,1.9100,1369649119,4.6700,1.9500,4.0000,8.6400,0.0590,FCF/NI:0.62|D/E:202,2,5.4900,False,5-10d,XLY,,AMZN|TSLA|HD,consumer_spending|employment_data|interest_rates,21,2026-09-28,False,2026-06-23,0.4100,0.3400,21.1000,ALCISTA FUERTE,10,770.1900,8.5000,47.5000,14.5300,"Filtros estándar (Score ≥6.5, DD ≥10%)"
NVR,"NVR, Inc.",Consumer Discretionary,Homebuilding,2019-09-26,6298.8501,2026-09-07,50.0000,55.1800,DOWN,-1.0342,-0.1945,False,0.2952,140.0765,0.7580,2.2240,6416.5900,6808.2600,6345.3200,-1.8300,-7.4800,False,-1.4382,BAJISTA,-9.4500,6956.4800,8618.2803,5501.0098,-26.9100,14.5000,0.9180,False,6253.4399,3,6528.5898,True,-0.7200,HAMMER|DOJI|HAMMER|DOJI,6.4800,5.0000,5.0000,5.0000,10,8.5000,7.0000,False,4.4500,6.6700,1.5000,16.3666,15.3024,4.9744,1.7428,10.9220,0.3154,0.1655,0.1185,0.2184,-0.1090,-0.2260,32.1500,5.6700,918313280.0000,1141319936.0000,0.8046,16785553408,0.9130,3.1100,,2664860,4.8200,0.0000,7.5100,7.3000,0.0547,RevG:-10.9%,1,5.4800,False,3-7d,XLY,,AMZN|TSLA|HD,consumer_spending|employment_data|interest_rates,44,2026-10-21,False,2026-07-23,83.9600,89.9800,-6.7000,ALCISTA FUERTE,10,770.1900,8.5000,47.5000,14.5300,"Filtros estándar (Score ≥6.5, DD ≥10%)"
VTR,Ventas,Real Estate,Health Care REITs,2009-03-04,90.2700,2026-09-07,44.4600,49.5200,DOWN,-0.1603,-0.0479,False,0.2887,1.7879,0.8090,1.9810,92.8200,84.5000,92.0900,-2.7400,6.8200,True,2.3053,NEUTRO,-11.1500,101.6000,101.6000,64.7200,-11.1500,39.4700,1.1780,True,90.0400,2,94.5500,True,-0.2500,HAMMER|DOJI,6.9300,8.5000,5.0000,7.5000,7,6.5000,7.0000,False,3.9600,5.9400,1.5000,164.1273,114.2658,3.1608,7.2135,25.0270,0.0201,0.0217,0.0409,0.3997,0.2170,-0.0670,84.9280,0.2950,1486853504.0000,262731008.0000,5.6592,46303666176,0.7240,7.0800,2.3000,512946359,4.5100,5.0000,4.4000,4.0700,0.0321,D/E:85,1,5.4800,False,7-15d,XLRE,,PLD|AMT|EQIX,interest_rates|cap_rates|occupancy_trends,51,2026-10-28,False,2026-07-29,0.1700,0.1100,51.7000,ALCISTA FUERTE,10,770.1900,8.5000,47.5000,14.5300,"Filtros estándar (Score ≥6.5, DD ≥10%)"
LULU,Lululemon Athletica,Consumer Discretionary,"Apparel, Accessories & Luxury Goods",2023-10-18,100.6100,2026-09-07,36.4600,41.3100,DOWN,-1.1465,-0.2452,False,-0.3570,6.0971,1.3330,6.0600,118.4000,152.7700,117.8300,-15.0300,-34.1400,False,-3.3155,BAJISTA,-21.9200,128.8600,225.9800,97.9900,-55.4800,2.6700,6.1890,False,,0,122.0000,False,,HAMMER,5.8000,5.0000,6.5000,5.0000,4,8.0000,7.0000,False,12.1200,18.1800,1.5000,8.2807,10.8719,2.3856,1.0040,4.9880,0.3090,0.1440,0.1278,0.5490,-0.0430,-0.0590,44.6890,2.1900,1148515840.0000,1417976960.0000,0.8100,11138535424,0.8640,4.3800,,105594064,5.2600,0.0000,7.0300,9.3300,0.1031,OK,0,5.4800,False,3-7d,XLY,,AMZN|TSLA|HD,consumer_spending|employment_data|interest_rates,-4,2026-12-10,False,2026-09-03,2.9200,1.7900,63.3000,ALCISTA FUERTE,10,770.1900,8.5000,47.5000,14.5300,"Filtros estándar (Score ≥6.5, DD ≥10%)"
MRK,Merck & Co.,Health Care,Pharmaceuticals,1957-03-04,150.3300,2026-09-07,65.1000,68.7700,DOWN,-0.2087,0.1864,False,0.6517,4.8821,1.3290,3.2480,134.5900,117.4400,145.5000,11.7000,28.0000,True,5.3184,ALCISTA,-4.2000,156.9200,156.9200,75.8100,-4.2000,98.2900,0.4040,True,145.7500,1,156.9200,True,-3.0500,HAMMER|DOJI|HAMMER,7.0000,10.0000,5.0000,7.5000,7,5.0000,7.0000,False,6.5000,9.7400,1.5000,120.2640,15.7476,8.8502,5.5715,14.4680,0.0696,0.1187,0.0477,0.7590,0.0510,,128.4080,1.3230,15171500032.0000,3172999936.0000,4.7814,370889916416,0.2260,2.8000,2.2600,2467171638,4.4600,4.1000,4.6600,4.6700,0.0409,D/E:128,1,5.4800,False,10-18d,XLV,,UNH|JNJ|LLY,fda_calendar|drug_pricing_policy|patent_cliffs,52,2026-10-29,False,2026-08-04,-0.1300,-0.2600,49.4000,ALCISTA FUERTE,10,770.1900,8.5000,47.5000,14.5300,"Filtros estándar (Score ≥6.5, DD ≥10%)"
EFX,Equifax,Industrials,Research & Consulting Services,1997-06-19,177.0500,2026-09-07,50.7600,65.6900,DOWN,-1.4394,-0.3244,False,0.0949,7.1097,1.0020,4.0160,177.7200,186.6200,185.2600,-0.3800,-5.1300,False,-1.3930,BAJISTA,-10.2800,197.3300,268.7700,150.3200,-34.1300,17.7900,2.5880,True,177.7000,4,181.8100,True,0.3700,HAMMER|DOJI,6.9000,5.0000,5.0000,7.5000,10,8.0000,7.0000,False,8.0300,12.0500,1.5000,31.1708,17.4584,4.7534,3.2277,13.6350,0.1427,0.0616,0.1073,0.5554,0.1060,0.0070,120.9560,0.6020,947537472.0000,691400000.0000,1.3705,20800700416,1.3050,3.8800,1.2700,117484896,4.5100,2.9200,4.6200,6.2400,0.0456,D/E:121,1,5.4700,False,3-7d,XLI,,CAT|UNP|HON,pmi_manufacturing|supply_chain|capex_cycle,43,2026-10-20,False,2026-07-21,2.2500,2.2000,2.3000,ALCISTA FUERTE,10,770.1900,8.5000,47.5000,14.5300,"Filtros estándar (Score ≥6.5, DD ≥10%)"
WM,Waste Management,Industrials,Environmental & Facilities Services,1998-08-31,218.9900,2026-09-07,39.3800,32.4000,UP,-0.1668,-0.5093,True,0.1795,3.6457,0.7730,1.6650,228.3300,224.1600,222.6800,-4.0900,-2.3100,True,0.8975,BAJISTA,-11.3900,247.1500,247.1500,191.7700,-11.3900,14.2000,1.2210,False,220.2900,3,231.5300,True,0.5900,HAMMER|DOJI|HAMMER,7.5800,7.0000,8.5000,5.0000,10,8.5000,7.0000,False,3.3300,4.9900,1.5000,30.9745,24.0141,8.8249,3.4104,14.1930,0.2984,0.0657,0.1111,0.4060,0.0400,0.0830,235.3010,0.9070,2348375040.0000,2852999936.0000,0.8231,87533633536,0.4310,3.1900,1.7300,399715184,4.0300,2.1800,5.5000,4.4800,0.0268,D/E:235,1,5.4500,False,3-7d,XLI,,CAT|UNP|HON,pmi_manufacturing|supply_chain|capex_cycle,49,2026-10-26,False,2026-07-28,2.0200,1.9800,2.1000,ALCISTA FUERTE,10,770.1900,8.5000,47.5000,14.5300,"Filtros estándar (Score ≥6.5, DD ≥10%)"
MLM,Martin Marietta Materials,Materials,Construction Materials,2014-07-02,514.7700,2026-09-07,39.4800,39.1700,UP,-0.9417,-1.3568,True,0.2091,13.0391,0.7670,2.5330,551.7400,599.1700,528.4000,-6.7000,-14.0900,False,-1.3286,BAJISTA,-19.7100,641.1400,707.9400,502.5600,-27.2900,2.4300,1.1520,False,522.5900,3,590.3600,True,1.5200,NONE,6.8200,5.0000,8.5000,5.0000,9,8.5000,5.0000,False,5.0700,7.6000,1.5000,33.4483,23.9131,2.6773,5.4663,17.4770,0.0889,0.0457,0.3674,0.2823,0.2100,-0.2320,54.9450,1.4070,593374976.0000,930000000.0000,0.6380,36558651392,1.1010,4.0500,0.6500,71019382,4.5300,5.0000,4.6400,3.8400,0.0162,FCF/NI:0.64,1,5.4500,False,3-7d,XLB,,LIN|APD|ECL,commodity_prices|dxy|china_demand|energy_costs,57,2026-11-03,False,2026-07-30,5.0000,4.6400,7.6000,ALCISTA FUERTE,10,770.1900,8.5000,47.5000,14.5300,"Filtros estándar (Score ≥6.5, DD ≥10%)"
Q,Qnity Electronics,Information Technology,Semiconductor Materials & Equipment,2025-11-03,120.4700,2026-09-07,28.1300,34.8500,DOWN,-0.8141,-1.4943,True,0.2636,5.6477,0.6890,4.6880,135.5100,121.4800,126.3100,-11.1000,-0.8300,True,,BAJISTA,-32.0000,177.1600,177.1600,70.3200,-32.0000,71.3200,0.7740,True,106.0500,1,122.5400,False,-11.9700,HAMMER,7.2300,6.5000,8.5000,7.5000,5,8.5000,7.0000,True,9.3800,14.0600,1.5000,43.1792,22.3999,3.4742,4.8405,19.0410,0.0672,0.0530,0.1125,0.4622,0.2210,-0.3430,59.9920,2.0080,772249984.0000,586000000.0000,1.3178,25219094528,,2.2600,0.2700,209339207,4.2700,2.7200,4.7300,5.5500,0.0306,OK,0,5.4500,False,3-7d,XLK,,AAPL|MSFT|NVDA,interest_rates|ai_capex_cycle|semiconductor_cycle,70,2026-11-16,False,2026-08-04,1.1900,1.0700,11.0000,ALCISTA FUERTE,10,770.1900,8.5000,47.5000,14.5300,"Filtros estándar (Score ≥6.5, DD ≥10%)"
TEL,TE Connectivity,Information Technology,Electronic Manufacturing Services,2011-10-17,208.6500,2026-09-07,41.7400,36.7400,UP,0.1803,-0.3980,True,0.5530,5.9502,0.8390,2.8520,204.9600,214.6700,206.4400,1.8000,-2.8000,False,-1.3885,BAJISTA,-5.6400,221.1200,250.6100,189.5300,-16.7400,10.0900,1.0500,False,199.6200,4,204.8700,False,-4.3300,NONE,6.0000,6.5000,7.0000,5.0000,7,5.0000,5.0000,False,5.7000,8.5600,1.5000,20.4559,16.1668,4.5671,3.1309,13.1560,0.2329,0.0969,0.1561,0.3612,0.1380,0.1920,43.4410,1.8760,2336875008.0000,3017999872.0000,0.7743,60496117760,1.1580,3.2800,1.5000,289940672,5.0600,2.3600,6.0500,7.0500,0.0386,OK,0,5.4400,False,3-7d,XLK,,AAPL|MSFT|NVDA,interest_rates|ai_capex_cycle|semiconductor_cycle,51,2026-10-28,False,2026-07-22,2.9400,2.8400,3.3000,ALCISTA FUERTE,10,770.1900,8.5000,47.5000,14.5300,"Filtros estándar (Score ≥6.5, DD ≥10%)"
DTE,DTE Energy,Utilities,Multi-Utilities,1957-03-04,136.0800,2026-09-07,30.4200,46.8600,DOWN,0.2275,0.0445,True,0.3100,2.0471,0.7590,1.5040,143.5100,140.1600,137.9000,-5.1800,-2.9100,True,0.1848,BAJISTA,-12.6300,155.7500,155.7500,124.2600,-12.6300,9.5100,0.9660,True,138.6600,2,151.5400,True,1.9000,HAMMER|DOJI|HAMMER,7.3500,7.0000,7.5000,7.5000,8,7.0000,7.0000,True,3.0100,4.5100,1.5000,21.5658,16.2673,2.3308,1.7198,15.5160,0.1103,0.0277,0.0800,0.2935,-0.0150,0.2240,229.0600,0.8020,-2596624896.0000,1314000000.0000,-1.9761,28316624896,0.3880,3.2000,3.4200,208088069,4.1500,5.0000,4.3500,2.9100,-0.0917,FCF/NI:-1.98|D/E:229,2,5.4300,False,3-7d,XLU,,NEE|DUK|SO,interest_rates|regulatory_environment,52,2026-10-29,False,2026-07-28,1.3200,1.1400,16.3000,ALCISTA FUERTE,10,770.1900,8.5000,47.5000,14.5300,"Filtros estándar (Score ≥6.5, DD ≥10%)"
DPZ,Domino's,Consumer Discretionary,Restaurants,2020-05-12,341.0800,2026-09-07,53.6800,51.2500,UP,-0.9083,-1.5141,True,0.3885,11.3250,0.9970,3.3200,333.6900,362.0400,343.3500,2.2100,-5.7900,False,-1.5941,BAJISTA,-8.3500,372.1600,458.3800,282.0000,-25.5900,20.9500,0.7800,False,344.1800,1,351.9600,True,0.9100,HAMMER|DOJI,6.3500,6.5000,7.0000,5.0000,8,5.0000,7.0000,False,6.6400,9.9600,1.5000,19.3466,16.3441,-2.8322,2.2442,15.8680,,0.3389,0.1186,0.2871,0.0430,0.0680,,1.5380,531496512.0000,596523008.0000,0.8910,11283518464,0.9460,3.0600,2.3300,33081735,4.8200,3.2500,5.8500,5.4600,0.0471,OK,0,5.4300,False,3-7d,XLY,,AMZN|TSLA|HD,consumer_spending|employment_data|interest_rates,36,2026-10-13,False,2026-07-20,4.0700,4.1700,-2.4000,ALCISTA FUERTE,10,770.1900,8.5000,47.5000,14.5300,"Filtros estándar (Score ≥6.5, DD ≥10%)"
HRL,Hormel Foods,Consumer Staples,Packaged Foods & Meats,2009-03-04,21.5400,2026-09-07,26.2500,20.9600,UP,-0.2066,-0.2895,True,0.1431,0.5786,0.9780,2.6860,24.3800,23.0000,23.0500,-11.6400,-6.3700,True,0.7291,BAJISTA,-18.5000,26.4300,26.4300,19.4700,-18.5000,10.6500,0.7020,False,21.1400,1,21.7700,True,-1.8600,DOJI,7.2000,7.0000,9.5000,5.0000,8,8.0000,5.0000,False,5.3700,8.0600,1.5000,34.7419,13.8652,1.5114,0.9759,9.1150,0.0429,0.0463,0.0282,0.1574,-0.0290,-0.0510,4.2440,1.8820,621551616.0000,342711008.0000,1.8136,11854556160,0.3150,5.0700,5.4300,550350800,4.2500,0.0000,5.9800,7.1800,0.0524,OK,0,5.4300,False,5-10d,XLP,,PG|KO|PEP,inflation|input_costs|fx_rates,-11,2026-12-03,False,2026-08-27,0.3700,0.3500,4.6000,ALCISTA FUERTE,10,770.1900,8.5000,47.5000,14.5300,"Filtros estándar (Score ≥6.5, DD ≥10%)"
AJG,Arthur J. Gallagher & Co.,Financials,Insurance Brokers,2016-05-31,262.6900,2026-09-07,62.8100,64.0600,DOWN,-0.2731,-0.0083,False,0.6066,7.3186,0.9820,2.7860,253.6900,233.1100,260.4200,3.5500,12.6900,True,0.0465,ALCISTA,-3.7000,272.7900,310.7300,190.1200,-15.4600,38.1700,0.7440,True,240.9000,2,261.9200,False,-8.2900,HAMMER,6.5500,10.0000,5.0000,7.5000,4,5.0000,7.0000,False,5.5700,8.3600,1.5000,43.4917,17.6412,2.8388,4.4568,18.6750,0.0672,0.0232,0.1038,0.4319,0.3090,-0.1070,59.4010,1.0530,2082300032.0000,1568000000.0000,1.3280,67338215424,0.5060,4.3400,1.0700,256341000,4.6800,5.0000,4.7600,4.2200,0.0309,OK,0,5.4300,False,10-18d,XLF,,JPM|BAC|WFC,interest_rates|yield_curve|credit_spreads|loan_growth,52,2026-10-29,False,2026-07-30,2.8400,2.8100,94.0000,ALCISTA FUERTE,10,770.1900,8.5000,47.5000,14.5300,"Filtros estándar (Score ≥6.5, DD ≥10%)"
SPGI,S&P Global,Financials,Financial Exchanges & Data,1957-03-04,443.5100,2026-09-07,69.2800,73.3600,DOWN,1.6841,2.0449,False,0.8007,11.8615,0.9700,2.6740,425.6100,428.1400,431.9700,4.2100,3.5900,False,-0.7593,ALCISTA,-3.7900,460.9800,518.8800,358.5500,-14.5300,23.6900,0.8270,False,409.3700,4,449.3100,False,-7.7000,NONE,5.7500,8.0000,5.0000,5.0000,6,5.0000,5.0000,False,5.3500,8.0200,1.5000,27.0268,21.9350,4.1506,8.1098,18.1140,0.1426,0.0703,0.3054,0.7090,0.1040,0.1770,42.9800,0.9540,5448249856.0000,4922999808.0000,1.1067,130746753024,1.0770,3.8300,0.8700,294800000,5.2000,4.6300,5.7400,5.2300,0.0417,OK,0,5.4200,False,10-18d,XLF,,JPM|BAC|WFC,interest_rates|yield_curve|credit_spreads|loan_growth,52,2026-10-29,False,2026-07-28,4.8700,5.0200,-2.9000,ALCISTA FUERTE,10,770.1900,8.5000,47.5000,14.5300,"Filtros estándar (Score ≥6.5, DD ≥10%)"
BLDR,Builders FirstSource,Industrials,Building Products,2023-12-18,65.7900,2026-09-07,39.6300,41.0100,DOWN,-0.4023,-0.5679,True,0.2626,2.9021,0.7680,4.4110,73.1500,90.1200,68.2300,-10.0600,-27.0000,False,-4.6562,BAJISTA,-27.6700,90.9600,151.0300,62.3100,-56.4400,5.5800,1.2890,False,65.1000,2,76.3400,True,-1.0500,DOJI|HAMMER|BULL_ENGULF,6.7800,5.0000,7.5000,5.0000,7,8.5000,9.5000,False,8.8200,13.2300,1.5000,71.5109,14.7312,1.7674,0.4899,11.9820,0.0251,0.0239,0.0071,0.2919,-0.0880,,130.7860,1.7890,464577120.0000,102550000.0000,4.5302,7078770688,1.4120,3.2100,,107596457,4.5200,2.5000,4.1800,7.2800,0.0656,D/E:131,1,5.4200,False,3-7d,XLI,,CAT|UNP|HON,pmi_manufacturing|supply_chain|capex_cycle,52,2026-10-29,False,2026-07-30,1.1700,1.2700,-8.1000,ALCISTA FUERTE,10,770.1900,8.5000,47.5000,14.5300,"Filtros estándar (Score ≥6.5, DD ≥10%)"
BDX,Becton Dickinson,Health Care,Health Care Equipment,1972-09-30,184.7400,2026-09-07,55.4200,68.3400,DOWN,-1.3347,-0.7999,False,0.4023,4.1729,0.9870,2.2590,170.0000,158.6100,183.9900,8.6700,16.4800,True,2.8471,ALCISTA,-4.3100,193.0700,193.0700,125.2100,-4.3100,47.5500,0.8830,True,151.2800,5,193.0700,False,-18.1100,DOJI|HAMMER,6.8500,10.0000,5.0000,7.5000,6,5.0000,7.0000,False,4.5200,6.7800,1.5000,31.9619,13.8981,2.0610,2.2381,10.8510,0.0661,0.0434,0.0419,0.4694,0.0540,-0.3140,68.8400,0.8650,4478374912.0000,1648000000.0000,2.7175,50320740352,0.2760,5.0700,2.2700,272386800,4.4500,1.7200,4.8300,7.1900,0.0890,OK,0,5.4100,False,10-18d,XLV,,UNH|JNJ|LLY,fda_calendar|drug_pricing_policy|patent_cliffs,59,2026-11-05,False,2026-08-06,3.2300,3.1400,2.9000,ALCISTA FUERTE,10,770.1900,8.5000,47.5000,14.5300,"Filtros estándar (Score ≥6.5, DD ≥10%)"
VICI,Vici Properties,Real Estate,Hotel & Resort REITs,2022-06-08,25.4200,2026-09-07,40.4300,46.6900,DOWN,-0.0649,-0.0667,True,0.0891,0.4177,0.7900,1.6430,26.3800,27.2900,26.0000,-3.6500,-6.8500,False,-1.0710,BAJISTA,-9.9700,28.2400,31.7600,25.3400,-19.9700,0.3200,1.8660,False,,0,28.5900,False,,HAMMER|HAMMER,6.1500,5.0000,6.0000,5.0000,5,10.0000,7.0000,False,3.2900,4.9300,1.5000,9.8527,8.5017,0.9595,6.8307,12.6300,0.0985,0.0482,0.6750,0.9927,0.0570,-0.4140,60.2770,11.2360,267028992.0000,2765718016.0000,0.0965,27989389312,0.6820,2.8100,7.2400,1101077562,4.9100,2.7300,6.1100,6.0700,0.0095,FCF/NI:0.10,1,5.4100,False,3-7d,XLRE,,PLD|AMT|EQIX,interest_rates|cap_rates|occupancy_trends,52,2026-10-29,False,2026-07-29,0.4800,0.7100,-31.8000,ALCISTA FUERTE,10,770.1900,8.5000,47.5000,14.5300,"Filtros estándar (Score ≥6.5, DD ≥10%)"
CMI,Cummins,Industrials,Construction Machinery & Heavy Transportation Equipment,1965-03-31,560.7500,2026-09-07,17.9100,19.3100,DOWN,-2.3665,-4.3371,True,0.2631,15.6903,0.6470,2.7980,630.8600,596.2100,585.3900,-11.1100,-5.9500,True,2.6475,BAJISTA,-23.7100,735.0200,735.0200,384.4900,-23.7100,45.8400,1.1670,False,506.5700,1,560.7700,False,-9.6600,NONE,6.6200,7.0000,8.5000,5.0000,5,8.5000,5.0000,False,5.6000,8.3900,1.5000,28.6536,16.2517,6.0088,2.2294,16.4570,0.2111,0.0700,0.0782,0.2577,0.0940,0.0470,59.5860,1.7270,2229374976.0000,2715000064.0000,0.8211,77377372160,1.2260,2.2800,1.5700,137989067,4.6000,3.1000,5.8600,4.8800,0.0288,OK,0,5.4100,False,3-7d,XLI,,CAT|UNP|HON,pmi_manufacturing|supply_chain|capex_cycle,59,2026-11-05,False,2026-08-04,6.7300,7.1700,-6.1000,ALCISTA FUERTE,10,770.1900,8.5000,47.5000,14.5300,"Filtros estándar (Score ≥6.5, DD ≥10%)"
SW,Smurfit Westrock,Materials,Paper & Plastic Packaging Products & Materials,2024-07-08,45.8300,2026-09-07,40.1800,54.9700,DOWN,-0.5385,-0.4374,False,0.1462,1.4150,0.7920,3.0870,46.4200,41.6800,47.2000,-1.2800,9.9400,True,2.7305,NEUTRO,-11.0400,51.5200,51.5200,31.7900,-11.0400,44.1800,0.6180,True,37.8200,1,49.7400,False,-17.4900,DOJI,6.8000,8.5000,5.0000,7.5000,4,10.0000,5.0000,False,6.1700,9.2600,1.5000,48.7553,13.4839,1.3310,0.7674,8.1990,0.0272,0.0262,0.0159,0.1816,0.0110,,78.4270,1.4470,1215000064.0000,497000000.0000,2.4447,24038885376,0.9310,4.1900,3.9500,524522908,4.4600,2.5000,4.4500,6.7600,0.0505,OK,0,5.4000,False,7-15d,XLB,,LIN|APD|ECL,commodity_prices|dxy|china_demand|energy_costs,51,2026-10-28,False,2026-07-29,0.3500,0.4200,-16.9000,ALCISTA FUERTE,10,770.1900,8.5000,47.5000,14.5300,"Filtros estándar (Score ≥6.5, DD ≥10%)"
SO,Southern Company,Utilities,Electric Utilities,1957-03-04,88.1100,2026-09-07,24.7600,35.8900,DOWN,-0.1141,-0.2711,True,0.1856,1.3621,0.7830,1.5460,92.8400,91.0400,89.9800,-5.1000,-3.2200,True,-0.0138,BAJISTA,-10.5000,98.4500,98.4500,81.7900,-10.5000,7.7300,1.3230,False,88.2900,1,97.3400,True,0.2100,HAMMER|HAMMER|HAMMER,7.1800,6.5000,8.5000,5.0000,8,8.5000,7.0000,False,3.0900,4.6400,1.5000,21.2313,17.8929,2.5615,3.3586,12.5010,0.1148,0.0327,0.1543,0.4829,0.0010,0.3040,182.0580,0.7870,-3913374976.0000,4657999872.0000,-0.8401,101358485504,0.3160,6.3400,3.4500,1150362966,4.2100,5.0000,4.5500,2.8900,-0.0386,FCF/NI:-0.84|D/E:182,2,5.4000,False,5-10d,XLU,,NEE|DUK|D,interest_rates|regulatory_environment,52,2026-10-29,False,2026-07-30,1.1300,1.0100,11.8000,ALCISTA FUERTE,10,770.1900,8.5000,47.5000,14.5300,"Filtros estándar (Score ≥6.5, DD ≥10%)"
SOLV,Solventum,Health Care,Health Care Technology,2024-04-01,91.6900,2026-09-07,80.1700,72.6800,UP,-0.0681,0.0035,False,0.7372,2.0047,0.7900,2.1860,84.0100,77.3900,89.3800,9.1400,18.4800,True,2.3491,ALCISTA,-2.6200,94.1600,94.1600,62.3800,-2.6200,46.9900,0.5810,True,76.7700,1,90.0000,False,-16.2700,NONE,6.8500,10.0000,6.0000,7.5000,4,7.0000,5.0000,False,4.3700,6.5600,1.5000,11.2090,12.6930,3.2496,1.8782,17.9980,0.3396,0.0270,0.1726,0.5478,0.0220,0.0390,110.3130,1.0210,489000000.0000,1434000000.0000,0.3410,15607814144,0.6870,2.8400,,170223729,4.4100,0.6000,5.9100,7.0900,0.0313,FCF/NI:0.34|D/E:110,2,5.3900,False,10-18d,XLV,,UNH|JNJ|LLY,fda_calendar|drug_pricing_policy|patent_cliffs,59,2026-11-05,False,2026-08-05,2.5500,1.9100,33.8000,ALCISTA FUERTE,10,770.1900,8.5000,47.5000,14.5300,"Filtros estándar (Score ≥6.5, DD ≥10%)"
CMCSA,Comcast,Communication Services,Cable & Satellite,2002-11-19,26.4900,2026-09-07,59.2000,67.3500,DOWN,-0.1025,-0.0594,False,0.5401,0.5950,0.7620,2.2460,24.8200,26.4300,26.2300,6.7100,0.2400,False,0.3759,ALCISTA,-3.1400,27.3500,32.0500,21.2800,-17.3400,24.4800,0.8500,True,24.2400,3,27.0700,False,-8.4800,NONE,6.6500,8.5000,5.0000,7.5000,6,7.0000,5.0000,False,4.4900,6.7400,1.5000,8.4904,7.3132,1.0466,0.7526,5.1920,0.1149,0.0431,0.0897,0.6939,-0.0120,-0.6680,100.4740,0.7960,12697624576.0000,11198999552.0000,1.1338,94003388416,0.6620,2.4400,4.9800,3539192198,4.5500,0.0000,5.0600,9.2700,0.1351,D/E:100,1,5.3900,False,10-18d,XLC,,GOOGL|META|NFLX,ad_spending_cycle|streaming_competition|regulation,52,2026-10-29,False,2026-07-23,1.0400,0.9700,7.6000,ALCISTA FUERTE,10,770.1900,8.5000,47.5000,14.5300,"Filtros estándar (Score ≥6.5, DD ≥10%)"
WY,Weyerhaeuser,Real Estate,Timber REITs,1979-10-01,23.0200,2026-09-07,37.3500,28.6800,UP,-0.1469,-0.1599,True,0.1732,0.5248,0.8110,2.2800,23.9200,23.8300,23.6900,-3.7700,-3.3800,True,0.7202,BAJISTA,-10.6500,25.7600,27.0300,20.4200,-14.8300,12.7600,1.0780,False,23.4400,4,25.1600,True,1.8300,NONE,7.0800,7.0000,8.5000,5.0000,10,6.5000,5.0000,False,4.5600,6.8400,1.5000,34.8788,34.2325,1.7544,2.4214,31.2690,0.0497,0.0067,0.0689,0.1451,-0.0090,0.8710,57.6250,1.8160,13625000.0000,472000000.0000,0.0289,16591342592,0.8900,4.5500,3.6500,720736000,4.2700,5.0000,4.6000,3.0300,0.0008,FCF/NI:0.03,1,5.3900,False,3-7d,XLRE,,PLD|AMT|EQIX,interest_rates|cap_rates|occupancy_trends,52,2026-10-29,False,2026-07-30,0.1300,0.0800,66.6000,ALCISTA FUERTE,10,770.1900,8.5000,47.5000,14.5300,"Filtros estándar (Score ≥6.5, DD ≥10%)"
KLAC,KLA Corporation,Information Technology,Semiconductor Materials & Equipment,1997-09-30,185.6000,2026-09-07,31.3700,35.6700,DOWN,0.1114,-1.1993,True,0.4546,7.6600,0.5020,4.1270,205.5900,171.1700,185.2800,-9.7200,8.4300,True,4.2410,NEUTRO,-39.5500,307.0200,307.0200,87.3600,-39.5500,112.4500,1.4090,True,169.2300,2,192.0600,False,-8.8200,HAMMER|DOJI,7.4500,8.5000,7.5000,9.5000,4,7.0000,7.0000,True,8.2500,12.3800,1.5000,50.7104,27.7451,38.2050,17.8575,40.2570,0.8750,0.2080,0.3557,0.6130,0.1520,0.1380,96.8800,2.8760,2624587520.0000,4830771200.0000,0.5433,242495094784,1.4440,2.1700,0.5000,1306546783,4.0000,2.1800,6.8800,2.7600,0.0108,FCF/NI:0.54|D/E:97,2,5.3800,False,7-15d,XLK,,AAPL|MSFT|NVDA,interest_rates|ai_capex_cycle|semiconductor_cycle,51,2026-10-28,False,2026-07-28,1.0500,1.0000,5.1000,ALCISTA FUERTE,10,770.1900,8.5000,47.5000,14.5300,"Filtros estándar (Score ≥6.5, DD ≥10%)"
IBM,IBM,Information Technology,IT Consulting & Other Services,1957-03-04,234.8900,2026-09-07,56.6100,49.3100,UP,0.5015,0.5840,False,0.5526,5.4793,0.4980,2.3330,240.3000,259.0000,233.7600,-2.2500,-9.3100,False,-2.3736,BAJISTA,-24.1300,309.5800,330.0900,197.7700,-28.8400,18.7700,0.7660,True,229.3000,5,241.5200,True,-2.3800,HAMMER|DOJI,6.8000,5.0000,6.0000,7.5000,9,7.0000,7.0000,False,4.6700,7.0000,1.5000,20.8791,17.8455,6.4234,3.2028,16.9080,0.3446,0.0530,0.1552,0.5810,0.0110,-0.0180,188.9700,0.7910,12049750016.0000,10705000448.0000,1.1256,221297950720,0.7080,1.7500,2.8800,942134390,4.4400,0.0000,5.8300,8.0200,0.0545,D/E:189,1,5.3800,False,3-7d,XLK,,AAPL|MSFT|NVDA,interest_rates|ai_capex_cycle|semiconductor_cycle,44,2026-10-21,False,2026-07-22,2.9300,2.9300,-10.0000,ALCISTA FUERTE,10,770.1900,8.5000,47.5000,14.5300,"Filtros estándar (Score ≥6.5, DD ≥10%)"
A,Agilent Technologies,Health Care,Life Sciences Tools & Services,2000-06-05,150.8600,2026-09-07,53.7800,59.0900,DOWN,-1.0899,-0.6618,False,0.4079,5.1750,1.2770,3.4300,142.3200,131.2300,150.4900,6.0000,14.9600,True,0.4985,ALCISTA,-7.8700,163.7500,163.7500,108.1400,-7.8700,39.5000,0.7920,False,137.0200,3,150.2400,False,-9.1800,NONE,6.1500,10.0000,5.0000,5.0000,6,5.0000,5.0000,False,6.8600,10.2900,1.5000,29.7554,22.3047,5.7772,5.7694,21.5970,0.2097,0.0863,0.1953,0.5365,0.0810,0.0850,56.3360,2.0500,1060374976.0000,1440000000.0000,0.7364,42531786752,1.2410,2.7600,0.6800,281928854,4.8500,3.8500,6.2400,4.3800,0.0249,FCF/NI:0.74,1,5.3700,False,10-18d,XLV,,UNH|JNJ|LLY,fda_calendar|drug_pricing_policy|patent_cliffs,79,2026-11-25,False,2026-08-26,1.6200,1.4900,9.0000,ALCISTA FUERTE,10,770.1900,8.5000,47.5000,14.5300,"Filtros estándar (Score ≥6.5, DD ≥10%)"
CNC,Centene Corporation,Health Care,Managed Health Care,2016-03-30,67.0400,2026-09-07,62.7500,43.7800,UP,0.2229,-0.0847,True,0.7905,1.7379,0.6970,2.5920,65.5300,50.3400,65.6900,2.3000,33.1900,True,6.3557,ALCISTA,-3.3400,69.3600,69.3600,28.2400,-3.3400,137.3900,0.7930,False,63.3400,2,66.5500,False,-5.5300,NONE,6.5500,10.0000,7.0000,5.0000,4,7.0000,5.0000,False,5.1800,7.7800,1.5000,,12.6192,1.4678,0.1837,4.8330,-0.2036,0.0248,-0.0283,0.1142,0.0460,,71.0820,1.1450,9639624704.0000,-5100000256.0000,-1.8901,33117425664,1.1060,2.6700,,493995000,4.5800,3.8900,2.7100,7.5800,0.2911,FCF/NI:-1.89|ROE:-20.4%,2,5.3700,False,10-18d,XLV,,UNH|JNJ|LLY,fda_calendar|drug_pricing_policy|patent_cliffs,50,2026-10-27,False,2026-07-28,2.5100,1.0800,132.6000,ALCISTA FUERTE,10,770.1900,8.5000,47.5000,14.5300,"Filtros estándar (Score ≥6.5, DD ≥10%)"
AKAM,Akamai Technologies,Information Technology,Internet Services & Infrastructure,2007-07-12,105.2200,2026-09-07,24.4200,37.0300,DOWN,-0.4305,-0.6131,True,0.2418,4.2186,0.6940,4.0090,115.9700,109.5800,110.6900,-9.2700,-3.9800,True,3.1421,BAJISTA,-23.7100,137.9300,165.4500,70.8200,-36.4000,48.5700,0.5940,True,104.0700,1,118.1700,True,-1.0900,HAMMER|HAMMER|DOJI,7.7800,7.0000,8.5000,7.5000,8,8.5000,7.0000,True,8.0200,12.0300,1.5000,38.1232,14.6401,3.1817,3.4981,19.5440,0.0892,0.0252,0.0951,0.5745,0.0540,-0.2680,196.6720,1.6370,710060096.0000,410964992.0000,1.7278,15121861632,0.6350,5.4600,,143716609,3.7500,0.2900,4.3500,7.1000,0.0470,D/E:197,1,5.3600,False,5-10d,XLK,,AAPL|MSFT|NVDA,interest_rates|ai_capex_cycle|semiconductor_cycle,59,2026-11-05,False,2026-08-06,1.5900,1.5800,83.0000,ALCISTA FUERTE,10,770.1900,8.5000,47.5000,14.5300,"Filtros estándar (Score ≥6.5, DD ≥10%)"
ELV,Elevance Health,Health Care,Managed Health Care,2002-07-25,407.5000,2026-09-07,63.5500,47.3400,UP,1.2142,0.1553,True,0.8448,8.6879,0.7340,2.1320,396.2900,357.4200,399.7200,2.8300,14.0100,True,2.1986,ALCISTA,-6.5900,436.2400,436.2400,272.0500,-6.5900,49.7900,1.2890,True,381.9900,2,407.1200,False,-6.2600,NONE,7.0500,10.0000,7.0000,7.5000,4,7.0000,5.0000,False,4.2600,6.4000,1.5000,18.0150,13.7644,1.9687,0.4394,9.8560,0.1113,0.0383,0.0247,0.2599,0.0140,-0.1310,68.9530,1.5180,4306375168.0000,4962999808.0000,0.8677,88374239232,0.6960,3.9700,1.6900,216869290,4.2400,0.0800,5.5400,7.5900,0.0487,OK,0,5.3600,False,10-18d,XLV,,UNH|JNJ|LLY,fda_calendar|drug_pricing_policy|patent_cliffs,44,2026-10-21,False,2026-07-15,7.4500,6.2100,20.0000,ALCISTA FUERTE,10,770.1900,8.5000,47.5000,14.5300,"Filtros estándar (Score ≥6.5, DD ≥10%)"
ROL,"Rollins, Inc.",Industrials,Environmental & Facilities Services,2018-10-01,35.8600,2026-09-07,48.3500,41.5200,UP,0.1756,0.2312,False,0.2259,0.8443,0.7150,2.3540,39.3900,51.8600,36.7000,-8.9600,-30.8500,False,-3.8000,BAJISTA,-24.5200,47.5100,65.4000,35.2500,-45.1700,1.7300,1.1760,True,36.1400,3,37.7300,True,0.7800,NONE,6.8200,5.0000,6.0000,7.5000,9,8.5000,5.0000,False,4.7100,7.0600,1.5000,32.6000,27.5725,12.0700,4.3970,21.1090,0.3701,0.1406,0.1355,0.5237,0.0790,0.0310,78.0150,0.6290,501737504.0000,531716000.0000,0.9436,17253873664,0.7360,2.1100,2.0400,481145404,4.3700,2.2500,6.3400,4.5300,0.0291,OK,0,5.3500,False,3-7d,XLI,,CAT|UNP|HON,pmi_manufacturing|supply_chain|capex_cycle,51,2026-10-28,False,2026-07-22,0.3200,0.3400,-5.8000,ALCISTA FUERTE,10,770.1900,8.5000,47.5000,14.5300,"Filtros estándar (Score ≥6.5, DD ≥10%)"
ICE,Intercontinental Exchange,Financials,Financial Exchanges & Data,2007-09-26,161.2600,2026-09-07,63.1900,83.8200,DOWN,-0.3414,-0.1959,False,0.6783,3.5671,0.9150,2.2120,147.9400,154.5600,158.1100,9.0000,4.3400,False,0.5124,ALCISTA,-2.0600,164.6600,174.8300,121.7900,-7.7600,32.4100,0.9980,True,158.7000,4,167.5800,True,-1.5900,NONE,6.8000,8.5000,5.0000,7.5000,9,5.0000,5.0000,False,4.4200,6.6400,1.5000,22.7127,18.3232,3.0614,8.5746,16.3970,0.1409,0.0217,0.3825,1.0000,0.0480,0.1420,69.2260,1.0120,3633625088.0000,4038000128.0000,0.8999,90530471936,0.9340,1.9200,1.2900,561394487,4.3600,2.5200,5.3700,5.3400,0.0401,OK,0,5.3400,False,10-18d,XLF,,JPM|BAC|WFC,interest_rates|yield_curve|credit_spreads|loan_growth,52,2026-10-29,False,2026-07-30,1.9000,1.8400,3.4000,ALCISTA FUERTE,10,770.1900,8.5000,47.5000,14.5300,"Filtros estándar (Score ≥6.5, DD ≥10%)"
FDS,FactSet,Financials,Financial Exchanges & Data,2021-12-20,301.9600,2026-09-07,65.5400,65.9400,DOWN,-0.3593,0.6854,False,0.6368,11.4367,0.9570,3.7870,271.8700,247.5600,295.7400,11.0700,21.9800,True,1.0779,ALCISTA,-5.7800,320.4800,370.4400,182.4700,-18.4900,65.4900,0.8060,True,289.2200,1,,False,-4.2200,NONE,6.3500,10.0000,5.0000,7.5000,4,5.0000,5.0000,False,7.5700,11.3600,1.5000,19.8789,15.3203,5.3158,4.4042,12.8740,0.2703,0.1108,0.2321,0.5138,0.0640,-0.0960,77.2840,0.6830,621161344.0000,565969984.0000,1.0975,10739371008,0.7110,4.0600,1.5400,35565543,4.6600,1.2900,6.4600,6.4900,0.0578,OK,0,5.3400,False,10-18d,XLF,,JPM|BAC|WFC,interest_rates|yield_curve|credit_spreads|loan_growth,23,2026-09-30,False,2026-07-01,4.5300,4.4500,1.8000,ALCISTA FUERTE,10,770.1900,8.5000,47.5000,14.5300,"Filtros estándar (Score ≥6.5, DD ≥10%)"
DUK,Duke Energy,Utilities,Electric Utilities,1976-06-30,120.2200,2026-09-07,36.0000,50.4400,DOWN,-0.0490,-0.1965,True,0.2362,1.7743,0.7790,1.4760,123.9900,122.3400,121.7500,-3.0400,-1.7300,True,0.0718,BAJISTA,-8.5700,131.4900,132.1800,110.9900,-9.0500,8.3100,0.7790,True,119.4100,3,128.8400,True,-0.6700,HAMMER|BULL_ENGULF,8.1200,7.0000,7.5000,7.5000,10,8.5000,9.5000,False,2.9500,4.4300,1.5000,18.1054,16.7617,1.7437,2.8575,11.3350,0.0986,0.0284,0.1600,0.5197,0.0110,0.1060,162.1550,0.6610,-4477374976.0000,5168000000.0000,-0.8664,93735796736,0.3640,3.9500,3.6100,779702193,3.4600,2.7500,4.3400,3.2800,-0.0478,FCF/NI:-0.87|D/E:162,2,5.3200,False,3-7d,XLU,,NEE|SO|D,interest_rates|regulatory_environment,59,2026-11-05,False,2026-08-04,1.4300,1.3000,9.6000,ALCISTA FUERTE,10,770.1900,8.5000,47.5000,14.5300,"Filtros estándar (Score ≥6.5, DD ≥10%)"
MSFT,Microsoft,Information Technology,Systems Software,1994-06-01,499.7000,2026-09-07,62.8200,55.7600,UP,-2.3556,-1.5609,False,0.6051,10.0813,0.7740,2.0170,443.5600,429.3700,489.8600,12.6600,16.3800,True,-0.3820,ALCISTA,-3.4900,517.7800,549.2000,348.5400,-9.0100,43.3700,0.7860,True,476.2500,1,515.2700,False,-4.6900,NONE,6.7500,9.5000,6.0000,7.5000,4,7.0000,5.0000,False,4.0300,6.0500,1.5000,27.8540,21.1977,8.3892,11.1818,19.3710,0.3404,0.1409,0.4031,0.6794,0.1770,0.3170,29.1180,1.2300,16545500160.0000,133748998144.0000,0.1237,3710545297408,1.1080,1.8500,0.7300,7425545491,4.3600,3.8000,5.7500,3.3800,0.0045,FCF/NI:0.12,1,5.3200,False,10-18d,XLK,,AAPL|NVDA|AVGO,interest_rates|ai_capex_cycle|semiconductor_cycle,51,2026-10-28,False,2026-07-29,4.7400,4.2400,11.8000,ALCISTA FUERTE,10,770.1900,8.5000,47.5000,14.5300,"Filtros estándar (Score ≥6.5, DD ≥10%)"
CMG,Chipotle Mexican Grill,Consumer Discretionary,Restaurants,2011-04-28,36.9600,2026-09-07,66.3900,84.1300,DOWN,0.1039,0.3147,False,0.6383,1.1843,0.8990,3.2040,34.8700,34.8500,36.3600,5.9900,6.0500,True,0.2844,ALCISTA,-5.4500,39.0900,42.8200,28.0400,-13.6900,31.8100,0.6700,True,33.4700,3,37.0800,False,-9.4500,NONE,6.6500,10.0000,5.0000,7.5000,6,5.0000,5.0000,False,6.4100,9.6100,1.5000,34.2222,26.9842,21.3026,3.7645,22.6420,0.4956,0.1308,0.1143,0.3936,0.0930,-0.0130,246.3500,0.7150,1116464384.0000,1419405952.0000,0.7866,46769848320,0.9370,1.9800,,1265418000,4.4400,3.7900,5.7500,3.6700,0.0239,D/E:246,1,5.3200,False,10-18d,XLY,,AMZN|TSLA|HD,consumer_spending|employment_data|interest_rates,51,2026-10-28,False,2026-07-29,0.3300,0.3200,4.0000,ALCISTA FUERTE,10,770.1900,8.5000,47.5000,14.5300,"Filtros estándar (Score ≥6.5, DD ≥10%)"
PHM,PulteGroup,Consumer Discretionary,Homebuilding,1984-04-30,124.4500,2026-09-07,42.2100,47.3500,DOWN,-0.6758,-0.6694,False,0.1597,3.2914,0.8160,2.6450,128.7900,124.9000,127.2600,-3.3700,-0.3600,True,0.7450,BAJISTA,-11.1600,140.0900,143.8900,108.2600,-13.5100,14.9500,0.7910,True,125.9800,1,132.5800,True,1.2300,NONE,6.5800,7.0000,5.0000,7.5000,8,6.5000,5.0000,False,5.2900,7.9300,1.5000,12.7119,11.0624,1.7947,1.4449,8.8870,0.1490,0.0921,0.1162,0.2556,-0.0960,-0.1820,19.0650,7.2720,1078512896.0000,1906445952.0000,0.5657,23706025984,1.2010,4.8100,0.8400,190486353,4.4800,0.0000,6.0600,7.8500,0.0455,FCF/NI:0.57,1,5.3200,False,3-7d,XLY,,AMZN|TSLA|HD,consumer_spending|employment_data|interest_rates,45,2026-10-22,False,2026-07-22,2.4800,2.3600,5.3000,ALCISTA FUERTE,10,770.1900,8.5000,47.5000,14.5300,"Filtros estándar (Score ≥6.5, DD ≥10%)"
TTD,Trade Desk (The),Communication Services,Advertising,2025-07-18,14.4300,2026-09-07,64.5100,52.3400,UP,0.3329,0.1748,True,0.8271,0.5714,0.5710,3.9600,16.5800,25.0300,14.4300,-12.9600,-42.3500,False,-12.0130,BAJISTA,-29.7300,20.5400,56.3900,12.8300,-74.4100,12.4700,1.1650,False,12.8800,3,19.7100,False,-10.7600,HAMMER,6.0500,5.0000,7.0000,5.0000,6,7.0000,7.0000,False,7.9200,11.8800,1.5000,17.1786,14.4977,2.7702,2.2676,8.2080,0.1544,0.0625,0.1361,0.7687,0.0300,-0.2360,16.8630,1.7240,582992768.0000,406888000.0000,1.4328,6780371456,1.0050,3.0800,,426771565,4.8100,0.3900,7.2200,7.1500,0.0860,OK,0,5.3100,False,3-7d,XLC,,GOOGL|META|NFLX,ad_spending_cycle|streaming_competition|regulation,59,2026-11-05,False,2026-08-06,0.3400,0.4000,-14.6000,ALCISTA FUERTE,10,770.1900,8.5000,47.5000,14.5300,"Filtros estándar (Score ≥6.5, DD ≥10%)"
BXP,"BXP, Inc.",Real Estate,Office REITs,2006-04-03,67.6900,2026-09-07,53.7200,55.0500,DOWN,-0.2060,-0.1501,False,0.3915,1.6114,0.8940,2.3810,68.6000,62.6000,68.4700,-1.3300,8.1300,True,-0.1401,NEUTRO,-9.6700,74.9400,75.9500,48.5400,-10.8700,39.4600,0.7330,True,66.6100,4,71.4000,True,-1.6000,HAMMER|DOJI|HAMMER,6.9000,8.0000,5.0000,7.5000,9,5.0000,7.0000,False,4.7600,7.1400,1.5000,36.3925,30.4523,2.0946,3.8379,18.0840,0.0531,0.0168,0.0930,0.5645,0.0370,-0.2320,211.6310,0.5060,880636864.0000,296824992.0000,2.9669,12243593216,1.0330,7.2100,4.1400,159661556,4.2500,1.5900,4.6400,6.8800,0.0719,D/E:212,1,5.3100,False,7-15d,XLRE,,PLD|AMT|EQIX,interest_rates|cap_rates|occupancy_trends,50,2026-10-27,False,2026-07-28,0.5000,0.4300,14.8000,ALCISTA FUERTE,10,770.1900,8.5000,47.5000,14.5300,"Filtros estándar (Score ≥6.5, DD ≥10%)"
ORCL,Oracle Corporation,Information Technology,Application Software,1989-08-31,158.7800,2026-09-07,61.5300,49.8100,UP,0.9114,0.0477,True,1.0269,6.2164,0.7290,3.9150,139.7500,167.9200,147.2800,13.6200,-5.4400,False,-5.7721,BAJISTA,-18.4200,194.6400,341.8200,114.5000,-53.5500,38.6700,1.1630,True,135.8400,3,159.5200,False,-14.4400,HAMMER,7.0000,6.5000,7.0000,7.5000,7,7.0000,7.0000,False,7.8300,11.7500,1.5000,27.2350,14.4771,12.1764,6.7901,19.6240,0.5338,0.0650,0.2537,0.6582,0.2060,0.2190,388.8700,1.1150,-24536750080.0000,16984000512.0000,-1.4447,457361195008,1.7320,1.3700,1.2600,2880471000,4.1700,3.5400,5.5700,3.2700,-0.0536,FCF/NI:-1.44|D/E:389,2,5.3000,False,3-7d,XLK,,AAPL|MSFT|NVDA,interest_rates|ai_capex_cycle|semiconductor_cycle,3,2026-09-10,True,2026-06-10,2.1100,1.9600,7.5000,ALCISTA FUERTE,10,770.1900,8.5000,47.5000,14.5300,"Filtros estándar (Score ≥6.5, DD ≥10%)"
AIG,American International Group,Financials,Multi-line Insurance,1980-03-31,76.2100,2026-09-07,52.7300,45.5600,UP,0.0307,-0.0179,True,0.3953,1.2293,0.7650,1.6130,77.8800,76.7900,76.7800,-2.1500,-0.7600,True,-0.0289,BAJISTA,-7.5700,82.4500,86.2100,70.3600,-11.5900,8.3100,0.9960,False,76.6300,1,78.4100,True,0.5500,HAMMER|DOJI,6.6500,6.5000,7.0000,5.0000,8,7.0000,7.0000,False,3.2300,4.8400,1.5000,13.9069,8.6735,0.9848,1.4903,4.7260,0.0722,0.0176,0.1109,0.3509,0.0050,-0.1010,22.4660,0.6120,7365000192.0000,2964999936.0000,2.4840,39849689088,0.5110,2.3500,2.6200,522893169,4.4000,0.0000,5.8700,7.8200,0.1848,OK,0,5.3000,False,3-7d,XLF,,JPM|BAC|WFC,interest_rates|yield_curve|credit_spreads|loan_growth,58,2026-11-04,False,2026-08-06,2.0000,1.9300,3.7000,ALCISTA FUERTE,10,770.1900,8.5000,47.5000,14.5300,"Filtros estándar (Score ≥6.5, DD ≥10%)"
GPC,Genuine Parts Company,Consumer Discretionary,Distributors,1973-12-31,138.0800,2026-09-07,65.0400,57.1200,UP,-0.2699,-0.4763,True,0.9255,2.9762,0.7770,2.1550,128.3100,117.5900,133.9800,7.6100,17.4300,True,0.9323,ALCISTA,-0.5300,138.8100,147.4300,89.1100,-6.3400,54.9600,0.6730,True,108.6500,1,138.8100,False,-21.3100,HAMMER|DOJI|BULL_ENGULF,7.5000,10.0000,7.0000,7.5000,4,7.0000,9.5000,False,4.3100,6.4700,1.5000,552.3200,16.6266,4.2058,0.7593,12.2510,0.0071,0.0448,0.0013,0.3756,0.0600,-0.0980,146.4150,1.1590,917241984.0000,32766000.0000,27.9937,19035676672,0.6560,4.8000,3.0800,137859758,3.8300,2.2700,4.0600,5.3900,0.0482,D/E:146,1,5.3000,False,10-18d,XLY,,AMZN|TSLA|HD,consumer_spending|employment_data|interest_rates,43,2026-10-20,False,2026-07-21,2.1500,2.0800,3.5000,ALCISTA FUERTE,10,770.1900,8.5000,47.5000,14.5300,"Filtros estándar (Score ≥6.5, DD ≥10%)"
CDW,CDW Corporation,Information Technology,Technology Distributors,2019-09-23,152.3800,2026-09-07,68.5300,62.2400,UP,1.3981,1.4839,False,0.8689,6.5938,1.0640,4.3270,139.4200,130.4500,144.2700,9.3000,16.8100,True,-0.4577,ALCISTA,-3.5900,158.0500,168.1300,96.0900,-9.3700,58.5800,0.7970,True,129.9500,2,153.7700,False,-14.7200,HAMMER,6.6500,9.5000,6.0000,7.5000,4,5.0000,7.0000,False,8.6500,12.9800,1.5000,18.3149,12.7649,7.8184,0.8106,12.4910,0.4401,0.0659,0.0460,0.2136,0.1000,0.0490,263.2780,1.1670,676787520.0000,1080300032.0000,0.6265,19050156032,0.9410,4.1700,1.6500,125017426,4.3600,0.9600,5.7800,6.6900,0.0355,FCF/NI:0.63|D/E:263,2,5.2800,False,10-18d,XLK,,AAPL|MSFT|NVDA,interest_rates|ai_capex_cycle|semiconductor_cycle,57,2026-11-03,False,2026-08-05,2.9100,2.8000,4.0000,ALCISTA FUERTE,10,770.1900,8.5000,47.5000,14.5300,"Filtros estándar (Score ≥6.5, DD ≥10%)"
MO,Altria,Consumer Staples,Tobacco,1957-03-04,68.8800,2026-09-07,70.4300,60.8700,UP,0.4460,0.5343,False,0.7352,1.4421,0.8220,2.0940,69.8300,65.1400,68.3300,-1.3600,5.7400,True,1.6003,NEUTRO,-10.6200,77.0600,77.0600,53.0100,-10.6200,29.9500,0.7870,True,69.8700,1,73.5300,True,1.4400,HAMMER|DOJI,6.9000,8.5000,6.0000,7.5000,7,5.0000,7.0000,False,4.1900,6.2800,1.5000,14.5011,11.7462,-43.1039,5.6257,8.7060,,0.2955,0.3900,0.8717,0.0120,-0.0270,,0.5180,9035249664.0000,7952000000.0000,1.1362,115011952640,0.4940,4.4500,6.4500,1669743926,4.1900,0.2300,5.5500,7.2300,0.0786,OK,0,5.2700,False,7-15d,XLP,,PG|KO|PEP,inflation|input_costs|fx_rates,52,2026-10-29,False,2026-07-30,1.4800,1.5000,-1.2000,ALCISTA FUERTE,10,770.1900,8.5000,47.5000,14.5300,"Filtros estándar (Score ≥6.5, DD ≥10%)"
ARE,Alexandria Real Estate Equities,Real Estate,Office REITs,2017-03-20,52.6500,2026-09-07,70.8500,61.4700,UP,0.1514,0.1618,False,0.6870,2.0236,1.0390,3.8430,50.7300,49.1800,51.5000,3.7900,7.0500,True,-1.4734,ALCISTA,-5.5400,55.7400,83.1700,38.9000,-36.7000,35.3500,0.4650,True,48.3900,2,55.0900,False,-8.1000,NONE,6.4500,9.5000,6.0000,7.5000,4,5.0000,5.0000,False,7.6900,11.5300,1.5000,,-65.0000,0.5779,3.1901,14.3060,-0.0408,0.0093,-0.3608,0.6820,-0.1190,,68.6700,2.3500,1344973952.0000,-1030056000.0000,-1.3057,9060816896,1.1680,3.8600,5.4700,172095277,4.4600,2.5000,3.3800,8.0000,0.1484,FCF/NI:-1.31|RevG:-11.9%|ROE:-4.1%,3,5.2600,False,10-18d,XLRE,,PLD|AMT|EQIX,interest_rates|cap_rates|occupancy_trends,49,2026-10-26,False,2026-08-03,0.1500,0.1200,26.2000,ALCISTA FUERTE,10,770.1900,8.5000,47.5000,14.5300,"Filtros estándar (Score ≥6.5, DD ≥10%)"
AZO,AutoZone,Consumer Discretionary,Automotive Retail,1997-01-02,2983.2900,2026-09-07,46.4400,37.5500,UP,-2.0987,-4.9103,True,0.3846,72.4421,0.8060,2.4280,3036.3300,3381.4500,2996.0500,-1.7500,-11.7700,False,-2.2252,BAJISTA,-7.9000,3239.1399,4388.1099,2902.2000,-32.0100,2.7900,1.5140,False,2931.7500,7,3159.5701,True,-1.7300,NONE,6.4000,5.0000,7.0000,7.0000,9,5.0000,5.0000,False,4.8600,7.2800,1.5000,20.5333,17.0413,-17.5373,2.4368,14.4280,,0.1139,0.1240,0.5175,0.0840,0.0770,,0.8900,903784256.0000,2478124032.0000,0.3647,48703270912,0.3400,2.5600,,16325355,4.4900,5.4400,4.4100,3.4800,0.0186,FCF/NI:0.36,1,5.2500,False,3-7d,XLY,,AMZN|TSLA|HD,consumer_spending|employment_data|interest_rates,15,2026-09-22,False,2026-05-26,38.0700,36.1700,5.3000,ALCISTA FUERTE,10,770.1900,8.5000,47.5000,14.5300,"Filtros estándar (Score ≥6.5, DD ≥10%)"
VMRK,Vivmark Residential,Real Estate,Multi-Family Residential REITs,2001-12-03,65.3500,2026-09-07,59.9300,48.8300,UP,-0.0285,0.0070,False,0.4613,1.2993,0.9630,1.9880,67.2000,62.9600,65.8300,-2.7500,3.7900,True,1.1208,NEUTRO,-8.6000,71.5000,71.5000,56.3000,-8.6000,16.0800,1.1150,False,,0,66.5400,False,,NONE,5.7500,8.5000,6.0000,5.0000,4,5.0000,5.0000,False,3.9800,5.9600,1.5000,25.0383,44.3637,,16.3648,,0.0849,0.0256,0.3325,0.6232,0.0330,,75.1290,0.3480,1387120000.0000,1027489024.0000,1.3500,50566463488,0.5370,11.6100,3.9000,773779120,4.9200,3.8700,5.8500,5.0800,0.0274,OK,0,5.2500,False,7-15d,XLRE,,PLD|AMT|EQIX,interest_rates|cap_rates|occupancy_trends,44,2026-10-21,False,,,,,ALCISTA FUERTE,10,770.1900,8.5000,47.5000,14.5300,"Filtros estándar (Score ≥6.5, DD ≥10%)"
FERG,Ferguson Enterprises,Industrials,Trading Companies & Distributors,2026-08-05,228.4100,2026-09-07,33.7400,18.0800,UP,-1.9587,-3.0299,True,0.3024,6.0614,0.8730,2.6540,234.9800,237.8000,232.7800,-2.7900,-3.9500,False,-0.2538,BAJISTA,-14.4000,266.8400,268.5900,203.7400,-14.9600,12.1100,0.7600,True,227.7300,1,231.4900,True,-0.3000,HAMMER|DOJI|BULL_ENGULF,7.1000,5.0000,8.5000,7.5000,8,5.0000,9.5000,True,5.3100,7.9600,1.5000,22.4813,18.2017,7.1258,1.4051,16.4910,,,0.0632,0.3063,0.0460,0.0690,111.0630,1.7290,,1987399936.0000,,44186537984,1.1120,1.3000,1.5600,193452717,4.0000,2.0500,4.9000,5.2300,,D/E:111,1,5.2400,False,3-7d,XLI,,CAT|UNP|HON,pmi_manufacturing|supply_chain|capex_cycle,63,2026-11-09,False,2026-08-10,3.3900,3.3000,2.8000,ALCISTA FUERTE,10,770.1900,8.5000,47.5000,14.5300,"Filtros estándar (Score ≥6.5, DD ≥10%)"
HAL,Halliburton,Energy,Oil & Gas Equipment & Services,1957-03-04,37.0700,2026-09-07,66.4000,65.1600,UP,0.3237,0.3312,False,0.8495,1.0546,0.9900,2.8450,33.9400,34.4800,35.3400,9.2100,7.5000,False,2.5568,ALCISTA,-7.8400,40.2200,43.2000,21.0300,-14.2000,76.2400,1.1760,False,35.8900,3,41.0400,True,-3.1800,BULL_ENGULF,6.7500,8.5000,6.0000,5.0000,9,5.0000,7.5000,False,5.6900,8.5400,1.5000,19.4084,12.7736,2.8081,1.3842,8.9580,0.1492,0.0726,0.0716,0.1508,0.0370,0.1610,74.1860,2.0180,2052249984.0000,1602000000.0000,1.2811,30968195072,0.7690,2.5900,1.8300,835397735,4.2400,0.6000,5.6500,6.8500,0.0663,OK,0,5.2400,False,10-18d,XLE,,XOM|CVX|COP,oil_price|gas_price|opec_supply|inventories,43,2026-10-20,False,2026-07-21,0.5500,0.5400,2.3000,ALCISTA FUERTE,10,770.1900,8.5000,47.5000,14.5300,"Filtros estándar (Score ≥6.5, DD ≥10%)"
VZ,Verizon,Communication Services,Integrated Telecommunication Services,1983-11-30,50.1400,2026-09-07,69.7000,73.7200,DOWN,-0.0505,0.0170,False,0.7002,0.7621,0.6310,1.5200,46.2800,44.6800,49.1900,8.3400,12.2300,True,2.5773,ALCISTA,-1.5500,50.9300,50.9300,36.5500,-1.5500,37.1700,0.8050,True,45.0700,2,50.0600,False,-10.1200,HAMMER|DOJI,6.8500,10.0000,5.0000,7.5000,4,7.0000,7.0000,False,3.0400,4.5600,1.5000,13.0573,9.4968,2.0046,1.4998,7.8590,0.1584,0.0505,0.1164,0.5945,-0.0070,-0.2200,184.0810,0.6040,17466624000.0000,16172000256.0000,1.0801,208320430080,0.2400,3.1200,5.6400,4154775202,4.1500,0.0000,5.2200,7.7500,0.0838,D/E:184,1,5.2300,False,10-18d,XLC,,GOOGL|META|NFLX,ad_spending_cycle|streaming_competition|regulation,43,2026-10-20,False,2026-07-24,1.3000,1.2700,2.7000,ALCISTA FUERTE,10,770.1900,8.5000,47.5000,14.5300,"Filtros estándar (Score ≥6.5, DD ≥10%)"
NOC,Northrop Grumman,Industrials,Aerospace & Defense,1957-03-04,514.9800,2026-09-07,27.0800,35.5000,DOWN,-5.4322,-4.7220,False,0.0433,13.0317,0.9010,2.5310,541.5400,597.6900,543.1900,-4.9000,-13.8400,False,-0.2571,BAJISTA,-12.9800,591.8200,767.1200,476.8500,-32.8700,8.0000,1.3470,True,520.3800,2,557.2700,True,1.0500,HAMMER|DOJI,6.9500,5.0000,7.5000,7.5000,7,8.0000,7.0000,False,5.0600,7.5900,1.5000,16.3642,16.9179,4.0908,1.7057,12.1160,0.2696,0.0715,0.1048,0.2006,0.0510,-0.0580,95.3480,1.1680,2478000128.0000,4496000000.0000,0.5512,73159614464,-0.1100,2.9400,1.9200,142063026,4.0600,1.1500,4.9800,6.4000,0.0339,FCF/NI:0.55|D/E:95,2,5.2200,False,3-7d,XLI,,CAT|UNP|HON,pmi_manufacturing|supply_chain|capex_cycle,43,2026-10-20,False,2026-07-21,7.6800,6.8200,12.7000,ALCISTA FUERTE,10,770.1900,8.5000,47.5000,14.5300,"Filtros estándar (Score ≥6.5, DD ≥10%)"
PCG,PG&E Corporation,Utilities,Multi-Utilities,2022-10-03,14.3000,2026-09-07,33.1600,45.4400,DOWN,-0.4501,-0.4329,False,0.1644,1.0786,2.2240,7.5420,17.0900,16.7000,16.1300,-16.3200,-14.3700,True,0.2940,BAJISTA,-22.4500,18.4400,19.0500,12.5900,-24.9300,13.5800,0.9710,False,,0,17.2000,False,,HAMMER,5.9800,7.0000,6.5000,5.0000,4,6.5000,7.0000,False,15.0800,22.6300,1.5000,10.2878,7.9373,0.9744,1.2189,9.2850,0.0932,0.0257,0.1183,0.3982,0.0010,0.3980,189.4500,1.2160,-6150125056.0000,3056000000.0000,-2.0125,31493849088,0.2450,0.0000,1.4000,2202366906,4.6900,5.0000,4.3100,4.7800,-0.1953,FCF/NI:-2.01|D/E:189,2,5.2100,False,3-7d,XLU,,NEE|DUK|SO,interest_rates|regulatory_environment,45,2026-10-22,False,2026-07-23,0.4000,0.3600,11.6000,ALCISTA FUERTE,10,770.1900,8.5000,47.5000,14.5300,"Filtros estándar (Score ≥6.5, DD ≥10%)"
IP,International Paper,Materials,Paper & Plastic Packaging Products & Materials,1957-03-04,37.2400,2026-09-07,34.8700,39.8700,DOWN,-0.5804,-0.5669,False,0.1542,1.3000,0.9140,3.4910,39.1900,37.5000,39.0200,-4.9700,-0.7000,True,0.1466,BAJISTA,-15.9700,44.3200,48.4700,28.5100,-23.1700,30.6400,1.0300,True,35.4700,1,37.0800,False,-4.7600,HAMMER|BULL_ENGULF,6.8800,7.0000,6.5000,7.5000,5,6.5000,9.5000,False,6.9800,10.4700,1.5000,,12.4557,1.3642,0.8148,7.3460,-0.1648,0.0159,-0.1421,0.2961,-0.0220,,68.5090,1.0980,1646499968.0000,-2724999936.0000,-0.6042,19721183232,0.8830,8.7600,4.9700,529569895,4.0900,2.5000,2.7200,7.5400,0.0835,FCF/NI:-0.60|ROE:-16.5%,2,5.2100,False,3-7d,XLB,,LIN|APD|ECL,commodity_prices|dxy|china_demand|energy_costs,51,2026-10-28,False,2026-07-30,0.0400,-0.0400,205.4000,ALCISTA FUERTE,10,770.1900,8.5000,47.5000,14.5300,"Filtros estándar (Score ≥6.5, DD ≥10%)"
XEL,Xcel Energy,Utilities,Multi-Utilities,1957-03-04,75.7200,2026-09-07,30.7600,47.5600,DOWN,-0.1630,-0.2176,True,0.1789,1.3529,0.8440,1.7870,78.7500,77.9100,77.1400,-3.8500,-2.8100,True,-0.1910,BAJISTA,-8.6400,82.8800,83.2200,69.1600,-9.0100,9.4900,0.7740,False,76.9900,7,80.8500,True,1.6800,NONE,6.7800,6.5000,7.5000,5.0000,10,6.5000,5.0000,False,3.5700,5.3600,1.5000,20.7462,16.6699,1.9654,3.2362,14.1970,0.0992,0.0237,0.1528,0.4682,-0.0510,0.2400,173.1350,0.7010,-7907999744.0000,2232999936.0000,-3.5414,47299682304,0.3990,8.3900,3.1300,624634306,4.1700,5.0000,4.3100,3.0400,-0.1672,FCF/NI:-3.54|D/E:173,2,5.2100,False,3-7d,XLU,,NEE|DUK|SO,interest_rates|regulatory_environment,52,2026-10-29,False,2026-07-30,0.9300,0.7900,18.4000,ALCISTA FUERTE,10,770.1900,8.5000,47.5000,14.5300,"Filtros estándar (Score ≥6.5, DD ≥10%)"
EXE,Expand Energy,Energy,Oil & Gas Exploration & Production,2025-03-24,97.9100,2026-09-07,66.6500,55.0600,UP,0.0591,0.2402,False,0.6670,2.1773,0.9370,2.2240,92.4800,99.9300,96.5500,5.8700,-2.0200,False,-1.0102,BAJISTA,-2.2300,100.1400,124.4300,84.4800,-21.3100,15.9000,0.7800,True,85.8500,1,98.2900,False,-12.3100,NONE,6.0000,6.5000,6.0000,7.5000,5,5.0000,5.0000,False,4.4500,6.6700,1.5000,8.4405,11.2408,1.1821,1.8504,3.8290,0.1489,0.0849,0.2197,0.4707,-0.1060,-0.4550,19.2070,0.9590,1466249984.0000,2780999936.0000,0.5272,23422898176,0.3230,2.4800,2.3500,239228849,4.6700,0.0000,5.7400,8.8700,0.0626,FCF/NI:0.53|RevG:-10.6%,2,5.2000,False,3-7d,XLE,,XOM|CVX|COP,oil_price|gas_price|opec_supply|inventories,50,2026-10-27,False,2026-07-28,1.3300,1.1200,19.1000,ALCISTA FUERTE,10,770.1900,8.5000,47.5000,14.5300,"Filtros estándar (Score ≥6.5, DD ≥10%)"
EXC,Exelon,Utilities,Electric Utilities,1957-03-04,43.6400,2026-09-07,33.2300,43.9000,DOWN,0.0080,-0.0934,True,0.2991,0.8014,0.8580,1.8360,45.3600,45.0900,44.1800,-3.8000,-3.2200,True,-0.2091,BAJISTA,-9.2400,48.0800,49.7000,41.0700,-12.2000,6.2500,1.3090,False,42.4600,1,46.7900,True,-2.7000,NONE,6.4800,6.5000,7.5000,5.0000,8,6.5000,5.0000,False,3.6700,5.5100,1.5000,16.0441,14.3633,1.5169,1.7753,11.4790,0.0971,0.0281,0.1099,0.4236,0.0990,-0.0020,177.3620,1.0880,-2685125120.0000,2783000064.0000,-0.9648,44960280576,0.3890,4.0500,3.8500,1030253967,4.3400,5.0000,4.3800,3.5400,-0.0597,FCF/NI:-0.96|D/E:177,2,5.2000,False,3-7d,XLU,,NEE|DUK|SO,interest_rates|regulatory_environment,57,2026-11-03,False,2026-07-30,0.4300,0.4500,-3.9000,ALCISTA FUERTE,10,770.1900,8.5000,47.5000,14.5300,"Filtros estándar (Score ≥6.5, DD ≥10%)"
AEE,Ameren,Utilities,Multi-Utilities,1991-09-19,106.4700,2026-09-07,32.6000,45.8700,DOWN,-0.0357,-0.1613,True,0.3039,1.6364,0.7740,1.5370,110.1900,106.9900,107.4900,-3.3800,-0.4900,True,0.5570,BAJISTA,-10.0200,118.3200,118.3200,95.2500,-10.0200,11.7800,1.2250,True,106.5900,6,111.1600,True,0.1100,HAMMER|HAMMER|DOJI,7.6500,7.0000,7.5000,7.5000,10,7.0000,7.0000,True,3.0700,4.6100,1.5000,18.7778,18.3289,2.1532,3.5044,13.1460,0.1194,0.0306,0.1858,0.5241,-0.0620,0.1190,157.8460,0.5310,-1786249984.0000,1563000064.0000,-1.1428,29475502080,0.4700,8.0100,2.8200,276843251,3.5700,2.8700,4.6500,3.1200,-0.0606,FCF/NI:-1.14|D/E:158,2,5.2000,False,3-7d,XLU,,NEE|DUK|SO,interest_rates|regulatory_environment,58,2026-11-04,False,2026-07-30,1.1300,1.0800,4.2000,ALCISTA FUERTE,10,770.1900,8.5000,47.5000,14.5300,"Filtros estándar (Score ≥6.5, DD ≥10%)"
PNR,Pentair,Industrials,Industrial Machinery & Supplies & Components,2012-10-01,60.2100,2026-09-07,31.9100,32.3100,DOWN,-0.2316,-0.3111,True,0.1778,1.7921,0.7730,2.9760,66.9300,85.1800,62.8900,-10.0400,-29.3200,False,-4.8211,BAJISTA,-22.4300,77.6200,112.5700,57.3500,-46.5100,4.9900,0.6230,False,57.3500,1,75.7900,False,-4.7500,HAMMER,6.0800,5.0000,7.5000,5.0000,4,8.5000,7.0000,False,5.9500,8.9300,1.5000,15.5180,11.6491,2.5637,2.4254,10.9050,0.1713,0.0866,0.1624,0.4139,-0.1700,-0.1110,47.0670,1.4510,558312512.0000,635500032.0000,0.8785,9730269184,1.0180,2.0500,1.7600,161605541,4.6000,0.0000,5.7700,8.6000,0.0574,RevG:-17.0%,1,5.1900,False,3-7d,XLI,,CAT|UNP|HON,pmi_manufacturing|supply_chain|capex_cycle,43,2026-10-20,False,2026-07-28,1.1400,1.1500,-58.0000,ALCISTA FUERTE,10,770.1900,8.5000,47.5000,14.5300,"Filtros estándar (Score ≥6.5, DD ≥10%)"
INTC,Intel,Information Technology,Semiconductors,1976-12-31,95.8000,2026-09-07,37.6300,38.0800,DOWN,0.6243,-0.1866,True,0.5830,4.2500,0.5190,4.4360,100.6100,74.1500,93.2700,-4.7800,29.1900,True,8.1235,NEUTRO,-32.7000,142.3500,142.3500,24.0500,-32.7000,298.3400,0.9960,True,89.5900,1,107.5700,False,-6.4800,NONE,6.8500,8.5000,7.5000,7.5000,4,7.0000,5.0000,True,8.8700,13.3100,1.5000,,46.9109,5.5188,8.8794,30.8570,-0.1071,0.0141,-0.1979,0.3887,0.2540,,48.9970,1.6040,4866375168.0000,-11288999936.0000,-0.4311,506408894464,2.2310,1.1500,,5286105262,4.0900,5.7000,2.8700,3.6200,0.0096,FCF/NI:-0.43|ROE:-10.7%,2,5.1900,False,7-15d,XLK,,AAPL|MSFT|NVDA,interest_rates|ai_capex_cycle|semiconductor_cycle,45,2026-10-22,False,2026-07-23,0.4200,0.2200,94.6000,ALCISTA FUERTE,10,770.1900,8.5000,47.5000,14.5300,"Filtros estándar (Score ≥6.5, DD ≥10%)"
RCL,Royal Caribbean Group,Consumer Discretionary,"Hotels, Resorts & Cruise Lines",2014-12-05,265.1900,2026-09-07,12.2500,18.8800,DOWN,-3.4812,-4.1705,True,0.1222,7.4371,0.6500,2.8040,297.3000,286.1900,285.0000,-10.8000,-7.3400,True,0.5020,BAJISTA,-20.6000,334.0000,356.6900,230.9000,-25.6500,14.8500,0.9100,True,266.0100,1,287.3700,True,0.3100,HAMMER|HAMMER|DOJI,8.0000,7.0000,8.5000,7.5000,8,10.0000,7.0000,True,5.6100,8.4100,1.5000,16.3698,13.0681,6.9289,3.7965,13.5420,0.4467,0.0768,0.2354,0.5028,0.0650,-0.0460,224.8160,0.2090,-1516249984.0000,4398000128.0000,-0.3448,70925615104,1.7500,4.9400,2.2600,267452084,3.2900,2.5000,4.1700,3.1900,-0.0214,FCF/NI:-0.34|D/E:225,2,5.1700,False,5-10d,XLY,,AMZN|TSLA|HD,consumer_spending|employment_data|interest_rates,50,2026-10-27,False,2026-07-28,4.2100,3.9800,5.7000,ALCISTA FUERTE,10,770.1900,8.5000,47.5000,14.5300,"Filtros estándar (Score ≥6.5, DD ≥10%)"
BIIB,Biogen,Health Care,Biotechnology,2003-11-13,220.8300,2026-09-07,63.1600,63.7800,DOWN,0.2010,0.0002,True,0.7138,5.6436,0.8110,2.5560,209.5300,191.0500,216.3800,5.3900,15.5900,True,3.3248,ALCISTA,-2.2000,225.8000,225.8000,135.3900,-2.2000,63.1100,0.6510,True,185.5900,3,219.2400,False,-15.9600,HAMMER|HAMMER|DOJI,7.0500,10.0000,6.0000,7.5000,6,5.0000,7.0000,False,5.1100,7.6700,1.5000,39.2238,13.3483,1.7305,3.2538,11.8180,0.0457,0.0521,0.0832,0.7832,0.0340,-0.8480,44.3290,1.8650,1266987520.0000,834600000.0000,1.5181,32628516864,0.1710,4.3500,,147753998,3.9200,0.9000,5.3100,5.8400,0.0388,OK,0,5.1700,False,10-18d,XLV,,UNH|JNJ|LLY,fda_calendar|drug_pricing_policy|patent_cliffs,52,2026-10-29,False,2026-07-29,3.6000,2.0300,77.4000,ALCISTA FUERTE,10,770.1900,8.5000,47.5000,14.5300,"Filtros estándar (Score ≥6.5, DD ≥10%)"
CPRT,Copart,Industrials,Diversified Support Services,2018-07-02,33.7200,2026-09-07,63.4300,70.1400,DOWN,-0.0149,0.0001,False,0.7285,1.1650,1.1240,3.4550,30.0800,34.4500,32.2300,12.0900,-2.1100,False,-2.9370,BAJISTA,-2.6300,34.6300,49.1600,26.8100,-31.4100,25.7700,0.6620,True,32.5800,4,34.2800,True,-3.3700,HAMMER|DOJI,6.7500,6.5000,5.0000,7.5000,10,5.0000,7.0000,False,6.9100,10.3600,1.5000,20.9441,20.0780,3.5581,7.0023,13.8320,0.1761,0.1134,0.3348,0.4752,0.0210,0.0230,1.0590,7.6130,999977152.0000,1553201024.0000,0.6438,32482760704,1.0290,3.9900,,963308388,4.1000,0.2000,6.5600,5.7900,0.0308,FCF/NI:0.64,1,5.1600,False,3-7d,XLI,,CAT|UNP|HON,pmi_manufacturing|supply_chain|capex_cycle,3,2026-09-10,True,2026-05-21,0.4300,0.4100,5.7000,ALCISTA FUERTE,10,770.1900,8.5000,47.5000,14.5300,"Filtros estándar (Score ≥6.5, DD ≥10%)"
PCAR,Paccar,Industrials,Construction Machinery & Heavy Transportation Equipment,1980-12-31,124.7000,2026-09-07,33.3300,32.0900,UP,-0.7783,-1.0929,True,0.2373,2.6993,0.8020,2.1650,127.5900,119.1000,127.0000,-2.2600,4.7000,True,2.7502,NEUTRO,-10.2100,138.8700,138.8700,90.0300,-10.2100,38.5100,0.7190,True,116.0100,1,122.4800,False,-6.9700,HAMMER,7.1700,8.5000,8.5000,7.5000,4,6.5000,7.0000,True,4.3300,6.4900,1.5000,26.2526,17.3472,3.2300,2.3597,21.9420,0.1276,0.0412,0.0900,0.1371,0.0050,0.0420,72.9100,5.5190,1943650048.0000,2504199936.0000,0.7762,65637707776,0.9720,2.8100,1.1200,526364953,3.8000,0.4500,5.7500,5.4400,0.0296,OK,0,5.1500,False,7-15d,XLI,,CAT|UNP|HON,pmi_manufacturing|supply_chain|capex_cycle,50,2026-10-27,False,2026-07-28,1.4300,1.3600,5.4000,ALCISTA FUERTE,10,770.1900,8.5000,47.5000,14.5300,"Filtros estándar (Score ≥6.5, DD ≥10%)"
APTV,Aptiv,Consumer Discretionary,Automotive Parts & Equipment,2012-12-24,47.9500,2026-09-07,41.4600,31.4400,UP,0.3855,0.0016,True,0.5630,1.4743,0.6290,3.0750,53.2800,66.3800,47.8900,-10.0000,-27.7600,False,-5.0674,BAJISTA,-31.8500,70.3600,88.9300,44.5200,-46.0800,7.7000,0.8220,False,46.1600,1,50.5100,True,-3.7300,HAMMER|DOJI,6.2000,5.0000,7.0000,5.0000,7,7.0000,7.0000,False,6.1500,9.2200,1.5000,21.6968,7.3635,1.1414,0.4946,4.6020,0.0516,0.0672,0.0107,0.1925,0.0230,-0.3530,64.9380,2.0180,1615874944.0000,470000000.0000,3.4380,10147204096,1.3300,2.4300,,211620527,4.4300,0.5600,5.2800,7.9500,0.1592,OK,0,5.1400,False,3-7d,XLY,,AMZN|TSLA|HD,consumer_spending|employment_data|interest_rates,52,2026-10-29,False,2026-08-04,1.6300,1.4300,14.1000,ALCISTA FUERTE,10,770.1900,8.5000,47.5000,14.5300,"Filtros estándar (Score ≥6.5, DD ≥10%)"
CRWD,CrowdStrike,Information Technology,Systems Software,2024-06-24,213.1000,2026-09-07,49.7100,46.7100,UP,0.1676,1.1020,False,0.5440,13.9846,1.3960,6.5620,200.8100,142.4900,208.4000,6.1200,49.5500,True,5.6912,ALCISTA,-8.8800,233.8800,233.8800,85.6800,-8.8800,148.7200,0.8140,False,181.1200,2,209.5000,False,-15.0100,DOJI,6.0500,10.0000,6.0000,5.0000,4,5.0000,5.0000,False,13.1200,19.6900,1.5000,5327.5005,132.8885,42.7654,40.4364,2003.0190,0.0146,-0.0078,0.0083,0.7519,0.2580,,15.9580,1.5700,1995385472.0000,44995000.0000,44.3468,218200522752,1.2550,3.0200,,1023934842,4.5100,5.7600,5.6300,1.7500,0.0091,OK,0,5.1300,False,10-18d,XLK,,AAPL|MSFT|NVDA,interest_rates|ai_capex_cycle|semiconductor_cycle,85,2026-12-01,False,2026-08-26,0.3100,0.2900,6.4000,ALCISTA FUERTE,10,770.1900,8.5000,47.5000,14.5300,"Filtros estándar (Score ≥6.5, DD ≥10%)"
KMB,Kimberly-Clark,Consumer Staples,Household Products,1957-03-04,104.9600,2026-09-07,44.6500,55.6600,DOWN,-0.3730,-0.2968,False,-0.0115,2.0747,0.7460,1.9770,108.4500,100.5800,107.5900,-3.2200,4.3500,True,0.2822,NEUTRO,-9.0700,115.4300,125.1200,90.0900,-16.1200,16.5100,1.4000,True,104.8400,3,110.7600,True,-0.1200,NONE,7.5500,8.5000,5.0000,7.5000,9,10.0000,5.0000,False,3.9500,5.9300,1.5000,20.7431,13.9890,19.9468,2.1011,11.6670,1.0491,0.1019,0.1179,0.3761,0.0060,-0.3230,348.9330,0.9090,941124992.0000,1684999936.0000,0.5585,34840457216,0.2730,12.8900,4.8800,331940357,3.5100,0.0000,6.1300,4.5400,0.0270,FCF/NI:0.56|D/E:349,2,5.1300,False,7-15d,XLP,,PG|KO|PEP,inflation|input_costs|fx_rates,57,2026-11-03,False,2026-08-04,2.1200,2.0100,5.7000,ALCISTA FUERTE,10,770.1900,8.5000,47.5000,14.5300,"Filtros estándar (Score ≥6.5, DD ≥10%)"
LOW,Lowe's,Consumer Discretionary,Home Improvement Retail,1984-02-29,204.4500,2026-09-07,33.1500,33.9300,DOWN,-1.4884,-1.8837,True,0.2229,5.2064,0.8960,2.5470,212.8900,234.1400,209.4500,-3.9600,-12.6800,False,-0.8891,BAJISTA,-10.0900,227.4000,289.8700,199.3400,-29.4700,2.5600,0.7930,False,206.7200,1,223.7000,True,1.1100,NONE,6.0200,5.0000,7.5000,5.0000,7,6.5000,5.0000,False,5.0900,7.6400,1.5000,17.2677,15.6798,-15.4220,1.2684,12.0640,,0.1252,0.0735,0.3299,0.0830,0.0000,,1.1050,4615374848.0000,6624999936.0000,0.6967,114707488768,0.8460,3.1400,2.4500,561054019,4.5300,3.3300,4.9700,5.4300,0.0402,FCF/NI:0.70,1,5.1300,False,3-7d,XLY,,AMZN|TSLA|HD,consumer_spending|employment_data|interest_rates,72,2026-11-18,False,2026-08-19,4.4000,4.2200,4.2000,ALCISTA FUERTE,10,770.1900,8.5000,47.5000,14.5300,"Filtros estándar (Score ≥6.5, DD ≥10%)"
RF,Regions Financial Corporation,Financials,Regional Banks,1998-08-28,30.4200,2026-09-07,38.5800,30.9800,UP,-0.0447,-0.1946,True,0.4609,0.5866,0.9600,1.9280,30.6000,27.9100,30.3500,-0.5900,9.0000,True,2.5688,NEUTRO,-5.3600,32.1400,32.1400,21.8200,-5.3600,39.4300,0.8960,True,29.8000,1,32.0100,True,-2.0500,NONE,7.2000,8.5000,8.5000,7.5000,7,5.0000,5.0000,False,3.8600,5.7900,1.5000,12.3659,10.7014,1.4848,3.5805,,0.1187,0.0139,0.3084,0.0000,0.0340,0.0850,,,,2150000128.0000,,25915697152,1.0030,5.3300,3.6000,851929506,3.7300,1.2500,4.5800,5.6200,,OK,0,5.1200,False,7-15d,XLF,,JPM|BAC|WFC,interest_rates|yield_curve|credit_spreads|loan_growth,39,2026-10-16,False,2026-07-17,0.6800,0.6300,7.9000,ALCISTA FUERTE,10,770.1900,8.5000,47.5000,14.5300,"Filtros estándar (Score ≥6.5, DD ≥10%)"
AON,Aon plc,Financials,Insurance Brokers,1996-04-23,323.0900,2026-09-07,36.0200,48.5600,DOWN,-3.3763,-3.1676,False,0.0482,10.0821,1.1180,3.1210,352.7400,336.0700,343.1600,-8.4000,-3.8600,True,0.1853,BAJISTA,-15.3000,381.4700,381.4700,303.1000,-15.3000,6.6000,1.4570,False,309.1200,5,329.3900,False,-4.3200,NONE,6.4500,7.0000,6.5000,5.0000,7,8.0000,5.0000,False,6.2400,9.3600,1.5000,17.8207,15.8146,7.1363,3.8992,14.1400,0.4470,0.0583,0.2227,0.4815,0.0220,-0.0300,163.4810,1.0330,3190874880.0000,3913999872.0000,0.8152,68535607296,0.6600,2.6000,1.0200,212125434,4.2400,0.1200,6.9600,5.8800,0.0466,D/E:163,1,5.1200,False,3-7d,XLF,,JPM|BAC|WFC,interest_rates|yield_curve|credit_spreads|loan_growth,53,2026-10-30,False,2026-07-29,3.8100,3.8000,27.0000,ALCISTA FUERTE,10,770.1900,8.5000,47.5000,14.5300,"Filtros estándar (Score ≥6.5, DD ≥10%)"
ERIE,Erie Indemnity,Financials,Insurance Brokers,2024-09-23,252.8000,2026-09-07,54.2900,56.4800,DOWN,-1.5488,-1.2219,False,0.2278,8.5707,0.8970,3.3900,246.3300,252.1700,255.4900,2.6300,0.2500,False,-1.4167,ALCISTA,-6.8800,271.4700,334.6200,203.4700,-24.4500,24.2500,0.5430,False,248.8400,2,261.7300,True,-1.5700,HAMMER,6.3300,8.0000,5.0000,5.0000,7,6.5000,7.0000,False,6.7800,10.1700,1.5000,22.9401,18.0443,5.3581,3.2089,15.5420,0.2481,0.1415,0.1401,0.1790,0.0280,0.0320,2.5600,1.2460,481207744.0000,577001024.0000,0.8340,13218878464,0.3050,8.8700,2.3100,46189068,4.3100,0.2900,7.8600,4.8800,0.0364,OK,0,5.1200,False,10-18d,XLF,,JPM|BAC|WFC,interest_rates|yield_curve|credit_spreads|loan_growth,52,2026-10-29,False,2026-07-30,3.4500,3.3500,2.9000,ALCISTA FUERTE,10,770.1900,8.5000,47.5000,14.5300,"Filtros estándar (Score ≥6.5, DD ≥10%)"
D,Dominion Energy,Utilities,Multi-Utilities,2016-11-30,65.8400,2026-09-07,31.3300,35.7700,DOWN,-0.0152,-0.1486,True,0.3220,1.0450,0.8790,1.5870,68.0700,62.8300,66.4800,-3.2800,4.8000,True,1.4002,NEUTRO,-8.8800,72.2600,72.2600,54.1700,-8.8800,21.5500,0.8950,False,67.1500,2,69.2000,True,2.0000,HAMMER|HAMMER|DOJI,6.7000,8.5000,7.5000,5.0000,7,5.0000,7.0000,False,3.1700,4.7600,1.5000,22.7820,17.2563,2.0744,3.1960,14.0540,0.0828,0.0304,0.1398,0.4622,0.1760,-0.5800,160.4590,0.8090,-9181124608.0000,2505999872.0000,-3.6637,57907986432,0.6220,6.3000,4.0600,879525949,4.0700,5.0000,4.1400,2.9000,-0.1585,FCF/NI:-3.66|D/E:160,2,5.1200,False,7-15d,XLU,,NEE|DUK|SO,interest_rates|regulatory_environment,53,2026-10-30,False,2026-07-31,0.7900,0.6700,17.2000,ALCISTA FUERTE,10,770.1900,8.5000,47.5000,14.5300,"Filtros estándar (Score ≥6.5, DD ≥10%)"
ESS,Essex Property Trust,Real Estate,Multi-Family Residential REITs,2014-04-02,278.6100,2026-09-07,43.6100,51.0400,DOWN,-0.9575,-0.6947,False,0.1833,4.7650,0.8790,1.7100,289.2000,263.7100,283.9500,-3.6600,5.6500,True,1.3251,NEUTRO,-8.1600,303.3500,303.3500,233.8500,-8.1600,19.1400,0.8980,False,279.6200,2,285.7900,True,0.3600,HAMMER|DOJI,6.4300,8.5000,5.0000,5.0000,7,6.5000,7.0000,False,3.4200,5.1300,1.5000,43.4649,44.6424,3.3638,9.6950,20.1340,0.0771,0.0296,0.2089,0.6877,0.0310,-0.7180,122.4090,0.2490,1043926720.0000,413841984.0000,2.5225,19203524608,0.7060,4.4300,3.7200,64261739,4.2300,1.2500,5.2900,6.4600,0.0544,D/E:122,1,5.1100,False,7-15d,XLRE,,PLD|AMT|EQIX,interest_rates|cap_rates|occupancy_trends,50,2026-10-27,False,2026-07-29,0.9400,1.4700,-36.0000,ALCISTA FUERTE,10,770.1900,8.5000,47.5000,14.5300,"Filtros estándar (Score ≥6.5, DD ≥10%)"
SWKS,Skyworks Solutions,Information Technology,Semiconductors,2015-03-12,74.0200,2026-09-07,69.7400,36.7000,UP,0.5252,-0.2092,True,1.1639,3.0736,0.8970,4.1520,64.8800,63.3100,68.2500,14.0900,16.9200,True,-0.3525,ALCISTA,-6.5400,79.2000,88.0500,51.4800,-15.9300,43.7800,0.8720,False,69.3700,1,79.2000,False,-6.2800,HAMMER,6.3500,9.5000,7.0000,5.0000,4,5.0000,7.0000,False,8.3000,12.4600,1.5000,38.3523,14.9154,1.9414,2.7735,12.5200,0.0509,0.0344,0.0723,0.4073,-0.0310,-0.6860,11.8690,3.1010,448812512.0000,290100000.0000,1.5471,11133048832,1.5180,5.3000,4.1300,150405963,4.2500,0.0000,6.3400,6.7800,0.0403,OK,0,5.0900,False,10-18d,XLK,,AAPL|MSFT|NVDA,interest_rates|ai_capex_cycle|semiconductor_cycle,57,2026-11-03,False,2026-07-28,1.0800,1.0300,4.8000,ALCISTA FUERTE,10,770.1900,8.5000,47.5000,14.5300,"Filtros estándar (Score ≥6.5, DD ≥10%)"
GM,General Motors,Consumer Discretionary,Automobile Manufacturers,2013-06-06,87.7600,2026-09-07,64.4800,44.3300,UP,-0.1174,-0.3247,True,0.7891,2.0575,0.8420,2.3440,83.1500,79.5100,85.9800,5.5500,10.3800,True,2.2619,ALCISTA,-4.2600,91.6600,91.6600,53.8700,-4.2600,62.9200,1.0500,True,74.3900,3,88.1800,False,-15.2300,NONE,7.0500,10.0000,7.0000,7.5000,6,5.0000,5.0000,False,4.6900,7.0300,1.5000,39.1786,5.9142,1.2414,0.4278,11.0980,0.0316,0.0225,0.0105,0.1018,0.0190,-0.2620,202.3410,1.1360,21933750272.0000,1856999936.0000,11.8114,79374663680,1.3210,3.2500,0.8200,904451541,3.7600,0.3800,3.9900,7.4400,0.2763,D/E:202,1,5.0800,False,10-18d,XLY,,AMZN|TSLA|HD,consumer_spending|employment_data|interest_rates,43,2026-10-20,False,2026-07-21,3.5700,3.1900,12.0000,ALCISTA FUERTE,10,770.1900,8.5000,47.5000,14.5300,"Filtros estándar (Score ≥6.5, DD ≥10%)"
KHC,Kraft Heinz,Consumer Staples,Packaged Foods & Meats,2015-07-06,24.8500,2026-09-07,55.4500,57.5900,DOWN,0.0057,0.0320,False,0.4583,0.6191,0.8740,2.4910,25.0400,23.2200,25.0900,-0.7500,7.0300,True,0.7557,NEUTRO,-10.1200,27.6500,27.6500,20.3400,-10.1200,22.2000,1.3430,False,24.7700,1,25.3400,True,-0.3100,NONE,6.0000,8.5000,5.0000,5.0000,7,5.0000,5.0000,False,4.9800,7.4700,1.5000,,11.8746,0.8185,1.1834,8.3580,-0.0876,0.0363,-0.1364,0.3350,-0.0140,,52.5910,1.0610,3250500096.0000,-3396000000.0000,-0.9572,29467719680,0.0820,5.8300,6.4400,1185823758,4.4500,2.5000,3.3700,8.0000,0.1103,FCF/NI:-0.96|ROE:-8.8%,2,5.0700,False,7-15d,XLP,,PG|KO|PEP,inflation|input_costs|fx_rates,51,2026-10-28,False,2026-08-05,0.5600,0.5300,5.6000,ALCISTA FUERTE,10,770.1900,8.5000,47.5000,14.5300,"Filtros estándar (Score ≥6.5, DD ≥10%)"
EQT,EQT Corporation,Energy,Oil & Gas Exploration & Production,2022-10-03,55.1700,2026-09-07,72.1300,55.2000,UP,0.0907,0.0939,False,0.7725,1.3479,1.0090,2.4430,52.5800,55.8500,54.2700,4.9300,-1.2200,False,-0.2116,BAJISTA,-2.3900,56.5200,67.8400,47.7900,-18.6700,15.4400,0.8370,True,52.5700,1,55.4400,False,-4.7100,NONE,6.0000,6.5000,6.0000,7.5000,5,5.0000,5.0000,False,4.8900,7.3300,1.5000,12.8005,14.0252,1.3662,3.7132,6.2410,0.1108,0.0663,0.2918,0.8075,-0.0390,-0.7400,19.5950,0.6730,2460903936.0000,2711614976.0000,0.9075,34509717504,0.5760,2.8000,1.2000,625516000,4.4500,0.0000,5.9700,7.8700,0.0713,OK,0,5.0700,False,3-7d,XLE,,XOM|CVX|COP,oil_price|gas_price|opec_supply|inventories,43,2026-10-20,False,2026-07-21,0.3900,0.4000,-3.3000,ALCISTA FUERTE,10,770.1900,8.5000,47.5000,14.5300,"Filtros estándar (Score ≥6.5, DD ≥10%)"
ECL,Ecolab,Materials,Specialty Chemicals,1989-01-31,279.2800,2026-09-07,54.6900,53.1300,UP,-1.0283,-0.4049,False,0.3286,5.8114,0.9160,2.0810,278.8100,271.9700,281.7400,0.1700,2.6900,True,0.7809,ALCISTA,-5.4300,295.3300,307.6000,242.4900,-9.2100,15.1700,0.7260,True,259.9700,2,279.7200,False,-6.9100,NONE,6.5500,10.0000,6.0000,7.5000,4,5.0000,5.0000,False,4.1600,6.2400,1.5000,37.4370,29.6546,7.7859,4.6484,21.0610,0.2196,0.0723,0.1257,0.4421,0.0970,0.0330,138.0230,1.8410,1474824960.0000,2116400000.0000,0.6969,78290173952,0.8900,2.9000,1.0500,280328603,4.0600,2.9000,5.6200,3.5900,0.0188,FCF/NI:0.70|D/E:138,2,5.0600,False,10-18d,XLB,,LIN|APD|NEM,commodity_prices|dxy|china_demand|energy_costs,50,2026-10-27,False,2026-07-28,2.0900,2.0800,48.0000,ALCISTA FUERTE,10,770.1900,8.5000,47.5000,14.5300,"Filtros estándar (Score ≥6.5, DD ≥10%)"
ARES,Ares Management,Financials,Asset Management & Custody Banks,2025-12-11,140.1500,2026-09-07,47.4800,57.0700,DOWN,-0.9239,-0.8161,False,0.3436,4.1150,0.7930,2.9360,131.0400,131.3900,139.7300,6.9500,6.6700,False,-0.3322,ALCISTA,-6.4900,149.8700,181.3200,93.5700,-22.7100,49.7800,0.5100,True,137.1200,1,140.4800,True,-2.1600,HAMMER|DOJI,6.9000,8.0000,5.0000,7.5000,7,7.0000,7.0000,False,5.8700,8.8100,1.5000,63.9954,19.4871,12.7051,7.7206,35.6680,0.1494,0.0259,0.1063,0.3741,0.0580,0.0650,172.3780,0.5440,2159716096.0000,572572992.0000,3.7719,46228000768,1.5170,6.1300,3.8500,222028421,3.8100,1.6200,4.9300,5.0400,0.0467,D/E:172,1,5.0500,False,10-18d,XLF,,JPM|BAC|WFC,interest_rates|yield_curve|credit_spreads|loan_growth,56,2026-11-02,False,2026-07-31,1.2900,1.2700,1.4000,ALCISTA FUERTE,10,770.1900,8.5000,47.5000,14.5300,"Filtros estándar (Score ≥6.5, DD ≥10%)"
PFG,Principal Financial Group,Financials,Life & Health Insurance,2002-07-22,116.6800,2026-09-07,61.6200,38.5500,UP,0.5064,-0.4315,True,0.9946,2.6798,1.1470,2.2970,111.4100,97.3200,112.1500,4.7300,19.8900,True,3.4546,ALCISTA,-3.7100,121.1800,121.1800,75.3000,-3.7100,54.9400,1.3470,False,110.8800,2,114.9000,False,-4.9700,HAMMER,6.4500,10.0000,7.0000,5.0000,4,5.0000,7.0000,False,4.5900,6.8900,1.5000,16.6211,11.2597,2.0624,1.5919,11.1140,0.1295,0.0035,0.0993,0.4734,0.0640,0.0280,35.3070,1.5860,1056374976.0000,1558800000.0000,0.6777,24981729280,0.8720,5.7500,2.8800,214104641,4.1000,1.2900,5.2700,5.9900,0.0423,FCF/NI:0.68,1,5.0400,False,10-18d,XLF,,JPM|BAC|WFC,interest_rates|yield_curve|credit_spreads|loan_growth,49,2026-10-26,False,2026-07-27,2.5000,2.3300,7.1000,ALCISTA FUERTE,10,770.1900,8.5000,47.5000,14.5300,"Filtros estándar (Score ≥6.5, DD ≥10%)"
MCD,McDonald's,Consumer Discretionary,Restaurants,1970-06-30,255.6900,2026-09-07,37.4300,38.4500,DOWN,-0.9141,-0.7389,False,0.0149,4.2808,0.7670,1.6740,267.7200,291.8400,264.0000,-4.4900,-12.3900,False,-1.0465,BAJISTA,-10.9900,287.2500,335.1800,255.4900,-23.7200,0.0800,1.0060,True,,0,276.5700,False,,NONE,6.4000,5.0000,6.5000,7.5000,4,10.0000,5.0000,False,3.3500,5.0200,1.5000,20.7878,18.2918,-176.8257,6.5315,15.7210,,0.1325,0.3172,0.5738,0.0370,0.0570,,1.0810,6262374912.0000,8787000320.0000,0.7127,180936867840,0.4140,2.4200,2.9100,707641531,4.1100,2.6100,4.9600,4.8800,0.0346,FCF/NI:0.71,1,5.0300,False,3-7d,XLY,,AMZN|TSLA|HD,consumer_spending|employment_data|interest_rates,59,2026-11-05,False,2026-08-04,3.3800,3.3200,1.8000,ALCISTA FUERTE,10,770.1900,8.5000,47.5000,14.5300,"Filtros estándar (Score ≥6.5, DD ≥10%)"
LVS,Las Vegas Sands,Consumer Discretionary,Casinos & Gaming,2019-10-03,44.3700,2026-09-07,44.2000,47.5800,DOWN,-0.1572,-0.2378,True,0.2283,1.2486,0.9970,2.8140,45.9400,53.6300,45.3600,-3.4100,-17.2600,False,-2.5991,BAJISTA,-13.5800,51.3400,69.2400,43.3600,-35.9200,2.3300,0.9640,False,44.9500,2,47.7200,True,1.3100,HAMMER,5.9300,5.0000,6.0000,5.0000,7,6.5000,7.0000,False,5.6300,8.4400,1.5000,17.1977,12.6020,49.4649,2.0948,8.8300,1.2287,0.0955,0.1259,0.7933,-0.0070,-0.1980,1703.9020,0.9970,2212875008.0000,1727000064.0000,1.2813,28738500608,0.8190,3.0100,2.7000,647701184,4.4100,0.0000,6.7400,6.8200,0.0770,D/E:1704,1,5.0200,False,3-7d,XLY,,AMZN|TSLA|HD,consumer_spending|employment_data|interest_rates,44,2026-10-21,False,2026-07-22,0.5900,0.7600,-22.0000,ALCISTA FUERTE,10,770.1900,8.5000,47.5000,14.5300,"Filtros estándar (Score ≥6.5, DD ≥10%)"
TRMB,Trimble Inc.,Information Technology,Application Software,2021-01-21,59.4700,2026-09-07,64.8600,59.1100,UP,-0.1883,-0.0788,False,0.5784,1.7114,0.8740,2.8780,56.0600,64.8100,58.9800,6.0800,-8.2400,False,-3.0582,BAJISTA,-4.0800,62.0000,84.4200,47.9200,-29.5500,24.1000,0.6700,False,52.8000,1,58.3000,False,-11.2200,HAMMER|DOJI|HAMMER,5.5500,6.5000,6.0000,5.0000,4,5.0000,7.0000,False,5.7600,8.6300,1.5000,,14.4226,2.4443,3.6658,17.1710,-0.0194,0.0480,-0.0277,0.7177,0.1100,,28.5530,0.9540,686174976.0000,-104700000.0000,-6.5537,13867205632,1.3620,3.8200,,233179848,4.6700,3.6000,3.2600,7.5600,0.0495,FCF/NI:-6.55|ROE:-1.9%,2,5.0200,False,3-7d,XLK,,AAPL|MSFT|NVDA,interest_rates|ai_capex_cycle|semiconductor_cycle,58,2026-11-04,False,2026-08-12,0.8600,0.8000,7.2000,ALCISTA FUERTE,10,770.1900,8.5000,47.5000,14.5300,"Filtros estándar (Score ≥6.5, DD ≥10%)"
APD,Air Products,Materials,Industrial Gases,1985-04-30,301.2700,2026-09-07,50.5400,49.8900,UP,-0.6130,-0.0574,False,0.1369,5.9757,0.8130,1.9840,300.0700,280.1800,304.1600,0.4000,7.5300,True,2.0956,ALCISTA,-4.3200,314.8700,314.8700,224.6400,-4.3200,34.1100,0.7350,True,298.6200,2,305.7300,True,-0.8800,NONE,7.4500,10.0000,6.0000,7.5000,7,8.0000,5.0000,False,3.9700,5.9500,1.5000,,20.8704,4.8321,5.3236,18.7160,0.0002,0.0473,-0.0037,0.3206,0.0460,,110.0910,1.0850,-1497500032.0000,-47300000.0000,31.6596,67088470016,0.7540,3.7600,2.4000,222685530,3.3900,3.4200,3.8600,2.8100,-0.0223,D/E:110,1,5.0100,False,10-18d,XLB,,LIN|ECL|NEM,commodity_prices|dxy|china_demand|energy_costs,59,2026-11-05,False,2026-07-30,3.4700,3.3400,3.8000,ALCISTA FUERTE,10,770.1900,8.5000,47.5000,14.5300,"Filtros estándar (Score ≥6.5, DD ≥10%)"
JKHY,Jack Henry & Associates,Financials,Transaction & Payment Processing Services,2018-11-13,165.6400,2026-09-07,73.8200,68.2500,UP,-0.3865,0.3687,False,0.6026,5.1717,1.0710,3.1220,154.6000,158.6200,163.4700,7.1400,4.4200,False,0.4323,ALCISTA,-5.0000,174.3600,191.1300,120.6000,-13.3400,37.3400,0.7340,True,151.0500,1,162.3700,False,-8.8100,HAMMER|DOJI|HAMMER|DOJI,6.4500,8.5000,6.0000,7.5000,4,5.0000,7.0000,False,6.2400,9.3700,1.5000,23.7647,21.1491,5.6563,4.5644,16.6320,0.2404,0.1299,0.1976,0.4390,0.0470,-0.1040,3.7930,1.1670,352223744.0000,502776000.0000,0.7006,11613452288,0.5640,4.7400,1.4700,70112608,4.0400,0.8200,7.0100,4.3500,0.0303,FCF/NI:0.70,1,5.0000,False,10-18d,XLF,,JPM|BAC|WFC,interest_rates|yield_curve|credit_spreads|loan_growth,57,2026-11-03,False,2026-08-18,1.5300,1.4400,6.4000,ALCISTA FUERTE,10,770.1900,8.5000,47.5000,14.5300,"Filtros estándar (Score ≥6.5, DD ≥10%)"
SYF,Synchrony Financial,Financials,Consumer Finance,2015-11-18,79.9200,2026-09-07,47.3800,49.5100,DOWN,-0.2018,-0.5133,True,0.6273,2.1757,1.0080,2.7220,76.6500,74.5600,78.6500,4.2600,7.1900,True,0.8786,ALCISTA,-2.4400,81.9200,87.6700,62.5500,-8.8400,27.7600,0.8590,True,70.3500,1,79.5900,False,-11.9800,HAMMER,6.7500,10.0000,6.0000,7.5000,4,5.0000,7.0000,False,5.4400,8.1700,1.5000,8.1969,7.6041,1.7109,2.6245,,0.2079,0.0290,0.3551,0.0000,0.0060,0.0360,,,,3435000064.0000,,26003638272,1.3080,5.2500,1.7000,325370840,3.8200,0.0500,5.4500,6.3100,,OK,0,4.9900,False,10-18d,XLF,,JPM|BAC|WFC,interest_rates|yield_curve|credit_spreads|loan_growth,37,2026-10-14,False,2026-07-21,2.5900,2.1300,21.9000,ALCISTA FUERTE,10,770.1900,8.5000,47.5000,14.5300,"Filtros estándar (Score ≥6.5, DD ≥10%)"
AEP,American Electric Power,Utilities,Electric Utilities,1957-03-04,124.5000,2026-09-07,41.3000,47.9200,DOWN,0.3652,0.0522,True,0.5831,2.0850,0.8180,1.6750,128.6800,125.2500,124.4400,-3.2500,-0.6000,True,0.5929,BAJISTA,-10.7600,139.5200,139.5200,102.5200,-10.7600,21.4400,0.9990,True,126.0200,1,136.2100,True,1.2200,NONE,6.5500,7.0000,6.0000,7.5000,8,5.0000,5.0000,False,3.3500,5.0200,1.5000,21.6146,18.1571,2.1127,2.9739,13.5020,0.1013,0.0298,0.1378,0.4635,0.0700,-0.4320,160.7890,0.5040,-5995950080.0000,3140999936.0000,-1.9089,67777474560,0.5000,6.0500,3.0500,544397352,3.9000,4.2700,4.3400,2.9500,-0.0885,FCF/NI:-1.91|D/E:161,2,4.9600,False,3-7d,XLU,,NEE|DUK|SO,interest_rates|regulatory_environment,52,2026-10-29,False,2026-07-30,1.3600,1.4800,-8.2000,ALCISTA FUERTE,10,770.1900,8.5000,47.5000,14.5300,"Filtros estándar (Score ≥6.5, DD ≥10%)"
CTVA,Corteva,Materials,Fertilizers & Agricultural Chemicals,2019-06-03,87.8600,2026-09-07,84.2600,81.0900,UP,1.1252,1.0782,True,0.8445,2.4437,1.1440,2.7810,83.1900,77.0400,83.5900,5.6100,14.0500,True,2.4067,ALCISTA,-3.3100,90.8700,90.8700,59.9700,-3.3100,46.5000,0.9290,False,83.5200,3,87.5000,False,-4.9400,HAMMER,6.7500,10.0000,7.0000,5.0000,6,5.0000,7.0000,False,5.5600,8.3400,1.5000,53.2485,21.3200,2.3293,3.2910,14.3560,0.0426,0.0455,0.0566,0.4954,-0.0120,-0.0990,19.1910,1.5160,2417250048.0000,1084999936.0000,2.2279,58619842560,0.5770,3.2100,0.8200,667196000,3.7500,0.0000,5.9800,5.5100,0.0412,OK,0,4.9500,False,10-18d,XLB,,LIN|APD|ECL,commodity_prices|dxy|china_demand|energy_costs,57,2026-11-03,False,2026-07-30,2.3000,2.2300,2.9000,ALCISTA FUERTE,10,770.1900,8.5000,47.5000,14.5300,"Filtros estándar (Score ≥6.5, DD ≥10%)"
AXON,Axon Enterprise,Industrials,Aerospace & Defense,2023-05-04,515.6700,2026-09-07,35.2000,50.8600,DOWN,-14.3923,-11.4064,False,0.0310,30.4071,0.9110,5.8970,566.8300,505.5600,569.8900,-9.0300,2.0000,True,-1.3532,NEUTRO,-22.4600,665.0700,792.1600,339.0100,-34.9000,52.1100,0.7930,False,485.7500,1,515.8000,False,-5.8000,NONE,6.2000,8.0000,6.5000,5.0000,4,8.0000,5.0000,False,11.7900,17.6900,1.5000,213.0868,48.7683,11.4003,13.0135,260.7400,0.0622,0.0051,0.0619,0.5952,0.3530,-0.1820,50.3630,2.1490,222160000.0000,199298000.0000,1.1147,41891696640,1.3990,3.8400,,81237415,4.0900,5.0000,5.2000,1.7400,0.0053,OK,0,4.9300,False,7-15d,XLI,,CAT|UNP|HON,pmi_manufacturing|supply_chain|capex_cycle,57,2026-11-03,False,2026-08-05,1.8800,1.8400,2.0000,ALCISTA FUERTE,10,770.1900,8.5000,47.5000,14.5300,"Filtros estándar (Score ≥6.5, DD ≥10%)"
SRE,Sempra,Utilities,Multi-Utilities,2017-03-17,84.0400,2026-09-07,45.3700,50.0000,DOWN,0.1453,0.0054,True,0.3392,2.3364,1.2550,2.7800,88.7700,90.2100,85.1300,-5.3300,-6.8400,False,-0.6202,BAJISTA,-12.4800,96.0200,100.3200,76.7500,-16.2300,9.5000,0.6450,False,83.1600,2,88.8100,True,-1.0500,HAMMER|HAMMER|DOJI,5.8500,5.0000,6.0000,5.0000,8,5.0000,7.0000,False,5.5600,8.3400,1.5000,24.3594,15.1807,1.6809,4.0550,17.3970,0.0668,0.0196,0.1682,0.4399,-0.0010,0.7130,84.6630,1.6420,-27657750528.0000,2262000128.0000,-12.2271,54953787392,0.5640,3.1900,3.1300,653900348,4.3200,5.0000,4.8100,2.9500,-0.5033,FCF/NI:-12.23,1,4.9300,False,3-7d,XLU,,NEE|DUK|SO,interest_rates|regulatory_environment,58,2026-11-04,False,2026-08-06,1.1600,1.0600,9.7000,ALCISTA FUERTE,10,770.1900,8.5000,47.5000,14.5300,"Filtros estándar (Score ≥6.5, DD ≥10%)"
MET,MetLife,Financials,Life & Health Insurance,2000-12-11,97.6200,2026-09-07,52.9200,47.3800,UP,-0.0035,-0.4050,True,0.7480,1.9107,1.0210,1.9570,94.0400,81.0300,96.1500,3.8100,20.4700,True,2.5082,ALCISTA,-3.2800,100.9300,100.9300,66.4100,-3.2800,47.0000,0.9520,True,93.8500,3,98.5800,True,-3.8600,NONE,7.5000,10.0000,7.0000,7.5000,9,5.0000,5.0000,False,3.9100,5.8700,1.5000,18.7011,8.9391,2.2688,0.7813,14.1640,0.1309,0.0045,0.0457,0.2395,0.1050,0.0580,179.9330,2.0270,-20953999360.0000,3440999936.0000,-6.0895,62035259392,0.7590,2.9000,2.4300,635476927,3.2200,2.8300,3.9400,2.8300,-0.3378,FCF/NI:-6.09|D/E:180,2,4.9300,False,10-18d,XLF,,JPM|BAC|WFC,interest_rates|yield_curve|credit_spreads|loan_growth,63,2026-11-09,False,2026-08-05,2.4300,2.2900,6.2000,ALCISTA FUERTE,10,770.1900,8.5000,47.5000,14.5300,"Filtros estándar (Score ≥6.5, DD ≥10%)"
NOW,ServiceNow,Information Technology,Systems Software,2019-11-21,141.2600,2026-09-07,68.8000,67.4600,UP,0.6961,1.5891,False,0.7693,6.7200,1.0470,4.7570,117.0200,118.5800,132.2400,20.7100,19.1200,False,-3.8621,ALCISTA,-5.5700,149.6000,194.7300,81.2400,-27.4600,73.8800,0.7120,True,117.5900,1,139.2000,False,-16.7600,NONE,6.1500,8.0000,6.0000,7.5000,4,5.0000,5.0000,False,9.5100,14.2700,1.5000,88.2875,28.2209,11.6686,9.9133,51.7200,0.1424,0.0425,0.1134,0.7477,0.2400,-0.2190,67.5380,0.7010,5149374976.0000,1670000000.0000,3.0835,146043338752,0.9720,1.2200,,1033862000,4.1000,3.0000,4.7800,4.5900,0.0353,OK,0,4.9200,False,10-18d,XLK,,AAPL|MSFT|NVDA,interest_rates|ai_capex_cycle|semiconductor_cycle,51,2026-10-28,False,2026-07-22,0.9000,0.8600,5.0000,ALCISTA FUERTE,10,770.1900,8.5000,47.5000,14.5300,"Filtros estándar (Score ≥6.5, DD ≥10%)"
OKE,Oneok,Energy,Oil & Gas Storage & Transportation,2010-03-15,95.4300,2026-09-07,50.4200,64.2400,DOWN,0.0186,0.1076,False,0.6533,2.4700,1.0350,2.5880,91.1500,83.2900,94.0000,4.6900,14.5700,True,3.6243,ALCISTA,-4.4300,99.8500,99.8500,61.6700,-4.4300,54.7400,1.0120,False,83.0600,5,94.8400,False,-12.9700,NONE,6.1500,10.0000,5.0000,5.0000,6,5.0000,5.0000,False,5.1800,7.7600,1.5000,16.4819,15.3484,2.6226,1.5273,12.1460,0.1628,0.0577,0.0929,0.2721,0.5280,0.1420,143.0700,0.7370,899875008.0000,3656000000.0000,0.2461,60124033024,0.7190,6.7200,4.4800,630032852,4.1000,4.4300,3.9700,3.8700,0.0150,FCF/NI:0.25|D/E:143,2,4.9200,False,10-18d,XLE,,XOM|CVX|COP,oil_price|gas_price|opec_supply|inventories,50,2026-10-27,False,2026-08-03,1.5300,1.4500,5.6000,ALCISTA FUERTE,10,770.1900,8.5000,47.5000,14.5300,"Filtros estándar (Score ≥6.5, DD ≥10%)"
TXT,Textron,Industrials,Aerospace & Defense,1978-12-31,79.0700,2026-09-07,17.6000,27.7500,DOWN,-0.4219,-0.4932,True,0.1526,1.6429,0.6710,2.0780,87.8700,90.0200,83.2500,-10.0100,-12.1700,False,0.3610,BAJISTA,-18.7500,97.3200,101.5300,78.0700,-22.1200,1.2800,1.4420,False,,0,93.6900,False,,NONE,6.1700,5.5000,8.5000,5.0000,4,8.5000,5.0000,False,4.1600,6.2300,1.5000,14.8908,10.8866,1.6880,0.8987,9.7460,0.1213,0.0455,0.0612,0.1763,0.0300,0.0520,52.2850,1.8610,452750016.0000,939000000.0000,0.4822,13749401600,0.8980,4.2000,0.1000,173888981,4.0800,1.1500,4.2000,7.3400,0.0329,FCF/NI:0.48,1,4.9200,False,3-7d,XLI,,CAT|UNP|HON,pmi_manufacturing|supply_chain|capex_cycle,45,2026-10-22,False,2026-07-28,1.6200,1.5500,4.8000,ALCISTA FUERTE,10,770.1900,8.5000,47.5000,14.5300,"Filtros estándar (Score ≥6.5, DD ≥10%)"
MSI,Motorola Solutions,Information Technology,Communications Equipment,1957-03-04,468.0500,2026-09-07,57.2400,67.3400,DOWN,-3.0304,-0.0573,False,0.3054,9.9607,0.9170,2.1280,444.6200,421.2100,472.0800,5.2700,11.1200,True,1.6586,ALCISTA,-5.4200,494.8500,494.8500,357.3400,-5.4200,30.9800,0.7860,False,401.0000,2,493.5700,False,-14.3300,NONE,5.8500,10.0000,5.0000,5.0000,4,5.0000,5.0000,False,4.2600,6.3800,1.5000,36.9125,24.5013,28.9904,6.3299,22.9870,0.9157,0.1125,0.1744,0.5211,0.1330,0.0950,357.8500,1.0990,1979000064.0000,2134000000.0000,0.9274,77459365888,0.8810,3.4000,1.0300,165493788,4.2400,1.6000,6.8200,4.3000,0.0255,D/E:358,1,4.8800,False,10-18d,XLK,,AAPL|MSFT|NVDA,interest_rates|ai_capex_cycle|semiconductor_cycle,59,2026-11-05,False,2026-08-05,4.4100,3.8500,14.4000,ALCISTA FUERTE,10,770.1900,8.5000,47.5000,14.5300,"Filtros estándar (Score ≥6.5, DD ≥10%)"
ES,Eversource Energy,Utilities,Electric Utilities,2009-07-24,71.0500,2026-09-07,44.5800,47.6700,DOWN,0.0115,-0.1170,True,0.4055,1.2079,0.8260,1.7000,72.7700,69.3500,71.3900,-2.3700,2.4600,True,0.0190,NEUTRO,-7.2100,76.5700,76.5700,59.7200,-7.2100,18.9800,0.9140,True,66.3800,4,70.7700,False,-6.5800,HAMMER|DOJI,6.7500,8.5000,6.0000,7.5000,6,5.0000,7.0000,False,3.4000,5.1000,1.5000,18.4545,14.4514,1.6375,1.9118,11.1300,0.0902,0.0330,0.1035,0.5275,0.0230,-0.8540,180.7000,0.8000,811961344.0000,1449377024.0000,0.5602,26762741760,0.6980,4.5200,4.4300,376674754,3.6000,1.0700,4.6700,5.3200,0.0303,FCF/NI:0.56|D/E:181,2,4.8600,False,7-15d,XLU,,NEE|DUK|SO,interest_rates|regulatory_environment,58,2026-11-04,False,2026-07-30,0.8700,0.8700,-33.0000,ALCISTA FUERTE,10,770.1900,8.5000,47.5000,14.5300,"Filtros estándar (Score ≥6.5, DD ≥10%)"
VRSN,Verisign,Information Technology,Internet Services & Infrastructure,2006-02-01,292.0800,2026-09-07,73.4500,49.5500,UP,0.2029,0.1865,True,0.6985,7.2334,0.8480,2.4770,278.4200,260.3400,287.6000,4.9100,12.1900,True,1.6872,ALCISTA,-3.3200,302.1100,311.5700,206.9300,-6.2500,41.1500,0.7220,True,270.8200,1,301.2400,False,-7.2800,HAMMER|DOJI,6.9500,10.0000,7.0000,7.5000,4,5.0000,7.0000,False,4.9500,7.4300,1.5000,31.7478,26.5727,-11.7137,15.4599,23.3400,,0.4512,0.4977,0.8847,0.0600,0.0770,,0.5910,832837504.0000,850000000.0000,0.9798,26404030464,0.6990,1.7300,1.1100,90400000,3.4400,0.4100,5.5700,4.4900,0.0315,OK,0,4.8400,False,10-18d,XLK,,AAPL|MSFT|NVDA,interest_rates|ai_capex_cycle|semiconductor_cycle,45,2026-10-22,False,2026-07-23,2.3800,2.3500,1.1000,ALCISTA FUERTE,10,770.1900,8.5000,47.5000,14.5300,"Filtros estándar (Score ≥6.5, DD ≥10%)"
GLW,Corning Inc.,Information Technology,Electronic Components,1995-02-27,154.3000,2026-09-07,32.6200,43.9000,DOWN,0.3871,-0.1399,True,0.5136,7.0341,0.4920,4.5590,164.9600,143.3200,152.0400,-6.4600,7.6600,True,4.9761,NEUTRO,-43.1200,271.2700,271.2700,69.4500,-43.1200,122.1600,0.9830,True,148.7000,2,157.6200,True,-3.6300,HAMMER|DOJI,7.5000,8.5000,7.5000,7.5000,7,7.0000,7.0000,True,9.1200,13.6800,1.5000,70.7798,35.7136,11.1303,7.8190,34.3580,0.1681,0.0537,0.1120,0.3639,0.1660,0.1850,71.4480,1.8130,734499968.0000,1900000000.0000,0.3866,132642119680,1.1510,1.2500,0.7300,859637825,3.0600,2.7100,4.0100,2.3500,0.0055,FCF/NI:0.39,1,4.8400,False,7-15d,XLK,,AAPL|MSFT|NVDA,interest_rates|ai_capex_cycle|semiconductor_cycle,50,2026-10-27,False,2026-07-28,0.7800,0.7500,3.5000,ALCISTA FUERTE,10,770.1900,8.5000,47.5000,14.5300,"Filtros estándar (Score ≥6.5, DD ≥10%)"
SBAC,SBA Communications,Real Estate,Telecom Tower REITs,2017-09-01,189.4400,2026-09-07,65.4500,72.0900,DOWN,0.6574,0.9576,False,0.7900,4.4799,0.7640,2.3650,182.2300,190.4900,185.9200,3.9600,-0.5500,False,-0.3365,BAJISTA,-7.9800,205.8600,221.5800,160.3300,-14.5100,18.1600,0.8890,True,177.9300,1,186.6300,False,-6.0700,HAMMER|DOJI,6.3000,6.5000,5.0000,7.5000,5,7.0000,7.0000,False,4.7300,7.0900,1.5000,20.4358,23.1463,-4.3408,7.0010,19.1240,,0.0841,0.3451,0.7420,0.0230,-0.1050,,0.1650,752056384.0000,990718016.0000,0.7591,20097331200,0.9840,3.0200,2.6400,106088110,3.8300,0.8000,5.4400,5.4700,0.0374,OK,0,4.8200,False,3-7d,XLRE,,PLD|AMT|EQIX,interest_rates|cap_rates|occupancy_trends,56,2026-11-02,False,2026-08-03,1.8700,1.8900,-1.2000,ALCISTA FUERTE,10,770.1900,8.5000,47.5000,14.5300,"Filtros estándar (Score ≥6.5, DD ≥10%)"
MOS,Mosaic Company (The),Materials,Fertilizers & Agricultural Chemicals,2011-09-26,25.8500,2026-09-07,80.6400,50.9400,UP,0.2564,0.1618,True,0.9051,1.1493,1.1580,4.4460,22.7300,24.2600,23.9600,13.7300,6.5400,False,-1.2081,ALCISTA,-1.7500,26.3100,35.9800,19.8000,-28.1600,30.5600,1.0860,True,23.9700,7,26.8800,False,-7.2800,NONE,6.6500,8.0000,7.0000,7.5000,6,5.0000,5.0000,False,8.8900,13.3400,1.5000,,16.0980,0.7168,0.6709,8.2470,-0.0507,0.0124,-0.0521,0.1124,-0.0600,,52.2490,1.3370,-746275008.0000,-638499968.0000,1.1688,8217602560,0.8310,3.9300,3.4000,317895646,3.5700,2.5000,4.2800,4.0000,-0.0908,ROE:-5.1%,1,4.8000,False,10-18d,XLB,,LIN|APD|ECL,commodity_prices|dxy|china_demand|energy_costs,57,2026-11-03,False,2026-08-04,0.1300,0.1400,-5.9000,ALCISTA FUERTE,10,770.1900,8.5000,47.5000,14.5300,"Filtros estándar (Score ≥6.5, DD ≥10%)"
TAP,Molson Coors Beverage Company,Consumer Staples,Brewers,1976-06-30,40.5000,2026-09-07,51.7500,46.4800,UP,-0.1994,-0.2762,True,0.2732,1.0485,0.8470,2.5890,40.6400,43.0400,41.0100,-0.3500,-5.8900,False,-0.4905,BAJISTA,-7.9300,43.9900,53.0000,37.6000,-23.5900,7.7100,0.8190,True,39.7800,5,42.7800,True,-1.7800,NONE,6.8800,5.0000,7.0000,7.5000,10,6.5000,5.0000,False,5.1800,7.7700,1.5000,,8.2448,0.7480,0.6813,6.0200,-0.1947,0.0379,-0.2081,0.3701,-0.0330,-0.4230,76.0300,0.8790,935137472.0000,-2306299904.0000,-0.4055,7551384576,0.4200,9.3900,4.7400,174117990,3.4100,0.0000,2.8800,8.0000,0.1238,FCF/NI:-0.41|ROE:-19.5%,2,4.8000,False,3-7d,XLP,,PG|KO|PEP,inflation|input_costs|fx_rates,57,2026-11-03,False,2026-08-06,1.5800,1.5100,4.4000,ALCISTA FUERTE,10,770.1900,8.5000,47.5000,14.5300,"Filtros estándar (Score ≥6.5, DD ≥10%)"
WMT,Walmart,Consumer Staples,Consumer Staples Merchandise Retail,1982-08-31,107.1400,2026-09-07,36.7100,30.9700,UP,0.1485,-0.5084,True,0.4140,2.8179,1.0390,2.6300,110.6700,118.1500,107.8600,-3.1900,-9.3200,False,0.5391,BAJISTA,-12.6400,122.6500,134.8400,98.0500,-20.5400,9.2700,0.7350,False,107.2800,3,116.7200,True,0.1300,HAMMER|DOJI,6.6000,5.5000,8.5000,5.0000,9,5.0000,7.0000,False,5.2600,7.8900,1.5000,38.8188,33.1678,9.0429,1.1552,20.8780,0.2231,0.0641,0.0300,0.2484,0.0590,-0.0910,71.6530,0.7670,7127625216.0000,22076000256.0000,0.3229,850021580800,0.5950,2.9700,0.9200,7933746241,3.5500,3.0800,4.8900,2.5300,0.0084,FCF/NI:0.32,1,4.7700,False,3-7d,XLP,,PG|KO|PEP,inflation|input_costs|fx_rates,73,2026-11-19,False,2026-08-20,0.8100,0.7400,9.3000,ALCISTA FUERTE,10,770.1900,8.5000,47.5000,14.5300,"Filtros estándar (Score ≥6.5, DD ≥10%)"
F,Ford Motor Company,Consumer Discretionary,Automobile Manufacturers,1957-03-04,14.6200,2026-09-07,58.8200,50.4400,UP,0.0523,-0.0269,True,1.0562,0.3893,0.8040,2.6630,14.0200,13.2300,14.1200,4.2800,10.4800,True,1.1657,ALCISTA,-9.2800,16.1200,17.5900,10.8100,-16.8800,35.2900,0.9700,True,13.6000,1,14.5500,False,-6.9600,HAMMER,6.9500,10.0000,7.0000,7.5000,4,5.0000,7.0000,False,5.3300,7.9900,1.5000,,7.6330,1.6321,0.3101,26.1040,-0.1825,0.0035,-0.0394,0.0712,-0.0380,,456.7080,1.0890,-7940250112.0000,-7395999744.0000,1.0736,58298650624,1.8350,0.0000,4.1000,3916743591,3.2700,2.5000,3.4100,3.9800,-0.1362,D/E:457|ROE:-18.3%,2,4.7400,False,10-18d,XLY,,AMZN|TSLA|HD,consumer_spending|employment_data|interest_rates,45,2026-10-22,False,2026-07-28,0.4200,0.3500,21.3000,ALCISTA FUERTE,10,770.1900,8.5000,47.5000,14.5300,"Filtros estándar (Score ≥6.5, DD ≥10%)"
NSC,Norfolk Southern,Industrials,Rail Transportation,1957-03-04,329.4600,2026-09-07,37.7100,68.8800,DOWN,-2.8406,-1.3150,False,0.1591,6.7800,1.0210,2.0580,334.4100,306.7700,338.8800,-1.4800,7.4000,True,2.0499,NEUTRO,-7.7600,357.1900,357.1900,263.5800,-7.7600,24.9900,0.6050,False,307.6300,2,343.6300,False,-6.6300,NONE,6.0700,8.5000,6.5000,5.0000,4,6.5000,5.0000,False,4.1200,6.1700,1.5000,28.0870,23.0052,4.5529,5.9011,15.9070,0.1699,0.0595,0.2102,0.4516,0.1140,-0.0440,105.5190,0.8310,1382249984.0000,2632999936.0000,0.5250,73999474688,1.2680,5.8200,1.6400,224608373,3.8500,3.1800,4.1800,4.2400,0.0187,FCF/NI:0.52|D/E:106,2,4.7400,False,7-15d,XLI,,CAT|UNP|HON,pmi_manufacturing|supply_chain|capex_cycle,45,2026-10-22,False,2026-07-23,3.5200,3.3200,5.9000,ALCISTA FUERTE,10,770.1900,8.5000,47.5000,14.5300,"Filtros estándar (Score ≥6.5, DD ≥10%)"
WMB,Williams Companies,Energy,Oil & Gas Storage & Transportation,1975-03-31,74.1500,2026-09-07,52.5500,55.4200,DOWN,0.2086,0.3392,False,0.6214,2.1729,1.1100,2.9300,73.3700,69.5700,73.5400,1.0600,6.5800,True,2.3038,ALCISTA,-6.1400,79.0000,79.4900,54.3700,-6.7200,36.3900,1.0850,False,72.0400,3,75.7700,True,-2.8400,HAMMER|DOJI,6.8000,10.0000,5.0000,5.0000,9,5.0000,7.0000,False,5.8600,8.7900,1.5000,29.5418,28.5109,6.8938,7.3600,17.5600,0.2150,0.0503,0.2494,0.6364,0.0780,0.5120,200.3710,0.4770,-1516749952.0000,3070000128.0000,-0.4941,90697867264,0.6180,3.7500,2.8300,1223167472,3.3000,3.1500,4.3800,2.2200,-0.0167,FCF/NI:-0.49|D/E:200,2,4.7000,False,10-18d,XLE,,XOM|CVX|COP,oil_price|gas_price|opec_supply|inventories,56,2026-11-02,False,2026-08-03,0.5000,0.5000,25.0000,ALCISTA FUERTE,10,770.1900,8.5000,47.5000,14.5300,"Filtros estándar (Score ≥6.5, DD ≥10%)"
WBD,Warner Bros. Discovery,Communication Services,Broadcasting,2022-04-11,28.2500,2026-09-07,56.1100,80.2500,DOWN,-0.0793,0.0032,False,0.5020,0.3243,0.6480,1.1480,27.1000,27.2900,28.1000,4.2500,3.5000,False,2.3501,ALCISTA,-2.5500,28.9900,30.0000,11.7700,-5.8300,140.0200,0.6300,True,27.2900,12,28.9900,True,-3.4000,HAMMER|DOJI,7.3000,8.5000,5.0000,7.5000,9,7.0000,7.0000,False,2.3000,3.4400,1.5000,,403.5714,2.1576,1.9611,12.9210,-0.0879,0.0171,-0.0877,0.4781,-0.1120,-0.9060,94.1990,0.7770,16167374848.0000,-3166000128.0000,-5.1066,70826614784,1.5710,2.3500,,2507136702,2.9700,0.0000,2.4500,7.0400,0.2283,FCF/NI:-5.11|D/E:94|RevG:-11.2%|ROE:-8.8%,4,4.7000,False,10-18d,XLC,,GOOGL|META|NFLX,ad_spending_cycle|streaming_competition|regulation,59,2026-11-05,False,2026-08-06,0.0600,-0.1100,153.9000,ALCISTA FUERTE,10,770.1900,8.5000,47.5000,14.5300,"Filtros estándar (Score ≥6.5, DD ≥10%)"
DIS,Walt Disney Company (The),Communication Services,Movies & Entertainment,1976-06-30,105.3100,2026-09-07,54.5800,61.6600,DOWN,-0.4785,-0.1960,False,0.3667,2.2714,1.0030,2.1570,101.1800,103.2900,105.9700,4.0800,1.9500,False,-0.3198,ALCISTA,-5.8600,111.8700,118.0700,91.4900,-10.8100,15.1100,0.8040,True,99.9900,3,104.0900,False,-5.0500,NONE,6.2500,8.0000,5.0000,7.5000,6,5.0000,5.0000,False,4.3100,6.4700,1.5000,21.7134,14.0888,1.6558,1.8393,10.9480,0.0801,0.0481,0.0870,0.3760,0.0680,-0.4830,39.4040,0.7090,4860375040.0000,8600000512.0000,0.5652,181837381632,1.4090,1.7000,1.4200,1726686902,3.6600,1.5200,4.7600,4.8600,0.0267,FCF/NI:0.57,1,4.7000,False,10-18d,XLC,,GOOGL|META|NFLX,ad_spending_cycle|streaming_competition|regulation,66,2026-11-12,False,2026-08-05,2.0600,1.8500,11.1000,ALCISTA FUERTE,10,770.1900,8.5000,47.5000,14.5300,"Filtros estándar (Score ≥6.5, DD ≥10%)"
TTWO,Take-Two Interactive,Communication Services,Interactive Home Entertainment,2018-03-19,214.6900,2026-09-07,17.6900,28.3000,DOWN,-2.7264,-2.5088,False,0.0934,8.6193,1.0510,4.0150,239.6700,227.8900,229.7400,-10.4200,-5.7900,True,-0.5983,BAJISTA,-19.2700,265.9400,265.9400,187.6300,-19.2700,14.4200,0.7930,False,206.2200,2,221.2200,True,-3.9400,HAMMER|DOJI,6.9000,6.5000,7.5000,5.0000,8,8.0000,7.0000,False,8.0300,12.0400,1.5000,,20.8416,11.3371,6.0036,53.8300,-0.0904,-0.0062,-0.0479,0.5713,0.0200,,81.6070,1.0620,1256137472.0000,-320400000.0000,-3.9205,40142831616,0.9660,3.2000,,186980443,3.2400,2.5900,2.6300,4.7200,0.0313,FCF/NI:-3.92|D/E:82|ROE:-9.0%,3,4.7000,False,3-7d,XLC,,GOOGL|META|NFLX,ad_spending_cycle|streaming_competition|regulation,63,2026-11-09,False,2026-08-07,-0.1800,-0.2100,13.9000,ALCISTA FUERTE,10,770.1900,8.5000,47.5000,14.5300,"Filtros estándar (Score ≥6.5, DD ≥10%)"
ETR,Entergy,Utilities,Electric Utilities,1957-03-04,107.2700,2026-09-07,44.3500,53.0100,DOWN,0.2913,0.1804,True,0.6127,1.9114,0.8430,1.7820,109.8800,104.4600,107.2300,-2.3700,2.6900,True,1.2563,NEUTRO,-7.7100,116.2400,117.7500,84.3000,-8.9000,27.2500,1.3320,False,108.0100,2,116.6400,True,0.6900,HAMMER,6.4000,8.5000,6.0000,5.0000,7,5.0000,7.0000,False,3.5600,5.3500,1.5000,27.3648,21.0250,2.7459,3.8014,14.6510,0.1025,0.0268,0.1333,0.4700,0.0590,-0.0190,186.7700,0.9120,-4400858112.0000,1797105024.0000,-2.4489,51251187712,0.4810,7.9300,2.3900,477777482,3.5400,3.5200,4.3800,2.6000,-0.0859,FCF/NI:-2.45|D/E:187,2,4.6800,False,7-15d,XLU,,NEE|DUK|SO,interest_rates|regulatory_environment,52,2026-10-29,False,2026-07-29,1.0300,1.0100,2.4000,ALCISTA FUERTE,10,770.1900,8.5000,47.5000,14.5300,"Filtros estándar (Score ≥6.5, DD ≥10%)"
CME,CME Group,Financials,Financial Exchanges & Data,2006-08-11,281.2900,2026-09-07,64.6200,73.2500,DOWN,-0.1138,1.1180,False,0.7014,6.1536,0.8590,2.1880,258.4400,275.1600,275.4700,8.8400,2.2300,False,0.4317,ALCISTA,-2.9700,289.9000,319.8200,218.3100,-12.0500,28.8500,0.8640,True,279.1800,1,290.9700,True,-0.7500,NONE,6.5000,8.5000,5.0000,7.5000,7,5.0000,5.0000,False,4.3800,6.5600,1.5000,23.8584,21.7827,3.8107,14.9686,21.5340,0.1580,0.0148,0.6344,1.0000,0.0080,0.0250,14.5870,1.0180,2909012480.0000,4264999936.0000,0.6821,101146050560,0.2750,2.2700,1.8500,359576125,3.4500,0.0000,6.1600,4.3200,0.0288,FCF/NI:0.68,1,4.6700,False,10-18d,XLF,,JPM|BAC|WFC,interest_rates|yield_curve|credit_spreads|loan_growth,44,2026-10-21,False,2026-07-22,2.9900,2.9100,2.8000,ALCISTA FUERTE,10,770.1900,8.5000,47.5000,14.5300,"Filtros estándar (Score ≥6.5, DD ≥10%)"
CARR,Carrier Global,Industrials,Building Products,2020-04-03,59.7100,2026-09-07,33.9000,14.9300,UP,0.1213,-0.2034,True,0.4139,1.4529,0.6760,2.4330,64.6500,61.0400,60.3400,-7.6500,-2.1800,True,0.6294,BAJISTA,-21.9300,76.4800,76.4800,49.6700,-21.9300,20.2200,0.8540,True,60.9000,1,64.5300,True,1.9900,HAMMER,7.5500,7.0000,8.5000,7.5000,8,7.0000,7.0000,True,4.8700,7.3000,1.5000,42.6500,18.0479,3.7471,2.2433,19.5910,0.0897,0.0298,0.0552,0.2469,0.0390,-0.1180,91.9980,1.0200,861750016.0000,1174000000.0000,0.7340,49593954304,1.2980,2.1700,1.6100,830580423,2.7500,0.7600,3.7900,3.8400,0.0174,FCF/NI:0.73|D/E:92,2,4.6700,False,3-7d,XLI,,CAT|UNP|HON,pmi_manufacturing|supply_chain|capex_cycle,50,2026-10-27,False,2026-07-28,0.8600,0.8200,5.2000,ALCISTA FUERTE,10,770.1900,8.5000,47.5000,14.5300,"Filtros estándar (Score ≥6.5, DD ≥10%)"
RSG,Republic Services,Industrials,Environmental & Facilities Services,2008-12-05,222.7100,2026-09-07,62.7000,66.0800,DOWN,0.3529,0.4822,False,0.7292,3.7386,0.8400,1.6790,217.5000,214.1500,220.0600,2.4000,4.0000,True,0.4621,ALCISTA,-2.4100,228.2200,232.0800,195.8400,-4.0400,13.7200,1.1140,False,209.5600,1,218.7800,False,-5.9000,HAMMER|HAMMER|DOJI,6.0500,10.0000,5.0000,5.0000,4,5.0000,7.0000,False,3.3600,5.0400,1.5000,31.5453,27.6417,5.6640,4.0375,15.6720,0.1815,0.0617,0.1294,0.4304,0.0460,0.0510,118.7980,0.6440,1942625024.0000,2185999872.0000,0.8887,68196696064,0.4000,3.0000,1.2000,306212978,3.7200,1.6400,4.8900,4.7700,0.0285,D/E:119,1,4.6500,False,10-18d,XLI,,CAT|UNP|HON,pmi_manufacturing|supply_chain|capex_cycle,52,2026-10-29,False,2026-08-06,1.8500,1.8200,1.7000,ALCISTA FUERTE,10,770.1900,8.5000,47.5000,14.5300,"Filtros estándar (Score ≥6.5, DD ≥10%)"
VRSK,Verisk Analytics,Industrials,Research & Consulting Services,2015-10-08,185.7900,2026-09-07,64.1700,64.4900,DOWN,0.2599,1.1558,False,0.4711,5.8379,0.8540,3.1420,190.5700,193.9400,189.0600,-2.5100,-4.2000,False,-1.6860,BAJISTA,-17.8200,226.0800,271.3600,155.5200,-31.5300,19.4700,0.7150,True,173.5500,2,184.2000,False,-6.5900,HAMMER,5.7000,5.0000,5.0000,7.5000,5,5.0000,7.0000,False,6.2800,9.4300,1.5000,28.5392,21.3644,-20.8448,7.7623,18.6350,,0.1896,0.2824,0.7018,0.0440,-0.0340,,1.0050,1055550016.0000,885500032.0000,1.1920,24342546432,0.6620,1.9700,1.0800,131021840,3.9500,0.9200,5.6900,5.4600,0.0434,OK,0,4.6500,False,3-7d,XLI,,CAT|UNP|HON,pmi_manufacturing|supply_chain|capex_cycle,51,2026-10-28,False,2026-07-29,1.9800,1.9300,2.4000,ALCISTA FUERTE,10,770.1900,8.5000,47.5000,14.5300,"Filtros estándar (Score ≥6.5, DD ≥10%)"
COIN,Coinbase,Financials,Financial Exchanges & Data,2025-05-19,184.6400,2026-09-07,62.7100,65.1900,DOWN,1.4049,2.3299,False,0.7145,13.2521,1.3100,7.1770,163.1500,192.7600,174.3400,13.1700,-4.2100,False,-7.2034,BAJISTA,-5.7200,195.8500,402.1600,139.1100,-54.0900,32.7300,0.8190,False,163.1300,1,182.1400,False,-11.6500,HAMMER|DOJI|HAMMER|DOJI,5.5000,6.5000,5.0000,5.0000,5,5.0000,7.0000,False,14.3500,21.5300,1.5000,,67.4385,3.7237,8.0604,66.6060,-0.0785,0.0112,-0.1634,0.8581,-0.1730,,50.9820,2.4230,2668452864.0000,-987766016.0000,-2.7015,48714850304,3.3880,2.9900,,222803032,4.0400,2.5000,3.2100,6.8000,0.0548,FCF/NI:-2.70|RevG:-17.3%|ROE:-7.8%,3,4.6200,False,3-7d,XLF,,JPM|BAC|WFC,interest_rates|yield_curve|credit_spreads|loan_growth,52,2026-10-29,False,2026-07-30,-1.3600,-0.2300,-487.5000,ALCISTA FUERTE,10,770.1900,8.5000,47.5000,14.5300,"Filtros estándar (Score ≥6.5, DD ≥10%)"
CRL,Charles River Laboratories,Health Care,Life Sciences Tools & Services,2021-05-14,288.5000,2026-09-07,51.5100,63.2300,DOWN,-2.6914,-2.5198,False,0.4989,9.7057,1.0390,3.3640,254.6300,200.1500,282.8400,13.3000,44.1400,True,5.8370,ALCISTA,-4.8800,303.3100,303.3100,144.2600,-4.8800,99.9900,0.8250,True,218.3900,1,303.3100,False,-24.3000,HAMMER|DOJI|HAMMER|DOJI,6.5500,10.0000,5.0000,7.5000,4,5.0000,7.0000,False,6.7300,10.0900,1.5000,,22.7416,4.8491,3.4440,19.6250,-0.0752,0.0411,-0.0596,0.3458,-0.0270,,105.0470,1.3480,468856000.0000,-238458000.0000,-1.9662,13772664832,1.4050,2.5100,,47738872,3.3100,2.5000,2.5400,5.1700,0.0340,FCF/NI:-1.97|D/E:105|ROE:-7.5%,3,4.6100,False,10-18d,XLV,,UNH|JNJ|LLY,fda_calendar|drug_pricing_policy|patent_cliffs,58,2026-11-04,False,2026-08-05,3.0200,2.7400,10.3000,ALCISTA FUERTE,10,770.1900,8.5000,47.5000,14.5300,"Filtros estándar (Score ≥6.5, DD ≥10%)"
FDXF,FedEx Freight,Industrials,Cargo Ground Transportation,2026-06-01,129.4500,2026-09-07,27.4700,41.0400,DOWN,-0.4250,-0.5983,True,0.2714,5.3400,0.6360,4.1250,143.3900,,134.8400,-9.7200,,False,,NEUTRO,-31.2600,188.3300,200.0000,123.2400,-35.2800,5.0400,0.8890,True,,0,152.6700,False,,NONE,6.5700,5.0000,8.5000,7.5000,4,8.5000,5.0000,True,8.2500,12.3800,1.5000,29.5548,25.6146,-38.9440,2.2007,25.7520,0.6909,0.0567,0.0745,0.2928,0.0480,-0.6110,,1.5170,-511124992.0000,655000000.0000,-0.7803,19355121664,,3.2700,,149518133,3.3100,1.0500,6.3500,2.4100,-0.0264,FCF/NI:-0.78,1,4.6100,False,7-15d,XLI,,CAT|UNP|HON,pmi_manufacturing|supply_chain|capex_cycle,51,2026-09-08,False,,,,,ALCISTA FUERTE,10,770.1900,8.5000,47.5000,14.5300,"Filtros estándar (Score ≥6.5, DD ≥10%)"
RVTY,Revvity,Health Care,Health Care Equipment,1985-05-31,130.2200,2026-09-07,73.3600,73.7200,DOWN,0.4376,0.5907,False,0.8028,4.1321,1.0640,3.1730,116.3800,102.2600,124.0700,11.8900,27.3400,True,2.9589,ALCISTA,-2.0900,133.0000,133.0000,81.1700,-2.0900,60.4300,0.7620,False,113.6900,1,,False,-12.6900,BULL_ENGULF|HAMMER|DOJI,6.3000,10.0000,5.0000,5.0000,4,5.0000,9.5000,False,6.3500,9.5200,1.5000,62.6058,22.0998,2.0101,4.9903,19.2380,0.0321,0.0237,0.0816,0.5498,0.0130,0.0120,46.2250,1.8000,604992128.0000,237366000.0000,2.5488,14530781184,1.0890,4.3300,0.2200,111586401,3.4700,0.0300,5.0900,5.6000,0.0416,OK,0,4.6000,False,10-18d,XLV,,UNH|JNJ|LLY,fda_calendar|drug_pricing_policy|patent_cliffs,49,2026-10-26,False,2026-08-04,1.4100,1.2200,15.9000,ALCISTA FUERTE,10,770.1900,8.5000,47.5000,14.5300,"Filtros estándar (Score ≥6.5, DD ≥10%)"
NI,NiSource,Utilities,Multi-Utilities,2000-11-02,41.3900,2026-09-07,39.2500,35.2100,UP,0.1863,0.0605,True,0.4762,0.7500,0.8380,1.8120,44.0400,44.5600,41.7600,-6.0200,-7.1100,False,-0.1792,BAJISTA,-15.3300,48.8800,48.8800,38.2700,-15.3300,8.1400,0.8460,False,41.4100,1,43.2200,True,0.0500,BULL_ENGULF|HAMMER|DOJI,6.6000,5.0000,8.5000,5.0000,8,5.0000,9.5000,False,3.6200,5.4400,1.5000,22.0160,18.3698,2.0728,2.8844,13.0670,0.0855,0.0324,0.1315,0.5097,0.0460,-0.5840,146.6490,0.4980,-1772999936.0000,906000000.0000,-1.9570,19848992768,0.5400,2.3000,2.9000,479560100,3.2600,2.6400,4.1600,2.9400,-0.0893,FCF/NI:-1.96,1,4.6000,False,3-7d,XLU,,NEE|DUK|SO,interest_rates|regulatory_environment,51,2026-10-28,False,2026-08-05,0.1600,0.1600,1.5000,ALCISTA FUERTE,10,770.1900,8.5000,47.5000,14.5300,"Filtros estándar (Score ≥6.5, DD ≥10%)"
STT,State Street Corporation,Financials,Asset Management & Custody Banks,2003-03-14,194.2600,2026-09-07,51.8600,62.0100,DOWN,-0.1517,-0.4146,True,0.8042,4.1764,0.9330,2.1500,184.4100,147.9600,189.9600,5.3400,31.2900,True,5.3958,ALCISTA,-0.8500,195.9300,195.9300,102.7600,-0.8500,89.0500,0.8820,True,182.9600,1,194.5400,False,-5.8200,BULL_ENGULF,6.8000,10.0000,6.0000,7.5000,4,5.0000,7.5000,False,4.3000,6.4500,1.5000,17.1456,12.6943,2.2327,3.5521,,0.1244,0.0087,0.2301,0.0000,-0.0280,-0.2410,,,,3220999936.0000,,53363560448,1.4180,0.0100,1.8900,274701765,3.1000,0.0000,4.6400,4.9300,,OK,0,4.5800,False,10-18d,XLF,,JPM|BAC|WFC,interest_rates|yield_curve|credit_spreads|loan_growth,37,2026-10-14,False,2026-07-16,3.6500,3.3400,9.2000,ALCISTA FUERTE,10,770.1900,8.5000,47.5000,14.5300,"Filtros estándar (Score ≥6.5, DD ≥10%)"
TRGP,Targa Resources,Energy,Oil & Gas Storage & Transportation,2022-10-12,290.0500,2026-09-07,58.8100,65.1800,DOWN,-0.2613,0.6396,False,0.5674,9.0243,1.1540,3.1110,277.1500,236.2300,287.3000,4.6600,22.7800,True,5.7552,ALCISTA,-5.8100,307.9400,307.9400,141.1100,-5.8100,105.5500,0.4850,True,284.0000,1,289.6800,True,-2.0900,HAMMER|HAMMER|DOJI,7.0000,10.0000,5.0000,7.5000,7,5.0000,7.0000,False,6.2200,9.3300,1.5000,27.7030,24.0116,19.8569,3.7151,14.8750,0.7084,0.0924,0.1354,0.4319,0.0420,0.2330,515.7940,0.7710,65837500.0000,2255300096.0000,0.0292,62195716096,0.7220,4.3600,1.7200,214431021,2.9300,1.0900,5.4300,2.1500,0.0011,FCF/NI:0.03|D/E:516,2,4.5600,False,10-18d,XLE,,XOM|CVX|COP,oil_price|gas_price|opec_supply|inventories,59,2026-11-05,False,2026-08-06,3.2500,2.8400,14.2000,ALCISTA FUERTE,10,770.1900,8.5000,47.5000,14.5300,"Filtros estándar (Score ≥6.5, DD ≥10%)"
LII,Lennox International,Industrials,Building Products,2024-12-23,390.5300,2026-09-07,35.6200,31.9400,UP,2.4539,0.6598,True,0.3258,10.6286,0.5800,2.7220,472.8700,496.3400,406.3400,-17.4100,-21.3200,False,-1.7036,BAJISTA,-33.5000,587.2700,587.2700,371.6500,-33.5000,5.0800,0.9520,False,,0,540.8900,False,,NONE,5.8500,5.0000,8.5000,5.0000,4,7.0000,5.0000,False,5.4400,8.1600,1.5000,17.3646,14.9062,10.4041,2.5455,13.2130,0.7176,0.1599,0.1487,0.3333,0.0300,0.0010,156.0820,1.5690,277737504.0000,788499968.0000,0.3522,13496980480,1.1840,2.9300,1.3900,34560675,3.6900,0.4700,5.9600,4.8100,0.0206,FCF/NI:0.35|D/E:156,2,4.5500,False,3-7d,XLI,,CAT|UNP|HON,pmi_manufacturing|supply_chain|capex_cycle,51,2026-10-28,False,2026-07-29,7.7200,7.7000,28.0000,ALCISTA FUERTE,10,770.1900,8.5000,47.5000,14.5300,"Filtros estándar (Score ≥6.5, DD ≥10%)"
TYL,Tyler Technologies,Information Technology,Application Software,2020-06-22,364.0300,2026-09-07,71.7700,80.1700,DOWN,1.3900,3.7368,False,0.6684,14.2343,1.0410,3.9100,325.2600,357.5700,353.1100,11.9200,1.8100,False,-3.5660,ALCISTA,-7.5000,393.5300,566.5800,270.7100,-35.7500,34.4700,0.6550,False,314.0700,1,366.6300,False,-13.7200,NONE,5.4500,8.0000,5.0000,5.0000,4,5.0000,5.0000,False,7.8200,11.7300,1.5000,47.8357,23.7129,4.9058,6.1358,33.5710,0.0973,0.0418,0.1336,0.4721,0.0820,0.1550,47.9060,1.5540,594435648.0000,324616000.0000,1.8312,14907855872,0.8350,4.4500,,40952274,3.9400,1.2800,4.9600,5.8500,0.0399,OK,0,4.5400,False,10-18d,XLK,,AAPL|MSFT|NVDA,interest_rates|ai_capex_cycle|semiconductor_cycle,51,2026-10-28,False,2026-07-29,3.0800,3.0700,36.0000,ALCISTA FUERTE,10,770.1900,8.5000,47.5000,14.5300,"Filtros estándar (Score ≥6.5, DD ≥10%)"
XYZ,"Block, Inc.",Financials,Transaction & Payment Processing Services,2025-07-23,82.7600,2026-09-07,55.6800,61.8900,DOWN,-0.0495,-0.2630,True,0.6638,2.9420,1.0210,3.5550,80.3400,68.7900,81.6900,3.0200,20.3100,True,1.4281,ALCISTA,-4.7900,86.9200,86.9200,48.2100,-4.7900,71.6700,0.5860,True,75.2400,3,84.0800,False,-9.0900,BULL_ENGULF|HAMMER,7.3000,10.0000,6.0000,7.5000,6,5.0000,9.5000,False,7.1100,10.6600,1.5000,147.7857,16.0536,2.2552,1.9855,32.3790,0.0161,0.0201,0.0143,0.4657,0.0930,-0.8330,32.5800,2.2090,-27105876.0000,357142016.0000,-0.0759,49721794560,2.5220,2.6400,,540816000,2.7000,2.1100,3.9600,1.9400,-0.0005,FCF/NI:-0.08,1,4.5400,False,10-18d,XLF,,JPM|BAC|WFC,interest_rates|yield_curve|credit_spreads|loan_growth,63,2026-11-09,False,2026-08-05,1.0200,0.8700,16.7000,ALCISTA FUERTE,10,770.1900,8.5000,47.5000,14.5300,"Filtros estándar (Score ≥6.5, DD ≥10%)"
CCI,Crown Castle,Real Estate,Telecom Tower REITs,2012-03-14,75.8300,2026-09-07,57.4500,63.7900,DOWN,0.2659,0.2985,False,0.6226,1.6993,0.6740,2.2410,76.4100,83.5500,75.8500,-0.7600,-9.2400,False,-1.6864,BAJISTA,-18.0800,92.5700,96.9700,69.7200,-21.8000,8.7600,1.0390,True,75.0800,1,80.3800,True,-0.9800,HAMMER,6.3000,5.0000,5.0000,7.5000,7,7.0000,7.0000,False,4.4800,6.7200,1.5000,30.9510,26.2626,-9.8788,7.7535,20.3060,,0.0473,0.2072,0.7373,-0.0490,-0.6750,,0.5220,1036249984.0000,1074000000.0000,0.9649,32262285312,0.9690,2.3500,5.6000,425455439,3.3100,0.0000,5.5500,4.5700,0.0321,OK,0,4.5100,False,3-7d,XLRE,,PLD|AMT|EQIX,interest_rates|cap_rates|occupancy_trends,44,2026-10-21,False,2026-07-22,0.6900,0.5100,36.1000,ALCISTA FUERTE,10,770.1900,8.5000,47.5000,14.5300,"Filtros estándar (Score ≥6.5, DD ≥10%)"
TSLA,"Tesla, Inc.",Consumer Discretionary,Automobile Manufacturers,2020-12-21,354.0800,2026-09-07,54.9700,58.9300,DOWN,2.9259,3.7312,False,0.6138,15.3371,0.9570,4.3320,357.9500,399.5600,351.8300,-1.0800,-11.3800,False,-2.2596,BAJISTA,-18.2000,432.8600,498.8300,297.3800,-29.0200,19.0700,1.7080,False,337.2400,1,409.2800,False,-4.7600,NONE,4.8500,5.0000,5.0000,5.0000,4,5.0000,5.0000,False,8.6600,12.9900,1.5000,321.8909,164.0337,16.0982,13.4961,127.5380,0.0467,0.0193,0.0367,0.1885,0.2550,-0.0300,18.3730,1.9410,4835999744.0000,3806000128.0000,1.2706,1398455795712,1.8450,1.8200,,3949547394,4.2600,5.0000,5.8500,1.5500,0.0035,OK,0,4.5000,False,3-7d,XLY,,AMZN|HD|MCD,consumer_spending|employment_data|interest_rates,44,2026-10-21,False,2026-07-22,0.3300,0.5400,-39.1000,ALCISTA FUERTE,10,770.1900,8.5000,47.5000,14.5300,"Filtros estándar (Score ≥6.5, DD ≥10%)"
LNT,Alliant Energy,Utilities,Electric Utilities,2016-07-01,67.9700,2026-09-07,28.4400,48.8300,DOWN,0.0520,-0.0068,True,0.2823,1.0943,0.8100,1.6100,71.8300,69.5600,68.9600,-5.3800,-2.2900,True,0.4216,BAJISTA,-13.1000,78.2200,78.2200,61.3700,-13.1000,10.7500,0.8030,True,67.5400,1,71.6400,True,-0.6300,HAMMER|HAMMER|DOJI,7.4800,7.0000,8.5000,7.5000,8,6.5000,7.0000,True,3.2200,4.8300,1.5000,21.5095,18.4416,2.3407,3.9791,16.2470,0.1114,0.0245,0.1845,0.4450,0.0100,-0.0400,160.9510,0.4660,-1138625024.0000,817000000.0000,-1.3937,17623580672,0.5320,8.6600,3.1500,259284699,2.5100,0.1800,4.4900,2.9100,-0.0646,FCF/NI:-1.39|D/E:161,2,4.5000,False,5-10d,XLU,,NEE|DUK|SO,interest_rates|regulatory_environment,59,2026-11-05,False,2026-07-30,0.6500,0.5800,12.2000,ALCISTA FUERTE,10,770.1900,8.5000,47.5000,14.5300,"Filtros estándar (Score ≥6.5, DD ≥10%)"
SLB,Schlumberger,Energy,Oil & Gas Equipment & Services,1957-03-04,57.5100,2026-09-07,64.0900,70.4700,DOWN,0.2817,0.4338,False,0.8188,1.9285,1.1910,3.3530,50.5400,48.5600,54.8000,13.7800,18.4400,True,4.1342,ALCISTA,-4.3900,60.1500,60.1500,30.8800,-4.3900,86.2100,0.6610,False,52.6900,5,56.6100,False,-8.3900,NONE,6.1500,10.0000,5.0000,5.0000,6,5.0000,5.0000,False,6.7100,10.0600,1.5000,28.0537,17.7947,3.2736,2.3471,12.8970,0.1291,0.0617,0.0853,0.1699,0.0500,-0.2970,47.0020,1.4390,2955124992.0000,3100999936.0000,0.9530,85353078784,0.7740,4.5700,2.0500,1484143231,3.3700,0.0000,5.5000,4.8200,0.0346,OK,0,4.4800,False,10-18d,XLE,,XOM|CVX|COP,oil_price|gas_price|opec_supply|inventories,46,2026-10-23,False,2026-07-24,0.5500,0.5200,6.3000,ALCISTA FUERTE,10,770.1900,8.5000,47.5000,14.5300,"Filtros estándar (Score ≥6.5, DD ≥10%)"
ECHO,EchoStar,Communication Services,Wireless Telecommunication Services,2026-03-23,89.8000,2026-09-07,41.0200,43.5400,DOWN,0.5916,0.1693,True,0.6501,2.4421,0.4460,2.7200,90.9800,107.6700,88.2600,-1.2900,-16.6000,False,1.5044,BAJISTA,-31.5700,131.2200,147.2500,65.7600,-39.0200,36.5600,0.8970,True,84.2600,1,91.8600,False,-6.1700,HAMMER|DOJI|HAMMER,6.1500,5.5000,6.0000,7.5000,4,7.0000,7.0000,False,5.4400,8.1600,1.5000,,5.7429,1.8426,1.7801,21.7250,-0.3343,0.0132,-0.3871,0.2954,-0.0400,,123.7570,5.2010,-18870501376.0000,-5672891904.0000,3.3264,26086068224,1.0090,5.6600,,159142240,3.3700,2.5000,4.4400,3.1300,-0.7234,D/E:124|ROE:-33.4%,2,4.4800,False,3-7d,XLC,,GOOGL|META|NFLX,ad_spending_cycle|streaming_competition|regulation,59,2026-11-05,False,2026-08-03,0.1400,2.6200,-94.8000,ALCISTA FUERTE,10,770.1900,8.5000,47.5000,14.5300,"Filtros estándar (Score ≥6.5, DD ≥10%)"
GIS,General Mills,Consumer Staples,Packaged Foods & Meats,1957-03-04,38.2900,2026-09-07,51.5700,71.9500,DOWN,-0.2210,0.1514,False,0.2566,1.1800,1.0440,3.0820,37.6900,38.9000,39.3700,1.5900,-1.5700,False,-1.3743,BAJISTA,-9.2700,42.2000,48.3200,31.2100,-20.7600,22.6900,0.9550,True,34.6100,8,37.6000,False,-9.6200,NONE,6.3300,6.5000,5.0000,7.5000,7,6.5000,5.0000,False,6.1600,9.2500,1.5000,,11.9288,3.6981,1.1111,6.7940,-0.0103,0.0574,-0.0047,0.3373,0.0220,-0.1450,217.6290,0.6820,2308499968.0000,-87600000.0000,-26.3527,20470962176,-0.0250,4.9600,6.3700,534629472,3.2000,0.8300,2.2800,7.0300,0.1128,FCF/NI:-26.35|D/E:218|ROE:-1.0%,3,4.4500,False,3-7d,XLP,,PG|KO|PEP,inflation|input_costs|fx_rates,16,2026-09-23,False,2026-07-01,0.9500,0.8000,19.2000,ALCISTA FUERTE,10,770.1900,8.5000,47.5000,14.5300,"Filtros estándar (Score ≥6.5, DD ≥10%)"
CPT,Camden Property Trust,Real Estate,Multi-Family Residential REITs,2022-04-04,105.6900,2026-09-07,36.7100,39.9400,DOWN,-0.1217,-0.2122,True,0.1945,1.4579,0.6850,1.3790,111.1900,105.9800,107.6300,-4.9500,-0.2700,True,0.8213,BAJISTA,-11.7900,119.8100,119.8100,94.3000,-11.7900,12.0800,0.9800,True,101.6800,2,104.0100,True,-3.8000,NONE,7.3800,7.0000,7.5000,7.5000,8,8.5000,5.0000,True,2.7600,4.1400,1.5000,34.8812,96.9633,2.8506,6.7174,17.6100,0.0789,0.0187,0.2062,0.6162,-0.0080,-0.7570,125.6480,0.3520,139679632.0000,325515008.0000,0.4291,10626003968,0.7820,4.5400,4.0100,100539350,2.4600,0.0000,4.0900,3.4300,0.0131,FCF/NI:0.43|D/E:126,2,4.4300,False,3-7d,XLRE,,PLD|AMT|EQIX,interest_rates|cap_rates|occupancy_trends,59,2026-11-05,False,2026-07-30,0.1800,0.2700,-34.0000,ALCISTA FUERTE,10,770.1900,8.5000,47.5000,14.5300,"Filtros estándar (Score ≥6.5, DD ≥10%)"
DE,Deere & Company,Industrials,Agricultural & Farm Machinery,1957-03-04,693.5300,2026-09-07,73.2200,56.6200,UP,7.8009,4.8362,True,0.9289,23.3250,1.2630,3.3630,618.7500,566.1600,645.1700,12.0900,22.5000,True,3.0553,ALCISTA,-1.7500,705.8800,705.8800,429.1400,-1.7500,61.6100,0.7780,False,585.1400,5,,False,-15.6300,NONE,6.5500,10.0000,7.0000,5.0000,6,5.0000,5.0000,False,6.7300,10.0900,1.5000,38.6153,30.5716,6.6807,3.9016,26.3530,0.1824,0.0376,0.1017,0.2518,-0.1110,-0.0850,376.0220,2.1320,4516250112.0000,4872999936.0000,0.9268,186993311744,0.9110,5.0800,0.9300,269625412,3.0000,0.0000,5.0300,4.1500,0.0242,D/E:376|RevG:-11.1%,2,4.4200,False,10-18d,XLI,,CAT|UNP|HON,pmi_manufacturing|supply_chain|capex_cycle,79,2026-11-25,False,2026-08-20,5.1000,4.7100,8.3000,ALCISTA FUERTE,10,770.1900,8.5000,47.5000,14.5300,"Filtros estándar (Score ≥6.5, DD ≥10%)"
MRNA,Moderna,Health Care,Biotechnology,2021-07-21,145.5500,2026-09-07,67.0500,67.9200,DOWN,0.8815,3.9676,False,0.6622,22.7965,3.0670,15.6620,85.5000,54.8200,123.7900,70.2400,165.4900,True,20.2499,ALCISTA,-17.6100,176.6600,176.6600,22.2800,-17.6100,553.2800,0.4460,False,47.1400,1,176.6600,False,-67.6100,HAMMER|DOJI,6.0500,10.0000,5.0000,5.0000,4,5.0000,7.0000,False,31.3200,46.9900,1.5000,,-31.6925,8.5896,26.0811,-24.7190,-0.3900,-0.1326,-1.4143,-0.6602,0.0210,,19.0360,2.2950,299249984.0000,-3151000064.0000,-0.0950,58108788736,1.1060,9.9200,,399235889,3.3300,2.8600,4.3300,2.7100,0.0051,FCF/NI:-0.09|ROE:-39.0%,2,4.4200,False,10-18d,XLV,,UNH|JNJ|LLY,fda_calendar|drug_pricing_policy|patent_cliffs,59,2026-11-05,False,2026-07-31,-1.9700,-2.0600,4.3000,ALCISTA FUERTE,10,770.1900,8.5000,47.5000,14.5300,"Filtros estándar (Score ≥6.5, DD ≥10%)"
VMC,Vulcan Materials Company,Materials,Construction Materials,1999-06-30,262.6300,2026-09-07,34.6000,38.7400,DOWN,-1.2040,-1.0254,False,0.1376,7.2336,0.8410,2.7540,282.0800,287.3200,271.7900,-6.8900,-8.5900,False,-0.5019,BAJISTA,-18.0700,320.5600,329.2000,251.3800,-20.2200,4.4700,1.2710,False,251.4500,1,282.8600,False,-4.2600,NONE,5.6000,5.0000,6.5000,5.0000,4,8.0000,5.0000,False,5.5100,8.2600,1.5000,30.9705,24.3687,4.0148,4.1932,16.5800,0.1323,0.0604,0.1375,0.2751,0.0250,0.0270,58.2200,1.7570,843600000.0000,1117100032.0000,0.7552,34031263744,1.0540,6.3000,0.7900,129578739,3.5800,0.5100,5.9100,4.4400,0.0248,OK,0,4.3900,False,3-7d,XLB,,LIN|APD|ECL,commodity_prices|dxy|china_demand|energy_costs,52,2026-10-29,False,2026-07-29,2.5900,2.4700,4.9000,ALCISTA FUERTE,10,770.1900,8.5000,47.5000,14.5300,"Filtros estándar (Score ≥6.5, DD ≥10%)"
KMI,Kinder Morgan,Energy,Oil & Gas Storage & Transportation,2012-05-25,31.4000,2026-09-07,41.7100,51.4100,DOWN,-0.0060,0.0437,False,0.3229,0.8186,1.1510,2.6070,31.8100,30.6100,31.7200,-1.3000,2.5900,True,2.0424,NEUTRO,-5.0200,33.0600,34.4900,24.7400,-8.9500,26.9400,0.7420,True,31.2200,1,32.8200,True,-0.5800,HAMMER|HAMMER|DOJI,6.7000,8.5000,5.0000,7.5000,7,5.0000,7.0000,False,5.2100,7.8200,1.5000,20.2581,20.4361,2.2086,3.8899,13.5560,0.1099,0.0445,0.1930,0.4941,0.1080,0.2120,98.6190,0.4580,1075000064.0000,3448999936.0000,0.3117,69859532800,0.5510,4.6000,3.7600,2224825757,2.8000,1.3600,3.4200,3.7500,0.0154,FCF/NI:0.31|D/E:99,2,4.3600,False,7-15d,XLE,,XOM|CVX|COP,oil_price|gas_price|opec_supply|inventories,51,2026-10-28,False,2026-07-22,0.3700,0.3100,18.3000,ALCISTA FUERTE,10,770.1900,8.5000,47.5000,14.5300,"Filtros estándar (Score ≥6.5, DD ≥10%)"
CLX,Clorox,Consumer Staples,Household Products,1969-03-31,93.0600,2026-09-07,17.6100,35.9900,DOWN,-1.7955,-1.4815,False,0.0070,2.8507,0.9530,3.0630,99.1300,101.1200,100.1900,-6.1200,-7.9700,False,-0.3186,BAJISTA,-14.9500,109.4200,125.8300,83.7200,-26.0400,11.1500,0.7690,False,91.6700,2,98.4800,True,-1.4900,HAMMER|DOJI,6.6000,5.0000,7.5000,5.0000,8,8.0000,7.0000,False,6.1300,9.1900,1.5000,19.3472,14.7988,125.0806,1.6747,14.7990,1.6376,0.0832,0.0873,0.4232,-0.0200,-0.5010,2221.4290,0.6580,110375000.0000,587000000.0000,0.1880,11253838848,0.5440,4.4700,5.3700,120931005,2.8400,0.0000,5.3700,3.1900,0.0098,FCF/NI:0.19|D/E:2221,2,4.3400,False,3-7d,XLP,,PG|KO|PEP,inflation|input_costs|fx_rates,57,2026-11-03,False,2026-08-03,1.6600,1.6500,86.0000,ALCISTA FUERTE,10,770.1900,8.5000,47.5000,14.5300,"Filtros estándar (Score ≥6.5, DD ≥10%)"
HONA,Honeywell Aerospace,Industrials,Aerospace & Defense,2026-06-29,161.0100,2026-09-07,49.4200,49.1800,UP,1.1416,0.6504,True,0.4339,6.2007,0.4600,3.8510,191.7300,,165.9700,-16.0200,,False,,NEUTRO,-45.8800,297.5000,297.5000,150.0300,-45.8800,7.3200,0.8610,False,150.0300,1,176.2500,False,-6.8200,BULL_ENGULF,5.8000,5.0000,7.0000,5.0000,4,7.0000,7.5000,False,7.7000,11.5500,1.5000,49.0884,17.7396,-8.9579,2.8486,18.7110,,,0.1086,0.3453,0.0540,-0.7090,,1.5260,,1946000000.0000,,51032559616,,1.4800,,316952725,3.3300,1.2400,5.1000,3.7200,,OK,0,4.3200,False,7-15d,XLI,,CAT|UNP|HON,pmi_manufacturing|supply_chain|capex_cycle,58,2026-11-04,False,2026-08-05,1.8700,2.1200,-11.8000,ALCISTA FUERTE,10,770.1900,8.5000,47.5000,14.5300,"Filtros estándar (Score ≥6.5, DD ≥10%)"
VST,Vistra Corp.,Utilities,Electric Utilities,2024-05-08,149.3000,2026-09-07,54.6500,40.3500,UP,1.3662,0.0759,True,0.9458,4.8774,0.7380,3.2670,149.6400,157.4800,142.8900,-0.2300,-5.1900,False,-2.7486,BAJISTA,-12.8700,171.3500,218.9100,132.4700,-31.8000,12.7000,1.1670,False,148.9400,3,156.9900,True,-0.2400,BULL_ENGULF,6.7000,5.0000,7.0000,5.0000,10,7.0000,7.5000,False,6.5300,9.8000,1.5000,25.1771,14.4034,16.6872,2.6083,10.9350,0.4296,0.0589,0.1155,0.3831,-0.0550,-0.0620,373.2800,0.9730,37125000.0000,2027000064.0000,0.0183,50110337024,1.4140,2.0400,0.6200,335635195,2.7300,0.0000,5.7600,2.3700,0.0007,FCF/NI:0.02|D/E:373,2,4.3200,False,3-7d,XLU,,NEE|DUK|SO,interest_rates|regulatory_environment,59,2026-11-05,False,2026-08-10,0.7600,1.6600,-54.2000,ALCISTA FUERTE,10,770.1900,8.5000,47.5000,14.5300,"Filtros estándar (Score ≥6.5, DD ≥10%)"
IFF,International Flavors & Fragrances,Materials,Specialty Chemicals,1976-03-31,86.3500,2026-09-07,68.3400,61.6100,UP,-0.1188,0.0143,False,0.6620,1.9479,0.8200,2.2560,81.4900,74.1600,85.0400,5.9600,16.4400,True,3.0530,ALCISTA,-3.3300,89.3200,89.3200,58.1300,-3.3300,48.5600,1.0690,True,74.2900,2,88.9800,False,-13.9700,NONE,6.5500,10.0000,6.0000,7.5000,4,5.0000,5.0000,False,4.5100,6.7700,1.5000,,21.8289,1.5774,2.0448,14.5340,-0.0555,0.0227,0.0257,0.3658,0.0180,-0.9160,44.8210,2.0610,-1720999936.0000,-791000000.0000,2.1757,22045454336,0.9530,8.9000,1.8500,255303473,2.6700,0.0600,4.6600,3.4000,-0.0781,ROE:-5.5%,1,4.2200,False,10-18d,XLB,,LIN|APD|ECL,commodity_prices|dxy|china_demand|energy_costs,57,2026-11-03,False,2026-08-04,0.8200,1.1200,-26.6000,ALCISTA FUERTE,10,770.1900,8.5000,47.5000,14.5300,"Filtros estándar (Score ≥6.5, DD ≥10%)"
CMS,CMS Energy,Utilities,Multi-Utilities,1957-03-04,68.4600,2026-09-07,25.9800,44.3000,DOWN,0.0432,-0.0888,True,0.3225,1.0379,0.7250,1.5160,72.0100,72.5100,69.3400,-4.9400,-5.5900,False,-0.3394,BAJISTA,-12.5000,78.2400,79.1000,67.0600,-13.4500,2.0800,0.9310,True,68.5100,2,72.4400,True,0.0800,NONE,6.9500,5.0000,8.5000,7.5000,8,7.0000,5.0000,True,3.0300,4.5500,1.5000,20.5586,16.4719,2.2481,2.3997,13.7100,0.0916,0.0297,0.1164,0.4032,-0.0050,-0.4390,185.6040,0.9360,-2198874880.0000,1016000000.0000,-2.1642,21148637184,0.3310,0.0000,3.3300,308919602,2.3700,0.0000,4.2100,2.9800,-0.1040,FCF/NI:-2.16|D/E:186,2,4.2000,False,5-10d,XLU,,NEE|DUK|SO,interest_rates|regulatory_environment,52,2026-10-29,False,2026-07-28,0.3700,0.3600,3.1000,ALCISTA FUERTE,10,770.1900,8.5000,47.5000,14.5300,"Filtros estándar (Score ≥6.5, DD ≥10%)"
PEG,Public Service Enterprise Group,Utilities,Electric Utilities,1957-03-04,73.7000,2026-09-07,35.9800,41.0700,DOWN,0.1264,0.0076,True,0.3609,1.0729,0.7500,1.4560,77.2600,79.1700,74.4300,-4.6100,-6.9100,False,-0.7497,BAJISTA,-11.9500,83.7000,86.1800,72.5300,-14.4800,1.6100,0.7880,False,74.2000,1,80.9400,True,0.6800,HAMMER,6.4500,5.0000,7.5000,5.0000,8,7.0000,7.0000,False,2.9100,4.3700,1.5000,18.3333,15.7734,2.1180,2.9280,13.7170,0.1183,0.0324,0.1604,0.3333,-0.0890,-0.4270,142.4090,0.8770,107750000.0000,2012000000.0000,0.0536,36726284288,0.5190,3.3700,3.6400,498321402,2.6400,0.0000,4.8200,3.1600,0.0029,FCF/NI:0.05,1,4.1600,False,3-7d,XLU,,NEE|DUK|SO,interest_rates|regulatory_environment,56,2026-11-02,False,2026-08-04,0.8600,0.8000,7.7000,ALCISTA FUERTE,10,770.1900,8.5000,47.5000,14.5300,"Filtros estándar (Score ≥6.5, DD ≥10%)"
TSCO,Tractor Supply,Consumer Discretionary,Other Specialty Retail,2014-01-24,34.9900,2026-09-07,55.7100,52.3500,UP,-0.1882,-0.1851,False,0.4813,0.9737,0.9010,2.7830,32.5700,41.2800,34.4900,7.4200,-15.2400,False,-4.2861,BAJISTA,-4.5000,36.6400,59.4400,28.1700,-41.1300,24.2300,0.6530,True,28.9800,5,36.3700,False,-17.1600,BULL_ENGULF,6.4000,6.5000,6.0000,7.5000,6,5.0000,7.5000,False,5.5700,8.3500,1.5000,18.2240,17.0570,6.9632,1.1575,12.7080,0.3951,0.0782,0.0643,0.3650,0.0230,-0.1500,248.7100,1.3340,103175000.0000,1011913984.0000,0.1020,18231195648,0.4690,2.8400,2.7400,521040137,2.6100,0.5600,4.2500,3.0800,0.0057,FCF/NI:0.10|D/E:249,2,4.1300,False,3-7d,XLY,,AMZN|TSLA|HD,consumer_spending|employment_data|interest_rates,45,2026-10-22,False,2026-07-23,0.6900,0.8200,-15.9000,ALCISTA FUERTE,10,770.1900,8.5000,47.5000,14.5300,"Filtros estándar (Score ≥6.5, DD ≥10%)"
PSKY,Paramount Skydance Corporation,Communication Services,Movies & Entertainment,1994-09-30,10.8600,2026-09-07,62.7200,86.1000,DOWN,0.0251,0.0570,False,0.7190,0.4107,1.0070,3.7820,9.5600,10.9400,10.3700,13.5500,-0.7300,False,-4.4991,BAJISTA,-3.1200,11.2100,20.5700,7.6200,-47.2200,42.5200,0.8380,True,10.1200,1,11.0400,False,-6.8000,HAMMER,6.0000,6.5000,5.0000,7.5000,5,5.0000,7.0000,False,7.5600,11.3500,1.5000,362.0000,12.7645,1.0343,0.4175,8.3980,-0.0090,0.0275,-0.0213,0.3333,0.0090,-0.5410,126.4790,1.0400,17593124864.0000,-621000000.0000,-28.3303,12154219520,1.5200,6.4400,1.8400,1087672971,2.8100,0.0000,2.4600,6.4800,1.4475,FCF/NI:-28.33|D/E:126|ROE:-0.9%,3,4.0900,False,3-7d,XLC,,GOOGL|META|NFLX,ad_spending_cycle|streaming_competition|regulation,63,2026-11-09,False,2026-08-04,0.1800,0.1800,-2.3000,ALCISTA FUERTE,10,770.1900,8.5000,47.5000,14.5300,"Filtros estándar (Score ≥6.5, DD ≥10%)"
