ticker,name,sector,industry,date_added,price,data_vintage,rsi_14,rsi_5d_ago,rsi_trend,macd_hist,macd_hist_3d_ago,macd_improving,bb_pct_b,atr_14,atr_ratio_60d,atr_pct_price,sma_50,sma_200,ema_20,price_vs_50ma_pct,price_vs_200ma_pct,golden_cross,ma200_slope_20d,trend_bias,drawdown_60d,high_60d,high_52w,low_52w,pct_from_52w_high,pct_from_52w_low,volume_ratio_20d,volume_decreasing,support_1_price,support_1_strength,resistance_1_price,near_support,dist_support_pct,candle_pattern,tech_score,tech_trend,tech_momentum,tech_volume,tech_support,tech_volatility,tech_candle,setup_hot,stop_loss_atr_pct,target_atr_pct,risk_reward,pe,forward_pe,pb,ps,ev_ebitda,roe,roa,profit_margin,gross_margin,revenue_growth,eps_growth,debt_equity,current_ratio,fcf,net_income,fcf_ni_ratio,market_cap,beta,short_ratio,dividend_yield,shares_outstanding,fund_score,fund_growth,fund_solidity,fund_valuation,fcf_yield_calc,warnings,warning_count,combined_score,full_setup,horizon,sector_etf,subsector,peer_group,critical_macro_variables,earnings_days_next,earnings_date,earnings_warning,latest_earnings_date,eps_actual,eps_estimate,eps_surprise_pct,market_regime,market_regime_score,spy_price,spy_vs200,spy_rsi,vix,market_filter_rec
CINF,Cincinnati Financial,Financials,Property & Casualty Insurance,1997-12-18,162.5700,2026-09-24,32.4200,50.7200,DOWN,-0.4683,0.2052,False,-0.2805,2.9800,0.7650,1.8330,173.8800,166.5100,169.9300,-6.5100,-2.3600,True,0.5022,BAJISTA,-16.5500,194.8100,194.8100,147.5400,-16.5500,10.1900,1.3020,False,157.9300,1,169.4900,True,-2.8500,NONE,6.9000,7.0000,6.5000,5.0000,8,10.0000,5.0000,False,3.6700,5.5000,1.5000,7.6643,17.9743,1.4937,1.7854,5.4830,0.2148,0.0641,0.2384,0.3107,0.3160,0.8550,5.2550,1.1510,2984875008.0000,3327000064.0000,0.8972,24914092032,0.5450,7.3700,2.3100,153478045,8.6200,10.0000,7.5000,8.3100,0.1198,OK,0,7.9300,False,3-7d,XLF,,JPM|BAC|WFC,interest_rates|yield_curve|credit_spreads|loan_growth,32,2026-10-26,False,2026-07-27,1.4300,1.8200,-21.3000,ALCISTA FUERTE,10,767.8100,7.5500,53.4000,15.1800,"Filtros estándar (Score ≥6.5, DD ≥10%)"
ALL,Allstate,Financials,Property & Casualty Insurance,1995-07-13,225.6600,2026-09-24,21.4000,50.8700,DOWN,-2.7290,-0.6269,False,-0.3829,6.1871,1.0120,2.7420,256.6500,222.0900,251.8200,-12.0700,1.6100,True,2.2690,NEUTRO,-18.2600,276.0700,276.0700,184.5100,-18.2600,22.3000,2.3660,False,218.3200,3,224.9100,True,-3.2500,NONE,7.2500,8.5000,7.5000,5.0000,9,8.0000,5.0000,False,5.4800,8.2300,1.5000,4.5489,8.1891,1.8204,0.8190,3.5540,0.4611,0.0868,0.1897,0.3680,0.1180,0.6120,22.2610,0.3630,15158625280.0000,13189000192.0000,1.1493,57441738752,0.1500,0.0000,1.9100,252857950,8.3200,7.5500,8.4400,9.0800,0.2639,OK,0,7.8900,False,7-15d,XLF,,JPM|BAC|WFC,interest_rates|yield_curve|credit_spreads|loan_growth,41,2026-11-04,False,2026-08-05,8.9900,6.0700,48.0000,ALCISTA FUERTE,10,767.8100,7.5500,53.4000,15.1800,"Filtros estándar (Score ≥6.5, DD ≥10%)"
CF,CF Industries,Materials,Fertilizers & Agricultural Chemicals,2008-08-27,120.6400,2026-09-24,33.0300,61.2000,DOWN,-1.8818,-0.4436,False,-0.0037,5.5871,1.1950,4.6310,125.0900,110.1500,129.2000,-3.5600,9.5300,True,4.9325,NEUTRO,-14.8400,141.6600,141.6600,74.3300,-14.8400,62.3000,0.7500,False,111.4900,2,129.3100,False,-7.5900,NONE,6.3000,8.5000,6.5000,5.0000,4,8.0000,5.0000,False,9.2600,13.8900,1.5000,8.7864,11.0646,3.1237,2.3161,5.8260,0.2987,0.1293,0.2712,0.4249,0.1760,0.9960,40.5040,4.8600,1276749952.0000,2099000064.0000,0.6083,17924489216,0.3990,3.4000,1.9900,151338130,8.9300,9.9400,7.9300,8.9200,0.0712,FCF/NI:0.61,1,7.8800,False,7-15d,XLB,,LIN|APD|ECL,commodity_prices|dxy|china_demand|energy_costs,41,2026-11-04,False,2026-08-05,4.7300,5.5700,-15.1000,ALCISTA FUERTE,10,767.8100,7.5500,53.4000,15.1800,"Filtros estándar (Score ≥6.5, DD ≥10%)"
INCY,Incyte,Health Care,Biotechnology,2017-02-28,124.6400,2026-09-24,49.2400,33.2800,UP,-0.2840,-0.3966,True,0.4217,3.3943,0.9240,2.7230,122.6700,105.8700,124.6200,1.6000,17.7300,True,2.0183,ALCISTA,-6.0000,132.6000,132.6000,81.0900,-6.0000,53.7100,1.0720,False,115.7700,1,131.1300,False,-7.1200,NONE,6.2500,10.0000,7.0000,5.0000,4,5.0000,5.0000,False,5.4500,8.1700,1.5000,15.8522,14.0049,3.9420,4.3343,10.6920,0.3067,0.1683,0.2771,0.5566,0.3770,0.3770,0.6030,4.5930,1180664576.0000,1612382976.0000,0.7322,25223708672,0.7700,6.9300,,202697746,8.6900,10.0000,8.7500,7.1000,0.0468,FCF/NI:0.73,1,7.7100,False,10-18d,XLV,,UNH|JNJ|LLY,fda_calendar|drug_pricing_policy|patent_cliffs,33,2026-10-27,False,2026-07-28,3.0900,2.1500,44.0000,ALCISTA FUERTE,10,767.8100,7.5500,53.4000,15.1800,"Filtros estándar (Score ≥6.5, DD ≥10%)"
FIX,Comfort Systems USA,Industrials,Construction & Engineering,2025-12-22,1625.9000,2026-09-24,57.2600,51.3400,UP,9.0051,3.3302,True,0.6755,69.3757,0.7130,4.2670,1669.6100,1528.0000,1620.9700,-2.6200,6.4100,True,4.4861,NEUTRO,-18.6100,1997.7800,2072.1001,755.4500,-21.5300,115.2200,0.6790,True,1620.1700,1,1699.8400,True,-0.3500,HAMMER|DOJI,7.4000,8.5000,7.0000,7.5000,7,7.0000,7.0000,False,8.5300,12.8000,1.5000,40.4278,27.3086,17.9507,5.1512,27.7580,0.5529,0.1704,0.1278,0.2566,0.5030,0.9190,11.4980,1.2140,1841915392.0000,1434401024.0000,1.2841,57838006272,1.6760,2.3000,0.2200,35194329,7.8900,10.0000,8.7500,4.4300,0.0318,OK,0,7.6900,False,7-15d,XLI,,CAT|UNP|HON,pmi_manufacturing|supply_chain|capex_cycle,28,2026-10-22,False,2026-07-23,12.5300,10.4600,19.9000,ALCISTA FUERTE,10,767.8100,7.5500,53.4000,15.1800,"Filtros estándar (Score ≥6.5, DD ≥10%)"
GEV,GE Vernova,Industrials,Heavy Electrical Equipment,2024-04-02,951.8200,2026-09-24,58.5000,43.2700,UP,5.7063,0.6519,True,0.7106,37.1969,0.7090,3.9080,978.8000,904.9400,940.7400,-2.7600,5.1800,True,4.0844,NEUTRO,-20.4100,1195.9399,1195.9399,529.1800,-20.4100,79.8700,0.7350,False,897.6800,1,1046.9500,False,-5.6900,HAMMER|DOJI,6.4500,8.5000,7.0000,5.0000,4,7.0000,7.0000,False,7.8200,11.7200,1.5000,27.4122,38.0104,21.2727,6.1488,62.5570,0.8258,0.0254,0.2303,0.2057,0.2190,0.3280,28.3640,0.8500,15722125312.0000,9528999936.0000,1.6499,254359224320,0.9670,4.2800,0.2100,266333581,8.4900,10.0000,8.5700,6.6400,0.0618,OK,0,7.6700,False,7-15d,XLI,,CAT|UNP|HON,pmi_manufacturing|supply_chain|capex_cycle,34,2026-10-28,False,2026-07-22,2.4700,3.1800,-22.4000,ALCISTA FUERTE,10,767.8100,7.5500,53.4000,15.1800,"Filtros estándar (Score ≥6.5, DD ≥10%)"
EXPE,Expedia Group,Consumer Discretionary,"Hotels, Resorts & Cruise Lines",2007-10-02,259.0400,2026-09-24,26.7400,30.5400,DOWN,-3.4834,-3.0970,False,0.0766,12.3421,1.0270,4.7650,297.6200,259.4200,290.4200,-12.9600,-0.1500,True,1.7978,BAJISTA,-24.1500,341.5100,341.5100,184.2800,-24.1500,40.5700,2.5290,False,261.4300,1,277.0900,True,0.9200,NONE,6.8000,7.0000,7.5000,5.0000,8,8.0000,5.0000,False,9.5300,14.2900,1.5000,16.4519,10.6985,25.9801,2.0010,10.8100,0.8949,0.0611,0.1297,0.9043,0.1400,1.8870,230.2710,0.8010,3434374912.0000,2036000000.0000,1.6868,31415779328,1.2500,3.4100,0.7400,114498625,8.0100,10.0000,7.0200,6.8400,0.1093,D/E:230,1,7.5300,False,3-7d,XLY,,AMZN|TSLA|HD,consumer_spending|employment_data|interest_rates,42,2026-11-05,False,2026-08-05,5.7600,5.2500,9.7000,ALCISTA FUERTE,10,767.8100,7.5500,53.4000,15.1800,"Filtros estándar (Score ≥6.5, DD ≥10%)"
TROW,T. Rowe Price,Financials,Asset Management & Custody Banks,2019-07-29,104.5700,2026-09-24,36.3900,17.2900,UP,-0.1303,-0.5396,True,0.2890,2.0418,0.7860,1.9530,110.8500,101.3600,106.4500,-5.6700,3.1700,True,1.0584,NEUTRO,-13.2200,120.5000,120.5000,83.1700,-13.2200,25.7200,0.9530,True,103.7400,2,120.0900,True,-0.7900,HAMMER|DOJI,7.9300,8.5000,8.5000,7.5000,7,8.5000,7.0000,True,3.9100,5.8600,1.5000,10.4689,10.1025,2.0216,2.9297,6.9600,0.1940,0.1066,0.2926,0.5161,0.1070,0.2860,3.7020,4.0390,2023912448.0000,2167300096.0000,0.9338,22242443264,1.4800,15.6000,4.9700,213315850,7.2200,6.1200,8.0700,7.5100,0.0910,OK,0,7.5000,False,7-15d,XLF,,JPM|BAC|WFC,interest_rates|yield_curve|credit_spreads|loan_growth,36,2026-10-30,False,2026-07-31,2.5700,2.5200,2.0000,ALCISTA FUERTE,10,767.8100,7.5500,53.4000,15.1800,"Filtros estándar (Score ≥6.5, DD ≥10%)"
MU,Micron Technology,Information Technology,Semiconductors,1994-09-27,1071.8800,2026-09-24,64.2400,47.9700,UP,11.4287,0.3657,True,0.9505,46.5514,0.6600,4.3430,933.5100,652.5800,988.9400,14.8200,64.2500,True,12.9246,ALCISTA,-8.2700,1168.5000,1254.8101,154.4000,-14.5800,594.2100,0.8550,True,990.9500,1,1089.1200,False,-7.5500,HAMMER|DOJI|BULL_ENGULF,7.5000,10.0000,7.0000,7.5000,4,7.0000,9.5000,False,8.6900,13.0300,1.5000,24.4077,6.7906,12.1115,13.5182,17.5680,0.6664,0.3487,0.5591,0.7257,3.4570,13.6850,6.3300,3.4250,7639499776.0000,50468999168.0000,0.1514,1220343234560,2.2220,0.9500,0.0500,1129393151,7.4400,10.0000,8.1700,3.6100,0.0063,FCF/NI:0.15,1,7.4600,False,10-18d,XLK,,AAPL|MSFT|NVDA,interest_rates|ai_capex_cycle|semiconductor_cycle,6,2026-09-30,True,2026-06-24,25.1100,20.6900,21.4000,ALCISTA FUERTE,10,767.8100,7.5500,53.4000,15.1800,"Filtros estándar (Score ≥6.5, DD ≥10%)"
PLD,Prologis,Real Estate,Industrial REITs,2003-07-17,133.9600,2026-09-24,37.9500,28.3100,UP,0.0094,-0.2038,True,0.2536,2.3085,0.8120,1.7230,140.0500,135.7000,136.2600,-4.3500,-1.2800,True,1.1060,BAJISTA,-11.9500,152.1400,152.1400,107.6500,-11.9500,24.4400,0.9450,True,135.2300,6,145.7100,True,0.9500,NONE,7.5800,7.0000,8.5000,7.5000,10,6.5000,5.0000,True,3.4500,5.1700,1.5000,29.8040,39.3010,2.3267,13.4699,24.4390,0.0775,0.0252,0.4358,0.7555,0.1230,0.8530,63.8230,0.6490,5406941184.0000,4202444032.0000,1.2866,130085273600,1.3160,4.1700,3.1900,950333372,7.3600,10.0000,5.9500,5.9300,0.0416,OK,0,7.4500,True,3-7d,XLRE,,AMT|EQIX|SPG,interest_rates|cap_rates|occupancy_trends,21,2026-10-15,False,2026-07-16,1.1100,0.7500,48.3000,ALCISTA FUERTE,10,767.8100,7.5500,53.4000,15.1800,"Filtros estándar (Score ≥6.5, DD ≥10%)"
UBER,Uber,Industrials,Passenger Ground Transportation,2023-12-18,69.4200,2026-09-24,22.0800,29.7400,DOWN,-0.5027,-0.6415,True,0.1629,1.9979,0.7760,2.8780,73.4600,75.3800,72.5100,-5.5000,-7.9000,False,-2.0569,BAJISTA,-15.7200,82.3600,101.3000,65.4100,-31.4700,6.1300,0.9630,False,69.5500,4,76.3000,True,0.1900,HAMMER|DOJI|HAMMER|DOJI,7.1700,5.0000,8.5000,5.0000,10,8.5000,7.0000,False,5.7600,8.6300,1.5000,15.1798,15.6837,5.1695,2.5601,20.3660,0.3716,0.0688,0.1734,0.4075,0.1220,0.8550,51.8720,0.8430,7244749824.0000,9578999808.0000,0.7563,141386006528,1.1590,2.3900,,2042560121,7.6100,8.3900,6.7700,7.6900,0.0512,OK,0,7.4300,False,5-10d,XLI,,CAT|UNP|HON,pmi_manufacturing|supply_chain|capex_cycle,40,2026-11-03,False,2026-08-05,1.1700,0.8300,40.2000,ALCISTA FUERTE,10,767.8100,7.5500,53.4000,15.1800,"Filtros estándar (Score ≥6.5, DD ≥10%)"
EOG,EOG Resources,Energy,Oil & Gas Exploration & Production,2000-11-02,141.8400,2026-09-24,37.9600,65.9900,DOWN,-0.8837,-0.2809,False,0.1188,3.8679,1.0350,2.7270,144.3700,129.5200,145.5700,-1.7500,9.5100,True,3.2574,NEUTRO,-7.9900,154.1600,154.1600,99.1200,-7.9900,43.1000,0.7610,False,138.9100,1,142.7700,True,-2.0700,NONE,6.7500,8.5000,6.5000,5.0000,7,8.0000,5.0000,False,5.4500,8.1800,1.5000,11.1175,9.5806,2.3560,2.8043,5.3630,0.2251,0.1102,0.2573,0.6264,0.5870,1.0940,25.8910,1.8510,4478750208.0000,6876000256.0000,0.6514,74934239232,0.2720,5.0800,2.8800,524529176,7.8600,9.4600,6.4100,7.6700,0.0598,FCF/NI:0.65,1,7.4200,False,7-15d,XLE,,XOM|CVX|COP,oil_price|gas_price|opec_supply|inventories,42,2026-11-05,False,2026-08-04,5.0700,4.9700,2.1000,ALCISTA FUERTE,10,767.8100,7.5500,53.4000,15.1800,"Filtros estándar (Score ≥6.5, DD ≥10%)"
SNDK,Sandisk,Information Technology,"Technology Hardware, Storage & Peripherals",2025-11-28,1816.5699,2026-09-24,63.9000,51.7100,UP,21.8396,4.9612,True,0.8571,106.4245,0.6450,5.8590,1506.6500,1092.5200,1657.8300,20.5700,66.2700,True,14.7575,ALCISTA,-20.3500,2280.8000,2354.3899,93.5400,-22.8400,1842.1300,0.7180,True,1501.1899,3,1817.6801,False,-17.3600,BULL_ENGULF,7.6000,10.0000,7.0000,7.5000,6,7.0000,7.5000,False,11.7200,17.5800,1.5000,23.7779,6.6555,16.6045,12.6809,20.7200,0.9164,0.4391,0.5646,0.7147,3.7160,,1.2770,2.2900,7720875008.0000,11432999936.0000,0.6753,256763297792,,0.4100,,146419001,7.1900,7.5000,8.3300,5.4900,0.0301,FCF/NI:0.68,1,7.3500,False,10-18d,XLK,,AAPL|MSFT|NVDA,interest_rates|ai_capex_cycle|semiconductor_cycle,43,2026-11-06,False,2026-08-05,39.2500,34.5200,13.7000,ALCISTA FUERTE,10,767.8100,7.5500,53.4000,15.1800,"Filtros estándar (Score ≥6.5, DD ≥10%)"
NEM,Newmont,Materials,Gold,1969-06-30,123.5500,2026-09-24,52.1000,34.7500,UP,-1.3807,-1.5964,True,0.2948,4.1336,1.0130,3.3460,113.5500,110.1000,123.7400,8.8100,12.2200,True,3.7484,ALCISTA,-8.4900,135.0100,135.0100,75.3400,-8.4900,63.9800,0.6870,False,106.4000,1,135.0100,False,-13.8800,HAMMER|HAMMER|HAMMER|DOJI,6.6700,10.0000,7.0000,5.0000,4,6.5000,7.0000,False,6.6900,10.0400,1.5000,15.2963,11.8439,3.6448,4.9603,7.4420,0.2591,0.1575,0.3336,0.6804,0.1510,0.1140,15.8070,2.5460,8815875072.0000,8597000192.0000,1.0255,127812878336,0.5430,2.1000,0.8400,1053692271,7.7600,6.7700,8.6300,7.9000,0.0690,OK,0,7.3200,False,10-18d,XLB,Gold Miner,LIN|APD|ECL,gold_price|real_yields|commodity_prices|dxy|china_demand|energy_costs,28,2026-10-22,False,2026-07-23,2.1000,1.9900,5.7000,ALCISTA FUERTE,10,767.8100,7.5500,53.4000,15.1800,"Filtros estándar (Score ≥6.5, DD ≥10%)"
NVDA,Nvidia,Information Technology,Semiconductors,2001-11-30,225.5100,2026-09-24,51.4600,53.1800,DOWN,0.4873,-0.7054,True,0.6784,5.4938,0.7830,2.4360,215.1900,198.7100,220.6700,4.8000,13.4800,True,1.8820,ALCISTA,-3.8300,234.5000,236.0000,163.9000,-4.4500,37.5900,0.6800,True,208.0800,3,232.0300,False,-7.7300,NONE,7.1500,10.0000,6.0000,7.5000,6,7.0000,5.0000,False,4.8700,7.3100,1.5000,28.3561,14.3203,23.6824,17.8992,26.7640,1.1721,0.5357,0.6366,0.7467,1.0590,1.2780,16.9710,4.5890,41809874944.0000,192880001024.0000,0.2168,5422933082112,2.2170,2.3300,0.4400,24147000000,7.3800,10.0000,8.2500,3.3200,0.0077,FCF/NI:0.22,1,7.2900,False,10-18d,XLK,,AAPL|MSFT|AVGO,interest_rates|ai_capex_cycle|semiconductor_cycle,54,2026-11-17,False,2026-08-26,2.2200,2.0900,6.2000,ALCISTA FUERTE,10,767.8100,7.5500,53.4000,15.1800,"Filtros estándar (Score ≥6.5, DD ≥10%)"
MDT,Medtronic,Health Care,Health Care Equipment,1986-10-31,89.3000,2026-09-24,39.4800,59.0700,DOWN,-0.4933,-0.2114,False,-0.0388,2.2293,1.0040,2.4960,88.9700,88.2300,91.6500,0.3700,1.2100,True,-0.4831,ALCISTA,-6.4000,95.4100,103.7600,72.6500,-13.9400,22.9100,1.1590,False,78.5500,3,89.7300,False,-12.0400,NONE,6.8000,9.5000,6.5000,5.0000,6,8.0000,5.0000,False,4.9900,7.4900,1.5000,21.8005,13.8162,2.2555,3.0157,12.8920,0.1065,0.0512,0.1393,0.6527,0.1370,0.4070,55.3650,2.0670,5412499968.0000,5231000064.0000,1.0347,113216503808,0.5740,1.7400,3.2300,1279137890,7.6100,10.0000,5.8100,6.9100,0.0478,OK,0,7.2900,False,10-18d,XLV,,UNH|JNJ|LLY,fda_calendar|drug_pricing_policy|patent_cliffs,54,2026-11-17,False,2026-09-01,1.4500,1.3900,4.5000,ALCISTA FUERTE,10,767.8100,7.5500,53.4000,15.1800,"Filtros estándar (Score ≥6.5, DD ≥10%)"
EME,Emcor,Industrials,Construction & Engineering,2025-09-22,751.8000,2026-09-24,54.3400,49.0000,UP,1.4353,-1.2788,True,0.5406,23.5950,0.7730,3.1380,771.0900,766.7900,756.0900,-2.5000,-1.9600,True,1.7202,BAJISTA,-13.0700,864.8300,951.4700,564.0100,-20.9900,33.3000,0.5850,False,748.6100,1,873.2700,True,-0.4200,HAMMER|DOJI,6.7500,7.0000,7.0000,5.0000,8,7.0000,7.0000,False,6.2800,9.4200,1.5000,23.4255,20.4621,8.1558,1.7835,16.4710,0.4035,0.1203,0.0774,0.1943,0.1980,0.3480,13.4320,1.2770,978281600.0000,1439158016.0000,0.6798,33168881664,1.1300,2.4000,0.2100,44109901,7.5600,10.0000,7.3000,5.0000,0.0295,FCF/NI:0.68,1,7.2400,False,3-7d,XLI,,CAT|UNP|HON,pmi_manufacturing|supply_chain|capex_cycle,35,2026-10-29,False,2026-07-30,9.0600,7.2300,25.3000,ALCISTA FUERTE,10,767.8100,7.5500,53.4000,15.1800,"Filtros estándar (Score ≥6.5, DD ≥10%)"
DXCM,Dexcom,Health Care,Health Care Equipment,2020-05-12,87.7300,2026-09-24,42.6300,41.0000,UP,-0.1193,-0.5236,True,0.4963,2.4543,0.9090,2.7980,84.3600,72.2400,87.3000,4.0000,21.4500,True,3.9795,ALCISTA,-5.2500,92.5900,92.5900,54.1100,-5.2500,62.1300,0.9190,False,87.5100,1,92.4600,True,-0.2500,NONE,6.7000,10.0000,7.0000,5.0000,7,5.0000,5.0000,False,5.6000,8.3900,1.5000,34.5731,27.9988,12.5929,6.6425,23.1320,0.3849,0.1033,0.2012,0.6247,0.1310,0.4360,53.3460,1.7330,1021162496.0000,999699968.0000,1.0215,33007747072,1.4190,3.3700,,377360765,7.5800,9.9600,7.8800,4.4600,0.0309,OK,0,7.2300,False,10-18d,XLV,,UNH|JNJ|LLY,fda_calendar|drug_pricing_policy|patent_cliffs,35,2026-10-29,False,2026-07-30,0.7000,0.6100,15.1000,ALCISTA FUERTE,10,767.8100,7.5500,53.4000,15.1800,"Filtros estándar (Score ≥6.5, DD ≥10%)"
WDC,Western Digital,Information Technology,"Technology Hardware, Storage & Peripherals",2009-07-01,473.6900,2026-09-24,56.9200,31.9600,UP,4.6246,-0.8925,True,0.7845,25.8309,0.5810,5.4530,475.2900,390.2200,453.6100,-0.3400,21.3900,True,8.1196,NEUTRO,-28.6400,663.7700,799.6100,105.2200,-40.7600,350.1700,0.7850,False,432.0600,2,480.2100,False,-8.7900,BULL_ENGULF,6.5000,8.5000,7.0000,5.0000,4,7.0000,7.5000,False,10.9100,16.3600,1.5000,16.7339,14.1832,,12.5672,32.3800,1.3085,0.2076,0.7295,0.4885,0.4380,9.8410,13.4360,1.3290,2268750080.0000,9285999616.0000,0.2443,162355183616,2.1820,2.5500,0.1300,360540944,7.7200,10.0000,7.5400,5.2800,0.0140,FCF/NI:0.24,1,7.2300,False,7-15d,XLK,,AAPL|MSFT|NVDA,interest_rates|ai_capex_cycle|semiconductor_cycle,42,2026-11-05,False,2026-08-05,3.5600,3.3000,7.9000,ALCISTA FUERTE,10,767.8100,7.5500,53.4000,15.1800,"Filtros estándar (Score ≥6.5, DD ≥10%)"
HIG,Hartford (The),Financials,Property & Casualty Insurance,1957-03-04,126.5900,2026-09-24,24.9300,45.4700,DOWN,-0.9523,-0.3470,False,-0.2364,2.4621,0.9200,1.9450,138.0900,135.0700,134.9300,-8.3300,-6.2800,True,0.3506,BAJISTA,-12.9600,145.4300,145.4300,118.2100,-12.9600,7.0900,1.1320,False,125.9500,2,140.2700,True,-0.5100,HAMMER,7.0000,7.0000,7.5000,5.0000,8,8.0000,7.0000,False,3.8900,5.8300,1.5000,8.6802,9.1892,1.7690,1.1614,6.2690,0.2206,0.0385,0.1489,0.3787,0.0810,0.3610,22.3300,1.7720,5507500032.0000,4076999936.0000,1.3509,34045902848,0.4500,0.0300,1.9000,270872002,7.3800,6.5900,7.6800,7.9400,0.1618,OK,0,7.2300,False,3-7d,XLF,,JPM|BAC|WFC,interest_rates|yield_curve|credit_spreads|loan_growth,35,2026-10-29,False,2026-07-23,3.4200,3.1400,8.9000,ALCISTA FUERTE,10,767.8100,7.5500,53.4000,15.1800,"Filtros estándar (Score ≥6.5, DD ≥10%)"
INVH,Invitation Homes,Real Estate,Single-Family Residential REITs,2022-09-19,26.9300,2026-09-24,9.8500,3.9400,UP,-0.1066,-0.1574,True,0.1795,0.4511,0.8720,1.6750,29.3100,27.5300,28.0400,-8.1300,-2.1700,True,0.3950,BAJISTA,-12.8300,30.8900,30.8900,23.7200,-12.8300,13.5600,1.1430,False,,0,29.4000,False,,NONE,6.5300,7.0000,9.5000,5.0000,5,6.5000,5.0000,False,3.3500,5.0200,1.5000,24.3119,37.2772,1.7285,5.4956,16.2740,0.0705,0.0248,0.2320,0.5626,0.1010,0.6050,94.4250,0.4300,1168785536.0000,658753984.0000,1.7742,15651515392,0.8310,3.7200,4.4600,590623226,7.6200,10.0000,5.3800,7.4400,0.0747,D/E:94,1,7.1800,False,3-7d,XLRE,,PLD|AMT|EQIX,interest_rates|cap_rates|occupancy_trends,34,2026-10-28,False,2026-07-29,0.1500,0.1400,9.8000,ALCISTA FUERTE,10,767.8100,7.5500,53.4000,15.1800,"Filtros estándar (Score ≥6.5, DD ≥10%)"
EXPD,Expeditors International,Industrials,Air Freight & Logistics,2007-10-10,188.0300,2026-09-24,50.6100,62.0300,DOWN,-0.5428,-0.4009,False,0.3179,3.7457,0.9560,1.9920,183.4800,160.7800,188.9100,2.4800,16.9500,True,3.1537,ALCISTA,-3.3700,194.5900,194.5900,111.7800,-3.3700,68.2100,1.0140,False,158.9600,1,191.1500,False,-15.4600,HAMMER|HAMMER|DOJI,6.0500,10.0000,5.0000,5.0000,4,5.0000,7.0000,False,3.9800,5.9800,1.5000,26.7726,23.1672,11.2709,1.9836,18.9760,0.4267,0.1523,0.0763,0.1355,0.3210,0.5150,26.7450,1.5660,797562240.0000,918798976.0000,0.8680,23874078720,1.0580,4.2500,0.8600,129990622,7.9200,10.0000,8.2900,5.0500,0.0334,OK,0,7.1700,False,10-18d,XLI,,CAT|UNP|HON,pmi_manufacturing|supply_chain|capex_cycle,40,2026-11-03,False,2026-08-04,2.0300,1.6900,19.9000,ALCISTA FUERTE,10,767.8100,7.5500,53.4000,15.1800,"Filtros estándar (Score ≥6.5, DD ≥10%)"
BMY,Bristol Myers Squibb,Health Care,Pharmaceuticals,1957-03-04,61.1500,2026-09-24,19.5400,24.2300,DOWN,-0.5744,-0.5801,True,0.0279,1.3071,0.8190,2.1380,64.1400,58.2300,64.1600,-4.6700,5.0100,True,3.3591,NEUTRO,-10.9100,68.6400,68.6400,41.1300,-10.9100,48.6700,1.6520,False,56.8500,3,68.3300,False,-7.0400,NONE,7.0000,8.5000,8.5000,5.0000,6,8.0000,5.0000,False,4.2800,6.4100,1.5000,13.5463,9.3681,5.6293,2.5541,8.3940,0.4660,0.1072,0.1887,0.7166,0.0570,1.5310,201.8590,1.5320,8114375168.0000,9281999872.0000,0.8742,125626949632,0.2270,4.0700,4.1200,2042714656,7.2900,6.8800,7.1100,7.9900,0.0646,D/E:202,1,7.1700,False,7-15d,XLV,,UNH|JNJ|LLY,fda_calendar|drug_pricing_policy|patent_cliffs,35,2026-10-29,False,2026-07-30,2.0400,1.6000,27.7000,ALCISTA FUERTE,10,767.8100,7.5500,53.4000,15.1800,"Filtros estándar (Score ≥6.5, DD ≥10%)"
AMCR,Amcor,Materials,Paper & Plastic Packaging Products & Materials,2019-06-07,42.8000,2026-09-24,33.3200,18.4000,UP,-0.2081,-0.4092,True,0.3225,0.9124,0.7850,2.1320,44.6700,41.6400,43.5700,-4.1800,2.8000,True,1.0034,NEUTRO,-11.2900,48.2500,48.7600,35.1500,-12.2200,21.7600,0.7910,True,41.2900,4,47.3200,True,-3.5400,NONE,7.8000,8.5000,8.5000,7.5000,9,7.0000,5.0000,True,4.2600,6.4000,1.5000,17.6891,9.6633,1.6496,0.8281,9.5610,0.0940,0.0357,0.0471,0.1995,0.2590,,128.2940,1.2540,1504000000.0000,1106000000.0000,1.3599,19464753152,0.5950,4.9100,6.0700,462345690,6.7300,7.5000,4.8600,8.0100,0.0773,D/E:128,1,7.1600,True,7-15d,XLB,,LIN|APD|ECL,commodity_prices|dxy|china_demand|energy_costs,42,2026-11-05,False,2026-08-12,1.2300,1.1800,4.2000,ALCISTA FUERTE,10,767.8100,7.5500,53.4000,15.1800,"Filtros estándar (Score ≥6.5, DD ≥10%)"
RDDT,Reddit,Communication Services,Interactive Media & Services,2026-08-18,151.9800,2026-09-24,55.4600,47.7100,UP,0.5583,1.0773,False,0.3759,7.9113,0.7290,5.2050,162.0800,171.8400,155.5400,-6.2300,-11.5600,False,-2.5923,BAJISTA,-26.9500,208.0500,263.5000,119.2700,-42.3200,27.4300,0.9590,False,152.6500,1,162.0000,True,0.4400,HAMMER,6.0000,5.0000,6.0000,5.0000,7,7.0000,7.0000,False,10.4100,15.6200,1.5000,35.5163,15.7647,8.9394,10.5738,33.0310,0.3071,0.1565,0.3135,0.9144,0.6110,1.7780,0.6350,10.4860,678068736.0000,871094976.0000,0.7784,29382795264,2.0220,2.4600,,146103200,7.9100,10.0000,9.5000,3.6300,0.0231,OK,0,7.1500,False,3-7d,XLC,,GOOGL|META|NFLX,ad_spending_cycle|streaming_competition|regulation,35,2026-10-29,False,2026-07-30,1.2500,0.9600,29.6000,ALCISTA FUERTE,10,767.8100,7.5500,53.4000,15.1800,"Filtros estándar (Score ≥6.5, DD ≥10%)"
EQIX,Equinix,Real Estate,Data Center REITs,2015-03-20,1037.6600,2026-09-24,52.5000,32.0500,UP,1.1026,-3.3500,True,0.4995,25.6550,0.8450,2.4720,1041.3400,968.5600,1036.1200,-0.3500,7.1300,True,2.9223,NEUTRO,-6.0000,1103.9500,1118.6600,709.7900,-7.2400,46.1900,0.7600,True,1040.7500,6,1101.6300,True,0.3000,HAMMER|DOJI,7.4000,8.5000,7.0000,7.5000,9,5.0000,7.0000,False,4.9400,7.4200,1.5000,66.5013,55.5725,7.0992,10.3091,27.4850,0.1074,0.0368,0.1548,0.5198,0.1670,0.2880,162.2170,1.1310,3776000000.0000,1532999936.0000,2.4631,102101516288,0.9730,2.8100,1.9900,98671686,6.9800,10.0000,6.0300,4.5700,0.0370,D/E:162,1,7.1500,False,7-15d,XLRE,,PLD|AMT|SPG,interest_rates|cap_rates|occupancy_trends,34,2026-10-28,False,2026-07-29,5.1000,4.8000,6.3000,ALCISTA FUERTE,10,767.8100,7.5500,53.4000,15.1800,"Filtros estándar (Score ≥6.5, DD ≥10%)"
HAS,Hasbro,Consumer Discretionary,Leisure Products,1984-09-30,86.5200,2026-09-24,23.7400,23.6100,UP,-0.7024,-0.6503,False,0.0737,2.1793,0.9240,2.5190,90.9000,88.9200,90.3600,-4.8100,-2.6900,True,1.6628,BAJISTA,-11.8900,98.2000,104.6000,67.3300,-17.2800,28.5100,1.3540,False,81.7000,3,87.1600,False,-5.5700,HAMMER,7.0500,7.0000,8.5000,5.0000,7,8.0000,7.0000,False,5.0400,7.5600,1.5000,15.4466,13.3273,17.3898,2.4620,11.3280,1.5956,0.1308,0.1597,0.6382,0.1620,,531.0420,1.6610,688150016.0000,794099968.0000,0.8666,12244069376,0.4660,4.5700,3.2400,141044467,7.1900,7.5000,7.0600,6.9800,0.0562,D/E:531,1,7.1300,False,3-7d,XLY,,AMZN|TSLA|HD,consumer_spending|employment_data|interest_rates,28,2026-10-22,False,2026-07-21,1.2800,1.1300,12.8000,ALCISTA FUERTE,10,767.8100,7.5500,53.4000,15.1800,"Filtros estándar (Score ≥6.5, DD ≥10%)"
PODD,Insulet Corporation,Health Care,Health Care Equipment,2023-03-15,136.4900,2026-09-24,33.4600,44.4700,DOWN,0.1138,0.0211,True,0.2196,4.8464,0.7420,3.5510,149.7400,199.9600,141.8300,-8.8500,-31.7400,False,-8.3935,BAJISTA,-21.0700,172.9200,354.8800,126.4000,-61.5400,7.9800,0.5650,True,131.2400,1,152.1400,True,-3.8500,HAMMER|DOJI,7.0300,5.0000,7.5000,7.5000,7,8.5000,7.0000,True,7.1000,10.6500,1.5000,25.4270,17.6189,6.6212,3.0841,16.0670,0.2602,0.0972,0.1229,0.7107,0.2350,3.2860,66.6850,2.4850,236900000.0000,375300000.0000,0.6312,9416912896,1.0790,2.2300,,69354199,7.2000,10.0000,6.7500,4.4400,0.0252,FCF/NI:0.63,1,7.1300,True,3-7d,XLV,,UNH|JNJ|LLY,fda_calendar|drug_pricing_policy|patent_cliffs,42,2026-11-05,False,2026-08-05,1.6600,1.4500,14.3000,ALCISTA FUERTE,10,767.8100,7.5500,53.4000,15.1800,"Filtros estándar (Score ≥6.5, DD ≥10%)"
RTX,RTX Corporation,Industrials,Aerospace & Defense,1957-03-04,192.1900,2026-09-24,19.6800,17.2100,UP,-0.7362,-1.1915,True,0.1772,3.6257,0.7770,1.8870,207.6100,193.2400,200.0200,-7.4300,-0.5400,True,1.5377,BAJISTA,-15.1100,226.4100,226.4100,153.3600,-15.1100,25.3200,1.0730,False,191.6200,3,203.5500,True,-0.2900,HAMMER|DOJI,7.7800,7.0000,9.5000,5.0000,10,8.5000,7.0000,False,3.7700,5.6600,1.5000,33.1476,24.0225,3.8296,2.7187,18.3290,0.1227,0.0421,0.0828,0.2035,0.1450,0.2870,57.0200,1.0110,9880000512.0000,7737999872.0000,1.2768,254200659968,0.2870,2.8600,1.5200,1347758144,6.7000,9.1300,5.1200,5.7100,0.0389,OK,0,7.1300,False,5-10d,XLI,,CAT|UNP|HON,pmi_manufacturing|supply_chain|capex_cycle,26,2026-10-20,False,2026-07-23,1.8900,1.6600,13.7000,ALCISTA FUERTE,10,767.8100,7.5500,53.4000,15.1800,"Filtros estándar (Score ≥6.5, DD ≥10%)"
VRT,Vertiv,Industrials,Electrical Components & Equipment,2026-03-23,248.7800,2026-09-24,47.2000,42.4200,UP,-0.2116,-2.1990,True,0.3653,14.1910,0.7920,5.7040,268.8900,261.6700,255.3000,-7.4800,-4.9300,True,3.2569,BAJISTA,-26.5700,338.8000,379.7600,133.7100,-34.4900,86.0600,0.6570,True,249.3000,2,300.2300,True,0.2100,NONE,7.0500,7.0000,7.0000,7.5000,8,7.0000,5.0000,False,11.4100,17.1100,1.5000,55.3725,26.8900,19.8479,8.2266,35.8390,0.4394,0.1089,0.1509,0.3804,0.2410,0.5300,70.1660,1.3790,2696537600.0000,1732000000.0000,1.5569,94437597184,2.0750,2.8500,0.1000,384988173,7.1600,10.0000,7.0900,3.9300,0.0286,OK,0,7.1200,False,3-7d,XLI,,CAT|UNP|HON,pmi_manufacturing|supply_chain|capex_cycle,27,2026-10-21,False,2026-07-29,1.5200,1.4300,6.4000,ALCISTA FUERTE,10,767.8100,7.5500,53.4000,15.1800,"Filtros estándar (Score ≥6.5, DD ≥10%)"
JBHT,J.B. Hunt,Industrials,Cargo Ground Transportation,2015-07-01,234.6300,2026-09-24,35.7800,60.4700,DOWN,-3.5550,-2.4196,False,0.0843,8.9836,1.0360,3.8290,270.1400,241.3700,256.3200,-13.1400,-2.7900,True,3.8897,BAJISTA,-21.6000,299.2600,299.2600,129.0600,-21.6000,81.7900,0.8040,False,236.8700,1,276.5400,True,0.9500,HAMMER,6.8000,7.0000,6.5000,5.0000,8,8.0000,7.0000,False,7.6600,11.4900,1.5000,32.5497,22.8730,5.8845,1.6944,13.9990,0.1845,0.0738,0.0531,0.1850,0.1940,0.4580,38.3730,1.2550,903028352.0000,674505024.0000,1.3388,21520607232,1.2890,3.3700,0.7700,93914939,7.3400,10.0000,6.0600,5.7300,0.0420,OK,0,7.1200,False,3-7d,XLI,,CAT|UNP|HON,pmi_manufacturing|supply_chain|capex_cycle,21,2026-10-15,False,2026-07-15,1.9100,1.7400,9.6000,ALCISTA FUERTE,10,767.8100,7.5500,53.4000,15.1800,"Filtros estándar (Score ≥6.5, DD ≥10%)"
BRK-B,Berkshire Hathaway,Financials,Multi-Sector Holdings,2010-02-16,507.1700,2026-09-24,55.2400,75.0800,DOWN,-0.3965,0.9133,False,0.4739,6.6764,0.9660,1.3160,505.4600,492.6000,508.1900,0.3400,2.9600,True,0.0808,ALCISTA,-5.6800,537.7400,537.7400,464.0100,-5.6800,9.3000,1.1440,False,494.2000,8,512.5800,True,-2.5600,NONE,6.6000,10.0000,5.0000,5.0000,9,5.0000,5.0000,False,2.6300,3.9500,1.5000,12.7057,22.7635,0.0010,2.8112,-1.7900,0.1212,0.0601,0.2230,0.3033,0.1000,1.0780,17.1420,2.8910,71975247872.0000,85768003584.0000,0.8392,1081443745792,0.6030,2.3300,,1408035161,7.4300,7.0900,7.1100,8.1900,0.0666,OK,0,7.1000,False,10-18d,XLF,,JPM|BAC|WFC,interest_rates|yield_curve|credit_spreads|loan_growth,44,2026-11-07,False,2026-08-08,6.0300,5.1300,17.4000,ALCISTA FUERTE,10,767.8100,7.5500,53.4000,15.1800,"Filtros estándar (Score ≥6.5, DD ≥10%)"
MNST,Monster Beverage,Consumer Staples,Soft Drinks & Non-alcoholic Beverages,2012-06-28,43.9100,2026-09-24,39.3300,24.3800,UP,0.0663,0.0245,True,0.3583,0.8421,0.7760,1.9180,46.4000,42.1700,44.7600,-5.3600,4.1300,True,2.1184,NEUTRO,-12.4800,50.1700,50.1700,31.5000,-12.4800,39.3700,0.9660,False,42.1900,1,44.4900,True,-3.9200,HAMMER|DOJI|HAMMER,7.2000,8.5000,8.5000,5.0000,7,7.0000,7.0000,False,3.8400,5.7500,1.5000,39.5093,32.5934,8.9268,9.0675,28.1920,0.2570,0.1748,0.2308,0.5555,0.2020,0.1800,0.9920,3.7290,1681231104.0000,2127670016.0000,0.7902,83592732672,0.5150,4.1500,,1959051764,7.0400,8.9600,8.2000,3.4300,0.0201,OK,0,7.1000,False,7-15d,XLP,,PG|KO|PEP,inflation|input_costs|fx_rates,42,2026-11-05,False,2026-08-06,0.3000,0.2900,1.8000,ALCISTA FUERTE,10,767.8100,7.5500,53.4000,15.1800,"Filtros estándar (Score ≥6.5, DD ≥10%)"
RL,Ralph Lauren Corporation,Consumer Discretionary,"Apparel, Accessories & Luxury Goods",2007-02-02,337.4700,2026-09-24,47.3900,31.1700,UP,0.8098,-0.2829,True,0.3309,9.5457,0.7940,2.8290,366.6300,364.4600,345.8600,-7.9500,-7.4100,True,0.1502,BAJISTA,-18.0800,411.9600,420.5700,296.7800,-19.7600,13.7100,0.9900,False,331.3500,1,389.9700,True,-1.8100,HAMMER,6.7500,7.0000,7.0000,5.0000,8,7.0000,7.0000,False,5.6600,8.4900,1.5000,22.1854,16.8238,7.7054,2.5092,13.2870,0.3754,0.1100,0.1176,0.7027,0.1400,0.2160,110.3730,2.0450,880087488.0000,982899968.0000,0.8954,20964605952,1.3530,4.6100,1.1900,37700963,7.3200,9.9900,6.0900,5.6400,0.0420,D/E:110,1,7.0900,False,3-7d,XLY,,AMZN|TSLA|HD,consumer_spending|employment_data|interest_rates,42,2026-11-05,False,2026-08-06,4.5900,4.3400,5.7000,ALCISTA FUERTE,10,767.8100,7.5500,53.4000,15.1800,"Filtros estándar (Score ≥6.5, DD ≥10%)"
ABNB,Airbnb,Consumer Discretionary,"Hotels, Resorts & Cruise Lines",2023-09-18,149.5800,2026-09-24,14.3200,24.5900,DOWN,-3.1371,-2.8853,False,-0.1041,5.3459,1.0390,3.5740,167.4400,142.2000,170.4800,-10.6700,5.1900,True,4.1635,NEUTRO,-22.6800,193.4500,193.4500,110.8100,-22.6800,34.9900,2.7930,False,141.2400,1,147.1100,False,-5.5800,HAMMER|DOJI,6.7000,8.5000,7.5000,5.0000,4,8.0000,7.0000,False,7.1500,10.7200,1.5000,34.5639,24.4696,11.4525,6.8888,28.4740,0.3454,0.0614,0.2045,0.8290,0.1650,0.3340,32.0040,1.4080,3206874880.0000,2691000064.0000,1.1917,90650165248,1.1610,2.5600,,419529556,7.3200,10.0000,6.9500,4.6300,0.0354,OK,0,7.0700,False,7-15d,XLY,,AMZN|TSLA|HD,consumer_spending|employment_data|interest_rates,42,2026-11-05,False,2026-08-06,1.3700,1.2500,9.5000,ALCISTA FUERTE,10,767.8100,7.5500,53.4000,15.1800,"Filtros estándar (Score ≥6.5, DD ≥10%)"
BX,Blackstone Inc.,Financials,Asset Management & Custody Banks,2023-09-18,119.2700,2026-09-24,23.2000,19.6500,UP,-1.4695,-1.8495,True,0.0727,4.1350,0.9600,3.4670,133.6500,127.8400,130.1800,-10.7600,-6.7000,True,-0.4746,BAJISTA,-20.6100,150.2400,182.4800,99.7800,-34.6400,19.5400,1.6140,False,118.9000,2,125.7800,True,-0.3100,HAMMER|HAMMER|DOJI,7.3000,6.5000,9.5000,5.0000,8,8.0000,7.0000,False,6.9300,10.4000,1.5000,26.2215,15.6595,10.4011,9.0485,,0.3137,0.1433,0.2273,1.0000,0.2860,0.5730,68.1850,0.8720,,3519035904.0000,,140100845568,1.5580,5.5300,4.3900,750625114,6.9200,10.0000,6.2700,4.0900,,OK,0,7.0700,False,5-10d,XLF,,JPM|BAC|WFC,interest_rates|yield_curve|credit_spreads|loan_growth,28,2026-10-22,False,2026-07-23,1.5200,1.3400,13.7000,ALCISTA FUERTE,10,767.8100,7.5500,53.4000,15.1800,"Filtros estándar (Score ≥6.5, DD ≥10%)"
TGT,Target Corporation,Consumer Staples,Consumer Staples Merchandise Retail,1976-12-31,156.2600,2026-09-24,35.8400,33.7000,UP,-1.0985,-1.4332,True,0.2354,3.5714,0.8200,2.2860,152.1400,124.7200,157.9100,2.7100,25.2900,True,6.2726,ALCISTA,-8.4900,170.7500,170.7500,81.2000,-8.4900,92.4300,0.8080,True,146.2100,1,170.7500,False,-6.4300,NONE,7.2700,10.0000,8.5000,7.5000,4,6.5000,5.0000,False,4.5700,6.8600,1.5000,16.1981,16.3546,3.9756,0.6586,9.8650,0.2641,0.0569,0.0408,0.2838,0.0530,1.0050,107.5830,0.9880,3432999936.0000,4392000000.0000,0.7816,70938435584,0.9860,3.2600,2.9700,454296736,6.9200,7.6800,6.1400,6.9600,0.0484,D/E:108,1,7.0600,False,10-18d,XLP,,PG|KO|PEP,inflation|input_costs|fx_rates,55,2026-11-18,False,2026-08-19,4.1100,2.3400,75.8000,ALCISTA FUERTE,10,767.8100,7.5500,53.4000,15.1800,"Filtros estándar (Score ≥6.5, DD ≥10%)"
NFLX,Netflix,Communication Services,Movies & Entertainment,2010-12-20,71.3600,2026-09-24,25.4200,38.1300,DOWN,-0.9755,-0.8924,False,0.0667,2.3557,0.9660,3.3010,75.6400,84.9800,76.0700,-5.6600,-16.0300,False,-3.5734,BAJISTA,-14.6400,83.6000,124.8600,65.0800,-42.8500,9.6500,1.0140,False,70.8600,1,78.4400,True,-0.7000,NONE,6.2500,5.0000,7.5000,5.0000,7,8.0000,5.0000,False,6.6000,9.9000,1.5000,22.5535,18.8083,9.9047,6.1739,20.7840,0.4954,0.1608,0.2822,0.4912,0.1340,0.1110,55.2360,1.1420,25387552768.0000,13649642496.0000,1.8599,298637754368,1.5260,3.1000,,4163939676,7.6000,8.2200,7.8400,6.5900,0.0850,OK,0,7.0600,False,3-7d,XLC,,GOOGL|META|DIS,ad_spending_cycle|streaming_competition|regulation,26,2026-10-20,False,2026-07-16,0.8000,0.7900,1.4000,ALCISTA FUERTE,10,767.8100,7.5500,53.4000,15.1800,"Filtros estándar (Score ≥6.5, DD ≥10%)"
MPC,Marathon Petroleum,Energy,Oil & Gas Refining & Marketing,2011-07-01,388.3800,2026-09-24,52.9100,89.9700,DOWN,-2.0981,1.2095,False,0.4701,15.9936,1.5300,4.1180,350.8100,252.0700,390.3400,10.7100,54.0800,True,8.6038,ALCISTA,-9.9100,431.0800,431.0800,160.0700,-9.9100,142.6300,1.3740,False,347.6700,1,,False,-10.4800,HAMMER,6.0500,10.0000,5.0000,5.0000,4,5.0000,7.0000,False,8.2400,12.3500,1.5000,13.5464,8.2944,5.7996,0.7122,9.2850,0.4210,0.0874,0.0555,0.1282,0.5370,3.4800,133.3280,1.2500,9249375232.0000,8545999872.0000,1.0823,109788446720,0.5270,3.0100,1.0300,280824763,7.7200,9.0400,6.9900,7.0400,0.0842,D/E:133,1,7.0500,False,10-18d,XLE,,XOM|CVX|COP,oil_price|gas_price|opec_supply|inventories,40,2026-11-03,False,2026-08-04,17.7300,13.9500,27.1000,ALCISTA FUERTE,10,767.8100,7.5500,53.4000,15.1800,"Filtros estándar (Score ≥6.5, DD ≥10%)"
DLTR,Dollar Tree,Consumer Staples,Consumer Staples Merchandise Retail,2011-12-19,113.1600,2026-09-24,17.6300,21.5700,DOWN,-1.3253,-1.8733,True,0.2133,4.1393,0.9390,3.6580,125.7700,117.6900,120.0000,-10.0200,-3.8500,True,1.4973,BAJISTA,-17.4400,137.0700,142.4000,84.7100,-20.5300,33.5900,0.7130,False,107.5400,1,133.4500,False,-4.9700,HAMMER|DOJI,6.5300,7.0000,8.5000,5.0000,5,6.5000,7.0000,False,7.3200,10.9700,1.5000,13.9093,14.3529,6.2188,1.0612,11.1470,0.4603,0.0826,0.0804,0.3718,0.0700,1.9720,223.9450,1.1340,1049587520.0000,1618099968.0000,0.6487,21296039936,0.6620,3.2300,,187630299,7.4000,8.7000,6.3100,7.1300,0.0493,FCF/NI:0.65|D/E:224,2,7.0500,False,3-7d,XLP,,PG|KO|PEP,inflation|input_costs|fx_rates,-28,2026-12-02,False,2026-08-27,2.7000,1.1400,136.1000,ALCISTA FUERTE,10,767.8100,7.5500,53.4000,15.1800,"Filtros estándar (Score ≥6.5, DD ≥10%)"
OXY,Occidental Petroleum,Energy,Oil & Gas Exploration & Production,1957-03-04,57.3600,2026-09-24,35.0000,86.6900,DOWN,-0.5763,-0.2103,False,0.1017,1.5993,1.0210,2.7880,57.9700,52.9600,59.4600,-1.0500,8.3100,True,3.7227,NEUTRO,-10.0500,63.7700,66.8300,38.2600,-14.1700,49.9100,0.9840,False,57.2800,1,58.7200,True,-0.1400,NONE,6.7500,8.5000,6.5000,5.0000,7,8.0000,5.0000,False,5.5800,8.3600,1.5000,17.1239,14.4450,1.7344,2.4254,5.5940,0.1063,0.0468,0.3032,0.7332,0.5340,9.6490,34.5110,1.4110,3788124928.0000,3399000064.0000,1.1145,58028949504,0.1640,0.0100,1.9500,999637371,7.2400,9.0100,5.4800,7.2100,0.0653,OK,0,7.0400,False,7-15d,XLE,,XOM|CVX|COP,oil_price|gas_price|opec_supply|inventories,46,2026-11-09,False,2026-08-05,2.4000,1.8500,29.8000,ALCISTA FUERTE,10,767.8100,7.5500,53.4000,15.1800,"Filtros estándar (Score ≥6.5, DD ≥10%)"
VLO,Valero Energy,Energy,Oil & Gas Refining & Marketing,2002-12-20,375.8400,2026-09-24,56.2600,84.7500,DOWN,-1.4494,2.2382,False,0.4856,16.2864,1.4630,4.3330,341.2100,250.0600,378.3700,10.1500,50.3000,True,8.8455,ALCISTA,-10.3100,419.0400,419.0400,152.0700,-10.3100,147.1600,2.0280,False,335.0000,1,,False,-10.8700,HAMMER|HAMMER,6.0500,10.0000,5.0000,5.0000,4,5.0000,7.0000,False,8.6700,13.0000,1.5000,15.9658,10.0646,4.4093,0.8324,8.5920,0.2764,0.1056,0.0545,0.1612,0.5170,4.5350,40.1480,1.6360,8416374784.0000,7192999936.0000,1.1701,110235901952,0.5680,3.9600,1.2800,287927461,7.7000,8.8700,7.2200,6.8800,0.0763,OK,0,7.0400,False,10-18d,XLE,,XOM|CVX|COP,oil_price|gas_price|opec_supply|inventories,28,2026-10-22,False,2026-07-30,12.5400,10.1300,23.8000,ALCISTA FUERTE,10,767.8100,7.5500,53.4000,15.1800,"Filtros estándar (Score ≥6.5, DD ≥10%)"
CBOE,Cboe Global Markets,Financials,Financial Exchanges & Data,2017-03-01,268.8700,2026-09-24,21.0000,26.0300,DOWN,-3.0481,-4.2669,True,0.1677,10.0121,0.9120,3.7240,288.9700,285.2300,283.1000,-6.9600,-5.7400,True,1.2569,BAJISTA,-15.1500,316.8600,369.3800,226.5200,-27.2100,18.7000,0.8160,False,270.9100,2,307.9700,True,0.7600,HAMMER|DOJI,6.9800,7.0000,8.5000,5.0000,8,6.5000,7.0000,False,7.4500,11.1700,1.5000,20.8550,17.5767,4.9728,5.5208,14.0720,0.2630,0.1158,0.2673,0.5408,0.2290,0.5020,28.0900,1.5650,678249984.0000,1347399936.0000,0.5034,27942606848,0.4080,2.8700,1.2800,104431019,7.0800,10.0000,6.8800,3.9200,0.0243,FCF/NI:0.50,1,7.0400,False,5-10d,XLF,,JPM|BAC|WFC,interest_rates|yield_curve|credit_spreads|loan_growth,36,2026-10-30,False,2026-07-31,3.5600,3.4900,2.0000,ALCISTA FUERTE,10,767.8100,7.5500,53.4000,15.1800,"Filtros estándar (Score ≥6.5, DD ≥10%)"
NTRS,Northern Trust,Financials,Asset Management & Custody Banks,1998-01-30,173.9900,2026-09-24,37.3900,37.3700,UP,-1.1618,-1.1668,True,-0.0180,4.5067,1.1430,2.5900,183.6300,159.9500,181.5300,-5.2500,8.7800,True,3.6757,NEUTRO,-10.7100,194.8600,194.8600,118.6100,-10.7100,46.6900,0.9970,False,174.2600,1,171.5800,True,0.1500,HAMMER,7.3500,8.5000,8.5000,5.0000,7,8.0000,7.0000,False,5.1800,7.7700,1.5000,14.9914,13.7660,2.5506,3.5139,,0.1707,0.0128,0.2467,0.0000,0.3640,0.9860,,,,2181299968.0000,,31925760000,1.2570,3.6700,1.8900,182955653,6.7500,10.0000,5.0900,4.9000,,OK,0,6.9900,False,7-15d,XLF,,JPM|BAC|WFC,interest_rates|yield_curve|credit_spreads|loan_growth,27,2026-10-21,False,2026-07-22,4.2300,4.6200,-8.3000,ALCISTA FUERTE,10,767.8100,7.5500,53.4000,15.1800,"Filtros estándar (Score ≥6.5, DD ≥10%)"
SMCI,Supermicro,Information Technology,"Technology Hardware, Storage & Peripherals",2024-03-18,41.4400,2026-09-24,60.1600,48.5000,UP,0.1380,-0.1953,True,0.9014,2.3836,1.0300,5.7520,34.3700,31.7200,38.5200,20.5800,30.6400,True,1.1023,ALCISTA,-2.9500,42.7000,58.7800,19.4800,-29.5000,112.7300,1.0890,True,35.5000,2,41.5300,False,-14.3500,HAMMER,6.9500,10.0000,7.0000,7.5000,4,5.0000,7.0000,False,11.5000,17.2600,1.5000,12.7331,7.7940,2.6594,0.6981,11.7440,0.2147,0.0788,0.0571,0.1082,0.9320,4.3470,63.9510,3.8720,-8248783872.0000,2195842048.0000,-3.7565,27270631424,1.9960,1.7700,,656965384,7.0000,10.0000,4.9500,5.8800,-0.3025,FCF/NI:-3.76,1,6.9800,False,10-18d,XLK,,AAPL|MSFT|NVDA,interest_rates|ai_capex_cycle|semiconductor_cycle,40,2026-11-03,False,2026-08-11,1.7000,0.9600,77.5000,ALCISTA FUERTE,10,767.8100,7.5500,53.4000,15.1800,"Filtros estándar (Score ≥6.5, DD ≥10%)"
AVGO,Broadcom,Information Technology,Semiconductors,2014-05-08,354.9900,2026-09-24,43.4500,39.5100,UP,1.6207,-0.3682,True,0.4075,11.4400,0.7960,3.2230,377.2900,367.4500,360.2900,-5.9100,-3.3900,True,-0.0588,BAJISTA,-17.8200,431.9400,493.3200,288.9800,-28.0400,22.8400,0.8480,False,356.4700,2,375.9100,True,0.4200,HAMMER,6.6500,6.5000,7.0000,5.0000,8,7.0000,7.0000,False,6.4500,9.6700,1.5000,44.6318,18.0748,16.7781,18.7701,33.1040,0.4425,0.1537,0.4294,0.7551,0.8550,2.1530,59.6040,2.5040,30596499456.0000,38264999936.0000,0.7996,1672488943616,1.4570,2.5800,0.7300,4773629865,7.1900,10.0000,7.4200,3.6300,0.0183,OK,0,6.9700,False,3-7d,XLK,,AAPL|MSFT|NVDA,interest_rates|ai_capex_cycle|semiconductor_cycle,76,2026-12-09,False,2026-06-03,2.4400,2.4000,1.7000,ALCISTA FUERTE,10,767.8100,7.5500,53.4000,15.1800,"Filtros estándar (Score ≥6.5, DD ≥10%)"
BLK,BlackRock,Financials,Asset Management & Custody Banks,2011-04-04,1060.8900,2026-09-24,37.2000,19.6400,UP,-4.2269,-10.7634,True,0.2664,25.6447,1.0030,2.4170,1103.5200,1050.6500,1088.6300,-3.8600,0.9700,True,0.7084,NEUTRO,-10.1800,1181.1100,1194.4100,907.5900,-11.1800,16.8900,0.7850,True,1019.7500,2,1068.9800,True,-3.8800,NONE,7.4200,8.5000,8.5000,7.5000,7,6.5000,5.0000,True,4.8300,7.2500,1.5000,25.7484,16.6917,2.8879,6.3889,15.6800,0.1228,0.0374,0.2409,0.4715,0.3060,0.1960,23.1920,2.4470,7578124800.0000,6576000000.0000,1.1524,174410055680,1.4290,3.3300,2.1600,154869259,6.6500,7.4800,6.8600,5.4400,0.0435,OK,0,6.9600,False,7-15d,XLF,,JPM|BAC|WFC,interest_rates|yield_curve|credit_spreads|loan_growth,20,2026-10-14,False,2026-07-15,13.9100,12.6900,9.6000,ALCISTA FUERTE,10,767.8100,7.5500,53.4000,15.1800,"Filtros estándar (Score ≥6.5, DD ≥10%)"
AMGN,Amgen,Health Care,Biotechnology,1992-01-02,406.0900,2026-09-24,35.8500,17.7900,UP,-2.2294,-7.4799,True,0.4709,12.0100,1.1810,2.9570,400.5000,357.1100,400.3600,1.4000,13.7200,True,2.3411,ALCISTA,-9.1600,447.0300,447.0300,262.4900,-9.1600,54.7100,0.9570,False,353.7800,4,446.4200,False,-12.8800,NONE,6.8500,10.0000,8.5000,5.0000,6,5.0000,5.0000,False,5.9100,8.8700,1.5000,25.2512,16.6077,18.7808,5.7624,15.2220,0.9147,0.0867,0.2295,0.7189,0.0950,0.6490,490.2810,1.3710,8645624832.0000,8743000064.0000,0.9889,219518222336,0.4260,5.1100,2.4800,540632005,7.0100,8.4600,6.9100,5.4400,0.0394,D/E:490,1,6.9500,False,10-18d,XLV,,UNH|JNJ|LLY,fda_calendar|drug_pricing_policy|patent_cliffs,40,2026-11-03,False,2026-08-04,6.2900,5.6200,12.0000,ALCISTA FUERTE,10,767.8100,7.5500,53.4000,15.1800,"Filtros estándar (Score ≥6.5, DD ≥10%)"
DRI,Darden Restaurants,Consumer Discretionary,Restaurants,1995-05-31,213.6900,2026-09-24,48.0000,39.5300,UP,-0.4750,-1.3472,True,0.5183,5.0264,0.8690,2.3520,211.0900,201.2300,212.6400,1.2300,6.1900,True,2.1493,ALCISTA,-6.9900,229.7600,229.7600,165.1300,-6.9900,29.4100,1.6650,False,189.3200,5,210.8600,False,-11.4100,BULL_ENGULF,7.2000,10.0000,7.0000,7.0000,6,5.0000,7.5000,False,4.7000,7.0600,1.5000,19.8316,16.7166,10.7095,1.7811,15.2270,0.5372,0.0772,0.0913,0.2167,0.1370,0.3600,364.5070,0.3140,790974976.0000,1213699968.0000,0.6517,23530395648,0.5900,6.6600,3.0300,113541756,6.7300,10.0000,4.9400,5.0100,0.0336,FCF/NI:0.65|D/E:365,2,6.9200,False,10-18d,XLY,,AMZN|TSLA|HD,consumer_spending|employment_data|interest_rates,0,2026-09-24,True,2026-09-24,2.0500,2.0500,-17.0000,ALCISTA FUERTE,10,767.8100,7.5500,53.4000,15.1800,"Filtros estándar (Score ≥6.5, DD ≥10%)"
HSY,Hershey Company (The),Consumer Staples,Packaged Foods & Meats,1957-03-04,168.4500,2026-09-24,31.5200,16.3200,UP,-0.7269,-0.9939,True,0.2089,3.6200,0.8340,2.1490,176.9800,189.2400,173.6100,-4.8200,-10.9900,False,-0.0364,BAJISTA,-11.5600,190.4600,235.8000,156.7000,-28.5600,7.5000,0.7640,False,166.9500,2,177.2400,True,-0.8900,HAMMER,6.4300,5.0000,8.5000,5.0000,7,6.5000,7.0000,False,4.3000,6.4500,1.5000,22.7667,16.9108,7.3486,2.7566,14.3220,0.3281,0.0992,0.1224,0.3838,0.0660,6.3100,129.8210,1.1800,1743636352.0000,1489106944.0000,1.1709,33530476544,0.0970,7.5300,3.4500,146312143,7.2300,8.4600,6.5800,6.5400,0.0520,D/E:130,1,6.9100,False,3-7d,XLP,,PG|KO|PEP,inflation|input_costs|fx_rates,42,2026-11-05,False,2026-07-30,1.9000,1.4300,33.1000,ALCISTA FUERTE,10,767.8100,7.5500,53.4000,15.1800,"Filtros estándar (Score ≥6.5, DD ≥10%)"
ROST,Ross Stores,Consumer Discretionary,Apparel Retail,2009-12-21,233.9800,2026-09-24,57.4700,27.1500,UP,0.6912,-0.0989,True,0.7756,4.9091,0.8570,2.0980,237.0800,214.9300,230.9300,-1.3100,8.8600,True,3.0647,NEUTRO,-8.7800,256.5000,256.5000,142.5200,-8.7800,64.1700,0.7380,False,227.8700,9,242.3400,True,-2.6100,NONE,6.7000,8.5000,7.0000,5.0000,9,5.0000,5.0000,False,4.2000,6.2900,1.5000,28.4988,26.3241,11.1596,3.0806,20.5620,0.4263,0.1278,0.1085,0.3338,0.1330,0.7050,70.2810,1.6120,2002041600.0000,2659063040.0000,0.7529,75511865344,0.8610,3.1600,0.7600,320781076,7.0500,10.0000,6.6400,4.0700,0.0265,OK,0,6.9100,False,7-15d,XLY,,AMZN|TSLA|HD,consumer_spending|employment_data|interest_rates,56,2026-11-19,False,2026-08-20,2.6600,1.9500,36.7000,ALCISTA FUERTE,10,767.8100,7.5500,53.4000,15.1800,"Filtros estándar (Score ≥6.5, DD ≥10%)"
TER,Teradyne,Information Technology,Semiconductor Materials & Equipment,2020-09-21,389.1400,2026-09-24,64.3200,40.7400,UP,3.7399,-1.4491,True,0.9071,19.4748,0.6750,5.0050,365.5500,326.5800,364.8000,6.4500,19.1600,True,5.9692,ALCISTA,-20.2100,487.7200,487.7200,125.7800,-20.2100,209.3900,0.7850,True,340.2100,1,382.4800,False,-12.5700,HAMMER,7.2500,10.0000,7.0000,7.5000,4,7.0000,7.0000,False,10.0100,15.0100,1.5000,53.2555,33.2719,19.3049,13.5782,40.2820,0.3646,0.1975,0.2577,0.5924,1.0390,3.8580,2.8830,2.1250,437381248.0000,1150220032.0000,0.3803,60613312512,1.7780,2.6500,0.1300,156340750,6.6900,10.0000,6.9200,2.5500,0.0072,FCF/NI:0.38,1,6.9100,False,10-18d,XLK,,AAPL|MSFT|NVDA,interest_rates|ai_capex_cycle|semiconductor_cycle,27,2026-10-21,False,2026-07-28,2.4700,2.0500,20.3000,ALCISTA FUERTE,10,767.8100,7.5500,53.4000,15.1800,"Filtros estándar (Score ≥6.5, DD ≥10%)"
LMT,Lockheed Martin,Industrials,Aerospace & Defense,1957-03-04,524.6800,2026-09-24,38.6800,39.4000,DOWN,-0.1151,-0.6076,True,0.2314,12.4550,0.8500,2.3740,554.4100,554.7200,540.1200,-5.3600,-5.4200,False,1.6696,BAJISTA,-13.8400,608.9800,683.2700,429.4700,-23.2100,22.1700,0.9870,False,506.9600,1,534.3800,True,-3.3800,HAMMER|DOJI,6.4800,5.5000,7.5000,5.0000,8,6.5000,7.0000,False,4.7500,7.1200,1.5000,19.3034,15.9888,13.7375,1.5694,14.2160,0.8917,0.0864,0.0816,0.1180,0.1050,4.4380,234.2380,1.1930,5562625024.0000,6287000064.0000,0.8848,120865120256,0.1040,2.6600,2.6300,230790753,7.1400,7.8500,6.9800,6.4900,0.0460,D/E:234,1,6.8800,False,3-7d,XLI,,CAT|UNP|HON,pmi_manufacturing|supply_chain|capex_cycle,26,2026-10-20,False,2026-07-23,7.9400,7.2000,10.3000,ALCISTA FUERTE,10,767.8100,7.5500,53.4000,15.1800,"Filtros estándar (Score ≥6.5, DD ≥10%)"
HUM,Humana,Health Care,Managed Health Care,2012-12-10,374.7800,2026-09-24,35.5300,55.0700,DOWN,-3.3220,-1.7282,False,0.0305,13.0914,0.9170,3.4930,387.7500,287.4000,389.9600,-3.3500,30.4100,True,5.7246,NEUTRO,-12.6100,428.8800,428.8800,161.9000,-12.6100,131.4800,0.8650,True,352.9600,2,382.5900,False,-5.8200,HAMMER,7.0000,8.5000,6.5000,7.5000,4,8.0000,7.0000,False,6.9900,10.4800,1.5000,35.9811,22.9551,2.3770,0.3135,9.9950,0.0689,0.0390,0.0088,0.1365,0.2620,0.2710,76.4850,1.7420,1940999936.0000,1279000064.0000,1.5176,45668941824,0.7450,2.8000,0.9400,120080308,6.7900,9.3400,5.0400,5.8600,0.0425,OK,0,6.8700,False,7-15d,XLV,,UNH|JNJ|LLY,fda_calendar|drug_pricing_policy|patent_cliffs,43,2026-11-06,False,2026-07-29,7.6100,7.0000,8.8000,ALCISTA FUERTE,10,767.8100,7.5500,53.4000,15.1800,"Filtros estándar (Score ≥6.5, DD ≥10%)"
PLTR,Palantir Technologies,Information Technology,Application Software,2024-09-23,191.7900,2026-09-24,69.5300,47.5900,UP,0.6233,-1.1965,True,0.9855,6.8127,0.8990,3.5520,161.6500,151.9300,176.3600,18.6500,26.2400,True,0.3784,ALCISTA,-1.0300,193.7900,207.5200,106.3700,-7.5800,80.3000,1.2650,True,131.6300,1,188.3700,False,-31.3700,HAMMER|DOJI,6.9500,10.0000,7.0000,7.5000,4,5.0000,7.0000,False,7.1000,10.6600,1.5000,164.6068,82.9061,47.3427,75.1802,169.6800,0.3810,0.1729,0.4901,0.8480,0.9280,2.1540,2.1390,7.2280,2159104512.0000,3016691968.0000,0.7157,462805008384,1.6210,1.4400,,2300713329,6.8000,10.0000,8.0000,1.6800,0.0047,FCF/NI:0.72,1,6.8600,False,10-18d,XLK,,AAPL|MSFT|NVDA,interest_rates|ai_capex_cycle|semiconductor_cycle,39,2026-11-02,False,2026-08-03,0.4100,0.3500,18.5000,ALCISTA FUERTE,10,767.8100,7.5500,53.4000,15.1800,"Filtros estándar (Score ≥6.5, DD ≥10%)"
BKNG,Booking Holdings,Consumer Discretionary,"Hotels, Resorts & Cruise Lines",2009-11-06,155.9000,2026-09-24,6.1600,16.8300,DOWN,-2.4395,-2.7633,True,0.0815,7.0321,1.0310,4.5110,191.7800,183.5200,178.5300,-18.7100,-15.0500,True,-0.7083,BAJISTA,-28.0900,216.8000,222.9500,149.4000,-30.0800,4.3500,1.7190,False,157.7400,1,176.3700,True,1.1800,NONE,6.7500,6.5000,8.5000,5.0000,7,8.0000,5.0000,False,9.0200,13.5300,1.5000,17.4900,12.7269,-11.0650,4.1881,11.7150,,0.2038,0.2553,0.8723,0.0810,1.3000,,1.0940,7725875200.0000,7208999936.0000,1.0717,118274801664,1.0680,3.7500,1.0800,751380500,6.9300,8.5500,5.7200,6.4700,0.0653,OK,0,6.8600,False,5-10d,XLY,,AMZN|TSLA|HD,consumer_spending|employment_data|interest_rates,33,2026-10-27,False,2026-08-04,2.5400,2.4300,4.5000,ALCISTA FUERTE,10,767.8100,7.5500,53.4000,15.1800,"Filtros estándar (Score ≥6.5, DD ≥10%)"
VEEV,Veeva Systems,Health Care,Health Care Technology,2026-05-07,270.7500,2026-09-24,41.7700,60.4900,DOWN,-2.7310,-3.2876,True,0.5627,7.9436,0.8920,2.9340,237.0300,199.4300,261.8400,14.2300,35.7600,True,-0.0430,ALCISTA,-8.6000,296.2400,310.5000,148.0500,-12.8000,82.8800,0.7280,False,238.9300,1,272.3900,False,-11.7500,NONE,5.9500,9.5000,6.0000,5.0000,4,5.0000,5.0000,False,5.8700,8.8000,1.5000,45.1297,26.8120,6.1310,12.8681,34.7870,0.1442,0.0758,0.2934,0.7496,0.1760,0.3950,2.0410,5.4580,1257709824.0000,1014771968.0000,1.2394,44499025920,0.9740,2.3200,,161908850,7.4700,10.0000,7.7900,4.1500,0.0283,OK,0,6.8600,False,10-18d,XLV,,UNH|JNJ|LLY,fda_calendar|drug_pricing_policy|patent_cliffs,62,2026-11-25,False,2026-08-26,2.3500,2.2200,5.8000,ALCISTA FUERTE,10,767.8100,7.5500,53.4000,15.1800,"Filtros estándar (Score ≥6.5, DD ≥10%)"
EBAY,eBay Inc.,Consumer Discretionary,Broadline Retail,2002-07-22,109.0900,2026-09-24,58.5700,54.7900,UP,0.6239,1.0006,False,0.7186,3.7536,1.1290,3.4410,107.9000,99.5800,107.6000,1.1000,9.5500,True,2.5415,ALCISTA,-7.3700,117.7700,118.6200,77.3200,-8.0300,41.0900,0.7800,False,105.9800,5,110.1900,True,-2.8500,HAMMER|DOJI,7.0000,10.0000,6.0000,5.0000,9,5.0000,7.0000,False,6.8800,10.3200,1.5000,22.6534,16.0576,10.2862,3.9960,16.7360,0.4661,0.0915,0.1857,0.7205,0.1480,0.5500,153.0120,1.0190,1579624960.0000,2193999872.0000,0.7200,47984349184,1.3390,3.8300,1.1400,445000000,6.7600,10.0000,5.1900,4.8200,0.0329,FCF/NI:0.72|D/E:153,2,6.8600,False,10-18d,XLY,,AMZN|TSLA|HD,consumer_spending|employment_data|interest_rates,41,2026-11-04,False,2026-08-05,1.6000,1.5100,6.2000,ALCISTA FUERTE,10,767.8100,7.5500,53.4000,15.1800,"Filtros estándar (Score ≥6.5, DD ≥10%)"
HPE,Hewlett Packard Enterprise,Information Technology,"Technology Hardware, Storage & Peripherals",2015-11-02,62.3300,2026-09-24,63.9300,52.0300,UP,0.5314,0.4512,True,0.8801,4.1961,1.3800,6.7320,53.1500,35.3100,57.4700,17.2800,76.5100,True,10.9180,ALCISTA,-2.4000,63.8600,63.9000,19.5700,-2.4600,218.4600,0.5430,False,55.2600,2,63.5900,False,-11.3400,HAMMER|DOJI,6.4500,10.0000,7.0000,5.0000,4,5.0000,7.0000,False,13.4600,20.2000,1.5000,32.7423,13.8164,3.1817,2.0138,14.0650,0.1094,0.0264,0.0667,0.3662,0.3370,4.1020,76.4640,1.1130,4738625024.0000,2675000064.0000,1.7714,84320567296,1.4420,3.4400,0.9100,1327464779,7.1300,9.0000,4.6100,7.8700,0.0562,OK,0,6.8600,False,10-18d,XLK,,AAPL|MSFT|NVDA,interest_rates|ai_capex_cycle|semiconductor_cycle,-22,2026-12-03,False,2026-06-01,0.7900,0.5300,48.0000,ALCISTA FUERTE,10,767.8100,7.5500,53.4000,15.1800,"Filtros estándar (Score ≥6.5, DD ≥10%)"
PRU,Prudential Financial,Financials,Life & Health Insurance,2002-07-22,117.5900,2026-09-24,51.2200,47.5600,UP,-0.2759,-0.3783,True,0.2521,2.5379,1.0500,2.1580,119.5500,106.3600,118.9900,-1.6400,10.5600,True,1.6502,NEUTRO,-6.8700,126.2600,126.2600,89.6200,-6.8700,31.2100,0.8700,False,116.4500,2,124.4700,True,-0.9700,BULL_ENGULF,6.8800,8.5000,7.0000,5.0000,7,6.5000,7.5000,False,4.3200,6.4700,1.5000,10.7661,7.9914,1.2982,0.6281,11.7420,0.1201,0.0043,0.0601,0.2902,0.1410,0.8920,163.8910,0.7770,7527750144.0000,3872000000.0000,1.9442,40968749056,0.8190,7.3700,4.7600,345000000,6.8300,8.1500,4.7300,7.7500,0.1837,D/E:164,1,6.8500,False,7-15d,XLF,,JPM|BAC|WFC,interest_rates|yield_curve|credit_spreads|loan_growth,34,2026-10-28,False,2026-08-04,4.0800,3.5200,16.0000,ALCISTA FUERTE,10,767.8100,7.5500,53.4000,15.1800,"Filtros estándar (Score ≥6.5, DD ≥10%)"
FANG,Diamondback Energy,Energy,Oil & Gas Exploration & Production,2018-12-03,185.6500,2026-09-24,31.8700,71.8100,DOWN,-2.1772,-0.8121,False,-0.0909,6.5257,1.1230,3.5150,198.9000,181.8700,198.4500,-6.6600,2.0800,True,3.0968,NEUTRO,-14.4100,216.9000,216.9000,132.9300,-14.4100,39.6600,1.0390,False,188.4600,1,205.0000,True,1.5100,HAMMER|HAMMER|DOJI,6.9500,8.5000,6.5000,5.0000,7,8.0000,7.0000,False,7.0300,10.5500,1.5000,36.0019,10.1218,1.3992,3.2574,5.9610,0.0349,0.0131,0.0903,0.7235,0.5250,1.7950,28.6780,0.4670,5035500032.0000,1458000000.0000,3.4537,52926537728,0.4140,4.4000,2.3700,280019792,6.7700,8.9400,4.6200,6.7400,0.0951,OK,0,6.8400,False,7-15d,XLE,,XOM|CVX|COP,oil_price|gas_price|opec_supply|inventories,39,2026-11-02,False,2026-08-03,6.4800,5.9800,8.3000,ALCISTA FUERTE,10,767.8100,7.5500,53.4000,15.1800,"Filtros estándar (Score ≥6.5, DD ≥10%)"
DOC,Healthpeak Properties,Real Estate,Health Care REITs,2008-03-31,20.4800,2026-09-24,45.2100,17.6900,UP,0.0221,-0.0229,True,0.3970,0.3861,0.8840,1.8850,21.1100,18.3000,20.5900,-2.9700,11.9400,True,2.1612,NEUTRO,-9.8700,22.7200,22.7200,14.9600,-9.8700,36.8700,1.5400,False,18.7800,3,20.1500,False,-8.2900,DOJI,6.2500,8.5000,7.0000,5.0000,6,5.0000,5.0000,False,3.7700,5.6600,1.5000,57.9143,144.7857,1.7815,4.8716,15.5690,0.0304,0.0151,0.0825,0.5765,0.1110,0.6820,108.6530,2.2860,1645113088.0000,242743008.0000,6.7772,14370361344,0.9890,4.7500,5.9600,689527260,7.2300,10.0000,5.0200,6.5600,0.1145,D/E:109,1,6.8400,False,7-15d,XLRE,,PLD|AMT|EQIX,interest_rates|cap_rates|occupancy_trends,28,2026-10-22,False,2026-08-04,0.0800,0.0300,198.6000,ALCISTA FUERTE,10,767.8100,7.5500,53.4000,15.1800,"Filtros estándar (Score ≥6.5, DD ≥10%)"
ADI,Analog Devices,Information Technology,Semiconductors,1999-10-12,385.2300,2026-09-24,70.7900,42.4600,UP,2.9701,0.5389,True,1.0261,10.9350,0.8040,2.8390,372.3400,352.9900,369.9700,3.4600,9.1300,True,3.7135,ALCISTA,-3.8400,400.6000,444.5600,220.7100,-13.3400,74.5400,0.9220,False,380.5100,3,397.6100,True,-1.2200,NONE,7.0000,10.0000,7.0000,5.0000,9,5.0000,5.0000,False,5.6800,8.5200,1.5000,45.3329,23.4039,5.5259,13.3556,27.7690,0.1223,0.0641,0.2979,0.6580,0.3960,1.6350,27.3140,1.2500,4147339008.0000,4135003904.0000,1.0030,185399590912,1.2050,2.4300,1.1400,484565465,6.7000,9.7900,5.6000,4.3800,0.0224,OK,0,6.8200,False,10-18d,XLK,,AAPL|MSFT|NVDA,interest_rates|ai_capex_cycle|semiconductor_cycle,61,2026-11-24,False,2026-08-19,3.4500,3.3400,3.3000,ALCISTA FUERTE,10,767.8100,7.5500,53.4000,15.1800,"Filtros estándar (Score ≥6.5, DD ≥10%)"
CVX,Chevron Corporation,Energy,Integrated Oil & Gas,1957-03-04,205.5100,2026-09-24,42.0800,78.8400,DOWN,-1.4696,-0.3304,False,0.3510,4.6736,1.1410,2.2740,198.9100,181.7700,207.7200,3.3200,13.0600,True,3.4664,ALCISTA,-5.6300,217.7800,217.7800,142.5100,-5.6300,44.2100,0.8280,False,184.2600,1,208.9800,False,-10.3400,NONE,5.8500,10.0000,5.0000,5.0000,4,5.0000,5.0000,False,4.5500,6.8200,1.5000,19.7740,15.1550,2.1245,1.9266,8.6330,0.1223,0.0586,0.0983,0.4427,0.5350,3.2190,18.9590,1.2520,21934000128.0000,20590999552.0000,1.0652,403403702272,0.4910,2.5300,3.4600,1961603274,7.4300,9.0200,6.3200,6.8700,0.0544,OK,0,6.8000,False,10-18d,XLE,,XOM|COP|SLB,oil_price|gas_price|opec_supply|inventories,36,2026-10-30,False,2026-07-31,6.0600,5.5700,8.8000,ALCISTA FUERTE,10,767.8100,7.5500,53.4000,15.1800,"Filtros estándar (Score ≥6.5, DD ≥10%)"
PSA,Public Storage,Real Estate,Self-Storage REITs,2005-08-19,286.7300,2026-09-24,36.1000,26.5000,UP,-0.1413,-0.0769,False,0.0999,6.4165,0.9340,2.2380,311.5900,293.3700,299.9600,-7.9800,-2.2600,True,1.2965,BAJISTA,-13.6700,332.1400,332.1400,249.0600,-13.6700,15.1200,1.1290,False,287.1800,4,327.4200,True,0.1600,HAMMER|DOJI,7.3000,7.0000,7.5000,5.0000,10,8.0000,7.0000,False,4.4800,6.7100,1.5000,27.1268,27.8232,10.3247,10.8281,18.7220,0.2193,0.0698,0.4163,0.7442,0.0330,0.4510,109.6320,0.2200,2334240256.0000,1845432960.0000,1.2649,53170688000,0.9350,7.6300,4.1900,186852295,6.4700,6.3700,7.1000,5.8600,0.0439,D/E:110,1,6.8000,False,3-7d,XLRE,,PLD|AMT|EQIX,interest_rates|cap_rates|occupancy_trends,34,2026-10-28,False,2026-07-29,2.4500,2.5300,-2.9000,ALCISTA FUERTE,10,767.8100,7.5500,53.4000,15.1800,"Filtros estándar (Score ≥6.5, DD ≥10%)"
FIS,Fidelity National Information Services,Financials,Transaction & Payment Processing Services,2006-11-10,34.6700,2026-09-24,20.5000,34.9100,DOWN,-0.4287,-0.3523,False,0.0422,1.2791,0.8780,3.6890,40.6900,47.0100,38.1200,-14.8000,-26.2500,False,-4.8324,BAJISTA,-25.3800,46.4600,66.6000,34.2200,-47.9400,1.3200,1.1690,False,,0,46.6900,False,,NONE,5.8000,5.0000,7.5000,5.0000,4,8.0000,5.0000,False,7.3800,11.0700,1.5000,5.3748,5.2221,1.1258,1.4791,10.8950,0.2235,0.0428,0.2765,0.3584,0.2910,,132.5100,0.5350,2653125120.0000,3372999936.0000,0.7866,18044551168,0.8010,2.7300,5.0800,515705917,7.4600,7.5000,5.7300,9.4200,0.1470,OK,0,6.8000,False,3-7d,XLF,,JPM|BAC|WFC,interest_rates|yield_curve|credit_spreads|loan_growth,41,2026-11-04,False,2026-08-04,1.4800,1.4700,54.0000,ALCISTA FUERTE,10,767.8100,7.5500,53.4000,15.1800,"Filtros estándar (Score ≥6.5, DD ≥10%)"
HST,Host Hotels & Resorts,Real Estate,Hotel & Resort REITs,2007-03-20,22.1500,2026-09-24,60.3200,33.4600,UP,0.0626,0.0274,True,0.5120,0.3907,0.7630,1.7640,23.1800,20.5500,22.2700,-4.4300,7.7900,True,2.9032,NEUTRO,-13.8500,25.7100,25.7100,14.5900,-13.8500,51.8100,0.8870,False,22.4900,3,23.4200,True,1.5200,HAMMER|DOJI|HAMMER|DOJI,7.2000,8.5000,7.0000,5.0000,9,7.0000,7.0000,False,3.5300,5.2900,1.5000,14.9060,21.0404,2.3815,2.4751,11.2670,0.1556,0.0433,0.1647,0.2919,0.0360,0.0840,85.2980,1.6710,1692375040.0000,1027000000.0000,1.6479,15429873664,1.1010,4.0600,3.6100,685124399,6.5200,4.0400,7.5700,8.1900,0.1097,D/E:85,1,6.7900,False,7-15d,XLRE,,PLD|AMT|EQIX,interest_rates|cap_rates|occupancy_trends,41,2026-11-04,False,2026-08-05,0.3500,0.3400,4.4000,ALCISTA FUERTE,10,767.8100,7.5500,53.4000,15.1800,"Filtros estándar (Score ≥6.5, DD ≥10%)"
KEYS,Keysight Technologies,Information Technology,Electronic Equipment & Instruments,2018-11-06,353.3600,2026-09-24,67.0100,45.6600,UP,2.8465,0.1789,True,1.1733,10.6511,0.8100,3.0140,327.3500,296.4000,330.5200,7.9500,19.2200,True,5.0372,ALCISTA,-3.5600,366.4100,374.9600,158.7900,-5.7600,122.5300,1.2390,False,328.2500,6,359.0500,False,-7.1100,HAMMER|HAMMER|DOJI,6.7500,10.0000,7.0000,5.0000,6,5.0000,7.0000,False,6.0300,9.0400,1.5000,48.3816,25.7750,9.2663,9.2478,35.5230,0.2090,0.0723,0.1914,0.6328,0.3650,1.0910,42.0940,2.0240,1867124992.0000,1279000064.0000,1.4598,60869308416,1.2080,2.0200,,170244745,6.7800,9.3800,5.9500,4.7200,0.0307,OK,0,6.7700,False,10-18d,XLK,,AAPL|MSFT|NVDA,interest_rates|ai_capex_cycle|semiconductor_cycle,61,2026-11-24,False,2026-08-18,3.0700,2.4800,23.7000,ALCISTA FUERTE,10,767.8100,7.5500,53.4000,15.1800,"Filtros estándar (Score ≥6.5, DD ≥10%)"
MPWR,Monolithic Power Systems,Information Technology,Semiconductors,2021-02-12,1355.4700,2026-09-24,65.6500,24.4400,UP,16.8803,-5.6835,True,1.0250,47.7421,0.6370,3.5220,1302.8500,1264.8900,1242.8400,4.0400,7.1600,True,2.5153,ALCISTA,-13.5700,1568.2100,1711.4800,828.8500,-20.8000,63.5400,1.1390,False,1234.3500,3,1475.3800,False,-8.9400,HAMMER,7.0500,10.0000,7.0000,5.0000,6,7.0000,7.0000,False,7.0400,10.5700,1.5000,81.4360,38.3001,16.8483,20.0519,65.1990,0.2198,0.1357,0.2450,0.5520,0.4760,0.8580,0.4860,4.9750,444316128.0000,801945984.0000,0.5540,65632935936,1.6640,2.9000,0.5900,49143000,6.5900,9.9800,6.9100,2.2400,0.0068,FCF/NI:0.55,1,6.7700,False,10-18d,XLK,,AAPL|MSFT|NVDA,interest_rates|ai_capex_cycle|semiconductor_cycle,35,2026-10-29,False,2026-07-30,6.5000,5.8800,10.5000,ALCISTA FUERTE,10,767.8100,7.5500,53.4000,15.1800,"Filtros estándar (Score ≥6.5, DD ≥10%)"
AIZ,Assurant,Financials,Multi-line Insurance,2007-04-10,266.9700,2026-09-24,32.5200,53.0100,DOWN,-1.4993,-0.2010,False,-0.3729,5.5671,0.9760,2.0850,281.2400,247.4200,281.0500,-5.0800,7.9000,True,2.5066,NEUTRO,-11.8900,303.0000,303.0000,203.0800,-11.8900,31.4600,1.7840,False,271.1300,3,283.2400,True,1.5600,HAMMER|DOJI,7.2500,8.5000,6.5000,5.0000,9,8.0000,7.0000,False,4.1700,6.2600,1.5000,12.5412,11.1746,2.1206,0.9598,7.5360,0.1834,0.0256,0.0790,0.1327,0.0940,0.3050,36.2110,0.3820,2149574912.0000,1054700032.0000,2.0381,12915920896,0.5420,3.6500,1.3200,49323767,6.4500,6.0800,6.1600,7.2100,0.1664,OK,0,6.7700,False,7-15d,XLF,,JPM|BAC|WFC,interest_rates|yield_curve|credit_spreads|loan_growth,40,2026-11-03,False,2026-08-04,6.4100,5.1800,23.7000,ALCISTA FUERTE,10,767.8100,7.5500,53.4000,15.1800,"Filtros estándar (Score ≥6.5, DD ≥10%)"
CHRW,C.H. Robinson,Industrials,Air Freight & Logistics,2007-03-02,149.6700,2026-09-24,54.9700,76.4300,DOWN,0.8758,1.8159,False,0.4371,3.8472,0.6720,2.5700,159.6200,171.3200,151.8600,-6.2300,-12.6400,False,-0.0521,BAJISTA,-28.5300,209.4300,209.4300,121.7800,-28.5300,22.9000,0.9300,True,149.2400,1,152.5900,True,-0.2900,HAMMER|HAMMER|DOJI,6.3000,5.0000,5.0000,7.5000,7,7.0000,7.0000,False,5.1400,7.7100,1.5000,27.9008,19.4902,10.5195,1.0051,20.2670,0.3712,0.0996,0.0373,0.0845,0.1930,0.2380,121.1880,1.5820,480618368.0000,633326976.0000,0.7589,17083653120,0.9430,2.9300,1.6800,116851258,7.0600,9.8500,6.3900,4.6000,0.0281,D/E:121,1,6.7600,False,3-7d,XLI,,CAT|UNP|HON,pmi_manufacturing|supply_chain|capex_cycle,34,2026-10-28,False,2026-07-29,1.6100,1.5200,5.6000,ALCISTA FUERTE,10,767.8100,7.5500,53.4000,15.1800,"Filtros estándar (Score ≥6.5, DD ≥10%)"
APO,Apollo Global Management,Financials,Asset Management & Custody Banks,2024-12-23,124.3600,2026-09-24,33.3500,35.4100,DOWN,-0.8466,-1.1539,True,0.0951,3.7179,0.8690,2.9900,128.6400,126.7200,128.9400,-3.3200,-1.8700,True,0.1538,BAJISTA,-13.4700,143.7200,151.3900,98.7200,-17.8500,25.9700,1.2320,True,122.2100,2,124.7100,True,-1.7300,HAMMER|HAMMER,7.5000,7.0000,7.5000,7.5000,8,8.0000,7.0000,True,5.9800,8.9700,1.5000,42.9502,11.2419,3.5452,2.0022,,0.1141,0.0094,0.0527,0.3614,0.6380,0.6370,100.9690,1.9480,,1888000000.0000,,71272652800,1.5140,6.7700,1.8100,590543159,6.2600,10.0000,4.4400,4.0200,,OK,0,6.7600,False,3-7d,XLF,,JPM|BAC|WFC,interest_rates|yield_curve|credit_spreads|loan_growth,40,2026-11-03,False,2026-08-04,2.1100,2.1600,-2.2000,ALCISTA FUERTE,10,767.8100,7.5500,53.4000,15.1800,"Filtros estándar (Score ≥6.5, DD ≥10%)"
TPR,"Tapestry, Inc.",Consumer Discretionary,"Apparel, Accessories & Luxury Goods",2004-09-01,110.5100,2026-09-24,27.1000,28.2800,DOWN,0.0449,0.2555,False,0.0596,3.4442,0.7130,3.1170,134.3100,137.9500,120.3000,-17.7200,-19.8900,False,1.1335,BAJISTA,-32.6900,164.1800,164.1800,91.8200,-32.6900,20.3600,0.6930,False,112.1100,1,146.7200,True,1.4500,NONE,6.6500,5.5000,7.5000,5.0000,7,10.0000,5.0000,False,6.2300,9.3500,1.5000,15.4223,12.5984,32.4609,2.7930,12.4340,1.9713,0.1754,0.1909,0.7660,0.0890,,571.6080,1.7520,1399924992.0000,1527699968.0000,0.9164,22355795968,1.4320,4.2800,1.6700,199391678,6.8100,6.4500,7.0700,6.9200,0.0626,D/E:572,1,6.7500,False,3-7d,XLY,,AMZN|TSLA|HD,consumer_spending|employment_data|interest_rates,42,2026-11-05,False,2026-08-13,1.3200,1.2800,3.4000,ALCISTA FUERTE,10,767.8100,7.5500,53.4000,15.1800,"Filtros estándar (Score ≥6.5, DD ≥10%)"
COP,ConocoPhillips,Energy,Oil & Gas Exploration & Production,1957-03-04,128.0900,2026-09-24,35.4400,72.0600,DOWN,-1.5619,-0.7279,False,0.1013,3.6300,1.1680,2.8340,125.8400,113.9800,132.2500,1.7900,12.3800,True,4.3403,ALCISTA,-9.5500,141.6200,141.6200,82.9500,-9.5500,54.4100,0.7440,False,112.2000,5,126.2100,False,-12.4100,NONE,6.9000,10.0000,6.5000,5.0000,6,8.0000,5.0000,False,5.6700,8.5000,1.5000,17.1085,13.3879,2.3777,2.4105,6.3290,0.1418,0.0753,0.1440,0.4757,0.3550,1.0700,35.6390,1.5420,7691375104.0000,9253000192.0000,0.8312,155380989952,0.1340,2.4200,2.6200,1201337479,6.6500,7.5000,5.8700,6.5800,0.0495,OK,0,6.7500,False,10-18d,XLE,,XOM|CVX|SLB,oil_price|gas_price|opec_supply|inventories,42,2026-11-05,False,2026-08-06,3.2400,2.9300,10.6000,ALCISTA FUERTE,10,767.8100,7.5500,53.4000,15.1800,"Filtros estándar (Score ≥6.5, DD ≥10%)"
OMC,Omnicom Group,Communication Services,Advertising,1997-12-31,75.4900,2026-09-24,27.8600,30.5700,DOWN,-0.7357,-0.7487,True,0.1573,2.5375,0.9650,3.3610,82.0100,76.7700,79.9000,-7.9500,-1.6700,True,1.4881,BAJISTA,-14.8500,88.6600,88.6600,64.3200,-14.8500,17.3700,0.8940,False,71.9400,2,76.4000,False,-4.7000,HAMMER,6.5300,7.0000,8.5000,5.0000,5,6.5000,7.0000,False,6.7200,10.0800,1.5000,201.8919,6.4078,2.1211,0.9161,8.0230,0.0605,0.0509,0.0174,0.1896,0.6340,0.5880,107.7440,0.9240,4260624896.0000,390200000.0000,10.9191,20493641728,0.6730,11.7900,4.2400,274345967,6.8900,10.0000,4.5800,5.9700,0.2079,D/E:108,1,6.7500,False,3-7d,XLC,,GOOGL|META|NFLX,ad_spending_cycle|streaming_competition|regulation,26,2026-10-20,False,2026-07-28,2.6500,2.6600,-39.0000,ALCISTA FUERTE,10,767.8100,7.5500,53.4000,15.1800,"Filtros estándar (Score ≥6.5, DD ≥10%)"
CASY,Casey's,Consumer Staples,Food Retail,2026-04-09,597.3100,2026-09-24,16.8900,8.8800,UP,-6.7906,-14.1652,True,0.2401,31.7486,1.1050,5.3150,784.6000,729.5100,672.3200,-23.8700,-18.1200,True,1.9559,BAJISTA,-32.4900,884.8300,927.1500,496.2000,-35.5800,20.3800,1.4400,False,,0,883.7500,False,,BULL_ENGULF,7.0300,7.0000,9.5000,7.0000,4,6.5000,7.5000,False,10.6300,15.9500,1.5000,28.8047,25.5341,5.4093,1.1854,15.6250,0.1998,0.0791,0.0414,0.2382,0.2430,0.2770,70.5470,1.0190,503306880.0000,772812992.0000,0.6513,22133596160,0.5920,4.6000,0.4400,36960167,6.5500,10.0000,5.2600,4.0400,0.0227,FCF/NI:0.65,1,6.7400,False,3-7d,XLP,,PG|KO|PEP,inflation|input_costs|fx_rates,75,2026-12-08,False,2026-09-08,7.3700,6.8200,8.1000,ALCISTA FUERTE,10,767.8100,7.5500,53.4000,15.1800,"Filtros estándar (Score ≥6.5, DD ≥10%)"
GOOG,Alphabet Inc. (Class C),Communication Services,Interactive Media & Services,2014-04-03,334.9800,2026-09-24,51.0600,50.4100,UP,1.0143,1.4553,False,0.3485,8.8078,0.9020,2.6290,342.7200,336.1700,340.8500,-2.2600,-0.3500,True,1.1891,BAJISTA,-12.2100,381.5600,403.9600,236.0700,-17.0800,41.9000,1.3100,False,333.4700,1,375.7800,True,-0.4500,NONE,6.0500,7.0000,6.0000,5.0000,8,5.0000,5.0000,False,5.2600,7.8900,1.5000,17.0100,22.7536,6.6608,9.2989,23.0600,0.4868,0.1296,0.5477,0.6090,0.2420,2.9400,18.8590,2.7240,22665000960.0000,244118994944.0000,0.0928,4146070290432,1.2250,2.5800,0.2600,5527000000,7.2000,10.0000,7.9600,3.0600,0.0055,FCF/NI:0.09,1,6.7400,False,3-7d,XLC,,GOOGL|META|NFLX,ad_spending_cycle|streaming_competition|regulation,34,2026-10-28,False,2026-07-22,9.1100,2.9100,212.9000,ALCISTA FUERTE,10,767.8100,7.5500,53.4000,15.1800,"Filtros estándar (Score ≥6.5, DD ≥10%)"
ROP,Roper Technologies,Information Technology,Electronic Equipment & Instruments,2009-12-23,366.3600,2026-09-24,17.1900,31.7400,DOWN,-5.2781,-5.5144,True,0.1183,10.2793,0.8830,2.8060,390.2900,371.5000,388.5300,-6.1300,-1.3800,True,-1.1822,BAJISTA,-14.7200,429.6000,517.5900,305.1900,-29.2200,20.0400,0.8940,False,342.1000,7,375.0500,False,-6.6200,HAMMER|HAMMER,6.9500,6.5000,8.5000,5.0000,7,8.0000,7.0000,False,5.6100,8.4200,1.5000,15.1675,14.9849,1.9252,4.3479,14.5020,0.1307,0.0423,0.3024,0.6953,0.0850,2.3300,60.5310,0.5530,2265687552.0000,2504300032.0000,0.9047,36001894400,0.7470,7.9000,0.9900,98900874,6.5800,5.6400,4.7200,9.8400,0.0629,OK,0,6.7300,False,3-7d,XLK,,AAPL|MSFT|NVDA,interest_rates|ai_capex_cycle|semiconductor_cycle,28,2026-10-22,False,2026-07-23,5.3800,5.2900,1.8000,ALCISTA FUERTE,10,767.8100,7.5500,53.4000,15.1800,"Filtros estándar (Score ≥6.5, DD ≥10%)"
PWR,Quanta Services,Industrials,Construction & Engineering,2009-07-01,634.9000,2026-09-24,57.3100,52.9100,UP,3.1038,0.7037,True,0.7465,22.1743,0.8000,3.4930,641.5400,597.7200,631.1800,-1.0300,6.2200,True,3.0570,NEUTRO,-12.4000,724.8000,788.6300,381.9100,-19.4900,66.2400,0.8780,True,641.9600,2,653.8700,True,1.1100,HAMMER|DOJI,7.4000,8.5000,7.0000,7.5000,7,7.0000,7.0000,False,6.9900,10.4800,1.5000,73.4589,32.6400,10.0334,2.9401,33.3840,0.1534,0.0523,0.0403,0.1546,0.4110,0.9470,67.7800,1.0980,1955491328.0000,1326876032.0000,1.4738,96745971712,1.2000,2.7700,0.0700,150343393,6.2900,10.0000,5.1900,3.2500,0.0202,OK,0,6.7300,False,7-15d,XLI,,CAT|UNP|HON,pmi_manufacturing|supply_chain|capex_cycle,35,2026-10-29,False,2026-07-30,4.2400,3.3100,28.1000,ALCISTA FUERTE,10,767.8100,7.5500,53.4000,15.1800,"Filtros estándar (Score ≥6.5, DD ≥10%)"
PEP,PepsiCo,Consumer Staples,Soft Drinks & Non-alcoholic Beverages,1957-03-04,130.1800,2026-09-24,17.3100,26.2000,DOWN,-0.9060,-0.5579,False,0.0387,2.1415,0.7510,1.6450,137.1700,145.1700,135.2700,-5.0900,-10.3300,False,-0.2684,BAJISTA,-11.7200,147.4600,166.4100,127.9800,-21.7700,1.7200,0.9090,False,,0,140.4600,False,,HAMMER|DOJI,6.3000,5.0000,7.5000,5.0000,4,10.0000,7.0000,False,3.2900,4.9400,1.5000,16.7955,14.3010,7.9217,1.8065,11.5230,0.5151,0.0893,0.1079,0.5417,0.0640,1.3700,238.9490,0.9340,7831875072.0000,10451000320.0000,0.7494,175052898304,0.3610,3.1900,4.5500,1366000000,7.0100,8.3400,6.2300,6.3700,0.0447,FCF/NI:0.75|D/E:239,2,6.7300,False,3-7d,XLP,,PG|KO|WMT,inflation|input_costs|fx_rates,14,2026-10-08,False,2026-07-09,2.2000,2.2100,-37.0000,ALCISTA FUERTE,10,767.8100,7.5500,53.4000,15.1800,"Filtros estándar (Score ≥6.5, DD ≥10%)"
GOOGL,Alphabet Inc. (Class A),Communication Services,Interactive Media & Services,2006-04-03,337.8300,2026-09-24,50.6500,50.8600,DOWN,0.9789,1.5544,False,0.3407,9.1111,0.9030,2.6970,344.9100,337.5500,344.1600,-2.0500,0.0800,True,1.2992,NEUTRO,-12.0800,384.2300,408.1000,235.2300,-17.2200,43.6200,1.3270,False,328.8600,2,374.5700,True,-2.6500,NONE,6.0000,8.5000,5.0000,5.0000,7,5.0000,5.0000,False,5.3900,8.0900,1.5000,17.1781,22.9784,6.7267,9.3908,23.2610,0.4868,0.1296,0.5477,0.6090,0.2420,2.9400,18.8590,2.7240,22665000960.0000,244118994944.0000,0.0928,4187040514048,1.2250,3.0100,0.2600,5867155790,7.2000,10.0000,7.9600,3.0400,0.0054,FCF/NI:0.09,1,6.7200,False,7-15d,XLC,,META|NFLX|DIS,ad_spending_cycle|streaming_competition|regulation,34,2026-10-28,False,2026-07-22,9.1100,2.9000,214.2000,ALCISTA FUERTE,10,767.8100,7.5500,53.4000,15.1800,"Filtros estándar (Score ≥6.5, DD ≥10%)"
CSGP,CoStar Group,Real Estate,Real Estate Services,2022-09-19,28.2600,2026-09-24,28.6200,42.1800,DOWN,-0.3217,-0.2109,False,0.0139,1.2214,0.8390,4.3220,30.4400,41.6500,30.3300,-7.1700,-32.1500,False,-8.1825,BAJISTA,-16.4400,33.8200,86.9900,25.8900,-67.5100,9.1500,0.7620,False,28.7900,1,31.4600,True,1.8800,NONE,6.2500,5.0000,7.5000,5.0000,7,8.0000,5.0000,False,8.6400,12.9700,1.5000,154.7500,15.7042,1.4215,3.1740,28.3980,0.0089,0.0047,0.0208,0.7868,0.1840,12.6100,14.5370,2.2140,412700000.0000,74000000.0000,5.5770,11286778880,0.7470,2.7200,,405197588,7.0300,10.0000,5.9100,4.8600,0.0366,OK,0,6.7200,False,3-7d,XLRE,,PLD|AMT|EQIX,interest_rates|cap_rates|occupancy_trends,33,2026-10-27,False,2026-07-28,0.3200,0.2900,11.9000,ALCISTA FUERTE,10,767.8100,7.5500,53.4000,15.1800,"Filtros estándar (Score ≥6.5, DD ≥10%)"
REG,Regency Centers,Real Estate,Retail REITs,2017-03-02,72.7300,2026-09-24,19.7400,34.7900,DOWN,-0.0862,-0.0468,False,0.0634,1.0357,0.8410,1.4240,76.7300,74.7000,74.3000,-5.2100,-2.6300,True,0.9523,BAJISTA,-12.1800,82.8200,82.8200,64.4400,-12.1800,12.8600,1.2870,False,,0,81.2800,False,,HAMMER,6.5500,7.0000,7.5000,5.0000,5,8.0000,7.0000,False,2.8500,4.2700,1.5000,24.5522,28.9689,2.0035,8.0883,17.4910,0.0819,0.0323,0.3300,0.7154,0.0890,0.0890,71.9720,0.9640,743363968.0000,542515008.0000,1.3702,13633031168,0.8070,4.9400,4.1500,183120547,6.8200,7.2200,6.0100,7.3000,0.0545,OK,0,6.7100,False,3-7d,XLRE,,PLD|AMT|EQIX,interest_rates|cap_rates|occupancy_trends,34,2026-10-28,False,2026-07-29,0.6100,0.5900,3.6000,ALCISTA FUERTE,10,767.8100,7.5500,53.4000,15.1800,"Filtros estándar (Score ≥6.5, DD ≥10%)"
LLY,Lilly (Eli),Health Care,Pharmaceuticals,1970-12-31,1150.9900,2026-09-24,46.0000,17.4900,UP,2.0720,-1.9641,True,0.4722,26.9436,0.7210,2.3410,1175.4900,1064.8600,1156.6700,-2.0800,8.0900,True,1.2733,NEUTRO,-10.9600,1292.6500,1292.6500,707.5900,-10.9600,62.6600,0.8980,True,1147.9100,3,1181.0400,True,-0.2700,HAMMER,7.7000,8.5000,7.0000,7.5000,9,7.0000,7.0000,False,4.6800,7.0200,1.5000,39.6474,24.9637,31.1007,13.2295,26.3610,1.0229,0.2036,0.3353,0.8340,0.4770,0.2620,162.0710,1.3550,11065900032.0000,26710999040.0000,0.4143,1053940252672,0.5020,2.7600,0.6000,891741406,6.0500,9.1800,5.8700,2.6300,0.0105,FCF/NI:0.41|D/E:162,2,6.7100,False,7-15d,XLV,,UNH|JNJ|ABBV,fda_calendar|drug_pricing_policy|patent_cliffs,35,2026-10-29,False,2026-08-05,8.3800,6.5800,27.3000,ALCISTA FUERTE,10,767.8100,7.5500,53.4000,15.1800,"Filtros estándar (Score ≥6.5, DD ≥10%)"
IBKR,Interactive Brokers,Financials,Investment Banking & Brokerage,2025-08-28,91.5600,2026-09-24,52.5100,30.4300,UP,-0.0008,-0.6309,True,0.4597,2.7000,0.7860,2.9490,91.4500,80.2400,91.1100,0.1100,14.1100,True,3.3921,ALCISTA,-7.2000,98.6600,98.6600,58.7000,-7.2000,55.9800,1.0220,False,87.2600,7,90.9400,False,-4.7000,HAMMER|DOJI,7.0500,10.0000,7.0000,5.0000,6,7.0000,7.0000,False,5.9000,8.8500,1.5000,35.6429,28.1003,6.8549,22.3902,,0.2402,0.0228,0.1647,0.9304,0.2630,0.3530,205.7480,1.0930,,1126000000.0000,,153036718080,1.3490,2.4000,0.3800,453077771,6.4600,9.8800,5.1900,3.9700,,D/E:206,1,6.7000,False,10-18d,XLF,,JPM|BAC|WFC,interest_rates|yield_curve|credit_spreads|loan_growth,21,2026-10-15,False,2026-07-21,0.6900,0.6400,8.0000,ALCISTA FUERTE,10,767.8100,7.5500,53.4000,15.1800,"Filtros estándar (Score ≥6.5, DD ≥10%)"
DD,DuPont,Industrials,Industrial Conglomerates,2019-06-03,130.8800,2026-09-24,46.5700,33.8800,UP,0.3177,-0.3671,True,0.4878,2.9071,0.7840,2.2210,135.9900,136.3000,131.1200,-3.7600,-3.9700,False,1.1108,BAJISTA,-12.0200,148.7700,156.0400,90.8900,-16.1200,44.0000,0.5630,True,133.1000,7,142.6200,True,1.7000,HAMMER|HAMMER|DOJI,7.2500,5.5000,7.0000,7.5000,10,7.0000,7.0000,False,4.4400,6.6600,1.5000,55.8884,16.3495,1.2771,2.5165,12.1450,0.0179,0.0207,0.0079,0.3513,0.0400,1.4960,22.9020,2.4270,1835250048.0000,306000000.0000,5.9975,17585297408,1.0850,2.9200,1.8300,135042975,6.3100,5.7800,5.9100,7.3900,0.1044,OK,0,6.6900,False,3-7d,XLI,,CAT|UNP|HON,pmi_manufacturing|supply_chain|capex_cycle,42,2026-11-05,False,2026-08-04,1.8800,1.7600,6.8000,ALCISTA FUERTE,10,767.8100,7.5500,53.4000,15.1800,"Filtros estándar (Score ≥6.5, DD ≥10%)"
SYK,Stryker Corporation,Health Care,Health Care Equipment,2000-12-12,273.4000,2026-09-24,20.3700,22.7100,DOWN,-1.1919,-2.2577,True,0.2506,9.5550,0.9030,3.4950,318.1200,332.3700,292.7500,-14.0600,-17.7400,False,-1.9363,BAJISTA,-22.4400,352.4900,389.4800,267.0000,-29.8000,2.4000,0.8910,False,267.0000,1,318.0900,True,-2.3400,HAMMER|DOJI,6.4300,5.0000,8.5000,5.0000,7,6.5000,7.0000,False,6.9900,10.4800,1.5000,27.9534,16.1316,4.3134,4.0047,15.8400,0.1651,0.0816,0.1443,0.6559,0.0940,0.4410,64.3910,2.1570,4107624960.0000,3728999936.0000,1.1015,103468834816,0.7680,3.2700,1.2900,383573046,6.8600,8.4200,6.3700,5.6100,0.0397,OK,0,6.6900,False,5-10d,XLV,,UNH|JNJ|LLY,fda_calendar|drug_pricing_policy|patent_cliffs,35,2026-10-29,False,2026-07-30,3.6900,3.4900,5.8000,ALCISTA FUERTE,10,767.8100,7.5500,53.4000,15.1800,"Filtros estándar (Score ≥6.5, DD ≥10%)"
CI,Cigna,Health Care,Health Care Services,1976-06-30,268.2700,2026-09-24,36.4400,62.7000,DOWN,-1.1092,0.2457,False,-0.0416,6.5350,0.8740,2.4360,280.6200,276.9400,278.4100,-4.4000,-3.1300,True,0.5403,BAJISTA,-11.6800,303.7500,308.4800,234.2000,-13.0300,14.5500,1.2500,True,272.4700,9,288.2400,True,1.5600,HAMMER,7.6000,7.0000,6.5000,7.5000,10,8.0000,7.0000,False,4.8700,7.3100,1.5000,10.9847,7.9384,1.6427,0.2484,7.4520,0.1676,0.0446,0.0227,0.0914,0.0670,0.1020,74.2900,0.8460,7980125184.0000,6416000000.0000,1.2438,70155845632,0.3170,3.5500,2.3300,264240486,6.0900,3.6100,5.8900,9.2000,0.1137,OK,0,6.6900,False,3-7d,XLV,,UNH|JNJ|LLY,fda_calendar|drug_pricing_policy|patent_cliffs,42,2026-11-05,False,2026-07-30,7.7800,7.6000,2.4000,ALCISTA FUERTE,10,767.8100,7.5500,53.4000,15.1800,"Filtros estándar (Score ≥6.5, DD ≥10%)"
APP,AppLovin,Communication Services,Advertising,2025-09-22,315.2500,2026-09-24,51.3700,62.2600,DOWN,3.8088,5.8282,False,0.4340,17.2150,0.7450,5.4610,351.1100,471.9700,322.7800,-10.2100,-33.2100,False,-5.3460,BAJISTA,-45.3100,576.4600,745.6100,297.5000,-57.7200,5.9700,1.3720,False,300.2500,3,336.9000,False,-4.7600,HAMMER|DOJI,5.6500,5.0000,5.0000,5.0000,6,7.0000,7.0000,False,10.9200,16.3800,1.5000,23.9992,14.8931,33.1217,15.3711,19.3960,2.0369,0.4646,0.6458,0.8846,0.5280,0.5700,111.1300,4.3000,3179956224.0000,4409847808.0000,0.7211,104971018240,2.4880,1.5400,,305732000,7.3900,10.0000,7.3000,4.4700,0.0303,FCF/NI:0.72|D/E:111,2,6.6900,False,3-7d,XLC,,GOOGL|META|NFLX,ad_spending_cycle|streaming_competition|regulation,41,2026-11-04,False,2026-08-05,3.7600,3.7400,43.0000,ALCISTA FUERTE,10,767.8100,7.5500,53.4000,15.1800,"Filtros estándar (Score ≥6.5, DD ≥10%)"
MCO,Moody's Corporation,Financials,Financial Exchanges & Data,1998-07-01,473.8500,2026-09-24,39.2800,29.1900,UP,-2.0947,-4.2645,True,0.3378,11.0679,0.8900,2.3360,486.9800,470.6400,478.9900,-2.7000,0.6800,True,0.1277,NEUTRO,-9.2600,522.2100,543.2500,399.6100,-12.7800,18.5800,1.1170,False,438.0200,3,467.8300,False,-7.5600,BULL_ENGULF,6.8000,8.5000,8.5000,5.0000,6,5.0000,7.5000,False,4.6700,7.0100,1.5000,29.6166,24.6960,26.7562,9.9186,21.7930,0.7693,0.1562,0.3425,0.7497,0.1510,0.5670,240.6820,1.1900,2579124992.0000,2795000064.0000,0.9228,80936140800,1.3340,3.6100,0.8700,173180984,6.6000,8.4100,6.9300,4.1100,0.0319,D/E:241,1,6.6800,False,7-15d,XLF,,JPM|BAC|WFC,interest_rates|yield_curve|credit_spreads|loan_growth,27,2026-10-21,False,2026-07-22,4.6800,4.2500,10.0000,ALCISTA FUERTE,10,767.8100,7.5500,53.4000,15.1800,"Filtros estándar (Score ≥6.5, DD ≥10%)"
SCHW,Charles Schwab Corporation,Financials,Investment Banking & Brokerage,1997-06-02,99.5000,2026-09-24,28.3400,36.2600,DOWN,-1.0091,-0.6870,False,-0.1433,2.5029,1.1060,2.5150,106.6600,97.7300,105.9900,-6.7100,1.8200,True,1.5187,NEUTRO,-13.1200,114.5300,114.5300,83.7200,-13.1200,18.8500,1.2070,False,99.6200,2,103.6700,True,0.1200,NONE,6.9500,8.5000,7.5000,5.0000,7,8.0000,5.0000,False,5.0300,7.5500,1.5000,18.1220,12.7055,3.9134,6.6110,,0.2027,0.0207,0.3879,0.9749,0.2090,0.4260,151.1060,0.6550,,9722500096.0000,,172051595264,0.7530,0.0100,1.2900,1729335714,6.5000,9.9100,4.7700,4.5600,,D/E:151,1,6.6800,False,7-15d,XLF,,JPM|BAC|WFC,interest_rates|yield_curve|credit_spreads|loan_growth,21,2026-10-15,False,2026-07-21,1.6200,1.5500,4.5000,ALCISTA FUERTE,10,767.8100,7.5500,53.4000,15.1800,"Filtros estándar (Score ≥6.5, DD ≥10%)"
DG,Dollar General,Consumer Staples,Consumer Staples Merchandise Retail,2012-12-03,120.6000,2026-09-24,33.2800,52.8000,DOWN,-0.8698,-0.5414,False,0.1531,3.7464,0.9260,3.1060,124.3500,126.3400,124.5300,-3.0100,-4.5400,False,1.8893,BAJISTA,-10.0900,134.1300,156.6800,93.7800,-23.0300,28.6000,0.5650,False,118.6100,4,126.6100,True,-1.6500,NONE,6.3800,5.5000,6.5000,5.0000,10,6.5000,5.0000,False,6.2100,9.3200,1.5000,15.9337,14.7970,2.9102,0.6195,11.3880,0.1969,0.0489,0.0390,0.3116,0.0520,0.3330,169.8110,1.2090,1738019712.0000,1703399040.0000,1.0203,27032174592,0.2350,2.5300,1.9600,220616790,6.8700,7.6200,5.4200,7.6900,0.0643,D/E:170,1,6.6700,False,3-7d,XLP,,PG|KO|PEP,inflation|input_costs|fx_rates,-28,2026-12-03,False,2026-08-27,2.4800,2.0100,23.5000,ALCISTA FUERTE,10,767.8100,7.5500,53.4000,15.1800,"Filtros estándar (Score ≥6.5, DD ≥10%)"
ISRG,Intuitive Surgical,Health Care,Health Care Equipment,2008-06-02,398.3000,2026-09-24,67.9900,53.5400,UP,4.2158,2.2588,True,0.9580,12.0621,0.9170,3.0280,373.2100,453.4200,379.8000,6.7200,-12.1600,False,-4.0019,BAJISTA,-10.2600,443.8400,603.8800,328.5700,-34.0400,21.2200,0.7090,True,397.1000,2,405.3400,True,-0.3000,BULL_ENGULF,6.7500,6.5000,7.0000,7.5000,7,5.0000,7.5000,False,6.0600,9.0900,1.5000,45.8165,33.0412,7.7821,12.9721,32.4400,0.1742,0.1051,0.2845,0.6668,0.1850,0.2650,,4.9630,2615200000.0000,3138800128.0000,0.8332,143139241984,1.4650,3.0300,,358278038,6.6200,9.2300,6.8800,3.2900,0.0183,OK,0,6.6700,False,3-7d,XLV,,UNH|JNJ|LLY,fda_calendar|drug_pricing_policy|patent_cliffs,26,2026-10-20,False,2026-07-16,2.8000,2.5000,11.9000,ALCISTA FUERTE,10,767.8100,7.5500,53.4000,15.1800,"Filtros estándar (Score ≥6.5, DD ≥10%)"
WSM,"Williams-Sonoma, Inc.",Consumer Discretionary,Homefurnishing Retail,2025-03-24,227.8300,2026-09-24,57.6900,34.9900,UP,0.1869,-1.1115,True,0.5349,6.4229,0.8700,2.8190,232.3600,205.9900,227.3400,-1.9500,10.6000,True,2.2428,NEUTRO,-10.6200,254.8900,254.8900,164.9600,-10.6200,38.1100,0.7960,False,215.9500,3,233.7400,False,-5.2100,HAMMER,6.4500,8.5000,7.0000,5.0000,6,5.0000,7.0000,False,5.6400,8.4600,1.5000,23.4523,21.7479,14.3992,3.3643,16.5270,0.5496,0.1664,0.1473,0.4569,0.0670,0.4200,71.3690,1.4470,1069320128.0000,1179083008.0000,0.9069,26931386368,1.4630,5.0700,1.3300,117779173,6.8100,7.8500,7.1000,5.2600,0.0397,OK,0,6.6700,False,7-15d,XLY,,AMZN|TSLA|HD,consumer_spending|employment_data|interest_rates,55,2026-11-18,False,2026-08-26,2.8400,2.0600,37.9000,ALCISTA FUERTE,10,767.8100,7.5500,53.4000,15.1800,"Filtros estándar (Score ≥6.5, DD ≥10%)"
JPM,JPMorgan Chase,Financials,Diversified Banks,1975-06-30,337.5300,2026-09-24,30.9600,40.7700,DOWN,-1.9337,-1.2002,False,-0.1523,7.5436,1.1170,2.2350,353.5100,319.2400,350.7500,-4.5200,5.7300,True,1.5600,NEUTRO,-7.9000,366.5000,366.5000,276.4300,-7.9000,22.1000,0.9630,False,302.9000,1,342.8400,False,-10.2600,HAMMER|DOJI,6.5000,8.5000,6.5000,5.0000,4,8.0000,7.0000,False,4.4700,6.7000,1.5000,14.5180,13.5489,2.5454,4.8300,,0.1779,0.0136,0.3492,0.0000,0.3040,0.4690,,,,63634001920.0000,,899955556352,0.9750,4.6500,1.9600,2658186195,6.7900,10.0000,5.1600,4.9400,,OK,0,6.6700,False,7-15d,XLF,,BAC|WFC|GS,interest_rates|yield_curve|credit_spreads|loan_growth,19,2026-10-13,False,2026-07-14,6.1400,5.8000,5.9000,ALCISTA FUERTE,10,767.8100,7.5500,53.4000,15.1800,"Filtros estándar (Score ≥6.5, DD ≥10%)"
STT,State Street Corporation,Financials,Asset Management & Custody Banks,2003-03-14,179.9500,2026-09-24,36.2000,35.1400,UP,-1.4754,-1.4439,False,-0.0062,4.3307,0.9690,2.4070,187.1600,151.9400,187.0300,-3.8500,18.4300,True,5.1425,NEUTRO,-8.1600,195.9300,195.9300,102.7600,-8.1600,75.1200,1.3380,False,182.9600,1,194.7500,True,1.6700,HAMMER,7.1500,8.5000,7.5000,5.0000,7,8.0000,7.0000,False,4.8100,7.2200,1.5000,15.9691,11.8265,2.0813,3.3113,,0.1244,0.0087,0.2301,0.0000,0.1840,0.6820,,,,3220999936.0000,,49745739776,1.4180,0.0100,2.0500,274701765,6.3400,9.2600,4.6400,4.9200,,OK,0,6.6600,False,7-15d,XLF,,JPM|BAC|WFC,interest_rates|yield_curve|credit_spreads|loan_growth,20,2026-10-14,False,2026-07-16,3.6500,3.3400,9.2000,ALCISTA FUERTE,10,767.8100,7.5500,53.4000,15.1800,"Filtros estándar (Score ≥6.5, DD ≥10%)"
DVA,DaVita,Health Care,Health Care Services,2008-07-31,183.1400,2026-09-24,58.1800,68.1900,DOWN,1.3034,2.4489,False,0.5431,5.4493,0.8390,2.9750,198.5200,167.7200,184.7900,-7.7500,9.1900,True,3.8646,NEUTRO,-26.0000,247.4900,247.4900,101.0000,-26.0000,81.3300,0.7660,False,186.6100,1,202.6200,True,1.8900,HAMMER|DOJI,6.2000,8.5000,5.0000,5.0000,7,5.0000,7.0000,False,5.9500,8.9300,1.5000,14.8151,10.1891,-14.6009,0.7954,9.2870,0.8848,0.0751,0.0605,0.3236,0.0520,0.5580,1241.9860,1.4670,1042451584.0000,822476032.0000,1.2675,11143946240,0.8300,4.7200,,63800000,6.9600,6.6700,6.8700,7.4100,0.0935,D/E:1242,1,6.6600,False,7-15d,XLV,,UNH|JNJ|LLY,fda_calendar|drug_pricing_policy|patent_cliffs,34,2026-10-28,False,2026-08-04,4.0200,3.8800,3.5000,ALCISTA FUERTE,10,767.8100,7.5500,53.4000,15.1800,"Filtros estándar (Score ≥6.5, DD ≥10%)"
NTAP,NetApp,Information Technology,"Technology Hardware, Storage & Peripherals",1999-06-25,196.3300,2026-09-24,62.0500,52.0300,UP,0.6766,0.2522,True,0.7932,9.1214,1.1970,4.6460,185.5700,134.6300,191.5700,5.8000,45.8300,True,6.3737,ALCISTA,-6.0900,209.0600,209.0600,92.9300,-6.0900,111.2700,0.6610,True,161.0000,1,199.6200,False,-18.0000,HAMMER|DOJI,6.9500,10.0000,7.0000,7.5000,4,5.0000,7.0000,False,9.2900,13.9400,1.5000,27.8195,17.7359,25.8574,5.2417,17.9950,1.1482,0.1166,0.1918,0.7063,0.2990,0.6350,169.4980,1.2420,1171374976.0000,1418000000.0000,0.8261,38741684224,1.4320,4.5300,1.0600,196419005,6.4500,7.0500,6.9800,5.1400,0.0302,D/E:169,1,6.6500,False,10-18d,XLK,,AAPL|MSFT|NVDA,interest_rates|ai_capex_cycle|semiconductor_cycle,68,2026-12-01,False,2026-05-28,2.4300,2.2700,7.2000,ALCISTA FUERTE,10,767.8100,7.5500,53.4000,15.1800,"Filtros estándar (Score ≥6.5, DD ≥10%)"
GS,Goldman Sachs,Financials,Investment Banking & Brokerage,2002-07-22,936.3600,2026-09-24,34.8800,27.1800,UP,-8.0374,-8.5150,True,0.0704,27.9621,0.9100,2.9860,1028.7200,950.0000,991.0600,-8.9800,-1.4400,True,2.3553,BAJISTA,-18.4600,1148.3700,1148.3700,725.7400,-18.4600,29.0200,1.0500,False,890.6900,1,943.2100,False,-4.8800,HAMMER,6.7500,7.0000,8.5000,5.0000,5,8.0000,7.0000,False,5.9700,8.9600,1.5000,14.2483,12.4714,2.5502,3.9786,,0.1690,0.0107,0.3104,0.8208,0.4250,0.9230,725.3810,1.5630,,19982000128.0000,,268835635200,1.2830,3.8600,2.1400,291171408,6.5600,10.0000,4.4900,4.9600,,D/E:725,1,6.6400,False,3-7d,XLF,,JPM|BAC|WFC,interest_rates|yield_curve|credit_spreads|loan_growth,19,2026-10-13,False,2026-07-14,20.9800,14.5400,44.3000,ALCISTA FUERTE,10,767.8100,7.5500,53.4000,15.1800,"Filtros estándar (Score ≥6.5, DD ≥10%)"
ALB,Albemarle Corporation,Materials,Specialty Chemicals,2016-07-01,113.4700,2026-09-24,27.8800,25.7200,UP,-1.5327,-2.3623,True,0.2277,5.2537,0.9130,4.6300,124.4800,155.2600,120.9800,-8.8400,-26.9200,False,0.6706,BAJISTA,-20.9700,143.5800,219.7000,78.4000,-48.3500,44.7300,0.9030,False,111.1800,1,143.5800,True,-2.0200,HAMMER,6.7200,5.5000,9.5000,5.0000,7,6.5000,7.0000,False,9.2600,13.8900,1.5000,400.9259,9.5820,1.5886,2.1622,10.9620,0.0265,0.0316,0.0379,0.2396,0.3110,,18.9760,2.0860,1334340224.0000,57427000.0000,23.2354,12774047744,1.3340,0.0300,1.4500,118005057,6.5800,7.5000,5.9800,6.1900,0.1045,OK,0,6.6400,False,5-10d,XLB,,LIN|APD|ECL,commodity_prices|dxy|china_demand|energy_costs,41,2026-11-04,False,2026-08-05,3.7500,3.2400,15.7000,ALCISTA FUERTE,10,767.8100,7.5500,53.4000,15.1800,"Filtros estándar (Score ≥6.5, DD ≥10%)"
CVNA,Carvana,Consumer Discretionary,Automotive Retail,2025-12-22,63.9500,2026-09-24,32.2700,26.7900,UP,-1.0089,-1.1094,True,0.0488,3.1611,0.8370,4.9430,69.2200,72.9500,69.0700,-7.6100,-12.3400,False,0.5719,BAJISTA,-16.7300,76.8000,97.3800,54.4600,-34.3300,17.4200,1.2800,True,64.7600,1,73.2800,True,1.2700,NONE,7.0500,5.5000,8.5000,7.5000,7,8.0000,5.0000,True,9.8900,14.8300,1.5000,33.9577,28.3721,11.4566,2.8391,19.8060,0.5877,0.1170,0.0626,0.1937,0.5240,0.6150,110.8800,3.9260,424375008.0000,1568000000.0000,0.2706,71141203968,3.4970,7.5100,,719916415,6.3700,10.0000,6.2300,2.2900,0.0060,FCF/NI:0.27|D/E:111,2,6.6400,False,3-7d,XLY,,AMZN|TSLA|HD,consumer_spending|employment_data|interest_rates,34,2026-10-28,False,2026-07-29,0.4200,0.3800,10.1000,ALCISTA FUERTE,10,767.8100,7.5500,53.4000,15.1800,"Filtros estándar (Score ≥6.5, DD ≥10%)"
VRTX,Vertex Pharmaceuticals,Health Care,Biotechnology,2013-09-23,516.3400,2026-09-24,31.3600,26.4600,UP,-3.9606,-5.2673,True,0.2908,11.6593,0.8200,2.2580,511.8200,470.8100,522.1800,0.8800,9.6700,True,2.2160,ALCISTA,-7.8400,560.2500,560.2500,374.1700,-7.8400,38.0000,1.2060,True,466.7000,3,533.6700,False,-9.6100,HAMMER|DOJI,7.7700,10.0000,8.5000,7.5000,6,6.5000,7.0000,False,4.5200,6.7700,1.5000,30.3886,25.9984,6.5362,10.5189,24.5070,0.2354,0.1193,0.3500,0.5496,0.1250,0.0800,9.7670,3.1850,2627887616.0000,4405199872.0000,0.5965,132402921472,0.3200,3.9200,,253460924,5.8800,5.6400,7.9100,3.8100,0.0198,FCF/NI:0.60,1,6.6400,False,10-18d,XLV,,UNH|JNJ|LLY,fda_calendar|drug_pricing_policy|patent_cliffs,39,2026-11-02,False,2026-08-03,4.7300,4.7500,-32.0000,ALCISTA FUERTE,10,767.8100,7.5500,53.4000,15.1800,"Filtros estándar (Score ≥6.5, DD ≥10%)"
MS,Morgan Stanley,Financials,Investment Banking & Brokerage,1993-07-29,198.3900,2026-09-24,33.6700,31.8200,UP,-1.3515,-1.3410,False,-0.0323,5.5521,0.9560,2.7990,213.2400,191.7700,208.9500,-6.9700,3.4500,True,2.6003,NEUTRO,-14.1100,230.9800,230.9800,148.4700,-14.1100,33.6200,0.9400,False,184.3400,2,218.2400,False,-7.0800,HAMMER|HAMMER|HAMMER|DOJI,6.7000,8.5000,7.5000,5.0000,4,8.0000,7.0000,False,5.6000,8.4000,1.5000,15.8578,14.3905,2.8955,3.9617,,0.1797,0.0135,0.2590,0.8764,0.2800,0.6240,517.2820,1.9990,,19547000832.0000,,308333576192,1.2070,0.0000,2.3200,1570566292,6.6000,10.0000,4.7500,4.7900,,D/E:517,1,6.6400,False,7-15d,XLF,,JPM|BAC|WFC,interest_rates|yield_curve|credit_spreads|loan_growth,20,2026-10-14,False,2026-07-15,3.4600,2.9300,17.9000,ALCISTA FUERTE,10,767.8100,7.5500,53.4000,15.1800,"Filtros estándar (Score ≥6.5, DD ≥10%)"
FAST,Fastenal,Industrials,Trading Companies & Distributors,2008-09-15,50.9900,2026-09-24,66.8200,43.7700,UP,0.0599,-0.1243,True,0.9460,1.0671,0.8940,2.0930,49.0800,45.5200,49.6000,3.8900,12.0000,True,2.1876,ALCISTA,-3.6500,52.9200,52.9200,38.3400,-3.6500,33.0000,1.2740,True,43.2600,7,52.5400,False,-15.1700,HAMMER|DOJI|BULL_ENGULF,7.5000,10.0000,7.0000,7.5000,6,5.0000,9.5000,False,4.1900,6.2800,1.5000,43.3590,36.1636,14.3063,6.6533,29.9080,0.3433,0.2152,0.1545,0.4470,0.1470,0.1460,10.8510,4.1800,916124992.0000,1352099968.0000,0.6776,58212552704,0.7130,5.0300,1.8800,1147497573,6.0500,6.9700,7.6400,3.1200,0.0157,FCF/NI:0.68,1,6.6300,False,10-18d,XLI,,CAT|UNP|HON,pmi_manufacturing|supply_chain|capex_cycle,20,2026-10-14,False,2026-07-14,0.3300,0.3300,1.2000,ALCISTA FUERTE,10,767.8100,7.5500,53.4000,15.1800,"Filtros estándar (Score ≥6.5, DD ≥10%)"
PSX,Phillips 66,Energy,Oil & Gas Refining & Marketing,2012-05-01,256.4800,2026-09-24,54.2300,81.0800,DOWN,-1.2863,0.2293,False,0.5150,9.1150,1.3730,3.5540,231.8200,177.6500,255.2900,10.6400,44.3700,True,7.3729,ALCISTA,-7.4500,277.1200,277.1200,123.0900,-7.4500,108.3600,1.3440,False,233.5500,1,,False,-8.9400,HAMMER,6.0500,10.0000,5.0000,5.0000,4,5.0000,7.0000,False,7.1100,10.6600,1.5000,14.6045,10.2773,3.2406,0.6742,12.0670,0.2345,0.0604,0.0466,0.1310,0.5310,3.4490,62.8840,1.3200,4545375232.0000,7085000192.0000,0.6415,102587236352,0.7040,1.9800,1.9800,400935020,7.0000,8.9900,5.6700,6.2400,0.0443,FCF/NI:0.64,1,6.6200,False,10-18d,XLE,,XOM|CVX|COP,oil_price|gas_price|opec_supply|inventories,34,2026-10-28,False,2026-08-05,9.4100,7.5000,25.4000,ALCISTA FUERTE,10,767.8100,7.5500,53.4000,15.1800,"Filtros estándar (Score ≥6.5, DD ≥10%)"
ODFL,Old Dominion,Industrials,Cargo Ground Transportation,2019-12-09,177.7200,2026-09-24,34.1800,23.0700,UP,0.0549,-0.6488,True,0.2883,5.4521,0.7900,3.0680,205.1900,198.4400,185.3100,-13.3900,-10.4400,True,2.5987,BAJISTA,-25.3700,238.1400,251.6400,125.2300,-29.3800,41.9100,0.8430,False,,0,233.1300,False,,HAMMER|DOJI,6.6700,7.0000,8.5000,5.0000,4,8.5000,7.0000,False,6.1400,9.2000,1.5000,33.5758,26.3029,7.9811,6.4935,20.0800,0.2482,0.1578,0.1944,0.3957,0.1040,0.3230,0.4400,1.8890,970776000.0000,1089276032.0000,0.8912,36379889664,1.1650,5.2000,0.6500,207968283,6.5800,7.8200,7.2300,4.3600,0.0267,OK,0,6.6200,False,3-7d,XLI,,CAT|UNP|HON,pmi_manufacturing|supply_chain|capex_cycle,34,2026-10-28,False,2026-07-29,1.6800,1.5300,9.7000,ALCISTA FUERTE,10,767.8100,7.5500,53.4000,15.1800,"Filtros estándar (Score ≥6.5, DD ≥10%)"
AMZN,Amazon,Consumer Discretionary,Broadline Retail,2005-11-18,249.2700,2026-09-24,44.0900,36.3400,UP,-0.2884,-0.8590,True,0.1862,5.4543,0.7370,2.1880,256.2900,240.6300,254.7600,-2.7400,3.5900,True,0.9187,NEUTRO,-13.2100,287.2000,287.2000,196.0000,-13.2100,27.1800,1.2680,False,244.3000,1,249.7100,True,-1.9900,HAMMER|DOJI,7.1200,8.5000,7.0000,5.0000,7,8.5000,7.0000,False,4.3800,6.5600,1.5000,20.0466,24.0055,4.8749,3.4678,16.6790,0.3056,0.0659,0.1744,0.5077,0.1960,2.4230,45.6170,1.0330,3219124992.0000,135281000448.0000,0.0238,2689890779136,1.4430,2.1600,,10786313572,6.2800,10.0000,5.4000,2.9600,0.0012,FCF/NI:0.02,1,6.6200,False,7-15d,XLY,,TSLA|HD|MCD,consumer_spending|employment_data|interest_rates,35,2026-10-29,False,2026-07-30,5.7500,1.8300,215.0000,ALCISTA FUERTE,10,767.8100,7.5500,53.4000,15.1800,"Filtros estándar (Score ≥6.5, DD ≥10%)"
GE,GE Aerospace,Industrials,Aerospace & Defense,1957-03-04,319.8000,2026-09-24,39.1500,18.4900,UP,-0.2008,-2.1404,True,0.3336,8.2714,0.8680,2.5860,346.6100,322.3200,327.6000,-7.7400,-0.7800,True,0.9539,BAJISTA,-17.7600,388.8400,388.8400,268.5800,-17.7600,19.0700,1.0350,False,309.0100,3,318.7400,True,-3.3700,HAMMER|HAMMER,7.0500,7.0000,8.5000,5.0000,10,5.0000,7.0000,False,5.1700,7.7600,1.5000,37.7544,35.1930,18.8095,6.5521,29.8100,0.4823,0.0507,0.1772,0.3105,0.2110,0.1940,113.2250,0.9820,6594625024.0000,8963999744.0000,0.7357,331791728640,1.3500,4.4500,0.5900,1037562513,6.3300,8.8600,6.2100,3.5200,0.0199,FCF/NI:0.74|D/E:113,2,6.6200,False,3-7d,XLI,,CAT|UNP|HON,pmi_manufacturing|supply_chain|capex_cycle,26,2026-10-20,False,2026-07-16,2.0200,1.8600,8.6000,ALCISTA FUERTE,10,767.8100,7.5500,53.4000,15.1800,"Filtros estándar (Score ≥6.5, DD ≥10%)"
GRMN,Garmin,Consumer Discretionary,Consumer Electronics,2012-12-12,287.5800,2026-09-24,66.5700,39.0700,UP,0.3192,-0.9859,True,0.8644,6.2866,0.8270,2.1860,279.7200,241.1600,280.4900,2.8100,19.2500,True,3.7219,ALCISTA,-8.1400,313.0700,313.0700,183.6400,-8.1400,56.6000,0.7200,False,266.9800,1,284.2100,False,-7.1600,HAMMER,6.4500,10.0000,7.0000,5.0000,4,5.0000,7.0000,False,4.3700,6.5600,1.5000,30.4479,26.8095,6.3037,7.4170,23.5610,0.2189,0.1217,0.2447,0.6008,0.1140,0.3530,2.5130,3.0280,1043656256.0000,1877294976.0000,0.5559,56899215360,0.8660,3.5900,1.4600,192852536,6.7100,10.0000,6.1500,3.5200,0.0183,FCF/NI:0.56,1,6.6100,False,10-18d,XLY,,AMZN|TSLA|HD,consumer_spending|employment_data|interest_rates,34,2026-10-28,False,2026-07-29,2.8100,2.2900,22.5000,ALCISTA FUERTE,10,767.8100,7.5500,53.4000,15.1800,"Filtros estándar (Score ≥6.5, DD ≥10%)"
HWM,Howmet Aerospace,Industrials,Aerospace & Defense,2016-10-21,228.7800,2026-09-24,29.4400,28.2500,UP,-0.3733,-2.2728,True,0.2960,8.3264,0.9100,3.6390,265.8600,246.9200,241.2700,-13.9500,-7.3500,True,1.6664,BAJISTA,-26.1600,309.8500,309.8500,183.4500,-26.1600,24.7100,0.5950,False,233.1000,1,280.4200,True,1.8900,NONE,6.9800,7.0000,9.5000,5.0000,8,6.5000,5.0000,False,7.2800,10.9200,1.5000,49.4353,35.5194,16.0070,10.0337,34.1230,0.3473,0.1281,0.2052,0.3603,0.2410,0.3300,81.3680,1.8180,1189874944.0000,1870000000.0000,0.6363,91477065728,1.1860,3.4500,0.2400,398801399,6.3600,10.0000,5.7700,2.7900,0.0130,FCF/NI:0.64|D/E:81,2,6.6100,False,5-10d,XLI,,CAT|UNP|HON,pmi_manufacturing|supply_chain|capex_cycle,42,2026-11-05,False,2026-08-06,1.3300,1.2500,6.7000,ALCISTA FUERTE,10,767.8100,7.5500,53.4000,15.1800,"Filtros estándar (Score ≥6.5, DD ≥10%)"
NXPI,NXP Semiconductors,Information Technology,Semiconductors,2021-03-22,235.4400,2026-09-24,60.4100,51.4600,UP,2.2031,1.4579,True,1.0474,7.7450,0.7400,3.2900,237.6300,243.2900,228.2800,-0.9200,-3.2300,False,1.2342,BAJISTA,-20.6500,296.7000,337.2800,179.8200,-30.2000,30.9300,1.1650,False,216.8600,3,237.5300,False,-7.8900,HAMMER,6.3000,5.5000,7.0000,5.0000,7,7.0000,7.0000,False,6.5800,9.8700,1.5000,19.6382,12.7195,5.0935,4.4018,13.3160,0.2792,0.1046,0.2256,0.5610,0.1950,0.7260,93.3250,2.0400,3555000064.0000,2975000064.0000,1.1950,58038108160,1.8170,2.4500,1.7200,252164174,6.7900,6.2400,5.9600,8.3800,0.0613,D/E:93,1,6.5900,False,3-7d,XLK,,AAPL|MSFT|NVDA,interest_rates|ai_capex_cycle|semiconductor_cycle,32,2026-10-26,False,2026-07-28,3.6100,3.5300,2.4000,ALCISTA FUERTE,10,767.8100,7.5500,53.4000,15.1800,"Filtros estándar (Score ≥6.5, DD ≥10%)"
SNPS,Synopsys,Information Technology,Application Software,2017-03-16,413.0600,2026-09-24,49.1700,37.7000,UP,0.7201,-3.9486,True,0.5869,14.1364,0.9140,3.4220,400.8700,445.9700,398.5700,3.0400,-7.3800,False,-0.0052,BAJISTA,-11.1700,464.9800,539.4800,362.5500,-23.4300,13.9300,0.9840,False,388.0900,2,425.7800,False,-6.0500,HAMMER|DOJI,5.9000,6.5000,7.0000,5.0000,5,5.0000,7.0000,False,6.8400,10.2700,1.5000,74.0261,24.1591,2.6134,8.6474,41.6240,0.0366,0.0135,0.1143,0.8292,0.4240,0.8930,34.8040,1.3370,3425542400.0000,1076558976.0000,3.1819,81428324352,1.2270,3.1200,,191636646,7.0500,10.0000,4.7600,6.3000,0.0421,OK,0,6.5900,False,3-7d,XLK,,AAPL|MSFT|NVDA,interest_rates|ai_capex_cycle|semiconductor_cycle,-29,2026-12-09,False,2026-08-26,3.9100,3.6700,6.4000,ALCISTA FUERTE,10,767.8100,7.5500,53.4000,15.1800,"Filtros estándar (Score ≥6.5, DD ≥10%)"
UDR,"UDR, Inc.",Real Estate,Multi-Family Residential REITs,2016-03-07,33.7900,2026-09-24,7.5100,8.0700,DOWN,-0.1497,-0.1688,True,0.1377,0.5785,0.8280,1.7120,37.2600,36.4400,35.3900,-9.3200,-7.2700,True,0.4944,BAJISTA,-18.6200,41.5200,41.5200,31.7800,-18.6200,6.3100,1.3500,False,33.5800,1,38.6600,True,-0.6200,HAMMER,7.2000,7.0000,8.5000,5.0000,8,8.0000,7.0000,False,3.4200,5.1400,1.5000,21.2342,59.9107,3.7224,6.9778,17.0200,0.1374,0.0224,0.2956,0.6658,-0.0010,0.9090,156.1440,0.1780,779827776.0000,517310016.0000,1.5075,12325069824,0.6850,3.0900,5.1200,321264222,6.1700,5.0000,6.3800,7.3000,0.0633,D/E:156,1,6.5800,False,5-10d,XLRE,,PLD|AMT|EQIX,interest_rates|cap_rates|occupancy_trends,34,2026-10-28,False,2026-07-27,0.2100,0.1300,61.0000,ALCISTA FUERTE,10,767.8100,7.5500,53.4000,15.1800,"Filtros estándar (Score ≥6.5, DD ≥10%)"
MAS,Masco,Industrials,Building Products,1981-06-30,68.1600,2026-09-24,40.8100,36.3100,UP,-0.0857,-0.2002,True,0.2474,1.8386,0.8160,2.6970,73.5400,69.4000,70.0200,-7.3200,-1.7800,True,1.3009,BAJISTA,-18.1500,83.2700,83.2700,57.5100,-18.1500,18.5100,0.9040,False,67.4900,2,73.6700,True,-0.9800,NONE,6.4800,7.0000,7.0000,5.0000,8,6.5000,5.0000,False,5.3900,8.0900,1.5000,15.5092,14.4579,-36.3641,1.7418,11.0290,58.6250,0.1586,0.1161,0.3721,-0.0290,0.2450,,1.8650,897124992.0000,885000000.0000,1.0137,13272684544,1.2940,4.1000,1.8800,197187430,6.6500,5.0000,7.7000,7.3600,0.0676,OK,0,6.5800,False,3-7d,XLI,,CAT|UNP|HON,pmi_manufacturing|supply_chain|capex_cycle,35,2026-10-29,False,2026-07-29,1.6400,1.3100,25.1000,ALCISTA FUERTE,10,767.8100,7.5500,53.4000,15.1800,"Filtros estándar (Score ≥6.5, DD ≥10%)"
MKC,McCormick & Company,Consumer Staples,Packaged Foods & Meats,2003-03-20,49.0900,2026-09-24,11.7000,20.9800,DOWN,-0.4215,-0.5044,True,0.1783,1.2314,0.7800,2.5090,52.4400,55.5500,51.2200,-6.3900,-11.6400,False,-2.1708,BAJISTA,-13.6800,56.8700,71.1300,44.4200,-30.9800,10.5200,0.8660,False,49.8400,3,52.8500,True,1.5200,NONE,6.8200,5.0000,8.5000,5.0000,9,8.5000,5.0000,False,5.0200,7.5300,1.5000,7.9567,14.5092,1.8378,1.7407,12.6610,0.2473,0.0514,0.2191,0.3885,0.1670,-0.1420,65.1430,0.7810,714025024.0000,1618400000.0000,0.4412,12856480768,0.6340,0.0000,3.9100,254055150,6.4200,5.0000,5.1500,9.5600,0.0555,FCF/NI:0.44,1,6.5800,False,5-10d,XLP,,PG|KO|PEP,inflation|input_costs|fx_rates,7,2026-10-01,True,2026-06-25,0.8000,0.7000,14.8000,ALCISTA FUERTE,10,767.8100,7.5500,53.4000,15.1800,"Filtros estándar (Score ≥6.5, DD ≥10%)"
WELL,Welltower,Real Estate,Health Care REITs,2009-01-30,229.8700,2026-09-24,31.8300,33.0800,DOWN,-0.8765,-0.7906,False,0.0748,4.9914,0.9660,2.1710,237.1100,211.4200,234.5200,-3.0500,8.7300,True,1.9832,NEUTRO,-9.5900,254.2400,254.2400,161.3700,-9.5900,42.4500,1.0050,False,233.5200,1,238.2100,True,1.5900,NONE,6.7500,8.5000,6.5000,5.0000,7,8.0000,5.0000,False,4.3400,6.5100,1.5000,104.7579,73.4623,3.6183,13.1889,55.2840,0.0384,0.0083,0.1215,0.3956,0.3910,0.3560,41.3750,1.3170,2756164352.0000,1550674048.0000,1.7774,168332836864,0.7600,6.1800,1.4800,720572011,6.4500,10.0000,5.9600,2.8800,0.0164,OK,0,6.5700,False,7-15d,XLRE,,PLD|AMT|EQIX,interest_rates|cap_rates|occupancy_trends,32,2026-10-26,False,2026-07-27,0.5400,0.6500,-16.9000,ALCISTA FUERTE,10,767.8100,7.5500,53.4000,15.1800,"Filtros estándar (Score ≥6.5, DD ≥10%)"
BAC,Bank of America,Financials,Diversified Banks,1976-06-30,56.0000,2026-09-24,15.4700,28.6700,DOWN,-0.6293,-0.5788,False,0.0248,1.3761,1.1970,2.4570,61.5100,54.7600,59.7300,-8.9600,2.2600,True,1.6193,NEUTRO,-13.7100,64.9000,64.9000,45.6500,-13.7100,22.6800,0.9770,False,56.5500,1,58.9000,True,0.9800,HAMMER|HAMMER,7.1500,8.5000,7.5000,5.0000,7,8.0000,7.0000,False,4.9100,7.3700,1.5000,12.9400,10.5885,1.4242,3.4390,,0.1120,0.0097,0.2952,0.0000,0.1680,0.3410,,,,32124999680.0000,,391803699200,1.1640,0.0000,2.2900,6992748365,6.1900,8.5400,4.5200,5.4000,,OK,0,6.5700,False,7-15d,XLF,,JPM|WFC|GS,interest_rates|yield_curve|credit_spreads|loan_growth,20,2026-10-14,False,2026-07-14,1.2100,1.1200,7.7000,ALCISTA FUERTE,10,767.8100,7.5500,53.4000,15.1800,"Filtros estándar (Score ≥6.5, DD ≥10%)"
STX,Seagate Technology,Information Technology,"Technology Hardware, Storage & Peripherals",2012-07-02,923.8600,2026-09-24,63.1300,42.0200,UP,8.2626,-5.6087,True,1.0429,49.4029,0.7060,5.3470,843.9400,625.1600,845.3900,9.4700,47.7800,True,10.0789,ALCISTA,-8.8900,1013.9900,1144.1801,207.9400,-19.2600,344.2900,0.8820,False,801.3200,1,930.3100,False,-13.2600,HAMMER,6.7500,10.0000,7.0000,5.0000,4,7.0000,7.0000,False,10.6900,16.0400,1.5000,65.3622,16.3608,94.8111,16.8922,46.9970,3.7153,0.2935,0.2611,0.4558,0.4850,1.4880,179.8800,1.6700,1943750016.0000,3184000000.0000,0.6105,205999865856,2.0870,1.9800,0.3200,227393014,6.4500,10.0000,6.3400,2.4200,0.0094,FCF/NI:0.61|D/E:180,2,6.5700,False,10-18d,XLK,,AAPL|MSFT|NVDA,interest_rates|ai_capex_cycle|semiconductor_cycle,33,2026-10-27,False,2026-07-28,5.7100,5.0900,12.1000,ALCISTA FUERTE,10,767.8100,7.5500,53.4000,15.1800,"Filtros estándar (Score ≥6.5, DD ≥10%)"
NUE,Nucor,Materials,Steel,1985-04-30,246.9800,2026-09-24,46.4800,61.9300,DOWN,-1.4310,0.5867,False,0.1829,8.4550,1.0300,3.4230,254.8600,210.8700,254.7000,-3.0900,17.1200,True,5.2486,NEUTRO,-11.8300,280.1100,280.1100,130.1100,-11.8300,89.8200,1.1020,False,244.7300,1,264.0200,True,-0.9100,NONE,6.2300,8.5000,5.0000,5.0000,7,6.5000,5.0000,False,6.8500,10.2700,1.5000,19.8051,12.5433,2.5445,1.5583,10.8430,0.1455,0.0732,0.0799,0.1555,0.2300,0.9380,30.5120,2.5080,683374976.0000,2872999936.0000,0.2379,56256094208,1.8810,2.7700,0.9100,226875676,6.7800,10.0000,5.8400,4.1100,0.0121,FCF/NI:0.24,1,6.5600,False,7-15d,XLB,,LIN|APD|ECL,commodity_prices|dxy|china_demand|energy_costs,32,2026-10-26,False,2026-07-27,4.8400,4.5300,6.9000,ALCISTA FUERTE,10,767.8100,7.5500,53.4000,15.1800,"Filtros estándar (Score ≥6.5, DD ≥10%)"
O,Realty Income,Real Estate,Retail REITs,2015-04-07,55.6100,2026-09-24,8.0300,12.4800,DOWN,-0.4404,-0.3940,False,0.0051,0.9943,0.9940,1.7880,61.9200,60.7400,59.2300,-10.2000,-8.4500,True,0.8826,BAJISTA,-16.4700,66.5800,66.5800,53.5400,-16.4700,3.8700,1.9120,False,,0,63.6600,False,,NONE,6.2000,7.0000,7.5000,5.0000,4,8.0000,5.0000,False,3.5800,5.3600,1.5000,40.4453,35.6789,1.3257,8.6439,16.0080,0.0323,0.0236,0.2090,0.9268,0.0960,0.6920,74.7220,1.5280,1582081920.0000,1267576960.0000,1.2481,52429942784,0.7120,7.5300,5.8600,946218033,6.7900,9.9300,5.1300,5.0600,0.0302,OK,0,6.5500,False,3-7d,XLRE,,PLD|AMT|EQIX,interest_rates|cap_rates|occupancy_trends,39,2026-11-02,False,2026-08-05,0.3700,0.4200,-12.7000,ALCISTA FUERTE,10,767.8100,7.5500,53.4000,15.1800,"Filtros estándar (Score ≥6.5, DD ≥10%)"
CAT,Caterpillar Inc.,Industrials,Construction Machinery & Heavy Transportation Equipment,1957-03-04,812.0200,2026-09-24,61.0700,41.4800,UP,3.8797,0.9212,True,0.6424,21.6564,0.6120,2.6670,834.9000,784.4800,809.6600,-2.7400,3.5100,True,3.1981,NEUTRO,-24.2100,1071.4700,1071.4700,455.4800,-24.2100,78.2800,1.1780,False,801.0000,1,843.2400,True,-1.3600,NONE,6.7000,8.5000,7.0000,5.0000,7,7.0000,5.0000,False,5.3300,8.0000,1.5000,34.6792,24.8708,19.0849,4.9533,25.3810,0.5697,0.0903,0.1451,0.2971,0.2400,0.6820,232.7830,1.3680,5048999936.0000,10844000256.0000,0.4656,370153193472,1.5940,2.8000,0.8000,459674889,6.4500,10.0000,5.7900,3.0900,0.0136,FCF/NI:0.47|D/E:233,2,6.5500,False,7-15d,XLI,,UNP|HON|RTX,pmi_manufacturing|supply_chain|capex_cycle,35,2026-10-29,False,2026-08-04,8.1700,6.2000,31.8000,ALCISTA FUERTE,10,767.8100,7.5500,53.4000,15.1800,"Filtros estándar (Score ≥6.5, DD ≥10%)"
TRV,Travelers Companies (The),Financials,Property & Casualty Insurance,2002-08-21,360.3900,2026-09-24,47.8500,61.2400,DOWN,-0.7699,1.0841,False,0.0772,7.0328,0.8930,1.9510,369.9200,314.8100,370.6200,-2.5800,14.4800,True,2.8692,NEUTRO,-9.3000,397.3400,397.3400,248.4600,-9.3000,45.0500,1.2430,False,358.1500,2,383.9900,True,-0.6200,NONE,6.4500,8.5000,5.0000,5.0000,7,8.0000,5.0000,False,3.9000,5.8500,1.5000,9.7443,11.9698,2.2824,1.5432,6.8970,0.2651,0.0478,0.1695,0.3473,0.0030,0.5710,27.3780,0.3230,14775124992.0000,8242999808.0000,1.7924,75585503232,0.4510,3.5100,1.3900,208575022,6.5900,5.0000,7.3200,7.5800,0.1955,OK,0,6.5300,False,7-15d,XLF,,JPM|BAC|WFC,interest_rates|yield_curve|credit_spreads|loan_growth,22,2026-10-16,False,2026-07-17,10.0400,5.3900,86.1000,ALCISTA FUERTE,10,767.8100,7.5500,53.4000,15.1800,"Filtros estándar (Score ≥6.5, DD ≥10%)"
HON,Honeywell Technologies,Industrials,Industrial Conglomerates,1957-03-04,212.5700,2026-09-24,54.3700,31.8800,UP,1.2970,0.3304,True,0.6465,4.4400,0.6630,2.0890,223.9200,228.4300,210.6100,-5.0700,-6.9400,False,0.3908,BAJISTA,-15.3900,251.2500,258.0900,193.2600,-17.6400,9.9900,0.7890,False,216.1600,3,229.8600,True,1.6900,HAMMER|DOJI|HAMMER,6.7500,5.5000,7.0000,5.0000,10,7.0000,7.0000,False,4.1800,6.2700,1.5000,8.1395,21.3090,3.6211,1.7638,10.9790,0.4658,0.0572,0.2158,0.3651,0.0430,2.6390,185.3690,1.2110,2610374912.0000,8265999872.0000,0.3158,67124719616,0.9010,2.0900,1.3200,316940010,6.3600,5.8700,5.4800,7.9600,0.0389,FCF/NI:0.32|D/E:185,2,6.5200,False,3-7d,XLI,,CAT|UNP|RTX,pmi_manufacturing|supply_chain|capex_cycle,28,2026-10-22,False,2026-07-23,1.9500,1.8200,7.2000,ALCISTA FUERTE,10,767.8100,7.5500,53.4000,15.1800,"Filtros estándar (Score ≥6.5, DD ≥10%)"
WYNN,Wynn Resorts,Consumer Discretionary,Casinos & Gaming,2008-11-14,81.4500,2026-09-24,21.1000,17.8900,UP,-0.7095,-0.8376,True,0.1000,2.2571,0.8170,2.7710,95.3200,104.4900,88.6900,-14.5500,-22.0500,False,-3.1929,BAJISTA,-25.2600,108.9700,133.7500,80.8000,-39.1000,0.8000,0.7820,False,,0,100.3400,False,,NONE,6.2000,5.0000,9.5000,5.0000,4,8.0000,5.0000,False,5.5400,8.3100,1.5000,19.2302,15.5638,-48.2201,1.1139,9.8230,,0.0573,0.0605,0.6830,0.0690,1.0610,,0.9120,476188864.0000,448884992.0000,1.0608,8257476096,0.9910,5.5900,1.2300,102973891,6.7200,7.9500,5.6600,6.5000,0.0577,OK,0,6.5100,False,3-7d,XLY,,AMZN|TSLA|HD,consumer_spending|employment_data|interest_rates,42,2026-11-05,False,2026-08-04,1.2400,0.9800,26.4000,ALCISTA FUERTE,10,767.8100,7.5500,53.4000,15.1800,"Filtros estándar (Score ≥6.5, DD ≥10%)"
CFG,Citizens Financial Group,Financials,Regional Banks,2016-01-29,64.6100,2026-09-24,36.3100,52.3900,DOWN,-0.4392,-0.2357,False,-0.1723,1.7638,1.1190,2.7300,70.9000,64.2100,68.9000,-8.8700,0.6200,True,2.8393,NEUTRO,-14.2300,75.3300,75.3300,46.5500,-14.2300,38.7800,1.3480,False,63.1800,2,65.7600,True,-2.2100,HAMMER|DOJI|BULL_ENGULF,7.2000,8.5000,6.5000,5.0000,7,8.0000,9.5000,False,5.4600,8.1900,1.5000,14.1024,9.9082,1.1366,3.3406,,0.0827,0.0094,0.2605,0.0000,0.1470,0.4130,,,,1984000000.0000,,27262775296,0.9970,0.0100,2.8500,421176788,6.0300,8.3000,4.2300,5.4700,,OK,0,6.5000,False,7-15d,XLF,,JPM|BAC|WFC,interest_rates|yield_curve|credit_spreads|loan_growth,22,2026-10-16,False,2026-07-16,1.3000,1.2500,4.4000,ALCISTA FUERTE,10,767.8100,7.5500,53.4000,15.1800,"Filtros estándar (Score ≥6.5, DD ≥10%)"
ABBV,AbbVie,Health Care,Biotechnology,2012-12-31,265.0800,2026-09-24,57.9200,46.8600,UP,0.5180,0.3356,True,0.7831,5.5071,0.8910,2.0780,255.9900,227.7300,260.0000,3.5500,16.4000,True,1.6503,ALCISTA,-1.6000,269.3900,269.3900,189.4000,-1.6000,39.9600,0.8210,True,246.7700,1,263.8900,False,-6.9100,NONE,6.7500,10.0000,7.0000,7.5000,4,5.0000,5.0000,False,4.1600,6.2300,1.5000,74.6817,16.3070,-78.9283,7.2764,17.3190,,0.1051,0.0980,0.7279,0.1020,2.9040,,0.8090,16870250496.0000,6270000128.0000,2.6906,468498120704,0.2810,4.0000,2.6100,1767117285,6.3000,8.7500,5.6300,4.2200,0.0360,OK,0,6.4800,False,10-18d,XLV,,UNH|JNJ|LLY,fda_calendar|drug_pricing_policy|patent_cliffs,35,2026-10-29,False,2026-07-31,3.6500,3.6100,1.1000,ALCISTA FUERTE,10,767.8100,7.5500,53.4000,15.1800,"Filtros estándar (Score ≥6.5, DD ≥10%)"
CVS,CVS Health,Health Care,Health Care Services,1957-03-04,85.8600,2026-09-24,6.5800,56.4200,DOWN,-0.7816,-0.2072,False,-0.0878,2.2679,0.9100,2.6410,98.1200,86.5200,92.9200,-12.5000,-0.7600,True,2.0114,BAJISTA,-21.9500,110.0000,110.0000,68.4800,-21.9500,25.3800,1.0870,False,73.6700,1,97.9400,False,-14.1900,NONE,6.3500,7.0000,7.5000,5.0000,5,8.0000,5.0000,False,5.2800,7.9200,1.5000,22.4406,9.9722,1.3637,0.2636,10.3330,0.0621,0.0297,0.0118,0.1365,0.0710,1.8880,95.5030,0.8660,8076000256.0000,4889999872.0000,1.6515,108776431616,0.5800,2.3200,3.1000,1278970369,6.5700,7.4600,4.5600,7.8800,0.0742,D/E:96,1,6.4800,False,3-7d,XLV,,UNH|JNJ|LLY,fda_calendar|drug_pricing_policy|patent_cliffs,34,2026-10-28,False,2026-08-05,2.5800,1.8500,39.4000,ALCISTA FUERTE,10,767.8100,7.5500,53.4000,15.1800,"Filtros estándar (Score ≥6.5, DD ≥10%)"
AMD,Advanced Micro Devices,Information Technology,Semiconductors,2017-03-20,614.6100,2026-09-24,80.5200,59.1900,UP,15.0191,8.4273,True,0.9772,25.9914,0.8430,4.2290,500.1200,360.6500,532.5100,22.8900,70.4200,True,8.6258,ALCISTA,-1.6100,624.6900,624.6900,154.7800,-1.6100,297.0900,0.7770,False,464.2100,3,,False,-24.4700,NONE,6.5500,10.0000,7.0000,5.0000,6,5.0000,5.0000,False,8.4600,12.6900,1.5000,160.1171,40.4131,15.2766,24.8699,104.0050,0.1020,0.0513,0.1558,0.5572,0.5010,1.5950,6.3610,2.6090,8841499648.0000,6469000192.0000,1.3667,1027251240960,2.4760,1.8800,,1632475042,6.4300,10.0000,6.5400,2.1300,0.0086,OK,0,6.4800,False,10-18d,XLK,,AAPL|MSFT|NVDA,interest_rates|ai_capex_cycle|semiconductor_cycle,40,2026-11-03,False,2026-08-04,1.6600,1.6100,3.2000,ALCISTA FUERTE,10,767.8100,7.5500,53.4000,15.1800,"Filtros estándar (Score ≥6.5, DD ≥10%)"
MA,Mastercard,Financials,Transaction & Payment Processing Services,2008-07-18,559.9200,2026-09-24,31.8000,30.0500,UP,-2.8886,-3.2265,True,0.1419,8.4371,0.7610,1.5070,567.5300,530.7100,571.4300,-1.3400,5.5000,True,0.6540,NEUTRO,-6.8700,601.2300,601.2300,463.7400,-6.8700,20.7400,1.0910,False,527.8400,3,556.9800,False,-5.7300,HAMMER|DOJI|HAMMER|DOJI,7.5000,8.5000,8.5000,5.0000,6,10.0000,7.0000,False,3.0100,4.5200,1.5000,31.1033,24.5857,88.5053,14.1348,22.6800,2.4120,0.2406,0.4634,1.0000,0.1410,0.2210,439.5830,1.0610,16961250304.0000,16257000448.0000,1.0433,495891709952,0.7350,2.5700,0.6200,869464115,5.7600,6.0100,6.8100,4.2400,0.0342,D/E:440,1,6.4600,False,7-15d,XLF,,JPM|BAC|WFC,interest_rates|yield_curve|credit_spreads|loan_growth,35,2026-10-29,False,2026-07-30,5.0400,4.7800,5.5000,ALCISTA FUERTE,10,767.8100,7.5500,53.4000,15.1800,"Filtros estándar (Score ≥6.5, DD ≥10%)"
ZBH,Zimmer Biomet,Health Care,Health Care Equipment,2001-08-07,90.8800,2026-09-24,31.9900,45.4000,DOWN,-0.6540,-0.5020,False,0.0072,3.1150,1.0540,3.4280,96.0900,91.1500,95.9600,-5.4200,-0.3000,True,0.6930,BAJISTA,-11.6500,102.8600,106.0300,78.9100,-14.2900,15.1700,1.5430,False,86.8800,3,90.8600,False,-4.4000,NONE,6.4500,7.0000,6.5000,5.0000,7,8.0000,5.0000,False,6.8600,10.2800,1.5000,21.7694,9.8916,1.3542,2.0105,9.6950,0.0641,0.0388,0.0948,0.6952,0.0480,0.3380,60.1750,1.6910,1072150016.0000,806700032.0000,1.3291,17107264512,0.4710,4.0600,1.0600,190737689,6.4600,6.5000,5.1500,7.9300,0.0627,OK,0,6.4600,False,3-7d,XLV,,UNH|JNJ|LLY,fda_calendar|drug_pricing_policy|patent_cliffs,42,2026-11-05,False,2026-08-05,2.0700,2.0100,3.0000,ALCISTA FUERTE,10,767.8100,7.5500,53.4000,15.1800,"Filtros estándar (Score ≥6.5, DD ≥10%)"
CAH,Cardinal Health,Health Care,Health Care Distributors,1997-05-27,221.2700,2026-09-24,26.2000,42.4700,DOWN,-2.1452,-1.6125,False,0.0043,5.0150,0.8960,2.2660,233.1000,216.4500,232.5800,-5.0800,2.2200,True,1.4402,NEUTRO,-14.3400,258.3000,258.3000,144.3700,-14.3400,53.2700,0.7630,False,196.6300,1,218.8300,False,-11.1300,HAMMER|DOJI|HAMMER,6.7000,8.5000,7.5000,5.0000,4,8.0000,7.0000,False,4.5300,6.8000,1.5000,30.7486,15.8147,-17.9924,0.2028,13.3750,,0.0372,0.0067,0.0384,0.0580,0.6880,,0.8830,4752500224.0000,1714000000.0000,2.7728,51549741056,0.5190,3.6200,0.9300,231559345,6.2900,6.9200,5.6500,6.2900,0.0922,OK,0,6.4500,False,7-15d,XLV,,UNH|JNJ|LLY,fda_calendar|drug_pricing_policy|patent_cliffs,42,2026-11-05,False,2026-08-11,2.6000,2.4200,7.4000,ALCISTA FUERTE,10,767.8100,7.5500,53.4000,15.1800,"Filtros estándar (Score ≥6.5, DD ≥10%)"
COST,Costco,Consumer Staples,Consumer Staples Merchandise Retail,1993-10-01,904.7000,2026-09-24,30.4600,24.1200,UP,-1.0902,-3.3747,True,0.3361,12.6350,0.7040,1.3970,935.5100,958.0600,915.0200,-3.2900,-5.5700,False,0.1224,BAJISTA,-8.3900,987.5500,1094.7600,840.3500,-17.3600,7.6600,1.0920,False,,0,977.4900,False,,HAMMER,6.3000,5.5000,8.5000,5.0000,5,7.0000,7.0000,False,2.7900,4.1900,1.5000,45.0492,39.6286,11.8656,1.3542,28.2420,0.2915,0.0867,0.0301,0.1288,0.1160,0.1520,24.5670,1.0720,6954375168.0000,8837999616.0000,0.7869,397569884160,0.8550,4.2700,0.6500,443478804,6.5100,8.2700,7.6800,3.0900,0.0175,OK,0,6.4300,False,3-7d,XLP,,PG|KO|PEP,inflation|input_costs|fx_rates,0,2026-09-24,True,2026-05-28,4.9300,4.9700,-85.0000,ALCISTA FUERTE,10,767.8100,7.5500,53.4000,15.1800,"Filtros estándar (Score ≥6.5, DD ≥10%)"
AVY,Avery Dennison,Materials,Paper & Plastic Packaging Products & Materials,1987-12-31,172.6600,2026-09-24,51.1800,35.9900,UP,-0.4170,-0.6977,True,0.4900,4.1371,0.8690,2.3960,171.0700,171.1900,172.1000,0.9300,0.8600,False,0.2717,ALCISTA,-7.5800,186.8200,196.1500,150.8300,-11.9800,14.4700,0.4480,False,155.4900,4,185.7600,False,-9.9400,NONE,6.2500,8.5000,7.0000,5.0000,6,5.0000,5.0000,False,4.7900,7.1900,1.5000,18.5115,15.1087,5.5228,1.3850,10.8380,0.3116,0.0839,0.0762,0.2898,0.1090,0.1080,158.6530,1.1320,1004600000.0000,704899968.0000,1.4252,12808953856,0.8140,2.5300,2.3200,75788142,6.5400,5.3000,7.0600,7.3900,0.0784,D/E:159,1,6.4200,False,10-18d,XLB,,LIN|APD|ECL,commodity_prices|dxy|china_demand|energy_costs,27,2026-10-21,False,2026-07-30,2.8900,2.4700,17.0000,ALCISTA FUERTE,10,767.8100,7.5500,53.4000,15.1800,"Filtros estándar (Score ≥6.5, DD ≥10%)"
AMT,American Tower,Real Estate,Telecom Tower REITs,2007-11-19,170.7800,2026-09-24,40.4400,48.3800,DOWN,-0.5825,-0.0979,False,-0.1251,4.1171,0.8990,2.4110,172.9700,175.4200,174.8700,-1.2600,-2.6500,False,0.0424,BAJISTA,-5.6400,180.9800,194.2300,160.0600,-12.0700,6.7000,1.2790,False,172.3500,3,180.6700,True,0.9200,NONE,6.3000,5.5000,5.0000,5.0000,10,8.0000,5.0000,False,4.8200,7.2300,1.5000,22.9753,23.8601,20.9520,7.1230,18.3590,0.3391,0.0489,0.3108,0.7377,0.0470,1.3850,438.7210,0.3520,2920012544.0000,3400999936.0000,0.8586,77936476160,0.8950,2.6500,4.1900,465960048,6.4900,7.1600,6.6600,5.5300,0.0375,D/E:439,1,6.4100,False,3-7d,XLRE,,PLD|EQIX|SPG,interest_rates|cap_rates|occupancy_trends,33,2026-10-27,False,2026-07-28,1.8700,1.5500,20.6000,ALCISTA FUERTE,10,767.8100,7.5500,53.4000,15.1800,"Filtros estándar (Score ≥6.5, DD ≥10%)"
MMM,3M,Industrials,Industrial Conglomerates,1957-03-04,170.3000,2026-09-24,50.1100,21.7100,UP,0.1306,-0.9172,True,0.5689,3.5493,0.8950,2.0840,172.4400,159.3800,168.3300,-1.2400,6.8500,True,0.1848,NEUTRO,-7.4900,184.0900,184.0900,138.0200,-7.4900,23.3900,0.9840,True,160.2700,1,169.0200,False,-5.8900,BULL_ENGULF,6.7000,8.5000,7.0000,7.5000,4,5.0000,7.5000,False,4.1700,6.2500,1.5000,29.7021,17.1205,29.2662,3.4310,14.5350,0.8189,0.0874,0.1190,0.3941,0.0250,0.3280,437.9370,1.2400,6350125056.0000,2996999936.0000,2.1188,86393823232,1.0740,3.5100,1.8300,515722417,6.2200,5.3000,6.8900,6.5100,0.0735,D/E:438,1,6.4100,False,7-15d,XLI,,CAT|UNP|HON,pmi_manufacturing|supply_chain|capex_cycle,26,2026-10-20,False,2026-07-21,2.4000,2.2500,6.8000,ALCISTA FUERTE,10,767.8100,7.5500,53.4000,15.1800,"Filtros estándar (Score ≥6.5, DD ≥10%)"
CRM,Salesforce,Information Technology,Application Software,2008-09-15,237.5800,2026-09-24,35.6900,74.2800,DOWN,-4.0600,-2.2701,False,0.3733,8.8195,1.0250,3.7120,209.3800,200.6300,238.6300,13.4700,18.4100,True,0.5710,ALCISTA,-11.2800,267.8000,267.8000,146.0600,-11.2800,62.6600,0.7280,False,241.3300,1,261.8800,True,1.5800,NONE,6.6000,10.0000,6.5000,5.0000,7,5.0000,5.0000,False,7.4200,11.1400,1.5000,21.7951,14.8841,5.1085,4.4621,17.5600,0.1938,0.0570,0.2199,0.7728,0.1080,1.1890,110.4170,0.8390,17731874816.0000,9662000128.0000,1.8352,196055056384,1.2020,1.9000,0.7400,823000000,6.2600,5.9400,4.9600,8.1500,0.0904,D/E:110,1,6.4000,False,10-18d,XLK,,AAPL|MSFT|NVDA,interest_rates|ai_capex_cycle|semiconductor_cycle,69,2026-12-02,False,2026-08-26,5.9000,3.2700,80.4000,ALCISTA FUERTE,10,767.8100,7.5500,53.4000,15.1800,"Filtros estándar (Score ≥6.5, DD ≥10%)"
CPAY,Corpay,Financials,Transaction & Payment Processing Services,2018-06-20,395.1600,2026-09-24,41.5100,45.9600,DOWN,-2.8217,-2.1395,False,0.0386,8.2986,0.7840,2.1000,396.9400,343.3100,404.2500,-0.4500,15.1000,True,3.7058,NEUTRO,-7.5600,427.4600,427.4600,252.8400,-7.5600,56.2900,1.0860,True,401.5200,1,424.6200,True,1.6100,NONE,7.2500,8.5000,5.0000,7.5000,7,10.0000,5.0000,False,4.2000,6.3000,1.5000,24.3504,12.7296,7.4206,5.2355,12.1020,0.2922,0.0632,0.2272,0.8054,0.2150,-0.0700,275.2910,0.9720,1946175872.0000,1133502976.0000,1.7170,26284851200,0.8730,5.4100,,65659599,5.8300,5.0000,6.3600,6.1800,0.0740,D/E:275,1,6.4000,False,7-15d,XLF,,JPM|BAC|WFC,interest_rates|yield_curve|credit_spreads|loan_growth,41,2026-11-04,False,2026-08-05,7.0000,6.5800,6.3000,ALCISTA FUERTE,10,767.8100,7.5500,53.4000,15.1800,"Filtros estándar (Score ≥6.5, DD ≥10%)"
RJF,Raymond James Financial,Financials,Investment Banking & Brokerage,2017-03-20,158.2300,2026-09-24,27.0800,40.5800,DOWN,-1.7877,-1.7063,False,-0.0713,4.0693,1.0390,2.5720,173.9200,160.3900,170.2700,-9.0200,-1.3500,True,1.0213,BAJISTA,-13.4100,182.7300,182.7300,138.3300,-13.4100,14.3900,1.2130,False,149.2000,1,156.4200,False,-5.7100,NONE,6.3500,7.0000,7.5000,5.0000,5,8.0000,5.0000,False,5.1400,7.7200,1.5000,13.8413,11.1824,2.4019,2.0012,,0.1842,0.0258,0.1513,0.9316,0.1510,0.4200,47.5940,2.1090,,2299000064.0000,,30497794048,0.9170,7.8100,1.3700,192100000,6.4300,8.4100,5.6500,5.0200,,OK,0,6.4000,False,3-7d,XLF,,JPM|BAC|WFC,interest_rates|yield_curve|credit_spreads|loan_growth,34,2026-10-28,False,2026-07-22,3.1400,2.9100,7.8000,ALCISTA FUERTE,10,767.8100,7.5500,53.4000,15.1800,"Filtros estándar (Score ≥6.5, DD ≥10%)"
HOOD,Robinhood Markets,Financials,Investment Banking & Brokerage,2025-09-22,122.7000,2026-09-24,62.4800,46.1600,UP,0.7333,-0.2768,True,0.8127,7.2072,1.1320,5.8740,103.8700,94.7700,113.5000,18.1200,29.4700,True,-1.0392,ALCISTA,-3.1900,126.7400,153.8600,63.5200,-20.2500,93.1800,0.8300,False,101.1900,2,125.2500,False,-17.5300,HAMMER|DOJI,6.3500,9.5000,7.0000,5.0000,4,5.0000,7.0000,False,11.7500,17.6200,1.5000,53.4602,35.6970,11.4576,22.0250,,0.2362,0.0453,0.4201,0.9189,0.3230,0.4760,240.2790,1.1160,,2072000000.0000,,108627124224,2.3400,1.9100,,790630234,6.4200,10.0000,5.1300,3.7400,,D/E:240,1,6.3900,False,10-18d,XLF,,JPM|BAC|WFC,interest_rates|yield_curve|credit_spreads|loan_growth,41,2026-11-04,False,2026-07-29,0.6200,0.4300,43.7000,ALCISTA FUERTE,10,767.8100,7.5500,53.4000,15.1800,"Filtros estándar (Score ≥6.5, DD ≥10%)"
ADM,Archer Daniels Midland,Consumer Staples,Agricultural Products & Services,1957-03-04,82.1500,2026-09-24,42.4300,78.4600,DOWN,-0.3667,0.3003,False,0.3202,2.6750,1.1460,3.2560,82.3100,72.7800,84.0900,-0.1900,12.8700,True,3.8266,NEUTRO,-7.4400,88.7500,88.7500,54.0000,-7.4400,52.1200,0.6450,False,75.8400,3,82.0400,False,-7.6800,HAMMER,6.0500,8.5000,5.0000,5.0000,6,5.0000,7.0000,False,6.5100,9.7700,1.5000,22.3716,14.4406,1.6742,0.4807,16.0300,0.0764,0.0226,0.0216,0.0687,0.0720,3.1560,39.1340,1.3890,1164625024.0000,1770000000.0000,0.6580,39462850560,0.6130,3.5900,2.5300,481959583,6.6100,8.8200,5.2400,5.6400,0.0295,FCF/NI:0.66,1,6.3900,False,7-15d,XLP,,PG|KO|PEP,inflation|input_costs|fx_rates,40,2026-11-03,False,2026-08-04,1.8400,1.4400,28.0000,ALCISTA FUERTE,10,767.8100,7.5500,53.4000,15.1800,"Filtros estándar (Score ≥6.5, DD ≥10%)"
WDAY,"Workday, Inc.",Information Technology,Application Software,2024-12-23,192.3800,2026-09-24,45.4000,47.2800,DOWN,-1.4139,-1.7851,True,0.4425,7.7407,0.8300,4.0240,178.1000,158.5300,191.3700,8.0200,21.3500,True,-1.8263,ALCISTA,-15.4300,227.4900,249.8500,110.3600,-23.0000,74.3200,0.5480,True,188.0500,1,211.8300,True,-2.2500,NONE,6.9000,9.5000,6.0000,7.5000,7,5.0000,5.0000,False,8.0500,12.0700,1.5000,38.8982,14.4329,7.1161,4.5326,29.4660,0.1601,0.0451,0.1232,0.7580,0.1280,2.0600,58.3900,0.9080,3046374912.0000,1251000064.0000,2.4352,46028591104,1.0820,3.4700,,196000000,6.0400,6.2100,5.0400,7.0200,0.0662,OK,0,6.3800,False,10-18d,XLK,,AAPL|MSFT|NVDA,interest_rates|ai_capex_cycle|semiconductor_cycle,-28,2026-12-01,False,2026-08-27,2.7500,2.6100,5.3000,ALCISTA FUERTE,10,767.8100,7.5500,53.4000,15.1800,"Filtros estándar (Score ≥6.5, DD ≥10%)"
LYB,LyondellBasell,Materials,Specialty Chemicals,2012-09-05,59.9700,2026-09-24,33.2300,61.3700,DOWN,-0.6408,-0.1839,False,-0.0560,2.1686,1.0090,3.6160,62.1900,60.3300,63.1700,-3.5600,-0.6000,True,3.6417,BAJISTA,-12.3500,68.4200,82.2200,39.1200,-27.0600,53.3200,0.8190,False,57.2600,2,64.3700,False,-4.5200,NONE,6.1500,7.0000,6.5000,5.0000,5,8.0000,5.0000,False,7.2300,10.8500,1.5000,,9.4489,1.8216,0.6233,8.7380,-0.0227,0.0411,-0.0113,0.1289,0.1980,3.9600,132.7590,1.6410,1228000000.0000,-265000000.0000,-4.6340,19440424960,0.3530,3.3900,4.6000,323037952,6.5400,10.0000,2.5200,7.2100,0.0632,FCF/NI:-4.63|D/E:133|ROE:-2.3%,3,6.3800,False,3-7d,XLB,,LIN|APD|ECL,commodity_prices|dxy|china_demand|energy_costs,36,2026-10-30,False,2026-07-31,4.3000,3.4200,25.6000,ALCISTA FUERTE,10,767.8100,7.5500,53.4000,15.1800,"Filtros estándar (Score ≥6.5, DD ≥10%)"
GL,Globe Life,Financials,Life & Health Insurance,1989-04-30,168.7500,2026-09-24,41.6500,52.4500,DOWN,-0.0129,0.1587,False,-0.0095,3.4964,0.9050,2.0720,176.9700,155.7800,172.9400,-4.6400,8.3300,True,2.6981,NEUTRO,-11.9000,191.5500,191.5500,127.0700,-11.9000,32.8000,1.1630,True,168.5500,3,181.9900,True,-0.1200,NONE,7.2500,8.5000,5.0000,7.5000,9,8.0000,5.0000,False,4.1400,6.2200,1.5000,11.1250,10.1294,2.0944,2.0766,9.4870,0.2094,0.0336,0.1958,0.3391,0.0800,0.1970,55.6750,0.7950,1163503360.0000,1212199040.0000,0.9598,12858449920,0.4620,0.0700,0.7800,76849447,5.7900,4.0700,6.1200,7.4000,0.0905,OK,0,6.3700,False,7-15d,XLF,,JPM|BAC|WFC,interest_rates|yield_curve|credit_spreads|loan_growth,27,2026-10-21,False,2026-07-22,3.6100,3.6800,-2.0000,ALCISTA FUERTE,10,767.8100,7.5500,53.4000,15.1800,"Filtros estándar (Score ≥6.5, DD ≥10%)"
UNH,UnitedHealth Group,Health Care,Managed Health Care,1994-07-01,371.2900,2026-09-24,30.3300,37.1300,DOWN,-1.0035,-1.3541,True,0.0881,10.3009,0.9750,2.7740,400.0900,350.6700,384.7300,-7.2000,5.8800,True,2.0663,NEUTRO,-19.0700,458.7900,458.7900,252.9600,-19.0700,46.7800,0.7800,False,370.3100,1,411.7300,True,-0.2600,HAMMER|DOJI|HAMMER|DOJI,7.1500,8.5000,7.5000,5.0000,7,8.0000,7.0000,False,5.5500,8.3200,1.5000,24.1009,16.5859,3.4474,0.7471,14.4660,0.1415,0.0487,0.0314,0.1972,0.0040,0.6150,69.2110,0.7770,24272250880.0000,14122000384.0000,1.7188,336607051776,0.6220,3.7200,2.5000,897594847,5.8500,5.0000,5.6300,7.1100,0.0721,OK,0,6.3700,False,7-15d,XLV,,JNJ|LLY|ABBV,fda_calendar|drug_pricing_policy|patent_cliffs,19,2026-10-13,False,2026-07-16,6.3800,4.9200,29.8000,ALCISTA FUERTE,10,767.8100,7.5500,53.4000,15.1800,"Filtros estándar (Score ≥6.5, DD ≥10%)"
GWW,W. W. Grainger,Industrials,Industrial Machinery & Supplies & Components,1981-06-30,1270.6700,2026-09-24,38.9200,42.0500,DOWN,-0.7864,-3.4117,True,0.2838,24.4679,0.8080,1.9260,1319.3400,1192.2000,1286.1400,-3.6900,6.5800,True,3.0552,NEUTRO,-10.3400,1417.1400,1417.1400,901.2200,-10.3400,40.9900,1.2930,False,1257.7600,1,1292.8900,True,-1.0200,HAMMER,6.9200,8.5000,7.5000,5.0000,7,6.5000,7.0000,False,3.8500,5.7800,1.5000,32.5897,25.0660,14.5882,3.1979,19.4150,0.4609,0.1993,0.0992,0.3940,0.1030,0.2050,61.9770,2.8050,1247750016.0000,1870000000.0000,0.6672,60264243200,1.0340,4.0200,0.7800,47100942,6.0000,6.8900,7.0100,3.7600,0.0207,FCF/NI:0.67,1,6.3700,False,7-15d,XLI,,CAT|UNP|HON,pmi_manufacturing|supply_chain|capex_cycle,41,2026-11-04,False,2026-08-04,12.0100,11.3000,6.3000,ALCISTA FUERTE,10,767.8100,7.5500,53.4000,15.1800,"Filtros estándar (Score ≥6.5, DD ≥10%)"
DDOG,Datadog,Information Technology,Application Software,2025-07-09,251.4900,2026-09-24,66.0400,53.9600,UP,3.8984,2.3381,True,1.0097,11.2034,0.8130,4.4550,243.2000,180.1500,233.0700,3.4100,39.6000,True,3.1719,ALCISTA,-14.0900,292.7200,292.7200,98.0100,-14.0900,156.6000,0.7680,True,237.6700,1,251.9900,False,-5.5000,BULL_ENGULF|HAMMER|DOJI,7.2000,10.0000,7.0000,7.5000,4,5.0000,9.5000,False,8.9100,13.3600,1.5000,513.8400,86.4041,21.1179,23.2569,1044.6230,0.0470,0.0018,0.0448,0.7954,0.3560,14.9850,29.2590,3.2050,1051412352.0000,177584000.0000,5.9206,92253552640,1.4880,2.0300,,334904614,5.8200,9.2600,5.5900,2.0900,0.0114,OK,0,6.3700,False,10-18d,XLK,,AAPL|MSFT|NVDA,interest_rates|ai_capex_cycle|semiconductor_cycle,42,2026-11-05,False,2026-08-06,0.6500,0.5800,11.4000,ALCISTA FUERTE,10,767.8100,7.5500,53.4000,15.1800,"Filtros estándar (Score ≥6.5, DD ≥10%)"
WAB,Wabtec,Industrials,Construction Machinery & Heavy Transportation Equipment,2019-02-27,292.2200,2026-09-24,68.0100,27.1700,UP,0.5239,-1.1993,True,0.7638,6.0229,0.8580,2.0610,287.3000,258.0200,284.3800,1.7100,13.2500,True,3.2232,ALCISTA,-4.6000,306.3200,306.3200,185.1900,-4.6000,57.7900,1.0860,False,253.1900,6,287.2500,False,-13.3500,HAMMER,6.7500,10.0000,7.0000,5.0000,6,5.0000,7.0000,False,4.1200,6.1800,1.5000,39.1146,23.3013,4.3765,4.0921,20.8710,0.1155,0.0617,0.1059,0.3574,0.1750,0.1890,61.6860,1.1210,1101374976.0000,1266000000.0000,0.8700,49022996480,0.9210,3.7900,0.4200,168910851,6.0700,8.7500,5.0300,4.1600,0.0225,OK,0,6.3400,False,10-18d,XLI,,CAT|UNP|HON,pmi_manufacturing|supply_chain|capex_cycle,27,2026-10-21,False,2026-07-22,2.7600,2.6100,5.9000,ALCISTA FUERTE,10,767.8100,7.5500,53.4000,15.1800,"Filtros estándar (Score ≥6.5, DD ≥10%)"
CBRE,CBRE Group,Real Estate,Real Estate Services,2006-11-10,136.4100,2026-09-24,38.9800,34.7000,UP,-0.5376,-0.9236,True,0.1290,4.6550,1.0570,3.4130,144.9300,146.1900,142.4200,-5.8800,-6.6900,False,-0.8110,BAJISTA,-12.8600,156.5500,174.2700,121.6900,-21.7200,12.1000,1.3010,False,137.8600,4,148.9700,True,1.0600,NONE,6.9000,5.0000,8.5000,5.0000,10,8.0000,5.0000,False,6.8300,10.2400,1.5000,31.2426,15.0110,4.7122,0.9045,22.4000,0.1580,0.0259,0.0298,0.1857,0.1550,-0.0420,117.7890,1.1410,1637624960.0000,1300999936.0000,1.2587,39535714304,1.1880,3.5100,,289575298,5.9700,5.0000,7.2400,5.6200,0.0414,D/E:118,1,6.3400,False,3-7d,XLRE,,PLD|AMT|EQIX,interest_rates|cap_rates|occupancy_trends,28,2026-10-22,False,2026-07-29,1.5600,1.4700,5.8000,ALCISTA FUERTE,10,767.8100,7.5500,53.4000,15.1800,"Filtros estándar (Score ≥6.5, DD ≥10%)"
ED,Consolidated Edison,Utilities,Multi-Utilities,1957-03-04,102.6100,2026-09-24,30.2600,41.4700,DOWN,-0.3653,-0.0964,False,-0.1615,1.6157,0.8340,1.5750,107.9600,106.1900,106.2100,-4.9500,-3.3700,True,0.9413,BAJISTA,-10.2500,114.3200,114.3300,92.4300,-10.2500,11.0100,0.9440,False,102.4500,2,109.1400,True,-0.1600,NONE,6.6000,7.0000,6.5000,5.0000,8,8.0000,5.0000,False,3.1500,4.7200,1.5000,16.8931,15.8262,1.4776,2.1474,10.5160,0.0896,0.0324,0.1253,0.5337,0.1320,0.2210,110.1130,1.2680,-844875008.0000,2216999936.0000,-0.3811,37985099776,0.2590,4.3600,3.4200,369828633,6.1500,10.0000,4.7300,3.3100,-0.0222,FCF/NI:-0.38,1,6.3300,False,3-7d,XLU,,NEE|DUK|SO,interest_rates|regulatory_environment,42,2026-11-05,False,2026-08-06,0.8300,0.7700,7.4000,ALCISTA FUERTE,10,767.8100,7.5500,53.4000,15.1800,"Filtros estándar (Score ≥6.5, DD ≥10%)"
STLD,Steel Dynamics,Materials,Steel,2022-12-22,234.2900,2026-09-24,50.1500,58.6400,DOWN,-0.2480,0.7532,False,0.3240,8.3171,0.9380,3.5500,243.8300,213.8600,238.6300,-3.9100,9.5500,True,3.9017,NEUTRO,-14.2900,273.3600,288.0900,133.2800,-18.6700,75.7900,0.6370,False,228.7700,1,243.1800,True,-2.3600,NONE,6.0000,8.5000,5.0000,5.0000,7,5.0000,5.0000,False,7.1000,10.6500,1.5000,21.3430,12.0210,3.5859,1.6413,13.9650,0.1757,0.0787,0.0783,0.1465,0.3340,0.8360,46.9240,3.1830,234191248.0000,1607240960.0000,0.1457,33710768128,1.5150,3.1700,0.9000,143328088,6.5500,10.0000,5.7700,3.4300,0.0069,FCF/NI:0.15,1,6.3300,False,7-15d,XLB,,LIN|APD|ECL,commodity_prices|dxy|china_demand|energy_costs,25,2026-10-19,False,2026-07-20,3.6900,3.6700,56.0000,ALCISTA FUERTE,10,767.8100,7.5500,53.4000,15.1800,"Filtros estándar (Score ≥6.5, DD ≥10%)"
LYV,Live Nation Entertainment,Communication Services,Movies & Entertainment,2019-12-23,169.0300,2026-09-24,31.3000,18.6100,UP,-0.4406,-0.8195,True,0.2721,4.0793,0.8940,2.4130,178.7000,162.6100,173.1900,-5.4100,3.9500,True,2.5492,NEUTRO,-10.6800,189.2500,189.2500,125.3400,-10.6800,34.8600,1.0550,False,170.0300,5,176.0000,True,0.5900,HAMMER|HAMMER|DOJI,7.4200,8.5000,8.5000,5.0000,9,6.5000,7.0000,False,4.8300,7.2400,1.5000,,90.5990,479.1597,1.5168,28.2420,0.1768,0.0210,0.0051,0.2578,0.0940,1.5620,620.2140,0.8520,1695030656.0000,-258028992.0000,-6.5691,39850053632,1.1160,12.4200,,232959505,5.5900,7.1100,4.1200,5.5300,0.0425,FCF/NI:-6.57|D/E:620,2,6.3200,False,7-15d,XLC,,GOOGL|META|NFLX,ad_spending_cycle|streaming_competition|regulation,40,2026-11-03,False,2026-07-30,1.0500,0.5700,82.9000,ALCISTA FUERTE,10,767.8100,7.5500,53.4000,15.1800,"Filtros estándar (Score ≥6.5, DD ≥10%)"
NRG,NRG Energy,Utilities,Independent Power Producers & Energy Traders,2010-01-29,100.7200,2026-09-24,37.6000,39.5800,DOWN,-0.6436,-0.2121,False,0.0153,4.2357,0.7390,4.2050,120.0900,142.7900,110.2600,-16.1300,-29.4600,False,-3.6569,BAJISTA,-33.0500,150.4400,188.7100,100.1300,-46.6300,0.5900,0.9340,False,,0,143.4900,False,,NONE,5.9000,5.0000,6.5000,5.0000,4,10.0000,5.0000,False,8.4100,12.6200,1.5000,25.4818,8.7451,4.8940,0.6210,13.8730,0.2377,0.0406,0.0256,0.1880,0.1100,,483.3570,0.9680,772374976.0000,782000000.0000,0.9877,20569094144,1.1730,1.8500,1.8900,210210483,6.5600,7.5000,6.9300,5.0200,0.0376,D/E:483,1,6.3000,False,3-7d,XLU,,NEE|DUK|SO,interest_rates|regulatory_environment,42,2026-11-05,False,2026-08-04,1.4900,1.7400,-14.4000,ALCISTA FUERTE,10,767.8100,7.5500,53.4000,15.1800,"Filtros estándar (Score ≥6.5, DD ≥10%)"
LH,Labcorp,Health Care,Health Care Services,2004-11-01,303.9800,2026-09-24,32.4700,38.5600,DOWN,-2.4038,-1.9228,False,-0.0404,8.6364,1.1060,2.8410,314.4500,277.3000,320.4700,-3.3300,9.6200,True,2.3595,NEUTRO,-10.8700,341.0700,341.0700,242.0700,-10.8700,25.5700,1.2090,False,305.4500,1,341.0700,True,0.4800,HAMMER,6.9500,8.5000,6.5000,5.0000,7,8.0000,7.0000,False,5.6800,8.5200,1.5000,26.2936,15.5688,2.9040,1.7463,13.5140,0.1173,0.0553,0.0699,0.2888,0.0580,0.2820,79.1240,1.7960,892049984.0000,1002300032.0000,0.8900,25055846400,0.8510,3.4500,0.9500,81100000,5.8700,6.4500,5.5700,5.5300,0.0356,OK,0,6.3000,False,7-15d,XLV,,UNH|JNJ|LLY,fda_calendar|drug_pricing_policy|patent_cliffs,33,2026-10-27,False,2026-07-30,4.9900,4.7700,4.7000,ALCISTA FUERTE,10,767.8100,7.5500,53.4000,15.1800,"Filtros estándar (Score ≥6.5, DD ≥10%)"
GEN,Gen Digital,Information Technology,Systems Software,2003-03-25,26.2300,2026-09-24,31.0300,62.9400,DOWN,-0.4722,-0.0934,False,-0.3349,0.9979,1.0810,3.8040,28.5400,24.6000,29.5200,-8.1000,6.6200,True,1.7242,NEUTRO,-17.1200,31.6500,31.6500,17.6100,-17.1200,48.9700,1.5550,False,24.8900,2,27.6900,False,-5.1100,NONE,6.3000,8.5000,6.5000,5.0000,4,8.0000,5.0000,False,7.6100,11.4100,1.5000,13.4912,6.9757,5.2030,2.7189,9.6860,0.4194,0.0849,0.2073,0.7801,0.0630,0.6400,307.8310,0.4660,1547124992.0000,1053000000.0000,1.4693,13809401856,1.2150,6.1000,1.9100,598587032,6.3000,3.9300,6.1600,9.2200,0.1120,D/E:308,1,6.3000,False,7-15d,XLK,,AAPL|MSFT|NVDA,interest_rates|ai_capex_cycle|semiconductor_cycle,42,2026-11-05,False,2026-08-06,0.7100,0.6900,3.0000,ALCISTA FUERTE,10,767.8100,7.5500,53.4000,15.1800,"Filtros estándar (Score ≥6.5, DD ≥10%)"
KO,Coca-Cola Company (The),Consumer Staples,Soft Drinks & Non-alcoholic Beverages,1957-03-04,88.0900,2026-09-24,53.9000,37.2300,UP,-0.1755,-0.1865,True,0.4663,1.1908,0.7420,1.3520,86.7500,78.4000,87.9400,1.5500,12.3600,True,2.4436,ALCISTA,-4.1900,91.9400,91.9400,63.6600,-4.1900,38.3800,0.8280,False,86.8900,1,90.1000,True,-1.3600,BULL_ENGULF,7.2500,10.0000,7.0000,5.0000,7,7.0000,7.5000,False,2.7000,4.0600,1.5000,26.4565,24.9831,10.4868,7.5616,24.0660,0.4205,0.0940,0.2856,0.6189,0.0670,0.1690,115.5190,1.3050,5218749952.0000,14316000256.0000,0.3645,379054555136,0.3420,2.7100,2.4100,4302549243,5.6500,7.2100,6.1700,3.2400,0.0138,FCF/NI:0.36|D/E:116,2,6.2900,False,10-18d,XLP,,PG|PEP|WMT,inflation|input_costs|fx_rates,26,2026-10-20,False,2026-07-28,0.9700,0.9300,4.0000,ALCISTA FUERTE,10,767.8100,7.5500,53.4000,15.1800,"Filtros estándar (Score ≥6.5, DD ≥10%)"
BAX,Baxter International,Health Care,Health Care Equipment,1972-09-30,23.4900,2026-09-24,27.6400,21.3800,UP,-0.2294,-0.3373,True,0.2590,0.7921,0.8730,3.3720,25.0300,20.6200,24.3300,-6.1300,13.9300,True,3.2086,NEUTRO,-21.6700,29.9900,29.9900,15.7200,-21.6700,49.4700,1.5670,False,21.2800,3,23.6100,False,-9.4100,HAMMER,7.5800,8.5000,9.5000,7.0000,6,6.5000,7.0000,False,6.7400,10.1200,1.5000,,11.5302,1.9560,1.0583,10.4220,-0.1437,0.0285,-0.0927,0.3410,0.0530,0.3680,156.4490,1.9460,1000374976.0000,-968000000.0000,-1.0334,12139065344,0.5950,3.6600,0.1700,516995999,5.4300,6.7100,2.5500,7.2900,0.0824,FCF/NI:-1.03|D/E:156|ROE:-14.4%,3,6.2900,False,7-15d,XLV,,UNH|JNJ|LLY,fda_calendar|drug_pricing_policy|patent_cliffs,35,2026-10-29,False,2026-07-30,0.5600,0.3700,52.5000,ALCISTA FUERTE,10,767.8100,7.5500,53.4000,15.1800,"Filtros estándar (Score ≥6.5, DD ≥10%)"
BBY,Best Buy,Consumer Discretionary,Computer & Electronics Retail,1999-06-29,90.8000,2026-09-24,67.0800,63.1700,UP,0.3305,0.7867,False,0.6574,3.2615,1.1260,3.5920,86.0500,70.5900,89.2200,5.5200,28.6200,True,2.1564,ALCISTA,-5.9400,96.5300,96.5300,53.8100,-5.9400,68.7400,1.0610,False,76.1400,2,89.8200,False,-16.1500,NONE,6.0500,10.0000,6.0000,5.0000,4,5.0000,5.0000,False,7.1800,10.7800,1.5000,15.1414,12.6157,6.0153,0.4522,7.9510,0.4313,0.0725,0.0301,0.2260,0.0360,0.7010,130.0970,1.1170,1403374976.0000,1272000000.0000,1.1033,19085219840,1.3050,3.8000,4.2300,209727698,6.4500,6.3000,5.9200,7.2500,0.0735,D/E:130,1,6.2900,False,10-18d,XLY,,AMZN|TSLA|HD,consumer_spending|employment_data|interest_rates,61,2026-11-24,False,2026-08-27,1.4700,1.3800,6.5000,ALCISTA FUERTE,10,767.8100,7.5500,53.4000,15.1800,"Filtros estándar (Score ≥6.5, DD ≥10%)"
GD,General Dynamics,Industrials,Aerospace & Defense,1957-03-04,343.3300,2026-09-24,21.6800,29.7200,DOWN,-1.1338,-0.9570,False,0.0547,6.6900,0.8850,1.9490,375.2700,353.4000,361.5800,-8.5100,-2.8500,True,0.7066,BAJISTA,-14.1700,400.0000,400.0000,305.4300,-14.1700,12.4100,0.9480,False,339.3200,1,351.3400,True,-1.1700,NONE,6.8000,7.0000,7.5000,5.0000,8,8.0000,5.0000,False,3.9000,5.8500,1.5000,20.4930,18.0924,3.3866,1.6585,14.7590,0.1780,0.0608,0.0818,0.1537,0.0810,0.1340,35.3350,1.4410,4400124928.0000,4487000064.0000,0.9806,90985676800,0.3210,3.2500,1.8500,270557195,5.9300,4.6000,6.1900,7.1700,0.0484,OK,0,6.2800,False,3-7d,XLI,,CAT|UNP|HON,pmi_manufacturing|supply_chain|capex_cycle,34,2026-10-28,False,2026-07-29,4.2400,3.9700,6.9000,ALCISTA FUERTE,10,767.8100,7.5500,53.4000,15.1800,"Filtros estándar (Score ≥6.5, DD ≥10%)"
COF,Capital One,Financials,Consumer Finance,1998-07-01,196.1000,2026-09-24,31.8700,35.5000,DOWN,-1.6573,-1.7690,True,-0.0351,5.1879,0.9770,2.6460,212.2500,205.8100,208.4400,-7.6100,-4.7200,True,-0.0615,BAJISTA,-13.7400,227.3400,256.6400,173.6200,-23.5900,12.9500,1.4460,False,191.0300,2,194.8400,True,-2.5900,HAMMER|DOJI,6.9000,6.5000,7.5000,5.0000,8,8.0000,7.0000,False,5.2900,7.9400,1.5000,11.0642,8.1605,1.1713,2.5071,,0.0903,0.0152,0.2187,0.0000,11.1100,,,,,9822999552.0000,,120617263104,1.0160,3.5600,1.6300,613484836,5.8700,7.5000,4.3100,5.7900,,OK,0,6.2800,False,3-7d,XLF,,JPM|BAC|WFC,interest_rates|yield_curve|credit_spreads|loan_growth,26,2026-10-20,False,2026-07-21,5.8100,4.6900,23.8000,ALCISTA FUERTE,10,767.8100,7.5500,53.4000,15.1800,"Filtros estándar (Score ≥6.5, DD ≥10%)"
AMP,Ameriprise Financial,Financials,Asset Management & Custody Banks,2005-10-03,502.7900,2026-09-24,31.7800,49.3200,DOWN,-5.4010,-2.4531,False,-0.3754,14.7171,1.1990,2.9270,547.9400,490.3100,546.2700,-8.2400,2.5400,True,2.0882,NEUTRO,-12.1900,572.5600,572.5600,419.5200,-12.1900,19.8500,1.3430,False,509.1600,1,541.7300,True,1.2700,HAMMER|DOJI,6.9500,8.5000,6.5000,5.0000,7,8.0000,7.0000,False,5.8500,8.7800,1.5000,11.7243,9.3897,6.7406,2.1601,,0.6343,0.0228,0.1990,0.5493,0.1160,0.1170,67.5780,2.1820,2903124992.0000,3948000000.0000,0.7353,42854858752,1.1340,7.1800,1.3500,88333219,5.8400,3.7800,6.9300,6.9800,0.0677,FCF/NI:0.74,1,6.2800,False,7-15d,XLF,,JPM|BAC|WFC,interest_rates|yield_curve|credit_spreads|loan_growth,35,2026-10-29,False,2026-07-23,11.0700,10.8100,2.4000,ALCISTA FUERTE,10,767.8100,7.5500,53.4000,15.1800,"Filtros estándar (Score ≥6.5, DD ≥10%)"
NDSN,Nordson Corporation,Industrials,Industrial Machinery & Supplies & Components,2022-02-15,321.4200,2026-09-24,59.7100,26.2600,UP,-0.4020,-1.8998,True,0.6420,5.7809,0.8590,1.7990,308.5800,281.8600,314.2800,4.1600,14.0400,True,3.1646,ALCISTA,-4.9300,338.1000,338.1000,217.7600,-4.9300,47.6000,1.0170,False,302.0100,1,338.1000,False,-6.0400,HAMMER|HAMMER,6.4500,10.0000,7.0000,5.0000,4,5.0000,7.0000,False,3.6000,5.4000,1.5000,32.7518,24.8990,5.5078,6.0425,20.5760,0.1776,0.0847,0.1863,0.5539,0.1030,0.2300,55.6190,1.8230,613806656.0000,555177984.0000,1.1056,18005379072,0.9720,3.9000,1.1700,55699366,6.1600,7.4600,5.7400,5.1300,0.0341,OK,0,6.2800,False,10-18d,XLI,,CAT|UNP|HON,pmi_manufacturing|supply_chain|capex_cycle,-36,2026-12-09,False,2026-08-19,3.2500,3.0900,5.0000,ALCISTA FUERTE,10,767.8100,7.5500,53.4000,15.1800,"Filtros estándar (Score ≥6.5, DD ≥10%)"
C,Citigroup,Financials,Diversified Banks,1988-05-31,131.9300,2026-09-24,48.6500,59.5200,DOWN,-0.4376,-0.2503,False,0.2163,3.9964,1.1810,3.0290,133.9200,124.1500,134.6200,-1.4900,6.2700,True,2.9172,NEUTRO,-8.3700,143.9800,147.2100,91.7200,-10.3800,43.8400,0.9210,False,130.3600,3,133.9700,True,-1.1900,NONE,6.5300,8.5000,5.0000,5.0000,9,6.5000,5.0000,False,6.0600,9.0900,1.5000,14.2503,10.2464,1.1513,2.7118,,0.0853,0.0066,0.2183,0.0000,0.1550,0.6100,,,,16460000256.0000,,221589405696,1.0970,0.0600,2.0300,1677436783,6.1000,8.5100,4.2600,5.4500,,OK,0,6.2700,False,7-15d,XLF,,JPM|BAC|WFC,interest_rates|yield_curve|credit_spreads|loan_growth,19,2026-10-13,False,2026-07-14,3.1400,2.7100,15.6000,ALCISTA FUERTE,10,767.8100,7.5500,53.4000,15.1800,"Filtros estándar (Score ≥6.5, DD ≥10%)"
URI,United Rentals,Industrials,Trading Companies & Distributors,2014-09-20,1031.9900,2026-09-24,63.1900,33.6600,UP,5.5673,-0.0714,True,0.6937,27.6964,0.8300,2.6840,1066.9800,935.9100,1025.4300,-3.2800,10.2700,True,2.1624,NEUTRO,-12.3300,1177.1500,1177.1500,698.9400,-12.3300,47.6500,0.9480,False,1049.4600,3,1104.9700,True,1.6900,NONE,6.7000,8.5000,7.0000,5.0000,9,5.0000,5.0000,False,5.3700,8.0500,1.5000,24.5653,17.8246,6.9047,3.7780,16.9490,0.2889,0.0877,0.1567,0.3848,0.1180,0.2550,166.7930,0.7640,1706249984.0000,2638000128.0000,0.6468,63591280640,1.7870,3.3300,0.7600,62242489,5.9900,8.2700,4.7400,4.7800,0.0268,FCF/NI:0.65|D/E:167,2,6.2700,False,7-15d,XLI,,CAT|UNP|HON,pmi_manufacturing|supply_chain|capex_cycle,27,2026-10-21,False,2026-07-22,12.7600,11.5900,10.1000,ALCISTA FUERTE,10,767.8100,7.5500,53.4000,15.1800,"Filtros estándar (Score ≥6.5, DD ≥10%)"
ADSK,Autodesk,Information Technology,Application Software,1989-12-01,217.1500,2026-09-24,30.6600,38.5700,DOWN,-1.3928,-2.4697,True,0.3162,9.0386,0.9700,4.1620,233.5100,242.5900,226.9600,-7.0100,-10.4900,False,-2.6600,BAJISTA,-20.0800,271.7200,326.4700,185.5000,-33.4900,17.0600,0.6010,False,215.7000,3,221.8100,True,-0.6700,NONE,6.1000,5.0000,7.5000,5.0000,9,5.0000,5.0000,False,8.3200,12.4900,1.5000,27.3415,14.8844,13.0568,5.6704,19.6560,0.5385,0.1147,0.2108,0.9250,0.1610,0.5960,109.5180,0.8550,3157499904.0000,1642000000.0000,1.9230,44172152832,1.3090,4.4500,,209000000,6.3600,4.9600,6.9800,7.2900,0.0715,D/E:110,1,6.2600,False,3-7d,XLK,,AAPL|MSFT|NVDA,interest_rates|ai_capex_cycle|semiconductor_cycle,64,2026-11-27,False,2026-08-27,3.3000,3.1200,5.6000,ALCISTA FUERTE,10,767.8100,7.5500,53.4000,15.1800,"Filtros estándar (Score ≥6.5, DD ≥10%)"
APH,Amphenol,Information Technology,Electronic Components,2008-09-30,82.1900,2026-09-24,51.5300,46.1500,UP,0.0226,-0.3952,True,0.7761,2.7910,0.8630,3.3960,79.9400,73.2600,80.0100,2.8200,12.1900,True,1.6367,ALCISTA,-7.7800,89.1200,89.1200,58.8200,-7.7800,39.7200,1.0880,False,77.0600,6,84.3500,False,-6.2400,NONE,6.5500,10.0000,7.0000,5.0000,6,5.0000,5.0000,False,6.7900,10.1900,1.5000,41.5400,25.3270,13.2209,7.0617,22.8450,0.3811,0.1447,0.1773,0.3895,0.5500,0.5930,120.4150,1.8880,3818374912.0000,5143399936.0000,0.7424,204872531968,1.2420,2.3200,0.6100,2465966914,6.0600,8.2900,5.7600,3.8000,0.0186,FCF/NI:0.74|D/E:120,2,6.2600,False,10-18d,XLK,,AAPL|MSFT|NVDA,interest_rates|ai_capex_cycle|semiconductor_cycle,34,2026-10-28,False,2026-07-29,1.3500,1.1900,13.2000,ALCISTA FUERTE,10,767.8100,7.5500,53.4000,15.1800,"Filtros estándar (Score ≥6.5, DD ≥10%)"
IDXX,Idexx Laboratories,Health Care,Health Care Equipment,2017-01-05,522.0200,2026-09-24,36.2700,29.0200,UP,0.5097,-2.3365,True,0.4290,13.2057,0.7520,2.5300,549.1300,595.3300,525.6700,-4.9400,-12.3100,False,-3.0859,BAJISTA,-16.3600,624.1500,769.9800,500.6100,-32.2000,4.2800,0.7200,True,520.9600,2,581.2800,True,-0.2000,NONE,6.8000,5.0000,8.5000,7.5000,7,7.0000,5.0000,True,5.0600,7.5900,1.5000,36.0274,30.6690,25.1108,8.8828,25.9140,0.7421,0.2708,0.2503,0.6245,0.0970,0.1760,67.9710,1.1720,909368384.0000,1139655936.0000,0.7979,40445440000,1.5380,3.4100,,78781116,5.8900,6.1800,7.5000,3.6800,0.0225,OK,0,6.2500,False,3-7d,XLV,,UNH|JNJ|LLY,fda_calendar|drug_pricing_policy|patent_cliffs,39,2026-11-02,False,2026-08-04,4.2700,3.9300,8.5000,ALCISTA FUERTE,10,767.8100,7.5500,53.4000,15.1800,"Filtros estándar (Score ≥6.5, DD ≥10%)"
LHX,L3Harris,Industrials,Aerospace & Defense,2008-09-22,239.2100,2026-09-24,17.1500,31.9700,DOWN,-0.1773,0.0779,False,-0.0173,5.5101,0.7300,2.3030,271.8200,309.8400,254.5800,-12.0000,-22.8000,False,-0.8455,BAJISTA,-22.1900,307.4200,374.5900,239.0000,-36.1400,0.0900,0.7980,False,,0,268.6200,False,,HAMMER|DOJI,6.3000,5.0000,7.5000,5.0000,4,10.0000,7.0000,False,4.6100,6.9100,1.5000,24.0444,17.5814,2.2288,1.9330,13.4570,0.0934,0.0438,0.0817,0.2548,0.0840,0.2830,52.7530,1.1840,1608999936.0000,1860000000.0000,0.8651,44326526976,0.5060,2.3600,2.0900,186214616,6.2000,7.1800,5.0600,6.3700,0.0363,OK,0,6.2400,False,3-7d,XLI,,CAT|UNP|HON,pmi_manufacturing|supply_chain|capex_cycle,35,2026-10-29,False,2026-07-29,3.6300,2.8400,27.9000,ALCISTA FUERTE,10,767.8100,7.5500,53.4000,15.1800,"Filtros estándar (Score ≥6.5, DD ≥10%)"
PGR,Progressive Corporation,Financials,Property & Casualty Insurance,1997-08-04,203.1300,2026-09-24,26.4000,48.6100,DOWN,-1.5367,-0.3651,False,-0.2836,4.3764,0.8050,2.1540,214.6000,208.5700,215.5900,-5.3500,-2.6100,True,0.3856,BAJISTA,-15.1400,239.3800,239.3800,187.7800,-15.1400,8.1700,1.9820,False,205.4600,5,224.4300,True,1.1400,NONE,7.1000,7.0000,7.5000,5.0000,10,8.0000,5.0000,False,4.3100,6.4600,1.5000,10.1440,0.1998,3.4212,1.2892,8.0740,0.3494,0.0784,0.1285,0.1852,0.0730,0.0500,24.4280,0.2930,15114500096.0000,11694999552.0000,1.2924,117339463680,0.2590,2.7000,0.2000,580400000,5.6700,1.6500,8.2400,7.3600,0.1288,OK,0,6.2400,False,3-7d,XLF,,JPM|BAC|WFC,interest_rates|yield_curve|credit_spreads|loan_growth,20,2026-10-14,False,2026-07-15,4.8500,4.8400,33.0000,ALCISTA FUERTE,10,767.8100,7.5500,53.4000,15.1800,"Filtros estándar (Score ≥6.5, DD ≥10%)"
DAL,Delta Air Lines,Industrials,Passenger Airlines,2013-09-11,81.7500,2026-09-24,68.1300,34.8900,UP,0.5965,0.1896,True,0.7674,2.1400,0.8440,2.6180,84.1800,74.9100,80.7500,-2.8900,9.1300,True,2.7562,NEUTRO,-14.3500,95.4400,95.4400,54.6000,-14.3500,49.7200,1.0000,False,80.6600,2,83.6200,True,-1.3400,HAMMER|BULL_ENGULF,6.8500,8.5000,7.0000,5.0000,7,5.0000,9.5000,False,5.2400,7.8500,1.5000,13.7247,9.7525,2.4813,0.7970,9.3100,0.2013,0.0402,0.0578,0.1870,0.1870,-0.2540,96.6490,0.4240,2817374976.0000,3950000128.0000,0.7133,54424883200,1.2910,5.4300,1.0500,657623030,5.8100,5.0000,4.3100,8.5100,0.0518,FCF/NI:0.71|D/E:97,2,6.2300,False,7-15d,XLI,,CAT|UNP|HON,pmi_manufacturing|supply_chain|capex_cycle,15,2026-10-09,False,2026-07-10,1.5600,1.4900,4.5000,ALCISTA FUERTE,10,767.8100,7.5500,53.4000,15.1800,"Filtros estándar (Score ≥6.5, DD ≥10%)"
STZ,Constellation Brands,Consumer Staples,Distillers & Vintners,2005-07-01,116.5700,2026-09-24,21.6800,24.3100,DOWN,-0.7907,-0.5167,False,0.0737,3.4036,0.9240,2.9200,129.7400,142.8600,124.6100,-10.1500,-18.4000,False,-0.2405,BAJISTA,-19.6000,144.9900,166.1700,115.5000,-29.8500,0.9300,0.6510,False,,0,134.0400,False,,HAMMER|DOJI|HAMMER,6.0000,5.0000,7.5000,5.0000,4,8.0000,7.0000,False,5.8400,8.7600,1.5000,10.8771,9.2946,2.3721,2.1539,8.8650,0.2369,0.0857,0.2014,0.5272,-0.0330,0.3070,123.2050,0.9130,2210487552.0000,1824400000.0000,1.2116,19507564544,0.4000,4.8500,3.5300,170752511,6.3800,5.0000,5.8100,8.6400,0.1133,D/E:123,1,6.2300,False,3-7d,XLP,,PG|KO|PEP,inflation|input_costs|fx_rates,12,2026-10-06,False,2026-06-30,3.4300,3.2000,7.1000,ALCISTA FUERTE,10,767.8100,7.5500,53.4000,15.1800,"Filtros estándar (Score ≥6.5, DD ≥10%)"
EW,Edwards Lifesciences,Health Care,Health Care Equipment,2011-04-01,86.8200,2026-09-24,37.3500,26.7900,UP,-0.0402,-0.1904,True,0.2994,2.2571,0.9980,2.6000,88.4100,85.0400,88.1800,-1.7900,2.1000,True,0.4205,NEUTRO,-9.8300,96.2900,96.2900,72.3000,-9.8300,20.0800,1.1460,False,84.0100,3,93.4300,True,-3.2300,HAMMER|HAMMER|DOJI,7.4200,8.5000,8.5000,5.0000,9,6.5000,7.0000,False,5.2000,7.8000,1.5000,51.0298,25.3854,4.6554,7.5879,23.3380,0.0917,0.0837,0.1543,0.7784,0.1360,-0.2540,6.5680,4.5220,1232412544.0000,979900032.0000,1.2577,49414774784,0.8520,2.9400,,576400000,5.4300,5.0000,7.2000,3.8800,0.0249,OK,0,6.2300,False,7-15d,XLV,,UNH|JNJ|LLY,fda_calendar|drug_pricing_policy|patent_cliffs,35,2026-10-29,False,2026-07-23,0.7800,0.7400,5.1000,ALCISTA FUERTE,10,767.8100,7.5500,53.4000,15.1800,"Filtros estándar (Score ≥6.5, DD ≥10%)"
PAYX,Paychex,Industrials,Human Resource & Employment Services,1998-10-01,104.4900,2026-09-24,15.7000,34.2900,DOWN,-1.5467,-1.0727,False,-0.1504,3.1929,0.9580,3.0560,118.4700,102.5600,117.4200,-11.8000,1.8800,True,1.1934,NEUTRO,-18.3500,127.9800,127.9800,83.5000,-18.3500,25.1400,2.7650,False,96.2600,1,116.5100,False,-7.8800,HAMMER,6.7000,8.5000,7.5000,5.0000,4,8.0000,7.0000,False,6.1100,9.1700,1.5000,20.1567,15.8875,9.6716,5.4773,12.9480,0.4706,0.1019,0.2735,0.7439,0.0590,0.1390,124.7040,1.2770,1887112448.0000,1806000000.0000,1.0449,36164055040,0.8080,8.8900,4.5600,355980473,5.9200,4.0100,6.9200,6.9900,0.0522,D/E:125,1,6.2300,False,7-15d,XLI,,CAT|UNP|HON,pmi_manufacturing|supply_chain|capex_cycle,85,2026-12-18,False,2026-09-23,1.3400,1.3200,1.6000,ALCISTA FUERTE,10,767.8100,7.5500,53.4000,15.1800,"Filtros estándar (Score ≥6.5, DD ≥10%)"
BALL,Ball Corporation,Materials,"Metal, Glass & Plastic Containers",1984-10-31,58.8200,2026-09-24,25.4700,30.2700,DOWN,-0.2532,-0.1763,False,0.0647,1.1271,0.7860,1.9160,62.4100,59.3800,61.1100,-5.7600,-0.9400,True,2.4065,BAJISTA,-12.6500,67.3400,67.6200,44.2100,-13.0200,33.0400,1.1020,False,56.9100,2,64.3200,True,-3.2500,NONE,7.1000,7.0000,7.5000,5.0000,8,10.0000,5.0000,False,3.8300,5.7500,1.5000,16.2350,12.5277,2.6093,1.0469,10.9210,0.1715,0.0463,0.0661,0.1863,0.1970,0.0920,131.4950,1.0690,379875008.0000,945000000.0000,0.4020,14998092800,0.9510,4.4000,1.3600,264703357,5.6400,7.0000,4.3900,5.5300,0.0253,FCF/NI:0.40|D/E:131,2,6.2200,False,3-7d,XLB,,LIN|APD|ECL,commodity_prices|dxy|china_demand|energy_costs,40,2026-11-03,False,2026-08-04,1.0300,0.9900,4.3000,ALCISTA FUERTE,10,767.8100,7.5500,53.4000,15.1800,"Filtros estándar (Score ≥6.5, DD ≥10%)"
CHTR,Charter Communications,Communication Services,Cable & Satellite,2016-09-08,116.6100,2026-09-24,31.5400,40.7200,DOWN,-3.2509,-1.9967,False,-0.0764,7.5800,1.0000,6.5000,142.9600,178.6700,138.6500,-18.4300,-34.7300,False,-3.3365,BAJISTA,-30.6300,168.1100,285.8200,111.5500,-59.2000,4.5400,1.5880,False,111.5500,1,147.8500,False,-4.3400,HAMMER|DOJI,5.8000,5.0000,6.5000,5.0000,4,8.0000,7.0000,False,13.0000,19.5000,1.5000,3.0588,2.8082,0.8271,0.2808,5.2740,0.2720,0.0531,0.0905,0.5519,-0.0170,0.1610,441.5780,0.3610,2198374912.0000,4924000256.0000,0.4465,15276516352,0.6870,5.7900,,114457596,6.4800,5.0000,5.0600,9.8600,0.1439,FCF/NI:0.45|D/E:442,2,6.2100,False,3-7d,XLC,,GOOGL|META|NFLX,ad_spending_cycle|streaming_competition|regulation,36,2026-10-30,False,2026-07-24,10.6600,10.0600,5.9000,ALCISTA FUERTE,10,767.8100,7.5500,53.4000,15.1800,"Filtros estándar (Score ≥6.5, DD ≥10%)"
TSN,Tyson Foods,Consumer Staples,Packaged Foods & Meats,2005-08-10,51.3600,2026-09-24,33.2700,31.5900,UP,-0.0125,-0.0636,True,0.2053,1.4750,1.0510,2.8720,55.9200,59.3000,53.3700,-8.1500,-13.3900,False,0.0433,BAJISTA,-17.7500,62.4500,68.2600,48.8400,-24.7600,5.1500,0.8430,False,50.7100,1,59.1700,True,-1.2700,BULL_ENGULF,6.5800,5.5000,8.5000,5.0000,7,6.5000,7.5000,False,5.7400,8.6200,1.5000,31.5679,12.3887,0.9951,0.3230,9.1780,0.0326,0.0256,0.0103,0.0655,-0.0010,2.0410,44.0250,1.4330,1191250048.0000,574000000.0000,2.0753,17991129088,0.3710,2.8500,3.9700,281792507,5.9600,5.0000,5.4500,7.6700,0.0662,OK,0,6.2100,False,3-7d,XLP,,PG|KO|PEP,inflation|input_costs|fx_rates,53,2026-11-16,False,2026-08-03,0.9900,0.9900,34.0000,ALCISTA FUERTE,10,767.8100,7.5500,53.4000,15.1800,"Filtros estándar (Score ≥6.5, DD ≥10%)"
ULTA,Ulta Beauty,Consumer Discretionary,Other Specialty Retail,2016-04-18,543.8100,2026-09-24,49.2600,52.8600,DOWN,-1.2399,-2.1145,True,0.4989,16.0400,0.9870,2.9500,523.7600,557.3800,541.1800,3.8300,-2.4300,False,0.3723,BAJISTA,-4.3300,568.4400,714.9700,443.6000,-23.9400,22.5900,0.4650,True,512.9100,1,543.2100,False,-5.6800,NONE,6.1000,7.0000,6.0000,7.5000,5,5.0000,5.0000,False,5.9000,8.8500,1.5000,19.9847,17.1069,8.6456,1.8112,13.2150,0.4612,0.1484,0.0934,0.4310,0.0890,0.1330,95.4720,1.3450,914087360.0000,1210027008.0000,0.7554,23464445952,0.8540,3.2300,,42757471,6.2600,6.8300,6.3700,5.4800,0.0390,D/E:95,1,6.2000,False,3-7d,XLY,,AMZN|TSLA|HD,consumer_spending|employment_data|interest_rates,70,2026-12-03,False,2026-08-27,6.5500,6.2000,5.6000,ALCISTA FUERTE,10,767.8100,7.5500,53.4000,15.1800,"Filtros estándar (Score ≥6.5, DD ≥10%)"
CIEN,Ciena,Information Technology,Communications Equipment,2026-02-09,355.9100,2026-09-24,48.7300,36.7900,UP,3.9453,0.1646,True,0.5194,24.1729,0.8360,6.7920,380.2700,385.4200,356.1900,-6.4100,-7.6600,False,4.2689,BAJISTA,-27.6300,491.7900,637.5100,133.6700,-44.1700,166.2600,0.6780,False,360.7400,2,420.6400,True,1.3600,HAMMER|DOJI,6.1500,5.5000,7.0000,5.0000,8,5.0000,7.0000,False,13.5800,20.3800,1.5000,80.0067,30.3881,16.6387,8.4420,49.8540,0.2240,0.0773,0.1087,0.4407,0.3700,4.2290,107.4960,3.7970,633368384.0000,654409984.0000,0.9678,50828431360,1.3090,1.7600,,141808525,6.2300,9.4400,6.0300,2.7100,0.0125,D/E:107,1,6.2000,False,3-7d,XLK,,AAPL|MSFT|NVDA,interest_rates|ai_capex_cycle|semiconductor_cycle,-21,2026-12-10,False,2026-09-03,2.1100,1.7300,22.1000,ALCISTA FUERTE,10,767.8100,7.5500,53.4000,15.1800,"Filtros estándar (Score ≥6.5, DD ≥10%)"
REGN,Regeneron Pharmaceuticals,Health Care,Biotechnology,2013-05-01,801.8200,2026-09-24,43.4300,35.1100,UP,-4.8108,-8.8999,True,0.4603,19.5821,1.0280,2.4420,768.5900,732.8500,796.6500,4.3200,9.4100,True,1.2906,ALCISTA,-6.6900,859.3400,859.3400,538.2400,-6.6900,48.9700,1.0310,False,667.0700,1,853.1700,False,-16.8100,HAMMER|HAMMER,6.4500,10.0000,7.0000,5.0000,4,5.0000,7.0000,False,4.8800,7.3300,1.5000,19.6986,13.0744,2.5182,5.2756,15.9020,0.1404,0.0653,0.2787,0.4446,0.1670,-0.0450,8.5350,3.3350,3065299968.0000,4328699904.0000,0.7081,81954234368,0.1930,3.4700,0.4700,101137842,6.0100,5.0000,6.8900,6.1600,0.0374,FCF/NI:0.71,1,6.1900,False,10-18d,XLV,,UNH|JNJ|LLY,fda_calendar|drug_pricing_policy|patent_cliffs,36,2026-10-30,False,2026-07-30,14.2900,10.2100,40.0000,ALCISTA FUERTE,10,767.8100,7.5500,53.4000,15.1800,"Filtros estándar (Score ≥6.5, DD ≥10%)"
JCI,Johnson Controls,Industrials,Building Products,2010-08-27,145.9000,2026-09-24,61.5000,44.5300,UP,0.5250,-0.1988,True,0.8502,3.4841,0.7880,2.3880,144.3900,135.5300,142.9200,1.0400,7.6500,True,1.9095,ALCISTA,-6.8500,156.6200,156.6200,103.5900,-6.8500,40.8400,0.9040,True,136.0500,10,147.4600,False,-6.7500,BULL_ENGULF|HAMMER|DOJI,7.8000,10.0000,7.0000,7.5000,6,7.0000,9.5000,False,4.7800,7.1600,1.5000,40.9465,23.9370,6.5310,3.5227,22.4840,0.1433,0.0540,0.1432,0.3665,0.0930,0.1530,70.1070,1.0000,2984124928.0000,2180000000.0000,1.3689,88050573312,1.3040,3.3200,1.1000,605741470,5.1200,5.4100,5.0700,4.8400,0.0339,OK,0,6.1900,False,10-18d,XLI,,CAT|UNP|HON,pmi_manufacturing|supply_chain|capex_cycle,41,2026-11-04,False,2026-07-29,1.4200,1.3000,9.0000,ALCISTA FUERTE,10,767.8100,7.5500,53.4000,15.1800,"Filtros estándar (Score ≥6.5, DD ≥10%)"
MRVL,Marvell Technology,Information Technology,Semiconductors,2026-06-22,260.9000,2026-09-24,75.1900,43.1600,UP,3.9866,1.6899,True,0.9317,13.1379,0.7330,5.0360,218.0400,160.8100,236.0100,19.6600,62.2400,True,9.8039,ALCISTA,-13.0100,299.9300,329.8000,70.6400,-20.8900,269.3500,0.6300,True,200.6200,1,299.9300,False,-23.1000,HAMMER,7.2500,10.0000,7.0000,7.5000,4,7.0000,7.0000,False,10.0700,15.1100,1.5000,85.4621,38.3218,12.4471,24.6256,80.7410,0.1652,0.0413,0.2793,0.5222,0.3650,0.5000,28.5250,3.1680,2408049920.0000,2639899904.0000,0.9122,232719581184,2.2530,1.5400,0.0900,876926613,5.4900,7.0700,6.4100,2.5800,0.0103,OK,0,6.1900,False,10-18d,XLK,,AAPL|MSFT|NVDA,interest_rates|ai_capex_cycle|semiconductor_cycle,68,2026-12-01,False,2026-08-27,0.9400,0.9300,99.0000,ALCISTA FUERTE,10,767.8100,7.5500,53.4000,15.1800,"Filtros estándar (Score ≥6.5, DD ≥10%)"
SHW,Sherwin-Williams,Materials,Specialty Chemicals,1964-06-30,326.4600,2026-09-24,45.2300,22.1400,UP,-0.1791,-1.4193,True,0.4128,6.9100,0.7710,2.1170,338.5200,331.9600,329.1200,-3.5600,-1.6600,True,-0.1352,BAJISTA,-12.0800,371.3000,375.0900,289.1900,-12.9700,12.8900,1.3870,False,326.0200,2,340.0900,True,-0.1300,HAMMER,7.0500,6.5000,7.0000,7.0000,8,7.0000,7.0000,False,4.2300,6.3500,1.5000,29.5572,23.5578,20.0588,3.1863,19.8600,0.6512,0.0952,0.1101,0.4898,0.0750,0.1430,389.9580,0.7270,2506037504.0000,2688199936.0000,0.9322,77779705856,1.0890,4.1700,0.9800,242758151,5.6000,5.2000,6.7400,4.7200,0.0322,D/E:390,1,6.1800,False,3-7d,XLB,,LIN|APD|ECL,commodity_prices|dxy|china_demand|energy_costs,33,2026-10-27,False,2026-07-28,3.7000,3.5200,5.1000,ALCISTA FUERTE,10,767.8100,7.5500,53.4000,15.1800,"Filtros estándar (Score ≥6.5, DD ≥10%)"
WST,West Pharmaceutical Services,Health Care,Health Care Supplies,2020-05-22,375.8700,2026-09-24,78.8900,64.2600,UP,2.9821,2.8078,True,1.0529,8.6064,1.0030,2.2900,349.6700,298.0700,354.6200,7.4900,26.1000,True,2.7226,ALCISTA,-2.5600,385.7500,385.7500,223.5200,-2.5600,68.1600,1.5250,False,349.1800,1,385.7500,False,-7.1000,NONE,6.6500,10.0000,7.0000,7.0000,4,5.0000,5.0000,False,4.5800,6.8700,1.5000,47.7749,37.4234,8.7960,7.9032,28.8670,0.1909,0.1138,0.1698,0.3679,0.1380,0.1810,10.5850,2.8220,277937504.0000,564899968.0000,0.4920,26292383744,1.1350,4.3300,0.2300,70375762,5.8700,7.7300,6.8000,2.6200,0.0106,FCF/NI:0.49,1,6.1800,False,10-18d,XLV,,UNH|JNJ|LLY,fda_calendar|drug_pricing_policy|patent_cliffs,28,2026-10-22,False,2026-07-23,2.3700,2.0800,13.9000,ALCISTA FUERTE,10,767.8100,7.5500,53.4000,15.1800,"Filtros estándar (Score ≥6.5, DD ≥10%)"
DLR,Digital Realty,Real Estate,Data Center REITs,2016-05-18,181.4500,2026-09-24,49.2900,33.5300,UP,-0.1865,-0.5930,True,0.2711,4.8921,0.8990,2.6960,186.6400,177.9300,184.8400,-2.7800,1.9800,True,1.6221,NEUTRO,-11.9400,206.0600,206.0600,143.3000,-11.9400,26.6300,0.7470,True,179.4100,6,195.6900,True,-1.1200,NONE,7.4200,8.5000,7.0000,7.5000,9,6.5000,5.0000,False,5.3900,8.0900,1.5000,88.2927,65.5303,2.5080,10.1164,27.4600,0.0291,0.0148,0.1182,0.5699,0.2990,-0.5870,67.9440,0.8900,3768482048.0000,758297984.0000,4.9697,68357132288,1.0370,0.0000,2.6900,370998727,5.3400,5.0000,4.9700,6.1700,0.0551,OK,0,6.1700,False,7-15d,XLRE,,PLD|AMT|EQIX,interest_rates|cap_rates|occupancy_trends,28,2026-10-22,False,2026-07-23,0.6200,0.7300,-15.0000,ALCISTA FUERTE,10,767.8100,7.5500,53.4000,15.1800,"Filtros estándar (Score ≥6.5, DD ≥10%)"
XOM,ExxonMobil,Energy,Integrated Oil & Gas,1957-03-04,161.2300,2026-09-24,44.6900,64.9300,DOWN,-0.7672,-0.1946,False,0.4289,3.9479,1.1290,2.4490,158.0300,145.7900,162.1400,2.0200,10.5900,True,3.3960,ALCISTA,-4.9600,169.6400,174.0900,107.2800,-7.3900,50.2900,0.8400,False,148.1300,1,158.0500,False,-8.1200,NONE,5.8500,10.0000,5.0000,5.0000,4,5.0000,5.0000,False,4.9000,7.3500,1.5000,20.8674,14.9622,2.5704,1.8465,10.3250,0.1258,0.0552,0.0907,0.2977,0.4410,1.1280,15.9210,1.1350,20671000576.0000,32757000192.0000,0.6310,666705395712,0.1750,2.7700,2.5600,4111911960,6.3900,8.2300,5.8800,4.8500,0.0310,FCF/NI:0.63,1,6.1700,False,10-18d,XLE,,CVX|COP|SLB,oil_price|gas_price|opec_supply|inventories,36,2026-10-30,False,2026-07-31,4.1100,3.6300,13.3000,ALCISTA FUERTE,10,767.8100,7.5500,53.4000,15.1800,"Filtros estándar (Score ≥6.5, DD ≥10%)"
TKO,TKO Group Holdings,Communication Services,Movies & Entertainment,2025-03-24,189.0800,2026-09-24,58.9000,47.2200,UP,0.0725,0.2761,False,0.5362,5.9233,1.0020,3.1330,187.8600,195.8800,189.7100,0.6500,-3.4700,False,0.2989,BAJISTA,-13.2500,217.9600,224.2300,173.2500,-15.6800,9.1400,0.6750,False,191.8500,1,188.6800,True,1.4700,NONE,6.0500,7.0000,6.0000,5.0000,8,5.0000,5.0000,False,6.2700,9.4000,1.5000,64.7063,39.5321,4.0504,6.6064,14.2920,0.0706,0.0450,0.0433,0.5946,0.1820,0.1440,59.2160,1.2780,856147520.0000,229556000.0000,3.7296,35026251776,0.6430,6.6200,1.6700,73111098,6.2500,9.5600,5.2600,3.5500,0.0244,OK,0,6.1700,False,3-7d,XLC,,GOOGL|META|NFLX,ad_spending_cycle|streaming_competition|regulation,41,2026-11-04,False,2026-08-03,1.3400,1.0900,23.3000,ALCISTA FUERTE,10,767.8100,7.5500,53.4000,15.1800,"Filtros estándar (Score ≥6.5, DD ≥10%)"
DELL,Dell Technologies,Information Technology,"Technology Hardware, Storage & Peripherals",2024-09-23,549.8300,2026-09-24,60.5000,65.6800,DOWN,0.7541,6.3561,False,0.6556,33.5221,1.0340,6.0970,469.7700,278.2500,527.8400,17.0400,97.6000,True,16.2863,ALCISTA,-7.6700,595.5100,595.5100,109.7000,-7.6700,401.2200,0.7570,False,422.9400,2,,False,-23.0800,NONE,5.8500,10.0000,5.0000,5.0000,4,5.0000,5.0000,False,12.1900,18.2900,1.5000,31.1458,18.4091,-240.3677,2.2541,21.0600,,0.0864,0.0752,0.1991,0.5770,2.7290,,0.9620,6033375232.0000,11377999872.0000,0.5303,340808368128,1.4090,2.7000,0.4600,315433188,6.3700,10.0000,4.9300,3.8000,0.0177,FCF/NI:0.53,1,6.1600,False,10-18d,XLK,,AAPL|MSFT|NVDA,interest_rates|ai_capex_cycle|semiconductor_cycle,64,2026-11-27,False,2026-09-01,7.0400,4.9200,43.1000,ALCISTA FUERTE,10,767.8100,7.5500,53.4000,15.1800,"Filtros estándar (Score ≥6.5, DD ≥10%)"
PNC,PNC Financial Services,Financials,Diversified Banks,1988-04-30,224.0300,2026-09-24,33.3000,44.0000,DOWN,-1.4668,-0.9789,False,-0.1671,5.1436,1.1210,2.2960,246.4900,225.0300,238.7600,-9.1100,-0.4400,True,2.6084,BAJISTA,-13.4900,258.9600,258.9600,172.8200,-13.4900,29.6300,1.1980,False,214.2100,2,222.7500,False,-4.3800,NONE,6.1500,7.0000,6.5000,5.0000,5,8.0000,5.0000,False,4.5900,6.8900,1.5000,12.2917,10.4288,1.5348,3.6638,,0.1262,0.0131,0.3137,0.0000,0.2360,0.2490,,,,7261000192.0000,,89100083200,0.8890,4.8100,3.5700,398943667,6.1600,8.2900,4.6600,5.4200,,OK,0,6.1600,False,3-7d,XLF,,JPM|BAC|WFC,interest_rates|yield_curve|credit_spreads|loan_growth,21,2026-10-15,False,2026-07-15,4.8100,4.4500,8.0000,ALCISTA FUERTE,10,767.8100,7.5500,53.4000,15.1800,"Filtros estándar (Score ≥6.5, DD ≥10%)"
PH,Parker Hannifin,Industrials,Industrial Machinery & Supplies & Components,1985-11-30,971.2100,2026-09-24,56.4700,27.4100,UP,1.7428,-5.9687,True,0.5789,21.5914,0.8770,2.2230,985.7100,938.1900,960.1100,-1.4700,3.5200,True,1.3680,NEUTRO,-11.5300,1097.7300,1097.7300,709.4600,-11.5300,36.8900,0.9290,False,933.4700,3,1000.2400,True,-3.8900,BULL_ENGULF,6.9500,8.5000,7.0000,5.0000,9,5.0000,7.5000,False,4.4500,6.6700,1.5000,34.2579,24.8030,7.9814,5.7192,23.1520,0.2508,0.0979,0.1697,0.3755,0.0980,0.1930,56.6600,1.2620,2961750016.0000,3648000000.0000,0.8119,122957078528,1.1230,1.9400,0.8200,126112415,5.6100,6.4600,6.0300,4.1300,0.0241,OK,0,6.1500,False,7-15d,XLI,,CAT|UNP|HON,pmi_manufacturing|supply_chain|capex_cycle,42,2026-11-05,False,2026-08-06,9.2700,8.2700,12.2000,ALCISTA FUERTE,10,767.8100,7.5500,53.4000,15.1800,"Filtros estándar (Score ≥6.5, DD ≥10%)"
HII,Huntington Ingalls Industries,Industrials,Aerospace & Defense,2018-01-03,269.8000,2026-09-24,20.9100,35.1400,DOWN,-1.0764,-1.2184,True,0.0313,6.8929,0.7730,2.5550,294.8500,343.4200,284.1200,-8.5000,-21.4400,False,-0.6323,BAJISTA,-18.9700,332.9800,455.9000,262.4000,-40.8200,2.8200,1.0810,False,274.4600,2,294.8200,True,1.7300,HAMMER|DOJI,6.9500,5.0000,8.5000,5.0000,7,10.0000,7.0000,False,5.1100,7.6600,1.5000,15.8522,12.7671,1.9732,0.7950,11.4570,0.1297,0.0428,0.0501,0.1240,0.1090,0.3650,55.2520,1.2300,-300249984.0000,661000000.0000,-0.4542,10481624064,0.2250,2.4800,2.0500,39404598,5.6100,7.9800,4.0100,4.7300,-0.0286,FCF/NI:-0.45,1,6.1500,False,5-10d,XLI,,CAT|UNP|HON,pmi_manufacturing|supply_chain|capex_cycle,35,2026-10-29,False,2026-07-30,5.2700,3.8200,38.0000,ALCISTA FUERTE,10,767.8100,7.5500,53.4000,15.1800,"Filtros estándar (Score ≥6.5, DD ≥10%)"
IVZ,Invesco,Financials,Asset Management & Custody Banks,2008-08-21,30.7400,2026-09-24,41.3800,35.1200,UP,-0.2432,-0.3778,True,0.2097,0.9614,1.0230,3.1280,31.1900,27.3300,31.4300,-1.4500,12.4700,True,3.3254,NEUTRO,-8.6700,33.6600,33.6600,20.0300,-8.6700,53.4400,1.1540,False,27.6700,1,31.1200,False,-9.9700,NONE,6.1700,8.5000,7.0000,5.0000,4,6.5000,5.0000,False,6.2600,9.3800,1.5000,,9.3848,1.3597,1.9624,12.2940,-0.0057,0.0291,-0.0093,0.2952,0.2050,,12.0560,0.7080,1140787456.0000,-309200000.0000,-3.6895,13545212928,1.6050,2.9500,2.8000,441499780,6.1300,7.3000,3.9700,7.2700,0.0842,FCF/NI:-3.69|ROE:-0.6%,2,6.1500,False,7-15d,XLF,,JPM|BAC|WFC,interest_rates|yield_curve|credit_spreads|loan_growth,33,2026-10-27,False,2026-07-28,0.7100,0.6600,7.2000,ALCISTA FUERTE,10,767.8100,7.5500,53.4000,15.1800,"Filtros estándar (Score ≥6.5, DD ≥10%)"
CTSH,Cognizant,Information Technology,IT Consulting & Other Services,2006-11-17,59.1400,2026-09-24,38.5800,50.5800,DOWN,-0.7161,-0.4720,False,0.1832,2.1086,0.9130,3.5650,56.4600,61.2600,60.6100,4.7500,-3.4500,False,-1.8000,BAJISTA,-9.6000,65.4200,85.4800,36.8600,-30.8200,60.4300,0.7220,True,57.2900,3,61.0900,True,-3.1300,HAMMER|DOJI,7.2800,6.5000,6.5000,7.5000,10,6.5000,7.0000,False,7.1300,10.7000,1.5000,12.2682,9.0463,1.7868,1.1899,6.8590,0.1492,0.1074,0.1026,0.3344,0.0450,0.0380,14.4790,2.1820,2215500032.0000,2220000000.0000,0.9980,25751896064,0.8300,4.4800,2.2300,450444209,5.3900,0.1000,6.7300,10.0000,0.0860,OK,0,6.1500,False,3-7d,XLK,,AAPL|MSFT|NVDA,interest_rates|ai_capex_cycle|semiconductor_cycle,34,2026-10-28,False,2026-07-29,1.3700,1.3800,-66.0000,ALCISTA FUERTE,10,767.8100,7.5500,53.4000,15.1800,"Filtros estándar (Score ≥6.5, DD ≥10%)"
SPG,Simon Property Group,Real Estate,Retail REITs,2002-06-26,204.1600,2026-09-24,35.2800,19.9200,UP,0.1376,-0.3055,True,0.2731,3.1927,0.8200,1.5640,216.6900,198.9100,207.9500,-5.7800,2.6400,True,1.6813,NEUTRO,-13.4800,235.9700,235.9700,164.5700,-13.4800,24.0600,0.8100,False,197.8800,1,204.1800,True,-3.0800,NONE,6.9200,8.5000,8.5000,5.0000,7,6.5000,5.0000,False,3.1300,4.6900,1.5000,14.4460,30.1177,15.0725,11.1961,18.7170,1.2051,0.0563,0.6657,0.8143,0.1950,-0.1250,503.5040,0.2660,2595271168.0000,4617150976.0000,0.5621,77708926976,1.3120,0.0000,4.3600,323551515,5.6400,5.0000,5.8600,6.1400,0.0334,FCF/NI:0.56|D/E:504,2,6.1500,False,7-15d,XLRE,,PLD|AMT|EQIX,interest_rates|cap_rates|occupancy_trends,39,2026-11-02,False,2026-08-10,1.7300,1.5700,10.1000,ALCISTA FUERTE,10,767.8100,7.5500,53.4000,15.1800,"Filtros estándar (Score ≥6.5, DD ≥10%)"
DECK,Deckers Brands,Consumer Discretionary,Footwear,2024-03-18,78.5900,2026-09-24,35.6500,24.9700,UP,0.1864,-0.1423,True,0.2282,2.3964,0.7170,3.0490,91.8800,102.1600,82.8400,-14.4700,-23.0700,False,-0.1854,BAJISTA,-29.0600,110.7800,122.2900,77.3700,-35.7300,1.5800,0.9470,False,77.3700,1,105.3400,True,-1.5500,NONE,6.5200,5.0000,8.5000,5.0000,7,8.5000,5.0000,False,6.1000,9.1500,1.5000,11.1920,9.4503,4.6739,1.9385,7.2270,0.4256,0.2032,0.1836,0.5780,0.0570,0.0110,20.5210,2.7470,871420352.0000,1014840000.0000,0.8587,10714788864,1.1500,3.7000,,136181857,5.8900,2.3500,7.6900,7.9100,0.0813,OK,0,6.1400,False,3-7d,XLY,,AMZN|TSLA|HD,consumer_spending|employment_data|interest_rates,28,2026-10-22,False,2026-07-23,0.9400,0.8700,7.6000,ALCISTA FUERTE,10,767.8100,7.5500,53.4000,15.1800,"Filtros estándar (Score ≥6.5, DD ≥10%)"
SNA,Snap-on,Industrials,Industrial Machinery & Supplies & Components,1982-09-30,370.2500,2026-09-24,29.0300,24.4800,UP,-0.4676,-0.8357,True,0.2026,6.1929,0.8010,1.6730,394.9000,374.5100,379.7600,-6.2400,-1.1400,True,1.3743,BAJISTA,-11.9300,420.4100,420.4100,312.3400,-11.9300,18.5400,0.7100,False,359.5600,1,391.6400,True,-2.8900,HAMMER|DOJI,7.1800,7.0000,9.5000,5.0000,8,6.5000,7.0000,False,3.3500,5.0200,1.5000,18.7703,17.1877,3.1480,3.6059,13.3120,0.1793,0.0985,0.1960,0.5183,0.0420,0.0510,21.5950,3.4330,1109474944.0000,1033699968.0000,1.0733,19020580864,0.7120,11.3900,2.6400,51727124,5.4300,1.4900,7.2500,7.9000,0.0583,OK,0,6.1300,False,5-10d,XLI,,CAT|UNP|HON,pmi_manufacturing|supply_chain|capex_cycle,21,2026-10-15,False,2026-07-23,4.9600,4.9500,26.0000,ALCISTA FUERTE,10,767.8100,7.5500,53.4000,15.1800,"Filtros estándar (Score ≥6.5, DD ≥10%)"
ROK,Rockwell Automation,Industrials,Electrical Components & Equipment,2000-03-12,432.8900,2026-09-24,59.9800,40.6300,UP,1.4042,-0.6727,True,0.7940,11.0186,0.8380,2.5450,441.4300,420.3800,426.0100,-1.9300,2.9800,True,1.1204,NEUTRO,-12.6900,495.8300,495.8300,328.3200,-12.6900,31.8500,0.8230,False,435.3900,3,487.8500,True,0.5800,NONE,6.7000,8.5000,7.0000,5.0000,9,5.0000,5.0000,False,5.0900,7.6400,1.5000,40.4986,29.1413,13.7595,5.3688,24.4780,0.3063,0.0999,0.1339,0.4909,0.0790,0.4040,103.3470,1.0750,1303874944.0000,1199000064.0000,1.0875,48173830144,1.5150,4.2700,1.2800,111273953,5.7500,7.0200,5.8900,4.0900,0.0271,D/E:103,1,6.1300,False,7-15d,XLI,,CAT|UNP|HON,pmi_manufacturing|supply_chain|capex_cycle,42,2026-11-05,False,2026-08-03,3.4900,3.3800,3.1000,ALCISTA FUERTE,10,767.8100,7.5500,53.4000,15.1800,"Filtros estándar (Score ≥6.5, DD ≥10%)"
DASH,DoorDash,Consumer Discretionary,Specialized Consumer Services,2025-03-24,189.2700,2026-09-24,14.9600,23.1200,DOWN,-3.1260,-3.8529,True,0.1773,7.3377,0.8990,3.8770,205.4200,188.2600,204.2200,-7.8600,0.5300,True,0.4233,NEUTRO,-20.7500,238.8300,285.5000,143.3000,-33.7100,32.0800,1.5110,False,165.7300,3,191.4600,False,-12.4400,HAMMER|DOJI|HAMMER,6.9800,8.5000,8.5000,5.0000,6,6.5000,7.0000,False,7.7500,11.6300,1.5000,98.1833,23.0268,8.1894,5.1134,55.1710,0.0889,0.0297,0.0529,0.5222,0.3560,-0.3000,33.2760,1.3680,5147500032.0000,841000000.0000,6.1207,81256366080,1.7880,4.0800,,409082893,5.5500,5.0000,5.8500,5.8300,0.0633,OK,0,6.1200,False,7-15d,XLY,,AMZN|TSLA|HD,consumer_spending|employment_data|interest_rates,41,2026-11-04,False,2026-08-05,0.4600,0.4700,-2.4000,ALCISTA FUERTE,10,767.8100,7.5500,53.4000,15.1800,"Filtros estándar (Score ≥6.5, DD ≥10%)"
ADBE,Adobe Inc.,Information Technology,Application Software,1997-05-05,240.6900,2026-09-24,29.4200,39.2700,DOWN,-3.6442,-3.6912,True,0.1710,10.4193,0.9860,4.3290,257.1300,263.7400,256.7100,-6.3900,-8.7400,False,-2.2558,BAJISTA,-18.2800,294.5300,368.7300,190.1200,-34.7200,26.6000,0.6700,False,236.7200,5,259.1000,True,-1.6500,HAMMER|DOJI,6.7300,5.0000,8.5000,5.0000,9,6.5000,7.0000,False,8.6600,12.9900,1.5000,13.3406,8.6340,7.9413,3.6571,9.5620,0.6190,0.2008,0.2805,0.8925,0.1290,0.1050,57.6930,0.7700,9345125376.0000,7283999744.0000,1.2830,94974672896,1.4170,3.9900,,397500000,5.7200,1.3900,7.2500,8.9800,0.0984,OK,0,6.1200,False,5-10d,XLK,,AAPL|MSFT|NVDA,interest_rates|ai_capex_cycle|semiconductor_cycle,76,2026-12-09,False,2026-09-10,6.1300,6.0900,71.0000,ALCISTA FUERTE,10,767.8100,7.5500,53.4000,15.1800,"Filtros estándar (Score ≥6.5, DD ≥10%)"
AME,Ametek,Industrials,Electrical Components & Equipment,2013-09-23,246.4500,2026-09-24,67.8100,42.1200,UP,1.0838,-0.2942,True,1.0186,5.1720,0.9600,2.0990,241.4800,227.6500,238.6400,2.0600,8.2600,True,1.9241,ALCISTA,-5.5000,260.7800,260.7800,178.1500,-5.5000,38.3400,1.0610,False,233.6500,1,243.1700,False,-5.1900,NONE,6.2500,10.0000,7.0000,5.0000,4,5.0000,5.0000,False,4.2000,6.3000,1.5000,36.1664,25.8466,5.0438,7.2225,23.3200,0.1456,0.0816,0.2004,0.3691,0.1500,0.1420,20.5220,1.2140,1492221312.0000,1576269952.0000,0.9467,56797184000,0.9890,1.8800,0.5500,229261244,6.0100,6.9800,6.3700,4.4500,0.0263,OK,0,6.1100,False,10-18d,XLI,,CAT|UNP|HON,pmi_manufacturing|supply_chain|capex_cycle,35,2026-10-29,False,2026-08-04,2.0900,1.9900,4.8000,ALCISTA FUERTE,10,767.8100,7.5500,53.4000,15.1800,"Filtros estándar (Score ≥6.5, DD ≥10%)"
BG,Bunge Global,Consumer Staples,Agricultural Products & Services,2023-03-15,111.4800,2026-09-24,34.6600,67.2000,DOWN,-1.2331,-0.1944,False,0.1242,4.5929,1.2020,4.1200,115.1900,114.3600,117.2200,-3.2200,-2.5200,True,2.2222,BAJISTA,-12.5400,127.4700,134.0200,74.1100,-16.8200,50.4300,0.9640,False,106.5700,1,119.6300,False,-4.4000,HAMMER,6.3500,7.0000,6.5000,5.0000,5,8.0000,7.0000,False,8.2400,12.3600,1.5000,23.7522,9.7860,1.3272,0.2306,12.5230,0.0718,0.0347,0.0110,0.0492,0.8830,0.3300,97.9950,1.5670,-6475375104.0000,1010000000.0000,-6.4113,21173448704,0.6600,4.8100,2.5800,192119123,5.9400,10.0000,3.6100,3.9100,-0.3058,FCF/NI:-6.41|D/E:98,2,6.1000,False,3-7d,XLP,,PG|KO|PEP,inflation|input_costs|fx_rates,41,2026-11-04,False,2026-07-29,2.0000,1.9400,2.9000,ALCISTA FUERTE,10,767.8100,7.5500,53.4000,15.1800,"Filtros estándar (Score ≥6.5, DD ≥10%)"
DGX,Quest Diagnostics,Health Care,Health Care Services,2002-12-12,233.0000,2026-09-24,46.4200,53.2600,DOWN,-0.5210,0.2754,False,0.1339,5.9400,1.1010,2.5490,233.8900,202.9700,240.0400,-0.3800,14.8000,True,2.8991,NEUTRO,-6.3700,248.8400,248.8400,168.9700,-6.3700,37.8900,1.1290,False,232.2800,1,240.1300,True,-0.3100,HAMMER|DOJI,6.6500,8.5000,5.0000,5.0000,7,8.0000,7.0000,False,5.1000,7.6500,1.5000,25.1424,19.6215,3.4626,2.2589,14.0680,0.1460,0.0640,0.0919,0.3319,0.1020,0.1500,81.0740,1.5910,909625024.0000,1058000000.0000,0.8598,26113232896,0.5490,4.2500,1.4800,110373360,5.7400,5.9300,5.8200,5.4400,0.0348,D/E:81,1,6.1000,False,7-15d,XLV,,UNH|JNJ|LLY,fda_calendar|drug_pricing_policy|patent_cliffs,28,2026-10-22,False,2026-07-23,3.1200,2.8200,10.5000,ALCISTA FUERTE,10,767.8100,7.5500,53.4000,15.1800,"Filtros estándar (Score ≥6.5, DD ≥10%)"
ZBRA,Zebra Technologies,Information Technology,Electronic Equipment & Instruments,2019-12-23,371.0200,2026-09-24,65.4500,37.9800,UP,-0.7564,-3.5894,True,1.0871,11.7221,0.9740,3.1590,333.3800,263.0100,351.2400,11.2900,41.0700,True,4.1370,ALCISTA,-3.9400,386.2300,386.2300,199.0500,-3.9400,86.4000,1.1520,False,350.3600,1,386.2300,False,-5.5700,HAMMER,6.4500,10.0000,7.0000,5.0000,4,5.0000,7.0000,False,6.3200,9.4800,1.5000,33.4647,16.4462,5.0369,2.9542,16.9580,0.1529,0.0732,0.0922,0.4958,0.2040,1.2150,86.2300,0.5160,576750016.0000,539000000.0000,1.0700,17273122816,1.6070,2.3400,,47310660,5.8700,7.2300,4.6800,5.6900,0.0334,D/E:86,1,6.1000,False,10-18d,XLK,,AAPL|MSFT|NVDA,interest_rates|ai_capex_cycle|semiconductor_cycle,40,2026-11-03,False,2026-08-04,6.3500,4.3800,45.1000,ALCISTA FUERTE,10,767.8100,7.5500,53.4000,15.1800,"Filtros estándar (Score ≥6.5, DD ≥10%)"
BEN,Franklin Resources,Financials,Asset Management & Custody Banks,1998-04-30,32.7100,2026-09-24,46.6300,33.2000,UP,-0.1242,-0.1668,True,0.1518,0.8214,0.9530,2.5110,33.6700,28.8000,33.5600,-2.8600,13.5800,True,4.4796,NEUTRO,-9.8400,36.2800,36.2800,20.3200,-9.8400,60.9700,1.9890,False,33.0400,2,34.0800,True,1.0100,HAMMER|DOJI|HAMMER,6.8300,8.5000,7.0000,5.0000,7,6.5000,7.0000,False,5.0200,7.5300,1.5000,22.1429,10.2351,1.4073,1.7737,11.2190,0.0789,0.0264,0.0872,0.3771,0.1430,1.0670,24.8050,5.4860,-2990862592.0000,759200000.0000,-3.9395,16537902080,1.5700,4.2600,4.0400,508076910,5.6200,8.2000,5.4300,2.8400,-0.1808,FCF/NI:-3.94,1,6.1000,False,7-15d,XLF,,JPM|BAC|WFC,interest_rates|yield_curve|credit_spreads|loan_growth,43,2026-11-06,False,2026-07-31,0.7200,0.6600,8.3000,ALCISTA FUERTE,10,767.8100,7.5500,53.4000,15.1800,"Filtros estándar (Score ≥6.5, DD ≥10%)"
IT,Gartner,Information Technology,IT Consulting & Other Services,2017-04-05,178.5200,2026-09-24,43.1800,49.9000,DOWN,-1.6298,-0.9106,False,0.2553,8.8521,1.0430,4.9590,174.4500,174.9900,185.0100,2.3400,2.0200,False,-2.3749,ALCISTA,-12.0700,203.0300,265.8500,124.2500,-32.8500,43.6800,0.8560,True,172.6500,1,180.4500,True,-3.2900,HAMMER|DOJI,6.8300,8.0000,5.0000,7.5000,7,6.5000,7.0000,False,9.9200,14.8800,1.5000,16.1259,10.9618,-69.0223,1.7519,9.5130,1.1358,0.1017,0.1200,0.6963,-0.0060,0.3310,,0.8800,1052553024.0000,775350976.0000,1.3575,11323875328,0.9530,5.2900,,63148976,5.6000,1.6200,7.4000,8.1300,0.0929,OK,0,6.0900,False,10-18d,XLK,,AAPL|MSFT|NVDA,interest_rates|ai_capex_cycle|semiconductor_cycle,40,2026-11-03,False,2026-08-04,4.3700,3.7300,17.1000,ALCISTA FUERTE,10,767.8100,7.5500,53.4000,15.1800,"Filtros estándar (Score ≥6.5, DD ≥10%)"
GPN,Global Payments,Financials,Transaction & Payment Processing Services,2016-04-25,84.0000,2026-09-24,35.5800,37.6000,DOWN,-0.9658,-0.9434,False,0.0555,2.7545,0.9320,3.2790,87.1600,75.8800,87.8900,-3.6200,10.7000,True,2.0104,NEUTRO,-12.1400,95.6100,95.6100,60.7500,-12.1400,38.2600,0.9640,True,83.9600,1,90.5900,True,-0.0400,HAMMER|DOJI|HAMMER,7.4500,8.5000,6.5000,7.5000,7,8.0000,7.0000,False,6.5600,9.8400,1.5000,40.4313,5.3376,0.9812,2.2117,9.1990,0.0243,0.0233,-0.0915,0.6396,0.6860,-0.9520,98.2730,0.8250,7867763200.0000,494190016.0000,15.9205,22574594048,0.7850,5.2000,1.1900,264618390,5.1800,5.0000,3.9900,6.8000,0.3485,OK,0,6.0900,False,7-15d,XLF,,JPM|BAC|WFC,interest_rates|yield_curve|credit_spreads|loan_growth,40,2026-11-03,False,2026-08-05,3.4600,3.4400,63.0000,ALCISTA FUERTE,10,767.8100,7.5500,53.4000,15.1800,"Filtros estándar (Score ≥6.5, DD ≥10%)"
TFC,Truist Financial,Financials,Diversified Banks,1997-12-04,47.0000,2026-09-24,36.7400,51.2300,DOWN,-0.2836,-0.2022,False,-0.1365,1.2129,1.1740,2.5810,50.9600,49.0600,49.7200,-7.7700,-4.1900,True,1.2591,BAJISTA,-12.4600,53.6900,54.5200,39.1000,-13.7900,20.1900,0.8740,False,47.4600,2,51.0900,True,0.9800,HAMMER,6.8000,7.0000,6.5000,5.0000,8,8.0000,7.0000,False,5.1600,7.7400,1.5000,10.8460,9.4813,0.9821,3.0290,,0.0906,0.0106,0.3069,0.0000,0.0820,0.3670,,,,5533000192.0000,,57636327424,0.8620,4.2800,4.4300,1221626188,5.6200,6.6200,4.3100,5.9900,,OK,0,6.0900,False,3-7d,XLF,,JPM|BAC|WFC,interest_rates|yield_curve|credit_spreads|loan_growth,22,2026-10-16,False,2026-07-17,1.2300,1.0800,13.8000,ALCISTA FUERTE,10,767.8100,7.5500,53.4000,15.1800,"Filtros estándar (Score ≥6.5, DD ≥10%)"
FOX,Fox Corporation (Class B),Communication Services,Broadcasting,2019-03-19,56.9600,2026-09-24,43.4800,43.3800,UP,-0.4910,-0.3570,False,0.1223,1.6264,0.9540,2.8550,56.3300,56.6000,58.5700,1.1200,0.6400,False,0.1888,ALCISTA,-9.0400,62.6200,67.4800,43.8600,-15.5900,29.8600,0.8680,False,56.2300,2,58.7500,True,-1.2800,HAMMER,6.8500,8.5000,6.0000,5.0000,7,8.0000,7.0000,False,5.7100,8.5700,1.5000,14.8958,9.9565,2.0640,1.4084,7.0720,0.1429,0.0950,0.0984,0.3663,0.2810,0.0310,64.0600,3.1690,555374976.0000,1684999936.0000,0.3296,24119732224,0.5590,9.9700,1.0200,220248764,5.5600,6.2500,5.3000,5.0500,0.0230,FCF/NI:0.33,1,6.0800,False,10-18d,XLC,,GOOGL|META|NFLX,ad_spending_cycle|streaming_competition|regulation,35,2026-10-29,False,2026-08-06,1.7900,1.3600,31.6000,ALCISTA FUERTE,10,767.8100,7.5500,53.4000,15.1800,"Filtros estándar (Score ≥6.5, DD ≥10%)"
T,AT&T,Communication Services,Integrated Telecommunication Services,1983-11-30,25.3000,2026-09-24,43.2200,49.9000,DOWN,-0.1762,-0.1336,False,0.2355,0.6443,1.0140,2.5470,24.6100,24.7500,25.5000,2.8000,2.2100,False,0.4693,ALCISTA,-6.0500,26.9300,28.7500,19.6300,-12.0000,28.9000,1.1380,True,24.8900,5,26.4200,True,-1.6200,NONE,7.0300,8.5000,5.0000,7.5000,9,6.5000,5.0000,False,5.0900,7.6400,1.5000,8.3993,9.9058,1.5851,1.3706,7.5790,0.1834,0.0416,0.1694,0.5972,0.0230,0.0620,129.0540,0.9710,10142000128.0000,21479999488.0000,0.4722,174393229312,0.4310,3.3800,4.3900,6852385650,5.4500,3.1500,4.6000,9.1300,0.0582,FCF/NI:0.47|D/E:129,2,6.0800,False,10-18d,XLC,,GOOGL|META|NFLX,ad_spending_cycle|streaming_competition|regulation,27,2026-10-21,False,2026-07-22,0.6500,0.5900,10.5000,ALCISTA FUERTE,10,767.8100,7.5500,53.4000,15.1800,"Filtros estándar (Score ≥6.5, DD ≥10%)"
BNY,BNY Mellon,Financials,Asset Management & Custody Banks,1995-03-31,149.5100,2026-09-24,24.6500,25.6800,DOWN,-1.4405,-1.4103,False,-0.0355,3.3343,1.0340,2.2300,159.1400,134.7700,157.5500,-6.0500,10.9300,True,3.9506,NEUTRO,-9.8500,165.8400,165.8400,101.2600,-9.8500,47.6500,1.0830,False,151.6800,1,147.9100,True,1.4500,HAMMER|DOJI,7.1500,8.5000,7.5000,5.0000,7,8.0000,7.0000,False,4.4600,6.6900,1.5000,17.5251,14.6543,2.5533,4.7586,,0.1412,0.0126,0.2941,0.0000,0.1310,0.2690,,,,6024000000.0000,,101904539648,1.0480,0.0100,1.4800,678504142,5.3700,6.4800,4.8000,4.7300,,OK,0,6.0800,False,7-15d,XLF,,JPM|BAC|WFC,interest_rates|yield_curve|credit_spreads|loan_growth,21,2026-10-15,False,2026-07-15,2.4600,2.2200,10.7000,ALCISTA FUERTE,10,767.8100,7.5500,53.4000,15.1800,"Filtros estándar (Score ≥6.5, DD ≥10%)"
TXN,Texas Instruments,Information Technology,Semiconductors,2001-03-12,272.6200,2026-09-24,70.1300,53.2300,UP,2.1766,1.0500,True,1.0172,8.2864,0.7260,3.0400,272.1800,243.1000,264.9700,0.1600,12.1500,True,4.3589,ALCISTA,-13.1000,313.7300,332.3300,150.2000,-17.9700,81.5000,0.9290,False,273.4000,3,284.9200,True,0.2800,HAMMER,7.5000,10.0000,7.0000,5.0000,9,7.0000,7.0000,False,6.0800,9.1200,1.5000,41.1948,25.4254,13.7226,12.7060,26.7040,0.3518,0.1306,0.3111,0.5833,0.2280,0.5180,78.0360,4.8570,3545250048.0000,6016999936.0000,0.5892,247170482176,1.3140,3.5700,2.2300,913247686,5.1100,5.3600,6.2700,3.4500,0.0143,FCF/NI:0.59,1,6.0700,False,10-18d,XLK,,AAPL|MSFT|NVDA,interest_rates|ai_capex_cycle|semiconductor_cycle,33,2026-10-27,False,2026-07-22,2.1400,1.9400,10.5000,ALCISTA FUERTE,10,767.8100,7.5500,53.4000,15.1800,"Filtros estándar (Score ≥6.5, DD ≥10%)"
CNP,CenterPoint Energy,Utilities,Multi-Utilities,1985-07-31,37.1600,2026-09-24,28.5700,40.3300,DOWN,-0.1033,-0.0333,False,-0.0976,0.6607,0.7720,1.7780,40.5400,41.0200,38.9300,-8.3400,-9.4000,False,0.0821,BAJISTA,-17.4100,44.9900,44.9900,36.6000,-17.4100,1.5400,1.1340,False,,0,41.0200,False,,HAMMER|DOJI,6.4000,5.5000,7.5000,5.0000,4,10.0000,7.0000,False,3.5600,5.3300,1.5000,21.9167,17.6392,2.0694,2.5212,12.5700,0.0983,0.0300,0.1161,0.4703,0.1070,0.2330,210.2560,1.1230,-5191875072.0000,1116999936.0000,-4.6481,24254078976,0.4510,7.1600,2.5800,658720288,5.8500,10.0000,4.3000,2.8200,-0.2141,FCF/NI:-4.65|D/E:210,2,6.0700,False,3-7d,XLU,,NEE|DUK|SO,interest_rates|regulatory_environment,28,2026-10-22,False,2026-07-28,0.4000,0.3700,7.4000,ALCISTA FUERTE,10,767.8100,7.5500,53.4000,15.1800,"Filtros estándar (Score ≥6.5, DD ≥10%)"
COO,Cooper Companies (The),Health Care,Health Care Supplies,2016-09-23,56.0700,2026-09-24,24.7400,7.9900,UP,-0.6919,-1.6773,True,0.2904,2.8436,1.4900,5.0710,69.3100,72.3300,61.2400,-19.1000,-22.4900,False,-1.4350,BAJISTA,-28.2200,78.1100,89.8300,51.0100,-37.5800,9.9200,0.9170,False,51.0100,1,63.3200,False,-9.0200,NONE,5.9700,5.0000,9.5000,5.0000,4,6.5000,5.0000,False,10.1400,15.2100,1.5000,19.0309,11.7987,1.2641,2.4855,14.2800,0.0684,0.0273,0.1346,0.6593,0.0060,3.5710,33.6340,1.2220,542649984.0000,570300032.0000,0.9515,10530800640,0.8180,5.0500,,190155294,6.1400,5.0000,5.7300,7.9400,0.0515,OK,0,6.0700,False,3-7d,XLV,,UNH|JNJ|LLY,fda_calendar|drug_pricing_policy|patent_cliffs,-15,2026-12-10,False,2026-09-09,1.1500,1.1200,2.7000,ALCISTA FUERTE,10,767.8100,7.5500,53.4000,15.1800,"Filtros estándar (Score ≥6.5, DD ≥10%)"
AFL,Aflac,Financials,Life & Health Insurance,1999-05-28,115.2300,2026-09-24,46.6300,55.5500,DOWN,0.1273,0.2689,False,0.2461,1.8257,0.8980,1.5840,120.1200,113.9000,116.7400,-4.0700,1.1700,True,0.5753,NEUTRO,-11.0700,129.5700,129.5700,103.2700,-11.0700,11.5800,0.8150,False,115.8500,2,118.9900,True,0.5400,NONE,6.2300,8.5000,5.0000,5.0000,7,6.5000,5.0000,False,3.1700,4.7500,1.5000,12.3121,15.1178,1.8891,3.1633,10.7190,0.1691,0.0313,0.2691,0.5089,-0.0100,0.4680,53.3650,0.8920,5152249856.0000,4862000128.0000,1.0597,57158152192,0.5800,5.1800,2.1200,501343298,5.9700,5.0000,5.7900,7.3000,0.0901,OK,0,6.0700,False,7-15d,XLF,,JPM|BAC|WFC,interest_rates|yield_curve|credit_spreads|loan_growth,41,2026-11-04,False,2026-08-06,1.7500,1.7600,-45.0000,ALCISTA FUERTE,10,767.8100,7.5500,53.4000,15.1800,"Filtros estándar (Score ≥6.5, DD ≥10%)"
FDX,FedEx,Industrials,Air Freight & Logistics,1980-12-31,291.5000,2026-09-24,25.3300,27.3700,DOWN,-2.6419,-2.1975,False,0.0255,7.0816,0.8710,2.4290,316.5800,294.3300,310.5200,-7.9200,-0.9600,True,3.6504,BAJISTA,-14.3500,340.3500,342.7300,177.9700,-14.9500,63.7900,1.0670,False,288.5700,2,340.2800,True,-1.0100,NONE,6.8000,7.0000,7.5000,5.0000,8,8.0000,5.0000,False,4.8600,7.2900,1.5000,15.0777,13.4011,2.1199,0.6985,8.0650,0.1485,0.0501,0.0468,0.2732,0.1250,-0.0430,135.6970,1.4750,5656625152.0000,4425999872.0000,1.2780,66158854144,1.3640,3.2500,1.6700,236670435,5.5500,3.4900,4.8700,8.7400,0.0855,D/E:136,1,6.0500,False,3-7d,XLI,,CAT|UNP|HON,pmi_manufacturing|supply_chain|capex_cycle,34,2026-10-12,False,2026-06-23,6.3100,5.9200,6.5000,ALCISTA FUERTE,10,767.8100,7.5500,53.4000,15.1800,"Filtros estándar (Score ≥6.5, DD ≥10%)"
V,Visa Inc.,Financials,Transaction & Payment Processing Services,2009-12-21,361.5200,2026-09-24,37.1700,39.7100,DOWN,-1.6750,-1.2008,False,-0.0007,5.5436,0.7680,1.5330,367.3100,335.2700,370.4600,-1.5800,7.8300,True,1.3382,NEUTRO,-6.2400,385.5700,385.5700,292.7400,-6.2400,23.5000,0.8370,False,358.1300,2,364.7800,True,-0.9400,HAMMER|DOJI|HAMMER|DOJI|HAMMER|DOJI,7.2500,8.5000,6.5000,5.0000,7,10.0000,7.0000,False,3.0700,4.6000,1.5000,31.3174,24.5250,19.5008,15.5284,21.7100,0.6119,0.1911,0.5078,0.9772,0.1440,0.1020,67.8210,0.9850,20404000768.0000,22397999104.0000,0.9110,690829197312,0.7610,2.9900,0.7400,1704112694,5.2300,4.2800,7.3200,3.9000,0.0295,OK,0,6.0400,False,7-15d,XLF,,JPM|BAC|WFC,interest_rates|yield_curve|credit_spreads|loan_growth,33,2026-10-27,False,2026-07-28,3.3200,3.2300,2.8000,ALCISTA FUERTE,10,767.8100,7.5500,53.4000,15.1800,"Filtros estándar (Score ≥6.5, DD ≥10%)"
GEHC,GE HealthCare,Health Care,Health Care Equipment,2023-01-04,66.0900,2026-09-24,30.4600,4.2800,UP,-0.2729,-0.8165,True,0.3910,1.6619,0.8570,2.5150,68.2300,71.9600,66.8300,-3.1300,-8.1600,False,-1.1201,BAJISTA,-12.6400,75.6500,89.6400,58.7200,-26.2700,12.5600,0.9700,False,60.3900,5,66.1600,False,-8.6200,HAMMER|DOJI,6.0500,5.0000,8.5000,5.0000,6,5.0000,7.0000,False,5.0300,7.5400,1.5000,15.2949,12.2649,2.7319,1.4099,10.7700,0.1938,0.0513,0.0933,0.3953,0.0580,0.1680,93.9650,1.2640,1573124992.0000,1984999936.0000,0.7925,29982930944,0.8210,6.5800,0.2400,451686252,6.0400,4.4200,6.1700,7.8000,0.0525,D/E:94,1,6.0400,False,3-7d,XLV,,UNH|JNJ|LLY,fda_calendar|drug_pricing_policy|patent_cliffs,34,2026-10-28,False,2026-07-29,1.1300,1.0400,9.1000,ALCISTA FUERTE,10,767.8100,7.5500,53.4000,15.1800,"Filtros estándar (Score ≥6.5, DD ≥10%)"
EMR,Emerson Electric,Industrials,Electrical Components & Equipment,1965-03-31,154.5900,2026-09-24,62.1800,37.8100,UP,0.1500,-0.8967,True,0.7320,3.6529,0.8860,2.3630,151.4300,142.9400,151.2800,2.0900,8.1500,True,1.6382,ALCISTA,-6.7500,165.7900,165.7900,121.7300,-6.7500,26.9900,1.1890,False,138.3300,1,153.2200,False,-10.5200,HAMMER,6.4500,10.0000,7.0000,5.0000,4,5.0000,7.0000,False,4.7300,7.0900,1.5000,34.0917,21.5460,4.2737,4.6735,16.1550,0.1280,0.0690,0.1383,0.5316,0.0700,0.2300,67.6770,0.8960,3706249984.0000,2576000000.0000,1.4388,87094894592,1.2330,3.2300,1.4400,557800000,5.7500,6.4000,4.9700,5.9000,0.0426,OK,0,6.0300,False,10-18d,XLI,,CAT|UNP|HON,pmi_manufacturing|supply_chain|capex_cycle,41,2026-11-04,False,2026-08-04,1.7100,1.6800,2.0000,ALCISTA FUERTE,10,767.8100,7.5500,53.4000,15.1800,"Filtros estándar (Score ≥6.5, DD ≥10%)"
FOXA,Fox Corporation (Class A),Communication Services,Broadcasting,2019-03-19,63.9600,2026-09-24,44.7000,43.3100,UP,-0.5556,-0.4383,False,0.1528,1.8479,0.9390,2.8890,63.1000,63.0900,65.5900,1.3600,1.3900,True,0.2405,ALCISTA,-9.4500,70.6400,75.6800,48.1300,-15.4900,32.9000,0.9000,False,62.8700,2,64.3700,True,-1.7100,HAMMER|DOJI|HAMMER|DOJI|HAMMER,6.9200,10.0000,6.0000,5.0000,7,6.5000,7.0000,False,5.7800,8.6700,1.5000,16.6250,10.9180,2.3036,1.5719,7.8280,0.1429,0.0950,0.0984,0.3663,0.2810,0.0310,64.0600,3.1690,555374976.0000,1684999936.0000,0.3296,26919645184,0.5590,8.3600,0.9100,201424858,5.4300,6.2500,5.3000,4.6200,0.0206,FCF/NI:0.33,1,6.0300,False,10-18d,XLC,,GOOGL|META|NFLX,ad_spending_cycle|streaming_competition|regulation,35,2026-10-29,False,2026-08-06,1.7900,1.3800,29.3000,ALCISTA FUERTE,10,767.8100,7.5500,53.4000,15.1800,"Filtros estándar (Score ≥6.5, DD ≥10%)"
GNRC,Generac,Industrials,Heavy Electrical Equipment,2021-03-22,199.4200,2026-09-24,61.7900,30.6500,UP,3.4676,1.6298,True,0.7124,10.8114,0.9490,5.4210,202.2700,210.7900,194.3200,-1.4100,-5.4000,False,1.8701,BAJISTA,-32.4900,295.4100,296.4400,134.8000,-32.7300,47.9400,0.7400,False,201.0000,1,225.6700,True,0.7900,HAMMER,6.1500,5.5000,7.0000,5.0000,8,5.0000,7.0000,False,10.8400,16.2600,1.5000,45.5287,15.9181,4.0610,2.6354,20.2850,0.0949,0.0472,0.0582,0.3954,0.1060,0.9200,49.0030,2.0450,289056512.0000,258195008.0000,1.1195,11697612800,1.9130,2.4400,,59063935,5.9300,7.8800,5.4100,4.2700,0.0247,OK,0,6.0200,False,3-7d,XLI,,CAT|UNP|HON,pmi_manufacturing|supply_chain|capex_cycle,34,2026-10-28,False,2026-07-29,2.9100,2.0100,44.6000,ALCISTA FUERTE,10,767.8100,7.5500,53.4000,15.1800,"Filtros estándar (Score ≥6.5, DD ≥10%)"
TMUS,T-Mobile US,Communication Services,Wireless Telecommunication Services,2019-07-15,165.6600,2026-09-24,31.3700,49.8700,DOWN,-1.9048,-1.2073,False,0.0389,5.7250,1.0120,3.4560,179.6200,190.7800,175.8500,-7.7700,-13.1700,False,-1.4142,BAJISTA,-16.2100,197.7200,237.3600,161.1400,-30.2100,2.8100,1.6510,False,168.8500,2,194.0600,True,1.9200,HAMMER,6.6500,5.0000,6.5000,7.0000,7,8.0000,7.0000,False,6.9100,10.3700,1.5000,17.2960,11.4520,3.1587,1.9239,8.5920,0.1799,0.0597,0.1145,0.6305,0.0790,0.0530,214.0350,0.9240,11335999488.0000,10560000000.0000,1.0735,177366253568,0.3310,4.1500,2.4600,1072671613,5.5900,4.1900,5.6100,7.1800,0.0639,D/E:214,1,6.0100,False,3-7d,XLC,,GOOGL|META|NFLX,ad_spending_cycle|streaming_competition|regulation,34,2026-10-28,False,2026-07-23,2.9900,2.6000,14.9000,ALCISTA FUERTE,10,767.8100,7.5500,53.4000,15.1800,"Filtros estándar (Score ≥6.5, DD ≥10%)"
KDP,Keurig Dr Pepper,Consumer Staples,Soft Drinks & Non-alcoholic Beverages,2022-06-21,31.7600,2026-09-24,48.7900,45.7400,UP,-0.1349,-0.1248,False,0.4591,0.7071,0.8000,2.2270,31.1500,29.0900,31.5600,1.9600,9.1600,True,1.8599,ALCISTA,-6.0900,33.8200,33.8200,24.4300,-6.0900,29.9900,0.9740,False,31.6000,1,32.0800,True,-0.5000,NONE,6.8000,10.0000,6.0000,5.0000,7,7.0000,5.0000,False,4.4500,6.6800,1.5000,31.1919,12.1830,1.6787,2.0917,17.1910,0.0510,0.0338,0.0710,0.5096,0.7560,-0.9000,99.6490,0.4790,4607249920.0000,1344999936.0000,3.4255,42022305792,0.4140,6.6700,2.9000,1360826038,5.4800,5.0000,4.3600,7.3300,0.1096,D/E:100,1,6.0100,False,10-18d,XLP,,PG|KO|PEP,inflation|input_costs|fx_rates,32,2026-10-26,False,2026-08-06,0.5700,0.5400,6.2000,ALCISTA FUERTE,10,767.8100,7.5500,53.4000,15.1800,"Filtros estándar (Score ≥6.5, DD ≥10%)"
DHR,Danaher Corporation,Health Care,Life Sciences Tools & Services,1998-11-18,221.5600,2026-09-24,68.3800,40.4700,UP,0.9173,-0.4293,True,0.9926,5.7136,0.8950,2.5790,204.6000,201.3500,209.8800,8.2900,10.0300,True,-0.4977,ALCISTA,-0.8300,223.4200,241.7800,160.6000,-8.3600,37.9600,0.9390,False,199.5500,3,220.6700,False,-9.9300,HAMMER|HAMMER|DOJI,6.6500,9.5000,7.0000,5.0000,6,5.0000,7.0000,False,5.1600,7.7400,1.5000,39.8877,24.0643,2.9913,6.2655,22.3310,0.0761,0.0395,0.1595,0.5875,0.0550,0.5970,52.9700,1.6510,4325125120.0000,3990000128.0000,1.0840,157307191296,0.8080,2.8300,0.7200,702986054,5.5900,6.7900,5.3900,4.4400,0.0275,OK,0,6.0100,False,10-18d,XLV,,UNH|JNJ|LLY,fda_calendar|drug_pricing_policy|patent_cliffs,27,2026-10-21,False,2026-07-21,1.9400,1.8400,5.3000,ALCISTA FUERTE,10,767.8100,7.5500,53.4000,15.1800,"Filtros estándar (Score ≥6.5, DD ≥10%)"
PM,Philip Morris International,Consumer Staples,Tobacco,2008-03-31,190.8400,2026-09-24,56.3000,50.3300,UP,0.0143,0.4073,False,0.5949,4.5579,0.9190,2.3880,189.5700,174.7100,189.5700,0.6700,9.2300,True,2.2865,ALCISTA,-8.1400,207.7600,207.7600,138.4300,-8.1400,37.8600,1.7250,False,184.3600,3,190.5800,True,-3.4000,HAMMER|HAMMER,7.4000,10.0000,6.0000,7.0000,9,5.0000,7.0000,False,4.7800,7.1600,1.5000,26.2689,20.8361,-34.7739,7.0155,19.0120,,0.1459,0.2556,0.6748,0.1040,-0.0750,,0.9800,9714374656.0000,10844000256.0000,0.8958,298474471424,0.3950,3.6600,3.3500,1558613439,5.0900,5.0000,5.6800,4.5100,0.0325,OK,0,6.0100,False,10-18d,XLP,,PG|KO|PEP,inflation|input_costs|fx_rates,27,2026-10-21,False,2026-07-22,2.2000,2.0500,7.3000,ALCISTA FUERTE,10,767.8100,7.5500,53.4000,15.1800,"Filtros estándar (Score ≥6.5, DD ≥10%)"
ANET,Arista Networks,Information Technology,Communications Equipment,2018-08-28,203.4700,2026-09-24,61.8000,51.3500,UP,0.7685,-0.0433,True,0.8662,7.7836,0.8240,3.8250,188.3500,155.8800,195.7200,8.0300,30.5300,True,4.4535,ALCISTA,-5.3100,214.8900,214.8900,114.5200,-5.3100,77.6700,0.7960,True,186.1100,1,200.6800,False,-8.5300,NONE,6.7500,10.0000,7.0000,7.5000,4,5.0000,5.0000,False,7.6500,11.4800,1.5000,65.3016,39.6536,17.5317,24.6124,52.4350,0.3148,0.1412,0.3837,0.6300,0.3770,0.3570,,2.9570,3891512576.0000,4044600064.0000,0.9622,259433922560,1.6170,1.9600,,1261224648,5.5100,6.3200,6.8300,3.0300,0.0150,OK,0,6.0100,False,10-18d,XLK,,AAPL|MSFT|NVDA,interest_rates|ai_capex_cycle|semiconductor_cycle,40,2026-11-03,False,2026-08-04,1.0200,0.8900,15.2000,ALCISTA FUERTE,10,767.8100,7.5500,53.4000,15.1800,"Filtros estándar (Score ≥6.5, DD ≥10%)"
CDNS,Cadence Design Systems,Information Technology,Application Software,2017-09-18,309.0900,2026-09-24,47.6700,20.9600,UP,2.0788,-2.1110,True,0.5667,10.2807,0.8030,3.3260,321.6100,325.8300,299.1800,-3.8900,-5.1400,False,-0.3529,BAJISTA,-20.9500,391.0000,416.6900,262.7500,-25.8200,17.6400,1.3460,False,311.4300,1,347.7200,True,0.7600,NONE,6.2500,5.0000,7.0000,7.0000,8,5.0000,5.0000,False,6.6500,9.9800,1.5000,63.8889,33.7335,12.9307,15.1905,40.0020,0.2323,0.1061,0.2361,0.8587,0.2420,1.2540,38.6610,1.7430,1609676544.0000,1377993984.0000,1.1681,88676540416,1.1370,2.8500,,275393000,5.8500,7.7300,6.1000,3.3800,0.0182,OK,0,6.0100,False,3-7d,XLK,,AAPL|MSFT|NVDA,interest_rates|ai_capex_cycle|semiconductor_cycle,32,2026-10-26,False,2026-07-27,2.1100,2.0600,2.7000,ALCISTA FUERTE,10,767.8100,7.5500,53.4000,15.1800,"Filtros estándar (Score ≥6.5, DD ≥10%)"
ADP,Automatic Data Processing,Industrials,Human Resource & Employment Services,1981-03-31,263.6800,2026-09-24,31.5900,45.3100,DOWN,-1.6734,-1.3500,False,0.1021,5.4936,0.8050,2.0830,267.7800,234.6900,271.8800,-1.5300,12.3500,True,1.2127,NEUTRO,-7.8600,286.1700,286.1700,185.5600,-7.8600,42.1000,1.2210,False,238.8700,1,262.3200,False,-9.4100,HAMMER,6.5000,8.5000,6.5000,5.0000,4,8.0000,7.0000,False,4.1700,6.2500,1.5000,24.0503,19.6374,17.3544,4.7625,16.5390,0.7224,0.0625,0.2011,0.4865,0.0680,0.0980,91.4360,1.0510,5243049984.0000,4413499904.0000,1.1880,104523800576,0.8300,4.9800,2.5800,397262737,5.6700,3.3700,7.3000,6.4500,0.0502,D/E:91,1,6.0000,False,7-15d,XLI,,CAT|UNP|HON,pmi_manufacturing|supply_chain|capex_cycle,34,2026-10-28,False,2026-07-28,2.6400,2.6000,1.6000,ALCISTA FUERTE,10,767.8100,7.5500,53.4000,15.1800,"Filtros estándar (Score ≥6.5, DD ≥10%)"
ALLE,Allegion,Industrials,Building Products,2013-12-02,154.0900,2026-09-24,56.0900,39.1500,UP,-0.2955,-0.5088,True,0.4561,3.3055,0.8070,2.1450,155.5000,149.4100,154.5700,-0.9100,3.1300,True,-0.5174,NEUTRO,-9.5000,170.2700,181.0300,124.0500,-14.8800,24.2200,0.6330,False,139.1500,1,170.2700,False,-9.7000,NONE,5.8500,8.0000,7.0000,5.0000,4,5.0000,5.0000,False,4.2900,6.4400,1.5000,19.9843,15.6017,6.1220,3.0235,14.3000,0.3373,0.1103,0.1536,0.4480,0.1270,0.1620,104.8950,1.9300,484449984.0000,658600000.0000,0.7356,12966408192,0.8410,2.8900,1.4300,85036786,6.0900,6.6900,5.5900,5.9800,0.0374,FCF/NI:0.74|D/E:105,2,5.9900,False,7-15d,XLI,,CAT|UNP|HON,pmi_manufacturing|supply_chain|capex_cycle,28,2026-10-22,False,2026-07-23,2.4000,2.2200,8.3000,ALCISTA FUERTE,10,767.8100,7.5500,53.4000,15.1800,"Filtros estándar (Score ≥6.5, DD ≥10%)"
STE,Steris,Health Care,Health Care Equipment,2019-12-23,209.9800,2026-09-24,23.6900,13.5600,UP,-1.4409,-2.3320,True,0.2706,5.1868,0.9050,2.4700,224.0600,228.8400,216.9000,-6.2900,-8.2400,False,-1.6666,BAJISTA,-12.7500,240.6600,267.1400,193.9700,-21.4000,8.2500,0.7770,False,206.5100,2,227.5800,True,-1.6500,NONE,6.4200,5.0000,9.5000,5.0000,7,6.5000,5.0000,False,4.9400,7.4100,1.5000,25.4908,17.0465,2.8245,3.3714,13.4410,0.1139,0.0680,0.1333,0.4442,0.0730,0.1400,28.3120,1.9060,798862528.0000,805000000.0000,0.9924,20355098624,0.9140,3.4800,1.2300,97500110,5.7100,4.5400,6.7400,5.8700,0.0392,OK,0,5.9900,False,5-10d,XLV,,UNH|JNJ|LLY,fda_calendar|drug_pricing_policy|patent_cliffs,41,2026-11-04,False,2026-08-05,2.5900,2.4900,3.9000,ALCISTA FUERTE,10,767.8100,7.5500,53.4000,15.1800,"Filtros estándar (Score ≥6.5, DD ≥10%)"
CL,Colgate-Palmolive,Consumer Staples,Household Products,1957-03-04,85.9300,2026-09-24,27.6600,25.7000,UP,-0.1912,-0.2042,True,0.1131,1.5471,0.7720,1.8000,90.5600,87.4500,88.3500,-5.1100,-1.7400,True,1.2919,BAJISTA,-9.9900,95.4600,98.1500,73.2200,-12.4500,17.3600,1.2310,False,83.7100,2,85.6800,True,-2.5800,NONE,7.5000,7.0000,9.5000,5.0000,8,10.0000,5.0000,False,3.6000,5.4000,1.5000,33.5906,20.7970,288.2432,3.2316,15.0010,2.6737,0.1584,0.0968,0.6043,0.0490,-0.0550,1388.1630,1.0260,3458374912.0000,2038000000.0000,1.6969,68014784512,0.3230,3.9600,2.4700,797172829,4.9600,2.4400,6.7500,5.8100,0.0508,D/E:1388,1,5.9800,False,5-10d,XLP,,PG|KO|PEP,inflation|input_costs|fx_rates,36,2026-10-30,False,2026-07-31,0.9900,0.9500,4.5000,ALCISTA FUERTE,10,767.8100,7.5500,53.4000,15.1800,"Filtros estándar (Score ≥6.5, DD ≥10%)"
CMG,Chipotle Mexican Grill,Consumer Discretionary,Restaurants,2011-04-28,32.7100,2026-09-24,13.5500,30.3200,DOWN,-0.5482,-0.5513,True,0.1025,1.1257,0.8660,3.4410,34.8900,34.9700,34.8400,-6.2500,-6.4500,False,1.1262,BAJISTA,-16.3200,39.0900,42.8200,28.0400,-23.6100,16.6500,1.4690,True,31.5800,3,37.0800,True,-3.4500,NONE,7.9000,5.5000,8.5000,9.5000,10,8.0000,5.0000,True,6.8800,10.3200,1.5000,29.6389,23.3622,18.4496,3.2604,20.2780,0.4956,0.1308,0.1143,0.3936,0.0930,-0.0130,246.3500,0.7150,1116464384.0000,1419405952.0000,0.7866,40506028032,0.9370,2.2200,,1265418000,4.6800,4.1500,5.7500,4.0400,0.0276,D/E:246,1,5.9700,False,5-10d,XLY,,AMZN|TSLA|HD,consumer_spending|employment_data|interest_rates,34,2026-10-28,False,2026-07-29,0.3300,0.3200,4.0000,ALCISTA FUERTE,10,767.8100,7.5500,53.4000,15.1800,"Filtros estándar (Score ≥6.5, DD ≥10%)"
ZTS,Zoetis,Health Care,Pharmaceuticals,2013-06-21,71.6100,2026-09-24,15.1900,32.6400,DOWN,-0.3400,-0.2850,False,0.1663,1.7493,0.7020,2.4430,75.1100,99.3700,73.7300,-4.6600,-27.9400,False,-4.3725,BAJISTA,-10.6800,80.1700,145.9900,70.2600,-50.9500,1.9200,0.8100,True,72.4400,6,77.9300,True,1.1600,NONE,7.1200,5.0000,7.5000,7.5000,9,8.5000,5.0000,False,4.8900,7.3300,1.5000,11.4633,10.7587,,3.0485,9.1420,0.6491,0.1535,0.2768,0.7174,-0.0020,0.0120,293.9960,3.0840,2016999936.0000,2636999936.0000,0.7649,29037221888,0.7290,2.9900,2.9600,413223602,5.2100,0.0000,7.4900,8.6400,0.0695,D/E:294,1,5.9700,False,3-7d,XLV,,UNH|JNJ|LLY,fda_calendar|drug_pricing_policy|patent_cliffs,42,2026-11-05,False,2026-08-06,1.8700,1.8500,95.0000,ALCISTA FUERTE,10,767.8100,7.5500,53.4000,15.1800,"Filtros estándar (Score ≥6.5, DD ≥10%)"
YUM,Yum! Brands,Consumer Discretionary,Restaurants,1997-10-06,140.6300,2026-09-24,34.2900,28.5800,UP,-0.7996,-1.4480,True,0.2714,4.0486,0.9580,2.8790,148.0500,152.9700,144.1400,-5.0100,-8.0700,False,-0.0589,BAJISTA,-16.9300,169.2900,169.2900,134.2600,-16.9300,4.7400,1.1840,False,,0,154.0800,False,,NONE,5.7800,5.0000,8.5000,5.0000,4,6.5000,5.0000,False,5.7600,8.6400,1.5000,17.2755,19.8190,-5.1936,4.2972,16.6590,,0.2269,0.2541,0.4531,0.1220,1.3160,,0.5920,833249984.0000,2216000000.0000,0.3760,37480235008,0.5510,3.5800,2.1300,272901085,6.1000,10.0000,4.3200,3.6400,0.0222,FCF/NI:0.38,1,5.9700,False,3-7d,XLY,,AMZN|TSLA|HD,consumer_spending|employment_data|interest_rates,40,2026-11-03,False,2026-07-30,1.6200,1.5600,3.7000,ALCISTA FUERTE,10,767.8100,7.5500,53.4000,15.1800,"Filtros estándar (Score ≥6.5, DD ≥10%)"
EXR,Extra Space Storage,Real Estate,Self-Storage REITs,2016-01-19,133.8400,2026-09-24,38.8600,31.2000,UP,0.0176,0.1031,False,0.0813,2.7557,0.9350,2.0590,142.9600,138.5100,138.3800,-6.3800,-3.3700,True,0.8942,BAJISTA,-14.7700,157.0300,157.0300,120.0400,-14.7700,11.5000,1.7030,False,134.7300,4,148.1700,True,0.6700,HAMMER|DOJI,7.3000,7.0000,7.5000,5.0000,10,8.0000,7.0000,False,4.1200,6.1800,1.5000,29.2544,27.4799,2.1072,8.3117,18.5720,0.0695,0.0336,0.2728,0.7492,0.0380,0.0600,101.6740,0.8860,1499437568.0000,956073984.0000,1.5683,29183496192,1.1760,4.9700,4.8400,211269558,5.0900,3.2900,5.4500,6.7800,0.0514,D/E:102,1,5.9700,False,3-7d,XLRE,,PLD|AMT|EQIX,interest_rates|cap_rates|occupancy_trends,34,2026-10-28,False,2026-07-28,1.2500,1.1500,8.6000,ALCISTA FUERTE,10,767.8100,7.5500,53.4000,15.1800,"Filtros estándar (Score ≥6.5, DD ≥10%)"
SJM,J.M. Smucker Company (The),Consumer Staples,Packaged Foods & Meats,2008-11-06,122.4100,2026-09-24,26.8600,40.3100,DOWN,-0.8156,-0.9548,True,0.3078,2.7214,0.8300,2.2230,120.9900,106.1700,123.3900,1.1800,15.3000,True,2.3086,ALCISTA,-9.9200,135.8900,135.8900,86.4700,-9.9200,41.5600,0.7800,False,115.5300,4,126.4600,False,-5.6200,HAMMER|DOJI,7.0500,10.0000,8.5000,5.0000,6,5.0000,7.0000,False,4.4500,6.6700,1.5000,56.8505,11.1512,2.2599,1.4193,8.8220,0.0393,0.0626,0.0251,0.3795,0.0500,,120.6820,0.8700,1464337536.0000,229500000.0000,6.3806,12996109312,0.2630,3.5400,3.6600,106823183,5.2300,5.0000,4.2600,6.6400,0.1127,D/E:121,1,5.9600,False,10-18d,XLP,,PG|KO|PEP,inflation|input_costs|fx_rates,61,2026-11-24,False,2026-08-26,3.2400,2.2200,46.2000,ALCISTA FUERTE,10,767.8100,7.5500,53.4000,15.1800,"Filtros estándar (Score ≥6.5, DD ≥10%)"
CSX,CSX Corporation,Industrials,Rail Transportation,1957-03-04,47.1900,2026-09-24,38.8500,27.6700,UP,-0.2767,-0.2060,False,0.1972,0.9979,0.9850,2.1150,49.9300,43.6800,48.6000,-5.4900,8.0400,True,3.4631,NEUTRO,-11.7200,53.4500,53.4500,32.4200,-11.7200,45.5400,1.0270,False,47.8600,2,46.5900,True,1.4300,NONE,6.7200,8.5000,7.5000,5.0000,7,6.5000,5.0000,False,4.2300,6.3400,1.5000,27.2965,20.6585,6.1760,5.9932,15.4410,0.2436,0.0738,0.2221,0.4707,0.1010,0.2270,138.0680,0.8200,1953250048.0000,3223000064.0000,0.6060,86973693952,1.2070,4.2200,1.1900,1852474917,5.4500,7.3200,4.5300,4.3400,0.0225,FCF/NI:0.61|D/E:138,2,5.9600,False,7-15d,XLI,,CAT|UNP|HON,pmi_manufacturing|supply_chain|capex_cycle,27,2026-10-21,False,2026-07-22,0.5400,0.5200,4.2000,ALCISTA FUERTE,10,767.8100,7.5500,53.4000,15.1800,"Filtros estándar (Score ≥6.5, DD ≥10%)"
AES,AES Corporation,Utilities,Independent Power Producers & Energy Traders,1998-10-02,14.8100,2026-09-24,58.3300,65.2200,DOWN,-0.0021,0.0001,False,0.6388,0.0450,0.8260,0.3040,14.7300,14.3900,14.7900,0.5500,2.9500,True,0.9493,ALCISTA,-0.4700,14.8800,17.2300,12.2900,-14.0400,20.5200,1.4270,False,14.5500,21,,True,-1.7500,NONE,6.6000,10.0000,5.0000,5.0000,9,5.0000,5.0000,False,0.6100,0.9100,1.5000,5.5618,6.2645,2.1429,0.8116,12.1720,0.0957,0.0296,0.1434,0.2027,0.1990,,256.8860,0.7460,-3089125120.0000,1911000064.0000,-1.6165,10594564096,0.9500,2.3500,4.7500,713438630,5.5300,7.5000,4.0400,4.9600,-0.2916,FCF/NI:-1.62|D/E:257,2,5.9600,False,10-18d,XLU,,NEE|DUK|SO,interest_rates|regulatory_environment,41,2026-11-04,False,2026-08-04,0.4400,0.4700,-6.0000,ALCISTA FUERTE,10,767.8100,7.5500,53.4000,15.1800,"Filtros estándar (Score ≥6.5, DD ≥10%)"
MGM,MGM Resorts,Consumer Discretionary,Casinos & Gaming,2017-07-26,37.8500,2026-09-24,27.2600,15.7800,UP,-0.1640,-0.2262,True,0.1197,0.9157,0.9110,2.4190,43.1500,39.9100,40.2500,-12.2900,-5.1500,True,1.9081,BAJISTA,-25.1200,50.5500,51.5900,29.1900,-26.6300,29.6700,1.3210,False,35.5400,2,40.9400,False,-6.1200,NONE,6.7500,7.0000,9.5000,5.0000,5,8.0000,5.0000,False,4.8400,7.2600,1.5000,20.4182,16.3065,3.3717,0.4853,16.4190,0.1892,0.0177,0.0240,0.4416,0.0100,5.1940,893.3110,1.3350,878991104.0000,423588000.0000,2.0751,8619627520,1.2820,8.4200,,255851235,5.4200,5.0000,4.3700,7.1400,0.1020,D/E:893,1,5.9500,False,3-7d,XLY,,AMZN|TSLA|HD,consumer_spending|employment_data|interest_rates,34,2026-10-28,False,2026-07-29,0.5900,0.5800,1.9000,ALCISTA FUERTE,10,767.8100,7.5500,53.4000,15.1800,"Filtros estándar (Score ≥6.5, DD ≥10%)"
EIX,Edison International,Utilities,Electric Utilities,1957-03-04,53.5100,2026-09-24,33.1600,23.6700,UP,0.0009,-0.3190,True,0.2975,2.0200,0.8110,3.7750,68.3200,67.3600,59.0700,-21.6800,-20.5600,True,0.5335,BAJISTA,-34.4400,81.6200,81.6200,50.0400,-34.4400,6.9300,0.5020,False,52.5000,1,59.9600,True,-1.8900,HAMMER|DOJI,6.8300,7.0000,8.5000,5.0000,7,6.5000,7.0000,False,7.5500,11.3200,1.5000,5.4221,8.0795,1.1588,1.0409,7.3390,0.1973,0.0409,0.1928,0.6100,-0.0410,0.5510,228.0420,0.6620,82375000.0000,3744000000.0000,0.0220,20218126336,0.6140,3.2500,6.5600,384813979,5.3400,5.0000,5.7000,5.3300,0.0041,FCF/NI:0.02|D/E:228,2,5.9400,False,3-7d,XLU,,NEE|DUK|SO,interest_rates|regulatory_environment,33,2026-10-27,False,2026-07-30,1.5400,1.2100,27.0000,ALCISTA FUERTE,10,767.8100,7.5500,53.4000,15.1800,"Filtros estándar (Score ≥6.5, DD ≥10%)"
SWK,Stanley Black & Decker,Industrials,Industrial Machinery & Supplies & Components,1982-09-30,91.7600,2026-09-24,44.1500,24.9900,UP,-0.3054,-0.8901,True,0.4207,2.5947,0.8510,2.8280,94.4700,81.7000,92.1900,-2.8700,12.3100,True,3.5308,NEUTRO,-11.5800,103.7800,103.7800,59.3500,-11.5800,54.6000,0.8430,False,87.2500,1,91.7000,False,-4.9100,NONE,5.9500,8.5000,7.0000,5.0000,4,5.0000,5.0000,False,5.6600,8.4800,1.5000,22.0465,14.1341,1.5199,0.8931,10.1820,0.0689,0.0380,0.0407,0.3221,0.0040,2.4780,58.1720,1.4320,1419049984.0000,620499968.0000,2.2869,13617170432,1.1730,3.9700,3.6600,151016641,5.9400,5.0000,4.8800,8.2900,0.1042,OK,0,5.9400,False,7-15d,XLI,,CAT|UNP|HON,pmi_manufacturing|supply_chain|capex_cycle,41,2026-11-04,False,2026-07-29,1.5700,1.2100,29.9000,ALCISTA FUERTE,10,767.8100,7.5500,53.4000,15.1800,"Filtros estándar (Score ≥6.5, DD ≥10%)"
TT,Trane Technologies,Industrials,Building Products,2010-11-17,437.0900,2026-09-24,48.2600,28.4400,UP,0.3263,-1.9349,True,0.4394,10.1134,0.7450,2.3140,457.3200,443.6800,439.5100,-4.4200,-1.4900,True,0.5669,BAJISTA,-11.9600,496.4800,504.6800,345.6200,-13.3900,26.4700,0.9610,False,437.2600,4,450.0000,True,0.0400,HAMMER|DOJI,7.0500,7.0000,7.0000,5.0000,10,7.0000,7.0000,False,4.6300,6.9400,1.5000,32.6781,25.0202,11.2038,4.3444,23.0920,0.3664,0.1100,0.1328,0.3539,0.1060,0.0710,53.4040,1.0730,3121687552.0000,2999600128.0000,1.0407,96488972288,1.1970,2.9600,0.9600,220023177,5.1900,3.9800,6.7800,4.7500,0.0324,OK,0,5.9300,False,3-7d,XLI,,CAT|UNP|HON,pmi_manufacturing|supply_chain|capex_cycle,35,2026-10-29,False,2026-07-30,4.3100,4.2600,1.1000,ALCISTA FUERTE,10,767.8100,7.5500,53.4000,15.1800,"Filtros estándar (Score ≥6.5, DD ≥10%)"
CHD,Church & Dwight,Consumer Staples,Household Products,2015-12-29,96.0200,2026-09-24,31.5300,9.4700,UP,-0.1094,-0.4490,True,0.3773,1.6079,0.7140,1.6750,98.6200,95.0600,96.7500,-2.6300,1.0100,True,1.4924,NEUTRO,-7.6700,103.9900,105.3700,80.2900,-8.8800,19.5900,0.6250,True,93.3200,7,96.3400,True,-2.8100,HAMMER|DOJI,8.0000,8.5000,8.5000,7.5000,9,7.0000,7.0000,False,3.3500,5.0200,1.5000,30.5545,23.6243,5.1993,3.6302,18.2950,0.1704,0.0787,0.1196,0.4556,0.0160,0.0900,55.8510,1.1470,939262528.0000,744800000.0000,1.2611,22612647936,0.4720,6.6200,1.2800,237203907,4.5500,2.1900,6.0900,5.5000,0.0415,OK,0,5.9300,False,7-15d,XLP,,PG|KO|PEP,inflation|input_costs|fx_rates,36,2026-10-30,False,2026-07-31,0.8900,0.9000,-95.0000,ALCISTA FUERTE,10,767.8100,7.5500,53.4000,15.1800,"Filtros estándar (Score ≥6.5, DD ≥10%)"
NEE,NextEra Energy,Utilities,Multi-Utilities,1976-06-30,77.0200,2026-09-24,22.6100,33.7600,DOWN,-0.3690,-0.1256,False,-0.2331,1.2971,0.8790,1.6840,84.6500,86.4500,81.7600,-9.0100,-10.9100,False,-0.0387,BAJISTA,-14.7200,90.3100,97.3000,69.2800,-20.8400,11.1700,1.1460,False,,0,85.8200,False,,NONE,5.8000,5.0000,7.5000,5.0000,4,8.0000,5.0000,False,3.3700,5.0500,1.5000,16.9933,17.2114,2.7611,5.4962,19.1200,0.1168,0.0244,0.3240,0.6102,0.1240,0.5310,161.6760,0.5340,-17766875136.0000,9299000320.0000,-1.9106,157741678592,0.6440,0.0000,3.2400,2085978209,6.0100,10.0000,4.5900,3.0100,-0.1126,FCF/NI:-1.91|D/E:162,2,5.9300,False,3-7d,XLU,,DUK|SO|D,interest_rates|regulatory_environment,33,2026-10-27,False,2026-07-24,1.1500,1.1100,3.8000,ALCISTA FUERTE,10,767.8100,7.5500,53.4000,15.1800,"Filtros estándar (Score ≥6.5, DD ≥10%)"
SPGI,S&P Global,Financials,Financial Exchanges & Data,1957-03-04,406.5000,2026-09-24,32.1000,40.8200,DOWN,-2.8673,-3.7366,True,0.2213,10.5807,0.8520,2.6030,423.6400,425.2800,417.1500,-4.0500,-4.4200,False,-0.9327,BAJISTA,-11.8200,460.9800,518.8800,358.5500,-21.6600,13.3700,0.8470,True,407.0700,3,430.1000,True,0.1400,NONE,6.9700,5.0000,7.5000,7.5000,10,6.5000,5.0000,True,5.2100,7.8100,1.5000,24.5585,19.9439,3.7738,7.3737,16.7740,0.1426,0.0703,0.3054,0.7090,0.1040,0.1770,42.9800,0.9540,5448249856.0000,4922999808.0000,1.1067,118878101504,1.0770,3.8700,0.9500,294800000,5.2200,4.3900,5.7400,5.5800,0.0458,OK,0,5.9200,False,3-7d,XLF,,JPM|BAC|WFC,interest_rates|yield_curve|credit_spreads|loan_growth,35,2026-10-29,False,2026-07-28,4.8700,5.0200,-2.9000,ALCISTA FUERTE,10,767.8100,7.5500,53.4000,15.1800,"Filtros estándar (Score ≥6.5, DD ≥10%)"
LRCX,Lam Research,Information Technology,Semiconductor Materials & Equipment,2012-06-29,307.2800,2026-09-24,57.4900,31.7600,UP,2.4062,-2.3623,True,0.6632,15.1705,0.7000,4.9370,304.9500,268.9600,297.5500,0.7700,14.2500,True,5.6366,ALCISTA,-29.8500,438.0300,438.0300,124.4500,-29.8500,146.9200,1.0700,False,312.7700,1,321.4700,True,1.7900,HAMMER|DOJI,7.2000,10.0000,7.0000,5.0000,7,7.0000,7.0000,False,9.8700,14.8100,1.5000,53.4191,26.1646,30.8177,16.5437,44.3270,0.6507,0.2284,0.3127,0.5047,0.3000,0.3480,33.0490,2.6290,3090484480.0000,7265396224.0000,0.4254,384355762176,1.8590,3.3400,0.4300,1251321000,5.0500,5.2300,7.0300,2.5500,0.0080,FCF/NI:0.43,1,5.9100,False,10-18d,XLK,,AAPL|MSFT|NVDA,interest_rates|ai_capex_cycle|semiconductor_cycle,27,2026-10-21,False,2026-07-29,1.8200,1.6800,8.1000,ALCISTA FUERTE,10,767.8100,7.5500,53.4000,15.1800,"Filtros estándar (Score ≥6.5, DD ≥10%)"
CTAS,Cintas,Industrials,Diversified Support Services,2001-03-01,191.9700,2026-09-24,30.1700,35.4800,DOWN,-0.9397,-0.5917,False,-0.1564,3.7986,0.8200,1.9790,201.7600,186.8300,199.1900,-4.8500,2.7500,True,0.9142,NEUTRO,-12.1800,218.6000,218.6000,160.3100,-12.1800,19.7500,1.7160,False,167.6400,2,206.9200,False,-12.6700,HAMMER|DOJI|HAMMER,6.5000,8.5000,6.5000,5.0000,4,8.0000,7.0000,False,3.9600,5.9400,1.5000,38.9901,32.1281,15.1746,6.8315,25.4970,0.4138,0.1666,0.1782,0.5099,0.1090,0.1330,52.0960,1.4540,1623005312.0000,2054226944.0000,0.7901,78976516096,0.9130,6.4000,1.0800,399517000,5.5100,5.4700,7.2200,3.5800,0.0206,OK,0,5.9100,False,7-15d,XLI,,CAT|UNP|HON,pmi_manufacturing|supply_chain|capex_cycle,84,2026-12-17,False,2026-09-23,1.3600,1.3600,23.0000,ALCISTA FUERTE,10,767.8100,7.5500,53.4000,15.1800,"Filtros estándar (Score ≥6.5, DD ≥10%)"
BRO,Brown & Brown,Financials,Insurance Brokers,2021-09-20,61.7000,2026-09-24,16.9800,29.9900,DOWN,-0.7979,-0.7236,False,0.0062,1.9479,0.9260,3.1570,69.6500,68.3900,67.5100,-11.4200,-9.7800,True,-1.4780,BAJISTA,-18.2300,75.4600,95.6300,53.6900,-35.4800,14.9300,1.2280,False,57.9200,1,61.4400,False,-6.1300,NONE,6.1000,6.5000,7.5000,5.0000,4,8.0000,5.0000,False,6.3100,9.4700,1.5000,19.2748,12.5032,1.5822,3.0297,9.6190,0.1002,0.0538,0.1808,0.5628,0.3240,0.0710,63.9750,1.1270,1642749952.0000,1191000064.0000,1.3793,20187043840,0.5820,7.6200,1.0700,334610357,5.7900,5.5800,5.0500,6.8800,0.0814,OK,0,5.9100,False,3-7d,XLF,,JPM|BAC|WFC,interest_rates|yield_curve|credit_spreads|loan_growth,32,2026-10-26,False,2026-07-27,1.0700,1.0700,-39.0000,ALCISTA FUERTE,10,767.8100,7.5500,53.4000,15.1800,"Filtros estándar (Score ≥6.5, DD ≥10%)"
FTNT,Fortinet,Information Technology,Systems Software,2018-10-11,178.7400,2026-09-24,69.0200,63.1300,UP,1.7008,1.4737,True,0.9330,6.9193,1.0190,3.8710,160.8800,114.8200,166.0400,11.1000,55.6600,True,7.8017,ALCISTA,-0.3400,179.3500,179.3500,73.5500,-0.3400,143.0200,0.7320,False,150.0200,4,,False,-16.0700,NONE,6.5500,10.0000,7.0000,5.0000,6,5.0000,5.0000,False,7.7400,11.6100,1.5000,63.3582,47.2951,84.5175,17.4154,49.1700,1.1744,0.1417,0.2817,0.8020,0.2560,0.4390,36.1940,1.2820,2265587456.0000,2120700032.0000,1.0683,131092619264,1.0590,2.8900,,733713653,5.4700,5.2300,7.7800,3.0700,0.0173,OK,0,5.9000,False,10-18d,XLK,,AAPL|MSFT|NVDA,interest_rates|ai_capex_cycle|semiconductor_cycle,41,2026-11-04,False,2026-07-29,0.9000,0.7500,20.5000,ALCISTA FUERTE,10,767.8100,7.5500,53.4000,15.1800,"Filtros estándar (Score ≥6.5, DD ≥10%)"
BR,Broadridge Financial Solutions,Industrials,Data Processing & Outsourced Services,2018-06-18,163.4500,2026-09-24,28.1700,30.7800,DOWN,-1.8859,-2.0665,True,0.1698,4.5694,0.8840,2.7960,165.4600,171.6300,169.2400,-1.2100,-4.7700,False,-2.6845,BAJISTA,-12.0100,185.7700,236.8500,133.0100,-30.9900,22.8800,0.7460,False,147.6600,2,163.8800,False,-9.6600,HAMMER|HAMMER,6.1300,5.0000,8.5000,5.0000,5,6.5000,7.0000,False,5.5900,8.3900,1.5000,16.9614,14.0517,6.5281,2.4806,11.9750,0.4092,0.0930,0.1504,0.3178,0.0750,0.0840,123.9390,1.2360,1194499968.0000,1124300032.0000,1.0624,18546786304,0.9100,2.1700,2.6700,114021798,5.7300,3.2800,6.5200,7.6600,0.0644,D/E:124,1,5.8900,False,3-7d,XLI,,CAT|UNP|HON,pmi_manufacturing|supply_chain|capex_cycle,40,2026-11-03,False,2026-08-04,3.8200,3.7600,1.7000,ALCISTA FUERTE,10,767.8100,7.5500,53.4000,15.1800,"Filtros estándar (Score ≥6.5, DD ≥10%)"
ABT,Abbott Laboratories,Health Care,Health Care Equipment,1957-03-04,103.4900,2026-09-24,30.5400,16.7800,UP,-0.6181,-1.2088,True,0.3178,2.3664,0.8510,2.2870,106.4100,104.0200,105.4300,-2.7500,-0.5100,True,-1.7264,BAJISTA,-11.8000,117.3400,134.3800,81.3900,-22.9900,27.1500,1.3820,False,87.6000,3,110.0400,False,-15.3500,NONE,6.7000,6.5000,8.5000,7.0000,7,5.0000,5.0000,False,4.5700,6.8600,1.5000,32.7087,16.6632,3.4218,3.7542,17.3490,0.1058,0.0533,0.1165,0.5685,0.1300,-0.4750,63.2120,1.3760,7209124864.0000,5400999936.0000,1.3348,174889844736,0.5860,2.8300,2.4400,1730383296,5.3400,4.9200,5.4800,5.6500,0.0412,OK,0,5.8800,False,3-7d,XLV,,UNH|JNJ|LLY,fda_calendar|drug_pricing_policy|patent_cliffs,20,2026-10-14,False,2026-07-16,1.3100,1.2800,2.6000,ALCISTA FUERTE,10,767.8100,7.5500,53.4000,15.1800,"Filtros estándar (Score ≥6.5, DD ≥10%)"
MCHP,Microchip Technology,Information Technology,Semiconductors,2007-09-07,75.5300,2026-09-24,61.1100,44.3600,UP,0.5539,-0.0306,True,0.9068,2.4964,0.6420,3.3050,76.3700,77.7000,73.6400,-1.1100,-2.8000,False,2.6259,BAJISTA,-17.4300,91.4700,104.7500,47.2800,-27.9000,59.7500,0.9410,True,70.6300,2,75.1600,False,-6.4800,HAMMER|DOJI|HAMMER,6.5000,5.5000,7.0000,7.5000,5,7.0000,7.0000,False,6.6100,9.9200,1.5000,109.8382,16.2952,6.2870,7.9178,30.6350,0.0719,0.0354,0.0934,0.6019,0.3800,,83.6880,1.9210,1364762496.0000,367200000.0000,3.7167,40557322240,1.7360,3.4000,2.4100,543008691,5.4600,7.0800,4.5600,4.6100,0.0337,D/E:84,1,5.8800,False,3-7d,XLK,,AAPL|MSFT|NVDA,interest_rates|ai_capex_cycle|semiconductor_cycle,42,2026-11-05,False,2026-08-06,0.7600,0.7000,8.7000,ALCISTA FUERTE,10,767.8100,7.5500,53.4000,15.1800,"Filtros estándar (Score ≥6.5, DD ≥10%)"
XYL,Xylem Inc.,Industrials,Industrial Machinery & Supplies & Components,2011-11-01,108.6400,2026-09-24,57.2000,35.2400,UP,0.3826,0.1493,True,0.5165,2.4964,0.8500,2.2980,114.7700,121.6000,109.1800,-5.3400,-10.6600,False,-2.6776,BAJISTA,-14.2400,126.6800,152.1400,104.4800,-28.5900,3.9800,0.7240,False,108.6400,1,113.5300,True,-0.0000,HAMMER|BULL_ENGULF,6.1500,5.0000,7.0000,5.0000,7,5.0000,9.5000,False,4.6000,6.8900,1.5000,24.4429,16.4374,2.1782,2.6265,13.8470,0.0918,0.0511,0.1115,0.3924,0.0150,0.1950,28.6420,1.6130,1183750016.0000,1018000000.0000,1.1628,23969757184,1.0000,4.9800,1.5800,233486812,5.7000,3.8800,6.0500,7.4200,0.0494,OK,0,5.8800,False,3-7d,XLI,,CAT|UNP|HON,pmi_manufacturing|supply_chain|capex_cycle,40,2026-11-03,False,2026-07-28,1.4600,1.3400,9.2000,ALCISTA FUERTE,10,767.8100,7.5500,53.4000,15.1800,"Filtros estándar (Score ≥6.5, DD ≥10%)"
FSLR,First Solar,Information Technology,Semiconductors,2022-12-19,191.9700,2026-09-24,45.2400,46.1300,DOWN,-0.5043,-0.2411,False,0.0022,9.9707,0.9000,5.1940,212.9600,227.4700,204.1300,-9.8500,-15.6100,False,-2.5001,BAJISTA,-28.8200,269.7000,320.9500,182.9900,-40.1900,4.9100,1.0230,False,186.1600,2,211.0000,True,-3.0200,HAMMER,5.9500,5.0000,5.0000,5.0000,7,8.0000,7.0000,False,10.3900,15.5800,1.5000,10.6141,7.4050,1.7928,3.4403,7.1120,0.1851,0.0862,0.3246,0.4402,-0.0370,0.2330,1.8800,2.5180,1598684800.0000,1746013952.0000,0.9156,18502000640,1.7330,3.7200,,107469788,5.8200,0.9900,7.0700,10.0000,0.0864,OK,0,5.8700,False,3-7d,XLK,,AAPL|MSFT|NVDA,interest_rates|ai_capex_cycle|semiconductor_cycle,35,2026-10-29,False,2026-07-30,3.9200,2.8800,36.1000,ALCISTA FUERTE,10,767.8100,7.5500,53.4000,15.1800,"Filtros estándar (Score ≥6.5, DD ≥10%)"
NWS,News Corp (Class B),Communication Services,Publishing,2015-09-18,31.2200,2026-09-24,27.7900,37.0400,DOWN,-0.2992,-0.1749,False,-0.1152,0.7707,0.8770,2.4690,32.8600,29.9600,33.2100,-4.9900,4.1900,True,1.5841,NEUTRO,-12.4300,35.6500,35.6500,25.3200,-12.4300,23.3000,0.9420,False,29.3100,4,30.8600,False,-6.1200,HAMMER,7.0000,8.5000,7.5000,5.0000,6,8.0000,7.0000,False,4.9400,7.4100,1.5000,30.6408,20.8769,2.0116,1.8731,13.7640,0.0798,0.0466,0.0635,0.5717,0.1080,-0.7490,31.5610,1.6230,1045124992.0000,573000000.0000,1.8240,16909993984,0.9230,4.6200,0.6400,177316805,5.1200,2.5000,6.3700,6.7200,0.0618,OK,0,5.8700,False,7-15d,XLC,,GOOGL|META|NFLX,ad_spending_cycle|streaming_competition|regulation,42,2026-11-05,False,2026-08-05,0.3500,0.2300,51.2000,ALCISTA FUERTE,10,767.8100,7.5500,53.4000,15.1800,"Filtros estándar (Score ≥6.5, DD ≥10%)"
DVN,Devon Energy,Energy,Oil & Gas Exploration & Production,2000-08-30,48.0400,2026-09-24,46.6300,80.1100,DOWN,-0.2771,-0.0676,False,0.4303,1.4397,1.1180,2.9970,46.1500,43.6600,48.2200,4.1000,10.0400,True,3.2676,ALCISTA,-6.8300,51.5600,52.0000,30.6900,-7.6200,56.5400,1.1850,False,45.8900,2,49.5500,False,-4.4800,HAMMER|DOJI|HAMMER|BULL_ENGULF,6.3000,10.0000,5.0000,5.0000,4,5.0000,9.5000,False,5.9900,8.9900,1.5000,10.6304,9.0808,1.3469,2.8641,7.1480,0.1152,0.0591,0.1746,0.5035,0.6420,0.4400,28.4880,0.7170,782625024.0000,3280000000.0000,0.2386,53790003200,0.4260,2.6600,2.6600,1100000000,5.5800,7.4300,4.3000,4.9000,0.0145,FCF/NI:0.24,1,5.8700,False,10-18d,XLE,,XOM|CVX|COP,oil_price|gas_price|opec_supply|inventories,41,2026-11-04,False,2026-08-04,1.5700,1.4100,11.3000,ALCISTA FUERTE,10,767.8100,7.5500,53.4000,15.1800,"Filtros estándar (Score ≥6.5, DD ≥10%)"
FISV,Fiserv,Financials,Transaction & Payment Processing Services,2001-04-02,45.9500,2026-09-24,29.9200,40.4600,DOWN,-0.5412,-0.2617,False,-0.0120,1.8636,0.9460,4.0560,51.7700,57.6100,49.9400,-11.2500,-20.2400,False,-2.0359,BAJISTA,-18.8600,56.6300,133.3700,45.1300,-65.5500,1.8200,0.8210,True,,0,53.9900,False,,HAMMER,6.5000,5.0000,7.5000,7.5000,4,8.0000,7.0000,False,8.1100,12.1700,1.5000,8.8084,5.7113,0.9075,,,,,,,,,,,,,,24450633728,,,,531766721,5.4400,5.0000,5.0000,6.4500,,OK,0,5.8600,False,3-7d,XLF,,JPM|BAC|WFC,interest_rates|yield_curve|credit_spreads|loan_growth,34,2026-10-28,False,2026-08-06,1.8400,1.9100,-3.9000,ALCISTA FUERTE,10,767.8100,7.5500,53.4000,15.1800,"Filtros estándar (Score ≥6.5, DD ≥10%)"
KHC,Kraft Heinz,Consumer Staples,Packaged Foods & Meats,2015-07-06,23.7900,2026-09-24,28.4500,47.9100,DOWN,-0.0886,-0.0391,False,-0.0261,0.6613,0.9230,2.7800,25.0800,23.2600,24.6600,-5.1400,2.2700,True,0.6098,NEUTRO,-13.9500,27.6500,27.6500,20.3400,-13.9500,16.9900,0.6120,True,23.8800,4,23.3500,True,0.3600,HAMMER|DOJI,7.9500,8.5000,7.5000,7.5000,9,8.0000,7.0000,False,5.5600,8.3400,1.5000,,11.4296,0.7859,1.1363,8.1290,-0.0876,0.0363,-0.1364,0.3350,-0.0140,,52.5910,1.0610,3250500096.0000,-3396000000.0000,-0.9572,28293754880,0.0820,6.4900,6.7300,1185823758,4.4600,2.5000,3.3800,8.0000,0.1149,FCF/NI:-0.96|ROE:-8.8%,2,5.8600,False,7-15d,XLP,,PG|KO|PEP,inflation|input_costs|fx_rates,34,2026-10-28,False,2026-08-05,0.5600,0.5300,5.6000,ALCISTA FUERTE,10,767.8100,7.5500,53.4000,15.1800,"Filtros estándar (Score ≥6.5, DD ≥10%)"
ORCL,Oracle Corporation,Information Technology,Application Software,1989-08-31,144.5600,2026-09-24,48.9800,45.2300,UP,-0.8143,-0.9330,True,0.2823,7.8200,1.0880,5.4100,141.8500,164.6000,148.1300,1.9100,-12.1700,False,-3.7789,BAJISTA,-15.3100,170.7000,321.3400,114.5000,-55.0100,26.2500,0.7140,True,138.7200,3,148.5500,False,-4.0400,HAMMER|DOJI,6.7800,6.5000,7.0000,7.5000,6,6.5000,7.0000,False,10.8200,16.2300,1.5000,21.8715,12.6887,6.8261,5.8785,16.2450,0.4119,0.0636,0.2636,0.6396,0.2960,0.5450,251.7160,1.1710,-45853626368.0000,18736001024.0000,-2.4474,421932105728,1.7320,1.7700,1.3800,3023736000,5.2300,6.4400,5.1000,3.9600,-0.1087,FCF/NI:-2.45|D/E:252,2,5.8500,False,3-7d,XLK,,AAPL|MSFT|NVDA,interest_rates|ai_capex_cycle|semiconductor_cycle,77,2026-12-10,False,2026-09-10,1.9200,1.7400,10.4000,ALCISTA FUERTE,10,767.8100,7.5500,53.4000,15.1800,"Filtros estándar (Score ≥6.5, DD ≥10%)"
HSIC,Henry Schein,Health Care,Health Care Distributors,2015-03-17,85.0500,2026-09-24,35.7000,41.1900,DOWN,-0.5728,-0.5508,False,0.0958,1.8164,0.9440,2.1360,87.8600,79.8400,87.4000,-3.2000,6.5200,True,1.9939,NEUTRO,-7.7300,92.1800,92.1800,61.9500,-7.7300,37.2900,1.0660,False,68.7000,1,89.3400,False,-19.2200,HAMMER|DOJI|HAMMER|DOJI,6.5000,8.5000,6.5000,5.0000,4,8.0000,7.0000,False,4.2700,6.4100,1.5000,24.9359,14.2589,3.0320,0.7008,13.6120,0.0885,0.0439,0.0296,0.3132,0.0670,0.1710,80.7330,1.3190,446000000.0000,403000000.0000,1.1067,9532022784,0.8120,7.0400,,111446542,5.4200,4.8500,5.0900,6.4700,0.0468,D/E:81,1,5.8500,False,7-15d,XLV,,UNH|JNJ|LLY,fda_calendar|drug_pricing_policy|patent_cliffs,40,2026-11-03,False,2026-08-04,1.2700,1.2400,2.5000,ALCISTA FUERTE,10,767.8100,7.5500,53.4000,15.1800,"Filtros estándar (Score ≥6.5, DD ≥10%)"
RMD,ResMed|,Health Care,Health Care Equipment,2017-07-26,222.3000,2026-09-24,35.7300,40.7800,DOWN,-1.0887,-0.9808,False,0.2772,5.6929,0.8350,2.5610,218.9500,225.8100,225.4100,1.5300,-1.5600,False,-0.8466,BAJISTA,-8.2900,242.4000,281.8900,179.7500,-21.1400,23.6700,1.0060,False,215.8000,1,221.7900,True,-2.9200,HAMMER|DOJI,6.4800,6.5000,6.5000,5.0000,8,6.5000,7.0000,False,5.1200,7.6800,1.5000,21.2742,16.7690,4.8600,5.6617,14.9660,0.2427,0.1400,0.2695,0.6162,0.0860,0.0240,12.5420,3.1000,939248256.0000,1523293056.0000,0.6166,32008142848,0.7660,8.3400,1.1900,144252306,5.4000,3.0800,7.9700,5.1100,0.0293,FCF/NI:0.62,1,5.8300,False,3-7d,XLV,,UNH|JNJ|LLY,fda_calendar|drug_pricing_policy|patent_cliffs,35,2026-10-29,False,2026-08-06,2.9500,2.8900,2.0000,ALCISTA FUERTE,10,767.8100,7.5500,53.4000,15.1800,"Filtros estándar (Score ≥6.5, DD ≥10%)"
FRT,Federal Realty Investment Trust,Real Estate,Retail REITs,2016-02-01,109.3900,2026-09-24,12.2500,26.9900,DOWN,-0.4880,-0.3239,False,-0.0232,1.7750,0.9780,1.6230,118.9500,110.7800,114.3400,-8.0300,-1.2600,True,1.8940,BAJISTA,-14.6800,128.2100,128.2100,87.2700,-14.6800,25.3500,0.9850,False,,0,126.3300,False,,NONE,6.3500,7.0000,7.5000,5.0000,5,8.0000,5.0000,False,3.2500,4.8700,1.5000,22.2480,34.5892,2.9917,7.2236,17.5930,0.1255,0.0326,0.3266,0.6814,0.0720,-0.4560,134.1140,0.5640,456137632.0000,426705984.0000,1.0690,9646613504,0.9190,0.0300,4.2400,86889133,5.4700,3.5800,6.3300,6.6800,0.0473,D/E:134,1,5.8200,False,3-7d,XLRE,,PLD|AMT|EQIX,interest_rates|cap_rates|occupancy_trends,36,2026-10-30,False,2026-07-31,0.9700,0.7200,35.3000,ALCISTA FUERTE,10,767.8100,7.5500,53.4000,15.1800,"Filtros estándar (Score ≥6.5, DD ≥10%)"
TDG,TransDigm Group,Industrials,Aerospace & Defense,2016-06-03,1105.2800,2026-09-24,34.5800,20.5000,UP,-0.8162,-6.7604,True,0.2951,25.4386,0.7840,2.3020,1197.1500,1256.2800,1134.5400,-7.6700,-12.0200,False,-1.4733,BAJISTA,-18.7300,1359.9900,1463.0300,1071.2500,-24.4500,3.1800,0.7430,False,,0,1262.2600,False,,NONE,6.0700,5.0000,8.5000,5.0000,4,8.5000,5.0000,False,4.6000,6.9000,1.5000,33.5543,22.8560,-6.5801,6.1059,18.0360,,0.1182,0.2128,0.5982,0.2250,0.1090,,3.0190,1457374976.0000,1911000064.0000,0.7626,61096038400,0.8930,1.9900,,55276525,5.6600,6.9500,6.3000,3.4000,0.0239,OK,0,5.8200,False,3-7d,XLI,,CAT|UNP|HON,pmi_manufacturing|supply_chain|capex_cycle,42,2026-11-05,False,2026-08-04,10.8700,10.2800,5.7000,ALCISTA FUERTE,10,767.8100,7.5500,53.4000,15.1800,"Filtros estándar (Score ≥6.5, DD ≥10%)"
UHS,Universal Health Services,Health Care,Health Care Facilities,2014-09-20,181.3900,2026-09-24,63.5100,51.9200,UP,0.2550,0.4899,False,0.9353,6.1371,1.1390,3.3830,168.1600,182.3500,174.8000,7.8700,-0.5300,False,-2.9906,BAJISTA,-2.5100,186.0600,245.2600,139.9200,-26.0400,29.6400,1.1950,False,165.5700,2,179.7300,False,-8.7200,NONE,5.5000,6.5000,6.0000,5.0000,5,5.0000,5.0000,False,6.7700,10.1500,1.5000,7.2211,7.3748,1.3883,0.5758,5.9100,0.2095,0.0832,0.0842,0.4461,0.0830,0.1010,68.7400,1.1160,498316992.0000,1526027008.0000,0.3265,10431174656,1.0610,3.7700,0.4400,51687770,6.0400,4.2600,5.2500,9.0300,0.0478,FCF/NI:0.33,1,5.8200,False,3-7d,XLV,,UNH|JNJ|LLY,fda_calendar|drug_pricing_policy|patent_cliffs,32,2026-10-26,False,2026-07-27,5.9800,6.0100,-45.0000,ALCISTA FUERTE,10,767.8100,7.5500,53.4000,15.1800,"Filtros estándar (Score ≥6.5, DD ≥10%)"
TECH,Bio-Techne,Health Care,Life Sciences Tools & Services,2021-08-30,72.5200,2026-09-24,64.4100,50.3800,UP,-0.0679,-0.1063,True,0.9054,0.1893,0.2890,0.2610,72.1000,61.4100,72.2800,0.5900,18.0800,True,1.9505,ALCISTA,-0.1700,72.6400,72.6400,43.0700,-0.1700,68.3700,1.3020,False,71.8900,9,,True,-0.8600,HAMMER,7.9000,10.0000,7.0000,7.0000,9,7.0000,7.0000,False,0.5200,0.7800,1.5000,62.5603,31.4656,5.3732,9.3662,34.1090,0.0903,0.0667,0.1497,0.6624,0.0130,,13.7120,4.5470,229653120.0000,181840000.0000,1.2629,11380299776,1.2750,2.1900,0.4400,156818238,4.4100,2.5400,7.1900,3.3400,0.0202,OK,0,5.8100,False,10-18d,XLV,,UNH|JNJ|LLY,fda_calendar|drug_pricing_policy|patent_cliffs,46,2026-11-09,False,2026-08-12,0.5200,0.5200,13.0000,ALCISTA FUERTE,10,767.8100,7.5500,53.4000,15.1800,"Filtros estándar (Score ≥6.5, DD ≥10%)"
HD,Home Depot (The),Consumer Discretionary,Home Improvement Retail,1988-03-31,296.7200,2026-09-24,24.6800,21.8500,UP,-1.3236,-1.5217,True,0.1361,6.0327,0.7360,2.0330,328.1200,336.8500,311.9100,-9.5700,-11.9100,False,-0.9760,BAJISTA,-16.7000,356.2200,403.4500,284.8500,-26.4600,4.1700,1.1440,False,302.6000,1,352.9300,True,1.9800,NONE,6.9500,5.0000,9.5000,5.0000,7,10.0000,5.0000,False,4.0700,6.1000,1.5000,20.4322,18.2330,17.5483,1.7231,14.4900,1.0430,0.1214,0.0841,0.3280,0.0570,0.0460,380.2610,1.0780,10762625024.0000,14227000320.0000,0.7565,291504947200,0.9550,2.3800,3.1400,997689626,5.0400,3.0200,6.9500,5.1600,0.0369,D/E:380,1,5.8000,False,5-10d,XLY,,AMZN|TSLA|MCD,consumer_spending|employment_data|interest_rates,54,2026-11-17,False,2026-08-18,4.9200,4.7300,4.0000,ALCISTA FUERTE,10,767.8100,7.5500,53.4000,15.1800,"Filtros estándar (Score ≥6.5, DD ≥10%)"
FCX,Freeport-McMoRan,Materials,Copper,2011-07-01,72.5800,2026-09-24,50.3100,25.6800,UP,-0.4614,-0.9620,True,0.4247,3.0050,1.0540,4.1400,68.8700,62.4100,71.8900,5.3900,16.3000,True,5.5538,ALCISTA,-9.5500,80.2400,80.2400,34.7800,-9.5500,108.7100,0.6880,True,67.0100,1,71.5100,False,-7.6700,HAMMER,6.9500,10.0000,7.0000,7.5000,4,5.0000,7.0000,False,8.2800,12.4200,1.5000,35.3333,17.4004,5.1475,4.0014,12.8340,0.1475,0.0759,0.1139,0.3827,-0.0730,0.2810,32.1490,2.0660,2159249920.0000,2936000000.0000,0.7354,103508148224,1.4010,2.1600,0.8300,1436017523,5.0400,5.0000,6.1400,3.8000,0.0209,FCF/NI:0.74,1,5.8000,False,10-18d,XLB,,LIN|APD|ECL,commodity_prices|dxy|china_demand|energy_costs,28,2026-10-22,False,2026-07-23,0.7400,0.6200,18.5000,ALCISTA FUERTE,10,767.8100,7.5500,53.4000,15.1800,"Filtros estándar (Score ≥6.5, DD ≥10%)"
MAA,Mid-America Apartment Communities,Real Estate,Multi-Family Residential REITs,2016-12-02,117.7800,2026-09-24,8.1000,19.7700,DOWN,-0.8394,-0.6321,False,0.0212,2.1993,0.9050,1.8670,130.2000,129.5800,124.9000,-9.5400,-9.1000,True,-0.1139,BAJISTA,-17.5000,142.7600,142.7600,117.4800,-17.5000,0.2500,1.4650,False,,0,130.0500,False,,HAMMER|DOJI,6.3000,6.5000,7.5000,5.0000,4,8.0000,7.0000,False,3.7300,5.6000,1.5000,34.2865,35.7547,2.5035,6.2871,15.7320,0.0705,0.0313,0.1817,0.5839,0.0100,0.1370,102.3770,0.0480,921182272.0000,399288992.0000,2.3071,13949694976,0.7150,4.6900,5.2000,116021957,5.4300,4.4600,5.2100,6.8100,0.0660,D/E:102,1,5.7800,False,3-7d,XLRE,,PLD|AMT|EQIX,interest_rates|cap_rates|occupancy_trends,34,2026-10-28,False,2026-07-29,1.0400,0.7800,33.8000,ALCISTA FUERTE,10,767.8100,7.5500,53.4000,15.1800,"Filtros estándar (Score ≥6.5, DD ≥10%)"
UPS,United Parcel Service,Industrials,Air Freight & Logistics,2002-07-22,95.8200,2026-09-24,31.7400,27.2200,UP,-0.5344,-0.1723,False,0.0927,2.1114,0.8430,2.2040,104.2100,102.4400,100.1300,-8.0500,-6.4700,True,1.1064,BAJISTA,-17.7900,116.5600,116.8600,76.9500,-18.0100,24.5300,1.0160,False,92.6500,2,103.6600,True,-3.3100,HAMMER|DOJI,7.0000,7.0000,7.5000,5.0000,8,8.0000,7.0000,False,4.4100,6.6100,1.5000,17.1097,11.4071,5.1991,0.8708,8.7370,0.2960,0.0728,0.0508,0.2241,0.0760,-0.5300,189.9000,1.1790,5593999872.0000,4569999872.0000,1.2241,78314446848,1.0380,5.4100,6.8500,749349405,4.9600,1.9300,5.6200,7.7400,0.0714,D/E:190,1,5.7800,False,3-7d,XLI,,CAT|UNP|HON,pmi_manufacturing|supply_chain|capex_cycle,33,2026-10-27,False,2026-07-28,1.7600,1.6600,5.8000,ALCISTA FUERTE,10,767.8100,7.5500,53.4000,15.1800,"Filtros estándar (Score ≥6.5, DD ≥10%)"
FICO,Fair Isaac,Information Technology,Application Software,2023-03-20,879.6200,2026-09-24,25.5000,32.0200,DOWN,-9.7683,-6.2387,False,0.1001,53.7486,0.9670,6.1100,1104.9300,1260.1800,1005.8900,-20.3900,-30.2000,False,-5.4442,BAJISTA,-37.6200,1410.1700,1998.0100,870.0100,-55.9800,1.1000,1.2560,False,885.0000,1,1014.5000,True,0.6100,NONE,6.2500,5.0000,7.5000,5.0000,7,8.0000,5.0000,False,12.2200,18.3300,1.5000,24.7752,16.1571,-4.5147,7.7282,19.2720,,0.3998,0.3405,0.8510,0.2570,0.4120,,1.1830,774413504.0000,815017024.0000,0.9502,18497943552,1.3180,5.4300,,21597635,5.4700,5.0700,5.7400,5.6100,0.0419,OK,0,5.7800,False,3-7d,XLK,,AAPL|MSFT|NVDA,interest_rates|ai_capex_cycle|semiconductor_cycle,41,2026-11-04,False,2026-07-29,12.1800,11.7800,3.4000,ALCISTA FUERTE,10,767.8100,7.5500,53.4000,15.1800,"Filtros estándar (Score ≥6.5, DD ≥10%)"
KKR,KKR & Co.,Financials,Asset Management & Custody Banks,2024-06-24,97.2100,2026-09-24,32.7100,26.5700,UP,-0.7932,-1.1889,True,0.1536,3.1643,0.8760,3.2550,104.0300,104.1300,102.0500,-6.5600,-6.6500,False,-1.5149,BAJISTA,-16.6100,116.5700,151.0100,82.3500,-35.6200,18.0400,1.1440,True,97.0500,1,98.6000,True,-0.1600,HAMMER|HAMMER,7.0800,5.0000,8.5000,7.5000,8,6.5000,7.0000,True,6.5100,9.7700,1.5000,30.5559,12.9083,3.0123,3.4193,,0.0728,0.0139,0.1220,0.5477,0.0780,0.4000,69.8120,0.8560,,2990256128.0000,,88332197888,1.7910,2.8700,0.8000,897635601,4.9200,6.5200,3.9000,4.2400,,OK,0,5.7800,False,3-7d,XLF,,JPM|BAC|WFC,interest_rates|yield_curve|credit_spreads|loan_growth,42,2026-11-05,False,2026-07-30,1.6300,1.4300,14.2000,ALCISTA FUERTE,10,767.8100,7.5500,53.4000,15.1800,"Filtros estándar (Score ≥6.5, DD ≥10%)"
BA,Boeing,Industrials,Aerospace & Defense,1957-03-04,199.9300,2026-09-24,38.7500,35.3700,UP,-0.5505,-0.8592,True,0.1913,5.7464,0.9640,2.8740,215.1200,221.1500,206.3800,-7.0600,-9.5900,False,0.6818,BAJISTA,-17.0700,241.0900,254.3500,176.7700,-21.4000,13.1000,1.6160,False,,0,231.8200,False,,HAMMER,6.4800,5.5000,8.5000,7.0000,4,6.5000,7.0000,False,5.7500,8.6200,1.5000,70.7914,46.9699,25.5054,1.6548,-63.6660,1.7354,-0.0198,0.0259,0.0471,0.0800,,790.8750,1.1380,5625375232.0000,2088999936.0000,2.6929,155544829952,1.2130,0.0200,,790370020,5.2900,4.5500,6.8000,4.3800,0.0362,D/E:791,1,5.7700,False,3-7d,XLI,,CAT|UNP|HON,pmi_manufacturing|supply_chain|capex_cycle,34,2026-10-28,False,2026-07-28,-0.7600,-0.3100,-141.5000,ALCISTA FUERTE,10,767.8100,7.5500,53.4000,15.1800,"Filtros estándar (Score ≥6.5, DD ≥10%)"
LUV,Southwest Airlines,Industrials,Passenger Airlines,1994-07-01,41.0400,2026-09-24,73.1500,40.7300,UP,0.5403,0.3641,True,0.8564,1.1610,0.7760,2.8290,43.0100,43.0200,40.3700,-4.5800,-4.5900,False,1.6451,BAJISTA,-21.0600,51.9900,54.3800,28.7500,-24.5300,42.7600,1.0090,False,40.4500,1,42.0100,True,-1.4300,HAMMER,6.4500,5.5000,7.0000,5.0000,8,7.0000,7.0000,False,5.6600,8.4900,1.5000,25.9688,8.8214,2.8703,0.6759,9.9120,0.1110,0.0232,0.0278,0.2240,0.1640,0.2050,97.2750,0.4890,-834750016.0000,837000000.0000,-0.9973,20326600704,1.1200,6.2900,1.7500,489208201,5.2800,8.8400,3.2400,3.5000,-0.0411,FCF/NI:-1.00|D/E:97,2,5.7500,False,3-7d,XLI,,CAT|UNP|HON,pmi_manufacturing|supply_chain|capex_cycle,27,2026-10-21,False,2026-07-22,0.9400,0.5200,80.2000,ALCISTA FUERTE,10,767.8100,7.5500,53.4000,15.1800,"Filtros estándar (Score ≥6.5, DD ≥10%)"
TDY,Teledyne Technologies,Information Technology,Electronic Equipment & Instruments,2020-06-22,621.0500,2026-09-24,58.3600,29.7800,UP,2.6993,-0.1710,True,0.7595,10.5000,0.6200,1.6910,637.7600,619.7300,613.8500,-2.6200,0.2100,True,1.7568,NEUTRO,-10.9800,697.6700,697.6700,483.0200,-10.9800,28.5800,1.7940,False,623.4400,2,639.3300,True,0.3800,HAMMER|DOJI|HAMMER|DOJI,7.3000,8.5000,7.0000,7.0000,7,7.0000,7.0000,False,3.3800,5.0700,1.5000,29.5948,22.8649,2.5984,4.4507,19.1380,0.0915,0.0514,0.1529,0.4334,0.0980,0.2120,18.5650,2.1810,912675008.0000,974800000.0000,0.9363,28370599936,0.9080,3.2700,,46355673,4.7200,1.6600,6.3000,6.4500,0.0322,OK,0,5.7500,False,7-15d,XLK,,AAPL|MSFT|NVDA,interest_rates|ai_capex_cycle|semiconductor_cycle,27,2026-10-21,False,2026-07-22,6.2800,5.7900,8.4000,ALCISTA FUERTE,10,767.8100,7.5500,53.4000,15.1800,"Filtros estándar (Score ≥6.5, DD ≥10%)"
AJG,Arthur J. Gallagher & Co.,Financials,Insurance Brokers,2016-05-31,229.6400,2026-09-24,26.3400,35.8500,DOWN,-2.7719,-2.3158,False,0.0217,6.7497,0.8880,2.9390,252.5100,232.3200,247.4600,-9.0600,-1.1500,True,0.1870,BAJISTA,-15.5900,272.0600,309.9000,189.6100,-25.9000,21.1100,1.3240,True,207.1600,3,261.2200,False,-9.7900,NONE,7.1500,7.0000,7.5000,7.5000,7,8.0000,5.0000,False,5.8800,8.8200,1.5000,37.6043,15.2825,2.4545,3.8535,16.6990,0.0672,0.0232,0.1038,0.4319,0.3090,-0.1070,59.4010,1.0530,2082300032.0000,1568000000.0000,1.3280,58222731264,0.5060,5.0900,1.2200,256341000,4.8200,5.0000,4.7600,4.6700,0.0358,OK,0,5.7500,False,3-7d,XLF,,JPM|BAC|WFC,interest_rates|yield_curve|credit_spreads|loan_growth,35,2026-10-29,False,2026-07-30,2.8400,2.8100,94.0000,ALCISTA FUERTE,10,767.8100,7.5500,53.4000,15.1800,"Filtros estándar (Score ≥6.5, DD ≥10%)"
IR,Ingersoll Rand,Industrials,Industrial Machinery & Supplies & Components,2020-03-03,76.2200,2026-09-24,56.0500,24.1900,UP,0.2505,-0.2789,True,0.6242,2.0114,0.8210,2.6390,80.2000,81.7300,75.1000,-4.9600,-6.7500,False,-0.2933,BAJISTA,-16.9300,91.7600,100.8900,68.0500,-24.4500,12.0000,2.0620,False,75.3800,1,83.1800,True,-1.1000,HAMMER,6.4500,5.0000,7.0000,7.0000,8,5.0000,7.0000,False,5.2800,7.9200,1.5000,30.9008,19.0898,2.8508,3.6532,16.2830,0.0947,0.0510,0.1208,0.4282,0.0850,,47.9030,1.6160,1107425024.0000,959100032.0000,1.1547,29014595584,1.1470,3.4500,0.1000,387999429,5.2900,4.7100,5.3000,5.9600,0.0382,OK,0,5.7500,False,3-7d,XLI,,CAT|UNP|HON,pmi_manufacturing|supply_chain|capex_cycle,35,2026-10-29,False,2026-07-30,0.8600,0.8300,4.1000,ALCISTA FUERTE,10,767.8100,7.5500,53.4000,15.1800,"Filtros estándar (Score ≥6.5, DD ≥10%)"
KVUE,Kenvue,Consumer Staples,Personal Care Products,2023-08-25,17.6700,2026-09-24,30.3400,22.1300,UP,-0.0446,-0.0990,True,0.2857,0.3284,0.8170,1.8590,18.5500,17.4800,18.0400,-4.7200,1.0800,True,1.3350,NEUTRO,-10.1800,19.6700,19.6700,13.2200,-10.1800,33.6800,0.5900,False,16.3600,2,17.3500,False,-7.4300,HAMMER|DOJI|HAMMER,6.6700,8.5000,8.5000,5.0000,4,6.5000,7.0000,False,3.7200,5.5800,1.5000,20.7176,14.2038,3.2041,2.1953,11.8720,0.1558,0.0699,0.1076,0.5844,0.0300,0.0850,81.6170,1.0050,1907500032.0000,1658000000.0000,1.1505,33824823296,0.4260,3.4000,4.7500,1920773467,5.1200,2.9100,5.5100,7.2300,0.0564,D/E:82,1,5.7400,False,7-15d,XLP,,PG|KO|PEP,inflation|input_costs|fx_rates,42,2026-11-05,False,2026-08-06,0.3100,0.3200,-2.8000,ALCISTA FUERTE,10,767.8100,7.5500,53.4000,15.1800,"Filtros estándar (Score ≥6.5, DD ≥10%)"
CSCO,Cisco,Information Technology,Communications Equipment,1993-12-01,106.4300,2026-09-24,43.4200,36.2800,UP,-0.0546,0.1927,False,0.0350,2.7857,0.8170,2.6170,112.6000,96.2500,109.8100,-5.4800,10.5700,True,3.7707,NEUTRO,-14.6600,124.7100,129.8800,65.4900,-18.0600,62.5000,1.0550,False,107.4400,2,122.0200,True,0.9500,NONE,6.6500,8.5000,6.0000,5.0000,7,8.0000,5.0000,False,5.2300,7.8500,1.5000,32.1231,19.0274,8.3944,6.6599,23.3280,0.2732,0.0798,0.2095,0.6452,0.1760,0.5210,62.0170,0.9310,11182624768.0000,13267000320.0000,0.8429,421738512384,0.9920,2.7100,1.5800,3942586873,5.1300,4.6800,5.7800,4.9100,0.0265,OK,0,5.7400,False,7-15d,XLK,,AAPL|MSFT|NVDA,interest_rates|ai_capex_cycle|semiconductor_cycle,49,2026-11-12,False,2026-08-12,1.2200,1.1700,4.4000,ALCISTA FUERTE,10,767.8100,7.5500,53.4000,15.1800,"Filtros estándar (Score ≥6.5, DD ≥10%)"
VTR,Ventas,Real Estate,Health Care REITs,2009-03-04,86.6400,2026-09-24,17.4100,21.6400,DOWN,-0.3984,-0.3783,False,0.1066,1.6779,0.7960,1.9370,92.2600,85.0600,89.4400,-6.0900,1.8600,True,1.5777,NEUTRO,-14.7200,101.6000,101.6000,64.9700,-14.7200,33.3600,0.7540,False,85.4700,5,94.5500,True,-1.3600,NONE,7.5500,8.5000,7.5000,5.0000,9,10.0000,5.0000,False,3.8700,5.8100,1.5000,157.8727,109.9114,3.0404,6.9387,24.2450,0.0201,0.0217,0.0409,0.3997,0.2170,-0.0670,84.9280,0.2950,1486853504.0000,262731008.0000,5.6592,44539133952,0.7240,6.6900,2.4000,512946359,4.5400,5.0000,4.4000,4.1800,0.0334,D/E:85,1,5.7400,False,7-15d,XLRE,,PLD|AMT|EQIX,interest_rates|cap_rates|occupancy_trends,34,2026-10-28,False,2026-07-29,0.1700,0.1100,51.7000,ALCISTA FUERTE,10,767.8100,7.5500,53.4000,15.1800,"Filtros estándar (Score ≥6.5, DD ≥10%)"
SBUX,Starbucks,Consumer Discretionary,Restaurants,2000-06-07,94.1400,2026-09-24,10.8300,23.9500,DOWN,-0.8736,-0.9818,True,0.1154,2.3436,0.8870,2.4890,103.7000,97.4200,100.0200,-9.2200,-3.3600,True,1.9289,BAJISTA,-14.3200,109.8800,109.8800,76.0500,-14.3200,23.7900,1.2620,False,95.3400,1,108.5400,True,1.2800,HAMMER|DOJI,7.2000,7.0000,8.5000,5.0000,8,8.0000,7.0000,False,4.9800,7.4700,1.5000,54.1330,29.9896,-13.9091,2.7847,22.3610,,0.0802,0.0517,0.2234,-0.0140,0.8570,,0.7600,3065537536.0000,1982800000.0000,1.5461,106761003008,0.9650,6.2000,2.6300,1140000000,4.7600,5.0000,5.6200,3.4900,0.0287,OK,0,5.7400,False,5-10d,XLY,,AMZN|TSLA|HD,consumer_spending|employment_data|interest_rates,34,2026-10-28,False,2026-07-29,0.8500,0.6500,30.8000,ALCISTA FUERTE,10,767.8100,7.5500,53.4000,15.1800,"Filtros estándar (Score ≥6.5, DD ≥10%)"
PPL,PPL Corporation,Utilities,Electric Utilities,2001-10-01,32.2500,2026-09-24,25.4700,28.8300,DOWN,-0.1442,-0.0772,False,-0.1327,0.5198,0.7870,1.6120,34.7500,35.6000,33.8600,-7.1900,-9.4100,False,-0.3352,BAJISTA,-12.6800,36.9300,39.4600,32.2000,-18.2800,0.1600,0.7650,True,,0,36.5500,False,,HAMMER|DOJI,6.8000,5.0000,7.5000,7.5000,4,10.0000,7.0000,False,3.2200,4.8300,1.5000,18.9172,15.0956,1.5987,2.5600,11.7890,0.0863,0.0320,0.1347,0.4409,0.0420,0.2120,135.4340,0.9050,-1938375040.0000,1264000000.0000,-1.5335,24058857472,0.5830,4.6900,3.5300,752544841,5.0400,7.3600,4.3600,3.1200,-0.0806,FCF/NI:-1.53,1,5.7400,False,3-7d,XLU,,NEE|DUK|SO,interest_rates|regulatory_environment,41,2026-11-04,False,2026-08-07,0.3300,0.3400,-4.0000,ALCISTA FUERTE,10,767.8100,7.5500,53.4000,15.1800,"Filtros estándar (Score ≥6.5, DD ≥10%)"
KEY,KeyCorp,Financials,Regional Banks,1994-03-01,20.2400,2026-09-24,37.5300,50.3200,DOWN,-0.1177,-0.0623,False,-0.1018,0.4793,1.0950,2.3680,22.1500,21.2200,21.4300,-8.6400,-4.6300,True,2.0671,BAJISTA,-15.1100,23.8400,23.8400,15.8200,-15.1100,27.9500,1.0520,False,20.3400,2,23.4200,True,0.4900,NONE,6.6000,7.0000,6.5000,5.0000,8,8.0000,5.0000,False,4.7400,7.1000,1.5000,11.8421,9.4891,1.2550,2.9317,,0.1033,0.0108,0.2754,0.0000,0.1010,0.2530,,,,1886000000.0000,,21609353216,1.0230,0.0000,4.0500,1067128554,5.1500,5.4600,4.4300,5.6300,,OK,0,5.7300,False,3-7d,XLF,,JPM|BAC|WFC,interest_rates|yield_curve|credit_spreads|loan_growth,26,2026-10-20,False,2026-07-21,0.4400,0.4200,4.4000,ALCISTA FUERTE,10,767.8100,7.5500,53.4000,15.1800,"Filtros estándar (Score ≥6.5, DD ≥10%)"
ATO,Atmos Energy,Utilities,Gas Utilities,2019-02-15,156.2400,2026-09-24,15.8900,34.3700,DOWN,-0.7707,-0.4107,False,-0.0796,2.3543,0.8340,1.5070,169.3800,173.1800,163.8900,-7.7600,-9.7800,False,-0.3771,BAJISTA,-13.9400,181.5500,190.2800,155.0000,-17.8900,0.8000,1.0960,False,,0,170.8400,False,,HAMMER,6.0000,5.0000,7.5000,5.0000,4,8.0000,7.0000,False,3.0100,4.5200,1.5000,18.6436,17.3402,1.7324,5.3709,13.7960,0.0979,0.0389,0.2850,0.6221,0.0480,0.2330,67.6620,0.8140,-2220956928.0000,1402008064.0000,-1.5841,26433189888,0.5940,4.2900,2.5600,168988553,5.5500,7.7700,5.4200,3.0900,-0.0840,FCF/NI:-1.58,1,5.7300,False,3-7d,XLU,,NEE|DUK|SO,interest_rates|regulatory_environment,41,2026-11-04,False,2026-08-05,1.4300,1.3500,5.6000,ALCISTA FUERTE,10,767.8100,7.5500,53.4000,15.1800,"Filtros estándar (Score ≥6.5, DD ≥10%)"
BE,Bloom Energy,Industrials,Electrical Components & Equipment,2026-09-21,275.1900,2026-09-24,67.4700,67.2100,UP,1.9938,3.4593,False,0.7310,18.3639,0.7380,6.6730,227.4900,201.3300,255.6300,20.9700,36.6800,True,7.4760,ALCISTA,-14.0000,320.0000,351.2800,61.3700,-21.6600,348.4100,0.5090,False,248.4200,2,283.8300,False,-9.7300,HAMMER|HAMMER,6.5500,10.0000,6.0000,5.0000,4,7.0000,7.0000,False,13.3500,20.0200,1.5000,346.2987,54.1014,48.5259,25.2271,193.9830,0.2221,0.0560,0.0787,0.3165,1.6550,,171.5780,4.0870,531637504.0000,244942000.0000,2.1705,78535720960,3.8110,1.4700,,294527346,5.1800,7.5000,5.9300,1.6100,0.0068,D/E:172,1,5.7300,False,10-18d,XLI,,CAT|UNP|HON,pmi_manufacturing|supply_chain|capex_cycle,33,2026-10-27,False,2026-07-28,0.7800,0.4100,91.8000,ALCISTA FUERTE,10,767.8100,7.5500,53.4000,15.1800,"Filtros estándar (Score ≥6.5, DD ≥10%)"
LDOS,Leidos,Industrials,Diversified Support Services,2019-08-09,124.6900,2026-09-24,27.1000,41.6600,DOWN,-1.1797,-1.1718,False,0.0963,4.0073,0.9620,3.2140,127.7500,148.8500,130.7000,-2.4000,-16.2300,False,-3.6666,BAJISTA,-15.0900,146.8500,203.4100,98.5400,-38.7000,26.5400,1.1910,False,126.3500,1,133.7500,True,1.3300,NONE,6.2500,5.0000,7.5000,5.0000,7,8.0000,5.0000,False,6.4300,9.6400,1.5000,11.5173,9.6743,2.9295,0.8778,9.0380,0.2778,0.0891,0.0780,0.1779,0.0720,-0.0670,123.2760,1.6290,1146625024.0000,1376000000.0000,0.8333,15479463936,0.5720,2.4400,1.3800,125492209,5.3800,1.8000,5.7900,9.0700,0.0741,D/E:123,1,5.7300,False,3-7d,XLI,,CAT|UNP|HON,pmi_manufacturing|supply_chain|capex_cycle,40,2026-11-03,False,2026-08-04,3.2600,2.9100,12.1000,ALCISTA FUERTE,10,767.8100,7.5500,53.4000,15.1800,"Filtros estándar (Score ≥6.5, DD ≥10%)"
FE,FirstEnergy,Utilities,Electric Utilities,1997-11-28,43.6500,2026-09-24,25.6300,33.6700,DOWN,-0.1751,-0.0542,False,-0.2483,0.7286,0.8650,1.6690,47.0500,46.7400,45.8200,-7.2200,-6.6000,True,0.2075,BAJISTA,-12.6200,49.9500,51.3000,41.3400,-14.9100,5.5900,1.0230,True,43.3000,1,49.9500,True,-0.8000,NONE,7.3000,7.0000,7.5000,7.5000,8,8.0000,5.0000,False,3.3400,5.0100,1.5000,23.0963,14.6437,1.9321,1.5983,10.2670,0.0949,0.0368,0.0694,0.6861,0.0880,0.0830,200.9080,0.5410,-2014625024.0000,1084999936.0000,-1.8568,24991457280,0.4410,7.1300,4.2600,578639932,4.6700,6.8500,4.1000,2.8000,-0.0806,FCF/NI:-1.86|D/E:201,2,5.7200,False,3-7d,XLU,,NEE|DUK|SO,interest_rates|regulatory_environment,27,2026-10-21,False,2026-07-28,0.5000,0.5000,-48.0000,ALCISTA FUERTE,10,767.8100,7.5500,53.4000,15.1800,"Filtros estándar (Score ≥6.5, DD ≥10%)"
HBAN,Huntington Bancshares,Financials,Regional Banks,1997-08-28,15.3800,2026-09-24,36.8900,45.5400,DOWN,-0.0888,-0.0682,False,-0.1037,0.3943,1.0690,2.5640,17.0200,16.6700,16.3800,-9.6600,-7.7400,True,0.6954,BAJISTA,-16.4000,18.4000,18.9000,14.4900,-18.6400,6.1200,1.0210,False,15.4700,1,17.0500,True,0.5600,HAMMER|DOJI,6.8000,7.0000,6.5000,5.0000,8,8.0000,7.0000,False,5.1300,7.6900,1.5000,11.7769,8.6226,1.0400,3.3707,,0.0900,0.0098,0.2613,0.0000,0.4760,-0.0290,,,,2246000128.0000,,30932551680,0.9410,2.3800,4.0300,2020414826,5.0000,5.0000,4.3000,5.8000,,OK,0,5.7200,False,3-7d,XLF,,JPM|BAC|WFC,interest_rates|yield_curve|credit_spreads|loan_growth,28,2026-10-22,False,2026-07-23,0.3900,0.3900,89.0000,ALCISTA FUERTE,10,767.8100,7.5500,53.4000,15.1800,"Filtros estándar (Score ≥6.5, DD ≥10%)"
SYY,Sysco,Consumer Staples,Food Distributors,1986-12-31,77.1400,2026-09-24,31.1300,35.5100,DOWN,-0.4164,-0.2765,False,-0.0092,1.8179,1.0290,2.3570,82.3600,79.0000,80.6200,-6.3400,-2.3600,True,0.9570,BAJISTA,-10.9800,86.6500,90.5600,67.2300,-14.8200,14.7300,1.3920,False,72.5500,1,76.8500,False,-5.9500,NONE,6.1500,7.0000,6.5000,5.0000,5,8.0000,5.0000,False,4.7100,7.0700,1.5000,21.3634,14.5565,14.0352,0.4435,11.1780,0.7769,0.0797,0.0208,0.1850,0.0470,0.0530,564.5910,1.2770,1914000000.0000,1756999936.0000,1.0894,37497446400,0.6270,3.6800,2.8500,479568281,5.4400,3.1300,6.9100,6.4200,0.0510,D/E:565,1,5.7200,False,3-7d,XLP,,PG|KO|PEP,inflation|input_costs|fx_rates,40,2026-11-03,False,2026-08-04,1.5300,1.5100,1.2000,ALCISTA FUERTE,10,767.8100,7.5500,53.4000,15.1800,"Filtros estándar (Score ≥6.5, DD ≥10%)"
CMCSA,Comcast,Communication Services,Cable & Satellite,2002-11-19,22.5500,2026-09-24,15.2000,25.2500,DOWN,-0.4026,-0.4658,True,0.1259,0.7693,0.9720,3.4110,24.9300,26.4100,24.3900,-9.5500,-14.6100,False,0.2121,BAJISTA,-17.5500,27.3500,32.0500,21.2800,-29.6300,5.9700,1.3560,False,22.8100,2,24.6800,True,1.1500,HAMMER,7.1500,5.5000,8.5000,7.0000,7,8.0000,7.0000,False,6.8200,10.2300,1.5000,7.0929,6.1775,0.8743,0.6287,4.7390,0.1149,0.0431,0.0897,0.6939,-0.0120,-0.6680,100.4740,0.7960,12697624576.0000,11198999552.0000,1.1338,78531330048,0.6620,3.6300,5.8500,3539192198,4.7500,0.0000,5.1800,9.7800,0.1617,D/E:100,1,5.7100,False,5-10d,XLC,,GOOGL|META|NFLX,ad_spending_cycle|streaming_competition|regulation,28,2026-10-22,False,2026-07-23,1.0400,0.9700,7.6000,ALCISTA FUERTE,10,767.8100,7.5500,53.4000,15.1800,"Filtros estándar (Score ≥6.5, DD ≥10%)"
MAR,Marriott International,Consumer Discretionary,"Hotels, Resorts & Cruise Lines",1998-05-29,351.6600,2026-09-24,66.0800,32.0900,UP,2.1924,0.3693,True,0.8035,7.5279,0.9050,2.1410,353.4500,345.7500,342.0300,-0.5100,1.7100,True,1.4586,NEUTRO,-8.2900,383.4500,410.1500,254.6400,-14.2600,38.1000,1.0060,False,343.0000,3,383.1800,True,-2.4600,BULL_ENGULF,6.9500,8.5000,7.0000,5.0000,9,5.0000,7.5000,False,4.2800,6.4200,1.5000,36.3506,26.7168,-20.3373,12.4119,22.6450,,0.0976,0.3503,0.7924,0.1110,0.0430,,0.5350,2060375040.0000,2587000064.0000,0.7964,91661959168,1.1040,4.0700,0.8300,260766288,4.8800,5.5900,5.5500,3.2600,0.0225,OK,0,5.7100,False,7-15d,XLY,,AMZN|TSLA|HD,consumer_spending|employment_data|interest_rates,40,2026-11-03,False,2026-08-03,3.1900,3.0800,3.6000,ALCISTA FUERTE,10,767.8100,7.5500,53.4000,15.1800,"Filtros estándar (Score ≥6.5, DD ≥10%)"
PTC,PTC Inc.,Information Technology,Application Software,2021-04-20,140.4000,2026-09-24,37.5600,32.2400,UP,-0.5409,-2.0873,True,0.4664,5.5607,1.0820,3.9610,139.1900,146.5200,139.0700,0.8700,-4.1700,False,-2.2516,BAJISTA,-11.9500,159.4600,207.4900,108.5000,-32.3300,29.4000,1.2430,False,137.9500,1,144.5800,True,-1.7500,HAMMER|DOJI,6.6500,6.5000,8.5000,5.0000,8,5.0000,7.0000,False,7.9200,11.8800,1.5000,13.3278,15.4233,4.3846,5.0474,12.6700,0.3505,0.1154,0.4143,0.8450,-0.0680,-0.1200,46.3350,1.0250,1031425152.0000,1223814016.0000,0.8428,14909846528,1.0020,4.5700,,108506261,5.0900,0.0000,6.5300,9.3500,0.0692,OK,0,5.7100,False,3-7d,XLK,,AAPL|MSFT|NVDA,interest_rates|ai_capex_cycle|semiconductor_cycle,48,2026-11-11,False,2026-07-29,1.5800,1.5600,98.0000,ALCISTA FUERTE,10,767.8100,7.5500,53.4000,15.1800,"Filtros estándar (Score ≥6.5, DD ≥10%)"
CRH,CRH plc,Materials,Construction Materials,2025-12-22,85.2300,2026-09-24,33.3900,29.5300,UP,-0.2378,-0.3730,True,0.1412,2.4857,0.8130,2.9160,95.4800,109.2100,89.9800,-10.7400,-21.9600,False,-1.9746,BAJISTA,-22.5700,110.0700,130.0900,85.0500,-34.4800,0.2100,1.0790,False,,0,103.8600,False,,HAMMER,6.2000,5.0000,8.5000,5.0000,4,8.0000,7.0000,False,5.8300,8.7500,1.5000,14.8339,12.9286,2.3261,1.4459,9.6990,0.1581,0.0606,0.0994,0.3625,0.0560,0.1390,77.5920,1.5790,2019124992.0000,3814000128.0000,0.5294,55857283072,1.1980,2.8200,1.8300,665284511,5.3800,4.5100,5.1700,6.6600,0.0361,FCF/NI:0.53,1,5.7100,False,3-7d,XLB,,LIN|APD|ECL,commodity_prices|dxy|china_demand|energy_costs,35,2026-10-29,False,2026-07-30,1.9300,2.0200,-4.2000,ALCISTA FUERTE,10,767.8100,7.5500,53.4000,15.1800,"Filtros estándar (Score ≥6.5, DD ≥10%)"
NWSA,News Corp (Class A),Communication Services,Publishing,2013-08-01,28.1200,2026-09-24,27.7300,45.1900,DOWN,-0.2491,-0.1125,False,-0.2232,0.7201,0.9540,2.5610,29.1100,26.3300,29.7600,-3.4100,6.7900,True,1.7875,NEUTRO,-10.8800,31.5500,31.5500,22.0300,-10.8800,27.6200,1.9400,False,26.2000,1,27.5800,False,-6.8200,NONE,6.5000,8.5000,7.5000,5.0000,4,8.0000,5.0000,False,5.1200,7.6800,1.5000,27.6117,18.8130,1.8127,1.6879,12.5100,0.0798,0.0466,0.0635,0.5717,0.1080,-0.7490,31.5610,1.6230,1045124992.0000,573000000.0000,1.8240,15238284288,0.9230,2.8700,0.7100,358487837,5.1700,2.5000,6.3700,6.8800,0.0686,OK,0,5.7000,False,7-15d,XLC,,GOOGL|META|NFLX,ad_spending_cycle|streaming_competition|regulation,42,2026-11-05,False,2026-08-05,0.3500,0.2300,51.2000,ALCISTA FUERTE,10,767.8100,7.5500,53.4000,15.1800,"Filtros estándar (Score ≥6.5, DD ≥10%)"
DOV,Dover Corporation,Industrials,Industrial Machinery & Supplies & Components,1985-10-31,189.0300,2026-09-24,48.1100,30.9700,UP,0.1612,-0.0647,True,0.3514,3.9550,0.7970,2.0920,200.8300,209.3300,192.1800,-5.8800,-9.7000,False,0.5291,BAJISTA,-16.3200,225.9000,235.7900,157.3600,-19.8300,20.1300,0.8730,False,184.0000,1,218.1000,True,-2.6600,NONE,6.1000,5.5000,7.0000,5.0000,7,7.0000,5.0000,False,4.1800,6.2800,1.5000,22.7470,16.1581,3.2847,3.0052,14.1240,0.1491,0.0706,0.1348,0.4009,0.0690,0.1410,42.3160,1.9790,906472128.0000,1129351936.0000,0.8026,25305067520,1.1460,5.1000,1.1100,134680225,5.4100,4.3700,5.9100,6.0300,0.0358,OK,0,5.6900,False,3-7d,XLI,,CAT|UNP|HON,pmi_manufacturing|supply_chain|capex_cycle,28,2026-10-22,False,2026-07-23,2.7400,2.7200,78.0000,ALCISTA FUERTE,10,767.8100,7.5500,53.4000,15.1800,"Filtros estándar (Score ≥6.5, DD ≥10%)"
OTIS,Otis Worldwide,Industrials,Industrial Machinery & Supplies & Components,2020-04-03,68.3200,2026-09-24,41.5400,37.2600,UP,-0.1965,-0.1725,False,0.2384,1.5559,0.9890,2.2770,71.3000,78.1500,69.6000,-4.1700,-12.5700,False,-2.1642,BAJISTA,-9.4500,75.4500,93.4300,66.5700,-26.8800,2.6300,0.7060,False,69.3700,6,74.2000,True,1.5400,NONE,6.0300,5.0000,6.0000,5.0000,9,6.5000,5.0000,False,4.5500,6.8300,1.5000,17.1414,14.6866,-4.4162,1.7023,13.0050,,0.1425,0.1017,0.3031,0.0730,0.1300,,0.8310,1436249984.0000,1516000000.0000,0.9474,25383032832,0.8750,4.7900,2.5800,380669339,5.4700,4.2500,5.6400,6.7100,0.0566,OK,0,5.6900,False,3-7d,XLI,,CAT|UNP|HON,pmi_manufacturing|supply_chain|capex_cycle,34,2026-10-28,False,2026-07-22,1.0100,1.0100,38.0000,ALCISTA FUERTE,10,767.8100,7.5500,53.4000,15.1800,"Filtros estándar (Score ≥6.5, DD ≥10%)"
NCLH,Norwegian Cruise Line Holdings,Consumer Discretionary,"Hotels, Resorts & Cruise Lines",2017-10-13,14.1800,2026-09-24,23.9700,17.0100,UP,0.0354,-0.0317,True,0.2362,0.5293,0.6900,3.7330,17.4500,19.6200,15.2100,-18.7400,-27.7400,False,-1.6126,BAJISTA,-34.8000,21.7500,26.0900,13.6300,-45.6500,4.0400,1.3720,False,,0,20.2600,False,,HAMMER|DOJI,6.4800,5.0000,9.5000,5.0000,4,8.5000,7.0000,False,7.4700,11.2000,1.5000,8.6000,8.3855,2.5326,0.6417,8.5850,0.3673,0.0425,0.0749,0.4246,0.0490,6.1630,621.0510,0.2000,-1680301312.0000,760768000.0000,-2.2087,6515875328,1.8810,6.1700,,459187846,5.1700,6.9500,3.5800,4.9600,-0.2579,FCF/NI:-2.21|D/E:621,2,5.6900,False,3-7d,XLY,,AMZN|TSLA|HD,consumer_spending|employment_data|interest_rates,41,2026-11-04,False,2026-07-30,0.4800,0.3900,22.8000,ALCISTA FUERTE,10,767.8100,7.5500,53.4000,15.1800,"Filtros estándar (Score ≥6.5, DD ≥10%)"
VLTO,Veralto,Industrials,Environmental & Facilities Services,2023-10-02,95.8800,2026-09-24,45.0600,35.1100,UP,-0.1797,-0.3363,True,0.4256,1.6402,0.7330,1.7110,95.9800,92.9900,95.9300,-0.1100,3.1100,True,-0.2799,NEUTRO,-6.2300,102.2500,107.4400,79.9100,-10.7600,19.9800,1.0520,False,96.2200,2,98.9800,True,0.3500,NONE,6.6000,8.0000,7.0000,5.0000,7,7.0000,5.0000,False,3.4200,5.1300,1.5000,24.2317,20.1678,7.5856,4.1174,17.8780,0.3431,0.1031,0.1735,0.6018,0.0750,0.1010,115.9780,1.7750,807124992.0000,988000000.0000,0.8169,23452919808,0.7590,4.0400,0.5400,243793344,5.0900,3.6600,6.2800,5.3700,0.0344,D/E:116,1,5.6900,False,7-15d,XLI,,CAT|UNP|HON,pmi_manufacturing|supply_chain|capex_cycle,27,2026-10-21,False,2026-07-28,1.1100,1.0100,10.3000,ALCISTA FUERTE,10,767.8100,7.5500,53.4000,15.1800,"Filtros estándar (Score ≥6.5, DD ≥10%)"
TJX,TJX Companies,Consumer Discretionary,Apparel Retail,1985-09-30,131.5900,2026-09-24,46.1000,10.9200,UP,1.0842,-0.0696,True,0.5731,2.7621,0.8330,2.0990,144.2900,152.6600,131.7800,-8.8000,-13.8000,False,-1.0478,BAJISTA,-19.0400,162.5300,169.4700,122.7800,-22.3500,7.1800,0.9430,False,,0,162.0300,False,,NONE,5.2500,5.0000,7.0000,5.0000,4,5.0000,5.0000,False,4.2000,6.3000,1.5000,24.3759,22.7989,13.9824,2.3217,17.1920,0.6217,0.1354,0.0973,0.3147,0.0540,0.2360,134.4190,1.1470,4398125056.0000,6066999808.0000,0.7249,144789585920,0.5930,3.1200,1.4600,1099974061,5.9500,7.2000,5.9700,4.4800,0.0304,FCF/NI:0.72|D/E:134,2,5.6700,False,3-7d,XLY,,AMZN|TSLA|HD,consumer_spending|employment_data|interest_rates,55,2026-11-18,False,2026-08-19,1.3600,1.1900,14.5000,ALCISTA FUERTE,10,767.8100,7.5500,53.4000,15.1800,"Filtros estándar (Score ≥6.5, DD ≥10%)"
ACGL,Arch Capital Group,Financials,Property & Casualty Insurance,2022-11-01,95.1600,2026-09-24,35.3400,36.4800,DOWN,-0.1626,-0.1042,False,0.1202,1.9479,0.9100,2.0470,99.1600,96.3000,97.2900,-4.0300,-1.1900,True,0.6184,BAJISTA,-11.1400,107.0900,107.0900,82.4500,-11.1400,15.4200,1.2330,False,94.9200,2,105.0900,True,-0.2500,NONE,6.6000,7.0000,6.5000,5.0000,8,8.0000,5.0000,False,4.0900,6.1400,1.5000,7.4351,9.7448,1.3908,1.6859,5.9280,0.1994,0.0412,0.2440,0.3876,-0.1050,-0.0710,17.8360,0.5890,4302125056.0000,4652000256.0000,0.9248,32423589888,0.2820,4.2300,,341229126,5.0400,0.0000,7.1800,8.4300,0.1327,RevG:-10.5%,1,5.6600,False,3-7d,XLF,,JPM|BAC|WFC,interest_rates|yield_curve|credit_spreads|loan_growth,32,2026-10-26,False,2026-07-28,2.5600,2.4600,4.0000,ALCISTA FUERTE,10,767.8100,7.5500,53.4000,15.1800,"Filtros estándar (Score ≥6.5, DD ≥10%)"
LIN,Linde plc,Materials,Industrial Gases,1992-07-01,469.7200,2026-09-24,35.7800,26.3600,UP,-0.0661,-1.3208,True,0.4256,7.6459,0.7700,1.6280,485.9700,480.5300,470.6600,-3.3400,-2.2500,True,1.3334,BAJISTA,-14.0300,546.4000,546.4000,384.0000,-14.0300,22.3200,0.9810,False,468.4200,2,520.0600,True,-0.2800,HAMMER,7.0500,7.0000,8.5000,5.0000,8,7.0000,7.0000,False,3.2600,4.8800,1.5000,30.2026,23.9352,5.5220,6.0877,17.4500,0.1840,0.0716,0.2044,0.4835,0.0930,0.1130,68.9470,0.8790,4160750080.0000,7244000256.0000,0.5744,215803265024,0.7270,2.4700,1.3600,460980163,4.7400,4.9400,5.3200,3.8200,0.0193,FCF/NI:0.57,1,5.6600,False,3-7d,XLB,,APD|ECL|NEM,commodity_prices|dxy|china_demand|energy_costs,36,2026-10-30,False,2026-07-31,4.5000,4.4900,31.0000,ALCISTA FUERTE,10,767.8100,7.5500,53.4000,15.1800,"Filtros estándar (Score ≥6.5, DD ≥10%)"
PHM,PulteGroup,Consumer Discretionary,Homebuilding,1984-04-30,118.7100,2026-09-24,39.3100,26.8300,UP,-0.1059,-0.4960,True,0.3216,2.9312,0.7590,2.4690,125.9000,124.4600,121.2400,-5.7100,-4.6200,True,0.1673,BAJISTA,-13.9300,137.9300,143.5700,108.0200,-17.3200,9.8900,1.0450,False,114.5100,3,132.2900,True,-3.5400,HAMMER,7.3500,7.0000,8.5000,5.0000,10,7.0000,7.0000,False,4.9400,7.4100,1.5000,12.0715,10.6441,1.7043,1.3721,8.4960,0.1490,0.0921,0.1162,0.2556,-0.0960,-0.1820,19.0650,7.2720,1078512896.0000,1906445952.0000,0.5657,22511677440,1.2010,6.5300,0.8800,190486353,4.5300,0.0000,6.0600,8.0300,0.0479,FCF/NI:0.57,1,5.6600,False,3-7d,XLY,,AMZN|TSLA|HD,consumer_spending|employment_data|interest_rates,28,2026-10-22,False,2026-07-22,2.4800,2.3600,5.3000,ALCISTA FUERTE,10,767.8100,7.5500,53.4000,15.1800,"Filtros estándar (Score ≥6.5, DD ≥10%)"
GDDY,GoDaddy,Information Technology,Internet Services & Infrastructure,2024-06-24,96.3800,2026-09-24,45.6700,53.5200,DOWN,-0.2551,-0.1724,False,0.3099,4.9244,1.0870,5.1090,95.9300,94.6300,98.5700,0.4700,1.8500,True,-3.0461,ALCISTA,-9.0800,106.0000,148.1900,71.5900,-34.9600,34.6300,1.7300,False,92.1000,2,97.0000,False,-4.4500,HAMMER|DOJI,5.9500,9.5000,5.0000,5.0000,4,5.0000,7.0000,False,10.2200,15.3300,1.5000,14.9792,9.1417,1902.0754,2.5014,10.7650,4.4286,0.0988,0.1783,0.6380,0.0660,0.2980,57334.3300,0.6320,1204950016.0000,910300032.0000,1.3237,12767354880,0.9400,2.7400,,126647704,5.4500,1.7900,6.5800,8.4000,0.0944,D/E:57334,1,5.6500,False,10-18d,XLK,,AAPL|MSFT|NVDA,interest_rates|ai_capex_cycle|semiconductor_cycle,35,2026-10-29,False,2026-07-30,1.8300,1.6900,8.0000,ALCISTA FUERTE,10,767.8100,7.5500,53.4000,15.1800,"Filtros estándar (Score ≥6.5, DD ≥10%)"
J,Jacobs Solutions,Industrials,Construction & Engineering,2007-10-26,141.1200,2026-09-24,35.8800,35.9200,DOWN,-0.7428,-0.8465,True,0.1768,3.0036,0.8550,2.1280,141.8200,132.4800,144.1500,-0.5000,6.5200,True,0.2354,NEUTRO,-7.9500,153.3000,166.6600,105.0900,-15.3300,34.2800,1.1240,False,141.1200,2,152.4600,True,-0.0000,NONE,6.7200,8.5000,7.5000,5.0000,7,6.5000,5.0000,False,4.2600,6.3900,1.5000,44.9601,16.3699,4.8558,1.1139,18.3420,0.0800,0.0455,0.0238,0.2207,0.3450,-0.2540,124.7340,1.2870,645677888.0000,359329984.0000,1.7969,15838834688,0.6790,3.7500,1.0200,117038611,4.9300,5.0000,4.4100,5.4500,0.0408,D/E:125,1,5.6500,False,7-15d,XLI,,CAT|UNP|HON,pmi_manufacturing|supply_chain|capex_cycle,56,2026-11-19,False,2026-08-04,1.8400,1.8300,80.0000,ALCISTA FUERTE,10,767.8100,7.5500,53.4000,15.1800,"Filtros estándar (Score ≥6.5, DD ≥10%)"
UNP,Union Pacific Corporation,Industrials,Rail Transportation,1957-03-04,275.5300,2026-09-24,28.0600,10.5100,UP,-1.9495,-1.7410,False,0.1858,5.6086,0.9190,2.0360,293.0400,261.0200,285.8800,-5.9700,5.5600,True,2.7226,NEUTRO,-12.4000,314.5300,314.5300,211.0800,-12.4000,30.5300,0.7800,False,256.6700,3,273.9100,False,-6.8500,NONE,6.7800,8.5000,8.5000,5.0000,6,6.5000,5.0000,False,4.0700,6.1100,1.5000,22.2099,19.3347,8.3793,6.4076,14.8920,0.3970,0.0927,0.2885,0.5628,0.1150,0.0660,150.7720,0.9860,4720750080.0000,7329999872.0000,0.6440,162818277376,0.9660,11.2500,2.0600,594075498,4.9000,4.1500,5.5400,5.0300,0.0290,FCF/NI:0.64|D/E:151,2,5.6500,False,7-15d,XLI,,CAT|HON|RTX,pmi_manufacturing|supply_chain|capex_cycle,28,2026-10-22,False,2026-07-23,3.4100,3.2400,5.2000,ALCISTA FUERTE,10,767.8100,7.5500,53.4000,15.1800,"Filtros estándar (Score ≥6.5, DD ≥10%)"
PG,Procter & Gamble,Consumer Staples,Personal Care Products,1957-03-04,147.3900,2026-09-24,54.1800,54.0200,UP,0.2316,0.3046,False,0.7831,2.1521,0.7430,1.4600,145.9000,145.9000,145.9300,1.0200,1.0200,True,0.1034,ALCISTA,-4.0900,153.6800,164.7700,134.6200,-10.5500,9.4800,0.7860,True,143.3000,14,152.5400,True,-2.7700,HAMMER|DOJI,7.8000,10.0000,6.0000,7.5000,9,7.0000,7.0000,False,2.9200,4.3800,1.5000,22.0060,19.6870,6.3485,3.8878,14.8940,0.3029,0.1072,0.1844,0.5087,0.0150,-0.1550,64.4900,0.6770,13280874496.0000,15754000384.0000,0.8430,338366889984,0.3770,3.0800,2.9500,2322672312,4.2100,0.4000,6.8100,5.6000,0.0392,OK,0,5.6500,False,10-18d,XLP,,KO|PEP|WMT,inflation|input_costs|fx_rates,28,2026-10-22,False,2026-07-29,1.4300,1.4100,1.6000,ALCISTA FUERTE,10,767.8100,7.5500,53.4000,15.1800,"Filtros estándar (Score ≥6.5, DD ≥10%)"
ITW,Illinois Tool Works,Industrials,Industrial Machinery & Supplies & Components,1986-02-28,273.4200,2026-09-24,56.4000,31.8700,UP,0.4449,-0.4742,True,0.5716,4.7371,0.8080,1.7330,279.9300,266.1800,272.1300,-2.3300,2.7200,True,1.1739,NEUTRO,-9.4400,301.9200,301.9200,234.3800,-9.4400,16.6600,1.3750,False,243.0000,3,274.3600,False,-11.1300,NONE,6.6500,8.5000,7.0000,7.0000,6,5.0000,5.0000,False,3.4700,5.2000,1.5000,24.6154,21.9341,26.7664,4.7037,17.9610,1.0462,0.1692,0.1939,0.4416,0.0610,0.1010,334.8530,1.1090,2432999936.0000,3193999872.0000,0.7617,77465600000,0.9970,8.8500,2.5200,284800000,4.9900,3.2200,6.8900,4.8600,0.0314,D/E:335,1,5.6500,False,7-15d,XLI,,CAT|UNP|HON,pmi_manufacturing|supply_chain|capex_cycle,29,2026-10-23,False,2026-07-28,2.8400,2.8000,1.5000,ALCISTA FUERTE,10,767.8100,7.5500,53.4000,15.1800,"Filtros estándar (Score ≥6.5, DD ≥10%)"
UAL,United Airlines Holdings,Industrials,Passenger Airlines,2015-09-03,110.7200,2026-09-24,60.0700,32.8900,UP,0.8440,0.1548,True,0.5891,3.7943,0.8610,3.4270,116.7300,108.8800,110.8500,-5.1500,1.6900,True,1.1660,NEUTRO,-20.2100,138.7700,138.7700,84.6400,-20.2100,30.8100,1.0270,False,111.2900,2,117.9600,True,0.5100,NONE,6.4000,8.5000,7.0000,5.0000,7,5.0000,5.0000,False,6.8500,10.2800,1.5000,10.4110,7.6356,2.1615,0.5737,7.4910,0.2325,0.0338,0.0556,0.3182,0.1600,-0.1720,201.6410,0.7800,910124992.0000,3496000000.0000,0.2603,36088909824,1.2720,5.8700,,324569728,5.1400,4.6100,3.8200,7.3100,0.0252,FCF/NI:0.26|D/E:202,2,5.6400,False,7-15d,XLI,,CAT|UNP|HON,pmi_manufacturing|supply_chain|capex_cycle,27,2026-10-21,False,2026-07-15,1.9900,1.8500,7.6000,ALCISTA FUERTE,10,767.8100,7.5500,53.4000,15.1800,"Filtros estándar (Score ≥6.5, DD ≥10%)"
GILD,Gilead Sciences,Health Care,Biotechnology,2004-07-01,151.3700,2026-09-24,55.9100,46.2100,UP,-0.0051,-0.3326,True,0.8723,3.3615,0.8900,2.2210,139.6900,133.9700,146.7400,8.3600,12.9900,True,1.9908,ALCISTA,-1.8400,154.2000,154.5100,105.8400,-2.0300,43.0100,1.0540,False,126.9400,5,151.7000,False,-16.1400,HAMMER,6.7500,10.0000,7.0000,5.0000,6,5.0000,7.0000,False,4.4400,6.6600,1.5000,,15.1369,15.7039,6.0941,14.3120,-0.2068,0.1409,-0.1064,0.7960,0.1020,,223.4650,1.2650,9768875008.0000,-3240000000.0000,-3.0151,185608896512,0.3500,3.6200,2.1700,1239955155,4.9000,6.2500,2.2500,6.4300,0.0526,FCF/NI:-3.02|D/E:223|ROE:-20.7%,3,5.6400,False,10-18d,XLV,,UNH|JNJ|LLY,fda_calendar|drug_pricing_policy|patent_cliffs,35,2026-10-29,False,2026-08-04,-6.7500,-7.2500,6.9000,ALCISTA FUERTE,10,767.8100,7.5500,53.4000,15.1800,"Filtros estándar (Score ≥6.5, DD ≥10%)"
DPZ,Domino's,Consumer Discretionary,Restaurants,2020-05-12,296.4300,2026-09-24,25.0100,33.2100,DOWN,-3.7541,-4.4458,True,0.1533,9.5757,0.8160,3.2300,333.2600,354.5600,317.2900,-11.0500,-16.3900,False,-2.1459,BAJISTA,-19.8600,369.8700,434.7300,280.2700,-31.8100,5.7700,0.9830,False,294.5100,3,316.8100,True,-0.6500,HAMMER|DOJI,6.7300,5.0000,8.5000,5.0000,9,6.5000,7.0000,False,6.4600,9.6900,1.5000,16.6117,14.0694,-2.4332,1.9281,14.4250,,0.3389,0.1186,0.2871,0.0430,0.0680,,1.5380,531496512.0000,596523008.0000,0.8910,9693940736,0.9460,3.5100,2.6900,33081735,4.9200,2.8800,5.8500,6.2100,0.0548,OK,0,5.6400,False,5-10d,XLY,,AMZN|TSLA|HD,consumer_spending|employment_data|interest_rates,19,2026-10-13,False,2026-07-20,4.0700,4.1700,-2.4000,ALCISTA FUERTE,10,767.8100,7.5500,53.4000,15.1800,"Filtros estándar (Score ≥6.5, DD ≥10%)"
BSX,Boston Scientific,Health Care,Health Care Equipment,1995-02-24,44.6200,2026-09-24,36.1800,30.8900,UP,-0.1622,-0.4297,True,0.3685,1.5850,0.9460,3.5520,46.8100,63.7300,45.4500,-4.6900,-29.9900,False,-7.8783,BAJISTA,-15.8000,52.9900,105.6500,42.2000,-57.7700,5.7300,0.8480,False,42.4300,4,46.3700,False,-4.9000,NONE,5.8500,5.0000,8.5000,5.0000,6,5.0000,5.0000,False,7.1000,10.6600,1.5000,18.0891,13.0854,2.5929,3.0840,13.4810,0.1534,0.0619,0.1750,0.6919,0.0750,0.1510,50.1510,1.2400,2451375104.0000,3673999872.0000,0.6672,64751579136,0.5680,2.4800,,1449229526,5.4900,4.8200,5.4400,6.3300,0.0379,FCF/NI:0.67,1,5.6300,False,3-7d,XLV,,UNH|JNJ|LLY,fda_calendar|drug_pricing_policy|patent_cliffs,34,2026-10-28,False,2026-07-29,0.8600,0.8300,3.9000,ALCISTA FUERTE,10,767.8100,7.5500,53.4000,15.1800,"Filtros estándar (Score ≥6.5, DD ≥10%)"
COHR,Coherent Corp.,Information Technology,Electronic Components,2026-03-23,300.6000,2026-09-24,58.8500,48.5800,UP,3.7819,3.4913,True,0.6464,20.6300,0.7300,6.8630,296.5600,285.0600,297.2500,1.3600,5.4500,True,5.0596,ALCISTA,-24.7500,399.4500,440.0000,102.1400,-31.6800,194.3000,0.9080,False,305.7800,2,315.7000,True,1.7200,HAMMER|DOJI,7.2000,10.0000,7.0000,5.0000,7,7.0000,7.0000,False,13.7300,20.5900,1.5000,70.5364,20.8243,5.2174,7.9951,41.3150,0.0798,0.0339,0.1131,0.3750,0.3370,,31.6120,2.4270,-649981632.0000,769896000.0000,-0.8442,56910802944,2.1040,1.4600,,195832246,4.5600,6.5000,4.2300,2.6700,-0.0114,FCF/NI:-0.84,1,5.6200,False,10-18d,XLK,,AAPL|MSFT|NVDA,interest_rates|ai_capex_cycle|semiconductor_cycle,41,2026-11-04,False,2026-08-12,1.7400,1.6200,7.6000,ALCISTA FUERTE,10,767.8100,7.5500,53.4000,15.1800,"Filtros estándar (Score ≥6.5, DD ≥10%)"
COR,Cencora,Health Care,Health Care Distributors,2001-08-30,312.2800,2026-09-24,33.6500,44.9600,DOWN,-2.2994,-2.3053,True,0.1486,7.2536,0.9180,2.3230,316.7300,318.4500,319.3600,-1.4100,-1.9400,False,-1.1337,BAJISTA,-7.8000,338.7100,375.3300,243.7800,-16.8000,28.1000,0.8760,False,299.0600,4,311.5700,False,-4.2300,HAMMER,6.4500,5.0000,7.5000,5.0000,7,8.0000,7.0000,False,4.6500,6.9700,1.5000,23.0215,15.6447,19.3814,0.1777,12.8780,0.9687,0.0356,0.0079,0.0396,0.0510,0.1190,446.5160,0.9350,2043314048.0000,2624793088.0000,0.7785,59131613184,0.5740,3.1600,0.7700,190827165,5.0700,3.2500,6.7900,5.1800,0.0346,D/E:447,1,5.6200,False,3-7d,XLV,,UNH|JNJ|LLY,fda_calendar|drug_pricing_policy|patent_cliffs,41,2026-11-04,False,2026-08-05,4.4800,4.3400,3.2000,ALCISTA FUERTE,10,767.8100,7.5500,53.4000,15.1800,"Filtros estándar (Score ≥6.5, DD ≥10%)"
MDLZ,Mondelez International,Consumer Staples,Packaged Foods & Meats,2012-10-02,61.4400,2026-09-24,48.8300,41.0800,UP,-0.1764,-0.0570,False,0.3027,1.2507,0.8380,2.0360,62.0300,58.8200,61.9200,-0.9600,4.4500,True,1.1991,NEUTRO,-7.8200,66.6500,66.6500,50.3400,-7.8200,22.0500,1.1880,False,57.8000,2,61.6200,False,-5.9200,NONE,5.7500,8.5000,6.0000,5.0000,4,5.0000,5.0000,False,4.0700,6.1100,1.5000,22.2930,18.1121,2.9255,1.9578,16.2520,0.1334,0.0412,0.0886,0.3115,0.0410,1.4490,82.6430,0.5990,2252375040.0000,3516000000.0000,0.6406,77676109824,0.4020,4.4700,3.3900,1276308057,5.5300,6.9600,4.4500,5.1200,0.0290,FCF/NI:0.64|D/E:83,2,5.6200,False,7-15d,XLP,,PG|KO|PEP,inflation|input_costs|fx_rates,33,2026-10-27,False,2026-07-28,0.7300,0.6800,7.4000,ALCISTA FUERTE,10,767.8100,7.5500,53.4000,15.1800,"Filtros estándar (Score ≥6.5, DD ≥10%)"
JBL,Jabil,Information Technology,Electronic Manufacturing Services,2023-12-18,308.7500,2026-09-24,56.3800,42.5100,UP,0.9097,-0.5798,True,0.6493,10.9629,0.7080,3.5510,317.9000,298.2200,307.7500,-2.8800,3.5300,True,3.4035,NEUTRO,-20.0700,386.3000,428.8400,189.4600,-28.0000,62.9700,0.7920,False,309.9400,1,323.0500,True,0.3900,HAMMER|DOJI|HAMMER|DOJI|HAMMER,6.9000,8.5000,7.0000,5.0000,7,7.0000,7.0000,False,7.1000,10.6500,1.5000,38.8362,18.4144,24.6169,0.9692,14.6610,0.6588,0.0501,0.0257,0.0923,0.1180,0.2760,297.1360,0.9810,1211624960.0000,862000000.0000,1.4056,32556300288,1.2920,3.0700,0.1000,104787089,4.7700,2.3400,6.8100,5.2300,0.0372,D/E:297,1,5.6200,False,7-15d,XLK,,AAPL|MSFT|NVDA,interest_rates|ai_capex_cycle|semiconductor_cycle,6,2026-09-30,True,2026-06-17,3.1600,3.1200,1.4000,ALCISTA FUERTE,10,767.8100,7.5500,53.4000,15.1800,"Filtros estándar (Score ≥6.5, DD ≥10%)"
USB,U.S. Bancorp,Financials,Diversified Banks,1999-11-01,58.4800,2026-09-24,37.1600,48.6800,DOWN,-0.3657,-0.2589,False,-0.1179,1.3079,1.1290,2.2360,62.9400,56.8400,61.5500,-7.0800,2.8900,True,2.7800,NEUTRO,-11.5000,66.0800,66.0800,43.7600,-11.5000,33.6400,1.0080,False,54.9700,2,57.5600,False,-5.9900,HAMMER|DOJI,6.5000,8.5000,6.5000,5.0000,4,8.0000,7.0000,False,4.4700,6.7100,1.5000,11.6567,10.0884,1.5009,3.3304,,0.1262,0.0116,0.2990,0.0000,0.1040,0.2160,,,,7797000192.0000,,90990206976,0.9710,0.0100,3.6900,1558051446,5.0300,4.9800,4.6600,5.5200,,OK,0,5.6200,False,7-15d,XLF,,JPM|BAC|WFC,interest_rates|yield_curve|credit_spreads|loan_growth,21,2026-10-15,False,2026-07-16,1.3500,1.2800,5.1000,ALCISTA FUERTE,10,767.8100,7.5500,53.4000,15.1800,"Filtros estándar (Score ≥6.5, DD ≥10%)"
MRSH,Marsh McLennan,Financials,Insurance Brokers,1987-08-31,170.3800,2026-09-24,19.0200,26.1700,DOWN,-1.3885,-1.4282,True,0.0921,3.5229,0.8200,2.0680,185.1500,176.3300,180.1000,-7.9800,-3.3700,True,0.2422,BAJISTA,-14.1600,198.4900,204.5600,155.7200,-16.7100,9.4100,1.0380,False,164.1300,1,168.7100,True,-3.6700,NONE,7.0000,7.0000,8.5000,5.0000,8,8.0000,5.0000,False,4.1400,6.2000,1.5000,20.7232,14.8926,5.3489,2.9017,13.1790,0.2590,0.0724,0.1424,0.4399,0.0620,0.0730,145.0270,1.1390,4785249792.0000,3980000000.0000,1.2023,81092509696,0.5770,3.4100,2.3200,477211268,4.6900,1.7200,6.2300,6.3600,0.0590,OK,0,5.6100,False,5-10d,XLF,,JPM|BAC|WFC,interest_rates|yield_curve|credit_spreads|loan_growth,21,2026-10-15,False,2026-07-21,2.9600,2.8900,2.3000,ALCISTA FUERTE,10,767.8100,7.5500,53.4000,15.1800,"Filtros estándar (Score ≥6.5, DD ≥10%)"
VMRK,Vivmark Residential,Real Estate,Multi-Family Residential REITs,2001-12-03,61.2900,2026-09-24,29.1100,36.8900,DOWN,-0.4331,-0.1764,False,0.0261,1.3414,1.0040,2.1890,66.1200,63.2500,64.2200,-7.3100,-3.1000,True,1.0419,BAJISTA,-14.2800,71.5000,71.5000,56.3000,-14.2800,8.8700,0.9760,False,,0,63.0600,False,,HAMMER|DOJI,6.5500,7.0000,7.5000,5.0000,5,8.0000,7.0000,False,4.3800,6.5700,1.5000,23.4808,41.4446,,15.2880,,0.0849,0.0256,0.3325,0.6232,0.0330,,75.1290,0.3480,1387120000.0000,1027489024.0000,1.3500,47239217152,0.5370,3.3400,4.1600,773779120,4.9800,3.8700,5.8500,5.2700,0.0294,OK,0,5.6100,False,3-7d,XLRE,,PLD|AMT|EQIX,interest_rates|cap_rates|occupancy_trends,27,2026-10-21,False,,,,,ALCISTA FUERTE,10,767.8100,7.5500,53.4000,15.1800,"Filtros estándar (Score ≥6.5, DD ≥10%)"
META,Meta Platforms,Communication Services,Interactive Media & Services,2013-12-23,744.1000,2026-09-24,84.5900,83.7800,UP,12.0328,7.7906,True,0.9521,27.5302,1.1990,3.7000,611.6300,624.4600,658.1700,21.6600,19.1600,False,0.3597,ALCISTA,-2.5900,763.9000,767.9900,519.3700,-3.1100,43.2700,1.3870,False,592.6900,2,,False,-20.3500,NONE,6.3500,8.5000,7.0000,7.0000,4,5.0000,5.0000,False,7.4000,11.1000,1.5000,29.2767,22.2628,7.5848,8.6788,17.4880,0.2985,0.1459,0.2983,0.8175,0.2800,-0.1340,42.9970,2.2260,21553625088.0000,68097998848.0000,0.3165,1980915384320,1.2430,1.7700,0.2800,2205128509,5.1200,5.0000,7.2000,2.8300,0.0109,FCF/NI:0.32,1,5.6100,False,10-18d,XLC,,GOOGL|NFLX|DIS,ad_spending_cycle|streaming_competition|regulation,34,2026-10-28,False,2026-07-29,6.1800,7.2200,-14.4000,ALCISTA FUERTE,10,767.8100,7.5500,53.4000,15.1800,"Filtros estándar (Score ≥6.5, DD ≥10%)"
TMO,Thermo Fisher Scientific,Health Care,Life Sciences Tools & Services,2004-08-03,665.3000,2026-09-24,78.4200,55.9200,UP,3.3876,2.0684,True,0.9636,15.0246,0.9490,2.2580,595.8700,537.8100,628.7200,11.6500,23.7100,True,0.8999,ALCISTA,-0.9200,671.4700,671.4700,434.5000,-0.9200,53.1200,1.1190,False,587.3400,3,,False,-11.7200,NONE,6.5500,10.0000,7.0000,5.0000,6,5.0000,5.0000,False,4.5200,6.7700,1.5000,36.5512,24.6303,4.7615,5.4133,24.2440,0.1351,0.0513,0.1504,0.4099,0.1050,0.0940,80.5750,1.5510,6237250048.0000,6967000064.0000,0.8953,250832879616,0.8540,3.3700,0.2800,369747286,4.9900,5.0500,5.6900,4.1200,0.0249,D/E:81,1,5.6100,False,10-18d,XLV,,UNH|JNJ|LLY,fda_calendar|drug_pricing_policy|patent_cliffs,27,2026-10-21,False,2026-07-23,6.0300,5.7100,5.6000,ALCISTA FUERTE,10,767.8100,7.5500,53.4000,15.1800,"Filtros estándar (Score ≥6.5, DD ≥10%)"
ACN,Accenture,Information Technology,IT Consulting & Other Services,2011-07-06,183.5200,2026-09-24,46.4700,55.4300,DOWN,-1.2204,-0.4299,False,0.3666,7.1307,0.9650,3.8860,172.9100,196.6300,184.4300,6.1400,-6.6700,False,-2.7973,BAJISTA,-7.1400,197.6300,285.2100,116.7500,-35.6600,57.2000,0.8330,True,175.7600,3,182.1500,False,-4.2300,NONE,6.1000,6.5000,5.0000,7.5000,7,5.0000,5.0000,False,7.7700,11.6600,1.5000,14.1701,12.0908,3.4038,1.4851,8.6630,0.2441,0.1090,0.1066,0.3201,0.0560,0.0900,25.0350,1.3390,12089380864.0000,7789751808.0000,1.5520,108564643840,1.0920,4.6200,3.5500,611942109,5.2900,0.3200,6.5700,9.5800,0.1114,OK,0,5.6100,False,3-7d,XLK,,AAPL|MSFT|NVDA,interest_rates|ai_capex_cycle|semiconductor_cycle,7,2026-10-01,True,2026-06-18,3.8000,3.7100,2.5000,ALCISTA FUERTE,10,767.8100,7.5500,53.4000,15.1800,"Filtros estándar (Score ≥6.5, DD ≥10%)"
ALGN,Align Technology,Health Care,Health Care Supplies,2017-06-19,148.1700,2026-09-24,38.9200,29.9100,UP,-0.1225,-0.2903,True,0.2013,4.7836,0.7260,3.2280,164.9500,170.9000,154.0100,-10.1700,-13.3000,False,0.7649,BAJISTA,-22.4100,190.9700,200.4400,122.0000,-26.0800,21.4500,1.4650,False,,0,165.1600,False,,NONE,6.5800,5.5000,8.5000,7.0000,4,8.5000,5.0000,False,6.4600,9.6900,1.5000,25.2821,11.6049,2.4513,2.4991,10.3110,0.1016,0.0756,0.0999,0.7074,0.0430,-0.1210,2.8550,1.3950,594111360.0000,413577984.0000,1.4365,10345179136,1.6430,4.3700,,71039852,4.9400,1.2900,6.6200,7.2200,0.0574,OK,0,5.6000,False,3-7d,XLV,,UNH|JNJ|LLY,fda_calendar|drug_pricing_policy|patent_cliffs,34,2026-10-28,False,2026-07-29,2.6400,2.6000,1.7000,ALCISTA FUERTE,10,767.8100,7.5500,53.4000,15.1800,"Filtros estándar (Score ≥6.5, DD ≥10%)"
FDS,FactSet,Financials,Financial Exchanges & Data,2021-12-20,279.4300,2026-09-24,35.7400,41.5700,DOWN,-1.7954,-3.7725,True,0.3441,12.4957,1.0430,4.4720,278.9900,247.9000,283.7900,0.1600,12.7200,True,0.8932,ALCISTA,-12.8100,320.4800,320.4800,182.4700,-12.8100,53.1400,0.4620,True,255.8700,1,294.4700,False,-8.4300,HAMMER,7.0500,10.0000,7.5000,7.5000,4,5.0000,7.0000,True,8.9400,13.4200,1.5000,17.8807,13.7486,4.7752,3.9563,12.0150,0.2703,0.1108,0.2321,0.5138,0.0640,-0.0960,77.2840,0.6830,621161344.0000,565969984.0000,1.0975,9647154176,0.7110,5.6200,1.6600,35565543,4.6200,1.1600,6.4600,6.5200,0.0644,OK,0,5.5900,False,10-18d,XLF,,JPM|BAC|WFC,interest_rates|yield_curve|credit_spreads|loan_growth,6,2026-09-30,True,2026-07-01,4.5300,4.4500,1.8000,ALCISTA FUERTE,10,767.8100,7.5500,53.4000,15.1800,"Filtros estándar (Score ≥6.5, DD ≥10%)"
PFE,Pfizer,Health Care,Pharmaceuticals,1957-03-04,28.1800,2026-09-24,43.6000,34.4500,UP,-0.1174,-0.2016,True,0.5701,0.4671,0.8440,1.6580,26.7000,25.6500,27.7400,5.5500,9.8500,True,1.6409,ALCISTA,-3.5300,29.2100,29.2100,22.0300,-3.5300,27.8900,0.9930,False,25.9700,3,29.2100,False,-7.8400,HAMMER|DOJI,6.7500,10.0000,7.0000,5.0000,6,5.0000,7.0000,False,3.3200,4.9700,1.5000,37.3816,9.8067,1.9006,2.5422,8.3790,0.0501,0.0578,0.0680,0.7472,0.0260,,74.2530,1.2670,12485624832.0000,4338999808.0000,2.8775,161927725056,0.2990,3.9100,6.1000,5699673589,4.8200,3.0800,4.7000,6.9800,0.0771,OK,0,5.5900,False,10-18d,XLV,,UNH|JNJ|LLY,fda_calendar|drug_pricing_policy|patent_cliffs,40,2026-11-03,False,2026-08-04,0.7700,0.6800,12.9000,ALCISTA FUERTE,10,767.8100,7.5500,53.4000,15.1800,"Filtros estándar (Score ≥6.5, DD ≥10%)"
AXP,American Express,Financials,Consumer Finance,1976-06-30,301.9600,2026-09-24,28.9400,34.7000,DOWN,-1.8014,-1.3543,False,-0.0820,6.5586,0.9040,2.1720,335.1000,333.8300,321.8500,-9.8900,-9.5500,True,-0.9772,BAJISTA,-16.8500,363.1400,384.3600,289.2600,-21.4400,4.3900,1.3370,False,300.7100,2,324.1100,True,-0.4100,NONE,6.5500,6.5000,7.5000,5.0000,7,8.0000,5.0000,False,4.3400,6.5200,1.5000,18.5361,15.1485,6.0187,2.9108,,0.3438,0.0379,0.1614,0.6234,0.1280,0.1100,172.3800,1.5530,,11310999552.0000,,206415200256,1.0480,4.4800,1.2600,675309833,4.9500,3.9900,6.3600,4.4400,,D/E:172,1,5.5900,False,3-7d,XLF,,JPM|BAC|WFC,interest_rates|yield_curve|credit_spreads|loan_growth,29,2026-10-23,False,2026-07-24,4.5300,4.4000,2.9000,ALCISTA FUERTE,10,767.8100,7.5500,53.4000,15.1800,"Filtros estándar (Score ≥6.5, DD ≥10%)"
NKE,"Nike, Inc.",Consumer Discretionary,"Apparel, Accessories & Luxury Goods",1988-11-30,36.0500,2026-09-24,33.0200,32.4700,UP,-0.0115,-0.1359,True,0.2319,0.9236,0.7580,2.5620,39.7000,48.8800,37.2600,-9.1900,-26.2500,False,-4.7292,BAJISTA,-19.1100,44.5700,74.5100,35.3500,-51.6200,1.9800,1.2560,False,,0,43.2300,False,,NONE,6.0700,5.0000,8.5000,5.0000,4,8.5000,5.0000,False,5.1200,7.6900,1.5000,17.1381,16.2809,3.5904,1.1507,11.2590,0.2214,0.0697,0.0670,0.4325,-0.0110,4.2800,74.2890,1.9610,1889250048.0000,3108000000.0000,0.6079,53391122432,1.1100,2.7900,4.5500,1202110951,5.2500,5.0000,5.0600,5.7600,0.0354,FCF/NI:0.61,1,5.5800,False,3-7d,XLY,,AMZN|TSLA|HD,consumer_spending|employment_data|interest_rates,7,2026-10-01,True,2026-06-30,0.7200,0.1300,466.1000,ALCISTA FUERTE,10,767.8100,7.5500,53.4000,15.1800,"Filtros estándar (Score ≥6.5, DD ≥10%)"
ICE,Intercontinental Exchange,Financials,Financial Exchanges & Data,2007-09-26,156.3500,2026-09-24,44.8300,40.1200,UP,-0.7809,-1.2117,True,0.3593,3.5698,0.9540,2.2830,152.9000,154.2000,156.2900,2.2600,1.3900,False,0.4650,ALCISTA,-4.7300,164.1100,174.2500,121.3900,-10.2700,28.8000,0.9590,True,158.1700,4,164.1100,True,1.1700,BULL_ENGULF|BULL_ENGULF,7.4500,8.5000,7.0000,7.5000,9,5.0000,7.5000,False,4.5700,6.8500,1.5000,22.1653,17.8317,2.9792,8.3443,16.0350,0.1409,0.0217,0.3825,1.0000,0.0480,0.1420,69.2260,1.0120,3633625088.0000,4038000128.0000,0.8999,88099635200,0.9340,1.5100,1.3300,561394487,4.3300,2.4000,5.3700,5.3600,0.0412,OK,0,5.5800,False,10-18d,XLF,,JPM|BAC|WFC,interest_rates|yield_curve|credit_spreads|loan_growth,35,2026-10-29,False,2026-07-30,1.9000,1.8400,3.4000,ALCISTA FUERTE,10,767.8100,7.5500,53.4000,15.1800,"Filtros estándar (Score ≥6.5, DD ≥10%)"
L,Loews Corporation,Financials,Multi-line Insurance,1995-05-31,105.0400,2026-09-24,29.2200,39.8700,DOWN,-0.1821,0.0940,False,-0.2184,1.6586,0.8460,1.5790,112.2000,108.8100,108.9000,-6.3800,-3.4700,True,0.3719,BAJISTA,-13.1500,120.9400,120.9400,95.9500,-13.1500,9.4700,1.2800,False,106.9700,2,110.7000,True,1.8300,HAMMER|DOJI,7.0000,7.0000,7.5000,5.0000,8,8.0000,7.0000,False,3.1600,4.7400,1.5000,12.8920,36.2310,1.1235,1.1490,7.7030,0.0931,0.0191,0.0902,0.3629,0.0390,0.1560,44.6090,0.5070,1262000000.0000,1687000064.0000,0.7481,21479219200,0.5070,7.8100,0.2400,204427720,4.6300,2.3800,4.3400,7.6000,0.0588,FCF/NI:0.75,1,5.5800,False,3-7d,XLF,,JPM|BAC|WFC,interest_rates|yield_curve|credit_spreads|loan_growth,39,2026-11-02,False,2020-02-10,1.1100,0.7300,52.5000,ALCISTA FUERTE,10,767.8100,7.5500,53.4000,15.1800,"Filtros estándar (Score ≥6.5, DD ≥10%)"
NDAQ,"Nasdaq, Inc.",Financials,Financial Exchanges & Data,2008-10-22,95.4400,2026-09-24,45.9500,23.6000,UP,-0.0736,-0.9722,True,0.5422,2.3543,0.9990,2.4670,94.4000,90.0200,93.9300,1.1000,6.0200,True,0.9292,ALCISTA,-5.1600,100.6300,100.7700,76.2900,-5.2800,25.1000,1.0920,False,86.7100,1,94.9400,False,-9.1400,HAMMER,6.4500,10.0000,7.0000,5.0000,4,5.0000,7.0000,False,4.9300,7.4000,1.5000,27.5656,20.2055,4.4325,9.4142,18.5250,0.1652,0.0585,0.3504,1.0000,0.1490,0.1410,77.6870,1.0060,1691500032.0000,1967000064.0000,0.8599,52851310592,0.9740,2.2500,1.2200,558977372,4.9900,5.0000,5.5300,4.3500,0.0320,OK,0,5.5700,False,10-18d,XLF,,JPM|BAC|WFC,interest_rates|yield_curve|credit_spreads|loan_growth,28,2026-10-22,False,2026-07-23,1.0700,0.9800,8.8000,ALCISTA FUERTE,10,767.8100,7.5500,53.4000,15.1800,"Filtros estándar (Score ≥6.5, DD ≥10%)"
KIM,Kimco Realty,Real Estate,Retail REITs,2006-04-04,22.2100,2026-09-24,9.8600,30.0800,DOWN,-0.0832,-0.0709,False,-0.0119,0.3695,0.9120,1.6630,24.1900,22.7100,23.1800,-8.1700,-2.1800,True,1.7033,BAJISTA,-15.6700,26.3400,26.3400,18.9600,-15.6700,17.1700,1.0490,False,,0,25.9600,False,,HAMMER|DOJI,6.5500,7.0000,7.5000,5.0000,5,8.0000,7.0000,False,3.3300,4.9900,1.5000,25.8721,25.2841,1.4527,6.8240,17.4450,0.0581,0.0237,0.2776,0.6893,0.0490,-0.0580,84.9930,0.9710,871483392.0000,573750016.0000,1.5189,14925063168,0.9560,6.9400,5.0400,670789373,4.9200,2.2700,5.3800,7.4700,0.0584,D/E:85,1,5.5700,False,3-7d,XLRE,,PLD|AMT|EQIX,interest_rates|cap_rates|occupancy_trends,35,2026-10-29,False,2026-08-04,0.2200,0.2000,13.5000,ALCISTA FUERTE,10,767.8100,7.5500,53.4000,15.1800,"Filtros estándar (Score ≥6.5, DD ≥10%)"
HCA,HCA Healthcare,Health Care,Health Care Facilities,2015-01-27,436.4800,2026-09-24,65.2900,46.4900,UP,1.1873,1.1546,True,0.9145,14.7075,1.1610,3.3700,406.9300,446.3600,421.0500,7.2600,-2.2100,False,-1.3626,BAJISTA,-2.2100,446.3600,553.5600,353.3400,-21.1500,23.5300,0.8630,False,397.7300,3,428.7500,False,-8.8800,NONE,6.0000,6.5000,7.0000,5.0000,7,5.0000,5.0000,False,6.7400,10.1100,1.5000,14.2060,13.2272,-13.8969,1.1752,9.2420,,0.1229,0.0877,0.4258,0.0870,0.1160,,0.9930,3738125056.0000,6840000000.0000,0.5465,91684061184,1.1090,5.1900,0.7100,216501500,5.2800,4.7000,4.9400,6.3600,0.0408,FCF/NI:0.55,1,5.5700,False,3-7d,XLV,,UNH|JNJ|LLY,fda_calendar|drug_pricing_policy|patent_cliffs,29,2026-10-23,False,2026-07-24,7.5900,7.5000,1.2000,ALCISTA FUERTE,10,767.8100,7.5500,53.4000,15.1800,"Filtros estándar (Score ≥6.5, DD ≥10%)"
AAPL,Apple Inc.,Information Technology,"Technology Hardware, Storage & Peripherals",1982-11-30,337.0200,2026-09-24,62.4400,67.4800,DOWN,1.1950,1.5936,False,0.7827,7.2436,0.8980,2.1490,321.4100,286.7800,328.5100,4.8600,17.5200,True,1.8974,ALCISTA,-2.4100,345.3400,345.3400,242.7600,-2.4100,38.8300,0.7280,True,309.9000,1,334.7000,False,-8.0500,BULL_ENGULF|HAMMER|DOJI,6.8000,10.0000,5.0000,7.5000,4,5.0000,9.5000,False,4.3000,6.4500,1.5000,38.4788,35.0333,45.6413,10.5018,29.4150,1.4875,0.2708,0.2762,0.4865,0.1640,0.2870,78.4450,1.0030,107721875456.0000,128929996800.0000,0.8355,4902477103104,1.0850,2.9700,0.3200,14594180000,4.7500,3.0300,7.1500,3.9600,0.0220,OK,0,5.5700,False,10-18d,XLK,,MSFT|NVDA|AVGO,interest_rates|ai_capex_cycle|semiconductor_cycle,35,2026-10-29,False,2026-07-30,2.0200,1.8900,6.7000,ALCISTA FUERTE,10,767.8100,7.5500,53.4000,15.1800,"Filtros estándar (Score ≥6.5, DD ≥10%)"
AMAT,Applied Materials,Information Technology,Semiconductor Materials & Equipment,1995-03-16,474.3800,2026-09-24,61.1700,28.2900,UP,6.1734,-0.3763,True,0.7650,18.8671,0.5500,3.9770,493.5800,418.5800,459.2400,-3.8900,13.3300,True,5.3963,NEUTRO,-35.8000,738.8800,738.8800,195.1200,-35.8000,143.1200,0.7080,False,435.8600,1,474.0400,False,-8.1200,HAMMER,6.4500,8.5000,7.0000,5.0000,4,7.0000,7.0000,False,7.9500,11.9300,1.5000,40.9896,25.6979,14.6868,12.2049,36.8760,0.4107,0.1548,0.3005,0.4940,0.2480,0.4280,28.6660,2.4230,3075375104.0000,9267000320.0000,0.3319,376363581440,1.5970,2.1700,0.4500,793597443,4.9600,5.0500,6.5900,2.9500,0.0082,FCF/NI:0.33,1,5.5600,False,7-15d,XLK,,AAPL|MSFT|NVDA,interest_rates|ai_capex_cycle|semiconductor_cycle,49,2026-11-12,False,2026-08-13,3.5000,3.3900,3.1000,ALCISTA FUERTE,10,767.8100,7.5500,53.4000,15.1800,"Filtros estándar (Score ≥6.5, DD ≥10%)"
FTV,Fortive,Industrials,Industrial Machinery & Supplies & Components,2016-07-01,56.2600,2026-09-24,47.3300,35.5400,UP,0.0519,-0.1432,True,0.4310,1.1067,0.7910,1.9670,59.1800,58.1000,56.6500,-4.9300,-3.1700,True,0.8824,BAJISTA,-12.7500,64.4800,64.4800,47.1000,-12.7500,19.4400,0.6990,False,54.1300,1,62.8600,True,-3.7800,HAMMER|HAMMER,6.7500,7.0000,7.0000,5.0000,8,7.0000,7.0000,False,3.9300,5.9000,1.5000,29.3333,17.0691,2.7681,3.8797,16.1810,0.0732,0.0330,0.1238,0.6323,0.0790,0.0400,59.2830,1.2410,939112512.0000,602200000.0000,1.5595,16743825408,0.9730,6.6500,0.5000,302017052,4.7600,2.4200,4.8300,7.3900,0.0561,OK,0,5.5600,False,3-7d,XLI,,CAT|UNP|HON,pmi_manufacturing|supply_chain|capex_cycle,34,2026-10-28,False,2026-07-29,0.7400,0.7100,4.9000,ALCISTA FUERTE,10,767.8100,7.5500,53.4000,15.1800,"Filtros estándar (Score ≥6.5, DD ≥10%)"
IRM,Iron Mountain,Real Estate,Other Specialized REITs,2009-01-06,115.0900,2026-09-24,53.6300,35.6700,UP,0.4698,-0.0680,True,0.5114,3.1857,0.7540,2.7680,119.9700,109.5700,115.5700,-4.0700,5.0400,True,2.5402,NEUTRO,-13.2600,132.6800,133.6400,76.0300,-13.8800,51.3800,1.0830,False,113.4500,1,119.5100,True,-1.4300,HAMMER|DOJI,6.9000,8.5000,7.0000,5.0000,7,7.0000,7.0000,False,5.5400,8.3000,1.5000,80.3451,41.7958,-26.5141,4.4912,21.3230,,0.0463,0.0554,0.5421,0.1850,,,0.7260,-436093504.0000,418655008.0000,-1.0417,33964912640,1.2040,3.9400,3.0000,297702812,4.6700,7.5000,4.3600,1.7200,-0.0128,FCF/NI:-1.04,1,5.5600,False,7-15d,XLRE,,PLD|AMT|EQIX,interest_rates|cap_rates|occupancy_trends,41,2026-11-04,False,2026-08-05,0.6000,0.5600,7.5000,ALCISTA FUERTE,10,767.8100,7.5500,53.4000,15.1800,"Filtros estándar (Score ≥6.5, DD ≥10%)"
MRK,Merck & Co.,Health Care,Pharmaceuticals,1957-03-04,148.0800,2026-09-24,47.7100,24.1100,UP,-0.5846,-1.1490,True,0.5187,3.0390,0.8260,2.0520,138.1600,119.4100,145.7500,7.1800,24.0100,True,4.8383,ALCISTA,-5.0800,156.0000,156.0000,75.3700,-5.0800,96.4800,0.9750,False,144.8900,1,151.9000,True,-2.1500,HAMMER|BULL_ENGULF,7.1500,10.0000,7.0000,5.0000,7,5.0000,9.5000,False,4.1000,6.1600,1.5000,119.3387,15.5215,8.7119,5.4844,14.2760,0.0696,0.1187,0.0477,0.7590,0.0510,,128.4080,1.3230,15171500032.0000,3172999936.0000,4.7814,365092044800,0.2260,2.7400,2.3000,2467171638,4.4800,4.1200,4.6400,4.6900,0.0416,D/E:128,1,5.5500,False,10-18d,XLV,,UNH|JNJ|LLY,fda_calendar|drug_pricing_policy|patent_cliffs,35,2026-10-29,False,2026-08-04,-0.1300,-0.2600,49.4000,ALCISTA FUERTE,10,767.8100,7.5500,53.4000,15.1800,"Filtros estándar (Score ≥6.5, DD ≥10%)"
APA,APA Corporation,Energy,Oil & Gas Exploration & Production,1997-07-28,43.7000,2026-09-24,47.6300,77.9000,DOWN,-0.3200,-0.0460,False,0.4548,1.6000,1.1680,3.6610,40.3400,34.3700,43.8000,8.3200,27.1600,True,6.2205,ALCISTA,-7.8800,47.4400,47.4400,21.1300,-7.8800,106.7900,1.0230,False,40.4600,1,45.0500,False,-7.4100,NONE,5.8500,10.0000,5.0000,5.0000,4,5.0000,5.0000,False,7.3200,10.9800,1.5000,9.2152,9.7714,2.1816,1.7853,3.4390,0.2666,0.1160,0.1956,0.7825,0.0920,0.2630,48.8540,0.9460,2146749952.0000,1676999936.0000,1.2801,15303354368,0.3660,4.2200,2.2900,350351510,5.3500,1.5700,6.7800,8.1000,0.1403,OK,0,5.5500,False,10-18d,XLE,,XOM|CVX|COP,oil_price|gas_price|opec_supply|inventories,41,2026-11-04,False,2026-08-05,1.8900,1.8700,1.0000,ALCISTA FUERTE,10,767.8100,7.5500,53.4000,15.1800,"Filtros estándar (Score ≥6.5, DD ≥10%)"
AWK,American Water Works,Utilities,Water Utilities,2016-03-04,133.0600,2026-09-24,35.2800,51.7200,DOWN,-0.8669,-0.3686,False,-0.1034,2.5086,0.8040,1.8850,135.8700,130.5100,137.1300,-2.0700,1.9600,True,0.8131,NEUTRO,-6.5400,142.3700,142.3700,118.8200,-6.5400,11.9900,1.0790,True,127.7100,4,136.7400,False,-4.0200,HAMMER|DOJI,7.3000,8.5000,6.5000,7.5000,6,8.0000,7.0000,False,3.7700,5.6600,1.5000,22.7955,20.0324,2.2408,4.9468,14.5160,0.1009,0.0352,0.2135,0.6147,0.0620,0.0860,137.7450,0.5230,-1785374976.0000,1128000000.0000,-1.5828,26138824704,0.5800,5.2000,2.6900,198728989,4.3700,5.6600,4.4700,2.7500,-0.0683,FCF/NI:-1.58,1,5.5400,False,7-15d,XLU,,NEE|DUK|SO,interest_rates|regulatory_environment,34,2026-10-28,False,2026-07-29,1.6100,1.5500,4.0000,ALCISTA FUERTE,10,767.8100,7.5500,53.4000,15.1800,"Filtros estándar (Score ≥6.5, DD ≥10%)"
NVR,"NVR, Inc.",Consumer Discretionary,Homebuilding,2019-09-26,6241.6099,2026-09-24,48.4300,41.1600,UP,0.1625,-2.9188,True,0.4437,139.5164,0.7870,2.2350,6317.7300,6741.8200,6248.0800,-1.2000,-7.4200,False,-1.5602,BAJISTA,-9.2700,6879.1201,8200.0000,5501.0098,-23.8800,13.4600,0.8170,False,6253.4399,3,6512.1001,True,0.1900,HAMMER|DOJI,6.6500,5.0000,7.0000,5.0000,10,7.0000,7.0000,False,4.4700,6.7100,1.5000,16.2180,15.5647,4.9244,1.7339,10.8220,0.3154,0.1655,0.1185,0.2184,-0.1090,-0.2260,32.1500,5.6700,918313280.0000,1141319936.0000,0.8046,16699596800,0.9130,3.3100,,2678153,4.8000,0.0000,7.5100,7.2300,0.0550,RevG:-10.9%,1,5.5400,False,3-7d,XLY,,AMZN|TSLA|HD,consumer_spending|employment_data|interest_rates,27,2026-10-21,False,2026-07-23,83.9600,89.9800,-6.7000,ALCISTA FUERTE,10,767.8100,7.5500,53.4000,15.1800,"Filtros estándar (Score ≥6.5, DD ≥10%)"
IEX,IDEX Corporation,Industrials,Industrial Machinery & Supplies & Components,2019-08-09,229.6700,2026-09-24,62.4100,38.4600,UP,0.2828,-0.6393,True,0.7421,4.5457,0.8720,1.9790,228.8500,207.8500,225.8300,0.3600,10.5000,True,2.8880,ALCISTA,-5.8000,243.8000,243.8000,155.8700,-5.8000,47.3400,1.0870,False,215.4500,3,230.5600,False,-6.1900,NONE,6.5500,10.0000,7.0000,5.0000,6,5.0000,5.0000,False,3.9600,5.9400,1.5000,32.8305,23.7382,4.2188,4.6984,18.8010,0.1295,0.0684,0.1449,0.4473,0.0640,0.1090,47.0600,3.0490,555612480.0000,519500000.0000,1.0695,16844996608,0.9720,3.2900,1.2700,73719896,4.8700,3.4900,5.9800,5.1800,0.0330,OK,0,5.5400,False,10-18d,XLI,,CAT|UNP|HON,pmi_manufacturing|supply_chain|capex_cycle,34,2026-10-28,False,2026-07-29,2.3200,2.1100,9.9000,ALCISTA FUERTE,10,767.8100,7.5500,53.4000,15.1800,"Filtros estándar (Score ≥6.5, DD ≥10%)"
INTU,Intuit,Information Technology,Application Software,2000-12-05,286.8000,2026-09-24,24.8300,37.2500,DOWN,-5.5304,-4.0758,False,-0.0201,13.5193,0.9450,4.7140,324.8800,406.9200,322.3800,-11.7200,-29.5200,False,-7.1302,BAJISTA,-23.1100,372.9800,697.2500,251.7200,-58.8700,13.9300,0.8260,False,259.3700,1,338.7700,False,-9.5600,HAMMER,6.0000,5.0000,7.5000,5.0000,4,8.0000,7.0000,False,9.4300,14.1400,1.5000,16.8366,10.2355,3.9163,3.4530,11.3690,0.2360,0.1047,0.2129,0.8098,0.1370,-0.0140,44.3400,1.5070,6353625088.0000,4566000128.0000,1.3915,74059112448,0.9760,1.9800,1.9200,267236000,5.2400,1.3300,5.9300,8.9900,0.0858,OK,0,5.5400,False,3-7d,XLK,,AAPL|MSFT|NVDA,interest_rates|ai_capex_cycle|semiconductor_cycle,56,2026-11-19,False,2026-08-25,4.0300,3.5900,12.3000,ALCISTA FUERTE,10,767.8100,7.5500,53.4000,15.1800,"Filtros estándar (Score ≥6.5, DD ≥10%)"
WFC,Wells Fargo,Financials,Diversified Banks,1976-06-30,81.9000,2026-09-24,36.5600,67.8200,DOWN,-0.6315,-0.1202,False,-0.1291,2.3936,1.2380,2.9230,86.8900,84.3800,87.0500,-5.7400,-2.9400,True,0.4156,BAJISTA,-10.9700,91.9900,96.1800,72.3600,-14.8400,13.1800,1.0460,False,78.3500,1,82.7700,False,-4.3300,NONE,6.1500,7.0000,6.5000,5.0000,5,8.0000,5.0000,False,5.8500,8.7700,1.5000,11.9448,10.4000,1.5449,2.9932,,0.1258,0.0108,0.2723,0.0000,0.0950,0.2500,,,,21614999552.0000,,248512249856,0.9160,0.0000,2.4400,3023999336,5.1100,5.2600,4.6500,5.4600,,OK,0,5.5300,False,3-7d,XLF,,JPM|BAC|GS,interest_rates|yield_curve|credit_spreads|loan_growth,19,2026-10-13,False,2026-07-14,2.0000,1.7200,16.4000,ALCISTA FUERTE,10,767.8100,7.5500,53.4000,15.1800,"Filtros estándar (Score ≥6.5, DD ≥10%)"
CB,Chubb Limited,Financials,Property & Casualty Insurance,2010-07-15,335.2100,2026-09-24,46.3800,49.7000,DOWN,-0.0621,0.5366,False,0.1324,5.2735,0.7720,1.5730,344.4900,326.8200,340.0900,-2.6900,2.5700,True,1.5078,NEUTRO,-8.1100,364.8100,364.8100,262.9000,-8.1100,27.5000,1.1280,False,341.1900,1,333.1100,True,1.7800,NONE,6.7500,8.5000,5.0000,5.0000,7,10.0000,5.0000,False,3.1500,4.7200,1.5000,11.8653,11.5053,1.7132,2.0871,10.2020,0.1482,0.0336,0.1807,0.3113,0.0610,-0.0070,30.9410,0.4100,10488000512.0000,11185000448.0000,0.9377,129181229056,0.3820,2.0500,1.2200,385799859,4.7100,1.0800,6.0300,7.4100,0.0812,OK,0,5.5300,False,7-15d,XLF,,JPM|BAC|WFC,interest_rates|yield_curve|credit_spreads|loan_growth,33,2026-10-27,False,2026-07-21,7.2600,6.7500,7.6000,ALCISTA FUERTE,10,767.8100,7.5500,53.4000,15.1800,"Filtros estándar (Score ≥6.5, DD ≥10%)"
PNR,Pentair,Industrials,Industrial Machinery & Supplies & Components,2012-10-01,55.2500,2026-09-24,13.5900,14.2300,DOWN,-0.0446,-0.1997,True,0.1772,1.4321,0.6340,2.5920,62.7600,82.6000,58.4600,-11.9600,-33.1100,False,-5.2609,BAJISTA,-28.8200,77.6200,112.5700,54.5500,-50.9200,1.2800,0.4910,True,,0,75.7900,False,,HAMMER|HAMMER|DOJI,6.7700,5.0000,8.5000,7.5000,4,8.5000,7.0000,True,5.1800,7.7800,1.5000,13.6675,10.2601,2.2579,2.1097,9.7980,0.1713,0.0866,0.1624,0.4139,-0.1700,-0.1110,47.0670,1.4510,558312512.0000,635500032.0000,0.8785,8463587840,1.0180,2.3000,1.9500,159600000,4.6800,0.0000,5.7700,8.8900,0.0660,RevG:-17.0%,1,5.5200,False,3-7d,XLI,,CAT|UNP|HON,pmi_manufacturing|supply_chain|capex_cycle,26,2026-10-20,False,2026-07-28,1.1400,1.1500,-58.0000,ALCISTA FUERTE,10,767.8100,7.5500,53.4000,15.1800,"Filtros estándar (Score ≥6.5, DD ≥10%)"
A,Agilent Technologies,Health Care,Life Sciences Tools & Services,2000-06-05,165.3200,2026-09-24,72.6700,42.3900,UP,1.2424,-0.0787,True,1.0749,4.4843,1.0980,2.7120,146.6100,131.3800,152.9300,12.7600,25.8300,True,0.3415,ALCISTA,-2.1400,168.9400,168.9400,108.1400,-2.1400,52.8700,1.2760,False,137.0200,3,163.7500,False,-17.1200,HAMMER,6.7500,10.0000,7.0000,5.0000,6,5.0000,7.0000,False,5.4200,8.1400,1.5000,34.0236,25.5781,6.6189,6.6108,24.5760,0.2097,0.0863,0.1953,0.5365,0.0810,0.0850,56.3360,2.0500,1060374976.0000,1440000000.0000,0.7364,48734973952,1.2410,2.7600,0.6200,281965813,4.6900,3.8900,6.2000,3.8400,0.0218,FCF/NI:0.74,1,5.5100,False,10-18d,XLV,,UNH|JNJ|LLY,fda_calendar|drug_pricing_policy|patent_cliffs,62,2026-11-25,False,2026-08-26,1.6200,1.4900,9.0000,ALCISTA FUERTE,10,767.8100,7.5500,53.4000,15.1800,"Filtros estándar (Score ≥6.5, DD ≥10%)"
JNJ,Johnson & Johnson,Health Care,Pharmaceuticals,1973-06-30,269.1700,2026-09-24,46.0800,42.3600,UP,-0.5466,-0.8480,True,0.4747,5.4350,0.9190,2.0190,263.0000,237.1900,268.2200,2.3500,13.4800,True,3.2450,ALCISTA,-4.2300,281.0700,281.0700,170.2800,-4.2300,58.0700,1.0210,False,262.2600,2,268.1100,True,-2.5700,HAMMER|HAMMER|DOJI,6.9000,10.0000,7.0000,5.0000,7,5.0000,7.0000,False,4.0400,6.0600,1.5000,31.4379,22.3002,7.6715,6.6611,19.5170,0.2574,0.0859,0.2148,0.6814,0.0660,-0.0090,57.7090,1.0890,16885125120.0000,21037000704.0000,0.8026,652311330816,0.2350,3.3200,1.9900,2409898597,4.5600,2.2500,7.1700,4.2200,0.0259,OK,0,5.5000,False,10-18d,XLV,,UNH|LLY|ABBV,fda_calendar|drug_pricing_policy|patent_cliffs,19,2026-10-13,False,2026-07-15,2.9000,2.8500,1.6000,ALCISTA FUERTE,10,767.8100,7.5500,53.4000,15.1800,"Filtros estándar (Score ≥6.5, DD ≥10%)"
BXP,"BXP, Inc.",Real Estate,Office REITs,2006-04-03,62.3600,2026-09-24,29.2400,17.0800,UP,-0.3033,-0.3891,True,0.1525,1.3850,0.7840,2.2210,67.8400,62.3500,65.3800,-8.0800,0.0100,True,-0.3702,NEUTRO,-16.7900,74.9400,74.9400,48.5400,-16.7900,28.4800,1.0030,False,62.3000,1,71.4000,True,-0.0900,NONE,7.3300,8.0000,9.5000,5.0000,7,8.5000,5.0000,False,4.4400,6.6600,1.5000,33.4785,28.0140,1.9269,3.5306,17.5490,0.0531,0.0168,0.0930,0.5645,0.0370,-0.2320,211.6310,0.5060,880636864.0000,296824992.0000,2.9669,11263237120,1.0330,9.3700,4.4900,159661556,4.2700,1.5900,4.6400,6.9700,0.0782,D/E:212,1,5.4900,False,5-10d,XLRE,,PLD|AMT|EQIX,interest_rates|cap_rates|occupancy_trends,33,2026-10-27,False,2026-07-28,0.5000,0.4300,14.8000,ALCISTA FUERTE,10,767.8100,7.5500,53.4000,15.1800,"Filtros estándar (Score ≥6.5, DD ≥10%)"
MSI,Motorola Solutions,Information Technology,Communications Equipment,1957-03-04,460.4400,2026-09-24,26.6800,36.5500,DOWN,-2.7081,-3.3436,True,0.2624,9.3716,0.8670,2.0350,453.5400,425.3900,465.1700,1.5200,8.2400,True,2.3205,ALCISTA,-6.7100,493.5700,493.5700,356.4200,-6.7100,29.1800,0.8760,False,457.3700,1,477.6000,True,-0.6700,HAMMER,7.4200,10.0000,8.5000,5.0000,7,6.5000,7.0000,False,4.0700,6.1100,1.5000,35.7915,23.4119,28.1765,6.1522,22.6520,0.9157,0.1125,0.1744,0.5211,0.1330,0.0950,357.8500,1.0990,1979000064.0000,2134000000.0000,0.9274,75284783104,0.8810,3.3000,1.0500,165493788,4.2000,1.3800,6.8200,4.4400,0.0263,D/E:358,1,5.4900,False,5-10d,XLK,,AAPL|MSFT|NVDA,interest_rates|ai_capex_cycle|semiconductor_cycle,42,2026-11-05,False,2026-08-05,4.4100,3.8500,14.4000,ALCISTA FUERTE,10,767.8100,7.5500,53.4000,15.1800,"Filtros estándar (Score ≥6.5, DD ≥10%)"
MSFT,Microsoft,Information Technology,Systems Software,1994-06-01,500.5900,2026-09-24,52.1900,46.7900,UP,-2.1095,-3.1922,True,0.5472,10.8707,0.8670,2.1720,471.0300,430.3800,494.9600,6.2800,16.3100,True,0.2603,ALCISTA,-3.3200,517.7800,549.2000,348.5400,-8.8500,43.6200,0.9030,True,486.0000,1,515.2700,True,-2.9100,HAMMER|DOJI,7.4000,10.0000,7.0000,7.5000,7,5.0000,7.0000,False,4.3400,6.5100,1.5000,27.7090,21.0311,8.3594,11.1422,19.4050,0.3404,0.1409,0.4031,0.6794,0.1770,0.3170,29.1180,1.2300,16545500160.0000,133748998144.0000,0.1237,3697401921536,1.1080,2.4900,0.7800,7425545491,4.2200,3.3900,5.7400,3.4200,0.0045,FCF/NI:0.12,1,5.4900,False,10-18d,XLK,,AAPL|NVDA|AVGO,interest_rates|ai_capex_cycle|semiconductor_cycle,34,2026-10-28,False,2026-07-29,4.7400,4.2400,11.8000,ALCISTA FUERTE,10,767.8100,7.5500,53.4000,15.1800,"Filtros estándar (Score ≥6.5, DD ≥10%)"
TEL,TE Connectivity,Information Technology,Electronic Manufacturing Services,2011-10-17,214.3900,2026-09-24,56.2700,50.0100,UP,0.8027,-0.0982,True,1.0965,6.2114,0.9410,2.8970,206.7600,213.7600,206.7800,3.6900,0.2900,False,-1.1447,ALCISTA,-3.0400,221.1200,250.6100,189.5300,-14.4500,13.1200,0.7000,False,199.6600,5,214.7600,False,-6.8700,HAMMER|DOJI|HAMMER|DOJI,6.3500,8.0000,7.0000,5.0000,6,5.0000,7.0000,False,5.7900,8.6900,1.5000,20.9480,16.5420,4.6770,3.2015,13.4910,0.2329,0.0969,0.1561,0.3612,0.1380,0.1920,43.4410,1.8760,2336875008.0000,3017999872.0000,0.7743,61860286464,1.1580,4.8300,1.4600,289513228,4.9200,2.0700,6.0400,6.9200,0.0378,OK,0,5.4900,False,10-18d,XLK,,AAPL|MSFT|NVDA,interest_rates|ai_capex_cycle|semiconductor_cycle,34,2026-10-28,False,2026-07-22,2.9400,2.8400,3.3000,ALCISTA FUERTE,10,767.8100,7.5500,53.4000,15.1800,"Filtros estándar (Score ≥6.5, DD ≥10%)"
VTRS,Viatris,Health Care,Pharmaceuticals,2004-04-23,17.1200,2026-09-24,60.7000,48.5800,UP,0.0547,0.0474,True,0.8387,0.4036,0.8520,2.3570,16.7700,14.8700,16.7900,2.0800,15.1300,True,4.5611,ALCISTA,-6.2100,18.2500,18.2500,9.1100,-6.2100,87.9800,0.8570,True,16.1400,2,17.2200,False,-5.7500,NONE,6.7500,10.0000,7.0000,7.5000,4,5.0000,5.0000,False,4.7100,7.0700,1.5000,,6.5163,1.3839,1.3577,7.4830,-0.0275,0.0267,-0.0279,0.4031,0.0490,,95.5350,1.5850,2677337600.0000,-410700000.0000,-6.5190,20008452096,0.8830,3.8100,2.8000,1148590864,4.6300,4.0400,2.6600,7.6100,0.1338,FCF/NI:-6.52|D/E:96|ROE:-2.8%,3,5.4800,False,10-18d,XLV,,UNH|JNJ|LLY,fda_calendar|drug_pricing_policy|patent_cliffs,42,2026-11-05,False,2026-08-06,0.6900,0.6000,15.0000,ALCISTA FUERTE,10,767.8100,7.5500,53.4000,15.1800,"Filtros estándar (Score ≥6.5, DD ≥10%)"
MTB,M&T Bank,Financials,Regional Banks,2004-02-23,219.5800,2026-09-24,32.1200,43.1400,DOWN,-1.4888,-1.0169,False,-0.1132,4.9679,1.1240,2.2620,242.1900,220.5200,233.6600,-9.3400,-0.4200,True,2.4234,BAJISTA,-13.6600,254.3100,254.3100,169.8900,-13.6600,29.2500,0.6690,False,209.5600,3,218.8200,False,-4.5600,NONE,6.4500,7.0000,6.5000,5.0000,7,8.0000,5.0000,False,4.5200,6.7900,1.5000,11.5816,10.3672,1.2422,3.3412,,0.1074,0.0141,0.3209,0.0000,0.0620,0.2550,,,,2873999872.0000,,31578058752,0.5630,6.0200,2.7300,144416262,4.8400,4.4900,4.4700,5.6700,,OK,0,5.4800,False,3-7d,XLF,,JPM|BAC|WFC,interest_rates|yield_curve|credit_spreads|loan_growth,22,2026-10-16,False,2026-07-15,5.3200,4.6600,14.1000,ALCISTA FUERTE,10,767.8100,7.5500,53.4000,15.1800,"Filtros estándar (Score ≥6.5, DD ≥10%)"
P,Everpure,Information Technology,"Technology Hardware, Storage & Peripherals",2026-09-21,109.6500,2026-09-24,66.0400,44.3500,UP,1.0041,-0.4487,True,0.9177,5.6036,1.0720,5.1100,93.1700,76.3700,101.1000,17.6800,43.5800,True,1.8550,ALCISTA,-7.9300,119.1000,119.1000,56.7800,-7.9300,93.1100,0.5660,False,89.6400,1,119.1000,False,-18.2400,NONE,6.2500,10.0000,7.0000,5.0000,4,5.0000,5.0000,False,10.2200,15.3300,1.5000,166.9589,34.3337,26.3638,9.5289,93.0890,0.1771,0.0303,0.0594,0.6973,0.3770,0.5000,14.6220,1.5110,-114351752.0000,253284992.0000,-0.4515,40613736448,1.4340,2.1600,,333227251,4.9700,7.2300,5.4700,1.7300,-0.0028,FCF/NI:-0.45,1,5.4800,False,10-18d,XLK,,AAPL|MSFT|NVDA,interest_rates|ai_capex_cycle|semiconductor_cycle,-29,2026-12-01,False,2026-08-26,0.7000,0.5800,21.0000,ALCISTA FUERTE,10,767.8100,7.5500,53.4000,15.1800,"Filtros estándar (Score ≥6.5, DD ≥10%)"
AZO,AutoZone,Consumer Discretionary,Automotive Retail,1997-01-02,2843.3401,2026-09-24,37.7400,35.0800,UP,-7.8684,-9.1664,True,0.1997,71.0486,0.8350,2.4990,2986.7600,3326.1500,2909.0100,-4.8000,-14.5200,False,-2.6567,BAJISTA,-12.2200,3239.1399,4332.6802,2764.8799,-34.3700,2.8400,1.8650,False,,0,3159.5701,False,,NONE,6.1700,5.0000,8.5000,7.0000,4,6.5000,5.0000,False,5.0000,7.5000,1.5000,19.6968,14.7120,-18.4950,2.2756,13.4780,,0.1135,0.1265,0.5234,0.0560,0.1500,,0.9010,,2572776960.0000,,46283083776,0.3400,1.9400,,16173000,5.0000,5.6100,4.9100,4.4000,,OK,0,5.4700,False,3-7d,XLY,,AMZN|TSLA|HD,consumer_spending|employment_data|interest_rates,75,2026-12-08,False,2026-09-22,56.0500,53.8900,4.0000,ALCISTA FUERTE,10,767.8100,7.5500,53.4000,15.1800,"Filtros estándar (Score ≥6.5, DD ≥10%)"
PYPL,PayPal,Financials,Transaction & Payment Processing Services,2015-07-20,52.5100,2026-09-24,41.1600,29.1800,UP,-0.1803,-0.3722,True,0.3456,1.5448,0.8790,2.9420,56.7800,50.2700,54.2400,-7.5200,4.4600,True,-1.5808,NEUTRO,-16.0900,62.5800,78.3400,38.1200,-32.9700,37.7400,0.8220,False,50.8000,1,51.7900,True,-3.2500,HAMMER|HAMMER|HAMMER,6.5000,8.0000,7.0000,5.0000,7,5.0000,7.0000,False,5.8800,8.8300,1.5000,9.9433,9.0922,2.2877,1.3185,7.4170,0.2450,0.0462,0.1436,0.4048,0.0480,-0.0310,71.7510,1.2880,4423124992.0000,4902000128.0000,0.9023,44997238784,1.2860,2.9000,1.0700,855460874,4.7800,0.7400,6.4400,7.5500,0.0983,OK,0,5.4700,False,7-15d,XLF,,JPM|BAC|WFC,interest_rates|yield_curve|credit_spreads|loan_growth,33,2026-10-27,False,2026-07-28,1.3800,1.2800,8.0000,ALCISTA FUERTE,10,767.8100,7.5500,53.4000,15.1800,"Filtros estándar (Score ≥6.5, DD ≥10%)"
DHI,D. R. Horton,Consumer Discretionary,Homebuilding,2005-06-22,140.1700,2026-09-24,47.6800,32.9500,UP,0.1080,-0.1936,True,0.4039,3.5950,0.7880,2.5650,145.3000,148.4800,141.3900,-3.5300,-5.6000,False,-0.3032,BAJISTA,-15.1800,165.2600,174.1300,130.9600,-19.5000,7.0300,0.9600,False,138.4200,1,152.7100,True,-1.2500,HAMMER,6.3500,5.0000,7.0000,5.0000,8,7.0000,7.0000,False,5.1300,7.6900,1.5000,13.3922,12.0681,1.6541,1.1771,10.8790,0.1263,0.0688,0.0915,0.2130,0.0000,-0.0480,29.4510,6.0110,2413900032.0000,3052900096.0000,0.7907,39256076288,1.3710,5.2700,1.2800,279701267,4.8800,0.0000,6.7100,8.4400,0.0615,OK,0,5.4700,False,3-7d,XLY,,AMZN|TSLA|HD,consumer_spending|employment_data|interest_rates,35,2026-10-29,False,2026-07-21,3.2000,2.9900,7.1000,ALCISTA FUERTE,10,767.8100,7.5500,53.4000,15.1800,"Filtros estándar (Score ≥6.5, DD ≥10%)"
CMI,Cummins,Industrials,Construction Machinery & Heavy Transportation Equipment,1965-03-31,524.6500,2026-09-24,35.8800,30.9900,UP,0.3780,-0.8236,True,0.1128,15.7036,0.7130,2.9930,601.2100,599.4600,553.1300,-12.7300,-12.4800,True,1.3270,BAJISTA,-26.1700,710.6400,735.0200,394.9500,-28.6200,32.8400,1.2440,False,,0,658.5600,False,,NONE,6.7000,7.0000,8.5000,5.0000,4,10.0000,5.0000,False,5.9900,8.9800,1.5000,26.6260,15.0492,5.5836,2.0668,15.3690,0.2111,0.0700,0.0782,0.2577,0.0940,0.0470,59.5860,1.7270,2229374976.0000,2715000064.0000,0.8211,71732830208,1.2260,3.3700,1.6800,137664487,4.6500,3.0600,5.8600,5.1100,0.0311,OK,0,5.4700,False,3-7d,XLI,,CAT|UNP|HON,pmi_manufacturing|supply_chain|capex_cycle,42,2026-11-05,False,2026-08-04,6.7300,7.1700,-6.1000,ALCISTA FUERTE,10,767.8100,7.5500,53.4000,15.1800,"Filtros estándar (Score ≥6.5, DD ≥10%)"
MCK,McKesson Corporation,Health Care,Health Care Distributors,1999-01-13,880.5000,2026-09-24,41.3100,48.5400,DOWN,-4.1339,-3.7118,False,0.2536,21.1000,0.8820,2.3960,869.0000,843.2100,886.0100,1.3200,4.4200,True,0.5090,ALCISTA,-5.3200,929.9500,996.8400,684.9800,-11.6700,28.5400,0.6930,False,836.9900,1,908.7800,False,-4.9400,HAMMER,6.2700,10.0000,5.0000,5.0000,4,6.5000,7.0000,False,4.7900,7.1900,1.5000,23.3385,17.2256,-23.7842,0.2466,15.8720,,0.0474,0.0112,0.0363,0.0770,-0.1760,,0.8930,6801249792.0000,4592000000.0000,1.4811,101358993408,0.3070,2.7800,0.4300,116590363,4.9200,2.7100,5.6600,6.6500,0.0671,OK,0,5.4600,False,10-18d,XLV,,UNH|JNJ|LLY,fda_calendar|drug_pricing_policy|patent_cliffs,41,2026-11-04,False,2026-08-05,9.9300,9.5400,4.1000,ALCISTA FUERTE,10,767.8100,7.5500,53.4000,15.1800,"Filtros estándar (Score ≥6.5, DD ≥10%)"
IBM,IBM,Information Technology,IT Consulting & Other Services,1957-03-04,232.7600,2026-09-24,51.1600,62.5500,DOWN,-0.6373,0.7879,False,0.3507,7.4500,0.7760,3.2010,229.3300,255.9200,235.9800,1.5000,-9.0500,False,-2.3290,BAJISTA,-24.8100,309.5800,330.0900,197.7700,-29.4900,17.6900,0.8190,True,227.8500,3,232.5600,True,-2.1100,HAMMER|DOJI,6.9000,6.5000,5.0000,7.5000,9,7.0000,7.0000,False,6.4000,9.6000,1.5000,20.1473,17.2699,6.2093,3.0960,16.7860,0.3446,0.0530,0.1552,0.5810,0.0110,-0.0180,188.9700,0.7910,12049750016.0000,10705000448.0000,1.1256,213921038336,0.7080,4.0200,2.9000,942134390,4.5000,0.0000,5.8300,8.2000,0.0563,D/E:189,1,5.4600,False,3-7d,XLK,,AAPL|MSFT|NVDA,interest_rates|ai_capex_cycle|semiconductor_cycle,27,2026-10-21,False,2026-07-22,2.9300,2.9300,-10.0000,ALCISTA FUERTE,10,767.8100,7.5500,53.4000,15.1800,"Filtros estándar (Score ≥6.5, DD ≥10%)"
VICI,Vici Properties,Real Estate,Hotel & Resort REITs,2022-06-08,23.7000,2026-09-24,26.7400,20.2300,UP,-0.0751,-0.0812,True,0.0886,0.4076,0.8380,1.7200,25.4900,26.6300,24.6000,-7.0000,-11.0000,False,-1.0571,BAJISTA,-12.6500,27.1300,30.8400,23.7000,-23.1600,0.0000,1.2030,False,,0,28.0500,False,,NONE,6.2000,5.0000,9.5000,5.0000,4,8.0000,5.0000,False,3.4400,5.1600,1.5000,9.0194,7.7826,0.8783,6.2529,12.1100,0.0985,0.0482,0.6750,0.9927,0.0570,-0.4140,60.2770,11.2360,267028992.0000,2765718016.0000,0.0965,25622073344,0.6820,3.5500,7.7600,1101077562,4.9600,2.7300,6.1100,6.2300,0.0104,FCF/NI:0.10,1,5.4600,False,3-7d,XLRE,,PLD|AMT|EQIX,interest_rates|cap_rates|occupancy_trends,35,2026-10-29,False,2026-07-29,0.4800,0.7100,-31.8000,ALCISTA FUERTE,10,767.8100,7.5500,53.4000,15.1800,"Filtros estándar (Score ≥6.5, DD ≥10%)"
AOS,A. O. Smith,Industrials,Building Products,2017-07-26,57.7400,2026-09-24,45.2500,27.6500,UP,-0.0939,-0.3189,True,0.3644,1.2286,0.7290,2.1280,60.3800,64.1900,58.5400,-4.3700,-10.0500,False,-0.8463,BAJISTA,-10.3100,64.3800,80.9200,53.8300,-28.6400,7.2600,0.7740,False,58.3900,3,62.6700,True,1.1300,HAMMER|DOJI|HAMMER|DOJI,6.5000,5.0000,7.0000,5.0000,9,7.0000,7.0000,False,4.2600,6.3800,1.5000,16.0724,14.1203,4.2577,2.0610,10.6460,0.2713,0.1254,0.1315,0.3859,-0.0070,-0.1500,36.7660,1.5940,484612512.0000,500300000.0000,0.9686,7841925120,1.1530,7.3200,2.4900,110047214,4.7700,0.0000,6.7800,7.9800,0.0618,OK,0,5.4600,False,3-7d,XLI,,CAT|UNP|HON,pmi_manufacturing|supply_chain|capex_cycle,33,2026-10-27,False,2026-07-30,1.0300,0.9200,11.5000,ALCISTA FUERTE,10,767.8100,7.5500,53.4000,15.1800,"Filtros estándar (Score ≥6.5, DD ≥10%)"
EL,Estée Lauder Companies (The),Consumer Staples,Personal Care Products,2006-01-05,98.8300,2026-09-24,47.5400,31.8800,UP,-0.9170,-1.4011,True,0.4454,3.1186,1.0180,3.1550,91.5900,91.9000,96.9300,7.9100,7.5400,False,1.0652,ALCISTA,-8.5000,108.0100,120.3800,65.7400,-17.9000,50.3300,0.6720,False,83.5700,1,104.7400,False,-15.4400,NONE,5.9500,8.5000,7.0000,5.0000,4,5.0000,5.0000,False,6.3100,9.4700,1.5000,190.7400,24.3694,9.0656,2.2928,16.3960,0.0474,0.0523,0.0121,0.7549,0.0630,,242.9320,1.2220,1812125056.0000,182000000.0000,9.9567,34504728576,1.2740,1.9300,1.4200,247291223,5.1100,5.7800,4.1100,5.4800,0.0525,D/E:243,1,5.4500,False,10-18d,XLP,,PG|KO|PEP,inflation|input_costs|fx_rates,39,2026-11-02,False,2026-08-19,0.3900,0.3200,22.1000,ALCISTA FUERTE,10,767.8100,7.5500,53.4000,15.1800,"Filtros estándar (Score ≥6.5, DD ≥10%)"
CCL,Carnival Corporation,Consumer Discretionary,"Hotels, Resorts & Cruise Lines",1998-12-22,21.8000,2026-09-24,25.6300,19.7800,UP,0.0311,-0.0672,True,0.1995,0.6693,0.7060,3.0700,25.5600,27.3300,23.2100,-14.7000,-20.2500,False,-0.9162,BAJISTA,-27.4800,30.0600,33.4900,21.5200,-34.9100,1.3000,1.3160,False,,0,27.7300,False,,HAMMER|DOJI,6.4800,5.0000,9.5000,5.0000,4,8.5000,7.0000,False,6.1400,9.2100,1.5000,9.8153,8.3658,2.3053,1.0928,7.3680,0.2669,0.0537,0.1124,0.5568,0.0530,-0.0650,201.5560,0.3340,1899374976.0000,3068999936.0000,0.6189,29844656128,2.3120,2.4500,2.0600,1369649119,4.7600,2.1500,4.0000,8.7000,0.0636,FCF/NI:0.62|D/E:202,2,5.4500,False,3-7d,XLY,,AMZN|TSLA|HD,consumer_spending|employment_data|interest_rates,5,2026-09-29,True,2026-06-23,0.4100,0.3400,21.1000,ALCISTA FUERTE,10,767.8100,7.5500,53.4000,15.1800,"Filtros estándar (Score ≥6.5, DD ≥10%)"
EFX,Equifax,Industrials,Research & Consulting Services,1997-06-19,155.3200,2026-09-24,16.8700,24.7000,DOWN,-2.5486,-2.7209,True,0.1121,6.6871,0.9440,4.3050,177.5100,184.2600,170.6100,-12.5000,-15.7100,False,-1.6714,BAJISTA,-21.2900,197.3300,255.5000,150.3200,-39.2100,3.3300,1.1610,False,155.0200,2,181.8100,True,-0.1900,NONE,6.4500,5.0000,8.5000,5.0000,7,8.0000,5.0000,False,8.6100,12.9200,1.5000,26.1972,14.6441,3.9950,2.7127,12.3080,0.1427,0.0616,0.1073,0.5554,0.1060,0.0070,120.9560,0.6020,947537472.0000,691400000.0000,1.3705,17481752576,1.3050,7.2400,1.4400,117484896,4.7800,2.8800,4.6200,7.1700,0.0542,D/E:121,1,5.4500,False,5-10d,XLI,,CAT|UNP|HON,pmi_manufacturing|supply_chain|capex_cycle,26,2026-10-20,False,2026-07-21,2.2500,2.2000,2.3000,ALCISTA FUERTE,10,767.8100,7.5500,53.4000,15.1800,"Filtros estándar (Score ≥6.5, DD ≥10%)"
EVRG,Evergy,Utilities,Electric Utilities,2018-06-05,78.4200,2026-09-24,32.5800,43.3600,DOWN,-0.1996,-0.0214,False,-0.1511,1.1657,0.8160,1.4870,82.5100,79.7300,80.8300,-4.9500,-1.6400,True,0.8811,BAJISTA,-10.7700,87.8900,87.8900,69.0300,-10.7700,13.6000,1.0770,False,,0,87.6400,False,,NONE,6.1500,7.0000,6.5000,5.0000,5,8.0000,5.0000,False,2.9700,4.4600,1.5000,19.7608,17.0119,1.7515,2.9383,12.1850,0.0925,0.0291,0.1519,0.5270,0.0440,0.2300,160.5540,0.3590,-1443362560.0000,925800000.0000,-1.5590,17905846272,0.5100,9.2100,3.5400,230567172,4.9900,7.5000,4.1600,3.0200,-0.0806,FCF/NI:-1.56|D/E:161,2,5.4500,False,3-7d,XLU,,NEE|DUK|SO,interest_rates|regulatory_environment,42,2026-11-05,False,2026-08-06,0.8800,0.8000,9.8000,ALCISTA FUERTE,10,767.8100,7.5500,53.4000,15.1800,"Filtros estándar (Score ≥6.5, DD ≥10%)"
PANW,Palo Alto Networks,Information Technology,Systems Software,2023-06-20,393.3000,2026-09-24,60.9900,59.4800,UP,3.7421,2.8675,True,0.9179,19.3643,1.1360,4.9240,354.9600,242.4900,362.0100,10.8000,62.1900,True,6.9719,ALCISTA,-1.4000,398.8800,398.8800,139.5700,-1.4000,181.7900,0.8860,False,321.3900,1,387.3300,False,-18.2800,NONE,6.2500,10.0000,7.0000,5.0000,4,5.0000,5.0000,False,9.8500,14.7700,1.5000,999.7949,79.9169,11.5590,27.7835,204.1350,0.0174,0.0140,0.0267,0.7038,0.3450,,9.3370,0.8710,4240624896.0000,307000000.0000,13.8131,318954569728,0.9080,3.7700,,818000000,4.9200,6.6100,5.4400,2.3400,0.0133,OK,0,5.4500,False,10-18d,XLK,,AAPL|MSFT|NVDA,interest_rates|ai_capex_cycle|semiconductor_cycle,56,2026-11-19,False,2026-09-01,1.0200,0.9800,4.3000,ALCISTA FUERTE,10,767.8100,7.5500,53.4000,15.1800,"Filtros estándar (Score ≥6.5, DD ≥10%)"
Q,Qnity Electronics,Information Technology,Semiconductor Materials & Equipment,2025-11-03,124.5000,2026-09-24,62.2000,34.4300,UP,0.8652,-0.1114,True,0.7163,4.9164,0.6600,3.9490,129.4500,123.8400,122.4700,-3.8300,0.5300,True,3.0941,NEUTRO,-24.6000,165.1200,177.1600,70.3200,-29.7300,77.0500,0.5460,True,122.5900,1,128.0800,True,-1.5400,HAMMER|DOJI|HAMMER|DOJI,7.4000,8.5000,7.0000,7.5000,7,7.0000,7.0000,False,7.9000,11.8500,1.5000,43.6821,22.7421,3.5272,4.9114,19.5930,0.0672,0.0530,0.1125,0.4622,0.2210,-0.3430,59.9920,2.0080,772249984.0000,586000000.0000,1.3178,25588295680,,2.6000,0.2600,209208543,4.1400,2.4500,4.7300,5.4200,0.0302,OK,0,5.4400,False,7-15d,XLK,,AAPL|MSFT|NVDA,interest_rates|ai_capex_cycle|semiconductor_cycle,53,2026-11-16,False,2026-08-04,1.1900,1.0700,11.0000,ALCISTA FUERTE,10,767.8100,7.5500,53.4000,15.1800,"Filtros estándar (Score ≥6.5, DD ≥10%)"
ERIE,Erie Indemnity,Financials,Insurance Brokers,2024-09-23,225.7700,2026-09-24,25.8900,42.2000,DOWN,-2.8406,-1.6160,False,-0.1217,7.4214,0.7700,3.2870,245.1300,249.6400,245.9000,-7.9000,-9.5600,False,-1.3958,BAJISTA,-16.8300,271.4700,325.0700,203.4700,-30.5500,10.9600,0.6650,True,209.2800,3,227.8300,False,-7.3000,NONE,6.9000,5.0000,7.5000,7.5000,6,10.0000,5.0000,False,6.5700,9.8600,1.5000,19.8693,15.6288,4.6409,2.7793,13.4200,0.2481,0.1415,0.1401,0.1790,0.0280,0.0320,2.5600,1.2460,481207744.0000,577001024.0000,0.8340,11449390080,0.3050,7.7800,2.5900,46189068,4.4500,0.2200,7.8600,5.3900,0.0420,OK,0,5.4300,False,3-7d,XLF,,JPM|BAC|WFC,interest_rates|yield_curve|credit_spreads|loan_growth,35,2026-10-29,False,2026-07-30,3.4500,3.3500,2.9000,ALCISTA FUERTE,10,767.8100,7.5500,53.4000,15.1800,"Filtros estándar (Score ≥6.5, DD ≥10%)"
EXE,Expand Energy,Energy,Oil & Gas Exploration & Production,2025-03-24,87.0400,2026-09-24,9.5100,48.4400,DOWN,-1.3384,-1.2682,False,0.0660,2.4723,1.0320,2.8400,93.2800,98.6100,92.7900,-6.6900,-11.7300,False,-1.9817,BAJISTA,-13.0800,100.1400,124.4300,84.4800,-30.0500,3.0300,1.4220,False,85.8500,1,93.1200,True,-1.3600,HAMMER,6.4500,5.0000,7.5000,5.0000,7,8.0000,7.0000,False,5.6800,8.5200,1.5000,7.6397,10.3589,1.0700,1.6208,3.4540,0.1489,0.0849,0.2197,0.4707,-0.1060,-0.4550,19.2070,0.9590,1466249984.0000,2780999936.0000,0.5272,20515866624,0.3230,3.2300,2.6400,231503789,4.7500,0.0000,5.7400,9.1200,0.0715,FCF/NI:0.53|RevG:-10.6%,2,5.4300,False,3-7d,XLE,,XOM|CVX|COP,oil_price|gas_price|opec_supply|inventories,33,2026-10-27,False,2026-07-28,1.3300,1.1200,19.1000,ALCISTA FUERTE,10,767.8100,7.5500,53.4000,15.1800,"Filtros estándar (Score ≥6.5, DD ≥10%)"
HRL,Hormel Foods,Consumer Staples,Packaged Foods & Meats,2009-03-04,19.9200,2026-09-24,16.7200,21.8500,DOWN,-0.0178,-0.0326,True,0.1267,0.4221,0.7330,2.1190,23.5100,22.9400,21.4500,-15.2600,-13.1500,True,-0.1377,BAJISTA,-24.6300,26.4300,26.4300,19.4700,-24.6300,2.3300,0.7600,False,20.0800,2,21.7700,True,0.8000,NONE,7.0500,6.5000,8.5000,5.0000,7,10.0000,5.0000,False,4.2400,6.3600,1.5000,32.0000,12.7709,1.3921,0.8989,10.2500,0.0429,0.0463,0.0282,0.1574,-0.0240,-0.6720,36.3260,1.8820,621551616.0000,342711008.0000,1.8136,10918960128,0.3150,4.1700,5.8700,550350800,4.3500,0.0000,5.9700,7.5400,0.0569,OK,0,5.4300,False,5-10d,XLP,,PG|KO|PEP,inflation|input_costs|fx_rates,-28,2026-12-03,False,2026-08-27,0.3700,0.3500,4.6000,ALCISTA FUERTE,10,767.8100,7.5500,53.4000,15.1800,"Filtros estándar (Score ≥6.5, DD ≥10%)"
WTW,Willis Towers Watson,Financials,Insurance Brokers,2016-01-05,298.9900,2026-09-24,24.8900,31.8200,DOWN,-3.6972,-3.5915,False,0.0418,7.6271,0.9540,2.5510,323.1100,298.7700,320.1500,-7.4600,0.0700,True,0.2984,NEUTRO,-14.9400,351.5100,351.5100,239.7400,-14.9400,24.7200,0.9900,False,282.8100,1,300.9400,False,-5.4100,HAMMER|DOJI,6.7000,8.5000,7.5000,5.0000,4,8.0000,7.0000,False,5.1000,7.6500,1.5000,18.1927,12.8483,3.5521,2.6995,11.6450,0.1976,0.0508,0.1549,0.4252,0.0910,-0.2680,91.3900,1.0980,1415624960.0000,1564999936.0000,0.9046,27269986304,0.4170,4.6000,1.2800,92871937,4.5800,1.8500,5.7900,6.3300,0.0519,OK,0,5.4300,False,7-15d,XLF,,JPM|BAC|WFC,interest_rates|yield_curve|credit_spreads|loan_growth,35,2026-10-29,False,2026-07-30,3.3500,3.1100,7.8000,ALCISTA FUERTE,10,767.8100,7.5500,53.4000,15.1800,"Filtros estándar (Score ≥6.5, DD ≥10%)"
CNC,Centene Corporation,Health Care,Managed Health Care,2016-03-30,62.0800,2026-09-24,42.7100,58.1400,DOWN,-0.3698,0.1156,False,-0.0593,2.5700,1.0470,4.1400,65.3300,51.8700,65.5900,-4.9700,19.6900,True,5.8372,NEUTRO,-10.8400,69.6300,69.6300,31.6300,-10.8400,96.2700,0.7250,False,61.8100,1,66.5500,True,-0.4300,HAMMER,6.6500,8.5000,5.0000,5.0000,7,8.0000,7.0000,False,8.2800,12.4200,1.5000,,11.5787,1.3557,0.1696,4.3010,-0.2036,0.0248,-0.0283,0.1142,0.0460,,71.0820,1.1450,9639624704.0000,-5100000256.0000,-1.8901,30588170240,1.1060,3.2600,,493995000,4.6100,3.9200,2.7100,7.6300,0.3151,FCF/NI:-1.89|ROE:-20.4%,2,5.4300,False,7-15d,XLV,,UNH|JNJ|LLY,fda_calendar|drug_pricing_policy|patent_cliffs,33,2026-10-27,False,2026-07-28,2.5100,1.0800,132.6000,ALCISTA FUERTE,10,767.8100,7.5500,53.4000,15.1800,"Filtros estándar (Score ≥6.5, DD ≥10%)"
BF-B,Brown–Forman,Consumer Staples,Distillers & Vintners,1982-10-31,26.2900,2026-09-24,51.3300,33.7600,UP,-0.0347,-0.0877,True,0.3732,0.8112,0.9380,3.0860,27.0400,26.6600,26.5700,-2.7700,-1.4000,True,-0.2132,BAJISTA,-10.7000,29.4400,30.8500,22.2300,-14.7800,18.2900,0.7320,False,26.0200,1,27.6500,True,-1.0300,NONE,6.1500,6.5000,7.0000,5.0000,8,5.0000,5.0000,False,6.1700,9.2600,1.5000,16.7742,15.1705,3.0047,3.0474,11.9760,0.1812,0.0863,0.1842,0.6066,-0.0140,0.0570,61.5020,3.2630,685625024.0000,721000000.0000,0.9509,11930470400,0.3310,4.5500,3.5100,290383416,4.9400,0.9100,6.6900,7.5800,0.0575,OK,0,5.4200,False,3-7d,XLP,,PG|KO|PEP,inflation|input_costs|fx_rates,70,2026-12-03,False,2026-09-02,0.3800,0.3700,3.1000,ALCISTA FUERTE,10,767.8100,7.5500,53.4000,15.1800,"Filtros estándar (Score ≥6.5, DD ≥10%)"
VZ,Verizon,Communication Services,Integrated Telecommunication Services,1983-11-30,46.5200,2026-09-24,28.3400,46.9400,DOWN,-0.6032,-0.3752,False,-0.0378,1.0943,0.9490,2.3520,47.9400,45.2900,48.8500,-2.9500,2.7100,True,2.4334,NEUTRO,-9.9700,51.6700,51.6700,36.5500,-9.9700,27.2700,0.9800,False,45.0700,2,48.2600,True,-3.1300,HAMMER|DOJI,7.1500,8.5000,7.5000,5.0000,7,8.0000,7.0000,False,4.7000,7.0600,1.5000,12.3229,8.9666,1.8919,1.4155,7.5640,0.1584,0.0505,0.1164,0.5945,-0.0070,-0.2200,184.0810,0.6040,17466624000.0000,16172000256.0000,1.0801,196603969536,0.2400,4.2900,6.0800,4154775202,4.2700,0.0000,5.3200,8.0200,0.0888,D/E:184,1,5.4200,False,7-15d,XLC,,GOOGL|META|NFLX,ad_spending_cycle|streaming_competition|regulation,26,2026-10-20,False,2026-07-24,1.3000,1.2700,2.7000,ALCISTA FUERTE,10,767.8100,7.5500,53.4000,15.1800,"Filtros estándar (Score ≥6.5, DD ≥10%)"
LULU,Lululemon Athletica,Consumer Discretionary,"Apparel, Accessories & Luxury Goods",2023-10-18,102.2800,2026-09-24,32.6800,30.2300,UP,0.1822,-1.1556,True,0.3885,5.1607,1.1250,5.0460,114.3900,148.2300,105.4500,-10.5900,-31.0000,False,-4.2663,BAJISTA,-20.6300,128.8600,225.9800,95.3500,-54.7400,7.2700,0.5260,False,,0,122.0000,False,,HAMMER,5.7500,5.0000,8.5000,5.0000,4,5.0000,7.0000,False,10.0900,15.1400,1.5000,8.3654,11.7554,2.3692,1.0143,5.0350,0.3090,0.1440,0.1278,0.5490,-0.0430,-0.0590,44.6890,2.1900,1148515840.0000,1417976960.0000,0.8100,11252567040,0.8640,4.0900,,105594064,5.1900,0.0000,7.0300,9.0900,0.1021,OK,0,5.4100,False,3-7d,XLY,,AMZN|TSLA|HD,consumer_spending|employment_data|interest_rates,-21,2026-12-10,False,2026-09-03,2.9200,1.7900,63.3000,ALCISTA FUERTE,10,767.8100,7.5500,53.4000,15.1800,"Filtros estándar (Score ≥6.5, DD ≥10%)"
PPG,PPG Industries,Materials,Specialty Chemicals,1957-03-04,107.2000,2026-09-24,42.5000,27.5200,UP,-0.0909,-0.5208,True,0.3890,2.6914,0.8500,2.5110,112.4400,110.6700,108.1800,-4.6600,-3.1300,True,1.2157,BAJISTA,-13.9800,124.6100,130.9900,91.3500,-18.1600,17.3500,1.0320,False,108.8600,1,116.5500,True,1.5500,HAMMER|DOJI|HAMMER,6.4500,7.0000,7.0000,5.0000,8,5.0000,7.0000,False,5.0200,7.5300,1.5000,15.2539,12.2727,2.7994,1.4393,11.0600,0.1930,0.0605,0.0957,0.4120,0.0720,-0.0150,86.9380,1.5800,1104625024.0000,1567000064.0000,0.7049,23634935808,1.0630,4.2900,2.7600,222300000,4.7200,1.7300,5.4700,7.3500,0.0467,FCF/NI:0.70|D/E:87,2,5.4100,False,3-7d,XLB,,LIN|APD|ECL,commodity_prices|dxy|china_demand|energy_costs,33,2026-10-27,False,2026-07-28,2.2300,2.2500,-1.0000,ALCISTA FUERTE,10,767.8100,7.5500,53.4000,15.1800,"Filtros estándar (Score ≥6.5, DD ≥10%)"
ARES,Ares Management,Financials,Asset Management & Custody Banks,2025-12-11,121.4800,2026-09-24,25.4900,22.6600,UP,-1.6171,-1.9402,True,0.0702,4.4996,0.9180,3.7040,132.4600,129.0100,130.6900,-8.2900,-5.8400,True,-0.9362,BAJISTA,-18.0900,148.3000,179.4300,92.5900,-32.3000,31.2000,0.7700,False,116.7200,3,120.9500,True,-3.9200,HAMMER|DOJI,7.6000,6.5000,9.5000,5.0000,10,8.0000,7.0000,False,7.4100,11.1100,1.5000,55.3502,16.7038,10.8884,6.6554,32.6990,0.1494,0.0259,0.1063,0.3741,0.0580,0.0650,172.3780,0.5440,2159716096.0000,572572992.0000,3.7719,39849607168,1.5170,6.9900,4.4500,223957742,3.9500,1.4900,4.9300,5.6700,0.0542,D/E:172,1,5.4100,False,5-10d,XLF,,JPM|BAC|WFC,interest_rates|yield_curve|credit_spreads|loan_growth,39,2026-11-02,False,2026-07-31,1.2900,1.2700,1.4000,ALCISTA FUERTE,10,767.8100,7.5500,53.4000,15.1800,"Filtros estándar (Score ≥6.5, DD ≥10%)"
ROL,"Rollins, Inc.",Industrials,Environmental & Facilities Services,2018-10-01,32.4900,2026-09-24,18.2100,29.2100,DOWN,-0.1444,-0.0828,False,0.0941,0.8471,0.7680,2.6070,37.3000,50.4300,34.5600,-12.9000,-35.5800,False,-4.5491,BAJISTA,-29.5800,46.1400,65.4000,31.8800,-50.3200,1.9100,1.5870,False,,0,37.7300,False,,HAMMER|DOJI,6.7000,5.0000,7.5000,7.0000,4,10.0000,7.0000,False,5.2100,7.8200,1.5000,27.6364,23.4044,10.2322,3.7275,18.0720,0.3701,0.1406,0.1355,0.5237,0.0790,0.0310,78.0150,0.6290,501737504.0000,531716000.0000,0.9436,14626820096,0.7360,3.2800,2.2500,481145404,4.5300,2.2200,6.3400,5.1100,0.0343,OK,0,5.4000,False,3-7d,XLI,,CAT|UNP|HON,pmi_manufacturing|supply_chain|capex_cycle,34,2026-10-28,False,2026-07-22,0.3200,0.3400,-5.8000,ALCISTA FUERTE,10,767.8100,7.5500,53.4000,15.1800,"Filtros estándar (Score ≥6.5, DD ≥10%)"
FLEX,Flex Ltd.,Information Technology,Electronic Manufacturing Services,2026-06-22,112.3000,2026-09-24,57.4200,48.6300,UP,0.7377,0.3965,True,0.6931,5.1243,0.6430,4.5630,116.0100,97.7700,111.3500,-3.2000,14.8600,True,5.4749,NEUTRO,-32.2800,165.8200,166.8600,53.0700,-32.7000,111.6100,1.1880,False,111.3800,1,116.9200,True,-0.8200,HAMMER,6.9000,8.5000,7.0000,5.0000,7,7.0000,7.0000,False,9.1300,13.6900,1.5000,43.5659,15.8063,7.5487,1.4187,20.9960,0.1838,0.0442,0.0333,0.0953,0.2060,0.5200,107.8180,1.3800,625750016.0000,973000000.0000,0.6431,41520893952,1.6540,3.0800,,369402978,4.3800,5.0800,4.3100,3.6700,0.0151,FCF/NI:0.64|D/E:108,2,5.3900,False,7-15d,XLK,,AAPL|MSFT|NVDA,interest_rates|ai_capex_cycle|semiconductor_cycle,34,2026-10-28,False,2026-07-29,1.0000,0.9200,8.9000,ALCISTA FUERTE,10,767.8100,7.5500,53.4000,15.1800,"Filtros estándar (Score ≥6.5, DD ≥10%)"
ETN,Eaton Corporation,Industrials,Electrical Components & Equipment,1957-03-04,438.7600,2026-09-24,67.1700,43.6600,UP,3.7917,-0.5121,True,0.9937,15.0529,0.9210,3.4310,416.7800,383.6700,415.7500,5.2700,14.3600,True,1.6575,ALCISTA,-8.2100,478.0000,478.0000,309.3300,-8.2100,41.8400,0.8550,False,385.2400,5,478.0000,False,-12.2000,NONE,6.5500,10.0000,7.0000,5.0000,6,5.0000,5.0000,False,6.8600,10.2900,1.5000,44.7609,27.2723,8.4377,5.6916,28.7830,0.1968,0.0705,0.1275,0.3602,0.2140,-0.1590,105.0590,1.2400,3106125056.0000,3828999936.0000,0.8112,170895998976,1.1680,3.5900,1.0000,388400000,4.6100,5.0000,5.2300,3.4200,0.0182,D/E:105,1,5.3900,False,10-18d,XLI,,CAT|UNP|HON,pmi_manufacturing|supply_chain|capex_cycle,40,2026-11-03,False,2026-07-31,3.1500,3.0800,2.4000,ALCISTA FUERTE,10,767.8100,7.5500,53.4000,15.1800,"Filtros estándar (Score ≥6.5, DD ≥10%)"
ORLY,O'Reilly Automotive,Consumer Discretionary,Automotive Retail,2009-03-27,85.9000,2026-09-24,43.6500,29.7500,UP,-0.1594,-0.3237,True,0.4035,1.8486,0.7670,2.1520,88.3800,91.3600,86.4100,-2.8000,-5.9800,False,-1.3283,BAJISTA,-8.7300,94.1200,108.7200,82.5900,-20.9900,4.0100,0.8310,False,85.0600,2,93.7000,True,-0.9800,HAMMER|DOJI,6.3500,5.0000,7.0000,5.0000,8,7.0000,7.0000,False,4.3000,6.4600,1.5000,27.3778,23.6126,-38.3459,3.7563,18.9020,,0.1367,0.1427,0.5164,0.0810,0.1030,,0.7520,1570733824.0000,2650373888.0000,0.5926,69764775936,0.5150,5.6400,,808960792,4.7400,5.6700,4.8700,3.5300,0.0225,FCF/NI:0.59,1,5.3800,False,3-7d,XLY,,AMZN|TSLA|HD,consumer_spending|employment_data|interest_rates,34,2026-10-28,False,2026-07-29,0.8600,0.8600,17.0000,ALCISTA FUERTE,10,767.8100,7.5500,53.4000,15.1800,"Filtros estándar (Score ≥6.5, DD ≥10%)"
HPQ,HP Inc.,Information Technology,"Technology Hardware, Storage & Peripherals",1974-12-31,32.1600,2026-09-24,53.8700,66.7500,DOWN,-0.1407,0.1432,False,0.5110,1.7434,1.3810,5.4210,29.2400,22.9000,32.1800,9.9800,40.4500,True,3.9754,ALCISTA,-11.2300,36.2300,36.2300,16.9100,-11.2300,90.2100,0.8860,False,26.4700,1,31.8800,False,-17.6800,HAMMER,6.0500,10.0000,5.0000,5.0000,4,5.0000,7.0000,False,10.8400,16.2600,1.5000,11.8855,9.9236,-305.2941,0.4747,7.5870,,0.0563,0.0414,0.1966,0.1250,-0.1130,,0.7880,3389874944.0000,2451000064.0000,1.3831,28081770496,1.2050,5.0600,3.7300,901790969,4.9300,1.1700,5.6300,8.5100,0.1207,OK,0,5.3800,False,10-18d,XLK,,AAPL|MSFT|NVDA,interest_rates|ai_capex_cycle|semiconductor_cycle,61,2026-11-24,False,2026-08-26,0.8300,0.6900,20.0000,ALCISTA FUERTE,10,767.8100,7.5500,53.4000,15.1800,"Filtros estándar (Score ≥6.5, DD ≥10%)"
ILMN,"Illumina, Inc.",Health Care,Life Sciences Tools & Services,2026-09-21,255.3800,2026-09-24,73.7100,48.3000,UP,3.3843,1.7166,True,1.0822,11.1214,1.3440,4.3550,206.3400,157.2500,222.9400,23.7700,62.4000,True,6.6119,ALCISTA,-0.3100,256.1700,256.1700,88.0000,-0.3100,190.2000,0.6240,False,200.0100,1,,False,-21.6800,NONE,6.2500,10.0000,7.0000,5.0000,4,5.0000,5.0000,False,8.7100,13.0600,1.5000,51.1007,44.8655,14.5730,9.2031,34.5640,0.3234,0.0867,0.1834,0.6793,0.0940,-0.0940,89.0420,1.7960,797625024.0000,824000000.0000,0.9680,41358897152,1.4670,4.7400,,151000000,4.7800,3.4200,7.5100,3.2000,0.0193,D/E:89,1,5.3700,False,10-18d,XLV,,UNH|JNJ|LLY,fda_calendar|drug_pricing_policy|patent_cliffs,35,2026-10-29,False,2026-07-30,1.3100,1.2300,6.8000,ALCISTA FUERTE,10,767.8100,7.5500,53.4000,15.1800,"Filtros estándar (Score ≥6.5, DD ≥10%)"
HUBB,Hubbell Incorporated,Industrials,Industrial Machinery & Supplies & Components,2023-10-18,463.7000,2026-09-24,58.3000,32.6200,UP,2.3829,-0.4767,True,0.7395,12.1437,0.7860,2.6190,474.0500,484.5300,457.5700,-2.1800,-4.3000,False,0.5223,BAJISTA,-12.1400,527.7500,562.0600,398.9500,-17.5000,16.2300,1.2460,False,467.5800,4,498.3500,True,0.8400,HAMMER|DOJI,6.7500,5.5000,7.0000,5.0000,10,7.0000,7.0000,False,5.2400,7.8600,1.5000,27.5995,20.3324,6.2920,3.9549,19.6550,0.2444,0.0843,0.1449,0.3534,0.1530,-0.0090,141.6420,1.6090,495812512.0000,900600000.0000,0.5505,24613638144,0.8890,6.3000,1.2200,52832571,4.4400,4.3800,4.7600,4.1400,0.0201,FCF/NI:0.55|D/E:142,2,5.3600,False,3-7d,XLI,,CAT|UNP|HON,pmi_manufacturing|supply_chain|capex_cycle,33,2026-10-27,False,2026-07-28,5.5200,5.3900,2.4000,ALCISTA FUERTE,10,767.8100,7.5500,53.4000,15.1800,"Filtros estándar (Score ≥6.5, DD ≥10%)"
WM,Waste Management,Industrials,Environmental & Facilities Services,1998-08-31,207.8800,2026-09-24,29.9200,41.8600,DOWN,-0.6719,-0.1151,False,-0.0117,3.6067,0.8010,1.7350,223.9600,223.2600,215.6300,-7.1800,-6.8900,True,0.4189,BAJISTA,-15.5200,246.0600,246.0600,190.9200,-15.5200,8.8800,1.2270,False,209.9600,3,228.4700,True,1.0000,HAMMER|DOJI,7.3000,7.0000,7.5000,5.0000,10,8.0000,7.0000,False,3.4700,5.2000,1.5000,29.4144,22.8117,8.3804,3.2386,13.6210,0.2984,0.0657,0.1111,0.4060,0.0400,0.0830,235.3010,0.9070,2348375040.0000,2852999936.0000,0.8231,83124772864,0.4310,2.8300,1.8200,399715184,4.0600,2.1400,5.5000,4.6100,0.0283,D/E:235,1,5.3600,False,3-7d,XLI,,CAT|UNP|HON,pmi_manufacturing|supply_chain|capex_cycle,33,2026-10-27,False,2026-07-28,2.0200,1.9800,2.1000,ALCISTA FUERTE,10,767.8100,7.5500,53.4000,15.1800,"Filtros estándar (Score ≥6.5, DD ≥10%)"
TPL,Texas Pacific Land Corporation,Energy,Oil & Gas Exploration & Production,2024-11-26,335.7400,2026-09-24,36.9600,49.6400,DOWN,-1.8368,-1.3273,False,-0.1677,15.7179,0.9450,4.6820,377.6000,394.2300,362.3900,-11.0900,-14.8400,False,1.4625,BAJISTA,-24.2600,443.2900,544.8600,268.0800,-38.3800,25.2400,1.1340,False,334.5600,1,394.5700,True,-0.3500,NONE,6.1500,5.5000,6.5000,5.0000,7,8.0000,5.0000,False,9.3600,14.0400,1.5000,43.0344,4.6260,13.9502,25.9940,30.9160,0.3657,0.2581,0.6032,0.9334,0.3120,0.3270,1.0770,4.5520,-32836124.0000,541416000.0000,-0.0606,23330684928,0.6180,11.2800,0.7100,68974683,4.8100,3.8700,8.2500,1.8800,-0.0014,FCF/NI:-0.06,1,5.3500,False,3-7d,XLE,,XOM|CVX|COP,oil_price|gas_price|opec_supply|inventories,41,2026-11-04,False,2026-08-05,2.2300,2.1800,2.1000,ALCISTA FUERTE,10,767.8100,7.5500,53.4000,15.1800,"Filtros estándar (Score ≥6.5, DD ≥10%)"
PCG,PG&E Corporation,Utilities,Multi-Utilities,2022-10-03,12.4100,2026-09-24,39.4500,25.2300,UP,-0.0756,-0.1049,True,0.2247,0.4993,0.8390,4.0230,16.2200,16.5700,14.1400,-23.4900,-25.1200,False,-1.0420,BAJISTA,-32.7000,18.4400,19.0500,12.3800,-34.8500,0.2400,0.8270,False,12.5900,1,14.9200,True,1.4500,NONE,6.2300,5.0000,8.5000,5.0000,7,6.5000,5.0000,False,8.0500,12.0700,1.5000,8.8633,6.8383,0.8395,1.4316,8.8870,0.0932,0.0257,0.1183,0.3982,0.0010,0.3980,189.4500,1.2160,-6150125056.0000,3056000000.0000,-2.0125,36989161472,0.2450,0.0000,1.6100,2202366906,4.7700,5.0000,4.3100,5.0300,-0.1663,FCF/NI:-2.01|D/E:189,2,5.3500,False,3-7d,XLU,,NEE|DUK|SO,interest_rates|regulatory_environment,28,2026-10-22,False,2026-07-23,0.4000,0.3600,11.6000,ALCISTA FUERTE,10,767.8100,7.5500,53.4000,15.1800,"Filtros estándar (Score ≥6.5, DD ≥10%)"
TRMB,Trimble Inc.,Information Technology,Application Software,2021-01-21,59.3200,2026-09-24,51.9300,47.1600,UP,-0.1577,-0.3655,True,0.5940,1.5636,0.8210,2.6360,57.3200,63.6400,58.3300,3.5000,-6.7800,False,-3.0843,BAJISTA,-4.3200,62.0000,84.4200,47.9200,-29.7300,23.7900,0.4960,True,56.6200,1,58.3000,False,-4.5500,HAMMER|DOJI,6.4000,6.5000,7.0000,7.5000,5,5.0000,7.0000,False,5.2700,7.9100,1.5000,,13.9909,2.3711,3.5560,17.1310,-0.0194,0.0480,-0.0277,0.7177,0.1100,,28.5530,0.9540,686174976.0000,-104700000.0000,-6.5537,13452144640,1.3620,3.3100,,233179848,4.6500,3.4700,3.2400,7.6800,0.0510,FCF/NI:-6.55|ROE:-1.9%,2,5.3500,False,3-7d,XLK,,AAPL|MSFT|NVDA,interest_rates|ai_capex_cycle|semiconductor_cycle,41,2026-11-04,False,2026-08-12,0.8600,0.8000,7.2000,ALCISTA FUERTE,10,767.8100,7.5500,53.4000,15.1800,"Filtros estándar (Score ≥6.5, DD ≥10%)"
MO,Altria,Consumer Staples,Tobacco,1957-03-04,68.9500,2026-09-24,53.4200,65.1000,DOWN,0.1495,0.3660,False,0.6607,1.3111,0.7810,1.9020,68.1600,64.8800,68.3500,1.1700,6.2700,True,2.1642,ALCISTA,-9.1000,75.8500,75.8500,52.1700,-9.1000,32.1600,1.1590,False,69.3900,3,72.3800,True,0.6400,HAMMER,7.1000,10.0000,5.0000,5.0000,9,7.0000,7.0000,False,3.8000,5.7000,1.5000,14.5011,11.7462,-43.1039,5.6257,8.7070,,0.2954,0.3900,0.8701,0.0120,-0.0270,,0.5180,9033374720.0000,7952000000.0000,1.1360,115011952640,0.4940,4.3700,6.4400,1669743926,4.1700,0.2200,5.5500,7.1600,0.0785,OK,0,5.3400,False,10-18d,XLP,,PG|KO|PEP,inflation|input_costs|fx_rates,35,2026-10-29,False,2026-07-30,1.4800,1.5000,-1.2000,ALCISTA FUERTE,10,767.8100,7.5500,53.4000,15.1800,"Filtros estándar (Score ≥6.5, DD ≥10%)"
SW,Smurfit Westrock,Materials,Paper & Plastic Packaging Products & Materials,2024-07-08,46.4900,2026-09-24,54.8000,22.0200,UP,0.1706,-0.1364,True,0.6121,1.5350,0.8920,3.3020,46.3300,42.2700,45.3900,0.3400,9.9900,True,2.8274,ALCISTA,-9.7600,51.5200,51.5200,31.7900,-9.7600,46.2600,1.0070,False,47.3200,2,49.7400,True,1.7800,NONE,6.7000,10.0000,7.0000,5.0000,7,5.0000,5.0000,False,6.6000,9.9100,1.5000,48.9362,13.4071,1.3360,0.7702,8.2740,0.0272,0.0262,0.0159,0.1816,0.0110,,78.4270,1.4470,1215000064.0000,497000000.0000,2.4447,24128053248,0.9310,5.0300,3.8900,524522908,4.4100,2.5000,4.4500,6.5800,0.0504,OK,0,5.3300,False,10-18d,XLB,,LIN|APD|ECL,commodity_prices|dxy|china_demand|energy_costs,34,2026-10-28,False,2026-07-29,0.3500,0.4200,-16.9000,ALCISTA FUERTE,10,767.8100,7.5500,53.4000,15.1800,"Filtros estándar (Score ≥6.5, DD ≥10%)"
MSCI,MSCI,Financials,Financial Exchanges & Data,2018-04-04,555.7000,2026-09-24,46.0000,38.0700,UP,0.4228,-1.4315,True,0.4234,13.2079,0.8190,2.3770,568.6100,569.2900,557.2800,-2.2700,-2.3900,False,0.0009,BAJISTA,-13.5100,642.4700,642.4700,495.5400,-13.5100,12.1400,1.2350,False,565.0900,1,576.9200,True,1.6900,NONE,5.9500,5.5000,7.0000,5.0000,8,5.0000,5.0000,False,4.7500,7.1300,1.5000,30.4201,24.7176,-15.0316,12.1266,23.7430,,0.2113,0.4073,0.8297,0.1220,0.1960,,0.8940,1194705920.0000,1358004992.0000,0.8798,40427016192,1.2190,1.9700,1.4800,72700000,4.9200,5.1400,5.6600,3.8000,0.0296,OK,0,5.3300,False,3-7d,XLF,,JPM|BAC|WFC,interest_rates|yield_curve|credit_spreads|loan_growth,26,2026-10-20,False,2026-07-21,4.9400,4.9800,-84.0000,ALCISTA FUERTE,10,767.8100,7.5500,53.4000,15.1800,"Filtros estándar (Score ≥6.5, DD ≥10%)"
FITB,Fifth Third Bancorp,Financials,Regional Banks,1996-03-29,51.6900,2026-09-24,42.9800,48.2300,DOWN,-0.1616,-0.0817,False,-0.1130,1.1107,0.9540,2.1490,55.8800,51.0400,54.0500,-7.5000,1.2700,True,2.4781,NEUTRO,-13.1300,59.5000,59.5000,39.0800,-13.1300,32.2700,1.4370,False,48.9500,1,51.4400,False,-5.3000,HAMMER,6.2000,8.5000,5.0000,5.0000,4,8.0000,7.0000,False,4.3000,6.4500,1.5000,17.3266,10.4027,1.4443,4.6230,,0.0844,0.0092,0.2324,0.0000,0.5180,-0.0570,,,,2198000128.0000,,46668689408,0.9130,0.0000,3.2500,906892564,4.7500,5.0000,4.2500,5.0500,,OK,0,5.3300,False,7-15d,XLF,,JPM|BAC|WFC,interest_rates|yield_curve|credit_spreads|loan_growth,25,2026-10-19,False,2026-07-17,0.8300,0.8400,-1.2000,ALCISTA FUERTE,10,767.8100,7.5500,53.4000,15.1800,"Filtros estándar (Score ≥6.5, DD ≥10%)"
ON,ON Semiconductor,Information Technology,Semiconductors,2022-06-21,74.1000,2026-09-24,52.2200,51.3300,UP,0.6045,0.1106,True,0.7085,3.6429,0.7030,4.9160,78.7400,79.5800,72.9500,-5.8900,-6.8900,False,3.0578,BAJISTA,-27.8100,102.6400,134.9200,44.5600,-45.0800,66.2900,0.8900,False,70.9200,1,86.0100,False,-4.2900,HAMMER|DOJI|HAMMER|HAMMER,6.0000,5.5000,7.0000,5.0000,5,7.0000,7.0000,False,9.8300,14.7500,1.5000,47.8105,16.1522,3.9449,4.5950,14.2170,0.0831,0.0675,0.1017,0.4278,0.0920,0.3660,65.0550,3.4640,1656649984.0000,630200000.0000,2.6288,28478658560,1.9970,3.4600,,389318613,4.8900,2.5700,5.2300,7.2000,0.0582,OK,0,5.3300,False,3-7d,XLK,,AAPL|MSFT|NVDA,interest_rates|ai_capex_cycle|semiconductor_cycle,39,2026-11-02,False,2026-08-03,0.7400,0.7200,3.5000,ALCISTA FUERTE,10,767.8100,7.5500,53.4000,15.1800,"Filtros estándar (Score ≥6.5, DD ≥10%)"
IQV,IQVIA,Health Care,Life Sciences Tools & Services,2017-08-29,267.8600,2026-09-24,59.4000,60.7700,DOWN,-0.9330,-0.7927,False,0.7049,7.0864,0.9250,2.6460,243.7900,204.0500,262.0600,9.8800,31.2700,True,2.1441,ALCISTA,-3.4400,277.4000,277.4000,154.5000,-3.4400,73.3700,0.6960,False,233.7600,1,271.8000,False,-12.7300,NONE,5.8500,10.0000,5.0000,5.0000,4,5.0000,5.0000,False,5.2900,7.9400,1.5000,34.2065,19.0200,7.3356,2.6655,19.5450,0.2282,0.0506,0.0810,0.3297,0.0870,-0.0060,257.9750,0.7060,2149750016.0000,1375000064.0000,1.5635,45268291584,1.1860,3.0000,,164600000,4.9700,3.1200,6.0400,5.8800,0.0475,D/E:258,1,5.3200,False,10-18d,XLV,,UNH|JNJ|LLY,fda_calendar|drug_pricing_policy|patent_cliffs,40,2026-11-03,False,2026-07-28,3.1500,3.0300,3.9000,ALCISTA FUERTE,10,767.8100,7.5500,53.4000,15.1800,"Filtros estándar (Score ≥6.5, DD ≥10%)"
CDW,CDW Corporation,Information Technology,Technology Distributors,2019-09-23,146.1600,2026-09-24,45.0700,61.9900,DOWN,-0.6609,0.0606,False,0.3765,5.9100,0.9310,4.0440,141.5800,130.9200,146.7400,3.2300,11.6400,True,0.6153,ALCISTA,-7.5200,158.0500,163.6700,96.0900,-10.7000,52.1100,0.6170,True,129.9500,2,154.3800,False,-11.0900,HAMMER,6.5500,10.0000,5.0000,7.5000,4,5.0000,7.0000,False,8.0900,12.1300,1.5000,16.7620,11.6069,7.1555,0.7419,12.1040,0.4401,0.0659,0.0460,0.2136,0.1000,0.0490,263.2780,1.1670,676787520.0000,1080300032.0000,0.6265,17434931200,0.9410,4.6200,1.7200,125017426,4.5000,0.8400,5.7800,7.2900,0.0388,FCF/NI:0.63|D/E:263,2,5.3200,False,10-18d,XLK,,AAPL|MSFT|NVDA,interest_rates|ai_capex_cycle|semiconductor_cycle,40,2026-11-03,False,2026-08-05,2.9100,2.8000,4.0000,ALCISTA FUERTE,10,767.8100,7.5500,53.4000,15.1800,"Filtros estándar (Score ≥6.5, DD ≥10%)"
CEG,Constellation Energy,Utilities,Electric Utilities,2022-02-02,263.8800,2026-09-24,40.7500,39.1100,UP,-3.1865,-3.7558,True,0.2617,10.7636,1.1150,4.0790,271.2900,291.0500,271.7600,-2.7300,-9.3400,False,-2.4707,BAJISTA,-13.7100,305.8000,410.4100,228.2800,-35.7000,15.6000,1.0320,False,266.1400,3,307.8900,True,0.8600,NONE,6.2200,5.0000,7.0000,5.0000,9,6.5000,5.0000,False,8.1600,12.2400,1.5000,25.5488,19.6409,2.9069,2.9643,14.8190,0.1506,0.0389,0.1108,0.2211,0.2300,-0.4680,76.4190,1.4550,-6625124864.0000,3464999936.0000,-1.9120,92693897216,1.1170,4.5200,0.6500,354307379,4.7000,5.0000,6.2500,2.5400,-0.0715,FCF/NI:-1.91,1,5.3100,False,3-7d,XLU,,NEE|DUK|SO,interest_rates|regulatory_environment,46,2026-11-09,False,2026-08-06,2.5500,2.2800,11.7000,ALCISTA FUERTE,10,767.8100,7.5500,53.4000,15.1800,"Filtros estándar (Score ≥6.5, DD ≥10%)"
DOW,Dow Inc.,Materials,Commodity Chemicals,2019-04-01,28.6500,2026-09-24,37.6200,50.3200,DOWN,-0.1483,-0.0666,False,0.1471,1.0225,0.9270,3.5690,29.9600,31.2100,29.5600,-4.3700,-8.1900,False,2.6431,BAJISTA,-13.2300,33.0200,41.8200,19.6800,-31.5000,45.5900,0.8950,False,28.3600,1,31.6900,True,-1.0100,NONE,6.1500,5.5000,6.5000,5.0000,7,8.0000,5.0000,False,7.1400,10.7100,1.5000,,16.0513,1.3008,0.4993,9.4380,-0.0554,0.0130,-0.0313,0.0979,0.1970,,111.9130,1.7490,237624992.0000,-1300999936.0000,-0.1826,20630050816,0.4240,4.4300,4.8900,722340711,4.7500,7.5000,2.6300,4.0000,0.0115,FCF/NI:-0.18|D/E:112|ROE:-5.5%,3,5.3100,False,3-7d,XLB,,LIN|APD|ECL,commodity_prices|dxy|china_demand|energy_costs,28,2026-10-22,False,2026-07-23,1.4400,1.2800,12.6000,ALCISTA FUERTE,10,767.8100,7.5500,53.4000,15.1800,"Filtros estándar (Score ≥6.5, DD ≥10%)"
WRB,W. R. Berkley Corporation,Financials,Property & Casualty Insurance,2019-12-05,67.6700,2026-09-24,50.2800,72.4400,DOWN,-0.0437,0.2548,False,0.1584,1.3947,0.9410,2.0610,70.6100,68.3400,69.4900,-4.1600,-0.9800,True,-0.7133,BAJISTA,-12.5000,77.3400,77.3400,62.2200,-12.5000,8.7600,0.5280,False,64.4000,2,68.0900,False,-4.8300,HAMMER,5.7300,6.5000,5.0000,5.0000,5,6.5000,7.0000,False,4.1200,6.1800,1.5000,13.8457,13.9003,,1.6769,9.8860,0.2021,0.0356,0.1294,0.4379,0.0120,0.1500,31.5270,0.4060,3045504768.0000,1928020992.0000,1.5796,24979900416,0.2830,0.0400,0.5900,371227529,5.0300,1.7800,6.5200,7.0800,0.1219,OK,0,5.3100,False,3-7d,XLF,,JPM|BAC|WFC,interest_rates|yield_curve|credit_spreads|loan_growth,25,2026-10-19,False,2026-07-20,1.2700,1.0800,17.3000,ALCISTA FUERTE,10,767.8100,7.5500,53.4000,15.1800,"Filtros estándar (Score ≥6.5, DD ≥10%)"
HLT,Hilton Worldwide,Consumer Discretionary,"Hotels, Resorts & Cruise Lines",2017-06-19,307.2200,2026-09-24,42.9200,27.3800,UP,-0.0780,-0.9298,True,0.3540,5.7121,0.7700,1.8590,318.7200,314.1900,311.1600,-3.6100,-2.2200,True,1.2487,BAJISTA,-10.3900,342.8200,357.8400,253.0400,-14.1500,21.4100,0.9380,False,308.8500,3,330.5300,True,0.5300,HAMMER|DOJI,7.0500,7.0000,7.0000,5.0000,10,7.0000,7.0000,False,3.7200,5.5800,1.5000,45.7669,29.8545,-11.1766,13.7636,26.6160,,0.1103,0.3103,0.7904,0.0250,0.1410,,0.6490,1393874944.0000,1584000000.0000,0.8800,70249512960,1.0560,2.6100,0.2000,225064910,4.1400,3.8300,5.5800,2.8200,0.0198,OK,0,5.3000,False,3-7d,XLY,,AMZN|TSLA|HD,consumer_spending|employment_data|interest_rates,34,2026-10-28,False,2026-07-28,2.2900,2.2700,78.0000,ALCISTA FUERTE,10,767.8100,7.5500,53.4000,15.1800,"Filtros estándar (Score ≥6.5, DD ≥10%)"
TSLA,"Tesla, Inc.",Consumer Discretionary,Automobile Manufacturers,2020-12-21,380.1200,2026-09-24,61.7300,55.1300,UP,1.6970,0.1733,True,0.9370,13.0150,0.8550,3.4240,348.9600,396.3400,363.5400,8.9300,-4.0900,False,-1.4766,BAJISTA,-12.1800,432.8600,498.8300,297.3800,-23.8000,27.8200,0.8600,True,382.1000,2,409.2800,True,0.5200,HAMMER|DOJI|HAMMER|DOJI,6.8500,6.5000,7.0000,7.5000,8,5.0000,7.0000,False,6.8500,10.2700,1.5000,356.5472,172.0067,17.1830,14.4056,137.1010,0.0467,0.0193,0.0367,0.1885,0.2550,-0.0300,18.3730,1.9410,4835999744.0000,3806000128.0000,1.2706,1492691976192,1.8450,2.1400,,3949547394,4.2500,5.0000,5.8500,1.5200,0.0032,OK,0,5.2900,False,3-7d,XLY,,AMZN|HD|MCD,consumer_spending|employment_data|interest_rates,27,2026-10-21,False,2026-07-22,0.3300,0.5400,-39.1000,ALCISTA FUERTE,10,767.8100,7.5500,53.4000,15.1800,"Filtros estándar (Score ≥6.5, DD ≥10%)"
ESS,Essex Property Trust,Real Estate,Multi-Family Residential REITs,2014-04-02,273.4700,2026-09-24,38.6900,26.9300,UP,-0.2350,-0.6934,True,0.3388,4.4571,0.8370,1.6300,284.4800,264.8800,276.5100,-3.8700,3.2400,True,1.0079,NEUTRO,-9.8500,303.3500,303.3500,233.8500,-9.8500,16.9400,1.7060,False,,0,268.6300,False,,HAMMER|DOJI|HAMMER,6.8500,8.5000,8.5000,7.0000,4,5.0000,7.0000,False,3.2600,4.8900,1.5000,42.2473,43.1215,3.2798,9.4537,19.8660,0.0771,0.0296,0.2089,0.6877,0.0310,-0.7180,122.4090,0.2490,1043926720.0000,413841984.0000,2.5225,18725617664,0.7060,5.6100,3.7900,64268439,4.2400,1.2500,5.2900,6.5100,0.0557,D/E:122,1,5.2800,False,7-15d,XLRE,,PLD|AMT|EQIX,interest_rates|cap_rates|occupancy_trends,33,2026-10-27,False,2026-07-29,0.9400,1.4700,-36.0000,ALCISTA FUERTE,10,767.8100,7.5500,53.4000,15.1800,"Filtros estándar (Score ≥6.5, DD ≥10%)"
LOW,Lowe's,Consumer Discretionary,Home Improvement Retail,1984-02-29,191.3600,2026-09-24,30.2600,21.4300,UP,-0.6400,-0.8400,True,0.1711,4.0229,0.7330,2.1020,208.1200,232.0900,199.4400,-8.0500,-17.5500,False,-1.3040,BAJISTA,-15.8500,227.4000,289.8700,188.2200,-33.9800,1.6700,0.9270,False,,0,223.4400,False,,NONE,6.0700,5.0000,8.5000,5.0000,4,8.5000,5.0000,False,4.2000,6.3100,1.5000,15.9332,14.4679,-14.2181,1.1694,11.4870,,0.1252,0.0735,0.3299,0.0830,0.0000,,1.1050,4615374848.0000,6624999936.0000,0.6967,105753075712,0.8460,3.0900,2.6100,561054019,4.7400,3.6500,4.9700,5.7400,0.0436,FCF/NI:0.70,1,5.2700,False,3-7d,XLY,,AMZN|TSLA|HD,consumer_spending|employment_data|interest_rates,55,2026-11-18,False,2026-08-19,4.4000,4.2200,4.2000,ALCISTA FUERTE,10,767.8100,7.5500,53.4000,15.1800,"Filtros estándar (Score ≥6.5, DD ≥10%)"
GPC,Genuine Parts Company,Consumer Discretionary,Distributors,1973-12-31,128.7600,2026-09-24,38.1700,36.3100,UP,-1.1943,-1.0322,False,0.1375,3.3289,0.8610,2.5850,130.3100,118.0200,131.7700,-1.1900,9.1000,True,0.9199,NEUTRO,-7.2400,138.8100,147.4300,89.1100,-12.6600,44.5000,0.6430,True,108.6500,1,127.6000,False,-15.6100,HAMMER|DOJI,7.2000,8.5000,7.5000,7.5000,4,8.0000,7.0000,False,5.1700,7.7600,1.5000,538.5833,15.5645,3.9371,0.7108,11.6250,0.0071,0.0448,0.0013,0.3756,0.0600,-0.0980,146.4150,1.1590,917241984.0000,32766000.0000,27.9937,17819752448,0.6560,6.5400,3.3000,137859758,3.9900,2.5000,4.0600,5.6500,0.0515,D/E:146,1,5.2700,False,7-15d,XLY,,AMZN|TSLA|HD,consumer_spending|employment_data|interest_rates,26,2026-10-20,False,2026-07-21,2.1500,2.0800,3.5000,ALCISTA FUERTE,10,767.8100,7.5500,53.4000,15.1800,"Filtros estándar (Score ≥6.5, DD ≥10%)"
BKR,Baker Hughes,Energy,Oil & Gas Equipment & Services,2017-07-07,58.0300,2026-09-24,26.2000,27.9400,DOWN,-0.5029,-0.9275,True,0.2847,2.0000,1.1280,3.4460,60.5400,58.6900,59.7200,-4.1500,-1.1300,True,2.1720,BAJISTA,-12.2000,66.0900,69.9200,43.2400,-17.0000,34.1900,1.0420,False,58.0100,1,58.9100,True,-0.0300,BULL_ENGULF,7.0300,7.0000,8.5000,5.0000,8,6.5000,7.5000,False,6.8900,10.3400,1.5000,18.4212,18.4158,2.8556,2.0512,11.7810,0.1646,0.0485,0.1117,0.2366,-0.0240,-0.0420,80.9250,2.0950,4415000064.0000,3096000000.0000,1.4260,56870297600,0.9610,4.1900,1.5900,992674071,4.0900,0.0000,5.8000,6.8500,0.0776,D/E:81,1,5.2700,False,5-10d,XLE,,XOM|CVX|COP,oil_price|gas_price|opec_supply|inventories,28,2026-10-22,False,2026-07-26,0.6400,0.4900,31.5000,ALCISTA FUERTE,10,767.8100,7.5500,53.4000,15.1800,"Filtros estándar (Score ≥6.5, DD ≥10%)"
PKG,Packaging Corporation of America,Materials,Paper & Plastic Packaging Products & Materials,2017-07-26,240.9800,2026-09-24,65.8300,34.5000,UP,1.0178,-0.0687,True,0.7906,5.7319,0.9120,2.3790,240.9900,222.3400,236.3200,-0.0100,8.3800,True,1.8729,NEUTRO,-6.7100,258.3100,258.3100,186.7700,-6.7100,29.0300,0.8070,False,223.9700,5,241.9300,False,-7.0600,HAMMER|DOJI,6.4500,8.5000,7.0000,5.0000,6,5.0000,7.0000,False,4.7600,7.1400,1.5000,30.8833,17.6422,4.5232,2.2251,12.5750,0.1489,0.0828,0.0726,0.2139,0.1470,-0.1950,94.4740,2.9410,432950016.0000,687400000.0000,0.6298,21215195136,0.7970,5.4500,2.4900,89098299,4.4700,4.0500,5.3600,3.9400,0.0204,FCF/NI:0.63|D/E:94,2,5.2600,False,7-15d,XLB,,LIN|APD|ECL,commodity_prices|dxy|china_demand|energy_costs,27,2026-10-21,False,2026-07-22,2.3500,2.3100,1.6000,ALCISTA FUERTE,10,767.8100,7.5500,53.4000,15.1800,"Filtros estándar (Score ≥6.5, DD ≥10%)"
EQT,EQT Corporation,Energy,Oil & Gas Exploration & Production,2022-10-03,51.0600,2026-09-24,20.3100,42.9700,DOWN,-0.5562,-0.5937,True,0.1884,1.4279,1.0410,2.7960,52.8300,55.5400,52.6900,-3.3500,-8.0600,False,-0.8359,BAJISTA,-9.6600,56.5200,67.8400,47.7900,-24.7300,6.8400,0.9530,False,51.0800,1,53.5700,True,0.0400,HAMMER|DOJI,6.4300,5.0000,8.5000,5.0000,7,6.5000,7.0000,False,5.5900,8.3900,1.5000,12.0348,13.5756,1.2845,3.4910,5.9460,0.1108,0.0663,0.2918,0.8075,-0.0390,-0.7400,19.5950,0.6730,2460903936.0000,2711614976.0000,0.9075,32445515776,0.5760,3.3300,1.2900,625516000,4.4800,0.0000,5.9700,7.9500,0.0758,OK,0,5.2600,False,5-10d,XLE,,XOM|CVX|COP,oil_price|gas_price|opec_supply|inventories,26,2026-10-20,False,2026-07-21,0.3900,0.4000,-3.3000,ALCISTA FUERTE,10,767.8100,7.5500,53.4000,15.1800,"Filtros estándar (Score ≥6.5, DD ≥10%)"
HAL,Halliburton,Energy,Oil & Gas Equipment & Services,1957-03-04,33.0100,2026-09-24,26.1800,62.6200,DOWN,-0.4598,-0.3258,False,0.0760,1.0521,1.0050,3.1870,34.2100,34.9900,34.8500,-3.5000,-5.6600,False,2.7222,BAJISTA,-13.2700,38.0600,43.2000,21.0300,-23.6000,56.9400,0.5590,False,32.6600,2,35.9700,True,-1.0700,HAMMER|HAMMER|DOJI,6.7000,5.5000,7.5000,5.0000,8,8.0000,7.0000,False,6.3700,9.5600,1.5000,17.1518,11.2782,2.4816,1.2199,8.0900,0.1492,0.0726,0.0716,0.1508,0.0370,0.1610,74.1860,2.0180,2052249984.0000,1602000000.0000,1.2811,27293349888,0.7690,3.1600,2.0600,833130367,4.2900,0.6000,5.6500,7.0000,0.0752,OK,0,5.2500,False,3-7d,XLE,,XOM|CVX|COP,oil_price|gas_price|opec_supply|inventories,26,2026-10-20,False,2026-07-21,0.5500,0.5400,2.3000,ALCISTA FUERTE,10,767.8100,7.5500,53.4000,15.1800,"Filtros estándar (Score ≥6.5, DD ≥10%)"
KLAC,KLA Corporation,Information Technology,Semiconductor Materials & Equipment,1997-09-30,187.8600,2026-09-24,62.6400,37.1000,UP,1.9408,-0.2938,True,0.8594,7.8971,0.5880,4.2040,191.0000,174.6200,180.1000,-1.6400,7.5800,True,3.6590,NEUTRO,-38.8100,307.0200,307.0200,97.5700,-38.8100,92.5400,0.9300,True,168.5000,3,191.6600,False,-10.3000,HAMMER,7.2500,8.5000,7.0000,7.5000,6,7.0000,7.0000,False,8.4100,12.6100,1.5000,51.1230,27.9044,38.5159,17.9815,40.7440,0.8750,0.2080,0.3557,0.6130,0.1520,0.1380,96.8800,2.8760,2624587520.0000,4830771200.0000,0.5433,244179763200,1.4440,3.0300,0.4900,1305006492,3.9100,1.9100,6.8800,2.7800,0.0107,FCF/NI:0.54|D/E:97,2,5.2500,False,7-15d,XLK,,AAPL|MSFT|NVDA,interest_rates|ai_capex_cycle|semiconductor_cycle,34,2026-10-28,False,2026-07-28,1.0500,1.0000,5.1000,ALCISTA FUERTE,10,767.8100,7.5500,53.4000,15.1800,"Filtros estándar (Score ≥6.5, DD ≥10%)"
LITE,Lumentum,Information Technology,Communications Equipment,2026-03-23,937.0000,2026-09-24,56.5500,48.2100,UP,1.0434,-3.5116,True,0.6340,62.5439,0.8620,6.6750,850.8200,723.2500,907.7600,10.1300,29.5500,True,9.7335,ALCISTA,-8.7400,1026.7600,1085.6801,144.5200,-13.6900,548.3500,0.7370,False,849.8100,2,925.5000,False,-9.3100,NONE,6.2500,10.0000,7.0000,5.0000,4,5.0000,5.0000,False,13.3500,20.0200,1.5000,,26.9128,17.7250,27.6493,103.6360,-2.4003,0.0582,-2.3010,0.4424,1.0930,,35.9870,1.6780,224700000.0000,-6935099904.0000,-0.0324,83334889472,1.5410,1.4500,,89700000,4.5500,7.5000,3.1500,2.7200,0.0027,FCF/NI:-0.03|ROE:-240.0%,2,5.2300,False,10-18d,XLK,,AAPL|MSFT|NVDA,interest_rates|ai_capex_cycle|semiconductor_cycle,42,2026-11-05,False,2026-08-11,3.2300,2.9700,8.8000,ALCISTA FUERTE,10,767.8100,7.5500,53.4000,15.1800,"Filtros estándar (Score ≥6.5, DD ≥10%)"
WAT,Waters Corporation,Health Care,Life Sciences Tools & Services,2002-01-02,420.5700,2026-09-24,61.2900,52.1500,UP,0.5354,0.5559,False,0.7239,10.5200,0.8890,2.5010,400.4000,361.8600,413.9600,5.0400,16.2200,True,0.7457,ALCISTA,-2.6000,431.7800,431.7800,282.7700,-2.6000,48.7300,1.1810,False,394.4800,2,426.2200,False,-6.2000,NONE,6.0500,10.0000,6.0000,5.0000,4,5.0000,5.0000,False,5.0000,7.5000,1.5000,108.9367,26.0052,2.7816,9.0971,32.5160,0.0192,0.0356,0.0359,0.5634,1.1340,,36.0450,1.8610,-142067632.0000,166628992.0000,-0.8526,42249371648,1.1940,4.0100,,98185855,4.6800,7.5000,4.0200,2.1600,-0.0034,FCF/NI:-0.85,1,5.2300,False,10-18d,XLV,,UNH|JNJ|LLY,fda_calendar|drug_pricing_policy|patent_cliffs,36,2026-10-30,False,2026-08-04,3.0500,3.0100,1.4000,ALCISTA FUERTE,10,767.8100,7.5500,53.4000,15.1800,"Filtros estándar (Score ≥6.5, DD ≥10%)"
CRWD,CrowdStrike,Information Technology,Systems Software,2024-06-24,262.4900,2026-09-24,72.0200,69.0400,UP,4.0358,3.4330,True,0.9899,13.1202,1.2170,4.9980,209.8200,148.2300,227.4500,25.1000,77.0900,True,6.5797,ALCISTA,-0.2700,263.1900,263.1900,85.6800,-0.2700,206.3600,0.9970,False,181.1200,2,,False,-31.0000,BULL_ENGULF,6.5000,10.0000,7.0000,5.0000,4,5.0000,7.5000,False,10.0000,15.0000,1.5000,8655.6670,161.6965,52.1112,49.2732,2449.2500,0.0146,-0.0078,0.0083,0.7519,0.2580,,15.9580,1.5700,1995385472.0000,44995000.0000,44.3468,265885171712,1.2550,2.5900,,1023934842,4.3600,5.4500,5.6300,1.6000,0.0075,OK,0,5.2200,False,10-18d,XLK,,AAPL|MSFT|NVDA,interest_rates|ai_capex_cycle|semiconductor_cycle,68,2026-12-01,False,2026-08-26,0.3100,0.2900,6.4000,ALCISTA FUERTE,10,767.8100,7.5500,53.4000,15.1800,"Filtros estándar (Score ≥6.5, DD ≥10%)"
ES,Eversource Energy,Utilities,Electric Utilities,2009-07-24,64.9100,2026-09-24,28.7000,28.2000,UP,-0.2882,-0.2052,False,-0.0634,1.3170,0.9540,2.0290,70.7700,68.7600,68.3700,-8.2800,-5.6000,True,0.3356,BAJISTA,-14.2300,75.6800,75.6800,60.6500,-14.2300,7.0300,1.2900,False,65.6000,4,70.6300,True,1.0700,HAMMER|DOJI,7.5000,7.0000,8.5000,5.0000,10,8.0000,7.0000,False,4.0600,6.0900,1.5000,16.5714,12.9768,1.4704,1.7168,10.6620,0.0902,0.0330,0.1035,0.5275,0.0230,-0.8540,180.7000,0.8000,811961344.0000,1449377024.0000,0.5602,24031848448,0.6980,4.2300,4.8500,376674754,3.7000,1.0700,4.6700,5.6500,0.0338,FCF/NI:0.56|D/E:181,2,5.2200,False,3-7d,XLU,,NEE|DUK|SO,interest_rates|regulatory_environment,41,2026-11-04,False,2026-07-30,0.8700,0.8700,-33.0000,ALCISTA FUERTE,10,767.8100,7.5500,53.4000,15.1800,"Filtros estándar (Score ≥6.5, DD ≥10%)"
ARE,Alexandria Real Estate Equities,Real Estate,Office REITs,2017-03-20,51.8600,2026-09-24,50.7400,50.1500,UP,0.0623,0.3309,False,0.4252,1.9950,1.0650,3.8470,51.0400,49.3500,52.2400,1.6100,5.1000,True,0.4296,ALCISTA,-9.4600,57.2800,82.5100,38.9000,-37.1500,33.3200,1.0160,False,48.6700,3,54.8900,False,-6.1600,DOJI,6.3500,10.0000,6.0000,5.0000,6,5.0000,5.0000,False,7.6900,11.5400,1.5000,,-62.3210,0.5541,3.0586,14.2290,-0.0408,0.0093,-0.3608,0.6820,-0.1190,,68.6700,2.3500,1344973952.0000,-1030056000.0000,-1.3057,8687369216,1.1680,3.3500,5.5500,172095277,4.4600,2.5000,3.3800,8.0000,0.1548,FCF/NI:-1.31|RevG:-11.9%|ROE:-4.1%,3,5.2200,False,10-18d,XLRE,,PLD|AMT|EQIX,interest_rates|cap_rates|occupancy_trends,32,2026-10-26,False,2026-08-03,0.1500,0.1200,26.2000,ALCISTA FUERTE,10,767.8100,7.5500,53.4000,15.1800,"Filtros estándar (Score ≥6.5, DD ≥10%)"
SOLV,Solventum,Health Care,Health Care Technology,2024-04-01,88.3700,2026-09-24,40.3700,42.3500,DOWN,-0.4964,-0.6336,True,0.2330,2.2034,0.9000,2.4930,86.5400,77.7100,88.9800,2.1100,13.7100,True,1.5419,ALCISTA,-6.1500,94.1600,94.1600,62.3800,-6.1500,41.6600,0.9150,False,76.7700,1,88.6500,False,-13.1300,HAMMER|DOJI|HAMMER,6.4700,10.0000,6.0000,5.0000,4,6.5000,7.0000,False,4.9900,7.4800,1.5000,10.8301,12.2526,3.1397,1.8147,17.5020,0.3396,0.0270,0.1726,0.5478,0.0220,0.0390,110.3130,1.0210,489000000.0000,1434000000.0000,0.3410,15080119296,0.6870,3.6800,,170223729,4.3800,0.6100,5.9100,7.0000,0.0324,FCF/NI:0.34|D/E:110,2,5.2200,False,10-18d,XLV,,UNH|JNJ|LLY,fda_calendar|drug_pricing_policy|patent_cliffs,42,2026-11-05,False,2026-08-05,2.5500,1.9100,33.8000,ALCISTA FUERTE,10,767.8100,7.5500,53.4000,15.1800,"Filtros estándar (Score ≥6.5, DD ≥10%)"
AXON,Axon Enterprise,Industrials,Aerospace & Defense,2023-05-04,450.6100,2026-09-24,34.1800,17.5300,UP,-6.4018,-10.5523,True,0.2397,22.8514,0.6940,5.0710,544.3000,502.1100,499.1100,-17.2100,-10.2600,True,-0.8116,BAJISTA,-32.2500,665.0700,792.1600,339.0100,-43.1200,32.9200,0.7690,False,436.7200,2,515.8000,True,-3.0800,NONE,6.8300,6.5000,8.5000,5.0000,7,8.5000,5.0000,False,10.1400,15.2100,1.5000,186.1925,42.1726,9.8379,11.2301,228.7290,0.0622,0.0051,0.0619,0.5952,0.3530,-0.1820,50.3630,2.1490,222160000.0000,199298000.0000,1.1147,36150648832,1.3990,4.0200,,81237415,4.1300,5.0000,5.2000,1.8600,0.0061,OK,0,5.2100,False,3-7d,XLI,,CAT|UNP|HON,pmi_manufacturing|supply_chain|capex_cycle,40,2026-11-03,False,2026-08-05,1.8800,1.8400,2.0000,ALCISTA FUERTE,10,767.8100,7.5500,53.4000,15.1800,"Filtros estándar (Score ≥6.5, DD ≥10%)"
WEC,WEC Energy Group,Utilities,Electric Utilities,2008-10-31,101.1700,2026-09-24,29.9300,32.6400,DOWN,-0.2446,-0.0922,False,-0.1444,1.6186,0.8240,1.6000,108.0900,109.8300,105.1200,-6.4000,-7.8800,False,-0.2441,BAJISTA,-14.8900,118.8700,118.8700,100.3500,-14.8900,0.8200,1.5220,False,,0,107.6700,False,,NONE,5.9500,5.0000,7.5000,5.0000,5,8.0000,5.0000,False,3.2000,4.8000,1.5000,19.5922,16.8197,,3.2433,14.1960,0.1199,0.0303,0.1669,0.4191,0.0260,0.1970,157.9850,0.5340,-2353637376.0000,1691500032.0000,-1.3914,32878202880,0.4570,6.1700,3.7700,325849383,4.7200,6.2700,4.6600,2.9700,-0.0716,FCF/NI:-1.39|D/E:158,2,5.2100,False,3-7d,XLU,,NEE|DUK|SO,interest_rates|regulatory_environment,35,2026-10-29,False,2026-07-29,0.9100,0.8100,12.3000,ALCISTA FUERTE,10,767.8100,7.5500,53.4000,15.1800,"Filtros estándar (Score ≥6.5, DD ≥10%)"
OKE,Oneok,Energy,Oil & Gas Storage & Transportation,2010-03-15,90.5400,2026-09-24,31.5700,61.3900,DOWN,-0.7509,-0.4903,False,-0.0518,2.4143,1.0080,2.6670,92.5800,84.7000,93.8900,-2.2000,6.9000,True,3.3078,NEUTRO,-9.3200,99.8500,99.8500,61.6700,-9.3200,46.8100,0.8040,False,83.0600,5,90.4900,False,-8.2700,HAMMER,6.8000,8.5000,6.5000,5.0000,6,8.0000,7.0000,False,5.3300,8.0000,1.5000,15.7478,14.6198,2.5058,1.4602,11.7440,0.1628,0.0577,0.0929,0.2721,0.5280,0.1420,143.0700,0.7370,899875008.0000,3656000000.0000,0.2461,57480712192,0.7190,6.9300,4.7300,630409203,4.1200,4.4300,3.9700,3.9500,0.0157,FCF/NI:0.25|D/E:143,2,5.1900,False,7-15d,XLE,,XOM|CVX|COP,oil_price|gas_price|opec_supply|inventories,33,2026-10-27,False,2026-08-03,1.5300,1.4500,5.6000,ALCISTA FUERTE,10,767.8100,7.5500,53.4000,15.1800,"Filtros estándar (Score ≥6.5, DD ≥10%)"
JKHY,Jack Henry & Associates,Financials,Transaction & Payment Processing Services,2018-11-13,148.3300,2026-09-24,28.4200,22.8800,UP,-2.0904,-1.6363,False,-0.0049,5.1858,1.0540,3.4960,157.4900,157.9800,158.5300,-5.8200,-6.1100,False,-0.1898,BAJISTA,-14.9300,174.3600,191.1300,120.6000,-22.3900,22.9900,0.8200,False,148.6500,1,155.3600,True,0.2200,HAMMER|DOJI,6.8000,5.0000,8.5000,5.0000,8,8.0000,7.0000,False,6.9900,10.4900,1.5000,21.1373,18.8137,5.0454,4.0714,14.9040,0.2404,0.1299,0.1976,0.4390,0.0470,-0.1040,3.7930,1.1670,352223744.0000,502776000.0000,0.7006,10359138304,0.5640,4.4900,1.6400,70112608,4.1100,0.7200,7.0100,4.6800,0.0340,FCF/NI:0.70,1,5.1900,False,3-7d,XLF,,JPM|BAC|WFC,interest_rates|yield_curve|credit_spreads|loan_growth,40,2026-11-03,False,2026-08-18,1.5300,1.4400,6.4000,ALCISTA FUERTE,10,767.8100,7.5500,53.4000,15.1800,"Filtros estándar (Score ≥6.5, DD ≥10%)"
AON,Aon plc,Financials,Insurance Brokers,1996-04-23,281.6000,2026-09-24,21.2400,25.9800,DOWN,-2.6844,-2.7753,True,0.0959,7.9800,0.8550,2.8340,342.2900,333.5800,313.2900,-17.7300,-15.5800,True,-0.8386,BAJISTA,-26.1800,381.4700,381.4700,281.1800,-26.1800,0.1500,0.9080,False,,0,329.4700,False,,NONE,6.3000,6.5000,8.5000,5.0000,4,8.0000,5.0000,False,5.6700,8.5000,1.5000,15.2200,13.6081,6.0982,3.3320,12.6480,0.4470,0.0583,0.2227,0.4815,0.0220,-0.0300,163.4810,1.0330,3190874880.0000,3913999872.0000,0.8152,58565713920,0.6600,4.1500,1.1600,212125434,4.4400,0.0700,6.9600,6.6100,0.0545,D/E:163,1,5.1800,False,3-7d,XLF,,JPM|BAC|WFC,interest_rates|yield_curve|credit_spreads|loan_growth,36,2026-10-30,False,2026-07-29,3.8100,3.8000,27.0000,ALCISTA FUERTE,10,767.8100,7.5500,53.4000,15.1800,"Filtros estándar (Score ≥6.5, DD ≥10%)"
APTV,Aptiv,Consumer Discretionary,Automotive Parts & Equipment,2012-12-24,45.1700,2026-09-24,51.3300,38.2400,UP,0.2457,0.1137,True,0.5092,1.4621,0.7340,3.2370,49.9300,64.6700,45.5200,-9.5300,-30.1500,False,-4.8638,BAJISTA,-28.2700,62.9700,88.9300,42.9900,-49.2100,5.0700,0.5850,False,44.5200,1,48.2400,True,-1.4400,HAMMER,6.2000,5.0000,7.0000,5.0000,7,7.0000,7.0000,False,6.4700,9.7100,1.5000,19.7195,6.6575,1.0374,0.4410,4.4240,0.0516,0.0672,0.0107,0.1925,0.0230,-0.3530,64.9380,2.0180,1615874944.0000,470000000.0000,3.4380,9048660992,1.3300,1.8500,,207633331,4.4800,0.6500,5.2800,8.0000,0.1786,OK,0,5.1700,False,3-7d,XLY,,AMZN|TSLA|HD,consumer_spending|employment_data|interest_rates,35,2026-10-29,False,2026-08-04,1.6300,1.4300,14.1000,ALCISTA FUERTE,10,767.8100,7.5500,53.4000,15.1800,"Filtros estándar (Score ≥6.5, DD ≥10%)"
SRE,Sempra,Utilities,Multi-Utilities,2017-03-17,79.0000,2026-09-24,27.4100,40.4800,DOWN,-0.2467,-0.0742,False,-0.1094,1.5486,0.8160,1.9600,86.2900,89.7900,83.0200,-8.4500,-12.0200,False,-0.8010,BAJISTA,-17.7300,96.0200,100.3200,78.7400,-21.2500,0.3300,0.7910,False,79.5900,1,86.3200,True,0.7500,HAMMER,6.4500,5.0000,7.5000,5.0000,7,8.0000,7.0000,False,3.9200,5.8800,1.5000,22.5333,14.0421,1.5549,3.7510,16.8360,0.0668,0.0196,0.1682,0.4399,-0.0010,0.7130,84.6630,1.6420,-27657750528.0000,2262000128.0000,-12.2271,50834210816,0.5640,2.4200,3.3300,653900348,4.3200,5.0000,4.8100,2.9400,-0.5441,FCF/NI:-12.23,1,5.1700,False,3-7d,XLU,,NEE|DUK|SO,interest_rates|regulatory_environment,41,2026-11-04,False,2026-08-06,1.1600,1.0600,9.7000,ALCISTA FUERTE,10,767.8100,7.5500,53.4000,15.1800,"Filtros estándar (Score ≥6.5, DD ≥10%)"
D,Dominion Energy,Utilities,Multi-Utilities,2016-11-30,61.1700,2026-09-24,23.3600,31.4900,DOWN,-0.2621,-0.1036,False,-0.1846,1.1349,0.9810,1.8550,67.0400,63.1200,64.6100,-8.7500,-3.0900,True,0.9955,BAJISTA,-15.3500,72.2600,72.2600,54.1700,-15.3500,12.9300,1.0340,False,59.5400,2,64.0300,True,-2.6700,NONE,6.8000,7.0000,7.5000,5.0000,8,8.0000,5.0000,False,3.7100,5.5700,1.5000,20.8997,15.8354,1.9030,2.9319,13.5610,0.0828,0.0304,0.1398,0.4622,0.1760,-0.5800,160.4590,0.8090,-9181124608.0000,2505999872.0000,-3.6637,53123366912,0.6220,7.4900,4.3600,879525949,4.0700,5.0000,4.1400,2.9100,-0.1728,FCF/NI:-3.66|D/E:160,2,5.1600,False,3-7d,XLU,,NEE|DUK|SO,interest_rates|regulatory_environment,36,2026-10-30,False,2026-07-31,0.7900,0.6700,17.2000,ALCISTA FUERTE,10,767.8100,7.5500,53.4000,15.1800,"Filtros estándar (Score ≥6.5, DD ≥10%)"
NSC,Norfolk Southern,Industrials,Rail Transportation,1957-03-04,315.0100,2026-09-24,25.9800,10.2300,UP,-1.8423,-2.2107,True,0.2438,5.6264,0.8670,1.7860,334.3000,308.7200,324.7200,-5.7700,2.0400,True,1.5319,NEUTRO,-11.8100,357.1900,357.1900,273.5900,-11.8100,15.1400,0.6110,False,307.6300,2,321.0100,True,-2.3400,NONE,7.1200,8.5000,9.5000,5.0000,7,6.5000,5.0000,False,3.5700,5.3600,1.5000,26.7210,21.8775,4.3278,5.6093,15.3340,0.1699,0.0595,0.2102,0.4516,0.1140,-0.0440,105.5190,0.8310,1382249984.0000,2632999936.0000,0.5250,70340608000,1.2680,4.9500,1.7100,224608373,3.8600,3.1400,4.1800,4.3300,0.0197,FCF/NI:0.52|D/E:106,2,5.1600,False,5-10d,XLI,,CAT|UNP|HON,pmi_manufacturing|supply_chain|capex_cycle,28,2026-10-22,False,2026-07-23,3.5200,3.3200,5.9000,ALCISTA FUERTE,10,767.8100,7.5500,53.4000,15.1800,"Filtros estándar (Score ≥6.5, DD ≥10%)"
WY,Weyerhaeuser,Real Estate,Timber REITs,1979-10-01,21.1700,2026-09-24,19.7200,17.1400,UP,-0.1353,-0.1192,False,0.1197,0.4659,0.7590,2.2010,23.5900,23.8700,22.3800,-10.2500,-11.3000,False,0.4881,BAJISTA,-17.8300,25.7600,27.0300,20.4200,-21.6800,3.6900,1.1290,False,,0,25.2400,False,,NONE,6.4000,5.5000,8.5000,5.0000,4,10.0000,5.0000,False,4.4000,6.6000,1.5000,30.5151,29.9497,1.5385,2.1185,29.3310,0.0497,0.0067,0.0689,0.1451,-0.0090,0.8710,57.6250,1.8160,13625000.0000,472000000.0000,0.0289,14515622912,0.8900,5.2500,3.9700,720736000,4.3300,5.0000,4.6000,3.2200,0.0009,FCF/NI:0.03,1,5.1600,False,3-7d,XLRE,,PLD|AMT|EQIX,interest_rates|cap_rates|occupancy_trends,35,2026-10-29,False,2026-07-30,0.1300,0.0800,66.6000,ALCISTA FUERTE,10,767.8100,7.5500,53.4000,15.1800,"Filtros estándar (Score ≥6.5, DD ≥10%)"
AIG,American International Group,Financials,Multi-line Insurance,1980-03-31,75.5800,2026-09-24,51.2100,47.2800,UP,0.0698,0.1155,False,0.5225,1.3339,0.8710,1.7650,76.8000,76.3300,75.5800,-1.5900,-0.9800,True,0.1089,BAJISTA,-7.7300,81.9100,85.6400,69.9000,-11.7400,8.1200,0.8420,False,73.8200,5,80.4700,True,-2.3300,NONE,6.3500,7.0000,6.0000,5.0000,10,5.0000,5.0000,False,3.5300,5.2900,1.5000,13.6533,8.5153,0.9668,1.4631,4.6860,0.0722,0.0176,0.1109,0.3509,0.0050,-0.1010,22.4660,0.6120,7365000192.0000,2964999936.0000,2.4840,39122866176,0.5110,2.9300,2.6500,522893169,4.3600,0.0000,5.8700,7.6700,0.1883,OK,0,5.1600,False,3-7d,XLF,,JPM|BAC|WFC,interest_rates|yield_curve|credit_spreads|loan_growth,41,2026-11-04,False,2026-08-06,2.0000,1.9300,3.7000,ALCISTA FUERTE,10,767.8100,7.5500,53.4000,15.1800,"Filtros estándar (Score ≥6.5, DD ≥10%)"
QCOM,Qualcomm,Information Technology,Semiconductors,1999-07-22,197.2400,2026-09-24,72.4700,76.5900,DOWN,2.3778,1.5967,True,0.9339,9.7229,1.1670,4.9290,168.6500,167.3900,180.5100,16.9500,17.8300,True,0.7002,ALCISTA,-1.1900,199.6100,257.5600,120.8800,-23.4200,63.1700,0.6720,False,189.1800,2,195.0300,False,-4.0900,NONE,6.0500,10.0000,6.0000,5.0000,4,5.0000,5.0000,False,9.8600,14.7900,1.5000,22.1758,19.0376,7.4239,4.7081,17.8440,0.3375,0.1161,0.2101,0.5423,-0.0400,-0.2300,55.2100,2.0160,10241000448.0000,9260000256.0000,1.1059,207481421824,1.6790,3.3600,1.8700,1068060487,4.5500,0.0000,6.6100,7.4400,0.0494,OK,0,5.1500,False,10-18d,XLK,,AAPL|MSFT|NVDA,interest_rates|ai_capex_cycle|semiconductor_cycle,41,2026-11-04,False,2026-07-29,2.2100,2.2200,-49.0000,ALCISTA FUERTE,10,767.8100,7.5500,53.4000,15.1800,"Filtros estándar (Score ≥6.5, DD ≥10%)"
ELV,Elevance Health,Health Care,Managed Health Care,2002-07-25,398.5600,2026-09-24,48.4400,61.4200,DOWN,-1.0627,1.0676,False,0.3050,11.1097,0.9540,2.7870,395.1500,360.7600,406.3500,0.8600,10.4800,True,2.4930,ALCISTA,-8.2400,434.3500,434.3500,270.8700,-8.2400,47.1400,1.0480,False,389.4100,2,405.3500,True,-2.3000,HAMMER,6.5000,10.0000,5.0000,5.0000,7,5.0000,7.0000,False,5.5700,8.3600,1.5000,17.6217,13.4819,1.9240,0.4294,9.6230,0.1113,0.0383,0.0247,0.2599,0.0140,-0.1310,68.9530,1.5180,4306375168.0000,4962999808.0000,0.8677,86368198656,0.6960,6.1200,1.7300,216869290,4.2200,0.0800,5.5200,7.5400,0.0499,OK,0,5.1300,False,10-18d,XLV,,UNH|JNJ|LLY,fda_calendar|drug_pricing_policy|patent_cliffs,27,2026-10-21,False,2026-07-15,7.4500,6.2100,20.0000,ALCISTA FUERTE,10,767.8100,7.5500,53.4000,15.1800,"Filtros estándar (Score ≥6.5, DD ≥10%)"
FERG,Ferguson Enterprises,Industrials,Trading Companies & Distributors,2026-08-05,221.1700,2026-09-24,53.3500,30.8400,UP,-0.1547,-1.1649,True,0.4346,5.3879,0.8000,2.4360,232.7300,236.6000,223.1700,-4.9700,-6.5200,False,-0.8068,BAJISTA,-17.1200,266.8400,268.5900,212.1300,-17.6600,4.2600,1.0360,True,218.9900,7,236.2200,True,-0.9900,HAMMER|DOJI,6.8500,5.0000,7.0000,7.5000,10,5.0000,7.0000,False,4.8700,7.3100,1.5000,21.6916,17.5656,6.8687,1.3545,16.0350,,,0.0632,0.3063,0.0460,0.0690,111.0630,1.7290,,1987399936.0000,,42592485376,1.1120,1.3400,1.6100,193452717,3.9900,2.0200,4.9000,5.2100,,D/E:111,1,5.1300,False,3-7d,XLI,,CAT|UNP|HON,pmi_manufacturing|supply_chain|capex_cycle,46,2026-11-09,False,2026-08-10,3.3900,3.3000,2.8000,ALCISTA FUERTE,10,767.8100,7.5500,53.4000,15.1800,"Filtros estándar (Score ≥6.5, DD ≥10%)"
EXC,Exelon,Utilities,Electric Utilities,1957-03-04,40.6900,2026-09-24,25.7100,29.7300,DOWN,-0.1687,-0.0674,False,-0.1912,0.7262,0.8100,1.7850,44.4900,44.9800,42.9800,-8.5400,-9.5400,False,-0.3220,BAJISTA,-15.3700,48.0800,49.7000,40.6200,-18.1400,0.1700,0.9300,True,,0,46.7900,False,,NONE,6.3000,5.0000,7.5000,7.5000,4,8.0000,5.0000,False,3.5700,5.3500,1.5000,14.7794,13.2311,1.3973,1.6353,11.0540,0.0971,0.0281,0.1099,0.4236,0.0990,-0.0020,177.3620,1.0880,-2685125120.0000,2783000064.0000,-0.9648,41416208384,0.3890,5.1800,4.1300,1030253967,4.3500,5.0000,4.3800,3.5500,-0.0648,FCF/NI:-0.96|D/E:177,2,5.1300,False,3-7d,XLU,,NEE|DUK|SO,interest_rates|regulatory_environment,40,2026-11-03,False,2026-07-30,0.4300,0.4500,-3.9000,ALCISTA FUERTE,10,767.8100,7.5500,53.4000,15.1800,"Filtros estándar (Score ≥6.5, DD ≥10%)"
SO,Southern Company,Utilities,Electric Utilities,1957-03-04,83.4700,2026-09-24,25.3200,22.5400,UP,-0.2252,-0.0742,False,-0.1309,1.2936,0.7900,1.5500,90.8800,91.0000,87.4400,-8.1500,-8.2800,False,-0.0183,BAJISTA,-15.2100,98.4500,98.4500,81.7900,-15.2100,2.0600,0.8970,False,,0,97.3400,False,,HAMMER|DOJI,6.5000,5.0000,8.5000,5.0000,4,10.0000,7.0000,False,3.1000,4.6500,1.5000,19.9735,16.8337,2.4097,3.1596,12.1260,0.1148,0.0327,0.1543,0.4829,0.0010,0.3040,182.0580,0.7870,-3913374976.0000,4657999872.0000,-0.8401,95353585664,0.3160,6.0800,3.6400,1150362966,4.2000,5.0000,4.5500,2.8600,-0.0410,FCF/NI:-0.84|D/E:182,2,5.1200,False,3-7d,XLU,,NEE|DUK|D,interest_rates|regulatory_environment,35,2026-10-29,False,2026-07-30,1.1300,1.0100,11.8000,ALCISTA FUERTE,10,767.8100,7.5500,53.4000,15.1800,"Filtros estándar (Score ≥6.5, DD ≥10%)"
FFIV,"F5, Inc.",Information Technology,Communications Equipment,2010-12-20,455.9900,2026-09-24,78.1300,68.5100,UP,6.0184,4.5560,True,1.0435,14.0007,0.9920,3.0700,405.7100,337.5100,417.5500,12.3900,35.1100,True,5.4074,ALCISTA,-1.3000,462.0000,462.0000,223.7600,-1.3000,103.7900,0.8860,False,381.9300,1,,False,-16.2400,NONE,6.2500,10.0000,7.0000,5.0000,4,5.0000,5.0000,False,6.1400,9.2100,1.5000,35.6100,24.7030,6.5813,7.6411,26.5010,0.1983,0.0798,0.2195,0.8187,0.1090,0.1140,6.5460,1.6650,717135488.0000,726510016.0000,0.9871,25286868992,1.0300,2.7100,,56627182,4.3400,1.1900,6.9100,5.0400,0.0284,OK,0,5.1000,False,10-18d,XLK,,AAPL|MSFT|NVDA,interest_rates|ai_capex_cycle|semiconductor_cycle,32,2026-10-26,False,2026-07-27,4.7300,4.0000,18.2000,ALCISTA FUERTE,10,767.8100,7.5500,53.4000,15.1800,"Filtros estándar (Score ≥6.5, DD ≥10%)"
EG,Everest Group,Financials,Reinsurance,2017-06-19,372.3600,2026-09-24,46.1100,56.2300,DOWN,-0.5623,0.4007,False,0.3407,7.6936,0.9810,2.0660,373.2400,342.4800,374.0000,-0.2400,8.7300,True,1.8679,NEUTRO,-6.6500,398.9000,398.9000,297.1600,-6.6500,25.3100,0.7040,False,340.0800,1,377.1700,False,-8.6700,NONE,5.5500,8.5000,5.0000,5.0000,4,5.0000,5.0000,False,4.1300,6.2000,1.5000,7.8589,6.2251,0.9329,0.8477,,0.1257,0.0249,0.1138,0.1528,-0.1130,-0.1150,23.2600,0.3880,2064625024.0000,1890000000.0000,1.0924,14261963776,0.2770,6.2500,2.1500,38342734,4.7900,0.0000,6.2600,8.6600,0.1448,RevG:-11.3%,1,5.0900,False,7-15d,XLF,,JPM|BAC|WFC,interest_rates|yield_curve|credit_spreads|loan_growth,34,2026-10-28,False,2026-07-29,14.8500,14.5300,2.2000,ALCISTA FUERTE,10,767.8100,7.5500,53.4000,15.1800,"Filtros estándar (Score ≥6.5, DD ≥10%)"
BDX,Becton Dickinson,Health Care,Health Care Equipment,1972-09-30,182.5200,2026-09-24,44.2800,45.4000,DOWN,-0.8895,-1.1776,True,0.4330,4.2292,0.9780,2.3170,175.1200,159.5000,181.7200,4.2200,14.4300,True,2.4609,ALCISTA,-4.9100,191.9400,191.9400,124.4700,-4.9100,46.6300,0.5600,False,175.2000,1,186.6300,False,-4.0100,NONE,6.0500,10.0000,6.0000,5.0000,4,5.0000,5.0000,False,4.6300,6.9500,1.5000,30.9551,13.4836,1.9995,2.1713,10.7520,0.0661,0.0434,0.0419,0.4694,0.0540,-0.3140,68.8400,0.8650,4478374912.0000,1648000000.0000,2.7175,48819888128,0.2760,5.7600,2.3000,272386800,4.4400,1.7500,4.8200,7.1300,0.0917,OK,0,5.0800,False,10-18d,XLV,,UNH|JNJ|LLY,fda_calendar|drug_pricing_policy|patent_cliffs,42,2026-11-05,False,2026-08-06,3.2300,3.1400,2.9000,ALCISTA FUERTE,10,767.8100,7.5500,53.4000,15.1800,"Filtros estándar (Score ≥6.5, DD ≥10%)"
DIS,Walt Disney Company (The),Communication Services,Movies & Entertainment,1976-06-30,103.4600,2026-09-24,42.8700,37.7600,UP,-0.6344,-0.3891,False,0.1406,2.2764,0.9960,2.2000,103.0300,103.4300,105.4300,0.4200,0.0300,False,0.0778,ALCISTA,-7.5200,111.8700,115.4200,91.4900,-10.3600,13.0800,1.0110,False,103.7200,3,106.3000,True,0.2600,HAMMER,7.1500,8.5000,6.0000,5.0000,9,8.0000,7.0000,False,4.4000,6.6000,1.5000,21.7649,14.1141,1.6597,1.8437,10.7960,0.0801,0.0481,0.0870,0.3760,0.0680,-0.4830,39.4040,0.7090,4860375040.0000,8600000512.0000,0.5652,182269067264,1.4090,2.1600,1.4500,1726686902,3.7000,1.3900,4.9600,4.9200,0.0267,FCF/NI:0.57,1,5.0800,False,10-18d,XLC,,GOOGL|META|NFLX,ad_spending_cycle|streaming_competition|regulation,49,2026-11-12,False,2026-08-05,2.0600,1.8500,11.1000,ALCISTA FUERTE,10,767.8100,7.5500,53.4000,15.1800,"Filtros estándar (Score ≥6.5, DD ≥10%)"
CTVA,Corteva,Materials,Fertilizers & Agricultural Chemicals,2019-06-03,80.4200,2026-09-24,28.6900,51.5500,DOWN,-0.7151,-0.5373,False,0.2038,2.5793,1.1300,3.2070,82.7000,78.0000,82.4700,-2.7600,3.1100,True,2.5116,NEUTRO,-11.5000,90.8700,90.8700,59.9700,-11.5000,34.1000,1.1300,False,78.2100,2,80.8800,True,-2.7400,HAMMER|DOJI,6.9200,8.5000,7.5000,5.0000,7,6.5000,7.0000,False,6.4100,9.6200,1.5000,48.1515,19.2646,2.1064,2.9760,13.1950,0.0426,0.0455,0.0566,0.4954,-0.0120,-0.0990,19.1910,1.5160,2417250048.0000,1084999936.0000,2.2279,53008723968,0.5770,3.5700,0.9000,667196000,3.8600,0.0000,5.9800,5.8700,0.0456,OK,0,5.0800,False,7-15d,XLB,,LIN|APD|ECL,commodity_prices|dxy|china_demand|energy_costs,40,2026-11-03,False,2026-07-30,2.3000,2.2300,2.9000,ALCISTA FUERTE,10,767.8100,7.5500,53.4000,15.1800,"Filtros estándar (Score ≥6.5, DD ≥10%)"
VRSK,Verisk Analytics,Industrials,Research & Consulting Services,2015-10-08,171.8000,2026-09-24,30.8400,42.5400,DOWN,-1.0484,-0.6004,False,0.1301,6.3889,0.9290,3.7190,188.1500,191.0000,180.5600,-8.6900,-10.0500,False,-1.7860,BAJISTA,-23.8100,225.4800,250.8300,155.1000,-31.5100,10.7700,0.8580,False,172.5000,3,177.5200,True,0.4100,HAMMER|DOJI|HAMMER|DOJI,6.5500,5.0000,6.5000,5.0000,9,8.0000,7.0000,False,7.4400,11.1600,1.5000,25.9063,19.3887,-18.9218,6.9996,17.1630,,0.1896,0.2824,0.7018,0.0440,-0.0340,,1.0050,1055550016.0000,885500032.0000,1.1920,21950812160,0.6620,2.6200,1.1600,130156012,4.0800,0.9000,5.6900,5.8900,0.0481,OK,0,5.0700,False,3-7d,XLI,,CAT|UNP|HON,pmi_manufacturing|supply_chain|capex_cycle,34,2026-10-28,False,2026-07-29,1.9800,1.9300,2.4000,ALCISTA FUERTE,10,767.8100,7.5500,53.4000,15.1800,"Filtros estándar (Score ≥6.5, DD ≥10%)"
ECL,Ecolab,Materials,Specialty Chemicals,1989-01-31,276.7200,2026-09-24,44.8500,24.4300,UP,-0.5442,-1.0230,True,0.4596,5.2428,0.8750,1.8950,277.1000,271.7100,275.7600,-0.1400,1.8400,True,0.6273,NEUTRO,-6.0500,294.5500,306.7900,241.8500,-9.8000,14.4200,0.8380,False,272.6100,1,278.9800,True,-1.4900,HAMMER,6.6000,8.5000,7.0000,5.0000,7,5.0000,7.0000,False,3.7900,5.6800,1.5000,37.0121,29.2439,7.6769,4.5833,20.8880,0.2196,0.0723,0.1257,0.4421,0.0970,0.0330,138.0230,1.8410,1474824960.0000,2116400000.0000,0.6969,77194084352,0.8900,3.3100,1.0600,280328603,4.0400,2.9000,5.6200,3.5400,0.0191,FCF/NI:0.70|D/E:138,2,5.0600,False,7-15d,XLB,,LIN|APD|NEM,commodity_prices|dxy|china_demand|energy_costs,33,2026-10-27,False,2026-07-28,2.0900,2.0800,48.0000,ALCISTA FUERTE,10,767.8100,7.5500,53.4000,15.1800,"Filtros estándar (Score ≥6.5, DD ≥10%)"
CPRT,Copart,Industrials,Diversified Support Services,2018-07-02,28.8700,2026-09-24,32.4900,38.0900,DOWN,-0.4838,-0.4203,False,0.0692,1.1779,1.0990,4.0800,30.4700,33.9400,30.8600,-5.2700,-14.9400,False,-2.5170,BAJISTA,-16.6300,34.6300,45.9500,26.8100,-37.1700,7.6800,1.0930,False,28.6600,2,30.9300,True,-0.7400,HAMMER,6.2500,5.0000,6.5000,5.0000,7,8.0000,7.0000,False,8.1600,12.2400,1.5000,18.0903,15.8373,2.8574,5.5633,11.4780,0.1616,0.1027,0.3181,0.4898,0.0240,-0.1460,0.9700,7.9120,885121728.0000,1484269952.0000,0.5963,25959753728,1.0290,3.6900,,925811482,4.2700,0.2700,6.4700,6.3800,0.0341,FCF/NI:0.60,1,5.0600,False,3-7d,XLI,,CAT|UNP|HON,pmi_manufacturing|supply_chain|capex_cycle,56,2026-11-19,False,2026-09-10,0.3500,0.3800,-8.5000,ALCISTA FUERTE,10,767.8100,7.5500,53.4000,15.1800,"Filtros estándar (Score ≥6.5, DD ≥10%)"
BIIB,Biogen,Health Care,Biotechnology,2003-11-13,227.5300,2026-09-24,61.7600,43.6600,UP,0.2182,-0.5688,True,1.0703,6.2021,0.8970,2.7260,211.3300,193.2700,217.4500,7.6600,17.7300,True,2.6213,ALCISTA,-0.7200,229.1900,229.1900,135.3900,-0.7200,68.0600,1.7310,False,194.5900,2,,False,-14.4800,HAMMER|DOJI,6.8500,10.0000,7.0000,7.0000,4,5.0000,7.0000,False,5.4500,8.1800,1.5000,40.2776,13.6890,1.7738,3.3353,12.1130,0.0457,0.0521,0.0832,0.7832,0.0340,-0.8480,44.3290,1.8650,1266987520.0000,834600000.0000,1.5181,33445595136,0.1710,7.4000,,147753998,3.8600,0.9200,5.3000,5.6100,0.0379,OK,0,5.0600,False,10-18d,XLV,,UNH|JNJ|LLY,fda_calendar|drug_pricing_policy|patent_cliffs,34,2026-10-28,False,2026-07-29,3.6000,2.0300,77.4000,ALCISTA FUERTE,10,767.8100,7.5500,53.4000,15.1800,"Filtros estándar (Score ≥6.5, DD ≥10%)"
LVS,Las Vegas Sands,Consumer Discretionary,Casinos & Gaming,2019-10-03,39.1900,2026-09-24,17.1100,18.4900,DOWN,-0.3671,-0.3461,False,0.0468,1.0193,0.8430,2.6010,44.9400,52.3200,42.5500,-12.7900,-25.1000,False,-3.9760,BAJISTA,-21.2500,49.7600,69.2400,39.0100,-43.4000,0.4600,0.6500,False,,0,47.7200,False,,HAMMER|DOJI,6.0000,5.0000,7.5000,5.0000,4,8.0000,7.0000,False,5.2000,7.8000,1.5000,14.9806,11.0089,43.0881,1.8247,8.1070,1.2287,0.0955,0.1259,0.7933,-0.0070,-0.1980,1703.9020,0.9970,2212875008.0000,1727000064.0000,1.2813,25033652224,0.8190,3.7000,3.0600,647701184,4.4400,0.0000,6.7400,6.9500,0.0884,D/E:1704,1,5.0600,False,3-7d,XLY,,AMZN|TSLA|HD,consumer_spending|employment_data|interest_rates,27,2026-10-21,False,2026-07-22,0.5900,0.7600,-22.0000,ALCISTA FUERTE,10,767.8100,7.5500,53.4000,15.1800,"Filtros estándar (Score ≥6.5, DD ≥10%)"
MTD,Mettler Toledo,Health Care,Life Sciences Tools & Services,2016-09-06,1492.3400,2026-09-24,66.2100,33.5300,UP,14.9598,1.9986,True,1.0621,41.5043,1.1350,2.7810,1376.1500,1314.3100,1378.6100,8.4400,13.5500,True,-0.5385,ALCISTA,-1.3600,1512.8800,1525.1700,1023.0500,-2.1500,45.8700,1.1800,False,1266.5500,1,1465.4800,False,-15.1300,NONE,6.1500,9.5000,7.0000,5.0000,4,5.0000,5.0000,False,5.5600,8.3400,1.5000,34.2769,29.3866,2373.6719,7.3632,25.0740,,0.2110,0.2191,0.6026,0.0450,0.1830,16668.4470,1.1220,693589632.0000,905611008.0000,0.7659,30438541312,1.2200,3.6000,,20036559,4.3000,4.1400,4.9800,3.6900,0.0228,D/E:16668,1,5.0400,False,10-18d,XLV,,UNH|JNJ|LLY,fda_calendar|drug_pricing_policy|patent_cliffs,42,2026-11-05,False,2026-07-30,11.4600,10.8000,6.1000,ALCISTA FUERTE,10,767.8100,7.5500,53.4000,15.1800,"Filtros estándar (Score ≥6.5, DD ≥10%)"
IP,International Paper,Materials,Paper & Plastic Packaging Products & Materials,1957-03-04,35.7000,2026-09-24,45.3900,14.3600,UP,0.0271,-0.2697,True,0.4188,1.2921,0.9280,3.6190,38.6000,37.4000,36.2600,-7.5000,-4.5500,True,0.0426,BAJISTA,-19.4400,44.3200,48.4700,28.5100,-26.3500,25.2400,0.7540,False,35.4700,1,37.0800,True,-0.6600,HAMMER,6.4500,7.0000,7.0000,5.0000,8,5.0000,7.0000,False,7.2400,10.8600,1.5000,,11.6016,1.2777,0.7632,7.1380,-0.1648,0.0159,-0.1421,0.2961,-0.0220,,68.5090,1.0980,1646499968.0000,-2724999936.0000,-0.6042,18471397376,0.8830,11.6400,5.1800,529569895,4.0800,2.5000,2.7200,7.5000,0.0891,FCF/NI:-0.60|ROE:-16.5%,2,5.0300,False,3-7d,XLB,,LIN|APD|ECL,commodity_prices|dxy|china_demand|energy_costs,34,2026-10-28,False,2026-07-30,0.0400,-0.0400,205.4000,ALCISTA FUERTE,10,767.8100,7.5500,53.4000,15.1800,"Filtros estándar (Score ≥6.5, DD ≥10%)"
NOC,Northrop Grumman,Industrials,Aerospace & Defense,1957-03-04,514.4200,2026-09-24,37.2800,43.8700,DOWN,-0.1214,-0.1718,True,0.1556,11.6236,0.8340,2.2600,540.5400,595.9900,530.0200,-4.8300,-13.6900,False,-0.4371,BAJISTA,-13.0800,591.8200,767.1200,476.8500,-32.9400,7.8800,1.0620,False,517.7700,3,557.2700,True,0.6500,HAMMER,6.5200,5.0000,7.5000,5.0000,9,6.5000,7.0000,False,4.5200,6.7800,1.5000,16.1684,16.7153,4.0431,1.6858,12.1050,0.2696,0.0715,0.1048,0.2006,0.0510,-0.0580,95.3480,1.1680,2478000128.0000,4496000000.0000,0.5512,72307236864,-0.1100,3.6300,1.9200,142063026,4.0400,1.1300,4.9800,6.3400,0.0343,FCF/NI:0.55|D/E:95,2,5.0300,False,3-7d,XLI,,CAT|UNP|HON,pmi_manufacturing|supply_chain|capex_cycle,26,2026-10-20,False,2026-07-21,7.6800,6.8200,12.7000,ALCISTA FUERTE,10,767.8100,7.5500,53.4000,15.1800,"Filtros estándar (Score ≥6.5, DD ≥10%)"
KR,Kroger,Consumer Staples,Food Retail,1957-03-04,57.6400,2026-09-24,48.8700,66.3500,DOWN,0.0132,0.4181,False,0.3348,1.6007,1.0060,2.7770,57.7600,63.0000,58.8500,-0.2100,-8.5100,False,-0.9345,BAJISTA,-7.8500,62.5500,75.6600,53.7800,-23.8200,7.1800,0.9440,False,54.9700,7,59.2000,False,-4.6200,NONE,5.1500,5.0000,5.0000,5.0000,6,5.0000,5.0000,False,5.5500,8.3300,1.5000,31.8486,10.6953,6.0067,0.2330,7.0280,0.1444,0.0580,0.0073,0.2390,0.0200,0.1530,413.2400,0.7020,2535500032.0000,1078000000.0000,2.3520,34797481984,0.4060,4.8000,2.7100,590588700,4.9500,3.9900,4.5900,6.5000,0.0729,D/E:413,1,5.0300,False,3-7d,XLP,,PG|KO|PEP,inflation|input_costs|fx_rates,70,2026-12-03,False,2026-09-11,1.0900,1.0500,3.6000,ALCISTA FUERTE,10,767.8100,7.5500,53.4000,15.1800,"Filtros estándar (Score ≥6.5, DD ≥10%)"
MLM,Martin Marietta Materials,Materials,Construction Materials,2014-07-02,490.4500,2026-09-24,42.4000,37.0000,UP,-0.3293,-0.5896,True,0.1353,12.9236,0.8150,2.6350,533.2700,593.3900,508.7300,-8.0300,-17.3500,False,-1.5849,BAJISTA,-19.1000,606.2100,707.9400,488.7400,-30.7200,0.3500,1.4740,False,,0,590.3600,False,,NONE,5.7000,5.0000,7.0000,5.0000,4,8.0000,5.0000,False,5.2700,7.9100,1.5000,31.1753,22.4899,2.4970,5.0981,16.7890,0.0889,0.0457,0.3674,0.2823,0.2100,-0.2320,54.9450,1.4070,593374976.0000,930000000.0000,0.6380,34096406528,1.1010,4.7100,0.6900,71019382,4.5500,5.0000,4.6400,3.9100,0.0174,FCF/NI:0.64,1,5.0100,False,3-7d,XLB,,LIN|APD|ECL,commodity_prices|dxy|china_demand|energy_costs,40,2026-11-03,False,2026-07-30,5.0000,4.6400,7.6000,ALCISTA FUERTE,10,767.8100,7.5500,53.4000,15.1800,"Filtros estándar (Score ≥6.5, DD ≥10%)"
TXT,Textron,Industrials,Aerospace & Defense,1978-12-31,76.8100,2026-09-24,34.1800,45.3000,DOWN,0.0819,0.3628,False,-0.0831,1.7434,0.7570,2.2700,85.3500,89.8900,80.8700,-10.0000,-14.5500,False,-0.1329,BAJISTA,-21.0500,97.3000,101.5000,76.4400,-24.3300,0.4800,1.2200,False,78.1000,1,82.7900,True,1.6800,NONE,6.3500,5.0000,6.5000,5.0000,7,10.0000,5.0000,False,4.5400,6.8100,1.5000,14.3164,10.4667,1.6229,0.8546,9.5150,0.1213,0.0455,0.0612,0.1763,0.0300,0.0520,52.2850,1.8610,452750016.0000,939000000.0000,0.4822,13074444288,0.8980,5.3000,0.1000,171986917,4.1000,1.1300,4.2000,7.4600,0.0346,FCF/NI:0.48,1,5.0000,False,3-7d,XLI,,CAT|UNP|HON,pmi_manufacturing|supply_chain|capex_cycle,35,2026-10-29,False,2026-07-28,1.6200,1.5500,4.8000,ALCISTA FUERTE,10,767.8100,7.5500,53.4000,15.1800,"Filtros estándar (Score ≥6.5, DD ≥10%)"
AEP,American Electric Power,Utilities,Electric Utilities,1957-03-04,118.4000,2026-09-24,30.9700,39.1800,DOWN,-0.2866,-0.0737,False,-0.0621,1.9700,0.7990,1.6640,125.6900,125.4200,122.3100,-5.8000,-5.6000,True,0.3080,BAJISTA,-15.1400,139.5200,139.5200,102.9300,-15.1400,15.0300,1.4330,False,,0,136.2100,False,,HAMMER,6.6500,7.0000,6.5000,5.0000,5,10.0000,7.0000,False,3.3300,4.9900,1.5000,20.3761,17.1464,1.9951,2.8083,13.1340,0.1013,0.0298,0.1378,0.4635,0.0700,-0.4320,160.7890,0.5040,-5995950080.0000,3140999936.0000,-1.9089,64004800512,0.5000,6.6100,3.2100,544397352,3.8900,4.2700,4.3400,2.9200,-0.0937,FCF/NI:-1.91|D/E:161,2,4.9900,False,3-7d,XLU,,NEE|DUK|SO,interest_rates|regulatory_environment,35,2026-10-29,False,2026-07-30,1.3600,1.4800,-8.2000,ALCISTA FUERTE,10,767.8100,7.5500,53.4000,15.1800,"Filtros estándar (Score ≥6.5, DD ≥10%)"
NOW,ServiceNow,Information Technology,Systems Software,2019-11-21,140.7800,2026-09-24,54.2200,59.9300,DOWN,-0.7996,-0.9703,True,0.6127,6.2057,0.9810,4.4080,124.4900,116.9700,135.9300,13.0800,20.3500,True,-2.3711,ALCISTA,-5.9000,149.6000,194.7300,81.2400,-27.7000,73.2900,0.7230,True,130.3900,1,139.2000,False,-7.3800,NONE,6.4500,9.5000,6.0000,7.5000,4,5.0000,5.0000,False,8.8200,13.2200,1.5000,86.1125,27.5257,11.3811,9.6691,51.5490,0.1424,0.0425,0.1134,0.7477,0.2400,-0.2190,67.5380,0.7010,5149374976.0000,1670000000.0000,3.0835,142445510656,0.9720,1.6200,,1033862000,4.0200,2.7100,4.7800,4.6700,0.0361,OK,0,4.9900,False,10-18d,XLK,,AAPL|MSFT|NVDA,interest_rates|ai_capex_cycle|semiconductor_cycle,34,2026-10-28,False,2026-07-22,0.9000,0.8600,5.0000,ALCISTA FUERTE,10,767.8100,7.5500,53.4000,15.1800,"Filtros estándar (Score ≥6.5, DD ≥10%)"
PFG,Principal Financial Group,Financials,Life & Health Insurance,2002-07-22,113.9200,2026-09-24,60.0800,67.1200,DOWN,-0.0127,0.3569,False,0.4794,3.1598,1.2860,2.7740,112.7700,99.2200,114.7700,1.0200,14.8100,True,3.4594,ALCISTA,-5.9900,121.1800,121.1800,75.3000,-5.9900,51.2800,0.8190,False,110.8800,2,114.9000,True,-2.6700,NONE,6.3000,10.0000,5.0000,5.0000,7,5.0000,5.0000,False,5.5500,8.3200,1.5000,16.2607,10.9871,2.0177,1.5574,10.8390,0.1295,0.0035,0.0993,0.4734,0.0640,0.0280,35.3070,1.5860,1056374976.0000,1558800000.0000,0.6777,24440045568,0.8720,9.2500,2.9500,214104641,4.0400,1.1600,5.2700,5.9700,0.0432,FCF/NI:0.68,1,4.9400,False,10-18d,XLF,,JPM|BAC|WFC,interest_rates|yield_curve|credit_spreads|loan_growth,32,2026-10-26,False,2026-07-27,2.5000,2.3300,7.1000,ALCISTA FUERTE,10,767.8100,7.5500,53.4000,15.1800,"Filtros estándar (Score ≥6.5, DD ≥10%)"
DE,Deere & Company,Industrials,Agricultural & Farm Machinery,1957-03-04,709.4800,2026-09-24,64.8400,71.5500,DOWN,0.2973,-0.5748,True,0.8772,16.8750,0.9060,2.3790,634.5400,577.6900,671.6000,11.8100,22.8100,True,3.5902,ALCISTA,-1.6300,721.2200,721.2200,429.1400,-1.6300,65.3300,1.3760,False,591.2500,2,705.8800,False,-16.6600,HAMMER|DOJI,6.6500,10.0000,6.0000,7.0000,4,5.0000,7.0000,False,4.7600,7.1400,1.5000,38.5649,30.4125,6.6943,3.9096,28.9510,0.1824,0.0376,0.1017,0.2518,0.0490,0.0740,230.2980,2.1320,4516250112.0000,4872999936.0000,0.9268,187373486080,0.9110,4.4900,0.9100,269625412,3.8000,2.2300,5.1200,4.0900,0.0241,D/E:230,1,4.9400,False,10-18d,XLI,,CAT|UNP|HON,pmi_manufacturing|supply_chain|capex_cycle,62,2026-11-25,False,2026-08-20,5.1000,4.7100,8.3000,ALCISTA FUERTE,10,767.8100,7.5500,53.4000,15.1800,"Filtros estándar (Score ≥6.5, DD ≥10%)"
SYF,Synchrony Financial,Financials,Consumer Finance,2015-11-18,70.6700,2026-09-24,30.5200,31.9800,DOWN,-0.6533,-0.5591,False,-0.1342,2.1836,1.0290,3.0900,76.8300,74.6000,76.1400,-8.0200,-5.2600,True,0.4244,BAJISTA,-13.7300,81.9200,87.6700,62.5500,-19.3900,12.9700,1.1060,False,70.3500,1,73.0800,True,-0.4600,NONE,6.6000,7.0000,6.5000,5.0000,8,8.0000,5.0000,False,6.1800,9.2700,1.5000,7.3385,6.8430,1.5317,2.3496,,0.2079,0.0290,0.3551,0.0000,0.0060,0.0360,,,,3435000064.0000,,23280285696,1.3080,5.5900,1.9200,325370840,3.8400,0.0500,5.4500,6.4000,,OK,0,4.9400,False,3-7d,XLF,,JPM|BAC|WFC,interest_rates|yield_curve|credit_spreads|loan_growth,26,2026-10-20,False,2026-07-21,2.5900,2.1300,21.9000,ALCISTA FUERTE,10,767.8100,7.5500,53.4000,15.1800,"Filtros estándar (Score ≥6.5, DD ≥10%)"
SLB,Schlumberger,Energy,Oil & Gas Equipment & Services,1957-03-04,51.8700,2026-09-24,27.5300,53.4900,DOWN,-0.7701,-0.7562,False,0.1912,1.8436,1.1250,3.5540,52.2100,49.5800,53.7900,-0.6600,4.6100,True,4.1070,NEUTRO,-13.7600,60.1500,60.1500,30.8800,-13.7600,67.9500,0.5240,False,52.6900,5,56.6100,True,1.5700,NONE,7.0200,8.5000,7.5000,5.0000,9,6.5000,5.0000,False,7.1100,10.6600,1.5000,25.0878,15.8865,2.9275,2.0989,11.7630,0.1291,0.0617,0.0853,0.1699,0.0500,-0.2970,47.0020,1.4390,2955124992.0000,3100999936.0000,0.9530,76329484288,0.7740,4.9000,2.2700,1484143231,3.5000,0.0000,5.5000,5.2400,0.0387,OK,0,4.9100,False,7-15d,XLE,,XOM|CVX|COP,oil_price|gas_price|opec_supply|inventories,29,2026-10-23,False,2026-07-24,0.5500,0.5200,6.3000,ALCISTA FUERTE,10,767.8100,7.5500,53.4000,15.1800,"Filtros estándar (Score ≥6.5, DD ≥10%)"
RSG,Republic Services,Industrials,Environmental & Facilities Services,2008-12-05,213.1000,2026-09-24,30.8500,53.8200,DOWN,-1.3070,-0.5310,False,-0.1185,3.6743,0.8490,1.7240,218.0600,214.4700,219.4100,-2.2800,-0.6400,True,0.5167,BAJISTA,-6.6300,228.2200,232.0800,195.8400,-8.1800,8.8100,0.6990,False,203.6700,3,213.5600,False,-4.4200,HAMMER,6.6500,7.0000,6.5000,5.0000,7,8.0000,7.0000,False,3.4500,5.1700,1.5000,30.1730,26.3955,5.4100,3.8564,15.1120,0.1815,0.0617,0.1294,0.4304,0.0460,0.0510,118.7980,0.6440,1942625024.0000,2185999872.0000,0.8887,65137627136,0.4000,2.9900,1.2600,306212978,3.7400,1.6100,4.8900,4.8800,0.0298,D/E:119,1,4.9000,False,3-7d,XLI,,CAT|UNP|HON,pmi_manufacturing|supply_chain|capex_cycle,35,2026-10-29,False,2026-08-06,1.8500,1.8200,1.7000,ALCISTA FUERTE,10,767.8100,7.5500,53.4000,15.1800,"Filtros estándar (Score ≥6.5, DD ≥10%)"
SBAC,SBA Communications,Real Estate,Telecom Tower REITs,2017-09-01,170.5300,2026-09-24,26.5300,43.1800,DOWN,-1.6839,-0.9483,False,-0.1561,5.3521,0.9550,3.1390,182.2000,190.0600,181.9400,-6.4000,-10.2700,False,-0.3310,BAJISTA,-12.2000,194.2300,221.5800,160.3300,-23.0400,6.3600,1.0120,False,172.9700,1,186.6300,True,1.4300,NONE,6.2500,5.0000,7.5000,5.0000,7,8.0000,5.0000,False,6.2800,9.4200,1.5000,17.9009,20.2970,-3.8064,6.1392,18.0300,,0.0841,0.3451,0.7420,0.0230,-0.1050,,0.1650,752056384.0000,990718016.0000,0.7591,17623357440,0.9840,3.7300,2.9300,106088110,4.0000,0.8000,5.4400,6.0400,0.0427,OK,0,4.9000,False,3-7d,XLRE,,PLD|AMT|EQIX,interest_rates|cap_rates|occupancy_trends,39,2026-11-02,False,2026-08-03,1.8700,1.8900,-1.2000,ALCISTA FUERTE,10,767.8100,7.5500,53.4000,15.1800,"Filtros estándar (Score ≥6.5, DD ≥10%)"
PCAR,Paccar,Industrials,Construction Machinery & Heavy Transportation Equipment,1980-12-31,112.0900,2026-09-24,20.3300,25.6500,DOWN,-1.0224,-0.6352,False,-0.0598,2.7757,0.8680,2.4760,127.0000,120.1300,121.2000,-11.7400,-6.6900,True,2.0185,BAJISTA,-19.2900,138.8700,138.8700,90.0300,-19.2900,24.5000,1.2410,False,106.9900,2,122.4800,False,-4.5500,NONE,6.3500,7.0000,7.5000,5.0000,5,8.0000,5.0000,False,4.9500,7.4300,1.5000,23.2989,15.3185,2.8666,2.0942,19.6850,0.1276,0.0412,0.0900,0.1371,0.0050,0.0420,72.9100,5.5190,1943650048.0000,2504199936.0000,0.7762,58252808192,0.9720,4.2600,1.2500,526364953,3.9400,0.4400,5.7500,5.9200,0.0334,OK,0,4.9000,False,3-7d,XLI,,CAT|UNP|HON,pmi_manufacturing|supply_chain|capex_cycle,33,2026-10-27,False,2026-07-28,1.4300,1.3600,5.4000,ALCISTA FUERTE,10,767.8100,7.5500,53.4000,15.1800,"Filtros estándar (Score ≥6.5, DD ≥10%)"
XEL,Xcel Energy,Utilities,Multi-Utilities,1957-03-04,70.6600,2026-09-24,29.0400,28.6900,UP,-0.3298,-0.2114,False,-0.0474,1.3186,0.8700,1.8660,76.7100,77.0600,74.2000,-7.8900,-8.3100,False,-0.4432,BAJISTA,-13.8700,82.0400,82.5600,69.6400,-14.4100,1.4700,0.7680,False,,0,80.2000,False,,NONE,6.0000,5.0000,8.5000,5.0000,4,8.0000,5.0000,False,3.7300,5.6000,1.5000,19.0575,15.3205,1.8054,2.9727,13.6810,0.0992,0.0237,0.1528,0.4682,-0.0510,0.2400,173.1350,0.7010,-7907999744.0000,2232999936.0000,-3.5414,43449561088,0.3990,8.5300,3.3500,624634306,4.1700,5.0000,4.3100,3.0400,-0.1820,FCF/NI:-3.54|D/E:173,2,4.9000,False,3-7d,XLU,,NEE|DUK|SO,interest_rates|regulatory_environment,35,2026-10-29,False,2026-07-30,0.9300,0.7900,18.4000,ALCISTA FUERTE,10,767.8100,7.5500,53.4000,15.1800,"Filtros estándar (Score ≥6.5, DD ≥10%)"
INTC,Intel,Information Technology,Semiconductors,1976-12-31,122.6000,2026-09-24,77.6300,65.0500,UP,3.1512,1.7020,True,0.9700,6.6921,0.9350,5.4590,98.0400,78.3600,105.3300,25.0500,56.4600,True,8.8242,ALCISTA,-13.8700,142.3500,142.3500,28.8200,-13.8700,325.4000,0.8260,False,102.4000,1,126.6400,False,-16.4800,HAMMER,6.4500,10.0000,7.0000,5.0000,4,5.0000,7.0000,False,10.9200,16.3800,1.5000,,61.7774,7.3386,11.8074,38.8840,-0.1071,0.0141,-0.1979,0.3887,0.2540,,48.9970,1.6040,4866375168.0000,-11288999936.0000,-0.4311,673396948992,2.2310,1.5100,,5286105262,3.8500,5.3900,2.8600,3.1900,0.0072,FCF/NI:-0.43|ROE:-10.7%,2,4.8900,False,10-18d,XLK,,AAPL|MSFT|NVDA,interest_rates|ai_capex_cycle|semiconductor_cycle,28,2026-10-22,False,2026-07-23,0.4200,0.2200,94.6000,ALCISTA FUERTE,10,767.8100,7.5500,53.4000,15.1800,"Filtros estándar (Score ≥6.5, DD ≥10%)"
RF,Regions Financial Corporation,Financials,Regional Banks,1998-08-28,27.3900,2026-09-24,30.3700,40.9800,DOWN,-0.2255,-0.1524,False,-0.1434,0.6479,1.0900,2.3650,30.3900,28.1900,29.4100,-9.8600,-2.8200,True,2.0173,BAJISTA,-14.7900,32.1400,32.1400,21.8200,-14.7900,25.5400,1.2160,False,27.0100,2,27.9400,True,-1.4100,NONE,6.6000,7.0000,6.5000,5.0000,8,8.0000,5.0000,False,4.7300,7.1000,1.5000,11.0813,9.5784,1.3305,3.2086,,0.1187,0.0139,0.3084,0.0000,0.0340,0.0850,,,,2150000128.0000,,23223599104,1.0030,7.3600,4.0000,851929506,3.7200,1.1700,4.5800,5.6800,,OK,0,4.8700,False,3-7d,XLF,,JPM|BAC|WFC,interest_rates|yield_curve|credit_spreads|loan_growth,22,2026-10-16,False,2026-07-17,0.6800,0.6300,7.9000,ALCISTA FUERTE,10,767.8100,7.5500,53.4000,15.1800,"Filtros estándar (Score ≥6.5, DD ≥10%)"
PNW,Pinnacle West Capital,Utilities,Multi-Utilities,1999-10-04,92.0500,2026-09-24,19.7400,30.5800,DOWN,-0.2807,-0.0757,False,-0.1096,1.4886,0.8050,1.6170,99.9000,97.5100,96.1700,-7.8600,-5.6000,True,1.0237,BAJISTA,-16.4400,110.1600,110.1600,82.7100,-16.4400,11.3000,1.2230,False,,0,107.1700,False,,NONE,6.3500,7.0000,7.5000,5.0000,5,8.0000,5.0000,False,3.2300,4.8500,1.5000,17.4818,16.3636,1.5691,1.9874,12.8860,0.0936,0.0233,0.1153,0.4335,0.0710,-0.0950,233.2880,0.5940,-929501376.0000,640105024.0000,-1.4521,11038644224,0.4370,8.8900,3.9500,121197234,3.8900,4.3400,4.0100,3.2300,-0.0842,FCF/NI:-1.45|D/E:233,2,4.8700,False,3-7d,XLU,,NEE|DUK|SO,interest_rates|regulatory_environment,40,2026-11-03,False,2026-08-04,1.4300,1.4700,-2.7000,ALCISTA FUERTE,10,767.8100,7.5500,53.4000,15.1800,"Filtros estándar (Score ≥6.5, DD ≥10%)"
AKAM,Akamai Technologies,Information Technology,Internet Services & Infrastructure,2007-07-12,118.4400,2026-09-24,67.1400,49.3800,UP,1.5657,0.2837,True,1.1783,5.2679,0.9510,4.4480,113.7200,110.6900,109.7900,4.1500,7.0000,True,1.9591,ALCISTA,-9.6400,131.0800,165.4500,70.8200,-28.4100,67.2400,1.1960,False,107.7600,3,127.0400,False,-9.0200,HAMMER,6.7500,10.0000,7.0000,5.0000,6,5.0000,7.0000,False,8.9000,13.3400,1.5000,40.0036,15.3086,3.3387,3.6707,21.3030,0.0892,0.0252,0.0951,0.5745,0.0540,-0.2680,196.6720,1.6370,710060096.0000,410964992.0000,1.7278,15867751424,0.6350,5.4600,,143716609,3.6200,0.2200,4.3400,6.7400,0.0447,D/E:197,1,4.8700,False,10-18d,XLK,,AAPL|MSFT|NVDA,interest_rates|ai_capex_cycle|semiconductor_cycle,42,2026-11-05,False,2026-08-06,1.5900,1.5800,83.0000,ALCISTA FUERTE,10,767.8100,7.5500,53.4000,15.1800,"Filtros estándar (Score ≥6.5, DD ≥10%)"
RCL,Royal Caribbean Group,Consumer Discretionary,"Hotels, Resorts & Cruise Lines",2014-12-05,230.3000,2026-09-24,18.7900,12.0800,UP,-1.6124,-1.1210,False,0.0046,8.8820,0.8950,3.8570,284.9000,284.1400,258.1200,-19.1600,-18.9500,True,0.1489,BAJISTA,-30.6400,332.0300,350.5900,222.2200,-34.3100,3.6400,2.8950,False,229.5400,1,285.6700,True,-0.3300,HAMMER|DOJI,7.0500,7.0000,8.5000,5.0000,7,8.0000,7.0000,False,7.7100,11.5700,1.5000,14.7610,11.7827,6.2441,3.4212,12.1950,0.4467,0.0768,0.2354,0.5028,0.0650,-0.0460,224.8160,0.2090,-1516249984.0000,4398000128.0000,-0.3448,63915696128,1.7500,7.0100,2.6100,267452084,3.4100,2.7500,4.1700,3.2800,-0.0237,FCF/NI:-0.34|D/E:225,2,4.8700,False,3-7d,XLY,,AMZN|TSLA|HD,consumer_spending|employment_data|interest_rates,33,2026-10-27,False,2026-07-28,4.2100,3.9800,5.7000,ALCISTA FUERTE,10,767.8100,7.5500,53.4000,15.1800,"Filtros estándar (Score ≥6.5, DD ≥10%)"
DTE,DTE Energy,Utilities,Multi-Utilities,1957-03-04,122.8900,2026-09-24,14.6700,29.7000,DOWN,-0.7261,-0.3447,False,-0.1132,2.2869,0.8970,1.8610,137.6600,138.8500,131.4600,-10.7300,-11.4900,False,0.0435,BAJISTA,-20.3800,154.3400,154.3400,122.5000,-20.3800,0.3200,1.1880,False,,0,137.1900,False,,NONE,5.9000,5.5000,7.5000,5.0000,4,8.0000,5.0000,False,3.7200,5.5800,1.5000,19.1741,14.4872,2.0756,1.5315,14.7570,0.1103,0.0277,0.0800,0.2935,-0.0150,0.2240,229.0600,0.8020,-2596624896.0000,1314000000.0000,-1.9761,25216112640,0.3880,3.7900,3.7900,208088069,4.1600,5.0000,4.3500,2.9700,-0.1030,FCF/NI:-1.98|D/E:229,2,4.8600,False,3-7d,XLU,,NEE|DUK|SO,interest_rates|regulatory_environment,35,2026-10-29,False,2026-07-28,1.3200,1.1400,16.3000,ALCISTA FUERTE,10,767.8100,7.5500,53.4000,15.1800,"Filtros estándar (Score ≥6.5, DD ≥10%)"
MCD,McDonald's,Consumer Discretionary,Restaurants,1970-06-30,238.3200,2026-09-24,20.0100,27.3900,DOWN,-0.9979,-0.8267,False,-0.1211,4.8129,0.9060,2.0190,262.5200,288.9000,253.6900,-9.2200,-17.5100,False,-1.4882,BAJISTA,-16.4000,285.0700,335.1800,234.0300,-28.9000,1.8300,2.9510,False,,0,276.5700,False,,HAMMER,6.0000,5.0000,7.5000,5.0000,4,8.0000,7.0000,False,4.0400,6.0600,1.5000,19.2386,17.0933,-163.9143,6.0546,14.8360,,0.1325,0.3172,0.5738,0.0370,0.0570,,1.0810,6262374912.0000,8787000320.0000,0.7127,167725203456,0.4140,2.7000,3.2400,707641531,4.0800,2.3000,4.9600,5.1200,0.0373,FCF/NI:0.71,1,4.8500,False,3-7d,XLY,,AMZN|TSLA|HD,consumer_spending|employment_data|interest_rates,42,2026-11-05,False,2026-08-04,3.3800,3.3200,1.8000,ALCISTA FUERTE,10,767.8100,7.5500,53.4000,15.1800,"Filtros estándar (Score ≥6.5, DD ≥10%)"
KMB,Kimberly-Clark,Consumer Staples,Household Products,1957-03-04,97.7000,2026-09-24,22.1100,18.0900,UP,-0.4342,-0.7845,True,0.2383,2.1858,0.8070,2.2370,105.9200,100.4700,101.4700,-7.7600,-2.7600,True,0.3174,BAJISTA,-15.3600,115.4300,119.2200,90.0900,-18.0500,8.4500,0.6860,False,91.6200,2,98.0500,False,-6.2200,HAMMER|DOJI,6.7300,7.0000,9.5000,5.0000,5,6.5000,7.0000,False,4.4700,6.7100,1.5000,19.2134,12.9960,18.4759,1.9499,10.9740,1.0491,0.1019,0.1179,0.3761,0.0060,-0.3230,348.9330,0.9090,941124992.0000,1684999936.0000,0.5585,32333334528,0.2730,14.4700,5.2400,332579038,3.5800,0.0000,6.1300,4.7700,0.0291,FCF/NI:0.56|D/E:349,2,4.8400,False,3-7d,XLP,,PG|KO|PEP,inflation|input_costs|fx_rates,40,2026-11-03,False,2026-08-04,2.1200,2.0100,5.7000,ALCISTA FUERTE,10,767.8100,7.5500,53.4000,15.1800,"Filtros estándar (Score ≥6.5, DD ≥10%)"
CME,CME Group,Financials,Financial Exchanges & Data,2006-08-11,270.8000,2026-09-24,34.2100,48.8600,DOWN,-1.4541,-1.6892,True,0.1041,5.6004,0.8540,2.0680,266.5000,274.3300,274.3500,1.6100,-1.2900,False,0.3860,BAJISTA,-6.1500,288.5500,318.3200,217.2900,-14.9300,24.6300,0.7110,True,255.6300,1,269.7900,False,-5.6000,NONE,6.8500,7.0000,7.5000,7.5000,5,8.0000,5.0000,False,4.1400,6.2000,1.5000,22.8277,20.8031,3.6430,14.3098,20.7430,0.1580,0.0148,0.6344,1.0000,0.0080,0.0250,14.5870,1.0180,2909012480.0000,4264999936.0000,0.6821,96694460416,0.2750,2.9000,1.9200,359576125,3.4700,0.0000,6.1600,4.3800,0.0301,FCF/NI:0.68,1,4.8200,False,3-7d,XLF,,JPM|BAC|WFC,interest_rates|yield_curve|credit_spreads|loan_growth,27,2026-10-21,False,2026-07-22,2.9900,2.9100,2.8000,ALCISTA FUERTE,10,767.8100,7.5500,53.4000,15.1800,"Filtros estándar (Score ≥6.5, DD ≥10%)"
WMT,Walmart,Consumer Staples,Consumer Staples Merchandise Retail,1982-08-31,110.5300,2026-09-24,65.2900,60.4500,UP,0.6214,0.3536,True,0.9691,1.8379,0.7170,1.6630,109.4800,118.1600,107.9400,0.9600,-6.4600,False,0.1331,BAJISTA,-6.1800,117.8100,134.8400,98.0500,-18.0300,12.7200,0.9760,False,112.4600,1,116.7200,True,1.7500,HAMMER,6.7500,7.0000,7.0000,5.0000,8,7.0000,7.0000,False,3.3300,4.9900,1.5000,38.9819,33.3151,9.0809,1.1636,21.4880,0.2231,0.0641,0.0300,0.2484,0.0590,-0.0910,71.6530,0.7670,7127625216.0000,22076000256.0000,0.3229,856209686528,0.5950,3.1000,0.9000,7958079155,3.5100,3.0400,4.8500,2.5000,0.0083,FCF/NI:0.32,1,4.8100,False,3-7d,XLP,,PG|KO|PEP,inflation|input_costs|fx_rates,56,2026-11-19,False,2026-08-20,0.8100,0.7400,9.3000,ALCISTA FUERTE,10,767.8100,7.5500,53.4000,15.1800,"Filtros estándar (Score ≥6.5, DD ≥10%)"
WMB,Williams Companies,Energy,Oil & Gas Storage & Transportation,1975-03-31,71.1100,2026-09-24,33.0000,54.0300,DOWN,-0.2632,-0.3007,True,0.1837,1.8276,0.9060,2.5700,72.4600,69.8500,72.3900,-1.8600,1.8100,True,2.1710,NEUTRO,-8.7300,77.9100,78.9200,54.5300,-9.9000,30.4100,0.6180,False,71.5300,3,73.6700,True,0.5800,DOJI,7.0200,8.5000,7.5000,5.0000,9,6.5000,5.0000,False,5.1400,7.7100,1.5000,28.1195,27.3673,6.5619,7.0057,17.0310,0.2150,0.0503,0.2494,0.6364,0.0780,0.5120,200.3710,0.4770,-1516749952.0000,3070000128.0000,-0.4941,86331162624,0.6180,3.7100,2.9500,1223167472,3.3000,3.1500,4.3800,2.2300,-0.0176,FCF/NI:-0.49|D/E:200,2,4.7900,False,7-15d,XLE,,XOM|CVX|COP,oil_price|gas_price|opec_supply|inventories,39,2026-11-02,False,2026-08-03,0.5000,0.5000,25.0000,ALCISTA FUERTE,10,767.8100,7.5500,53.4000,15.1800,"Filtros estándar (Score ≥6.5, DD ≥10%)"
TTWO,Take-Two Interactive,Communication Services,Interactive Home Entertainment,2018-03-19,206.3200,2026-09-24,38.9600,30.7100,UP,-0.4579,-0.4614,True,0.1937,6.7986,0.8330,3.2950,231.5400,226.2500,217.5100,-10.8900,-8.8100,True,-1.0293,BAJISTA,-22.4200,265.9400,265.9400,187.6300,-22.4200,9.9600,0.8430,False,206.9900,3,225.8400,True,0.3200,HAMMER|DOJI,7.0200,6.5000,8.5000,5.0000,9,6.5000,7.0000,False,6.5900,9.8900,1.5000,,19.7218,10.7187,5.6761,51.7890,-0.0904,-0.0062,-0.0479,0.5713,0.0200,,81.6070,1.0620,1256137472.0000,-320400000.0000,-3.9205,37953290240,0.9660,3.2200,,186980443,3.3000,2.5600,2.7100,4.8700,0.0331,FCF/NI:-3.92|D/E:82|ROE:-9.0%,3,4.7900,False,3-7d,XLC,,GOOGL|META|NFLX,ad_spending_cycle|streaming_competition|regulation,46,2026-11-09,False,2026-08-07,-0.1800,-0.2100,13.9000,ALCISTA FUERTE,10,767.8100,7.5500,53.4000,15.1800,"Filtros estándar (Score ≥6.5, DD ≥10%)"
TYL,Tyler Technologies,Information Technology,Application Software,2020-06-22,332.5300,2026-09-24,28.2500,51.3000,DOWN,-4.4039,-3.7124,False,0.1700,13.3093,0.9620,4.0020,332.8400,350.8100,345.1300,-0.0900,-5.2100,False,-3.0714,BAJISTA,-15.5000,393.5300,538.9000,270.7100,-38.2900,22.8400,0.5440,False,314.0700,1,330.0000,False,-5.5500,HAMMER|DOJI,5.9200,5.0000,7.5000,5.0000,5,6.5000,7.0000,False,8.0000,12.0100,1.5000,42.9501,21.2910,4.4047,5.5091,30.2500,0.0973,0.0418,0.1336,0.4721,0.0820,0.1550,47.9060,1.5540,594435648.0000,324616000.0000,1.8312,13385250816,0.8350,3.9600,,40952274,4.0200,1.0900,4.9500,6.3700,0.0444,OK,0,4.7800,False,3-7d,XLK,,AAPL|MSFT|NVDA,interest_rates|ai_capex_cycle|semiconductor_cycle,34,2026-10-28,False,2026-07-29,3.0800,3.0700,36.0000,ALCISTA FUERTE,10,767.8100,7.5500,53.4000,15.1800,"Filtros estándar (Score ≥6.5, DD ≥10%)"
COIN,Coinbase,Financials,Financial Exchanges & Data,2025-05-19,198.1300,2026-09-24,59.3600,43.2500,UP,1.7132,-0.4561,True,0.8456,12.5950,1.2090,6.3570,169.1100,188.1500,182.6100,17.1600,5.3000,False,-4.6010,ALCISTA,-4.9000,208.3300,402.1600,139.1100,-50.7300,42.4300,0.7070,False,162.1600,2,195.8500,False,-18.1600,HAMMER|DOJI,6.0500,8.0000,7.0000,5.0000,4,5.0000,7.0000,False,12.7100,19.0700,1.5000,,70.2629,4.0175,8.6964,71.6940,-0.0785,0.0112,-0.1634,0.8581,-0.1730,,50.9820,2.4230,2668452864.0000,-987766016.0000,-2.7015,52558954496,3.3880,2.7200,,222803032,3.9300,2.5000,3.2100,6.4400,0.0508,FCF/NI:-2.70|RevG:-17.3%|ROE:-7.8%,3,4.7800,False,10-18d,XLF,,JPM|BAC|WFC,interest_rates|yield_curve|credit_spreads|loan_growth,35,2026-10-29,False,2026-07-30,-1.3600,-0.2300,-487.5000,ALCISTA FUERTE,10,767.8100,7.5500,53.4000,15.1800,"Filtros estándar (Score ≥6.5, DD ≥10%)"
SWKS,Skyworks Solutions,Information Technology,Semiconductors,2015-03-12,91.4500,2026-09-24,71.2600,76.4400,DOWN,1.2426,1.8167,False,0.8482,5.8379,1.7100,6.3840,69.8500,64.5300,80.5800,30.9200,41.7100,True,2.0727,ALCISTA,-1.4500,92.8000,92.8000,51.4800,-1.4500,77.6300,0.6120,False,69.3700,1,92.3000,False,-24.1400,NONE,5.8500,10.0000,5.0000,5.0000,4,5.0000,5.0000,False,12.7700,19.1500,1.5000,45.4974,17.6942,2.3030,3.2917,15.4990,0.0509,0.0344,0.0723,0.4073,-0.0310,-0.6860,11.8690,3.1010,448812512.0000,290100000.0000,1.5471,13213015040,1.5180,6.4100,4.1300,150472782,4.0600,0.0000,6.3400,6.1300,0.0340,OK,0,4.7800,False,10-18d,XLK,,AAPL|MSFT|NVDA,interest_rates|ai_capex_cycle|semiconductor_cycle,40,2026-11-03,False,2026-07-28,1.0800,1.0300,4.8000,ALCISTA FUERTE,10,767.8100,7.5500,53.4000,15.1800,"Filtros estándar (Score ≥6.5, DD ≥10%)"
LEN,Lennar,Consumer Discretionary,Homebuilding,2005-10-04,81.5200,2026-09-24,47.2800,29.5100,UP,-0.1173,-0.4187,True,0.4727,2.8457,1.0360,3.4910,83.9800,95.0200,81.2800,-2.9300,-14.2100,False,-4.0227,BAJISTA,-12.0800,92.7200,131.6800,75.7000,-38.0900,7.6900,1.4110,False,81.9500,1,89.0800,True,0.5300,NONE,6.1000,5.0000,7.0000,7.0000,7,5.0000,5.0000,False,6.9800,10.4700,1.5000,15.4299,15.4572,0.9077,0.6138,12.2030,0.0596,0.0340,0.0409,0.1601,-0.0870,-0.4800,27.7360,11.3920,,1288172032.0000,,19625728000,1.3980,0.1900,2.4500,210506003,3.8900,0.0000,5.6800,6.3300,,OK,0,4.7700,False,3-7d,XLY,,AMZN|TSLA|HD,consumer_spending|employment_data|interest_rates,82,2026-12-15,False,2026-09-16,1.2300,1.2900,-4.5000,ALCISTA FUERTE,10,767.8100,7.5500,53.4000,15.1800,"Filtros estándar (Score ≥6.5, DD ≥10%)"
TRGP,Targa Resources,Energy,Oil & Gas Storage & Transportation,2022-10-12,283.0100,2026-09-24,32.6400,48.5200,DOWN,-1.3801,-1.7397,True,0.0308,6.7821,0.8720,2.3960,281.5300,242.7700,287.7800,0.5200,16.5800,True,5.2600,ALCISTA,-8.1000,307.9400,307.9400,141.1100,-8.1000,100.5700,0.9310,False,284.0000,1,289.6800,True,0.3500,HAMMER,7.4500,10.0000,7.5000,5.0000,7,8.0000,7.0000,False,4.7900,7.1900,1.5000,27.0439,23.4404,16.6041,3.6267,14.6010,0.7084,0.0924,0.1354,0.4319,0.0420,0.2330,515.7940,0.7710,65837500.0000,2255300096.0000,0.0292,60716142592,0.7220,4.1200,1.7700,214431021,2.9300,1.0900,5.4300,2.1500,0.0011,FCF/NI:0.03|D/E:516,2,4.7400,False,10-18d,XLE,,XOM|CVX|COP,oil_price|gas_price|opec_supply|inventories,42,2026-11-05,False,2026-08-06,3.2500,2.8400,14.2000,ALCISTA FUERTE,10,767.8100,7.5500,53.4000,15.1800,"Filtros estándar (Score ≥6.5, DD ≥10%)"
LII,Lennox International,Industrials,Building Products,2024-12-23,372.3400,2026-09-24,46.1900,31.7800,UP,2.8333,1.2644,True,0.4246,11.1021,0.6690,2.9820,430.7700,490.6100,379.5700,-13.5600,-24.1100,False,-1.9666,BAJISTA,-36.6000,587.2700,587.2700,350.2200,-36.6000,6.3200,0.7550,True,350.2200,1,396.2100,False,-5.9400,HAMMER|DOJI|HAMMER,6.2500,5.0000,7.0000,7.5000,4,7.0000,7.0000,False,5.9600,8.9500,1.5000,16.3240,14.0709,9.7981,2.3973,12.6760,0.7176,0.1599,0.1487,0.3333,0.0300,0.0010,156.0820,1.5690,277737504.0000,788499968.0000,0.3522,12710725632,1.1840,3.6100,1.4600,34560675,3.7300,0.4600,5.9600,4.9400,0.0219,FCF/NI:0.35|D/E:156,2,4.7400,False,3-7d,XLI,,CAT|UNP|HON,pmi_manufacturing|supply_chain|capex_cycle,34,2026-10-28,False,2026-07-29,7.7200,7.7000,28.0000,ALCISTA FUERTE,10,767.8100,7.5500,53.4000,15.1800,"Filtros estándar (Score ≥6.5, DD ≥10%)"
CRL,Charles River Laboratories,Health Care,Life Sciences Tools & Services,2021-05-14,277.3300,2026-09-24,45.6100,29.3400,UP,-2.2433,-3.3107,True,0.3170,9.0107,0.9500,3.2490,265.3700,205.9000,278.9600,4.5100,34.6900,True,5.7940,ALCISTA,-8.5700,303.3100,303.3100,144.2600,-8.5700,92.2400,1.7020,False,267.2700,1,303.3100,True,-3.6300,HAMMER|DOJI,6.9000,10.0000,7.0000,5.0000,7,5.0000,7.0000,False,6.5000,9.7500,1.5000,,23.1631,4.9489,3.5465,19.9590,-0.0752,0.0411,-0.0596,0.3458,-0.0270,,105.0470,1.3480,468856000.0000,-238458000.0000,-1.9662,14182505472,1.4050,2.6300,,48167730,3.2800,2.5000,2.5400,5.0700,0.0331,FCF/NI:-1.97|D/E:105|ROE:-7.5%,3,4.7300,False,10-18d,XLV,,UNH|JNJ|LLY,fda_calendar|drug_pricing_policy|patent_cliffs,41,2026-11-04,False,2026-08-05,3.0200,2.7400,10.3000,ALCISTA FUERTE,10,767.8100,7.5500,53.4000,15.1800,"Filtros estándar (Score ≥6.5, DD ≥10%)"
DUK,Duke Energy,Utilities,Electric Utilities,1976-06-30,114.1700,2026-09-24,23.9500,29.9800,DOWN,-0.3807,-0.1554,False,-0.1899,1.6386,0.7640,1.4350,122.3300,122.3100,119.1300,-6.6700,-6.6600,True,0.0152,BAJISTA,-13.1700,131.4900,132.1800,110.9900,-13.6200,2.8600,1.0270,False,,0,128.8400,False,,NONE,6.6500,7.0000,7.5000,5.0000,5,10.0000,5.0000,False,2.8700,4.3100,1.5000,17.0527,15.7892,1.6423,2.6914,11.0510,0.0986,0.0284,0.1600,0.5197,0.0110,0.1060,162.1550,0.6610,-4477374976.0000,5168000000.0000,-0.8664,88285683712,0.3640,3.7500,3.8000,779702193,3.4500,2.7500,4.3400,3.2400,-0.0507,FCF/NI:-0.87|D/E:162,2,4.7300,False,3-7d,XLU,,NEE|SO|D,interest_rates|regulatory_environment,42,2026-11-05,False,2026-08-04,1.4300,1.3000,9.6000,ALCISTA FUERTE,10,767.8100,7.5500,53.4000,15.1800,"Filtros estándar (Score ≥6.5, DD ≥10%)"
GM,General Motors,Consumer Discretionary,Automobile Manufacturers,2013-06-06,83.7700,2026-09-24,46.4600,49.1500,DOWN,-0.3593,-0.1430,False,0.1842,2.7114,1.1550,3.2370,84.9700,80.2800,85.1600,-1.4100,4.3400,True,1.9218,NEUTRO,-8.6100,91.6600,91.6600,53.8700,-8.6100,55.5200,0.6580,False,74.3900,3,82.8700,False,-11.1900,NONE,6.0800,8.5000,5.0000,5.0000,6,6.5000,5.0000,False,6.4700,9.7100,1.5000,35.9688,5.3576,1.1397,0.3928,10.8860,0.0316,0.0225,0.0105,0.1018,0.0190,-0.2620,202.3410,1.1360,21933750272.0000,1856999936.0000,11.8114,72871657472,1.3210,4.1700,0.8600,904451541,3.7900,0.4500,3.9900,7.4600,0.3010,D/E:202,1,4.7100,False,7-15d,XLY,,AMZN|TSLA|HD,consumer_spending|employment_data|interest_rates,26,2026-10-20,False,2026-07-21,3.5700,3.1900,12.0000,ALCISTA FUERTE,10,767.8100,7.5500,53.4000,15.1800,"Filtros estándar (Score ≥6.5, DD ≥10%)"
GIS,General Mills,Consumer Staples,Packaged Foods & Meats,1957-03-04,35.8200,2026-09-24,18.2700,29.8900,DOWN,-0.3141,-0.3796,True,0.2562,1.1536,0.9670,3.2200,37.7800,38.3900,37.1500,-5.1900,-6.6900,False,-1.7467,BAJISTA,-15.1200,42.2000,48.3200,31.2100,-25.8700,14.7700,1.5970,False,35.3500,5,37.6000,True,-1.3200,HAMMER|DOJI,7.2800,5.0000,8.5000,7.0000,10,6.5000,7.0000,False,6.4400,9.6600,1.5000,,11.0216,2.5228,1.0179,9.5010,-0.1049,0.0565,-0.0489,0.3373,-0.0280,-0.6670,182.4220,0.7040,1302674944.0000,-894800000.0000,-1.4558,18624067584,-0.0250,5.6000,6.8100,534713328,2.9700,0.0000,2.2600,7.2800,0.0699,FCF/NI:-1.46|D/E:182|ROE:-10.5%,3,4.6900,False,5-10d,XLP,,PG|KO|PEP,inflation|input_costs|fx_rates,90,2026-12-23,False,2026-09-23,0.7500,0.7200,4.5000,ALCISTA FUERTE,10,767.8100,7.5500,53.4000,15.1800,"Filtros estándar (Score ≥6.5, DD ≥10%)"
AEE,Ameren,Utilities,Multi-Utilities,1991-09-19,99.7400,2026-09-24,23.4100,31.3900,DOWN,-0.3725,-0.1307,False,-0.1613,1.6166,0.8070,1.6210,107.3600,106.3800,104.3200,-7.1000,-6.2400,True,0.3179,BAJISTA,-14.4300,116.5600,117.4900,94.5800,-15.1100,5.4600,0.9560,False,,0,110.3800,False,,NONE,6.3500,7.0000,7.5000,5.0000,5,8.0000,5.0000,False,3.2400,4.8600,1.5000,17.4648,17.0517,2.0062,3.2651,12.6690,0.1194,0.0306,0.1858,0.5241,-0.0620,0.1190,157.8460,0.5310,-1786249984.0000,1563000064.0000,-1.1428,27462850560,0.4700,8.2700,3.0100,276843251,3.5600,2.8700,4.6500,3.1000,-0.0650,FCF/NI:-1.14|D/E:158,2,4.6800,False,3-7d,XLU,,NEE|DUK|SO,interest_rates|regulatory_environment,41,2026-11-04,False,2026-07-30,1.1300,1.0800,4.2000,ALCISTA FUERTE,10,767.8100,7.5500,53.4000,15.1800,"Filtros estándar (Score ≥6.5, DD ≥10%)"
F,Ford Motor Company,Consumer Discretionary,Automobile Manufacturers,1957-03-04,12.9400,2026-09-24,33.8700,41.8400,DOWN,-0.0974,-0.0774,False,0.0455,0.4436,0.9980,3.4280,13.9900,13.2900,13.6200,-7.5000,-2.6300,True,0.8320,BAJISTA,-19.7000,16.1200,17.5900,10.8300,-26.4300,19.4300,0.7400,False,13.1100,2,12.7400,True,1.3500,HAMMER,6.8000,7.0000,6.5000,5.0000,8,8.0000,7.0000,False,6.8600,10.2800,1.5000,,6.4480,1.4066,0.2673,25.2270,-0.1825,0.0035,-0.0394,0.0712,-0.0380,,456.7080,1.0890,-7940250112.0000,-7395999744.0000,1.0736,50243706880,1.8350,0.0000,4.6400,3916743591,3.2700,2.5000,3.4100,4.0000,-0.1580,D/E:457|ROE:-18.3%,2,4.6800,False,3-7d,XLY,,AMZN|TSLA|HD,consumer_spending|employment_data|interest_rates,28,2026-10-22,False,2026-07-28,0.4200,0.3500,21.3000,ALCISTA FUERTE,10,767.8100,7.5500,53.4000,15.1800,"Filtros estándar (Score ≥6.5, DD ≥10%)"
ETR,Entergy,Utilities,Electric Utilities,1957-03-04,99.2300,2026-09-24,22.8600,36.6300,DOWN,-0.5370,-0.3317,False,-0.0903,1.9571,0.8960,1.9720,107.6200,105.0500,104.4400,-7.7900,-5.5400,True,1.1237,BAJISTA,-14.6300,116.2400,117.7500,85.9200,-15.7300,15.4900,0.9880,False,,0,116.6400,False,,NONE,6.3500,7.0000,7.5000,5.0000,5,8.0000,5.0000,False,3.9400,5.9200,1.5000,25.1049,19.2305,2.5127,3.4786,13.8830,0.1025,0.0268,0.1333,0.4700,0.0590,-0.0190,186.7700,0.9120,-4400858112.0000,1797105024.0000,-2.4489,46898638848,0.4810,9.9600,2.5800,477777482,3.5500,3.5200,4.3800,2.6100,-0.0938,FCF/NI:-2.45|D/E:187,2,4.6700,False,3-7d,XLU,,NEE|DUK|SO,interest_rates|regulatory_environment,35,2026-10-29,False,2026-07-29,1.0300,1.0100,2.4000,ALCISTA FUERTE,10,767.8100,7.5500,53.4000,15.1800,"Filtros estándar (Score ≥6.5, DD ≥10%)"
MOS,Mosaic Company (The),Materials,Fertilizers & Agricultural Chemicals,2011-09-26,24.3700,2026-09-24,48.5300,61.9900,DOWN,-0.2067,-0.0496,False,0.3629,1.0987,1.1180,4.5080,23.3900,24.1500,24.5600,4.2000,0.9000,False,0.3494,ALCISTA,-8.8400,26.7300,35.6800,19.6300,-31.7000,24.1200,0.6570,False,23.7700,7,26.6900,True,-2.4700,NONE,6.3000,8.5000,5.0000,5.0000,9,5.0000,5.0000,False,9.0200,13.5300,1.5000,,15.1425,0.6569,0.6149,7.9730,-0.0507,0.0124,-0.0521,0.1124,-0.0600,,52.2490,1.3370,-746275008.0000,-638499968.0000,1.1688,7530948096,0.8310,3.5600,3.6100,317895646,3.5700,2.5000,4.2800,4.0000,-0.0991,ROE:-5.1%,1,4.6600,False,10-18d,XLB,,LIN|APD|ECL,commodity_prices|dxy|china_demand|energy_costs,40,2026-11-03,False,2026-08-04,0.1300,0.1400,-5.9000,ALCISTA FUERTE,10,767.8100,7.5500,53.4000,15.1800,"Filtros estándar (Score ≥6.5, DD ≥10%)"
MET,MetLife,Financials,Life & Health Insurance,2000-12-11,97.2000,2026-09-24,60.1900,58.0900,UP,-0.0890,-0.0023,False,0.6075,1.9007,1.0190,1.9550,95.8500,82.2900,96.7500,1.4000,18.1200,True,2.7064,ALCISTA,-3.7000,100.9300,100.9300,66.4100,-3.7000,46.3700,1.0010,False,93.8700,4,98.7900,True,-3.4300,HAMMER,7.0000,10.0000,6.0000,5.0000,9,5.0000,7.0000,False,3.9100,5.8700,1.5000,18.6303,8.8957,2.2602,0.7784,14.1200,0.1309,0.0045,0.0457,0.2395,0.1050,0.0580,179.9330,2.0270,-20953999360.0000,3440999936.0000,-6.0895,61800132608,0.7590,3.5800,2.4400,635476927,3.1000,2.6000,3.9400,2.7200,-0.3391,FCF/NI:-6.09|D/E:180,2,4.6600,False,10-18d,XLF,,JPM|BAC|WFC,interest_rates|yield_curve|credit_spreads|loan_growth,46,2026-11-09,False,2026-08-05,2.4300,2.2900,6.2000,ALCISTA FUERTE,10,767.8100,7.5500,53.4000,15.1800,"Filtros estándar (Score ≥6.5, DD ≥10%)"
XYZ,"Block, Inc.",Financials,Transaction & Payment Processing Services,2025-07-23,74.6800,2026-09-24,41.2500,39.2400,UP,-0.6092,-0.6532,True,0.0436,2.4689,0.8780,3.3060,80.4000,69.6400,78.9000,-7.1200,7.2300,True,2.3786,NEUTRO,-14.0800,86.9200,86.9200,48.2100,-14.0800,54.9100,1.2910,True,75.2400,3,81.0400,True,0.7500,NONE,7.6500,8.5000,7.0000,7.5000,9,8.0000,5.0000,False,6.6100,9.9200,1.5000,137.0357,14.7956,2.0911,1.8411,29.2430,0.0161,0.0201,0.0143,0.4657,0.0930,-0.8330,32.5800,2.2090,-27105876.0000,357142016.0000,-0.0759,46105006080,2.5220,2.6500,,540816000,2.6300,1.9100,3.9600,1.9400,-0.0006,FCF/NI:-0.08,1,4.6400,False,7-15d,XLF,,JPM|BAC|WFC,interest_rates|yield_curve|credit_spreads|loan_growth,46,2026-11-09,False,2026-08-05,1.0200,0.8700,16.7000,ALCISTA FUERTE,10,767.8100,7.5500,53.4000,15.1800,"Filtros estándar (Score ≥6.5, DD ≥10%)"
APD,Air Products,Materials,Industrial Gases,1985-04-30,286.9700,2026-09-24,31.0800,34.1800,DOWN,-1.7699,-2.1863,True,0.2479,6.0721,0.8380,2.1160,298.3500,282.2200,293.1800,-3.8100,1.6800,True,1.6067,NEUTRO,-8.8600,314.8700,314.8700,224.6400,-8.8600,27.7500,0.8360,False,272.6800,1,288.1500,False,-4.9800,HAMMER|DOJI|HAMMER,6.4700,8.5000,7.5000,5.0000,4,6.5000,7.0000,False,4.2300,6.3500,1.5000,,19.7058,4.5630,5.0270,18.0320,0.0002,0.0473,-0.0037,0.3206,0.0460,,110.0910,1.0850,-1497500032.0000,-47300000.0000,31.6596,63351808000,0.7540,4.1200,2.5200,222685530,3.3900,3.4200,3.8600,2.7900,-0.0236,D/E:110,1,4.6200,False,7-15d,XLB,,LIN|ECL|NEM,commodity_prices|dxy|china_demand|energy_costs,42,2026-11-05,False,2026-07-30,3.4700,3.3400,3.8000,ALCISTA FUERTE,10,767.8100,7.5500,53.4000,15.1800,"Filtros estándar (Score ≥6.5, DD ≥10%)"
VMC,Vulcan Materials Company,Materials,Construction Materials,1999-06-30,244.4000,2026-09-24,33.1600,22.5900,UP,-0.7005,-1.4390,True,0.2205,6.2207,0.7630,2.5450,271.3000,285.1400,255.3400,-9.9200,-14.2900,False,-1.0320,BAJISTA,-21.2700,310.4200,329.2000,240.6900,-25.7600,1.5400,1.5540,False,,0,282.8600,False,,DOJI,6.0700,5.0000,8.5000,5.0000,4,8.5000,5.0000,False,5.0900,7.6400,1.5000,28.5024,22.6915,3.6949,3.8590,15.5710,0.1323,0.0604,0.1375,0.2751,0.0250,0.0270,58.2200,1.7570,843600000.0000,1117100032.0000,0.7552,31319179264,1.0540,6.1500,0.8500,129578739,3.6300,0.5100,5.9100,4.6100,0.0269,OK,0,4.6100,False,3-7d,XLB,,LIN|APD|ECL,commodity_prices|dxy|china_demand|energy_costs,35,2026-10-29,False,2026-07-29,2.5900,2.4700,4.9000,ALCISTA FUERTE,10,767.8100,7.5500,53.4000,15.1800,"Filtros estándar (Score ≥6.5, DD ≥10%)"
GLW,Corning Inc.,Information Technology,Electronic Components,1995-02-27,154.4800,2026-09-24,56.7100,43.5700,UP,0.7361,-0.3569,True,0.5469,8.6693,0.6790,5.6120,153.0300,147.7400,153.8300,0.9500,4.5600,True,4.9617,ALCISTA,-43.0500,271.2700,271.2700,76.3800,-43.0500,102.2400,0.6260,True,147.6700,1,157.6200,False,-4.4100,NONE,7.0500,10.0000,7.0000,7.5000,4,7.0000,5.0000,False,11.2200,16.8400,1.5000,71.3657,35.3212,11.1195,7.8273,34.3960,0.1681,0.0537,0.1120,0.3639,0.1660,0.1850,71.4480,1.8130,734499968.0000,1900000000.0000,0.3866,132783005696,1.1510,2.0300,0.7300,861388331,2.9400,2.4000,4.0100,2.3400,0.0055,FCF/NI:0.39,1,4.5800,False,10-18d,XLK,,AAPL|MSFT|NVDA,interest_rates|ai_capex_cycle|semiconductor_cycle,33,2026-10-27,False,2026-07-28,0.7800,0.7500,3.5000,ALCISTA FUERTE,10,767.8100,7.5500,53.4000,15.1800,"Filtros estándar (Score ≥6.5, DD ≥10%)"
CCI,Crown Castle,Real Estate,Telecom Tower REITs,2012-03-14,70.2300,2026-09-24,33.3700,41.7900,DOWN,-0.2407,-0.0507,False,-0.2493,2.0181,0.8560,2.8740,74.5800,81.6800,73.6100,-5.8300,-14.0200,False,-1.4419,BAJISTA,-13.7800,81.4600,95.5800,68.7200,-26.5200,2.2000,0.9010,False,68.7200,1,76.6400,True,-2.1500,HAMMER,6.2500,5.0000,6.5000,5.0000,7,8.0000,7.0000,False,5.7500,8.6200,1.5000,27.6041,23.4226,-8.8106,7.1027,19.0090,,0.0473,0.2072,0.7373,-0.0490,-0.6750,,0.5220,1036249984.0000,1074000000.0000,0.9649,29554309120,0.9690,3.1500,6.0500,437000000,3.4100,0.0000,5.5500,4.8900,0.0351,OK,0,4.5500,False,3-7d,XLRE,,PLD|AMT|EQIX,interest_rates|cap_rates|occupancy_trends,27,2026-10-21,False,2026-07-22,0.6900,0.5100,36.1000,ALCISTA FUERTE,10,767.8100,7.5500,53.4000,15.1800,"Filtros estándar (Score ≥6.5, DD ≥10%)"
IFF,International Flavors & Fragrances,Materials,Specialty Chemicals,1976-03-31,85.7100,2026-09-24,51.6000,33.8900,UP,-0.2229,-0.4006,True,0.6158,1.6000,0.7160,1.8670,82.2300,74.7900,84.2200,4.2300,14.6100,True,2.7831,ALCISTA,-3.5900,88.9000,88.9000,57.8500,-3.5900,48.1500,0.8650,False,82.9000,3,88.5600,True,-3.2800,NONE,7.3000,10.0000,7.0000,5.0000,9,7.0000,5.0000,False,3.7300,5.6000,1.5000,,21.6738,1.5682,2.0318,14.4490,-0.0555,0.0227,0.0257,0.3658,0.0180,-0.9160,44.8210,2.0610,-1720999936.0000,-791000000.0000,2.1757,21904623616,0.9530,10.3200,1.8700,255149963,2.6500,0.0600,4.6600,3.3200,-0.0786,ROE:-5.5%,1,4.5100,False,10-18d,XLB,,LIN|APD|ECL,commodity_prices|dxy|china_demand|energy_costs,40,2026-11-03,False,2026-08-04,0.8200,1.1200,-26.6000,ALCISTA FUERTE,10,767.8100,7.5500,53.4000,15.1800,"Filtros estándar (Score ≥6.5, DD ≥10%)"
MRNA,Moderna,Health Care,Biotechnology,2021-07-21,182.1100,2026-09-24,70.4600,46.7700,UP,1.3363,-1.8066,True,1.0713,11.4274,1.2490,6.2750,104.8600,62.5700,148.2400,73.6600,191.0700,True,25.1846,ALCISTA,-5.3000,192.3100,192.3100,22.2800,-5.3000,717.3700,1.0590,False,130.3800,1,,False,-28.4100,NONE,6.2500,10.0000,7.0000,5.0000,4,5.0000,5.0000,False,12.5500,18.8300,1.5000,,-43.5943,11.4972,34.9098,-31.3680,-0.3900,-0.1326,-1.4143,-0.6602,0.0210,,19.0360,2.2950,299249984.0000,-3151000064.0000,-0.0950,77779140608,1.1060,1.3600,,399235889,3.3200,2.8800,4.3300,2.6500,0.0038,FCF/NI:-0.09|ROE:-39.0%,2,4.4900,False,10-18d,XLV,,UNH|JNJ|LLY,fda_calendar|drug_pricing_policy|patent_cliffs,42,2026-11-05,False,2026-07-31,-1.9700,-2.0600,4.3000,ALCISTA FUERTE,10,767.8100,7.5500,53.4000,15.1800,"Filtros estándar (Score ≥6.5, DD ≥10%)"
VRSN,Verisign,Information Technology,Internet Services & Infrastructure,2006-02-01,293.2800,2026-09-24,54.1100,54.0900,UP,0.5740,0.9178,False,0.4765,7.8450,0.9390,2.6750,286.1000,262.9300,294.0500,2.5100,11.5400,True,1.8265,ALCISTA,-4.8700,308.2800,311.5700,206.9300,-5.8700,41.7300,0.8440,False,270.8200,1,301.2400,False,-7.6600,NONE,6.0500,10.0000,6.0000,5.0000,4,5.0000,5.0000,False,5.3500,8.0200,1.5000,31.6916,26.3865,-11.7056,15.4494,23.4310,,0.4512,0.4977,0.8847,0.0600,0.0770,,0.5910,832837504.0000,850000000.0000,0.9798,26385952768,0.6990,2.2100,1.1000,90400000,3.4300,0.3000,5.5700,4.5900,0.0316,OK,0,4.4800,False,10-18d,XLK,,AAPL|MSFT|NVDA,interest_rates|ai_capex_cycle|semiconductor_cycle,28,2026-10-22,False,2026-07-23,2.3800,2.3500,1.1000,ALCISTA FUERTE,10,767.8100,7.5500,53.4000,15.1800,"Filtros estándar (Score ≥6.5, DD ≥10%)"
FDXF,FedEx Freight,Industrials,Cargo Ground Transportation,2026-06-01,119.2200,2026-09-24,35.8000,46.8100,DOWN,-0.3763,-0.0611,False,0.1016,4.8671,0.7070,4.0820,137.5800,,126.9000,-13.3500,,False,,NEUTRO,-25.0400,159.0400,200.0000,116.0300,-40.3900,2.7500,0.8810,False,,0,152.6700,False,,HAMMER,6.1000,5.0000,6.5000,5.0000,4,10.0000,7.0000,False,8.1600,12.2500,1.5000,25.9840,21.0370,-34.2389,1.9348,24.2060,0.6909,0.0567,0.0745,0.2928,0.0480,-0.6110,,1.5170,-511124992.0000,655000000.0000,-0.7803,17016657920,,3.1300,,149518133,3.3300,1.0300,6.3500,2.5000,-0.0300,FCF/NI:-0.78,1,4.4400,False,7-15d,XLI,,CAT|UNP|HON,pmi_manufacturing|supply_chain|capex_cycle,34,2026-10-28,False,,,,,ALCISTA FUERTE,10,767.8100,7.5500,53.4000,15.1800,"Filtros estándar (Score ≥6.5, DD ≥10%)"
ECHO,EchoStar,Communication Services,Wireless Telecommunication Services,2026-03-23,92.7200,2026-09-24,65.9200,66.6300,DOWN,0.5160,0.7980,False,0.6698,2.9643,0.7040,3.1970,89.8500,108.8800,91.6400,3.2000,-14.8400,False,1.8317,BAJISTA,-11.4800,104.7400,147.2500,65.7600,-37.0300,41.0000,1.0880,False,84.2600,1,91.8600,False,-9.1200,HAMMER|BULL_ENGULF,6.0000,7.0000,5.0000,5.0000,4,7.0000,9.5000,False,6.3900,9.5900,1.5000,,3.9762,1.8545,1.7936,22.1510,-0.3343,0.0132,-0.3871,0.2954,-0.0400,,123.7570,5.2010,-18870501376.0000,-5672891904.0000,3.3264,26283935744,1.0090,7.8500,,159467376,3.3800,2.5000,4.4900,3.1200,-0.7179,D/E:124|ROE:-33.4%,2,4.4300,False,3-7d,XLC,,GOOGL|META|NFLX,ad_spending_cycle|streaming_competition|regulation,42,2026-11-05,False,2026-08-03,0.1400,2.6200,-94.8000,ALCISTA FUERTE,10,767.8100,7.5500,53.4000,15.1800,"Filtros estándar (Score ≥6.5, DD ≥10%)"
NI,NiSource,Utilities,Multi-Utilities,2000-11-02,39.2500,2026-09-24,32.0800,49.2900,DOWN,-0.0341,0.0907,False,-0.2465,0.6650,0.7740,1.6940,42.6800,44.4900,41.0600,-8.0400,-11.7800,False,-0.2891,BAJISTA,-19.7100,48.8800,48.8800,39.0000,-19.7100,0.6400,1.6010,False,,0,42.1800,False,,HAMMER|DOJI,6.1000,5.0000,6.5000,5.0000,4,10.0000,7.0000,False,3.3900,5.0800,1.5000,20.8085,17.3624,1.9591,2.7262,12.7280,0.0855,0.0324,0.1315,0.5097,0.0460,-0.5840,146.6490,0.4980,-1772999936.0000,906000000.0000,-1.9570,18760390656,0.5400,2.3800,3.0600,479560100,3.2500,2.6400,4.1600,2.9000,-0.0945,FCF/NI:-1.96,1,4.3900,False,3-7d,XLU,,NEE|DUK|SO,interest_rates|regulatory_environment,34,2026-10-28,False,2026-08-05,0.1600,0.1600,1.5000,ALCISTA FUERTE,10,767.8100,7.5500,53.4000,15.1800,"Filtros estándar (Score ≥6.5, DD ≥10%)"
RVTY,Revvity,Health Care,Health Care Equipment,1985-05-31,142.1100,2026-09-24,67.2300,68.4500,DOWN,1.1742,1.5800,False,0.8043,4.9814,1.2640,3.5050,121.4700,104.2000,133.1000,17.0000,36.3800,True,3.5533,ALCISTA,-4.9600,149.5200,149.5200,81.1700,-4.9600,75.0800,1.1020,False,120.9000,1,,False,-14.9300,HAMMER|DOJI,6.0500,10.0000,5.0000,5.0000,4,5.0000,7.0000,False,7.0100,10.5200,1.5000,72.7923,25.5710,2.3259,5.7744,20.7530,0.0321,0.0237,0.0816,0.5498,0.0130,0.0120,46.2250,1.8000,604992128.0000,237366000.0000,2.5488,16813838336,1.0890,4.1400,0.2000,111586401,3.2600,0.0400,5.0800,4.8900,0.0360,OK,0,4.3800,False,10-18d,XLV,,UNH|JNJ|LLY,fda_calendar|drug_pricing_policy|patent_cliffs,32,2026-10-26,False,2026-08-04,1.4100,1.2200,15.9000,ALCISTA FUERTE,10,767.8100,7.5500,53.4000,15.1800,"Filtros estándar (Score ≥6.5, DD ≥10%)"
WBD,Warner Bros. Discovery,Communication Services,Broadcasting,2022-04-11,30.7600,2026-09-24,75.3100,27.9200,UP,0.1811,-0.1009,True,1.1695,0.5179,1.0850,1.6840,27.5300,27.5700,28.5600,11.7300,11.5800,False,1.9933,ALCISTA,-0.5200,30.9200,30.9200,17.0800,-0.5200,80.0900,3.2540,False,27.2900,10,,False,-11.2900,HAMMER,6.4500,8.5000,7.0000,5.0000,6,5.0000,7.0000,False,3.3700,5.0500,1.5000,,495.6606,2.3555,2.1409,13.7300,-0.0879,0.0171,-0.0877,0.4781,-0.1120,-0.9060,94.1990,0.7770,16167374848.0000,-3166000128.0000,-5.1066,77320101888,1.5710,3.4000,,2507136702,2.9800,0.0000,2.5200,6.9900,0.2091,FCF/NI:-5.11|D/E:94|RevG:-11.2%|ROE:-8.8%,4,4.3700,False,10-18d,XLC,,GOOGL|META|NFLX,ad_spending_cycle|streaming_competition|regulation,42,2026-11-05,False,2026-08-06,0.0600,-0.1100,153.9000,ALCISTA FUERTE,10,767.8100,7.5500,53.4000,15.1800,"Filtros estándar (Score ≥6.5, DD ≥10%)"
CLX,Clorox,Consumer Staples,Household Products,1969-03-31,83.9400,2026-09-24,19.3800,7.5100,UP,-0.8398,-1.2987,True,0.2088,2.4250,0.8260,2.8890,97.3500,100.3600,90.8300,-13.7800,-16.3600,False,-0.8714,BAJISTA,-23.2900,109.4200,125.8300,82.5100,-33.2900,1.7300,0.6640,False,83.7200,1,98.6500,True,-0.2600,NONE,6.4200,5.0000,9.5000,5.0000,7,6.5000,5.0000,False,5.7800,8.6700,1.5000,17.0062,13.0659,109.9462,1.4720,13.8320,1.6376,0.0832,0.0873,0.4232,-0.0200,-0.5010,2221.4290,0.6580,110375000.0000,587000000.0000,0.1880,9892156416,0.5440,3.5100,5.9600,120931005,2.9100,0.0000,5.3700,3.4400,0.0112,FCF/NI:0.19|D/E:2221,2,4.3100,False,5-10d,XLP,,PG|KO|PEP,inflation|input_costs|fx_rates,40,2026-11-03,False,2026-08-03,1.6600,1.6500,86.0000,ALCISTA FUERTE,10,767.8100,7.5500,53.4000,15.1800,"Filtros estándar (Score ≥6.5, DD ≥10%)"
PSKY,Paramount Skydance Corporation,Communication Services,Movies & Entertainment,1994-09-30,9.9600,2026-09-24,36.0200,58.0300,DOWN,-0.1447,-0.0793,False,0.0631,0.5555,1.3630,5.5770,9.7000,10.6000,10.3700,2.6700,-6.0500,False,-4.2149,BAJISTA,-13.3200,11.4900,20.4800,7.5800,-51.3700,31.3100,1.5980,False,10.1000,2,10.3400,True,1.4000,NONE,6.5000,6.5000,6.5000,5.0000,8,8.0000,5.0000,False,11.1500,16.7300,1.5000,339.3333,11.9652,0.9695,0.3924,8.0930,-0.0090,0.0275,-0.0213,0.3333,0.0090,-0.5410,126.4790,1.0400,17593124864.0000,-621000000.0000,-28.3303,11421408256,1.5200,6.7200,2.0100,1090445692,2.8400,0.0000,2.5100,6.5400,1.5404,FCF/NI:-28.33|D/E:126|ROE:-0.9%,3,4.3000,False,3-7d,XLC,,GOOGL|META|NFLX,ad_spending_cycle|streaming_competition|regulation,46,2026-11-09,False,2026-08-04,0.1800,0.1800,-2.3000,ALCISTA FUERTE,10,767.8100,7.5500,53.4000,15.1800,"Filtros estándar (Score ≥6.5, DD ≥10%)"
KMI,Kinder Morgan,Energy,Oil & Gas Storage & Transportation,2012-05-25,31.3700,2026-09-24,41.5300,48.3300,DOWN,0.0313,-0.0665,True,0.4508,0.7079,0.9710,2.2560,31.6600,30.8800,31.4300,-0.9300,1.5700,True,1.7564,NEUTRO,-5.1100,33.0600,34.4900,24.7400,-9.0400,26.8200,0.8510,False,31.2200,1,32.8000,True,-0.4800,HAMMER|DOJI,6.4000,8.5000,6.0000,5.0000,7,5.0000,7.0000,False,4.5100,6.7700,1.5000,20.1613,20.2326,2.1981,3.8748,13.5130,0.1099,0.0445,0.1930,0.4941,0.1080,0.2120,98.6190,0.4580,1075000064.0000,3448999936.0000,0.3117,69587566592,0.5510,4.6400,3.7600,2226802089,2.7900,1.3600,3.4200,3.7200,0.0154,FCF/NI:0.31|D/E:99,2,4.2300,False,7-15d,XLE,,XOM|CVX|COP,oil_price|gas_price|opec_supply|inventories,34,2026-10-28,False,2026-07-22,0.3700,0.3100,18.3000,ALCISTA FUERTE,10,767.8100,7.5500,53.4000,15.1800,"Filtros estándar (Score ≥6.5, DD ≥10%)"
CPT,Camden Property Trust,Real Estate,Multi-Family Residential REITs,2022-04-04,97.6800,2026-09-24,13.1700,22.3600,DOWN,-0.4968,-0.2763,False,-0.0148,1.7364,0.8730,1.7780,108.2300,105.9700,103.2300,-9.7400,-7.8300,True,0.3055,BAJISTA,-18.4700,119.8100,119.8100,94.3000,-18.4700,3.5900,1.3530,False,98.7800,1,104.0100,True,1.1300,NONE,6.8000,7.0000,7.5000,5.0000,8,8.0000,5.0000,False,3.5600,5.3300,1.5000,32.1485,89.3670,2.6272,7.1267,16.6600,0.0789,0.0187,0.2062,0.6162,-0.0080,-0.7570,125.6480,0.3520,139679632.0000,325515008.0000,0.4291,11273510912,0.7820,4.9100,4.3400,115732578,2.4700,0.0000,4.0900,3.4500,0.0124,FCF/NI:0.43|D/E:126,2,4.2000,False,3-7d,XLRE,,PLD|AMT|EQIX,interest_rates|cap_rates|occupancy_trends,42,2026-11-05,False,2026-07-30,0.1800,0.2700,-34.0000,ALCISTA FUERTE,10,767.8100,7.5500,53.4000,15.1800,"Filtros estándar (Score ≥6.5, DD ≥10%)"
HONA,Honeywell Aerospace,Industrials,Aerospace & Defense,2026-06-29,163.3300,2026-09-24,57.4600,48.2900,UP,2.5230,2.6956,False,0.6748,6.2371,0.5200,3.8190,177.2300,,163.4200,-7.8400,,False,,NEUTRO,-38.7400,266.6200,297.5000,149.1900,-45.1000,9.4800,0.7100,False,149.6100,2,176.2500,False,-8.4000,NONE,5.3500,5.0000,6.0000,5.0000,4,7.0000,5.0000,False,7.6400,11.4600,1.5000,48.3110,17.4362,-8.8161,2.8035,18.9190,,,0.1086,0.3453,0.0540,-0.7090,,1.5260,,1946000000.0000,,50224332800,,1.0200,,316952725,3.3200,1.2200,5.1000,3.7000,,OK,0,4.1300,False,7-15d,XLI,,CAT|UNP|HON,pmi_manufacturing|supply_chain|capex_cycle,41,2026-11-04,False,2026-08-05,1.8700,2.1200,-11.8000,ALCISTA FUERTE,10,767.8100,7.5500,53.4000,15.1800,"Filtros estándar (Score ≥6.5, DD ≥10%)"
TSCO,Tractor Supply,Consumer Discretionary,Other Specialty Retail,2014-01-24,32.2900,2026-09-24,30.0300,30.6400,DOWN,-0.3248,-0.3476,True,0.1224,1.0664,0.9920,3.3030,33.1400,40.2200,33.4700,-2.5700,-19.7100,False,-4.5172,BAJISTA,-11.8600,36.6400,58.2400,28.1700,-44.5600,14.6400,1.1880,False,28.9800,5,32.4200,False,-10.2400,HAMMER,6.3000,5.0000,7.5000,5.0000,6,8.0000,7.0000,False,6.6100,9.9100,1.5000,16.3750,15.3504,6.2567,1.0400,11.7500,0.3951,0.0782,0.0643,0.3650,0.0230,-0.1500,248.7100,1.3340,103175000.0000,1011913984.0000,0.1020,16381501440,0.4690,3.9800,2.9700,521040137,2.6800,0.6500,4.2500,3.2300,0.0063,FCF/NI:0.10|D/E:249,2,4.1300,False,3-7d,XLY,,AMZN|TSLA|HD,consumer_spending|employment_data|interest_rates,28,2026-10-22,False,2026-07-23,0.6900,0.8200,-15.9000,ALCISTA FUERTE,10,767.8100,7.5500,53.4000,15.1800,"Filtros estándar (Score ≥6.5, DD ≥10%)"
CARR,Carrier Global,Industrials,Building Products,2020-04-03,55.1000,2026-09-24,40.5800,35.3600,UP,-0.0800,-0.1892,True,0.2260,1.8791,0.9480,3.4100,61.5600,61.2400,57.1700,-10.4900,-10.0200,True,0.5585,BAJISTA,-25.9500,74.4100,76.4800,49.6700,-27.9600,10.9300,0.7550,False,,0,60.6300,False,,HAMMER,6.0800,7.0000,7.0000,5.0000,4,6.5000,7.0000,False,6.8200,10.2300,1.5000,39.1929,16.5830,3.4434,2.0459,18.3010,0.0897,0.0298,0.0552,0.2469,0.0390,-0.1180,91.9980,1.0200,861750016.0000,1174000000.0000,0.7340,45230714880,1.2980,2.8100,1.7400,824325057,2.8000,0.7400,3.7900,4.0500,0.0191,FCF/NI:0.73|D/E:92,2,4.1100,False,3-7d,XLI,,CAT|UNP|HON,pmi_manufacturing|supply_chain|capex_cycle,33,2026-10-27,False,2026-07-28,0.8600,0.8200,5.2000,ALCISTA FUERTE,10,767.8100,7.5500,53.4000,15.1800,"Filtros estándar (Score ≥6.5, DD ≥10%)"
LNT,Alliant Energy,Utilities,Electric Utilities,2016-07-01,63.6900,2026-09-24,21.2200,27.9600,DOWN,-0.2190,-0.0366,False,-0.1570,1.0564,0.8160,1.6590,69.7000,69.5600,67.0200,-8.6300,-8.4500,True,0.1510,BAJISTA,-18.5700,78.2200,78.2200,61.7800,-18.5700,3.0900,1.3600,False,,0,71.6400,False,,NONE,6.2000,7.0000,7.5000,5.0000,4,8.0000,5.0000,False,3.3200,4.9800,1.5000,20.0348,17.1772,2.1802,3.7063,15.6410,0.1114,0.0245,0.1845,0.4450,0.0100,-0.0400,160.9510,0.4660,-1138625024.0000,817000000.0000,-1.3937,16415314944,0.5320,10.2200,3.3600,259284699,2.5000,0.1800,4.4900,2.9000,-0.0694,FCF/NI:-1.39|D/E:161,2,3.9800,False,3-7d,XLU,,NEE|DUK|SO,interest_rates|regulatory_environment,42,2026-11-05,False,2026-07-30,0.6500,0.5800,12.2000,ALCISTA FUERTE,10,767.8100,7.5500,53.4000,15.1800,"Filtros estándar (Score ≥6.5, DD ≥10%)"
VST,Vistra Corp.,Utilities,Electric Utilities,2024-05-08,137.9700,2026-09-24,42.0400,50.5400,DOWN,-0.3529,-0.0096,False,0.2502,4.4849,0.7270,3.2510,146.1100,155.4400,142.4000,-5.5700,-11.2400,False,-2.0912,BAJISTA,-18.5900,169.4800,215.8500,132.2600,-36.0800,4.3200,1.0050,False,137.4900,1,168.4500,True,-0.3500,NONE,5.8300,5.0000,5.0000,5.0000,7,8.5000,5.0000,False,6.5000,9.7500,1.5000,23.2614,13.3075,15.4175,2.4098,10.3610,0.4296,0.0589,0.1155,0.3831,-0.0550,-0.0620,373.2800,0.9730,37125000.0000,2027000064.0000,0.0183,46297522176,1.4140,2.3700,0.6700,335635195,2.7300,0.0000,5.7600,2.3700,0.0008,FCF/NI:0.02|D/E:373,2,3.9700,False,3-7d,XLU,,NEE|DUK|SO,interest_rates|regulatory_environment,42,2026-11-05,False,2026-08-10,0.7600,1.6300,-53.4000,ALCISTA FUERTE,10,767.8100,7.5500,53.4000,15.1800,"Filtros estándar (Score ≥6.5, DD ≥10%)"
PEG,Public Service Enterprise Group,Utilities,Electric Utilities,1957-03-04,67.3100,2026-09-24,18.4500,32.5500,DOWN,-0.3112,-0.0875,False,-0.1848,1.1469,0.8640,1.7040,74.4400,78.0100,71.5300,-9.5800,-13.7200,False,-0.9715,BAJISTA,-18.7400,82.8400,85.4000,67.1300,-21.1900,0.2700,1.0930,False,,0,80.2100,False,,NONE,5.8000,5.0000,7.5000,5.0000,4,8.0000,5.0000,False,3.4100,5.1100,1.5000,16.5572,14.2453,1.9128,2.6449,13.0040,0.1183,0.0324,0.1604,0.3333,-0.0890,-0.4270,142.4090,0.8770,107750000.0000,2012000000.0000,0.0536,33174835200,0.5190,3.7800,3.9800,498420030,2.6500,0.0000,4.8200,3.2000,0.0032,FCF/NI:0.05,1,3.9100,False,3-7d,XLU,,NEE|DUK|SO,interest_rates|regulatory_environment,39,2026-11-02,False,2026-08-04,0.8600,0.8000,7.7000,ALCISTA FUERTE,10,767.8100,7.5500,53.4000,15.1800,"Filtros estándar (Score ≥6.5, DD ≥10%)"
CMS,CMS Energy,Utilities,Multi-Utilities,1957-03-04,63.1500,2026-09-24,17.0100,25.3500,DOWN,-0.2902,-0.1090,False,-0.1470,1.0807,0.8080,1.7110,69.9000,72.1900,67.0300,-9.6500,-12.5300,False,-0.6630,BAJISTA,-19.1000,78.0600,79.1000,62.9300,-20.1700,0.3500,1.3450,False,,0,72.4400,False,,NONE,5.8000,5.0000,7.5000,5.0000,4,8.0000,5.0000,False,3.4200,5.1300,1.5000,18.8498,15.1053,2.0612,2.2334,13.1580,0.0916,0.0297,0.1164,0.4032,-0.0050,-0.4390,185.6040,0.9360,-2198874880.0000,1016000000.0000,-2.1642,19683237888,0.3310,0.0100,3.6100,313577136,2.3700,0.0000,4.2100,2.9900,-0.1117,FCF/NI:-2.16|D/E:186,2,3.7400,False,3-7d,XLU,,NEE|DUK|SO,interest_rates|regulatory_environment,35,2026-10-29,False,2026-07-28,0.3700,0.3600,3.1000,ALCISTA FUERTE,10,767.8100,7.5500,53.4000,15.1800,"Filtros estándar (Score ≥6.5, DD ≥10%)"
