ticker,name,sector,industry,date_added,price,day_open,day_high,day_low,day_close,data_vintage,rsi_14,rsi_5d_ago,rsi_trend,macd_hist,macd_hist_prev,macd_hist_3d_ago,macd_improving,bb_pct_b,atr_14,atr_ratio_60d,atr_pct_price,sma_50,sma_200,ema_20,price_vs_50ma_pct,price_vs_200ma_pct,golden_cross,ma200_slope_20d,trend_bias,drawdown_60d,drawdown_60d_legacy_high,high_60d_close,high_60d,high_52w,low_52w,pct_from_52w_high,pct_from_52w_low,volume_ratio_20d,volume_decreasing,volume_decreasing_legacy,support_1_price,support_1_strength,resistance_1_price,near_support,dist_support_pct,candle_pattern,tech_score,tech_trend,tech_momentum,tech_volume,tech_support,tech_volatility,tech_candle,setup_hot,setup_hot_legacy,sidi_pass_dd12,sidi_pass_rsi40,sidi_pass_macd,sidi_pass_volume,stop_loss_atr_pct,target_atr_pct,risk_reward,sidi_strategy_version,spy_return_20d,abnormal_return_20d,abnormal_beta_spy,abnormal_beta_sector,abnormal_aligned_obs,abnormal_sector_etf,sidi_context_ready,pe,forward_pe,pb,ps,ev_ebitda,roe,roa,profit_margin,gross_margin,revenue_growth,eps_growth,debt_equity,current_ratio,fcf,net_income,fcf_ni_ratio,market_cap,beta,short_ratio,dividend_yield,shares_outstanding,fund_score,fund_growth,fund_solidity,fund_valuation,fcf_yield_calc,warnings,warning_count,combined_score,sidi_pass_fund65,sidi_pass_spy20,sidi_pass_abnormal20,sidi_pass_technical,full_setup,sidi_full_setup,sidi_gate_failures,legacy_full_setup,horizon,sector_etf,subsector,peer_group,critical_macro_variables,sidi_entry_rule,sidi_tp_atr_mult,sidi_sl_pct,sidi_time_stop_sessions,sidi_risk_pct,sidi_max_positions,sidi_gap_stop_rule,sidi_intraday_conflict_rule,sidi_validation_cost_bps_rt,sidi_entry_status,sidi_atr14_signal,sidi_tp_offset_abs,sidi_tp_indicative_from_close,sidi_sl_indicative_from_close,sidi_tp_pct_indicative,sidi_plan_note,earnings_days_next,earnings_date,earnings_warning,latest_earnings_date,eps_actual,eps_estimate,eps_surprise_pct,market_regime,market_regime_score,spy_price,spy_vs200,spy_rsi,vix,market_filter_rec,market_sidi_strategy_version,market_spy20_gate
NFLX,Netflix,Communication Services,Movies & Entertainment,2010-12-20,71.1500,71.6300,71.8400,70.9800,71.1500,2026-09-28,31.8700,27.8200,UP,-0.8594,-0.9144,-0.9497,True,0.1440,2.0171,0.8330,2.8350,75.5400,84.7100,75.2300,-5.8100,-16.0100,False,-3.5591,BAJISTA,-14.0000,-14.8900,82.7300,83.6000,124.8600,65.0800,-43.0200,9.3300,0.7150,True,True,70.4800,2,78.4400,True,-0.9300,HAMMER,7.1500,5.0000,8.5000,7.5000,7,8.0000,7.0000,True,True,True,True,True,True,5.6700,8.5100,1.5000,SIDI_SHADOW_V1,0.2808,-11.8248,-0.5796,1.0692,294,XLC,True,22.3726,18.6575,9.8253,6.1244,20.6270,0.4954,0.1608,0.2822,0.4912,0.1340,0.1110,55.2360,1.1420,25387552768.0000,13649642496.0000,1.8599,296243462144,1.5260,3.4400,,4163939676,7.6000,8.2200,7.8400,6.6100,0.0857,OK,0,7.4200,True,True,True,True,True,True,OK,False,SIDI_SHADOW_V1: max 7 sesiones,XLC,,GOOGL|META|DIS,ad_spending_cycle|streaming_competition|regulation,NEXT_SESSION_OPEN,0.7500,-5.0000,7,1.5000,5,EXIT_AT_OPEN_IF_OPEN_BELOW_SL,SL_FIRST,10,PENDING_NEXT_OPEN,2.0171,1.5128,72.6628,67.5925,2.1262,Exact TP/SL are fixed from the actual T+1 opening/entry price,22,2026-10-20,False,2026-07-16,0.8000,0.7900,1.4000,ALCISTA FUERTE,10,771.3500,7.9100,52.5000,14.8700,SIDI_SHADOW_V1: Fund≥6.5 · DD60≥12% · RSI<40 · MACD↑ · Vol↓ · SPY20≤+1% · Abnormal20≤-10%,SIDI_SHADOW_V1,True
OMC,Omnicom Group,Communication Services,Advertising,1997-12-31,76.1500,74.5000,76.1700,73.9700,76.1500,2026-09-28,31.4600,26.5400,UP,-0.4609,-0.6277,-0.7453,True,0.2803,2.0645,0.7910,2.7110,81.6700,76.8600,78.7400,-6.7600,-0.9300,True,1.2768,BAJISTA,-13.5000,-14.1100,88.0300,88.6600,88.6600,64.3200,-14.1100,18.3900,0.8750,True,True,71.7800,1,76.4000,False,-5.7400,HAMMER|BULL_ENGULF,7.5800,7.0000,8.5000,7.5000,5,8.5000,9.5000,True,True,True,True,True,True,5.4200,8.1300,1.5000,SIDI_SHADOW_V1,0.2808,-16.9943,-0.2218,0.9185,294,XLC,True,205.8108,6.4841,2.1622,0.9701,8.1320,0.0605,0.0509,0.0174,0.1896,0.6340,0.5880,107.7440,0.9240,4260624896.0000,390200000.0000,10.9191,21703223296,0.6730,11.1300,4.2000,285006196,6.8900,10.0000,4.5800,5.9500,0.1963,D/E:108,1,7.1700,True,True,True,True,True,True,OK,False,SIDI_SHADOW_V1: max 7 sesiones,XLC,,GOOGL|META|NFLX,ad_spending_cycle|streaming_competition|regulation,NEXT_SESSION_OPEN,0.7500,-5.0000,7,1.5000,5,EXIT_AT_OPEN_IF_OPEN_BELOW_SL,SL_FIRST,10,PENDING_NEXT_OPEN,2.0645,1.5484,77.6984,72.3425,2.0333,Exact TP/SL are fixed from the actual T+1 opening/entry price,22,2026-10-20,False,2026-07-28,2.6500,2.6600,-39.0000,ALCISTA FUERTE,10,771.3500,7.9100,52.5000,14.8700,SIDI_SHADOW_V1: Fund≥6.5 · DD60≥12% · RSI<40 · MACD↑ · Vol↓ · SPY20≤+1% · Abnormal20≤-10%,SIDI_SHADOW_V1,True
ODFL,Old Dominion,Industrials,Cargo Ground Transportation,2019-12-09,173.3000,174.5000,176.6100,172.6500,173.3000,2026-09-28,29.0400,16.6600,UP,0.4867,0.4769,0.0287,True,0.2176,4.7236,0.7050,2.7260,201.9000,198.7800,182.6500,-14.1700,-12.8200,True,2.2933,BAJISTA,-26.8100,-27.2300,236.7800,238.1400,251.6400,125.2300,-31.1300,38.3800,0.6540,True,True,,0,233.1300,False,,HAMMER|DOJI,7.3800,7.0000,9.5000,7.5000,4,8.5000,7.0000,True,True,True,True,True,True,5.4500,8.1800,1.5000,SIDI_SHADOW_V1,0.2808,-10.5643,0.2046,0.6979,294,XLI,True,33.3269,26.0578,7.9067,6.4141,19.8920,0.2482,0.1578,0.1944,0.3957,0.1040,0.3230,0.4400,1.8890,970776000.0000,1089276032.0000,0.8912,35934904320,1.1650,5.1500,0.6700,207356622,6.5900,7.8200,7.2300,4.4000,0.0270,OK,0,6.9100,True,True,True,True,True,True,OK,True,SIDI_SHADOW_V1: max 7 sesiones,XLI,,CAT|UNP|HON,pmi_manufacturing|supply_chain|capex_cycle,NEXT_SESSION_OPEN,0.7500,-5.0000,7,1.5000,5,EXIT_AT_OPEN_IF_OPEN_BELOW_SL,SL_FIRST,10,PENDING_NEXT_OPEN,4.7236,3.5427,176.8427,164.6350,2.0443,Exact TP/SL are fixed from the actual T+1 opening/entry price,30,2026-10-28,False,2026-07-29,1.6800,1.5300,9.7000,ALCISTA FUERTE,10,771.3500,7.9100,52.5000,14.8700,SIDI_SHADOW_V1: Fund≥6.5 · DD60≥12% · RSI<40 · MACD↑ · Vol↓ · SPY20≤+1% · Abnormal20≤-10%,SIDI_SHADOW_V1,True
SYK,Stryker Corporation,Health Care,Health Care Equipment,2000-12-12,272.3600,269.9300,275.8400,268.6900,272.3600,2026-09-28,27.3800,17.6200,UP,-0.1478,-0.5613,-1.0841,True,0.3017,8.7750,0.8320,3.2220,315.2900,331.0800,287.4300,-13.6200,-17.7400,False,-2.2036,BAJISTA,-22.6800,-22.7300,352.2500,352.4900,389.4800,267.0000,-30.0700,2.0100,0.7530,True,True,267.0000,1,318.0900,True,-1.9700,NONE,6.7000,5.0000,9.5000,7.5000,7,5.0000,5.0000,True,True,True,True,True,True,6.4400,9.6700,1.5000,SIDI_SHADOW_V1,0.2808,-12.2198,-0.1799,1.2270,294,XLV,True,28.2531,16.2877,4.3551,4.0434,15.7860,0.1651,0.0816,0.1443,0.6559,0.0940,0.4410,64.3910,2.1570,4108875008.0000,3728999936.0000,1.1019,104469954560,0.7680,2.6900,1.2900,383573046,6.8500,8.4200,6.3700,5.5800,0.0393,OK,0,6.7900,True,True,True,True,True,True,OK,True,SIDI_SHADOW_V1: max 7 sesiones,XLV,,UNH|JNJ|LLY,fda_calendar|drug_pricing_policy|patent_cliffs,NEXT_SESSION_OPEN,0.7500,-5.0000,7,1.5000,5,EXIT_AT_OPEN_IF_OPEN_BELOW_SL,SL_FIRST,10,PENDING_NEXT_OPEN,8.7750,6.5813,278.9413,258.7420,2.4164,Exact TP/SL are fixed from the actual T+1 opening/entry price,31,2026-10-29,False,2026-07-30,3.6900,3.4900,5.8000,ALCISTA FUERTE,10,771.3500,7.9100,52.5000,14.8700,SIDI_SHADOW_V1: Fund≥6.5 · DD60≥12% · RSI<40 · MACD↑ · Vol↓ · SPY20≤+1% · Abnormal20≤-10%,SIDI_SHADOW_V1,True
CINF,Cincinnati Financial,Financials,Property & Casualty Insurance,1997-12-18,162.5400,162.9900,163.3300,161.1700,162.5400,2026-09-28,22.3700,41.9200,DOWN,-0.6279,-0.6108,-0.2588,False,0.0416,2.7717,0.7260,1.7050,172.2000,165.6400,167.5100,-5.6100,-1.8700,True,0.4312,BAJISTA,-14.8700,-16.0900,190.9400,193.7100,193.7100,146.7000,-16.0900,10.8000,0.6480,True,True,157.0400,1,185.2700,True,-3.3800,HAMMER,7.8000,7.0000,7.5000,7.5000,8,10.0000,7.0000,False,False,True,True,False,True,3.4100,5.1200,1.5000,SIDI_SHADOW_V1,0.2808,-0.9385,-0.5373,0.8875,294,XLF,True,7.6742,17.9976,1.4956,1.7878,5.4820,0.2148,0.0641,0.2384,0.3107,0.3160,0.8550,5.2550,1.1510,2984875008.0000,3327000064.0000,0.8972,24946321408,0.5450,8.3300,2.3100,153478045,8.6300,10.0000,7.5000,8.3600,0.1197,OK,0,8.3000,True,True,False,False,False,False,MACD|ABNORMAL20,False,3-7d,XLF,,JPM|BAC|WFC,interest_rates|yield_curve|credit_spreads|loan_growth,NEXT_SESSION_OPEN,0.7500,-5.0000,7,1.5000,5,EXIT_AT_OPEN_IF_OPEN_BELOW_SL,SL_FIRST,10,PENDING_NEXT_OPEN,2.7717,2.0788,164.6188,154.4130,1.2789,Exact TP/SL are fixed from the actual T+1 opening/entry price,28,2026-10-26,False,2026-07-27,1.4300,1.8200,-21.3000,ALCISTA FUERTE,10,771.3500,7.9100,52.5000,14.8700,SIDI_SHADOW_V1: Fund≥6.5 · DD60≥12% · RSI<40 · MACD↑ · Vol↓ · SPY20≤+1% · Abnormal20≤-10%,SIDI_SHADOW_V1,True
CF,CF Industries,Materials,Fertilizers & Agricultural Chemicals,2008-08-27,114.6700,117.8300,117.9800,114.3800,114.6700,2026-09-28,26.9700,52.0400,DOWN,-2.5283,-2.2794,-1.8850,False,-0.0361,5.0686,1.0680,4.4200,125.0900,110.7600,126.2200,-8.3300,3.5300,True,4.8373,NEUTRO,-17.6600,-19.0500,139.2700,141.6600,141.6600,74.3300,-19.0500,54.2700,0.8230,False,False,111.4900,2,129.3100,True,-2.7800,NONE,6.9500,8.5000,7.5000,5.0000,7,8.0000,5.0000,False,False,True,True,False,False,8.8400,13.2600,1.5000,SIDI_SHADOW_V1,0.2808,-11.9155,-1.9953,0.4532,294,XLB,True,8.5004,10.7124,3.0242,2.2424,5.5920,0.2987,0.1293,0.2712,0.4249,0.1760,0.9960,40.5040,4.8600,1276749952.0000,2099000064.0000,0.6083,17353943040,0.3990,3.6400,2.0900,151338130,8.9400,9.9400,7.9300,8.9400,0.0736,FCF/NI:0.61,1,8.1400,True,True,True,False,False,False,MACD|VOLUME,False,7-15d,XLB,,LIN|APD|ECL,commodity_prices|dxy|china_demand|energy_costs,NEXT_SESSION_OPEN,0.7500,-5.0000,7,1.5000,5,EXIT_AT_OPEN_IF_OPEN_BELOW_SL,SL_FIRST,10,PENDING_NEXT_OPEN,5.0686,3.8014,118.4715,108.9365,3.3151,Exact TP/SL are fixed from the actual T+1 opening/entry price,37,2026-11-04,False,2026-08-05,4.7300,5.5700,-15.1000,ALCISTA FUERTE,10,771.3500,7.9100,52.5000,14.8700,SIDI_SHADOW_V1: Fund≥6.5 · DD60≥12% · RSI<40 · MACD↑ · Vol↓ · SPY20≤+1% · Abnormal20≤-10%,SIDI_SHADOW_V1,True
ALL,Allstate,Financials,Property & Casualty Insurance,1995-07-13,227.6000,228.0900,229.9000,225.5800,227.6000,2026-09-28,17.6900,35.7400,DOWN,-3.3946,-3.4975,-2.4840,True,0.0472,6.1879,1.0060,2.7190,255.7600,222.5100,245.6200,-11.0100,2.2900,True,2.0148,NEUTRO,-16.9300,-17.5600,273.9700,276.0700,276.0700,184.5100,-17.5600,23.3500,0.8300,False,False,218.3200,3,224.9100,False,-4.0800,HAMMER,7.2000,8.5000,8.5000,5.0000,6,8.0000,7.0000,False,False,True,True,True,False,5.4400,8.1600,1.5000,SIDI_SHADOW_V1,0.2808,-9.9012,-0.9842,1.0017,294,XLF,True,4.5575,8.2046,1.8238,0.8205,3.5820,0.4611,0.0868,0.1897,0.3680,0.1180,0.6120,22.2610,0.3630,15158625280.0000,13189000192.0000,1.1493,57550471168,0.1500,0.0100,1.9000,252857950,8.3300,7.5500,8.4400,9.1000,0.2634,OK,0,7.8800,True,True,False,False,False,False,VOLUME|ABNORMAL20,False,7-15d,XLF,,JPM|BAC|WFC,interest_rates|yield_curve|credit_spreads|loan_growth,NEXT_SESSION_OPEN,0.7500,-5.0000,7,1.5000,5,EXIT_AT_OPEN_IF_OPEN_BELOW_SL,SL_FIRST,10,PENDING_NEXT_OPEN,6.1879,4.6409,232.2409,216.2200,2.0391,Exact TP/SL are fixed from the actual T+1 opening/entry price,37,2026-11-04,False,2026-08-05,8.9900,6.0700,48.0000,ALCISTA FUERTE,10,771.3500,7.9100,52.5000,14.8700,SIDI_SHADOW_V1: Fund≥6.5 · DD60≥12% · RSI<40 · MACD↑ · Vol↓ · SPY20≤+1% · Abnormal20≤-10%,SIDI_SHADOW_V1,True
INCY,Incyte,Health Care,Biotechnology,2017-02-28,123.8900,125.7200,126.0000,123.0700,123.8900,2026-09-28,44.0000,51.7600,DOWN,-0.2743,-0.2202,-0.1378,False,0.3783,3.3086,0.9150,2.6710,123.2400,106.2500,124.7000,0.5200,16.6000,True,2.0447,ALCISTA,-4.6500,-6.5700,129.9300,132.6000,132.6000,81.0900,-6.5700,52.7800,0.8010,True,True,115.7700,1,130.5300,False,-6.5500,HAMMER,6.5500,10.0000,5.0000,7.5000,4,5.0000,7.0000,False,False,False,False,False,True,5.3400,8.0100,1.5000,SIDI_SHADOW_V1,0.2808,-5.6415,0.0166,1.0167,294,XLV,True,15.7822,13.9965,3.9245,4.3152,10.6140,0.3067,0.1683,0.2771,0.5566,0.3770,0.3770,0.6030,4.5930,1180664576.0000,1612382976.0000,0.7322,25112223744,0.7700,7.6200,,202697746,8.7000,10.0000,8.7500,7.1400,0.0470,FCF/NI:0.73,1,7.8400,True,True,False,False,False,False,DD12|RSI40|MACD|ABNORMAL20,False,10-18d,XLV,,UNH|JNJ|LLY,fda_calendar|drug_pricing_policy|patent_cliffs,NEXT_SESSION_OPEN,0.7500,-5.0000,7,1.5000,5,EXIT_AT_OPEN_IF_OPEN_BELOW_SL,SL_FIRST,10,PENDING_NEXT_OPEN,3.3086,2.4815,126.3714,117.6955,2.0029,Exact TP/SL are fixed from the actual T+1 opening/entry price,29,2026-10-27,False,2026-07-28,3.0900,2.1500,44.0000,ALCISTA FUERTE,10,771.3500,7.9100,52.5000,14.8700,SIDI_SHADOW_V1: Fund≥6.5 · DD60≥12% · RSI<40 · MACD↑ · Vol↓ · SPY20≤+1% · Abnormal20≤-10%,SIDI_SHADOW_V1,True
NEM,Newmont,Materials,Gold,1969-06-30,121.4300,121.0100,121.9400,119.9000,121.4300,2026-09-28,37.8600,43.3800,DOWN,-1.2549,-1.2377,-1.1440,False,0.1541,4.0600,0.9980,3.3430,115.3400,110.6100,123.5600,5.2800,9.7800,True,3.4843,ALCISTA,-9.9600,-10.0600,134.8600,135.0100,135.0100,75.3400,-10.0600,61.1700,0.4610,True,True,120.5800,4,135.0100,True,-0.7000,HAMMER|DOJI|HAMMER,7.8200,10.0000,6.5000,7.5000,9,6.5000,7.0000,False,False,False,True,False,True,6.6900,10.0300,1.5000,SIDI_SHADOW_V1,0.2808,0.5545,0.9350,1.2853,294,XLB,True,15.3127,11.8566,3.6487,4.9656,7.3110,0.2591,0.1575,0.3336,0.6804,0.1510,0.1140,15.8070,2.5460,8815875072.0000,8597000192.0000,1.0255,127949856768,0.5430,2.0900,0.8600,1053692271,7.7800,6.7700,8.6300,7.9500,0.0689,OK,0,7.8000,True,True,False,False,False,False,DD12|MACD|ABNORMAL20,False,10-18d,XLB,Gold Miner,LIN|APD|ECL,gold_price|real_yields|commodity_prices|dxy|china_demand|energy_costs,NEXT_SESSION_OPEN,0.7500,-5.0000,7,1.5000,5,EXIT_AT_OPEN_IF_OPEN_BELOW_SL,SL_FIRST,10,PENDING_NEXT_OPEN,4.0600,3.0450,124.4750,115.3585,2.5076,Exact TP/SL are fixed from the actual T+1 opening/entry price,24,2026-10-22,False,2026-07-23,2.1000,1.9900,5.7000,ALCISTA FUERTE,10,771.3500,7.9100,52.5000,14.8700,SIDI_SHADOW_V1: Fund≥6.5 · DD60≥12% · RSI<40 · MACD↑ · Vol↓ · SPY20≤+1% · Abnormal20≤-10%,SIDI_SHADOW_V1,True
GEV,GE Vernova,Industrials,Heavy Electrical Equipment,2024-04-02,957.6300,961.3300,965.3450,943.3920,957.6300,2026-09-28,52.8400,54.5000,DOWN,7.1450,6.8839,5.6080,True,0.7462,35.9453,0.6990,3.7540,972.9000,909.8600,944.3300,-1.5700,5.2500,True,3.9617,NEUTRO,-16.8800,-19.9300,1152.0400,1195.9400,1195.9399,529.1800,-19.9300,80.9700,0.6020,True,True,897.6800,1,978.1100,False,-6.2600,HAMMER|DOJI|HAMMER,6.7500,8.5000,6.0000,7.5000,4,7.0000,7.0000,False,False,True,False,True,True,7.5100,11.2600,1.5000,SIDI_SHADOW_V1,0.2808,5.9630,0.6703,1.3718,294,XLI,True,27.4707,38.1135,21.3304,6.1655,62.9510,0.8258,0.0254,0.2303,0.2057,0.2190,0.3280,28.3640,0.8500,15722125312.0000,9528999936.0000,1.6499,255049023488,0.9670,4.2000,0.2100,266333581,8.4900,10.0000,8.5700,6.6400,0.0616,OK,0,7.7900,True,True,False,False,False,False,RSI40|ABNORMAL20,False,7-15d,XLI,,CAT|UNP|HON,pmi_manufacturing|supply_chain|capex_cycle,NEXT_SESSION_OPEN,0.7500,-5.0000,7,1.5000,5,EXIT_AT_OPEN_IF_OPEN_BELOW_SL,SL_FIRST,10,PENDING_NEXT_OPEN,35.9453,26.9590,984.5890,909.7485,2.8152,Exact TP/SL are fixed from the actual T+1 opening/entry price,30,2026-10-28,False,2026-07-22,2.4700,3.1800,-22.4000,ALCISTA FUERTE,10,771.3500,7.9100,52.5000,14.8700,SIDI_SHADOW_V1: Fund≥6.5 · DD60≥12% · RSI<40 · MACD↑ · Vol↓ · SPY20≤+1% · Abnormal20≤-10%,SIDI_SHADOW_V1,True
FIX,Comfort Systems USA,Industrials,Construction & Engineering,2025-12-22,1658.9100,1656.2700,1671.6400,1625.0100,1658.9100,2026-09-28,55.1500,63.1900,DOWN,10.7775,9.6189,8.9560,True,0.8156,70.2228,0.7370,4.2330,1664.3700,1537.6800,1626.8500,-0.3300,7.8800,True,4.4702,NEUTRO,-11.8200,-12.0100,1881.1800,1885.4400,2072.1001,755.4500,-19.9400,119.5900,0.6920,True,True,1620.1700,1,1699.8400,True,-2.3400,HAMMER|DOJI|BULL_ENGULF|HAMMER|DOJI,7.4500,8.5000,6.0000,7.5000,7,7.0000,9.5000,False,False,False,False,True,True,8.4700,12.7000,1.5000,SIDI_SHADOW_V1,0.2808,9.5602,0.7819,1.7412,294,XLI,True,40.8196,27.5665,18.1203,5.1999,28.3380,0.5529,0.1704,0.1278,0.2566,0.5030,0.9190,11.4980,1.2140,1841915392.0000,1434401024.0000,1.2841,58384224256,1.6760,2.3800,0.2200,35194329,7.8800,10.0000,8.7500,4.3900,0.0315,OK,0,7.7100,True,True,False,False,False,False,DD12|RSI40|ABNORMAL20,False,7-15d,XLI,,CAT|UNP|HON,pmi_manufacturing|supply_chain|capex_cycle,NEXT_SESSION_OPEN,0.7500,-5.0000,7,1.5000,5,EXIT_AT_OPEN_IF_OPEN_BELOW_SL,SL_FIRST,10,PENDING_NEXT_OPEN,70.2228,52.6671,1711.5771,1575.9645,3.1748,Exact TP/SL are fixed from the actual T+1 opening/entry price,24,2026-10-22,False,2026-07-23,12.5300,10.4600,19.9000,ALCISTA FUERTE,10,771.3500,7.9100,52.5000,14.8700,SIDI_SHADOW_V1: Fund≥6.5 · DD60≥12% · RSI<40 · MACD↑ · Vol↓ · SPY20≤+1% · Abnormal20≤-10%,SIDI_SHADOW_V1,True
UBER,Uber,Industrials,Passenger Ground Transportation,2023-12-18,69.6200,69.2700,69.6700,68.7960,69.6200,2026-09-28,25.4400,23.3700,UP,-0.3853,-0.4669,-0.5252,True,0.2333,1.7990,0.7090,2.5840,73.3000,75.1500,71.9500,-5.0200,-7.3600,False,-2.1673,BAJISTA,-13.3500,-15.4700,80.3500,82.3600,101.3000,65.4100,-31.2700,6.4400,0.5870,True,True,69.4600,3,76.3000,True,-0.2300,HAMMER|DOJI,7.8800,5.0000,9.5000,7.5000,10,8.5000,7.0000,True,True,True,True,True,True,5.1700,7.7500,1.5000,SIDI_SHADOW_V1,0.2808,-9.7615,1.0414,-0.2303,294,XLI,True,15.2675,15.7744,5.1994,2.5749,20.4210,0.3716,0.0688,0.1734,0.4075,0.1220,0.8550,51.8720,0.8430,7244749824.0000,9578999808.0000,0.7563,142203043840,1.1590,2.6400,,2042560121,7.6000,8.3900,6.7700,7.6500,0.0509,OK,0,7.7100,True,True,False,True,False,False,ABNORMAL20,True,5-10d,XLI,,CAT|UNP|HON,pmi_manufacturing|supply_chain|capex_cycle,NEXT_SESSION_OPEN,0.7500,-5.0000,7,1.5000,5,EXIT_AT_OPEN_IF_OPEN_BELOW_SL,SL_FIRST,10,PENDING_NEXT_OPEN,1.7990,1.3493,70.9693,66.1390,1.9380,Exact TP/SL are fixed from the actual T+1 opening/entry price,36,2026-11-03,False,2026-08-05,1.1700,0.8300,40.2000,ALCISTA FUERTE,10,771.3500,7.9100,52.5000,14.8700,SIDI_SHADOW_V1: Fund≥6.5 · DD60≥12% · RSI<40 · MACD↑ · Vol↓ · SPY20≤+1% · Abnormal20≤-10%,SIDI_SHADOW_V1,True
EXPE,Expedia Group,Consumer Discretionary,"Hotels, Resorts & Cruise Lines",2007-10-02,264.1700,262.1500,269.2600,261.0500,264.1700,2026-09-28,30.8500,24.6300,UP,-3.0562,-3.3008,-2.1012,True,0.1880,13.2900,1.0960,5.0310,297.6900,259.5400,284.5300,-11.2600,1.7800,True,1.2453,NEUTRO,-21.9900,-22.6500,338.6400,341.5100,341.5100,184.2800,-22.6500,43.3500,0.8760,False,False,261.4300,1,277.0900,True,-1.0400,HAMMER,7.1200,8.5000,8.5000,5.0000,7,6.5000,7.0000,False,False,True,True,True,False,10.0600,15.0900,1.5000,SIDI_SHADOW_V1,0.2808,-18.0171,-1.1170,1.4615,294,XLY,True,16.6145,10.7975,26.2203,2.0195,10.9100,0.8949,0.0611,0.1297,0.9043,0.1400,1.8870,230.2710,0.8010,3434374912.0000,2036000000.0000,1.6868,31705511936,1.2500,3.7800,0.7300,114495891,8.0000,10.0000,7.0200,6.8200,0.1083,D/E:230,1,7.6500,True,True,True,False,False,False,VOLUME,False,7-15d,XLY,,AMZN|TSLA|HD,consumer_spending|employment_data|interest_rates,NEXT_SESSION_OPEN,0.7500,-5.0000,7,1.5000,5,EXIT_AT_OPEN_IF_OPEN_BELOW_SL,SL_FIRST,10,PENDING_NEXT_OPEN,13.2900,9.9675,274.1375,250.9615,3.7731,Exact TP/SL are fixed from the actual T+1 opening/entry price,38,2026-11-05,False,2026-08-05,5.7600,5.2500,9.7000,ALCISTA FUERTE,10,771.3500,7.9100,52.5000,14.8700,SIDI_SHADOW_V1: Fund≥6.5 · DD60≥12% · RSI<40 · MACD↑ · Vol↓ · SPY20≤+1% · Abnormal20≤-10%,SIDI_SHADOW_V1,True
EOG,EOG Resources,Energy,Oil & Gas Exploration & Production,2000-11-02,140.3500,140.6100,141.7900,139.6900,140.3500,2026-09-28,41.9100,51.5300,DOWN,-0.9102,-0.8749,-1.0318,False,0.1274,3.9150,1.0460,2.7890,144.6100,130.0000,144.3800,-2.9400,7.9600,True,3.1127,NEUTRO,-8.7100,-8.9600,153.7400,154.1600,154.1600,99.1200,-8.9600,41.6000,0.7900,True,True,138.9100,1,142.7700,True,-1.0300,HAMMER|HAMMER,7.1500,8.5000,5.0000,7.5000,7,8.0000,7.0000,False,False,False,False,False,True,5.5800,8.3700,1.5000,SIDI_SHADOW_V1,0.2808,-3.5128,-0.3025,1.1264,294,XLE,True,10.9137,9.4060,2.3146,2.7976,5.3090,0.2251,0.1102,0.2573,0.6264,0.5870,1.0940,25.8910,1.8510,4478750208.0000,6876000256.0000,0.6514,74754416640,0.2720,5.3500,2.9100,532628530,7.8600,9.4600,6.4100,7.6800,0.0599,FCF/NI:0.65,1,7.5800,True,True,False,False,False,False,DD12|RSI40|MACD|ABNORMAL20,False,7-15d,XLE,,XOM|CVX|COP,oil_price|gas_price|opec_supply|inventories,NEXT_SESSION_OPEN,0.7500,-5.0000,7,1.5000,5,EXIT_AT_OPEN_IF_OPEN_BELOW_SL,SL_FIRST,10,PENDING_NEXT_OPEN,3.9150,2.9363,143.2862,133.3325,2.0921,Exact TP/SL are fixed from the actual T+1 opening/entry price,38,2026-11-05,False,2026-08-04,5.0700,4.9700,2.1000,ALCISTA FUERTE,10,771.3500,7.9100,52.5000,14.8700,SIDI_SHADOW_V1: Fund≥6.5 · DD60≥12% · RSI<40 · MACD↑ · Vol↓ · SPY20≤+1% · Abnormal20≤-10%,SIDI_SHADOW_V1,True
PLD,Prologis,Real Estate,Industrial REITs,2003-07-17,133.0500,133.9400,134.3600,132.7200,133.0500,2026-09-28,38.8400,36.2900,UP,-0.0068,0.0508,0.1319,False,0.1682,2.1601,0.7790,1.6240,139.4500,135.8600,135.7000,-4.5900,-2.0700,True,0.9891,BAJISTA,-10.6300,-12.5500,148.8800,152.1400,152.1400,107.6500,-12.5500,23.5900,0.7770,True,True,135.2300,6,145.7100,True,1.6400,HAMMER|DOJI,7.8800,7.0000,7.5000,7.5000,10,8.5000,7.0000,False,False,False,True,False,True,3.2500,4.8700,1.5000,SIDI_SHADOW_V1,0.2808,1.3123,0.2134,1.0522,294,XLRE,True,29.6987,39.9150,2.3133,13.3924,24.3320,0.0775,0.0252,0.4358,0.7555,0.1230,0.8530,63.8230,0.6490,5406941184.0000,4202444032.0000,1.2866,129336762368,1.3160,6.1900,3.2200,950333372,7.3700,10.0000,5.9500,5.9400,0.0418,OK,0,7.5700,True,True,False,False,False,False,DD12|MACD|ABNORMAL20,False,3-7d,XLRE,,AMT|EQIX|SPG,interest_rates|cap_rates|occupancy_trends,NEXT_SESSION_OPEN,0.7500,-5.0000,7,1.5000,5,EXIT_AT_OPEN_IF_OPEN_BELOW_SL,SL_FIRST,10,PENDING_NEXT_OPEN,2.1601,1.6201,134.6701,126.3975,1.2176,Exact TP/SL are fixed from the actual T+1 opening/entry price,17,2026-10-15,False,2026-07-16,1.1100,0.7500,48.3000,ALCISTA FUERTE,10,771.3500,7.9100,52.5000,14.8700,SIDI_SHADOW_V1: Fund≥6.5 · DD60≥12% · RSI<40 · MACD↑ · Vol↓ · SPY20≤+1% · Abnormal20≤-10%,SIDI_SHADOW_V1,True
DXCM,Dexcom,Health Care,Health Care Equipment,2020-05-12,86.6200,87.3800,87.6400,86.3600,86.6200,2026-09-28,45.9700,45.3700,UP,-0.1903,-0.1031,-0.0045,False,0.4013,2.3286,0.8640,2.6880,85.1300,72.5700,87.4100,1.7500,19.3600,True,3.7533,ALCISTA,-6.1900,-6.4500,92.3400,92.5900,92.5900,54.1100,-6.4500,60.0800,0.4720,True,True,87.5100,1,92.4600,True,1.0300,HAMMER,7.2000,10.0000,6.0000,7.5000,7,5.0000,7.0000,False,False,False,False,False,True,5.3800,8.0600,1.5000,SIDI_SHADOW_V1,0.2808,-5.5152,0.4817,0.6529,294,XLV,True,34.2372,27.7267,12.4705,6.5779,22.9040,0.3849,0.1033,0.2012,0.6247,0.1310,0.4360,53.3460,1.7330,1021162496.0000,999699968.0000,1.0215,32686991360,1.4190,4.4900,,377360765,7.5900,9.9600,7.8800,4.4900,0.0312,OK,0,7.4300,True,True,False,False,False,False,DD12|RSI40|MACD|ABNORMAL20,False,10-18d,XLV,,UNH|JNJ|LLY,fda_calendar|drug_pricing_policy|patent_cliffs,NEXT_SESSION_OPEN,0.7500,-5.0000,7,1.5000,5,EXIT_AT_OPEN_IF_OPEN_BELOW_SL,SL_FIRST,10,PENDING_NEXT_OPEN,2.3286,1.7464,88.3665,82.2890,2.0162,Exact TP/SL are fixed from the actual T+1 opening/entry price,31,2026-10-29,False,2026-07-30,0.7000,0.6100,15.1000,ALCISTA FUERTE,10,771.3500,7.9100,52.5000,14.8700,SIDI_SHADOW_V1: Fund≥6.5 · DD60≥12% · RSI<40 · MACD↑ · Vol↓ · SPY20≤+1% · Abnormal20≤-10%,SIDI_SHADOW_V1,True
MDT,Medtronic,Health Care,Health Care Equipment,1986-10-31,88.6400,87.6100,88.9900,87.1200,88.6400,2026-09-28,30.8400,53.7000,DOWN,-0.6443,-0.6518,-0.3963,True,0.1076,1.9919,0.9000,2.2470,88.7500,87.3800,90.3400,-0.1200,1.4500,True,-0.6839,NEUTRO,-5.1000,-6.3300,93.4000,94.6300,102.9200,72.0600,-13.8700,23.0000,1.3110,False,False,77.9100,3,89.0000,False,-12.1000,NONE,7.1000,8.0000,7.5000,7.0000,6,8.0000,5.0000,False,False,False,True,True,False,4.4900,6.7400,1.5000,SIDI_SHADOW_V1,0.2808,1.3959,-0.0240,1.0471,294,XLV,True,21.8325,13.8365,2.2588,3.0202,12.8110,0.1065,0.0512,0.1393,0.6527,0.1370,0.4070,55.3650,2.0670,5412499968.0000,5231000064.0000,1.0347,113382785024,0.5740,2.1700,3.2500,1279137890,7.6100,10.0000,5.8100,6.9200,0.0477,OK,0,7.4100,True,True,False,False,False,False,DD12|VOLUME|ABNORMAL20,False,7-15d,XLV,,UNH|JNJ|LLY,fda_calendar|drug_pricing_policy|patent_cliffs,NEXT_SESSION_OPEN,0.7500,-5.0000,7,1.5000,5,EXIT_AT_OPEN_IF_OPEN_BELOW_SL,SL_FIRST,10,PENDING_NEXT_OPEN,1.9919,1.4939,90.1339,84.2080,1.6854,Exact TP/SL are fixed from the actual T+1 opening/entry price,50,2026-11-17,False,2026-09-01,1.4500,1.3900,4.5000,ALCISTA FUERTE,10,771.3500,7.9100,52.5000,14.8700,SIDI_SHADOW_V1: Fund≥6.5 · DD60≥12% · RSI<40 · MACD↑ · Vol↓ · SPY20≤+1% · Abnormal20≤-10%,SIDI_SHADOW_V1,True
TROW,T. Rowe Price,Financials,Asset Management & Custody Banks,2019-07-29,105.5100,104.8600,105.7900,104.1200,105.5100,2026-09-28,36.3000,28.1400,UP,0.1610,0.0232,-0.1558,True,0.4453,2.0361,0.7940,1.9300,110.1500,101.4200,106.0000,-4.2100,4.0300,True,0.9124,NEUTRO,-12.2100,-12.4400,120.1800,120.5000,120.5000,83.1700,-12.4400,26.8500,0.6780,True,True,103.7400,2,120.0900,True,-1.6800,HAMMER|DOJI,7.7000,8.5000,8.5000,7.5000,7,7.0000,7.0000,True,True,True,True,True,True,3.8600,5.7900,1.5000,SIDI_SHADOW_V1,0.2808,-3.7867,0.3824,0.6240,294,XLF,True,10.5934,10.2226,2.0456,2.9646,7.0500,0.1940,0.1066,0.2926,0.5161,0.1070,0.2860,3.7020,4.0390,2023912448.0000,2167300096.0000,0.9338,22506956800,1.4800,20.7000,4.9300,213315850,7.2200,6.1200,8.0700,7.5300,0.0899,OK,0,7.4100,True,True,False,True,False,False,ABNORMAL20,False,7-15d,XLF,,JPM|BAC|WFC,interest_rates|yield_curve|credit_spreads|loan_growth,NEXT_SESSION_OPEN,0.7500,-5.0000,7,1.5000,5,EXIT_AT_OPEN_IF_OPEN_BELOW_SL,SL_FIRST,10,PENDING_NEXT_OPEN,2.0361,1.5271,107.0371,100.2345,1.4473,Exact TP/SL are fixed from the actual T+1 opening/entry price,32,2026-10-30,False,2026-07-31,2.5700,2.5200,2.0000,ALCISTA FUERTE,10,771.3500,7.9100,52.5000,14.8700,SIDI_SHADOW_V1: Fund≥6.5 · DD60≥12% · RSI<40 · MACD↑ · Vol↓ · SPY20≤+1% · Abnormal20≤-10%,SIDI_SHADOW_V1,True
HSY,Hershey Company (The),Consumer Staples,Packaged Foods & Meats,1957-03-04,166.3700,166.5000,167.7500,166.0400,166.3700,2026-09-28,29.8500,27.9900,UP,-0.5167,-0.5600,-0.7263,True,0.1139,3.2636,0.7680,1.9620,176.7700,189.0800,171.9400,-5.8800,-12.0100,False,-0.2804,BAJISTA,-12.4100,-12.6500,189.9400,190.4600,235.8000,156.7000,-29.4400,6.1700,0.6930,True,True,166.9500,2,177.2400,True,0.3500,HAMMER|HAMMER|DOJI,7.6500,5.0000,9.5000,7.5000,7,10.0000,7.0000,True,True,True,True,True,True,3.9200,5.8800,1.5000,SIDI_SHADOW_V1,0.2808,-2.0172,-0.1098,1.2003,294,XLP,True,22.7281,16.8592,7.3262,2.7481,14.1680,0.3281,0.0992,0.1224,0.3838,0.0660,6.3100,129.8210,1.1800,1743636352.0000,1489106944.0000,1.1709,33428000768,0.0970,7.6300,3.4900,146312143,7.2300,8.4600,6.5800,6.5600,0.0522,D/E:130,1,7.4000,True,True,False,True,False,False,ABNORMAL20,True,5-10d,XLP,,PG|KO|PEP,inflation|input_costs|fx_rates,NEXT_SESSION_OPEN,0.7500,-5.0000,7,1.5000,5,EXIT_AT_OPEN_IF_OPEN_BELOW_SL,SL_FIRST,10,PENDING_NEXT_OPEN,3.2636,2.4477,168.8177,158.0515,1.4712,Exact TP/SL are fixed from the actual T+1 opening/entry price,38,2026-11-05,False,2026-07-30,1.9000,1.4300,33.1000,ALCISTA FUERTE,10,771.3500,7.9100,52.5000,14.8700,SIDI_SHADOW_V1: Fund≥6.5 · DD60≥12% · RSI<40 · MACD↑ · Vol↓ · SPY20≤+1% · Abnormal20≤-10%,SIDI_SHADOW_V1,True
RDDT,Reddit,Communication Services,Interactive Media & Services,2026-08-18,149.8400,152.7300,154.7600,149.8200,149.8400,2026-09-28,45.7000,48.2400,DOWN,0.0482,0.3297,0.7938,False,0.2906,7.0606,0.6650,4.7120,159.5100,170.6600,154.7400,-6.0600,-12.2000,False,-2.9775,BAJISTA,-26.2900,-27.9800,203.2700,208.0500,263.5000,119.2700,-43.1300,25.6300,0.6050,True,True,152.6500,1,162.0000,True,1.8800,HAMMER,6.5300,5.0000,5.0000,7.5000,7,8.5000,7.0000,False,False,True,False,False,True,9.4200,14.1400,1.5000,SIDI_SHADOW_V1,0.2808,-6.8860,1.0863,1.3672,294,XLC,True,34.8465,15.4674,8.7708,10.3744,32.5170,0.3071,0.1565,0.3135,0.9144,0.6110,1.7780,0.6350,10.4860,678068736.0000,871094976.0000,0.7784,28828692480,2.0220,3.1600,,146103200,7.9300,10.0000,9.5000,3.6800,0.0235,OK,0,7.3700,True,True,False,False,False,False,RSI40|MACD|ABNORMAL20,False,3-7d,XLC,,GOOGL|META|NFLX,ad_spending_cycle|streaming_competition|regulation,NEXT_SESSION_OPEN,0.7500,-5.0000,7,1.5000,5,EXIT_AT_OPEN_IF_OPEN_BELOW_SL,SL_FIRST,10,PENDING_NEXT_OPEN,7.0606,5.2954,155.1354,142.3480,3.5341,Exact TP/SL are fixed from the actual T+1 opening/entry price,31,2026-10-29,False,2026-07-30,1.2500,0.9600,29.6000,ALCISTA FUERTE,10,771.3500,7.9100,52.5000,14.8700,SIDI_SHADOW_V1: Fund≥6.5 · DD60≥12% · RSI<40 · MACD↑ · Vol↓ · SPY20≤+1% · Abnormal20≤-10%,SIDI_SHADOW_V1,True
WDC,Western Digital,Information Technology,"Technology Hardware, Storage & Peripherals",2009-07-01,456.8100,455.2400,461.9800,447.6900,456.8100,2026-09-28,47.0300,44.3400,UP,4.2082,4.1839,2.7434,True,0.5886,24.6579,0.5720,5.3980,473.8300,393.0700,453.6300,-3.5900,16.2200,True,8.0029,NEUTRO,-21.5600,-25.0200,582.4000,609.2700,799.6100,105.2200,-42.8700,334.1300,0.9220,True,True,432.0600,2,480.2100,False,-5.4200,HAMMER,6.9500,8.5000,7.0000,7.5000,4,7.0000,7.0000,False,False,True,False,True,True,10.8000,16.1900,1.5000,SIDI_SHADOW_V1,0.2808,-12.5525,-1.0294,2.3480,294,XLK,True,16.9755,14.3879,21.8413,12.7486,32.8490,1.3085,0.2076,0.7295,0.4885,0.4380,9.8410,13.4360,1.3290,2268750080.0000,9285999616.0000,0.2443,164698701824,2.1820,2.8600,0.1300,360540944,7.6200,10.0000,7.5400,4.9300,0.0138,FCF/NI:0.24,1,7.3500,True,True,True,False,False,False,RSI40,False,7-15d,XLK,,AAPL|MSFT|NVDA,interest_rates|ai_capex_cycle|semiconductor_cycle,NEXT_SESSION_OPEN,0.7500,-5.0000,7,1.5000,5,EXIT_AT_OPEN_IF_OPEN_BELOW_SL,SL_FIRST,10,PENDING_NEXT_OPEN,24.6579,18.4934,475.3034,433.9695,4.0484,Exact TP/SL are fixed from the actual T+1 opening/entry price,38,2026-11-05,False,2026-08-05,3.5600,3.3000,7.9000,ALCISTA FUERTE,10,771.3500,7.9100,52.5000,14.8700,SIDI_SHADOW_V1: Fund≥6.5 · DD60≥12% · RSI<40 · MACD↑ · Vol↓ · SPY20≤+1% · Abnormal20≤-10%,SIDI_SHADOW_V1,True
NVDA,Nvidia,Information Technology,Semiconductors,2001-11-30,225.0700,225.1300,226.9400,223.1300,225.0700,2026-09-28,43.9800,54.9700,DOWN,0.3709,0.4206,0.4323,False,0.6532,5.2041,0.7460,2.3120,215.7900,199.1300,221.4200,4.3000,13.0300,True,1.9321,ALCISTA,-2.1900,-4.0200,230.1000,234.5000,236.0000,163.9000,-4.6300,37.3300,0.7740,True,True,208.0800,3,232.0300,False,-7.5500,HAMMER|DOJI,7.1500,10.0000,5.0000,7.5000,6,7.0000,7.0000,False,False,False,False,False,True,4.6200,6.9400,1.5000,SIDI_SHADOW_V1,0.2808,-3.0713,0.7561,0.6065,294,XLK,True,28.4899,14.3515,23.7340,17.9383,26.8330,1.1721,0.5357,0.6366,0.7467,1.0590,1.2780,16.9710,4.5890,41809874944.0000,192880001024.0000,0.2168,5434765213696,2.2170,2.2900,0.4400,24147000000,7.3800,10.0000,8.2500,3.3200,0.0077,FCF/NI:0.22,1,7.2900,True,True,False,False,False,False,DD12|RSI40|MACD|ABNORMAL20,False,10-18d,XLK,,AAPL|MSFT|AVGO,interest_rates|ai_capex_cycle|semiconductor_cycle,NEXT_SESSION_OPEN,0.7500,-5.0000,7,1.5000,5,EXIT_AT_OPEN_IF_OPEN_BELOW_SL,SL_FIRST,10,PENDING_NEXT_OPEN,5.2041,3.9031,228.9731,213.8165,1.7342,Exact TP/SL are fixed from the actual T+1 opening/entry price,50,2026-11-17,False,2026-08-26,2.2200,2.0900,6.2000,ALCISTA FUERTE,10,771.3500,7.9100,52.5000,14.8700,SIDI_SHADOW_V1: Fund≥6.5 · DD60≥12% · RSI<40 · MACD↑ · Vol↓ · SPY20≤+1% · Abnormal20≤-10%,SIDI_SHADOW_V1,True
BRK-B,Berkshire Hathaway,Financials,Multi-Sector Holdings,2010-02-16,505.4800,505.2500,505.8700,502.2400,505.4800,2026-09-28,49.3200,56.6400,DOWN,-0.7431,-0.7258,-0.6314,False,0.3806,6.5229,0.9490,1.2900,506.2900,492.6500,507.3300,-0.1600,2.6000,True,0.0578,NEUTRO,-4.5200,-6.0000,529.4200,537.7400,537.7400,464.0100,-6.0000,8.9400,0.6470,True,True,495.0900,7,512.5800,True,-2.0600,HAMMER|DOJI,7.0000,8.5000,5.0000,7.5000,9,5.0000,7.0000,False,False,False,False,False,True,2.5800,3.8700,1.5000,SIDI_SHADOW_V1,0.2808,3.8099,-0.1678,0.5372,294,XLF,True,12.7069,22.7770,0.0010,2.8129,-1.7900,0.1212,0.0601,0.2230,0.3033,0.1000,1.0780,17.1420,2.8910,71975247872.0000,85768003584.0000,0.8392,1082085998592,0.6030,2.3300,,1408035161,7.4300,7.0900,7.1100,8.2100,0.0665,OK,0,7.2600,True,True,False,False,False,False,DD12|RSI40|MACD|ABNORMAL20,False,7-15d,XLF,,JPM|BAC|WFC,interest_rates|yield_curve|credit_spreads|loan_growth,NEXT_SESSION_OPEN,0.7500,-5.0000,7,1.5000,5,EXIT_AT_OPEN_IF_OPEN_BELOW_SL,SL_FIRST,10,PENDING_NEXT_OPEN,6.5229,4.8922,510.3722,480.2060,0.9678,Exact TP/SL are fixed from the actual T+1 opening/entry price,40,2026-11-07,False,2026-08-08,6.0300,5.1300,17.4000,ALCISTA FUERTE,10,771.3500,7.9100,52.5000,14.8700,SIDI_SHADOW_V1: Fund≥6.5 · DD60≥12% · RSI<40 · MACD↑ · Vol↓ · SPY20≤+1% · Abnormal20≤-10%,SIDI_SHADOW_V1,True
INVH,Invitation Homes,Real Estate,Single-Family Residential REITs,2022-09-19,26.6200,26.5200,26.6550,26.1950,26.6200,2026-09-28,19.0200,3.9500,UP,-0.0381,-0.0626,-0.0922,True,0.2337,0.4273,0.8480,1.6050,28.8000,27.2300,27.4500,-7.5600,-2.2500,True,0.2933,BAJISTA,-11.8200,-12.8600,30.1900,30.5500,30.5500,23.4500,-12.8600,13.5100,0.9750,False,False,,0,29.0700,False,,HAMMER,6.7300,7.0000,9.5000,5.0000,5,6.5000,7.0000,False,False,False,True,True,False,3.2100,4.8200,1.5000,SIDI_SHADOW_V1,0.2808,-3.6722,-0.1434,0.9763,294,XLRE,True,24.4220,37.4460,1.7364,5.5205,16.1520,0.0705,0.0248,0.2320,0.5626,0.1010,0.6050,94.4250,0.4300,1168785536.0000,658753984.0000,1.7742,15722390528,0.8310,3.7600,4.5100,590623226,7.6100,10.0000,5.3800,7.4200,0.0743,D/E:94,1,7.2600,True,True,False,False,False,False,DD12|VOLUME|ABNORMAL20,False,3-7d,XLRE,,PLD|AMT|EQIX,interest_rates|cap_rates|occupancy_trends,NEXT_SESSION_OPEN,0.7500,-5.0000,7,1.5000,5,EXIT_AT_OPEN_IF_OPEN_BELOW_SL,SL_FIRST,10,PENDING_NEXT_OPEN,0.4273,0.3205,26.9405,25.2890,1.2039,Exact TP/SL are fixed from the actual T+1 opening/entry price,30,2026-10-28,False,2026-07-29,0.1500,0.1400,9.8000,ALCISTA FUERTE,10,771.3500,7.9100,52.5000,14.8700,SIDI_SHADOW_V1: Fund≥6.5 · DD60≥12% · RSI<40 · MACD↑ · Vol↓ · SPY20≤+1% · Abnormal20≤-10%,SIDI_SHADOW_V1,True
APP,AppLovin,Communication Services,Advertising,2025-09-22,310.7500,312.5000,316.0100,308.3300,310.7500,2026-09-28,45.6400,44.9800,UP,2.0206,2.7572,4.6691,False,0.2693,15.6049,0.7000,5.0220,343.4200,466.4000,321.1100,-9.5100,-33.3700,False,-5.5849,BAJISTA,-42.8500,-46.0900,543.7900,576.4600,745.6100,297.5000,-58.3200,4.4500,0.6170,True,True,300.2500,3,336.9000,True,-3.3800,HAMMER|DOJI,7.0200,5.0000,6.0000,7.5000,9,8.5000,7.0000,False,False,True,False,False,True,10.0400,15.0700,1.5000,SIDI_SHADOW_V1,0.2808,6.9454,1.2771,0.7121,294,XLC,True,23.8671,14.8112,32.9394,15.2278,19.2900,2.0369,0.4646,0.6458,0.8846,0.5280,0.5700,111.1300,4.3000,3179956224.0000,4409847808.0000,0.7211,103992647680,2.4880,2.3600,,304443000,7.4100,10.0000,7.3000,4.5000,0.0306,FCF/NI:0.72|D/E:111,2,7.2500,True,True,False,False,False,False,RSI40|MACD|ABNORMAL20,False,3-7d,XLC,,GOOGL|META|NFLX,ad_spending_cycle|streaming_competition|regulation,NEXT_SESSION_OPEN,0.7500,-5.0000,7,1.5000,5,EXIT_AT_OPEN_IF_OPEN_BELOW_SL,SL_FIRST,10,PENDING_NEXT_OPEN,15.6049,11.7037,322.4537,295.2125,3.7663,Exact TP/SL are fixed from the actual T+1 opening/entry price,37,2026-11-04,False,2026-08-05,3.7600,3.7400,43.0000,ALCISTA FUERTE,10,771.3500,7.9100,52.5000,14.8700,SIDI_SHADOW_V1: Fund≥6.5 · DD60≥12% · RSI<40 · MACD↑ · Vol↓ · SPY20≤+1% · Abnormal20≤-10%,SIDI_SHADOW_V1,True
AMCR,Amcor,Materials,Paper & Plastic Packaging Products & Materials,2019-06-07,42.5100,42.5800,42.7500,41.9400,42.5100,2026-09-28,32.1100,20.8400,UP,-0.0566,-0.1008,-0.1801,True,0.3364,0.8950,0.7790,2.1050,44.6400,41.6800,43.3100,-4.7700,1.9900,True,0.8328,NEUTRO,-11.2600,-11.8900,47.9000,48.2500,48.7600,35.1500,-12.8100,20.9400,0.7230,True,True,41.3700,5,47.3200,True,-2.6900,HAMMER|DOJI,8.0000,8.5000,8.5000,7.5000,9,7.0000,7.0000,False,True,False,True,True,True,4.2100,6.3200,1.5000,SIDI_SHADOW_V1,0.2808,0.5039,0.4051,1.2046,294,XLB,True,17.8613,9.7575,1.6656,0.8361,9.5230,0.0940,0.0357,0.0471,0.1995,0.2590,,128.2940,1.2540,1504000000.0000,1106000000.0000,1.3599,19654313984,0.5950,6.2500,6.1200,462345690,6.7400,7.5000,4.8600,8.0400,0.0765,D/E:128,1,7.2400,True,True,False,False,False,False,DD12|ABNORMAL20,True,7-15d,XLB,,LIN|APD|ECL,commodity_prices|dxy|china_demand|energy_costs,NEXT_SESSION_OPEN,0.7500,-5.0000,7,1.5000,5,EXIT_AT_OPEN_IF_OPEN_BELOW_SL,SL_FIRST,10,PENDING_NEXT_OPEN,0.8950,0.6713,43.1812,40.3845,1.5790,Exact TP/SL are fixed from the actual T+1 opening/entry price,38,2026-11-05,False,2026-08-12,1.2300,1.1800,4.2000,ALCISTA FUERTE,10,771.3500,7.9100,52.5000,14.8700,SIDI_SHADOW_V1: Fund≥6.5 · DD60≥12% · RSI<40 · MACD↑ · Vol↓ · SPY20≤+1% · Abnormal20≤-10%,SIDI_SHADOW_V1,True
BMY,Bristol Myers Squibb,Health Care,Pharmaceuticals,1957-03-04,62.8600,61.7500,62.9100,61.4000,62.8600,2026-09-28,27.3500,27.7200,DOWN,-0.3694,-0.5053,-0.5042,True,0.3209,1.2671,0.7960,2.0160,64.3500,58.4100,63.6500,-2.3200,7.6100,True,3.0632,NEUTRO,-7.6800,-8.4200,68.0900,68.6400,68.6400,41.1300,-8.4200,52.8300,1.0040,False,False,63.0000,1,68.3300,True,0.2200,HAMMER,7.2000,8.5000,8.5000,5.0000,7,7.0000,7.0000,False,False,False,True,True,False,4.0300,6.0500,1.5000,SIDI_SHADOW_V1,0.2808,-6.2502,0.0110,1.0095,294,XLV,True,13.8458,9.5753,5.7538,2.6106,8.5790,0.4660,0.1072,0.1887,0.7166,0.0570,1.5310,201.8590,1.5320,8114375168.0000,9281999872.0000,0.8742,128405045248,0.2270,5.3600,4.0100,2042714656,7.2700,6.8800,7.1100,7.9400,0.0632,D/E:202,1,7.2400,True,True,False,False,False,False,DD12|VOLUME|ABNORMAL20,False,5-10d,XLV,,UNH|JNJ|LLY,fda_calendar|drug_pricing_policy|patent_cliffs,NEXT_SESSION_OPEN,0.7500,-5.0000,7,1.5000,5,EXIT_AT_OPEN_IF_OPEN_BELOW_SL,SL_FIRST,10,PENDING_NEXT_OPEN,1.2671,0.9503,63.8103,59.7170,1.5118,Exact TP/SL are fixed from the actual T+1 opening/entry price,31,2026-10-29,False,2026-07-30,2.0400,1.6000,27.7000,ALCISTA FUERTE,10,771.3500,7.9100,52.5000,14.8700,SIDI_SHADOW_V1: Fund≥6.5 · DD60≥12% · RSI<40 · MACD↑ · Vol↓ · SPY20≤+1% · Abnormal20≤-10%,SIDI_SHADOW_V1,True
HAS,Hasbro,Consumer Discretionary,Leisure Products,1984-09-30,88.0900,87.1000,88.3000,86.5700,88.0900,2026-09-28,32.9500,23.1500,UP,-0.4332,-0.5958,-0.6776,True,0.2930,2.1914,0.9240,2.4880,91.3500,89.0300,89.5700,-3.5700,-1.0600,True,1.4221,BAJISTA,-8.9400,-10.3000,96.7400,98.2000,104.6000,67.3300,-15.7800,30.8400,0.9930,True,True,81.7000,3,87.1600,False,-7.2500,HAMMER|HAMMER|DOJI,7.3300,7.0000,8.5000,7.5000,7,6.5000,7.0000,False,True,False,True,True,True,4.9800,7.4600,1.5000,SIDI_SHADOW_V1,0.2808,-5.3195,0.3102,0.2637,294,XLY,True,15.6744,13.5238,17.6462,2.4983,11.4980,1.5956,0.1308,0.1597,0.6382,0.1620,,531.0420,1.6610,688150016.0000,794099968.0000,0.8666,12424606720,0.4660,5.3500,3.1800,141044467,7.1800,7.5000,7.0600,6.9500,0.0554,D/E:531,1,7.2400,True,True,False,False,False,False,DD12|ABNORMAL20,True,3-7d,XLY,,AMZN|TSLA|HD,consumer_spending|employment_data|interest_rates,NEXT_SESSION_OPEN,0.7500,-5.0000,7,1.5000,5,EXIT_AT_OPEN_IF_OPEN_BELOW_SL,SL_FIRST,10,PENDING_NEXT_OPEN,2.1914,1.6435,89.7336,83.6855,1.8658,Exact TP/SL are fixed from the actual T+1 opening/entry price,24,2026-10-22,False,2026-07-21,1.2800,1.1300,12.8000,ALCISTA FUERTE,10,771.3500,7.9100,52.5000,14.8700,SIDI_SHADOW_V1: Fund≥6.5 · DD60≥12% · RSI<40 · MACD↑ · Vol↓ · SPY20≤+1% · Abnormal20≤-10%,SIDI_SHADOW_V1,True
EXPD,Expeditors International,Industrials,Air Freight & Logistics,2007-10-10,187.4600,183.8100,188.4000,183.7100,187.4600,2026-09-28,47.9100,49.9400,DOWN,-0.9745,-1.0381,-0.5760,True,0.3452,4.0421,1.0250,2.1560,183.8900,161.3300,188.2100,1.9400,16.2000,True,2.9668,ALCISTA,-3.3200,-3.6600,193.9000,194.5900,194.5900,111.7800,-3.6600,67.7000,0.8250,False,False,158.9600,1,183.9000,False,-15.2000,HAMMER|DOJI,6.2500,10.0000,6.0000,5.0000,4,5.0000,7.0000,False,False,False,False,True,False,4.3100,6.4700,1.5000,SIDI_SHADOW_V1,0.2808,-5.1382,0.1538,0.1478,294,XLI,True,27.3265,23.6465,11.5041,2.0246,18.9170,0.4267,0.1523,0.0763,0.1355,0.3210,0.5150,26.7450,1.5660,797562240.0000,918798976.0000,0.8680,24368044032,1.0580,5.7700,0.8600,129990622,7.8900,10.0000,8.2900,4.9700,0.0327,OK,0,7.2300,True,True,False,False,False,False,DD12|RSI40|VOLUME|ABNORMAL20,False,10-18d,XLI,,CAT|UNP|HON,pmi_manufacturing|supply_chain|capex_cycle,NEXT_SESSION_OPEN,0.7500,-5.0000,7,1.5000,5,EXIT_AT_OPEN_IF_OPEN_BELOW_SL,SL_FIRST,10,PENDING_NEXT_OPEN,4.0421,3.0316,190.4916,178.0870,1.6172,Exact TP/SL are fixed from the actual T+1 opening/entry price,36,2026-11-03,False,2026-08-04,2.0300,1.6900,19.9000,ALCISTA FUERTE,10,771.3500,7.9100,52.5000,14.8700,SIDI_SHADOW_V1: Fund≥6.5 · DD60≥12% · RSI<40 · MACD↑ · Vol↓ · SPY20≤+1% · Abnormal20≤-10%,SIDI_SHADOW_V1,True
RTX,RTX Corporation,Industrials,Aerospace & Defense,1957-03-04,189.4000,188.0700,189.5800,187.5600,189.4000,2026-09-28,23.0000,15.2100,UP,-0.6342,-0.7224,-0.8128,True,0.1571,3.7964,0.8230,2.0040,207.3600,193.5400,197.3300,-8.6600,-2.1400,True,1.3879,BAJISTA,-16.0100,-16.3500,225.4900,226.4100,226.4100,153.3600,-16.3500,23.5000,0.9410,True,True,191.6200,3,203.2600,True,1.1700,HAMMER|DOJI,7.9800,7.0000,9.5000,7.5000,10,6.5000,7.0000,True,True,True,True,True,True,4.0100,6.0100,1.5000,SIDI_SHADOW_V1,0.2808,-7.6209,-0.7891,1.0550,294,XLI,True,33.3451,24.1231,3.8457,2.7301,18.0930,0.1227,0.0421,0.0828,0.2035,0.1450,0.2870,57.0200,1.0110,9880000512.0000,7737999872.0000,1.2768,255265374208,0.2870,3.3500,1.5400,1347758144,6.6900,9.1300,5.1200,5.6900,0.0387,OK,0,7.2100,True,True,False,True,False,False,ABNORMAL20,True,5-10d,XLI,,CAT|UNP|HON,pmi_manufacturing|supply_chain|capex_cycle,NEXT_SESSION_OPEN,0.7500,-5.0000,7,1.5000,5,EXIT_AT_OPEN_IF_OPEN_BELOW_SL,SL_FIRST,10,PENDING_NEXT_OPEN,3.7964,2.8473,192.2473,179.9300,1.5033,Exact TP/SL are fixed from the actual T+1 opening/entry price,22,2026-10-20,False,2026-07-23,1.8900,1.6600,13.7000,ALCISTA FUERTE,10,771.3500,7.9100,52.5000,14.8700,SIDI_SHADOW_V1: Fund≥6.5 · DD60≥12% · RSI<40 · MACD↑ · Vol↓ · SPY20≤+1% · Abnormal20≤-10%,SIDI_SHADOW_V1,True
FIS,Fidelity National Information Services,Financials,Transaction & Payment Processing Services,2006-11-10,35.4100,35.0700,35.6100,34.9100,35.4100,2026-09-28,14.9900,21.6300,DOWN,-0.2399,-0.3344,-0.4102,True,0.2402,1.1633,0.7980,3.2850,40.3400,46.5800,37.3500,-12.2300,-23.9900,False,-5.0554,BAJISTA,-23.4800,-23.7900,46.2800,46.4600,66.6000,34.2200,-46.8300,3.4800,1.0180,True,True,,0,43.3200,False,,HAMMER,6.7700,5.0000,8.5000,7.5000,4,8.5000,7.0000,True,True,True,True,True,True,6.5700,9.8600,1.5000,SIDI_SHADOW_V1,0.2808,0.7301,-0.6113,1.4652,294,XLF,True,5.4393,5.2848,1.1393,1.5002,11.0030,0.2235,0.0428,0.2765,0.3584,0.2910,,132.5100,0.5350,2653125120.0000,3372999936.0000,0.7866,18302689280,0.8010,3.2800,4.9700,516879151,7.4700,7.5000,5.7300,9.4500,0.1450,OK,0,7.1900,True,True,False,True,False,False,ABNORMAL20,False,3-7d,XLF,,JPM|BAC|WFC,interest_rates|yield_curve|credit_spreads|loan_growth,NEXT_SESSION_OPEN,0.7500,-5.0000,7,1.5000,5,EXIT_AT_OPEN_IF_OPEN_BELOW_SL,SL_FIRST,10,PENDING_NEXT_OPEN,1.1633,0.8725,36.2825,33.6395,2.4639,Exact TP/SL are fixed from the actual T+1 opening/entry price,37,2026-11-04,False,2026-08-04,1.4800,1.4700,54.0000,ALCISTA FUERTE,10,771.3500,7.9100,52.5000,14.8700,SIDI_SHADOW_V1: Fund≥6.5 · DD60≥12% · RSI<40 · MACD↑ · Vol↓ · SPY20≤+1% · Abnormal20≤-10%,SIDI_SHADOW_V1,True
ROST,Ross Stores,Consumer Discretionary,Apparel Retail,2009-12-21,236.1200,235.8700,236.9200,233.3400,236.1200,2026-09-28,58.7800,47.3300,UP,1.2780,1.1197,0.5973,True,0.9998,4.8207,0.8550,2.0420,237.5900,215.8100,231.9400,-0.6200,9.4100,True,2.9262,NEUTRO,-7.3100,-7.9500,254.7400,256.5000,256.5000,146.2700,-7.9500,61.4200,0.8460,True,True,231.3800,5,242.3400,True,-2.0100,HAMMER|DOJI,7.4000,8.5000,7.0000,7.5000,9,5.0000,7.0000,False,False,False,False,True,True,4.0800,6.1200,1.5000,SIDI_SHADOW_V1,0.2808,3.7767,-0.1624,0.6012,294,XLY,True,28.5860,26.3146,11.1937,3.0773,20.7490,0.4263,0.1278,0.1085,0.3338,0.1330,0.7050,70.2810,1.6120,2002041600.0000,2659063040.0000,0.7529,75429265408,0.8610,3.5500,0.7500,319453110,7.0400,10.0000,6.6400,4.0700,0.0265,OK,0,7.1800,True,True,False,False,False,False,DD12|RSI40|ABNORMAL20,False,7-15d,XLY,,AMZN|TSLA|HD,consumer_spending|employment_data|interest_rates,NEXT_SESSION_OPEN,0.7500,-5.0000,7,1.5000,5,EXIT_AT_OPEN_IF_OPEN_BELOW_SL,SL_FIRST,10,PENDING_NEXT_OPEN,4.8207,3.6155,239.7355,224.3140,1.5312,Exact TP/SL are fixed from the actual T+1 opening/entry price,52,2026-11-19,False,2026-08-20,2.6600,1.9500,36.7000,ALCISTA FUERTE,10,771.3500,7.9100,52.5000,14.8700,SIDI_SHADOW_V1: Fund≥6.5 · DD60≥12% · RSI<40 · MACD↑ · Vol↓ · SPY20≤+1% · Abnormal20≤-10%,SIDI_SHADOW_V1,True
CVX,Chevron Corporation,Energy,Integrated Oil & Gas,1957-03-04,204.4500,203.8100,206.5400,203.4000,204.4500,2026-09-28,44.0600,60.4900,DOWN,-1.6326,-1.6405,-1.6675,True,0.2211,4.7836,1.1580,2.3400,200.3100,182.6400,206.8400,2.0600,11.9400,True,3.4994,ALCISTA,-6.1200,-6.1200,217.7700,217.7800,217.7800,142.5100,-6.1200,43.4600,0.7060,True,True,184.2600,1,208.9800,False,-9.8700,NONE,6.7700,10.0000,6.0000,7.5000,4,6.5000,5.0000,False,False,False,False,True,True,4.6800,7.0200,1.5000,SIDI_SHADOW_V1,0.2808,2.2931,-0.2352,0.9743,294,XLE,True,19.6587,15.0666,2.1121,1.9154,8.5920,0.1223,0.0586,0.0983,0.4427,0.5350,3.2190,18.9590,1.2520,21934000128.0000,20590999552.0000,1.0652,401049780224,0.4910,2.6200,3.4800,1961603274,7.4300,9.0200,6.3200,6.8800,0.0547,OK,0,7.1700,True,True,False,False,False,False,DD12|RSI40|ABNORMAL20,False,10-18d,XLE,,XOM|COP|SLB,oil_price|gas_price|opec_supply|inventories,NEXT_SESSION_OPEN,0.7500,-5.0000,7,1.5000,5,EXIT_AT_OPEN_IF_OPEN_BELOW_SL,SL_FIRST,10,PENDING_NEXT_OPEN,4.7836,3.5877,208.0377,194.2275,1.7548,Exact TP/SL are fixed from the actual T+1 opening/entry price,32,2026-10-30,False,2026-07-31,6.0600,5.5700,8.8000,ALCISTA FUERTE,10,771.3500,7.9100,52.5000,14.8700,SIDI_SHADOW_V1: Fund≥6.5 · DD60≥12% · RSI<40 · MACD↑ · Vol↓ · SPY20≤+1% · Abnormal20≤-10%,SIDI_SHADOW_V1,True
VEEV,Veeva Systems,Health Care,Health Care Technology,2026-05-07,280.6800,276.8400,282.8100,275.9100,280.6800,2026-09-28,55.8500,35.4000,UP,-0.9070,-1.7955,-3.3590,True,0.8038,7.4229,0.8310,2.6450,241.6700,199.9000,264.7600,16.1400,40.4100,True,0.4609,ALCISTA,-1.7500,-5.2500,285.6900,296.2400,310.5000,148.0500,-9.6000,89.5800,1.0030,True,True,238.9300,1,296.2400,False,-14.8700,NONE,6.7500,10.0000,7.0000,7.5000,4,5.0000,5.0000,False,False,False,False,True,True,5.2900,7.9300,1.5000,SIDI_SHADOW_V1,0.2808,-5.6203,0.2936,0.4263,294,XLV,True,46.0887,27.3817,6.2613,13.1415,35.6660,0.1442,0.0758,0.2934,0.7496,0.1760,0.3950,2.0410,5.4580,1257709824.0000,1014771968.0000,1.2394,45444575232,0.9740,2.8500,,161908850,7.4500,10.0000,7.7900,4.0900,0.0277,OK,0,7.1700,True,True,False,False,False,False,DD12|RSI40|ABNORMAL20,False,10-18d,XLV,,UNH|JNJ|LLY,fda_calendar|drug_pricing_policy|patent_cliffs,NEXT_SESSION_OPEN,0.7500,-5.0000,7,1.5000,5,EXIT_AT_OPEN_IF_OPEN_BELOW_SL,SL_FIRST,10,PENDING_NEXT_OPEN,7.4229,5.5672,286.2472,266.6460,1.9835,Exact TP/SL are fixed from the actual T+1 opening/entry price,58,2026-11-25,False,2026-08-26,2.3500,2.2200,5.8000,ALCISTA FUERTE,10,771.3500,7.9100,52.5000,14.8700,SIDI_SHADOW_V1: Fund≥6.5 · DD60≥12% · RSI<40 · MACD↑ · Vol↓ · SPY20≤+1% · Abnormal20≤-10%,SIDI_SHADOW_V1,True
SNDK,Sandisk,Information Technology,"Technology Hardware, Storage & Peripherals",2025-11-28,1777.8000,1791.9399,1815.0000,1742.5900,1777.8000,2026-09-28,52.2300,67.8600,DOWN,13.5477,16.6123,21.2693,False,0.7351,100.1231,0.6220,5.6320,1516.7600,1107.9100,1677.5100,17.2100,60.4600,True,14.8435,ALCISTA,-7.2100,-13.3900,1915.9200,2052.5400,2354.3899,93.5400,-24.4900,1800.6801,0.6870,True,True,1501.1899,3,1817.6801,False,-15.5600,HAMMER,7.1500,10.0000,5.0000,7.5000,6,7.0000,7.0000,False,False,False,False,False,True,11.2600,16.9000,1.5000,SIDI_SHADOW_V1,0.2808,-3.6272,-3.2563,4.0729,294,XLK,True,24.0960,6.7472,16.8335,12.8558,20.2700,0.9164,0.4391,0.5646,0.7147,3.7160,,1.2770,2.2900,7720875008.0000,11432999936.0000,0.6753,260303716352,,0.4800,,146419001,7.1700,7.5000,8.3300,5.4500,0.0297,FCF/NI:0.68,1,7.1600,True,True,False,False,False,False,DD12|RSI40|MACD|ABNORMAL20,False,10-18d,XLK,,AAPL|MSFT|NVDA,interest_rates|ai_capex_cycle|semiconductor_cycle,NEXT_SESSION_OPEN,0.7500,-5.0000,7,1.5000,5,EXIT_AT_OPEN_IF_OPEN_BELOW_SL,SL_FIRST,10,PENDING_NEXT_OPEN,100.1231,75.0923,1852.8923,1688.9100,4.2239,Exact TP/SL are fixed from the actual T+1 opening/entry price,39,2026-11-06,False,2026-08-05,39.2500,34.5200,13.7000,ALCISTA FUERTE,10,771.3500,7.9100,52.5000,14.8700,SIDI_SHADOW_V1: Fund≥6.5 · DD60≥12% · RSI<40 · MACD↑ · Vol↓ · SPY20≤+1% · Abnormal20≤-10%,SIDI_SHADOW_V1,True
EME,Emcor,Industrials,Construction & Engineering,2025-09-22,762.2100,754.2700,763.6900,747.8700,762.2100,2026-09-28,52.2300,52.7000,DOWN,2.7185,2.0164,1.7352,True,0.7473,24.0521,0.8010,3.1560,770.6200,768.7200,756.3200,-1.0900,-0.8500,True,1.7712,BAJISTA,-11.6300,-11.8700,862.5400,864.8300,951.4700,564.0100,-19.8900,35.1400,0.7400,True,True,748.6100,1,873.2700,True,-1.7800,NONE,6.5500,7.0000,6.0000,7.5000,8,5.0000,5.0000,False,False,False,False,True,True,6.3100,9.4700,1.5000,SIDI_SHADOW_V1,0.2808,4.2266,0.6938,1.1541,294,XLI,True,23.7523,20.7410,8.2670,1.8078,16.7020,0.4035,0.1203,0.0774,0.1943,0.1980,0.3480,13.4320,1.2770,978281600.0000,1439158016.0000,0.6798,33621008384,1.1300,2.7500,0.2100,44109901,7.5400,10.0000,7.3000,4.9500,0.0291,FCF/NI:0.68,1,7.1400,True,True,False,False,False,False,DD12|RSI40|ABNORMAL20,False,3-7d,XLI,,CAT|UNP|HON,pmi_manufacturing|supply_chain|capex_cycle,NEXT_SESSION_OPEN,0.7500,-5.0000,7,1.5000,5,EXIT_AT_OPEN_IF_OPEN_BELOW_SL,SL_FIRST,10,PENDING_NEXT_OPEN,24.0521,18.0391,780.2491,724.0995,2.3667,Exact TP/SL are fixed from the actual T+1 opening/entry price,31,2026-10-29,False,2026-07-30,9.0600,7.2300,25.3000,ALCISTA FUERTE,10,771.3500,7.9100,52.5000,14.8700,SIDI_SHADOW_V1: Fund≥6.5 · DD60≥12% · RSI<40 · MACD↑ · Vol↓ · SPY20≤+1% · Abnormal20≤-10%,SIDI_SHADOW_V1,True
VRT,Vertiv,Industrials,Electrical Components & Equipment,2026-03-23,253.2800,249.1800,254.5000,248.0000,253.2800,2026-09-28,38.6100,47.0200,DOWN,0.8072,0.2706,0.0871,True,0.4777,13.3374,0.7620,5.2660,265.8900,262.6500,254.0700,-4.7400,-3.5700,True,3.1624,BAJISTA,-21.7900,-25.2400,323.8400,338.8000,379.7600,133.7100,-33.3100,89.4300,0.7690,True,True,249.3000,2,300.2300,True,-1.5700,NONE,7.1500,7.0000,7.5000,7.5000,8,7.0000,5.0000,True,True,True,True,True,True,10.5300,15.8000,1.5000,SIDI_SHADOW_V1,0.2808,4.2490,0.7227,1.9658,294,XLI,True,57.3032,27.7647,20.4936,8.4942,36.4860,0.4394,0.1089,0.1509,0.3804,0.2410,0.5300,70.1660,1.3790,2696537600.0000,1732000000.0000,1.5569,97509801984,2.0750,2.7200,0.1000,384988173,7.1300,10.0000,7.0900,3.8300,0.0277,OK,0,7.1400,True,True,False,True,False,False,ABNORMAL20,True,3-7d,XLI,,CAT|UNP|HON,pmi_manufacturing|supply_chain|capex_cycle,NEXT_SESSION_OPEN,0.7500,-5.0000,7,1.5000,5,EXIT_AT_OPEN_IF_OPEN_BELOW_SL,SL_FIRST,10,PENDING_NEXT_OPEN,13.3374,10.0030,263.2831,240.6160,3.9494,Exact TP/SL are fixed from the actual T+1 opening/entry price,23,2026-10-21,False,2026-07-29,1.5200,1.4300,6.4000,ALCISTA FUERTE,10,771.3500,7.9100,52.5000,14.8700,SIDI_SHADOW_V1: Fund≥6.5 · DD60≥12% · RSI<40 · MACD↑ · Vol↓ · SPY20≤+1% · Abnormal20≤-10%,SIDI_SHADOW_V1,True
MU,Micron Technology,Information Technology,Semiconductors,1994-09-27,1082.2800,1095.8300,1108.7200,1073.0000,1082.2800,2026-09-28,59.2100,61.0400,DOWN,11.7062,12.0333,10.1345,False,0.8840,44.5707,0.6500,4.1180,941.6200,660.9700,1005.7200,14.9400,63.7400,True,13.0105,ALCISTA,-1.2700,-2.3800,1096.1600,1108.7200,1254.8101,154.4000,-13.7500,600.9500,0.8350,True,True,990.9500,1,1089.1200,False,-8.4400,NONE,6.6500,10.0000,5.0000,7.5000,4,7.0000,5.0000,False,False,False,False,False,True,8.2400,12.3500,1.5000,SIDI_SHADOW_V1,0.2808,-4.4427,-2.8761,3.5132,294,XLK,True,24.4473,6.7564,12.1311,13.5401,17.6290,0.6664,0.3487,0.5591,0.7257,3.4570,13.6850,6.3300,3.4250,7639499776.0000,50468999168.0000,0.1514,1222319669248,2.2220,1.0700,0.0500,1129393151,7.4500,10.0000,8.1700,3.6300,0.0063,FCF/NI:0.15,1,7.1300,True,True,False,False,False,False,DD12|RSI40|MACD|ABNORMAL20,False,10-18d,XLK,,AAPL|MSFT|NVDA,interest_rates|ai_capex_cycle|semiconductor_cycle,NEXT_SESSION_OPEN,0.7500,-5.0000,7,1.5000,5,EXIT_AT_OPEN_IF_OPEN_BELOW_SL,SL_FIRST,10,PENDING_NEXT_OPEN,44.5707,33.4280,1115.7080,1028.1660,3.0887,Exact TP/SL are fixed from the actual T+1 opening/entry price,2,2026-09-30,True,2026-06-24,25.1100,20.6900,21.4000,ALCISTA FUERTE,10,771.3500,7.9100,52.5000,14.8700,SIDI_SHADOW_V1: Fund≥6.5 · DD60≥12% · RSI<40 · MACD↑ · Vol↓ · SPY20≤+1% · Abnormal20≤-10%,SIDI_SHADOW_V1,True
COP,ConocoPhillips,Energy,Oil & Gas Exploration & Production,1957-03-04,127.3000,127.4000,128.5600,126.9700,127.3000,2026-09-28,39.0200,52.5700,DOWN,-1.5261,-1.5602,-1.7419,True,0.1463,3.7043,1.1840,2.9100,126.8000,114.5200,131.0000,0.4000,11.1600,True,4.1696,ALCISTA,-9.8600,-10.1100,141.2200,141.6200,141.6200,82.9500,-10.1100,53.4600,0.7420,True,True,112.2000,5,126.2100,False,-11.8600,HAMMER|HAMMER|DOJI,7.8000,10.0000,7.5000,7.5000,6,8.0000,7.0000,False,True,False,True,True,True,5.8200,8.7300,1.5000,SIDI_SHADOW_V1,0.2808,-2.5200,-0.3650,1.0875,294,XLE,True,16.8386,13.1768,2.3402,2.3725,6.2930,0.1418,0.0753,0.1440,0.4757,0.3550,1.0700,35.6390,1.5420,7691375104.0000,9253000192.0000,0.8312,152930271232,0.1340,2.5100,2.6400,1201337479,6.6700,7.5000,5.8700,6.6400,0.0503,OK,0,7.1200,True,True,False,False,False,False,DD12|ABNORMAL20,True,10-18d,XLE,,XOM|CVX|SLB,oil_price|gas_price|opec_supply|inventories,NEXT_SESSION_OPEN,0.7500,-5.0000,7,1.5000,5,EXIT_AT_OPEN_IF_OPEN_BELOW_SL,SL_FIRST,10,PENDING_NEXT_OPEN,3.7043,2.7782,130.0782,120.9350,2.1824,Exact TP/SL are fixed from the actual T+1 opening/entry price,38,2026-11-05,False,2026-08-06,3.2400,2.9300,10.6000,ALCISTA FUERTE,10,771.3500,7.9100,52.5000,14.8700,SIDI_SHADOW_V1: Fund≥6.5 · DD60≥12% · RSI<40 · MACD↑ · Vol↓ · SPY20≤+1% · Abnormal20≤-10%,SIDI_SHADOW_V1,True
OXY,Occidental Petroleum,Energy,Oil & Gas Exploration & Production,1957-03-04,56.8600,57.0800,57.4400,56.5800,56.8600,2026-09-28,39.5400,50.0400,DOWN,-0.5719,-0.5680,-0.6433,False,0.1217,1.6831,1.0770,2.9600,58.1700,53.2000,58.8500,-2.2500,6.8900,True,3.6129,NEUTRO,-10.4800,-10.8400,63.5200,63.7700,66.8300,38.2600,-14.9200,48.6000,0.9880,False,False,57.2800,1,58.7200,True,0.7300,HAMMER|DOJI,6.9500,8.5000,6.5000,5.0000,7,8.0000,7.0000,False,False,False,True,False,False,5.9200,8.8800,1.5000,SIDI_SHADOW_V1,0.2808,-3.8546,-0.3573,1.2969,294,XLE,True,16.7729,14.1489,1.6989,2.3756,5.5570,0.1063,0.0468,0.3032,0.7332,0.5340,9.6490,34.5110,1.4110,3788124928.0000,3399000064.0000,1.1145,56839380992,0.1640,0.0200,1.9700,999637371,7.2400,9.0100,5.4800,7.2100,0.0666,OK,0,7.1200,True,True,False,False,False,False,DD12|MACD|VOLUME|ABNORMAL20,False,7-15d,XLE,,XOM|CVX|COP,oil_price|gas_price|opec_supply|inventories,NEXT_SESSION_OPEN,0.7500,-5.0000,7,1.5000,5,EXIT_AT_OPEN_IF_OPEN_BELOW_SL,SL_FIRST,10,PENDING_NEXT_OPEN,1.6831,1.2623,58.1223,54.0170,2.2201,Exact TP/SL are fixed from the actual T+1 opening/entry price,42,2026-11-09,False,2026-08-05,2.4000,1.8600,29.0000,ALCISTA FUERTE,10,771.3500,7.9100,52.5000,14.8700,SIDI_SHADOW_V1: Fund≥6.5 · DD60≥12% · RSI<40 · MACD↑ · Vol↓ · SPY20≤+1% · Abnormal20≤-10%,SIDI_SHADOW_V1,True
CSGP,CoStar Group,Real Estate,Real Estate Services,2022-09-19,28.0900,27.7300,28.6300,27.6000,28.0900,2026-09-28,31.0000,30.7000,UP,-0.3116,-0.3339,-0.2892,True,0.1298,1.1471,0.7990,4.0840,30.4100,41.0600,29.7800,-7.6200,-31.5900,False,-8.3800,BAJISTA,-16.7200,-16.9400,33.7300,33.8200,85.2400,25.8900,-67.0500,8.5000,0.8770,True,True,28.1800,1,31.4600,True,0.3200,NONE,7.2500,5.0000,8.5000,7.5000,7,10.0000,5.0000,True,False,True,True,True,True,8.1700,12.2500,1.5000,SIDI_SHADOW_V1,0.2808,2.8658,-0.4056,1.0640,294,XLRE,True,156.0556,15.8367,1.4335,3.2008,28.6400,0.0089,0.0047,0.0208,0.7868,0.1840,12.6100,14.5370,2.2140,412700000.0000,74000000.0000,5.5770,11382000640,0.7470,2.2200,,405197588,7.0200,10.0000,5.9100,4.8200,0.0363,OK,0,7.1100,True,True,False,True,False,False,ABNORMAL20,False,3-7d,XLRE,,PLD|AMT|EQIX,interest_rates|cap_rates|occupancy_trends,NEXT_SESSION_OPEN,0.7500,-5.0000,7,1.5000,5,EXIT_AT_OPEN_IF_OPEN_BELOW_SL,SL_FIRST,10,PENDING_NEXT_OPEN,1.1471,0.8603,28.9503,26.6855,3.0627,Exact TP/SL are fixed from the actual T+1 opening/entry price,29,2026-10-27,False,2026-07-28,0.3200,0.2900,11.9000,ALCISTA FUERTE,10,771.3500,7.9100,52.5000,14.8700,SIDI_SHADOW_V1: Fund≥6.5 · DD60≥12% · RSI<40 · MACD↑ · Vol↓ · SPY20≤+1% · Abnormal20≤-10%,SIDI_SHADOW_V1,True
HIG,Hartford (The),Financials,Property & Casualty Insurance,1957-03-04,124.2300,125.4600,125.9000,124.0900,124.2300,2026-09-28,12.5500,32.4300,DOWN,-1.2161,-1.1241,-0.8157,False,-0.0375,2.3471,0.8780,1.8890,137.5100,135.0400,132.6100,-9.6600,-8.0000,True,0.1927,BAJISTA,-14.3500,-14.5800,145.0400,145.4300,145.4300,118.2100,-14.5800,5.0900,1.0330,False,False,125.9500,2,140.2800,True,1.3800,NONE,6.6500,7.0000,7.5000,5.0000,7,8.0000,5.0000,False,False,True,True,False,False,3.7800,5.6700,1.5000,SIDI_SHADOW_V1,0.2808,-3.6715,-0.6575,1.0245,294,XLF,True,8.5735,9.0824,1.7485,1.1479,6.1540,0.2206,0.0385,0.1489,0.3787,0.0810,0.3610,22.3300,1.7720,5507500032.0000,4076999936.0000,1.3509,33650429952,0.4500,0.0200,1.9300,270872002,7.4000,6.5900,7.6800,8.0100,0.1637,OK,0,7.1000,True,True,False,False,False,False,MACD|VOLUME|ABNORMAL20,False,3-7d,XLF,,JPM|BAC|WFC,interest_rates|yield_curve|credit_spreads|loan_growth,NEXT_SESSION_OPEN,0.7500,-5.0000,7,1.5000,5,EXIT_AT_OPEN_IF_OPEN_BELOW_SL,SL_FIRST,10,PENDING_NEXT_OPEN,2.3471,1.7603,125.9903,118.0185,1.4170,Exact TP/SL are fixed from the actual T+1 opening/entry price,31,2026-10-29,False,2026-07-23,3.4200,3.1400,8.9000,ALCISTA FUERTE,10,771.3500,7.9100,52.5000,14.8700,SIDI_SHADOW_V1: Fund≥6.5 · DD60≥12% · RSI<40 · MACD↑ · Vol↓ · SPY20≤+1% · Abnormal20≤-10%,SIDI_SHADOW_V1,True
ADI,Analog Devices,Information Technology,Semiconductors,1999-10-12,393.6000,381.5300,395.9200,381.5300,393.6000,2026-09-28,67.4100,60.5600,UP,3.5516,3.1713,3.2981,True,1.0023,11.3636,0.8630,2.8870,372.4600,354.6800,374.8600,5.6800,10.9700,True,3.5595,ALCISTA,-0.2200,-1.4700,394.4500,399.4700,444.5600,220.7100,-11.4600,78.3300,0.7280,True,True,380.5100,3,397.6100,True,-3.3200,HAMMER,7.7000,10.0000,7.0000,7.5000,9,5.0000,7.0000,False,False,False,False,True,True,5.7700,8.6600,1.5000,SIDI_SHADOW_V1,0.2808,4.4578,0.6211,0.6389,294,XLK,True,46.7458,24.0762,5.6847,13.7393,28.5390,0.1223,0.0641,0.2979,0.6580,0.3960,1.6350,27.3140,1.2500,4147339008.0000,4135003904.0000,1.0030,190724980736,1.2050,2.3300,1.1200,484565465,6.6900,9.7900,5.6000,4.3300,0.0217,OK,0,7.0900,True,True,False,False,False,False,DD12|RSI40|ABNORMAL20,False,10-18d,XLK,,AAPL|MSFT|NVDA,interest_rates|ai_capex_cycle|semiconductor_cycle,NEXT_SESSION_OPEN,0.7500,-5.0000,7,1.5000,5,EXIT_AT_OPEN_IF_OPEN_BELOW_SL,SL_FIRST,10,PENDING_NEXT_OPEN,11.3636,8.5227,402.1227,373.9200,2.1653,Exact TP/SL are fixed from the actual T+1 opening/entry price,57,2026-11-24,False,2026-08-19,3.4500,3.3400,3.3000,ALCISTA FUERTE,10,771.3500,7.9100,52.5000,14.8700,SIDI_SHADOW_V1: Fund≥6.5 · DD60≥12% · RSI<40 · MACD↑ · Vol↓ · SPY20≤+1% · Abnormal20≤-10%,SIDI_SHADOW_V1,True
AVGO,Broadcom,Information Technology,Semiconductors,2014-05-08,352.8100,352.6200,354.4300,349.4300,352.8100,2026-09-28,47.3800,42.6500,UP,1.2182,1.2746,1.6838,False,0.3784,10.1391,0.7150,2.8740,376.0100,367.0400,358.7200,-6.1700,-3.8800,True,-0.2061,BAJISTA,-17.3700,-18.3200,426.9800,431.9400,493.3200,288.9800,-28.4800,22.0900,0.5920,True,True,356.4700,2,375.9100,True,1.0400,HAMMER|HAMMER|DOJI,6.9500,6.5000,6.0000,7.5000,8,7.0000,7.0000,False,False,True,False,False,True,5.7500,8.6200,1.5000,SIDI_SHADOW_V1,0.2808,-6.1200,-0.1737,1.2682,294,XLK,True,44.9440,18.2036,16.8954,18.9013,32.9050,0.4425,0.1537,0.4294,0.7551,0.8550,2.1530,59.6040,2.5040,30596499456.0000,38264999936.0000,0.7996,1684184367104,1.4570,2.0100,0.7400,4773629865,7.1900,10.0000,7.4200,3.6300,0.0182,OK,0,7.0900,True,True,False,False,False,False,RSI40|MACD|ABNORMAL20,False,3-7d,XLK,,AAPL|MSFT|NVDA,interest_rates|ai_capex_cycle|semiconductor_cycle,NEXT_SESSION_OPEN,0.7500,-5.0000,7,1.5000,5,EXIT_AT_OPEN_IF_OPEN_BELOW_SL,SL_FIRST,10,PENDING_NEXT_OPEN,10.1391,7.6043,360.4143,335.1695,2.1554,Exact TP/SL are fixed from the actual T+1 opening/entry price,72,2026-12-09,False,2026-09-02,3.3200,3.2400,2.5000,ALCISTA FUERTE,10,771.3500,7.9100,52.5000,14.8700,SIDI_SHADOW_V1: Fund≥6.5 · DD60≥12% · RSI<40 · MACD↑ · Vol↓ · SPY20≤+1% · Abnormal20≤-10%,SIDI_SHADOW_V1,True
TPR,"Tapestry, Inc.",Consumer Discretionary,"Apparel, Accessories & Luxury Goods",2004-09-01,113.8800,111.5400,113.9100,111.5400,113.8800,2026-09-28,34.2500,28.4500,UP,0.3744,0.1607,0.1777,True,0.2891,3.5421,0.7490,3.1100,132.7200,137.9200,118.3700,-14.2000,-17.4300,False,0.8353,BAJISTA,-30.6300,-30.6400,164.1600,164.1800,164.1800,91.8200,-30.6400,24.0300,0.5810,True,True,112.1100,1,121.1600,True,-1.5500,BULL_ENGULF,7.3800,5.5000,8.5000,7.5000,7,8.5000,7.5000,True,True,True,True,True,True,6.2200,9.3300,1.5000,SIDI_SHADOW_V1,0.2808,-1.1954,-0.0424,0.9106,294,XLY,True,15.6644,12.7962,32.9705,2.8369,12.6070,1.9713,0.1754,0.1909,0.7660,0.0890,,571.6080,1.7520,1399924992.0000,1527699968.0000,0.9164,22706724864,1.4320,4.6200,1.6200,199391678,6.8800,6.6800,7.0700,6.8900,0.0617,D/E:572,1,7.0800,True,True,False,True,False,False,ABNORMAL20,True,3-7d,XLY,,AMZN|TSLA|HD,consumer_spending|employment_data|interest_rates,NEXT_SESSION_OPEN,0.7500,-5.0000,7,1.5000,5,EXIT_AT_OPEN_IF_OPEN_BELOW_SL,SL_FIRST,10,PENDING_NEXT_OPEN,3.5421,2.6566,116.5366,108.1860,2.3328,Exact TP/SL are fixed from the actual T+1 opening/entry price,38,2026-11-05,False,2026-08-13,1.3200,1.2800,3.4000,ALCISTA FUERTE,10,771.3500,7.9100,52.5000,14.8700,SIDI_SHADOW_V1: Fund≥6.5 · DD60≥12% · RSI<40 · MACD↑ · Vol↓ · SPY20≤+1% · Abnormal20≤-10%,SIDI_SHADOW_V1,True
DLTR,Dollar Tree,Consumer Staples,Consumer Staples Merchandise Retail,2011-12-19,114.0700,113.3100,114.8200,112.6600,114.0700,2026-09-28,22.7800,26.2000,DOWN,-0.4896,-0.7458,-1.2054,True,0.3051,4.1157,0.9420,3.6080,125.0200,117.6100,118.4700,-8.7600,-3.0100,True,1.0750,BAJISTA,-16.5900,-16.7800,136.7500,137.0700,142.4000,84.7100,-19.8900,34.6600,0.6940,True,True,107.5400,1,133.4500,False,-5.7200,NONE,6.6000,7.0000,8.5000,7.5000,5,5.0000,5.0000,True,True,True,True,True,True,7.2200,10.8200,1.5000,SIDI_SHADOW_V1,0.2808,-7.7116,0.7007,1.0637,294,XLP,True,13.9792,14.4250,6.2501,1.0665,11.1890,0.4603,0.0826,0.0804,0.3718,0.0700,1.9720,223.9450,1.1340,1049587520.0000,1618099968.0000,0.6487,21402988544,0.6620,2.6500,,187630299,7.3900,8.7000,6.3100,7.1000,0.0490,FCF/NI:0.65|D/E:224,2,7.0700,True,True,False,True,False,False,ABNORMAL20,True,3-7d,XLP,,PG|KO|PEP,inflation|input_costs|fx_rates,NEXT_SESSION_OPEN,0.7500,-5.0000,7,1.5000,5,EXIT_AT_OPEN_IF_OPEN_BELOW_SL,SL_FIRST,10,PENDING_NEXT_OPEN,4.1157,3.0868,117.1568,108.3665,2.7060,Exact TP/SL are fixed from the actual T+1 opening/entry price,-32,2026-12-02,False,2026-08-27,2.7000,1.1400,136.1000,ALCISTA FUERTE,10,771.3500,7.9100,52.5000,14.8700,SIDI_SHADOW_V1: Fund≥6.5 · DD60≥12% · RSI<40 · MACD↑ · Vol↓ · SPY20≤+1% · Abnormal20≤-10%,SIDI_SHADOW_V1,True
MNST,Monster Beverage,Consumer Staples,Soft Drinks & Non-alcoholic Beverages,2012-06-28,43.1100,42.4900,43.1700,42.1100,43.1100,2026-09-28,44.1900,32.4600,UP,-0.0224,-0.0051,0.0893,False,0.2447,0.9121,0.8430,2.1160,46.0400,42.2700,44.3800,-6.3700,1.9900,True,1.8464,NEUTRO,-13.7300,-14.0700,49.9700,50.1700,50.1700,32.1000,-14.0700,34.2800,0.9260,True,True,42.1900,1,44.8000,True,-2.1300,HAMMER,7.1200,8.5000,6.0000,7.5000,7,6.5000,7.0000,False,False,True,False,False,True,4.2300,6.3500,1.5000,SIDI_SHADOW_V1,0.2808,-8.1169,0.4836,0.8322,294,XLP,True,39.9167,32.9295,9.0188,9.1610,27.6580,0.2570,0.1748,0.2308,0.5555,0.2020,0.1800,0.9920,3.7290,1681231104.0000,2127670016.0000,0.7902,84454719488,0.5150,4.3500,,1959051764,7.0400,9.0000,8.2000,3.4100,0.0199,OK,0,7.0700,True,True,False,False,False,False,RSI40|MACD|ABNORMAL20,False,7-15d,XLP,,PG|KO|PEP,inflation|input_costs|fx_rates,NEXT_SESSION_OPEN,0.7500,-5.0000,7,1.5000,5,EXIT_AT_OPEN_IF_OPEN_BELOW_SL,SL_FIRST,10,PENDING_NEXT_OPEN,0.9121,0.6841,43.7941,40.9545,1.5868,Exact TP/SL are fixed from the actual T+1 opening/entry price,38,2026-11-05,False,2026-08-06,0.3000,0.2900,1.8000,ALCISTA FUERTE,10,771.3500,7.9100,52.5000,14.8700,SIDI_SHADOW_V1: Fund≥6.5 · DD60≥12% · RSI<40 · MACD↑ · Vol↓ · SPY20≤+1% · Abnormal20≤-10%,SIDI_SHADOW_V1,True
TGT,Target Corporation,Consumer Staples,Consumer Staples Merchandise Retail,1976-12-31,157.4500,155.3700,157.8900,153.9600,157.4500,2026-09-28,37.9500,41.6000,DOWN,-0.8035,-0.9293,-0.9224,True,0.3704,3.7757,0.8750,2.3980,153.4000,125.7300,157.7800,2.6400,25.2300,True,6.0910,ALCISTA,-7.3200,-7.7900,169.8900,170.7500,170.7500,81.2000,-7.7900,93.9000,0.9040,True,True,160.1800,1,170.7500,True,1.7300,NONE,7.3000,10.0000,7.5000,7.5000,7,5.0000,5.0000,False,False,False,True,True,True,4.8000,7.1900,1.5000,SIDI_SHADOW_V1,0.2808,-7.1371,0.2322,1.0853,294,XLP,True,16.3330,16.4908,4.0087,0.6641,9.9280,0.2641,0.0569,0.0408,0.2838,0.0530,1.0050,107.5830,0.9880,3432999936.0000,4392000000.0000,0.7816,71528185856,0.9860,3.7100,2.9500,454291461,6.9100,7.6800,6.1400,6.9100,0.0480,D/E:108,1,7.0700,True,True,False,False,False,False,DD12|ABNORMAL20,False,10-18d,XLP,,PG|KO|PEP,inflation|input_costs|fx_rates,NEXT_SESSION_OPEN,0.7500,-5.0000,7,1.5000,5,EXIT_AT_OPEN_IF_OPEN_BELOW_SL,SL_FIRST,10,PENDING_NEXT_OPEN,3.7757,2.8318,160.2818,149.5775,1.7985,Exact TP/SL are fixed from the actual T+1 opening/entry price,51,2026-11-18,False,2026-08-19,4.1100,2.3400,75.8000,ALCISTA FUERTE,10,771.3500,7.9100,52.5000,14.8700,SIDI_SHADOW_V1: Fund≥6.5 · DD60≥12% · RSI<40 · MACD↑ · Vol↓ · SPY20≤+1% · Abnormal20≤-10%,SIDI_SHADOW_V1,True
MPC,Marathon Petroleum,Energy,Oil & Gas Refining & Marketing,2011-07-01,393.5200,385.0000,394.8700,380.7800,393.5200,2026-09-28,52.5200,89.9900,DOWN,-4.2929,-4.0795,-2.0152,False,0.4677,16.2857,1.5030,4.1380,356.1700,255.1200,390.6400,10.4900,54.2500,True,8.7069,ALCISTA,-7.3800,-8.7100,424.8900,431.0800,431.0800,160.0700,-8.7100,145.8400,0.6220,False,False,347.6700,1,,False,-11.6500,HAMMER,6.0500,10.0000,5.0000,5.0000,4,5.0000,7.0000,False,False,False,False,False,False,8.2800,12.4200,1.5000,SIDI_SHADOW_V1,0.2808,2.0025,0.2381,1.2434,294,XLE,True,13.6402,8.3489,5.8377,0.7453,9.3320,0.4210,0.0874,0.0555,0.1282,0.5370,3.4800,133.3280,1.2500,9249375232.0000,8545999872.0000,1.0823,114882904064,0.5270,3.1400,1.0200,291936635,7.7100,9.0400,6.9900,7.0000,0.0805,D/E:133,1,7.0500,True,True,False,False,False,False,DD12|RSI40|MACD|VOLUME|ABNORMAL20,False,10-18d,XLE,,XOM|CVX|COP,oil_price|gas_price|opec_supply|inventories,NEXT_SESSION_OPEN,0.7500,-5.0000,7,1.5000,5,EXIT_AT_OPEN_IF_OPEN_BELOW_SL,SL_FIRST,10,PENDING_NEXT_OPEN,16.2857,12.2143,405.7343,373.8440,3.1039,Exact TP/SL are fixed from the actual T+1 opening/entry price,36,2026-11-03,False,2026-08-04,17.7300,13.9500,27.1000,ALCISTA FUERTE,10,771.3500,7.9100,52.5000,14.8700,SIDI_SHADOW_V1: Fund≥6.5 · DD60≥12% · RSI<40 · MACD↑ · Vol↓ · SPY20≤+1% · Abnormal20≤-10%,SIDI_SHADOW_V1,True
ABNB,Airbnb,Consumer Discretionary,"Hotels, Resorts & Cruise Lines",2023-09-18,157.4700,152.1750,158.6400,151.1800,157.4700,2026-09-28,24.5500,17.0300,UP,-2.6758,-3.1570,-2.3566,True,0.2011,5.6409,1.0910,3.5820,168.0000,142.7100,166.8300,-6.2700,10.3400,True,3.7860,NEUTRO,-17.3400,-18.6000,190.5000,193.4500,193.4500,110.8100,-18.6000,42.1100,1.0500,False,False,141.2400,1,156.5000,False,-10.3100,NONE,6.6700,8.5000,9.5000,5.0000,4,6.5000,5.0000,False,False,True,True,True,False,7.1600,10.7500,1.5000,SIDI_SHADOW_V1,0.2808,-16.2095,-0.2562,1.1272,294,XLY,True,35.9521,25.4523,11.9124,7.1655,30.1590,0.3454,0.0614,0.2045,0.8290,0.1650,0.3340,32.0040,1.4080,3206874880.0000,2691000064.0000,1.1917,94290780160,1.1610,3.2400,,419529556,7.2800,10.0000,6.9500,4.4800,0.0340,OK,0,7.0400,True,True,True,False,False,False,VOLUME,False,7-15d,XLY,,AMZN|TSLA|HD,consumer_spending|employment_data|interest_rates,NEXT_SESSION_OPEN,0.7500,-5.0000,7,1.5000,5,EXIT_AT_OPEN_IF_OPEN_BELOW_SL,SL_FIRST,10,PENDING_NEXT_OPEN,5.6409,4.2307,161.7007,149.5965,2.6867,Exact TP/SL are fixed from the actual T+1 opening/entry price,38,2026-11-05,False,2026-08-06,1.3700,1.2500,9.5000,ALCISTA FUERTE,10,771.3500,7.9100,52.5000,14.8700,SIDI_SHADOW_V1: Fund≥6.5 · DD60≥12% · RSI<40 · MACD↑ · Vol↓ · SPY20≤+1% · Abnormal20≤-10%,SIDI_SHADOW_V1,True
PODD,Insulet Corporation,Health Care,Health Care Equipment,2023-03-15,136.1300,135.7800,138.0600,134.4800,136.1300,2026-09-28,31.8300,43.6500,DOWN,-0.0332,-0.0001,0.2982,False,0.2628,4.6200,0.7140,3.3940,148.3100,197.4300,140.5500,-8.2100,-31.0500,False,-8.4440,BAJISTA,-20.2100,-21.2800,170.6200,172.9200,354.8800,126.4000,-61.6400,7.7000,0.6060,True,True,131.2400,1,144.5200,True,-3.5900,HAMMER|DOJI,6.8200,5.0000,6.5000,7.5000,7,8.5000,7.0000,False,False,True,True,False,True,6.7900,10.1800,1.5000,SIDI_SHADOW_V1,0.2808,3.9602,-0.2206,0.9510,294,XLV,True,25.4925,17.6643,6.6382,3.0920,16.0260,0.2602,0.0972,0.1229,0.7107,0.2350,3.2860,66.6850,2.4850,236900000.0000,375300000.0000,0.6312,9441187840,1.0790,2.8600,,69354199,7.1900,10.0000,6.7500,4.4400,0.0251,FCF/NI:0.63,1,7.0400,True,True,False,False,False,False,MACD|ABNORMAL20,False,3-7d,XLV,,UNH|JNJ|LLY,fda_calendar|drug_pricing_policy|patent_cliffs,NEXT_SESSION_OPEN,0.7500,-5.0000,7,1.5000,5,EXIT_AT_OPEN_IF_OPEN_BELOW_SL,SL_FIRST,10,PENDING_NEXT_OPEN,4.6200,3.4650,139.5950,129.3235,2.5454,Exact TP/SL are fixed from the actual T+1 opening/entry price,38,2026-11-05,False,2026-08-05,1.6600,1.4500,14.3000,ALCISTA FUERTE,10,771.3500,7.9100,52.5000,14.8700,SIDI_SHADOW_V1: Fund≥6.5 · DD60≥12% · RSI<40 · MACD↑ · Vol↓ · SPY20≤+1% · Abnormal20≤-10%,SIDI_SHADOW_V1,True
NUE,Nucor,Materials,Steel,1985-04-30,247.2500,247.8100,250.2600,243.6400,247.2500,2026-09-28,37.8600,48.3100,DOWN,-1.3133,-1.4250,-1.5153,True,0.2378,7.7107,0.9480,3.1190,255.5400,212.1900,252.7200,-3.2400,16.5200,True,5.0619,NEUTRO,-10.0100,-11.7300,274.7400,280.1100,280.1100,130.1100,-11.7300,90.0300,0.8040,True,True,252.0100,1,264.0200,True,1.9300,HAMMER|DOJI|HAMMER|DOJI,7.4200,8.5000,7.5000,7.5000,7,6.5000,7.0000,False,True,False,True,True,True,6.2400,9.3600,1.5000,SIDI_SHADOW_V1,0.2808,-1.8978,0.3215,0.8388,294,XLB,True,19.7484,12.5073,2.5372,1.5538,10.8540,0.1455,0.0732,0.0799,0.1555,0.2300,0.9380,30.5120,2.5080,683374976.0000,2872999936.0000,0.2379,56095010816,1.8810,3.1300,0.9100,226875676,6.7900,10.0000,5.8400,4.1600,0.0122,FCF/NI:0.24,1,7.0400,True,True,False,False,False,False,DD12|ABNORMAL20,True,7-15d,XLB,,LIN|APD|ECL,commodity_prices|dxy|china_demand|energy_costs,NEXT_SESSION_OPEN,0.7500,-5.0000,7,1.5000,5,EXIT_AT_OPEN_IF_OPEN_BELOW_SL,SL_FIRST,10,PENDING_NEXT_OPEN,7.7107,5.7830,253.0330,234.8875,2.3389,Exact TP/SL are fixed from the actual T+1 opening/entry price,28,2026-10-26,False,2026-07-27,4.8400,4.5300,6.9000,ALCISTA FUERTE,10,771.3500,7.9100,52.5000,14.8700,SIDI_SHADOW_V1: Fund≥6.5 · DD60≥12% · RSI<40 · MACD↑ · Vol↓ · SPY20≤+1% · Abnormal20≤-10%,SIDI_SHADOW_V1,True
VLO,Valero Energy,Energy,Oil & Gas Refining & Marketing,2002-12-20,387.1800,378.0000,388.9200,370.5900,387.1800,2026-09-28,57.2600,86.7400,DOWN,-3.4964,-3.4604,-1.3664,False,0.5675,17.6357,1.5360,4.5550,346.3300,253.2200,379.4900,11.7900,52.9000,True,8.9783,ALCISTA,-6.3200,-7.6000,413.2800,419.0400,419.0400,152.0700,-7.6000,154.6100,0.9660,False,False,335.0000,1,,False,-13.4800,HAMMER,6.0500,10.0000,5.0000,5.0000,4,5.0000,7.0000,False,False,False,False,False,False,9.1100,13.6600,1.5000,SIDI_SHADOW_V1,0.2808,5.4253,-0.0634,1.1699,294,XLE,True,16.1527,10.1781,4.4591,0.8418,8.8360,0.2764,0.1056,0.0545,0.1612,0.5170,4.5350,40.1480,1.6360,8416374784.0000,7192999936.0000,1.1701,111479750656,0.5680,3.6900,1.2400,287927461,7.6800,8.8700,7.2200,6.8300,0.0755,OK,0,7.0300,True,True,False,False,False,False,DD12|RSI40|MACD|VOLUME|ABNORMAL20,False,10-18d,XLE,,XOM|CVX|COP,oil_price|gas_price|opec_supply|inventories,NEXT_SESSION_OPEN,0.7500,-5.0000,7,1.5000,5,EXIT_AT_OPEN_IF_OPEN_BELOW_SL,SL_FIRST,10,PENDING_NEXT_OPEN,17.6357,13.2268,400.4068,367.8210,3.4162,Exact TP/SL are fixed from the actual T+1 opening/entry price,24,2026-10-22,False,2026-07-30,12.5400,10.1300,23.8000,ALCISTA FUERTE,10,771.3500,7.9100,52.5000,14.8700,SIDI_SHADOW_V1: Fund≥6.5 · DD60≥12% · RSI<40 · MACD↑ · Vol↓ · SPY20≤+1% · Abnormal20≤-10%,SIDI_SHADOW_V1,True
NTRS,Northern Trust,Financials,Asset Management & Custody Banks,1998-01-30,175.7300,175.2900,176.2200,173.2300,175.7300,2026-09-28,31.3200,36.2300,DOWN,-0.9176,-1.1266,-1.1994,True,0.2274,4.0879,1.0330,2.3260,182.8300,160.6000,179.7400,-3.8800,9.4200,True,3.4957,NEUTRO,-7.7900,-9.8200,190.5700,194.8600,194.8600,118.6100,-9.8200,48.1600,0.9470,True,True,174.2600,1,177.8600,True,-0.8400,HAMMER|DOJI|HAMMER,7.4200,8.5000,7.5000,7.5000,7,6.5000,7.0000,False,False,False,True,True,True,4.6500,6.9800,1.5000,SIDI_SHADOW_V1,0.2808,-4.1910,0.3084,0.7448,294,XLF,True,15.1101,13.8203,2.5686,3.5387,,0.1707,0.0128,0.2467,0.0000,0.3640,0.9860,,,,2181299968.0000,,32150794240,1.2570,4.1900,1.8700,182955653,6.7600,10.0000,5.0900,4.9200,,OK,0,7.0200,True,True,False,False,False,False,DD12|ABNORMAL20,False,7-15d,XLF,,JPM|BAC|WFC,interest_rates|yield_curve|credit_spreads|loan_growth,NEXT_SESSION_OPEN,0.7500,-5.0000,7,1.5000,5,EXIT_AT_OPEN_IF_OPEN_BELOW_SL,SL_FIRST,10,PENDING_NEXT_OPEN,4.0879,3.0659,178.7959,166.9435,1.7447,Exact TP/SL are fixed from the actual T+1 opening/entry price,23,2026-10-21,False,2026-07-22,4.2300,4.6200,-8.3000,ALCISTA FUERTE,10,771.3500,7.9100,52.5000,14.8700,SIDI_SHADOW_V1: Fund≥6.5 · DD60≥12% · RSI<40 · MACD↑ · Vol↓ · SPY20≤+1% · Abnormal20≤-10%,SIDI_SHADOW_V1,True
HPE,Hewlett Packard Enterprise,Information Technology,"Technology Hardware, Storage & Peripherals",2015-11-02,62.9400,63.6500,65.6500,62.8800,62.9400,2026-09-28,65.8600,61.4300,UP,0.5182,0.5757,0.5107,False,0.8258,3.8676,1.2550,6.1450,53.8300,35.7100,58.5100,16.9200,76.2400,True,11.0711,ALCISTA,-0.9100,-4.1300,63.5200,65.6500,65.6500,19.5700,-4.1300,221.5800,0.5500,True,True,55.2600,2,63.5900,False,-12.2000,HAMMER|DOJI,6.7500,10.0000,6.0000,7.5000,4,5.0000,7.0000,False,False,False,False,False,True,12.2900,18.4300,1.5000,SIDI_SHADOW_V1,0.2808,0.3933,-0.8309,1.5057,294,XLK,True,32.4433,13.6902,3.1527,1.9954,14.1830,0.1094,0.0264,0.0667,0.3662,0.3370,4.1020,76.4640,1.1130,4738625024.0000,2675000064.0000,1.7714,83550633984,1.4420,2.3000,0.9100,1327464779,7.1600,9.0000,4.6100,7.9800,0.0567,OK,0,7.0000,True,True,False,False,False,False,DD12|RSI40|MACD|ABNORMAL20,False,10-18d,XLK,,AAPL|MSFT|NVDA,interest_rates|ai_capex_cycle|semiconductor_cycle,NEXT_SESSION_OPEN,0.7500,-5.0000,7,1.5000,5,EXIT_AT_OPEN_IF_OPEN_BELOW_SL,SL_FIRST,10,PENDING_NEXT_OPEN,3.8676,2.9007,65.8407,59.7930,4.6087,Exact TP/SL are fixed from the actual T+1 opening/entry price,-26,2026-12-03,False,2026-09-02,1.1100,0.9400,18.4000,ALCISTA FUERTE,10,771.3500,7.9100,52.5000,14.8700,SIDI_SHADOW_V1: Fund≥6.5 · DD60≥12% · RSI<40 · MACD↑ · Vol↓ · SPY20≤+1% · Abnormal20≤-10%,SIDI_SHADOW_V1,True
PSA,Public Storage,Real Estate,Self-Storage REITs,2005-08-19,287.9700,284.1900,288.6700,283.3200,287.9700,2026-09-28,37.2400,35.1600,UP,-0.4133,-0.5424,0.0488,True,0.1891,5.7179,0.8400,1.9860,309.8700,293.7500,296.6700,-7.0700,-1.9700,True,1.1776,BAJISTA,-11.9700,-13.3000,327.1100,332.1400,332.1400,249.0600,-13.3000,15.6200,0.8100,True,True,287.1800,4,305.6300,True,-0.2700,BULL_ENGULF,7.8300,7.0000,8.5000,7.5000,10,6.5000,7.5000,False,False,False,True,True,True,3.9700,5.9600,1.5000,SIDI_SHADOW_V1,0.2808,1.6325,0.1808,1.1655,294,XLRE,True,27.4781,28.1567,10.4485,10.9578,18.8970,0.2193,0.0698,0.4163,0.7442,0.0330,0.4510,109.6320,0.2200,2334240256.0000,1845432960.0000,1.2649,53807853568,0.9350,7.9600,4.1700,186852295,6.4500,6.3700,7.1000,5.7900,0.0434,D/E:110,1,7.0000,False,True,False,False,False,False,DD12|FUND65|ABNORMAL20,False,3-7d,XLRE,,PLD|AMT|EQIX,interest_rates|cap_rates|occupancy_trends,NEXT_SESSION_OPEN,0.7500,-5.0000,7,1.5000,5,EXIT_AT_OPEN_IF_OPEN_BELOW_SL,SL_FIRST,10,PENDING_NEXT_OPEN,5.7179,4.2884,292.2584,273.5715,1.4892,Exact TP/SL are fixed from the actual T+1 opening/entry price,30,2026-10-28,False,2026-07-29,2.4500,2.5300,-2.9000,ALCISTA FUERTE,10,771.3500,7.9100,52.5000,14.8700,SIDI_SHADOW_V1: Fund≥6.5 · DD60≥12% · RSI<40 · MACD↑ · Vol↓ · SPY20≤+1% · Abnormal20≤-10%,SIDI_SHADOW_V1,True
REG,Regency Centers,Real Estate,Retail REITs,2017-03-02,73.2300,73.2000,73.3300,72.1900,73.2300,2026-09-28,37.1200,35.0000,UP,0.0055,-0.0331,-0.0352,True,0.2681,1.0263,0.8440,1.4010,76.3100,74.8100,74.0100,-4.0400,-2.1100,True,0.9209,BAJISTA,-10.5300,-11.5800,81.8500,82.8200,82.8200,64.4400,-11.5800,13.6300,0.7700,False,False,74.2700,4,81.2800,True,1.4100,HAMMER|DOJI|HAMMER|DOJI,7.2800,7.0000,8.5000,5.0000,10,6.5000,7.0000,False,False,False,True,True,False,2.8000,4.2000,1.5000,SIDI_SHADOW_V1,0.2808,3.6357,-0.1783,0.7763,294,XLRE,True,24.6566,29.0921,2.0120,8.1227,17.5760,0.0819,0.0323,0.3300,0.7154,0.0890,0.0890,71.9720,0.9640,743363968.0000,542515008.0000,1.3702,13690988544,0.8070,5.2300,4.1200,183120547,6.8100,7.2200,6.0100,7.2600,0.0543,OK,0,7.0000,True,True,False,False,False,False,DD12|VOLUME|ABNORMAL20,False,3-7d,XLRE,,PLD|AMT|EQIX,interest_rates|cap_rates|occupancy_trends,NEXT_SESSION_OPEN,0.7500,-5.0000,7,1.5000,5,EXIT_AT_OPEN_IF_OPEN_BELOW_SL,SL_FIRST,10,PENDING_NEXT_OPEN,1.0263,0.7697,73.9997,69.5685,1.0511,Exact TP/SL are fixed from the actual T+1 opening/entry price,30,2026-10-28,False,2026-07-29,0.6100,0.5900,3.6000,ALCISTA FUERTE,10,771.3500,7.9100,52.5000,14.8700,SIDI_SHADOW_V1: Fund≥6.5 · DD60≥12% · RSI<40 · MACD↑ · Vol↓ · SPY20≤+1% · Abnormal20≤-10%,SIDI_SHADOW_V1,True
BX,Blackstone Inc.,Financials,Asset Management & Custody Banks,2023-09-18,118.4200,117.5000,119.5000,117.1900,118.4200,2026-09-28,23.2700,22.1500,UP,-1.3256,-1.4259,-1.1670,True,0.1471,3.8750,0.9080,3.2720,133.3100,127.4300,127.4300,-11.1700,-7.0700,True,-0.8293,BAJISTA,-20.6900,-21.1800,149.3200,150.2400,171.3400,99.7800,-30.8900,18.6800,1.2010,False,False,118.9000,2,125.7800,True,0.4000,NONE,7.1000,6.5000,9.5000,5.0000,8,8.0000,5.0000,False,False,True,True,True,False,6.5400,9.8200,1.5000,SIDI_SHADOW_V1,0.2808,-12.1761,0.5360,1.4580,294,XLF,True,26.5516,15.8212,10.5085,9.1419,,0.3137,0.1433,0.2273,1.0000,0.2860,0.5730,68.1850,0.8720,,3519035904.0000,,141547159552,1.5580,6.0900,4.4200,750625114,6.9200,10.0000,6.2700,4.0900,,OK,0,6.9900,True,True,True,False,False,False,VOLUME,False,5-10d,XLF,,JPM|BAC|WFC,interest_rates|yield_curve|credit_spreads|loan_growth,NEXT_SESSION_OPEN,0.7500,-5.0000,7,1.5000,5,EXIT_AT_OPEN_IF_OPEN_BELOW_SL,SL_FIRST,10,PENDING_NEXT_OPEN,3.8750,2.9062,121.3263,112.4990,2.4542,Exact TP/SL are fixed from the actual T+1 opening/entry price,24,2026-10-22,False,2026-07-23,1.5200,1.3400,13.7000,ALCISTA FUERTE,10,771.3500,7.9100,52.5000,14.8700,SIDI_SHADOW_V1: Fund≥6.5 · DD60≥12% · RSI<40 · MACD↑ · Vol↓ · SPY20≤+1% · Abnormal20≤-10%,SIDI_SHADOW_V1,True
HST,Host Hotels & Resorts,Real Estate,Hotel & Resort REITs,2007-03-20,22.4200,22.2400,22.4600,22.0500,22.4200,2026-09-28,58.8500,41.1300,UP,0.0913,0.0767,0.0709,True,0.8977,0.4029,0.7970,1.7970,23.1000,20.6400,22.2800,-2.9300,8.6100,True,2.8639,NEUTRO,-12.2200,-12.8000,25.5400,25.7100,25.7100,14.5900,-12.8000,53.6600,0.7790,True,True,22.4900,3,23.4200,True,0.3000,HAMMER|DOJI,7.7000,8.5000,7.0000,7.5000,9,7.0000,7.0000,False,False,True,False,True,True,3.5900,5.3900,1.5000,SIDI_SHADOW_V1,0.2808,2.9610,0.4823,0.6854,294,XLRE,True,15.0470,21.2393,2.4040,2.4985,11.3760,0.1556,0.0433,0.1647,0.2919,0.0360,0.0840,85.2980,1.6710,1692375040.0000,1027000000.0000,1.6479,15575767040,1.1010,5.2900,3.5700,685124399,6.5100,4.0400,7.5700,8.1500,0.1087,D/E:85,1,6.9900,True,True,False,False,False,False,RSI40|ABNORMAL20,False,7-15d,XLRE,,PLD|AMT|EQIX,interest_rates|cap_rates|occupancy_trends,NEXT_SESSION_OPEN,0.7500,-5.0000,7,1.5000,5,EXIT_AT_OPEN_IF_OPEN_BELOW_SL,SL_FIRST,10,PENDING_NEXT_OPEN,0.4029,0.3022,22.7222,21.2990,1.3478,Exact TP/SL are fixed from the actual T+1 opening/entry price,37,2026-11-04,False,2026-08-05,0.3500,0.3400,4.4000,ALCISTA FUERTE,10,771.3500,7.9100,52.5000,14.8700,SIDI_SHADOW_V1: Fund≥6.5 · DD60≥12% · RSI<40 · MACD↑ · Vol↓ · SPY20≤+1% · Abnormal20≤-10%,SIDI_SHADOW_V1,True
EBAY,eBay Inc.,Consumer Discretionary,Broadline Retail,2002-07-22,107.9000,108.1700,109.0600,107.2900,107.9000,2026-09-28,60.8600,63.4500,DOWN,0.1644,0.3033,0.6360,False,0.5642,3.5450,1.0580,3.2850,107.7000,99.9800,107.7800,0.1900,7.9300,True,2.5831,ALCISTA,-7.8400,-8.3800,117.0800,117.7700,118.6200,77.3200,-9.0400,39.5500,0.5310,True,True,105.9800,5,110.1900,True,-1.7800,HAMMER|DOJI|HAMMER,7.3000,10.0000,5.0000,7.5000,9,5.0000,7.0000,False,False,False,False,False,True,6.5700,9.8600,1.5000,SIDI_SHADOW_V1,0.2808,5.8548,-0.0177,0.4139,294,XLY,True,22.6681,16.0680,10.2929,3.9986,16.7460,0.4661,0.0915,0.1857,0.7205,0.1480,0.5500,153.0120,1.0190,1579624960.0000,2193999872.0000,0.7200,48015499264,1.3390,4.0300,1.1500,445000000,6.7600,10.0000,5.1900,4.8100,0.0329,FCF/NI:0.72|D/E:153,2,6.9800,True,True,False,False,False,False,DD12|RSI40|MACD|ABNORMAL20,False,10-18d,XLY,,AMZN|TSLA|HD,consumer_spending|employment_data|interest_rates,NEXT_SESSION_OPEN,0.7500,-5.0000,7,1.5000,5,EXIT_AT_OPEN_IF_OPEN_BELOW_SL,SL_FIRST,10,PENDING_NEXT_OPEN,3.5450,2.6587,110.5588,102.5050,2.4641,Exact TP/SL are fixed from the actual T+1 opening/entry price,37,2026-11-04,False,2026-08-05,1.6000,1.5100,6.2000,ALCISTA FUERTE,10,771.3500,7.9100,52.5000,14.8700,SIDI_SHADOW_V1: Fund≥6.5 · DD60≥12% · RSI<40 · MACD↑ · Vol↓ · SPY20≤+1% · Abnormal20≤-10%,SIDI_SHADOW_V1,True
PRU,Prudential Financial,Financials,Life & Health Insurance,2002-07-22,119.4500,119.1700,119.5800,117.6900,119.4500,2026-09-28,40.1800,46.5300,DOWN,-0.0558,-0.1700,-0.2715,True,0.5850,2.2486,0.9260,1.8820,119.7900,106.5400,118.9100,-0.2800,12.1200,True,1.5237,NEUTRO,-3.4400,-5.4000,123.7000,126.2600,126.2600,89.6200,-5.4000,33.2900,0.6510,True,True,116.0700,3,124.4700,True,-2.8300,HAMMER,7.2000,8.5000,6.0000,7.5000,9,5.0000,7.0000,False,False,False,False,True,True,3.7600,5.6500,1.5000,SIDI_SHADOW_V1,0.2808,2.6943,0.0007,1.0064,294,XLF,True,10.8296,8.0385,1.3059,0.6318,11.8650,0.1201,0.0043,0.0601,0.2902,0.1410,0.8920,163.8910,0.7770,7527750144.0000,3872000000.0000,1.9442,41210249216,0.8190,9.8300,4.6900,345000000,6.8400,8.1500,4.7300,7.7800,0.1827,D/E:164,1,6.9800,True,True,False,False,False,False,DD12|RSI40|ABNORMAL20,False,7-15d,XLF,,JPM|BAC|WFC,interest_rates|yield_curve|credit_spreads|loan_growth,NEXT_SESSION_OPEN,0.7500,-5.0000,7,1.5000,5,EXIT_AT_OPEN_IF_OPEN_BELOW_SL,SL_FIRST,10,PENDING_NEXT_OPEN,2.2486,1.6865,121.1364,113.4775,1.4118,Exact TP/SL are fixed from the actual T+1 opening/entry price,30,2026-10-28,False,2026-08-04,4.0800,3.5200,16.0000,ALCISTA FUERTE,10,771.3500,7.9100,52.5000,14.8700,SIDI_SHADOW_V1: Fund≥6.5 · DD60≥12% · RSI<40 · MACD↑ · Vol↓ · SPY20≤+1% · Abnormal20≤-10%,SIDI_SHADOW_V1,True
KEYS,Keysight Technologies,Information Technology,Electronic Equipment & Instruments,2018-11-06,362.1500,361.9600,366.8820,358.7000,362.1500,2026-09-28,67.2900,58.5400,UP,4.2002,3.7671,2.4611,True,1.0319,11.1234,0.8620,3.0710,329.4600,298.5800,337.2100,9.9200,21.2900,True,5.0387,ALCISTA,0.0000,-1.2900,362.1500,366.8800,374.9600,158.7900,-3.4200,128.0700,1.1190,True,True,328.2500,6,359.0500,False,-9.3600,HAMMER|DOJI,7.2500,10.0000,7.0000,7.5000,6,5.0000,7.0000,False,False,False,False,True,True,6.1400,9.2100,1.5000,SIDI_SHADOW_V1,0.2808,8.7224,-0.1048,1.0429,294,XLK,True,49.0054,26.1074,9.3858,9.3671,36.4050,0.2090,0.0723,0.1914,0.6328,0.3650,1.0910,42.0940,2.0240,1867124992.0000,1279000064.0000,1.4598,61654134784,1.2080,1.6800,,170244745,6.7800,9.3800,5.9500,4.7000,0.0303,OK,0,6.9700,True,True,False,False,False,False,DD12|RSI40|ABNORMAL20,False,10-18d,XLK,,AAPL|MSFT|NVDA,interest_rates|ai_capex_cycle|semiconductor_cycle,NEXT_SESSION_OPEN,0.7500,-5.0000,7,1.5000,5,EXIT_AT_OPEN_IF_OPEN_BELOW_SL,SL_FIRST,10,PENDING_NEXT_OPEN,11.1234,8.3425,370.4925,344.0425,2.3036,Exact TP/SL are fixed from the actual T+1 opening/entry price,57,2026-11-24,False,2026-08-18,3.0700,2.4800,23.7000,ALCISTA FUERTE,10,771.3500,7.9100,52.5000,14.8700,SIDI_SHADOW_V1: Fund≥6.5 · DD60≥12% · RSI<40 · MACD↑ · Vol↓ · SPY20≤+1% · Abnormal20≤-10%,SIDI_SHADOW_V1,True
BKNG,Booking Holdings,Consumer Discretionary,"Hotels, Resorts & Cruise Lines",2009-11-06,163.9500,158.2000,164.5900,158.2000,163.9500,2026-09-28,21.7200,12.6700,UP,-1.6177,-2.3089,-2.1856,True,0.2671,6.9706,1.0220,4.2520,190.8800,183.0700,175.3200,-14.1100,-10.4400,True,-1.0083,BAJISTA,-23.3500,-24.3800,213.9000,216.8000,222.9500,149.4000,-26.4600,9.7400,1.0450,False,False,157.7400,1,176.3700,True,-3.7900,HAMMER|DOJI,6.9200,6.5000,9.5000,5.0000,7,6.5000,7.0000,False,False,True,True,True,False,8.5000,12.7500,1.5000,SIDI_SHADOW_V1,0.2808,-17.7464,-1.0918,1.4785,294,XLY,True,18.2167,13.2556,-11.5247,4.4985,12.1870,,0.2038,0.2553,0.8723,0.0810,1.3000,,1.0940,7725875200.0000,7208999936.0000,1.0717,127041323008,1.0680,3.2000,1.0200,774878436,6.9900,8.7600,5.7200,6.4200,0.0608,OK,0,6.9600,True,True,True,False,False,False,VOLUME,False,5-10d,XLY,,AMZN|TSLA|HD,consumer_spending|employment_data|interest_rates,NEXT_SESSION_OPEN,0.7500,-5.0000,7,1.5000,5,EXIT_AT_OPEN_IF_OPEN_BELOW_SL,SL_FIRST,10,PENDING_NEXT_OPEN,6.9706,5.2279,169.1779,155.7525,3.1887,Exact TP/SL are fixed from the actual T+1 opening/entry price,29,2026-10-27,False,2026-08-04,2.5400,2.4300,4.5000,ALCISTA FUERTE,10,771.3500,7.9100,52.5000,14.8700,SIDI_SHADOW_V1: Fund≥6.5 · DD60≥12% · RSI<40 · MACD↑ · Vol↓ · SPY20≤+1% · Abnormal20≤-10%,SIDI_SHADOW_V1,True
JBHT,J.B. Hunt,Industrials,Cargo Ground Transportation,2015-07-01,225.4600,229.8600,231.6600,224.3900,225.4600,2026-09-28,16.0600,34.5700,DOWN,-3.2881,-3.2644,-3.3776,False,0.0979,8.5086,0.9870,3.7740,266.9000,242.0200,249.5500,-15.5300,-6.8400,True,3.5381,BAJISTA,-24.3200,-24.6600,297.9100,299.2600,299.2600,129.0600,-24.6600,74.6900,1.2460,False,False,,0,276.5400,False,,NONE,6.3500,7.0000,7.5000,5.0000,5,8.0000,5.0000,False,False,True,True,False,False,7.5500,11.3200,1.5000,SIDI_SHADOW_V1,0.2808,-14.9331,0.2405,0.5200,294,XLI,True,32.0711,22.4559,5.7898,1.6668,13.4850,0.1845,0.0738,0.0531,0.1850,0.1940,0.4580,38.3730,1.2550,903028352.0000,674505024.0000,1.3388,21170694144,1.2890,2.6000,0.8000,93900000,7.3600,10.0000,6.0600,5.8100,0.0427,OK,0,6.9600,True,True,True,False,False,False,MACD|VOLUME,False,3-7d,XLI,,CAT|UNP|HON,pmi_manufacturing|supply_chain|capex_cycle,NEXT_SESSION_OPEN,0.7500,-5.0000,7,1.5000,5,EXIT_AT_OPEN_IF_OPEN_BELOW_SL,SL_FIRST,10,PENDING_NEXT_OPEN,8.5086,6.3814,231.8415,214.1870,2.8304,Exact TP/SL are fixed from the actual T+1 opening/entry price,17,2026-10-15,False,2026-07-15,1.9100,1.7400,9.6000,ALCISTA FUERTE,10,771.3500,7.9100,52.5000,14.8700,SIDI_SHADOW_V1: Fund≥6.5 · DD60≥12% · RSI<40 · MACD↑ · Vol↓ · SPY20≤+1% · Abnormal20≤-10%,SIDI_SHADOW_V1,True
LMT,Lockheed Martin,Industrials,Aerospace & Defense,1957-03-04,519.5600,524.1200,528.0000,516.4900,519.5600,2026-09-28,46.2000,35.1100,UP,-0.5236,-0.3454,-0.2645,False,0.1852,12.6557,0.8710,2.4360,555.0600,555.8400,535.3800,-6.4000,-6.5300,False,1.5840,BAJISTA,-14.1100,-14.6800,604.9400,608.9800,683.2700,429.4700,-23.9600,20.9800,0.9620,True,True,506.9600,1,534.3800,True,-2.4200,HAMMER|DOJI|HAMMER|DOJI,6.6800,5.5000,6.0000,7.5000,8,6.5000,7.0000,False,False,True,False,False,True,4.8700,7.3100,1.5000,SIDI_SHADOW_V1,0.2808,-2.8097,-0.8282,0.7787,294,XLI,True,19.1578,15.8624,13.6289,1.5570,14.1170,0.8917,0.0864,0.0816,0.1180,0.1050,4.4380,234.2380,1.1930,5562625024.0000,6287000064.0000,0.8848,119909646336,0.1040,2.2600,2.6600,230790753,7.1500,7.8500,6.9800,6.5400,0.0464,D/E:234,1,6.9600,True,True,False,False,False,False,RSI40|MACD|ABNORMAL20,False,3-7d,XLI,,CAT|UNP|HON,pmi_manufacturing|supply_chain|capex_cycle,NEXT_SESSION_OPEN,0.7500,-5.0000,7,1.5000,5,EXIT_AT_OPEN_IF_OPEN_BELOW_SL,SL_FIRST,10,PENDING_NEXT_OPEN,12.6557,9.4918,529.0518,493.5820,1.8269,Exact TP/SL are fixed from the actual T+1 opening/entry price,22,2026-10-20,False,2026-07-23,7.9400,7.2000,10.3000,ALCISTA FUERTE,10,771.3500,7.9100,52.5000,14.8700,SIDI_SHADOW_V1: Fund≥6.5 · DD60≥12% · RSI<40 · MACD↑ · Vol↓ · SPY20≤+1% · Abnormal20≤-10%,SIDI_SHADOW_V1,True
CBOE,Cboe Global Markets,Financials,Financial Exchanges & Data,2017-03-01,258.0300,265.1900,268.0000,253.4500,258.0300,2026-09-28,18.3400,26.9400,DOWN,-2.5789,-2.3699,-3.1783,False,0.0974,9.2057,0.8570,3.5680,288.2700,285.4200,278.1200,-10.4900,-9.6000,True,1.0049,BAJISTA,-17.5800,-18.5700,313.0800,316.8600,369.3800,226.5200,-30.1400,13.9100,1.2630,True,True,226.5200,1,307.9700,False,-12.2100,NONE,6.7000,7.0000,7.5000,7.5000,4,8.0000,5.0000,False,True,True,True,False,True,7.1400,10.7000,1.5000,SIDI_SHADOW_V1,0.2808,-20.6015,-0.4701,0.0926,294,XLF,True,20.1271,16.9500,4.7955,5.3240,13.5560,0.2630,0.1158,0.2673,0.5408,0.2290,0.5020,28.0900,1.5650,678249984.0000,1347399936.0000,0.5034,26946334720,0.4080,2.8700,1.3300,104431019,7.1200,10.0000,6.8800,4.0400,0.0252,FCF/NI:0.50,1,6.9500,True,True,True,False,False,False,MACD,False,3-7d,XLF,,JPM|BAC|WFC,interest_rates|yield_curve|credit_spreads|loan_growth,NEXT_SESSION_OPEN,0.7500,-5.0000,7,1.5000,5,EXIT_AT_OPEN_IF_OPEN_BELOW_SL,SL_FIRST,10,PENDING_NEXT_OPEN,9.2057,6.9043,264.9343,245.1285,2.6758,Exact TP/SL are fixed from the actual T+1 opening/entry price,32,2026-10-30,False,2026-07-31,3.5600,3.4900,2.0000,ALCISTA FUERTE,10,771.3500,7.9100,52.5000,14.8700,SIDI_SHADOW_V1: Fund≥6.5 · DD60≥12% · RSI<40 · MACD↑ · Vol↓ · SPY20≤+1% · Abnormal20≤-10%,SIDI_SHADOW_V1,True
GOOG,Alphabet Inc. (Class C),Communication Services,Interactive Media & Services,2014-04-03,341.0800,338.9250,343.6000,337.9100,341.0800,2026-09-28,54.4900,51.5300,UP,0.5562,0.6685,1.9055,False,0.5983,8.7146,0.9030,2.5550,341.8500,336.4000,340.7100,-0.2200,1.3900,True,1.0852,NEUTRO,-9.0700,-10.6100,375.1100,381.5600,403.9600,236.0700,-15.5700,44.4800,0.7880,False,False,346.5700,3,375.7800,True,1.6100,NONE,6.5000,8.5000,6.0000,5.0000,9,5.0000,5.0000,False,False,False,False,False,False,5.1100,7.6600,1.5000,SIDI_SHADOW_V1,0.2808,-2.5424,0.7486,1.1126,294,XLC,True,17.1225,22.6307,6.7015,9.3557,23.4910,0.4868,0.1296,0.5477,0.6090,0.2420,2.9400,18.8590,2.7240,22665000960.0000,244118994944.0000,0.0928,4171386060800,1.2250,3.2800,0.2600,5527000000,7.2000,10.0000,7.9600,3.0500,0.0054,FCF/NI:0.09,1,6.9200,True,True,False,False,False,False,DD12|RSI40|MACD|VOLUME|ABNORMAL20,False,7-15d,XLC,,GOOGL|META|NFLX,ad_spending_cycle|streaming_competition|regulation,NEXT_SESSION_OPEN,0.7500,-5.0000,7,1.5000,5,EXIT_AT_OPEN_IF_OPEN_BELOW_SL,SL_FIRST,10,PENDING_NEXT_OPEN,8.7146,6.5360,347.6159,324.0260,1.9163,Exact TP/SL are fixed from the actual T+1 opening/entry price,30,2026-10-28,False,2026-07-22,9.1100,2.9100,212.8000,ALCISTA FUERTE,10,771.3500,7.9100,52.5000,14.8700,SIDI_SHADOW_V1: Fund≥6.5 · DD60≥12% · RSI<40 · MACD↑ · Vol↓ · SPY20≤+1% · Abnormal20≤-10%,SIDI_SHADOW_V1,True
FANG,Diamondback Energy,Energy,Oil & Gas Exploration & Production,2018-12-03,186.6700,186.4600,187.7700,185.5100,186.6700,2026-09-28,37.8900,44.4200,DOWN,-1.9740,-2.1100,-2.2506,True,0.1382,6.5893,1.1210,3.5300,198.7500,182.3300,195.4300,-6.0800,2.3800,True,2.8099,NEUTRO,-11.7500,-13.9400,211.5300,216.9000,216.9000,133.8100,-13.9400,39.5100,0.5150,False,False,188.4600,1,205.0000,True,0.9600,HAMMER|DOJI|HAMMER|DOJI,7.1500,8.5000,7.5000,5.0000,7,8.0000,7.0000,False,False,False,True,True,False,7.0600,10.5900,1.5000,SIDI_SHADOW_V1,0.2808,-6.9943,0.0034,1.1784,294,XLE,True,35.5562,9.9491,1.3819,3.2320,5.9850,0.0349,0.0131,0.0903,0.7235,0.5250,1.7950,28.6780,0.4670,5035500032.0000,1458000000.0000,3.4537,52512755712,0.4140,3.9800,2.3600,281313297,6.7700,8.9400,4.6200,6.7300,0.0959,OK,0,6.9200,True,True,False,False,False,False,DD12|VOLUME|ABNORMAL20,False,7-15d,XLE,,XOM|CVX|COP,oil_price|gas_price|opec_supply|inventories,NEXT_SESSION_OPEN,0.7500,-5.0000,7,1.5000,5,EXIT_AT_OPEN_IF_OPEN_BELOW_SL,SL_FIRST,10,PENDING_NEXT_OPEN,6.5893,4.9420,191.6120,177.3365,2.6474,Exact TP/SL are fixed from the actual T+1 opening/entry price,35,2026-11-02,False,2026-08-03,6.4800,5.9800,8.3000,ALCISTA FUERTE,10,771.3500,7.9100,52.5000,14.8700,SIDI_SHADOW_V1: Fund≥6.5 · DD60≥12% · RSI<40 · MACD↑ · Vol↓ · SPY20≤+1% · Abnormal20≤-10%,SIDI_SHADOW_V1,True
MCO,Moody's Corporation,Financials,Financial Exchanges & Data,1998-07-01,468.7000,466.3700,469.6100,461.5300,468.7000,2026-09-28,33.5100,28.8300,UP,-0.9044,-1.2606,-2.3882,True,0.3280,10.2864,0.8340,2.1950,484.7900,470.3500,476.2800,-3.3200,-0.3500,True,-0.0325,BAJISTA,-9.5000,-10.2500,517.9300,522.2100,543.2500,399.6100,-13.7200,17.2900,0.9220,True,True,456.9700,1,467.8300,True,-2.5000,BULL_ENGULF|HAMMER,7.4000,6.5000,8.5000,7.5000,8,5.0000,9.5000,False,True,False,True,True,True,4.3900,6.5800,1.5000,SIDI_SHADOW_V1,0.2808,-0.5197,-0.2359,1.2920,294,XLF,True,29.7022,24.7673,26.8335,9.9473,21.5730,0.7693,0.1562,0.3425,0.7497,0.1510,0.5670,240.6820,1.1900,2579124992.0000,2795000064.0000,0.9228,81169932288,1.3340,4.1900,0.8800,173180984,6.6000,8.4100,6.9300,4.1000,0.0318,D/E:241,1,6.9200,True,True,False,False,False,False,DD12|ABNORMAL20,False,3-7d,XLF,,JPM|BAC|WFC,interest_rates|yield_curve|credit_spreads|loan_growth,NEXT_SESSION_OPEN,0.7500,-5.0000,7,1.5000,5,EXIT_AT_OPEN_IF_OPEN_BELOW_SL,SL_FIRST,10,PENDING_NEXT_OPEN,10.2864,7.7148,476.4148,445.2650,1.6460,Exact TP/SL are fixed from the actual T+1 opening/entry price,23,2026-10-21,False,2026-07-22,4.6800,4.2500,10.0000,ALCISTA FUERTE,10,771.3500,7.9100,52.5000,14.8700,SIDI_SHADOW_V1: Fund≥6.5 · DD60≥12% · RSI<40 · MACD↑ · Vol↓ · SPY20≤+1% · Abnormal20≤-10%,SIDI_SHADOW_V1,True
GOOGL,Alphabet Inc. (Class A),Communication Services,Interactive Media & Services,2006-04-03,343.9200,342.3500,347.0300,341.1100,343.9200,2026-09-28,53.9900,52.5400,UP,0.4484,0.6088,1.9571,False,0.5701,9.0393,0.9070,2.6280,344.1400,337.8200,343.9800,-0.0600,1.8100,True,1.1960,NEUTRO,-8.8700,-10.4900,377.4100,384.2300,408.1000,235.2300,-15.7300,46.2100,0.8120,False,False,349.4600,3,374.5700,True,1.6100,NONE,6.5000,8.5000,6.0000,5.0000,9,5.0000,5.0000,False,False,False,False,False,False,5.2600,7.8800,1.5000,SIDI_SHADOW_V1,0.2808,-2.7686,0.7532,1.1426,294,XLC,True,17.2737,22.8192,6.7573,9.4336,23.6910,0.4868,0.1296,0.5477,0.6090,0.2420,2.9400,18.8590,2.7240,22665000960.0000,244118994944.0000,0.0928,4206119354368,1.2250,3.6800,0.2600,5867155790,7.1900,10.0000,7.9600,3.0300,0.0054,FCF/NI:0.09,1,6.9100,True,True,False,False,False,False,DD12|RSI40|MACD|VOLUME|ABNORMAL20,False,7-15d,XLC,,META|NFLX|DIS,ad_spending_cycle|streaming_competition|regulation,NEXT_SESSION_OPEN,0.7500,-5.0000,7,1.5000,5,EXIT_AT_OPEN_IF_OPEN_BELOW_SL,SL_FIRST,10,PENDING_NEXT_OPEN,9.0393,6.7795,350.6995,326.7240,1.9712,Exact TP/SL are fixed from the actual T+1 opening/entry price,30,2026-10-28,False,2026-07-22,9.1100,2.9000,214.2000,ALCISTA FUERTE,10,771.3500,7.9100,52.5000,14.8700,SIDI_SHADOW_V1: Fund≥6.5 · DD60≥12% · RSI<40 · MACD↑ · Vol↓ · SPY20≤+1% · Abnormal20≤-10%,SIDI_SHADOW_V1,True
EQIX,Equinix,Real Estate,Data Center REITs,2015-03-20,1008.0800,1044.2500,1049.1100,1005.9400,1008.0800,2026-09-28,43.0300,43.1000,DOWN,-0.0408,1.9448,2.4810,False,0.1442,26.1357,0.8660,2.5930,1042.5700,973.2000,1034.9800,-3.3100,3.5800,True,2.9693,NEUTRO,-8.0900,-8.6800,1096.8600,1103.9500,1118.6600,709.7900,-9.8800,42.0200,1.6560,False,False,993.0300,5,1101.6300,True,-1.4900,NONE,6.7500,8.5000,5.0000,5.0000,9,8.0000,5.0000,False,False,False,False,False,False,5.1900,7.7800,1.5000,SIDI_SHADOW_V1,0.2808,-4.4795,0.3862,0.4944,294,XLRE,True,64.9536,54.1396,6.9162,10.0433,26.8420,0.1074,0.0368,0.1548,0.5198,0.1670,0.2880,162.2170,1.1290,3785999872.0000,1532999936.0000,2.4697,99468959744,0.9730,3.2000,2.0500,98671686,7.0100,10.0000,6.0300,4.6700,0.0381,D/E:162,1,6.9100,True,True,False,False,False,False,DD12|RSI40|MACD|VOLUME|ABNORMAL20,False,7-15d,XLRE,,PLD|AMT|SPG,interest_rates|cap_rates|occupancy_trends,NEXT_SESSION_OPEN,0.7500,-5.0000,7,1.5000,5,EXIT_AT_OPEN_IF_OPEN_BELOW_SL,SL_FIRST,10,PENDING_NEXT_OPEN,26.1357,19.6018,1027.6818,957.6760,1.9445,Exact TP/SL are fixed from the actual T+1 opening/entry price,30,2026-10-28,False,2026-07-29,5.1000,4.8000,6.3000,ALCISTA FUERTE,10,771.3500,7.9100,52.5000,14.8700,SIDI_SHADOW_V1: Fund≥6.5 · DD60≥12% · RSI<40 · MACD↑ · Vol↓ · SPY20≤+1% · Abnormal20≤-10%,SIDI_SHADOW_V1,True
SMCI,Supermicro,Information Technology,"Technology Hardware, Storage & Peripherals",2024-03-18,43.2600,42.0000,43.7600,41.9000,43.2600,2026-09-28,58.7100,54.9400,UP,0.2539,0.1535,0.0886,True,0.9974,2.3243,1.0140,5.3730,35.0300,31.7900,39.2300,23.4900,36.0600,True,1.4054,ALCISTA,0.0000,-1.1400,43.2600,43.7600,58.7800,19.4800,-26.4000,122.0700,1.2970,True,True,35.5000,2,51.4000,False,-17.9500,NONE,6.7500,10.0000,7.0000,7.5000,4,5.0000,5.0000,False,False,False,False,True,True,10.7500,16.1200,1.5000,SIDI_SHADOW_V1,0.2808,9.2247,0.8029,1.8929,294,XLK,True,13.2699,8.1225,2.7715,0.7164,12.1670,0.2147,0.0788,0.0571,0.1082,0.9320,4.3470,63.9510,3.8720,-8248783872.0000,2195842048.0000,-3.7565,27983726592,1.9960,2.4700,,646873027,7.0100,10.0000,4.9500,5.9200,-0.2948,FCF/NI:-3.76,1,6.9100,True,True,False,False,False,False,DD12|RSI40|ABNORMAL20,False,10-18d,XLK,,AAPL|MSFT|NVDA,interest_rates|ai_capex_cycle|semiconductor_cycle,NEXT_SESSION_OPEN,0.7500,-5.0000,7,1.5000,5,EXIT_AT_OPEN_IF_OPEN_BELOW_SL,SL_FIRST,10,PENDING_NEXT_OPEN,2.3243,1.7432,45.0032,41.0970,4.0296,Exact TP/SL are fixed from the actual T+1 opening/entry price,36,2026-11-03,False,2026-08-11,1.7000,0.9600,77.5000,ALCISTA FUERTE,10,771.3500,7.9100,52.5000,14.8700,SIDI_SHADOW_V1: Fund≥6.5 · DD60≥12% · RSI<40 · MACD↑ · Vol↓ · SPY20≤+1% · Abnormal20≤-10%,SIDI_SHADOW_V1,True
ADM,Archer Daniels Midland,Consumer Staples,Agricultural Products & Services,1957-03-04,81.1200,81.3900,81.7300,80.4000,81.1200,2026-09-28,38.2300,61.1400,DOWN,-0.6851,-0.5985,-0.3546,False,0.1115,2.4321,1.0350,2.9980,82.2900,73.1500,83.4800,-1.4300,10.9000,True,3.8025,NEUTRO,-7.9100,-8.6000,88.0900,88.7500,88.7500,54.0000,-8.6000,50.2200,0.8230,True,True,75.8400,3,82.0400,False,-6.5100,HAMMER|HAMMER,7.3000,8.5000,6.5000,7.5000,6,8.0000,7.0000,False,False,False,True,False,True,6.0000,8.9900,1.5000,SIDI_SHADOW_V1,0.2808,-0.4577,-0.0634,0.0025,294,XLP,True,22.1639,14.3066,1.6587,0.4762,15.9080,0.0764,0.0226,0.0216,0.0687,0.0720,3.1560,39.1340,1.3890,1164625024.0000,1770000000.0000,0.6580,39096311808,0.6130,4.0100,2.5600,481956527,6.6300,8.8200,5.2400,5.6900,0.0298,FCF/NI:0.66,1,6.9000,True,True,False,False,False,False,DD12|MACD|ABNORMAL20,False,7-15d,XLP,,PG|KO|PEP,inflation|input_costs|fx_rates,NEXT_SESSION_OPEN,0.7500,-5.0000,7,1.5000,5,EXIT_AT_OPEN_IF_OPEN_BELOW_SL,SL_FIRST,10,PENDING_NEXT_OPEN,2.4321,1.8241,82.9441,77.0640,2.2486,Exact TP/SL are fixed from the actual T+1 opening/entry price,36,2026-11-03,False,2026-08-04,1.8400,1.4400,28.0000,ALCISTA FUERTE,10,771.3500,7.9100,52.5000,14.8700,SIDI_SHADOW_V1: Fund≥6.5 · DD60≥12% · RSI<40 · MACD↑ · Vol↓ · SPY20≤+1% · Abnormal20≤-10%,SIDI_SHADOW_V1,True
AMGN,Amgen,Health Care,Biotechnology,1992-01-02,414.6100,408.2500,415.2000,404.1900,414.6100,2026-09-28,40.3500,27.4200,UP,1.5081,0.3578,-1.9646,True,0.5984,11.8921,1.1530,2.8680,403.5400,358.4000,402.9400,2.7400,15.6800,True,2.1425,ALCISTA,-6.6400,-7.2500,444.1200,447.0300,447.0300,262.4900,-7.2500,57.9500,0.7220,False,False,353.4800,3,446.4200,False,-14.7400,HAMMER|DOJI,6.7500,10.0000,7.0000,5.0000,6,5.0000,7.0000,False,False,False,False,True,False,5.7400,8.6000,1.5000,SIDI_SHADOW_V1,0.2808,-4.9707,0.1976,1.0297,294,XLV,True,25.7682,16.9582,19.1771,5.8840,15.4890,0.9147,0.0867,0.2295,0.7189,0.0950,0.6490,490.2810,1.3710,8645624832.0000,8743000064.0000,0.9889,224151420928,0.4260,5.4000,2.4300,540632005,6.9800,8.4600,6.9100,5.3500,0.0386,D/E:490,1,6.8900,True,True,False,False,False,False,DD12|RSI40|VOLUME|ABNORMAL20,False,10-18d,XLV,,UNH|JNJ|LLY,fda_calendar|drug_pricing_policy|patent_cliffs,NEXT_SESSION_OPEN,0.7500,-5.0000,7,1.5000,5,EXIT_AT_OPEN_IF_OPEN_BELOW_SL,SL_FIRST,10,PENDING_NEXT_OPEN,11.8921,8.9191,423.5291,393.8795,2.1512,Exact TP/SL are fixed from the actual T+1 opening/entry price,36,2026-11-03,False,2026-08-04,6.2900,5.6200,12.0000,ALCISTA FUERTE,10,771.3500,7.9100,52.5000,14.8700,SIDI_SHADOW_V1: Fund≥6.5 · DD60≥12% · RSI<40 · MACD↑ · Vol↓ · SPY20≤+1% · Abnormal20≤-10%,SIDI_SHADOW_V1,True
WSM,"Williams-Sonoma, Inc.",Consumer Discretionary,Homefurnishing Retail,2025-03-24,231.9000,228.6700,233.8400,226.8700,231.9000,2026-09-28,55.0000,38.2900,UP,1.0238,0.7551,0.4971,True,0.8203,6.4450,0.8840,2.7790,232.8400,206.8100,228.2700,-0.4000,12.1300,True,2.3208,NEUTRO,-7.9000,-9.0200,251.7800,254.8900,254.8900,164.9600,-9.0200,40.5800,0.5130,True,True,216.1300,4,233.7400,False,-6.8000,HAMMER,6.9500,8.5000,7.0000,7.5000,6,5.0000,7.0000,False,False,False,False,True,True,5.5600,8.3400,1.5000,SIDI_SHADOW_V1,0.2808,-3.0841,0.2260,0.7322,294,XLY,True,23.8090,22.0561,14.6033,3.4116,16.7570,0.5496,0.1664,0.1473,0.4569,0.0670,0.4200,71.3690,1.4470,1069320128.0000,1179083008.0000,0.9069,27310399488,1.4630,4.7600,1.3100,117768000,6.8500,8.0300,7.1000,5.1900,0.0392,OK,0,6.8900,True,True,False,False,False,False,DD12|RSI40|ABNORMAL20,False,7-15d,XLY,,AMZN|TSLA|HD,consumer_spending|employment_data|interest_rates,NEXT_SESSION_OPEN,0.7500,-5.0000,7,1.5000,5,EXIT_AT_OPEN_IF_OPEN_BELOW_SL,SL_FIRST,10,PENDING_NEXT_OPEN,6.4450,4.8338,236.7338,220.3050,2.0844,Exact TP/SL are fixed from the actual T+1 opening/entry price,51,2026-11-18,False,2026-08-26,2.8400,2.0600,37.9000,ALCISTA FUERTE,10,771.3500,7.9100,52.5000,14.8700,SIDI_SHADOW_V1: Fund≥6.5 · DD60≥12% · RSI<40 · MACD↑ · Vol↓ · SPY20≤+1% · Abnormal20≤-10%,SIDI_SHADOW_V1,True
IBKR,Interactive Brokers,Financials,Investment Banking & Brokerage,2025-08-28,89.2400,90.0000,90.5700,88.5300,89.2400,2026-09-28,41.6400,40.7700,UP,-0.0775,0.0036,0.0196,False,0.3153,2.6443,0.7790,2.9630,91.1700,80.6100,90.8800,-2.1200,10.7000,True,3.3419,NEUTRO,-9.0300,-9.5500,98.1000,98.6600,98.6600,58.7000,-9.5500,52.0200,0.7720,True,True,86.9700,8,90.9400,True,-2.5400,HAMMER|DOJI,7.5000,8.5000,6.0000,7.5000,9,7.0000,7.0000,False,False,False,False,False,True,5.9300,8.8900,1.5000,SIDI_SHADOW_V1,0.2808,-6.8558,1.4999,0.5310,294,XLF,True,35.4127,27.9188,6.8107,22.2456,,0.2402,0.0228,0.1647,0.9304,0.2630,0.3530,205.7480,1.0930,,1126000000.0000,,152048500736,1.3490,3.2700,0.3900,453077771,6.4700,9.8800,5.1900,3.9800,,D/E:206,1,6.8800,False,True,False,False,False,False,DD12|RSI40|MACD|FUND65|ABNORMAL20,False,7-15d,XLF,,JPM|BAC|WFC,interest_rates|yield_curve|credit_spreads|loan_growth,NEXT_SESSION_OPEN,0.7500,-5.0000,7,1.5000,5,EXIT_AT_OPEN_IF_OPEN_BELOW_SL,SL_FIRST,10,PENDING_NEXT_OPEN,2.6443,1.9832,91.2232,84.7780,2.2223,Exact TP/SL are fixed from the actual T+1 opening/entry price,17,2026-10-15,False,2026-07-21,0.6900,0.6400,8.0000,ALCISTA FUERTE,10,771.3500,7.9100,52.5000,14.8700,SIDI_SHADOW_V1: Fund≥6.5 · DD60≥12% · RSI<40 · MACD↑ · Vol↓ · SPY20≤+1% · Abnormal20≤-10%,SIDI_SHADOW_V1,True
O,Realty Income,Real Estate,Retail REITs,2015-04-07,55.5400,55.4500,55.6600,55.0800,55.5400,2026-09-28,4.7500,9.9900,DOWN,-0.3308,-0.3787,-0.3817,True,0.1388,0.9550,0.9570,1.7190,61.4500,60.7400,58.3300,-9.6200,-8.5700,True,0.6830,BAJISTA,-14.8000,-16.5800,65.1900,66.5800,66.5800,53.5400,-16.5800,3.7400,1.5200,False,False,,0,63.6600,False,,HAMMER|HAMMER,7.0000,7.0000,8.5000,7.0000,4,8.0000,7.0000,False,False,True,True,True,False,3.4400,5.1600,1.5000,SIDI_SHADOW_V1,0.2808,-3.6816,-0.2716,0.9136,294,XLRE,True,40.5401,35.7626,1.3288,8.6642,15.9960,0.0323,0.0236,0.2090,0.9268,0.0960,0.6920,74.7220,1.5280,1582081920.0000,1267576960.0000,1.2481,52552949760,0.7120,7.4100,5.8700,946218033,6.7900,9.9300,5.1300,5.0400,0.0301,OK,0,6.8700,True,True,False,False,False,False,VOLUME|ABNORMAL20,False,3-7d,XLRE,,PLD|AMT|EQIX,interest_rates|cap_rates|occupancy_trends,NEXT_SESSION_OPEN,0.7500,-5.0000,7,1.5000,5,EXIT_AT_OPEN_IF_OPEN_BELOW_SL,SL_FIRST,10,PENDING_NEXT_OPEN,0.9550,0.7162,56.2563,52.7630,1.2896,Exact TP/SL are fixed from the actual T+1 opening/entry price,35,2026-11-02,False,2026-08-05,0.3700,0.4200,-12.7000,ALCISTA FUERTE,10,771.3500,7.9100,52.5000,14.8700,SIDI_SHADOW_V1: Fund≥6.5 · DD60≥12% · RSI<40 · MACD↑ · Vol↓ · SPY20≤+1% · Abnormal20≤-10%,SIDI_SHADOW_V1,True
CVS,CVS Health,Health Care,Health Care Services,1957-03-04,89.1300,85.3500,89.3500,84.7000,89.1300,2026-09-28,28.3200,36.0100,DOWN,-0.5544,-0.8449,-0.7025,True,0.2864,2.4007,0.9680,2.6930,97.0200,86.7100,91.4200,-8.1300,2.7900,True,1.9366,NEUTRO,-18.9100,-18.9700,109.9200,110.0000,110.0000,68.4800,-18.9700,30.1500,2.0770,False,False,88.8700,1,97.9400,True,-0.2900,NONE,7.3300,8.5000,8.5000,7.0000,7,6.5000,5.0000,False,False,True,True,True,False,5.3900,8.0800,1.5000,SIDI_SHADOW_V1,0.2808,-6.4170,0.0946,0.3476,294,XLV,True,23.5171,10.4506,1.4292,0.2763,10.5840,0.0621,0.0297,0.0118,0.1365,0.0710,1.8880,95.5030,0.8660,8076000256.0000,4889999872.0000,1.6515,113994629120,0.5800,2.7700,2.9800,1278970369,6.5500,7.4600,4.5600,7.8100,0.0708,D/E:96,1,6.8600,True,True,False,False,False,False,VOLUME|ABNORMAL20,False,5-10d,XLV,,UNH|JNJ|LLY,fda_calendar|drug_pricing_policy|patent_cliffs,NEXT_SESSION_OPEN,0.7500,-5.0000,7,1.5000,5,EXIT_AT_OPEN_IF_OPEN_BELOW_SL,SL_FIRST,10,PENDING_NEXT_OPEN,2.4007,1.8005,90.9305,84.6735,2.0201,Exact TP/SL are fixed from the actual T+1 opening/entry price,30,2026-10-28,False,2026-08-05,2.5800,1.8500,39.4000,ALCISTA FUERTE,10,771.3500,7.9100,52.5000,14.8700,SIDI_SHADOW_V1: Fund≥6.5 · DD60≥12% · RSI<40 · MACD↑ · Vol↓ · SPY20≤+1% · Abnormal20≤-10%,SIDI_SHADOW_V1,True
DVA,DaVita,Health Care,Health Care Services,2008-07-31,178.4700,175.3800,179.1000,174.6700,178.4700,2026-09-28,44.3000,53.5100,DOWN,0.2034,0.4023,1.3404,False,0.2966,5.7371,0.8840,3.2150,195.2900,168.6400,183.2300,-8.6200,5.8300,True,3.8899,NEUTRO,-25.9300,-27.8900,240.9600,247.4900,247.4900,101.0000,-27.8900,76.7000,0.7170,True,True,176.5900,1,195.7500,True,-1.0500,NONE,6.7300,8.5000,5.0000,7.5000,7,6.5000,5.0000,False,False,True,False,False,True,6.4300,9.6400,1.5000,SIDI_SHADOW_V1,0.2808,-2.6427,0.2405,0.1468,294,XLV,True,15.1246,10.3459,-14.9185,0.8177,9.1810,0.8848,0.0751,0.0605,0.3236,0.0520,0.5580,1241.9860,1.4670,1042451584.0000,822476032.0000,1.2675,11455096832,0.8300,7.1500,,64185000,6.9500,6.6700,6.8700,7.3600,0.0910,D/E:1242,1,6.8600,True,True,False,False,False,False,RSI40|MACD|ABNORMAL20,False,7-15d,XLV,,UNH|JNJ|LLY,fda_calendar|drug_pricing_policy|patent_cliffs,NEXT_SESSION_OPEN,0.7500,-5.0000,7,1.5000,5,EXIT_AT_OPEN_IF_OPEN_BELOW_SL,SL_FIRST,10,PENDING_NEXT_OPEN,5.7371,4.3028,182.7728,169.5465,2.4110,Exact TP/SL are fixed from the actual T+1 opening/entry price,30,2026-10-28,False,2026-08-04,4.0200,3.8800,3.5000,ALCISTA FUERTE,10,771.3500,7.9100,52.5000,14.8700,SIDI_SHADOW_V1: Fund≥6.5 · DD60≥12% · RSI<40 · MACD↑ · Vol↓ · SPY20≤+1% · Abnormal20≤-10%,SIDI_SHADOW_V1,True
CHRW,C.H. Robinson,Industrials,Air Freight & Logistics,2007-03-02,147.1000,145.9800,147.5500,145.4000,147.1000,2026-09-28,48.8400,56.8900,DOWN,-0.0398,0.1626,0.8688,False,0.2615,3.9564,0.7020,2.6900,156.4700,171.2200,150.7400,-5.9900,-14.0900,False,-0.1121,BAJISTA,-29.4600,-29.7600,208.5200,209.4300,209.4300,121.7800,-29.7600,20.7900,0.8240,True,True,149.2400,1,152.5900,True,1.4600,HAMMER|DOJI,6.5300,5.0000,5.0000,7.5000,7,8.5000,7.0000,False,False,True,False,False,True,5.3800,8.0700,1.5000,SIDI_SHADOW_V1,0.2808,2.3009,0.1728,0.3683,294,XLI,True,28.0725,19.6101,10.5843,1.0113,20.3800,0.3712,0.0996,0.0373,0.0845,0.1930,0.2380,121.1880,1.5820,480618368.0000,633326976.0000,0.7589,17188820992,0.9430,3.9000,1.7100,116851258,7.0600,9.8500,6.3900,4.5800,0.0280,D/E:121,1,6.8500,True,True,False,False,False,False,RSI40|MACD|ABNORMAL20,False,3-7d,XLI,,CAT|UNP|HON,pmi_manufacturing|supply_chain|capex_cycle,NEXT_SESSION_OPEN,0.7500,-5.0000,7,1.5000,5,EXIT_AT_OPEN_IF_OPEN_BELOW_SL,SL_FIRST,10,PENDING_NEXT_OPEN,3.9564,2.9673,150.0673,139.7450,2.0172,Exact TP/SL are fixed from the actual T+1 opening/entry price,30,2026-10-28,False,2026-07-29,1.6100,1.5200,5.6000,ALCISTA FUERTE,10,771.3500,7.9100,52.5000,14.8700,SIDI_SHADOW_V1: Fund≥6.5 · DD60≥12% · RSI<40 · MACD↑ · Vol↓ · SPY20≤+1% · Abnormal20≤-10%,SIDI_SHADOW_V1,True
COST,Costco,Consumer Staples,Consumer Staples Merchandise Retail,1993-10-01,922.7700,887.0000,925.1400,883.1000,922.7700,2026-09-28,53.5000,20.9600,UP,1.7267,-0.2141,-1.4278,True,0.6558,13.7186,0.7780,1.4870,934.3000,958.3300,912.9800,-1.2300,-3.7100,False,0.1070,BAJISTA,-5.2600,-6.5600,974.0300,987.5500,1094.7600,840.3500,-15.7100,9.8100,1.9930,False,False,923.3800,5,977.4900,True,0.0700,HAMMER|BULL_ENGULF,7.4000,5.5000,7.0000,7.0000,10,7.0000,9.5000,False,False,False,False,True,False,2.9700,4.4600,1.5000,SIDI_SHADOW_V1,0.2808,2.0025,-0.2224,0.8974,294,XLP,True,44.4492,36.9431,11.4245,1.3492,27.6000,0.2840,0.0879,0.0304,0.1282,0.1110,0.1500,23.9530,1.0600,7147500032.0000,9226000384.0000,0.7747,409030328320,0.8550,3.8100,0.6400,443266000,6.4900,8.2500,7.6200,3.1000,0.0175,OK,0,6.8500,False,True,False,False,False,False,DD12|RSI40|VOLUME|FUND65|ABNORMAL20,False,3-7d,XLP,,PG|KO|PEP,inflation|input_costs|fx_rates,NEXT_SESSION_OPEN,0.7500,-5.0000,7,1.5000,5,EXIT_AT_OPEN_IF_OPEN_BELOW_SL,SL_FIRST,10,PENDING_NEXT_OPEN,13.7186,10.2889,933.0589,876.6315,1.1150,Exact TP/SL are fixed from the actual T+1 opening/entry price,73,2026-12-10,False,2026-09-24,6.7500,6.5300,3.4000,ALCISTA FUERTE,10,771.3500,7.9100,52.5000,14.8700,SIDI_SHADOW_V1: Fund≥6.5 · DD60≥12% · RSI<40 · MACD↑ · Vol↓ · SPY20≤+1% · Abnormal20≤-10%,SIDI_SHADOW_V1,True
GRMN,Garmin,Consumer Discretionary,Consumer Electronics,2012-12-12,294.1400,296.5100,297.1900,291.8900,294.1400,2026-09-28,69.4000,36.4900,UP,1.8938,1.5174,0.1335,True,1.0275,6.9375,0.9130,2.3590,282.5700,242.5400,283.3900,4.0900,21.2700,True,3.7298,ALCISTA,-5.7100,-6.0500,311.9500,313.0700,313.0700,183.6400,-6.0500,60.1800,0.6400,True,True,269.6600,3,313.0700,False,-8.3200,NONE,7.0500,10.0000,7.0000,7.5000,6,5.0000,5.0000,False,False,False,False,True,True,4.7200,7.0800,1.5000,SIDI_SHADOW_V1,0.2808,1.3470,0.1207,0.5238,294,XLY,True,30.3864,26.7278,6.2845,7.3945,23.4860,0.2189,0.1217,0.2447,0.6008,0.1140,0.3530,2.5130,3.0280,1043656256.0000,1877294976.0000,0.5559,56726728704,0.8660,3.7100,1.4300,192856206,6.7100,10.0000,6.1500,3.5200,0.0184,FCF/NI:0.56,1,6.8500,True,True,False,False,False,False,DD12|RSI40|ABNORMAL20,False,10-18d,XLY,,AMZN|TSLA|HD,consumer_spending|employment_data|interest_rates,NEXT_SESSION_OPEN,0.7500,-5.0000,7,1.5000,5,EXIT_AT_OPEN_IF_OPEN_BELOW_SL,SL_FIRST,10,PENDING_NEXT_OPEN,6.9375,5.2031,299.3431,279.4330,1.7689,Exact TP/SL are fixed from the actual T+1 opening/entry price,30,2026-10-28,False,2026-07-29,2.8100,2.2900,22.5000,ALCISTA FUERTE,10,771.3500,7.9100,52.5000,14.8700,SIDI_SHADOW_V1: Fund≥6.5 · DD60≥12% · RSI<40 · MACD↑ · Vol↓ · SPY20≤+1% · Abnormal20≤-10%,SIDI_SHADOW_V1,True
RL,Ralph Lauren Corporation,Consumer Discretionary,"Apparel, Accessories & Luxury Goods",2007-02-02,357.1000,346.9500,357.3800,345.2100,357.1000,2026-09-28,54.4200,36.5300,UP,3.2119,2.2673,1.3541,True,1.0467,9.9990,0.8460,2.8000,364.0900,363.3400,346.5100,-1.9200,-1.7200,True,-0.0490,BAJISTA,-11.9900,-12.9100,405.7300,410.0200,419.3800,295.9400,-14.8500,20.6700,1.0290,False,False,355.0600,2,390.6800,True,-0.5700,NONE,6.1500,6.5000,7.0000,5.0000,8,5.0000,5.0000,False,False,False,False,True,False,5.6000,8.4000,1.5000,SIDI_SHADOW_V1,0.2808,5.2186,0.3865,0.7572,294,XLY,True,21.5901,17.0743,7.8202,2.5465,14.0220,0.3754,0.1100,0.1176,0.7027,0.1400,0.2160,110.3730,2.0450,880087488.0000,982899968.0000,0.8954,21276817408,1.3530,4.3500,1.1200,37700963,7.3100,10.0000,6.0900,5.6100,0.0414,D/E:110,1,6.8500,True,True,False,False,False,False,DD12|RSI40|VOLUME|ABNORMAL20,False,3-7d,XLY,,AMZN|TSLA|HD,consumer_spending|employment_data|interest_rates,NEXT_SESSION_OPEN,0.7500,-5.0000,7,1.5000,5,EXIT_AT_OPEN_IF_OPEN_BELOW_SL,SL_FIRST,10,PENDING_NEXT_OPEN,9.9990,7.4992,364.5993,339.2450,2.1000,Exact TP/SL are fixed from the actual T+1 opening/entry price,38,2026-11-05,False,2026-08-06,4.5900,4.3200,6.2000,ALCISTA FUERTE,10,771.3500,7.9100,52.5000,14.8700,SIDI_SHADOW_V1: Fund≥6.5 · DD60≥12% · RSI<40 · MACD↑ · Vol↓ · SPY20≤+1% · Abnormal20≤-10%,SIDI_SHADOW_V1,True
APO,Apollo Global Management,Financials,Asset Management & Custody Banks,2024-12-23,121.6900,121.0500,122.4800,120.2500,121.6900,2026-09-28,24.4900,30.0600,DOWN,-0.9589,-0.9830,-0.8600,True,0.1117,3.7229,0.8810,3.0590,128.6900,126.5200,127.1700,-5.4400,-3.8200,True,-0.0525,BAJISTA,-14.8900,-15.3300,142.9800,143.7200,151.3900,98.7200,-19.6200,23.2600,0.6980,True,True,122.3800,3,124.7100,True,0.5700,NONE,7.7000,6.5000,8.5000,7.5000,10,8.0000,5.0000,True,False,True,True,True,True,6.1200,9.1800,1.5000,SIDI_SHADOW_V1,0.2808,-5.0318,0.5311,0.9235,294,XLF,True,43.3061,11.3350,3.5746,2.0187,,0.1141,0.0094,0.0527,0.3614,0.6380,0.6370,100.9690,1.9480,,1888000000.0000,,71863197696,1.5140,9.2800,1.8500,590543159,6.2600,10.0000,4.4400,4.0300,,OK,0,6.8400,False,True,False,True,False,False,FUND65|ABNORMAL20,False,5-10d,XLF,,JPM|BAC|WFC,interest_rates|yield_curve|credit_spreads|loan_growth,NEXT_SESSION_OPEN,0.7500,-5.0000,7,1.5000,5,EXIT_AT_OPEN_IF_OPEN_BELOW_SL,SL_FIRST,10,PENDING_NEXT_OPEN,3.7229,2.7922,124.4822,115.6055,2.2945,Exact TP/SL are fixed from the actual T+1 opening/entry price,36,2026-11-03,False,2026-08-04,2.1100,2.1600,-2.2000,ALCISTA FUERTE,10,771.3500,7.9100,52.5000,14.8700,SIDI_SHADOW_V1: Fund≥6.5 · DD60≥12% · RSI<40 · MACD↑ · Vol↓ · SPY20≤+1% · Abnormal20≤-10%,SIDI_SHADOW_V1,True
DOC,Healthpeak Properties,Real Estate,Health Care REITs,2008-03-31,20.3100,20.2900,20.3300,19.9500,20.3100,2026-09-28,44.4300,36.6600,UP,0.0125,0.0175,0.0297,False,0.3072,0.3503,0.8150,1.7250,21.0300,18.3600,20.5400,-3.4400,10.6200,True,2.1232,NEUTRO,-10.1100,-10.6200,22.5900,22.7200,22.7200,14.9600,-10.6200,35.7300,1.0140,False,False,18.7800,3,20.1500,False,-7.5200,DOJI|HAMMER|DOJI,6.2500,8.5000,6.0000,5.0000,6,5.0000,7.0000,False,False,False,False,False,False,3.4500,5.1700,1.5000,SIDI_SHADOW_V1,0.2808,0.7847,0.2111,1.1657,294,XLRE,True,58.0286,145.0714,1.7850,4.8812,15.4940,0.0304,0.0151,0.0825,0.5765,0.1110,0.6820,108.6530,2.2860,1645113088.0000,242743008.0000,6.7772,14398718976,0.9890,6.0700,6.0100,689527260,7.2300,10.0000,5.0200,6.5600,0.1143,D/E:109,1,6.8400,True,True,False,False,False,False,DD12|RSI40|MACD|VOLUME|ABNORMAL20,False,7-15d,XLRE,,PLD|AMT|EQIX,interest_rates|cap_rates|occupancy_trends,NEXT_SESSION_OPEN,0.7500,-5.0000,7,1.5000,5,EXIT_AT_OPEN_IF_OPEN_BELOW_SL,SL_FIRST,10,PENDING_NEXT_OPEN,0.3503,0.2627,20.5727,19.2945,1.2936,Exact TP/SL are fixed from the actual T+1 opening/entry price,24,2026-10-22,False,2026-08-04,0.0800,0.0300,198.6000,ALCISTA FUERTE,10,771.3500,7.9100,52.5000,14.8700,SIDI_SHADOW_V1: Fund≥6.5 · DD60≥12% · RSI<40 · MACD↑ · Vol↓ · SPY20≤+1% · Abnormal20≤-10%,SIDI_SHADOW_V1,True
JPM,JPMorgan Chase,Financials,Diversified Banks,1975-06-30,343.0600,340.7700,343.3100,338.6400,343.0600,2026-09-28,32.8200,39.0000,DOWN,-1.6816,-2.0277,-1.5063,True,0.1985,7.1543,1.0620,2.0850,353.3400,319.5400,348.9700,-2.9100,7.3600,True,1.5074,NEUTRO,-6.0600,-6.4000,365.1800,366.5000,366.5000,276.4300,-6.4000,24.1000,1.4870,False,False,302.9000,1,342.8400,False,-11.7100,HAMMER|DOJI|HAMMER,6.8800,8.5000,7.5000,7.0000,4,6.5000,7.0000,False,False,False,True,True,False,4.1700,6.2600,1.5000,SIDI_SHADOW_V1,0.2808,1.7037,0.0857,1.1150,294,XLF,True,14.7047,13.7290,2.5793,4.8942,,0.1779,0.0136,0.3492,0.0000,0.3040,0.4690,,,,63634001920.0000,,911917383680,0.9750,3.8800,1.9200,2658186195,6.7900,10.0000,5.1600,4.9500,,OK,0,6.8300,True,True,False,False,False,False,DD12|VOLUME|ABNORMAL20,False,7-15d,XLF,,BAC|WFC|GS,interest_rates|yield_curve|credit_spreads|loan_growth,NEXT_SESSION_OPEN,0.7500,-5.0000,7,1.5000,5,EXIT_AT_OPEN_IF_OPEN_BELOW_SL,SL_FIRST,10,PENDING_NEXT_OPEN,7.1543,5.3657,348.4257,325.9070,1.5641,Exact TP/SL are fixed from the actual T+1 opening/entry price,15,2026-10-13,False,2026-07-14,6.1400,5.8000,5.9000,ALCISTA FUERTE,10,771.3500,7.9100,52.5000,14.8700,SIDI_SHADOW_V1: Fund≥6.5 · DD60≥12% · RSI<40 · MACD↑ · Vol↓ · SPY20≤+1% · Abnormal20≤-10%,SIDI_SHADOW_V1,True
LLY,Lilly (Eli),Health Care,Pharmaceuticals,1970-12-31,1183.4600,1185.3199,1190.0000,1160.8400,1183.4600,2026-09-28,61.7900,39.9400,UP,5.7753,4.7438,3.2941,True,0.9125,29.2257,0.7920,2.4700,1176.7400,1067.5000,1162.3000,0.5700,10.8600,True,1.1256,ALCISTA,-7.5700,-8.4500,1280.3400,1292.6500,1292.6500,707.5900,-8.4500,67.2500,0.8210,True,True,1147.9100,3,1181.0400,True,-3.0000,HAMMER|DOJI,8.0000,10.0000,7.0000,7.5000,9,7.0000,7.0000,False,False,False,False,True,True,4.9400,7.4100,1.5000,SIDI_SHADOW_V1,0.2808,0.8622,-0.0331,1.5885,294,XLV,True,39.6868,24.8927,31.1420,13.2413,26.3950,1.0229,0.2036,0.3353,0.8340,0.4770,0.2620,162.0710,1.3550,11065900032.0000,26710999040.0000,0.4143,1054885412864,0.5020,3.0900,0.5800,891357065,6.0500,9.1800,5.8700,2.6300,0.0105,FCF/NI:0.41|D/E:162,2,6.8300,False,True,False,False,False,False,DD12|RSI40|FUND65|ABNORMAL20,False,10-18d,XLV,,UNH|JNJ|ABBV,fda_calendar|drug_pricing_policy|patent_cliffs,NEXT_SESSION_OPEN,0.7500,-5.0000,7,1.5000,5,EXIT_AT_OPEN_IF_OPEN_BELOW_SL,SL_FIRST,10,PENDING_NEXT_OPEN,29.2257,21.9193,1205.3793,1124.2870,1.8521,Exact TP/SL are fixed from the actual T+1 opening/entry price,31,2026-10-29,False,2026-08-05,8.3800,6.5800,27.3000,ALCISTA FUERTE,10,771.3500,7.9100,52.5000,14.8700,SIDI_SHADOW_V1: Fund≥6.5 · DD60≥12% · RSI<40 · MACD↑ · Vol↓ · SPY20≤+1% · Abnormal20≤-10%,SIDI_SHADOW_V1,True
PLTR,Palantir Technologies,Information Technology,Application Software,2024-09-23,189.6700,192.7100,194.2140,189.3500,189.6700,2026-09-28,69.3600,42.8000,UP,1.0240,1.0448,-0.0861,False,0.8376,5.8180,0.7680,3.0670,163.9300,152.0200,179.0200,15.7000,24.7600,True,0.4066,ALCISTA,-1.5200,-2.5700,192.5900,194.6800,207.5200,106.3700,-8.6000,78.3100,0.6740,True,True,131.6300,1,188.3700,False,-30.6000,NONE,6.8500,10.0000,6.0000,7.5000,4,7.0000,5.0000,False,False,False,False,False,True,6.1300,9.2000,1.5000,SIDI_SHADOW_V1,0.2808,0.8814,0.9429,0.3856,294,XLK,True,162.1111,81.6491,46.6249,74.0404,167.7670,0.3810,0.1729,0.4901,0.8480,0.9280,2.1540,2.1390,7.2280,2159104512.0000,3016691968.0000,0.7157,455788101632,1.6210,2.0800,,2300713329,6.8100,10.0000,8.0000,1.6900,0.0047,FCF/NI:0.72,1,6.8300,True,True,False,False,False,False,DD12|RSI40|MACD|ABNORMAL20,False,10-18d,XLK,,AAPL|MSFT|NVDA,interest_rates|ai_capex_cycle|semiconductor_cycle,NEXT_SESSION_OPEN,0.7500,-5.0000,7,1.5000,5,EXIT_AT_OPEN_IF_OPEN_BELOW_SL,SL_FIRST,10,PENDING_NEXT_OPEN,5.8180,4.3635,194.0335,180.1865,2.3006,Exact TP/SL are fixed from the actual T+1 opening/entry price,35,2026-11-02,False,2026-08-03,0.4100,0.3500,18.5000,ALCISTA FUERTE,10,771.3500,7.9100,52.5000,14.8700,SIDI_SHADOW_V1: Fund≥6.5 · DD60≥12% · RSI<40 · MACD↑ · Vol↓ · SPY20≤+1% · Abnormal20≤-10%,SIDI_SHADOW_V1,True
TER,Teradyne,Information Technology,Semiconductor Materials & Equipment,2020-09-21,398.3800,394.8500,400.4600,388.3800,398.3800,2026-09-28,60.8000,54.3800,UP,5.3867,4.9324,4.3493,True,0.8861,19.6043,0.6980,4.9210,368.9000,329.4900,372.5400,7.9900,20.9100,True,5.9742,ALCISTA,-10.0700,-10.2700,442.9700,444.0000,487.7200,128.3400,-18.3200,210.4100,0.6410,True,True,340.2100,1,409.5600,False,-14.6000,NONE,7.0500,10.0000,7.0000,7.5000,4,7.0000,5.0000,False,False,False,False,True,True,9.8400,14.7600,1.5000,SIDI_SHADOW_V1,0.2808,3.0363,-0.3949,2.2188,294,XLK,True,54.6475,34.1885,18.1354,13.9522,41.2420,0.3646,0.1975,0.2577,0.5924,1.0390,3.8580,2.8830,2.1250,437381248.0000,1150220032.0000,0.3803,62283030528,1.7780,3.2000,0.1300,156340750,6.6900,10.0000,6.9200,2.5400,0.0070,FCF/NI:0.38,1,6.8300,True,True,False,False,False,False,DD12|RSI40|ABNORMAL20,False,10-18d,XLK,,AAPL|MSFT|NVDA,interest_rates|ai_capex_cycle|semiconductor_cycle,NEXT_SESSION_OPEN,0.7500,-5.0000,7,1.5000,5,EXIT_AT_OPEN_IF_OPEN_BELOW_SL,SL_FIRST,10,PENDING_NEXT_OPEN,19.6043,14.7032,413.0832,378.4610,3.6908,Exact TP/SL are fixed from the actual T+1 opening/entry price,23,2026-10-21,False,2026-07-28,2.4700,2.0500,20.3000,ALCISTA FUERTE,10,771.3500,7.9100,52.5000,14.8700,SIDI_SHADOW_V1: Fund≥6.5 · DD60≥12% · RSI<40 · MACD↑ · Vol↓ · SPY20≤+1% · Abnormal20≤-10%,SIDI_SHADOW_V1,True
HON,Honeywell Technologies,Industrials,Industrial Conglomerates,1957-03-04,212.5500,211.5400,213.6400,210.7500,212.5500,2026-09-28,56.2000,32.2900,UP,1.8051,1.7172,1.2511,True,0.7584,4.1950,0.6520,1.9740,223.2400,228.6300,211.0000,-4.7900,-7.0300,False,0.3634,BAJISTA,-14.3100,-15.4000,248.0500,251.2500,258.0900,193.2600,-17.6400,9.9800,0.5710,True,True,216.1600,3,229.8600,True,1.7000,HAMMER|BULL_ENGULF,7.5000,5.5000,7.0000,7.5000,10,7.0000,9.5000,False,False,True,False,True,True,3.9500,5.9200,1.5000,SIDI_SHADOW_V1,0.2808,2.7418,-0.0472,0.8945,294,XLI,True,8.1687,21.3854,3.6341,1.7701,10.9780,0.4658,0.0572,0.2158,0.3651,0.0430,2.6390,185.3690,1.2110,2610374912.0000,8265999872.0000,0.3158,67365597184,0.9010,2.7100,1.3200,316940010,6.3600,5.8700,5.4800,7.9500,0.0387,FCF/NI:0.32|D/E:185,2,6.8200,False,True,False,False,False,False,RSI40|FUND65|ABNORMAL20,False,3-7d,XLI,,CAT|UNP|RTX,pmi_manufacturing|supply_chain|capex_cycle,NEXT_SESSION_OPEN,0.7500,-5.0000,7,1.5000,5,EXIT_AT_OPEN_IF_OPEN_BELOW_SL,SL_FIRST,10,PENDING_NEXT_OPEN,4.1950,3.1463,215.6963,201.9225,1.4802,Exact TP/SL are fixed from the actual T+1 opening/entry price,24,2026-10-22,False,2026-07-23,1.9500,1.8200,7.2000,ALCISTA FUERTE,10,771.3500,7.9100,52.5000,14.8700,SIDI_SHADOW_V1: Fund≥6.5 · DD60≥12% · RSI<40 · MACD↑ · Vol↓ · SPY20≤+1% · Abnormal20≤-10%,SIDI_SHADOW_V1,True
HUM,Humana,Health Care,Managed Health Care,2012-12-10,397.9300,389.7000,413.5700,386.7100,397.9300,2026-09-28,47.7900,50.4700,DOWN,-1.5879,-3.1556,-3.4994,True,0.6189,14.0171,0.9820,3.5230,386.7400,289.3500,388.5100,2.8900,37.5200,True,5.6407,ALCISTA,-2.9000,-7.2200,409.8000,428.8800,428.8800,161.9000,-7.2200,145.7800,1.9990,True,True,352.9600,2,393.4800,False,-11.3000,NONE,6.9500,10.0000,6.0000,9.5000,4,5.0000,5.0000,False,False,False,False,True,True,7.0500,10.5700,1.5000,SIDI_SHADOW_V1,0.2808,-10.6557,0.4808,0.2363,294,XLV,True,37.6471,24.0179,2.4870,0.3280,10.7680,0.0689,0.0390,0.0088,0.1365,0.2620,0.2710,76.4850,1.7420,1940999936.0000,1279000064.0000,1.5176,47783555072,0.7450,3.0300,0.8900,120080308,6.7300,9.3400,5.0400,5.6700,0.0406,OK,0,6.8200,True,True,True,False,False,False,DD12|RSI40,False,10-18d,XLV,,UNH|JNJ|LLY,fda_calendar|drug_pricing_policy|patent_cliffs,NEXT_SESSION_OPEN,0.7500,-5.0000,7,1.5000,5,EXIT_AT_OPEN_IF_OPEN_BELOW_SL,SL_FIRST,10,PENDING_NEXT_OPEN,14.0171,10.5128,408.4428,378.0335,2.6419,Exact TP/SL are fixed from the actual T+1 opening/entry price,39,2026-11-06,False,2026-07-29,7.6100,7.0000,8.8000,ALCISTA FUERTE,10,771.3500,7.9100,52.5000,14.8700,SIDI_SHADOW_V1: Fund≥6.5 · DD60≥12% · RSI<40 · MACD↑ · Vol↓ · SPY20≤+1% · Abnormal20≤-10%,SIDI_SHADOW_V1,True
DG,Dollar General,Consumer Staples,Consumer Staples Merchandise Retail,2012-12-03,124.8400,122.6600,125.7800,122.3000,124.8400,2026-09-28,37.8800,49.3600,DOWN,-0.4532,-0.7075,-0.7403,True,0.4457,3.8600,0.9580,3.0920,124.3800,126.3000,124.2200,0.3700,-1.1600,False,1.5367,BAJISTA,-6.2800,-6.9300,133.2100,134.1300,156.6800,93.7800,-20.3200,33.1200,0.9530,True,True,118.6100,4,126.6100,False,-4.9900,NONE,6.7000,7.0000,7.5000,7.5000,7,5.0000,5.0000,False,False,False,True,True,True,6.1800,9.2800,1.5000,SIDI_SHADOW_V1,0.2808,6.4664,0.6836,1.1570,294,XLP,True,16.2130,15.0759,2.9651,0.6311,11.6490,0.1969,0.0489,0.0390,0.3116,0.0520,0.3330,169.8110,1.2090,1738019712.0000,1703399040.0000,1.0203,27541798912,0.2350,2.2500,1.8900,220616790,6.8600,7.6200,5.4200,7.6500,0.0631,D/E:170,1,6.8000,True,True,False,False,False,False,DD12|ABNORMAL20,False,3-7d,XLP,,PG|KO|PEP,inflation|input_costs|fx_rates,NEXT_SESSION_OPEN,0.7500,-5.0000,7,1.5000,5,EXIT_AT_OPEN_IF_OPEN_BELOW_SL,SL_FIRST,10,PENDING_NEXT_OPEN,3.8600,2.8950,127.7350,118.5980,2.3190,Exact TP/SL are fixed from the actual T+1 opening/entry price,-32,2026-12-03,False,2026-08-27,2.4800,2.0100,23.5000,ALCISTA FUERTE,10,771.3500,7.9100,52.5000,14.8700,SIDI_SHADOW_V1: Fund≥6.5 · DD60≥12% · RSI<40 · MACD↑ · Vol↓ · SPY20≤+1% · Abnormal20≤-10%,SIDI_SHADOW_V1,True
MAS,Masco,Industrials,Building Products,1981-06-30,68.8500,67.4300,69.0200,67.2300,68.8500,2026-09-28,37.0900,30.9600,UP,0.0878,-0.0005,0.0292,True,0.3939,1.7979,0.8110,2.6110,72.9600,69.4900,69.6600,-5.6400,-0.9200,True,1.1787,BAJISTA,-16.4500,-17.3200,82.4100,83.2700,83.2700,57.5100,-17.3200,19.7100,0.7650,True,True,67.4900,2,73.6700,True,-1.9700,NONE,7.0500,7.0000,8.5000,7.5000,8,5.0000,5.0000,True,True,True,True,True,True,5.2200,7.8300,1.5000,SIDI_SHADOW_V1,0.2808,-1.5994,0.3741,1.0611,294,XLI,True,15.8641,14.7901,-37.1961,1.7817,11.1200,58.6250,0.1586,0.1161,0.3721,-0.0290,0.2450,,1.8650,897124992.0000,885000000.0000,1.0137,13576353792,1.2940,4.7400,1.8600,197187430,6.6400,5.0000,7.7000,7.3100,0.0661,OK,0,6.8000,True,True,False,True,False,False,ABNORMAL20,True,3-7d,XLI,,CAT|UNP|HON,pmi_manufacturing|supply_chain|capex_cycle,NEXT_SESSION_OPEN,0.7500,-5.0000,7,1.5000,5,EXIT_AT_OPEN_IF_OPEN_BELOW_SL,SL_FIRST,10,PENDING_NEXT_OPEN,1.7979,1.3484,70.1984,65.4075,1.9585,Exact TP/SL are fixed from the actual T+1 opening/entry price,31,2026-10-29,False,2026-07-29,1.6400,1.3100,25.1000,ALCISTA FUERTE,10,771.3500,7.9100,52.5000,14.8700,SIDI_SHADOW_V1: Fund≥6.5 · DD60≥12% · RSI<40 · MACD↑ · Vol↓ · SPY20≤+1% · Abnormal20≤-10%,SIDI_SHADOW_V1,True
PEP,PepsiCo,Consumer Staples,Soft Drinks & Non-alcoholic Beverages,1957-03-04,128.6300,127.7500,128.7200,126.9000,128.6300,2026-09-28,19.6800,12.0600,UP,-0.7872,-0.8462,-0.8415,True,0.0992,2.1521,0.7670,1.6730,136.8100,144.9900,133.7000,-5.9800,-11.2900,False,-0.4202,BAJISTA,-10.3300,-12.7700,143.4500,147.4600,166.4100,126.9000,-22.7000,1.3600,0.7500,False,False,,0,140.4600,False,,NONE,6.5000,5.0000,9.5000,5.0000,4,10.0000,5.0000,False,False,False,True,True,False,3.3500,5.0200,1.5000,SIDI_SHADOW_V1,0.2808,-2.3735,-0.1195,1.0218,294,XLP,True,16.8585,14.3734,7.9514,1.8132,11.5580,0.5151,0.0893,0.1079,0.5417,0.0640,1.3700,238.9490,0.9340,7831875072.0000,10451000320.0000,0.7494,175708585984,0.3610,3.4600,4.6000,1366000000,7.0000,8.3400,6.2300,6.3500,0.0446,FCF/NI:0.75|D/E:239,2,6.8000,True,True,False,False,False,False,DD12|VOLUME|ABNORMAL20,False,3-7d,XLP,,PG|KO|WMT,inflation|input_costs|fx_rates,NEXT_SESSION_OPEN,0.7500,-5.0000,7,1.5000,5,EXIT_AT_OPEN_IF_OPEN_BELOW_SL,SL_FIRST,10,PENDING_NEXT_OPEN,2.1521,1.6141,130.2441,122.1985,1.2548,Exact TP/SL are fixed from the actual T+1 opening/entry price,10,2026-10-08,False,2026-07-09,2.2000,2.2100,-37.0000,ALCISTA FUERTE,10,771.3500,7.9100,52.5000,14.8700,SIDI_SHADOW_V1: Fund≥6.5 · DD60≥12% · RSI<40 · MACD↑ · Vol↓ · SPY20≤+1% · Abnormal20≤-10%,SIDI_SHADOW_V1,True
NXPI,NXP Semiconductors,Information Technology,Semiconductors,2021-03-22,238.0800,231.2000,239.2400,230.2200,238.0800,2026-09-28,57.7700,54.2800,UP,2.1953,2.0160,2.3391,True,0.9684,8.2219,0.8160,3.4530,235.1500,243.4600,230.0800,1.2500,-2.2100,False,1.1796,BAJISTA,-18.1700,-19.7600,290.9500,296.7000,337.2800,179.8200,-29.4100,32.4000,0.8070,True,True,216.8100,4,237.5300,False,-8.9300,HAMMER,6.8000,7.0000,7.0000,7.5000,7,5.0000,7.0000,False,False,True,False,True,True,6.9100,10.3600,1.5000,SIDI_SHADOW_V1,0.2808,4.4194,-0.0544,1.0471,294,XLK,True,20.3313,13.1571,5.2688,4.5533,13.4470,0.2792,0.1046,0.2256,0.5610,0.1950,0.7260,93.3250,2.0400,3555000064.0000,2975000064.0000,1.1950,60035248128,1.8170,2.3400,1.7000,252164174,6.7700,6.2400,5.9600,8.3400,0.0592,D/E:93,1,6.7800,True,True,False,False,False,False,RSI40|ABNORMAL20,False,3-7d,XLK,,AAPL|MSFT|NVDA,interest_rates|ai_capex_cycle|semiconductor_cycle,NEXT_SESSION_OPEN,0.7500,-5.0000,7,1.5000,5,EXIT_AT_OPEN_IF_OPEN_BELOW_SL,SL_FIRST,10,PENDING_NEXT_OPEN,8.2219,6.1664,244.2464,226.1760,2.5901,Exact TP/SL are fixed from the actual T+1 opening/entry price,28,2026-10-26,False,2026-07-28,3.6100,3.5300,2.4000,ALCISTA FUERTE,10,771.3500,7.9100,52.5000,14.8700,SIDI_SHADOW_V1: Fund≥6.5 · DD60≥12% · RSI<40 · MACD↑ · Vol↓ · SPY20≤+1% · Abnormal20≤-10%,SIDI_SHADOW_V1,True
SCHW,Charles Schwab Corporation,Financials,Investment Banking & Brokerage,1997-06-02,99.0300,99.5200,100.6100,98.3700,99.0300,2026-09-28,20.5500,31.2500,DOWN,-1.0836,-1.0747,-0.8165,False,0.0216,2.4900,1.1000,2.5140,106.5300,97.7900,104.7700,-7.0400,1.2700,True,1.4223,NEUTRO,-12.8600,-13.5300,113.6500,114.5300,114.5300,83.7200,-13.5300,18.2900,0.8710,False,False,99.6200,2,103.6700,True,0.6000,HAMMER|DOJI,7.1500,8.5000,7.5000,5.0000,7,8.0000,7.0000,False,False,True,True,False,False,5.0300,7.5400,1.5000,SIDI_SHADOW_V1,0.2808,-2.3340,-0.4337,1.2733,294,XLF,True,18.0383,12.6468,3.8953,6.5804,,0.2027,0.0207,0.3879,0.9749,0.2090,0.4260,151.1060,0.6550,,9722500096.0000,,171256102912,0.7530,0.0100,1.2900,1729335714,6.5100,9.9100,4.7700,4.5800,,D/E:151,1,6.7700,True,True,False,False,False,False,MACD|VOLUME|ABNORMAL20,False,7-15d,XLF,,JPM|BAC|WFC,interest_rates|yield_curve|credit_spreads|loan_growth,NEXT_SESSION_OPEN,0.7500,-5.0000,7,1.5000,5,EXIT_AT_OPEN_IF_OPEN_BELOW_SL,SL_FIRST,10,PENDING_NEXT_OPEN,2.4900,1.8675,100.8975,94.0785,1.8858,Exact TP/SL are fixed from the actual T+1 opening/entry price,17,2026-10-15,False,2026-07-21,1.6200,1.5500,4.5000,ALCISTA FUERTE,10,771.3500,7.9100,52.5000,14.8700,SIDI_SHADOW_V1: Fund≥6.5 · DD60≥12% · RSI<40 · MACD↑ · Vol↓ · SPY20≤+1% · Abnormal20≤-10%,SIDI_SHADOW_V1,True
LYB,LyondellBasell,Materials,Specialty Chemicals,2012-09-05,58.1400,59.3700,59.6100,57.6400,58.1400,2026-09-28,31.7800,44.2200,DOWN,-0.7473,-0.6742,-0.6874,False,-0.0273,2.0336,0.9540,3.4980,62.2900,60.6000,62.1300,-6.6600,-4.0600,True,3.5048,BAJISTA,-13.7400,-15.0300,67.4000,68.4200,82.2200,39.1200,-29.2900,48.6400,0.9260,True,True,57.2600,2,64.3700,True,-1.5200,NONE,7.1000,7.0000,6.5000,7.5000,8,8.0000,5.0000,False,False,True,True,False,True,7.0000,10.4900,1.5000,SIDI_SHADOW_V1,0.2808,-9.9439,-1.3800,0.1043,294,XLB,True,,9.2191,1.7598,0.6021,8.5720,-0.0227,0.0411,-0.0113,0.1289,0.1980,3.9600,132.7590,1.6410,1228000000.0000,-265000000.0000,-4.6340,18781425664,0.3530,3.8100,4.7500,323037952,6.5500,10.0000,2.5200,7.2300,0.0654,FCF/NI:-4.63|D/E:133|ROE:-2.3%,3,6.7700,True,True,False,False,False,False,MACD|ABNORMAL20,False,3-7d,XLB,,LIN|APD|ECL,commodity_prices|dxy|china_demand|energy_costs,NEXT_SESSION_OPEN,0.7500,-5.0000,7,1.5000,5,EXIT_AT_OPEN_IF_OPEN_BELOW_SL,SL_FIRST,10,PENDING_NEXT_OPEN,2.0336,1.5252,59.6652,55.2330,2.6233,Exact TP/SL are fixed from the actual T+1 opening/entry price,32,2026-10-30,False,2026-07-31,4.3000,3.4200,25.6000,ALCISTA FUERTE,10,771.3500,7.9100,52.5000,14.8700,SIDI_SHADOW_V1: Fund≥6.5 · DD60≥12% · RSI<40 · MACD↑ · Vol↓ · SPY20≤+1% · Abnormal20≤-10%,SIDI_SHADOW_V1,True
MPWR,Monolithic Power Systems,Information Technology,Semiconductors,2021-02-12,1367.4300,1332.6300,1377.1400,1329.4700,1367.4301,2026-09-28,64.5500,44.1600,UP,25.6348,24.1355,18.4853,True,0.9412,54.1307,0.7480,3.9590,1303.8200,1270.8900,1273.2500,4.8800,7.6000,True,2.5781,ALCISTA,-4.1100,-12.8000,1426.0300,1568.2100,1711.4800,828.8500,-20.1000,64.9800,0.7180,False,False,1234.3500,3,1475.3800,False,-9.7300,HAMMER,7.0500,10.0000,7.0000,5.0000,6,7.0000,7.0000,False,False,False,False,True,False,7.9200,11.8800,1.5000,SIDI_SHADOW_V1,0.2808,1.9857,0.2184,1.2690,294,XLK,True,83.3291,39.2143,17.2505,20.5305,65.7860,0.2198,0.1357,0.2450,0.5520,0.4760,0.8580,0.4860,4.9750,444316128.0000,801945984.0000,0.5540,67199614976,1.6640,3.1000,0.5900,49143000,6.5800,9.9800,6.9100,2.2300,0.0066,FCF/NI:0.55,1,6.7700,True,True,False,False,False,False,DD12|RSI40|VOLUME|ABNORMAL20,False,10-18d,XLK,,AAPL|MSFT|NVDA,interest_rates|ai_capex_cycle|semiconductor_cycle,NEXT_SESSION_OPEN,0.7500,-5.0000,7,1.5000,5,EXIT_AT_OPEN_IF_OPEN_BELOW_SL,SL_FIRST,10,PENDING_NEXT_OPEN,54.1307,40.5980,1408.0280,1299.0585,2.9689,Exact TP/SL are fixed from the actual T+1 opening/entry price,31,2026-10-29,False,2026-07-30,6.5000,5.8800,10.5000,ALCISTA FUERTE,10,771.3500,7.9100,52.5000,14.8700,SIDI_SHADOW_V1: Fund≥6.5 · DD60≥12% · RSI<40 · MACD↑ · Vol↓ · SPY20≤+1% · Abnormal20≤-10%,SIDI_SHADOW_V1,True
STX,Seagate Technology,Information Technology,"Technology Hardware, Storage & Peripherals",2012-07-02,916.8300,924.3600,924.3600,903.5300,916.8300,2026-09-28,59.2800,54.0700,UP,11.7446,11.4501,7.9996,True,0.8525,47.3526,0.6960,5.1650,849.1000,634.2400,862.6800,7.9800,44.5600,True,10.1333,ALCISTA,-7.7600,-9.5100,993.9900,1013.1800,1143.2700,207.7800,-19.8100,341.2600,0.7450,True,True,800.6800,1,929.5700,False,-12.6700,HAMMER,7.2500,10.0000,7.0000,7.5000,4,7.0000,7.0000,False,False,False,False,True,True,10.3300,15.4900,1.5000,SIDI_SHADOW_V1,0.2808,-8.1564,-1.7030,2.2877,294,XLK,True,65.7697,16.5578,95.9529,17.0956,46.6430,3.7153,0.2935,0.2611,0.4558,0.4850,1.4880,179.8800,1.6700,1943750016.0000,3184000000.0000,0.6105,208480731136,2.0870,2.5700,0.3200,227393014,6.4400,10.0000,6.3400,2.4100,0.0093,FCF/NI:0.61|D/E:180,2,6.7600,False,True,False,False,False,False,DD12|RSI40|FUND65|ABNORMAL20,False,10-18d,XLK,,AAPL|MSFT|NVDA,interest_rates|ai_capex_cycle|semiconductor_cycle,NEXT_SESSION_OPEN,0.7500,-5.0000,7,1.5000,5,EXIT_AT_OPEN_IF_OPEN_BELOW_SL,SL_FIRST,10,PENDING_NEXT_OPEN,47.3526,35.5145,952.3445,870.9885,3.8736,Exact TP/SL are fixed from the actual T+1 opening/entry price,29,2026-10-27,False,2026-07-28,5.7100,5.0900,12.1000,ALCISTA FUERTE,10,771.3500,7.9100,52.5000,14.8700,SIDI_SHADOW_V1: Fund≥6.5 · DD60≥12% · RSI<40 · MACD↑ · Vol↓ · SPY20≤+1% · Abnormal20≤-10%,SIDI_SHADOW_V1,True
MS,Morgan Stanley,Financials,Investment Banking & Brokerage,1993-07-29,196.3100,197.9800,197.9800,194.2500,196.3100,2026-09-28,18.6300,30.4600,DOWN,-1.4339,-1.4633,-1.2372,True,0.0867,5.2279,0.9080,2.6630,211.6800,192.1300,205.9600,-7.2600,2.1700,True,2.3505,NEUTRO,-13.6300,-15.0100,227.3000,230.9800,230.9800,148.4700,-15.0100,32.2200,0.9180,False,False,184.3400,2,192.4900,False,-6.1000,HAMMER|DOJI,6.9000,8.5000,8.5000,5.0000,4,8.0000,7.0000,False,False,True,True,True,False,5.3300,7.9900,1.5000,SIDI_SHADOW_V1,0.2808,-6.6722,0.9360,0.7465,294,XLF,True,15.8442,14.4231,2.8954,3.9615,,0.1797,0.0135,0.2590,0.8764,0.2800,0.6240,517.2820,1.9990,,19547000832.0000,,308317847552,1.2070,0.0000,2.3400,1570566292,6.6100,10.0000,4.7500,4.8200,,D/E:517,1,6.7300,True,True,False,False,False,False,VOLUME|ABNORMAL20,False,7-15d,XLF,,JPM|BAC|WFC,interest_rates|yield_curve|credit_spreads|loan_growth,NEXT_SESSION_OPEN,0.7500,-5.0000,7,1.5000,5,EXIT_AT_OPEN_IF_OPEN_BELOW_SL,SL_FIRST,10,PENDING_NEXT_OPEN,5.2279,3.9209,200.2309,186.4945,1.9973,Exact TP/SL are fixed from the actual T+1 opening/entry price,16,2026-10-14,False,2026-07-15,3.4600,2.9300,17.9000,ALCISTA FUERTE,10,771.3500,7.9100,52.5000,14.8700,SIDI_SHADOW_V1: Fund≥6.5 · DD60≥12% · RSI<40 · MACD↑ · Vol↓ · SPY20≤+1% · Abnormal20≤-10%,SIDI_SHADOW_V1,True
SNPS,Synopsys,Information Technology,Application Software,2017-03-16,425.7600,445.0100,445.9200,424.2100,425.7600,2026-09-28,66.8200,22.7800,UP,4.2876,3.3943,0.4763,True,0.7702,13.5700,0.8890,3.1870,400.7000,445.2900,404.2900,6.2500,-4.3900,False,-0.2531,BAJISTA,-8.4200,-8.4300,464.8900,464.9800,539.4800,362.5500,-21.0800,17.4300,1.1360,True,True,388.1100,1,425.7800,False,-8.8400,NONE,6.2000,6.5000,7.0000,7.5000,5,5.0000,5.0000,False,False,False,False,True,True,6.3700,9.5600,1.5000,SIDI_SHADOW_V1,0.2808,-8.1982,0.3421,0.5761,294,XLK,True,74.0452,24.0635,2.6187,8.6647,42.7970,0.0366,0.0135,0.1143,0.8292,0.4240,0.8930,34.8040,1.3370,3425542400.0000,1076558976.0000,3.1819,81591214080,1.2270,2.9800,,191636646,7.0800,10.0000,4.7600,6.3800,0.0420,OK,0,6.7300,True,True,False,False,False,False,DD12|RSI40|ABNORMAL20,False,3-7d,XLK,,AAPL|MSFT|NVDA,interest_rates|ai_capex_cycle|semiconductor_cycle,NEXT_SESSION_OPEN,0.7500,-5.0000,7,1.5000,5,EXIT_AT_OPEN_IF_OPEN_BELOW_SL,SL_FIRST,10,PENDING_NEXT_OPEN,13.5700,10.1775,435.9375,404.4720,2.3904,Exact TP/SL are fixed from the actual T+1 opening/entry price,-33,2026-12-09,False,2026-08-26,3.9100,3.6700,6.4000,ALCISTA FUERTE,10,771.3500,7.9100,52.5000,14.8700,SIDI_SHADOW_V1: Fund≥6.5 · DD60≥12% · RSI<40 · MACD↑ · Vol↓ · SPY20≤+1% · Abnormal20≤-10%,SIDI_SHADOW_V1,True
WELL,Welltower,Real Estate,Health Care REITs,2009-01-30,231.3700,233.8400,237.3200,229.8800,231.3700,2026-09-28,40.6600,33.7200,UP,-0.4513,-0.5305,-0.8433,True,0.2472,5.1436,1.0000,2.2230,236.8500,211.8800,233.8200,-2.3200,9.2000,True,1.7991,NEUTRO,-7.8700,-9.0000,251.1200,254.2400,254.2400,161.3700,-9.0000,43.3700,0.8310,True,True,233.5200,1,238.2100,True,0.9300,DOJI,7.1200,8.5000,7.0000,7.5000,7,6.5000,5.0000,False,False,False,False,True,True,4.4500,6.6700,1.5000,SIDI_SHADOW_V1,0.2808,1.6469,-0.3677,1.2086,294,XLRE,True,103.7534,72.7579,3.5836,13.0624,55.6080,0.0384,0.0083,0.1215,0.3956,0.3910,0.3560,41.3750,1.3170,2756164352.0000,1550674048.0000,1.7774,166718750720,0.7600,7.2400,1.4700,720572011,6.4500,10.0000,5.9600,2.9000,0.0165,OK,0,6.7200,False,True,False,False,False,False,DD12|RSI40|FUND65|ABNORMAL20,False,7-15d,XLRE,,PLD|AMT|EQIX,interest_rates|cap_rates|occupancy_trends,NEXT_SESSION_OPEN,0.7500,-5.0000,7,1.5000,5,EXIT_AT_OPEN_IF_OPEN_BELOW_SL,SL_FIRST,10,PENDING_NEXT_OPEN,5.1436,3.8577,235.2277,219.8015,1.6673,Exact TP/SL are fixed from the actual T+1 opening/entry price,28,2026-10-26,False,2026-07-27,0.5400,0.6500,-16.9000,ALCISTA FUERTE,10,771.3500,7.9100,52.5000,14.8700,SIDI_SHADOW_V1: Fund≥6.5 · DD60≥12% · RSI<40 · MACD↑ · Vol↓ · SPY20≤+1% · Abnormal20≤-10%,SIDI_SHADOW_V1,True
ED,Consolidated Edison,Utilities,Multi-Utilities,1957-03-04,103.1000,102.6100,103.2800,102.0800,103.1000,2026-09-28,30.6200,40.8200,DOWN,-0.3640,-0.4019,-0.2868,True,0.1191,1.5564,0.8120,1.5100,107.5100,106.3300,105.4200,-4.1000,-3.0400,True,0.8861,BAJISTA,-8.8100,-9.8200,113.0600,114.3200,114.3300,92.4300,-9.8200,11.5400,0.9420,True,True,102.4500,2,109.1400,True,-0.6400,BULL_ENGULF,7.5500,7.0000,7.5000,7.5000,8,8.0000,7.5000,False,False,False,True,True,True,3.0200,4.5300,1.5000,SIDI_SHADOW_V1,0.2808,1.9114,-0.4248,0.8075,294,XLU,True,16.9294,15.8862,1.4832,2.1555,10.5450,0.0896,0.0324,0.1253,0.5337,0.1320,0.2210,110.1130,1.2680,-844875008.0000,2216999936.0000,-0.3811,38129332224,0.2590,5.0900,3.4100,369828633,6.1500,10.0000,4.7300,3.3200,-0.0222,FCF/NI:-0.38,1,6.7100,False,True,False,False,False,False,DD12|FUND65|ABNORMAL20,False,3-7d,XLU,,NEE|DUK|SO,interest_rates|regulatory_environment,NEXT_SESSION_OPEN,0.7500,-5.0000,7,1.5000,5,EXIT_AT_OPEN_IF_OPEN_BELOW_SL,SL_FIRST,10,PENDING_NEXT_OPEN,1.5564,1.1673,104.2673,97.9450,1.1322,Exact TP/SL are fixed from the actual T+1 opening/entry price,38,2026-11-05,False,2026-08-06,0.8300,0.7700,7.4000,ALCISTA FUERTE,10,771.3500,7.9100,52.5000,14.8700,SIDI_SHADOW_V1: Fund≥6.5 · DD60≥12% · RSI<40 · MACD↑ · Vol↓ · SPY20≤+1% · Abnormal20≤-10%,SIDI_SHADOW_V1,True
CVNA,Carvana,Consumer Discretionary,Automotive Retail,2025-12-22,65.0600,64.0900,65.4800,63.4000,65.0600,2026-09-28,26.7000,27.4200,DOWN,-0.7191,-0.8666,-0.9163,True,0.2268,2.8732,0.7740,4.4160,68.8800,72.6800,67.9700,-5.5400,-10.4900,False,-0.1015,BAJISTA,-14.1300,-15.2900,75.7700,76.8000,97.3800,54.4600,-33.1900,19.4600,0.6380,True,True,64.7600,1,73.2800,True,-0.4600,HAMMER,7.2200,5.0000,8.5000,7.5000,7,8.5000,7.0000,True,True,True,True,True,True,8.8300,13.2500,1.5000,SIDI_SHADOW_V1,0.2808,-8.9315,0.6392,1.2807,294,XLY,True,34.4233,28.7611,11.6137,2.8780,20.1250,0.5877,0.1170,0.0626,0.1937,0.5240,0.6150,110.8800,3.9260,424375008.0000,1568000000.0000,0.2706,72116649984,3.4970,8.1400,,719916415,6.3600,10.0000,6.2300,2.2700,0.0059,FCF/NI:0.27|D/E:111,2,6.7000,False,True,False,True,False,False,FUND65|ABNORMAL20,False,5-10d,XLY,,AMZN|TSLA|HD,consumer_spending|employment_data|interest_rates,NEXT_SESSION_OPEN,0.7500,-5.0000,7,1.5000,5,EXIT_AT_OPEN_IF_OPEN_BELOW_SL,SL_FIRST,10,PENDING_NEXT_OPEN,2.8732,2.1549,67.2149,61.8070,3.3122,Exact TP/SL are fixed from the actual T+1 opening/entry price,30,2026-10-28,False,2026-07-29,0.4200,0.3800,10.1000,ALCISTA FUERTE,10,771.3500,7.9100,52.5000,14.8700,SIDI_SHADOW_V1: Fund≥6.5 · DD60≥12% · RSI<40 · MACD↑ · Vol↓ · SPY20≤+1% · Abnormal20≤-10%,SIDI_SHADOW_V1,True
AVY,Avery Dennison,Materials,Paper & Plastic Packaging Products & Materials,1987-12-31,170.3400,169.6700,171.8500,168.7500,170.3400,2026-09-28,40.2900,31.8200,UP,-0.2325,-0.2930,-0.4533,True,0.3727,3.7150,0.7820,2.1810,171.8100,171.1400,171.6700,-0.8600,-0.4700,True,0.1610,BAJISTA,-6.7400,-8.8200,182.6500,186.8200,196.1500,150.8300,-13.1600,12.9300,0.4900,True,True,155.4900,4,174.6300,False,-8.7200,NONE,6.9000,7.0000,7.0000,7.5000,7,7.0000,5.0000,False,False,False,False,True,True,4.3600,6.5400,1.5000,SIDI_SHADOW_V1,0.2808,3.2202,-0.0771,1.0048,294,XLB,True,18.6164,15.2276,5.5663,1.4089,10.9060,0.3116,0.0839,0.0762,0.2898,0.1090,0.1080,158.6530,1.1320,1004600000.0000,704899968.0000,1.4252,13029371904,0.8140,2.0200,2.3500,76490385,6.5500,5.3000,7.0600,7.4300,0.0771,D/E:159,1,6.6900,True,True,False,False,False,False,DD12|RSI40|ABNORMAL20,False,3-7d,XLB,,LIN|APD|ECL,commodity_prices|dxy|china_demand|energy_costs,NEXT_SESSION_OPEN,0.7500,-5.0000,7,1.5000,5,EXIT_AT_OPEN_IF_OPEN_BELOW_SL,SL_FIRST,10,PENDING_NEXT_OPEN,3.7150,2.7862,173.1262,161.8230,1.6357,Exact TP/SL are fixed from the actual T+1 opening/entry price,23,2026-10-21,False,2026-07-30,2.8900,2.4700,17.0000,ALCISTA FUERTE,10,771.3500,7.9100,52.5000,14.8700,SIDI_SHADOW_V1: Fund≥6.5 · DD60≥12% · RSI<40 · MACD↑ · Vol↓ · SPY20≤+1% · Abnormal20≤-10%,SIDI_SHADOW_V1,True
BLK,BlackRock,Financials,Asset Management & Custody Banks,2011-04-04,1086.3100,1076.2200,1087.8300,1066.5300,1086.3101,2026-09-28,43.1800,30.3900,UP,0.0322,-1.8919,-3.8587,True,0.4942,24.6907,0.9720,2.2730,1104.2500,1051.0200,1085.3400,-1.6200,3.3600,True,0.5790,NEUTRO,-7.6900,-8.0300,1176.8000,1181.1100,1194.4100,907.5900,-9.0500,19.6900,0.9030,True,True,1018.9800,3,1068.9800,False,-6.2000,NONE,6.7500,8.5000,7.0000,7.5000,6,5.0000,5.0000,False,False,False,False,True,True,4.5500,6.8200,1.5000,SIDI_SHADOW_V1,0.2808,-1.0190,0.6095,1.0609,294,XLF,True,26.0444,16.8979,2.9225,6.4654,15.8590,0.1228,0.0374,0.2409,0.4715,0.3060,0.1960,23.1920,2.4470,7578124800.0000,6576000000.0000,1.1524,176499523584,1.4290,3.7200,2.1100,154869259,6.6400,7.4800,6.8600,5.4000,0.0429,OK,0,6.6800,True,True,False,False,False,False,DD12|RSI40|ABNORMAL20,False,7-15d,XLF,,JPM|BAC|WFC,interest_rates|yield_curve|credit_spreads|loan_growth,NEXT_SESSION_OPEN,0.7500,-5.0000,7,1.5000,5,EXIT_AT_OPEN_IF_OPEN_BELOW_SL,SL_FIRST,10,PENDING_NEXT_OPEN,24.6907,18.5180,1104.8280,1031.9945,1.7047,Exact TP/SL are fixed from the actual T+1 opening/entry price,16,2026-10-14,False,2026-07-15,13.9100,12.6900,9.6000,ALCISTA FUERTE,10,771.3500,7.9100,52.5000,14.8700,SIDI_SHADOW_V1: Fund≥6.5 · DD60≥12% · RSI<40 · MACD↑ · Vol↓ · SPY20≤+1% · Abnormal20≤-10%,SIDI_SHADOW_V1,True
DD,DuPont,Industrials,Industrial Conglomerates,2019-06-03,131.7100,130.5000,132.1600,129.7300,131.7100,2026-09-28,50.3200,31.8600,UP,0.6509,0.5398,0.3764,True,0.6329,2.7393,0.7600,2.0800,135.8300,136.4700,131.1500,-3.0300,-3.4900,False,1.0122,BAJISTA,-10.2300,-11.4600,146.7200,148.7700,156.0400,90.8900,-15.5900,44.9200,0.6490,True,True,133.1000,7,142.2000,True,1.0600,HAMMER|DOJI|HAMMER|DOJI,7.2500,5.5000,7.0000,7.5000,10,7.0000,7.0000,False,False,False,False,True,True,4.1600,6.2400,1.5000,SIDI_SHADOW_V1,0.2808,-0.5791,0.5262,0.6739,294,XLI,True,56.5279,16.5366,1.2917,2.5448,12.2160,0.0179,0.0207,0.0079,0.3513,0.0400,1.4960,22.9020,2.4270,1835250048.0000,306000000.0000,5.9975,17783406592,1.0850,4.0400,1.8200,135019401,6.3000,5.7800,5.9100,7.3800,0.1032,OK,0,6.6800,False,True,False,False,False,False,DD12|RSI40|FUND65|ABNORMAL20,False,3-7d,XLI,,CAT|UNP|HON,pmi_manufacturing|supply_chain|capex_cycle,NEXT_SESSION_OPEN,0.7500,-5.0000,7,1.5000,5,EXIT_AT_OPEN_IF_OPEN_BELOW_SL,SL_FIRST,10,PENDING_NEXT_OPEN,2.7393,2.0545,133.7645,125.1245,1.5598,Exact TP/SL are fixed from the actual T+1 opening/entry price,38,2026-11-05,False,2026-08-04,1.8800,1.7600,6.8000,ALCISTA FUERTE,10,771.3500,7.9100,52.5000,14.8700,SIDI_SHADOW_V1: Fund≥6.5 · DD60≥12% · RSI<40 · MACD↑ · Vol↓ · SPY20≤+1% · Abnormal20≤-10%,SIDI_SHADOW_V1,True
MKC,McCormick & Company,Consumer Staples,Packaged Foods & Meats,2003-03-20,47.9400,47.6200,48.0500,47.3600,47.9400,2026-09-28,18.7300,6.1100,UP,-0.3349,-0.3582,-0.4004,True,0.1524,1.1664,0.7500,2.4330,52.2100,55.3500,50.4700,-8.1800,-13.3900,False,-2.3142,BAJISTA,-15.1200,-15.7000,56.4800,56.8700,71.1300,44.4200,-32.6000,7.9300,0.8570,True,True,45.2500,3,48.0100,False,-5.6000,NONE,7.0800,5.0000,9.5000,7.5000,6,8.5000,5.0000,True,True,True,True,True,True,4.8700,7.3000,1.5000,SIDI_SHADOW_V1,0.2808,-7.5512,-0.1989,1.1170,294,XLP,True,7.9767,14.5456,1.8424,1.7451,12.4480,0.2473,0.0514,0.2191,0.3885,0.1670,-0.1420,65.1430,0.7810,714025024.0000,1618400000.0000,0.4412,12888742912,0.6340,0.0000,4.0100,254055150,6.4200,5.0000,5.1500,9.5600,0.0554,FCF/NI:0.44,1,6.6800,False,True,False,True,False,False,FUND65|ABNORMAL20,False,3-7d,XLP,,PG|KO|PEP,inflation|input_costs|fx_rates,NEXT_SESSION_OPEN,0.7500,-5.0000,7,1.5000,5,EXIT_AT_OPEN_IF_OPEN_BELOW_SL,SL_FIRST,10,PENDING_NEXT_OPEN,1.1664,0.8748,48.8148,45.5430,1.8248,Exact TP/SL are fixed from the actual T+1 opening/entry price,3,2026-10-01,True,2026-06-25,0.8000,0.7000,14.8000,ALCISTA FUERTE,10,771.3500,7.9100,52.5000,14.8700,SIDI_SHADOW_V1: Fund≥6.5 · DD60≥12% · RSI<40 · MACD↑ · Vol↓ · SPY20≤+1% · Abnormal20≤-10%,SIDI_SHADOW_V1,True
C,Citigroup,Financials,Diversified Banks,1988-05-31,134.2800,132.8500,134.7200,132.1200,134.2800,2026-09-28,40.8800,46.9200,DOWN,-0.3111,-0.4726,-0.4031,True,0.4553,3.7929,1.1160,2.8250,133.9400,124.5400,134.2000,0.2500,7.8200,True,2.8119,ALCISTA,-6.1800,-6.7400,143.1300,143.9800,147.2100,91.7200,-8.7800,46.4000,0.8290,True,True,130.3500,4,133.9700,True,-2.9300,HAMMER|DOJI,7.5000,10.0000,6.0000,7.5000,9,5.0000,7.0000,False,False,False,False,True,True,5.6500,8.4700,1.5000,SIDI_SHADOW_V1,0.2808,5.9245,0.8008,0.9420,294,XLF,True,14.4698,10.4014,1.1703,2.7566,,0.0853,0.0066,0.2183,0.0000,0.1550,0.6100,,,,16460000256.0000,,225246216192,1.0970,0.0400,2.0000,1677436783,6.1100,8.5100,4.2600,5.4600,,OK,0,6.6700,False,True,False,False,False,False,DD12|RSI40|FUND65|ABNORMAL20,False,10-18d,XLF,,JPM|BAC|WFC,interest_rates|yield_curve|credit_spreads|loan_growth,NEXT_SESSION_OPEN,0.7500,-5.0000,7,1.5000,5,EXIT_AT_OPEN_IF_OPEN_BELOW_SL,SL_FIRST,10,PENDING_NEXT_OPEN,3.7929,2.8447,137.1247,127.5660,2.1185,Exact TP/SL are fixed from the actual T+1 opening/entry price,15,2026-10-13,False,2026-07-14,3.1400,2.7100,15.6000,ALCISTA FUERTE,10,771.3500,7.9100,52.5000,14.8700,SIDI_SHADOW_V1: Fund≥6.5 · DD60≥12% · RSI<40 · MACD↑ · Vol↓ · SPY20≤+1% · Abnormal20≤-10%,SIDI_SHADOW_V1,True
PWR,Quanta Services,Industrials,Construction & Engineering,2009-07-01,649.1300,647.0800,654.8400,643.0000,649.1300,2026-09-28,57.6900,60.9100,DOWN,4.0386,3.6440,3.5971,True,0.8830,21.8600,0.8020,3.3680,641.4300,600.4600,634.7900,1.2000,8.1100,True,3.0831,ALCISTA,-10.1300,-10.4400,722.3100,724.8000,788.6300,389.3700,-17.6900,66.7100,0.7620,True,True,641.9600,2,653.8700,True,-1.1000,BULL_ENGULF,7.2500,10.0000,6.0000,7.5000,7,5.0000,7.5000,False,False,False,False,True,True,6.7400,10.1000,1.5000,SIDI_SHADOW_V1,0.2808,9.9264,0.3453,1.4125,294,XLI,True,74.1016,32.8276,10.1211,2.9659,34.0860,0.1534,0.0523,0.0403,0.1546,0.4110,0.9470,67.7800,1.0980,1955491328.0000,1326876032.0000,1.4738,97592410112,1.2000,3.0200,0.0700,150343393,6.2900,10.0000,5.1900,3.2300,0.0200,OK,0,6.6700,False,True,False,False,False,False,DD12|RSI40|FUND65|ABNORMAL20,False,10-18d,XLI,,CAT|UNP|HON,pmi_manufacturing|supply_chain|capex_cycle,NEXT_SESSION_OPEN,0.7500,-5.0000,7,1.5000,5,EXIT_AT_OPEN_IF_OPEN_BELOW_SL,SL_FIRST,10,PENDING_NEXT_OPEN,21.8600,16.3950,665.5250,616.6735,2.5257,Exact TP/SL are fixed from the actual T+1 opening/entry price,31,2026-10-29,False,2026-07-30,4.2400,3.3100,28.1000,ALCISTA FUERTE,10,771.3500,7.9100,52.5000,14.8700,SIDI_SHADOW_V1: Fund≥6.5 · DD60≥12% · RSI<40 · MACD↑ · Vol↓ · SPY20≤+1% · Abnormal20≤-10%,SIDI_SHADOW_V1,True
AMZN,Amazon,Consumer Discretionary,Broadline Retail,2005-11-18,249.6700,248.5600,250.8800,247.1800,249.6700,2026-09-28,40.0500,36.1600,UP,-0.4151,-0.3988,-0.0568,False,0.2599,5.3243,0.7300,2.1330,256.1800,240.8500,253.8100,-2.5400,3.6600,True,0.9465,NEUTRO,-12.0900,-13.0700,284.0200,287.2000,287.2000,196.0000,-13.0700,27.3800,0.9680,True,True,244.3000,1,249.7100,True,-2.1500,NONE,7.2300,8.5000,6.0000,7.5000,7,8.5000,5.0000,False,False,True,False,False,True,4.2700,6.4000,1.5000,SIDI_SHADOW_V1,0.2808,0.3346,-0.2533,1.4063,294,XLY,True,20.0861,23.8348,4.8806,3.4718,16.7050,0.3056,0.0659,0.1744,0.5077,0.1960,2.4230,45.6170,1.0330,3219124992.0000,135281000448.0000,0.0238,2693018681344,1.4430,2.5100,,10786313572,6.2800,10.0000,5.4000,2.9500,0.0012,FCF/NI:0.02,1,6.6600,False,True,False,False,False,False,RSI40|MACD|FUND65|ABNORMAL20,False,7-15d,XLY,,TSLA|HD|MCD,consumer_spending|employment_data|interest_rates,NEXT_SESSION_OPEN,0.7500,-5.0000,7,1.5000,5,EXIT_AT_OPEN_IF_OPEN_BELOW_SL,SL_FIRST,10,PENDING_NEXT_OPEN,5.3243,3.9932,253.6632,237.1865,1.5994,Exact TP/SL are fixed from the actual T+1 opening/entry price,31,2026-10-29,False,2026-07-30,5.7500,1.8300,215.0000,ALCISTA FUERTE,10,771.3500,7.9100,52.5000,14.8700,SIDI_SHADOW_V1: Fund≥6.5 · DD60≥12% · RSI<40 · MACD↑ · Vol↓ · SPY20≤+1% · Abnormal20≤-10%,SIDI_SHADOW_V1,True
CAT,Caterpillar Inc.,Industrials,Construction Machinery & Heavy Transportation Equipment,1957-03-04,821.5800,816.3400,823.0000,809.0500,821.5800,2026-09-28,52.6400,52.7700,DOWN,4.3639,3.6124,3.6238,True,0.8378,20.4864,0.5980,2.4940,829.2000,787.7100,810.3200,-0.9200,4.3000,True,3.1092,NEUTRO,-15.1400,-17.7900,968.1200,999.4300,1071.4700,455.4800,-23.3200,80.3800,0.8200,True,True,801.0000,1,843.2400,True,-2.5000,NONE,7.0000,8.5000,6.0000,7.5000,7,7.0000,5.0000,False,False,True,False,True,True,4.9900,7.4800,1.5000,SIDI_SHADOW_V1,0.2808,7.0302,0.0829,1.7832,294,XLI,True,35.3368,25.3752,19.4719,5.0537,25.6510,0.5697,0.0903,0.1451,0.2971,0.2400,0.6820,232.7830,1.3680,5048999936.0000,10844000256.0000,0.4656,377659686912,1.5940,3.5400,0.7900,459674889,6.4400,10.0000,5.7900,3.0500,0.0134,FCF/NI:0.47|D/E:233,2,6.6600,False,True,False,False,False,False,RSI40|FUND65|ABNORMAL20,False,7-15d,XLI,,UNP|HON|RTX,pmi_manufacturing|supply_chain|capex_cycle,NEXT_SESSION_OPEN,0.7500,-5.0000,7,1.5000,5,EXIT_AT_OPEN_IF_OPEN_BELOW_SL,SL_FIRST,10,PENDING_NEXT_OPEN,20.4864,15.3648,836.9448,780.5010,1.8702,Exact TP/SL are fixed from the actual T+1 opening/entry price,31,2026-10-29,False,2026-08-04,8.1700,6.2000,31.8000,ALCISTA FUERTE,10,771.3500,7.9100,52.5000,14.8700,SIDI_SHADOW_V1: Fund≥6.5 · DD60≥12% · RSI<40 · MACD↑ · Vol↓ · SPY20≤+1% · Abnormal20≤-10%,SIDI_SHADOW_V1,True
STT,State Street Corporation,Financials,Asset Management & Custody Banks,2003-03-14,181.3400,181.5800,182.9300,179.5000,181.3400,2026-09-28,22.3000,31.2900,DOWN,-1.1495,-1.3286,-1.4562,True,0.2028,4.3021,0.9650,2.3720,186.9000,152.8400,185.4400,-2.9700,18.6400,True,4.9158,NEUTRO,-6.6500,-7.4500,194.2600,195.9300,195.9300,102.7600,-7.4500,76.4700,0.7280,False,False,182.9600,1,194.7500,True,0.8900,HAMMER|HAMMER|DOJI,7.1200,8.5000,8.5000,5.0000,7,6.5000,7.0000,False,False,False,True,True,False,4.7400,7.1200,1.5000,SIDI_SHADOW_V1,0.2808,-8.0372,0.4246,0.7491,294,XLF,True,16.0053,11.8340,2.0842,3.3159,,0.1244,0.0087,0.2301,0.0000,0.1840,0.6820,,,,3220999936.0000,,49814417408,1.4180,0.0100,2.0300,274701765,6.3500,9.2600,4.6400,4.9500,,OK,0,6.6600,False,True,False,False,False,False,DD12|VOLUME|FUND65|ABNORMAL20,False,5-10d,XLF,,JPM|BAC|WFC,interest_rates|yield_curve|credit_spreads|loan_growth,NEXT_SESSION_OPEN,0.7500,-5.0000,7,1.5000,5,EXIT_AT_OPEN_IF_OPEN_BELOW_SL,SL_FIRST,10,PENDING_NEXT_OPEN,4.3021,3.2266,184.5666,172.2730,1.7793,Exact TP/SL are fixed from the actual T+1 opening/entry price,16,2026-10-14,False,2026-07-16,3.6500,3.3400,9.2000,ALCISTA FUERTE,10,771.3500,7.9100,52.5000,14.8700,SIDI_SHADOW_V1: Fund≥6.5 · DD60≥12% · RSI<40 · MACD↑ · Vol↓ · SPY20≤+1% · Abnormal20≤-10%,SIDI_SHADOW_V1,True
RJF,Raymond James Financial,Financials,Investment Banking & Brokerage,2017-03-20,159.8700,159.2100,161.6800,159.1400,159.8700,2026-09-28,12.4700,27.0100,DOWN,-1.4743,-1.7130,-1.7137,True,0.1669,3.8536,0.9800,2.4100,173.3300,160.3600,167.4300,-7.7700,-0.3100,True,0.8441,BAJISTA,-11.7600,-12.5100,181.1800,182.7300,182.7300,138.3300,-12.5100,15.5700,0.7170,False,False,163.0100,1,160.1600,True,1.9600,HAMMER,6.9800,7.0000,8.5000,5.0000,8,6.5000,7.0000,False,False,False,True,True,False,4.8200,7.2300,1.5000,SIDI_SHADOW_V1,0.2808,-2.9378,-0.0194,1.2537,294,XLF,True,13.9503,11.2606,2.4187,2.0179,,0.1842,0.0258,0.1513,0.9316,0.1510,0.4200,47.5940,2.1090,,2299000064.0000,,30752866304,0.9170,6.6000,1.3500,192361711,6.4300,8.4100,5.6500,5.0400,,OK,0,6.6500,False,True,False,False,False,False,DD12|VOLUME|FUND65|ABNORMAL20,False,5-10d,XLF,,JPM|BAC|WFC,interest_rates|yield_curve|credit_spreads|loan_growth,NEXT_SESSION_OPEN,0.7500,-5.0000,7,1.5000,5,EXIT_AT_OPEN_IF_OPEN_BELOW_SL,SL_FIRST,10,PENDING_NEXT_OPEN,3.8536,2.8902,162.7602,151.8765,1.8078,Exact TP/SL are fixed from the actual T+1 opening/entry price,30,2026-10-28,False,2026-07-22,3.1400,2.9100,7.8000,ALCISTA FUERTE,10,771.3500,7.9100,52.5000,14.8700,SIDI_SHADOW_V1: Fund≥6.5 · DD60≥12% · RSI<40 · MACD↑ · Vol↓ · SPY20≤+1% · Abnormal20≤-10%,SIDI_SHADOW_V1,True
TRV,Travelers Companies (The),Financials,Property & Casualty Insurance,2002-08-21,363.0400,361.6800,364.0300,359.6800,363.0400,2026-09-28,43.7900,56.6300,DOWN,-1.6172,-1.5766,-0.6665,False,0.2610,6.9258,0.8780,1.9080,371.6600,316.1000,368.5000,-2.3200,14.8500,True,2.8077,NEUTRO,-8.2900,-8.6300,395.8700,397.3400,397.3400,248.4600,-8.6300,46.1100,0.5500,True,True,358.1500,2,383.9900,True,-1.3500,DOJI,6.7300,8.5000,5.0000,7.5000,7,6.5000,5.0000,False,False,False,False,False,True,3.8200,5.7200,1.5000,SIDI_SHADOW_V1,0.2808,0.2662,-0.6471,0.8568,294,XLF,True,9.7565,11.9913,2.2865,1.5460,6.9450,0.2651,0.0478,0.1695,0.3473,0.0030,0.5710,27.3780,0.3230,14775124992.0000,8242999808.0000,1.7924,75721080832,0.4510,4.2100,1.3800,208575022,6.6000,5.0000,7.3200,7.6200,0.1951,OK,0,6.6500,True,True,False,False,False,False,DD12|RSI40|MACD|ABNORMAL20,False,7-15d,XLF,,JPM|BAC|WFC,interest_rates|yield_curve|credit_spreads|loan_growth,NEXT_SESSION_OPEN,0.7500,-5.0000,7,1.5000,5,EXIT_AT_OPEN_IF_OPEN_BELOW_SL,SL_FIRST,10,PENDING_NEXT_OPEN,6.9258,5.1944,368.2344,344.8880,1.4308,Exact TP/SL are fixed from the actual T+1 opening/entry price,18,2026-10-16,False,2026-07-17,10.0400,5.3900,86.1000,ALCISTA FUERTE,10,771.3500,7.9100,52.5000,14.8700,SIDI_SHADOW_V1: Fund≥6.5 · DD60≥12% · RSI<40 · MACD↑ · Vol↓ · SPY20≤+1% · Abnormal20≤-10%,SIDI_SHADOW_V1,True
ROP,Roper Technologies,Information Technology,Electronic Equipment & Instruments,2009-12-23,358.5600,362.3200,363.8600,357.7500,358.5600,2026-09-28,13.0500,16.0600,DOWN,-4.1974,-4.4216,-5.4382,True,0.1526,9.5600,0.8190,2.6660,390.8300,370.2900,381.6600,-8.2600,-3.1700,True,-1.4026,BAJISTA,-15.8700,-16.5400,426.2000,429.6000,517.5900,305.1900,-30.7300,17.4900,0.8980,False,False,337.8200,3,375.0500,False,-5.7800,HAMMER,6.7200,6.5000,8.5000,5.0000,7,6.5000,7.0000,False,False,True,True,True,False,5.3300,8.0000,1.5000,SIDI_SHADOW_V1,0.2808,-18.1688,0.7937,-0.6081,294,XLK,True,14.9462,14.7077,1.8963,4.2827,14.3350,0.1307,0.0423,0.3024,0.6953,0.0850,2.3300,60.5310,0.5530,2265687552.0000,2504300032.0000,0.9047,35461898240,0.7470,8.0600,1.0200,98900874,6.5900,5.6400,4.7200,9.9000,0.0639,OK,0,6.6400,True,True,True,False,False,False,VOLUME,False,3-7d,XLK,,AAPL|MSFT|NVDA,interest_rates|ai_capex_cycle|semiconductor_cycle,NEXT_SESSION_OPEN,0.7500,-5.0000,7,1.5000,5,EXIT_AT_OPEN_IF_OPEN_BELOW_SL,SL_FIRST,10,PENDING_NEXT_OPEN,9.5600,7.1700,365.7300,340.6320,1.9997,Exact TP/SL are fixed from the actual T+1 opening/entry price,24,2026-10-22,False,2026-07-23,5.3800,5.2900,1.8000,ALCISTA FUERTE,10,771.3500,7.9100,52.5000,14.8700,SIDI_SHADOW_V1: Fund≥6.5 · DD60≥12% · RSI<40 · MACD↑ · Vol↓ · SPY20≤+1% · Abnormal20≤-10%,SIDI_SHADOW_V1,True
URI,United Rentals,Industrials,Trading Companies & Distributors,2014-09-20,1047.0600,1017.7100,1050.2000,1017.6700,1047.0601,2026-09-28,60.5600,45.8400,UP,7.5689,6.4024,6.2725,True,0.9203,28.7643,0.8640,2.7470,1065.6300,939.5900,1028.4500,-1.7400,11.4400,True,2.2123,NEUTRO,-10.1100,-11.0500,1164.8200,1177.1500,1177.1500,698.9400,-11.0500,49.8100,0.8670,True,True,1049.4600,3,1104.9700,True,0.2300,HAMMER|BULL_ENGULF,7.6500,8.5000,7.0000,7.5000,9,5.0000,9.5000,False,False,False,False,True,True,5.4900,8.2400,1.5000,SIDI_SHADOW_V1,0.2808,4.8238,-1.1877,2.0187,294,XLI,True,25.1879,18.2676,7.0763,3.8719,17.1490,0.2889,0.0877,0.1567,0.3848,0.1180,0.2550,166.7930,0.7640,1706249984.0000,2638000128.0000,0.6468,65171623936,1.7870,3.7300,0.7500,62242489,5.9600,8.2700,4.7400,4.6900,0.0262,FCF/NI:0.65|D/E:167,2,6.6400,False,True,False,False,False,False,DD12|RSI40|FUND65|ABNORMAL20,False,7-15d,XLI,,CAT|UNP|HON,pmi_manufacturing|supply_chain|capex_cycle,NEXT_SESSION_OPEN,0.7500,-5.0000,7,1.5000,5,EXIT_AT_OPEN_IF_OPEN_BELOW_SL,SL_FIRST,10,PENDING_NEXT_OPEN,28.7643,21.5732,1068.6332,994.7070,2.0604,Exact TP/SL are fixed from the actual T+1 opening/entry price,23,2026-10-21,False,2026-07-22,12.7600,11.5900,10.1000,ALCISTA FUERTE,10,771.3500,7.9100,52.5000,14.8700,SIDI_SHADOW_V1: Fund≥6.5 · DD60≥12% · RSI<40 · MACD↑ · Vol↓ · SPY20≤+1% · Abnormal20≤-10%,SIDI_SHADOW_V1,True
ZBH,Zimmer Biomet,Health Care,Health Care Equipment,2001-08-07,91.0400,89.4300,91.8400,89.2400,91.0400,2026-09-28,35.7500,36.5900,DOWN,-0.7373,-0.7769,-0.4562,True,0.1508,3.0736,1.0300,3.3760,96.0800,91.1300,94.7700,-5.2500,-0.1000,True,0.4606,BAJISTA,-10.2000,-11.4900,101.3800,102.8600,106.0300,78.9100,-14.1300,15.3700,0.8780,True,True,86.8800,3,90.8600,False,-4.5700,NONE,6.9200,7.0000,7.5000,7.5000,7,6.5000,5.0000,False,False,False,True,True,True,6.7500,10.1300,1.5000,SIDI_SHADOW_V1,0.2808,-7.9404,-0.0117,0.9022,294,XLV,True,22.0971,10.0405,1.3746,2.0408,9.7070,0.0641,0.0388,0.0948,0.6952,0.0480,0.3380,60.1750,1.6910,1072150016.0000,806700032.0000,1.3291,17364760576,0.4710,5.2400,1.0500,190737689,6.4600,6.5000,5.1500,7.9400,0.0617,OK,0,6.6400,False,True,False,False,False,False,DD12|FUND65|ABNORMAL20,False,3-7d,XLV,,UNH|JNJ|LLY,fda_calendar|drug_pricing_policy|patent_cliffs,NEXT_SESSION_OPEN,0.7500,-5.0000,7,1.5000,5,EXIT_AT_OPEN_IF_OPEN_BELOW_SL,SL_FIRST,10,PENDING_NEXT_OPEN,3.0736,2.3052,93.3452,86.4880,2.5321,Exact TP/SL are fixed from the actual T+1 opening/entry price,38,2026-11-05,False,2026-08-05,2.0700,2.0100,3.0000,ALCISTA FUERTE,10,771.3500,7.9100,52.5000,14.8700,SIDI_SHADOW_V1: Fund≥6.5 · DD60≥12% · RSI<40 · MACD↑ · Vol↓ · SPY20≤+1% · Abnormal20≤-10%,SIDI_SHADOW_V1,True
CAH,Cardinal Health,Health Care,Health Care Distributors,1997-05-27,220.2200,222.0000,223.0200,219.1000,220.2200,2026-09-28,6.5700,37.9100,DOWN,-1.8862,-1.9599,-2.0960,True,0.1276,5.1364,0.9240,2.3320,232.7300,216.8200,229.7100,-5.3700,1.5700,True,1.3310,NEUTRO,-11.4200,-14.7400,248.6100,258.3000,258.3000,144.3700,-14.7400,52.5400,1.1510,False,False,220.3700,1,243.2100,True,0.0700,NONE,7.1500,8.5000,8.5000,5.0000,7,8.0000,5.0000,False,False,False,True,True,False,4.6600,7.0000,1.5000,SIDI_SHADOW_V1,0.2808,-7.0165,-0.1297,0.5404,294,XLV,True,30.5014,15.6650,-17.7984,0.2006,13.3170,,0.0372,0.0067,0.0384,0.0580,0.6880,,0.8830,4752500224.0000,1714000000.0000,2.7728,50993999872,0.5190,4.4900,0.9400,231559345,6.2900,6.9200,5.6500,6.2900,0.0932,OK,0,6.6300,False,True,False,False,False,False,DD12|VOLUME|FUND65|ABNORMAL20,False,5-10d,XLV,,UNH|JNJ|LLY,fda_calendar|drug_pricing_policy|patent_cliffs,NEXT_SESSION_OPEN,0.7500,-5.0000,7,1.5000,5,EXIT_AT_OPEN_IF_OPEN_BELOW_SL,SL_FIRST,10,PENDING_NEXT_OPEN,5.1364,3.8523,224.0723,209.2090,1.7493,Exact TP/SL are fixed from the actual T+1 opening/entry price,38,2026-11-05,False,2026-08-11,2.6000,2.4200,7.4000,ALCISTA FUERTE,10,771.3500,7.9100,52.5000,14.8700,SIDI_SHADOW_V1: Fund≥6.5 · DD60≥12% · RSI<40 · MACD↑ · Vol↓ · SPY20≤+1% · Abnormal20≤-10%,SIDI_SHADOW_V1,True
HWM,Howmet Aerospace,Industrials,Aerospace & Defense,2016-10-21,232.4800,231.0000,233.4200,228.9100,232.4800,2026-09-28,27.8800,30.3800,DOWN,1.1097,0.5081,-0.5916,True,0.4196,8.0107,0.8850,3.4460,263.0700,247.4600,238.2000,-11.6300,-6.0500,True,1.5036,BAJISTA,-20.5600,-24.9700,292.6500,309.8500,309.8500,183.4500,-24.9700,26.7300,0.5370,True,True,233.1000,1,280.4200,True,0.2700,NONE,7.0500,7.0000,8.5000,7.5000,8,5.0000,5.0000,True,True,True,True,True,True,6.8900,10.3400,1.5000,SIDI_SHADOW_V1,0.2808,-7.8662,-0.1164,1.2505,294,XLI,True,49.9957,35.9995,16.2233,10.1693,34.6510,0.3473,0.1281,0.2052,0.3603,0.2410,0.3300,81.3680,1.8180,1189874944.0000,1870000000.0000,0.6363,92713353216,1.1860,2.6500,0.2400,398801399,6.3500,10.0000,5.7700,2.7700,0.0128,FCF/NI:0.64|D/E:81,2,6.6300,False,True,False,True,False,False,FUND65|ABNORMAL20,False,5-10d,XLI,,CAT|UNP|HON,pmi_manufacturing|supply_chain|capex_cycle,NEXT_SESSION_OPEN,0.7500,-5.0000,7,1.5000,5,EXIT_AT_OPEN_IF_OPEN_BELOW_SL,SL_FIRST,10,PENDING_NEXT_OPEN,8.0107,6.0080,238.4880,220.8560,2.5843,Exact TP/SL are fixed from the actual T+1 opening/entry price,38,2026-11-05,False,2026-08-06,1.3300,1.2500,6.7000,ALCISTA FUERTE,10,771.3500,7.9100,52.5000,14.8700,SIDI_SHADOW_V1: Fund≥6.5 · DD60≥12% · RSI<40 · MACD↑ · Vol↓ · SPY20≤+1% · Abnormal20≤-10%,SIDI_SHADOW_V1,True
STLD,Steel Dynamics,Materials,Steel,2022-12-22,233.6600,235.4400,236.4800,231.6800,233.6600,2026-09-28,41.3600,50.5000,DOWN,-0.1804,-0.1691,-0.2671,False,0.2884,7.2764,0.8360,3.1140,243.8100,214.9000,237.5000,-4.1600,8.7300,True,3.7815,NEUTRO,-13.0100,-14.5200,268.6000,273.3600,288.0900,133.2800,-18.8900,75.3200,0.5220,True,True,228.7700,1,243.1800,True,-2.0900,NONE,6.7300,8.5000,5.0000,7.5000,7,6.5000,5.0000,False,False,True,False,False,True,6.2300,9.3400,1.5000,SIDI_SHADOW_V1,0.2808,2.4713,0.3481,0.9742,294,XLB,True,21.1840,11.9376,3.5624,1.6306,13.9320,0.1757,0.0787,0.0783,0.1465,0.3340,0.8360,46.9240,3.1830,234191248.0000,1607240960.0000,0.1457,33490042880,1.5150,3.1800,0.9100,143328088,6.5700,10.0000,5.7700,3.4900,0.0070,FCF/NI:0.15,1,6.6300,True,True,False,False,False,False,RSI40|MACD|ABNORMAL20,False,7-15d,XLB,,LIN|APD|ECL,commodity_prices|dxy|china_demand|energy_costs,NEXT_SESSION_OPEN,0.7500,-5.0000,7,1.5000,5,EXIT_AT_OPEN_IF_OPEN_BELOW_SL,SL_FIRST,10,PENDING_NEXT_OPEN,7.2764,5.4573,239.1173,221.9770,2.3356,Exact TP/SL are fixed from the actual T+1 opening/entry price,21,2026-10-19,False,2026-07-20,3.6900,3.6700,56.0000,ALCISTA FUERTE,10,771.3500,7.9100,52.5000,14.8700,SIDI_SHADOW_V1: Fund≥6.5 · DD60≥12% · RSI<40 · MACD↑ · Vol↓ · SPY20≤+1% · Abnormal20≤-10%,SIDI_SHADOW_V1,True
PSX,Phillips 66,Energy,Oil & Gas Refining & Marketing,2012-05-01,255.7500,252.6800,257.3100,250.0900,255.7500,2026-09-28,50.6900,83.0200,DOWN,-2.5309,-2.2895,-1.2672,False,0.4108,9.1429,1.3390,3.5750,235.2800,179.4500,255.5000,8.7000,42.5200,True,7.4236,ALCISTA,-6.7300,-7.7100,274.2100,277.1200,277.1200,123.0900,-7.7100,107.7700,0.9730,False,False,233.5500,1,277.1200,False,-8.6800,HAMMER,6.0500,10.0000,5.0000,5.0000,4,5.0000,7.0000,False,False,False,False,False,False,7.1500,10.7200,1.5000,SIDI_SHADOW_V1,0.2808,2.0292,0.0894,1.1127,294,XLE,True,14.5976,10.2659,3.2391,0.6706,12.0620,0.2345,0.0604,0.0466,0.1310,0.5310,3.4490,62.8840,1.3200,4545375232.0000,7085000192.0000,0.6415,102049603584,0.7040,2.4300,1.9900,399020916,7.0000,8.9900,5.6700,6.2300,0.0445,FCF/NI:0.64,1,6.6200,True,True,False,False,False,False,DD12|RSI40|MACD|VOLUME|ABNORMAL20,False,10-18d,XLE,,XOM|CVX|COP,oil_price|gas_price|opec_supply|inventories,NEXT_SESSION_OPEN,0.7500,-5.0000,7,1.5000,5,EXIT_AT_OPEN_IF_OPEN_BELOW_SL,SL_FIRST,10,PENDING_NEXT_OPEN,9.1429,6.8572,262.6072,242.9625,2.6812,Exact TP/SL are fixed from the actual T+1 opening/entry price,30,2026-10-28,False,2026-08-05,9.4100,7.5000,25.4000,ALCISTA FUERTE,10,771.3500,7.9100,52.5000,14.8700,SIDI_SHADOW_V1: Fund≥6.5 · DD60≥12% · RSI<40 · MACD↑ · Vol↓ · SPY20≤+1% · Abnormal20≤-10%,SIDI_SHADOW_V1,True
CRM,Salesforce,Information Technology,Application Software,2008-09-15,234.0200,237.0300,239.3700,233.3800,234.0200,2026-09-28,31.6500,37.3400,DOWN,-4.1226,-4.0895,-4.3344,False,0.1435,8.5209,0.9750,3.6410,213.3700,200.3600,237.7700,9.6800,16.8000,True,0.5918,ALCISTA,-11.3400,-12.6100,263.9700,267.8000,267.8000,146.0600,-12.6100,60.2200,0.5980,True,True,170.4100,2,261.8800,False,-27.1800,NONE,7.1000,10.0000,6.5000,7.5000,4,8.0000,5.0000,False,True,False,True,False,True,7.2800,10.9200,1.5000,SIDI_SHADOW_V1,0.2808,-11.3147,0.3050,-0.1172,294,XLK,True,21.4108,14.6201,5.0184,4.3834,17.3320,0.1938,0.0570,0.2199,0.7728,0.1080,1.1890,110.4170,0.8390,17731874816.0000,9662000128.0000,1.8352,192598458368,1.2020,1.9700,0.7500,823000000,6.2900,5.9400,4.9600,8.2600,0.0921,D/E:110,1,6.6100,False,True,True,False,False,False,DD12|MACD|FUND65,False,10-18d,XLK,,AAPL|MSFT|NVDA,interest_rates|ai_capex_cycle|semiconductor_cycle,NEXT_SESSION_OPEN,0.7500,-5.0000,7,1.5000,5,EXIT_AT_OPEN_IF_OPEN_BELOW_SL,SL_FIRST,10,PENDING_NEXT_OPEN,8.5209,6.3907,240.4107,222.3190,2.7308,Exact TP/SL are fixed from the actual T+1 opening/entry price,65,2026-12-02,False,2026-08-26,5.9000,3.2700,80.4000,ALCISTA FUERTE,10,771.3500,7.9100,52.5000,14.8700,SIDI_SHADOW_V1: Fund≥6.5 · DD60≥12% · RSI<40 · MACD↑ · Vol↓ · SPY20≤+1% · Abnormal20≤-10%,SIDI_SHADOW_V1,True
NDSN,Nordson Corporation,Industrials,Industrial Machinery & Supplies & Components,2022-02-15,325.7700,325.1200,326.7000,323.0600,325.7700,2026-09-28,60.1000,35.4200,UP,0.8825,0.4774,-0.5137,True,0.9686,5.5324,0.8350,1.6980,310.6500,283.1900,316.5800,4.8700,15.0400,True,3.0696,ALCISTA,-2.3800,-3.6500,333.7000,338.1000,338.1000,217.7600,-3.6500,49.6000,0.7510,True,True,308.0400,5,338.1000,False,-5.4400,HAMMER,7.2500,10.0000,7.0000,7.5000,6,5.0000,7.0000,False,False,False,False,True,True,3.4000,5.0900,1.5000,SIDI_SHADOW_V1,0.2808,-0.1920,0.0973,0.7685,294,XLI,True,33.0061,25.0923,5.5506,6.0914,20.7220,0.1776,0.0847,0.1863,0.5539,0.1030,0.2300,55.6190,1.8230,613806656.0000,555177984.0000,1.1056,18151235584,0.9720,3.4600,1.1500,55717948,6.1500,7.4600,5.7400,5.1000,0.0338,OK,0,6.5900,False,True,False,False,False,False,DD12|RSI40|FUND65|ABNORMAL20,False,10-18d,XLI,,CAT|UNP|HON,pmi_manufacturing|supply_chain|capex_cycle,NEXT_SESSION_OPEN,0.7500,-5.0000,7,1.5000,5,EXIT_AT_OPEN_IF_OPEN_BELOW_SL,SL_FIRST,10,PENDING_NEXT_OPEN,5.5324,4.1493,329.9193,309.4815,1.2737,Exact TP/SL are fixed from the actual T+1 opening/entry price,-40,2026-12-09,False,2026-08-19,3.2500,3.0900,5.0000,ALCISTA FUERTE,10,771.3500,7.9100,52.5000,14.8700,SIDI_SHADOW_V1: Fund≥6.5 · DD60≥12% · RSI<40 · MACD↑ · Vol↓ · SPY20≤+1% · Abnormal20≤-10%,SIDI_SHADOW_V1,True
GL,Globe Life,Financials,Life & Health Insurance,1989-04-30,167.0400,167.8800,168.1000,166.0500,167.0400,2026-09-28,28.0800,51.8500,DOWN,-0.3846,-0.2896,0.0305,False,0.0038,3.4564,0.8970,2.0690,176.1400,156.3300,171.6200,-5.1700,6.8500,True,2.6304,NEUTRO,-10.2000,-12.8000,186.0200,191.5500,191.5500,127.0700,-12.8000,31.4600,1.4330,True,True,168.5500,3,181.9900,True,0.9000,NONE,7.7500,8.5000,7.5000,7.5000,9,8.0000,5.0000,False,False,False,True,False,True,4.1400,6.2100,1.5000,SIDI_SHADOW_V1,0.2808,-2.5504,-0.0779,0.8644,294,XLF,True,11.1138,10.1125,2.0909,2.0732,9.4080,0.2094,0.0336,0.1958,0.3391,0.0800,0.1970,55.6750,0.7950,1163503360.0000,1212199040.0000,0.9598,12836931584,0.4620,0.0800,0.7900,76849447,5.8000,4.0700,6.1200,7.4400,0.0906,OK,0,6.5800,False,True,False,False,False,False,DD12|MACD|FUND65|ABNORMAL20,False,7-15d,XLF,,JPM|BAC|WFC,interest_rates|yield_curve|credit_spreads|loan_growth,NEXT_SESSION_OPEN,0.7500,-5.0000,7,1.5000,5,EXIT_AT_OPEN_IF_OPEN_BELOW_SL,SL_FIRST,10,PENDING_NEXT_OPEN,3.4564,2.5923,169.6323,158.6880,1.5519,Exact TP/SL are fixed from the actual T+1 opening/entry price,23,2026-10-21,False,2026-07-22,3.6100,3.6800,-2.0000,ALCISTA FUERTE,10,771.3500,7.9100,52.5000,14.8700,SIDI_SHADOW_V1: Fund≥6.5 · DD60≥12% · RSI<40 · MACD↑ · Vol↓ · SPY20≤+1% · Abnormal20≤-10%,SIDI_SHADOW_V1,True
BAC,Bank of America,Financials,Diversified Banks,1976-06-30,56.7000,56.3100,56.7500,55.8700,56.7000,2026-09-28,17.9200,23.1000,DOWN,-0.4949,-0.5971,-0.6146,True,0.1900,1.3521,1.1710,2.3850,61.3200,54.7900,59.1200,-7.5300,3.4800,True,1.5061,NEUTRO,-12.0700,-12.6300,64.4800,64.9000,64.9000,45.6500,-12.6300,24.2100,0.7630,False,False,56.5500,1,58.9000,True,-0.2600,HAMMER,7.1200,8.5000,8.5000,5.0000,7,6.5000,7.0000,False,False,True,True,True,False,4.7700,7.1500,1.5000,SIDI_SHADOW_V1,0.2808,-2.3662,0.0452,1.1332,294,XLF,True,13.0947,10.7228,1.4412,3.4801,,0.1120,0.0097,0.2952,0.0000,0.1680,0.3410,,,,32124999680.0000,,396488835072,1.1640,0.0000,2.2600,6992748365,6.2000,8.5400,4.5200,5.4200,,OK,0,6.5700,False,True,False,False,False,False,VOLUME|FUND65|ABNORMAL20,False,5-10d,XLF,,JPM|WFC|GS,interest_rates|yield_curve|credit_spreads|loan_growth,NEXT_SESSION_OPEN,0.7500,-5.0000,7,1.5000,5,EXIT_AT_OPEN_IF_OPEN_BELOW_SL,SL_FIRST,10,PENDING_NEXT_OPEN,1.3521,1.0141,57.7141,53.8650,1.7885,Exact TP/SL are fixed from the actual T+1 opening/entry price,16,2026-10-14,False,2026-07-14,1.2100,1.1200,7.7000,ALCISTA FUERTE,10,771.3500,7.9100,52.5000,14.8700,SIDI_SHADOW_V1: Fund≥6.5 · DD60≥12% · RSI<40 · MACD↑ · Vol↓ · SPY20≤+1% · Abnormal20≤-10%,SIDI_SHADOW_V1,True
FAST,Fastenal,Industrials,Trading Companies & Distributors,2008-09-15,50.4300,50.5300,51.0500,50.2600,50.4300,2026-09-28,58.7700,43.2600,UP,0.1381,0.1400,0.0019,False,0.8456,0.9179,0.7720,1.8200,49.3600,45.6700,49.8200,2.1600,10.4200,True,2.1565,ALCISTA,-3.7200,-4.7100,52.3800,52.9200,52.9200,38.3400,-4.7100,31.5300,1.0080,True,True,43.2600,7,52.5400,False,-14.2200,HAMMER,7.3500,10.0000,6.0000,7.5000,6,7.0000,7.0000,False,False,False,False,False,True,3.6400,5.4600,1.5000,SIDI_SHADOW_V1,0.2808,0.4587,-0.2657,0.7790,294,XLI,True,43.1026,35.9498,14.2217,6.6140,29.7260,0.3433,0.2152,0.1545,0.4470,0.1470,0.1460,10.8510,4.1800,916124992.0000,1352099968.0000,0.6776,57868304384,0.7130,6.0100,1.9000,1147497573,6.0500,6.9700,7.6400,3.1300,0.0158,FCF/NI:0.68,1,6.5700,False,True,False,False,False,False,DD12|RSI40|MACD|FUND65|ABNORMAL20,False,10-18d,XLI,,CAT|UNP|HON,pmi_manufacturing|supply_chain|capex_cycle,NEXT_SESSION_OPEN,0.7500,-5.0000,7,1.5000,5,EXIT_AT_OPEN_IF_OPEN_BELOW_SL,SL_FIRST,10,PENDING_NEXT_OPEN,0.9179,0.6884,51.1184,47.9085,1.3651,Exact TP/SL are fixed from the actual T+1 opening/entry price,16,2026-10-14,False,2026-07-14,0.3300,0.3300,1.2000,ALCISTA FUERTE,10,771.3500,7.9100,52.5000,14.8700,SIDI_SHADOW_V1: Fund≥6.5 · DD60≥12% · RSI<40 · MACD↑ · Vol↓ · SPY20≤+1% · Abnormal20≤-10%,SIDI_SHADOW_V1,True
NTAP,NetApp,Information Technology,"Technology Hardware, Storage & Peripherals",1999-06-25,201.1500,197.3200,201.3900,196.2400,201.1500,2026-09-28,63.1600,59.5600,UP,0.6854,0.4721,0.4583,True,0.9142,7.6857,0.9950,3.8210,187.4700,135.8600,193.1000,7.3000,48.0600,True,6.3589,ALCISTA,-2.8600,-3.7800,207.0800,209.0600,209.0600,92.9300,-3.7800,116.4500,0.5590,True,True,161.0000,1,199.6200,False,-19.9600,NONE,6.7500,10.0000,7.0000,7.5000,4,5.0000,5.0000,False,False,False,False,True,True,7.6400,11.4600,1.5000,SIDI_SHADOW_V1,0.2808,-5.3557,-0.3662,0.7273,294,XLK,True,28.4103,18.0871,26.3693,5.3455,18.3610,1.1482,0.1166,0.1918,0.7063,0.2990,0.6350,169.4980,1.2420,1171374976.0000,1418000000.0000,0.8261,39508701184,1.4320,4.1200,1.0300,196419005,6.4300,7.0500,6.9800,5.0700,0.0296,D/E:169,1,6.5600,False,True,False,False,False,False,DD12|RSI40|FUND65|ABNORMAL20,False,10-18d,XLK,,AAPL|MSFT|NVDA,interest_rates|ai_capex_cycle|semiconductor_cycle,NEXT_SESSION_OPEN,0.7500,-5.0000,7,1.5000,5,EXIT_AT_OPEN_IF_OPEN_BELOW_SL,SL_FIRST,10,PENDING_NEXT_OPEN,7.6857,5.7643,206.9143,191.0925,2.8657,Exact TP/SL are fixed from the actual T+1 opening/entry price,64,2026-12-01,False,2026-09-02,2.5800,2.1200,21.5000,ALCISTA FUERTE,10,771.3500,7.9100,52.5000,14.8700,SIDI_SHADOW_V1: Fund≥6.5 · DD60≥12% · RSI<40 · MACD↑ · Vol↓ · SPY20≤+1% · Abnormal20≤-10%,SIDI_SHADOW_V1,True
CHTR,Charter Communications,Communication Services,Cable & Satellite,2016-09-08,112.9100,116.0300,116.7600,112.5000,112.9100,2026-09-28,19.8100,33.2500,DOWN,-3.1577,-3.1783,-3.2094,True,0.0652,6.5971,0.8800,5.8430,142.0700,177.3600,132.7100,-20.5200,-36.3400,False,-3.5089,BAJISTA,-28.9700,-29.7400,158.9700,160.7000,285.8200,111.5500,-60.5000,1.2200,0.9660,False,False,111.5500,1,147.8500,True,-1.2000,HAMMER|DOJI|HAMMER,6.6500,5.0000,8.5000,5.0000,7,8.0000,7.0000,False,False,True,True,True,False,11.6900,17.5300,1.5000,SIDI_SHADOW_V1,0.2808,-27.4422,-1.2752,1.9697,294,XLC,True,2.9381,2.6973,0.7945,0.2698,5.2540,0.2720,0.0531,0.0905,0.5519,-0.0170,0.1610,441.5780,0.3610,2198374912.0000,4924000256.0000,0.4465,14673513472,0.6870,5.1600,,114457596,6.4900,5.0000,5.0600,9.9000,0.1498,FCF/NI:0.45|D/E:442,2,6.5500,False,True,True,False,False,False,VOLUME|FUND65,False,5-10d,XLC,,GOOGL|META|NFLX,ad_spending_cycle|streaming_competition|regulation,NEXT_SESSION_OPEN,0.7500,-5.0000,7,1.5000,5,EXIT_AT_OPEN_IF_OPEN_BELOW_SL,SL_FIRST,10,PENDING_NEXT_OPEN,6.5971,4.9478,117.8578,107.2645,4.3821,Exact TP/SL are fixed from the actual T+1 opening/entry price,32,2026-10-30,False,2026-07-24,10.6600,10.0600,5.9000,ALCISTA FUERTE,10,771.3500,7.9100,52.5000,14.8700,SIDI_SHADOW_V1: Fund≥6.5 · DD60≥12% · RSI<40 · MACD↑ · Vol↓ · SPY20≤+1% · Abnormal20≤-10%,SIDI_SHADOW_V1,True
VRTX,Vertex Pharmaceuticals,Health Care,Biotechnology,2013-09-23,526.1900,522.5500,527.6900,518.9200,526.1900,2026-09-28,36.1000,29.6500,UP,-1.2601,-2.2616,-4.0468,True,0.4894,12.1921,0.8600,2.3170,514.3100,471.8500,522.0300,2.3100,11.5200,True,1.9942,ALCISTA,-5.6900,-6.0800,557.9600,560.2500,560.2500,377.0200,-6.0800,39.5700,0.7280,True,True,466.7000,3,533.6700,False,-11.3100,HAMMER|DOJI,7.5500,10.0000,8.5000,7.5000,6,5.0000,7.0000,False,False,False,True,True,True,4.6300,6.9500,1.5000,SIDI_SHADOW_V1,0.2808,-4.4202,0.1952,1.0426,294,XLV,True,30.6816,26.1880,6.5839,10.5888,24.9960,0.2354,0.1193,0.3500,0.5496,0.1250,0.0800,9.7670,3.1850,2627887616.0000,4405199872.0000,0.5965,133283930112,0.3200,4.7200,,253300000,5.8800,5.6400,7.9100,3.7900,0.0197,FCF/NI:0.60,1,6.5500,False,True,False,False,False,False,DD12|FUND65|ABNORMAL20,False,10-18d,XLV,,UNH|JNJ|LLY,fda_calendar|drug_pricing_policy|patent_cliffs,NEXT_SESSION_OPEN,0.7500,-5.0000,7,1.5000,5,EXIT_AT_OPEN_IF_OPEN_BELOW_SL,SL_FIRST,10,PENDING_NEXT_OPEN,12.1921,9.1441,535.3341,499.8805,1.7378,Exact TP/SL are fixed from the actual T+1 opening/entry price,35,2026-11-02,False,2026-08-03,4.7300,4.7500,-32.0000,ALCISTA FUERTE,10,771.3500,7.9100,52.5000,14.8700,SIDI_SHADOW_V1: Fund≥6.5 · DD60≥12% · RSI<40 · MACD↑ · Vol↓ · SPY20≤+1% · Abnormal20≤-10%,SIDI_SHADOW_V1,True
AFL,Aflac,Financials,Life & Health Insurance,1999-05-28,113.7200,114.2400,114.4600,113.0200,113.7200,2026-09-28,34.0100,49.1600,DOWN,-0.0555,0.0012,0.0871,False,0.0725,1.8221,0.9040,1.6020,119.6800,114.0100,116.0600,-4.9800,-0.2500,True,0.5866,BAJISTA,-11.7800,-12.2300,128.9000,129.5700,129.5700,103.2700,-12.2300,10.1200,0.7010,True,True,115.8500,2,118.8100,True,1.8700,BULL_ENGULF,7.3500,7.0000,6.5000,7.5000,8,8.0000,7.5000,False,False,False,True,False,True,3.2000,4.8100,1.5000,SIDI_SHADOW_V1,0.2808,1.2650,-0.5676,0.8019,294,XLF,True,12.2675,15.0793,1.8843,3.1553,10.5940,0.1691,0.0313,0.2691,0.5089,-0.0100,0.4680,53.3650,0.8920,5152249856.0000,4862000128.0000,1.0597,57012760576,0.5800,5.4600,2.1500,501343298,5.9800,5.0000,5.7900,7.3400,0.0904,OK,0,6.5300,False,True,False,False,False,False,DD12|MACD|FUND65|ABNORMAL20,False,3-7d,XLF,,JPM|BAC|WFC,interest_rates|yield_curve|credit_spreads|loan_growth,NEXT_SESSION_OPEN,0.7500,-5.0000,7,1.5000,5,EXIT_AT_OPEN_IF_OPEN_BELOW_SL,SL_FIRST,10,PENDING_NEXT_OPEN,1.8221,1.3666,115.0866,108.0340,1.2017,Exact TP/SL are fixed from the actual T+1 opening/entry price,37,2026-11-04,False,2026-08-06,1.7500,1.7600,-45.0000,ALCISTA FUERTE,10,771.3500,7.9100,52.5000,14.8700,SIDI_SHADOW_V1: Fund≥6.5 · DD60≥12% · RSI<40 · MACD↑ · Vol↓ · SPY20≤+1% · Abnormal20≤-10%,SIDI_SHADOW_V1,True
APH,Amphenol,Information Technology,Electronic Components,2008-09-30,84.0900,83.9100,85.0100,83.4800,84.0900,2026-09-28,53.1600,46.9700,UP,0.4636,0.3328,0.0641,True,0.8950,2.7762,0.8650,3.3010,80.2600,73.4700,80.8800,4.7700,14.4600,True,1.6899,ALCISTA,-2.2100,-4.4700,85.9900,88.0300,89.1200,58.8200,-5.6500,42.9500,0.8410,True,True,77.0000,7,84.3500,False,-8.4300,HAMMER,7.2500,10.0000,7.0000,7.5000,6,5.0000,7.0000,False,False,False,False,True,True,6.6000,9.9000,1.5000,SIDI_SHADOW_V1,0.2808,2.5935,0.4893,0.6168,294,XLK,True,42.0450,25.6349,13.3816,7.1476,23.3400,0.3811,0.1447,0.1773,0.3895,0.5500,0.5930,120.4150,1.8880,3818374912.0000,5143399936.0000,0.7424,207363145728,1.2420,2.7500,0.5900,2465966914,6.0500,8.2900,5.7600,3.7800,0.0184,FCF/NI:0.74|D/E:120,2,6.5300,False,True,False,False,False,False,DD12|RSI40|FUND65|ABNORMAL20,False,10-18d,XLK,,AAPL|MSFT|NVDA,interest_rates|ai_capex_cycle|semiconductor_cycle,NEXT_SESSION_OPEN,0.7500,-5.0000,7,1.5000,5,EXIT_AT_OPEN_IF_OPEN_BELOW_SL,SL_FIRST,10,PENDING_NEXT_OPEN,2.7762,2.0821,86.1722,79.8855,2.4761,Exact TP/SL are fixed from the actual T+1 opening/entry price,30,2026-10-28,False,2026-07-29,0.6800,0.6000,13.2000,ALCISTA FUERTE,10,771.3500,7.9100,52.5000,14.8700,SIDI_SHADOW_V1: Fund≥6.5 · DD60≥12% · RSI<40 · MACD↑ · Vol↓ · SPY20≤+1% · Abnormal20≤-10%,SIDI_SHADOW_V1,True
DDOG,Datadog,Information Technology,Application Software,2025-07-09,268.1300,263.1750,280.7000,261.0000,268.1300,2026-09-28,84.1200,45.4700,UP,5.3110,4.5395,3.6422,True,1.0699,11.7074,0.8530,4.3660,242.7000,181.7200,239.6100,10.4800,47.5500,True,3.6061,ALCISTA,-6.9500,-8.4000,288.1500,292.7200,292.7200,98.0100,-8.4000,173.5700,1.4590,True,True,237.6700,1,277.7000,False,-11.3600,HAMMER|DOJI|BULL_ENGULF,7.6000,10.0000,7.0000,9.5000,4,5.0000,9.5000,False,False,False,False,True,True,8.7300,13.1000,1.5000,SIDI_SHADOW_V1,0.2808,-2.2981,-0.6437,0.8122,294,XLK,True,525.7451,90.1741,22.0393,24.2716,1116.7010,0.0470,0.0018,0.0448,0.7954,0.3560,14.9850,29.2590,3.2050,1051412352.0000,177584000.0000,5.9206,96278781952,1.4880,2.7700,,334904614,5.8100,9.2600,5.5900,2.0600,0.0109,OK,0,6.5300,False,True,False,False,False,False,DD12|RSI40|FUND65|ABNORMAL20,False,10-18d,XLK,,AAPL|MSFT|NVDA,interest_rates|ai_capex_cycle|semiconductor_cycle,NEXT_SESSION_OPEN,0.7500,-5.0000,7,1.5000,5,EXIT_AT_OPEN_IF_OPEN_BELOW_SL,SL_FIRST,10,PENDING_NEXT_OPEN,11.7074,8.7805,276.9106,254.7235,3.2747,Exact TP/SL are fixed from the actual T+1 opening/entry price,38,2026-11-05,False,2026-08-06,0.6500,0.5800,11.4000,ALCISTA FUERTE,10,771.3500,7.9100,52.5000,14.8700,SIDI_SHADOW_V1: Fund≥6.5 · DD60≥12% · RSI<40 · MACD↑ · Vol↓ · SPY20≤+1% · Abnormal20≤-10%,SIDI_SHADOW_V1,True
WYNN,Wynn Resorts,Consumer Discretionary,Casinos & Gaming,2008-11-14,81.1200,80.8800,81.8000,80.1000,81.1200,2026-09-28,19.4200,10.0100,UP,-0.4191,-0.5552,-0.6419,True,0.1733,2.4207,0.8970,2.9840,94.3900,103.8300,86.7400,-14.0600,-21.8700,False,-3.4417,BAJISTA,-22.4000,-25.5600,104.5300,108.9700,133.7500,77.0600,-39.3500,5.2700,1.1140,False,False,,0,100.3400,False,,HAMMER|HAMMER,6.1700,5.0000,9.5000,5.0000,4,6.5000,7.0000,False,False,True,True,True,False,5.9700,8.9500,1.5000,SIDI_SHADOW_V1,0.2808,-10.6394,0.0592,0.4789,294,XLY,True,19.4532,15.7443,-48.7793,1.1268,9.8040,,0.0573,0.0605,0.6830,0.0690,1.0610,,0.9120,476188864.0000,448884992.0000,1.0608,8353242112,0.9910,5.4300,1.2300,102973891,6.7700,8.1300,5.6600,6.4800,0.0570,OK,0,6.5300,True,True,True,False,False,False,VOLUME,False,3-7d,XLY,,AMZN|TSLA|HD,consumer_spending|employment_data|interest_rates,NEXT_SESSION_OPEN,0.7500,-5.0000,7,1.5000,5,EXIT_AT_OPEN_IF_OPEN_BELOW_SL,SL_FIRST,10,PENDING_NEXT_OPEN,2.4207,1.8155,82.9355,77.0640,2.2381,Exact TP/SL are fixed from the actual T+1 opening/entry price,38,2026-11-05,False,2026-08-04,1.2400,0.9800,26.4000,ALCISTA FUERTE,10,771.3500,7.9100,52.5000,14.8700,SIDI_SHADOW_V1: Fund≥6.5 · DD60≥12% · RSI<40 · MACD↑ · Vol↓ · SPY20≤+1% · Abnormal20≤-10%,SIDI_SHADOW_V1,True
CSX,CSX Corporation,Industrials,Rail Transportation,1957-03-04,46.7800,46.7900,47.0300,46.5100,46.7800,2026-09-28,29.3600,20.7200,UP,-0.1703,-0.2042,-0.3149,True,0.2014,0.9043,0.8970,1.9330,49.7400,43.8400,48.1300,-5.9500,6.7100,True,3.2374,NEUTRO,-11.8800,-12.4800,53.0800,53.4500,53.4500,33.1500,-12.4800,41.1000,0.7930,True,True,45.0800,3,46.5900,True,-3.6300,HAMMER|HAMMER|DOJI,8.1200,8.5000,9.5000,7.5000,9,6.5000,7.0000,False,True,False,True,True,True,3.8700,5.8000,1.5000,SIDI_SHADOW_V1,0.2808,-10.1367,-0.5057,0.8472,294,XLI,True,27.1977,20.5910,6.1536,5.9715,15.3300,0.2436,0.0738,0.2221,0.4707,0.1010,0.2270,138.0680,0.8200,1953250048.0000,3223000064.0000,0.6060,86658768896,1.2070,4.4900,1.2000,1852474917,5.4600,7.3200,4.5300,4.3600,0.0225,FCF/NI:0.61|D/E:138,2,6.5200,False,True,True,False,False,False,DD12|FUND65,False,5-10d,XLI,,CAT|UNP|HON,pmi_manufacturing|supply_chain|capex_cycle,NEXT_SESSION_OPEN,0.7500,-5.0000,7,1.5000,5,EXIT_AT_OPEN_IF_OPEN_BELOW_SL,SL_FIRST,10,PENDING_NEXT_OPEN,0.9043,0.6782,47.4582,44.4410,1.4498,Exact TP/SL are fixed from the actual T+1 opening/entry price,23,2026-10-21,False,2026-07-22,0.5400,0.5200,4.2000,ALCISTA FUERTE,10,771.3500,7.9100,52.5000,14.8700,SIDI_SHADOW_V1: Fund≥6.5 · DD60≥12% · RSI<40 · MACD↑ · Vol↓ · SPY20≤+1% · Abnormal20≤-10%,SIDI_SHADOW_V1,True
LHX,L3Harris,Industrials,Aerospace & Defense,2008-09-22,237.6900,238.1100,240.9800,236.7900,237.6900,2026-09-28,17.8300,28.4700,DOWN,-0.3960,-0.4083,-0.1339,True,0.1120,5.3043,0.7230,2.2320,268.9900,309.2700,250.4000,-11.6400,-23.1400,False,-0.9255,BAJISTA,-21.7500,-22.6800,303.7400,307.4200,374.5900,236.7900,-36.5500,0.3800,0.9880,True,True,,0,268.6200,False,,HAMMER,7.0000,5.0000,8.5000,7.5000,4,10.0000,7.0000,True,False,True,True,True,True,4.4600,6.6900,1.5000,SIDI_SHADOW_V1,0.2808,-1.0615,-0.6412,0.7666,294,XLI,True,23.9849,17.5555,2.2255,1.9301,13.4420,0.0934,0.0438,0.0817,0.2548,0.0840,0.2830,52.7530,1.1840,1608999936.0000,1860000000.0000,0.8651,44261355520,0.5060,2.6400,2.1000,186214616,6.2000,7.1800,5.0600,6.3900,0.0364,OK,0,6.5200,False,True,False,True,False,False,FUND65|ABNORMAL20,False,3-7d,XLI,,CAT|UNP|HON,pmi_manufacturing|supply_chain|capex_cycle,NEXT_SESSION_OPEN,0.7500,-5.0000,7,1.5000,5,EXIT_AT_OPEN_IF_OPEN_BELOW_SL,SL_FIRST,10,PENDING_NEXT_OPEN,5.3043,3.9782,241.6682,225.8055,1.6737,Exact TP/SL are fixed from the actual T+1 opening/entry price,31,2026-10-29,False,2026-07-29,3.6300,2.8400,27.9000,ALCISTA FUERTE,10,771.3500,7.9100,52.5000,14.8700,SIDI_SHADOW_V1: Fund≥6.5 · DD60≥12% · RSI<40 · MACD↑ · Vol↓ · SPY20≤+1% · Abnormal20≤-10%,SIDI_SHADOW_V1,True
WDAY,"Workday, Inc.",Information Technology,Application Software,2024-12-23,189.4500,190.1600,192.0700,188.7500,189.4500,2026-09-28,44.3300,42.3700,UP,-1.3987,-1.3905,-1.6787,False,0.3490,6.8700,0.7330,3.6260,180.9300,158.0800,190.9400,4.7100,19.8400,True,-1.7883,ALCISTA,-8.4400,-16.7200,206.9200,227.4900,249.8500,110.3600,-24.1700,71.6700,0.3600,True,True,188.0500,1,201.0000,True,-0.7400,NONE,7.2000,9.5000,6.0000,7.5000,7,7.0000,5.0000,False,False,False,False,False,True,7.2500,10.8800,1.5000,SIDI_SHADOW_V1,0.2808,-5.2277,1.3543,-0.7972,294,XLK,True,38.5845,14.3165,7.0677,4.4961,29.0200,0.1601,0.0451,0.1232,0.7580,0.1280,2.0600,58.3900,0.9080,3046374912.0000,1251000064.0000,2.4352,45657448448,1.0820,3.8300,,196000000,6.0600,6.2100,5.0400,7.0700,0.0667,OK,0,6.5200,False,True,False,False,False,False,DD12|RSI40|MACD|FUND65|ABNORMAL20,False,10-18d,XLK,,AAPL|MSFT|NVDA,interest_rates|ai_capex_cycle|semiconductor_cycle,NEXT_SESSION_OPEN,0.7500,-5.0000,7,1.5000,5,EXIT_AT_OPEN_IF_OPEN_BELOW_SL,SL_FIRST,10,PENDING_NEXT_OPEN,6.8700,5.1525,194.6025,179.9775,2.7197,Exact TP/SL are fixed from the actual T+1 opening/entry price,-32,2026-12-01,False,2026-08-27,2.7500,2.6100,5.3000,ALCISTA FUERTE,10,771.3500,7.9100,52.5000,14.8700,SIDI_SHADOW_V1: Fund≥6.5 · DD60≥12% · RSI<40 · MACD↑ · Vol↓ · SPY20≤+1% · Abnormal20≤-10%,SIDI_SHADOW_V1,True
CPAY,Corpay,Financials,Transaction & Payment Processing Services,2018-06-20,398.1100,400.6100,402.0500,397.8900,398.1100,2026-09-28,31.8900,41.3200,DOWN,-2.0477,-2.3424,-2.9627,True,0.2501,7.4057,0.7110,1.8600,398.9500,344.7000,402.4600,-0.2100,15.4900,True,3.4924,NEUTRO,-6.3800,-6.8700,425.2400,427.4600,427.4600,252.8400,-6.8700,57.4600,0.9910,True,True,401.5200,1,424.6200,True,0.8600,NONE,7.5200,8.5000,7.5000,7.5000,7,8.5000,5.0000,False,False,False,True,True,True,3.7200,5.5800,1.5000,SIDI_SHADOW_V1,0.2808,1.6261,0.1801,0.9606,294,XLF,True,24.2159,12.6593,7.3796,5.2066,12.1710,0.2922,0.0632,0.2272,0.8054,0.2150,-0.0700,275.2910,0.9720,1946175872.0000,1133502976.0000,1.7170,26139742208,0.8730,7.5000,,65659599,5.8400,5.0000,6.3600,6.2000,0.0745,D/E:275,1,6.5100,False,True,False,False,False,False,DD12|FUND65|ABNORMAL20,False,7-15d,XLF,,JPM|BAC|WFC,interest_rates|yield_curve|credit_spreads|loan_growth,NEXT_SESSION_OPEN,0.7500,-5.0000,7,1.5000,5,EXIT_AT_OPEN_IF_OPEN_BELOW_SL,SL_FIRST,10,PENDING_NEXT_OPEN,7.4057,5.5543,403.6643,378.2045,1.3952,Exact TP/SL are fixed from the actual T+1 opening/entry price,37,2026-11-04,False,2026-08-05,7.0000,6.5800,6.3000,ALCISTA FUERTE,10,771.3500,7.9100,52.5000,14.8700,SIDI_SHADOW_V1: Fund≥6.5 · DD60≥12% · RSI<40 · MACD↑ · Vol↓ · SPY20≤+1% · Abnormal20≤-10%,SIDI_SHADOW_V1,True
AMD,Advanced Micro Devices,Information Technology,Semiconductors,2017-03-20,630.6300,634.5400,639.0000,625.5200,630.6300,2026-09-28,80.3900,73.1200,UP,14.1993,15.0514,14.9853,False,0.9099,26.2128,0.8590,4.1570,504.7100,364.7500,550.1900,24.9500,72.8900,True,9.0631,ALCISTA,0.0000,-1.3100,630.6300,639.0000,639.0000,154.7800,-1.3100,307.4400,0.8140,False,False,464.2100,3,,False,-26.3900,BULL_ENGULF,6.6000,10.0000,6.0000,5.0000,6,5.0000,7.5000,False,False,False,False,False,False,8.3100,12.4700,1.5000,SIDI_SHADOW_V1,0.2808,13.7332,-0.6767,2.1986,294,XLK,True,161.2864,40.4813,15.3099,24.9240,106.7410,0.1020,0.0513,0.1558,0.5572,0.5010,1.5950,6.3610,2.6090,8841499648.0000,6469000192.0000,1.3667,1029487722496,2.4760,2.2300,,1632475042,6.4300,10.0000,6.5400,2.1500,0.0086,OK,0,6.5000,False,True,False,False,False,False,DD12|RSI40|MACD|VOLUME|FUND65|ABNORMAL20,False,10-18d,XLK,,AAPL|MSFT|NVDA,interest_rates|ai_capex_cycle|semiconductor_cycle,NEXT_SESSION_OPEN,0.7500,-5.0000,7,1.5000,5,EXIT_AT_OPEN_IF_OPEN_BELOW_SL,SL_FIRST,10,PENDING_NEXT_OPEN,26.2128,19.6596,650.2896,599.0985,3.1175,Exact TP/SL are fixed from the actual T+1 opening/entry price,36,2026-11-03,False,2026-08-04,1.6600,1.6100,3.2000,ALCISTA FUERTE,10,771.3500,7.9100,52.5000,14.8700,SIDI_SHADOW_V1: Fund≥6.5 · DD60≥12% · RSI<40 · MACD↑ · Vol↓ · SPY20≤+1% · Abnormal20≤-10%,SIDI_SHADOW_V1,True
AMT,American Tower,Real Estate,Telecom Tower REITs,2007-11-19,169.0300,166.9500,169.2000,166.4200,169.0300,2026-09-28,35.9000,45.2800,DOWN,-1.0024,-0.9308,-0.2972,False,0.0034,3.8843,0.8620,2.2980,173.0700,175.3500,173.6600,-2.3300,-3.6000,False,-0.0208,BAJISTA,-5.7100,-6.6000,179.2600,180.9800,194.2300,160.0600,-12.9700,5.6000,0.8100,False,False,172.3500,3,186.8100,True,1.9600,NONE,6.5000,5.0000,6.5000,5.0000,10,8.0000,5.0000,False,False,False,True,False,False,4.6000,6.8900,1.5000,SIDI_SHADOW_V1,0.2808,5.7156,-0.3928,1.1843,294,XLRE,True,23.2503,24.1126,21.1737,7.1984,18.2430,0.3391,0.0489,0.3108,0.7377,0.0470,1.3850,438.7210,0.3520,2920012544.0000,3400999936.0000,0.8586,78761230336,0.8950,2.9600,4.2400,465960048,6.4800,7.1600,6.6600,5.4700,0.0371,D/E:439,1,6.4900,False,True,False,False,False,False,DD12|MACD|VOLUME|FUND65|ABNORMAL20,False,3-7d,XLRE,,PLD|EQIX|SPG,interest_rates|cap_rates|occupancy_trends,NEXT_SESSION_OPEN,0.7500,-5.0000,7,1.5000,5,EXIT_AT_OPEN_IF_OPEN_BELOW_SL,SL_FIRST,10,PENDING_NEXT_OPEN,3.8843,2.9132,171.9432,160.5785,1.7235,Exact TP/SL are fixed from the actual T+1 opening/entry price,29,2026-10-27,False,2026-07-28,1.8700,1.5500,20.6000,ALCISTA FUERTE,10,771.3500,7.9100,52.5000,14.8700,SIDI_SHADOW_V1: Fund≥6.5 · DD60≥12% · RSI<40 · MACD↑ · Vol↓ · SPY20≤+1% · Abnormal20≤-10%,SIDI_SHADOW_V1,True
CASY,Casey's,Consumer Staples,Food Retail,2026-04-09,598.4600,598.4500,600.1300,589.5600,598.4600,2026-09-28,16.9600,18.4000,DOWN,0.5085,-1.7989,-7.5870,True,0.3090,29.2786,1.0360,4.8920,770.6300,729.9600,652.2300,-22.3400,-18.0100,True,1.4394,BAJISTA,-31.5700,-32.3600,874.5900,884.8300,927.1500,496.2000,-35.4500,20.6100,0.6730,False,False,,0,883.7500,False,,BULL_ENGULF|HAMMER|DOJI,6.4000,7.0000,8.5000,5.0000,4,5.0000,9.5000,False,False,True,True,True,False,9.7800,14.6800,1.5000,SIDI_SHADOW_V1,0.2808,-23.9860,-0.1620,0.7229,294,XLP,True,28.8137,25.5175,5.4058,1.1846,15.6520,0.1998,0.0791,0.0414,0.2382,0.2430,0.2770,70.5470,1.0190,503306880.0000,772812992.0000,0.6513,22119182336,0.5920,2.6700,0.4300,36960167,6.5500,10.0000,5.2600,4.0400,0.0228,FCF/NI:0.65,1,6.4900,True,True,True,False,False,False,VOLUME,False,3-7d,XLP,,PG|KO|PEP,inflation|input_costs|fx_rates,NEXT_SESSION_OPEN,0.7500,-5.0000,7,1.5000,5,EXIT_AT_OPEN_IF_OPEN_BELOW_SL,SL_FIRST,10,PENDING_NEXT_OPEN,29.2786,21.9590,620.4189,568.5370,3.6692,Exact TP/SL are fixed from the actual T+1 opening/entry price,71,2026-12-08,False,2026-09-08,7.3700,6.8200,8.1000,ALCISTA FUERTE,10,771.3500,7.9100,52.5000,14.8700,SIDI_SHADOW_V1: Fund≥6.5 · DD60≥12% · RSI<40 · MACD↑ · Vol↓ · SPY20≤+1% · Abnormal20≤-10%,SIDI_SHADOW_V1,True
GE,GE Aerospace,Industrials,Aerospace & Defense,1957-03-04,327.0900,321.9000,329.1700,319.6400,327.0900,2026-09-28,40.0000,25.5900,UP,1.4765,0.7057,-0.2378,True,0.5715,9.0372,0.9570,2.7630,344.7400,322.8500,326.2300,-5.1200,1.3100,True,0.9111,NEUTRO,-14.2000,-15.8800,381.2200,388.8400,388.8400,268.5800,-15.8800,21.7900,1.0180,True,True,309.0100,3,342.7300,False,-5.5300,NONE,6.7500,8.5000,7.0000,7.5000,6,5.0000,5.0000,False,False,True,False,True,True,5.5300,8.2900,1.5000,SIDI_SHADOW_V1,0.2808,1.9370,-0.2047,1.5163,294,XLI,True,38.6175,35.9975,19.2395,6.7019,30.4700,0.4823,0.0507,0.1772,0.3105,0.2110,0.1940,113.2250,0.9820,6594625024.0000,8963999744.0000,0.7357,339376308224,1.3500,3.9700,0.5700,1037562513,6.3100,8.8600,6.2100,3.4600,0.0194,FCF/NI:0.74|D/E:113,2,6.4900,False,True,False,False,False,False,RSI40|FUND65|ABNORMAL20,False,7-15d,XLI,,CAT|UNP|HON,pmi_manufacturing|supply_chain|capex_cycle,NEXT_SESSION_OPEN,0.7500,-5.0000,7,1.5000,5,EXIT_AT_OPEN_IF_OPEN_BELOW_SL,SL_FIRST,10,PENDING_NEXT_OPEN,9.0372,6.7779,333.8679,310.7355,2.0722,Exact TP/SL are fixed from the actual T+1 opening/entry price,22,2026-10-20,False,2026-07-16,2.0200,1.8600,8.6000,ALCISTA FUERTE,10,771.3500,7.9100,52.5000,14.8700,SIDI_SHADOW_V1: Fund≥6.5 · DD60≥12% · RSI<40 · MACD↑ · Vol↓ · SPY20≤+1% · Abnormal20≤-10%,SIDI_SHADOW_V1,True
ISRG,Intuitive Surgical,Health Care,Health Care Equipment,2008-06-02,405.1800,397.6500,406.3900,391.9200,405.1800,2026-09-28,73.8400,62.8000,UP,3.9048,3.9497,4.4576,False,0.8975,11.7336,0.8910,2.8960,373.9300,450.9000,385.6300,8.3600,-10.1400,False,-3.9795,BAJISTA,-6.3900,-8.7100,432.8300,443.8400,603.8800,328.5700,-32.9000,23.3200,1.0350,True,True,397.1000,2,405.3400,True,-1.9900,NONE,6.3000,6.5000,6.0000,7.5000,7,5.0000,5.0000,False,False,False,False,False,True,5.7900,8.6900,1.5000,SIDI_SHADOW_V1,0.2808,18.1675,0.7157,1.0230,294,XLV,True,46.5189,33.5093,7.8924,13.1559,33.0210,0.1742,0.1051,0.2845,0.6668,0.1850,0.2650,,4.9630,2615200000.0000,3138800128.0000,0.8332,145167089664,1.4650,3.5800,,358278038,6.6200,9.2300,6.8800,3.2600,0.0180,OK,0,6.4900,True,True,False,False,False,False,DD12|RSI40|MACD|ABNORMAL20,False,3-7d,XLV,,UNH|JNJ|LLY,fda_calendar|drug_pricing_policy|patent_cliffs,NEXT_SESSION_OPEN,0.7500,-5.0000,7,1.5000,5,EXIT_AT_OPEN_IF_OPEN_BELOW_SL,SL_FIRST,10,PENDING_NEXT_OPEN,11.7336,8.8002,413.9802,384.9210,2.1719,Exact TP/SL are fixed from the actual T+1 opening/entry price,22,2026-10-20,False,2026-07-16,2.8000,2.5000,11.9000,ALCISTA FUERTE,10,771.3500,7.9100,52.5000,14.8700,SIDI_SHADOW_V1: Fund≥6.5 · DD60≥12% · RSI<40 · MACD↑ · Vol↓ · SPY20≤+1% · Abnormal20≤-10%,SIDI_SHADOW_V1,True
UDR,"UDR, Inc.",Real Estate,Multi-Family Residential REITs,2016-03-07,33.8400,33.5800,33.9400,33.3500,33.8400,2026-09-28,19.2600,7.2200,UP,-0.0658,-0.1035,-0.1299,True,0.2215,0.5690,0.8240,1.6820,36.9200,36.4400,34.9800,-8.3400,-7.1300,True,0.3031,BAJISTA,-16.9900,-18.5000,40.7700,41.5200,41.5200,31.7800,-18.5000,6.4700,0.9110,False,False,33.5800,1,38.6600,True,-0.7700,NONE,6.9800,7.0000,9.5000,5.0000,8,6.5000,5.0000,False,False,True,True,True,False,3.3600,5.0400,1.5000,SIDI_SHADOW_V1,0.2808,-2.0289,-0.1560,1.0106,294,XLRE,True,21.4177,60.4286,3.7546,7.0985,17.1100,0.1374,0.0224,0.2956,0.6658,-0.0010,0.9090,156.1440,0.1780,779827776.0000,517310016.0000,1.5075,12538249216,0.6850,2.9500,5.1400,324915653,6.1700,5.0000,6.3800,7.2800,0.0622,D/E:156,1,6.4900,False,True,False,False,False,False,VOLUME|FUND65|ABNORMAL20,False,5-10d,XLRE,,PLD|AMT|EQIX,interest_rates|cap_rates|occupancy_trends,NEXT_SESSION_OPEN,0.7500,-5.0000,7,1.5000,5,EXIT_AT_OPEN_IF_OPEN_BELOW_SL,SL_FIRST,10,PENDING_NEXT_OPEN,0.5690,0.4267,34.2668,32.1480,1.2611,Exact TP/SL are fixed from the actual T+1 opening/entry price,30,2026-10-28,False,2026-07-27,0.2100,0.1300,61.0000,ALCISTA FUERTE,10,771.3500,7.9100,52.5000,14.8700,SIDI_SHADOW_V1: Fund≥6.5 · DD60≥12% · RSI<40 · MACD↑ · Vol↓ · SPY20≤+1% · Abnormal20≤-10%,SIDI_SHADOW_V1,True
ABBV,AbbVie,Health Care,Biotechnology,2012-12-31,264.3400,265.4900,266.0000,262.5900,264.3400,2026-09-28,65.0200,61.9300,UP,0.3015,0.4337,0.5263,False,0.7166,5.1779,0.8470,1.9590,257.0500,228.4000,261.2600,2.8400,15.7400,True,1.6125,ALCISTA,-0.6100,-1.8700,265.9700,269.3900,269.3900,189.4000,-1.8700,39.5700,0.6240,True,True,246.7700,1,263.8900,False,-6.6500,HAMMER|DOJI,6.7500,10.0000,6.0000,7.5000,4,5.0000,7.0000,False,False,False,False,False,True,3.9200,5.8800,1.5000,SIDI_SHADOW_V1,0.2808,1.7565,-0.3928,1.1326,294,XLV,True,74.4620,16.2495,-78.6960,7.2550,17.2770,,0.1051,0.0980,0.7279,0.1020,2.9040,,0.8090,16870250496.0000,6270000128.0000,2.6906,467119767552,0.2810,4.4400,2.6200,1767117285,6.3000,8.7500,5.6300,4.2200,0.0361,OK,0,6.4800,False,True,False,False,False,False,DD12|RSI40|MACD|FUND65|ABNORMAL20,False,10-18d,XLV,,UNH|JNJ|LLY,fda_calendar|drug_pricing_policy|patent_cliffs,NEXT_SESSION_OPEN,0.7500,-5.0000,7,1.5000,5,EXIT_AT_OPEN_IF_OPEN_BELOW_SL,SL_FIRST,10,PENDING_NEXT_OPEN,5.1779,3.8834,268.2234,251.1230,1.4691,Exact TP/SL are fixed from the actual T+1 opening/entry price,31,2026-10-29,False,2026-07-31,3.6500,3.6100,1.1000,ALCISTA FUERTE,10,771.3500,7.9100,52.5000,14.8700,SIDI_SHADOW_V1: Fund≥6.5 · DD60≥12% · RSI<40 · MACD↑ · Vol↓ · SPY20≤+1% · Abnormal20≤-10%,SIDI_SHADOW_V1,True
ALB,Albemarle Corporation,Materials,Specialty Chemicals,2016-07-01,109.7300,108.7900,112.0700,108.3000,109.7300,2026-09-28,33.4000,23.6100,UP,-1.0008,-1.1418,-1.3201,True,0.2200,4.8759,0.8730,4.4440,123.7400,155.1000,118.4600,-11.3200,-29.2500,False,0.1596,BAJISTA,-23.1400,-23.5700,142.7700,143.5800,219.7000,78.4000,-50.0500,39.9600,0.7590,False,False,111.1800,1,143.5800,True,1.3200,NONE,6.3300,5.5000,8.5000,5.0000,7,6.5000,5.0000,False,False,True,True,True,False,8.8900,13.3300,1.5000,SIDI_SHADOW_V1,0.2808,-9.7307,0.4248,1.0244,294,XLB,True,406.4074,9.7130,1.6104,2.1918,10.6640,0.0265,0.0316,0.0379,0.2396,0.3110,,18.9760,2.0860,1334340224.0000,57427000.0000,23.2354,12948695040,1.3340,0.0200,1.4900,118005057,6.5700,7.5000,5.9800,6.1900,0.1030,OK,0,6.4700,True,True,False,False,False,False,VOLUME|ABNORMAL20,False,3-7d,XLB,,LIN|APD|ECL,commodity_prices|dxy|china_demand|energy_costs,NEXT_SESSION_OPEN,0.7500,-5.0000,7,1.5000,5,EXIT_AT_OPEN_IF_OPEN_BELOW_SL,SL_FIRST,10,PENDING_NEXT_OPEN,4.8759,3.6569,113.3869,104.2435,3.3327,Exact TP/SL are fixed from the actual T+1 opening/entry price,37,2026-11-04,False,2026-08-05,3.7500,3.2400,15.7000,ALCISTA FUERTE,10,771.3500,7.9100,52.5000,14.8700,SIDI_SHADOW_V1: Fund≥6.5 · DD60≥12% · RSI<40 · MACD↑ · Vol↓ · SPY20≤+1% · Abnormal20≤-10%,SIDI_SHADOW_V1,True
AIZ,Assurant,Financials,Multi-line Insurance,2007-04-10,265.0000,261.5800,266.8500,261.4000,265.0000,2026-09-28,23.3100,45.5000,DOWN,-2.4433,-2.4047,-1.2370,False,0.0059,6.0371,1.0540,2.2780,280.7300,248.1000,277.0600,-5.6000,6.8100,True,2.3508,NEUTRO,-11.8500,-12.5400,300.6400,303.0000,303.0000,203.0800,-12.5400,30.4900,0.9580,False,False,243.9600,1,286.9400,False,-7.9400,NONE,6.5000,8.5000,7.5000,5.0000,4,8.0000,5.0000,False,False,False,True,False,False,4.5600,6.8300,1.5000,SIDI_SHADOW_V1,0.2808,-5.9768,-0.2816,0.8034,294,XLF,True,12.6916,11.3086,2.1460,0.9714,7.6250,0.1834,0.0256,0.0790,0.1327,0.0940,0.3050,36.2110,0.3820,2149574912.0000,1054700032.0000,2.0381,13070798848,0.5420,4.1900,1.3300,49323767,6.4500,6.0800,6.1600,7.2200,0.1645,OK,0,6.4700,False,True,False,False,False,False,DD12|MACD|VOLUME|FUND65|ABNORMAL20,False,7-15d,XLF,,JPM|BAC|WFC,interest_rates|yield_curve|credit_spreads|loan_growth,NEXT_SESSION_OPEN,0.7500,-5.0000,7,1.5000,5,EXIT_AT_OPEN_IF_OPEN_BELOW_SL,SL_FIRST,10,PENDING_NEXT_OPEN,6.0371,4.5278,269.5278,251.7500,1.7086,Exact TP/SL are fixed from the actual T+1 opening/entry price,36,2026-11-03,False,2026-08-04,6.4100,5.1800,23.7000,ALCISTA FUERTE,10,771.3500,7.9100,52.5000,14.8700,SIDI_SHADOW_V1: Fund≥6.5 · DD60≥12% · RSI<40 · MACD↑ · Vol↓ · SPY20≤+1% · Abnormal20≤-10%,SIDI_SHADOW_V1,True
CI,Cigna,Health Care,Health Care Services,1976-06-30,272.0100,266.1300,273.3600,265.3500,272.0100,2026-09-28,41.1800,48.0000,DOWN,-1.3443,-1.6038,-0.7601,True,0.2534,6.7557,0.9010,2.4840,279.2400,277.0700,276.2800,-2.5900,-1.8300,True,0.4619,BAJISTA,-10.1700,-10.4500,302.8200,303.7500,308.4800,234.2000,-11.8200,16.1400,1.2110,True,True,272.0000,8,288.2400,True,-0.0000,NONE,7.0800,7.0000,6.0000,7.5000,10,6.5000,5.0000,False,False,False,False,True,True,4.9700,7.4500,1.5000,SIDI_SHADOW_V1,0.2808,-1.0040,-0.1638,0.6064,294,XLV,True,11.2494,8.1384,1.6830,0.2545,7.5860,0.1676,0.0446,0.0227,0.0914,0.0670,0.1020,74.2900,0.8460,7980125184.0000,6416000000.0000,1.2438,71876059136,0.3170,4.6800,2.2900,264240486,6.0700,3.6100,5.8900,9.1400,0.1110,OK,0,6.4700,False,True,False,False,False,False,DD12|RSI40|FUND65|ABNORMAL20,False,3-7d,XLV,,UNH|JNJ|LLY,fda_calendar|drug_pricing_policy|patent_cliffs,NEXT_SESSION_OPEN,0.7500,-5.0000,7,1.5000,5,EXIT_AT_OPEN_IF_OPEN_BELOW_SL,SL_FIRST,10,PENDING_NEXT_OPEN,6.7557,5.0668,277.0768,258.4095,1.8627,Exact TP/SL are fixed from the actual T+1 opening/entry price,38,2026-11-05,False,2026-07-30,7.7800,7.6000,2.4000,ALCISTA FUERTE,10,771.3500,7.9100,52.5000,14.8700,SIDI_SHADOW_V1: Fund≥6.5 · DD60≥12% · RSI<40 · MACD↑ · Vol↓ · SPY20≤+1% · Abnormal20≤-10%,SIDI_SHADOW_V1,True
CFG,Citizens Financial Group,Financials,Regional Banks,2016-01-29,65.5300,65.0300,65.7700,64.6900,65.5300,2026-09-28,26.5000,38.3400,DOWN,-0.4130,-0.4883,-0.3830,True,0.1618,1.5720,0.9930,2.3990,70.5300,64.3700,67.9500,-7.0800,1.7900,True,2.6063,NEUTRO,-12.3100,-13.0100,74.7300,75.3300,75.3300,46.5500,-13.0100,40.7600,1.0020,False,False,63.1800,2,65.7600,True,-3.5800,HAMMER|DOJI,7.1200,8.5000,8.5000,5.0000,7,6.5000,7.0000,False,False,True,True,True,False,4.8000,7.2000,1.5000,SIDI_SHADOW_V1,0.2808,-1.8306,0.2490,1.0587,294,XLF,True,14.2767,10.0360,1.1506,3.3819,,0.0827,0.0094,0.2605,0.0000,0.1470,0.4130,,,,1984000000.0000,,27599714304,0.9970,0.0300,2.8100,421176788,6.0300,8.3000,4.2300,5.4900,,OK,0,6.4700,False,True,False,False,False,False,VOLUME|FUND65|ABNORMAL20,False,5-10d,XLF,,JPM|BAC|WFC,interest_rates|yield_curve|credit_spreads|loan_growth,NEXT_SESSION_OPEN,0.7500,-5.0000,7,1.5000,5,EXIT_AT_OPEN_IF_OPEN_BELOW_SL,SL_FIRST,10,PENDING_NEXT_OPEN,1.5720,1.1790,66.7090,62.2535,1.7992,Exact TP/SL are fixed from the actual T+1 opening/entry price,18,2026-10-16,False,2026-07-16,1.3000,1.2500,4.4000,ALCISTA FUERTE,10,771.3500,7.9100,52.5000,14.8700,SIDI_SHADOW_V1: Fund≥6.5 · DD60≥12% · RSI<40 · MACD↑ · Vol↓ · SPY20≤+1% · Abnormal20≤-10%,SIDI_SHADOW_V1,True
GS,Goldman Sachs,Financials,Investment Banking & Brokerage,2002-07-22,935.4500,927.5000,935.8300,915.3000,935.4500,2026-09-28,25.2100,28.7800,DOWN,-6.1497,-7.3266,-7.1995,True,0.1884,27.4593,0.9010,2.9350,1017.4600,951.4300,976.5900,-8.0600,-1.6800,True,2.0676,BAJISTA,-18.4100,-18.5400,1146.4600,1148.3700,1148.3700,725.7400,-18.5400,28.9000,0.9480,False,False,890.6900,1,943.2100,False,-4.7800,NONE,6.3300,7.0000,8.5000,5.0000,5,6.5000,5.0000,False,False,True,True,True,False,5.8700,8.8100,1.5000,SIDI_SHADOW_V1,0.2808,-7.3078,1.3626,0.5583,294,XLF,True,14.4516,12.7193,2.5838,4.0310,,0.1690,0.0107,0.3104,0.8208,0.4250,0.9230,725.3810,1.5630,,19982000128.0000,,272376283136,1.2830,3.7800,2.1400,291171408,6.5600,10.0000,4.4900,4.9700,,D/E:725,1,6.4700,True,True,False,False,False,False,VOLUME|ABNORMAL20,False,3-7d,XLF,,JPM|BAC|WFC,interest_rates|yield_curve|credit_spreads|loan_growth,NEXT_SESSION_OPEN,0.7500,-5.0000,7,1.5000,5,EXIT_AT_OPEN_IF_OPEN_BELOW_SL,SL_FIRST,10,PENDING_NEXT_OPEN,27.4593,20.5945,956.0445,888.6775,2.2016,Exact TP/SL are fixed from the actual T+1 opening/entry price,15,2026-10-13,False,2026-07-14,20.9800,14.5400,44.3000,ALCISTA FUERTE,10,771.3500,7.9100,52.5000,14.8700,SIDI_SHADOW_V1: Fund≥6.5 · DD60≥12% · RSI<40 · MACD↑ · Vol↓ · SPY20≤+1% · Abnormal20≤-10%,SIDI_SHADOW_V1,True
PNC,PNC Financial Services,Financials,Diversified Banks,1988-04-30,225.6400,223.5800,226.5300,223.0900,225.6400,2026-09-28,21.6300,37.3400,DOWN,-1.4647,-1.6511,-1.2160,True,0.1195,4.8000,1.0490,2.1270,244.9300,225.5100,235.3100,-7.8800,0.0600,True,2.3770,NEUTRO,-12.1900,-12.8700,256.9700,258.9600,258.9600,172.8200,-12.8700,30.5700,1.1270,False,False,214.2100,2,222.7500,False,-5.0600,HAMMER,6.9000,8.5000,8.5000,5.0000,4,8.0000,7.0000,False,False,True,True,True,False,4.2500,6.3800,1.5000,SIDI_SHADOW_V1,0.2808,-3.2766,-0.0473,1.0027,294,XLF,True,12.4251,10.5308,1.5506,3.7015,,0.1262,0.0131,0.3137,0.0000,0.2360,0.2490,,,,7261000192.0000,,90017652736,0.8890,5.1500,3.5500,398943667,6.1600,8.2900,4.6600,5.4400,,OK,0,6.4600,False,True,False,False,False,False,VOLUME|FUND65|ABNORMAL20,False,7-15d,XLF,,JPM|BAC|WFC,interest_rates|yield_curve|credit_spreads|loan_growth,NEXT_SESSION_OPEN,0.7500,-5.0000,7,1.5000,5,EXIT_AT_OPEN_IF_OPEN_BELOW_SL,SL_FIRST,10,PENDING_NEXT_OPEN,4.8000,3.6000,229.2400,214.3580,1.5955,Exact TP/SL are fixed from the actual T+1 opening/entry price,17,2026-10-15,False,2026-07-15,4.8100,4.4500,8.0000,ALCISTA FUERTE,10,771.3500,7.9100,52.5000,14.8700,SIDI_SHADOW_V1: Fund≥6.5 · DD60≥12% · RSI<40 · MACD↑ · Vol↓ · SPY20≤+1% · Abnormal20≤-10%,SIDI_SHADOW_V1,True
SPG,Simon Property Group,Real Estate,Retail REITs,2002-06-26,204.8200,205.1900,205.7000,203.8700,204.8200,2026-09-28,42.5700,32.6300,UP,0.4046,0.3416,0.2519,True,0.3538,2.9908,0.7820,1.4600,215.7100,199.3800,207.2000,-5.0500,2.7300,True,1.6027,NEUTRO,-12.5400,-13.2000,234.1900,235.9700,235.9700,164.5700,-13.2000,24.4600,0.7100,True,True,202.4900,6,219.6900,True,-1.1400,HAMMER|DOJI|HAMMER,7.7000,8.5000,7.0000,7.5000,9,7.0000,7.0000,False,False,True,False,True,True,2.9200,4.3800,1.5000,SIDI_SHADOW_V1,0.2808,1.3411,-0.0004,0.9810,294,XLRE,True,14.4545,30.1353,15.0814,11.2026,18.7590,1.2051,0.0563,0.6657,0.8143,0.1950,-0.1250,503.5040,0.2660,2595271168.0000,4617150976.0000,0.5621,77754482688,1.3120,0.0000,4.3500,323551515,5.6400,5.0000,5.8600,6.1300,0.0334,FCF/NI:0.56|D/E:504,2,6.4600,False,True,False,False,False,False,RSI40|FUND65|ABNORMAL20,False,7-15d,XLRE,,PLD|AMT|EQIX,interest_rates|cap_rates|occupancy_trends,NEXT_SESSION_OPEN,0.7500,-5.0000,7,1.5000,5,EXIT_AT_OPEN_IF_OPEN_BELOW_SL,SL_FIRST,10,PENDING_NEXT_OPEN,2.9908,2.2431,207.0631,194.5790,1.0952,Exact TP/SL are fixed from the actual T+1 opening/entry price,35,2026-11-02,False,2026-08-10,1.7300,1.5700,10.1000,ALCISTA FUERTE,10,771.3500,7.9100,52.5000,14.8700,SIDI_SHADOW_V1: Fund≥6.5 · DD60≥12% · RSI<40 · MACD↑ · Vol↓ · SPY20≤+1% · Abnormal20≤-10%,SIDI_SHADOW_V1,True
XOM,ExxonMobil,Energy,Integrated Oil & Gas,1957-03-04,160.5900,160.2300,161.7900,159.7800,160.5900,2026-09-28,51.9600,61.0500,DOWN,-0.7422,-0.7460,-0.9280,True,0.3423,4.0129,1.1380,2.4990,159.0100,146.4900,161.7500,1.0000,9.6300,True,3.3759,ALCISTA,-5.1600,-5.3300,169.3200,169.6400,174.0900,107.2800,-7.7600,49.6900,0.7570,True,True,148.1300,1,158.0500,False,-7.7600,NONE,6.5500,10.0000,6.0000,7.5000,4,5.0000,5.0000,False,False,False,False,True,True,5.0000,7.5000,1.5000,SIDI_SHADOW_V1,0.2808,3.0061,-0.2497,1.0239,294,XLE,True,20.6680,14.4989,2.5458,1.8289,10.2870,0.1258,0.0552,0.0907,0.2977,0.4410,1.1280,15.9210,1.1350,20671000576.0000,32757000192.0000,0.6310,660331954176,0.1750,2.8400,2.5700,4111911960,6.3900,8.2300,5.8800,4.8600,0.0313,FCF/NI:0.63,1,6.4500,False,True,False,False,False,False,DD12|RSI40|FUND65|ABNORMAL20,False,10-18d,XLE,,CVX|COP|SLB,oil_price|gas_price|opec_supply|inventories,NEXT_SESSION_OPEN,0.7500,-5.0000,7,1.5000,5,EXIT_AT_OPEN_IF_OPEN_BELOW_SL,SL_FIRST,10,PENDING_NEXT_OPEN,4.0129,3.0097,163.5997,152.5605,1.8741,Exact TP/SL are fixed from the actual T+1 opening/entry price,32,2026-10-30,False,2026-07-31,4.1100,3.6300,13.3000,ALCISTA FUERTE,10,771.3500,7.9100,52.5000,14.8700,SIDI_SHADOW_V1: Fund≥6.5 · DD60≥12% · RSI<40 · MACD↑ · Vol↓ · SPY20≤+1% · Abnormal20≤-10%,SIDI_SHADOW_V1,True
ADSK,Autodesk,Information Technology,Application Software,1989-12-01,209.4000,211.3500,214.2700,209.0500,209.4000,2026-09-28,42.7300,25.2600,UP,-1.1953,-1.1052,-1.2352,False,0.2623,7.3364,0.7880,3.5040,233.6800,241.2200,223.3600,-10.3900,-13.1900,False,-2.9823,BAJISTA,-22.6100,-22.9400,270.5800,271.7200,326.2000,185.5000,-35.8100,12.8800,0.7940,True,True,206.3300,1,216.5000,True,-1.4700,NONE,6.5200,5.0000,6.0000,7.5000,7,8.5000,5.0000,False,False,True,False,False,True,7.0100,10.5100,1.5000,SIDI_SHADOW_V1,0.2808,-23.8791,1.4518,-0.7574,294,XLK,True,27.0893,14.7471,12.9363,5.6180,18.9480,0.5385,0.1147,0.2108,0.9250,0.1610,0.5960,109.5180,0.8550,3157499904.0000,1642000000.0000,1.9230,43764596736,1.3090,3.7100,,209000000,6.3800,4.9600,6.9800,7.3300,0.0721,D/E:110,1,6.4400,False,True,True,False,False,False,RSI40|MACD|FUND65,False,3-7d,XLK,,AAPL|MSFT|NVDA,interest_rates|ai_capex_cycle|semiconductor_cycle,NEXT_SESSION_OPEN,0.7500,-5.0000,7,1.5000,5,EXIT_AT_OPEN_IF_OPEN_BELOW_SL,SL_FIRST,10,PENDING_NEXT_OPEN,7.3364,5.5023,214.9023,198.9300,2.6277,Exact TP/SL are fixed from the actual T+1 opening/entry price,60,2026-11-27,False,2026-08-27,3.3000,3.1200,5.6000,ALCISTA FUERTE,10,771.3500,7.9100,52.5000,14.8700,SIDI_SHADOW_V1: Fund≥6.5 · DD60≥12% · RSI<40 · MACD↑ · Vol↓ · SPY20≤+1% · Abnormal20≤-10%,SIDI_SHADOW_V1,True
GD,General Dynamics,Industrials,Aerospace & Defense,1957-03-04,336.7200,336.2100,339.9900,335.0000,336.7200,2026-09-28,21.5800,20.5000,UP,-1.8057,-1.7232,-1.1299,False,0.0504,6.4450,0.8660,1.9140,373.5200,353.4700,355.6100,-9.8500,-4.7400,True,0.5519,BAJISTA,-14.9600,-15.8200,395.9700,400.0000,400.0000,305.4300,-15.8200,10.2500,1.1790,False,False,339.3200,1,351.3400,True,0.7700,HAMMER,7.2000,7.0000,8.5000,5.0000,8,8.0000,7.0000,False,False,True,True,False,False,3.8300,5.7400,1.5000,SIDI_SHADOW_V1,0.2808,-11.0996,-0.2027,0.4354,294,XLI,True,20.5317,18.1156,3.3909,1.6606,14.4900,0.1780,0.0608,0.0818,0.1537,0.0810,0.1340,35.3350,1.4410,4400124928.0000,4487000064.0000,0.9806,91102011392,0.3210,2.7200,1.8900,270557195,5.9300,4.6000,6.1900,7.1700,0.0483,OK,0,6.4400,False,True,True,False,False,False,MACD|VOLUME|FUND65,False,3-7d,XLI,,CAT|UNP|HON,pmi_manufacturing|supply_chain|capex_cycle,NEXT_SESSION_OPEN,0.7500,-5.0000,7,1.5000,5,EXIT_AT_OPEN_IF_OPEN_BELOW_SL,SL_FIRST,10,PENDING_NEXT_OPEN,6.4450,4.8338,341.5538,319.8840,1.4355,Exact TP/SL are fixed from the actual T+1 opening/entry price,30,2026-10-28,False,2026-07-29,4.2400,3.9700,6.9000,ALCISTA FUERTE,10,771.3500,7.9100,52.5000,14.8700,SIDI_SHADOW_V1: Fund≥6.5 · DD60≥12% · RSI<40 · MACD↑ · Vol↓ · SPY20≤+1% · Abnormal20≤-10%,SIDI_SHADOW_V1,True
ULTA,Ulta Beauty,Consumer Discretionary,Other Specialty Retail,2016-04-18,545.2000,550.7400,553.0400,541.3200,545.2000,2026-09-28,41.7800,59.6100,DOWN,-1.1777,-0.9652,-0.5986,False,0.4995,15.1707,0.9330,2.7830,528.4400,557.0000,543.1300,3.1700,-2.1200,False,0.2389,BAJISTA,-3.5300,-4.0900,565.1500,568.4400,714.9700,443.6000,-23.7500,22.9000,0.4950,True,True,503.0500,1,543.2100,False,-7.7300,NONE,5.9000,7.0000,5.0000,7.5000,5,5.0000,5.0000,False,False,False,False,False,True,5.5700,8.3500,1.5000,SIDI_SHADOW_V1,0.2808,6.1600,-0.1152,0.5532,294,XLY,True,19.8399,16.9953,8.8274,1.7993,13.2460,0.4612,0.1484,0.0934,0.4310,0.0890,0.1330,95.4720,1.3450,914087360.0000,1210027008.0000,0.7554,23311374336,0.8540,3.5100,,42757471,6.8000,8.3500,6.3700,5.5000,0.0392,D/E:95,1,6.4400,True,True,False,False,False,False,DD12|RSI40|MACD|ABNORMAL20,False,3-7d,XLY,,AMZN|TSLA|HD,consumer_spending|employment_data|interest_rates,NEXT_SESSION_OPEN,0.7500,-5.0000,7,1.5000,5,EXIT_AT_OPEN_IF_OPEN_BELOW_SL,SL_FIRST,10,PENDING_NEXT_OPEN,15.1707,11.3780,556.5780,517.9400,2.0869,Exact TP/SL are fixed from the actual T+1 opening/entry price,66,2026-12-03,False,2026-08-27,6.5500,6.2000,5.6000,ALCISTA FUERTE,10,771.3500,7.9100,52.5000,14.8700,SIDI_SHADOW_V1: Fund≥6.5 · DD60≥12% · RSI<40 · MACD↑ · Vol↓ · SPY20≤+1% · Abnormal20≤-10%,SIDI_SHADOW_V1,True
BBY,Best Buy,Consumer Discretionary,Computer & Electronics Retail,1999-06-29,90.5100,89.7100,91.2000,88.6300,90.5100,2026-09-28,52.5900,69.8600,DOWN,-0.1274,0.0621,0.5870,False,0.5781,3.0574,1.0470,3.3780,86.5300,70.9300,89.9000,4.5900,27.6100,True,2.4381,ALCISTA,-4.5500,-6.2400,94.8200,96.5300,96.5300,53.8100,-6.2400,68.2000,0.6210,True,True,76.1400,2,89.8200,False,-15.8800,NONE,6.3500,10.0000,5.0000,7.5000,4,5.0000,5.0000,False,False,False,False,False,True,6.7600,10.1300,1.5000,SIDI_SHADOW_V1,0.2808,7.4515,-0.6510,0.8353,294,XLY,True,15.0599,12.5478,5.9829,0.4498,7.9120,0.4313,0.0725,0.0301,0.2260,0.0360,0.7010,130.0970,1.1170,1403374976.0000,1272000000.0000,1.1033,18982453248,1.3050,3.7700,4.2400,209727698,6.4900,6.3900,5.9200,7.2600,0.0739,D/E:130,1,6.4300,False,True,False,False,False,False,DD12|RSI40|MACD|FUND65|ABNORMAL20,False,10-18d,XLY,,AMZN|TSLA|HD,consumer_spending|employment_data|interest_rates,NEXT_SESSION_OPEN,0.7500,-5.0000,7,1.5000,5,EXIT_AT_OPEN_IF_OPEN_BELOW_SL,SL_FIRST,10,PENDING_NEXT_OPEN,3.0574,2.2931,92.8030,85.9845,2.5335,Exact TP/SL are fixed from the actual T+1 opening/entry price,57,2026-11-24,False,2026-08-27,1.4700,1.3800,6.5000,ALCISTA FUERTE,10,771.3500,7.9100,52.5000,14.8700,SIDI_SHADOW_V1: Fund≥6.5 · DD60≥12% · RSI<40 · MACD↑ · Vol↓ · SPY20≤+1% · Abnormal20≤-10%,SIDI_SHADOW_V1,True
STZ,Constellation Brands,Consumer Staples,Distillers & Vintners,2005-07-01,113.6300,113.9900,114.4600,113.3400,113.6300,2026-09-28,21.2600,23.9600,DOWN,-0.8631,-0.8395,-0.7256,False,0.0684,3.4021,0.9360,2.9940,128.7400,142.5200,122.1200,-11.7400,-20.2700,False,-0.5573,BAJISTA,-18.3600,-18.4000,139.1800,139.2600,166.1700,113.3400,-31.6200,0.2600,0.5950,True,True,,0,134.0400,False,,HAMMER,6.5000,5.0000,7.5000,7.5000,4,8.0000,7.0000,False,False,True,True,False,True,5.9900,8.9800,1.5000,SIDI_SHADOW_V1,0.2808,-10.2132,0.0681,0.8765,294,XLP,True,10.8219,9.2639,2.3601,2.1430,8.7200,0.2369,0.0857,0.2014,0.5272,-0.0330,0.3070,123.2050,0.9130,2210487552.0000,1824400000.0000,1.2116,19408498688,0.4000,4.0300,3.6300,170752511,6.3800,5.0000,5.8100,8.6600,0.1139,D/E:123,1,6.4300,False,True,True,False,False,False,MACD|FUND65,False,3-7d,XLP,,PG|KO|PEP,inflation|input_costs|fx_rates,NEXT_SESSION_OPEN,0.7500,-5.0000,7,1.5000,5,EXIT_AT_OPEN_IF_OPEN_BELOW_SL,SL_FIRST,10,PENDING_NEXT_OPEN,3.4021,2.5516,116.1816,107.9485,2.2455,Exact TP/SL are fixed from the actual T+1 opening/entry price,8,2026-10-06,False,2026-06-30,3.4300,3.2000,7.1000,ALCISTA FUERTE,10,771.3500,7.9100,52.5000,14.8700,SIDI_SHADOW_V1: Fund≥6.5 · DD60≥12% · RSI<40 · MACD↑ · Vol↓ · SPY20≤+1% · Abnormal20≤-10%,SIDI_SHADOW_V1,True
HOOD,Robinhood Markets,Financials,Investment Banking & Brokerage,2025-09-22,119.4000,121.6300,121.9000,117.5300,119.4000,2026-09-28,47.0500,62.4900,DOWN,0.3204,0.5775,0.6699,False,0.6597,6.2107,0.9800,5.2020,104.2500,94.6300,114.6900,14.5400,26.1800,True,-0.9839,ALCISTA,-4.2700,-5.7900,124.7200,126.7400,153.8600,63.5200,-22.4000,87.9900,0.6020,True,True,101.1900,2,120.0500,False,-15.2500,HAMMER|DOJI,6.4500,9.5000,5.0000,7.5000,4,5.0000,7.0000,False,False,False,False,False,True,10.4000,15.6000,1.5000,SIDI_SHADOW_V1,0.2808,12.0829,2.2264,0.5911,294,XLF,True,52.8319,35.2774,11.3229,21.7661,,0.2362,0.0453,0.4201,0.9189,0.3230,0.4760,240.2790,1.1160,,2072000000.0000,,107350425600,2.3400,1.6000,,790630234,6.4200,10.0000,5.1300,3.7500,,D/E:240,1,6.4300,False,True,False,False,False,False,DD12|RSI40|MACD|FUND65|ABNORMAL20,False,10-18d,XLF,,JPM|BAC|WFC,interest_rates|yield_curve|credit_spreads|loan_growth,NEXT_SESSION_OPEN,0.7500,-5.0000,7,1.5000,5,EXIT_AT_OPEN_IF_OPEN_BELOW_SL,SL_FIRST,10,PENDING_NEXT_OPEN,6.2107,4.6580,124.0580,113.4300,3.9012,Exact TP/SL are fixed from the actual T+1 opening/entry price,37,2026-11-04,False,2026-07-29,0.6200,0.4300,43.7000,ALCISTA FUERTE,10,771.3500,7.9100,52.5000,14.8700,SIDI_SHADOW_V1: Fund≥6.5 · DD60≥12% · RSI<40 · MACD↑ · Vol↓ · SPY20≤+1% · Abnormal20≤-10%,SIDI_SHADOW_V1,True
ROK,Rockwell Automation,Industrials,Electrical Components & Equipment,2000-03-12,434.1500,433.9700,438.5000,431.2300,434.1500,2026-09-28,50.2700,39.5600,UP,2.6275,2.3229,1.0405,True,0.8349,10.4950,0.8120,2.4170,439.4000,420.8600,427.5200,-1.1900,3.1600,True,0.9920,NEUTRO,-9.8100,-11.0100,481.3900,487.8500,495.8300,328.3200,-12.4400,32.2300,0.5730,True,True,435.3900,3,487.8500,True,0.2800,HAMMER|DOJI,7.4000,8.5000,7.0000,7.5000,9,5.0000,7.0000,False,False,False,False,True,True,4.8300,7.2500,1.5000,SIDI_SHADOW_V1,0.2808,3.5059,0.2442,1.0371,294,XLI,True,40.6508,29.1781,13.7983,5.3730,24.5450,0.3063,0.0999,0.1339,0.4909,0.0790,0.4040,103.3470,1.0750,1303874944.0000,1199000064.0000,1.0875,48211779584,1.5150,5.5400,1.2700,111048676,5.7400,7.0200,5.8900,4.0800,0.0270,D/E:103,1,6.4000,False,True,False,False,False,False,DD12|RSI40|FUND65|ABNORMAL20,False,7-15d,XLI,,CAT|UNP|HON,pmi_manufacturing|supply_chain|capex_cycle,NEXT_SESSION_OPEN,0.7500,-5.0000,7,1.5000,5,EXIT_AT_OPEN_IF_OPEN_BELOW_SL,SL_FIRST,10,PENDING_NEXT_OPEN,10.4950,7.8712,442.0212,412.4425,1.8130,Exact TP/SL are fixed from the actual T+1 opening/entry price,38,2026-11-05,False,2026-08-03,3.4900,3.3800,3.1000,ALCISTA FUERTE,10,771.3500,7.9100,52.5000,14.8700,SIDI_SHADOW_V1: Fund≥6.5 · DD60≥12% · RSI<40 · MACD↑ · Vol↓ · SPY20≤+1% · Abnormal20≤-10%,SIDI_SHADOW_V1,True
UNH,UnitedHealth Group,Health Care,Managed Health Care,1994-07-01,376.5900,375.9500,379.1700,371.1700,376.5900,2026-09-28,33.3300,38.7900,DOWN,-0.1936,-0.5883,-0.8976,True,0.3114,10.1261,0.9570,2.6890,397.3900,351.4700,382.1900,-5.2400,7.1500,True,1.9474,NEUTRO,-13.1600,-17.9200,433.6800,458.7900,458.7900,252.9600,-17.9200,48.8700,0.7970,True,True,383.4100,2,411.7300,True,1.8100,HAMMER|DOJI|HAMMER|DOJI,7.2000,8.5000,7.5000,7.5000,7,5.0000,7.0000,True,True,True,True,True,True,5.3800,8.0700,1.5000,SIDI_SHADOW_V1,0.2808,-8.3996,0.1376,0.5585,294,XLV,True,24.2180,16.6558,3.4619,0.7503,14.5190,0.1415,0.0487,0.0314,0.1972,0.0040,0.6150,69.2110,0.7770,24272250880.0000,14122000384.0000,1.7188,338025218048,0.6220,2.7800,2.4600,897594847,5.8600,5.0000,5.6300,7.1200,0.0718,OK,0,6.4000,False,True,False,True,False,False,FUND65|ABNORMAL20,False,7-15d,XLV,,JNJ|LLY|ABBV,fda_calendar|drug_pricing_policy|patent_cliffs,NEXT_SESSION_OPEN,0.7500,-5.0000,7,1.5000,5,EXIT_AT_OPEN_IF_OPEN_BELOW_SL,SL_FIRST,10,PENDING_NEXT_OPEN,10.1261,7.5946,384.1846,357.7605,2.0167,Exact TP/SL are fixed from the actual T+1 opening/entry price,15,2026-10-13,False,2026-07-16,6.3800,4.9200,29.8000,ALCISTA FUERTE,10,771.3500,7.9100,52.5000,14.8700,SIDI_SHADOW_V1: Fund≥6.5 · DD60≥12% · RSI<40 · MACD↑ · Vol↓ · SPY20≤+1% · Abnormal20≤-10%,SIDI_SHADOW_V1,True
GWW,W. W. Grainger,Industrials,Industrial Machinery & Supplies & Components,1981-06-30,1243.0700,1260.0000,1265.1100,1237.4700,1243.0699,2026-09-28,24.4300,37.5200,DOWN,-0.8270,0.7455,-0.9172,False,0.0318,26.0214,0.8700,2.0930,1312.4300,1196.7200,1280.1100,-5.2800,3.8700,True,2.9515,NEUTRO,-11.1600,-12.2800,1399.3000,1417.1400,1417.1400,901.2200,-12.2800,37.9300,1.4650,False,False,1254.1801,2,1292.8900,True,0.8900,NONE,6.9500,8.5000,7.5000,5.0000,7,8.0000,5.0000,False,False,False,True,False,False,4.1900,6.2800,1.5000,SIDI_SHADOW_V1,0.2808,-6.0096,-0.2328,0.6420,294,XLI,True,31.6625,24.3861,14.1731,3.1143,19.0110,0.4609,0.1993,0.0992,0.3940,0.1030,0.2050,61.9770,2.8050,1247750016.0000,1870000000.0000,0.6672,58689212416,1.0340,4.6500,0.8000,47213119,6.0200,6.8900,7.0100,3.8400,0.0213,FCF/NI:0.67,1,6.3900,False,True,False,False,False,False,DD12|MACD|VOLUME|FUND65|ABNORMAL20,False,7-15d,XLI,,CAT|UNP|HON,pmi_manufacturing|supply_chain|capex_cycle,NEXT_SESSION_OPEN,0.7500,-5.0000,7,1.5000,5,EXIT_AT_OPEN_IF_OPEN_BELOW_SL,SL_FIRST,10,PENDING_NEXT_OPEN,26.0214,19.5160,1262.5860,1180.9165,1.5700,Exact TP/SL are fixed from the actual T+1 opening/entry price,37,2026-11-04,False,2026-08-04,12.0100,11.3000,6.3000,ALCISTA FUERTE,10,771.3500,7.9100,52.5000,14.8700,SIDI_SHADOW_V1: Fund≥6.5 · DD60≥12% · RSI<40 · MACD↑ · Vol↓ · SPY20≤+1% · Abnormal20≤-10%,SIDI_SHADOW_V1,True
CIEN,Ciena,Information Technology,Communications Equipment,2026-02-09,356.9100,363.0000,366.4300,355.0100,356.9100,2026-09-28,63.0600,41.5000,UP,4.4961,4.7116,4.7526,False,0.6142,22.0421,0.7750,6.1760,376.8700,387.7800,357.3200,-5.3000,-7.9600,False,4.0718,BAJISTA,-22.8000,-26.5100,462.3400,485.6900,637.5100,133.6700,-44.0100,167.0100,0.5730,True,True,360.7400,2,420.6400,True,1.0700,NONE,6.5500,5.5000,6.0000,7.5000,8,7.0000,5.0000,False,False,True,False,False,True,12.3500,18.5300,1.5000,SIDI_SHADOW_V1,0.2808,-16.9039,-1.4124,2.1376,294,XLK,True,78.9624,30.2592,16.5681,8.4062,49.9920,0.2240,0.0773,0.1087,0.4407,0.3700,4.2290,107.4960,3.7970,633368384.0000,654409984.0000,0.9678,50612883456,1.3090,1.5400,,141808525,6.2400,9.4400,6.0300,2.7400,0.0125,D/E:107,1,6.3600,False,True,True,False,False,False,RSI40|MACD|FUND65,False,3-7d,XLK,,AAPL|MSFT|NVDA,interest_rates|ai_capex_cycle|semiconductor_cycle,NEXT_SESSION_OPEN,0.7500,-5.0000,7,1.5000,5,EXIT_AT_OPEN_IF_OPEN_BELOW_SL,SL_FIRST,10,PENDING_NEXT_OPEN,22.0421,16.5316,373.4416,339.0645,4.6319,Exact TP/SL are fixed from the actual T+1 opening/entry price,-25,2026-12-10,False,2026-09-03,2.1100,1.7300,22.1000,ALCISTA FUERTE,10,771.3500,7.9100,52.5000,14.8700,SIDI_SHADOW_V1: Fund≥6.5 · DD60≥12% · RSI<40 · MACD↑ · Vol↓ · SPY20≤+1% · Abnormal20≤-10%,SIDI_SHADOW_V1,True
REGN,Regeneron Pharmaceuticals,Health Care,Biotechnology,2013-05-01,788.0400,803.8700,803.8700,784.1300,788.0400,2026-09-28,35.0800,47.4100,DOWN,-3.2591,-3.1370,-4.6780,False,0.3346,18.7171,0.9720,2.3750,776.4100,734.1100,796.3200,1.5000,7.3500,True,1.1031,ALCISTA,-7.5100,-8.3000,852.0300,859.3400,859.3400,538.2400,-8.3000,46.4100,0.8500,True,True,667.0700,1,853.1700,False,-15.3500,HAMMER,6.8500,10.0000,6.5000,7.5000,4,5.0000,7.0000,False,False,False,True,False,True,4.7500,7.1300,1.5000,SIDI_SHADOW_V1,0.2808,-0.8113,0.4080,0.8707,294,XLV,True,19.4915,12.9434,2.4929,5.2227,15.6090,0.1404,0.0653,0.2787,0.4446,0.1670,-0.0450,8.5350,3.3350,3065299968.0000,4328699904.0000,0.7081,81132650496,0.1930,4.0400,0.4800,101137842,6.0300,5.0000,6.8900,6.2400,0.0378,FCF/NI:0.71,1,6.3600,False,True,False,False,False,False,DD12|MACD|FUND65|ABNORMAL20,False,10-18d,XLV,,UNH|JNJ|LLY,fda_calendar|drug_pricing_policy|patent_cliffs,NEXT_SESSION_OPEN,0.7500,-5.0000,7,1.5000,5,EXIT_AT_OPEN_IF_OPEN_BELOW_SL,SL_FIRST,10,PENDING_NEXT_OPEN,18.7171,14.0378,802.0778,748.6380,1.7814,Exact TP/SL are fixed from the actual T+1 opening/entry price,32,2026-10-30,False,2026-07-30,14.2900,10.2100,40.0000,ALCISTA FUERTE,10,771.3500,7.9100,52.5000,14.8700,SIDI_SHADOW_V1: Fund≥6.5 · DD60≥12% · RSI<40 · MACD↑ · Vol↓ · SPY20≤+1% · Abnormal20≤-10%,SIDI_SHADOW_V1,True
SWK,Stanley Black & Decker,Industrials,Industrial Machinery & Supplies & Components,1982-09-30,91.4000,90.1600,92.1900,89.6200,91.4000,2026-09-28,34.4800,26.6900,UP,0.1015,-0.0223,-0.2817,True,0.4590,2.4671,0.8250,2.6990,94.6600,82.0100,91.9300,-3.4400,11.4400,True,3.2897,NEUTRO,-11.3500,-11.9300,103.1000,103.7800,103.7800,59.3500,-11.9300,53.9900,0.6920,True,True,87.2500,1,91.7000,False,-4.5400,BULL_ENGULF,7.0000,8.5000,8.5000,7.5000,4,5.0000,7.5000,False,True,False,True,True,True,5.4000,8.1000,1.5000,SIDI_SHADOW_V1,0.2808,-4.9844,0.4060,1.1973,294,XLI,True,22.3472,14.3366,1.5407,0.9052,10.2860,0.0689,0.0380,0.0407,0.3221,0.0040,2.4780,58.1720,1.4320,1419049984.0000,620499968.0000,2.2869,13802920960,1.1730,4.5500,3.6800,151016641,5.9400,5.0000,4.8800,8.2700,0.1028,OK,0,6.3600,False,True,False,False,False,False,DD12|FUND65|ABNORMAL20,False,7-15d,XLI,,CAT|UNP|HON,pmi_manufacturing|supply_chain|capex_cycle,NEXT_SESSION_OPEN,0.7500,-5.0000,7,1.5000,5,EXIT_AT_OPEN_IF_OPEN_BELOW_SL,SL_FIRST,10,PENDING_NEXT_OPEN,2.4671,1.8503,93.2503,86.8300,2.0244,Exact TP/SL are fixed from the actual T+1 opening/entry price,37,2026-11-04,False,2026-07-29,1.5700,1.2100,29.9000,ALCISTA FUERTE,10,771.3500,7.9100,52.5000,14.8700,SIDI_SHADOW_V1: Fund≥6.5 · DD60≥12% · RSI<40 · MACD↑ · Vol↓ · SPY20≤+1% · Abnormal20≤-10%,SIDI_SHADOW_V1,True
NRG,NRG Energy,Utilities,Independent Power Producers & Energy Traders,2010-01-29,100.3700,98.1400,100.8600,98.1400,100.3700,2026-09-28,20.2400,39.0700,DOWN,-0.6302,-0.7654,-0.5141,True,0.1616,3.7443,0.6630,3.7300,117.9600,141.8300,107.6500,-14.9100,-29.2300,False,-3.7591,BAJISTA,-29.5600,-30.4000,142.4800,144.2200,188.7100,97.5000,-46.8100,2.9400,0.9420,False,False,,0,143.4900,False,,NONE,6.0700,5.0000,8.5000,5.0000,4,8.5000,5.0000,False,False,True,True,True,False,7.4600,11.1900,1.5000,SIDI_SHADOW_V1,0.2808,3.9619,1.0640,1.4755,294,XLU,True,26.1380,8.9703,5.0200,0.6369,13.8500,0.2377,0.0406,0.0256,0.1880,0.1100,,483.3570,0.9680,772374976.0000,782000000.0000,0.9877,21098825728,1.1730,2.1600,1.8900,210210483,6.5300,7.5000,6.9300,4.9200,0.0366,D/E:483,1,6.3500,True,True,False,False,False,False,VOLUME|ABNORMAL20,False,3-7d,XLU,,NEE|DUK|SO,interest_rates|regulatory_environment,NEXT_SESSION_OPEN,0.7500,-5.0000,7,1.5000,5,EXIT_AT_OPEN_IF_OPEN_BELOW_SL,SL_FIRST,10,PENDING_NEXT_OPEN,3.7443,2.8082,103.1782,95.3515,2.7979,Exact TP/SL are fixed from the actual T+1 opening/entry price,38,2026-11-05,False,2026-08-04,1.4900,1.7400,-14.4000,ALCISTA FUERTE,10,771.3500,7.9100,52.5000,14.8700,SIDI_SHADOW_V1: Fund≥6.5 · DD60≥12% · RSI<40 · MACD↑ · Vol↓ · SPY20≤+1% · Abnormal20≤-10%,SIDI_SHADOW_V1,True
IVZ,Invesco,Financials,Asset Management & Custody Banks,2008-08-21,30.9200,30.8500,31.1100,30.4200,30.9200,2026-09-28,31.8700,32.4300,DOWN,-0.1474,-0.1875,-0.2362,True,0.3253,0.8957,0.9560,2.8970,31.2700,27.4200,31.2700,-1.1100,12.7800,True,3.0404,NEUTRO,-7.1800,-8.1400,33.3100,33.6600,33.6600,20.0300,-8.1400,54.3400,1.7400,False,False,29.5900,2,31.1200,False,-4.3000,HAMMER|HAMMER,6.6500,8.5000,7.5000,7.0000,4,5.0000,7.0000,False,False,False,True,True,False,5.7900,8.6900,1.5000,SIDI_SHADOW_V1,0.2808,-4.3204,1.2046,0.9037,294,XLF,True,,9.4811,1.3704,1.9777,12.3680,-0.0057,0.0291,-0.0093,0.2952,0.2050,,12.0560,0.7080,1140787456.0000,-309200000.0000,-3.6895,13651173376,1.6050,3.8000,2.7800,441499780,6.1300,7.3000,3.9700,7.2900,0.0836,FCF/NI:-3.69|ROE:-0.6%,2,6.3400,False,True,False,False,False,False,DD12|VOLUME|FUND65|ABNORMAL20,False,7-15d,XLF,,JPM|BAC|WFC,interest_rates|yield_curve|credit_spreads|loan_growth,NEXT_SESSION_OPEN,0.7500,-5.0000,7,1.5000,5,EXIT_AT_OPEN_IF_OPEN_BELOW_SL,SL_FIRST,10,PENDING_NEXT_OPEN,0.8957,0.6718,31.5918,29.3740,2.1726,Exact TP/SL are fixed from the actual T+1 opening/entry price,29,2026-10-27,False,2026-07-28,0.7100,0.6600,7.2000,ALCISTA FUERTE,10,771.3500,7.9100,52.5000,14.8700,SIDI_SHADOW_V1: Fund≥6.5 · DD60≥12% · RSI<40 · MACD↑ · Vol↓ · SPY20≤+1% · Abnormal20≤-10%,SIDI_SHADOW_V1,True
ADBE,Adobe Inc.,Information Technology,Application Software,1997-05-05,235.4700,238.8500,241.1600,234.9600,235.4700,2026-09-28,29.3100,27.5600,UP,-3.3773,-3.4698,-3.7743,True,0.1692,8.8950,0.8410,3.7780,257.4200,262.6800,253.1600,-8.5300,-10.3600,False,-2.4810,BAJISTA,-19.5800,-20.0500,292.7900,294.5300,363.7000,190.1200,-35.2600,23.8500,0.5570,True,True,236.7200,5,259.1000,True,0.5300,NONE,7.2200,5.0000,9.5000,7.5000,9,6.5000,5.0000,True,True,True,True,True,True,7.5600,11.3300,1.5000,SIDI_SHADOW_V1,0.2808,-19.0630,1.3762,-0.7004,294,XLK,True,13.1401,8.5089,7.8263,3.6041,9.3570,0.6190,0.2008,0.2805,0.8925,0.1290,0.1050,57.6930,0.7700,9345125376.0000,7283999744.0000,1.2830,93599326208,1.4170,3.6300,,397500000,5.7300,1.3900,7.2500,9.0200,0.0998,OK,0,6.3300,False,True,True,True,False,False,FUND65,False,5-10d,XLK,,AAPL|MSFT|NVDA,interest_rates|ai_capex_cycle|semiconductor_cycle,NEXT_SESSION_OPEN,0.7500,-5.0000,7,1.5000,5,EXIT_AT_OPEN_IF_OPEN_BELOW_SL,SL_FIRST,10,PENDING_NEXT_OPEN,8.8950,6.6712,242.1412,223.6965,2.8332,Exact TP/SL are fixed from the actual T+1 opening/entry price,72,2026-12-09,False,2026-09-10,6.1300,6.0900,71.0000,ALCISTA FUERTE,10,771.3500,7.9100,52.5000,14.8700,SIDI_SHADOW_V1: Fund≥6.5 · DD60≥12% · RSI<40 · MACD↑ · Vol↓ · SPY20≤+1% · Abnormal20≤-10%,SIDI_SHADOW_V1,True
SNA,Snap-on,Industrials,Industrial Machinery & Supplies & Components,1982-09-30,369.2000,367.4000,371.9900,367.1500,369.2000,2026-09-28,25.2200,20.9000,UP,-0.0718,-0.2368,-0.3687,True,0.2107,6.4779,0.8480,1.7550,392.7600,374.9500,377.0900,-6.0000,-1.5300,True,1.2367,BAJISTA,-11.4000,-12.1800,416.7200,420.4100,420.4100,312.3400,-12.1800,18.2100,0.6710,True,True,359.5600,1,392.8600,True,-2.6100,HAMMER|DOJI,7.6800,7.0000,9.5000,7.5000,8,6.5000,7.0000,False,True,False,True,True,True,3.5100,5.2600,1.5000,SIDI_SHADOW_V1,0.2808,-4.1862,-0.1213,0.7975,294,XLI,True,18.8367,17.3029,3.1608,3.6205,13.2730,0.1793,0.0985,0.1960,0.5183,0.0420,0.0510,21.5950,3.4330,1109474944.0000,1033699968.0000,1.0733,19097655296,0.7120,13.9100,2.6400,51727124,5.4300,1.4900,7.2500,7.9000,0.0581,OK,0,6.3300,False,True,False,False,False,False,DD12|FUND65|ABNORMAL20,False,5-10d,XLI,,CAT|UNP|HON,pmi_manufacturing|supply_chain|capex_cycle,NEXT_SESSION_OPEN,0.7500,-5.0000,7,1.5000,5,EXIT_AT_OPEN_IF_OPEN_BELOW_SL,SL_FIRST,10,PENDING_NEXT_OPEN,6.4779,4.8584,374.0584,350.7400,1.3159,Exact TP/SL are fixed from the actual T+1 opening/entry price,17,2026-10-15,False,2026-07-23,4.9600,4.9500,26.0000,ALCISTA FUERTE,10,771.3500,7.9100,52.5000,14.8700,SIDI_SHADOW_V1: Fund≥6.5 · DD60≥12% · RSI<40 · MACD↑ · Vol↓ · SPY20≤+1% · Abnormal20≤-10%,SIDI_SHADOW_V1,True
STE,Steris,Health Care,Health Care Equipment,2019-12-23,208.9300,208.1100,209.6900,207.2100,208.9300,2026-09-28,25.2700,10.2100,UP,-0.4304,-0.7217,-1.5169,True,0.3086,4.2300,0.7430,2.0250,223.8100,228.0800,214.8200,-6.6500,-8.3900,False,-1.8753,BAJISTA,-12.2800,-13.1800,238.1800,240.6600,267.1400,193.9700,-21.7900,7.7100,0.6700,True,True,206.5100,2,227.5800,True,-1.1600,BULL_ENGULF,7.2500,5.0000,9.5000,7.5000,7,7.0000,7.5000,True,True,True,True,True,True,4.0500,6.0700,1.5000,SIDI_SHADOW_V1,0.2808,-8.4655,0.1158,0.9870,294,XLV,True,25.5104,17.0595,2.8266,3.3740,13.3780,0.1139,0.0680,0.1333,0.4442,0.0730,0.1400,28.3120,1.9060,798862528.0000,805000000.0000,0.9924,20370698240,0.9140,4.6200,1.2300,97500110,5.7100,4.5400,6.7400,5.8900,0.0392,OK,0,6.3300,False,True,False,True,False,False,FUND65|ABNORMAL20,False,5-10d,XLV,,UNH|JNJ|LLY,fda_calendar|drug_pricing_policy|patent_cliffs,NEXT_SESSION_OPEN,0.7500,-5.0000,7,1.5000,5,EXIT_AT_OPEN_IF_OPEN_BELOW_SL,SL_FIRST,10,PENDING_NEXT_OPEN,4.2300,3.1725,212.1025,198.4835,1.5185,Exact TP/SL are fixed from the actual T+1 opening/entry price,37,2026-11-04,False,2026-08-05,2.5900,2.4900,3.9000,ALCISTA FUERTE,10,771.3500,7.9100,52.5000,14.8700,SIDI_SHADOW_V1: Fund≥6.5 · DD60≥12% · RSI<40 · MACD↑ · Vol↓ · SPY20≤+1% · Abnormal20≤-10%,SIDI_SHADOW_V1,True
T,AT&T,Communication Services,Integrated Telecommunication Services,1983-11-30,25.3800,25.3900,25.4400,25.2200,25.3800,2026-09-28,46.4800,43.1800,UP,-0.1497,-0.1605,-0.1768,True,0.2985,0.6250,0.9860,2.4630,24.7600,24.7600,25.4900,2.5100,2.4900,False,0.4486,ALCISTA,-5.0100,-5.7600,26.7200,26.9300,28.7500,19.6300,-11.7200,29.3100,0.6020,True,True,24.8900,5,26.4200,True,-1.9300,HAMMER|DOJI,7.6200,8.5000,7.0000,7.5000,9,6.5000,7.0000,False,False,False,False,True,True,4.9300,7.3900,1.5000,SIDI_SHADOW_V1,0.2808,-2.1359,-0.8511,0.6286,294,XLC,True,8.3762,9.8754,1.5807,1.3668,7.5680,0.1834,0.0416,0.1694,0.5972,0.0230,0.0620,129.0540,0.9710,10142000128.0000,21479999488.0000,0.4722,173913538560,0.4310,3.9400,4.3700,6852385650,5.4600,3.1500,4.6000,9.1500,0.0583,FCF/NI:0.47|D/E:129,2,6.3200,False,True,False,False,False,False,DD12|RSI40|FUND65|ABNORMAL20,False,10-18d,XLC,,GOOGL|META|NFLX,ad_spending_cycle|streaming_competition|regulation,NEXT_SESSION_OPEN,0.7500,-5.0000,7,1.5000,5,EXIT_AT_OPEN_IF_OPEN_BELOW_SL,SL_FIRST,10,PENDING_NEXT_OPEN,0.6250,0.4688,25.8487,24.1110,1.8469,Exact TP/SL are fixed from the actual T+1 opening/entry price,23,2026-10-21,False,2026-07-22,0.6500,0.5900,10.5000,ALCISTA FUERTE,10,771.3500,7.9100,52.5000,14.8700,SIDI_SHADOW_V1: Fund≥6.5 · DD60≥12% · RSI<40 · MACD↑ · Vol↓ · SPY20≤+1% · Abnormal20≤-10%,SIDI_SHADOW_V1,True
KO,Coca-Cola Company (The),Consumer Staples,Soft Drinks & Non-alcoholic Beverages,1957-03-04,87.8100,88.1600,88.3200,87.5600,87.8100,2026-09-28,51.7100,44.0700,UP,-0.1225,-0.1150,-0.1423,False,0.4218,1.1845,0.7460,1.3490,87.0600,78.6900,87.9900,0.8700,11.5900,True,2.3770,ALCISTA,-3.9700,-4.4900,91.4400,91.9400,91.9400,63.6600,-4.4900,37.9400,0.7710,True,True,86.8900,1,90.1000,True,-1.0500,NONE,7.3000,10.0000,6.0000,7.5000,7,7.0000,5.0000,False,False,False,False,False,True,2.7000,4.0500,1.5000,SIDI_SHADOW_V1,0.2808,-0.9831,-0.2284,0.9950,294,XLP,True,26.3694,24.9009,10.4523,7.5367,23.9950,0.4205,0.0940,0.2856,0.6189,0.0670,0.1690,115.5190,1.3050,5218749952.0000,14316000256.0000,0.3645,377806815232,0.3420,2.7700,2.4100,4302549243,5.6700,7.2500,6.1700,3.2400,0.0138,FCF/NI:0.36|D/E:116,2,6.3200,False,True,False,False,False,False,DD12|RSI40|MACD|FUND65|ABNORMAL20,False,10-18d,XLP,,PG|PEP|WMT,inflation|input_costs|fx_rates,NEXT_SESSION_OPEN,0.7500,-5.0000,7,1.5000,5,EXIT_AT_OPEN_IF_OPEN_BELOW_SL,SL_FIRST,10,PENDING_NEXT_OPEN,1.1845,0.8884,88.6984,83.4195,1.0117,Exact TP/SL are fixed from the actual T+1 opening/entry price,22,2026-10-20,False,2026-07-28,0.9700,0.9300,4.0000,ALCISTA FUERTE,10,771.3500,7.9100,52.5000,14.8700,SIDI_SHADOW_V1: Fund≥6.5 · DD60≥12% · RSI<40 · MACD↑ · Vol↓ · SPY20≤+1% · Abnormal20≤-10%,SIDI_SHADOW_V1,True
PGR,Progressive Corporation,Financials,Property & Casualty Insurance,1997-08-04,205.5000,202.5000,205.8500,201.6000,205.5000,2026-09-28,29.5800,41.2700,DOWN,-1.8378,-2.0012,-1.2935,True,0.1121,4.4329,0.8250,2.1570,214.1400,208.4900,212.7700,-4.0400,-1.4300,True,0.1863,BAJISTA,-12.3600,-14.1500,234.4800,239.3800,239.3800,187.7800,-14.1500,9.4400,1.0860,False,False,205.4600,5,224.4300,True,-0.0200,NONE,7.3000,7.0000,8.5000,5.0000,10,8.0000,5.0000,False,False,True,True,True,False,4.3100,6.4700,1.5000,SIDI_SHADOW_V1,0.2808,-1.7306,-1.1434,0.9680,294,XLF,True,10.3111,0.2031,3.4776,1.3104,8.1640,0.3494,0.0784,0.1285,0.1852,0.0730,0.0500,24.4280,0.2930,15114500096.0000,11694999552.0000,1.2924,119272202240,0.2590,2.9900,0.1900,580400000,5.6700,1.6500,8.2400,7.3600,0.1267,OK,0,6.3200,False,True,False,False,False,False,VOLUME|FUND65|ABNORMAL20,False,5-10d,XLF,,JPM|BAC|WFC,interest_rates|yield_curve|credit_spreads|loan_growth,NEXT_SESSION_OPEN,0.7500,-5.0000,7,1.5000,5,EXIT_AT_OPEN_IF_OPEN_BELOW_SL,SL_FIRST,10,PENDING_NEXT_OPEN,4.4329,3.3247,208.8247,195.2250,1.6178,Exact TP/SL are fixed from the actual T+1 opening/entry price,16,2026-10-14,False,2026-07-15,4.8500,4.8400,33.0000,ALCISTA FUERTE,10,771.3500,7.9100,52.5000,14.8700,SIDI_SHADOW_V1: Fund≥6.5 · DD60≥12% · RSI<40 · MACD↑ · Vol↓ · SPY20≤+1% · Abnormal20≤-10%,SIDI_SHADOW_V1,True
MMM,3M,Industrials,Industrial Conglomerates,1957-03-04,169.5500,168.5600,170.7300,168.1300,169.5500,2026-09-28,51.6600,33.0700,UP,0.6332,0.4778,0.0668,True,0.6811,3.4800,0.8910,2.0520,173.0300,159.4400,168.4600,-2.0100,6.3400,True,0.0543,NEUTRO,-7.3400,-7.9000,182.9800,184.0900,184.0900,138.0200,-7.9000,22.8500,0.8760,True,True,160.2700,1,169.0200,False,-5.4700,NONE,6.4500,8.5000,7.0000,7.5000,4,5.0000,5.0000,False,False,False,False,True,True,4.1000,6.1600,1.5000,SIDI_SHADOW_V1,0.2808,-4.7311,0.1362,0.5573,294,XLI,True,30.1155,17.3034,29.6209,3.4726,14.6960,0.8189,0.0874,0.1190,0.3941,0.0250,0.3280,437.9370,1.2400,6350125056.0000,2996999936.0000,2.1188,87440736256,1.0740,3.5700,1.8400,515722417,6.2100,5.3000,6.8900,6.5000,0.0726,D/E:438,1,6.3100,False,True,False,False,False,False,DD12|RSI40|FUND65|ABNORMAL20,False,7-15d,XLI,,CAT|UNP|HON,pmi_manufacturing|supply_chain|capex_cycle,NEXT_SESSION_OPEN,0.7500,-5.0000,7,1.5000,5,EXIT_AT_OPEN_IF_OPEN_BELOW_SL,SL_FIRST,10,PENDING_NEXT_OPEN,3.4800,2.6100,172.1600,161.0725,1.5394,Exact TP/SL are fixed from the actual T+1 opening/entry price,22,2026-10-20,False,2026-07-21,2.4000,2.2500,6.8000,ALCISTA FUERTE,10,771.3500,7.9100,52.5000,14.8700,SIDI_SHADOW_V1: Fund≥6.5 · DD60≥12% · RSI<40 · MACD↑ · Vol↓ · SPY20≤+1% · Abnormal20≤-10%,SIDI_SHADOW_V1,True
ADP,Automatic Data Processing,Industrials,Human Resource & Employment Services,1981-03-31,263.6700,261.8900,265.0600,261.3800,263.6700,2026-09-28,34.5800,34.0800,UP,-1.7487,-1.7675,-1.2930,True,0.1950,5.3458,0.7850,2.0270,268.8000,234.8800,270.1200,-1.9100,12.2600,True,1.0805,NEUTRO,-7.7000,-7.8600,285.6500,286.1700,286.1700,185.5600,-7.8600,42.1000,0.5430,True,True,238.8700,1,262.3200,False,-9.4100,NONE,7.2800,8.5000,8.5000,7.5000,4,8.5000,5.0000,False,False,False,True,True,True,4.0500,6.0800,1.5000,SIDI_SHADOW_V1,0.2808,-14.5284,0.3196,-0.7036,294,XLI,True,24.1015,19.6792,17.3913,4.7605,16.5380,0.7224,0.0625,0.2011,0.4865,0.0680,0.0980,91.4360,1.0510,5243049984.0000,4413499904.0000,1.1880,104479653888,0.8300,5.0800,2.5800,396251548,5.6700,3.3700,7.3000,6.4500,0.0502,D/E:91,1,6.3100,False,True,True,False,False,False,DD12|FUND65,False,7-15d,XLI,,CAT|UNP|HON,pmi_manufacturing|supply_chain|capex_cycle,NEXT_SESSION_OPEN,0.7500,-5.0000,7,1.5000,5,EXIT_AT_OPEN_IF_OPEN_BELOW_SL,SL_FIRST,10,PENDING_NEXT_OPEN,5.3458,4.0093,267.6793,250.4865,1.5206,Exact TP/SL are fixed from the actual T+1 opening/entry price,30,2026-10-28,False,2026-07-28,2.6400,2.6000,1.6000,ALCISTA FUERTE,10,771.3500,7.9100,52.5000,14.8700,SIDI_SHADOW_V1: Fund≥6.5 · DD60≥12% · RSI<40 · MACD↑ · Vol↓ · SPY20≤+1% · Abnormal20≤-10%,SIDI_SHADOW_V1,True
LYV,Live Nation Entertainment,Communication Services,Movies & Entertainment,2019-12-23,170.8700,170.5900,171.3800,168.7300,170.8700,2026-09-28,42.2200,19.8400,UP,0.1764,0.0022,-0.3889,True,0.4097,3.8229,0.8480,2.2370,178.1400,163.0800,172.5200,-4.0800,4.7800,True,2.4054,NEUTRO,-9.3300,-9.7100,188.4600,189.2500,189.2500,125.3400,-9.7100,36.3300,0.5890,True,True,171.5500,7,188.3500,True,0.4000,HAMMER|DOJI|HAMMER,7.4000,8.5000,7.0000,7.5000,9,5.0000,7.0000,False,False,False,False,True,True,4.4700,6.7100,1.5000,SIDI_SHADOW_V1,0.2808,-8.4884,0.4816,0.4855,294,XLC,True,,90.4984,478.6274,1.5151,28.2140,0.1768,0.0210,0.0051,0.2578,0.0940,1.5620,620.2140,0.8520,1695030656.0000,-258028992.0000,-6.5691,39805788160,1.1160,13.0500,,232959505,5.5900,7.1100,4.1200,5.5300,0.0426,FCF/NI:-6.57|D/E:620,2,6.3100,False,True,False,False,False,False,DD12|RSI40|FUND65|ABNORMAL20,False,7-15d,XLC,,GOOGL|META|NFLX,ad_spending_cycle|streaming_competition|regulation,NEXT_SESSION_OPEN,0.7500,-5.0000,7,1.5000,5,EXIT_AT_OPEN_IF_OPEN_BELOW_SL,SL_FIRST,10,PENDING_NEXT_OPEN,3.8229,2.8672,173.7372,162.3265,1.6780,Exact TP/SL are fixed from the actual T+1 opening/entry price,36,2026-11-03,False,2026-07-30,1.0500,0.5700,82.9000,ALCISTA FUERTE,10,771.3500,7.9100,52.5000,14.8700,SIDI_SHADOW_V1: Fund≥6.5 · DD60≥12% · RSI<40 · MACD↑ · Vol↓ · SPY20≤+1% · Abnormal20≤-10%,SIDI_SHADOW_V1,True
ALLE,Allegion,Industrials,Building Products,2013-12-02,154.4700,152.6500,155.8400,152.5400,154.4700,2026-09-28,45.1000,40.7400,UP,0.0014,-0.1457,-0.3044,True,0.6105,2.9729,0.7370,1.9250,156.5100,149.3500,154.3400,-1.3000,3.4300,True,-0.5128,NEUTRO,-8.2400,-9.2800,168.3400,170.2700,181.0300,124.0500,-14.6700,24.5300,0.4650,True,True,139.1500,1,170.2700,False,-9.9200,NONE,6.6500,8.0000,7.0000,7.5000,4,7.0000,5.0000,False,False,False,False,True,True,3.8500,5.7700,1.5000,SIDI_SHADOW_V1,0.2808,0.5946,-0.5065,1.0796,294,XLI,True,20.2717,15.8053,6.2019,3.0630,14.3310,0.3373,0.1103,0.1536,0.4480,0.1270,0.1620,104.8950,1.9300,484449984.0000,658600000.0000,0.7356,13135632384,0.8410,2.2600,1.4200,85036786,6.0700,6.6900,5.5900,5.9200,0.0369,FCF/NI:0.74|D/E:105,2,6.3000,False,True,False,False,False,False,DD12|RSI40|FUND65|ABNORMAL20,False,7-15d,XLI,,CAT|UNP|HON,pmi_manufacturing|supply_chain|capex_cycle,NEXT_SESSION_OPEN,0.7500,-5.0000,7,1.5000,5,EXIT_AT_OPEN_IF_OPEN_BELOW_SL,SL_FIRST,10,PENDING_NEXT_OPEN,2.9729,2.2297,156.6997,146.7465,1.4434,Exact TP/SL are fixed from the actual T+1 opening/entry price,24,2026-10-22,False,2026-07-23,2.4000,2.2200,8.3000,ALCISTA FUERTE,10,771.3500,7.9100,52.5000,14.8700,SIDI_SHADOW_V1: Fund≥6.5 · DD60≥12% · RSI<40 · MACD↑ · Vol↓ · SPY20≤+1% · Abnormal20≤-10%,SIDI_SHADOW_V1,True
DLR,Digital Realty,Real Estate,Data Center REITs,2016-05-18,178.6100,182.4400,183.1300,178.3500,178.6100,2026-09-28,38.8700,46.9100,DOWN,-0.3366,-0.1444,0.0816,False,0.1023,4.6863,0.8670,2.6240,187.1600,178.2800,183.9500,-4.5700,0.1900,True,1.5788,NEUTRO,-10.1500,-13.3200,198.7900,206.0600,206.0600,143.3000,-13.3200,24.6400,0.6960,True,True,179.4100,6,195.6900,True,0.4500,HAMMER|DOJI,7.7500,8.5000,6.5000,7.5000,9,8.0000,7.0000,False,False,False,True,False,True,5.2500,7.8700,1.5000,SIDI_SHADOW_V1,0.2808,-0.2053,0.5175,0.9485,294,XLRE,True,87.1268,64.6650,2.4749,9.9829,27.1320,0.0291,0.0148,0.1182,0.5699,0.2990,-0.5870,67.9440,0.8900,3768482048.0000,758297984.0000,4.9697,67454517248,1.0370,0.0000,2.7300,370998727,5.3400,5.0000,4.9700,6.1800,0.0559,OK,0,6.3000,False,True,False,False,False,False,DD12|MACD|FUND65|ABNORMAL20,False,7-15d,XLRE,,PLD|AMT|EQIX,interest_rates|cap_rates|occupancy_trends,NEXT_SESSION_OPEN,0.7500,-5.0000,7,1.5000,5,EXIT_AT_OPEN_IF_OPEN_BELOW_SL,SL_FIRST,10,PENDING_NEXT_OPEN,4.6863,3.5147,182.1247,169.6795,1.9678,Exact TP/SL are fixed from the actual T+1 opening/entry price,24,2026-10-22,False,2026-07-23,0.6200,0.7300,-15.0000,ALCISTA FUERTE,10,771.3500,7.9100,52.5000,14.8700,SIDI_SHADOW_V1: Fund≥6.5 · DD60≥12% · RSI<40 · MACD↑ · Vol↓ · SPY20≤+1% · Abnormal20≤-10%,SIDI_SHADOW_V1,True
BG,Bunge Global,Consumer Staples,Agricultural Products & Services,2023-03-15,109.0000,109.5000,111.3100,108.2000,109.0000,2026-09-28,34.1500,50.1500,DOWN,-1.5408,-1.4896,-1.3275,False,0.0618,4.4521,1.1550,4.0850,114.8500,114.6300,115.2800,-5.0900,-4.9100,True,2.1971,BAJISTA,-12.5100,-14.4900,124.5900,127.4700,134.0200,76.8500,-18.6700,41.8400,0.9770,False,False,106.5700,1,119.6300,True,-2.2300,HAMMER,6.8000,7.0000,6.5000,5.0000,8,8.0000,7.0000,False,False,True,True,False,False,8.1700,12.2500,1.5000,SIDI_SHADOW_V1,0.2808,-1.9193,-0.1452,0.0130,294,XLP,True,23.4914,9.6785,1.3126,0.2281,12.3710,0.0718,0.0347,0.0110,0.0492,0.8830,0.3300,97.9950,1.5670,-6475375104.0000,1010000000.0000,-6.4113,20940984320,0.6600,4.1800,2.6400,192119123,5.9500,10.0000,3.6100,3.9500,-0.3092,FCF/NI:-6.41|D/E:98,2,6.2900,False,True,False,False,False,False,MACD|VOLUME|FUND65|ABNORMAL20,False,3-7d,XLP,,PG|KO|PEP,inflation|input_costs|fx_rates,NEXT_SESSION_OPEN,0.7500,-5.0000,7,1.5000,5,EXIT_AT_OPEN_IF_OPEN_BELOW_SL,SL_FIRST,10,PENDING_NEXT_OPEN,4.4521,3.3391,112.3391,103.5500,3.0634,Exact TP/SL are fixed from the actual T+1 opening/entry price,37,2026-11-04,False,2026-07-29,2.0000,1.9400,2.9000,ALCISTA FUERTE,10,771.3500,7.9100,52.5000,14.8700,SIDI_SHADOW_V1: Fund≥6.5 · DD60≥12% · RSI<40 · MACD↑ · Vol↓ · SPY20≤+1% · Abnormal20≤-10%,SIDI_SHADOW_V1,True
COF,Capital One,Financials,Consumer Finance,1998-07-01,200.2000,197.0800,201.6900,195.4000,200.2000,2026-09-28,23.1200,31.1200,DOWN,-1.2092,-1.5528,-1.3733,True,0.2361,4.9136,0.9380,2.4540,211.7200,205.3800,205.9900,-5.4400,-2.5200,True,-0.2792,BAJISTA,-11.6300,-11.9400,226.5400,227.3400,256.6400,173.6200,-21.9900,15.3100,1.0850,True,True,191.0300,2,210.5900,False,-4.5800,HAMMER,6.9200,6.5000,8.5000,7.5000,5,6.5000,7.0000,False,True,False,True,True,True,4.9100,7.3600,1.5000,SIDI_SHADOW_V1,0.2808,0.5353,0.4971,1.3488,294,XLF,True,11.2662,8.3095,1.1927,2.5530,,0.0903,0.0152,0.2187,0.0000,11.1100,,,,,9822999552.0000,,122822705152,1.0160,3.1200,1.6000,613500000,5.8700,7.5000,4.3100,5.8000,,OK,0,6.2900,False,True,False,False,False,False,DD12|FUND65|ABNORMAL20,False,3-7d,XLF,,JPM|BAC|WFC,interest_rates|yield_curve|credit_spreads|loan_growth,NEXT_SESSION_OPEN,0.7500,-5.0000,7,1.5000,5,EXIT_AT_OPEN_IF_OPEN_BELOW_SL,SL_FIRST,10,PENDING_NEXT_OPEN,4.9136,3.6852,203.8852,190.1900,1.8408,Exact TP/SL are fixed from the actual T+1 opening/entry price,22,2026-10-20,False,2026-07-21,5.8100,4.6900,23.8000,ALCISTA FUERTE,10,771.3500,7.9100,52.5000,14.8700,SIDI_SHADOW_V1: Fund≥6.5 · DD60≥12% · RSI<40 · MACD↑ · Vol↓ · SPY20≤+1% · Abnormal20≤-10%,SIDI_SHADOW_V1,True
DELL,Dell Technologies,Information Technology,"Technology Hardware, Storage & Peripherals",2024-09-23,562.8900,546.2900,573.8000,541.2400,562.8900,2026-09-28,56.8400,66.5300,DOWN,-1.7093,-1.7138,2.8118,True,0.6946,32.0843,0.9880,5.7000,475.7000,282.3700,531.8800,18.3300,99.3500,True,16.4400,ALCISTA,-4.3400,-5.4800,588.4000,595.5100,595.5100,109.7000,-5.4800,413.1200,0.7710,False,False,422.9400,2,595.5100,False,-24.8600,HAMMER|DOJI,6.2500,10.0000,6.0000,5.0000,4,5.0000,7.0000,False,False,False,False,True,False,11.4000,17.1000,1.5000,SIDI_SHADOW_V1,0.2808,-2.6199,-1.9250,2.1967,294,XLK,True,32.7833,19.3319,-252.4170,2.3671,21.5280,,0.0864,0.0752,0.1991,0.5770,2.7290,,0.9620,6033375232.0000,11377999872.0000,0.5303,357892653056,1.4090,1.5000,0.4500,315433188,6.3200,10.0000,4.9300,3.6700,0.0169,FCF/NI:0.53,1,6.2900,False,True,False,False,False,False,DD12|RSI40|VOLUME|FUND65|ABNORMAL20,False,10-18d,XLK,,AAPL|MSFT|NVDA,interest_rates|ai_capex_cycle|semiconductor_cycle,NEXT_SESSION_OPEN,0.7500,-5.0000,7,1.5000,5,EXIT_AT_OPEN_IF_OPEN_BELOW_SL,SL_FIRST,10,PENDING_NEXT_OPEN,32.0843,24.0632,586.9532,534.7455,4.2749,Exact TP/SL are fixed from the actual T+1 opening/entry price,60,2026-11-27,False,2026-09-01,7.0400,4.9200,43.1000,ALCISTA FUERTE,10,771.3500,7.9100,52.5000,14.8700,SIDI_SHADOW_V1: Fund≥6.5 · DD60≥12% · RSI<40 · MACD↑ · Vol↓ · SPY20≤+1% · Abnormal20≤-10%,SIDI_SHADOW_V1,True
GEN,Gen Digital,Information Technology,Systems Software,2003-03-25,21.6200,22.9100,22.9900,21.3600,21.6200,2026-09-28,14.2000,37.3300,DOWN,-1.0320,-0.8134,-0.4045,False,-0.2046,1.2879,1.3790,5.9570,28.3900,24.5600,28.0300,-23.8400,-11.9800,True,1.2720,BAJISTA,-31.1700,-31.6900,31.4100,31.6500,31.6500,17.6100,-31.6900,22.7900,3.1760,False,False,18.1600,1,27.6900,False,-15.9900,NONE,6.2000,7.0000,7.5000,5.0000,4,8.0000,5.0000,False,False,True,True,False,False,11.9100,17.8700,1.5000,SIDI_SHADOW_V1,0.2808,-36.5141,1.1430,-0.2420,294,XLK,True,12.6433,6.5373,4.8760,2.5480,8.5410,0.4194,0.0849,0.2073,0.7801,0.0630,0.6400,307.8310,0.4660,1547124992.0000,1053000000.0000,1.4693,12941451264,1.2150,6.3100,2.3100,598587032,6.3300,3.9300,6.1600,9.3200,0.1195,D/E:308,1,6.2800,False,True,True,False,False,False,MACD|VOLUME|FUND65,False,3-7d,XLK,,AAPL|MSFT|NVDA,interest_rates|ai_capex_cycle|semiconductor_cycle,NEXT_SESSION_OPEN,0.7500,-5.0000,7,1.5000,5,EXIT_AT_OPEN_IF_OPEN_BELOW_SL,SL_FIRST,10,PENDING_NEXT_OPEN,1.2879,0.9659,22.5859,20.5390,4.4677,Exact TP/SL are fixed from the actual T+1 opening/entry price,38,2026-11-05,False,2026-08-06,0.7100,0.6900,3.0000,ALCISTA FUERTE,10,771.3500,7.9100,52.5000,14.8700,SIDI_SHADOW_V1: Fund≥6.5 · DD60≥12% · RSI<40 · MACD↑ · Vol↓ · SPY20≤+1% · Abnormal20≤-10%,SIDI_SHADOW_V1,True
HII,Huntington Ingalls Industries,Industrials,Aerospace & Defense,2018-01-03,264.0200,265.0000,266.0500,261.7100,264.0200,2026-09-28,17.9200,18.2000,DOWN,-1.1948,-1.1120,-1.0030,False,0.0372,6.7657,0.7630,2.5630,294.3700,342.8000,279.6100,-10.3100,-22.9800,False,-0.7747,BAJISTA,-19.8200,-20.7100,329.2700,332.9800,455.9000,261.7100,-42.0900,0.8800,0.6810,True,True,262.4000,1,294.8200,True,-0.6100,HAMMER|DOJI|HAMMER,7.2500,5.0000,7.5000,7.5000,7,10.0000,7.0000,False,False,True,True,False,True,5.1300,7.6900,1.5000,SIDI_SHADOW_V1,0.2808,-2.1663,0.0227,0.6596,294,XLI,True,15.7248,12.6721,1.9585,0.7890,11.3900,0.1297,0.0428,0.0501,0.1240,0.1090,0.3650,55.2520,1.2300,-300249984.0000,661000000.0000,-0.4542,10403602432,0.2250,3.0100,2.0900,39404598,5.6300,7.9800,4.0100,4.7600,-0.0289,FCF/NI:-0.45,1,6.2800,False,True,False,False,False,False,MACD|FUND65|ABNORMAL20,False,3-7d,XLI,,CAT|UNP|HON,pmi_manufacturing|supply_chain|capex_cycle,NEXT_SESSION_OPEN,0.7500,-5.0000,7,1.5000,5,EXIT_AT_OPEN_IF_OPEN_BELOW_SL,SL_FIRST,10,PENDING_NEXT_OPEN,6.7657,5.0743,269.0943,250.8190,1.9219,Exact TP/SL are fixed from the actual T+1 opening/entry price,31,2026-10-29,False,2026-07-30,5.2700,3.8200,38.0000,ALCISTA FUERTE,10,771.3500,7.9100,52.5000,14.8700,SIDI_SHADOW_V1: Fund≥6.5 · DD60≥12% · RSI<40 · MACD↑ · Vol↓ · SPY20≤+1% · Abnormal20≤-10%,SIDI_SHADOW_V1,True
ABT,Abbott Laboratories,Health Care,Health Care Equipment,1957-03-04,101.2900,100.8100,101.8200,100.0900,101.2900,2026-09-28,23.6100,20.3700,UP,-0.4203,-0.4577,-0.6053,True,0.2369,2.1300,0.7700,2.1030,107.0100,103.7200,104.5300,-5.3400,-2.3400,True,-1.8826,BAJISTA,-13.1800,-13.6800,116.6700,117.3400,132.3900,81.3900,-23.4900,24.4500,0.8850,True,True,100.3300,1,110.0400,True,-0.9500,NONE,7.6700,6.5000,9.5000,7.5000,8,8.5000,5.0000,True,True,True,True,True,True,4.2100,6.3100,1.5000,SIDI_SHADOW_V1,0.2808,-8.5957,-0.2175,1.0061,294,XLV,True,32.7799,16.6995,3.4293,3.7872,17.3820,0.1058,0.0533,0.1165,0.5685,0.1300,-0.4750,63.2120,1.3760,7209124864.0000,5400999936.0000,1.3348,176428253184,0.5860,2.4800,2.4900,1741813154,5.3300,4.9200,5.4800,5.6400,0.0409,OK,0,6.2700,False,True,False,True,False,False,FUND65|ABNORMAL20,False,5-10d,XLV,,UNH|JNJ|LLY,fda_calendar|drug_pricing_policy|patent_cliffs,NEXT_SESSION_OPEN,0.7500,-5.0000,7,1.5000,5,EXIT_AT_OPEN_IF_OPEN_BELOW_SL,SL_FIRST,10,PENDING_NEXT_OPEN,2.1300,1.5975,102.8875,96.2255,1.5772,Exact TP/SL are fixed from the actual T+1 opening/entry price,16,2026-10-14,False,2026-07-16,1.3100,1.2800,2.6000,ALCISTA FUERTE,10,771.3500,7.9100,52.5000,14.8700,SIDI_SHADOW_V1: Fund≥6.5 · DD60≥12% · RSI<40 · MACD↑ · Vol↓ · SPY20≤+1% · Abnormal20≤-10%,SIDI_SHADOW_V1,True
EW,Edwards Lifesciences,Health Care,Health Care Equipment,2011-04-01,86.2900,86.6600,87.1100,84.9300,86.2900,2026-09-28,39.2500,43.2500,DOWN,-0.1210,-0.0975,0.0848,False,0.2930,2.1979,0.9780,2.5470,88.3200,85.0600,87.8200,-2.3000,1.4500,True,0.3113,NEUTRO,-9.3400,-10.3900,95.1800,96.2900,96.2900,72.3000,-10.3900,19.3500,1.0910,True,True,84.0100,3,93.4300,True,-2.6400,HAMMER,7.5200,8.5000,6.5000,7.5000,9,6.5000,7.0000,False,False,False,True,False,True,5.0900,7.6400,1.5000,SIDI_SHADOW_V1,0.2808,-3.6964,0.4815,0.4705,294,XLV,True,51.3631,25.5512,4.6859,7.6295,23.1850,0.0917,0.0837,0.1543,0.7784,0.1360,-0.2540,6.5680,4.5220,1232412544.0000,979900032.0000,1.2577,49685782528,0.8520,3.2000,,575800000,5.4300,5.0000,7.2000,3.8700,0.0248,OK,0,6.2700,False,True,False,False,False,False,DD12|MACD|FUND65|ABNORMAL20,False,7-15d,XLV,,UNH|JNJ|LLY,fda_calendar|drug_pricing_policy|patent_cliffs,NEXT_SESSION_OPEN,0.7500,-5.0000,7,1.5000,5,EXIT_AT_OPEN_IF_OPEN_BELOW_SL,SL_FIRST,10,PENDING_NEXT_OPEN,2.1979,1.6484,87.9384,81.9755,1.9103,Exact TP/SL are fixed from the actual T+1 opening/entry price,31,2026-10-29,False,2026-07-23,0.7800,0.7400,5.1000,ALCISTA FUERTE,10,771.3500,7.9100,52.5000,14.8700,SIDI_SHADOW_V1: Fund≥6.5 · DD60≥12% · RSI<40 · MACD↑ · Vol↓ · SPY20≤+1% · Abnormal20≤-10%,SIDI_SHADOW_V1,True
WAB,Wabtec,Industrials,Construction Machinery & Heavy Transportation Equipment,2019-02-27,288.0000,290.9600,292.6700,286.3900,288.0000,2026-09-28,57.2100,32.8200,UP,1.1756,1.2224,0.3637,False,0.7418,5.9764,0.8640,2.0750,288.9600,259.1700,285.6700,-0.3300,11.1300,True,3.1006,NEUTRO,-5.7200,-5.9800,305.4700,306.3200,306.3200,185.1900,-5.9800,55.5100,1.0040,True,True,273.9000,3,287.2500,False,-4.8900,NONE,6.5500,8.5000,6.0000,7.5000,6,5.0000,5.0000,False,False,False,False,False,True,4.1500,6.2300,1.5000,SIDI_SHADOW_V1,0.2808,0.0759,-0.3525,1.3545,294,XLI,True,38.7618,23.1223,4.3428,4.0606,20.7290,0.1155,0.0617,0.1059,0.3574,0.1750,0.1890,61.6860,1.1210,1101374976.0000,1266000000.0000,0.8700,48646324224,0.9210,4.7200,0.4300,168910851,6.0800,8.7500,5.0300,4.1900,0.0226,OK,0,6.2700,False,True,False,False,False,False,DD12|RSI40|MACD|FUND65|ABNORMAL20,False,7-15d,XLI,,CAT|UNP|HON,pmi_manufacturing|supply_chain|capex_cycle,NEXT_SESSION_OPEN,0.7500,-5.0000,7,1.5000,5,EXIT_AT_OPEN_IF_OPEN_BELOW_SL,SL_FIRST,10,PENDING_NEXT_OPEN,5.9764,4.4823,292.4823,273.6000,1.5564,Exact TP/SL are fixed from the actual T+1 opening/entry price,23,2026-10-21,False,2026-07-22,2.7600,2.6100,5.9000,ALCISTA FUERTE,10,771.3500,7.9100,52.5000,14.8700,SIDI_SHADOW_V1: Fund≥6.5 · DD60≥12% · RSI<40 · MACD↑ · Vol↓ · SPY20≤+1% · Abnormal20≤-10%,SIDI_SHADOW_V1,True
EMR,Emerson Electric,Industrials,Electrical Components & Equipment,1965-03-31,158.2300,157.6800,159.8700,156.6800,158.2300,2026-09-28,60.0100,41.6400,UP,0.9194,0.6537,0.1245,True,1.0241,3.5100,0.8630,2.2180,152.6000,143.2600,152.5900,3.6900,10.4500,True,1.5610,ALCISTA,-3.4100,-4.5600,163.8200,165.7900,165.7900,121.7300,-4.5600,29.9800,0.8670,True,True,146.3200,5,165.7900,False,-7.5300,NONE,7.0500,10.0000,7.0000,7.5000,6,5.0000,5.0000,False,False,False,False,True,True,4.4400,6.6500,1.5000,SIDI_SHADOW_V1,0.2808,5.7479,0.2276,1.3431,294,XLI,True,34.6236,21.7907,4.3309,4.7556,16.4900,0.1280,0.0690,0.1383,0.5316,0.0700,0.2300,67.6770,0.8960,3706249984.0000,2576000000.0000,1.4388,88624619520,1.2330,4.0200,1.4000,560100000,5.7300,6.4000,4.9700,5.8300,0.0418,OK,0,6.2600,False,True,False,False,False,False,DD12|RSI40|FUND65|ABNORMAL20,False,10-18d,XLI,,CAT|UNP|HON,pmi_manufacturing|supply_chain|capex_cycle,NEXT_SESSION_OPEN,0.7500,-5.0000,7,1.5000,5,EXIT_AT_OPEN_IF_OPEN_BELOW_SL,SL_FIRST,10,PENDING_NEXT_OPEN,3.5100,2.6325,160.8625,150.3185,1.6637,Exact TP/SL are fixed from the actual T+1 opening/entry price,37,2026-11-04,False,2026-08-04,1.7100,1.6800,2.0000,ALCISTA FUERTE,10,771.3500,7.9100,52.5000,14.8700,SIDI_SHADOW_V1: Fund≥6.5 · DD60≥12% · RSI<40 · MACD↑ · Vol↓ · SPY20≤+1% · Abnormal20≤-10%,SIDI_SHADOW_V1,True
SJM,J.M. Smucker Company (The),Consumer Staples,Packaged Foods & Meats,2008-11-06,121.0000,121.3100,121.4200,119.9000,121.0000,2026-09-28,33.6100,19.3300,UP,-0.6118,-0.6539,-0.8985,True,0.2869,2.4750,0.7620,2.0450,121.6900,106.5300,122.8500,-0.5600,13.5800,True,2.2458,NEUTRO,-8.5700,-10.9600,132.3400,135.8900,135.8900,86.4700,-10.9600,39.9300,0.6840,True,True,115.5300,4,125.5600,False,-4.5200,HAMMER,7.7800,8.5000,8.5000,7.5000,6,8.5000,7.0000,False,True,False,True,True,True,4.0900,6.1400,1.5000,SIDI_SHADOW_V1,0.2808,-9.1395,-0.2922,1.1247,294,XLP,True,56.5421,11.0788,2.2477,1.4116,8.7560,0.0393,0.0626,0.0251,0.3795,0.0500,,120.6820,0.8700,1464337536.0000,229500000.0000,6.3806,12925604864,0.2630,3.3700,3.7000,106823183,5.2400,5.0000,4.2600,6.6600,0.1133,D/E:121,1,6.2600,False,True,False,False,False,False,DD12|FUND65|ABNORMAL20,False,7-15d,XLP,,PG|KO|PEP,inflation|input_costs|fx_rates,NEXT_SESSION_OPEN,0.7500,-5.0000,7,1.5000,5,EXIT_AT_OPEN_IF_OPEN_BELOW_SL,SL_FIRST,10,PENDING_NEXT_OPEN,2.4750,1.8563,122.8563,114.9500,1.5341,Exact TP/SL are fixed from the actual T+1 opening/entry price,57,2026-11-24,False,2026-08-26,3.2400,2.2200,46.2000,ALCISTA FUERTE,10,771.3500,7.9100,52.5000,14.8700,SIDI_SHADOW_V1: Fund≥6.5 · DD60≥12% · RSI<40 · MACD↑ · Vol↓ · SPY20≤+1% · Abnormal20≤-10%,SIDI_SHADOW_V1,True
DECK,Deckers Brands,Consumer Discretionary,Footwear,2024-03-18,78.6700,78.8900,79.6500,78.2500,78.6700,2026-09-28,30.2800,27.3700,UP,0.3773,0.3338,0.2655,True,0.2849,2.4329,0.7450,3.0920,90.1800,101.8600,81.8400,-12.7700,-22.7600,False,-0.5812,BAJISTA,-27.8500,-28.9900,109.0300,110.7800,122.2900,77.3700,-35.6700,1.6800,0.7570,False,False,77.3700,1,105.3400,True,-1.6500,HAMMER|DOJI,6.7200,5.0000,8.5000,5.0000,7,8.5000,7.0000,False,False,True,True,True,False,6.1800,9.2800,1.5000,SIDI_SHADOW_V1,0.2808,-0.7695,-0.3587,1.3276,294,XLY,True,11.1906,9.4491,4.6733,1.9383,7.2360,0.4256,0.2032,0.1836,0.5780,0.0570,0.0110,20.5210,2.7470,871420352.0000,1014840000.0000,0.8587,10713425920,1.1500,3.2000,,136181857,5.9400,2.5000,7.6900,7.9000,0.0813,OK,0,6.2500,False,True,False,False,False,False,VOLUME|FUND65|ABNORMAL20,False,3-7d,XLY,,AMZN|TSLA|HD,consumer_spending|employment_data|interest_rates,NEXT_SESSION_OPEN,0.7500,-5.0000,7,1.5000,5,EXIT_AT_OPEN_IF_OPEN_BELOW_SL,SL_FIRST,10,PENDING_NEXT_OPEN,2.4329,1.8247,80.4947,74.7365,2.3194,Exact TP/SL are fixed from the actual T+1 opening/entry price,24,2026-10-22,False,2026-07-23,0.9400,0.8700,7.6000,ALCISTA FUERTE,10,771.3500,7.9100,52.5000,14.8700,SIDI_SHADOW_V1: Fund≥6.5 · DD60≥12% · RSI<40 · MACD↑ · Vol↓ · SPY20≤+1% · Abnormal20≤-10%,SIDI_SHADOW_V1,True
IDXX,Idexx Laboratories,Health Care,Health Care Equipment,2017-01-05,519.2600,510.9400,520.1600,507.0100,519.2600,2026-09-28,39.5000,25.1200,UP,1.7064,1.2945,0.4765,True,0.4483,11.7714,0.6810,2.2670,546.7400,592.4100,523.6800,-5.0300,-12.3500,False,-3.1721,BAJISTA,-12.8400,-16.8100,595.7600,624.1500,769.9800,500.6100,-32.5600,3.7300,0.6510,True,True,520.9600,2,581.2800,True,0.3300,NONE,6.8000,5.0000,8.5000,7.5000,7,7.0000,5.0000,True,True,True,True,True,True,4.5300,6.8000,1.5000,SIDI_SHADOW_V1,0.2808,-0.0049,0.6239,0.8267,294,XLV,True,36.4905,31.0197,25.3979,8.9960,25.7800,0.7421,0.2708,0.2503,0.6245,0.0970,0.1760,67.9710,1.1720,909368384.0000,1139655936.0000,0.7979,40960786432,1.5380,3.8200,,78882997,5.8800,6.1800,7.5000,3.6500,0.0222,OK,0,6.2500,False,True,False,True,False,False,FUND65|ABNORMAL20,False,3-7d,XLV,,UNH|JNJ|LLY,fda_calendar|drug_pricing_policy|patent_cliffs,NEXT_SESSION_OPEN,0.7500,-5.0000,7,1.5000,5,EXIT_AT_OPEN_IF_OPEN_BELOW_SL,SL_FIRST,10,PENDING_NEXT_OPEN,11.7714,8.8285,528.0885,493.2970,1.7002,Exact TP/SL are fixed from the actual T+1 opening/entry price,35,2026-11-02,False,2026-08-04,4.2700,3.9300,8.5000,ALCISTA FUERTE,10,771.3500,7.9100,52.5000,14.8700,SIDI_SHADOW_V1: Fund≥6.5 · DD60≥12% · RSI<40 · MACD↑ · Vol↓ · SPY20≤+1% · Abnormal20≤-10%,SIDI_SHADOW_V1,True
TXN,Texas Instruments,Information Technology,Semiconductors,2001-03-12,278.0700,270.6100,278.6900,269.5300,278.0700,2026-09-28,69.5300,57.7300,UP,2.4435,2.1370,2.0994,True,1.0373,8.1686,0.7420,2.9380,270.7200,244.5200,267.2200,2.7200,13.7200,True,4.2759,ALCISTA,-10.2600,-11.3700,309.8700,313.7300,332.3300,150.2000,-16.3300,85.1300,0.6510,True,True,273.4000,3,284.9200,True,-1.6800,HAMMER|HAMMER,8.0000,10.0000,7.0000,7.5000,9,7.0000,7.0000,False,False,False,False,True,True,5.8800,8.8100,1.5000,SIDI_SHADOW_V1,0.2808,0.2916,0.6184,0.6389,294,XLK,True,42.1957,26.1225,14.0988,13.0544,27.4160,0.3518,0.1306,0.3111,0.5833,0.2280,0.5180,78.0360,4.8570,3545250048.0000,6016999936.0000,0.5892,253946789888,1.3140,3.6100,2.1900,913247686,5.0900,5.3600,6.2700,3.4100,0.0140,FCF/NI:0.59,1,6.2500,False,True,False,False,False,False,DD12|RSI40|FUND65|ABNORMAL20,False,10-18d,XLK,,AAPL|MSFT|NVDA,interest_rates|ai_capex_cycle|semiconductor_cycle,NEXT_SESSION_OPEN,0.7500,-5.0000,7,1.5000,5,EXIT_AT_OPEN_IF_OPEN_BELOW_SL,SL_FIRST,10,PENDING_NEXT_OPEN,8.1686,6.1265,284.1964,264.1665,2.2032,Exact TP/SL are fixed from the actual T+1 opening/entry price,29,2026-10-27,False,2026-07-22,2.1400,1.9400,10.5000,ALCISTA FUERTE,10,771.3500,7.9100,52.5000,14.8700,SIDI_SHADOW_V1: Fund≥6.5 · DD60≥12% · RSI<40 · MACD↑ · Vol↓ · SPY20≤+1% · Abnormal20≤-10%,SIDI_SHADOW_V1,True
YUM,Yum! Brands,Consumer Discretionary,Restaurants,1997-10-06,138.6300,136.9900,139.6300,136.4100,138.6300,2026-09-28,33.6300,27.1400,UP,-0.4068,-0.5553,-0.8584,True,0.2677,4.0305,0.9460,2.9070,147.1500,152.9100,142.6900,-5.7900,-9.3400,False,-0.1663,BAJISTA,-16.8100,-18.1100,166.6500,169.2900,169.2900,134.2600,-18.1100,3.2500,1.0090,False,False,134.2600,1,154.0800,True,-3.1500,BULL_ENGULF,6.4800,5.0000,8.5000,5.0000,7,6.5000,7.5000,False,False,True,True,True,False,5.8100,8.7200,1.5000,SIDI_SHADOW_V1,0.2808,-5.9130,-0.3608,0.3612,294,XLY,True,17.4377,20.0051,-5.2535,4.3376,16.4810,,0.2269,0.2541,0.4531,0.1220,1.3160,,0.5920,833249984.0000,2216000000.0000,0.3760,37832278016,0.5510,4.3300,2.1600,272901085,6.0900,10.0000,4.3200,3.6000,0.0220,FCF/NI:0.38,1,6.2500,False,True,False,False,False,False,VOLUME|FUND65|ABNORMAL20,False,3-7d,XLY,,AMZN|TSLA|HD,consumer_spending|employment_data|interest_rates,NEXT_SESSION_OPEN,0.7500,-5.0000,7,1.5000,5,EXIT_AT_OPEN_IF_OPEN_BELOW_SL,SL_FIRST,10,PENDING_NEXT_OPEN,4.0305,3.0229,141.6529,131.6985,2.1805,Exact TP/SL are fixed from the actual T+1 opening/entry price,36,2026-11-03,False,2026-07-30,1.6200,1.5600,3.7000,ALCISTA FUERTE,10,771.3500,7.9100,52.5000,14.8700,SIDI_SHADOW_V1: Fund≥6.5 · DD60≥12% · RSI<40 · MACD↑ · Vol↓ · SPY20≤+1% · Abnormal20≤-10%,SIDI_SHADOW_V1,True
MA,Mastercard,Financials,Transaction & Payment Processing Services,2008-07-18,567.6500,567.0800,568.7800,562.2900,567.6500,2026-09-28,40.0300,25.8500,UP,-1.7167,-2.3426,-3.1458,True,0.3777,8.8336,0.8050,1.5560,568.8200,531.0500,569.4300,-0.2100,6.8900,True,0.5871,NEUTRO,-5.3700,-5.5900,599.8600,601.2300,601.2300,463.7400,-5.5900,22.4100,0.9230,True,True,527.8400,3,556.9800,False,-7.0100,HAMMER|DOJI,6.9500,8.5000,7.0000,7.5000,6,5.0000,7.0000,False,False,False,False,True,True,3.1100,4.6700,1.5000,SIDI_SHADOW_V1,0.2808,1.6324,-0.4256,1.2051,294,XLF,True,31.1896,24.6538,88.7508,14.1740,22.9850,2.4120,0.2406,0.4634,1.0000,0.1410,0.2210,439.5830,1.0610,16961250304.0000,16257000448.0000,1.0433,497267048448,0.7350,2.7300,0.6100,869464115,5.7600,6.0100,6.8100,4.2300,0.0341,D/E:440,1,6.2400,False,True,False,False,False,False,DD12|RSI40|FUND65|ABNORMAL20,False,7-15d,XLF,,JPM|BAC|WFC,interest_rates|yield_curve|credit_spreads|loan_growth,NEXT_SESSION_OPEN,0.7500,-5.0000,7,1.5000,5,EXIT_AT_OPEN_IF_OPEN_BELOW_SL,SL_FIRST,10,PENDING_NEXT_OPEN,8.8336,6.6252,574.2752,539.2675,1.1671,Exact TP/SL are fixed from the actual T+1 opening/entry price,31,2026-10-29,False,2026-07-30,5.0400,4.7800,5.5000,ALCISTA FUERTE,10,771.3500,7.9100,52.5000,14.8700,SIDI_SHADOW_V1: Fund≥6.5 · DD60≥12% · RSI<40 · MACD↑ · Vol↓ · SPY20≤+1% · Abnormal20≤-10%,SIDI_SHADOW_V1,True
TKO,TKO Group Holdings,Communication Services,Movies & Entertainment,2025-03-24,182.6700,183.8900,185.2500,180.5500,182.6700,2026-09-28,46.6000,56.5700,DOWN,-0.6469,-0.3197,0.0591,False,0.1224,6.0090,1.0380,3.2900,187.9300,195.6800,188.5700,-2.8000,-6.6500,False,0.1402,BAJISTA,-9.0600,-9.6600,200.8700,202.2100,224.2300,173.2500,-18.5400,5.4400,1.0180,False,False,184.9000,1,188.6800,True,1.2200,HAMMER|DOJI,6.2000,5.5000,5.0000,5.0000,8,8.0000,7.0000,False,False,False,False,False,False,6.5800,9.8700,1.5000,SIDI_SHADOW_V1,0.2808,-1.0144,-0.0253,0.7151,294,XLC,True,64.0947,39.0215,3.9981,6.5211,14.0020,0.0706,0.0450,0.0433,0.5946,0.1820,0.1440,59.2160,1.2780,856147520.0000,229556000.0000,3.7296,34573897728,0.6430,8.0400,1.7300,73111098,6.2600,9.5600,5.2600,3.5800,0.0248,OK,0,6.2400,False,True,False,False,False,False,DD12|RSI40|MACD|VOLUME|FUND65|ABNORMAL20,False,3-7d,XLC,,GOOGL|META|NFLX,ad_spending_cycle|streaming_competition|regulation,NEXT_SESSION_OPEN,0.7500,-5.0000,7,1.5000,5,EXIT_AT_OPEN_IF_OPEN_BELOW_SL,SL_FIRST,10,PENDING_NEXT_OPEN,6.0090,4.5068,187.1767,173.5365,2.4672,Exact TP/SL are fixed from the actual T+1 opening/entry price,37,2026-11-04,False,2026-08-03,1.3400,1.0900,23.3000,ALCISTA FUERTE,10,771.3500,7.9100,52.5000,14.8700,SIDI_SHADOW_V1: Fund≥6.5 · DD60≥12% · RSI<40 · MACD↑ · Vol↓ · SPY20≤+1% · Abnormal20≤-10%,SIDI_SHADOW_V1,True
ANET,Arista Networks,Information Technology,Communications Equipment,2018-08-28,206.5500,208.8550,212.0000,205.5250,206.5500,2026-09-28,62.1700,53.4000,UP,0.9063,0.8952,0.8783,True,0.8908,7.5106,0.7990,3.6360,190.2300,157.0400,198.3400,8.5800,31.5300,True,4.5792,ALCISTA,-1.8800,-3.8800,210.5000,214.8900,214.8900,114.5200,-3.8800,80.3600,0.9180,True,True,186.1100,1,206.1300,False,-9.9000,BULL_ENGULF,7.3000,10.0000,7.0000,7.5000,4,7.0000,7.5000,False,False,False,False,True,True,7.2700,10.9100,1.5000,SIDI_SHADOW_V1,0.2808,-3.4119,-0.0627,1.1614,294,XLK,True,65.5714,39.8175,17.6042,24.7141,53.2720,0.3148,0.1412,0.3837,0.6300,0.3770,0.3570,,2.9570,3891512576.0000,4044600064.0000,0.9622,260505960448,1.6170,2.6200,,1261224648,5.5200,6.3200,6.8300,3.0400,0.0149,OK,0,6.2300,False,True,False,False,False,False,DD12|RSI40|FUND65|ABNORMAL20,False,10-18d,XLK,,AAPL|MSFT|NVDA,interest_rates|ai_capex_cycle|semiconductor_cycle,NEXT_SESSION_OPEN,0.7500,-5.0000,7,1.5000,5,EXIT_AT_OPEN_IF_OPEN_BELOW_SL,SL_FIRST,10,PENDING_NEXT_OPEN,7.5106,5.6330,212.1830,196.2225,2.7272,Exact TP/SL are fixed from the actual T+1 opening/entry price,36,2026-11-03,False,2026-08-04,1.0200,0.8900,15.2000,ALCISTA FUERTE,10,771.3500,7.9100,52.5000,14.8700,SIDI_SHADOW_V1: Fund≥6.5 · DD60≥12% · RSI<40 · MACD↑ · Vol↓ · SPY20≤+1% · Abnormal20≤-10%,SIDI_SHADOW_V1,True
CBRE,CBRE Group,Real Estate,Real Estate Services,2006-11-10,134.5500,136.6100,137.8700,134.4700,134.5500,2026-09-28,26.8000,32.5200,DOWN,-0.6243,-0.4954,-0.2415,False,0.0920,4.0329,0.9120,2.9970,144.8100,145.8600,141.0200,-7.0900,-7.7500,False,-1.0221,BAJISTA,-13.2300,-14.0500,155.0700,156.5500,174.2700,121.6900,-22.7900,10.5700,1.0090,False,False,133.6200,2,148.9700,True,-0.6900,HAMMER|DOJI,6.6000,5.0000,7.5000,5.0000,8,8.0000,7.0000,False,False,True,True,False,False,5.9900,8.9900,1.5000,SIDI_SHADOW_V1,0.2808,-1.7222,0.3430,1.0498,294,XLRE,True,30.7895,14.7933,4.6438,0.8914,22.1570,0.1580,0.0259,0.0298,0.1857,0.1550,-0.0420,117.7890,1.1410,1637624960.0000,1300999936.0000,1.2587,38962356224,1.1880,2.8400,,289575298,5.9900,5.0000,7.2400,5.6800,0.0420,D/E:118,1,6.2300,False,True,False,False,False,False,MACD|VOLUME|FUND65|ABNORMAL20,False,3-7d,XLRE,,PLD|AMT|EQIX,interest_rates|cap_rates|occupancy_trends,NEXT_SESSION_OPEN,0.7500,-5.0000,7,1.5000,5,EXIT_AT_OPEN_IF_OPEN_BELOW_SL,SL_FIRST,10,PENDING_NEXT_OPEN,4.0329,3.0247,137.5747,127.8225,2.2480,Exact TP/SL are fixed from the actual T+1 opening/entry price,24,2026-10-22,False,2026-07-29,1.5600,1.4700,5.8000,ALCISTA FUERTE,10,771.3500,7.9100,52.5000,14.8700,SIDI_SHADOW_V1: Fund≥6.5 · DD60≥12% · RSI<40 · MACD↑ · Vol↓ · SPY20≤+1% · Abnormal20≤-10%,SIDI_SHADOW_V1,True
FRT,Federal Realty Investment Trust,Real Estate,Retail REITs,2016-02-01,110.5200,110.4100,110.6200,109.3100,110.5200,2026-09-28,15.3800,21.7100,DOWN,-0.2600,-0.3605,-0.4197,True,0.2033,1.6821,0.9340,1.5220,118.1800,111.0300,113.3200,-6.4800,-0.4600,True,1.7900,BAJISTA,-13.0700,-13.8000,127.1300,128.2100,128.2100,87.2700,-13.8000,26.6500,1.5280,False,False,111.8500,2,126.3300,True,1.2000,HAMMER|DOJI,7.3800,7.0000,8.5000,7.0000,8,6.5000,7.0000,False,False,True,True,True,False,3.0400,4.5700,1.5000,SIDI_SHADOW_V1,0.2808,-1.8160,0.0258,0.7570,294,XLRE,True,22.3273,34.6425,2.9963,7.1934,17.6110,0.1255,0.0326,0.3266,0.6814,0.0720,-0.4560,134.1140,0.5640,456137632.0000,426705984.0000,1.0690,9606220800,0.9190,0.0200,4.2000,86389197,5.4700,3.5800,6.3300,6.6900,0.0475,D/E:134,1,6.2300,False,True,False,False,False,False,VOLUME|FUND65|ABNORMAL20,False,5-10d,XLRE,,PLD|AMT|EQIX,interest_rates|cap_rates|occupancy_trends,NEXT_SESSION_OPEN,0.7500,-5.0000,7,1.5000,5,EXIT_AT_OPEN_IF_OPEN_BELOW_SL,SL_FIRST,10,PENDING_NEXT_OPEN,1.6821,1.2616,111.7816,104.9940,1.1415,Exact TP/SL are fixed from the actual T+1 opening/entry price,32,2026-10-30,False,2026-07-31,0.9700,0.7200,35.3000,ALCISTA FUERTE,10,771.3500,7.9100,52.5000,14.8700,SIDI_SHADOW_V1: Fund≥6.5 · DD60≥12% · RSI<40 · MACD↑ · Vol↓ · SPY20≤+1% · Abnormal20≤-10%,SIDI_SHADOW_V1,True
FOX,Fox Corporation (Class B),Communication Services,Broadcasting,2019-03-19,56.5400,56.8600,57.1700,56.0500,56.5400,2026-09-28,41.2600,38.9400,UP,-0.4813,-0.4724,-0.4680,False,0.1239,1.4389,0.8740,2.5450,56.7400,56.5500,58.1600,-0.3600,-0.0200,True,0.0254,BAJISTA,-9.3600,-9.7100,62.3800,62.6200,67.4800,43.8600,-16.2100,28.9000,0.5210,True,True,56.2300,2,58.7500,True,-0.5500,HAMMER|DOJI,7.2000,7.0000,6.0000,7.5000,8,8.0000,7.0000,False,False,False,False,False,True,5.0900,7.6300,1.5000,SIDI_SHADOW_V1,0.2808,-11.9799,-0.7439,0.8721,294,XLC,True,14.7240,9.8416,2.0402,1.3921,7.0260,0.1429,0.0950,0.0984,0.3663,0.2810,0.0310,64.0600,3.1690,555374976.0000,1684999936.0000,0.3296,23841427456,0.5590,10.1100,1.0300,220248764,5.5700,6.2500,5.3000,5.1000,0.0233,FCF/NI:0.33,1,6.2200,False,True,True,False,False,False,DD12|RSI40|MACD|FUND65,False,3-7d,XLC,,GOOGL|META|NFLX,ad_spending_cycle|streaming_competition|regulation,NEXT_SESSION_OPEN,0.7500,-5.0000,7,1.5000,5,EXIT_AT_OPEN_IF_OPEN_BELOW_SL,SL_FIRST,10,PENDING_NEXT_OPEN,1.4389,1.0792,57.6192,53.7130,1.9087,Exact TP/SL are fixed from the actual T+1 opening/entry price,31,2026-10-29,False,2026-08-06,1.7900,1.3600,31.6000,ALCISTA FUERTE,10,771.3500,7.9100,52.5000,14.8700,SIDI_SHADOW_V1: Fund≥6.5 · DD60≥12% · RSI<40 · MACD↑ · Vol↓ · SPY20≤+1% · Abnormal20≤-10%,SIDI_SHADOW_V1,True
LH,Labcorp,Health Care,Health Care Services,2004-11-01,309.6400,308.2400,312.3000,306.5500,309.6400,2026-09-28,36.5700,37.5000,DOWN,-2.3590,-2.5498,-1.9213,True,0.2053,8.7479,1.1050,2.8250,316.4900,278.0800,317.6900,-2.1600,11.3500,True,2.1475,NEUTRO,-8.5600,-9.2100,338.6100,341.0700,341.0700,242.0700,-9.2100,27.9100,0.9960,False,False,305.4500,1,341.0700,True,-1.3500,NONE,6.7200,8.5000,7.5000,5.0000,7,6.5000,5.0000,False,False,False,True,True,False,5.6500,8.4800,1.5000,SIDI_SHADOW_V1,0.2808,-9.9339,0.1359,0.6840,294,XLV,True,25.5901,15.6087,2.9105,1.7502,13.7120,0.1173,0.0553,0.0699,0.2888,0.0580,0.2820,79.1240,1.7960,892049984.0000,1002300032.0000,0.8900,25111805952,0.8510,3.5000,0.9300,81100000,5.8800,6.4500,5.5700,5.5700,0.0355,OK,0,6.2200,False,True,False,False,False,False,DD12|VOLUME|FUND65|ABNORMAL20,False,7-15d,XLV,,UNH|JNJ|LLY,fda_calendar|drug_pricing_policy|patent_cliffs,NEXT_SESSION_OPEN,0.7500,-5.0000,7,1.5000,5,EXIT_AT_OPEN_IF_OPEN_BELOW_SL,SL_FIRST,10,PENDING_NEXT_OPEN,8.7479,6.5609,316.2009,294.1580,2.1189,Exact TP/SL are fixed from the actual T+1 opening/entry price,29,2026-10-27,False,2026-07-30,4.9900,4.7700,4.7000,ALCISTA FUERTE,10,771.3500,7.9100,52.5000,14.8700,SIDI_SHADOW_V1: Fund≥6.5 · DD60≥12% · RSI<40 · MACD↑ · Vol↓ · SPY20≤+1% · Abnormal20≤-10%,SIDI_SHADOW_V1,True
ZBRA,Zebra Technologies,Information Technology,Electronic Equipment & Instruments,2019-12-23,370.0400,366.2100,374.0100,365.0200,370.0400,2026-09-28,54.5500,43.6000,UP,0.9870,0.4586,-1.3569,True,0.9677,10.6893,0.8890,2.8890,339.7100,264.5300,355.1000,8.9300,39.8800,True,4.1267,ALCISTA,-3.4000,-4.1900,383.0600,386.2300,386.2300,199.0500,-4.1900,85.9000,0.9650,True,True,350.3600,1,386.2300,False,-5.3200,NONE,6.7500,10.0000,7.0000,7.5000,4,5.0000,5.0000,False,False,False,False,True,True,5.7800,8.6700,1.5000,SIDI_SHADOW_V1,0.2808,-2.9823,1.7248,-0.0017,294,XLK,True,33.8864,16.6687,5.1051,3.0146,17.1550,0.1529,0.0732,0.0922,0.4958,0.2040,1.2150,86.2300,0.5160,576750016.0000,539000000.0000,1.0700,17626261504,1.6070,3.3200,,47633392,5.8700,7.2300,4.6800,5.6700,0.0327,D/E:86,1,6.2200,False,True,False,False,False,False,DD12|RSI40|FUND65|ABNORMAL20,False,10-18d,XLK,,AAPL|MSFT|NVDA,interest_rates|ai_capex_cycle|semiconductor_cycle,NEXT_SESSION_OPEN,0.7500,-5.0000,7,1.5000,5,EXIT_AT_OPEN_IF_OPEN_BELOW_SL,SL_FIRST,10,PENDING_NEXT_OPEN,10.6893,8.0170,378.0570,351.5380,2.1665,Exact TP/SL are fixed from the actual T+1 opening/entry price,36,2026-11-03,False,2026-08-04,6.3500,4.3800,45.1000,ALCISTA FUERTE,10,771.3500,7.9100,52.5000,14.8700,SIDI_SHADOW_V1: Fund≥6.5 · DD60≥12% · RSI<40 · MACD↑ · Vol↓ · SPY20≤+1% · Abnormal20≤-10%,SIDI_SHADOW_V1,True
MCHP,Microchip Technology,Information Technology,Semiconductors,2007-09-07,78.6900,75.2000,78.9600,74.9300,78.6900,2026-09-28,60.6600,50.9000,UP,0.8665,0.6452,0.5724,True,1.1570,2.6479,0.7080,3.3650,75.8900,77.8700,74.3800,3.6900,1.0500,False,2.5086,ALCISTA,-10.6400,-12.8600,88.0600,90.3100,104.7500,47.2800,-24.8800,66.4300,1.1450,True,True,77.5300,1,99.3300,True,-1.4700,HAMMER,7.4000,8.5000,7.0000,7.5000,7,7.0000,7.0000,False,False,False,False,True,True,6.7300,10.0900,1.5000,SIDI_SHADOW_V1,0.2808,3.6088,0.6456,0.9941,294,XLK,True,114.0435,17.1679,6.6237,8.3418,31.7750,0.0719,0.0354,0.0934,0.6019,0.3800,,83.6880,1.9210,1364762496.0000,367200000.0000,3.7167,42729357312,1.7360,4.0700,2.3100,543008691,5.4100,7.0800,4.5600,4.4700,0.0319,D/E:84,1,6.2100,False,True,False,False,False,False,DD12|RSI40|FUND65|ABNORMAL20,False,10-18d,XLK,,AAPL|MSFT|NVDA,interest_rates|ai_capex_cycle|semiconductor_cycle,NEXT_SESSION_OPEN,0.7500,-5.0000,7,1.5000,5,EXIT_AT_OPEN_IF_OPEN_BELOW_SL,SL_FIRST,10,PENDING_NEXT_OPEN,2.6479,1.9859,80.6759,74.7555,2.5237,Exact TP/SL are fixed from the actual T+1 opening/entry price,38,2026-11-05,False,2026-08-06,0.7600,0.7000,8.7000,ALCISTA FUERTE,10,771.3500,7.9100,52.5000,14.8700,SIDI_SHADOW_V1: Fund≥6.5 · DD60≥12% · RSI<40 · MACD↑ · Vol↓ · SPY20≤+1% · Abnormal20≤-10%,SIDI_SHADOW_V1,True
FOXA,Fox Corporation (Class A),Communication Services,Broadcasting,2019-03-19,63.0700,63.6000,63.6000,62.6200,63.0700,2026-09-28,40.5000,39.3000,UP,-0.5575,-0.5377,-0.5371,False,0.0969,1.6057,0.8470,2.5460,63.5900,63.0200,65.0900,-0.8100,0.0700,True,0.0503,NEUTRO,-9.9300,-10.7100,70.0200,70.6400,75.6800,48.1300,-16.6700,31.0500,0.7150,True,True,62.8700,2,64.3700,True,-0.3200,HAMMER|HAMMER|DOJI,7.3500,8.5000,6.0000,7.5000,7,8.0000,7.0000,False,False,False,False,False,True,5.0900,7.6400,1.5000,SIDI_SHADOW_V1,0.2808,-11.6564,-0.6540,0.7932,294,XLC,True,16.4245,10.7857,2.2758,1.5529,7.7320,0.1429,0.0950,0.0984,0.3663,0.2810,0.0310,64.0600,3.1690,555374976.0000,1684999936.0000,0.3296,26594955264,0.5590,8.9700,0.9200,201424858,5.4400,6.2500,5.3000,4.6700,0.0209,FCF/NI:0.33,1,6.2000,False,True,True,False,False,False,DD12|RSI40|MACD|FUND65,False,7-15d,XLC,,GOOGL|META|NFLX,ad_spending_cycle|streaming_competition|regulation,NEXT_SESSION_OPEN,0.7500,-5.0000,7,1.5000,5,EXIT_AT_OPEN_IF_OPEN_BELOW_SL,SL_FIRST,10,PENDING_NEXT_OPEN,1.6057,1.2043,64.2743,59.9165,1.9094,Exact TP/SL are fixed from the actual T+1 opening/entry price,31,2026-10-29,False,2026-08-06,1.7900,1.3800,29.3000,ALCISTA FUERTE,10,771.3500,7.9100,52.5000,14.8700,SIDI_SHADOW_V1: Fund≥6.5 · DD60≥12% · RSI<40 · MACD↑ · Vol↓ · SPY20≤+1% · Abnormal20≤-10%,SIDI_SHADOW_V1,True
SPGI,S&P Global,Financials,Financial Exchanges & Data,1957-03-04,403.3000,402.2500,405.5700,398.7400,403.3000,2026-09-28,20.0300,31.7100,DOWN,-1.8727,-2.2272,-3.1264,True,0.2587,9.3143,0.7590,2.3100,421.0700,424.3400,413.5200,-4.2200,-4.9600,False,-1.0520,BAJISTA,-11.6300,-12.5100,456.3600,460.9800,518.8800,358.5500,-22.2800,12.4800,0.7320,True,True,407.0700,3,430.1000,True,0.9400,HAMMER,7.6700,5.0000,8.5000,7.5000,10,8.5000,7.0000,False,True,False,True,True,True,4.6200,6.9300,1.5000,SIDI_SHADOW_V1,0.2808,1.9048,-0.4843,1.4782,294,XLF,True,24.5765,19.9463,3.7743,7.3746,16.6580,0.1426,0.0703,0.3054,0.7090,0.1040,0.1770,42.9800,0.9540,5448249856.0000,4922999808.0000,1.1067,118892838912,1.0770,3.5400,0.9600,294800000,5.2200,4.3900,5.7400,5.5900,0.0458,OK,0,6.2000,False,True,False,False,False,False,DD12|FUND65|ABNORMAL20,False,5-10d,XLF,,JPM|BAC|WFC,interest_rates|yield_curve|credit_spreads|loan_growth,NEXT_SESSION_OPEN,0.7500,-5.0000,7,1.5000,5,EXIT_AT_OPEN_IF_OPEN_BELOW_SL,SL_FIRST,10,PENDING_NEXT_OPEN,9.3143,6.9857,410.2857,383.1350,1.7321,Exact TP/SL are fixed from the actual T+1 opening/entry price,31,2026-10-29,False,2026-07-28,4.8700,5.0200,-2.9000,ALCISTA FUERTE,10,771.3500,7.9100,52.5000,14.8700,SIDI_SHADOW_V1: Fund≥6.5 · DD60≥12% · RSI<40 · MACD↑ · Vol↓ · SPY20≤+1% · Abnormal20≤-10%,SIDI_SHADOW_V1,True
BALL,Ball Corporation,Materials,"Metal, Glass & Plastic Containers",1984-10-31,56.8300,56.7500,57.2200,56.3000,56.8300,2026-09-28,20.0200,27.2700,DOWN,-0.4346,-0.3770,-0.1798,False,-0.0049,1.2443,0.8770,2.1890,62.2100,59.5300,60.2300,-8.6400,-4.5300,True,2.2477,BAJISTA,-14.7700,-15.6000,66.6800,67.3400,67.6200,44.2100,-15.9600,28.5400,0.9610,False,False,56.9100,2,61.9400,True,0.1400,HAMMER|DOJI,7.0000,7.0000,7.5000,5.0000,8,8.0000,7.0000,False,False,True,True,False,False,4.3800,6.5700,1.5000,SIDI_SHADOW_V1,0.2808,-5.8080,-0.0562,0.7044,294,XLB,True,16.2837,12.5653,2.6171,1.0562,10.6670,0.1715,0.0463,0.0661,0.1863,0.1970,0.0920,131.4950,1.0690,379875008.0000,945000000.0000,0.4020,15130789888,0.9510,4.5500,1.4100,266246511,5.6500,7.0000,4.3900,5.5600,0.0251,FCF/NI:0.40|D/E:131,2,6.1900,False,True,False,False,False,False,MACD|VOLUME|FUND65|ABNORMAL20,False,3-7d,XLB,,LIN|APD|ECL,commodity_prices|dxy|china_demand|energy_costs,NEXT_SESSION_OPEN,0.7500,-5.0000,7,1.5000,5,EXIT_AT_OPEN_IF_OPEN_BELOW_SL,SL_FIRST,10,PENDING_NEXT_OPEN,1.2443,0.9332,57.7632,53.9885,1.6421,Exact TP/SL are fixed from the actual T+1 opening/entry price,36,2026-11-03,False,2026-08-04,1.0300,0.9900,4.3000,ALCISTA FUERTE,10,771.3500,7.9100,52.5000,14.8700,SIDI_SHADOW_V1: Fund≥6.5 · DD60≥12% · RSI<40 · MACD↑ · Vol↓ · SPY20≤+1% · Abnormal20≤-10%,SIDI_SHADOW_V1,True
GEHC,GE HealthCare,Health Care,Health Care Equipment,2023-01-04,66.6300,66.2000,67.0100,65.7500,66.6300,2026-09-28,39.0000,13.5700,UP,0.1549,0.0423,-0.2614,True,0.4973,1.5372,0.8000,2.3070,68.4000,71.7000,66.7300,-2.5900,-7.0700,False,-1.4545,BAJISTA,-10.9500,-11.9200,74.8200,75.6500,89.6400,58.7200,-25.6700,13.4800,1.1810,True,True,63.0000,1,66.1600,False,-5.4600,HAMMER|DOJI|HAMMER,6.4000,5.0000,8.5000,7.5000,5,5.0000,7.0000,False,True,False,True,True,True,4.6100,6.9200,1.5000,SIDI_SHADOW_V1,0.2808,-5.4441,0.3485,1.0241,294,XLV,True,15.3525,12.3111,2.7422,1.4253,10.7990,0.1938,0.0513,0.0933,0.3953,0.0580,0.1680,93.9650,1.2640,1573124992.0000,1984999936.0000,0.7925,30309437440,0.8210,6.0100,0.2400,454891786,6.0300,4.4200,6.1700,7.7600,0.0519,D/E:94,1,6.1800,False,True,False,False,False,False,DD12|FUND65|ABNORMAL20,False,3-7d,XLV,,UNH|JNJ|LLY,fda_calendar|drug_pricing_policy|patent_cliffs,NEXT_SESSION_OPEN,0.7500,-5.0000,7,1.5000,5,EXIT_AT_OPEN_IF_OPEN_BELOW_SL,SL_FIRST,10,PENDING_NEXT_OPEN,1.5372,1.1529,67.7829,63.2985,1.7303,Exact TP/SL are fixed from the actual T+1 opening/entry price,30,2026-10-28,False,2026-07-29,1.1300,1.0400,9.1000,ALCISTA FUERTE,10,771.3500,7.9100,52.5000,14.8700,SIDI_SHADOW_V1: Fund≥6.5 · DD60≥12% · RSI<40 · MACD↑ · Vol↓ · SPY20≤+1% · Abnormal20≤-10%,SIDI_SHADOW_V1,True
PAYX,Paychex,Industrials,Human Resource & Employment Services,1998-10-01,101.3700,101.1800,102.0900,100.3200,101.3700,2026-09-28,13.5000,24.2700,DOWN,-2.1139,-1.9259,-0.9060,False,-0.0124,3.2521,0.9800,3.2080,118.2100,102.5200,114.2300,-14.2400,-1.1300,True,0.9142,BAJISTA,-20.3900,-20.7900,127.3400,127.9800,127.9800,83.5000,-20.7900,21.4100,1.1720,False,False,96.2600,1,102.0500,False,-5.0400,HAMMER,6.5500,7.0000,7.5000,5.0000,5,8.0000,7.0000,False,False,True,True,False,False,6.4200,9.6200,1.5000,SIDI_SHADOW_V1,0.2808,-29.0382,0.3930,-0.6944,294,XLI,True,20.1131,15.8674,9.6506,5.4655,12.9220,0.4706,0.1019,0.2735,0.7439,0.0590,0.1390,124.7040,1.2770,1887112448.0000,1806000000.0000,1.0449,36085743616,0.8080,8.5800,4.7000,355980473,5.9300,4.0100,6.9200,7.0100,0.0523,D/E:125,1,6.1800,False,True,True,False,False,False,MACD|VOLUME|FUND65,False,3-7d,XLI,,CAT|UNP|HON,pmi_manufacturing|supply_chain|capex_cycle,NEXT_SESSION_OPEN,0.7500,-5.0000,7,1.5000,5,EXIT_AT_OPEN_IF_OPEN_BELOW_SL,SL_FIRST,10,PENDING_NEXT_OPEN,3.2521,2.4391,103.8091,96.3015,2.4061,Exact TP/SL are fixed from the actual T+1 opening/entry price,81,2026-12-18,False,2026-09-23,1.3400,1.3200,1.6000,ALCISTA FUERTE,10,771.3500,7.9100,52.5000,14.8700,SIDI_SHADOW_V1: Fund≥6.5 · DD60≥12% · RSI<40 · MACD↑ · Vol↓ · SPY20≤+1% · Abnormal20≤-10%,SIDI_SHADOW_V1,True
TFC,Truist Financial,Financials,Diversified Banks,1997-12-04,47.6600,47.2800,47.8800,47.1700,47.6600,2026-09-28,23.9200,37.9400,DOWN,-0.2532,-0.2971,-0.2153,True,0.1688,1.1079,1.0820,2.3250,50.6900,49.0800,49.1700,-5.9700,-2.8900,True,1.0553,BAJISTA,-10.2400,-11.2300,53.1000,53.6900,54.5200,39.1000,-12.5800,21.8800,0.9410,False,False,47.4600,2,48.8100,True,-0.4200,HAMMER|DOJI,6.9800,7.0000,8.5000,5.0000,8,6.5000,7.0000,False,False,False,True,True,False,4.6500,6.9700,1.5000,SIDI_SHADOW_V1,0.2808,1.4519,-0.0160,1.1475,294,XLF,True,10.9563,9.5636,0.9921,3.0598,,0.0906,0.0106,0.3069,0.0000,0.0820,0.3670,,,,5533000192.0000,,58222706688,0.8620,4.5400,4.3600,1221626188,5.6300,6.6200,4.3100,6.0200,,OK,0,6.1700,False,True,False,False,False,False,DD12|VOLUME|FUND65|ABNORMAL20,False,5-10d,XLF,,JPM|BAC|WFC,interest_rates|yield_curve|credit_spreads|loan_growth,NEXT_SESSION_OPEN,0.7500,-5.0000,7,1.5000,5,EXIT_AT_OPEN_IF_OPEN_BELOW_SL,SL_FIRST,10,PENDING_NEXT_OPEN,1.1079,0.8309,48.4909,45.2770,1.7434,Exact TP/SL are fixed from the actual T+1 opening/entry price,18,2026-10-16,False,2026-07-17,1.2300,1.0800,13.8000,ALCISTA FUERTE,10,771.3500,7.9100,52.5000,14.8700,SIDI_SHADOW_V1: Fund≥6.5 · DD60≥12% · RSI<40 · MACD↑ · Vol↓ · SPY20≤+1% · Abnormal20≤-10%,SIDI_SHADOW_V1,True
AES,AES Corporation,Utilities,Independent Power Producers & Energy Traders,1998-10-02,14.8700,14.8800,14.8900,14.8500,14.8700,2026-09-28,66.6700,69.2300,DOWN,0.0003,-0.0017,-0.0015,True,0.9611,0.0429,0.7980,0.2880,14.7400,14.4100,14.8100,0.8700,3.2100,True,0.9879,ALCISTA,0.0000,-0.1300,14.8700,14.8900,17.2300,12.3500,-13.6900,20.3600,0.6780,False,False,14.5700,22,,True,-2.0400,NONE,7.1000,10.0000,6.0000,5.0000,9,7.0000,5.0000,False,False,False,False,True,False,0.5800,0.8600,1.5000,SIDI_SHADOW_V1,0.2808,-0.0425,0.0761,0.0121,294,XLU,True,5.5693,6.2729,2.1457,0.8124,12.1820,0.0957,0.0296,0.1434,0.2027,0.1990,,256.8860,0.7460,-3089125120.0000,1911000064.0000,-1.6165,10604654592,0.9500,2.4200,4.7300,713157713,5.5300,7.5000,4.0400,4.9600,-0.2913,FCF/NI:-1.62|D/E:257,2,6.1600,False,True,False,False,False,False,DD12|RSI40|VOLUME|FUND65|ABNORMAL20,False,10-18d,XLU,,NEE|DUK|SO,interest_rates|regulatory_environment,NEXT_SESSION_OPEN,0.7500,-5.0000,7,1.5000,5,EXIT_AT_OPEN_IF_OPEN_BELOW_SL,SL_FIRST,10,PENDING_NEXT_OPEN,0.0429,0.0322,14.9022,14.1265,0.2164,Exact TP/SL are fixed from the actual T+1 opening/entry price,37,2026-11-04,False,2026-08-04,0.4400,0.4700,-6.0000,ALCISTA FUERTE,10,771.3500,7.9100,52.5000,14.8700,SIDI_SHADOW_V1: Fund≥6.5 · DD60≥12% · RSI<40 · MACD↑ · Vol↓ · SPY20≤+1% · Abnormal20≤-10%,SIDI_SHADOW_V1,True
KDP,Keurig Dr Pepper,Consumer Staples,Soft Drinks & Non-alcoholic Beverages,2022-06-21,31.9500,30.8800,31.9600,30.7200,31.9500,2026-09-28,44.7200,35.6800,UP,-0.0605,-0.1217,-0.1509,True,0.5741,0.7350,0.8410,2.3000,31.2000,29.1500,31.5400,2.4100,9.6200,True,1.7029,ALCISTA,-4.0500,-5.4700,33.3000,33.8000,33.8200,24.4300,-5.5300,30.7700,0.8770,True,True,31.6000,1,32.0800,True,-1.1000,NONE,7.2000,10.0000,7.0000,7.5000,7,5.0000,5.0000,False,False,False,False,True,True,4.6000,6.9000,1.5000,SIDI_SHADOW_V1,0.2808,1.3094,0.0711,1.0649,294,XLP,True,32.2727,12.6051,1.7369,2.1642,17.4940,0.0510,0.0338,0.0710,0.5096,0.7560,-0.9000,99.6490,0.4790,4607249920.0000,1344999936.0000,3.4255,43478392832,0.4140,8.7500,2.8800,1360826038,5.4600,5.0000,4.3600,7.2700,0.1060,D/E:100,1,6.1600,False,True,False,False,False,False,DD12|RSI40|FUND65|ABNORMAL20,False,10-18d,XLP,,PG|KO|PEP,inflation|input_costs|fx_rates,NEXT_SESSION_OPEN,0.7500,-5.0000,7,1.5000,5,EXIT_AT_OPEN_IF_OPEN_BELOW_SL,SL_FIRST,10,PENDING_NEXT_OPEN,0.7350,0.5513,32.5012,30.3525,1.7254,Exact TP/SL are fixed from the actual T+1 opening/entry price,28,2026-10-26,False,2026-08-06,0.5700,0.5400,6.2000,ALCISTA FUERTE,10,771.3500,7.9100,52.5000,14.8700,SIDI_SHADOW_V1: Fund≥6.5 · DD60≥12% · RSI<40 · MACD↑ · Vol↓ · SPY20≤+1% · Abnormal20≤-10%,SIDI_SHADOW_V1,True
CDNS,Cadence Design Systems,Information Technology,Application Software,2017-09-18,326.1300,324.9700,330.8100,322.7800,326.1300,2026-09-28,70.5300,16.5300,UP,5.8513,4.7094,1.6869,True,0.8296,9.5143,0.7580,2.9170,318.3800,325.5300,304.0500,2.4400,0.1800,False,-0.5026,ALCISTA,-15.5000,-16.5900,385.9500,391.0000,416.6900,262.7500,-21.7300,24.1200,1.0080,False,False,331.5600,1,347.7200,True,1.6600,NONE,6.6000,8.0000,7.0000,5.0000,7,7.0000,5.0000,False,False,True,False,True,False,5.8300,8.7500,1.5000,SIDI_SHADOW_V1,0.2808,-7.2849,0.2808,0.6624,294,XLK,True,64.9661,34.1225,13.0965,15.4090,42.1790,0.2323,0.1061,0.2361,0.8587,0.2420,1.2540,38.6610,1.7430,1609676544.0000,1377993984.0000,1.1681,89951870976,1.1370,1.8100,,275816000,5.8500,7.7300,6.1000,3.3600,0.0179,OK,0,6.1500,False,True,False,False,False,False,RSI40|VOLUME|FUND65|ABNORMAL20,False,10-18d,XLK,,AAPL|MSFT|NVDA,interest_rates|ai_capex_cycle|semiconductor_cycle,NEXT_SESSION_OPEN,0.7500,-5.0000,7,1.5000,5,EXIT_AT_OPEN_IF_OPEN_BELOW_SL,SL_FIRST,10,PENDING_NEXT_OPEN,9.5143,7.1357,333.2657,309.8235,2.1880,Exact TP/SL are fixed from the actual T+1 opening/entry price,28,2026-10-26,False,2026-07-27,2.1100,2.0600,2.7000,ALCISTA FUERTE,10,771.3500,7.9100,52.5000,14.8700,SIDI_SHADOW_V1: Fund≥6.5 · DD60≥12% · RSI<40 · MACD↑ · Vol↓ · SPY20≤+1% · Abnormal20≤-10%,SIDI_SHADOW_V1,True
BAX,Baxter International,Health Care,Health Care Equipment,1972-09-30,23.3700,23.4300,23.7100,23.2000,23.3700,2026-09-28,21.6600,12.2400,UP,-0.0787,-0.1121,-0.2173,True,0.2935,0.7307,0.8050,3.1270,25.0900,20.6900,24.1100,-6.8600,12.9300,True,2.9540,NEUTRO,-17.5300,-22.0700,28.3400,29.9900,29.9900,15.7200,-22.0700,48.7000,1.0240,False,False,21.2800,3,23.6100,False,-8.9500,HAMMER|DOJI|HAMMER,7.1700,8.5000,9.5000,5.0000,6,6.5000,7.0000,False,False,True,True,True,False,6.2500,9.3800,1.5000,SIDI_SHADOW_V1,0.2808,-13.0550,0.9120,0.9668,294,XLV,True,,11.4761,1.9469,1.0534,10.3890,-0.1437,0.0285,-0.0927,0.3410,0.0530,0.3680,156.4490,1.9460,1000374976.0000,-968000000.0000,-1.0334,12082196480,0.5950,4.7300,0.1700,516995999,5.4400,6.7100,2.5500,7.3300,0.0828,FCF/NI:-1.03|D/E:156|ROE:-14.4%,3,6.1300,False,True,True,False,False,False,VOLUME|FUND65,False,7-15d,XLV,,UNH|JNJ|LLY,fda_calendar|drug_pricing_policy|patent_cliffs,NEXT_SESSION_OPEN,0.7500,-5.0000,7,1.5000,5,EXIT_AT_OPEN_IF_OPEN_BELOW_SL,SL_FIRST,10,PENDING_NEXT_OPEN,0.7307,0.5480,23.9180,22.2015,2.3450,Exact TP/SL are fixed from the actual T+1 opening/entry price,31,2026-10-29,False,2026-07-30,0.5600,0.3700,52.5000,ALCISTA FUERTE,10,771.3500,7.9100,52.5000,14.8700,SIDI_SHADOW_V1: Fund≥6.5 · DD60≥12% · RSI<40 · MACD↑ · Vol↓ · SPY20≤+1% · Abnormal20≤-10%,SIDI_SHADOW_V1,True
TT,Trane Technologies,Industrials,Building Products,2010-11-17,454.4400,444.3900,455.9800,442.5000,454.4400,2026-09-28,54.9700,34.0400,UP,2.7418,1.4274,0.3729,True,0.9492,10.8864,0.8250,2.3960,455.2300,444.3600,440.7100,-0.1700,2.2700,True,0.6373,NEUTRO,-6.5100,-7.7400,486.0900,492.5500,504.6800,345.6200,-9.9500,31.4900,1.3390,True,True,462.2500,4,450.0000,True,1.7200,NONE,7.6000,8.5000,7.0000,9.5000,9,5.0000,5.0000,False,False,False,False,True,True,4.7900,7.1900,1.5000,SIDI_SHADOW_V1,0.2808,6.0857,-0.1195,1.3489,294,XLI,True,33.8881,25.8609,11.6100,4.5019,23.9780,0.3664,0.1100,0.1328,0.3539,0.1060,0.0710,53.4040,1.0730,3121687552.0000,2999600128.0000,1.0407,99987333120,1.1970,3.4300,0.9200,220023177,5.1500,3.9800,6.7800,4.6100,0.0312,OK,0,6.1300,False,True,False,False,False,False,DD12|RSI40|FUND65|ABNORMAL20,False,7-15d,XLI,,CAT|UNP|HON,pmi_manufacturing|supply_chain|capex_cycle,NEXT_SESSION_OPEN,0.7500,-5.0000,7,1.5000,5,EXIT_AT_OPEN_IF_OPEN_BELOW_SL,SL_FIRST,10,PENDING_NEXT_OPEN,10.8864,8.1648,462.6048,431.7180,1.7967,Exact TP/SL are fixed from the actual T+1 opening/entry price,31,2026-10-29,False,2026-07-30,4.3100,4.2600,1.1000,ALCISTA FUERTE,10,771.3500,7.9100,52.5000,14.8700,SIDI_SHADOW_V1: Fund≥6.5 · DD60≥12% · RSI<40 · MACD↑ · Vol↓ · SPY20≤+1% · Abnormal20≤-10%,SIDI_SHADOW_V1,True
DPZ,Domino's,Consumer Discretionary,Restaurants,2020-05-12,292.1400,293.5000,294.2200,287.4800,292.1400,2026-09-28,19.5300,20.5500,DOWN,-2.3557,-2.7632,-3.7101,True,0.2003,9.0757,0.7770,3.1070,332.0100,352.7900,311.2300,-12.0100,-17.1900,False,-2.4093,BAJISTA,-20.0400,-21.0200,365.3700,369.8700,434.7300,280.2700,-32.8000,4.2400,0.7460,True,True,294.5100,3,316.8100,True,0.8100,HAMMER|DOJI|HAMMER,7.5200,5.0000,8.5000,7.5000,9,8.5000,7.0000,True,True,True,True,True,True,6.2100,9.3200,1.5000,SIDI_SHADOW_V1,0.2808,-6.9385,-0.8761,0.7885,294,XLY,True,16.5518,14.0049,-2.4258,1.9222,14.2870,,0.3389,0.1186,0.2871,0.0430,0.0680,,1.5380,531496512.0000,596523008.0000,0.8910,9664498688,0.9460,4.0200,2.7200,33081735,5.1900,3.6500,5.8500,6.2200,0.0550,OK,0,6.1200,False,True,False,True,False,False,FUND65|ABNORMAL20,False,5-10d,XLY,,AMZN|TSLA|HD,consumer_spending|employment_data|interest_rates,NEXT_SESSION_OPEN,0.7500,-5.0000,7,1.5000,5,EXIT_AT_OPEN_IF_OPEN_BELOW_SL,SL_FIRST,10,PENDING_NEXT_OPEN,9.0757,6.8068,298.9468,277.5330,2.3300,Exact TP/SL are fixed from the actual T+1 opening/entry price,15,2026-10-13,False,2026-07-20,4.0700,4.1700,-2.4000,ALCISTA FUERTE,10,771.3500,7.9100,52.5000,14.8700,SIDI_SHADOW_V1: Fund≥6.5 · DD60≥12% · RSI<40 · MACD↑ · Vol↓ · SPY20≤+1% · Abnormal20≤-10%,SIDI_SHADOW_V1,True
FDX,FedEx,Industrials,Air Freight & Logistics,1980-12-31,285.8500,281.0000,286.6000,279.2300,285.8500,2026-09-28,23.1000,27.9900,DOWN,-2.9825,-3.1732,-2.3586,True,0.0893,7.1687,0.9060,2.5080,314.9700,295.3700,304.3300,-9.2500,-3.2200,True,3.3219,BAJISTA,-15.4300,-16.0100,338.0200,340.3500,342.7300,177.9700,-16.6000,60.6200,1.2100,False,False,288.5700,2,340.2800,True,0.9500,NONE,7.0000,7.0000,8.5000,5.0000,8,8.0000,5.0000,False,False,True,True,True,False,5.0200,7.5200,1.5000,SIDI_SHADOW_V1,0.2808,-12.4144,0.3428,0.6707,294,XLI,True,15.4097,13.7036,2.1678,0.7142,8.1910,0.1485,0.0501,0.0468,0.2732,0.1250,-0.0430,135.6970,1.4750,5656625152.0000,4425999872.0000,1.2780,67652243456,1.3640,3.4300,1.7100,236670435,5.5300,3.4900,4.8700,8.6700,0.0836,D/E:136,1,6.1200,False,True,True,False,False,False,VOLUME|FUND65,False,5-10d,XLI,,CAT|UNP|HON,pmi_manufacturing|supply_chain|capex_cycle,NEXT_SESSION_OPEN,0.7500,-5.0000,7,1.5000,5,EXIT_AT_OPEN_IF_OPEN_BELOW_SL,SL_FIRST,10,PENDING_NEXT_OPEN,7.1687,5.3765,291.2265,271.5575,1.8809,Exact TP/SL are fixed from the actual T+1 opening/entry price,30,2026-10-12,False,2026-06-23,6.3100,5.9200,6.5000,ALCISTA FUERTE,10,771.3500,7.9100,52.5000,14.8700,SIDI_SHADOW_V1: Fund≥6.5 · DD60≥12% · RSI<40 · MACD↑ · Vol↓ · SPY20≤+1% · Abnormal20≤-10%,SIDI_SHADOW_V1,True
MDLZ,Mondelez International,Consumer Staples,Packaged Foods & Meats,2012-10-02,60.2500,60.5900,60.7000,60.0000,60.2500,2026-09-28,42.0400,37.6000,UP,-0.1818,-0.1531,-0.1994,False,0.0183,1.1529,0.7820,1.9130,62.1000,58.9300,61.6100,-2.9800,2.2500,True,1.1759,NEUTRO,-7.2900,-9.6000,64.9900,66.6500,66.6500,50.3400,-9.6000,19.6900,0.6940,True,True,57.8000,2,65.5500,False,-4.0700,NONE,7.0000,8.5000,6.0000,7.5000,4,10.0000,5.0000,False,False,False,False,False,True,3.8300,5.7400,1.5000,SIDI_SHADOW_V1,0.2808,-2.0440,-0.2295,1.1508,294,XLP,True,22.0696,17.9306,2.8962,1.9493,16.0020,0.1334,0.0412,0.0886,0.3115,0.0410,1.4490,82.6430,0.5990,2252375040.0000,3516000000.0000,0.6406,77339901952,0.4020,3.8700,3.4500,1283649766,5.5400,6.9600,4.4500,5.1500,0.0291,FCF/NI:0.64|D/E:83,2,6.1200,False,True,False,False,False,False,DD12|RSI40|MACD|FUND65|ABNORMAL20,False,7-15d,XLP,,PG|KO|PEP,inflation|input_costs|fx_rates,NEXT_SESSION_OPEN,0.7500,-5.0000,7,1.5000,5,EXIT_AT_OPEN_IF_OPEN_BELOW_SL,SL_FIRST,10,PENDING_NEXT_OPEN,1.1529,0.8647,61.1147,57.2375,1.4351,Exact TP/SL are fixed from the actual T+1 opening/entry price,29,2026-10-27,False,2026-07-28,0.7300,0.6800,7.4000,ALCISTA FUERTE,10,771.3500,7.9100,52.5000,14.8700,SIDI_SHADOW_V1: Fund≥6.5 · DD60≥12% · RSI<40 · MACD↑ · Vol↓ · SPY20≤+1% · Abnormal20≤-10%,SIDI_SHADOW_V1,True
FTNT,Fortinet,Information Technology,Systems Software,2018-10-11,173.4600,177.3000,177.7800,172.8300,173.4600,2026-09-28,70.2400,53.8800,UP,1.0913,1.5471,1.4149,False,0.7037,6.7157,0.9840,3.8720,161.5600,116.1800,168.5100,7.3600,49.3100,True,7.8793,ALCISTA,-2.9500,-4.3600,178.7400,181.3700,181.3700,73.5500,-4.3600,135.8400,0.5560,True,True,150.0200,4,172.1100,False,-13.5100,HAMMER|DOJI,7.0500,10.0000,6.0000,7.5000,6,5.0000,7.0000,False,False,False,False,False,True,7.7400,11.6100,1.5000,SIDI_SHADOW_V1,0.2808,-11.5183,-0.3381,0.6171,294,XLK,True,61.5106,45.9160,82.0530,16.9076,47.6780,1.1744,0.1417,0.2817,0.8020,0.2560,0.4390,36.1940,1.2820,2265587456.0000,2120700032.0000,1.0683,127269978112,1.0590,3.2400,,733713653,5.4900,5.2300,7.7800,3.1400,0.0178,OK,0,6.1100,False,True,True,False,False,False,DD12|RSI40|MACD|FUND65,False,10-18d,XLK,,AAPL|MSFT|NVDA,interest_rates|ai_capex_cycle|semiconductor_cycle,NEXT_SESSION_OPEN,0.7500,-5.0000,7,1.5000,5,EXIT_AT_OPEN_IF_OPEN_BELOW_SL,SL_FIRST,10,PENDING_NEXT_OPEN,6.7157,5.0368,178.4968,164.7870,2.9037,Exact TP/SL are fixed from the actual T+1 opening/entry price,37,2026-11-04,False,2026-07-29,0.9000,0.7500,20.5000,ALCISTA FUERTE,10,771.3500,7.9100,52.5000,14.8700,SIDI_SHADOW_V1: Fund≥6.5 · DD60≥12% · RSI<40 · MACD↑ · Vol↓ · SPY20≤+1% · Abnormal20≤-10%,SIDI_SHADOW_V1,True
GPN,Global Payments,Financials,Transaction & Payment Processing Services,2016-04-25,86.4900,86.2100,86.7700,84.9700,86.4900,2026-09-28,33.9900,34.0500,DOWN,-0.5505,-0.7562,-0.9160,True,0.3493,2.3497,0.7990,2.7170,87.6100,76.0000,87.2900,-1.2800,13.8000,True,1.8229,NEUTRO,-8.5400,-9.5400,94.5600,95.6100,95.6100,60.7500,-9.5400,42.3600,0.8750,True,True,83.9600,1,90.5900,True,-2.9200,HAMMER,7.5000,8.5000,7.5000,7.5000,7,7.0000,7.0000,False,False,False,True,True,True,5.4300,8.1500,1.5000,SIDI_SHADOW_V1,0.2808,1.8029,0.3643,1.5417,294,XLF,True,40.9905,5.4021,0.9948,2.2423,9.3460,0.0243,0.0233,-0.0915,0.6396,0.6860,-0.9520,98.2730,0.8250,7867763200.0000,494190016.0000,15.9205,22886844416,0.7850,6.5900,1.1600,264618390,5.1900,5.0000,3.9900,6.8200,0.3438,OK,0,6.1100,False,True,False,False,False,False,DD12|FUND65|ABNORMAL20,False,7-15d,XLF,,JPM|BAC|WFC,interest_rates|yield_curve|credit_spreads|loan_growth,NEXT_SESSION_OPEN,0.7500,-5.0000,7,1.5000,5,EXIT_AT_OPEN_IF_OPEN_BELOW_SL,SL_FIRST,10,PENDING_NEXT_OPEN,2.3497,1.7623,88.2523,82.1655,2.0375,Exact TP/SL are fixed from the actual T+1 opening/entry price,36,2026-11-03,False,2026-08-05,3.4600,3.4400,63.0000,ALCISTA FUERTE,10,771.3500,7.9100,52.5000,14.8700,SIDI_SHADOW_V1: Fund≥6.5 · DD60≥12% · RSI<40 · MACD↑ · Vol↓ · SPY20≤+1% · Abnormal20≤-10%,SIDI_SHADOW_V1,True
LRCX,Lam Research,Information Technology,Semiconductor Materials & Equipment,2012-06-29,315.2100,309.1800,317.1300,307.5000,315.2100,2026-09-28,53.3600,44.0600,UP,3.6677,2.9269,1.4591,True,0.7986,14.1737,0.6690,4.4970,304.2800,270.4700,300.0600,3.5900,16.5400,True,5.5852,ALCISTA,-10.6500,-19.6100,352.8000,392.0800,438.0300,124.4500,-28.0400,153.2900,0.8770,True,True,312.7700,1,321.4700,True,-0.7700,HAMMER|DOJI,7.7000,10.0000,7.0000,7.5000,7,7.0000,7.0000,False,False,False,False,True,True,8.9900,13.4900,1.5000,SIDI_SHADOW_V1,0.2808,-7.5404,-0.6037,2.2059,294,XLK,True,54.8191,26.8503,31.6254,16.9787,45.4760,0.6507,0.2284,0.3127,0.5047,0.3000,0.3480,33.0490,2.6290,3090484480.0000,7265396224.0000,0.4254,394461478912,1.8590,3.2700,0.4200,1251424362,5.0500,5.2300,7.0300,2.5100,0.0078,FCF/NI:0.43,1,6.1100,False,True,False,False,False,False,DD12|RSI40|FUND65|ABNORMAL20,False,10-18d,XLK,,AAPL|MSFT|NVDA,interest_rates|ai_capex_cycle|semiconductor_cycle,NEXT_SESSION_OPEN,0.7500,-5.0000,7,1.5000,5,EXIT_AT_OPEN_IF_OPEN_BELOW_SL,SL_FIRST,10,PENDING_NEXT_OPEN,14.1737,10.6303,325.8403,299.4495,3.3724,Exact TP/SL are fixed from the actual T+1 opening/entry price,23,2026-10-21,False,2026-07-29,1.8200,1.6800,8.1000,ALCISTA FUERTE,10,771.3500,7.9100,52.5000,14.8700,SIDI_SHADOW_V1: Fund≥6.5 · DD60≥12% · RSI<40 · MACD↑ · Vol↓ · SPY20≤+1% · Abnormal20≤-10%,SIDI_SHADOW_V1,True
MRVL,Marvell Technology,Information Technology,Semiconductors,2026-06-22,261.9400,263.5600,267.4800,257.4300,261.9400,2026-09-28,70.0200,64.0200,UP,3.5515,3.7544,3.7567,False,0.8786,12.6614,0.7250,4.8340,220.5700,162.4600,240.4600,18.7600,61.2300,True,9.7972,ALCISTA,-0.1600,-4.7100,262.3600,274.8800,329.8000,70.6400,-20.5800,270.8200,0.6170,True,True,200.6200,1,299.9300,False,-23.4100,HAMMER|HAMMER,7.0500,10.0000,6.0000,7.5000,4,7.0000,7.0000,False,False,False,False,False,True,9.6700,14.5000,1.5000,SIDI_SHADOW_V1,0.2808,-8.7594,-1.0781,2.6329,294,XLK,True,87.0216,38.7636,12.3934,24.9095,81.0600,0.1652,0.0413,0.2793,0.5222,0.3650,0.5000,28.5250,3.1680,2408049920.0000,2639899904.0000,0.9122,235402199040,2.2530,1.3100,0.0900,876926613,5.4900,7.0700,6.4100,2.5800,0.0102,OK,0,6.1100,False,True,False,False,False,False,DD12|RSI40|MACD|FUND65|ABNORMAL20,False,10-18d,XLK,,AAPL|MSFT|NVDA,interest_rates|ai_capex_cycle|semiconductor_cycle,NEXT_SESSION_OPEN,0.7500,-5.0000,7,1.5000,5,EXIT_AT_OPEN_IF_OPEN_BELOW_SL,SL_FIRST,10,PENDING_NEXT_OPEN,12.6614,9.4961,271.4361,248.8430,3.6253,Exact TP/SL are fixed from the actual T+1 opening/entry price,64,2026-12-01,False,2026-08-27,0.9400,0.9300,99.0000,ALCISTA FUERTE,10,771.3500,7.9100,52.5000,14.8700,SIDI_SHADOW_V1: Fund≥6.5 · DD60≥12% · RSI<40 · MACD↑ · Vol↓ · SPY20≤+1% · Abnormal20≤-10%,SIDI_SHADOW_V1,True
AMP,Ameriprise Financial,Financials,Asset Management & Custody Banks,2005-10-03,493.0000,486.3700,500.2100,486.3700,493.0000,2026-09-28,18.6800,41.1300,DOWN,-8.0141,-7.8954,-4.7896,False,-0.0094,15.8750,1.2710,3.2200,546.2600,490.7000,533.2100,-9.7500,0.4700,True,1.8324,NEUTRO,-13.6100,-13.9000,570.6800,572.5600,572.5600,419.5200,-13.9000,17.5100,1.1970,False,False,456.5300,2,541.7300,False,-7.4000,NONE,6.5000,8.5000,7.5000,5.0000,4,8.0000,5.0000,False,False,True,True,False,False,6.4400,9.6600,1.5000,SIDI_SHADOW_V1,0.2808,-5.7977,-0.0452,1.2430,294,XLF,True,11.9053,9.5416,6.8497,2.1967,,0.6343,0.0228,0.1990,0.5493,0.1160,0.1170,67.5780,2.1820,2903124992.0000,3948000000.0000,0.7353,43581198336,1.1340,6.1500,1.3800,88400000,5.8400,3.7800,6.9300,6.9800,0.0666,FCF/NI:0.74,1,6.1000,False,True,False,False,False,False,MACD|VOLUME|FUND65|ABNORMAL20,False,7-15d,XLF,,JPM|BAC|WFC,interest_rates|yield_curve|credit_spreads|loan_growth,NEXT_SESSION_OPEN,0.7500,-5.0000,7,1.5000,5,EXIT_AT_OPEN_IF_OPEN_BELOW_SL,SL_FIRST,10,PENDING_NEXT_OPEN,15.8750,11.9062,504.9062,468.3500,2.4151,Exact TP/SL are fixed from the actual T+1 opening/entry price,31,2026-10-29,False,2026-07-23,11.0700,10.8100,2.4000,ALCISTA FUERTE,10,771.3500,7.9100,52.5000,14.8700,SIDI_SHADOW_V1: Fund≥6.5 · DD60≥12% · RSI<40 · MACD↑ · Vol↓ · SPY20≤+1% · Abnormal20≤-10%,SIDI_SHADOW_V1,True
AME,Ametek,Industrials,Electrical Components & Equipment,2013-09-23,250.7400,250.0000,252.7800,249.0700,250.7400,2026-09-28,66.1700,52.1900,UP,1.9135,1.6397,1.0174,True,1.0631,5.2127,0.9740,2.0790,242.2900,228.3900,241.1100,3.4900,9.7800,True,1.9338,ALCISTA,-2.8700,-3.8500,258.1400,260.7800,260.7800,178.1500,-3.8500,40.7500,0.9400,False,False,233.6500,1,260.7800,False,-6.8200,NONE,6.2500,10.0000,7.0000,5.0000,4,5.0000,5.0000,False,False,False,False,True,False,4.1600,6.2400,1.5000,SIDI_SHADOW_V1,0.2808,7.5997,-0.0528,1.1375,294,XLI,True,36.6044,26.1596,5.1048,7.3081,23.7140,0.1456,0.0816,0.2004,0.3691,0.1500,0.1420,20.5220,1.2140,1492221312.0000,1576269952.0000,0.9467,57470361600,0.9890,2.0900,0.5400,229203002,6.0000,6.9800,6.3700,4.4100,0.0260,OK,0,6.1000,False,True,False,False,False,False,DD12|RSI40|VOLUME|FUND65|ABNORMAL20,False,10-18d,XLI,,CAT|UNP|HON,pmi_manufacturing|supply_chain|capex_cycle,NEXT_SESSION_OPEN,0.7500,-5.0000,7,1.5000,5,EXIT_AT_OPEN_IF_OPEN_BELOW_SL,SL_FIRST,10,PENDING_NEXT_OPEN,5.2127,3.9095,254.6495,238.2030,1.5592,Exact TP/SL are fixed from the actual T+1 opening/entry price,31,2026-10-29,False,2026-08-04,2.0900,1.9900,4.8000,ALCISTA FUERTE,10,771.3500,7.9100,52.5000,14.8700,SIDI_SHADOW_V1: Fund≥6.5 · DD60≥12% · RSI<40 · MACD↑ · Vol↓ · SPY20≤+1% · Abnormal20≤-10%,SIDI_SHADOW_V1,True
BR,Broadridge Financial Solutions,Industrials,Data Processing & Outsourced Services,2018-06-18,163.7700,162.1000,165.7700,161.6000,163.7700,2026-09-28,34.1600,23.6900,UP,-1.3459,-1.5934,-1.9133,True,0.2635,4.1779,0.8090,2.5510,166.3700,170.7000,167.6700,-1.5600,-4.0600,False,-2.9438,BAJISTA,-11.1500,-11.8400,184.3100,185.7700,233.4000,133.0100,-29.8300,23.1300,0.7840,True,True,147.1400,1,163.8800,False,-10.1500,BULL_ENGULF,6.6800,5.0000,8.5000,7.5000,5,6.5000,7.5000,False,True,False,True,True,True,5.1000,7.6500,1.5000,SIDI_SHADOW_V1,0.2808,-11.2252,0.6857,-0.5406,294,XLI,True,17.0594,14.1476,6.5726,2.5334,12.0450,0.4092,0.0930,0.1504,0.3178,0.0750,0.0840,123.9390,1.2360,1194499968.0000,1124300032.0000,1.0624,18941360128,0.9100,2.6100,2.6600,115658297,5.7200,3.2800,6.5200,7.6500,0.0631,D/E:124,1,6.1000,False,True,True,False,False,False,DD12|FUND65,False,3-7d,XLI,,CAT|UNP|HON,pmi_manufacturing|supply_chain|capex_cycle,NEXT_SESSION_OPEN,0.7500,-5.0000,7,1.5000,5,EXIT_AT_OPEN_IF_OPEN_BELOW_SL,SL_FIRST,10,PENDING_NEXT_OPEN,4.1779,3.1334,166.9034,155.5815,1.9133,Exact TP/SL are fixed from the actual T+1 opening/entry price,36,2026-11-03,False,2026-08-04,3.8200,3.7600,1.7000,ALCISTA FUERTE,10,771.3500,7.9100,52.5000,14.8700,SIDI_SHADOW_V1: Fund≥6.5 · DD60≥12% · RSI<40 · MACD↑ · Vol↓ · SPY20≤+1% · Abnormal20≤-10%,SIDI_SHADOW_V1,True
RMD,ResMed|,Health Care,Health Care Equipment,2017-07-26,222.0000,221.0800,223.2200,220.1300,222.0000,2026-09-28,39.3800,29.8300,UP,-1.0191,-1.0863,-1.1098,True,0.3293,5.4786,0.8010,2.4680,220.4100,225.3800,224.5100,0.7200,-1.5000,False,-0.9692,BAJISTA,-7.6300,-8.4200,240.3300,242.4000,281.8900,179.7500,-21.2500,23.5000,0.5780,True,True,215.8000,1,221.7900,True,-2.7900,HAMMER|DOJI,7.1500,6.5000,8.5000,7.5000,8,5.0000,7.0000,False,False,False,True,True,True,4.9400,7.4000,1.5000,SIDI_SHADOW_V1,0.2808,-2.5671,0.1885,0.9571,294,XLV,True,21.2848,16.7799,4.8624,5.6645,14.9730,0.2427,0.1400,0.2695,0.6162,0.0860,0.0240,12.5420,3.1000,939248256.0000,1523293056.0000,0.6166,32024010752,0.7660,10.5800,1.1900,144252306,5.4000,3.0800,7.9700,5.1100,0.0293,FCF/NI:0.62,1,6.1000,False,True,False,False,False,False,DD12|FUND65|ABNORMAL20,False,3-7d,XLV,,UNH|JNJ|LLY,fda_calendar|drug_pricing_policy|patent_cliffs,NEXT_SESSION_OPEN,0.7500,-5.0000,7,1.5000,5,EXIT_AT_OPEN_IF_OPEN_BELOW_SL,SL_FIRST,10,PENDING_NEXT_OPEN,5.4786,4.1090,226.1089,210.9000,1.8509,Exact TP/SL are fixed from the actual T+1 opening/entry price,31,2026-10-29,False,2026-08-06,2.9500,2.8900,2.0000,ALCISTA FUERTE,10,771.3500,7.9100,52.5000,14.8700,SIDI_SHADOW_V1: Fund≥6.5 · DD60≥12% · RSI<40 · MACD↑ · Vol↓ · SPY20≤+1% · Abnormal20≤-10%,SIDI_SHADOW_V1,True
V,Visa Inc.,Financials,Transaction & Payment Processing Services,2009-12-21,367.3800,366.0200,368.3300,363.7900,367.3800,2026-09-28,40.5600,34.2600,UP,-1.2405,-1.4993,-1.6418,True,0.3183,5.6757,0.7950,1.5450,367.7700,335.8600,369.2900,-0.1100,9.3900,True,1.2982,NEUTRO,-4.3600,-4.7200,384.1400,385.5700,385.5700,292.7400,-4.7200,25.5000,0.7580,True,True,358.1300,2,364.7800,True,-2.5200,HAMMER|DOJI,7.4000,8.5000,7.0000,7.5000,7,7.0000,7.0000,False,False,False,False,True,True,3.0900,4.6300,1.5000,SIDI_SHADOW_V1,0.2808,1.2810,-0.4239,1.1593,294,XLF,True,31.2398,24.4850,19.4690,15.5031,22.0560,0.6119,0.1911,0.5078,0.9772,0.1440,0.1020,67.8210,0.9850,20404000768.0000,22397999104.0000,0.9110,689702764544,0.7610,3.0300,0.7300,1704112694,5.2300,4.2800,7.3200,3.9100,0.0296,OK,0,6.1000,False,True,False,False,False,False,DD12|RSI40|FUND65|ABNORMAL20,False,7-15d,XLF,,JPM|BAC|WFC,interest_rates|yield_curve|credit_spreads|loan_growth,NEXT_SESSION_OPEN,0.7500,-5.0000,7,1.5000,5,EXIT_AT_OPEN_IF_OPEN_BELOW_SL,SL_FIRST,10,PENDING_NEXT_OPEN,5.6757,4.2568,371.6368,349.0110,1.1587,Exact TP/SL are fixed from the actual T+1 opening/entry price,29,2026-10-27,False,2026-07-28,3.3200,3.2300,2.8000,ALCISTA FUERTE,10,771.3500,7.9100,52.5000,14.8700,SIDI_SHADOW_V1: Fund≥6.5 · DD60≥12% · RSI<40 · MACD↑ · Vol↓ · SPY20≤+1% · Abnormal20≤-10%,SIDI_SHADOW_V1,True
NEE,NextEra Energy,Utilities,Multi-Utilities,1976-06-30,76.0800,75.7700,76.2800,75.3800,76.0800,2026-09-28,16.2500,41.8700,DOWN,-0.5434,-0.5182,-0.2261,False,-0.0060,1.2807,0.8740,1.6830,83.9500,86.4000,80.4800,-9.3700,-11.9400,False,-0.1527,BAJISTA,-14.6300,-15.7600,89.1200,90.3100,97.3000,71.5300,-21.8100,6.3500,1.3720,False,False,,0,85.8200,False,,NONE,6.2000,5.0000,7.5000,7.0000,4,8.0000,5.0000,False,False,True,True,False,False,3.3700,5.0500,1.5000,SIDI_SHADOW_V1,0.2808,-0.0964,0.0135,1.0112,294,XLU,True,17.0966,17.3161,2.7779,5.5287,18.9850,0.1168,0.0244,0.3240,0.6102,0.1240,0.5310,161.6760,0.5340,-17766875136.0000,9299000320.0000,-1.9106,158672863232,0.6440,0.0000,3.2800,2085605358,6.0100,10.0000,4.5900,3.0100,-0.1120,FCF/NI:-1.91|D/E:162,2,6.0900,False,True,False,False,False,False,MACD|VOLUME|FUND65|ABNORMAL20,False,3-7d,XLU,,DUK|SO|D,interest_rates|regulatory_environment,NEXT_SESSION_OPEN,0.7500,-5.0000,7,1.5000,5,EXIT_AT_OPEN_IF_OPEN_BELOW_SL,SL_FIRST,10,PENDING_NEXT_OPEN,1.2807,0.9605,77.0405,72.2760,1.2625,Exact TP/SL are fixed from the actual T+1 opening/entry price,29,2026-10-27,False,2026-07-24,1.1500,1.1100,3.8000,ALCISTA FUERTE,10,771.3500,7.9100,52.5000,14.8700,SIDI_SHADOW_V1: Fund≥6.5 · DD60≥12% · RSI<40 · MACD↑ · Vol↓ · SPY20≤+1% · Abnormal20≤-10%,SIDI_SHADOW_V1,True
BNY,BNY Mellon,Financials,Asset Management & Custody Banks,1995-03-31,150.1500,150.4500,151.3500,148.5100,150.1500,2026-09-28,9.4000,27.3300,DOWN,-1.1848,-1.3277,-1.3984,True,0.1590,3.2743,1.0210,2.1810,158.6300,135.3400,155.6300,-5.3500,10.9500,True,3.7188,NEUTRO,-8.9100,-9.4600,164.8400,165.8400,165.8400,101.2600,-9.4600,48.2800,0.9500,False,False,151.6800,1,147.9100,True,1.0200,HAMMER|DOJI|HAMMER,7.1200,8.5000,8.5000,5.0000,7,6.5000,7.0000,False,False,False,True,True,False,4.3600,6.5400,1.5000,SIDI_SHADOW_V1,0.2808,-8.3346,0.2992,0.6265,294,XLF,True,17.5204,14.6504,2.5527,4.7573,,0.1412,0.0126,0.2941,0.0000,0.1310,0.2690,,,,6024000000.0000,,101877391360,1.0480,0.0200,1.4800,678504142,5.3800,6.4800,4.8000,4.7600,,OK,0,6.0800,False,True,False,False,False,False,DD12|VOLUME|FUND65|ABNORMAL20,False,5-10d,XLF,,JPM|BAC|WFC,interest_rates|yield_curve|credit_spreads|loan_growth,NEXT_SESSION_OPEN,0.7500,-5.0000,7,1.5000,5,EXIT_AT_OPEN_IF_OPEN_BELOW_SL,SL_FIRST,10,PENDING_NEXT_OPEN,3.2743,2.4557,152.6057,142.6425,1.6355,Exact TP/SL are fixed from the actual T+1 opening/entry price,17,2026-10-15,False,2026-07-15,2.4600,2.2200,10.7000,ALCISTA FUERTE,10,771.3500,7.9100,52.5000,14.8700,SIDI_SHADOW_V1: Fund≥6.5 · DD60≥12% · RSI<40 · MACD↑ · Vol↓ · SPY20≤+1% · Abnormal20≤-10%,SIDI_SHADOW_V1,True
IT,Gartner,Information Technology,IT Consulting & Other Services,2017-04-05,187.9000,179.7500,189.1400,177.9500,187.9000,2026-09-28,51.0300,42.5600,UP,-1.2050,-1.8240,-1.6152,True,0.5622,8.5900,1.0010,4.5720,177.1700,174.2700,184.3100,6.0500,7.8200,True,-2.4784,ALCISTA,-7.3400,-7.4500,202.7800,203.0300,265.8500,124.2500,-29.3200,51.2300,1.0040,True,True,172.6500,1,194.5300,False,-8.1200,HAMMER|DOJI|HAMMER|DOJI,6.8500,9.5000,7.0000,7.5000,4,5.0000,7.0000,False,False,False,False,True,True,9.1400,13.7100,1.5000,SIDI_SHADOW_V1,0.2808,-6.0069,0.9788,-0.7043,294,XLK,True,16.8975,11.4862,-72.3249,1.8358,9.9040,1.1358,0.1017,0.1200,0.6963,-0.0060,0.3310,,0.8800,1052553024.0000,775350976.0000,1.3575,11865692160,0.9530,6.9900,,63148976,5.5600,1.6200,7.4000,8.0100,0.0887,OK,0,6.0800,False,True,False,False,False,False,DD12|RSI40|FUND65|ABNORMAL20,False,10-18d,XLK,,AAPL|MSFT|NVDA,interest_rates|ai_capex_cycle|semiconductor_cycle,NEXT_SESSION_OPEN,0.7500,-5.0000,7,1.5000,5,EXIT_AT_OPEN_IF_OPEN_BELOW_SL,SL_FIRST,10,PENDING_NEXT_OPEN,8.5900,6.4425,194.3425,178.5050,3.4287,Exact TP/SL are fixed from the actual T+1 opening/entry price,36,2026-11-03,False,2026-08-04,4.3700,3.7300,17.1000,ALCISTA FUERTE,10,771.3500,7.9100,52.5000,14.8700,SIDI_SHADOW_V1: Fund≥6.5 · DD60≥12% · RSI<40 · MACD↑ · Vol↓ · SPY20≤+1% · Abnormal20≤-10%,SIDI_SHADOW_V1,True
ZTS,Zoetis,Health Care,Pharmaceuticals,2013-06-21,71.0500,70.0000,71.0800,69.5200,71.0500,2026-09-28,28.4400,13.5100,UP,-0.2731,-0.3100,-0.2603,True,0.1970,1.7007,0.6950,2.3940,74.9200,98.6900,73.1000,-5.1600,-28.0000,False,-4.4600,BAJISTA,-8.8300,-11.3800,77.9300,80.1700,145.9900,69.5200,-51.3300,2.2000,0.8890,True,True,72.4400,6,77.9300,True,1.9500,NONE,7.5300,5.0000,9.5000,7.5000,9,8.5000,5.0000,False,False,False,True,True,True,4.7900,7.1800,1.5000,SIDI_SHADOW_V1,0.2808,4.1679,0.1914,0.9007,294,XLV,True,11.5905,10.8782,9.0637,3.0824,9.0850,0.6491,0.1535,0.2768,0.7174,-0.0020,0.0120,293.9960,3.0840,2016999936.0000,2636999936.0000,0.7649,29359538176,0.7290,3.7600,2.9800,413223602,5.1100,0.0000,7.4900,8.2900,0.0687,D/E:294,1,6.0800,False,True,False,False,False,False,DD12|FUND65|ABNORMAL20,False,5-10d,XLV,,UNH|JNJ|LLY,fda_calendar|drug_pricing_policy|patent_cliffs,NEXT_SESSION_OPEN,0.7500,-5.0000,7,1.5000,5,EXIT_AT_OPEN_IF_OPEN_BELOW_SL,SL_FIRST,10,PENDING_NEXT_OPEN,1.7007,1.2755,72.3255,67.4975,1.7952,Exact TP/SL are fixed from the actual T+1 opening/entry price,38,2026-11-05,False,2026-08-06,1.8700,1.8500,95.0000,ALCISTA FUERTE,10,771.3500,7.9100,52.5000,14.8700,SIDI_SHADOW_V1: Fund≥6.5 · DD60≥12% · RSI<40 · MACD↑ · Vol↓ · SPY20≤+1% · Abnormal20≤-10%,SIDI_SHADOW_V1,True
CNP,CenterPoint Energy,Utilities,Multi-Utilities,1985-07-31,36.8400,36.7800,36.9000,36.4900,36.8400,2026-09-28,21.3000,39.4200,DOWN,-0.1435,-0.1355,-0.0592,False,0.0462,0.6250,0.7400,1.6970,40.1900,41.0100,38.4600,-8.3400,-10.1600,False,0.0235,BAJISTA,-16.9200,-18.1200,44.3400,44.9900,44.9900,36.4900,-18.1200,0.9600,1.0290,False,False,,0,41.0200,False,,HAMMER,6.4000,5.5000,7.5000,5.0000,4,10.0000,7.0000,False,False,True,True,False,False,3.3900,5.0900,1.5000,SIDI_SHADOW_V1,0.2808,1.5232,-0.2589,0.9926,294,XLU,True,21.9286,17.6487,2.0705,2.5226,12.5730,0.0983,0.0300,0.1161,0.4703,0.1070,0.2330,210.2560,1.1230,-5191875072.0000,1116999936.0000,-4.6481,24267253760,0.4510,7.8700,2.6100,658720288,5.8500,10.0000,4.3000,2.8300,-0.2139,FCF/NI:-4.65|D/E:210,2,6.0700,False,True,False,False,False,False,MACD|VOLUME|FUND65|ABNORMAL20,False,3-7d,XLU,,NEE|DUK|SO,interest_rates|regulatory_environment,NEXT_SESSION_OPEN,0.7500,-5.0000,7,1.5000,5,EXIT_AT_OPEN_IF_OPEN_BELOW_SL,SL_FIRST,10,PENDING_NEXT_OPEN,0.6250,0.4688,37.3088,34.9980,1.2724,Exact TP/SL are fixed from the actual T+1 opening/entry price,24,2026-10-22,False,2026-07-28,0.4000,0.3700,7.4000,ALCISTA FUERTE,10,771.3500,7.9100,52.5000,14.8700,SIDI_SHADOW_V1: Fund≥6.5 · DD60≥12% · RSI<40 · MACD↑ · Vol↓ · SPY20≤+1% · Abnormal20≤-10%,SIDI_SHADOW_V1,True
NWS,News Corp (Class B),Communication Services,Publishing,2015-09-18,31.7500,31.3000,31.8700,31.3000,31.7500,2026-09-28,32.2500,30.6700,UP,-0.2919,-0.3134,-0.2252,True,0.1309,0.7276,0.8320,2.2920,32.8700,30.0000,32.8500,-3.4100,5.8200,True,1.4141,NEUTRO,-9.8400,-10.9500,35.2100,35.6500,35.6500,25.3200,-10.9500,25.3900,0.5410,True,True,29.3100,4,31.6100,False,-7.6900,NONE,7.5000,8.5000,8.5000,7.5000,6,8.0000,5.0000,False,False,False,True,True,True,4.5800,6.8800,1.5000,SIDI_SHADOW_V1,0.2808,-18.4648,-0.6724,0.9886,294,XLC,True,30.8252,21.0026,2.0237,1.8978,13.9780,0.0798,0.0466,0.0635,0.5717,0.1080,-0.7490,31.5610,1.6230,1045124992.0000,573000000.0000,1.8240,17132903424,0.9230,4.4700,0.6300,179664434,5.1200,2.5000,6.3700,6.7100,0.0610,OK,0,6.0700,False,True,True,False,False,False,DD12|FUND65,False,7-15d,XLC,,GOOGL|META|NFLX,ad_spending_cycle|streaming_competition|regulation,NEXT_SESSION_OPEN,0.7500,-5.0000,7,1.5000,5,EXIT_AT_OPEN_IF_OPEN_BELOW_SL,SL_FIRST,10,PENDING_NEXT_OPEN,0.7276,0.5457,32.2957,30.1625,1.7187,Exact TP/SL are fixed from the actual T+1 opening/entry price,38,2026-11-05,False,2026-08-05,0.3500,0.2300,51.2000,ALCISTA FUERTE,10,771.3500,7.9100,52.5000,14.8700,SIDI_SHADOW_V1: Fund≥6.5 · DD60≥12% · RSI<40 · MACD↑ · Vol↓ · SPY20≤+1% · Abnormal20≤-10%,SIDI_SHADOW_V1,True
PH,Parker Hannifin,Industrials,Industrial Machinery & Supplies & Components,1985-11-30,978.3300,974.0000,981.9700,966.2400,978.3300,2026-09-28,55.8200,34.6400,UP,5.6727,4.6894,1.3369,True,0.7980,20.1636,0.8280,2.0610,986.6800,939.7000,963.5400,-0.8500,4.1100,True,1.1878,NEUTRO,-8.7100,-10.8800,1071.7100,1097.7300,1097.7300,709.4600,-10.8800,37.9000,0.9740,True,True,933.4700,3,1000.2400,False,-4.5900,NONE,6.7500,8.5000,7.0000,7.5000,6,5.0000,5.0000,False,False,False,False,True,True,4.1200,6.1800,1.5000,SIDI_SHADOW_V1,0.2808,1.0771,-0.4213,1.2239,294,XLI,True,34.3635,24.8445,8.0088,5.7389,23.2270,0.2508,0.0979,0.1697,0.3755,0.0980,0.1930,56.6600,1.2620,2961750016.0000,3648000000.0000,0.8119,123379564544,1.1230,2.3500,0.8200,126112415,5.6100,6.4600,6.0300,4.1300,0.0240,OK,0,6.0700,False,True,False,False,False,False,DD12|RSI40|FUND65|ABNORMAL20,False,7-15d,XLI,,CAT|UNP|HON,pmi_manufacturing|supply_chain|capex_cycle,NEXT_SESSION_OPEN,0.7500,-5.0000,7,1.5000,5,EXIT_AT_OPEN_IF_OPEN_BELOW_SL,SL_FIRST,10,PENDING_NEXT_OPEN,20.1636,15.1227,993.4527,929.4135,1.5458,Exact TP/SL are fixed from the actual T+1 opening/entry price,38,2026-11-05,False,2026-08-06,9.2700,8.2700,12.2000,ALCISTA FUERTE,10,771.3500,7.9100,52.5000,14.8700,SIDI_SHADOW_V1: Fund≥6.5 · DD60≥12% · RSI<40 · MACD↑ · Vol↓ · SPY20≤+1% · Abnormal20≤-10%,SIDI_SHADOW_V1,True
DAL,Delta Air Lines,Industrials,Passenger Airlines,2013-09-11,84.9400,84.0000,85.4700,82.3300,84.9400,2026-09-28,63.9900,48.4900,UP,0.8738,0.7446,0.7350,True,1.0714,2.3971,0.9600,2.8220,84.0500,75.1700,81.5500,1.0600,13.0000,True,2.5898,ALCISTA,-8.8000,-11.0100,93.1400,95.4400,95.4400,54.6000,-11.0100,55.5700,1.0180,False,False,80.6600,2,83.6200,False,-5.0400,BULL_ENGULF,6.5000,10.0000,7.0000,5.0000,4,5.0000,7.5000,False,False,False,False,True,False,5.6400,8.4700,1.5000,SIDI_SHADOW_V1,0.2808,5.1672,0.7340,0.8468,294,XLI,True,14.0862,10.2337,2.5467,0.8180,9.5880,0.2013,0.0402,0.0578,0.1870,0.1870,-0.2540,96.6490,0.4240,2817374976.0000,3950000128.0000,0.7133,55858503680,1.2910,5.0700,1.0100,657623030,5.7600,5.0000,4.3100,8.3300,0.0504,FCF/NI:0.71|D/E:97,2,6.0600,False,True,False,False,False,False,DD12|RSI40|VOLUME|FUND65|ABNORMAL20,False,10-18d,XLI,,CAT|UNP|HON,pmi_manufacturing|supply_chain|capex_cycle,NEXT_SESSION_OPEN,0.7500,-5.0000,7,1.5000,5,EXIT_AT_OPEN_IF_OPEN_BELOW_SL,SL_FIRST,10,PENDING_NEXT_OPEN,2.3971,1.7978,86.7378,80.6930,2.1166,Exact TP/SL are fixed from the actual T+1 opening/entry price,11,2026-10-09,False,2026-07-10,1.5600,1.4900,4.5000,ALCISTA FUERTE,10,771.3500,7.9100,52.5000,14.8700,SIDI_SHADOW_V1: Fund≥6.5 · DD60≥12% · RSI<40 · MACD↑ · Vol↓ · SPY20≤+1% · Abnormal20≤-10%,SIDI_SHADOW_V1,True
DASH,DoorDash,Consumer Discretionary,Specialized Consumer Services,2025-03-24,193.3600,187.8200,193.6700,187.5300,193.3600,2026-09-28,29.3100,11.9500,UP,-1.9184,-2.5701,-2.9383,True,0.3109,7.1102,0.8810,3.6770,205.5900,187.7700,200.7900,-5.9500,2.9800,True,-0.0089,NEUTRO,-18.3900,-19.0400,236.9300,238.8300,285.5000,143.3000,-32.2700,34.9300,0.7340,False,False,165.7300,3,191.4600,False,-14.2900,HAMMER|HAMMER,6.8500,8.0000,9.5000,5.0000,6,5.0000,7.0000,False,False,True,True,True,False,7.3500,11.0300,1.5000,SIDI_SHADOW_V1,0.2808,-18.0310,0.0437,0.9735,294,XLY,True,101.2356,23.7427,8.4440,5.2723,56.9300,0.0889,0.0297,0.0529,0.5222,0.3560,-0.3000,33.2760,1.3680,5147500032.0000,841000000.0000,6.1207,83782492160,1.7880,4.1600,,409082893,5.5400,5.0000,5.8500,5.8200,0.0614,OK,0,6.0600,False,True,True,False,False,False,VOLUME|FUND65,False,7-15d,XLY,,AMZN|TSLA|HD,consumer_spending|employment_data|interest_rates,NEXT_SESSION_OPEN,0.7500,-5.0000,7,1.5000,5,EXIT_AT_OPEN_IF_OPEN_BELOW_SL,SL_FIRST,10,PENDING_NEXT_OPEN,7.1102,5.3327,198.6927,183.6920,2.7579,Exact TP/SL are fixed from the actual T+1 opening/entry price,37,2026-11-04,False,2026-08-05,0.4600,0.4700,-2.4000,ALCISTA FUERTE,10,771.3500,7.9100,52.5000,14.8700,SIDI_SHADOW_V1: Fund≥6.5 · DD60≥12% · RSI<40 · MACD↑ · Vol↓ · SPY20≤+1% · Abnormal20≤-10%,SIDI_SHADOW_V1,True
EIX,Edison International,Utilities,Electric Utilities,1957-03-04,52.6500,52.8400,52.9200,52.3000,52.6500,2026-09-28,32.5400,28.7200,UP,0.1169,0.0907,0.0992,True,0.2550,1.6779,0.6680,3.1870,66.9000,67.3400,57.5700,-21.3000,-21.8100,False,0.0559,BAJISTA,-34.5000,-35.4900,80.3800,81.6200,81.6200,50.0400,-35.4900,5.2200,0.4970,True,True,52.5000,1,59.9600,True,-0.2800,NONE,7.1200,5.5000,8.5000,7.5000,7,8.5000,5.0000,True,True,True,True,True,True,6.3700,9.5600,1.5000,SIDI_SHADOW_V1,0.2808,-23.2792,-0.0963,1.0607,294,XLU,True,5.4334,8.0964,1.1613,1.0431,7.3020,0.1973,0.0409,0.1928,0.6100,-0.0410,0.5510,228.0420,0.6620,82375000.0000,3744000000.0000,0.0220,20260456448,0.6140,2.2900,6.6700,384813979,5.3500,5.0000,5.7000,5.3400,0.0041,FCF/NI:0.02|D/E:228,2,6.0600,False,True,True,True,False,False,FUND65,False,3-7d,XLU,,NEE|DUK|SO,interest_rates|regulatory_environment,NEXT_SESSION_OPEN,0.7500,-5.0000,7,1.5000,5,EXIT_AT_OPEN_IF_OPEN_BELOW_SL,SL_FIRST,10,PENDING_NEXT_OPEN,1.6779,1.2584,53.9084,50.0175,2.3902,Exact TP/SL are fixed from the actual T+1 opening/entry price,29,2026-10-27,False,2026-07-30,1.5400,1.2100,27.0000,ALCISTA FUERTE,10,771.3500,7.9100,52.5000,14.8700,SIDI_SHADOW_V1: Fund≥6.5 · DD60≥12% · RSI<40 · MACD↑ · Vol↓ · SPY20≤+1% · Abnormal20≤-10%,SIDI_SHADOW_V1,True
BEN,Franklin Resources,Financials,Asset Management & Custody Banks,1998-04-30,33.0200,32.7300,33.2300,32.5300,33.0200,2026-09-28,31.4500,35.8100,DOWN,-0.0971,-0.1268,-0.0974,True,0.3219,0.7471,0.8760,2.2630,33.6500,28.9600,33.3800,-1.8600,14.0300,True,4.3124,NEUTRO,-7.6900,-8.9900,35.7700,36.2800,36.2800,20.3200,-8.9900,62.5000,0.9750,False,False,33.0400,2,34.0800,True,0.0600,HAMMER,6.7000,8.5000,7.5000,5.0000,7,5.0000,7.0000,False,False,False,True,True,False,4.5300,6.7900,1.5000,SIDI_SHADOW_V1,0.2808,-0.9850,0.8062,1.0583,294,XLF,True,22.4626,10.3533,1.4276,1.7993,11.3060,0.0789,0.0264,0.0872,0.3771,0.1430,1.0670,24.8050,5.4860,-2990862592.0000,759200000.0000,-3.9395,16776698880,1.5700,5.3900,4.0000,508076910,5.6300,8.2000,5.4300,2.8600,-0.1783,FCF/NI:-3.94,1,6.0600,False,True,False,False,False,False,DD12|VOLUME|FUND65|ABNORMAL20,False,7-15d,XLF,,JPM|BAC|WFC,interest_rates|yield_curve|credit_spreads|loan_growth,NEXT_SESSION_OPEN,0.7500,-5.0000,7,1.5000,5,EXIT_AT_OPEN_IF_OPEN_BELOW_SL,SL_FIRST,10,PENDING_NEXT_OPEN,0.7471,0.5603,33.5803,31.3690,1.6969,Exact TP/SL are fixed from the actual T+1 opening/entry price,39,2026-11-06,False,2026-07-31,0.7200,0.6600,8.3000,ALCISTA FUERTE,10,771.3500,7.9100,52.5000,14.8700,SIDI_SHADOW_V1: Fund≥6.5 · DD60≥12% · RSI<40 · MACD↑ · Vol↓ · SPY20≤+1% · Abnormal20≤-10%,SIDI_SHADOW_V1,True
EXR,Extra Space Storage,Real Estate,Self-Storage REITs,2016-01-19,133.3500,132.4500,133.3800,131.5300,133.3500,2026-09-28,39.6400,38.2200,UP,-0.1931,-0.1935,0.0910,True,0.1293,2.6441,0.9050,1.9830,142.2600,138.6500,137.1000,-6.2700,-3.8200,True,0.8255,BAJISTA,-11.7300,-15.0800,151.0700,157.0300,157.0300,120.0400,-15.0800,11.0900,0.7000,False,False,134.7300,4,142.2100,True,1.0400,HAMMER|DOJI,7.5000,7.0000,8.5000,5.0000,10,8.0000,7.0000,False,False,False,True,True,False,3.9700,5.9500,1.5000,SIDI_SHADOW_V1,0.2808,3.2296,0.1040,1.1843,294,XLRE,True,29.4371,27.7127,2.1250,8.3821,18.5270,0.0695,0.0336,0.2728,0.7492,0.0380,0.0600,101.6740,0.8860,1499437568.0000,956073984.0000,1.5683,29430685696,1.1760,4.3800,4.8600,211269558,5.0800,3.2900,5.4500,6.7300,0.0509,D/E:102,1,6.0500,False,True,False,False,False,False,DD12|VOLUME|FUND65|ABNORMAL20,False,3-7d,XLRE,,PLD|AMT|EQIX,interest_rates|cap_rates|occupancy_trends,NEXT_SESSION_OPEN,0.7500,-5.0000,7,1.5000,5,EXIT_AT_OPEN_IF_OPEN_BELOW_SL,SL_FIRST,10,PENDING_NEXT_OPEN,2.6441,1.9831,135.3331,126.6825,1.4871,Exact TP/SL are fixed from the actual T+1 opening/entry price,30,2026-10-28,False,2026-07-28,1.2500,1.1500,8.6000,ALCISTA FUERTE,10,771.3500,7.9100,52.5000,14.8700,SIDI_SHADOW_V1: Fund≥6.5 · DD60≥12% · RSI<40 · MACD↑ · Vol↓ · SPY20≤+1% · Abnormal20≤-10%,SIDI_SHADOW_V1,True
DGX,Quest Diagnostics,Health Care,Health Care Services,2002-12-12,236.3200,236.3700,238.2500,235.4800,236.3200,2026-09-28,48.9900,54.8400,DOWN,-1.1236,-1.0816,-0.4087,False,0.3554,6.0936,1.1120,2.5790,235.7000,203.8000,238.9600,0.2600,15.9600,True,2.7818,ALCISTA,-4.5000,-5.0300,247.4500,248.8400,248.8400,168.9700,-5.0300,39.8600,0.6730,False,False,232.2800,1,240.1300,True,-1.7100,HAMMER|DOJI,6.5000,10.0000,5.0000,5.0000,7,5.0000,7.0000,False,False,False,False,False,False,5.1600,7.7400,1.5000,SIDI_SHADOW_V1,0.2808,-6.1492,-0.3491,0.6842,294,XLV,True,25.1137,19.5991,3.4587,2.2564,14.2300,0.1460,0.0640,0.0919,0.3319,0.1020,0.1500,81.0740,1.5910,909625024.0000,1058000000.0000,0.8598,26083432448,0.5490,3.8600,1.4600,110373360,5.7500,5.9300,5.8200,5.4600,0.0349,D/E:81,1,6.0500,False,True,False,False,False,False,DD12|RSI40|MACD|VOLUME|FUND65|ABNORMAL20,False,10-18d,XLV,,UNH|JNJ|LLY,fda_calendar|drug_pricing_policy|patent_cliffs,NEXT_SESSION_OPEN,0.7500,-5.0000,7,1.5000,5,EXIT_AT_OPEN_IF_OPEN_BELOW_SL,SL_FIRST,10,PENDING_NEXT_OPEN,6.0936,4.5702,240.8902,224.5040,1.9339,Exact TP/SL are fixed from the actual T+1 opening/entry price,24,2026-10-22,False,2026-07-23,3.1200,2.8200,10.5000,ALCISTA FUERTE,10,771.3500,7.9100,52.5000,14.8700,SIDI_SHADOW_V1: Fund≥6.5 · DD60≥12% · RSI<40 · MACD↑ · Vol↓ · SPY20≤+1% · Abnormal20≤-10%,SIDI_SHADOW_V1,True
HD,Home Depot (The),Consumer Discretionary,Home Improvement Retail,1988-03-31,293.2000,292.6900,297.1400,291.4000,293.2000,2026-09-28,25.4100,21.0300,UP,-0.9080,-0.9810,-0.7728,True,0.1286,6.6571,0.8230,2.2710,325.5400,336.1400,307.8500,-9.9300,-12.7700,False,-1.0556,BAJISTA,-17.4700,-17.6900,355.2800,356.2200,400.0800,284.8500,-26.7100,2.9300,1.3260,False,False,284.8500,1,352.9300,True,-2.8500,HAMMER|DOJI,7.2500,5.0000,9.5000,7.0000,7,8.0000,7.0000,False,False,True,True,True,False,4.5400,6.8100,1.5000,SIDI_SHADOW_V1,0.2808,-5.2786,-0.3296,1.0359,294,XLY,True,20.5035,18.2966,17.6096,1.7291,14.3470,1.0430,0.1214,0.0841,0.3280,0.0570,0.0460,380.2610,1.0780,10762625024.0000,14227000320.0000,0.7565,292522590208,0.9550,2.6500,3.1800,997689626,5.2400,3.6100,6.9500,5.1400,0.0368,D/E:380,1,6.0400,False,True,False,False,False,False,VOLUME|FUND65|ABNORMAL20,False,5-10d,XLY,,AMZN|TSLA|MCD,consumer_spending|employment_data|interest_rates,NEXT_SESSION_OPEN,0.7500,-5.0000,7,1.5000,5,EXIT_AT_OPEN_IF_OPEN_BELOW_SL,SL_FIRST,10,PENDING_NEXT_OPEN,6.6571,4.9928,298.1928,278.5400,1.7029,Exact TP/SL are fixed from the actual T+1 opening/entry price,50,2026-11-17,False,2026-08-18,4.9200,4.7300,4.0000,ALCISTA FUERTE,10,771.3500,7.9100,52.5000,14.8700,SIDI_SHADOW_V1: Fund≥6.5 · DD60≥12% · RSI<40 · MACD↑ · Vol↓ · SPY20≤+1% · Abnormal20≤-10%,SIDI_SHADOW_V1,True
BSX,Boston Scientific,Health Care,Health Care Equipment,1995-02-24,43.9200,44.6800,44.8400,43.3300,43.9200,2026-09-28,32.9500,36.4600,DOWN,0.0328,0.0261,-0.1431,True,0.3261,1.4314,0.8540,3.2590,46.8800,62.9500,45.1900,-6.3100,-30.2300,False,-7.9833,BAJISTA,-15.5500,-17.1200,52.0100,52.9900,105.6500,42.2000,-58.4300,4.0800,0.7220,True,True,42.4300,4,46.3700,True,-3.3900,HAMMER|DOJI,6.8000,5.0000,7.5000,7.5000,9,5.0000,7.0000,True,True,True,True,True,True,6.5200,9.7800,1.5000,SIDI_SHADOW_V1,0.2808,3.1571,0.1516,0.8504,294,XLV,True,17.7814,12.8701,2.5487,3.0315,13.3040,0.1534,0.0619,0.1750,0.6919,0.0750,0.1510,50.1510,1.2400,2451375104.0000,3673999872.0000,0.6672,63650160640,0.5680,2.2800,,1449229526,5.5200,4.8200,5.4400,6.4500,0.0385,FCF/NI:0.67,1,6.0300,False,True,False,True,False,False,FUND65|ABNORMAL20,False,3-7d,XLV,,UNH|JNJ|LLY,fda_calendar|drug_pricing_policy|patent_cliffs,NEXT_SESSION_OPEN,0.7500,-5.0000,7,1.5000,5,EXIT_AT_OPEN_IF_OPEN_BELOW_SL,SL_FIRST,10,PENDING_NEXT_OPEN,1.4314,1.0736,44.9935,41.7240,2.4443,Exact TP/SL are fixed from the actual T+1 opening/entry price,30,2026-10-28,False,2026-07-29,0.8600,0.8300,3.9000,ALCISTA FUERTE,10,771.3500,7.9100,52.5000,14.8700,SIDI_SHADOW_V1: Fund≥6.5 · DD60≥12% · RSI<40 · MACD↑ · Vol↓ · SPY20≤+1% · Abnormal20≤-10%,SIDI_SHADOW_V1,True
DHR,Danaher Corporation,Health Care,Life Sciences Tools & Services,1998-11-18,224.4900,223.3700,224.9000,221.6000,224.4900,2026-09-28,73.8700,44.5600,UP,1.6069,1.4906,0.8873,True,0.9487,5.3886,0.8420,2.4000,205.8900,201.3300,213.3400,9.0300,11.5000,True,-0.5529,ALCISTA,0.0000,-0.9500,224.4900,226.6500,241.7800,160.6000,-7.1500,39.7800,1.1070,False,False,199.5500,3,220.6700,False,-11.1100,HAMMER|DOJI,6.6500,9.5000,7.0000,5.0000,6,5.0000,7.0000,False,False,False,False,True,False,4.8000,7.2000,1.5000,SIDI_SHADOW_V1,0.2808,4.2975,0.0597,0.9342,294,XLV,True,40.0160,24.1417,3.0010,6.2856,22.5880,0.0761,0.0395,0.1595,0.5875,0.0550,0.5970,52.9700,1.6510,4325125120.0000,3990000128.0000,1.0840,157813342208,0.8080,2.5600,0.7100,702986054,5.6000,6.7900,5.3900,4.4500,0.0274,OK,0,6.0200,False,True,False,False,False,False,DD12|RSI40|VOLUME|FUND65|ABNORMAL20,False,10-18d,XLV,,UNH|JNJ|LLY,fda_calendar|drug_pricing_policy|patent_cliffs,NEXT_SESSION_OPEN,0.7500,-5.0000,7,1.5000,5,EXIT_AT_OPEN_IF_OPEN_BELOW_SL,SL_FIRST,10,PENDING_NEXT_OPEN,5.3886,4.0415,228.5315,213.2655,1.8003,Exact TP/SL are fixed from the actual T+1 opening/entry price,23,2026-10-21,False,2026-07-21,1.9400,1.8400,5.3000,ALCISTA FUERTE,10,771.3500,7.9100,52.5000,14.8700,SIDI_SHADOW_V1: Fund≥6.5 · DD60≥12% · RSI<40 · MACD↑ · Vol↓ · SPY20≤+1% · Abnormal20≤-10%,SIDI_SHADOW_V1,True
UHS,Universal Health Services,Health Care,Health Care Facilities,2014-09-20,178.8600,176.9900,180.4100,176.5400,178.8600,2026-09-28,61.4500,57.9900,UP,0.0250,0.0680,0.1210,False,0.7440,6.2786,1.1370,3.5100,169.9600,181.6000,175.7400,5.2400,-1.5100,False,-2.9924,BAJISTA,-1.3900,-3.8700,181.3900,186.0600,245.2600,139.9200,-27.0700,27.8300,0.8180,True,True,165.5700,2,179.7300,False,-7.4300,NONE,6.0000,6.5000,6.0000,7.5000,5,5.0000,5.0000,False,False,False,False,False,True,7.0200,10.5300,1.5000,SIDI_SHADOW_V1,0.2808,6.6785,-0.0736,0.6590,294,XLV,True,7.3004,7.4527,1.4029,0.5819,5.8550,0.2095,0.0832,0.0842,0.4461,0.0830,0.1010,68.7400,1.1160,498316992.0000,1526027008.0000,0.3265,10541385728,1.0610,4.1900,0.4500,51687770,6.0400,4.2600,5.2500,9.0300,0.0473,FCF/NI:0.33,1,6.0200,False,True,False,False,False,False,DD12|RSI40|MACD|FUND65|ABNORMAL20,False,3-7d,XLV,,UNH|JNJ|LLY,fda_calendar|drug_pricing_policy|patent_cliffs,NEXT_SESSION_OPEN,0.7500,-5.0000,7,1.5000,5,EXIT_AT_OPEN_IF_OPEN_BELOW_SL,SL_FIRST,10,PENDING_NEXT_OPEN,6.2786,4.7089,183.5690,169.9170,2.6328,Exact TP/SL are fixed from the actual T+1 opening/entry price,28,2026-10-26,False,2026-07-27,5.9800,6.0100,-45.0000,ALCISTA FUERTE,10,771.3500,7.9100,52.5000,14.8700,SIDI_SHADOW_V1: Fund≥6.5 · DD60≥12% · RSI<40 · MACD↑ · Vol↓ · SPY20≤+1% · Abnormal20≤-10%,SIDI_SHADOW_V1,True
COO,Cooper Companies (The),Health Care,Health Care Supplies,2016-09-23,55.3800,55.1800,56.1800,55.0200,55.3800,2026-09-28,20.9200,18.1400,UP,0.0090,-0.1829,-0.7417,True,0.3315,2.8014,1.4310,5.0590,68.3900,71.9800,59.7200,-19.0200,-23.0600,False,-1.9729,BAJISTA,-27.9100,-29.1000,76.8200,78.1100,89.8300,51.0100,-38.3500,8.5700,0.8990,False,False,51.0100,1,63.3200,False,-7.8900,NONE,5.7500,5.0000,9.5000,5.0000,4,5.0000,5.0000,False,False,True,True,True,False,10.1200,15.1800,1.5000,SIDI_SHADOW_V1,0.2808,-19.9499,0.0656,0.9360,294,XLV,True,19.0309,11.7987,1.2641,2.4855,14.1390,0.0684,0.0273,0.1346,0.6593,0.0060,3.5710,33.6340,1.2220,542649984.0000,570300032.0000,0.9515,10530800640,0.8180,2.9600,,190155294,6.1600,5.0000,5.7300,8.0000,0.0515,OK,0,6.0000,False,True,True,False,False,False,VOLUME|FUND65,False,3-7d,XLV,,UNH|JNJ|LLY,fda_calendar|drug_pricing_policy|patent_cliffs,NEXT_SESSION_OPEN,0.7500,-5.0000,7,1.5000,5,EXIT_AT_OPEN_IF_OPEN_BELOW_SL,SL_FIRST,10,PENDING_NEXT_OPEN,2.8014,2.1010,57.4811,52.6110,3.7939,Exact TP/SL are fixed from the actual T+1 opening/entry price,-19,2026-12-10,False,2026-09-09,1.1500,1.1200,2.7000,ALCISTA FUERTE,10,771.3500,7.9100,52.5000,14.8700,SIDI_SHADOW_V1: Fund≥6.5 · DD60≥12% · RSI<40 · MACD↑ · Vol↓ · SPY20≤+1% · Abnormal20≤-10%,SIDI_SHADOW_V1,True
MTB,M&T Bank,Financials,Regional Banks,2004-02-23,221.1900,218.6500,221.7800,218.6100,221.1900,2026-09-28,18.8900,36.2700,DOWN,-1.3724,-1.5874,-1.2438,True,0.1425,4.5814,1.0360,2.0710,240.6600,220.9600,230.3600,-8.0900,0.1000,True,2.2043,NEUTRO,-12.3900,-13.0200,252.4600,254.3100,254.3100,169.8900,-13.0200,30.1900,0.5990,True,True,209.5600,3,217.8600,False,-5.2600,BULL_ENGULF,7.7500,8.5000,8.5000,7.5000,6,8.0000,7.5000,True,False,True,True,True,True,4.1400,6.2100,1.5000,SIDI_SHADOW_V1,0.2808,-1.6581,0.0180,1.0070,294,XLF,True,11.7094,10.4871,1.2565,3.3920,,0.1074,0.0141,0.3209,0.0000,0.0620,0.2550,,,,2873999872.0000,,32057729024,0.5630,5.1400,2.7100,144933000,4.8400,4.4900,4.4700,5.6900,,OK,0,6.0000,False,True,False,True,False,False,FUND65|ABNORMAL20,False,7-15d,XLF,,JPM|BAC|WFC,interest_rates|yield_curve|credit_spreads|loan_growth,NEXT_SESSION_OPEN,0.7500,-5.0000,7,1.5000,5,EXIT_AT_OPEN_IF_OPEN_BELOW_SL,SL_FIRST,10,PENDING_NEXT_OPEN,4.5814,3.4361,224.6260,210.1305,1.5534,Exact TP/SL are fixed from the actual T+1 opening/entry price,18,2026-10-16,False,2026-07-15,5.3200,4.6600,14.1000,ALCISTA FUERTE,10,771.3500,7.9100,52.5000,14.8700,SIDI_SHADOW_V1: Fund≥6.5 · DD60≥12% · RSI<40 · MACD↑ · Vol↓ · SPY20≤+1% · Abnormal20≤-10%,SIDI_SHADOW_V1,True
BRO,Brown & Brown,Financials,Insurance Brokers,2021-09-20,60.8200,60.1400,61.7200,60.1400,60.8200,2026-09-28,16.5800,19.5400,DOWN,-0.8016,-0.8523,-0.7507,True,0.1175,1.9679,0.9330,3.2360,69.2400,68.1300,65.8500,-12.1600,-10.7300,True,-1.7444,BAJISTA,-18.5800,-19.4000,74.7000,75.4600,95.6300,53.6900,-36.4000,13.2900,0.9190,False,False,57.9200,1,61.4400,False,-4.7700,NONE,6.3000,6.5000,8.5000,5.0000,4,8.0000,5.0000,False,False,True,True,True,False,6.4700,9.7100,1.5000,SIDI_SHADOW_V1,0.2808,-6.4213,-1.2197,1.5971,294,XLF,True,19.4313,12.6048,1.5951,3.0543,9.5170,0.1002,0.0538,0.1808,0.5628,0.3240,0.0710,63.9750,1.1270,1642749952.0000,1191000064.0000,1.3793,20351002624,0.5820,8.1600,1.0900,334610357,5.7900,5.5800,5.0500,6.9100,0.0807,OK,0,5.9900,False,True,False,False,False,False,VOLUME|FUND65|ABNORMAL20,False,3-7d,XLF,,JPM|BAC|WFC,interest_rates|yield_curve|credit_spreads|loan_growth,NEXT_SESSION_OPEN,0.7500,-5.0000,7,1.5000,5,EXIT_AT_OPEN_IF_OPEN_BELOW_SL,SL_FIRST,10,PENDING_NEXT_OPEN,1.9679,1.4759,62.2959,57.7790,2.4267,Exact TP/SL are fixed from the actual T+1 opening/entry price,28,2026-10-26,False,2026-07-27,1.0700,1.0700,-39.0000,ALCISTA FUERTE,10,771.3500,7.9100,52.5000,14.8700,SIDI_SHADOW_V1: Fund≥6.5 · DD60≥12% · RSI<40 · MACD↑ · Vol↓ · SPY20≤+1% · Abnormal20≤-10%,SIDI_SHADOW_V1,True
CTAS,Cintas,Industrials,Diversified Support Services,2001-03-01,199.9100,198.2200,200.5500,198.2200,199.9100,2026-09-28,48.9800,33.3700,UP,-0.3056,-0.6162,-0.5039,True,0.5583,4.0979,0.8920,2.0500,202.0600,187.0600,199.0500,-1.0600,6.8700,True,0.8651,NEUTRO,-7.4400,-8.5500,215.9700,218.6000,218.6000,160.3100,-8.5500,24.7000,1.2040,False,False,197.5500,3,206.9200,True,-1.1800,NONE,6.7000,8.5000,7.0000,5.0000,9,5.0000,5.0000,False,False,False,False,True,False,4.1000,6.1500,1.5000,SIDI_SHADOW_V1,0.2808,-1.2157,-0.2178,0.2930,294,XLI,True,39.3524,32.4586,15.5633,6.9086,26.5180,0.4138,0.1666,0.1782,0.5099,0.1090,0.1330,52.0960,1.4540,1623005312.0000,2054226944.0000,0.7901,79867445248,0.9130,6.3500,1.0400,399517000,5.5100,5.4700,7.2200,3.5500,0.0203,OK,0,5.9900,False,True,False,False,False,False,DD12|RSI40|VOLUME|FUND65|ABNORMAL20,False,7-15d,XLI,,CAT|UNP|HON,pmi_manufacturing|supply_chain|capex_cycle,NEXT_SESSION_OPEN,0.7500,-5.0000,7,1.5000,5,EXIT_AT_OPEN_IF_OPEN_BELOW_SL,SL_FIRST,10,PENDING_NEXT_OPEN,4.0979,3.0734,202.9834,189.9145,1.5374,Exact TP/SL are fixed from the actual T+1 opening/entry price,80,2026-12-17,False,2026-09-23,1.3600,1.3600,23.0000,ALCISTA FUERTE,10,771.3500,7.9100,52.5000,14.8700,SIDI_SHADOW_V1: Fund≥6.5 · DD60≥12% · RSI<40 · MACD↑ · Vol↓ · SPY20≤+1% · Abnormal20≤-10%,SIDI_SHADOW_V1,True
J,Jacobs Solutions,Industrials,Construction & Engineering,2007-10-26,138.3700,134.9200,138.5700,134.2300,138.3700,2026-09-28,34.1300,29.6700,UP,-1.0579,-1.0664,-0.6152,True,0.1257,3.4371,0.9900,2.4840,142.3600,132.4700,142.7400,-2.8000,4.4500,True,0.2513,NEUTRO,-8.9600,-9.7400,151.9800,153.3000,166.6600,105.0900,-16.9800,31.6700,0.8050,True,True,141.1200,2,137.0000,True,1.9900,NONE,7.6500,8.5000,8.5000,7.5000,7,8.0000,5.0000,False,False,False,True,True,True,4.9700,7.4500,1.5000,SIDI_SHADOW_V1,0.2808,-7.4386,-0.0869,0.5607,294,XLI,True,45.8179,16.7377,4.9648,1.1491,18.0370,0.0800,0.0455,0.0238,0.2207,0.3450,-0.2540,124.7340,1.2870,645677888.0000,359329984.0000,1.7969,16338850816,0.6790,4.1000,1.0400,118080879,4.8900,5.0000,4.4100,5.3300,0.0395,D/E:125,1,5.9900,False,True,False,False,False,False,DD12|FUND65|ABNORMAL20,False,7-15d,XLI,,CAT|UNP|HON,pmi_manufacturing|supply_chain|capex_cycle,NEXT_SESSION_OPEN,0.7500,-5.0000,7,1.5000,5,EXIT_AT_OPEN_IF_OPEN_BELOW_SL,SL_FIRST,10,PENDING_NEXT_OPEN,3.4371,2.5778,140.9478,131.4515,1.8630,Exact TP/SL are fixed from the actual T+1 opening/entry price,52,2026-11-19,False,2026-08-04,1.8400,1.8300,80.0000,ALCISTA FUERTE,10,771.3500,7.9100,52.5000,14.8700,SIDI_SHADOW_V1: Fund≥6.5 · DD60≥12% · RSI<40 · MACD↑ · Vol↓ · SPY20≤+1% · Abnormal20≤-10%,SIDI_SHADOW_V1,True
KVUE,Kenvue,Consumer Staples,Personal Care Products,2023-08-25,17.8000,17.5900,17.8400,17.5550,17.8000,2026-09-28,32.5000,23.4400,UP,0.0049,-0.0146,-0.0325,True,0.4000,0.3183,0.7940,1.7880,18.5100,17.5100,17.9700,-3.8200,1.6800,True,1.1735,NEUTRO,-8.1500,-9.5200,19.3800,19.6700,19.6700,13.2200,-9.5200,34.6600,0.4720,True,True,16.3600,2,19.4200,False,-8.1100,BULL_ENGULF,7.3000,8.5000,8.5000,7.5000,4,7.0000,7.5000,False,False,False,True,True,True,3.5800,5.3600,1.5000,SIDI_SHADOW_V1,0.2808,-4.1566,0.2004,0.9530,294,XLP,True,20.9412,14.3570,3.2387,2.2190,11.9770,0.1558,0.0699,0.1076,0.5844,0.0300,0.0850,81.6170,1.0050,1907500032.0000,1658000000.0000,1.1505,34189766656,0.4260,2.1200,4.7200,1920773467,5.1200,2.9200,5.5100,7.2200,0.0558,D/E:82,1,5.9900,False,True,False,False,False,False,DD12|FUND65|ABNORMAL20,False,7-15d,XLP,,PG|KO|PEP,inflation|input_costs|fx_rates,NEXT_SESSION_OPEN,0.7500,-5.0000,7,1.5000,5,EXIT_AT_OPEN_IF_OPEN_BELOW_SL,SL_FIRST,10,PENDING_NEXT_OPEN,0.3183,0.2387,18.0387,16.9100,1.3412,Exact TP/SL are fixed from the actual T+1 opening/entry price,38,2026-11-05,False,2026-08-06,0.3100,0.3200,-2.8000,ALCISTA FUERTE,10,771.3500,7.9100,52.5000,14.8700,SIDI_SHADOW_V1: Fund≥6.5 · DD60≥12% · RSI<40 · MACD↑ · Vol↓ · SPY20≤+1% · Abnormal20≤-10%,SIDI_SHADOW_V1,True
TDG,TransDigm Group,Industrials,Aerospace & Defense,2016-06-03,1116.2000,1107.9900,1118.1500,1100.0100,1116.2000,2026-09-28,36.5000,19.8800,UP,3.6376,2.0807,-0.3605,True,0.4269,26.7857,0.8390,2.4000,1190.2500,1252.6800,1128.4900,-6.2200,-10.8900,False,-1.6645,BAJISTA,-17.2300,-17.9300,1348.4900,1359.9900,1463.0300,1071.2500,-23.7100,4.2000,0.5760,True,True,1135.8000,2,1262.2600,True,1.7600,NONE,6.5000,5.0000,8.5000,7.5000,7,5.0000,5.0000,True,True,True,True,True,True,4.8000,7.2000,1.5000,SIDI_SHADOW_V1,0.2808,0.1379,-0.0529,0.9250,294,XLI,True,33.8961,23.0818,-6.6451,6.2396,18.1540,,0.1182,0.2128,0.5982,0.2250,0.1090,,3.0190,1457374976.0000,1911000064.0000,0.7626,62433062912,0.8930,3.0700,,55933583,5.6400,6.9500,6.3000,3.3500,0.0233,OK,0,5.9800,False,True,False,True,False,False,FUND65|ABNORMAL20,False,3-7d,XLI,,CAT|UNP|HON,pmi_manufacturing|supply_chain|capex_cycle,NEXT_SESSION_OPEN,0.7500,-5.0000,7,1.5000,5,EXIT_AT_OPEN_IF_OPEN_BELOW_SL,SL_FIRST,10,PENDING_NEXT_OPEN,26.7857,20.0893,1136.2893,1060.3900,1.7998,Exact TP/SL are fixed from the actual T+1 opening/entry price,38,2026-11-05,False,2026-08-04,10.8700,10.2800,5.7000,ALCISTA FUERTE,10,771.3500,7.9100,52.5000,14.8700,SIDI_SHADOW_V1: Fund≥6.5 · DD60≥12% · RSI<40 · MACD↑ · Vol↓ · SPY20≤+1% · Abnormal20≤-10%,SIDI_SHADOW_V1,True
TSN,Tyson Foods,Consumer Staples,Packaged Foods & Meats,2005-08-10,50.9200,51.0500,51.2900,50.6800,50.9200,2026-09-28,46.0700,39.7600,UP,-0.0259,-0.0150,0.0169,False,0.1882,1.1157,0.7970,2.1910,55.5700,59.2500,52.8200,-8.3700,-14.0500,False,-0.1853,BAJISTA,-15.9900,-18.4600,60.6100,62.4500,68.2600,48.8400,-25.4100,4.2500,0.6460,False,False,50.7100,1,59.1700,True,-0.4100,NONE,6.0200,5.0000,6.0000,5.0000,7,8.5000,5.0000,False,False,True,False,False,False,4.3800,6.5700,1.5000,SIDI_SHADOW_V1,0.2808,-4.3238,-0.1940,0.6024,294,XLP,True,31.4321,12.3354,0.9909,0.3216,9.1220,0.0326,0.0256,0.0103,0.0655,-0.0010,2.0410,44.0250,1.4330,1191250048.0000,574000000.0000,2.0753,17913731072,0.3710,2.7800,4.0100,281792507,5.9600,5.0000,5.4500,7.6700,0.0665,OK,0,5.9800,False,True,False,False,False,False,RSI40|MACD|VOLUME|FUND65|ABNORMAL20,False,3-7d,XLP,,PG|KO|PEP,inflation|input_costs|fx_rates,NEXT_SESSION_OPEN,0.7500,-5.0000,7,1.5000,5,EXIT_AT_OPEN_IF_OPEN_BELOW_SL,SL_FIRST,10,PENDING_NEXT_OPEN,1.1157,0.8368,51.7568,48.3740,1.6433,Exact TP/SL are fixed from the actual T+1 opening/entry price,49,2026-11-16,False,2026-08-03,0.9900,0.9900,34.0000,ALCISTA FUERTE,10,771.3500,7.9100,52.5000,14.8700,SIDI_SHADOW_V1: Fund≥6.5 · DD60≥12% · RSI<40 · MACD↑ · Vol↓ · SPY20≤+1% · Abnormal20≤-10%,SIDI_SHADOW_V1,True
DVN,Devon Energy,Energy,Oil & Gas Exploration & Production,2000-08-30,47.0500,47.8400,48.1300,47.0100,47.0500,2026-09-28,47.3800,57.4300,DOWN,-0.3262,-0.2608,-0.3479,False,0.1529,1.5705,1.2180,3.3380,46.4400,43.8200,48.0800,1.3200,7.3600,True,3.1213,ALCISTA,-8.3400,-8.7500,51.3300,51.5600,52.0000,30.6900,-9.5200,53.3200,0.8090,False,False,45.8900,2,46.6100,True,-2.4700,NONE,6.5200,10.0000,5.0000,5.0000,7,6.5000,5.0000,False,False,False,False,False,False,6.6800,10.0100,1.5000,SIDI_SHADOW_V1,0.2808,1.1331,-0.1742,1.3145,294,XLE,True,10.2283,8.7330,1.2960,2.7557,7.0260,0.1152,0.0591,0.1746,0.5035,0.6420,0.4400,28.4880,0.7170,782625024.0000,3280000000.0000,0.2386,51754999808,0.4260,2.9100,2.7200,1100000000,5.6100,7.4300,4.3000,5.0100,0.0151,FCF/NI:0.24,1,5.9700,False,True,False,False,False,False,DD12|RSI40|MACD|VOLUME|FUND65|ABNORMAL20,False,10-18d,XLE,,XOM|CVX|COP,oil_price|gas_price|opec_supply|inventories,NEXT_SESSION_OPEN,0.7500,-5.0000,7,1.5000,5,EXIT_AT_OPEN_IF_OPEN_BELOW_SL,SL_FIRST,10,PENDING_NEXT_OPEN,1.5705,1.1779,48.2279,44.6975,2.5035,Exact TP/SL are fixed from the actual T+1 opening/entry price,37,2026-11-04,False,2026-08-04,1.5700,1.4100,11.3000,ALCISTA FUERTE,10,771.3500,7.9100,52.5000,14.8700,SIDI_SHADOW_V1: Fund≥6.5 · DD60≥12% · RSI<40 · MACD↑ · Vol↓ · SPY20≤+1% · Abnormal20≤-10%,SIDI_SHADOW_V1,True
MAR,Marriott International,Consumer Discretionary,"Hotels, Resorts & Cruise Lines",1998-05-29,352.0300,351.8500,353.3000,347.6000,352.0300,2026-09-28,65.8100,39.3300,UP,2.9296,2.8313,1.9626,True,0.9093,7.3121,0.8940,2.0770,352.4500,346.6500,344.2900,-0.1200,1.5500,True,1.3930,NEUTRO,-8.0200,-8.1900,382.7400,383.4500,410.1500,254.6400,-14.1700,38.2500,0.8410,True,True,343.0000,3,383.1800,True,-2.5700,HAMMER|DOJI|HAMMER|DOJI,7.4000,8.5000,7.0000,7.5000,9,5.0000,7.0000,False,False,False,False,True,True,4.1500,6.2300,1.5000,SIDI_SHADOW_V1,0.2808,0.6763,-0.1449,0.6574,294,XLY,True,36.4798,26.7564,-20.3674,12.4303,22.6650,,0.0976,0.3503,0.7924,0.1110,0.0430,,0.5350,2060375040.0000,2587000064.0000,0.7964,91797553152,1.1040,4.6800,0.8300,260766288,5.0200,6.0100,5.5500,3.2500,0.0224,OK,0,5.9700,False,True,False,False,False,False,DD12|RSI40|FUND65|ABNORMAL20,False,7-15d,XLY,,AMZN|TSLA|HD,consumer_spending|employment_data|interest_rates,NEXT_SESSION_OPEN,0.7500,-5.0000,7,1.5000,5,EXIT_AT_OPEN_IF_OPEN_BELOW_SL,SL_FIRST,10,PENDING_NEXT_OPEN,7.3121,5.4841,357.5141,334.4285,1.5578,Exact TP/SL are fixed from the actual T+1 opening/entry price,36,2026-11-03,False,2026-08-03,3.1900,3.0800,3.6000,ALCISTA FUERTE,10,771.3500,7.9100,52.5000,14.8700,SIDI_SHADOW_V1: Fund≥6.5 · DD60≥12% · RSI<40 · MACD↑ · Vol↓ · SPY20≤+1% · Abnormal20≤-10%,SIDI_SHADOW_V1,True
WFC,Wells Fargo,Financials,Diversified Banks,1976-06-30,82.9700,82.3000,83.1000,81.7400,82.9700,2026-09-28,29.5300,48.1000,DOWN,-0.7788,-0.8274,-0.5518,True,0.1176,2.2171,1.1400,2.6720,86.6700,84.2900,85.9300,-4.2700,-1.5700,True,0.3057,BAJISTA,-8.1100,-9.8100,90.2900,91.9900,96.1800,72.3600,-13.7300,14.6600,0.6580,True,True,78.3500,1,82.7700,False,-5.5700,HAMMER,7.2500,7.0000,8.5000,7.5000,5,8.0000,7.0000,False,False,False,True,True,True,5.3400,8.0200,1.5000,SIDI_SHADOW_V1,0.2808,5.9279,-0.1069,1.2951,294,XLF,True,12.0596,10.4531,1.5598,3.0220,,0.1258,0.0108,0.2723,0.0000,0.0950,0.2500,,,,21614999552.0000,,250901217280,0.9160,0.0000,2.4100,3023999336,5.1100,5.2600,4.6500,5.4800,,OK,0,5.9700,False,True,False,False,False,False,DD12|FUND65|ABNORMAL20,False,3-7d,XLF,,JPM|BAC|GS,interest_rates|yield_curve|credit_spreads|loan_growth,NEXT_SESSION_OPEN,0.7500,-5.0000,7,1.5000,5,EXIT_AT_OPEN_IF_OPEN_BELOW_SL,SL_FIRST,10,PENDING_NEXT_OPEN,2.2171,1.6628,84.6328,78.8215,2.0041,Exact TP/SL are fixed from the actual T+1 opening/entry price,15,2026-10-13,False,2026-07-14,2.0000,1.7200,16.4000,ALCISTA FUERTE,10,771.3500,7.9100,52.5000,14.8700,SIDI_SHADOW_V1: Fund≥6.5 · DD60≥12% · RSI<40 · MACD↑ · Vol↓ · SPY20≤+1% · Abnormal20≤-10%,SIDI_SHADOW_V1,True
GNRC,Generac,Industrials,Heavy Electrical Equipment,2021-03-22,208.1400,200.0300,208.9000,199.8400,208.1400,2026-09-28,62.5300,66.0000,DOWN,3.2835,3.0542,3.8984,True,0.8856,11.5050,1.0330,5.5280,201.1700,211.4100,196.8300,3.4600,-1.5500,False,1.8285,BAJISTA,-19.2700,-23.7700,257.8100,273.0400,296.4400,134.8000,-29.7900,54.4100,0.7780,False,False,211.1900,1,225.6700,True,1.4700,NONE,6.0500,7.0000,6.0000,5.0000,8,5.0000,5.0000,False,False,True,False,True,False,11.0600,16.5800,1.5000,SIDI_SHADOW_V1,0.2808,15.9067,0.6386,1.3745,294,XLI,True,47.8483,16.7291,4.2679,2.7696,21.0940,0.0949,0.0472,0.0582,0.3954,0.1060,0.9200,49.0030,2.0450,289056512.0000,258195008.0000,1.1195,12293567488,1.9130,2.6700,,59063935,5.8800,7.8800,5.4100,4.1100,0.0235,OK,0,5.9500,False,True,False,False,False,False,RSI40|VOLUME|FUND65|ABNORMAL20,False,3-7d,XLI,,CAT|UNP|HON,pmi_manufacturing|supply_chain|capex_cycle,NEXT_SESSION_OPEN,0.7500,-5.0000,7,1.5000,5,EXIT_AT_OPEN_IF_OPEN_BELOW_SL,SL_FIRST,10,PENDING_NEXT_OPEN,11.5050,8.6288,216.7687,197.7330,4.1456,Exact TP/SL are fixed from the actual T+1 opening/entry price,30,2026-10-28,False,2026-07-29,2.9100,2.0100,44.6000,ALCISTA FUERTE,10,771.3500,7.9100,52.5000,14.8700,SIDI_SHADOW_V1: Fund≥6.5 · DD60≥12% · RSI<40 · MACD↑ · Vol↓ · SPY20≤+1% · Abnormal20≤-10%,SIDI_SHADOW_V1,True
JCI,Johnson Controls,Industrials,Building Products,2010-08-27,150.2000,147.0300,150.6600,146.2800,150.2000,2026-09-28,59.0300,56.1500,UP,0.9486,0.6674,0.5595,True,1.0277,3.5646,0.8230,2.3730,144.6700,136.0300,144.0900,3.8200,10.4100,True,2.0421,ALCISTA,-2.6700,-4.1000,154.3300,156.6200,156.6200,103.5900,-4.1000,44.9900,0.8670,True,True,136.0500,10,147.4600,False,-9.4200,HAMMER|DOJI,7.2500,10.0000,7.0000,7.5000,6,5.0000,7.0000,False,False,False,False,True,True,4.7500,7.1200,1.5000,SIDI_SHADOW_V1,0.2808,11.1493,0.0060,1.2121,294,XLI,True,42.4294,24.7197,6.7484,3.6400,23.0870,0.1433,0.0540,0.1432,0.3665,0.0930,0.1530,70.1070,1.0000,2984124928.0000,2180000000.0000,1.3689,90982359040,1.3040,3.1400,1.0700,605741470,5.0800,5.4100,5.0700,4.7100,0.0328,OK,0,5.9500,False,True,False,False,False,False,DD12|RSI40|FUND65|ABNORMAL20,False,10-18d,XLI,,CAT|UNP|HON,pmi_manufacturing|supply_chain|capex_cycle,NEXT_SESSION_OPEN,0.7500,-5.0000,7,1.5000,5,EXIT_AT_OPEN_IF_OPEN_BELOW_SL,SL_FIRST,10,PENDING_NEXT_OPEN,3.5646,2.6734,152.8734,142.6900,1.7799,Exact TP/SL are fixed from the actual T+1 opening/entry price,37,2026-11-04,False,2026-07-29,1.4200,1.3000,9.0000,ALCISTA FUERTE,10,771.3500,7.9100,52.5000,14.8700,SIDI_SHADOW_V1: Fund≥6.5 · DD60≥12% · RSI<40 · MACD↑ · Vol↓ · SPY20≤+1% · Abnormal20≤-10%,SIDI_SHADOW_V1,True
WST,West Pharmaceutical Services,Health Care,Health Care Supplies,2020-05-22,370.4400,372.0100,372.1400,368.4500,370.4400,2026-09-28,74.1800,72.2200,UP,2.3972,2.8662,2.6771,False,0.8006,9.1050,1.0550,2.4580,350.4100,299.5000,359.0800,5.7200,23.6900,True,2.8306,ALCISTA,-1.4400,-3.9700,375.8700,385.7500,385.7500,223.5200,-3.9700,65.7300,0.7120,False,False,349.1800,1,367.4200,False,-5.7400,NONE,6.0500,10.0000,6.0000,5.0000,4,5.0000,5.0000,False,False,False,False,False,False,4.9200,7.3700,1.5000,SIDI_SHADOW_V1,0.2808,2.4235,0.3320,0.3746,294,XLV,True,47.3708,37.1068,8.7216,7.8364,28.4480,0.1909,0.1138,0.1698,0.3679,0.1380,0.1810,10.5850,2.8220,277937504.0000,564899968.0000,0.4920,26069997568,1.1350,4.8900,0.2400,70375762,5.8800,7.7300,6.8000,2.6400,0.0107,FCF/NI:0.49,1,5.9500,False,True,False,False,False,False,DD12|RSI40|MACD|VOLUME|FUND65|ABNORMAL20,False,10-18d,XLV,,UNH|JNJ|LLY,fda_calendar|drug_pricing_policy|patent_cliffs,NEXT_SESSION_OPEN,0.7500,-5.0000,7,1.5000,5,EXIT_AT_OPEN_IF_OPEN_BELOW_SL,SL_FIRST,10,PENDING_NEXT_OPEN,9.1050,6.8288,377.2688,351.9180,1.8434,Exact TP/SL are fixed from the actual T+1 opening/entry price,24,2026-10-22,False,2026-07-23,2.3700,2.0800,13.9000,ALCISTA FUERTE,10,771.3500,7.9100,52.5000,14.8700,SIDI_SHADOW_V1: Fund≥6.5 · DD60≥12% · RSI<40 · MACD↑ · Vol↓ · SPY20≤+1% · Abnormal20≤-10%,SIDI_SHADOW_V1,True
ATO,Atmos Energy,Utilities,Gas Utilities,2019-02-15,157.2100,156.1100,157.5000,155.3900,157.2100,2026-09-28,14.9200,28.5900,DOWN,-0.6136,-0.7436,-0.7005,True,0.1558,2.1964,0.7810,1.3970,168.2400,173.0300,162.0900,-6.5600,-9.1400,False,-0.4371,BAJISTA,-11.8900,-13.4000,178.4200,181.5500,190.2800,155.0000,-17.3800,1.4300,1.0310,False,False,,0,170.8400,False,,HAMMER|BULL_ENGULF,6.5200,5.0000,8.5000,5.0000,4,8.5000,9.5000,False,False,False,True,True,False,2.7900,4.1900,1.5000,SIDI_SHADOW_V1,0.2808,0.4117,-0.2616,0.8073,294,XLU,True,18.7155,17.4278,1.7411,5.3981,13.8590,0.0979,0.0389,0.2850,0.6221,0.0480,0.2330,67.6620,0.8140,-2220956928.0000,1402008064.0000,-1.5841,26566692864,0.5940,4.7800,2.5400,168988553,5.5500,7.7700,5.4200,3.1000,-0.0836,FCF/NI:-1.58,1,5.9400,False,True,False,False,False,False,DD12|VOLUME|FUND65|ABNORMAL20,False,3-7d,XLU,,NEE|DUK|SO,interest_rates|regulatory_environment,NEXT_SESSION_OPEN,0.7500,-5.0000,7,1.5000,5,EXIT_AT_OPEN_IF_OPEN_BELOW_SL,SL_FIRST,10,PENDING_NEXT_OPEN,2.1964,1.6473,158.8573,149.3495,1.0478,Exact TP/SL are fixed from the actual T+1 opening/entry price,37,2026-11-04,False,2026-08-05,1.4300,1.3500,5.6000,ALCISTA FUERTE,10,771.3500,7.9100,52.5000,14.8700,SIDI_SHADOW_V1: Fund≥6.5 · DD60≥12% · RSI<40 · MACD↑ · Vol↓ · SPY20≤+1% · Abnormal20≤-10%,SIDI_SHADOW_V1,True
COR,Cencora,Health Care,Health Care Distributors,2001-08-30,306.9200,308.9500,310.8900,304.3100,306.9200,2026-09-28,25.9700,37.7700,DOWN,-2.1533,-2.0723,-2.1622,False,0.1080,7.3943,0.9340,2.4090,317.2500,318.0600,316.9600,-3.2600,-3.5000,False,-1.1169,BAJISTA,-8.9900,-9.3900,337.2200,338.7100,375.3300,243.7800,-18.2300,25.9000,0.8290,True,True,299.0600,4,311.5700,True,-2.5600,NONE,7.2000,5.0000,7.5000,7.5000,10,8.0000,5.0000,False,False,False,True,False,True,4.8200,7.2300,1.5000,SIDI_SHADOW_V1,0.2808,-2.6827,-0.5424,0.7169,294,XLV,True,22.7855,15.4806,19.1969,0.1760,12.6940,0.9687,0.0356,0.0079,0.0396,0.0510,0.1190,446.5160,0.9350,2043314048.0000,2624793088.0000,0.7785,58568675328,0.5740,3.8200,0.7800,190827165,5.0800,3.2500,6.7900,5.2200,0.0349,D/E:447,1,5.9300,False,True,False,False,False,False,DD12|MACD|FUND65|ABNORMAL20,False,3-7d,XLV,,UNH|JNJ|LLY,fda_calendar|drug_pricing_policy|patent_cliffs,NEXT_SESSION_OPEN,0.7500,-5.0000,7,1.5000,5,EXIT_AT_OPEN_IF_OPEN_BELOW_SL,SL_FIRST,10,PENDING_NEXT_OPEN,7.3943,5.5457,312.4657,291.5740,1.8069,Exact TP/SL are fixed from the actual T+1 opening/entry price,37,2026-11-04,False,2026-08-05,4.4800,4.3500,3.0000,ALCISTA FUERTE,10,771.3500,7.9100,52.5000,14.8700,SIDI_SHADOW_V1: Fund≥6.5 · DD60≥12% · RSI<40 · MACD↑ · Vol↓ · SPY20≤+1% · Abnormal20≤-10%,SIDI_SHADOW_V1,True
CTSH,Cognizant,Information Technology,IT Consulting & Other Services,2006-11-17,57.3300,57.1100,58.2800,57.0000,57.3300,2026-09-28,36.2300,39.3700,DOWN,-0.8485,-0.8337,-0.7455,False,0.1318,2.1843,0.9480,3.8100,57.3200,60.9400,59.8500,0.0200,-5.9200,False,-2.1030,BAJISTA,-11.3100,-12.3700,64.6400,65.4200,85.4800,36.8600,-32.9300,55.5200,0.7320,True,True,45.0600,2,57.6000,False,-21.4000,HAMMER|DOJI,6.7500,6.5000,6.5000,7.5000,5,8.0000,7.0000,False,False,False,True,False,True,7.6200,11.4300,1.5000,SIDI_SHADOW_V1,0.2808,-8.8679,1.3814,-0.9449,294,XLK,True,12.3026,9.0716,1.7918,1.2530,6.6570,0.1492,0.1074,0.1026,0.3344,0.0450,0.0380,14.4790,2.1820,2215500032.0000,2220000000.0000,0.9980,27117090816,0.8300,6.3800,2.3000,473000000,5.3900,0.1000,6.7300,10.0000,0.0817,OK,0,5.9300,False,True,False,False,False,False,DD12|MACD|FUND65|ABNORMAL20,False,3-7d,XLK,,AAPL|MSFT|NVDA,interest_rates|ai_capex_cycle|semiconductor_cycle,NEXT_SESSION_OPEN,0.7500,-5.0000,7,1.5000,5,EXIT_AT_OPEN_IF_OPEN_BELOW_SL,SL_FIRST,10,PENDING_NEXT_OPEN,2.1843,1.6382,58.9682,54.4635,2.8575,Exact TP/SL are fixed from the actual T+1 opening/entry price,30,2026-10-28,False,2026-07-29,1.3700,1.3800,-66.0000,ALCISTA FUERTE,10,771.3500,7.9100,52.5000,14.8700,SIDI_SHADOW_V1: Fund≥6.5 · DD60≥12% · RSI<40 · MACD↑ · Vol↓ · SPY20≤+1% · Abnormal20≤-10%,SIDI_SHADOW_V1,True
EVRG,Evergy,Utilities,Electric Utilities,2018-06-05,78.0400,77.6600,78.1700,77.1100,78.0400,2026-09-28,27.4500,44.8300,DOWN,-0.2627,-0.2661,-0.1453,True,0.0421,1.1057,0.7790,1.4170,82.0800,79.8300,80.1700,-4.9200,-2.2400,True,0.8492,BAJISTA,-10.7100,-11.2000,87.4000,87.8900,87.8900,69.6400,-11.2000,12.0600,0.7850,True,True,,0,87.6400,False,,NONE,7.3500,7.0000,8.5000,7.5000,5,10.0000,5.0000,False,False,False,True,True,True,2.8300,4.2500,1.5000,SIDI_SHADOW_V1,0.2808,1.8261,-0.0942,0.8978,294,XLU,True,19.8575,17.0952,1.7600,2.9527,12.1540,0.0925,0.0291,0.1519,0.5270,0.0440,0.2300,160.5540,0.3590,-1443362560.0000,925800000.0000,-1.5590,17993461760,0.5100,9.6400,3.5600,230567172,4.9900,7.5000,4.1600,3.0200,-0.0802,FCF/NI:-1.56|D/E:161,2,5.9300,False,True,False,False,False,False,DD12|FUND65|ABNORMAL20,False,3-7d,XLU,,NEE|DUK|SO,interest_rates|regulatory_environment,NEXT_SESSION_OPEN,0.7500,-5.0000,7,1.5000,5,EXIT_AT_OPEN_IF_OPEN_BELOW_SL,SL_FIRST,10,PENDING_NEXT_OPEN,1.1057,0.8293,78.8693,74.1380,1.0626,Exact TP/SL are fixed from the actual T+1 opening/entry price,38,2026-11-05,False,2026-08-06,0.8800,0.8000,9.8000,ALCISTA FUERTE,10,771.3500,7.9100,52.5000,14.8700,SIDI_SHADOW_V1: Fund≥6.5 · DD60≥12% · RSI<40 · MACD↑ · Vol↓ · SPY20≤+1% · Abnormal20≤-10%,SIDI_SHADOW_V1,True
MCK,McKesson Corporation,Health Care,Health Care Distributors,1999-01-13,866.6400,865.0000,871.0000,858.7600,866.6400,2026-09-28,35.2100,44.5700,DOWN,-4.7420,-4.2991,-3.4491,False,0.1159,21.4664,0.8950,2.4770,872.7800,844.2800,883.0600,-0.7000,2.6500,True,0.5498,NEUTRO,-6.2900,-6.8100,924.7800,929.9500,996.8400,712.5000,-13.0600,21.6300,0.4930,True,True,836.9900,1,860.0900,True,-3.4200,HAMMER,7.4500,8.5000,6.5000,7.5000,7,8.0000,7.0000,False,False,False,True,False,True,4.9500,7.4300,1.5000,SIDI_SHADOW_V1,0.2808,-1.8595,-0.6010,0.7249,294,XLV,True,23.2343,17.1903,-23.7098,0.2459,15.6430,,0.0474,0.0112,0.0363,0.0770,-0.1760,,0.8930,6801249792.0000,4592000000.0000,1.4811,101041872896,0.3070,3.2000,0.4300,116590363,4.9200,2.7100,5.6600,6.6500,0.0673,OK,0,5.9300,False,True,False,False,False,False,DD12|MACD|FUND65|ABNORMAL20,False,7-15d,XLV,,UNH|JNJ|LLY,fda_calendar|drug_pricing_policy|patent_cliffs,NEXT_SESSION_OPEN,0.7500,-5.0000,7,1.5000,5,EXIT_AT_OPEN_IF_OPEN_BELOW_SL,SL_FIRST,10,PENDING_NEXT_OPEN,21.4664,16.0998,882.7398,823.3080,1.8577,Exact TP/SL are fixed from the actual T+1 opening/entry price,37,2026-11-04,False,2026-08-05,9.9300,9.5400,4.1000,ALCISTA FUERTE,10,771.3500,7.9100,52.5000,14.8700,SIDI_SHADOW_V1: Fund≥6.5 · DD60≥12% · RSI<40 · MACD↑ · Vol↓ · SPY20≤+1% · Abnormal20≤-10%,SIDI_SHADOW_V1,True
ORCL,Oracle Corporation,Information Technology,Application Software,1989-08-31,137.1000,138.5700,140.8800,136.9200,137.1000,2026-09-28,29.4800,47.5500,DOWN,-1.5594,-1.2116,-0.6384,False,0.0885,7.7029,1.0820,5.6180,142.2500,163.8100,146.3400,-3.6200,-16.3100,False,-3.7389,BAJISTA,-15.6400,-19.6800,162.5200,170.7000,319.4600,114.5000,-57.0800,19.7400,0.7060,True,True,138.7200,3,148.5500,True,1.1800,NONE,7.0500,5.0000,7.5000,7.5000,9,8.0000,5.0000,False,False,True,True,False,True,11.2400,16.8600,1.5000,SIDI_SHADOW_V1,0.2808,-8.3437,0.4915,0.9344,294,XLK,True,21.4890,12.4668,10.5138,5.7757,16.0310,0.4119,0.0636,0.2636,0.6396,0.2960,0.5450,251.7160,1.1710,-45853626368.0000,18736001024.0000,-2.4474,414554226688,1.7320,1.8200,1.4600,3023736000,5.1900,6.4400,5.1000,3.8400,-0.1106,FCF/NI:-2.45|D/E:252,2,5.9300,False,True,False,False,False,False,MACD|FUND65|ABNORMAL20,False,3-7d,XLK,,AAPL|MSFT|NVDA,interest_rates|ai_capex_cycle|semiconductor_cycle,NEXT_SESSION_OPEN,0.7500,-5.0000,7,1.5000,5,EXIT_AT_OPEN_IF_OPEN_BELOW_SL,SL_FIRST,10,PENDING_NEXT_OPEN,7.7029,5.7772,142.8772,130.2450,4.2138,Exact TP/SL are fixed from the actual T+1 opening/entry price,73,2026-12-10,False,2026-09-10,1.9200,1.7400,10.4000,ALCISTA FUERTE,10,771.3500,7.9100,52.5000,14.8700,SIDI_SHADOW_V1: Fund≥6.5 · DD60≥12% · RSI<40 · MACD↑ · Vol↓ · SPY20≤+1% · Abnormal20≤-10%,SIDI_SHADOW_V1,True
TMUS,T-Mobile US,Communication Services,Wireless Telecommunication Services,2019-07-15,165.4300,165.4700,166.5800,164.6100,165.4300,2026-09-28,28.8500,34.8800,DOWN,-1.5053,-1.7495,-2.1122,True,0.1860,5.2921,0.9370,3.1990,178.2000,190.1800,172.9300,-7.1700,-13.0100,False,-1.5585,BAJISTA,-14.9500,-16.3300,194.5200,197.7200,237.3000,161.1400,-30.2900,2.6600,0.7490,False,False,164.7100,1,194.0600,True,-0.4400,HAMMER|DOJI|HAMMER|DOJI,6.4300,5.0000,8.5000,5.0000,7,6.5000,7.0000,False,False,True,True,True,False,6.4000,9.6000,1.5000,SIDI_SHADOW_V1,0.2808,-8.1742,-1.0718,1.1170,294,XLC,True,17.3044,11.4587,3.1602,1.9249,8.5840,0.1799,0.0597,0.1145,0.6305,0.0790,0.0530,214.0350,0.9240,11335999488.0000,10560000000.0000,1.0735,177452056576,0.3310,4.5500,2.8300,1072671613,5.5900,4.1900,5.6100,7.1800,0.0639,D/E:214,1,5.9300,False,True,False,False,False,False,VOLUME|FUND65|ABNORMAL20,False,5-10d,XLC,,GOOGL|META|NFLX,ad_spending_cycle|streaming_competition|regulation,NEXT_SESSION_OPEN,0.7500,-5.0000,7,1.5000,5,EXIT_AT_OPEN_IF_OPEN_BELOW_SL,SL_FIRST,10,PENDING_NEXT_OPEN,5.2921,3.9691,169.3991,157.1585,2.3992,Exact TP/SL are fixed from the actual T+1 opening/entry price,30,2026-10-28,False,2026-07-23,2.9900,2.6000,14.9000,ALCISTA FUERTE,10,771.3500,7.9100,52.5000,14.8700,SIDI_SHADOW_V1: Fund≥6.5 · DD60≥12% · RSI<40 · MACD↑ · Vol↓ · SPY20≤+1% · Abnormal20≤-10%,SIDI_SHADOW_V1,True
AWK,American Water Works,Utilities,Water Utilities,2016-03-04,130.9100,131.6000,131.7200,129.8000,130.9100,2026-09-28,12.9400,40.6200,DOWN,-1.0546,-1.0001,-0.8184,False,-0.0196,2.3050,0.7470,1.7610,135.9500,130.5900,135.7900,-3.7100,0.2400,True,0.7595,NEUTRO,-7.0800,-8.0500,140.8900,142.3700,142.3700,118.8200,-8.0500,10.1800,0.6450,True,True,127.7100,4,136.4100,True,-2.4400,HAMMER|DOJI,8.2500,8.5000,7.5000,7.5000,9,10.0000,7.0000,False,False,False,True,False,True,3.5200,5.2800,1.5000,SIDI_SHADOW_V1,0.2808,-0.8016,-0.4931,0.6837,294,XLU,True,22.6880,19.9380,2.2302,4.9235,14.3690,0.1009,0.0352,0.2135,0.6147,0.0620,0.0860,137.7450,0.5230,-1785374976.0000,1128000000.0000,-1.5828,26015612928,0.5800,6.6100,2.7300,198728989,4.3700,5.6600,4.4700,2.7600,-0.0686,FCF/NI:-1.58,1,5.9200,False,True,False,False,False,False,DD12|MACD|FUND65|ABNORMAL20,False,7-15d,XLU,,NEE|DUK|SO,interest_rates|regulatory_environment,NEXT_SESSION_OPEN,0.7500,-5.0000,7,1.5000,5,EXIT_AT_OPEN_IF_OPEN_BELOW_SL,SL_FIRST,10,PENDING_NEXT_OPEN,2.3050,1.7288,132.6387,124.3645,1.3206,Exact TP/SL are fixed from the actual T+1 opening/entry price,30,2026-10-28,False,2026-07-29,1.6100,1.5500,4.0000,ALCISTA FUERTE,10,771.3500,7.9100,52.5000,14.8700,SIDI_SHADOW_V1: Fund≥6.5 · DD60≥12% · RSI<40 · MACD↑ · Vol↓ · SPY20≤+1% · Abnormal20≤-10%,SIDI_SHADOW_V1,True
BE,Bloom Energy,Industrials,Electrical Components & Equipment,2026-09-21,288.7000,269.9100,292.7200,264.0140,288.7000,2026-09-28,61.1500,66.2400,DOWN,1.4494,0.8907,2.5444,True,0.8148,18.9751,0.7770,6.5730,229.6800,202.9600,259.7300,25.7000,42.2500,True,7.8697,ALCISTA,-2.1500,-6.2100,295.0500,307.8200,351.2800,61.3700,-17.8100,370.4300,1.0380,True,True,248.4200,2,285.9100,False,-13.9500,HAMMER,7.0500,10.0000,6.0000,7.5000,4,7.0000,7.0000,False,False,False,False,True,True,13.1500,19.7200,1.5000,SIDI_SHADOW_V1,0.2808,29.0256,3.3432,0.8011,294,XLI,True,374.9351,58.5752,52.5387,27.3132,203.4910,0.2221,0.0560,0.0787,0.3165,1.6550,,171.5780,4.0870,531637504.0000,244942000.0000,2.1705,85030051840,3.8110,1.4600,,294527346,5.1700,7.5000,5.9300,1.5600,0.0063,D/E:172,1,5.9200,False,True,False,False,False,False,DD12|RSI40|FUND65|ABNORMAL20,False,10-18d,XLI,,CAT|UNP|HON,pmi_manufacturing|supply_chain|capex_cycle,NEXT_SESSION_OPEN,0.7500,-5.0000,7,1.5000,5,EXIT_AT_OPEN_IF_OPEN_BELOW_SL,SL_FIRST,10,PENDING_NEXT_OPEN,18.9751,14.2313,302.9313,274.2650,4.9295,Exact TP/SL are fixed from the actual T+1 opening/entry price,29,2026-10-27,False,2026-07-28,0.7800,0.4100,91.8000,ALCISTA FUERTE,10,771.3500,7.9100,52.5000,14.8700,SIDI_SHADOW_V1: Fund≥6.5 · DD60≥12% · RSI<40 · MACD↑ · Vol↓ · SPY20≤+1% · Abnormal20≤-10%,SIDI_SHADOW_V1,True
HSIC,Henry Schein,Health Care,Health Care Distributors,2015-03-17,86.3700,85.5300,86.5800,85.4300,86.3700,2026-09-28,38.1500,32.2500,UP,-0.2802,-0.3872,-0.4209,True,0.3258,1.7414,0.9090,2.0160,87.8000,80.0400,87.1300,-1.6300,7.9100,True,1.8796,NEUTRO,-4.9400,-6.3000,90.8600,92.1800,92.1800,61.9500,-6.3000,39.4200,1.0760,False,False,87.7000,2,89.3400,True,1.5300,NONE,6.7000,8.5000,8.5000,5.0000,7,5.0000,5.0000,False,False,False,True,True,False,4.0300,6.0500,1.5000,SIDI_SHADOW_V1,0.2808,-5.1782,0.3278,0.4802,294,XLV,True,25.1808,14.4192,3.0618,0.7233,13.7480,0.0885,0.0439,0.0296,0.3132,0.0670,0.1710,80.7330,1.3190,446000000.0000,403000000.0000,1.1067,9838991360,0.8120,8.2500,,113916757,5.3800,4.8500,5.0900,6.3500,0.0453,D/E:81,1,5.9100,False,True,False,False,False,False,DD12|VOLUME|FUND65|ABNORMAL20,False,7-15d,XLV,,UNH|JNJ|LLY,fda_calendar|drug_pricing_policy|patent_cliffs,NEXT_SESSION_OPEN,0.7500,-5.0000,7,1.5000,5,EXIT_AT_OPEN_IF_OPEN_BELOW_SL,SL_FIRST,10,PENDING_NEXT_OPEN,1.7414,1.3060,87.6761,82.0515,1.5122,Exact TP/SL are fixed from the actual T+1 opening/entry price,36,2026-11-03,False,2026-08-04,1.2700,1.2400,2.5000,ALCISTA FUERTE,10,771.3500,7.9100,52.5000,14.8700,SIDI_SHADOW_V1: Fund≥6.5 · DD60≥12% · RSI<40 · MACD↑ · Vol↓ · SPY20≤+1% · Abnormal20≤-10%,SIDI_SHADOW_V1,True
LDOS,Leidos,Industrials,Diversified Support Services,2019-08-09,123.6100,122.8400,124.9600,122.2700,123.6100,2026-09-28,33.6400,27.7000,UP,-1.1534,-1.2401,-1.2677,True,0.1736,3.5880,0.8660,2.9030,128.7200,147.9100,128.8200,-3.9700,-16.4300,False,-3.7471,BAJISTA,-15.2400,-15.8300,145.8400,146.8500,203.4100,98.5400,-39.2300,25.4400,0.7180,True,True,120.5500,2,133.7500,True,-2.4800,NONE,6.7300,5.0000,8.5000,7.5000,7,6.5000,5.0000,True,True,True,True,True,True,5.8100,8.7100,1.5000,SIDI_SHADOW_V1,0.2808,-7.3834,0.2016,0.0852,294,XLI,True,11.5523,9.6947,2.9357,0.8817,8.9820,0.2778,0.0891,0.0780,0.1779,0.0720,-0.0670,123.2760,1.6290,1146625024.0000,1376000000.0000,0.8333,15548341248,0.5720,4.6200,1.3900,125785466,5.3700,1.8000,5.7900,9.0600,0.0737,D/E:123,1,5.9100,False,True,False,True,False,False,FUND65|ABNORMAL20,False,3-7d,XLI,,CAT|UNP|HON,pmi_manufacturing|supply_chain|capex_cycle,NEXT_SESSION_OPEN,0.7500,-5.0000,7,1.5000,5,EXIT_AT_OPEN_IF_OPEN_BELOW_SL,SL_FIRST,10,PENDING_NEXT_OPEN,3.5880,2.6910,126.3010,117.4295,2.1770,Exact TP/SL are fixed from the actual T+1 opening/entry price,36,2026-11-03,False,2026-08-04,3.2600,2.9100,12.1000,ALCISTA FUERTE,10,771.3500,7.9100,52.5000,14.8700,SIDI_SHADOW_V1: Fund≥6.5 · DD60≥12% · RSI<40 · MACD↑ · Vol↓ · SPY20≤+1% · Abnormal20≤-10%,SIDI_SHADOW_V1,True
CHD,Church & Dwight,Consumer Staples,Household Products,2015-12-29,96.3800,95.3100,96.7800,94.9000,96.3800,2026-09-28,39.4600,16.7500,UP,0.1168,0.0232,-0.1030,True,0.4833,1.6050,0.7250,1.6650,98.5600,95.2600,96.5400,-2.2100,1.1800,True,1.4283,NEUTRO,-6.7200,-7.3200,103.3200,103.9900,105.3700,80.2900,-8.5300,20.0400,0.5540,True,True,96.3900,2,99.9100,True,0.0200,HAMMER|DOJI|BULL_ENGULF,7.9500,8.5000,8.5000,7.5000,7,7.0000,9.5000,False,False,False,True,True,True,3.3300,5.0000,1.5000,SIDI_SHADOW_V1,0.2808,-3.1778,0.1045,1.0177,294,XLP,True,30.8910,23.8845,5.2566,3.6701,18.4790,0.1704,0.0787,0.1196,0.4556,0.0160,0.0900,55.8510,1.1470,939262528.0000,744800000.0000,1.2611,22861711360,0.4720,5.8900,1.2800,237203907,4.5400,2.2100,6.0900,5.4600,0.0411,OK,0,5.9000,False,True,False,False,False,False,DD12|FUND65|ABNORMAL20,False,7-15d,XLP,,PG|KO|PEP,inflation|input_costs|fx_rates,NEXT_SESSION_OPEN,0.7500,-5.0000,7,1.5000,5,EXIT_AT_OPEN_IF_OPEN_BELOW_SL,SL_FIRST,10,PENDING_NEXT_OPEN,1.6050,1.2037,97.5837,91.5610,1.2490,Exact TP/SL are fixed from the actual T+1 opening/entry price,32,2026-10-30,False,2026-07-31,0.8900,0.9000,-95.0000,ALCISTA FUERTE,10,771.3500,7.9100,52.5000,14.8700,SIDI_SHADOW_V1: Fund≥6.5 · DD60≥12% · RSI<40 · MACD↑ · Vol↓ · SPY20≤+1% · Abnormal20≤-10%,SIDI_SHADOW_V1,True
KKR,KKR & Co.,Financials,Asset Management & Custody Banks,2024-06-24,96.6700,96.0500,97.3900,95.5000,96.6700,2026-09-28,26.8600,30.5600,DOWN,-0.7205,-0.8238,-0.8192,True,0.2010,3.0264,0.8420,3.1310,103.8100,103.8000,100.9800,-6.8800,-6.8700,True,-1.7285,BAJISTA,-16.1600,-17.0700,115.3000,116.5700,144.0200,82.3500,-32.8800,17.3900,0.8810,True,True,97.0500,1,98.6000,True,0.4000,HAMMER,7.3800,6.5000,8.5000,7.5000,8,6.5000,7.0000,True,True,True,True,True,True,6.2600,9.3900,1.5000,SIDI_SHADOW_V1,0.2808,-5.4810,0.5895,1.1796,294,XLF,True,30.8850,13.0473,3.0447,3.4562,,0.0728,0.0139,0.1220,0.5477,0.0780,0.4000,69.8120,0.8560,,2990256128.0000,,89283493888,1.7910,3.7400,0.8100,897635601,4.9200,6.5200,3.9000,4.2500,,OK,0,5.9000,False,True,False,True,False,False,FUND65|ABNORMAL20,False,5-10d,XLF,,JPM|BAC|WFC,interest_rates|yield_curve|credit_spreads|loan_growth,NEXT_SESSION_OPEN,0.7500,-5.0000,7,1.5000,5,EXIT_AT_OPEN_IF_OPEN_BELOW_SL,SL_FIRST,10,PENDING_NEXT_OPEN,3.0264,2.2698,98.9398,91.8365,2.3480,Exact TP/SL are fixed from the actual T+1 opening/entry price,38,2026-11-05,False,2026-07-30,1.6300,1.4300,14.2000,ALCISTA FUERTE,10,771.3500,7.9100,52.5000,14.8700,SIDI_SHADOW_V1: Fund≥6.5 · DD60≥12% · RSI<40 · MACD↑ · Vol↓ · SPY20≤+1% · Abnormal20≤-10%,SIDI_SHADOW_V1,True
FSLR,First Solar,Information Technology,Semiconductors,2022-12-19,177.7100,174.0900,180.9200,173.4400,177.7100,2026-09-28,36.2300,44.2300,DOWN,-2.1353,-1.7349,0.0579,False,-0.0471,11.0543,1.0140,6.2200,210.8400,226.3700,198.5400,-15.7100,-21.5000,False,-2.5665,BAJISTA,-28.9300,-34.1100,250.0500,269.7000,320.9500,170.8000,-44.6300,4.0500,1.3010,False,False,,0,211.0000,False,,NONE,6.0000,5.0000,6.5000,7.0000,4,8.0000,5.0000,False,False,True,True,False,False,12.4400,18.6600,1.5000,SIDI_SHADOW_V1,0.2808,-14.9295,1.1502,0.5278,294,XLK,True,10.9562,7.6437,1.8505,3.5512,7.3620,0.1851,0.0862,0.3246,0.4402,-0.0370,0.2330,1.8800,2.5180,1598684800.0000,1746013952.0000,0.9156,19098458112,1.7330,5.6500,,107469788,5.8200,0.9900,7.0700,10.0000,0.0837,OK,0,5.8900,False,True,True,False,False,False,MACD|VOLUME|FUND65,False,3-7d,XLK,,AAPL|MSFT|NVDA,interest_rates|ai_capex_cycle|semiconductor_cycle,NEXT_SESSION_OPEN,0.7500,-5.0000,7,1.5000,5,EXIT_AT_OPEN_IF_OPEN_BELOW_SL,SL_FIRST,10,PENDING_NEXT_OPEN,11.0543,8.2907,186.0007,168.8245,4.6653,Exact TP/SL are fixed from the actual T+1 opening/entry price,31,2026-10-29,False,2026-07-30,3.9200,2.8800,36.1000,ALCISTA FUERTE,10,771.3500,7.9100,52.5000,14.8700,SIDI_SHADOW_V1: Fund≥6.5 · DD60≥12% · RSI<40 · MACD↑ · Vol↓ · SPY20≤+1% · Abnormal20≤-10%,SIDI_SHADOW_V1,True
FICO,Fair Isaac,Information Technology,Application Software,2023-03-20,863.0900,857.0000,870.0000,848.6400,863.0900,2026-09-28,37.5000,26.6800,UP,-10.5189,-10.9164,-7.5436,True,0.1597,37.6707,0.6770,4.3650,1084.4600,1246.7000,972.0300,-20.4100,-30.7700,False,-5.8853,BAJISTA,-37.1400,-38.8000,1373.0800,1410.1700,1998.0100,848.6400,-56.8000,1.7000,0.8890,False,False,870.0100,1,1014.5000,True,0.8000,NONE,6.5200,5.0000,8.5000,5.0000,7,8.5000,5.0000,False,False,True,True,True,False,8.7300,13.0900,1.5000,SIDI_SHADOW_V1,0.2808,-22.3663,1.7914,-0.9807,294,XLK,True,25.0026,16.2818,-4.5495,7.7878,18.9890,,0.3998,0.3405,0.8510,0.2570,0.4120,,1.1830,774413504.0000,815017024.0000,0.9502,18640703488,1.3180,5.5200,,21597635,5.4600,5.0700,5.7400,5.5800,0.0415,OK,0,5.8800,False,True,True,False,False,False,VOLUME|FUND65,False,3-7d,XLK,,AAPL|MSFT|NVDA,interest_rates|ai_capex_cycle|semiconductor_cycle,NEXT_SESSION_OPEN,0.7500,-5.0000,7,1.5000,5,EXIT_AT_OPEN_IF_OPEN_BELOW_SL,SL_FIRST,10,PENDING_NEXT_OPEN,37.6707,28.2530,891.3430,819.9355,3.2735,Exact TP/SL are fixed from the actual T+1 opening/entry price,37,2026-11-04,False,2026-07-29,12.1800,11.7800,3.4000,ALCISTA FUERTE,10,771.3500,7.9100,52.5000,14.8700,SIDI_SHADOW_V1: Fund≥6.5 · DD60≥12% · RSI<40 · MACD↑ · Vol↓ · SPY20≤+1% · Abnormal20≤-10%,SIDI_SHADOW_V1,True
KEY,KeyCorp,Financials,Regional Banks,1994-03-01,20.6100,20.3300,20.6700,20.3000,20.6100,2026-09-28,26.1400,37.9200,DOWN,-0.0936,-0.1246,-0.1024,True,0.2258,0.4407,1.0100,2.1380,21.9800,21.2500,21.1800,-6.2300,-3.0100,True,1.8434,BAJISTA,-13.2700,-13.5500,23.7600,23.8400,23.8400,15.8200,-13.5500,30.2800,1.0900,False,False,20.3400,2,23.4200,True,-1.3200,HAMMER|DOJI,6.9800,7.0000,8.5000,5.0000,8,6.5000,7.0000,False,False,True,True,True,False,4.2800,6.4200,1.5000,SIDI_SHADOW_V1,0.2808,-0.1542,0.2009,0.9276,294,XLF,True,12.0526,9.6523,1.2773,2.9838,,0.1033,0.0108,0.2754,0.0000,0.1010,0.2530,,,,1886000000.0000,,21993521152,1.0230,0.0100,3.9800,1067128554,5.1500,5.4600,4.4300,5.6300,,OK,0,5.8800,False,True,False,False,False,False,VOLUME|FUND65|ABNORMAL20,False,5-10d,XLF,,JPM|BAC|WFC,interest_rates|yield_curve|credit_spreads|loan_growth,NEXT_SESSION_OPEN,0.7500,-5.0000,7,1.5000,5,EXIT_AT_OPEN_IF_OPEN_BELOW_SL,SL_FIRST,10,PENDING_NEXT_OPEN,0.4407,0.3305,20.9405,19.5795,1.6037,Exact TP/SL are fixed from the actual T+1 opening/entry price,22,2026-10-20,False,2026-07-21,0.4400,0.4200,4.4000,ALCISTA FUERTE,10,771.3500,7.9100,52.5000,14.8700,SIDI_SHADOW_V1: Fund≥6.5 · DD60≥12% · RSI<40 · MACD↑ · Vol↓ · SPY20≤+1% · Abnormal20≤-10%,SIDI_SHADOW_V1,True
SHW,Sherwin-Williams,Materials,Specialty Chemicals,1964-06-30,329.1000,321.0600,330.1300,320.5100,329.1000,2026-09-28,45.5100,23.6400,UP,0.7695,0.2412,-0.0585,True,0.5852,7.5493,0.8520,2.2940,338.1500,331.9100,328.2900,-2.6700,-0.8500,True,-0.2176,BAJISTA,-10.7800,-11.3700,368.8800,371.3000,375.0900,289.1900,-12.2600,13.8000,1.0720,False,False,326.0200,2,350.8700,True,-0.9300,HAMMER,6.3500,6.5000,7.0000,5.0000,8,5.0000,7.0000,False,False,False,False,True,False,4.5900,6.8800,1.5000,SIDI_SHADOW_V1,0.2808,2.4147,0.3138,1.0118,294,XLB,True,30.3878,24.2074,20.6035,3.2729,19.9950,0.6512,0.0952,0.1101,0.4898,0.0750,0.1430,389.9580,0.7270,2506037504.0000,2688199936.0000,0.9322,79891709952,1.0890,4.1000,0.9700,242758151,5.5700,5.2000,6.7400,4.6400,0.0314,D/E:390,1,5.8800,False,True,False,False,False,False,DD12|RSI40|VOLUME|FUND65|ABNORMAL20,False,3-7d,XLB,,LIN|APD|ECL,commodity_prices|dxy|china_demand|energy_costs,NEXT_SESSION_OPEN,0.7500,-5.0000,7,1.5000,5,EXIT_AT_OPEN_IF_OPEN_BELOW_SL,SL_FIRST,10,PENDING_NEXT_OPEN,7.5493,5.6620,334.7620,312.6450,1.7204,Exact TP/SL are fixed from the actual T+1 opening/entry price,29,2026-10-27,False,2026-07-28,3.7000,3.5200,5.1000,ALCISTA FUERTE,10,771.3500,7.9100,52.5000,14.8700,SIDI_SHADOW_V1: Fund≥6.5 · DD60≥12% · RSI<40 · MACD↑ · Vol↓ · SPY20≤+1% · Abnormal20≤-10%,SIDI_SHADOW_V1,True
PM,Philip Morris International,Consumer Staples,Tobacco,2008-03-31,190.4800,190.5500,190.9900,187.3100,190.4800,2026-09-28,66.0600,44.4600,UP,0.0728,0.1023,-0.0247,False,0.6005,4.6164,0.9330,2.4240,190.0800,175.4000,189.8800,0.2100,8.6000,True,2.2789,ALCISTA,-4.8400,-8.3200,200.1700,207.7600,207.7600,138.4300,-8.3200,37.6000,0.8830,False,False,184.3600,3,190.5800,True,-3.2100,HAMMER|DOJI,7.0000,10.0000,6.0000,5.0000,9,5.0000,7.0000,False,False,False,False,False,False,4.8500,7.2700,1.5000,SIDI_SHADOW_V1,0.2808,0.8875,-0.1512,1.1802,294,XLP,True,26.1648,20.7251,-34.5887,6.9781,18.9810,,0.1459,0.2556,0.6748,0.1040,-0.0750,,0.9800,9714374656.0000,10844000256.0000,0.8958,296884666368,0.3950,3.2300,3.3600,1558613439,5.1000,5.0000,5.6800,4.5200,0.0327,OK,0,5.8600,False,True,False,False,False,False,DD12|RSI40|MACD|VOLUME|FUND65|ABNORMAL20,False,10-18d,XLP,,PG|KO|PEP,inflation|input_costs|fx_rates,NEXT_SESSION_OPEN,0.7500,-5.0000,7,1.5000,5,EXIT_AT_OPEN_IF_OPEN_BELOW_SL,SL_FIRST,10,PENDING_NEXT_OPEN,4.6164,3.4623,193.9423,180.9560,1.8177,Exact TP/SL are fixed from the actual T+1 opening/entry price,23,2026-10-21,False,2026-07-22,2.2000,2.0500,7.3000,ALCISTA FUERTE,10,771.3500,7.9100,52.5000,14.8700,SIDI_SHADOW_V1: Fund≥6.5 · DD60≥12% · RSI<40 · MACD↑ · Vol↓ · SPY20≤+1% · Abnormal20≤-10%,SIDI_SHADOW_V1,True
PPG,PPG Industries,Materials,Specialty Chemicals,1957-03-04,107.5200,106.7800,107.8200,106.1800,107.5200,2026-09-28,34.2700,23.7800,UP,0.3019,0.1758,-0.0545,True,0.4730,2.3543,0.7580,2.1900,111.9400,110.7900,107.9200,-3.9500,-2.9500,True,1.0474,BAJISTA,-13.6800,-13.7200,124.5600,124.6100,130.9900,91.3500,-17.9200,17.7000,0.8760,True,True,108.8600,1,116.5500,True,1.2500,HAMMER,7.5500,7.0000,8.5000,7.5000,8,7.0000,7.0000,True,True,True,True,True,True,4.3800,6.5700,1.5000,SIDI_SHADOW_V1,0.2808,3.0481,0.5760,1.1658,294,XLB,True,15.4261,12.4112,2.8310,1.4556,11.0860,0.1930,0.0605,0.0957,0.4120,0.0720,-0.0150,86.9380,1.5800,1104625024.0000,1567000064.0000,0.7049,23901696000,1.0630,4.6200,2.7500,222300000,4.7200,1.7300,5.4700,7.3300,0.0462,FCF/NI:0.70|D/E:87,2,5.8500,False,True,False,True,False,False,FUND65|ABNORMAL20,False,3-7d,XLB,,LIN|APD|ECL,commodity_prices|dxy|china_demand|energy_costs,NEXT_SESSION_OPEN,0.7500,-5.0000,7,1.5000,5,EXIT_AT_OPEN_IF_OPEN_BELOW_SL,SL_FIRST,10,PENDING_NEXT_OPEN,2.3543,1.7657,109.2857,102.1440,1.6422,Exact TP/SL are fixed from the actual T+1 opening/entry price,29,2026-10-27,False,2026-07-28,2.2300,2.2500,-1.0000,ALCISTA FUERTE,10,771.3500,7.9100,52.5000,14.8700,SIDI_SHADOW_V1: Fund≥6.5 · DD60≥12% · RSI<40 · MACD↑ · Vol↓ · SPY20≤+1% · Abnormal20≤-10%,SIDI_SHADOW_V1,True
XYL,Xylem Inc.,Industrials,Industrial Machinery & Supplies & Components,2011-11-01,102.6300,102.8900,103.9400,102.2800,102.6300,2026-09-28,39.5600,37.3700,UP,-0.0784,0.1102,0.3322,False,-0.0773,2.6821,0.9160,2.6130,113.6900,121.1000,107.9000,-9.7300,-15.2500,False,-2.6586,BAJISTA,-17.7800,-18.9800,124.8200,126.6800,152.1400,102.2500,-32.5400,0.3700,0.8580,False,False,,0,113.5300,False,,BULL_ENGULF,6.0500,5.0000,7.5000,5.0000,4,8.0000,7.5000,False,False,True,True,False,False,5.2300,7.8400,1.5000,SIDI_SHADOW_V1,0.2808,-3.4185,-0.1695,0.8789,294,XLI,True,24.4357,16.4326,2.1776,2.6258,13.1380,0.0918,0.0511,0.1115,0.3924,0.0150,0.1950,28.6420,1.6130,1183750016.0000,1018000000.0000,1.1628,23962750976,1.0000,4.7700,1.6800,233486812,5.7100,3.8800,6.0500,7.4400,0.0494,OK,0,5.8500,False,True,False,False,False,False,MACD|VOLUME|FUND65|ABNORMAL20,False,3-7d,XLI,,CAT|UNP|HON,pmi_manufacturing|supply_chain|capex_cycle,NEXT_SESSION_OPEN,0.7500,-5.0000,7,1.5000,5,EXIT_AT_OPEN_IF_OPEN_BELOW_SL,SL_FIRST,10,PENDING_NEXT_OPEN,2.6821,2.0116,104.6416,97.4985,1.9600,Exact TP/SL are fixed from the actual T+1 opening/entry price,36,2026-11-03,False,2026-07-28,1.4600,1.3400,9.2000,ALCISTA FUERTE,10,771.3500,7.9100,52.5000,14.8700,SIDI_SHADOW_V1: Fund≥6.5 · DD60≥12% · RSI<40 · MACD↑ · Vol↓ · SPY20≤+1% · Abnormal20≤-10%,SIDI_SHADOW_V1,True
FISV,Fiserv,Financials,Transaction & Payment Processing Services,2001-04-02,46.4800,46.0000,46.8000,45.3800,46.4800,2026-09-28,25.7400,29.7200,DOWN,-0.4130,-0.5034,-0.5316,True,0.1941,1.7514,0.8990,3.7680,51.5100,57.3100,48.9700,-9.7700,-18.9000,False,-2.2709,BAJISTA,-16.6700,-17.9200,55.7800,56.6300,130.8500,45.1300,-64.4800,2.9900,0.9090,False,False,47.0400,1,53.9900,True,1.2000,HAMMER|HAMMER|DOJI,6.4300,5.0000,8.5000,5.0000,7,6.5000,7.0000,False,False,True,True,True,False,7.5400,11.3000,1.5000,SIDI_SHADOW_V1,0.2808,2.1625,-0.5728,1.7224,293,XLF,True,8.9042,5.7738,0.9174,,,,,,,,,,,,,,24716517376,,,,531766721,5.4500,5.0000,5.0000,6.4800,,OK,0,5.8400,False,True,False,False,False,False,VOLUME|FUND65|ABNORMAL20,False,5-10d,XLF,,JPM|BAC|WFC,interest_rates|yield_curve|credit_spreads|loan_growth,NEXT_SESSION_OPEN,0.7500,-5.0000,7,1.5000,5,EXIT_AT_OPEN_IF_OPEN_BELOW_SL,SL_FIRST,10,PENDING_NEXT_OPEN,1.7514,1.3135,47.7935,44.1560,2.8261,Exact TP/SL are fixed from the actual T+1 opening/entry price,30,2026-10-28,False,2026-08-06,1.8400,1.9100,-3.9000,ALCISTA FUERTE,10,771.3500,7.9100,52.5000,14.8700,SIDI_SHADOW_V1: Fund≥6.5 · DD60≥12% · RSI<40 · MACD↑ · Vol↓ · SPY20≤+1% · Abnormal20≤-10%,SIDI_SHADOW_V1,True
ORLY,O'Reilly Automotive,Consumer Discretionary,Automotive Retail,2009-03-27,86.1200,86.1000,86.8000,85.5600,86.1200,2026-09-28,43.9800,34.7800,UP,0.1607,0.0883,-0.1645,True,0.4917,1.8764,0.7860,2.1790,88.4500,91.1700,86.3200,-2.6300,-5.5400,False,-1.4324,BAJISTA,-7.9200,-8.5000,93.5300,94.1200,108.7200,82.5900,-20.7900,4.2700,0.6350,True,True,87.6800,2,93.5400,True,1.8100,HAMMER|DOJI,6.8500,5.0000,7.0000,7.5000,8,7.0000,7.0000,False,False,False,False,True,True,4.3600,6.5400,1.5000,SIDI_SHADOW_V1,0.2808,1.1121,-0.7805,0.7545,294,XLY,True,27.3381,23.5784,-38.2903,3.7509,18.9430,,0.1367,0.1427,0.5164,0.0810,0.1030,,0.7520,1570733824.0000,2650373888.0000,0.5926,69663653888,0.5150,4.9500,,808960792,5.1700,6.8800,4.8700,3.5300,0.0225,FCF/NI:0.59,1,5.8400,False,True,False,False,False,False,DD12|RSI40|FUND65|ABNORMAL20,False,3-7d,XLY,,AMZN|TSLA|HD,consumer_spending|employment_data|interest_rates,NEXT_SESSION_OPEN,0.7500,-5.0000,7,1.5000,5,EXIT_AT_OPEN_IF_OPEN_BELOW_SL,SL_FIRST,10,PENDING_NEXT_OPEN,1.8764,1.4073,87.5273,81.8140,1.6341,Exact TP/SL are fixed from the actual T+1 opening/entry price,30,2026-10-28,False,2026-07-29,0.8600,0.8600,17.0000,ALCISTA FUERTE,10,771.3500,7.9100,52.5000,14.8700,SIDI_SHADOW_V1: Fund≥6.5 · DD60≥12% · RSI<40 · MACD↑ · Vol↓ · SPY20≤+1% · Abnormal20≤-10%,SIDI_SHADOW_V1,True
MAA,Mid-America Apartment Communities,Real Estate,Multi-Family Residential REITs,2016-12-02,118.3500,117.5000,118.9300,116.6700,118.3500,2026-09-28,16.7000,11.6900,UP,-0.5473,-0.7028,-0.7519,True,0.1798,2.2479,0.9350,1.8990,129.3200,129.4400,123.1600,-8.4900,-8.5700,False,-0.2967,BAJISTA,-15.8000,-17.1000,140.5600,142.7600,142.7600,116.6700,-17.1000,1.4400,1.0260,False,False,120.5100,1,130.0500,True,1.8300,NONE,6.4200,5.0000,9.5000,5.0000,7,6.5000,5.0000,False,False,True,True,True,False,3.8000,5.7000,1.5000,SIDI_SHADOW_V1,0.2808,-1.7552,-0.2196,0.9720,294,XLRE,True,34.6053,36.0870,2.5267,6.3649,15.7850,0.0705,0.0313,0.1817,0.5839,0.0100,0.1370,102.3770,0.0480,921182272.0000,399288992.0000,2.3071,14122307584,0.7150,5.1500,5.1700,116384802,5.4200,4.4600,5.2100,6.7900,0.0652,D/E:102,1,5.8200,False,True,False,False,False,False,VOLUME|FUND65|ABNORMAL20,False,5-10d,XLRE,,PLD|AMT|EQIX,interest_rates|cap_rates|occupancy_trends,NEXT_SESSION_OPEN,0.7500,-5.0000,7,1.5000,5,EXIT_AT_OPEN_IF_OPEN_BELOW_SL,SL_FIRST,10,PENDING_NEXT_OPEN,2.2479,1.6859,120.0359,112.4325,1.4245,Exact TP/SL are fixed from the actual T+1 opening/entry price,30,2026-10-28,False,2026-07-29,1.0400,0.7800,33.8000,ALCISTA FUERTE,10,771.3500,7.9100,52.5000,14.8700,SIDI_SHADOW_V1: Fund≥6.5 · DD60≥12% · RSI<40 · MACD↑ · Vol↓ · SPY20≤+1% · Abnormal20≤-10%,SIDI_SHADOW_V1,True
MSCI,MSCI,Financials,Financial Exchanges & Data,2018-04-04,551.3600,552.0700,555.9500,547.4800,551.3600,2026-09-28,38.3700,40.1500,DOWN,0.6722,0.7630,-0.0124,False,0.3614,12.5429,0.7900,2.2750,564.4700,569.5800,556.0100,-2.3200,-3.2000,False,0.0636,BAJISTA,-13.1700,-14.1800,634.9700,642.4700,642.4700,495.5400,-14.1800,11.2600,0.8780,True,True,544.9800,5,576.9200,True,-1.1600,HAMMER|HAMMER|DOJI,7.1500,5.5000,6.5000,7.5000,10,7.0000,7.0000,False,True,True,True,False,True,4.5500,6.8200,1.5000,SIDI_SHADOW_V1,0.2808,3.6256,-0.3420,1.0528,294,XLF,True,30.1125,24.5029,-14.9040,12.0236,23.5820,,0.2113,0.4073,0.8297,0.1220,0.1960,,0.8940,1194705920.0000,1358004992.0000,0.8798,40083869696,1.2190,2.6900,1.4900,72700000,4.9300,5.1400,5.6600,3.8300,0.0298,OK,0,5.8200,False,True,False,False,False,False,MACD|FUND65|ABNORMAL20,False,3-7d,XLF,,JPM|BAC|WFC,interest_rates|yield_curve|credit_spreads|loan_growth,NEXT_SESSION_OPEN,0.7500,-5.0000,7,1.5000,5,EXIT_AT_OPEN_IF_OPEN_BELOW_SL,SL_FIRST,10,PENDING_NEXT_OPEN,12.5429,9.4072,560.7672,523.7920,1.7062,Exact TP/SL are fixed from the actual T+1 opening/entry price,22,2026-10-20,False,2026-07-21,4.9400,4.9800,-84.0000,ALCISTA FUERTE,10,771.3500,7.9100,52.5000,14.8700,SIDI_SHADOW_V1: Fund≥6.5 · DD60≥12% · RSI<40 · MACD↑ · Vol↓ · SPY20≤+1% · Abnormal20≤-10%,SIDI_SHADOW_V1,True
ACN,Accenture,Information Technology,IT Consulting & Other Services,2011-07-06,176.1100,177.1300,180.0500,175.7400,176.1100,2026-09-28,41.1500,42.9700,DOWN,-2.0038,-1.7172,-1.2076,False,0.1097,7.3100,0.9930,4.1510,175.3300,195.3800,182.9700,0.4500,-9.8600,False,-3.0187,BAJISTA,-9.6900,-10.8900,195.0000,197.6300,285.2100,116.7500,-38.2500,50.8500,1.0260,True,True,175.9400,2,182.1500,True,-0.0900,NONE,6.5500,6.5000,5.0000,7.5000,7,8.0000,5.0000,False,False,False,False,False,True,8.3000,12.4500,1.5000,SIDI_SHADOW_V1,0.2808,-2.7101,1.6460,-1.0591,294,XLK,True,14.0663,12.0096,3.3789,1.4743,8.3130,0.2441,0.1090,0.1066,0.3201,0.0560,0.0900,25.0350,1.3390,12089380864.0000,7789751808.0000,1.5520,107769118720,1.0920,5.1900,3.7000,611942109,5.3100,0.3200,6.5700,9.6700,0.1122,OK,0,5.8100,False,True,False,False,False,False,DD12|RSI40|MACD|FUND65|ABNORMAL20,False,3-7d,XLK,,AAPL|MSFT|NVDA,interest_rates|ai_capex_cycle|semiconductor_cycle,NEXT_SESSION_OPEN,0.7500,-5.0000,7,1.5000,5,EXIT_AT_OPEN_IF_OPEN_BELOW_SL,SL_FIRST,10,PENDING_NEXT_OPEN,7.3100,5.4825,181.5925,167.3045,3.1131,Exact TP/SL are fixed from the actual T+1 opening/entry price,3,2026-10-01,True,2026-06-18,3.8000,3.7100,2.5000,ALCISTA FUERTE,10,771.3500,7.9100,52.5000,14.8700,SIDI_SHADOW_V1: Fund≥6.5 · DD60≥12% · RSI<40 · MACD↑ · Vol↓ · SPY20≤+1% · Abnormal20≤-10%,SIDI_SHADOW_V1,True
VLTO,Veralto,Industrials,Environmental & Facilities Services,2023-10-02,97.1400,96.0500,97.3600,95.7900,97.1400,2026-09-28,53.8700,33.0300,UP,0.0751,-0.0355,-0.1854,True,0.6977,1.5763,0.7170,1.6230,96.2200,92.9200,96.0600,0.9500,4.5500,True,-0.3565,ALCISTA,-2.9600,-5.0000,100.1000,102.2500,107.4400,79.9100,-9.5900,21.5600,1.0370,False,False,96.2200,2,98.9800,True,-0.9500,NONE,6.9000,9.5000,7.0000,5.0000,7,7.0000,5.0000,False,False,False,False,True,False,3.2500,4.8700,1.5000,SIDI_SHADOW_V1,0.2808,-1.2620,-0.1186,0.2053,294,XLI,True,24.4685,20.3649,7.6597,4.1577,18.0990,0.3431,0.1031,0.1735,0.6018,0.0750,0.1010,115.9780,1.7750,807124992.0000,988000000.0000,0.8169,23682084864,0.7590,4.5100,0.5400,243793344,5.0800,3.6600,6.2800,5.3300,0.0341,D/E:116,1,5.8100,False,True,False,False,False,False,DD12|RSI40|VOLUME|FUND65|ABNORMAL20,False,10-18d,XLI,,CAT|UNP|HON,pmi_manufacturing|supply_chain|capex_cycle,NEXT_SESSION_OPEN,0.7500,-5.0000,7,1.5000,5,EXIT_AT_OPEN_IF_OPEN_BELOW_SL,SL_FIRST,10,PENDING_NEXT_OPEN,1.5763,1.1822,98.3222,92.2830,1.2170,Exact TP/SL are fixed from the actual T+1 opening/entry price,23,2026-10-21,False,2026-07-28,1.1100,1.0100,10.3000,ALCISTA FUERTE,10,771.3500,7.9100,52.5000,14.8700,SIDI_SHADOW_V1: Fund≥6.5 · DD60≥12% · RSI<40 · MACD↑ · Vol↓ · SPY20≤+1% · Abnormal20≤-10%,SIDI_SHADOW_V1,True
CL,Colgate-Palmolive,Consumer Staples,Household Products,1957-03-04,86.0600,85.0900,86.1400,85.0500,86.0600,2026-09-28,35.6000,29.1300,UP,-0.1345,-0.1786,-0.1198,True,0.2035,1.5129,0.7610,1.7580,90.2300,87.6000,87.7600,-4.6200,-1.7600,True,1.2031,BAJISTA,-9.0200,-9.8500,94.5900,95.4600,98.1500,73.2200,-12.3200,17.5400,0.6600,False,False,83.7100,2,85.8300,True,-2.7300,NONE,7.0800,7.0000,8.5000,5.0000,8,8.5000,5.0000,False,False,False,True,True,False,3.5200,5.2700,1.5000,SIDI_SHADOW_V1,0.2808,-1.6949,0.1241,1.1201,294,XLP,True,33.8819,20.9876,290.7432,3.2596,15.1190,2.6737,0.1584,0.0968,0.6043,0.0490,-0.0550,1388.1630,1.0260,3458374912.0000,2038000000.0000,1.6969,68604690432,0.3230,4.2300,2.4600,797172829,4.9500,2.4400,6.7500,5.7600,0.0504,D/E:1388,1,5.8000,False,True,False,False,False,False,DD12|VOLUME|FUND65|ABNORMAL20,False,3-7d,XLP,,PG|KO|PEP,inflation|input_costs|fx_rates,NEXT_SESSION_OPEN,0.7500,-5.0000,7,1.5000,5,EXIT_AT_OPEN_IF_OPEN_BELOW_SL,SL_FIRST,10,PENDING_NEXT_OPEN,1.5129,1.1347,87.1947,81.7570,1.3185,Exact TP/SL are fixed from the actual T+1 opening/entry price,32,2026-10-30,False,2026-07-31,0.9900,0.9500,4.5000,ALCISTA FUERTE,10,771.3500,7.9100,52.5000,14.8700,SIDI_SHADOW_V1: Fund≥6.5 · DD60≥12% · RSI<40 · MACD↑ · Vol↓ · SPY20≤+1% · Abnormal20≤-10%,SIDI_SHADOW_V1,True
FCX,Freeport-McMoRan,Materials,Copper,2011-07-01,72.3100,71.8600,72.8700,71.5300,72.3100,2026-09-28,48.8900,38.1000,UP,-0.2244,-0.2590,-0.3485,True,0.4638,2.8757,1.0070,3.9770,69.6200,62.8300,72.1300,3.8700,15.0800,True,5.2084,ALCISTA,-9.5100,-9.8800,79.9100,80.2400,80.2400,34.7800,-9.8800,107.9300,0.6410,True,True,67.0100,1,71.5100,False,-7.3300,HAMMER,6.9500,10.0000,7.0000,7.5000,4,5.0000,7.0000,False,False,False,False,True,True,7.9500,11.9300,1.5000,SIDI_SHADOW_V1,0.2808,-1.3777,1.6553,1.1236,294,XLB,True,35.4461,17.4559,5.1639,4.0142,12.7940,0.1475,0.0759,0.1139,0.3827,-0.0730,0.2810,32.1490,2.0660,2159249920.0000,2936000000.0000,0.7354,103838425088,1.4010,2.3400,0.8300,1436017523,5.0400,5.0000,6.1400,3.8200,0.0208,FCF/NI:0.74,1,5.8000,False,True,False,False,False,False,DD12|RSI40|FUND65|ABNORMAL20,False,10-18d,XLB,,LIN|APD|ECL,commodity_prices|dxy|china_demand|energy_costs,NEXT_SESSION_OPEN,0.7500,-5.0000,7,1.5000,5,EXIT_AT_OPEN_IF_OPEN_BELOW_SL,SL_FIRST,10,PENDING_NEXT_OPEN,2.8757,2.1568,74.4668,68.6945,2.9827,Exact TP/SL are fixed from the actual T+1 opening/entry price,24,2026-10-22,False,2026-07-23,0.7400,0.6200,18.5000,ALCISTA FUERTE,10,771.3500,7.9100,52.5000,14.8700,SIDI_SHADOW_V1: Fund≥6.5 · DD60≥12% · RSI<40 · MACD↑ · Vol↓ · SPY20≤+1% · Abnormal20≤-10%,SIDI_SHADOW_V1,True
AOS,A. O. Smith,Industrials,Building Products,2017-07-26,58.6500,57.8600,58.9500,57.1700,58.6500,2026-09-28,38.0100,30.9200,UP,0.1520,0.0532,-0.0671,True,0.5942,1.2079,0.7320,2.0590,60.2600,64.0700,58.4400,-2.6700,-8.4500,False,-0.9743,BAJISTA,-8.3300,-8.9000,63.9800,64.3800,80.9200,53.8300,-27.5200,8.9500,0.6720,True,True,58.3900,3,62.6700,True,-0.4400,HAMMER|DOJI|DOJI,7.3000,5.0000,8.5000,7.5000,9,7.0000,7.0000,False,False,False,True,True,True,4.1200,6.1800,1.5000,SIDI_SHADOW_V1,0.2808,1.6578,-0.0358,0.9516,294,XLI,True,16.3370,14.3528,4.3278,2.0949,10.8040,0.2713,0.1254,0.1315,0.3859,-0.0070,-0.1500,36.7660,1.5940,484612512.0000,500300000.0000,0.9686,7971038208,1.1530,8.2000,2.4600,110047214,4.7600,0.0000,6.7800,7.9400,0.0608,OK,0,5.7800,False,True,False,False,False,False,DD12|FUND65|ABNORMAL20,False,3-7d,XLI,,CAT|UNP|HON,pmi_manufacturing|supply_chain|capex_cycle,NEXT_SESSION_OPEN,0.7500,-5.0000,7,1.5000,5,EXIT_AT_OPEN_IF_OPEN_BELOW_SL,SL_FIRST,10,PENDING_NEXT_OPEN,1.2079,0.9059,59.5559,55.7175,1.5446,Exact TP/SL are fixed from the actual T+1 opening/entry price,29,2026-10-27,False,2026-07-30,1.0300,0.9200,11.5000,ALCISTA FUERTE,10,771.3500,7.9100,52.5000,14.8700,SIDI_SHADOW_V1: Fund≥6.5 · DD60≥12% · RSI<40 · MACD↑ · Vol↓ · SPY20≤+1% · Abnormal20≤-10%,SIDI_SHADOW_V1,True
KHC,Kraft Heinz,Consumer Staples,Packaged Foods & Meats,2015-07-06,23.6300,23.8700,23.9300,23.4800,23.6300,2026-09-28,28.2100,37.5200,DOWN,-0.1126,-0.1022,-0.0752,False,0.0624,0.6094,0.8500,2.5790,25.0000,23.2700,24.4400,-5.4800,1.5500,True,0.5037,NEUTRO,-13.0800,-14.5300,27.1900,27.6500,27.6500,20.3400,-14.5300,16.2000,0.4490,True,True,23.8500,5,23.3500,True,0.9300,NONE,7.7500,8.5000,7.5000,7.5000,9,8.0000,5.0000,False,False,True,True,False,True,5.1600,7.7400,1.5000,SIDI_SHADOW_V1,0.2808,-1.7704,0.0618,1.1509,294,XLP,True,,11.3194,0.7784,1.1253,8.0950,-0.0876,0.0363,-0.1364,0.3350,-0.0140,,52.5910,1.0610,3250500096.0000,-3396000000.0000,-0.9572,28021014528,0.0820,4.2300,6.7700,1185823758,4.4600,2.5000,3.3800,8.0000,0.1160,FCF/NI:-0.96|ROE:-8.8%,2,5.7800,False,True,False,False,False,False,MACD|FUND65|ABNORMAL20,False,7-15d,XLP,,PG|KO|PEP,inflation|input_costs|fx_rates,NEXT_SESSION_OPEN,0.7500,-5.0000,7,1.5000,5,EXIT_AT_OPEN_IF_OPEN_BELOW_SL,SL_FIRST,10,PENDING_NEXT_OPEN,0.6094,0.4571,24.0870,22.4485,1.9342,Exact TP/SL are fixed from the actual T+1 opening/entry price,30,2026-10-28,False,2026-08-05,0.5600,0.5300,5.6000,ALCISTA FUERTE,10,771.3500,7.9100,52.5000,14.8700,SIDI_SHADOW_V1: Fund≥6.5 · DD60≥12% · RSI<40 · MACD↑ · Vol↓ · SPY20≤+1% · Abnormal20≤-10%,SIDI_SHADOW_V1,True
CNC,Centene Corporation,Health Care,Managed Health Care,2016-03-30,61.8200,62.0900,63.6700,61.7300,61.8200,2026-09-28,35.5800,50.9100,DOWN,-0.5923,-0.5557,-0.2920,False,0.0812,2.4943,1.0130,4.0350,65.0800,52.2300,64.7300,-5.0100,18.3700,True,5.6627,NEUTRO,-10.9400,-11.2200,69.4100,69.6300,69.6300,31.6300,-11.2200,95.4500,0.7490,True,True,61.8100,1,66.5500,True,-0.0200,HAMMER,7.4500,8.5000,6.5000,7.5000,7,8.0000,7.0000,False,False,False,True,False,True,8.0700,12.1000,1.5000,SIDI_SHADOW_V1,0.2808,-11.5679,0.1729,0.3831,294,XLV,True,,11.5600,1.3535,0.1694,4.2730,-0.2036,0.0248,-0.0283,0.1142,0.0460,,71.0820,1.1450,9639624704.0000,-5100000256.0000,-1.8901,30538770432,1.1060,3.5600,,493995000,4.6300,3.9200,2.7100,7.6900,0.3157,FCF/NI:-1.89|ROE:-20.4%,2,5.7600,False,True,True,False,False,False,DD12|MACD|FUND65,False,7-15d,XLV,,UNH|JNJ|LLY,fda_calendar|drug_pricing_policy|patent_cliffs,NEXT_SESSION_OPEN,0.7500,-5.0000,7,1.5000,5,EXIT_AT_OPEN_IF_OPEN_BELOW_SL,SL_FIRST,10,PENDING_NEXT_OPEN,2.4943,1.8707,63.6907,58.7290,3.0261,Exact TP/SL are fixed from the actual T+1 opening/entry price,29,2026-10-27,False,2026-07-28,2.5100,1.0800,132.6000,ALCISTA FUERTE,10,771.3500,7.9100,52.5000,14.8700,SIDI_SHADOW_V1: Fund≥6.5 · DD60≥12% · RSI<40 · MACD↑ · Vol↓ · SPY20≤+1% · Abnormal20≤-10%,SIDI_SHADOW_V1,True
CRH,CRH plc,Materials,Construction Materials,2025-12-22,85.0400,83.9400,85.8400,83.5600,85.0400,2026-09-28,24.1000,25.3900,DOWN,-0.1322,-0.1852,-0.0585,True,0.1977,2.3486,0.7940,2.7620,94.3800,108.6800,88.8200,-9.8900,-21.7500,False,-2.2273,BAJISTA,-20.6400,-21.8200,107.1500,108.7700,130.0900,83.4800,-34.6300,1.8700,1.0470,False,False,,0,103.8600,False,,BULL_ENGULF,6.3200,5.0000,8.5000,5.0000,4,8.5000,7.5000,False,False,True,True,True,False,5.5200,8.2900,1.5000,SIDI_SHADOW_V1,0.2808,-0.3638,0.4519,1.1821,294,XLB,True,15.0247,13.0949,2.3561,1.4645,9.6820,0.1581,0.0606,0.0994,0.3625,0.0560,0.1390,77.5920,1.5790,2019124992.0000,3814000128.0000,0.5294,56575791104,1.1980,2.7100,1.8300,665284511,5.3800,4.5100,5.1700,6.6400,0.0357,FCF/NI:0.53,1,5.7600,False,True,False,False,False,False,VOLUME|FUND65|ABNORMAL20,False,3-7d,XLB,,LIN|APD|ECL,commodity_prices|dxy|china_demand|energy_costs,NEXT_SESSION_OPEN,0.7500,-5.0000,7,1.5000,5,EXIT_AT_OPEN_IF_OPEN_BELOW_SL,SL_FIRST,10,PENDING_NEXT_OPEN,2.3486,1.7614,86.8015,80.7880,2.0713,Exact TP/SL are fixed from the actual T+1 opening/entry price,31,2026-10-29,False,2026-07-30,1.9300,2.0200,-4.2000,ALCISTA FUERTE,10,771.3500,7.9100,52.5000,14.8700,SIDI_SHADOW_V1: Fund≥6.5 · DD60≥12% · RSI<40 · MACD↑ · Vol↓ · SPY20≤+1% · Abnormal20≤-10%,SIDI_SHADOW_V1,True
INTU,Intuit,Information Technology,Application Software,2000-12-05,275.7900,275.5200,277.3900,271.4300,275.7900,2026-09-28,24.4900,25.6800,DOWN,-6.1195,-6.0781,-5.1762,False,0.0599,12.4986,0.8690,4.5320,324.6500,401.2800,311.6600,-15.0500,-31.2700,False,-7.4809,BAJISTA,-25.4500,-26.0600,369.9200,372.9800,696.1400,251.7200,-60.3800,9.5600,0.9420,True,True,259.3700,1,336.9400,False,-5.9500,HAMMER|DOJI,6.5000,5.0000,7.5000,7.5000,4,8.0000,7.0000,False,False,True,True,False,True,9.0600,13.6000,1.5000,SIDI_SHADOW_V1,0.2808,-17.3540,1.0010,-0.6348,294,XLK,True,16.7552,10.1860,3.8973,3.4363,10.9390,0.2360,0.1047,0.2129,0.8098,0.1370,-0.0140,44.3400,1.5070,6353625088.0000,4566000128.0000,1.3915,73701015552,0.9760,1.7700,2.0000,267236000,5.2700,1.3300,5.9300,9.0800,0.0862,OK,0,5.7600,False,True,True,False,False,False,MACD|FUND65,False,3-7d,XLK,,AAPL|MSFT|NVDA,interest_rates|ai_capex_cycle|semiconductor_cycle,NEXT_SESSION_OPEN,0.7500,-5.0000,7,1.5000,5,EXIT_AT_OPEN_IF_OPEN_BELOW_SL,SL_FIRST,10,PENDING_NEXT_OPEN,12.4986,9.3740,285.1639,262.0005,3.3989,Exact TP/SL are fixed from the actual T+1 opening/entry price,52,2026-11-19,False,2026-08-25,4.0300,3.5900,12.3000,ALCISTA FUERTE,10,771.3500,7.9100,52.5000,14.8700,SIDI_SHADOW_V1: Fund≥6.5 · DD60≥12% · RSI<40 · MACD↑ · Vol↓ · SPY20≤+1% · Abnormal20≤-10%,SIDI_SHADOW_V1,True
KIM,Kimco Realty,Real Estate,Retail REITs,2006-04-04,22.4400,22.3100,22.4500,22.0700,22.4400,2026-09-28,21.5700,27.5300,DOWN,-0.0436,-0.0656,-0.0615,True,0.2171,0.3436,0.8640,1.5310,24.0200,22.7500,22.9800,-6.5800,-1.3700,True,1.6222,BAJISTA,-13.9300,-14.8000,26.0700,26.3400,26.3400,18.9600,-14.8000,18.3900,0.6660,True,True,,0,25.9600,False,,HAMMER|DOJI,7.0300,7.0000,8.5000,7.5000,5,6.5000,7.0000,True,True,True,True,True,True,3.0600,4.5900,1.5000,SIDI_SHADOW_V1,0.2808,0.9555,-0.1198,0.8986,294,XLRE,True,26.0930,25.5000,1.4651,6.8823,17.5410,0.0581,0.0237,0.2776,0.6893,0.0490,-0.0580,84.9930,0.9710,871483392.0000,573750016.0000,1.5189,15052514304,0.9560,6.9700,4.9900,670789373,4.9100,2.2700,5.3800,7.4400,0.0579,D/E:85,1,5.7600,False,True,False,True,False,False,FUND65|ABNORMAL20,False,3-7d,XLRE,,PLD|AMT|EQIX,interest_rates|cap_rates|occupancy_trends,NEXT_SESSION_OPEN,0.7500,-5.0000,7,1.5000,5,EXIT_AT_OPEN_IF_OPEN_BELOW_SL,SL_FIRST,10,PENDING_NEXT_OPEN,0.3436,0.2577,22.6977,21.3180,1.1484,Exact TP/SL are fixed from the actual T+1 opening/entry price,31,2026-10-29,False,2026-08-04,0.2200,0.2000,13.5000,ALCISTA FUERTE,10,771.3500,7.9100,52.5000,14.8700,SIDI_SHADOW_V1: Fund≥6.5 · DD60≥12% · RSI<40 · MACD↑ · Vol↓ · SPY20≤+1% · Abnormal20≤-10%,SIDI_SHADOW_V1,True
AMAT,Applied Materials,Information Technology,Semiconductor Materials & Equipment,1995-03-16,485.0000,478.8900,487.6800,476.3600,485.0000,2026-09-28,60.0700,44.4600,UP,7.8956,6.9440,4.6735,True,0.8947,18.2286,0.5470,3.7580,489.9800,420.7000,462.9800,-1.0200,15.2800,True,5.2673,NEUTRO,-19.4900,-26.1000,602.4000,656.3000,738.8800,195.1200,-34.3600,148.5600,0.8160,True,True,435.8600,1,563.1600,False,-10.1300,HAMMER,6.9500,8.5000,7.0000,7.5000,4,7.0000,7.0000,False,False,True,False,True,True,7.5200,11.2800,1.5000,SIDI_SHADOW_V1,0.2808,-5.9151,-0.9335,2.0972,294,XLK,True,41.8464,26.2420,15.0197,12.4816,37.7160,0.4107,0.1548,0.3005,0.4940,0.2480,0.4280,28.6660,2.4230,3075375104.0000,9267000320.0000,0.3319,384894763008,1.5970,2.2000,0.4400,793597443,4.9500,5.0500,6.5900,2.9200,0.0080,FCF/NI:0.33,1,5.7500,False,True,False,False,False,False,RSI40|FUND65|ABNORMAL20,False,7-15d,XLK,,AAPL|MSFT|NVDA,interest_rates|ai_capex_cycle|semiconductor_cycle,NEXT_SESSION_OPEN,0.7500,-5.0000,7,1.5000,5,EXIT_AT_OPEN_IF_OPEN_BELOW_SL,SL_FIRST,10,PENDING_NEXT_OPEN,18.2286,13.6715,498.6714,460.7500,2.8189,Exact TP/SL are fixed from the actual T+1 opening/entry price,45,2026-11-12,False,2026-08-13,3.5000,3.3900,3.1000,ALCISTA FUERTE,10,771.3500,7.9100,52.5000,14.8700,SIDI_SHADOW_V1: Fund≥6.5 · DD60≥12% · RSI<40 · MACD↑ · Vol↓ · SPY20≤+1% · Abnormal20≤-10%,SIDI_SHADOW_V1,True
MGM,MGM Resorts,Consumer Discretionary,Casinos & Gaming,2017-07-26,32.5800,33.9900,34.5000,32.2800,32.5800,2026-09-28,10.5800,13.5400,DOWN,-0.5448,-0.3488,-0.0970,False,-0.1754,1.2629,1.2770,3.8760,42.4500,39.9000,38.8400,-23.2500,-18.3400,True,1.4551,BAJISTA,-31.0300,-32.4800,47.2400,48.2500,51.5900,29.1900,-36.8500,11.6100,2.9050,False,False,,0,40.9400,False,,NONE,6.2000,7.0000,7.5000,5.0000,4,8.0000,5.0000,False,False,True,True,False,False,7.7500,11.6300,1.5000,SIDI_SHADOW_V1,0.2808,-29.3025,0.3871,0.0720,294,XLY,True,19.7455,15.7692,3.2606,0.4615,16.2940,0.1892,0.0177,0.0240,0.4416,0.0100,5.1940,893.3110,1.3350,878991104.0000,423588000.0000,2.0751,8196892160,1.2820,9.7500,,251592756,5.4500,5.0300,4.3700,7.2000,0.1072,D/E:893,1,5.7500,False,True,True,False,False,False,MACD|VOLUME|FUND65,False,3-7d,XLY,,AMZN|TSLA|HD,consumer_spending|employment_data|interest_rates,NEXT_SESSION_OPEN,0.7500,-5.0000,7,1.5000,5,EXIT_AT_OPEN_IF_OPEN_BELOW_SL,SL_FIRST,10,PENDING_NEXT_OPEN,1.2629,0.9472,33.5272,30.9510,2.9072,Exact TP/SL are fixed from the actual T+1 opening/entry price,30,2026-10-28,False,2026-07-29,0.5900,0.5800,1.9000,ALCISTA FUERTE,10,771.3500,7.9100,52.5000,14.8700,SIDI_SHADOW_V1: Fund≥6.5 · DD60≥12% · RSI<40 · MACD↑ · Vol↓ · SPY20≤+1% · Abnormal20≤-10%,SIDI_SHADOW_V1,True
WTW,Willis Towers Watson,Financials,Insurance Brokers,2016-01-05,293.9900,296.5500,298.1300,292.0500,293.9900,2026-09-28,16.8400,25.5000,DOWN,-3.5430,-3.7033,-3.5223,True,0.1091,7.9721,0.9870,2.7120,323.5300,298.4600,313.9100,-9.1300,-1.5000,True,0.0801,BAJISTA,-16.1800,-16.3600,350.7500,351.5100,351.5100,239.7400,-16.3600,22.6300,1.1600,True,True,282.8100,1,300.9400,True,-3.8000,NONE,7.5000,7.0000,8.5000,7.5000,8,8.0000,5.0000,True,False,True,True,True,True,5.4200,8.1400,1.5000,SIDI_SHADOW_V1,0.2808,-8.4265,-0.8764,1.3466,294,XLF,True,18.2150,12.8640,3.5565,2.7028,11.6570,0.1976,0.0508,0.1549,0.4252,0.0910,-0.2680,91.3900,1.0980,1415624960.0000,1564999936.0000,0.9046,27303419904,0.4170,5.6600,1.3100,92871937,4.5800,1.8500,5.7900,6.3500,0.0518,OK,0,5.7500,False,True,False,True,False,False,FUND65|ABNORMAL20,False,5-10d,XLF,,JPM|BAC|WFC,interest_rates|yield_curve|credit_spreads|loan_growth,NEXT_SESSION_OPEN,0.7500,-5.0000,7,1.5000,5,EXIT_AT_OPEN_IF_OPEN_BELOW_SL,SL_FIRST,10,PENDING_NEXT_OPEN,7.9721,5.9791,299.9691,279.2905,2.0338,Exact TP/SL are fixed from the actual T+1 opening/entry price,31,2026-10-29,False,2026-07-30,3.3500,3.1100,7.8000,ALCISTA FUERTE,10,771.3500,7.9100,52.5000,14.8700,SIDI_SHADOW_V1: Fund≥6.5 · DD60≥12% · RSI<40 · MACD↑ · Vol↓ · SPY20≤+1% · Abnormal20≤-10%,SIDI_SHADOW_V1,True
JNJ,Johnson & Johnson,Health Care,Pharmaceuticals,1973-06-30,271.2200,271.7000,272.2500,269.2600,271.2200,2026-09-28,38.4700,53.0000,DOWN,-0.2589,-0.3776,-0.5454,True,0.6160,5.0764,0.8640,1.8720,264.2800,238.2600,268.8000,2.6300,13.8300,True,3.1248,ALCISTA,-2.5900,-3.5000,278.4300,281.0700,281.0700,172.0300,-3.5000,57.6600,0.6440,True,True,262.2600,2,268.1100,True,-3.3100,HAMMER|DOJI|HAMMER,7.5000,10.0000,7.5000,7.5000,7,5.0000,7.0000,False,False,False,True,True,True,3.7400,5.6200,1.5000,SIDI_SHADOW_V1,0.2808,1.2480,-0.4368,0.9215,294,XLV,True,31.4640,22.3447,7.6868,6.6744,19.5540,0.2574,0.0859,0.2148,0.6814,0.0660,-0.0090,57.7090,1.0890,16885125120.0000,21037000704.0000,0.8026,653612679168,0.2350,3.4200,1.9800,2409898597,4.5700,2.2500,7.1700,4.2200,0.0258,OK,0,5.7400,False,True,False,False,False,False,DD12|FUND65|ABNORMAL20,False,10-18d,XLV,,UNH|LLY|ABBV,fda_calendar|drug_pricing_policy|patent_cliffs,NEXT_SESSION_OPEN,0.7500,-5.0000,7,1.5000,5,EXIT_AT_OPEN_IF_OPEN_BELOW_SL,SL_FIRST,10,PENDING_NEXT_OPEN,5.0764,3.8073,275.0273,257.6590,1.4038,Exact TP/SL are fixed from the actual T+1 opening/entry price,15,2026-10-13,False,2026-07-15,2.9000,2.8500,1.6000,ALCISTA FUERTE,10,771.3500,7.9100,52.5000,14.8700,SIDI_SHADOW_V1: Fund≥6.5 · DD60≥12% · RSI<40 · MACD↑ · Vol↓ · SPY20≤+1% · Abnormal20≤-10%,SIDI_SHADOW_V1,True
NKE,"Nike, Inc.",Consumer Discretionary,"Apparel, Accessories & Luxury Goods",1988-11-30,35.7500,35.2500,36.1800,35.2200,35.7500,2026-09-28,27.3500,23.7300,UP,0.0305,0.0181,-0.0478,True,0.2241,0.9100,0.7570,2.5450,39.4100,48.6100,37.0100,-9.2800,-26.4500,False,-4.8615,BAJISTA,-18.9400,-19.7800,44.1000,44.5700,74.5100,35.2200,-52.0200,1.5000,1.1790,False,False,,0,43.2300,False,,HAMMER|DOJI,6.4800,5.0000,9.5000,5.0000,4,8.5000,7.0000,False,False,True,True,True,False,5.0900,7.6400,1.5000,SIDI_SHADOW_V1,0.2808,3.8007,-0.6473,1.1077,294,XLY,True,17.0238,16.1723,3.5664,1.1410,11.1690,0.2214,0.0697,0.0670,0.4325,-0.0110,4.2800,74.2890,1.9610,1889250048.0000,3108000000.0000,0.6079,53035081728,1.1100,2.9300,4.5900,1202110951,5.2500,5.0000,5.0600,5.7800,0.0356,FCF/NI:0.61,1,5.7400,False,True,False,False,False,False,VOLUME|FUND65|ABNORMAL20,False,3-7d,XLY,,AMZN|TSLA|HD,consumer_spending|employment_data|interest_rates,NEXT_SESSION_OPEN,0.7500,-5.0000,7,1.5000,5,EXIT_AT_OPEN_IF_OPEN_BELOW_SL,SL_FIRST,10,PENDING_NEXT_OPEN,0.9100,0.6825,36.4325,33.9625,1.9091,Exact TP/SL are fixed from the actual T+1 opening/entry price,3,2026-10-01,True,2026-06-30,0.7200,0.1300,466.1000,ALCISTA FUERTE,10,771.3500,7.9100,52.5000,14.8700,SIDI_SHADOW_V1: Fund≥6.5 · DD60≥12% · RSI<40 · MACD↑ · Vol↓ · SPY20≤+1% · Abnormal20≤-10%,SIDI_SHADOW_V1,True
PPL,PPL Corporation,Utilities,Electric Utilities,2001-10-01,32.0300,31.9800,32.1900,31.5600,32.0300,2026-09-28,11.7800,41.1400,DOWN,-0.1752,-0.1730,-0.1040,False,0.0383,0.5121,0.7890,1.5990,34.5400,35.5900,33.4400,-7.2700,-10.0000,False,-0.3275,BAJISTA,-12.4500,-12.8800,36.5900,36.7600,39.4600,31.5600,-18.8300,1.4900,1.0280,True,True,,0,36.5500,False,,HAMMER|DOJI,6.8000,5.0000,7.5000,7.5000,4,10.0000,7.0000,False,False,True,True,False,True,3.2000,4.8000,1.5000,SIDI_SHADOW_V1,0.2808,0.9932,-0.1302,0.8677,294,XLU,True,18.9527,15.1239,1.6017,2.5648,11.7450,0.0863,0.0320,0.1347,0.4409,0.0420,0.2120,135.4340,0.9050,-1938375040.0000,1264000000.0000,-1.5335,24104009728,0.5830,4.6600,3.5600,752544841,5.0400,7.3600,4.3600,3.1300,-0.0804,FCF/NI:-1.53,1,5.7400,False,True,False,False,False,False,MACD|FUND65|ABNORMAL20,False,3-7d,XLU,,NEE|DUK|SO,interest_rates|regulatory_environment,NEXT_SESSION_OPEN,0.7500,-5.0000,7,1.5000,5,EXIT_AT_OPEN_IF_OPEN_BELOW_SL,SL_FIRST,10,PENDING_NEXT_OPEN,0.5121,0.3841,32.4141,30.4285,1.1991,Exact TP/SL are fixed from the actual T+1 opening/entry price,37,2026-11-04,False,2026-08-07,0.3300,0.3400,-4.0000,ALCISTA FUERTE,10,771.3500,7.9100,52.5000,14.8700,SIDI_SHADOW_V1: Fund≥6.5 · DD60≥12% · RSI<40 · MACD↑ · Vol↓ · SPY20≤+1% · Abnormal20≤-10%,SIDI_SHADOW_V1,True
CMG,Chipotle Mexican Grill,Consumer Discretionary,Restaurants,2011-04-28,31.3300,31.9500,32.2300,31.3000,31.3300,2026-09-28,13.8600,23.3200,DOWN,-0.5570,-0.5459,-0.5756,False,0.0671,1.1321,0.8710,3.6140,34.7800,34.9400,34.2600,-9.9200,-10.3400,False,0.8697,BAJISTA,-18.6700,-19.8500,38.5200,39.0900,42.8200,28.0400,-26.8300,11.7300,1.0460,True,True,31.5800,3,37.0800,True,0.8000,NONE,7.1500,5.5000,7.5000,7.5000,9,8.0000,5.0000,False,True,True,True,False,True,7.2300,10.8400,1.5000,SIDI_SHADOW_V1,0.2808,-15.3714,-0.6701,0.9101,294,XLY,True,29.0093,22.8659,18.0576,3.1911,19.5110,0.4956,0.1308,0.1143,0.3936,0.0930,-0.0130,246.3500,0.7150,1116464384.0000,1419405952.0000,0.7866,39645544448,0.9370,3.0500,,1265418000,4.7800,4.3900,5.7500,4.1100,0.0282,D/E:246,1,5.7300,False,True,True,False,False,False,MACD|FUND65,False,3-7d,XLY,,AMZN|TSLA|HD,consumer_spending|employment_data|interest_rates,NEXT_SESSION_OPEN,0.7500,-5.0000,7,1.5000,5,EXIT_AT_OPEN_IF_OPEN_BELOW_SL,SL_FIRST,10,PENDING_NEXT_OPEN,1.1321,0.8491,32.1791,29.7635,2.7101,Exact TP/SL are fixed from the actual T+1 opening/entry price,30,2026-10-28,False,2026-07-29,0.3300,0.3200,4.0000,ALCISTA FUERTE,10,771.3500,7.9100,52.5000,14.8700,SIDI_SHADOW_V1: Fund≥6.5 · DD60≥12% · RSI<40 · MACD↑ · Vol↓ · SPY20≤+1% · Abnormal20≤-10%,SIDI_SHADOW_V1,True
HCA,HCA Healthcare,Health Care,Health Care Facilities,2015-01-27,435.6100,421.5900,435.7800,420.0000,435.6100,2026-09-28,68.9000,57.6800,UP,0.6680,0.5218,1.2919,True,0.8258,14.3760,1.1150,3.3000,410.3600,445.6000,423.9600,6.1500,-2.2400,False,-1.3800,BAJISTA,-0.5700,-2.4100,438.1200,446.3600,553.5600,353.3400,-21.3100,23.2800,0.6590,True,True,397.7300,3,428.7500,False,-8.7000,NONE,6.5000,6.5000,7.0000,7.5000,7,5.0000,5.0000,False,False,False,False,True,True,6.6000,9.9000,1.5000,SIDI_SHADOW_V1,0.2808,10.0287,0.0517,0.9311,294,XLV,True,14.5982,13.6061,-14.2950,1.2387,9.4090,,0.1229,0.0877,0.4258,0.0870,0.1160,,0.9930,3738125056.0000,6840000000.0000,0.5465,96635633664,1.1090,4.8500,0.7200,221839800,5.2100,4.7000,4.9400,6.1200,0.0387,FCF/NI:0.55,1,5.7300,False,True,False,False,False,False,DD12|RSI40|FUND65|ABNORMAL20,False,3-7d,XLV,,UNH|JNJ|LLY,fda_calendar|drug_pricing_policy|patent_cliffs,NEXT_SESSION_OPEN,0.7500,-5.0000,7,1.5000,5,EXIT_AT_OPEN_IF_OPEN_BELOW_SL,SL_FIRST,10,PENDING_NEXT_OPEN,14.3760,10.7820,446.3920,413.8295,2.4751,Exact TP/SL are fixed from the actual T+1 opening/entry price,25,2026-10-23,False,2026-07-24,7.5900,7.5000,1.2000,ALCISTA FUERTE,10,771.3500,7.9100,52.5000,14.8700,SIDI_SHADOW_V1: Fund≥6.5 · DD60≥12% · RSI<40 · MACD↑ · Vol↓ · SPY20≤+1% · Abnormal20≤-10%,SIDI_SHADOW_V1,True
OTIS,Otis Worldwide,Industrials,Industrial Machinery & Supplies & Components,2020-04-03,65.9400,66.3800,66.9800,65.8720,65.9400,2026-09-28,32.0900,35.4400,DOWN,-0.2537,-0.1947,-0.2118,False,0.0165,1.5938,1.0150,2.4170,70.9400,77.8700,68.8800,-7.0500,-15.3200,False,-2.1848,BAJISTA,-11.5500,-12.6100,74.5500,75.4500,93.4300,65.8700,-29.4200,0.1000,0.7540,True,True,,0,74.2000,False,,NONE,6.1000,5.0000,6.5000,7.5000,4,8.0000,5.0000,False,False,False,True,False,True,4.8300,7.2500,1.5000,SIDI_SHADOW_V1,0.2808,-1.4523,-0.1916,0.6400,294,XLI,True,16.9512,14.5428,-4.3672,1.6834,12.6620,,0.1425,0.1017,0.3031,0.0730,0.1300,,0.8310,1436249984.0000,1516000000.0000,0.9474,25101336576,0.8750,4.5200,2.6700,380669339,5.4800,4.2500,5.6400,6.7300,0.0572,OK,0,5.7300,False,True,False,False,False,False,DD12|MACD|FUND65|ABNORMAL20,False,3-7d,XLI,,CAT|UNP|HON,pmi_manufacturing|supply_chain|capex_cycle,NEXT_SESSION_OPEN,0.7500,-5.0000,7,1.5000,5,EXIT_AT_OPEN_IF_OPEN_BELOW_SL,SL_FIRST,10,PENDING_NEXT_OPEN,1.5938,1.1954,67.1354,62.6430,1.8128,Exact TP/SL are fixed from the actual T+1 opening/entry price,30,2026-10-28,False,2026-07-22,1.0100,1.0100,38.0000,ALCISTA FUERTE,10,771.3500,7.9100,52.5000,14.8700,SIDI_SHADOW_V1: Fund≥6.5 · DD60≥12% · RSI<40 · MACD↑ · Vol↓ · SPY20≤+1% · Abnormal20≤-10%,SIDI_SHADOW_V1,True
UNP,Union Pacific Corporation,Industrials,Rail Transportation,1957-03-04,273.7900,273.0400,275.0000,272.3300,273.7900,2026-09-28,26.8500,10.9900,UP,-1.2773,-1.5098,-2.0210,True,0.2032,4.9157,0.8130,1.7950,292.0400,261.6500,282.8200,-6.2500,4.6400,True,2.4060,NEUTRO,-11.4500,-12.9500,309.1900,314.5300,314.5300,211.0800,-12.9500,29.7100,0.7380,False,False,256.6700,3,273.9100,False,-6.2500,NONE,6.9700,8.5000,9.5000,5.0000,6,6.5000,5.0000,False,False,False,True,True,False,3.5900,5.3900,1.5000,SIDI_SHADOW_V1,0.2808,-11.3796,-0.7656,0.8641,294,XLI,True,22.1692,19.3150,8.3707,6.4011,14.8790,0.3970,0.0927,0.2885,0.5628,0.1150,0.0660,150.7720,0.9860,4720750080.0000,7329999872.0000,0.6440,162651947008,0.9660,12.1400,2.0700,594075498,4.9000,4.1500,5.5400,5.0400,0.0290,FCF/NI:0.64|D/E:151,2,5.7300,False,True,True,False,False,False,DD12|VOLUME|FUND65,False,7-15d,XLI,,CAT|HON|RTX,pmi_manufacturing|supply_chain|capex_cycle,NEXT_SESSION_OPEN,0.7500,-5.0000,7,1.5000,5,EXIT_AT_OPEN_IF_OPEN_BELOW_SL,SL_FIRST,10,PENDING_NEXT_OPEN,4.9157,3.6868,277.4768,260.1005,1.3466,Exact TP/SL are fixed from the actual T+1 opening/entry price,24,2026-10-22,False,2026-07-23,3.4100,3.2400,5.2000,ALCISTA FUERTE,10,771.3500,7.9100,52.5000,14.8700,SIDI_SHADOW_V1: Fund≥6.5 · DD60≥12% · RSI<40 · MACD↑ · Vol↓ · SPY20≤+1% · Abnormal20≤-10%,SIDI_SHADOW_V1,True
APA,APA Corporation,Energy,Oil & Gas Exploration & Production,1997-07-28,42.7400,42.8000,43.2600,42.2300,42.7400,2026-09-28,49.8900,58.8100,DOWN,-0.4676,-0.4191,-0.4093,False,0.2042,1.6443,1.1860,3.8470,40.8700,34.6200,43.5800,4.5700,23.4600,True,6.0621,ALCISTA,-9.8500,-9.9100,47.4100,47.4400,47.4400,21.1300,-9.9100,102.2400,0.9370,False,False,40.4600,1,45.0500,False,-5.3300,HAMMER|DOJI,6.2700,10.0000,5.0000,5.0000,4,6.5000,7.0000,False,False,False,False,False,False,7.6900,11.5400,1.5000,SIDI_SHADOW_V1,0.2808,-2.0668,-0.4065,1.6236,294,XLE,True,9.0169,9.5611,2.1347,1.7469,3.3800,0.2666,0.1160,0.1956,0.7825,0.0920,0.2630,48.8540,0.9460,2146749952.0000,1676999936.0000,1.2801,14974024704,0.3660,4.6700,2.3400,350351510,5.3600,1.5700,6.7800,8.1100,0.1434,OK,0,5.7200,False,True,False,False,False,False,DD12|RSI40|MACD|VOLUME|FUND65|ABNORMAL20,False,10-18d,XLE,,XOM|CVX|COP,oil_price|gas_price|opec_supply|inventories,NEXT_SESSION_OPEN,0.7500,-5.0000,7,1.5000,5,EXIT_AT_OPEN_IF_OPEN_BELOW_SL,SL_FIRST,10,PENDING_NEXT_OPEN,1.6443,1.2332,43.9732,40.6030,2.8854,Exact TP/SL are fixed from the actual T+1 opening/entry price,37,2026-11-04,False,2026-08-05,1.8900,1.8700,1.0000,ALCISTA FUERTE,10,771.3500,7.9100,52.5000,14.8700,SIDI_SHADOW_V1: Fund≥6.5 · DD60≥12% · RSI<40 · MACD↑ · Vol↓ · SPY20≤+1% · Abnormal20≤-10%,SIDI_SHADOW_V1,True
CEG,Constellation Energy,Utilities,Electric Utilities,2022-02-02,263.2700,262.0000,266.3800,260.4300,263.2700,2026-09-28,22.1400,37.3500,DOWN,-1.8801,-2.3358,-3.2133,True,0.3093,8.9782,0.9310,3.4100,271.7600,289.5900,269.4300,-3.1200,-9.0900,False,-2.5916,BAJISTA,-11.9600,-13.9100,299.0500,305.8000,410.4100,228.2800,-35.8500,15.3300,0.6680,True,True,266.1400,3,307.8900,True,1.0900,BULL_ENGULF|HAMMER|DOJI,7.2500,5.0000,8.5000,7.5000,9,5.0000,9.5000,False,True,False,True,True,True,6.8200,10.2300,1.5000,SIDI_SHADOW_V1,0.2808,6.2829,0.8556,1.3681,294,XLU,True,25.7100,19.7648,2.9253,2.9830,14.7920,0.1506,0.0389,0.1108,0.2211,0.2300,-0.4680,76.4190,1.4550,-6625124864.0000,3464999936.0000,-1.9120,93278502912,1.1170,4.5700,0.6500,354307379,4.7000,5.0000,6.2500,2.5400,-0.0710,FCF/NI:-1.91,1,5.7200,False,True,False,False,False,False,DD12|FUND65|ABNORMAL20,False,5-10d,XLU,,NEE|DUK|SO,interest_rates|regulatory_environment,NEXT_SESSION_OPEN,0.7500,-5.0000,7,1.5000,5,EXIT_AT_OPEN_IF_OPEN_BELOW_SL,SL_FIRST,10,PENDING_NEXT_OPEN,8.9782,6.7336,270.0036,250.1065,2.5577,Exact TP/SL are fixed from the actual T+1 opening/entry price,42,2026-11-09,False,2026-08-06,2.5500,2.2800,11.7000,ALCISTA FUERTE,10,771.3500,7.9100,52.5000,14.8700,SIDI_SHADOW_V1: Fund≥6.5 · DD60≥12% · RSI<40 · MACD↑ · Vol↓ · SPY20≤+1% · Abnormal20≤-10%,SIDI_SHADOW_V1,True
FE,FirstEnergy,Utilities,Electric Utilities,1997-11-28,43.3000,43.1300,43.3700,42.8100,43.3000,2026-09-28,12.0300,41.9700,DOWN,-0.2529,-0.2390,-0.1062,False,-0.0111,0.6814,0.8160,1.5740,46.7600,46.7400,45.2600,-7.4000,-7.3500,True,0.1360,BAJISTA,-12.4000,-13.3200,49.4300,49.9500,51.3000,42.1800,-15.5900,2.6700,1.0000,True,True,43.3000,1,49.9500,True,0.0000,NONE,7.3000,7.0000,7.5000,7.5000,8,8.0000,5.0000,False,False,True,True,False,True,3.1500,4.7200,1.5000,SIDI_SHADOW_V1,0.2808,-0.1310,-0.1370,0.7862,294,XLU,True,23.1551,14.6810,1.9370,1.6018,10.2300,0.0949,0.0368,0.0694,0.6861,0.0880,0.0830,200.9080,0.5410,-2014625024.0000,1084999936.0000,-1.8568,25046069248,0.4410,7.4000,4.3000,578431175,4.6700,6.8500,4.1000,2.8100,-0.0804,FCF/NI:-1.86|D/E:201,2,5.7200,False,True,False,False,False,False,MACD|FUND65|ABNORMAL20,False,3-7d,XLU,,NEE|DUK|SO,interest_rates|regulatory_environment,NEXT_SESSION_OPEN,0.7500,-5.0000,7,1.5000,5,EXIT_AT_OPEN_IF_OPEN_BELOW_SL,SL_FIRST,10,PENDING_NEXT_OPEN,0.6814,0.5111,43.8110,41.1350,1.1803,Exact TP/SL are fixed from the actual T+1 opening/entry price,23,2026-10-21,False,2026-07-28,0.5000,0.5000,-48.0000,ALCISTA FUERTE,10,771.3500,7.9100,52.5000,14.8700,SIDI_SHADOW_V1: Fund≥6.5 · DD60≥12% · RSI<40 · MACD↑ · Vol↓ · SPY20≤+1% · Abnormal20≤-10%,SIDI_SHADOW_V1,True
PYPL,PayPal,Financials,Transaction & Payment Processing Services,2015-07-20,55.0400,52.5900,55.5450,52.3100,55.0400,2026-09-28,50.4000,46.0400,UP,0.0791,-0.1264,-0.2276,True,0.8497,1.4700,0.8360,2.6710,56.6900,50.1900,54.1800,-2.9100,9.6500,True,-1.6471,NEUTRO,-11.4400,-12.0400,62.1500,62.5800,78.3400,38.1200,-29.7400,44.3700,1.4070,False,False,54.8000,1,57.6400,True,-0.4400,HAMMER|HAMMER|DOJI|BULL_ENGULF,7.1500,8.0000,7.0000,7.0000,7,5.0000,9.5000,False,False,False,False,True,False,5.3400,8.0100,1.5000,SIDI_SHADOW_V1,0.2808,-6.1338,0.1390,1.0955,294,XLF,True,10.4045,9.5139,2.3938,1.3902,7.7520,0.2450,0.0462,0.1436,0.4048,0.0480,-0.0310,71.7510,1.2880,4423124992.0000,4902000128.0000,0.9023,47444480000,1.2860,2.3800,1.0200,862000000,4.7600,0.7400,6.4400,7.4800,0.0932,OK,0,5.7200,False,True,False,False,False,False,DD12|RSI40|VOLUME|FUND65|ABNORMAL20,False,7-15d,XLF,,JPM|BAC|WFC,interest_rates|yield_curve|credit_spreads|loan_growth,NEXT_SESSION_OPEN,0.7500,-5.0000,7,1.5000,5,EXIT_AT_OPEN_IF_OPEN_BELOW_SL,SL_FIRST,10,PENDING_NEXT_OPEN,1.4700,1.1025,56.1425,52.2880,2.0031,Exact TP/SL are fixed from the actual T+1 opening/entry price,29,2026-10-27,False,2026-07-28,1.3800,1.2800,8.0000,ALCISTA FUERTE,10,771.3500,7.9100,52.5000,14.8700,SIDI_SHADOW_V1: Fund≥6.5 · DD60≥12% · RSI<40 · MACD↑ · Vol↓ · SPY20≤+1% · Abnormal20≤-10%,SIDI_SHADOW_V1,True
PFE,Pfizer,Health Care,Pharmaceuticals,1957-03-04,28.6700,28.4500,28.6900,28.1700,28.6700,2026-09-28,54.7000,44.9300,UP,-0.0109,-0.0532,-0.1334,True,0.8264,0.4571,0.8350,1.5940,26.9400,25.7100,27.9000,6.4200,11.5100,True,1.5544,ALCISTA,-1.2100,-1.8500,29.0200,29.2100,29.2100,22.0300,-1.8500,30.1100,0.8260,True,True,24.9900,4,29.2100,False,-12.8500,NONE,7.0500,10.0000,7.0000,7.5000,6,5.0000,5.0000,False,False,False,False,True,True,3.1900,4.7800,1.5000,SIDI_SHADOW_V1,0.2808,2.5832,0.0605,0.6125,294,XLV,True,37.7237,9.8970,1.9180,2.5655,8.4890,0.0501,0.0578,0.0680,0.7472,0.0260,,74.2530,1.2670,12485624832.0000,4338999808.0000,2.8775,163409641472,0.2990,4.6400,6.0000,5699673589,4.8300,3.0800,4.7000,7.0100,0.0764,OK,0,5.7200,False,True,False,False,False,False,DD12|RSI40|FUND65|ABNORMAL20,False,10-18d,XLV,,UNH|JNJ|LLY,fda_calendar|drug_pricing_policy|patent_cliffs,NEXT_SESSION_OPEN,0.7500,-5.0000,7,1.5000,5,EXIT_AT_OPEN_IF_OPEN_BELOW_SL,SL_FIRST,10,PENDING_NEXT_OPEN,0.4571,0.3428,29.0128,27.2365,1.1958,Exact TP/SL are fixed from the actual T+1 opening/entry price,36,2026-11-03,False,2026-08-04,0.7700,0.6800,12.9000,ALCISTA FUERTE,10,771.3500,7.9100,52.5000,14.8700,SIDI_SHADOW_V1: Fund≥6.5 · DD60≥12% · RSI<40 · MACD↑ · Vol↓ · SPY20≤+1% · Abnormal20≤-10%,SIDI_SHADOW_V1,True
SBUX,Starbucks,Consumer Discretionary,Restaurants,2000-06-07,94.8600,94.1000,94.9200,93.5300,94.8600,2026-09-28,17.1600,10.8200,UP,-0.5178,-0.6911,-0.8117,True,0.2454,2.2021,0.8360,2.3210,103.0100,97.5900,98.5900,-7.9200,-2.8000,True,1.6999,BAJISTA,-12.5600,-13.6700,108.4900,109.8800,109.8800,76.0500,-13.6700,24.7300,1.0760,False,False,95.3400,1,108.5400,True,0.5100,HAMMER,7.1800,7.0000,9.5000,5.0000,8,6.5000,7.0000,False,False,True,True,True,False,4.6400,6.9600,1.5000,SIDI_SHADOW_V1,0.2808,-12.0445,0.0237,0.3906,294,XLY,True,54.8324,30.3771,-14.0888,2.8207,22.5070,,0.0802,0.0517,0.2234,-0.0140,0.8570,,0.7600,3065537536.0000,1982800000.0000,1.5461,108140404736,0.9650,6.7400,2.6100,1140000000,4.7500,5.0000,5.6200,3.4600,0.0283,OK,0,5.7200,False,True,True,False,False,False,VOLUME|FUND65,False,5-10d,XLY,,AMZN|TSLA|HD,consumer_spending|employment_data|interest_rates,NEXT_SESSION_OPEN,0.7500,-5.0000,7,1.5000,5,EXIT_AT_OPEN_IF_OPEN_BELOW_SL,SL_FIRST,10,PENDING_NEXT_OPEN,2.2021,1.6516,96.5116,90.1170,1.7411,Exact TP/SL are fixed from the actual T+1 opening/entry price,30,2026-10-28,False,2026-07-29,0.8500,0.6500,30.8000,ALCISTA FUERTE,10,771.3500,7.9100,52.5000,14.8700,SIDI_SHADOW_V1: Fund≥6.5 · DD60≥12% · RSI<40 · MACD↑ · Vol↓ · SPY20≤+1% · Abnormal20≤-10%,SIDI_SHADOW_V1,True
NCLH,Norwegian Cruise Line Holdings,Consumer Discretionary,"Hotels, Resorts & Cruise Lines",2017-10-13,14.6100,14.4300,14.8700,14.1200,14.6100,2026-09-28,34.3100,17.1400,UP,0.1017,0.0560,0.0150,True,0.3992,0.5693,0.7570,3.8970,17.2400,19.5800,15.0700,-15.2500,-25.3700,False,-1.7561,BAJISTA,-31.1500,-31.3100,21.2200,21.2700,26.0900,13.6300,-44.0000,7.1900,1.0580,False,False,14.5300,1,15.0300,True,-0.5500,HAMMER|DOJI,6.5000,5.0000,8.5000,5.0000,7,7.0000,7.0000,False,False,True,True,True,False,7.7900,11.6900,1.5000,SIDI_SHADOW_V1,0.2808,-2.6737,0.3438,1.5203,294,XLY,True,8.8545,8.7486,2.6075,0.6607,8.6610,0.3673,0.0425,0.0749,0.4246,0.0490,6.1630,621.0510,0.2000,-1680301312.0000,760768000.0000,-2.2087,6708733952,1.8810,6.1700,,459187846,5.1800,7.0800,3.5800,4.8400,-0.2505,FCF/NI:-2.21|D/E:621,2,5.7100,False,True,False,False,False,False,VOLUME|FUND65|ABNORMAL20,False,3-7d,XLY,,AMZN|TSLA|HD,consumer_spending|employment_data|interest_rates,NEXT_SESSION_OPEN,0.7500,-5.0000,7,1.5000,5,EXIT_AT_OPEN_IF_OPEN_BELOW_SL,SL_FIRST,10,PENDING_NEXT_OPEN,0.5693,0.4270,15.0370,13.8795,2.9225,Exact TP/SL are fixed from the actual T+1 opening/entry price,37,2026-11-04,False,2026-07-30,0.4800,0.3900,22.8000,ALCISTA FUERTE,10,771.3500,7.9100,52.5000,14.8700,SIDI_SHADOW_V1: Fund≥6.5 · DD60≥12% · RSI<40 · MACD↑ · Vol↓ · SPY20≤+1% · Abnormal20≤-10%,SIDI_SHADOW_V1,True
TJX,TJX Companies,Consumer Discretionary,Apparel Retail,1985-09-30,130.0600,130.4200,130.8400,128.5700,130.0600,2026-09-28,45.0800,29.3100,UP,1.3750,1.4151,1.0332,False,0.5496,2.9071,0.8920,2.2350,143.0400,152.3500,131.5400,-9.0800,-14.6300,False,-1.1919,BAJISTA,-19.4900,-19.9800,161.5500,162.5300,169.4700,122.7800,-23.2500,5.9300,0.9280,False,False,122.7800,1,161.3400,False,-5.6000,HAMMER,5.2500,5.0000,6.0000,5.0000,4,5.0000,7.0000,False,False,True,False,False,False,4.4700,6.7100,1.5000,SIDI_SHADOW_V1,0.2808,1.2152,-0.5091,0.5666,294,XLY,True,24.0852,22.5270,13.8156,2.3039,17.0030,0.6217,0.1354,0.0973,0.3147,0.0540,0.2360,134.4190,1.1470,4398125056.0000,6066999808.0000,0.7249,143677849600,0.5930,2.1800,1.4800,1104704446,6.0100,7.3400,5.9700,4.5100,0.0306,FCF/NI:0.72|D/E:134,2,5.7100,False,True,False,False,False,False,RSI40|MACD|VOLUME|FUND65|ABNORMAL20,False,3-7d,XLY,,AMZN|TSLA|HD,consumer_spending|employment_data|interest_rates,NEXT_SESSION_OPEN,0.7500,-5.0000,7,1.5000,5,EXIT_AT_OPEN_IF_OPEN_BELOW_SL,SL_FIRST,10,PENDING_NEXT_OPEN,2.9071,2.1803,132.2403,123.5570,1.6764,Exact TP/SL are fixed from the actual T+1 opening/entry price,51,2026-11-18,False,2026-08-19,1.3600,1.1900,14.5000,ALCISTA FUERTE,10,771.3500,7.9100,52.5000,14.8700,SIDI_SHADOW_V1: Fund≥6.5 · DD60≥12% · RSI<40 · MACD↑ · Vol↓ · SPY20≤+1% · Abnormal20≤-10%,SIDI_SHADOW_V1,True
UPS,United Parcel Service,Industrials,Air Freight & Logistics,2002-07-22,93.9600,92.8600,93.9900,92.3100,93.9600,2026-09-28,32.4000,31.8000,UP,-0.6894,-0.7379,-0.5269,True,0.1014,2.3057,0.9300,2.4540,103.4000,102.4700,98.8500,-9.1300,-8.3000,True,0.9605,BAJISTA,-18.9100,-19.3900,115.8700,116.5600,116.8600,76.9500,-19.6000,22.1100,1.0620,False,False,92.6500,2,103.6600,True,-1.4000,NONE,6.8500,7.0000,8.5000,5.0000,7,8.0000,5.0000,False,False,True,True,True,False,4.9100,7.3600,1.5000,SIDI_SHADOW_V1,0.2808,-8.9397,0.4144,0.5525,294,XLI,True,17.4647,11.6438,5.3070,0.8889,8.6060,0.2960,0.0728,0.0508,0.2241,0.0760,-0.5300,189.9000,1.1790,5593999872.0000,4569999872.0000,1.2241,79939436544,1.0380,6.5300,6.9800,749349405,4.9500,1.9300,5.6200,7.7000,0.0700,D/E:190,1,5.7100,False,True,False,False,False,False,VOLUME|FUND65|ABNORMAL20,False,3-7d,XLI,,CAT|UNP|HON,pmi_manufacturing|supply_chain|capex_cycle,NEXT_SESSION_OPEN,0.7500,-5.0000,7,1.5000,5,EXIT_AT_OPEN_IF_OPEN_BELOW_SL,SL_FIRST,10,PENDING_NEXT_OPEN,2.3057,1.7293,95.6893,89.2620,1.8404,Exact TP/SL are fixed from the actual T+1 opening/entry price,29,2026-10-27,False,2026-07-28,1.7600,1.6600,5.8000,ALCISTA FUERTE,10,771.3500,7.9100,52.5000,14.8700,SIDI_SHADOW_V1: Fund≥6.5 · DD60≥12% · RSI<40 · MACD↑ · Vol↓ · SPY20≤+1% · Abnormal20≤-10%,SIDI_SHADOW_V1,True
EL,Estée Lauder Companies (The),Consumer Staples,Personal Care Products,2006-01-05,94.4700,95.1100,96.2300,93.8900,94.4700,2026-09-28,32.3600,27.5600,UP,-0.7797,-0.6978,-0.8239,False,0.1892,3.0657,1.0020,3.2450,92.4800,91.8100,96.8100,2.1500,2.9000,True,0.6753,ALCISTA,-10.7500,-12.5400,105.8500,108.0100,120.3800,65.7400,-21.5300,43.7000,0.9190,False,False,83.5700,1,104.7400,False,-11.5400,NONE,6.5700,10.0000,7.5000,5.0000,4,6.5000,5.0000,False,False,False,True,False,False,6.4900,9.7400,1.5000,SIDI_SHADOW_V1,0.2808,-8.2483,1.3410,1.0180,294,XLP,True,188.9400,24.1248,8.9800,2.2712,16.2640,0.0474,0.0523,0.0121,0.7549,0.0630,,242.9320,1.2220,1812125056.0000,182000000.0000,9.9567,34178764800,1.2740,1.8200,1.4800,247287571,5.1200,5.7800,4.1100,5.5200,0.0530,D/E:243,1,5.7000,False,True,False,False,False,False,DD12|MACD|VOLUME|FUND65|ABNORMAL20,False,10-18d,XLP,,PG|KO|PEP,inflation|input_costs|fx_rates,NEXT_SESSION_OPEN,0.7500,-5.0000,7,1.5000,5,EXIT_AT_OPEN_IF_OPEN_BELOW_SL,SL_FIRST,10,PENDING_NEXT_OPEN,3.0657,2.2993,96.7693,89.7465,2.4339,Exact TP/SL are fixed from the actual T+1 opening/entry price,35,2026-11-02,False,2026-08-19,0.3900,0.3200,22.1000,ALCISTA FUERTE,10,771.3500,7.9100,52.5000,14.8700,SIDI_SHADOW_V1: Fund≥6.5 · DD60≥12% · RSI<40 · MACD↑ · Vol↓ · SPY20≤+1% · Abnormal20≤-10%,SIDI_SHADOW_V1,True
NWSA,News Corp (Class A),Communication Services,Publishing,2013-08-01,28.4900,28.2900,28.6000,28.2400,28.4900,2026-09-28,31.6400,36.7000,DOWN,-0.2827,-0.2853,-0.1769,True,0.0810,0.7091,0.9490,2.4890,29.1600,26.3800,29.4800,-2.2800,8.0000,True,1.6560,NEUTRO,-8.3500,-9.7100,31.0900,31.5500,31.5500,22.0300,-9.7100,29.3000,0.6240,False,False,26.2000,1,28.9800,False,-8.0300,NONE,6.5000,8.5000,7.5000,5.0000,4,8.0000,5.0000,False,False,False,True,True,False,4.9800,7.4700,1.5000,SIDI_SHADOW_V1,0.2808,-16.5282,-0.6317,0.9452,294,XLC,True,27.6602,18.8461,1.8159,1.7029,12.6600,0.0798,0.0466,0.0635,0.5717,0.1080,-0.7490,31.5610,1.6230,1045124992.0000,573000000.0000,1.8240,15373745152,0.9230,3.2500,0.7000,359954582,5.1700,2.5000,6.3700,6.8700,0.0680,OK,0,5.7000,False,True,True,False,False,False,DD12|VOLUME|FUND65,False,7-15d,XLC,,GOOGL|META|NFLX,ad_spending_cycle|streaming_competition|regulation,NEXT_SESSION_OPEN,0.7500,-5.0000,7,1.5000,5,EXIT_AT_OPEN_IF_OPEN_BELOW_SL,SL_FIRST,10,PENDING_NEXT_OPEN,0.7091,0.5318,29.0218,27.0655,1.8667,Exact TP/SL are fixed from the actual T+1 opening/entry price,38,2026-11-05,False,2026-08-05,0.3500,0.2300,51.2000,ALCISTA FUERTE,10,771.3500,7.9100,52.5000,14.8700,SIDI_SHADOW_V1: Fund≥6.5 · DD60≥12% · RSI<40 · MACD↑ · Vol↓ · SPY20≤+1% · Abnormal20≤-10%,SIDI_SHADOW_V1,True
UAL,United Airlines Holdings,Industrials,Passenger Airlines,2015-09-03,113.9900,113.2100,115.7100,110.7200,113.9900,2026-09-28,54.5900,46.4800,UP,1.0626,0.9550,1.1305,True,0.9099,4.0900,0.9480,3.5880,116.3300,109.0100,111.4800,-2.0100,4.5700,True,1.0304,NEUTRO,-14.5000,-17.7000,133.3200,138.5100,138.7700,84.6400,-17.8600,34.6800,0.8860,False,False,111.2900,2,117.9600,True,-2.3700,HAMMER,6.6000,8.5000,7.0000,5.0000,7,5.0000,7.0000,False,False,True,False,True,False,7.1800,10.7600,1.5000,SIDI_SHADOW_V1,0.2808,6.2359,0.9472,1.1883,294,XLI,True,10.6732,7.8279,2.2159,0.5882,7.6200,0.2325,0.0338,0.0556,0.3182,0.1600,-0.1720,201.6410,0.7800,910124992.0000,3496000000.0000,0.2603,36997701632,1.2720,5.3800,,324569728,5.1000,4.6100,3.8200,7.1600,0.0246,FCF/NI:0.26|D/E:202,2,5.7000,False,True,False,False,False,False,RSI40|VOLUME|FUND65|ABNORMAL20,False,7-15d,XLI,,CAT|UNP|HON,pmi_manufacturing|supply_chain|capex_cycle,NEXT_SESSION_OPEN,0.7500,-5.0000,7,1.5000,5,EXIT_AT_OPEN_IF_OPEN_BELOW_SL,SL_FIRST,10,PENDING_NEXT_OPEN,4.0900,3.0675,117.0575,108.2905,2.6910,Exact TP/SL are fixed from the actual T+1 opening/entry price,23,2026-10-21,False,2026-07-15,1.9900,1.8500,7.6000,ALCISTA FUERTE,10,771.3500,7.9100,52.5000,14.8700,SIDI_SHADOW_V1: Fund≥6.5 · DD60≥12% · RSI<40 · MACD↑ · Vol↓ · SPY20≤+1% · Abnormal20≤-10%,SIDI_SHADOW_V1,True
VTR,Ventas,Real Estate,Health Care REITs,2009-03-04,86.5900,87.0600,87.0600,85.6200,86.5900,2026-09-28,23.1800,21.9900,UP,-0.2418,-0.2900,-0.3844,True,0.1826,1.6071,0.7670,1.8560,91.8700,85.1700,88.7400,-5.7500,1.6600,True,1.3598,NEUTRO,-13.8700,-14.7700,100.5300,101.6000,101.6000,65.7100,-14.7700,31.7700,0.6260,False,False,86.9200,1,94.5500,True,0.3800,NONE,7.4200,8.5000,9.5000,5.0000,7,8.5000,5.0000,False,False,True,True,True,False,3.7100,5.5700,1.5000,SIDI_SHADOW_V1,0.2808,-1.7874,-0.4877,1.1184,294,XLRE,True,157.4364,109.6076,3.0320,6.9195,24.2340,0.0201,0.0217,0.0409,0.3997,0.2170,-0.0670,84.9280,0.2950,1486853504.0000,262731008.0000,5.6592,44416024576,0.7240,6.5400,2.4000,512946359,4.5500,5.0000,4.4000,4.1900,0.0335,D/E:85,1,5.7000,False,True,False,False,False,False,VOLUME|FUND65|ABNORMAL20,False,5-10d,XLRE,,PLD|AMT|EQIX,interest_rates|cap_rates|occupancy_trends,NEXT_SESSION_OPEN,0.7500,-5.0000,7,1.5000,5,EXIT_AT_OPEN_IF_OPEN_BELOW_SL,SL_FIRST,10,PENDING_NEXT_OPEN,1.6071,1.2053,87.7953,82.2605,1.3920,Exact TP/SL are fixed from the actual T+1 opening/entry price,29,2026-10-27,False,2026-07-29,0.1700,0.1100,51.7000,ALCISTA FUERTE,10,771.3500,7.9100,52.5000,14.8700,SIDI_SHADOW_V1: Fund≥6.5 · DD60≥12% · RSI<40 · MACD↑ · Vol↓ · SPY20≤+1% · Abnormal20≤-10%,SIDI_SHADOW_V1,True
ITW,Illinois Tool Works,Industrials,Industrial Machinery & Supplies & Components,1986-02-28,274.3200,272.7400,276.3900,271.7200,274.3200,2026-09-28,57.9200,32.2500,UP,1.0442,0.8097,0.2566,True,0.7879,4.4179,0.7620,1.6100,279.7400,266.6000,272.2200,-1.9400,2.9000,True,1.0874,NEUTRO,-7.7400,-9.1400,297.3200,301.9200,301.9200,234.3800,-9.1400,17.0400,0.8000,False,False,243.0000,3,275.6000,False,-11.4200,HAMMER,6.7500,8.5000,7.0000,5.0000,6,7.0000,7.0000,False,False,False,False,True,False,3.2200,4.8300,1.5000,SIDI_SHADOW_V1,0.2808,0.8620,-0.2258,0.8235,294,XLI,True,24.8704,22.1212,26.9947,4.7438,18.0990,1.0462,0.1692,0.1939,0.4416,0.0610,0.1010,334.8530,1.1090,2432999936.0000,3193999872.0000,0.7617,78126342144,0.9970,8.2100,2.5100,284800000,4.9800,3.2200,6.8900,4.8300,0.0311,D/E:335,1,5.6900,False,True,False,False,False,False,DD12|RSI40|VOLUME|FUND65|ABNORMAL20,False,7-15d,XLI,,CAT|UNP|HON,pmi_manufacturing|supply_chain|capex_cycle,NEXT_SESSION_OPEN,0.7500,-5.0000,7,1.5000,5,EXIT_AT_OPEN_IF_OPEN_BELOW_SL,SL_FIRST,10,PENDING_NEXT_OPEN,4.4179,3.3134,277.6334,260.6040,1.2079,Exact TP/SL are fixed from the actual T+1 opening/entry price,25,2026-10-23,False,2026-07-28,2.8400,2.8000,1.5000,ALCISTA FUERTE,10,771.3500,7.9100,52.5000,14.8700,SIDI_SHADOW_V1: Fund≥6.5 · DD60≥12% · RSI<40 · MACD↑ · Vol↓ · SPY20≤+1% · Abnormal20≤-10%,SIDI_SHADOW_V1,True
PNR,Pentair,Industrials,Industrial Machinery & Supplies & Components,2012-10-01,53.6600,53.1400,54.1800,52.9800,53.6600,2026-09-28,13.6500,12.6100,UP,-0.0838,-0.0900,-0.0293,True,0.1245,1.4586,0.6540,2.7180,61.9000,81.8600,57.3000,-13.3200,-34.4500,False,-5.3976,BAJISTA,-29.7500,-30.8700,76.3900,77.6200,112.5700,52.6400,-52.3300,1.9400,0.4390,True,True,,0,75.7900,False,,HAMMER|DOJI,7.2000,5.0000,9.5000,7.5000,4,10.0000,7.0000,True,False,True,True,True,True,5.4400,8.1500,1.5000,SIDI_SHADOW_V1,0.2808,-3.9997,0.1959,0.7495,294,XLI,True,13.8299,10.3820,2.2848,2.1616,9.8950,0.1713,0.0866,0.1624,0.4139,-0.1700,-0.1110,47.0670,1.4510,558312512.0000,635500032.0000,0.8785,8671753216,1.0180,1.6500,2.0100,161605541,4.6800,0.0000,5.7700,8.8500,0.0644,RevG:-17.0%,1,5.6900,False,True,False,True,False,False,FUND65|ABNORMAL20,False,3-7d,XLI,,CAT|UNP|HON,pmi_manufacturing|supply_chain|capex_cycle,NEXT_SESSION_OPEN,0.7500,-5.0000,7,1.5000,5,EXIT_AT_OPEN_IF_OPEN_BELOW_SL,SL_FIRST,10,PENDING_NEXT_OPEN,1.4586,1.0939,54.7539,50.9770,2.0387,Exact TP/SL are fixed from the actual T+1 opening/entry price,22,2026-10-20,False,2026-07-28,1.1400,1.1500,-58.0000,ALCISTA FUERTE,10,771.3500,7.9100,52.5000,14.8700,SIDI_SHADOW_V1: Fund≥6.5 · DD60≥12% · RSI<40 · MACD↑ · Vol↓ · SPY20≤+1% · Abnormal20≤-10%,SIDI_SHADOW_V1,True
PTC,PTC Inc.,Information Technology,Application Software,2021-04-20,138.1200,137.1700,138.7500,136.5500,138.1200,2026-09-28,46.3600,28.0700,UP,0.1490,0.0125,-0.5664,True,0.4615,4.6721,0.9140,3.3830,140.0300,145.9600,138.9100,-1.3600,-5.3700,False,-2.3665,BAJISTA,-13.1000,-13.3800,158.9500,159.4600,206.8200,108.5000,-33.2200,27.3000,0.4080,True,True,137.9500,1,144.5800,True,-0.1200,HAMMER|DOJI,6.5500,5.0000,7.0000,7.5000,8,5.0000,7.0000,False,False,True,False,True,True,6.7700,10.1500,1.5000,SIDI_SHADOW_V1,0.2808,-12.2044,0.9856,-0.4971,294,XLK,True,13.4097,15.4674,4.4073,5.0735,12.7300,0.3505,0.1154,0.4143,0.8450,-0.0680,-0.1200,46.3350,1.0250,1031425152.0000,1223814016.0000,0.8428,14986885120,1.0020,4.4300,,108506261,5.1100,0.0000,6.5300,9.4000,0.0688,OK,0,5.6900,False,True,True,False,False,False,RSI40|FUND65,False,3-7d,XLK,,AAPL|MSFT|NVDA,interest_rates|ai_capex_cycle|semiconductor_cycle,NEXT_SESSION_OPEN,0.7500,-5.0000,7,1.5000,5,EXIT_AT_OPEN_IF_OPEN_BELOW_SL,SL_FIRST,10,PENDING_NEXT_OPEN,4.6721,3.5041,141.6241,131.2140,2.5370,Exact TP/SL are fixed from the actual T+1 opening/entry price,44,2026-11-11,False,2026-07-29,1.5800,1.5600,98.0000,ALCISTA FUERTE,10,771.3500,7.9100,52.5000,14.8700,SIDI_SHADOW_V1: Fund≥6.5 · DD60≥12% · RSI<40 · MACD↑ · Vol↓ · SPY20≤+1% · Abnormal20≤-10%,SIDI_SHADOW_V1,True
USB,U.S. Bancorp,Financials,Diversified Banks,1999-11-01,59.3300,58.6400,59.5200,58.5000,59.3300,2026-09-28,27.9500,37.3800,DOWN,-0.3129,-0.3859,-0.3044,True,0.2004,1.2364,1.0720,2.0840,62.7000,56.9700,60.8900,-5.3700,4.1300,True,2.5585,NEUTRO,-9.3100,-10.2100,65.4200,66.0800,66.0800,43.7600,-10.2100,35.5800,0.8250,False,False,54.9700,2,63.5500,False,-7.3400,HAMMER,6.6700,8.5000,8.5000,5.0000,4,6.5000,7.0000,False,False,False,True,True,False,4.1700,6.2500,1.5000,SIDI_SHADOW_V1,0.2808,-0.0262,0.0273,1.0998,294,XLF,True,11.8423,10.2388,1.5248,3.3834,,0.1262,0.0116,0.2990,0.0000,0.1040,0.2160,,,,7797000192.0000,,92439199744,0.9710,0.0100,3.6400,1558051446,5.0300,4.9800,4.6600,5.5300,,OK,0,5.6900,False,True,False,False,False,False,DD12|VOLUME|FUND65|ABNORMAL20,False,7-15d,XLF,,JPM|BAC|WFC,interest_rates|yield_curve|credit_spreads|loan_growth,NEXT_SESSION_OPEN,0.7500,-5.0000,7,1.5000,5,EXIT_AT_OPEN_IF_OPEN_BELOW_SL,SL_FIRST,10,PENDING_NEXT_OPEN,1.2364,0.9273,60.2573,56.3635,1.5630,Exact TP/SL are fixed from the actual T+1 opening/entry price,17,2026-10-15,False,2026-07-16,1.3500,1.2800,5.1000,ALCISTA FUERTE,10,771.3500,7.9100,52.5000,14.8700,SIDI_SHADOW_V1: Fund≥6.5 · DD60≥12% · RSI<40 · MACD↑ · Vol↓ · SPY20≤+1% · Abnormal20≤-10%,SIDI_SHADOW_V1,True
ACGL,Arch Capital Group,Financials,Property & Casualty Insurance,2022-11-01,94.6600,95.3100,95.9000,94.3400,94.6600,2026-09-28,30.7600,41.4100,DOWN,-0.1953,-0.1891,-0.1760,False,0.1268,1.8464,0.8640,1.9510,98.8500,96.3500,96.6700,-4.2400,-1.7600,True,0.4838,BAJISTA,-11.1000,-11.6100,106.4800,107.0900,107.0900,82.4500,-11.6100,14.8100,0.8760,False,False,94.6500,1,105.0900,True,-0.0100,NONE,6.6000,7.0000,6.5000,5.0000,8,8.0000,5.0000,False,False,False,True,False,False,3.9000,5.8500,1.5000,SIDI_SHADOW_V1,0.2808,1.3618,-0.7923,1.0285,294,XLF,True,7.4069,9.7079,1.3856,1.6784,5.8970,0.1994,0.0412,0.2440,0.3876,-0.1050,-0.0710,17.8360,0.5890,4302125056.0000,4652000256.0000,0.9248,32279060480,0.2820,2.5000,,341000000,5.0600,0.0000,7.1800,8.5000,0.1333,RevG:-10.5%,1,5.6800,False,True,False,False,False,False,DD12|MACD|VOLUME|FUND65|ABNORMAL20,False,3-7d,XLF,,JPM|BAC|WFC,interest_rates|yield_curve|credit_spreads|loan_growth,NEXT_SESSION_OPEN,0.7500,-5.0000,7,1.5000,5,EXIT_AT_OPEN_IF_OPEN_BELOW_SL,SL_FIRST,10,PENDING_NEXT_OPEN,1.8464,1.3848,96.0448,89.9270,1.4629,Exact TP/SL are fixed from the actual T+1 opening/entry price,28,2026-10-26,False,2026-07-28,2.5600,2.4600,4.0000,ALCISTA FUERTE,10,771.3500,7.9100,52.5000,14.8700,SIDI_SHADOW_V1: Fund≥6.5 · DD60≥12% · RSI<40 · MACD↑ · Vol↓ · SPY20≤+1% · Abnormal20≤-10%,SIDI_SHADOW_V1,True
HLT,Hilton Worldwide,Consumer Discretionary,"Hotels, Resorts & Cruise Lines",2017-06-19,313.9600,313.0500,315.2800,310.3500,313.9600,2026-09-28,53.8200,30.8300,UP,1.0489,0.6395,-0.0001,True,0.7345,5.9322,0.8130,1.8890,317.8700,314.7900,311.2900,-1.2300,-0.2600,True,1.1390,BAJISTA,-7.9200,-8.4200,340.9600,342.8200,357.8400,253.0400,-12.2600,24.0700,0.9010,True,True,308.8500,3,330.5300,True,-1.6300,HAMMER|DOJI|HAMMER,7.2500,7.0000,7.0000,7.5000,10,5.0000,7.0000,False,False,False,False,True,True,3.7800,5.6700,1.5000,SIDI_SHADOW_V1,0.2808,-2.6515,0.0864,0.5024,294,XLY,True,46.1028,30.0295,-11.2422,13.8443,27.1080,,0.1103,0.3103,0.7904,0.0250,0.1410,,0.6490,1393874944.0000,1584000000.0000,0.8800,70661373952,1.0560,3.0700,0.1900,225064910,4.6400,5.2600,5.5800,2.8100,0.0197,OK,0,5.6800,False,True,False,False,False,False,DD12|RSI40|FUND65|ABNORMAL20,False,3-7d,XLY,,AMZN|TSLA|HD,consumer_spending|employment_data|interest_rates,NEXT_SESSION_OPEN,0.7500,-5.0000,7,1.5000,5,EXIT_AT_OPEN_IF_OPEN_BELOW_SL,SL_FIRST,10,PENDING_NEXT_OPEN,5.9322,4.4491,318.4091,298.2620,1.4171,Exact TP/SL are fixed from the actual T+1 opening/entry price,30,2026-10-28,False,2026-07-28,2.2900,2.2700,78.0000,ALCISTA FUERTE,10,771.3500,7.9100,52.5000,14.8700,SIDI_SHADOW_V1: Fund≥6.5 · DD60≥12% · RSI<40 · MACD↑ · Vol↓ · SPY20≤+1% · Abnormal20≤-10%,SIDI_SHADOW_V1,True
SYY,Sysco,Consumer Staples,Food Distributors,1986-12-31,78.4600,78.1100,79.1500,77.5100,78.4600,2026-09-28,43.8400,39.0100,UP,-0.2525,-0.3288,-0.3188,True,0.2507,1.8336,1.0310,2.3370,82.1500,79.1100,80.0400,-4.4900,-0.8200,True,0.8793,BAJISTA,-8.0400,-9.4500,85.3200,86.6500,90.5600,67.2300,-13.3600,16.7000,1.2100,False,False,72.5500,1,85.4600,False,-7.5300,NONE,6.0300,7.0000,7.0000,5.0000,5,6.5000,5.0000,False,False,False,False,True,False,4.6700,7.0100,1.5000,SIDI_SHADOW_V1,0.2808,-2.4666,0.2361,0.5925,294,XLP,True,21.4372,14.6068,14.0836,0.4450,11.3190,0.7769,0.0797,0.0208,0.1850,0.0470,0.0530,564.5910,1.2770,1914000000.0000,1756999936.0000,1.0894,37626929152,0.6270,3.9700,2.8000,479568281,5.4400,3.1400,6.9100,6.4000,0.0509,D/E:565,1,5.6800,False,True,False,False,False,False,DD12|RSI40|VOLUME|FUND65|ABNORMAL20,False,3-7d,XLP,,PG|KO|PEP,inflation|input_costs|fx_rates,NEXT_SESSION_OPEN,0.7500,-5.0000,7,1.5000,5,EXIT_AT_OPEN_IF_OPEN_BELOW_SL,SL_FIRST,10,PENDING_NEXT_OPEN,1.8336,1.3752,79.8352,74.5370,1.7527,Exact TP/SL are fixed from the actual T+1 opening/entry price,36,2026-11-03,False,2026-08-04,1.5300,1.5100,1.2000,ALCISTA FUERTE,10,771.3500,7.9100,52.5000,14.8700,SIDI_SHADOW_V1: Fund≥6.5 · DD60≥12% · RSI<40 · MACD↑ · Vol↓ · SPY20≤+1% · Abnormal20≤-10%,SIDI_SHADOW_V1,True
CB,Chubb Limited,Financials,Property & Casualty Insurance,2010-07-15,333.3700,335.2400,335.5400,332.7800,333.3700,2026-09-28,32.3700,52.8400,DOWN,-0.4643,-0.3274,-0.0263,False,0.0955,4.5945,0.6830,1.3780,344.0900,327.4400,338.6500,-3.1100,1.8100,True,1.4250,NEUTRO,-8.0100,-8.6200,362.4100,364.8100,364.8100,262.9000,-8.6200,26.8000,0.9390,True,True,318.0400,1,332.9500,False,-4.6000,NONE,7.1000,8.5000,6.5000,7.5000,4,10.0000,5.0000,False,False,False,True,False,True,2.7600,4.1300,1.5000,SIDI_SHADOW_V1,0.2808,2.6139,-0.8923,0.8595,294,XLF,True,11.8049,11.4548,1.7057,2.0779,10.1550,0.1482,0.0336,0.1807,0.3113,0.0610,-0.0070,30.9410,0.4100,10488000512.0000,11185000448.0000,0.9377,128614105088,0.3820,2.2700,1.2200,385799859,4.7200,1.0800,6.0300,7.4600,0.0815,OK,0,5.6700,False,True,False,False,False,False,DD12|MACD|FUND65|ABNORMAL20,False,7-15d,XLF,,JPM|BAC|WFC,interest_rates|yield_curve|credit_spreads|loan_growth,NEXT_SESSION_OPEN,0.7500,-5.0000,7,1.5000,5,EXIT_AT_OPEN_IF_OPEN_BELOW_SL,SL_FIRST,10,PENDING_NEXT_OPEN,4.5945,3.4459,336.8159,316.7015,1.0336,Exact TP/SL are fixed from the actual T+1 opening/entry price,29,2026-10-27,False,2026-07-21,7.2600,6.7500,7.6000,ALCISTA FUERTE,10,771.3500,7.9100,52.5000,14.8700,SIDI_SHADOW_V1: Fund≥6.5 · DD60≥12% · RSI<40 · MACD↑ · Vol↓ · SPY20≤+1% · Abnormal20≤-10%,SIDI_SHADOW_V1,True
CSCO,Cisco,Information Technology,Communications Equipment,1993-12-01,106.7000,106.9900,108.6400,106.5300,106.7000,2026-09-28,44.4200,48.8100,DOWN,-0.1224,-0.0961,0.0897,False,0.1386,2.8064,0.8290,2.6300,112.4500,96.5500,109.2700,-5.1100,10.5100,True,3.6175,NEUTRO,-13.8700,-14.4400,123.8800,124.7100,129.8800,65.4900,-17.8500,62.9200,1.1000,False,False,107.4400,2,122.0200,True,0.7000,NONE,6.4500,8.5000,5.0000,5.0000,7,8.0000,5.0000,False,False,True,False,False,False,5.2600,7.8900,1.5000,SIDI_SHADOW_V1,0.2808,-10.5468,-0.0030,0.5395,294,XLK,True,32.0420,18.9794,8.3732,6.6431,23.3850,0.2732,0.0798,0.2095,0.6452,0.1760,0.5210,62.0170,0.9310,11182624768.0000,13267000320.0000,0.8429,420674011136,0.9920,3.9600,1.5700,3942586873,5.1500,4.6800,5.7800,4.9600,0.0266,OK,0,5.6700,False,True,True,False,False,False,RSI40|MACD|VOLUME|FUND65,False,7-15d,XLK,,AAPL|MSFT|NVDA,interest_rates|ai_capex_cycle|semiconductor_cycle,NEXT_SESSION_OPEN,0.7500,-5.0000,7,1.5000,5,EXIT_AT_OPEN_IF_OPEN_BELOW_SL,SL_FIRST,10,PENDING_NEXT_OPEN,2.8064,2.1048,108.8048,101.3650,1.9726,Exact TP/SL are fixed from the actual T+1 opening/entry price,45,2026-11-12,False,2026-08-12,1.2200,1.1700,4.4000,ALCISTA FUERTE,10,771.3500,7.9100,52.5000,14.8700,SIDI_SHADOW_V1: Fund≥6.5 · DD60≥12% · RSI<40 · MACD↑ · Vol↓ · SPY20≤+1% · Abnormal20≤-10%,SIDI_SHADOW_V1,True
FTV,Fortive,Industrials,Industrial Machinery & Supplies & Components,2016-07-01,56.0900,55.4500,56.4400,55.4100,56.0900,2026-09-28,45.0300,27.8800,UP,0.1836,0.1322,0.0322,True,0.4843,1.0623,0.7730,1.8940,58.8600,58.1400,56.4400,-4.7100,-3.5200,True,0.6998,BAJISTA,-12.3800,-13.0100,64.0100,64.4800,64.4800,47.1000,-13.0100,19.0800,0.7260,True,True,54.1300,1,61.0800,True,-3.4900,NONE,7.0500,7.0000,7.0000,7.5000,8,7.0000,5.0000,False,False,True,False,True,True,3.7900,5.6800,1.5000,SIDI_SHADOW_V1,0.2808,-3.5555,-0.0906,0.7067,294,XLI,True,29.6773,17.2692,2.8006,3.9621,16.3400,0.0732,0.0330,0.1238,0.6323,0.0790,0.0400,59.2830,1.2410,939112512.0000,602200000.0000,1.5595,17099655168,0.9730,5.7800,0.5000,304861021,4.7500,2.4200,4.8300,7.3700,0.0549,OK,0,5.6700,False,True,False,False,False,False,RSI40|FUND65|ABNORMAL20,False,3-7d,XLI,,CAT|UNP|HON,pmi_manufacturing|supply_chain|capex_cycle,NEXT_SESSION_OPEN,0.7500,-5.0000,7,1.5000,5,EXIT_AT_OPEN_IF_OPEN_BELOW_SL,SL_FIRST,10,PENDING_NEXT_OPEN,1.0623,0.7967,56.8867,53.2855,1.4204,Exact TP/SL are fixed from the actual T+1 opening/entry price,30,2026-10-28,False,2026-07-29,0.7400,0.7100,4.9000,ALCISTA FUERTE,10,771.3500,7.9100,52.5000,14.8700,SIDI_SHADOW_V1: Fund≥6.5 · DD60≥12% · RSI<40 · MACD↑ · Vol↓ · SPY20≤+1% · Abnormal20≤-10%,SIDI_SHADOW_V1,True
TEL,TE Connectivity,Information Technology,Electronic Manufacturing Services,2011-10-17,218.5900,215.2200,219.6300,214.1400,218.5900,2026-09-28,61.6000,52.9200,UP,1.4160,1.1126,0.7446,True,1.0708,6.0214,0.9210,2.7550,207.6200,213.5200,209.0300,5.2800,2.3800,False,-0.9898,ALCISTA,0.0000,-1.1400,218.5900,221.1200,250.6100,189.5300,-12.7800,15.3300,0.6910,True,True,199.7900,6,214.7600,False,-8.6000,HAMMER|DOJI,6.8500,8.0000,7.0000,7.5000,6,5.0000,7.0000,False,False,False,False,True,True,5.5100,8.2600,1.5000,SIDI_SHADOW_V1,0.2808,10.9366,1.8211,-0.1847,294,XLK,True,21.4094,16.9229,4.7847,3.2801,13.7370,0.2329,0.0969,0.1561,0.3612,0.1380,0.1920,43.4410,1.8760,2336875008.0000,3017999872.0000,0.7743,63378128896,1.1580,4.1000,1.4300,289940672,4.8900,2.0700,6.0400,6.8400,0.0369,OK,0,5.6700,False,True,False,False,False,False,DD12|RSI40|FUND65|ABNORMAL20,False,10-18d,XLK,,AAPL|MSFT|NVDA,interest_rates|ai_capex_cycle|semiconductor_cycle,NEXT_SESSION_OPEN,0.7500,-5.0000,7,1.5000,5,EXIT_AT_OPEN_IF_OPEN_BELOW_SL,SL_FIRST,10,PENDING_NEXT_OPEN,6.0214,4.5160,223.1061,207.6605,2.0660,Exact TP/SL are fixed from the actual T+1 opening/entry price,30,2026-10-28,False,2026-07-22,2.9400,2.8400,3.3000,ALCISTA FUERTE,10,771.3500,7.9100,52.5000,14.8700,SIDI_SHADOW_V1: Fund≥6.5 · DD60≥12% · RSI<40 · MACD↑ · Vol↓ · SPY20≤+1% · Abnormal20≤-10%,SIDI_SHADOW_V1,True
VICI,Vici Properties,Real Estate,Hotel & Resort REITs,2022-06-08,23.5100,23.2600,23.5200,23.2000,23.5100,2026-09-28,28.0300,17.6000,UP,-0.0688,-0.0792,-0.0572,True,0.1339,0.3721,0.7800,1.5830,25.3400,26.5900,24.3300,-7.2000,-11.5900,False,-1.0518,BAJISTA,-11.8800,-13.3500,26.6800,27.1300,30.8400,23.1800,-23.7700,1.4200,0.8450,False,False,,0,28.0500,False,,BULL_ENGULF,6.7500,5.0000,9.5000,5.0000,4,10.0000,7.5000,False,False,False,True,True,False,3.1700,4.7500,1.5000,SIDI_SHADOW_V1,0.2808,1.5285,-0.2755,1.0485,294,XLRE,True,9.1124,7.8629,0.8874,6.3174,12.0520,0.0985,0.0482,0.6750,0.9927,0.0570,-0.4140,60.2770,11.2360,267028992.0000,2765718016.0000,0.0965,25886332928,0.6820,2.9500,7.8300,1101077562,4.9500,2.7300,6.1100,6.2000,0.0103,FCF/NI:0.10,1,5.6700,False,True,False,False,False,False,DD12|VOLUME|FUND65|ABNORMAL20,False,3-7d,XLRE,,PLD|AMT|EQIX,interest_rates|cap_rates|occupancy_trends,NEXT_SESSION_OPEN,0.7500,-5.0000,7,1.5000,5,EXIT_AT_OPEN_IF_OPEN_BELOW_SL,SL_FIRST,10,PENDING_NEXT_OPEN,0.3721,0.2791,23.7891,22.3345,1.1870,Exact TP/SL are fixed from the actual T+1 opening/entry price,31,2026-10-29,False,2026-07-29,0.4800,0.7100,-31.8000,ALCISTA FUERTE,10,771.3500,7.9100,52.5000,14.8700,SIDI_SHADOW_V1: Fund≥6.5 · DD60≥12% · RSI<40 · MACD↑ · Vol↓ · SPY20≤+1% · Abnormal20≤-10%,SIDI_SHADOW_V1,True
LIN,Linde plc,Materials,Industrial Gases,1992-07-01,469.8900,465.7500,470.4400,465.7500,469.8900,2026-09-28,42.1100,17.3000,UP,1.2714,0.8642,-0.3731,True,0.4875,7.0657,0.7250,1.5040,482.9800,481.6400,469.9600,-2.7100,-2.4400,True,1.3315,BAJISTA,-13.7600,-14.0000,544.8500,546.4000,546.4000,384.0000,-14.0000,22.3700,0.8220,True,True,468.4200,2,520.0600,True,-0.3100,NONE,7.0500,7.0000,7.0000,7.5000,8,7.0000,5.0000,False,False,True,False,True,True,3.0100,4.5100,1.5000,SIDI_SHADOW_V1,0.2808,1.7000,-0.5961,0.8159,294,XLB,True,30.2959,24.0246,5.5426,6.1105,17.4560,0.1840,0.0716,0.2044,0.4835,0.0930,0.1130,68.9470,0.8790,4160750080.0000,7244000256.0000,0.5744,216609980416,0.7270,3.0500,1.3600,460980163,4.7400,4.9400,5.3200,3.8400,0.0192,FCF/NI:0.57,1,5.6600,False,True,False,False,False,False,RSI40|FUND65|ABNORMAL20,False,3-7d,XLB,,APD|ECL|NEM,commodity_prices|dxy|china_demand|energy_costs,NEXT_SESSION_OPEN,0.7500,-5.0000,7,1.5000,5,EXIT_AT_OPEN_IF_OPEN_BELOW_SL,SL_FIRST,10,PENDING_NEXT_OPEN,7.0657,5.2993,475.1893,446.3955,1.1278,Exact TP/SL are fixed from the actual T+1 opening/entry price,32,2026-10-30,False,2026-07-31,4.5000,4.4900,31.0000,ALCISTA FUERTE,10,771.3500,7.9100,52.5000,14.8700,SIDI_SHADOW_V1: Fund≥6.5 · DD60≥12% · RSI<40 · MACD↑ · Vol↓ · SPY20≤+1% · Abnormal20≤-10%,SIDI_SHADOW_V1,True
AZO,AutoZone,Consumer Discretionary,Automotive Retail,1997-01-02,2872.1600,2877.6599,2916.4199,2860.2200,2872.1599,2026-09-28,39.9200,38.4700,UP,0.9245,-1.5914,-4.5889,True,0.3606,84.3272,0.9960,2.9360,2978.0400,3312.1400,2899.9400,-3.5600,-13.2800,False,-2.7686,BAJISTA,-9.0900,-11.2200,3159.2800,3235.1500,4332.6802,2764.8799,-33.7100,3.8800,1.1010,False,False,,0,3159.5701,False,,HAMMER|DOJI,5.7500,5.0000,8.5000,5.0000,4,5.0000,7.0000,False,False,False,True,True,False,5.8700,8.8100,1.5000,SIDI_SHADOW_V1,0.2808,3.6692,-0.7273,0.7936,294,XLY,True,19.7685,14.9370,-16.8840,2.2839,13.5850,,0.1135,0.1265,0.5234,0.0560,0.1500,,0.9010,,2572776960.0000,,46451441664,0.3400,1.6400,,16173000,5.5600,7.2100,4.9100,4.3800,,OK,0,5.6400,False,True,False,False,False,False,DD12|VOLUME|FUND65|ABNORMAL20,False,3-7d,XLY,,AMZN|TSLA|HD,consumer_spending|employment_data|interest_rates,NEXT_SESSION_OPEN,0.7500,-5.0000,7,1.5000,5,EXIT_AT_OPEN_IF_OPEN_BELOW_SL,SL_FIRST,10,PENDING_NEXT_OPEN,84.3272,63.2454,2935.4054,2728.5520,2.2020,Exact TP/SL are fixed from the actual T+1 opening/entry price,71,2026-12-08,False,2026-09-22,56.0500,53.8900,4.0000,ALCISTA FUERTE,10,771.3500,7.9100,52.5000,14.8700,SIDI_SHADOW_V1: Fund≥6.5 · DD60≥12% · RSI<40 · MACD↑ · Vol↓ · SPY20≤+1% · Abnormal20≤-10%,SIDI_SHADOW_V1,True
HRL,Hormel Foods,Consumer Staples,Packaged Foods & Meats,2009-03-04,19.7100,19.8200,19.9600,19.4200,19.7100,2026-09-28,16.7300,35.8800,DOWN,-0.0197,-0.0157,0.0084,False,0.0595,0.4379,0.7720,2.2210,23.1900,22.8900,21.0600,-15.0200,-13.8900,True,-0.4783,BAJISTA,-24.3400,-25.4300,26.0500,26.4300,26.4300,19.4200,-25.4300,1.4900,0.8800,True,True,20.0800,1,21.7700,True,1.8700,HAMMER,7.5500,6.5000,7.5000,7.5000,7,10.0000,7.0000,False,False,True,True,False,True,4.4400,6.6600,1.5000,SIDI_SHADOW_V1,0.2808,-3.4618,-0.0668,0.9004,294,XLP,True,31.7903,12.6872,1.3830,0.8930,10.1590,0.0429,0.0463,0.0282,0.1574,-0.0240,-0.6720,36.3260,1.8820,621551616.0000,342711008.0000,1.8136,10847413248,0.3150,3.6800,5.9400,550350800,4.3600,0.0000,5.9700,7.5700,0.0573,OK,0,5.6400,False,True,False,False,False,False,MACD|FUND65|ABNORMAL20,False,3-7d,XLP,,PG|KO|PEP,inflation|input_costs|fx_rates,NEXT_SESSION_OPEN,0.7500,-5.0000,7,1.5000,5,EXIT_AT_OPEN_IF_OPEN_BELOW_SL,SL_FIRST,10,PENDING_NEXT_OPEN,0.4379,0.3284,20.0384,18.7245,1.6663,Exact TP/SL are fixed from the actual T+1 opening/entry price,-32,2026-12-03,False,2026-08-27,0.3700,0.3500,4.6000,ALCISTA FUERTE,10,771.3500,7.9100,52.5000,14.8700,SIDI_SHADOW_V1: Fund≥6.5 · DD60≥12% · RSI<40 · MACD↑ · Vol↓ · SPY20≤+1% · Abnormal20≤-10%,SIDI_SHADOW_V1,True
IQV,IQVIA,Health Care,Life Sciences Tools & Services,2017-08-29,270.3700,274.9000,274.9000,269.4300,270.3700,2026-09-28,52.8500,54.8200,DOWN,-0.7030,-0.5862,-0.7907,False,0.7240,6.7300,0.8800,2.4890,247.5900,204.7600,264.5800,9.2000,32.0400,True,2.1092,ALCISTA,-1.6900,-2.5300,275.0200,277.4000,277.4000,154.5000,-2.5300,75.0000,0.6770,True,True,233.7600,1,271.8000,False,-13.5400,BULL_ENGULF,6.6000,10.0000,5.0000,7.5000,4,5.0000,7.5000,False,False,False,False,False,True,4.9800,7.4700,1.5000,SIDI_SHADOW_V1,0.2808,-1.4956,0.0788,1.1668,294,XLV,True,33.6700,18.6991,7.2116,2.6204,19.2940,0.2282,0.0506,0.0810,0.3297,0.0870,-0.0060,257.9750,0.7060,2149750016.0000,1375000064.0000,1.5635,44502900736,1.1860,3.0800,,164600000,5.0000,3.1200,6.0400,5.9700,0.0483,D/E:258,1,5.6400,False,True,False,False,False,False,DD12|RSI40|MACD|FUND65|ABNORMAL20,False,10-18d,XLV,,UNH|JNJ|LLY,fda_calendar|drug_pricing_policy|patent_cliffs,NEXT_SESSION_OPEN,0.7500,-5.0000,7,1.5000,5,EXIT_AT_OPEN_IF_OPEN_BELOW_SL,SL_FIRST,10,PENDING_NEXT_OPEN,6.7300,5.0475,275.4175,256.8515,1.8669,Exact TP/SL are fixed from the actual T+1 opening/entry price,36,2026-11-03,False,2026-07-28,3.1500,3.0300,3.9000,ALCISTA FUERTE,10,771.3500,7.9100,52.5000,14.8700,SIDI_SHADOW_V1: Fund≥6.5 · DD60≥12% · RSI<40 · MACD↑ · Vol↓ · SPY20≤+1% · Abnormal20≤-10%,SIDI_SHADOW_V1,True
HBAN,Huntington Bancshares,Financials,Regional Banks,1997-08-28,15.6400,15.3900,15.7400,15.3200,15.6400,2026-09-28,30.2000,35.5600,DOWN,-0.0749,-0.0979,-0.0690,True,0.2032,0.3851,1.0470,2.4620,16.8800,16.6600,16.1600,-7.3300,-6.1100,True,0.4505,BAJISTA,-14.9000,-14.9900,18.3800,18.4000,18.9000,14.4900,-17.2700,7.9200,1.1280,False,False,15.4700,1,17.0500,True,-1.1100,NONE,6.5800,7.0000,7.5000,5.0000,8,6.5000,5.0000,False,False,True,True,True,False,4.9200,7.3900,1.5000,SIDI_SHADOW_V1,0.2808,0.7431,0.2802,1.0015,294,XLF,True,12.0308,8.8462,1.0624,3.4433,,0.0900,0.0098,0.2613,0.0000,0.4760,-0.0290,,,,2246000128.0000,,31599288320,0.9410,2.4600,3.9600,2020414826,5.0000,5.0000,4.3000,5.8000,,OK,0,5.6300,False,True,False,False,False,False,VOLUME|FUND65|ABNORMAL20,False,3-7d,XLF,,JPM|BAC|WFC,interest_rates|yield_curve|credit_spreads|loan_growth,NEXT_SESSION_OPEN,0.7500,-5.0000,7,1.5000,5,EXIT_AT_OPEN_IF_OPEN_BELOW_SL,SL_FIRST,10,PENDING_NEXT_OPEN,0.3851,0.2888,15.9288,14.8580,1.8467,Exact TP/SL are fixed from the actual T+1 opening/entry price,24,2026-10-22,False,2026-07-23,0.3900,0.3900,89.0000,ALCISTA FUERTE,10,771.3500,7.9100,52.5000,14.8700,SIDI_SHADOW_V1: Fund≥6.5 · DD60≥12% · RSI<40 · MACD↑ · Vol↓ · SPY20≤+1% · Abnormal20≤-10%,SIDI_SHADOW_V1,True
BF-B,Brown–Forman,Consumer Staples,Distillers & Vintners,1982-10-31,26.1600,26.0300,26.3100,25.9000,26.1600,2026-09-28,43.7600,41.5800,UP,0.0006,-0.0088,-0.0175,True,0.3610,0.7100,0.8240,2.7140,27.1000,26.6200,26.4800,-3.4800,-1.7200,True,-0.4799,BAJISTA,-10.6300,-11.1400,29.2700,29.4400,30.8500,22.2300,-15.2000,17.7000,0.5660,True,True,26.0200,1,27.6500,True,-0.5400,NONE,6.6500,6.5000,7.0000,7.5000,8,5.0000,5.0000,False,False,False,False,True,True,5.4300,8.1400,1.5000,SIDI_SHADOW_V1,0.2808,-1.5116,-0.0233,1.2697,294,XLP,True,16.8774,15.2639,3.0232,3.0661,11.9260,0.1812,0.0863,0.1842,0.6066,-0.0140,0.0570,61.5020,3.2630,685625024.0000,721000000.0000,0.9509,12003889152,0.3310,4.5500,3.5300,290383416,4.9400,0.9300,6.6900,7.5700,0.0571,OK,0,5.6200,False,True,False,False,False,False,DD12|RSI40|FUND65|ABNORMAL20,False,3-7d,XLP,,PG|KO|PEP,inflation|input_costs|fx_rates,NEXT_SESSION_OPEN,0.7500,-5.0000,7,1.5000,5,EXIT_AT_OPEN_IF_OPEN_BELOW_SL,SL_FIRST,10,PENDING_NEXT_OPEN,0.7100,0.5325,26.6925,24.8520,2.0356,Exact TP/SL are fixed from the actual T+1 opening/entry price,66,2026-12-03,False,2026-09-02,0.3800,0.3700,3.1000,ALCISTA FUERTE,10,771.3500,7.9100,52.5000,14.8700,SIDI_SHADOW_V1: Fund≥6.5 · DD60≥12% · RSI<40 · MACD↑ · Vol↓ · SPY20≤+1% · Abnormal20≤-10%,SIDI_SHADOW_V1,True
FITB,Fifth Third Bancorp,Financials,Regional Banks,1996-03-29,52.1000,51.4900,52.2900,51.4200,52.1000,2026-09-28,33.1300,40.8500,DOWN,-0.1658,-0.1984,-0.0934,True,0.1588,1.1143,0.9650,2.1390,55.5200,51.1600,53.5300,-6.1600,1.8400,True,2.3032,NEUTRO,-12.2500,-12.4400,59.3700,59.5000,59.5000,39.0800,-12.4400,33.3200,1.0430,False,False,52.9200,1,51.4400,True,1.5700,HAMMER,6.9200,8.5000,7.5000,5.0000,7,6.5000,7.0000,False,False,True,True,True,False,4.2800,6.4200,1.5000,SIDI_SHADOW_V1,0.2808,1.4151,0.0873,1.2299,294,XLF,True,17.5421,10.5157,1.4623,4.6788,,0.0844,0.0092,0.2324,0.0000,0.5180,-0.0570,,,,2198000128.0000,,47232450560,0.9130,0.0000,3.2200,906573000,4.7600,5.0000,4.2500,5.0600,,OK,0,5.6200,False,True,False,False,False,False,VOLUME|FUND65|ABNORMAL20,False,7-15d,XLF,,JPM|BAC|WFC,interest_rates|yield_curve|credit_spreads|loan_growth,NEXT_SESSION_OPEN,0.7500,-5.0000,7,1.5000,5,EXIT_AT_OPEN_IF_OPEN_BELOW_SL,SL_FIRST,10,PENDING_NEXT_OPEN,1.1143,0.8357,52.9357,49.4950,1.6041,Exact TP/SL are fixed from the actual T+1 opening/entry price,21,2026-10-19,False,2026-07-17,0.8300,0.8400,-1.2000,ALCISTA FUERTE,10,771.3500,7.9100,52.5000,14.8700,SIDI_SHADOW_V1: Fund≥6.5 · DD60≥12% · RSI<40 · MACD↑ · Vol↓ · SPY20≤+1% · Abnormal20≤-10%,SIDI_SHADOW_V1,True
TMO,Thermo Fisher Scientific,Health Care,Life Sciences Tools & Services,2004-08-03,675.0000,677.5300,678.0000,664.5300,675.0000,2026-09-28,78.2400,62.1300,UP,3.5999,3.7532,2.9549,False,0.8967,15.4436,0.9720,2.2880,603.8800,539.3100,639.7800,11.7800,25.1600,True,1.0019,ALCISTA,-0.5000,-1.1700,678.3900,682.9800,682.9800,434.5000,-1.1700,55.3500,0.9670,False,False,587.3400,3,,False,-12.9900,HAMMER,6.5500,10.0000,6.0000,5.0000,6,5.0000,7.0000,False,False,False,False,False,False,4.5800,6.8600,1.5000,SIDI_SHADOW_V1,0.2808,5.4148,0.2640,0.8901,294,XLV,True,36.3685,24.5072,4.7377,5.3863,24.5500,0.1351,0.0513,0.1504,0.4099,0.1050,0.0940,80.5750,1.5510,6237250048.0000,6967000064.0000,0.8953,249579421696,0.8540,2.8700,0.2800,369747286,5.0000,5.0500,5.6900,4.1400,0.0250,D/E:81,1,5.6200,False,True,False,False,False,False,DD12|RSI40|MACD|VOLUME|FUND65|ABNORMAL20,False,10-18d,XLV,,UNH|JNJ|LLY,fda_calendar|drug_pricing_policy|patent_cliffs,NEXT_SESSION_OPEN,0.7500,-5.0000,7,1.5000,5,EXIT_AT_OPEN_IF_OPEN_BELOW_SL,SL_FIRST,10,PENDING_NEXT_OPEN,15.4436,11.5827,686.5827,641.2500,1.7160,Exact TP/SL are fixed from the actual T+1 opening/entry price,23,2026-10-21,False,2026-07-23,6.0300,5.7100,5.6000,ALCISTA FUERTE,10,771.3500,7.9100,52.5000,14.8700,SIDI_SHADOW_V1: Fund≥6.5 · DD60≥12% · RSI<40 · MACD↑ · Vol↓ · SPY20≤+1% · Abnormal20≤-10%,SIDI_SHADOW_V1,True
A,Agilent Technologies,Health Care,Life Sciences Tools & Services,2000-06-05,172.7900,171.9800,172.9400,169.4300,172.7900,2026-09-28,76.3300,54.5300,UP,2.1855,2.0182,1.3662,True,1.0084,4.8029,1.1640,2.7800,148.7500,131.7800,157.6400,16.1600,31.1200,True,0.5321,ALCISTA,-0.0300,-1.1300,172.8400,174.7700,174.7700,108.1400,-1.1300,59.7800,1.0060,False,False,137.0200,3,,False,-20.7000,BULL_ENGULF|HAMMER,7.0000,10.0000,7.0000,5.0000,6,5.0000,9.5000,False,False,False,False,True,False,5.5600,8.3400,1.5000,SIDI_SHADOW_V1,0.2808,6.6453,0.5719,0.7463,294,XLV,True,34.1482,25.5707,6.6170,6.6080,24.5690,0.2097,0.0863,0.1953,0.5365,0.0810,0.0850,56.3360,2.0500,1060374976.0000,1440000000.0000,0.7364,48714485760,1.2410,2.1400,0.5900,281928854,4.6900,3.8900,6.2000,3.8500,0.0218,FCF/NI:0.74,1,5.6100,False,True,False,False,False,False,DD12|RSI40|VOLUME|FUND65|ABNORMAL20,False,10-18d,XLV,,UNH|JNJ|LLY,fda_calendar|drug_pricing_policy|patent_cliffs,NEXT_SESSION_OPEN,0.7500,-5.0000,7,1.5000,5,EXIT_AT_OPEN_IF_OPEN_BELOW_SL,SL_FIRST,10,PENDING_NEXT_OPEN,4.8029,3.6022,176.3922,164.1505,2.0847,Exact TP/SL are fixed from the actual T+1 opening/entry price,58,2026-11-25,False,2026-08-26,1.6200,1.4900,9.0000,ALCISTA FUERTE,10,771.3500,7.9100,52.5000,14.8700,SIDI_SHADOW_V1: Fund≥6.5 · DD60≥12% · RSI<40 · MACD↑ · Vol↓ · SPY20≤+1% · Abnormal20≤-10%,SIDI_SHADOW_V1,True
IRM,Iron Mountain,Real Estate,Other Specialized REITs,2009-01-06,111.3800,113.8200,114.5000,110.7200,111.3800,2026-09-28,40.0300,45.3000,DOWN,0.2620,0.5117,0.6638,False,0.1652,3.0090,0.7210,2.7020,119.5400,110.0600,115.2200,-6.8300,1.2000,True,2.6788,NEUTRO,-13.5900,-15.5200,128.9000,131.8500,133.6400,76.0300,-16.6600,46.5000,0.7630,True,True,113.4500,1,119.5100,True,1.8600,NONE,7.0200,8.5000,5.0000,7.5000,7,8.5000,5.0000,False,False,True,False,False,True,5.4000,8.1000,1.5000,SIDI_SHADOW_V1,0.2808,-3.9696,0.9083,0.7984,294,XLRE,True,78.9929,40.8030,-25.8843,4.3846,20.8900,,0.0463,0.0554,0.5421,0.1850,,,0.7260,-436093504.0000,418655008.0000,-1.0417,33158137856,1.2040,5.2300,3.1000,297702812,4.6700,7.5000,4.3600,1.7300,-0.0132,FCF/NI:-1.04,1,5.6100,False,True,False,False,False,False,RSI40|MACD|FUND65|ABNORMAL20,False,7-15d,XLRE,,PLD|AMT|EQIX,interest_rates|cap_rates|occupancy_trends,NEXT_SESSION_OPEN,0.7500,-5.0000,7,1.5000,5,EXIT_AT_OPEN_IF_OPEN_BELOW_SL,SL_FIRST,10,PENDING_NEXT_OPEN,3.0090,2.2567,113.6367,105.8110,2.0262,Exact TP/SL are fixed from the actual T+1 opening/entry price,37,2026-11-04,False,2026-08-05,0.6000,0.5600,7.5000,ALCISTA FUERTE,10,771.3500,7.9100,52.5000,14.8700,SIDI_SHADOW_V1: Fund≥6.5 · DD60≥12% · RSI<40 · MACD↑ · Vol↓ · SPY20≤+1% · Abnormal20≤-10%,SIDI_SHADOW_V1,True
JBL,Jabil,Information Technology,Electronic Manufacturing Services,2023-12-18,316.7400,318.8800,331.5800,316.0900,316.7400,2026-09-28,54.2600,48.7600,UP,2.3616,1.7659,0.9244,True,0.9280,11.4993,0.7690,3.6310,317.5800,299.5900,308.9500,-0.2600,5.7300,True,3.3644,NEUTRO,-14.4600,-15.9600,370.2800,376.8900,428.8400,189.4600,-26.1400,67.1800,1.1840,False,False,309.9400,1,323.0500,True,-2.1500,HAMMER,6.9000,8.5000,7.0000,5.0000,7,7.0000,7.0000,False,False,True,False,True,False,7.2600,10.8900,1.5000,SIDI_SHADOW_V1,0.2808,-1.4629,0.0859,1.1755,294,XLK,True,39.6917,18.7641,25.0963,0.9881,14.9260,0.6588,0.0501,0.0257,0.0923,0.1180,0.2760,297.1360,0.9810,1211624960.0000,862000000.0000,1.4056,33190260736,1.2920,3.2300,0.1000,104787089,4.7500,2.3400,6.8100,5.1600,0.0365,D/E:297,1,5.6100,False,True,False,False,False,False,RSI40|VOLUME|FUND65|ABNORMAL20,False,7-15d,XLK,,AAPL|MSFT|NVDA,interest_rates|ai_capex_cycle|semiconductor_cycle,NEXT_SESSION_OPEN,0.7500,-5.0000,7,1.5000,5,EXIT_AT_OPEN_IF_OPEN_BELOW_SL,SL_FIRST,10,PENDING_NEXT_OPEN,11.4993,8.6245,325.3645,300.9030,2.7229,Exact TP/SL are fixed from the actual T+1 opening/entry price,2,2026-09-30,True,2026-06-17,3.1600,3.1200,1.4000,ALCISTA FUERTE,10,771.3500,7.9100,52.5000,14.8700,SIDI_SHADOW_V1: Fund≥6.5 · DD60≥12% · RSI<40 · MACD↑ · Vol↓ · SPY20≤+1% · Abnormal20≤-10%,SIDI_SHADOW_V1,True
MRSH,Marsh McLennan,Financials,Insurance Brokers,1987-08-31,171.1200,169.9500,173.7400,169.6700,171.1200,2026-09-28,22.4600,18.7300,UP,-0.9984,-1.2356,-1.4121,True,0.2189,3.6264,0.8480,2.1190,184.7000,176.1900,177.5800,-7.3500,-2.8800,True,0.0232,BAJISTA,-13.4000,-13.7900,197.5900,198.4900,204.5600,155.7200,-16.3500,9.8900,1.1700,False,False,174.1100,1,168.7100,True,1.7400,NONE,6.9800,7.0000,9.5000,5.0000,8,6.5000,5.0000,False,False,True,True,True,False,4.2400,6.3600,1.5000,SIDI_SHADOW_V1,0.2808,-4.3669,-1.1024,1.2624,294,XLF,True,20.8683,14.9969,5.3864,2.9220,13.2240,0.2590,0.0724,0.1424,0.4399,0.0620,0.0730,145.0270,1.1390,4785249792.0000,3980000000.0000,1.2023,81660387328,0.5770,2.7800,2.3100,477211268,4.6900,1.7200,6.2300,6.3700,0.0586,OK,0,5.6100,False,True,False,False,False,False,VOLUME|FUND65|ABNORMAL20,False,5-10d,XLF,,JPM|BAC|WFC,interest_rates|yield_curve|credit_spreads|loan_growth,NEXT_SESSION_OPEN,0.7500,-5.0000,7,1.5000,5,EXIT_AT_OPEN_IF_OPEN_BELOW_SL,SL_FIRST,10,PENDING_NEXT_OPEN,3.6264,2.7198,173.8398,162.5640,1.5894,Exact TP/SL are fixed from the actual T+1 opening/entry price,17,2026-10-15,False,2026-07-21,2.9600,2.8900,2.3000,ALCISTA FUERTE,10,771.3500,7.9100,52.5000,14.8700,SIDI_SHADOW_V1: Fund≥6.5 · DD60≥12% · RSI<40 · MACD↑ · Vol↓ · SPY20≤+1% · Abnormal20≤-10%,SIDI_SHADOW_V1,True
VMRK,Vivmark Residential,Real Estate,Multi-Family Residential REITs,2001-12-03,61.5100,61.0200,61.7100,60.5600,61.5100,2026-09-28,33.1900,28.1400,UP,-0.3172,-0.3761,-0.3654,True,0.1727,1.3257,0.9920,2.1550,65.6800,63.2900,63.5300,-6.3500,-2.8100,True,0.8805,BAJISTA,-12.3200,-13.9700,70.1500,71.5000,71.5000,56.3000,-13.9700,9.2600,0.6780,False,False,,0,63.0600,False,,BULL_ENGULF,6.5800,7.0000,8.5000,5.0000,5,6.5000,7.5000,False,False,True,True,True,False,4.3100,6.4700,1.5000,SIDI_SHADOW_V1,0.2808,-0.8019,-0.1358,0.9348,294,XLRE,True,23.5670,41.7569,,15.4032,,0.0849,0.0256,0.3325,0.6232,0.0330,,75.1290,0.3480,1387120000.0000,1027489024.0000,1.3500,47595151360,0.5370,2.7700,4.5700,773779120,4.9700,3.8700,5.8500,5.2400,0.0291,OK,0,5.6100,False,True,False,False,False,False,VOLUME|FUND65|ABNORMAL20,False,3-7d,XLRE,,PLD|AMT|EQIX,interest_rates|cap_rates|occupancy_trends,NEXT_SESSION_OPEN,0.7500,-5.0000,7,1.5000,5,EXIT_AT_OPEN_IF_OPEN_BELOW_SL,SL_FIRST,10,PENDING_NEXT_OPEN,1.3257,0.9943,62.5043,58.4345,1.6164,Exact TP/SL are fixed from the actual T+1 opening/entry price,23,2026-10-21,False,,,,,ALCISTA FUERTE,10,771.3500,7.9100,52.5000,14.8700,SIDI_SHADOW_V1: Fund≥6.5 · DD60≥12% · RSI<40 · MACD↑ · Vol↓ · SPY20≤+1% · Abnormal20≤-10%,SIDI_SHADOW_V1,True
WRB,W. R. Berkley Corporation,Financials,Property & Casualty Insurance,2019-12-05,66.8200,67.1600,67.2800,66.3200,66.8200,2026-09-28,34.3400,60.7500,DOWN,-0.2573,-0.1901,-0.0118,False,0.0635,1.3872,0.9360,2.0760,70.4200,68.3600,68.9400,-5.1100,-2.2500,True,-0.5932,BAJISTA,-12.1500,-13.6000,76.0600,77.3400,77.3400,62.2200,-13.6000,7.3900,0.5850,False,False,64.4000,2,71.3200,True,-3.6200,NONE,6.5000,6.5000,6.5000,5.0000,8,8.0000,5.0000,False,False,True,True,False,False,4.1500,6.2300,1.5000,SIDI_SHADOW_V1,0.2808,2.4941,-0.8337,0.8401,294,XLF,True,13.7490,13.8032,2.6762,1.6652,9.7580,0.2021,0.0356,0.1294,0.4379,0.0120,0.1500,31.5270,0.4060,3045504768.0000,1928020992.0000,1.5796,24805423104,0.2830,0.0500,0.6000,371227529,5.0100,1.7800,6.5200,7.0200,0.1228,OK,0,5.6100,False,True,False,False,False,False,MACD|VOLUME|FUND65|ABNORMAL20,False,3-7d,XLF,,JPM|BAC|WFC,interest_rates|yield_curve|credit_spreads|loan_growth,NEXT_SESSION_OPEN,0.7500,-5.0000,7,1.5000,5,EXIT_AT_OPEN_IF_OPEN_BELOW_SL,SL_FIRST,10,PENDING_NEXT_OPEN,1.3872,1.0404,67.8604,63.4790,1.5570,Exact TP/SL are fixed from the actual T+1 opening/entry price,21,2026-10-19,False,2026-07-20,1.2700,1.0800,17.3000,ALCISTA FUERTE,10,771.3500,7.9100,52.5000,14.8700,SIDI_SHADOW_V1: Fund≥6.5 · DD60≥12% · RSI<40 · MACD↑ · Vol↓ · SPY20≤+1% · Abnormal20≤-10%,SIDI_SHADOW_V1,True
ICE,Intercontinental Exchange,Financials,Financial Exchanges & Data,2007-09-26,154.3100,156.5800,158.0800,152.9500,154.3100,2026-09-28,35.8200,38.7000,DOWN,-0.5615,-0.5507,-0.9992,False,0.2619,3.3937,0.9150,2.1990,153.8200,154.1900,155.9200,0.3200,0.0800,False,0.3017,ALCISTA,-5.9300,-5.9700,164.0400,164.1100,174.2500,121.3900,-11.4500,27.1200,0.7820,True,True,151.2800,1,158.6700,True,-1.9600,BULL_ENGULF|HAMMER|DOJI,7.4700,8.5000,6.5000,7.5000,7,6.5000,9.5000,False,False,False,True,False,True,4.4000,6.6000,1.5000,SIDI_SHADOW_V1,0.2808,2.6812,-0.3734,0.9635,294,XLF,True,21.7952,17.5340,2.9294,8.2050,15.8160,0.1409,0.0217,0.3825,1.0000,0.0480,0.1420,69.2260,1.0120,3633625088.0000,4038000128.0000,0.8999,86628786176,0.9340,1.9600,1.3500,561394487,4.3600,2.4000,5.3700,5.4600,0.0419,OK,0,5.6000,False,True,False,False,False,False,DD12|MACD|FUND65|ABNORMAL20,False,10-18d,XLF,,JPM|BAC|WFC,interest_rates|yield_curve|credit_spreads|loan_growth,NEXT_SESSION_OPEN,0.7500,-5.0000,7,1.5000,5,EXIT_AT_OPEN_IF_OPEN_BELOW_SL,SL_FIRST,10,PENDING_NEXT_OPEN,3.3937,2.5453,156.8553,146.5945,1.6495,Exact TP/SL are fixed from the actual T+1 opening/entry price,31,2026-10-29,False,2026-07-30,1.9000,1.8400,3.4000,ALCISTA FUERTE,10,771.3500,7.9100,52.5000,14.8700,SIDI_SHADOW_V1: Fund≥6.5 · DD60≥12% · RSI<40 · MACD↑ · Vol↓ · SPY20≤+1% · Abnormal20≤-10%,SIDI_SHADOW_V1,True
GDDY,GoDaddy,Information Technology,Internet Services & Infrastructure,2024-06-24,97.1400,99.3000,100.3700,96.3300,97.1400,2026-09-28,45.9000,49.6600,DOWN,-0.3978,-0.2494,-0.1364,False,0.3484,5.7219,1.2460,5.8900,96.2800,94.1800,98.5900,0.8900,3.1500,True,-2.9806,ALCISTA,-7.5700,-11.9700,105.1000,110.3500,143.3400,71.5900,-32.2300,35.6900,1.0030,False,False,92.1000,2,97.0000,False,-5.1900,NONE,5.7500,9.5000,5.0000,5.0000,4,5.0000,5.0000,False,False,False,False,False,False,11.7800,17.6700,1.5000,SIDI_SHADOW_V1,0.2808,1.6976,1.3940,-0.8024,294,XLK,True,14.4339,8.8089,1832.8302,2.4103,10.8350,4.4286,0.0988,0.1783,0.6380,0.0660,0.2980,57334.3300,0.6320,1204950016.0000,910300032.0000,1.3237,12302558208,0.9400,4.4800,,126647704,5.4800,1.7900,6.5800,8.5200,0.0979,D/E:57334,1,5.5900,False,True,False,False,False,False,DD12|RSI40|MACD|VOLUME|FUND65|ABNORMAL20,False,10-18d,XLK,,AAPL|MSFT|NVDA,interest_rates|ai_capex_cycle|semiconductor_cycle,NEXT_SESSION_OPEN,0.7500,-5.0000,7,1.5000,5,EXIT_AT_OPEN_IF_OPEN_BELOW_SL,SL_FIRST,10,PENDING_NEXT_OPEN,5.7219,4.2914,101.4314,92.2830,4.4178,Exact TP/SL are fixed from the actual T+1 opening/entry price,31,2026-10-29,False,2026-07-30,1.8300,1.6900,8.0000,ALCISTA FUERTE,10,771.3500,7.9100,52.5000,14.8700,SIDI_SHADOW_V1: Fund≥6.5 · DD60≥12% · RSI<40 · MACD↑ · Vol↓ · SPY20≤+1% · Abnormal20≤-10%,SIDI_SHADOW_V1,True
PANW,Palo Alto Networks,Information Technology,Systems Software,2023-06-20,374.7400,387.9400,388.2500,373.7800,374.7400,2026-09-28,66.9700,47.2000,UP,2.8237,3.8828,2.5468,False,0.6583,17.4250,1.0110,4.6500,356.5200,245.2300,366.7500,5.1100,52.8100,True,7.1783,ALCISTA,-5.3700,-6.0500,396.0000,398.8800,398.8800,139.5700,-6.0500,168.5000,0.6870,True,True,321.3900,1,368.4800,False,-14.2400,NONE,6.5500,10.0000,6.0000,7.5000,4,5.0000,5.0000,False,False,False,False,False,True,9.3000,13.9500,1.5000,SIDI_SHADOW_V1,0.2808,-13.9343,0.3167,0.6119,294,XLK,True,914.0000,76.8056,11.1090,26.7019,196.1750,0.0174,0.0140,0.0267,0.7038,0.3450,,9.3370,0.8710,4240624896.0000,307000000.0000,13.8131,306537299968,0.9080,3.3900,,818000000,4.9500,6.6100,5.4400,2.4300,0.0138,OK,0,5.5900,False,True,True,False,False,False,DD12|RSI40|MACD|FUND65,False,10-18d,XLK,,AAPL|MSFT|NVDA,interest_rates|ai_capex_cycle|semiconductor_cycle,NEXT_SESSION_OPEN,0.7500,-5.0000,7,1.5000,5,EXIT_AT_OPEN_IF_OPEN_BELOW_SL,SL_FIRST,10,PENDING_NEXT_OPEN,17.4250,13.0688,387.8088,356.0030,3.4874,Exact TP/SL are fixed from the actual T+1 opening/entry price,52,2026-11-19,False,2026-09-01,1.0200,0.9800,4.3000,ALCISTA FUERTE,10,771.3500,7.9100,52.5000,14.8700,SIDI_SHADOW_V1: Fund≥6.5 · DD60≥12% · RSI<40 · MACD↑ · Vol↓ · SPY20≤+1% · Abnormal20≤-10%,SIDI_SHADOW_V1,True
HPQ,HP Inc.,Information Technology,"Technology Hardware, Storage & Peripherals",1974-12-31,31.3000,31.6000,31.7700,30.8100,31.3000,2026-09-28,46.5200,64.6200,DOWN,-0.4193,-0.3607,-0.1483,False,0.3251,1.7467,1.3400,5.5800,29.6900,23.0000,32.0000,5.4100,36.0600,True,4.1392,ALCISTA,-11.7800,-13.6100,35.4800,36.2300,36.2300,16.9100,-13.6100,85.1300,0.7220,True,True,26.4700,1,31.8800,False,-15.4200,HAMMER,6.5500,10.0000,5.0000,7.5000,4,5.0000,7.0000,False,False,False,False,False,True,11.1600,16.7400,1.5000,SIDI_SHADOW_V1,0.2808,0.0160,0.3421,0.0550,294,XLK,True,11.9466,9.9746,-306.8627,0.4771,7.4190,,0.0563,0.0414,0.1966,0.1250,-0.1130,,0.7880,3389874944.0000,2451000064.0000,1.3831,28226056192,1.2050,4.5300,3.8300,901790969,4.9300,1.1700,5.6300,8.5100,0.1201,OK,0,5.5800,False,True,False,False,False,False,DD12|RSI40|MACD|FUND65|ABNORMAL20,False,10-18d,XLK,,AAPL|MSFT|NVDA,interest_rates|ai_capex_cycle|semiconductor_cycle,NEXT_SESSION_OPEN,0.7500,-5.0000,7,1.5000,5,EXIT_AT_OPEN_IF_OPEN_BELOW_SL,SL_FIRST,10,PENDING_NEXT_OPEN,1.7467,1.3100,32.6100,29.7350,4.1854,Exact TP/SL are fixed from the actual T+1 opening/entry price,57,2026-11-24,False,2026-08-26,0.8300,0.6900,20.0000,ALCISTA FUERTE,10,771.3500,7.9100,52.5000,14.8700,SIDI_SHADOW_V1: Fund≥6.5 · DD60≥12% · RSI<40 · MACD↑ · Vol↓ · SPY20≤+1% · Abnormal20≤-10%,SIDI_SHADOW_V1,True
VTRS,Viatris,Health Care,Pharmaceuticals,2004-04-23,17.8300,17.5200,17.9800,17.3700,17.8300,2026-09-28,69.3900,62.6600,UP,0.0976,0.0677,0.0585,True,1.1326,0.4029,0.8610,2.2590,16.8200,14.9700,16.9700,6.0000,19.0900,True,4.5236,ALCISTA,0.0000,-2.3200,17.8300,18.2500,18.2500,9.1100,-2.3200,95.7800,1.2140,True,True,16.1400,2,17.9400,False,-9.5100,BULL_ENGULF,7.0000,10.0000,7.0000,7.5000,4,5.0000,7.5000,False,False,False,False,True,True,4.5200,6.7800,1.5000,SIDI_SHADOW_V1,0.2808,4.4394,0.4586,0.6847,294,XLV,True,,6.6697,1.4164,1.3896,7.5930,-0.0275,0.0267,-0.0279,0.4031,0.0490,,95.5350,1.5850,2677337600.0000,-410700000.0000,-6.5190,20479375360,0.8830,5.5400,2.6900,1148590864,4.6400,4.0400,2.6600,7.6400,0.1307,FCF/NI:-6.52|D/E:96|ROE:-2.8%,3,5.5800,False,True,False,False,False,False,DD12|RSI40|FUND65|ABNORMAL20,False,10-18d,XLV,,UNH|JNJ|LLY,fda_calendar|drug_pricing_policy|patent_cliffs,NEXT_SESSION_OPEN,0.7500,-5.0000,7,1.5000,5,EXIT_AT_OPEN_IF_OPEN_BELOW_SL,SL_FIRST,10,PENDING_NEXT_OPEN,0.4029,0.3022,18.1322,16.9385,1.6948,Exact TP/SL are fixed from the actual T+1 opening/entry price,38,2026-11-05,False,2026-08-06,0.6900,0.6000,15.0000,ALCISTA FUERTE,10,771.3500,7.9100,52.5000,14.8700,SIDI_SHADOW_V1: Fund≥6.5 · DD60≥12% · RSI<40 · MACD↑ · Vol↓ · SPY20≤+1% · Abnormal20≤-10%,SIDI_SHADOW_V1,True
TECH,Bio-Techne,Health Care,Life Sciences Tools & Services,2021-08-30,72.6100,72.5900,72.6400,72.5600,72.6100,2026-09-28,58.6500,50.8300,UP,-0.0407,-0.0487,-0.0660,True,0.9320,0.1793,0.3400,0.2470,72.1700,61.5800,72.3600,0.6200,17.9100,True,1.8640,ALCISTA,0.0000,-0.1100,72.6100,72.6900,72.6900,43.0700,-0.1100,68.5800,0.7460,False,False,71.8900,9,,True,-0.9900,NONE,7.3000,10.0000,7.0000,5.0000,9,7.0000,5.0000,False,False,False,False,True,False,0.4900,0.7400,1.5000,SIDI_SHADOW_V1,0.2808,-3.4612,0.4414,0.6725,294,XLV,True,62.5948,31.4829,5.3761,9.3714,34.1510,0.0903,0.0667,0.1497,0.6624,0.0130,,13.7120,4.5470,229653120.0000,181840000.0000,1.2629,11386572800,1.2750,2.7000,0.4400,156818238,4.4100,2.5400,7.1900,3.3500,0.0202,OK,0,5.5700,False,True,False,False,False,False,DD12|RSI40|VOLUME|FUND65|ABNORMAL20,False,10-18d,XLV,,UNH|JNJ|LLY,fda_calendar|drug_pricing_policy|patent_cliffs,NEXT_SESSION_OPEN,0.7500,-5.0000,7,1.5000,5,EXIT_AT_OPEN_IF_OPEN_BELOW_SL,SL_FIRST,10,PENDING_NEXT_OPEN,0.1793,0.1345,72.7445,68.9795,0.1852,Exact TP/SL are fixed from the actual T+1 opening/entry price,42,2026-11-09,False,2026-08-12,0.5200,0.5200,13.0000,ALCISTA FUERTE,10,771.3500,7.9100,52.5000,14.8700,SIDI_SHADOW_V1: Fund≥6.5 · DD60≥12% · RSI<40 · MACD↑ · Vol↓ · SPY20≤+1% · Abnormal20≤-10%,SIDI_SHADOW_V1,True
BXP,"BXP, Inc.",Real Estate,Office REITs,2006-04-03,63.4000,62.2700,63.5900,61.9900,63.4000,2026-09-28,30.8300,21.6600,UP,-0.1482,-0.2357,-0.1789,True,0.2964,1.4129,0.8070,2.2280,67.4900,62.2900,64.8300,-6.0600,1.7700,True,-0.5223,NEUTRO,-13.1100,-15.4000,72.9700,74.9400,74.9400,48.5400,-15.4000,30.6200,0.7320,True,True,62.3000,1,71.4000,True,-1.7300,HAMMER,7.5300,8.0000,8.5000,7.5000,7,6.5000,7.0000,True,True,True,True,True,True,4.4600,6.6900,1.5000,SIDI_SHADOW_V1,0.2808,-7.9264,0.2767,0.8817,294,XLRE,True,34.0860,28.5223,1.9619,3.5946,17.6610,0.0531,0.0168,0.0930,0.5645,0.0370,-0.2320,211.6310,0.5060,880636864.0000,296824992.0000,2.9669,11467628544,1.0330,10.5800,4.4200,159661556,4.2600,1.5900,4.6400,6.9300,0.0768,D/E:212,1,5.5700,False,True,False,True,False,False,FUND65|ABNORMAL20,False,7-15d,XLRE,,PLD|AMT|EQIX,interest_rates|cap_rates|occupancy_trends,NEXT_SESSION_OPEN,0.7500,-5.0000,7,1.5000,5,EXIT_AT_OPEN_IF_OPEN_BELOW_SL,SL_FIRST,10,PENDING_NEXT_OPEN,1.4129,1.0597,64.4597,60.2300,1.6714,Exact TP/SL are fixed from the actual T+1 opening/entry price,29,2026-10-27,False,2026-07-28,0.5000,0.4300,14.8000,ALCISTA FUERTE,10,771.3500,7.9100,52.5000,14.8700,SIDI_SHADOW_V1: Fund≥6.5 · DD60≥12% · RSI<40 · MACD↑ · Vol↓ · SPY20≤+1% · Abnormal20≤-10%,SIDI_SHADOW_V1,True
EFX,Equifax,Industrials,Research & Consulting Services,1997-06-19,148.1100,148.6000,150.0700,146.8000,148.1100,2026-09-28,13.6100,15.5200,DOWN,-2.4181,-2.4083,-2.2640,False,0.1041,5.5864,0.7900,3.7720,176.3100,183.4100,165.7100,-16.0000,-19.2500,False,-2.0198,BAJISTA,-23.6800,-24.9400,194.0700,197.3300,255.4800,146.8000,-42.0300,0.8900,1.9760,False,False,150.3200,1,181.8100,True,1.4900,HAMMER,6.7500,5.0000,7.5000,5.0000,7,10.0000,7.0000,False,False,True,True,False,False,7.5400,11.3200,1.5000,SIDI_SHADOW_V1,0.2808,-23.7824,0.5400,-0.2585,294,XLI,True,26.0299,14.5762,3.9764,2.7001,11.8680,0.1427,0.0616,0.1073,0.5554,0.1060,0.0070,120.9560,0.6020,947537472.0000,691400000.0000,1.3705,17400688640,1.3050,6.3700,1.5100,117484896,4.7900,2.8800,4.6200,7.2000,0.0545,D/E:121,1,5.5700,False,True,True,False,False,False,MACD|VOLUME|FUND65,False,3-7d,XLI,,CAT|UNP|HON,pmi_manufacturing|supply_chain|capex_cycle,NEXT_SESSION_OPEN,0.7500,-5.0000,7,1.5000,5,EXIT_AT_OPEN_IF_OPEN_BELOW_SL,SL_FIRST,10,PENDING_NEXT_OPEN,5.5864,4.1898,152.2998,140.7045,2.8288,Exact TP/SL are fixed from the actual T+1 opening/entry price,22,2026-10-20,False,2026-07-21,2.2500,2.2000,2.3000,ALCISTA FUERTE,10,771.3500,7.9100,52.5000,14.8700,SIDI_SHADOW_V1: Fund≥6.5 · DD60≥12% · RSI<40 · MACD↑ · Vol↓ · SPY20≤+1% · Abnormal20≤-10%,SIDI_SHADOW_V1,True
RSG,Republic Services,Industrials,Environmental & Facilities Services,2008-12-05,212.1000,211.9200,213.2200,211.2300,212.1000,2026-09-28,25.7000,41.9800,DOWN,-1.3730,-1.3885,-1.2573,True,0.0567,3.3421,0.7790,1.5760,217.6000,214.4800,217.7000,-2.5300,-1.1100,True,0.3983,BAJISTA,-6.0900,-7.0600,225.8500,228.2200,232.0800,195.8400,-8.6100,8.3000,0.5040,True,True,203.6700,3,213.5600,True,-3.9700,HAMMER|DOJI,8.3000,7.0000,8.5000,7.5000,10,10.0000,7.0000,False,False,False,True,True,True,3.1500,4.7300,1.5000,SIDI_SHADOW_V1,0.2808,-3.5532,-0.6872,0.1011,294,XLI,True,30.0425,26.3185,5.3942,3.8451,15.0540,0.1815,0.0617,0.1294,0.4304,0.0460,0.0510,118.7980,0.6440,1942625024.0000,2185999872.0000,0.8887,64947777536,0.4000,3.2600,1.2600,306212978,3.7500,1.6100,4.8900,4.9000,0.0299,D/E:119,1,5.5700,False,True,False,False,False,False,DD12|FUND65|ABNORMAL20,False,5-10d,XLI,,CAT|UNP|HON,pmi_manufacturing|supply_chain|capex_cycle,NEXT_SESSION_OPEN,0.7500,-5.0000,7,1.5000,5,EXIT_AT_OPEN_IF_OPEN_BELOW_SL,SL_FIRST,10,PENDING_NEXT_OPEN,3.3421,2.5066,214.6066,201.4950,1.1818,Exact TP/SL are fixed from the actual T+1 opening/entry price,31,2026-10-29,False,2026-08-06,1.8500,1.8200,1.7000,ALCISTA FUERTE,10,771.3500,7.9100,52.5000,14.8700,SIDI_SHADOW_V1: Fund≥6.5 · DD60≥12% · RSI<40 · MACD↑ · Vol↓ · SPY20≤+1% · Abnormal20≤-10%,SIDI_SHADOW_V1,True
MO,Altria,Consumer Staples,Tobacco,1957-03-04,68.8200,68.5000,68.8400,68.0600,68.8200,2026-09-28,58.0300,64.4400,DOWN,0.0203,0.0539,0.1297,False,0.5845,1.2660,0.7610,1.8400,68.0700,65.0900,68.4600,1.0900,5.7200,True,2.1797,ALCISTA,-6.6700,-9.2700,73.7400,75.8500,75.8500,52.1700,-9.2700,31.9100,0.6250,True,True,66.2500,5,74.1000,True,-3.7300,BULL_ENGULF,7.6500,10.0000,5.0000,7.5000,9,7.0000,7.5000,False,False,False,False,False,True,3.6800,5.5200,1.5000,SIDI_SHADOW_V1,0.2808,4.2837,-0.6454,1.1188,294,XLP,True,14.4884,11.7360,-43.0663,5.6208,8.7010,,0.2954,0.3900,0.8701,0.0120,-0.0270,,0.5180,9033374720.0000,7952000000.0000,1.1360,114911772672,0.4940,4.5200,6.4500,1669743926,4.1700,0.2200,5.5500,7.1600,0.0786,OK,0,5.5600,False,True,False,False,False,False,DD12|RSI40|MACD|FUND65|ABNORMAL20,False,10-18d,XLP,,PG|KO|PEP,inflation|input_costs|fx_rates,NEXT_SESSION_OPEN,0.7500,-5.0000,7,1.5000,5,EXIT_AT_OPEN_IF_OPEN_BELOW_SL,SL_FIRST,10,PENDING_NEXT_OPEN,1.2660,0.9495,69.7695,65.3790,1.3797,Exact TP/SL are fixed from the actual T+1 opening/entry price,31,2026-10-29,False,2026-07-30,1.4800,1.5000,-1.2000,ALCISTA FUERTE,10,771.3500,7.9100,52.5000,14.8700,SIDI_SHADOW_V1: Fund≥6.5 · DD60≥12% · RSI<40 · MACD↑ · Vol↓ · SPY20≤+1% · Abnormal20≤-10%,SIDI_SHADOW_V1,True
HUBB,Hubbell Incorporated,Industrials,Industrial Machinery & Supplies & Components,2023-10-18,466.6200,466.6000,471.2800,461.4200,466.6200,2026-09-28,53.9700,43.4900,UP,3.3616,3.0088,1.5313,True,0.8445,12.0595,0.7930,2.5840,473.5200,484.8200,459.1400,-1.4600,-3.7500,False,0.5544,BAJISTA,-9.9200,-11.5800,518.0100,527.7500,562.0600,398.9500,-16.9800,16.9600,0.7330,True,True,467.5800,4,498.3500,True,0.2100,HAMMER|DOJI,7.2500,5.5000,7.0000,7.5000,10,7.0000,7.0000,False,False,False,False,True,True,5.1700,7.7500,1.5000,SIDI_SHADOW_V1,0.2808,5.3848,-0.1108,1.1436,294,XLI,True,27.6270,20.3588,6.3020,3.9619,19.6800,0.2444,0.0843,0.1449,0.3534,0.1530,-0.0090,141.6420,1.6090,495812512.0000,900600000.0000,0.5505,24657029120,0.8890,6.0100,1.2200,52841777,4.4400,4.3800,4.7600,4.1400,0.0201,FCF/NI:0.55|D/E:142,2,5.5600,False,True,False,False,False,False,DD12|RSI40|FUND65|ABNORMAL20,False,3-7d,XLI,,CAT|UNP|HON,pmi_manufacturing|supply_chain|capex_cycle,NEXT_SESSION_OPEN,0.7500,-5.0000,7,1.5000,5,EXIT_AT_OPEN_IF_OPEN_BELOW_SL,SL_FIRST,10,PENDING_NEXT_OPEN,12.0595,9.0446,475.6646,443.2890,1.9383,Exact TP/SL are fixed from the actual T+1 opening/entry price,29,2026-10-27,False,2026-07-28,5.5200,5.3900,2.4000,ALCISTA FUERTE,10,771.3500,7.9100,52.5000,14.8700,SIDI_SHADOW_V1: Fund≥6.5 · DD60≥12% · RSI<40 · MACD↑ · Vol↓ · SPY20≤+1% · Abnormal20≤-10%,SIDI_SHADOW_V1,True
NSC,Norfolk Southern,Industrials,Rail Transportation,1957-03-04,313.0000,312.5700,314.3500,311.2000,313.0000,2026-09-28,24.7700,8.9600,UP,-0.8959,-1.1738,-1.9068,True,0.2536,4.9100,0.7620,1.5690,333.3100,309.0700,321.7800,-6.0900,1.2700,True,1.2821,NEUTRO,-11.3300,-12.3700,352.9800,357.1900,357.1900,273.5900,-12.3700,14.4100,0.5420,True,True,307.6300,2,321.0100,True,-1.7200,HAMMER,8.1200,8.5000,9.5000,7.5000,7,8.5000,7.0000,False,True,False,True,True,True,3.1400,4.7100,1.5000,SIDI_SHADOW_V1,0.2808,-10.0897,-0.6785,0.8077,294,XLI,True,26.7293,21.8657,4.3255,5.6063,15.2540,0.1699,0.0595,0.2102,0.4516,0.1140,-0.0440,105.5190,0.8310,1382249984.0000,2632999936.0000,0.5250,70302416896,1.2680,6.3600,1.7300,224608373,3.8600,3.1400,4.1800,4.3300,0.0197,FCF/NI:0.52|D/E:106,2,5.5600,False,True,True,False,False,False,DD12|FUND65,False,5-10d,XLI,,CAT|UNP|HON,pmi_manufacturing|supply_chain|capex_cycle,NEXT_SESSION_OPEN,0.7500,-5.0000,7,1.5000,5,EXIT_AT_OPEN_IF_OPEN_BELOW_SL,SL_FIRST,10,PENDING_NEXT_OPEN,4.9100,3.6825,316.6825,297.3500,1.1765,Exact TP/SL are fixed from the actual T+1 opening/entry price,24,2026-10-22,False,2026-07-23,3.5200,3.3200,5.9000,ALCISTA FUERTE,10,771.3500,7.9100,52.5000,14.8700,SIDI_SHADOW_V1: Fund≥6.5 · DD60≥12% · RSI<40 · MACD↑ · Vol↓ · SPY20≤+1% · Abnormal20≤-10%,SIDI_SHADOW_V1,True
PHM,PulteGroup,Consumer Discretionary,Homebuilding,1984-04-30,119.8500,118.5300,120.0600,117.5300,119.8500,2026-09-28,41.9700,25.9100,UP,0.2459,0.1305,0.1226,True,0.4452,3.1080,0.8210,2.5930,125.5500,124.3800,120.9000,-4.5400,-3.6400,True,-0.0254,BAJISTA,-10.8600,-11.8200,134.4600,135.9200,143.5700,108.0200,-16.5200,10.9500,0.7650,True,True,121.9000,3,132.2900,True,1.7100,HAMMER|DOJI,7.1500,6.5000,7.0000,7.5000,10,5.0000,7.0000,False,False,False,False,True,True,5.1900,7.7800,1.5000,SIDI_SHADOW_V1,0.2808,-0.8444,-0.0761,0.9952,294,XLY,True,12.2421,10.8668,1.7284,1.3915,8.5740,0.1490,0.0921,0.1162,0.2556,-0.0960,-0.1820,19.0650,7.2720,1078512896.0000,1906445952.0000,0.5657,22829789184,1.2010,6.7300,0.8700,190486353,4.5000,0.0000,6.0600,7.9200,0.0472,FCF/NI:0.57,1,5.5600,False,True,False,False,False,False,DD12|RSI40|FUND65|ABNORMAL20,False,3-7d,XLY,,AMZN|TSLA|HD,consumer_spending|employment_data|interest_rates,NEXT_SESSION_OPEN,0.7500,-5.0000,7,1.5000,5,EXIT_AT_OPEN_IF_OPEN_BELOW_SL,SL_FIRST,10,PENDING_NEXT_OPEN,3.1080,2.3310,122.1810,113.8575,1.9449,Exact TP/SL are fixed from the actual T+1 opening/entry price,24,2026-10-22,False,2026-07-22,2.4800,2.3600,5.3000,ALCISTA FUERTE,10,771.3500,7.9100,52.5000,14.8700,SIDI_SHADOW_V1: Fund≥6.5 · DD60≥12% · RSI<40 · MACD↑ · Vol↓ · SPY20≤+1% · Abnormal20≤-10%,SIDI_SHADOW_V1,True
CMCSA,Comcast,Communication Services,Cable & Satellite,2002-11-19,21.9100,21.7600,21.9800,21.4100,21.9100,2026-09-28,14.4400,17.0700,DOWN,-0.3573,-0.3812,-0.4401,True,0.1277,0.8071,1.0240,3.6840,24.8600,26.3800,23.9600,-11.8700,-16.9600,False,0.0424,BAJISTA,-19.4500,-19.8900,27.2000,27.3500,32.0500,21.2800,-31.6300,2.9600,1.3550,False,False,21.8300,1,24.6800,True,-0.3500,HAMMER,6.7500,5.5000,8.5000,5.0000,7,8.0000,7.0000,False,False,True,True,True,False,7.3700,11.0500,1.5000,SIDI_SHADOW_V1,0.2808,-21.3099,-0.8309,1.3922,294,XLC,True,7.0224,6.1272,0.8656,0.6225,4.7150,0.1149,0.0431,0.0897,0.6939,-0.0120,-0.6680,100.4740,0.7960,12697624576.0000,11198999552.0000,1.1338,77750632448,0.6620,3.4600,6.0200,3539192198,4.7500,0.0000,5.1800,9.7800,0.1633,D/E:100,1,5.5500,False,True,True,False,False,False,VOLUME|FUND65,False,5-10d,XLC,,GOOGL|META|NFLX,ad_spending_cycle|streaming_competition|regulation,NEXT_SESSION_OPEN,0.7500,-5.0000,7,1.5000,5,EXIT_AT_OPEN_IF_OPEN_BELOW_SL,SL_FIRST,10,PENDING_NEXT_OPEN,0.8071,0.6053,22.5153,20.8145,2.7628,Exact TP/SL are fixed from the actual T+1 opening/entry price,24,2026-10-22,False,2026-07-23,1.0400,0.9700,7.6000,ALCISTA FUERTE,10,771.3500,7.9100,52.5000,14.8700,SIDI_SHADOW_V1: Fund≥6.5 · DD60≥12% · RSI<40 · MACD↑ · Vol↓ · SPY20≤+1% · Abnormal20≤-10%,SIDI_SHADOW_V1,True
DOV,Dover Corporation,Industrials,Industrial Machinery & Supplies & Components,1985-10-31,191.8800,188.7500,192.7500,187.8900,191.8800,2026-09-28,47.9100,30.6500,UP,0.6750,0.3367,0.0023,True,0.6453,4.1036,0.8450,2.1390,199.3100,209.3100,191.3600,-3.7300,-8.3300,False,0.3453,BAJISTA,-11.5500,-12.0200,216.9400,218.1000,235.7900,157.3600,-18.6200,21.9400,1.1900,False,False,184.0000,1,192.4500,False,-4.1100,BULL_ENGULF|HAMMER,5.8000,5.5000,7.0000,5.0000,4,5.0000,9.5000,False,False,False,False,True,False,4.2800,6.4200,1.5000,SIDI_SHADOW_V1,0.2808,0.6415,0.1026,0.8771,294,XLI,True,23.2019,16.5013,3.3544,3.0690,14.3250,0.1491,0.0706,0.1348,0.4009,0.0690,0.1410,42.3160,1.9790,906472128.0000,1129351936.0000,0.8026,25842442240,1.1460,3.5600,1.0900,134680225,5.3800,4.3700,5.9100,5.9300,0.0351,OK,0,5.5500,False,True,False,False,False,False,DD12|RSI40|VOLUME|FUND65|ABNORMAL20,False,3-7d,XLI,,CAT|UNP|HON,pmi_manufacturing|supply_chain|capex_cycle,NEXT_SESSION_OPEN,0.7500,-5.0000,7,1.5000,5,EXIT_AT_OPEN_IF_OPEN_BELOW_SL,SL_FIRST,10,PENDING_NEXT_OPEN,4.1036,3.0777,194.9577,182.2860,1.6040,Exact TP/SL are fixed from the actual T+1 opening/entry price,24,2026-10-22,False,2026-07-23,2.7400,2.7200,78.0000,ALCISTA FUERTE,10,771.3500,7.9100,52.5000,14.8700,SIDI_SHADOW_V1: Fund≥6.5 · DD60≥12% · RSI<40 · MACD↑ · Vol↓ · SPY20≤+1% · Abnormal20≤-10%,SIDI_SHADOW_V1,True
GILD,Gilead Sciences,Health Care,Biotechnology,2004-07-01,150.9300,150.0500,151.0000,148.0200,150.9300,2026-09-28,51.7000,61.7400,DOWN,-0.0918,-0.0622,0.0779,False,0.7454,3.5236,0.9330,2.3350,140.8400,134.4500,147.8400,7.1700,12.2600,True,2.0216,ALCISTA,-1.1400,-2.1200,152.6700,154.2000,154.5100,105.8400,-2.3200,42.6000,0.8960,True,True,142.5400,2,151.7000,False,-5.5600,HAMMER,6.5500,10.0000,5.0000,7.5000,4,5.0000,7.0000,False,False,False,False,False,True,4.6700,7.0000,1.5000,SIDI_SHADOW_V1,0.2808,3.5203,0.1934,0.8902,294,XLV,True,,15.2622,15.8340,6.1446,14.2750,-0.2068,0.1409,-0.1064,0.7960,0.1020,,223.4650,1.2650,9768875008.0000,-3240000000.0000,-3.0151,187146436608,0.3500,3.4500,2.1700,1239955155,4.8900,6.2500,2.2500,6.4000,0.0522,FCF/NI:-3.02|D/E:223|ROE:-20.7%,3,5.5500,False,True,False,False,False,False,DD12|RSI40|MACD|FUND65|ABNORMAL20,False,10-18d,XLV,,UNH|JNJ|LLY,fda_calendar|drug_pricing_policy|patent_cliffs,NEXT_SESSION_OPEN,0.7500,-5.0000,7,1.5000,5,EXIT_AT_OPEN_IF_OPEN_BELOW_SL,SL_FIRST,10,PENDING_NEXT_OPEN,3.5236,2.6427,153.5727,143.3835,1.7509,Exact TP/SL are fixed from the actual T+1 opening/entry price,31,2026-10-29,False,2026-08-04,-6.7500,-7.2500,6.9000,ALCISTA FUERTE,10,771.3500,7.9100,52.5000,14.8700,SIDI_SHADOW_V1: Fund≥6.5 · DD60≥12% · RSI<40 · MACD↑ · Vol↓ · SPY20≤+1% · Abnormal20≤-10%,SIDI_SHADOW_V1,True
AAPL,Apple Inc.,Information Technology,"Technology Hardware, Storage & Peripherals",1982-11-30,341.0700,336.0400,341.6700,334.5300,341.0700,2026-09-28,74.4000,65.3800,UP,0.7957,0.8027,1.5357,False,0.8485,6.8136,0.8500,1.9980,321.7400,287.3900,330.3400,6.0100,18.6800,True,1.9476,ALCISTA,0.0000,-1.2400,341.0700,345.3400,345.3400,242.7600,-1.2400,40.5000,0.6980,True,True,309.9000,1,334.7000,False,-9.1400,HAMMER,6.7500,10.0000,6.0000,7.5000,4,5.0000,7.0000,False,False,False,False,False,True,4.0000,5.9900,1.5000,SIDI_SHADOW_V1,0.2808,6.5136,1.0982,-0.2989,294,XLK,True,39.0687,35.5824,46.3410,10.6628,29.7670,1.4875,0.2708,0.2762,0.4865,0.1640,0.2870,78.4450,1.0030,107721875456.0000,128929996800.0000,0.8355,4977636933632,1.0850,3.0300,0.3200,14594180000,4.7400,3.0300,7.1500,3.9200,0.0216,OK,0,5.5400,False,True,False,False,False,False,DD12|RSI40|MACD|FUND65|ABNORMAL20,False,10-18d,XLK,,MSFT|NVDA|AVGO,interest_rates|ai_capex_cycle|semiconductor_cycle,NEXT_SESSION_OPEN,0.7500,-5.0000,7,1.5000,5,EXIT_AT_OPEN_IF_OPEN_BELOW_SL,SL_FIRST,10,PENDING_NEXT_OPEN,6.8136,5.1102,346.1802,324.0165,1.4983,Exact TP/SL are fixed from the actual T+1 opening/entry price,31,2026-10-29,False,2026-07-30,2.0200,1.8900,6.7000,ALCISTA FUERTE,10,771.3500,7.9100,52.5000,14.8700,SIDI_SHADOW_V1: Fund≥6.5 · DD60≥12% · RSI<40 · MACD↑ · Vol↓ · SPY20≤+1% · Abnormal20≤-10%,SIDI_SHADOW_V1,True
ARES,Ares Management,Financials,Asset Management & Custody Banks,2025-12-11,122.0100,120.1400,124.0220,119.6500,122.0100,2026-09-28,22.6000,20.8500,UP,-1.2171,-1.4300,-1.4103,True,0.1991,4.4537,0.9230,3.6500,132.4600,128.4800,128.4600,-7.8900,-5.0400,True,-1.2783,BAJISTA,-17.5000,-17.7300,147.8900,148.3000,173.9900,92.5900,-29.8800,31.7700,0.7310,True,True,116.7200,3,120.9500,False,-4.3400,HAMMER,7.4200,6.5000,9.5000,7.5000,7,6.5000,7.0000,True,True,True,True,True,True,7.3000,10.9500,1.5000,SIDI_SHADOW_V1,0.2808,-9.4347,0.9793,1.0785,294,XLF,True,55.9679,16.9681,11.0606,7.7067,32.7840,0.1492,0.0458,0.1211,1.0000,0.0960,0.0650,172.3780,0.6200,2159716096.0000,487432992.0000,4.4308,40479981568,1.5170,8.7400,4.4300,223957742,4.2800,2.4700,4.9600,5.6000,0.0534,D/E:172,1,5.5400,False,True,False,True,False,False,FUND65|ABNORMAL20,False,3-7d,XLF,,JPM|BAC|WFC,interest_rates|yield_curve|credit_spreads|loan_growth,NEXT_SESSION_OPEN,0.7500,-5.0000,7,1.5000,5,EXIT_AT_OPEN_IF_OPEN_BELOW_SL,SL_FIRST,10,PENDING_NEXT_OPEN,4.4537,3.3403,125.3503,115.9095,2.7377,Exact TP/SL are fixed from the actual T+1 opening/entry price,35,2026-11-02,False,2026-07-31,1.2900,1.2700,1.4000,ALCISTA FUERTE,10,771.3500,7.9100,52.5000,14.8700,SIDI_SHADOW_V1: Fund≥6.5 · DD60≥12% · RSI<40 · MACD↑ · Vol↓ · SPY20≤+1% · Abnormal20≤-10%,SIDI_SHADOW_V1,True
COHR,Coherent Corp.,Information Technology,Electronic Components,2026-03-23,295.8300,297.9200,301.7700,290.2800,295.8300,2026-09-28,54.0100,61.4900,DOWN,1.7576,2.4001,4.6877,False,0.5794,19.8464,0.7160,6.7090,296.7700,286.1600,296.5400,-0.3200,3.3800,True,4.9292,NEUTRO,-21.9700,-24.4100,379.1300,391.3700,440.0000,102.1400,-32.7700,189.6300,0.7520,True,True,291.0000,1,315.7000,True,-1.6300,HAMMER,7.0000,8.5000,5.0000,7.5000,7,7.0000,7.0000,False,False,True,False,False,True,13.4200,20.1300,1.5000,SIDI_SHADOW_V1,0.2808,-3.8589,-1.3560,2.6576,294,XLK,True,71.9781,21.1984,5.3111,8.1387,42.0330,0.0798,0.0339,0.1131,0.3750,0.3370,,31.6120,2.4270,-649981632.0000,769896000.0000,-0.8442,57933049856,2.1040,1.6600,,195832246,4.5700,6.5000,4.2300,2.7000,-0.0112,FCF/NI:-0.84,1,5.5400,False,True,False,False,False,False,RSI40|MACD|FUND65|ABNORMAL20,False,7-15d,XLK,,AAPL|MSFT|NVDA,interest_rates|ai_capex_cycle|semiconductor_cycle,NEXT_SESSION_OPEN,0.7500,-5.0000,7,1.5000,5,EXIT_AT_OPEN_IF_OPEN_BELOW_SL,SL_FIRST,10,PENDING_NEXT_OPEN,19.8464,14.8848,310.7148,281.0385,5.0315,Exact TP/SL are fixed from the actual T+1 opening/entry price,37,2026-11-04,False,2026-08-12,1.7400,1.6200,7.6000,ALCISTA FUERTE,10,771.3500,7.9100,52.5000,14.8700,SIDI_SHADOW_V1: Fund≥6.5 · DD60≥12% · RSI<40 · MACD↑ · Vol↓ · SPY20≤+1% · Abnormal20≤-10%,SIDI_SHADOW_V1,True
IEX,IDEX Corporation,Industrials,Industrial Machinery & Supplies & Components,2019-08-09,230.0800,228.7200,231.7900,228.7200,230.0800,2026-09-28,62.0600,37.6300,UP,0.9084,0.6990,0.0288,True,0.9354,4.3764,0.8490,1.9020,229.0300,208.6400,226.4800,0.4600,10.2800,True,2.7652,ALCISTA,-4.3400,-5.6300,240.5200,243.8000,243.8000,155.8700,-5.6300,47.6100,0.8330,False,False,217.6200,5,230.5600,False,-5.4100,NONE,6.5500,10.0000,7.0000,5.0000,6,5.0000,5.0000,False,False,False,False,True,False,3.8000,5.7100,1.5000,SIDI_SHADOW_V1,0.2808,-0.7223,0.0021,0.7115,294,XLI,True,33.1050,23.9023,4.2480,4.7308,18.8330,0.1295,0.0684,0.1449,0.4473,0.0640,0.1090,47.0600,3.0490,555612480.0000,519500000.0000,1.0695,16961473536,0.9720,3.9000,1.2700,73719896,4.8600,3.4900,5.9800,5.1600,0.0328,OK,0,5.5400,False,True,False,False,False,False,DD12|RSI40|VOLUME|FUND65|ABNORMAL20,False,10-18d,XLI,,CAT|UNP|HON,pmi_manufacturing|supply_chain|capex_cycle,NEXT_SESSION_OPEN,0.7500,-5.0000,7,1.5000,5,EXIT_AT_OPEN_IF_OPEN_BELOW_SL,SL_FIRST,10,PENDING_NEXT_OPEN,4.3764,3.2823,233.3623,218.5760,1.4266,Exact TP/SL are fixed from the actual T+1 opening/entry price,30,2026-10-28,False,2026-07-29,2.3200,2.1100,9.9000,ALCISTA FUERTE,10,771.3500,7.9100,52.5000,14.8700,SIDI_SHADOW_V1: Fund≥6.5 · DD60≥12% · RSI<40 · MACD↑ · Vol↓ · SPY20≤+1% · Abnormal20≤-10%,SIDI_SHADOW_V1,True
TDY,Teledyne Technologies,Information Technology,Electronic Equipment & Instruments,2020-06-22,614.1500,614.5000,619.1000,611.7200,614.1500,2026-09-28,52.6600,33.7400,UP,3.2956,3.2240,2.1689,True,0.7313,10.6514,0.6450,1.7340,636.9800,621.1500,613.6900,-3.5800,-1.1300,True,1.6948,BAJISTA,-11.1600,-11.9700,691.3000,697.6700,697.6700,483.0200,-11.9700,27.1500,0.9470,False,False,623.4400,2,639.3300,True,1.5100,HAMMER|DOJI,6.7500,7.0000,7.0000,5.0000,8,7.0000,7.0000,False,False,False,False,True,False,3.4700,5.2000,1.5000,SIDI_SHADOW_V1,0.2808,0.9036,1.1717,0.0282,294,XLK,True,29.6691,22.9444,2.6074,4.4636,18.9380,0.0915,0.0514,0.1529,0.4334,0.0980,0.2120,18.5650,2.1810,912675008.0000,974800000.0000,0.9363,28453040128,0.9080,3.7600,,46329138,4.7400,1.6600,6.3000,6.5300,0.0321,OK,0,5.5400,False,True,False,False,False,False,DD12|RSI40|VOLUME|FUND65|ABNORMAL20,False,3-7d,XLK,,AAPL|MSFT|NVDA,interest_rates|ai_capex_cycle|semiconductor_cycle,NEXT_SESSION_OPEN,0.7500,-5.0000,7,1.5000,5,EXIT_AT_OPEN_IF_OPEN_BELOW_SL,SL_FIRST,10,PENDING_NEXT_OPEN,10.6514,7.9886,622.1386,583.4425,1.3007,Exact TP/SL are fixed from the actual T+1 opening/entry price,23,2026-10-21,False,2026-07-22,6.2800,5.7900,8.4000,ALCISTA FUERTE,10,771.3500,7.9100,52.5000,14.8700,SIDI_SHADOW_V1: Fund≥6.5 · DD60≥12% · RSI<40 · MACD↑ · Vol↓ · SPY20≤+1% · Abnormal20≤-10%,SIDI_SHADOW_V1,True
HAL,Halliburton,Energy,Oil & Gas Equipment & Services,1957-03-04,32.7600,32.4000,32.8100,32.2200,32.7600,2026-09-28,17.4000,34.5700,DOWN,-0.4187,-0.4501,-0.4700,True,0.1394,0.9900,0.9490,3.0220,34.0700,35.0700,34.3200,-3.8400,-6.5800,False,2.6002,BAJISTA,-12.9400,-13.9300,37.6300,38.0600,43.2000,21.0300,-24.1800,55.7500,0.9090,True,True,32.6600,2,35.9700,True,-0.3100,HAMMER|DOJI,7.4000,5.5000,8.5000,7.5000,8,8.0000,7.0000,True,True,True,True,True,True,6.0400,9.0700,1.5000,SIDI_SHADOW_V1,0.2808,-5.3088,0.6003,1.1301,294,XLE,True,17.1518,11.2878,2.4816,1.2232,8.0900,0.1492,0.0726,0.0716,0.1508,0.0370,0.1610,74.1860,2.0180,2052249984.0000,1602000000.0000,1.2811,27367628800,0.7690,3.2300,2.0800,835397735,4.2800,0.6000,5.6500,6.9700,0.0750,OK,0,5.5300,False,True,False,True,False,False,FUND65|ABNORMAL20,False,5-10d,XLE,,XOM|CVX|COP,oil_price|gas_price|opec_supply|inventories,NEXT_SESSION_OPEN,0.7500,-5.0000,7,1.5000,5,EXIT_AT_OPEN_IF_OPEN_BELOW_SL,SL_FIRST,10,PENDING_NEXT_OPEN,0.9900,0.7425,33.5025,31.1220,2.2665,Exact TP/SL are fixed from the actual T+1 opening/entry price,22,2026-10-20,False,2026-07-21,0.5500,0.5400,2.3000,ALCISTA FUERTE,10,771.3500,7.9100,52.5000,14.8700,SIDI_SHADOW_V1: Fund≥6.5 · DD60≥12% · RSI<40 · MACD↑ · Vol↓ · SPY20≤+1% · Abnormal20≤-10%,SIDI_SHADOW_V1,True
NVR,"NVR, Inc.",Consumer Discretionary,Homebuilding,2019-09-26,6297.6000,6241.6299,6318.0200,6218.5200,6297.6001,2026-09-28,49.9500,39.0000,UP,10.9023,7.0135,6.3726,True,0.6435,137.7936,0.7900,2.1880,6303.6200,6723.7000,6258.0700,-0.1000,-6.3400,False,-1.6481,BAJISTA,-6.7100,-7.8300,6750.7900,6832.4300,8200.0000,5501.0098,-23.2000,14.4800,0.6000,False,False,6253.4399,3,6512.1001,True,-0.7000,HAMMER|DOJI,6.6500,5.0000,7.0000,5.0000,10,7.0000,7.0000,False,False,False,False,True,False,4.3800,6.5600,1.5000,SIDI_SHADOW_V1,0.2808,3.8393,-0.3727,0.9077,294,XLY,True,16.3668,15.7197,4.9734,1.7425,10.9190,0.3154,0.1655,0.1185,0.2184,-0.1090,-0.2260,32.1500,5.6700,918313280.0000,1141319936.0000,0.8046,16782222336,0.9130,3.7700,,2664860,4.7900,0.0000,7.5100,7.1900,0.0547,RevG:-10.9%,1,5.5300,False,True,False,False,False,False,DD12|RSI40|VOLUME|FUND65|ABNORMAL20,False,3-7d,XLY,,AMZN|TSLA|HD,consumer_spending|employment_data|interest_rates,NEXT_SESSION_OPEN,0.7500,-5.0000,7,1.5000,5,EXIT_AT_OPEN_IF_OPEN_BELOW_SL,SL_FIRST,10,PENDING_NEXT_OPEN,137.7936,103.3452,6400.9452,5982.7200,1.6410,Exact TP/SL are fixed from the actual T+1 opening/entry price,23,2026-10-21,False,2026-07-23,83.9600,89.9800,-6.7000,ALCISTA FUERTE,10,771.3500,7.9100,52.5000,14.8700,SIDI_SHADOW_V1: Fund≥6.5 · DD60≥12% · RSI<40 · MACD↑ · Vol↓ · SPY20≤+1% · Abnormal20≤-10%,SIDI_SHADOW_V1,True
AXP,American Express,Financials,Consumer Finance,1976-06-30,308.8900,307.0000,310.0000,304.4900,308.8900,2026-09-28,32.7700,27.5200,UP,-1.1586,-1.6467,-1.6029,True,0.2277,6.2664,0.8750,2.0290,331.9900,332.9500,317.8900,-6.9600,-7.2300,False,-1.1126,BAJISTA,-14.5700,-14.9400,361.5700,363.1400,384.3600,289.2600,-19.6400,6.7900,1.0270,False,False,311.3800,1,324.1100,True,0.8100,NONE,6.3800,5.0000,8.5000,5.0000,8,6.5000,5.0000,False,False,True,True,True,False,4.0600,6.0900,1.5000,SIDI_SHADOW_V1,0.2808,-0.9577,0.2978,1.0951,294,XLF,True,18.7320,15.3086,6.0823,2.9416,,0.3438,0.0379,0.1614,0.6234,0.1280,0.1100,172.3800,1.5530,,11310999552.0000,,208596467712,1.0480,4.5100,1.2300,675309833,4.9500,3.9900,6.3600,4.4500,,D/E:172,1,5.5200,False,True,False,False,False,False,VOLUME|FUND65|ABNORMAL20,False,3-7d,XLF,,JPM|BAC|WFC,interest_rates|yield_curve|credit_spreads|loan_growth,NEXT_SESSION_OPEN,0.7500,-5.0000,7,1.5000,5,EXIT_AT_OPEN_IF_OPEN_BELOW_SL,SL_FIRST,10,PENDING_NEXT_OPEN,6.2664,4.6998,313.5898,293.4455,1.5215,Exact TP/SL are fixed from the actual T+1 opening/entry price,25,2026-10-23,False,2026-07-24,4.5300,4.4000,2.9000,ALCISTA FUERTE,10,771.3500,7.9100,52.5000,14.8700,SIDI_SHADOW_V1: Fund≥6.5 · DD60≥12% · RSI<40 · MACD↑ · Vol↓ · SPY20≤+1% · Abnormal20≤-10%,SIDI_SHADOW_V1,True
BA,Boeing,Industrials,Aerospace & Defense,1957-03-04,198.0700,197.7600,201.4000,196.8000,198.0700,2026-09-28,32.6000,34.9100,DOWN,-0.4165,-0.5615,-0.7417,True,0.1885,5.8493,0.9870,2.9530,214.3700,221.0800,204.7600,-7.6000,-10.4100,False,0.5809,BAJISTA,-17.5400,-17.8400,240.1900,241.0900,254.3500,176.7700,-22.1300,12.0500,0.8260,False,False,,0,231.8200,False,,HAMMER|DOJI,5.8800,5.5000,7.5000,5.0000,4,6.5000,7.0000,False,False,True,True,True,False,5.9100,8.8600,1.5000,SIDI_SHADOW_V1,0.2808,1.1415,0.8936,0.6728,294,XLI,True,71.5054,48.4234,25.6700,1.6643,-64.0130,1.7354,-0.0198,0.0259,0.0471,0.0800,,790.8750,1.1380,5625375232.0000,2088999936.0000,2.6929,156434202624,1.2130,0.0100,,789792534,5.2800,4.5500,6.8000,4.3600,0.0360,D/E:791,1,5.5200,False,True,False,False,False,False,VOLUME|FUND65|ABNORMAL20,False,3-7d,XLI,,CAT|UNP|HON,pmi_manufacturing|supply_chain|capex_cycle,NEXT_SESSION_OPEN,0.7500,-5.0000,7,1.5000,5,EXIT_AT_OPEN_IF_OPEN_BELOW_SL,SL_FIRST,10,PENDING_NEXT_OPEN,5.8493,4.3870,202.4570,188.1665,2.2149,Exact TP/SL are fixed from the actual T+1 opening/entry price,30,2026-10-28,False,2026-07-28,-0.7600,-0.3100,-141.5000,ALCISTA FUERTE,10,771.3500,7.9100,52.5000,14.8700,SIDI_SHADOW_V1: Fund≥6.5 · DD60≥12% · RSI<40 · MACD↑ · Vol↓ · SPY20≤+1% · Abnormal20≤-10%,SIDI_SHADOW_V1,True
DOW,Dow Inc.,Materials,Commodity Chemicals,2019-04-01,28.0200,28.2600,28.3400,27.5400,28.0200,2026-09-28,36.9000,39.6200,DOWN,-0.1422,-0.1307,-0.1770,False,0.1015,0.9218,0.8510,3.2900,29.8900,31.3000,29.2200,-6.2500,-10.4700,False,2.5122,BAJISTA,-13.8400,-15.1300,32.5200,33.0200,41.8200,19.6800,-33.0100,42.3900,1.0010,True,True,28.3600,1,30.4800,True,1.2200,NONE,6.6500,5.5000,6.5000,7.5000,7,8.0000,5.0000,False,True,True,True,False,True,6.5800,9.8700,1.5000,SIDI_SHADOW_V1,0.2808,-6.0109,-1.2859,0.3405,294,XLB,True,,15.7479,1.2762,0.4898,9.3230,-0.0554,0.0130,-0.0313,0.0979,0.1970,,111.9130,1.7490,237624992.0000,-1300999936.0000,-0.1826,20239988736,0.4240,4.2000,5.0000,722340711,4.7600,7.5000,2.6300,4.0400,0.0117,FCF/NI:-0.18|D/E:112|ROE:-5.5%,3,5.5200,False,True,False,False,False,False,MACD|FUND65|ABNORMAL20,False,3-7d,XLB,,LIN|APD|ECL,commodity_prices|dxy|china_demand|energy_costs,NEXT_SESSION_OPEN,0.7500,-5.0000,7,1.5000,5,EXIT_AT_OPEN_IF_OPEN_BELOW_SL,SL_FIRST,10,PENDING_NEXT_OPEN,0.9218,0.6913,28.7113,26.6190,2.4673,Exact TP/SL are fixed from the actual T+1 opening/entry price,24,2026-10-22,False,2026-07-23,1.4400,1.2800,12.6000,ALCISTA FUERTE,10,771.3500,7.9100,52.5000,14.8700,SIDI_SHADOW_V1: Fund≥6.5 · DD60≥12% · RSI<40 · MACD↑ · Vol↓ · SPY20≤+1% · Abnormal20≤-10%,SIDI_SHADOW_V1,True
AJG,Arthur J. Gallagher & Co.,Financials,Insurance Brokers,2016-05-31,231.1000,226.7300,232.2300,225.8700,231.1000,2026-09-28,26.1600,28.1500,DOWN,-2.4214,-2.8330,-2.7202,True,0.1935,6.8457,0.8980,2.9620,251.1700,232.1900,242.8200,-7.9900,-0.4700,True,0.0058,BAJISTA,-14.8100,-15.0600,271.2700,272.0600,309.9000,189.6100,-25.4300,21.8800,1.0460,False,False,208.2500,2,261.2200,False,-9.8900,BULL_ENGULF,6.5800,7.0000,8.5000,5.0000,5,6.5000,7.5000,False,False,True,True,True,False,5.9200,8.8900,1.5000,SIDI_SHADOW_V1,0.2808,-5.1441,-1.1741,1.4945,294,XLF,True,38.3250,15.5486,2.4974,3.9209,16.7870,0.0672,0.0232,0.1038,0.4319,0.3090,-0.1070,59.4010,1.0530,2082300032.0000,1568000000.0000,1.3280,59240402944,0.5060,4.6700,1.2100,256341000,4.8000,5.0000,4.7600,4.6200,0.0351,OK,0,5.5100,False,True,False,False,False,False,VOLUME|FUND65|ABNORMAL20,False,3-7d,XLF,,JPM|BAC|WFC,interest_rates|yield_curve|credit_spreads|loan_growth,NEXT_SESSION_OPEN,0.7500,-5.0000,7,1.5000,5,EXIT_AT_OPEN_IF_OPEN_BELOW_SL,SL_FIRST,10,PENDING_NEXT_OPEN,6.8457,5.1343,236.2343,219.5450,2.2217,Exact TP/SL are fixed from the actual T+1 opening/entry price,31,2026-10-29,False,2026-07-30,2.8400,2.8100,94.0000,ALCISTA FUERTE,10,771.3500,7.9100,52.5000,14.8700,SIDI_SHADOW_V1: Fund≥6.5 · DD60≥12% · RSI<40 · MACD↑ · Vol↓ · SPY20≤+1% · Abnormal20≤-10%,SIDI_SHADOW_V1,True
ETN,Eaton Corporation,Industrials,Electrical Components & Equipment,1957-03-04,439.9800,444.4000,447.3300,436.1800,439.9800,2026-09-28,61.3300,57.9700,UP,4.4109,4.5763,4.0297,False,0.8536,14.9279,0.9200,3.3930,418.8000,385.2200,422.2100,5.0600,14.2200,True,1.9108,ALCISTA,-4.3400,-7.9500,459.9600,478.0000,478.0000,309.3300,-7.9500,42.2400,0.6830,True,True,385.2400,5,478.0000,False,-12.4400,NONE,6.8500,10.0000,6.0000,7.5000,6,5.0000,5.0000,False,False,False,False,False,True,6.7900,10.1800,1.5000,SIDI_SHADOW_V1,0.2808,11.6702,0.3254,1.5378,294,XLI,True,44.8501,27.2981,8.4373,5.6899,28.8540,0.1968,0.0705,0.1275,0.3602,0.2140,-0.1590,105.0590,1.2400,3106125056.0000,3828999936.0000,0.8112,170844241920,1.1680,4.1500,1.0000,388300000,4.6100,5.0000,5.2300,3.4200,0.0182,D/E:105,1,5.5100,False,True,False,False,False,False,DD12|RSI40|MACD|FUND65|ABNORMAL20,False,10-18d,XLI,,CAT|UNP|HON,pmi_manufacturing|supply_chain|capex_cycle,NEXT_SESSION_OPEN,0.7500,-5.0000,7,1.5000,5,EXIT_AT_OPEN_IF_OPEN_BELOW_SL,SL_FIRST,10,PENDING_NEXT_OPEN,14.9279,11.1959,451.1759,417.9810,2.5446,Exact TP/SL are fixed from the actual T+1 opening/entry price,36,2026-11-03,False,2026-07-31,3.1500,3.0800,2.4000,ALCISTA FUERTE,10,771.3500,7.9100,52.5000,14.8700,SIDI_SHADOW_V1: Fund≥6.5 · DD60≥12% · RSI<40 · MACD↑ · Vol↓ · SPY20≤+1% · Abnormal20≤-10%,SIDI_SHADOW_V1,True
FLEX,Flex Ltd.,Information Technology,Electronic Manufacturing Services,2026-06-22,114.6800,114.4300,120.7600,114.2500,114.6800,2026-09-28,56.6500,47.2700,UP,1.0217,0.9036,0.8749,True,0.8673,5.4650,0.7110,4.7650,115.2000,98.5200,111.9900,-0.4500,16.4000,True,5.4604,NEUTRO,-18.0500,-25.0400,139.9400,152.9800,166.8600,53.0700,-31.2700,116.0900,0.9070,True,True,111.3800,1,116.9200,True,-2.8800,DOJI,7.2000,8.5000,7.0000,7.5000,7,7.0000,5.0000,False,False,True,False,True,True,9.5300,14.3000,1.5000,SIDI_SHADOW_V1,0.2808,-10.4578,0.1032,1.7559,294,XLK,True,44.4496,16.1269,7.7018,1.4475,21.4100,0.1838,0.0442,0.0333,0.0953,0.2060,0.5200,107.8180,1.3800,625750016.0000,973000000.0000,0.6431,42363133952,1.6540,3.1100,,369402978,4.3800,5.0800,4.3100,3.6500,0.0148,FCF/NI:0.64|D/E:108,2,5.5100,False,True,True,False,False,False,RSI40|FUND65,False,7-15d,XLK,,AAPL|MSFT|NVDA,interest_rates|ai_capex_cycle|semiconductor_cycle,NEXT_SESSION_OPEN,0.7500,-5.0000,7,1.5000,5,EXIT_AT_OPEN_IF_OPEN_BELOW_SL,SL_FIRST,10,PENDING_NEXT_OPEN,5.4650,4.0987,118.7788,108.9460,3.5741,Exact TP/SL are fixed from the actual T+1 opening/entry price,30,2026-10-28,False,2026-07-29,1.0000,0.9200,8.9000,ALCISTA FUERTE,10,771.3500,7.9100,52.5000,14.8700,SIDI_SHADOW_V1: Fund≥6.5 · DD60≥12% · RSI<40 · MACD↑ · Vol↓ · SPY20≤+1% · Abnormal20≤-10%,SIDI_SHADOW_V1,True
L,Loews Corporation,Financials,Multi-line Insurance,1995-05-31,104.8200,105.3100,105.3100,103.9200,104.8200,2026-09-28,18.1800,37.7400,DOWN,-0.2721,-0.2593,-0.1266,False,0.0027,1.6114,0.8280,1.5370,111.7100,108.8500,107.9400,-6.1600,-3.7000,True,0.2811,BAJISTA,-12.1600,-13.3300,119.3300,120.9400,120.9400,97.1600,-13.3300,7.8900,0.8000,False,False,102.4400,2,110.4300,True,-2.2700,NONE,6.8000,7.0000,7.5000,5.0000,8,8.0000,5.0000,False,False,True,True,False,False,3.0700,4.6100,1.5000,SIDI_SHADOW_V1,0.2808,0.3138,-0.4195,0.8072,294,XLF,True,12.8613,36.1448,1.1209,1.1463,7.6870,0.0931,0.0191,0.0902,0.3629,0.0390,0.1560,44.6090,0.5070,1262000000.0000,1687000064.0000,0.7481,21428113408,0.5070,6.4200,0.2400,204427720,4.6500,2.3800,4.3400,7.6600,0.0589,FCF/NI:0.75,1,5.5100,False,True,False,False,False,False,MACD|VOLUME|FUND65|ABNORMAL20,False,3-7d,XLF,,JPM|BAC|WFC,interest_rates|yield_curve|credit_spreads|loan_growth,NEXT_SESSION_OPEN,0.7500,-5.0000,7,1.5000,5,EXIT_AT_OPEN_IF_OPEN_BELOW_SL,SL_FIRST,10,PENDING_NEXT_OPEN,1.6114,1.2086,106.0285,99.5790,1.1530,Exact TP/SL are fixed from the actual T+1 opening/entry price,35,2026-11-02,False,2020-02-10,1.1100,0.7300,52.5000,ALCISTA FUERTE,10,771.3500,7.9100,52.5000,14.8700,SIDI_SHADOW_V1: Fund≥6.5 · DD60≥12% · RSI<40 · MACD↑ · Vol↓ · SPY20≤+1% · Abnormal20≤-10%,SIDI_SHADOW_V1,True
LITE,Lumentum,Information Technology,Communications Equipment,2026-03-23,941.6500,936.0350,962.8800,913.2900,941.6500,2026-09-28,56.4100,53.3700,UP,0.5271,0.3447,0.9962,True,0.6700,61.9825,0.8580,6.5820,859.0700,729.2300,912.8200,9.6100,29.1300,True,9.4660,ALCISTA,-4.7900,-8.2900,988.9800,1026.7600,1085.6801,144.5200,-13.2700,551.5700,0.8790,True,True,849.8100,2,925.5000,False,-9.7500,HAMMER|HAMMER,6.9500,10.0000,7.0000,7.5000,4,5.0000,7.0000,False,False,False,False,True,True,13.1600,19.7500,1.5000,SIDI_SHADOW_V1,0.2808,-13.1147,-2.4523,2.8658,294,XLK,True,,27.2781,17.9656,28.0246,104.1570,-2.4003,0.0582,-2.3010,0.4424,1.0930,,35.9870,1.6780,224700000.0000,-6935099904.0000,-0.0324,84466008064,1.5410,1.5800,,89700000,4.5500,7.5000,3.1500,2.7400,0.0027,FCF/NI:-0.03|ROE:-240.0%,2,5.5100,False,True,True,False,False,False,DD12|RSI40|FUND65,False,10-18d,XLK,,AAPL|MSFT|NVDA,interest_rates|ai_capex_cycle|semiconductor_cycle,NEXT_SESSION_OPEN,0.7500,-5.0000,7,1.5000,5,EXIT_AT_OPEN_IF_OPEN_BELOW_SL,SL_FIRST,10,PENDING_NEXT_OPEN,61.9825,46.4869,988.1369,894.5675,4.9367,Exact TP/SL are fixed from the actual T+1 opening/entry price,38,2026-11-05,False,2026-08-11,3.2300,2.9700,8.8000,ALCISTA FUERTE,10,771.3500,7.9100,52.5000,14.8700,SIDI_SHADOW_V1: Fund≥6.5 · DD60≥12% · RSI<40 · MACD↑ · Vol↓ · SPY20≤+1% · Abnormal20≤-10%,SIDI_SHADOW_V1,True
NDAQ,"Nasdaq, Inc.",Financials,Financial Exchanges & Data,2008-10-22,93.5500,94.6100,95.1700,92.0200,93.5500,2026-09-28,41.4200,37.4800,UP,0.1140,0.1370,-0.1336,False,0.4466,2.2327,0.9650,2.3870,94.6000,90.0900,94.0000,-1.1100,3.8400,True,0.7836,NEUTRO,-5.6300,-7.0400,99.1300,100.6300,100.7700,76.2900,-7.1600,22.6200,0.6970,True,True,87.3300,2,92.8000,False,-6.6500,NONE,6.2500,8.5000,6.0000,7.5000,4,5.0000,5.0000,False,False,False,False,False,True,4.7700,7.1600,1.5000,SIDI_SHADOW_V1,0.2808,-0.2062,-0.0573,1.0355,294,XLF,True,27.2741,19.9918,4.3856,9.3146,18.2100,0.1652,0.0585,0.3504,1.0000,0.1490,0.1410,77.6870,1.0060,1691500032.0000,1967000064.0000,0.8599,52292333568,0.9740,2.6700,1.2400,558977372,5.0100,5.0000,5.5300,4.4100,0.0323,OK,0,5.5100,False,True,False,False,False,False,DD12|RSI40|MACD|FUND65|ABNORMAL20,False,7-15d,XLF,,JPM|BAC|WFC,interest_rates|yield_curve|credit_spreads|loan_growth,NEXT_SESSION_OPEN,0.7500,-5.0000,7,1.5000,5,EXIT_AT_OPEN_IF_OPEN_BELOW_SL,SL_FIRST,10,PENDING_NEXT_OPEN,2.2327,1.6745,95.2245,88.8725,1.7900,Exact TP/SL are fixed from the actual T+1 opening/entry price,24,2026-10-22,False,2026-07-23,1.0700,0.9800,8.8000,ALCISTA FUERTE,10,771.3500,7.9100,52.5000,14.8700,SIDI_SHADOW_V1: Fund≥6.5 · DD60≥12% · RSI<40 · MACD↑ · Vol↓ · SPY20≤+1% · Abnormal20≤-10%,SIDI_SHADOW_V1,True
ON,ON Semiconductor,Information Technology,Semiconductors,2022-06-21,77.2000,74.2700,77.6800,73.6600,77.2000,2026-09-28,53.9900,45.8200,UP,1.0471,0.7843,0.5726,True,0.9855,3.7721,0.7750,4.8860,77.7300,79.8700,73.4300,-0.6800,-3.3400,False,2.9415,BAJISTA,-21.1200,-24.7900,97.8700,102.6400,134.9200,44.5600,-42.7800,73.2500,1.0050,False,False,75.9400,2,86.0100,True,-1.6300,HAMMER,6.4500,5.5000,7.0000,5.0000,8,7.0000,7.0000,False,False,True,False,True,False,9.7700,14.6600,1.5000,SIDI_SHADOW_V1,0.2808,0.4266,0.1763,1.5544,294,XLK,True,50.4575,17.0465,4.1633,4.8494,14.7950,0.0831,0.0675,0.1017,0.4278,0.0920,0.3660,65.0550,3.4640,1656649984.0000,630200000.0000,2.6288,30055397376,1.9970,3.5800,,389318613,4.8800,2.5700,5.2300,7.1700,0.0551,OK,0,5.5100,False,True,False,False,False,False,RSI40|VOLUME|FUND65|ABNORMAL20,False,3-7d,XLK,,AAPL|MSFT|NVDA,interest_rates|ai_capex_cycle|semiconductor_cycle,NEXT_SESSION_OPEN,0.7500,-5.0000,7,1.5000,5,EXIT_AT_OPEN_IF_OPEN_BELOW_SL,SL_FIRST,10,PENDING_NEXT_OPEN,3.7721,2.8291,80.0291,73.3400,3.6646,Exact TP/SL are fixed from the actual T+1 opening/entry price,35,2026-11-02,False,2026-08-03,0.7400,0.7200,3.5000,ALCISTA FUERTE,10,771.3500,7.9100,52.5000,14.8700,SIDI_SHADOW_V1: Fund≥6.5 · DD60≥12% · RSI<40 · MACD↑ · Vol↓ · SPY20≤+1% · Abnormal20≤-10%,SIDI_SHADOW_V1,True
TRMB,Trimble Inc.,Information Technology,Application Software,2021-01-21,57.8500,57.5200,58.2000,57.3000,57.8500,2026-09-28,41.7800,33.0400,UP,-0.1203,-0.1075,-0.1590,False,0.3450,1.4264,0.7530,2.4660,57.6700,63.2700,58.3000,0.3200,-8.5700,False,-3.2134,BAJISTA,-6.0000,-6.6900,61.5400,62.0000,84.4200,47.9200,-31.4700,20.7200,0.4640,True,True,56.6200,1,58.3000,True,-2.1300,HAMMER|DOJI,6.8000,6.5000,6.0000,7.5000,7,7.0000,7.0000,False,False,False,False,False,True,4.9300,7.4000,1.5000,SIDI_SHADOW_V1,0.2808,-1.0945,1.8943,-0.5924,294,XLK,True,,13.9835,2.3777,3.5659,16.7420,-0.0194,0.0480,-0.0277,0.7177,0.1100,,28.5530,0.9540,686174976.0000,-104700000.0000,-6.5537,13489453056,1.3620,2.4600,,233179848,4.6500,3.4700,3.2400,7.6700,0.0509,FCF/NI:-6.55|ROE:-1.9%,2,5.5100,False,True,False,False,False,False,DD12|RSI40|MACD|FUND65|ABNORMAL20,False,3-7d,XLK,,AAPL|MSFT|NVDA,interest_rates|ai_capex_cycle|semiconductor_cycle,NEXT_SESSION_OPEN,0.7500,-5.0000,7,1.5000,5,EXIT_AT_OPEN_IF_OPEN_BELOW_SL,SL_FIRST,10,PENDING_NEXT_OPEN,1.4264,1.0698,58.9198,54.9575,1.8493,Exact TP/SL are fixed from the actual T+1 opening/entry price,37,2026-11-04,False,2026-08-12,0.8600,0.8000,7.2000,ALCISTA FUERTE,10,771.3500,7.9100,52.5000,14.8700,SIDI_SHADOW_V1: Fund≥6.5 · DD60≥12% · RSI<40 · MACD↑ · Vol↓ · SPY20≤+1% · Abnormal20≤-10%,SIDI_SHADOW_V1,True
IR,Ingersoll Rand,Industrials,Industrial Machinery & Supplies & Components,2020-03-03,76.0800,74.9800,76.7900,74.9200,76.0800,2026-09-28,49.0100,23.2400,UP,0.6119,0.4781,0.0993,True,0.7305,1.9612,0.8150,2.5780,79.8300,81.6600,75.0800,-4.7000,-6.8400,False,-0.4057,BAJISTA,-15.4500,-17.0900,89.9800,91.7600,100.8900,68.0500,-24.5900,11.7900,0.9580,False,False,75.3800,1,83.1800,True,-0.9200,NONE,5.8500,5.0000,7.0000,5.0000,8,5.0000,5.0000,False,False,True,False,True,False,5.1600,7.7300,1.5000,SIDI_SHADOW_V1,0.2808,5.2285,-0.1432,1.4439,294,XLI,True,31.4380,19.4226,2.9004,3.7167,16.5330,0.0947,0.0510,0.1208,0.4282,0.0850,,47.9030,1.6160,1107425024.0000,959100032.0000,1.1547,29518997504,1.1470,3.8500,0.1100,387999429,5.2700,4.7100,5.3000,5.8800,0.0375,OK,0,5.5000,False,True,False,False,False,False,RSI40|VOLUME|FUND65|ABNORMAL20,False,3-7d,XLI,,CAT|UNP|HON,pmi_manufacturing|supply_chain|capex_cycle,NEXT_SESSION_OPEN,0.7500,-5.0000,7,1.5000,5,EXIT_AT_OPEN_IF_OPEN_BELOW_SL,SL_FIRST,10,PENDING_NEXT_OPEN,1.9612,1.4709,77.5509,72.2760,1.9334,Exact TP/SL are fixed from the actual T+1 opening/entry price,31,2026-10-29,False,2026-07-30,0.8600,0.8300,4.1000,ALCISTA FUERTE,10,771.3500,7.9100,52.5000,14.8700,SIDI_SHADOW_V1: Fund≥6.5 · DD60≥12% · RSI<40 · MACD↑ · Vol↓ · SPY20≤+1% · Abnormal20≤-10%,SIDI_SHADOW_V1,True
SOLV,Solventum,Health Care,Health Care Technology,2024-04-01,89.5000,88.5300,89.6800,88.1600,89.5000,2026-09-28,41.0900,41.3000,DOWN,-0.3058,-0.4064,-0.4722,True,0.4704,2.0147,0.8280,2.2510,87.1500,77.7800,88.9700,2.6900,15.0700,True,1.1771,ALCISTA,-3.1800,-4.9500,92.4400,94.1600,94.1600,62.3800,-4.9500,43.4800,0.6470,True,True,86.5300,1,88.6500,True,-3.3200,HAMMER|HAMMER|DOJI,7.2000,10.0000,6.0000,7.5000,7,5.0000,7.0000,False,False,False,False,True,True,4.5000,6.7500,1.5000,SIDI_SHADOW_V1,0.2808,-3.8363,0.3814,0.7430,294,XLV,True,10.9413,12.3784,3.1720,1.8333,17.6710,0.3396,0.0270,0.1726,0.5478,0.0220,0.0390,110.3130,1.0210,489000000.0000,1434000000.0000,0.3410,15235023872,0.6870,5.2600,,170223729,4.3700,0.6100,5.9100,6.9500,0.0321,FCF/NI:0.34|D/E:110,2,5.5000,False,True,False,False,False,False,DD12|RSI40|FUND65|ABNORMAL20,False,10-18d,XLV,,UNH|JNJ|LLY,fda_calendar|drug_pricing_policy|patent_cliffs,NEXT_SESSION_OPEN,0.7500,-5.0000,7,1.5000,5,EXIT_AT_OPEN_IF_OPEN_BELOW_SL,SL_FIRST,10,PENDING_NEXT_OPEN,2.0147,1.5110,91.0110,85.0250,1.6883,Exact TP/SL are fixed from the actual T+1 opening/entry price,38,2026-11-05,False,2026-08-05,2.5500,1.9100,33.8000,ALCISTA FUERTE,10,771.3500,7.9100,52.5000,14.8700,SIDI_SHADOW_V1: Fund≥6.5 · DD60≥12% · RSI<40 · MACD↑ · Vol↓ · SPY20≤+1% · Abnormal20≤-10%,SIDI_SHADOW_V1,True
ARE,Alexandria Real Estate Equities,Real Estate,Office REITs,2017-03-20,49.9300,50.3000,50.6600,49.3800,49.9300,2026-09-28,42.1700,55.8900,DOWN,-0.3103,-0.1576,0.1893,False,0.1617,1.8793,1.0080,3.7640,51.2000,49.4600,51.9800,-2.4700,0.9500,True,0.6453,NEUTRO,-11.3800,-12.8300,56.3400,57.2800,81.7500,38.9000,-38.9200,28.3600,0.8290,True,True,48.6700,3,54.8900,True,-2.5300,NONE,7.0300,8.5000,5.0000,7.5000,9,6.5000,5.0000,False,False,False,False,False,True,7.5300,11.2900,1.5000,SIDI_SHADOW_V1,0.2808,4.1950,0.3858,1.2632,294,XLRE,True,,-61.6420,0.5481,3.0253,14.0400,-0.0408,0.0093,-0.3608,0.6820,-0.1190,,68.6700,2.3500,1344973952.0000,-1030056000.0000,-1.3057,8592717824,1.1680,3.4800,5.7700,172095277,4.4600,2.5000,3.3800,8.0000,0.1565,FCF/NI:-1.31|RevG:-11.9%|ROE:-4.1%,3,5.4900,False,True,False,False,False,False,DD12|RSI40|MACD|FUND65|ABNORMAL20,False,7-15d,XLRE,,PLD|AMT|EQIX,interest_rates|cap_rates|occupancy_trends,NEXT_SESSION_OPEN,0.7500,-5.0000,7,1.5000,5,EXIT_AT_OPEN_IF_OPEN_BELOW_SL,SL_FIRST,10,PENDING_NEXT_OPEN,1.8793,1.4095,51.3395,47.4335,2.8229,Exact TP/SL are fixed from the actual T+1 opening/entry price,28,2026-10-26,False,2026-08-03,0.1500,0.1200,26.2000,ALCISTA FUERTE,10,771.3500,7.9100,52.5000,14.8700,SIDI_SHADOW_V1: Fund≥6.5 · DD60≥12% · RSI<40 · MACD↑ · Vol↓ · SPY20≤+1% · Abnormal20≤-10%,SIDI_SHADOW_V1,True
LOW,Lowe's,Consumer Discretionary,Home Improvement Retail,1984-02-29,189.2800,188.3600,190.5800,187.1500,189.2800,2026-09-28,24.9600,22.3300,UP,-0.3747,-0.4239,-0.3388,True,0.1343,4.2229,0.7820,2.2310,207.0000,231.3200,197.2300,-8.5600,-18.1700,False,-1.5138,BAJISTA,-16.2900,-16.7700,226.1000,227.4000,289.8700,187.1500,-34.7000,1.1400,1.0610,False,False,,0,223.4400,False,,NONE,6.5000,5.0000,9.5000,5.0000,4,10.0000,5.0000,False,False,True,True,True,False,4.4600,6.6900,1.5000,SIDI_SHADOW_V1,0.2808,-1.8033,-0.4366,1.0378,294,XLY,True,16.0000,14.5286,-14.2777,1.1743,11.3960,,0.1252,0.0735,0.3299,0.0830,0.0000,,1.1050,4615374848.0000,6624999936.0000,0.6967,106196303872,0.8460,2.9000,2.6400,561054019,4.8100,3.8700,4.9700,5.7100,0.0435,FCF/NI:0.70,1,5.4900,False,True,False,False,False,False,VOLUME|FUND65|ABNORMAL20,False,3-7d,XLY,,AMZN|TSLA|HD,consumer_spending|employment_data|interest_rates,NEXT_SESSION_OPEN,0.7500,-5.0000,7,1.5000,5,EXIT_AT_OPEN_IF_OPEN_BELOW_SL,SL_FIRST,10,PENDING_NEXT_OPEN,4.2229,3.1672,192.4472,179.8160,1.6733,Exact TP/SL are fixed from the actual T+1 opening/entry price,51,2026-11-18,False,2026-08-19,4.4000,4.2200,4.2000,ALCISTA FUERTE,10,771.3500,7.9100,52.5000,14.8700,SIDI_SHADOW_V1: Fund≥6.5 · DD60≥12% · RSI<40 · MACD↑ · Vol↓ · SPY20≤+1% · Abnormal20≤-10%,SIDI_SHADOW_V1,True
MSI,Motorola Solutions,Information Technology,Communications Equipment,1957-03-04,456.8800,454.9100,461.1300,454.6300,456.8800,2026-09-28,40.9700,30.3400,UP,-2.3085,-2.5561,-2.9468,True,0.2632,8.9877,0.8360,1.9670,456.2800,426.7100,462.8700,0.1300,7.0700,True,2.2757,ALCISTA,-6.7500,-7.4300,489.9700,493.5700,493.5700,356.4200,-7.4300,28.1900,0.6220,True,True,457.3700,1,477.6000,True,0.1100,NONE,7.4200,10.0000,7.0000,7.5000,7,6.5000,5.0000,False,False,False,False,True,True,3.9300,5.9000,1.5000,SIDI_SHADOW_V1,0.2808,-5.5009,1.2133,-0.5575,294,XLK,True,35.9748,23.5133,28.2985,6.1789,22.4950,0.9157,0.1125,0.1744,0.5211,0.1330,0.0950,357.8500,1.0990,1979000064.0000,2134000000.0000,0.9274,75610808320,0.8810,3.1600,1.0600,165493788,4.2000,1.3800,6.8200,4.4400,0.0262,D/E:358,1,5.4900,False,True,False,False,False,False,DD12|RSI40|FUND65|ABNORMAL20,False,10-18d,XLK,,AAPL|MSFT|NVDA,interest_rates|ai_capex_cycle|semiconductor_cycle,NEXT_SESSION_OPEN,0.7500,-5.0000,7,1.5000,5,EXIT_AT_OPEN_IF_OPEN_BELOW_SL,SL_FIRST,10,PENDING_NEXT_OPEN,8.9877,6.7408,463.6208,434.0360,1.4754,Exact TP/SL are fixed from the actual T+1 opening/entry price,38,2026-11-05,False,2026-08-05,4.4100,3.8500,14.4000,ALCISTA FUERTE,10,771.3500,7.9100,52.5000,14.8700,SIDI_SHADOW_V1: Fund≥6.5 · DD60≥12% · RSI<40 · MACD↑ · Vol↓ · SPY20≤+1% · Abnormal20≤-10%,SIDI_SHADOW_V1,True
P,Everpure,Information Technology,"Technology Hardware, Storage & Peripherals",2026-09-21,126.0000,122.8800,128.3600,122.3000,126.0000,2026-09-28,73.0800,64.4300,UP,2.4331,1.8378,1.0833,True,1.1168,7.0014,1.3070,5.5570,96.0300,77.0900,106.0200,31.2200,63.4400,True,2.6120,ALCISTA,0.0000,-4.1200,126.0000,131.4100,131.4100,56.7800,-4.1200,121.9100,0.8580,False,False,89.6400,1,,False,-28.8500,NONE,6.2500,10.0000,7.0000,5.0000,4,5.0000,5.0000,False,False,False,False,True,False,11.1100,16.6700,1.5000,SIDI_SHADOW_V1,0.2808,16.7148,-0.6839,1.4892,294,XLK,True,172.6027,33.0400,28.7934,9.8510,107.2730,0.1771,0.0303,0.0594,0.6973,0.3770,0.5000,14.6220,1.5110,-114351752.0000,253284992.0000,-0.4515,41986633728,1.4340,2.1500,,333227251,4.9600,7.2300,5.4700,1.7200,-0.0027,FCF/NI:-0.45,1,5.4800,False,True,False,False,False,False,DD12|RSI40|VOLUME|FUND65|ABNORMAL20,False,10-18d,XLK,,AAPL|MSFT|NVDA,interest_rates|ai_capex_cycle|semiconductor_cycle,NEXT_SESSION_OPEN,0.7500,-5.0000,7,1.5000,5,EXIT_AT_OPEN_IF_OPEN_BELOW_SL,SL_FIRST,10,PENDING_NEXT_OPEN,7.0014,5.2511,131.2510,119.7000,4.1675,Exact TP/SL are fixed from the actual T+1 opening/entry price,-33,2026-12-01,False,2026-08-26,0.7000,0.5800,21.0000,ALCISTA FUERTE,10,771.3500,7.9100,52.5000,14.8700,SIDI_SHADOW_V1: Fund≥6.5 · DD60≥12% · RSI<40 · MACD↑ · Vol↓ · SPY20≤+1% · Abnormal20≤-10%,SIDI_SHADOW_V1,True
MRK,Merck & Co.,Health Care,Pharmaceuticals,1957-03-04,148.7800,148.0600,149.9800,147.4800,148.7800,2026-09-28,48.2300,48.3300,DOWN,-0.3842,-0.4249,-0.4040,True,0.6383,3.2292,0.8790,2.1700,139.7200,120.2000,146.6100,6.4900,23.7800,True,4.5746,ALCISTA,-4.3400,-4.6300,155.5300,156.0000,156.0000,75.3700,-4.6300,97.4100,0.8390,True,True,144.8900,1,151.9000,True,-2.6100,DOJI,7.0000,10.0000,6.0000,7.5000,7,5.0000,5.0000,False,False,False,False,True,True,4.3400,6.5100,1.5000,SIDI_SHADOW_V1,0.2808,-2.2008,-0.1531,1.2532,294,XLV,True,119.0240,15.6068,8.7590,5.5141,14.3360,0.0696,0.1187,0.0477,0.7590,0.0510,,128.4080,1.3230,15171500032.0000,3172999936.0000,4.7814,367065792512,0.2260,3.1400,2.2900,2467171638,4.4700,4.1200,4.6400,4.6800,0.0413,D/E:128,1,5.4800,False,True,False,False,False,False,DD12|RSI40|FUND65|ABNORMAL20,False,10-18d,XLV,,UNH|JNJ|LLY,fda_calendar|drug_pricing_policy|patent_cliffs,NEXT_SESSION_OPEN,0.7500,-5.0000,7,1.5000,5,EXIT_AT_OPEN_IF_OPEN_BELOW_SL,SL_FIRST,10,PENDING_NEXT_OPEN,3.2292,2.4219,151.2019,141.3410,1.6278,Exact TP/SL are fixed from the actual T+1 opening/entry price,31,2026-10-29,False,2026-08-04,-0.1300,-0.2600,49.4000,ALCISTA FUERTE,10,771.3500,7.9100,52.5000,14.8700,SIDI_SHADOW_V1: Fund≥6.5 · DD60≥12% · RSI<40 · MACD↑ · Vol↓ · SPY20≤+1% · Abnormal20≤-10%,SIDI_SHADOW_V1,True
SW,Smurfit Westrock,Materials,Paper & Plastic Packaging Products & Materials,2024-07-08,46.4100,46.5400,46.6700,45.9000,46.4100,2026-09-28,52.5900,33.1300,UP,0.3009,0.2736,0.1680,True,0.7133,1.4229,0.8410,3.0660,46.5100,42.4300,45.6200,-0.2100,9.3700,True,2.6953,NEUTRO,-7.8100,-9.9200,50.3400,51.5200,51.5200,31.7900,-9.9200,46.0100,0.7290,True,True,47.3200,2,49.7400,True,1.9500,HAMMER|HAMMER,7.1000,8.5000,7.0000,7.5000,7,5.0000,7.0000,False,False,False,False,True,True,6.1300,9.2000,1.5000,SIDI_SHADOW_V1,0.2808,5.9912,0.4918,1.6684,294,XLB,True,49.3723,13.5266,1.3479,0.7771,8.2650,0.0272,0.0262,0.0159,0.1816,0.0110,,78.4270,1.4470,1215000064.0000,497000000.0000,2.4447,24343107584,0.9310,5.6500,3.9000,524522908,4.4000,2.5000,4.4500,6.5500,0.0499,OK,0,5.4800,False,True,False,False,False,False,DD12|RSI40|FUND65|ABNORMAL20,False,7-15d,XLB,,LIN|APD|ECL,commodity_prices|dxy|china_demand|energy_costs,NEXT_SESSION_OPEN,0.7500,-5.0000,7,1.5000,5,EXIT_AT_OPEN_IF_OPEN_BELOW_SL,SL_FIRST,10,PENDING_NEXT_OPEN,1.4229,1.0672,47.4772,44.0895,2.2995,Exact TP/SL are fixed from the actual T+1 opening/entry price,30,2026-10-28,False,2026-07-29,0.3500,0.4200,-16.9000,ALCISTA FUERTE,10,771.3500,7.9100,52.5000,14.8700,SIDI_SHADOW_V1: Fund≥6.5 · DD60≥12% · RSI<40 · MACD↑ · Vol↓ · SPY20≤+1% · Abnormal20≤-10%,SIDI_SHADOW_V1,True
LUV,Southwest Airlines,Industrials,Passenger Airlines,1994-07-01,42.6800,42.1900,42.7700,41.1900,42.6800,2026-09-28,69.6700,59.4500,UP,0.5755,0.5367,0.6067,True,1.0043,1.2707,0.8730,2.9770,42.6300,43.1000,40.8100,0.1300,-0.9700,False,1.5207,BAJISTA,-15.6100,-17.0400,50.5700,51.4500,54.3800,28.7500,-21.5100,48.4700,1.1710,False,False,40.4500,1,42.0100,False,-5.2200,NONE,5.8000,7.0000,7.0000,5.0000,5,5.0000,5.0000,False,False,True,False,True,False,5.9500,8.9300,1.5000,SIDI_SHADOW_V1,0.2808,14.0329,1.2279,0.6657,294,XLI,True,26.6750,9.0613,2.9483,0.6943,10.2560,0.1110,0.0232,0.0278,0.2240,0.1640,0.2050,97.2750,0.4890,-834750016.0000,837000000.0000,-0.9973,20879405056,1.1200,4.7600,1.6900,489208201,5.2600,8.8400,3.2400,3.4500,-0.0400,FCF/NI:-1.00|D/E:97,2,5.4800,False,True,False,False,False,False,RSI40|VOLUME|FUND65|ABNORMAL20,False,3-7d,XLI,,CAT|UNP|HON,pmi_manufacturing|supply_chain|capex_cycle,NEXT_SESSION_OPEN,0.7500,-5.0000,7,1.5000,5,EXIT_AT_OPEN_IF_OPEN_BELOW_SL,SL_FIRST,10,PENDING_NEXT_OPEN,1.2707,0.9530,43.6330,40.5460,2.2330,Exact TP/SL are fixed from the actual T+1 opening/entry price,23,2026-10-21,False,2026-07-22,0.9400,0.5200,80.2000,ALCISTA FUERTE,10,771.3500,7.9100,52.5000,14.8700,SIDI_SHADOW_V1: Fund≥6.5 · DD60≥12% · RSI<40 · MACD↑ · Vol↓ · SPY20≤+1% · Abnormal20≤-10%,SIDI_SHADOW_V1,True
AIG,American International Group,Financials,Multi-line Insurance,1980-03-31,74.1700,74.8500,74.8500,73.9500,74.1700,2026-09-28,40.3800,42.6300,DOWN,-0.0148,0.0442,0.0443,False,0.0826,1.3506,0.8890,1.8210,76.6400,76.3300,75.3500,-3.2200,-2.8300,True,0.0737,BAJISTA,-7.8900,-9.4500,80.5300,81.9100,85.6400,69.9000,-13.3900,6.1100,0.6780,True,True,73.8200,5,80.4700,True,-0.4700,NONE,7.1000,7.0000,5.0000,7.5000,10,8.0000,5.0000,False,False,False,False,False,True,3.6400,5.4600,1.5000,SIDI_SHADOW_V1,0.2808,4.0342,-0.4041,0.9926,294,XLF,True,13.5347,8.4413,0.9584,1.4504,4.5960,0.0722,0.0176,0.1109,0.3509,0.0050,-0.1010,22.4660,0.6120,7365000192.0000,2964999936.0000,2.4840,38782988288,0.5110,2.8800,2.7000,522893169,4.3800,0.0000,5.8700,7.7500,0.1899,OK,0,5.4700,False,True,False,False,False,False,DD12|RSI40|MACD|FUND65|ABNORMAL20,False,3-7d,XLF,,JPM|BAC|WFC,interest_rates|yield_curve|credit_spreads|loan_growth,NEXT_SESSION_OPEN,0.7500,-5.0000,7,1.5000,5,EXIT_AT_OPEN_IF_OPEN_BELOW_SL,SL_FIRST,10,PENDING_NEXT_OPEN,1.3506,1.0130,75.1830,70.4615,1.3657,Exact TP/SL are fixed from the actual T+1 opening/entry price,37,2026-11-04,False,2026-08-06,2.0000,1.9300,3.7000,ALCISTA FUERTE,10,771.3500,7.9100,52.5000,14.8700,SIDI_SHADOW_V1: Fund≥6.5 · DD60≥12% · RSI<40 · MACD↑ · Vol↓ · SPY20≤+1% · Abnormal20≤-10%,SIDI_SHADOW_V1,True
MSFT,Microsoft,Information Technology,Systems Software,1994-06-01,516.1700,499.0400,519.4000,497.2500,516.1700,2026-09-28,59.8900,38.8800,UP,-0.7997,-2.0415,-2.4346,True,1.0613,10.9457,0.8790,2.1210,475.4000,430.6100,497.2300,8.5800,19.8700,True,0.2957,ALCISTA,0.0000,-0.6200,516.1700,519.4000,549.2000,348.5400,-6.0100,48.0900,1.7490,True,True,486.0000,1,515.2700,False,-5.8400,HAMMER|DOJI,7.3500,10.0000,7.0000,9.5000,4,5.0000,7.0000,False,False,False,False,True,True,4.2400,6.3600,1.5000,SIDI_SHADOW_V1,0.2808,0.4690,1.0741,-0.0594,294,XLK,True,28.7400,21.8015,8.6657,11.5503,20.0000,0.3404,0.1409,0.4031,0.6794,0.1770,0.3170,29.1180,1.2300,16545500160.0000,133748998144.0000,0.1237,3832843862016,1.1080,3.2100,0.7600,7425545491,4.2100,3.3900,5.7400,3.3800,0.0043,FCF/NI:0.12,1,5.4700,False,True,False,False,False,False,DD12|RSI40|FUND65|ABNORMAL20,False,10-18d,XLK,,AAPL|NVDA|AVGO,interest_rates|ai_capex_cycle|semiconductor_cycle,NEXT_SESSION_OPEN,0.7500,-5.0000,7,1.5000,5,EXIT_AT_OPEN_IF_OPEN_BELOW_SL,SL_FIRST,10,PENDING_NEXT_OPEN,10.9457,8.2093,524.3793,490.3615,1.5904,Exact TP/SL are fixed from the actual T+1 opening/entry price,30,2026-10-28,False,2026-07-29,4.7400,4.2400,11.8000,ALCISTA FUERTE,10,771.3500,7.9100,52.5000,14.8700,SIDI_SHADOW_V1: Fund≥6.5 · DD60≥12% · RSI<40 · MACD↑ · Vol↓ · SPY20≤+1% · Abnormal20≤-10%,SIDI_SHADOW_V1,True
BDX,Becton Dickinson,Health Care,Health Care Equipment,1972-09-30,183.8200,179.2200,183.9200,177.8700,183.8200,2026-09-28,50.2300,37.9400,UP,-0.5805,-0.8350,-0.8588,True,0.5885,4.2731,0.9870,2.3250,176.7900,160.0200,181.8000,3.9800,14.8800,True,2.2744,ALCISTA,-3.7000,-4.2300,190.8700,191.9400,191.9400,124.4700,-4.2300,47.6800,0.7990,True,True,175.2000,1,186.6300,False,-4.6900,BULL_ENGULF,7.0000,10.0000,7.0000,7.5000,4,5.0000,7.5000,False,False,False,False,True,True,4.6500,6.9700,1.5000,SIDI_SHADOW_V1,0.2808,-1.7802,-0.0270,1.0036,294,XLV,True,31.8579,13.8289,2.0507,2.2269,10.8100,0.0661,0.0434,0.0419,0.4694,0.0540,-0.3140,68.8400,0.8650,4478374912.0000,1648000000.0000,2.7175,50070147072,0.2760,6.8000,2.2800,272386800,4.4300,1.7500,4.8200,7.1100,0.0894,OK,0,5.4600,False,True,False,False,False,False,DD12|RSI40|FUND65|ABNORMAL20,False,10-18d,XLV,,UNH|JNJ|LLY,fda_calendar|drug_pricing_policy|patent_cliffs,NEXT_SESSION_OPEN,0.7500,-5.0000,7,1.5000,5,EXIT_AT_OPEN_IF_OPEN_BELOW_SL,SL_FIRST,10,PENDING_NEXT_OPEN,4.2731,3.2048,187.0248,174.6290,1.7435,Exact TP/SL are fixed from the actual T+1 opening/entry price,38,2026-11-05,False,2026-08-06,3.2300,3.1400,2.9000,ALCISTA FUERTE,10,771.3500,7.9100,52.5000,14.8700,SIDI_SHADOW_V1: Fund≥6.5 · DD60≥12% · RSI<40 · MACD↑ · Vol↓ · SPY20≤+1% · Abnormal20≤-10%,SIDI_SHADOW_V1,True
CDW,CDW Corporation,Information Technology,Technology Distributors,2019-09-23,135.4300,140.0000,141.4500,135.3300,135.4300,2026-09-28,31.7200,48.3900,DOWN,-1.7054,-1.1854,-0.5798,False,-0.1155,5.8721,0.9220,4.3360,141.9700,130.8800,145.0800,-4.6100,3.4800,True,0.5445,NEUTRO,-12.0100,-14.3100,153.9200,158.0500,163.6700,96.0900,-17.2500,40.9400,0.7500,True,True,129.9500,2,137.3400,False,-4.0500,NONE,6.8000,8.5000,6.5000,7.5000,4,8.0000,5.0000,False,False,True,True,False,True,8.6700,13.0100,1.5000,SIDI_SHADOW_V1,0.2808,-12.5421,0.3191,0.0559,294,XLK,True,16.2776,11.2715,6.9487,0.7205,11.4370,0.4401,0.0659,0.0460,0.2136,0.1000,0.0490,263.2780,1.1670,676787520.0000,1080300032.0000,0.6265,16931108864,0.9410,5.6300,1.8600,125017426,4.5700,0.8400,5.7800,7.5200,0.0400,FCF/NI:0.63|D/E:263,2,5.4600,False,True,True,False,False,False,MACD|FUND65,False,7-15d,XLK,,AAPL|MSFT|NVDA,interest_rates|ai_capex_cycle|semiconductor_cycle,NEXT_SESSION_OPEN,0.7500,-5.0000,7,1.5000,5,EXIT_AT_OPEN_IF_OPEN_BELOW_SL,SL_FIRST,10,PENDING_NEXT_OPEN,5.8721,4.4041,139.8341,128.6585,3.2519,Exact TP/SL are fixed from the actual T+1 opening/entry price,36,2026-11-03,False,2026-08-05,2.9100,2.8000,4.0000,ALCISTA FUERTE,10,771.3500,7.9100,52.5000,14.8700,SIDI_SHADOW_V1: Fund≥6.5 · DD60≥12% · RSI<40 · MACD↑ · Vol↓ · SPY20≤+1% · Abnormal20≤-10%,SIDI_SHADOW_V1,True
TSLA,"Tesla, Inc.",Consumer Discretionary,Automobile Manufacturers,2020-12-21,372.1100,384.6200,386.8300,367.6700,372.1100,2026-09-28,63.9100,56.7700,UP,1.0780,1.6257,1.3798,False,0.6762,11.2086,0.7460,3.0120,348.2500,395.6200,365.6000,6.8500,-5.9400,False,-1.4421,BAJISTA,-11.3500,-13.9300,419.7700,432.3500,498.8300,297.3800,-25.4000,25.1300,1.1580,True,True,366.3700,3,409.2800,True,-1.5400,HAMMER|DOJI|HAMMER|DOJI,7.2500,6.5000,6.0000,7.5000,10,7.0000,7.0000,False,False,False,False,False,True,6.0200,9.0400,1.5000,SIDI_SHADOW_V1,0.2808,13.7208,1.0815,1.0454,294,XLY,True,344.5463,172.0454,16.9179,14.1834,134.1590,0.0467,0.0193,0.0367,0.1885,0.2550,-0.0300,18.3730,1.9410,4835999744.0000,3806000128.0000,1.2706,1469666033664,1.8450,1.7900,,3949547394,4.2500,5.0000,5.8500,1.5200,0.0033,OK,0,5.4500,False,True,False,False,False,False,DD12|RSI40|MACD|FUND65|ABNORMAL20,False,3-7d,XLY,,AMZN|HD|MCD,consumer_spending|employment_data|interest_rates,NEXT_SESSION_OPEN,0.7500,-5.0000,7,1.5000,5,EXIT_AT_OPEN_IF_OPEN_BELOW_SL,SL_FIRST,10,PENDING_NEXT_OPEN,11.2086,8.4064,380.5165,353.5045,2.2591,Exact TP/SL are fixed from the actual T+1 opening/entry price,23,2026-10-21,False,2026-07-22,0.3300,0.5400,-39.1000,ALCISTA FUERTE,10,771.3500,7.9100,52.5000,14.8700,SIDI_SHADOW_V1: Fund≥6.5 · DD60≥12% · RSI<40 · MACD↑ · Vol↓ · SPY20≤+1% · Abnormal20≤-10%,SIDI_SHADOW_V1,True
VZ,Verizon,Communication Services,Integrated Telecommunication Services,1983-11-30,47.0800,47.2300,47.3100,46.9000,47.0800,2026-09-28,32.5300,36.1800,DOWN,-0.5036,-0.5489,-0.5634,True,0.1484,1.1207,0.9790,2.3800,48.0900,45.3700,48.5500,-2.1000,3.7700,True,2.3343,NEUTRO,-8.4900,-8.8800,51.4500,51.6700,51.6700,36.5500,-8.8800,28.8000,0.6320,True,True,45.0700,2,48.2600,False,-4.2800,HAMMER|DOJI,7.2000,8.5000,7.5000,7.5000,4,8.0000,7.0000,False,False,False,True,True,True,4.7600,7.1400,1.5000,SIDI_SHADOW_V1,0.2808,-8.0668,-0.7531,0.6190,294,XLC,True,12.2604,8.9159,1.8823,1.4083,7.6100,0.1584,0.0505,0.1164,0.5945,-0.0070,-0.2200,184.0810,0.6040,17466624000.0000,16172000256.0000,1.0801,195606822912,0.2400,4.7700,6.0100,4154775202,4.2800,0.0000,5.3200,8.0400,0.0893,D/E:184,1,5.4500,False,True,False,False,False,False,DD12|FUND65|ABNORMAL20,False,7-15d,XLC,,GOOGL|META|NFLX,ad_spending_cycle|streaming_competition|regulation,NEXT_SESSION_OPEN,0.7500,-5.0000,7,1.5000,5,EXIT_AT_OPEN_IF_OPEN_BELOW_SL,SL_FIRST,10,PENDING_NEXT_OPEN,1.1207,0.8405,47.9205,44.7260,1.7853,Exact TP/SL are fixed from the actual T+1 opening/entry price,22,2026-10-20,False,2026-07-24,1.3000,1.2700,2.7000,ALCISTA FUERTE,10,771.3500,7.9100,52.5000,14.8700,SIDI_SHADOW_V1: Fund≥6.5 · DD60≥12% · RSI<40 · MACD↑ · Vol↓ · SPY20≤+1% · Abnormal20≤-10%,SIDI_SHADOW_V1,True
EQT,EQT Corporation,Energy,Oil & Gas Exploration & Production,2022-10-03,50.8100,51.1400,51.7900,50.6100,50.8100,2026-09-28,25.1100,22.7000,UP,-0.2903,-0.3325,-0.5722,True,0.2364,1.4907,1.0810,2.9340,52.9400,55.4200,52.3000,-4.0200,-8.3100,False,-1.0074,BAJISTA,-8.8600,-10.1000,55.7500,56.5200,67.8400,47.7900,-25.1000,6.3200,1.1880,False,False,51.0800,1,53.5700,True,0.5300,HAMMER|DOJI|BULL_ENGULF,6.8800,5.0000,9.5000,5.0000,7,6.5000,9.5000,False,False,False,True,True,False,5.8700,8.8000,1.5000,SIDI_SHADOW_V1,0.2808,-3.7942,0.2817,0.7136,294,XLE,True,11.7889,13.2982,1.2583,3.4197,5.8510,0.1108,0.0663,0.2918,0.8075,-0.0390,-0.7400,19.5950,0.6730,2460903936.0000,2711614976.0000,0.9075,31782469632,0.5760,3.5400,1.3000,625516000,4.4800,0.0000,5.9700,7.9600,0.0774,OK,0,5.4400,False,True,False,False,False,False,DD12|VOLUME|FUND65|ABNORMAL20,False,5-10d,XLE,,XOM|CVX|COP,oil_price|gas_price|opec_supply|inventories,NEXT_SESSION_OPEN,0.7500,-5.0000,7,1.5000,5,EXIT_AT_OPEN_IF_OPEN_BELOW_SL,SL_FIRST,10,PENDING_NEXT_OPEN,1.4907,1.1180,51.9280,48.2695,2.2004,Exact TP/SL are fixed from the actual T+1 opening/entry price,22,2026-10-20,False,2026-07-21,0.3900,0.4000,-3.3000,ALCISTA FUERTE,10,771.3500,7.9100,52.5000,14.8700,SIDI_SHADOW_V1: Fund≥6.5 · DD60≥12% · RSI<40 · MACD↑ · Vol↓ · SPY20≤+1% · Abnormal20≤-10%,SIDI_SHADOW_V1,True
PG,Procter & Gamble,Consumer Staples,Personal Care Products,1957-03-04,146.2300,145.9700,146.4000,145.3300,146.2300,2026-09-28,49.3200,58.7400,DOWN,0.0771,0.1355,0.2845,False,0.5394,2.1607,0.7540,1.4780,145.8600,146.0200,146.1100,0.2500,0.1500,False,0.1654,ALCISTA,-3.5500,-4.8500,151.6200,153.6800,164.7700,134.6200,-11.2500,8.6200,0.7190,True,True,141.1500,9,147.7700,True,-3.4700,HAMMER,7.3000,8.5000,5.0000,7.5000,9,7.0000,7.0000,False,False,False,False,False,True,2.9600,4.4300,1.5000,SIDI_SHADOW_V1,0.2808,6.3500,0.2224,0.9429,294,XLP,True,22.0891,19.7609,6.3725,3.9055,14.7860,0.3029,0.1072,0.1844,0.5087,0.0150,-0.1550,64.4900,0.6770,13280874496.0000,15754000384.0000,0.8430,339901841408,0.3770,2.5700,2.9800,2324433060,4.2000,0.4000,6.8100,5.5800,0.0391,OK,0,5.4400,False,True,False,False,False,False,DD12|RSI40|MACD|FUND65|ABNORMAL20,False,10-18d,XLP,,KO|PEP|WMT,inflation|input_costs|fx_rates,NEXT_SESSION_OPEN,0.7500,-5.0000,7,1.5000,5,EXIT_AT_OPEN_IF_OPEN_BELOW_SL,SL_FIRST,10,PENDING_NEXT_OPEN,2.1607,1.6205,147.8505,138.9185,1.1082,Exact TP/SL are fixed from the actual T+1 opening/entry price,24,2026-10-22,False,2026-07-29,1.4300,1.4100,1.6000,ALCISTA FUERTE,10,771.3500,7.9100,52.5000,14.8700,SIDI_SHADOW_V1: Fund≥6.5 · DD60≥12% · RSI<40 · MACD↑ · Vol↓ · SPY20≤+1% · Abnormal20≤-10%,SIDI_SHADOW_V1,True
Q,Qnity Electronics,Information Technology,Semiconductor Materials & Equipment,2025-11-03,124.6900,122.5800,125.3900,121.8000,124.6900,2026-09-28,55.6700,49.8300,UP,1.1847,1.0776,0.8882,True,0.7757,4.9344,0.6880,3.9570,128.5500,124.4500,122.8500,-3.0000,0.1900,True,3.1988,NEUTRO,-14.9400,-20.3200,146.5800,156.5000,177.1600,70.3200,-29.6200,77.3200,0.4840,True,True,122.5900,1,128.0800,True,-1.6900,HAMMER|DOJI|HAMMER|DOJI,7.4000,8.5000,7.0000,7.5000,7,7.0000,7.0000,False,False,True,False,True,True,7.9100,11.8700,1.5000,SIDI_SHADOW_V1,0.2808,-1.8069,0.2083,1.3206,229,XLK,True,44.3737,23.1846,3.5959,5.0101,19.6190,0.0672,0.0530,0.1125,0.4622,0.2210,-0.3430,59.9920,2.0080,772249984.0000,586000000.0000,1.3178,26102505472,,2.5500,0.2600,209339207,4.1400,2.4500,4.7300,5.4100,0.0296,OK,0,5.4400,False,True,False,False,False,False,RSI40|FUND65|ABNORMAL20,False,7-15d,XLK,,AAPL|MSFT|NVDA,interest_rates|ai_capex_cycle|semiconductor_cycle,NEXT_SESSION_OPEN,0.7500,-5.0000,7,1.5000,5,EXIT_AT_OPEN_IF_OPEN_BELOW_SL,SL_FIRST,10,PENDING_NEXT_OPEN,4.9344,3.7008,128.3908,118.4555,2.9680,Exact TP/SL are fixed from the actual T+1 opening/entry price,49,2026-11-16,False,2026-08-04,1.1900,1.0700,11.0000,ALCISTA FUERTE,10,771.3500,7.9100,52.5000,14.8700,SIDI_SHADOW_V1: Fund≥6.5 · DD60≥12% · RSI<40 · MACD↑ · Vol↓ · SPY20≤+1% · Abnormal20≤-10%,SIDI_SHADOW_V1,True
WM,Waste Management,Industrials,Environmental & Facilities Services,1998-08-31,206.8300,207.3000,207.9800,206.2100,206.8300,2026-09-28,24.8900,34.1000,DOWN,-0.5555,-0.5937,-0.6847,True,0.1005,3.2155,0.7240,1.5550,222.2800,223.2300,213.5100,-6.9500,-7.3500,False,0.2550,BAJISTA,-14.2400,-15.9400,241.1800,246.0600,246.0600,190.9200,-15.9400,8.3300,0.7730,False,False,209.9600,3,228.4700,True,1.5100,HAMMER|DOJI,7.5000,5.5000,8.5000,5.0000,10,10.0000,7.0000,False,False,True,True,True,False,3.1100,4.6600,1.5000,SIDI_SHADOW_V1,0.2808,-3.2213,-0.8014,0.2522,294,XLI,True,29.2546,22.6877,8.3349,3.2210,13.5670,0.2984,0.0657,0.1111,0.4060,0.0400,0.0830,235.3010,0.9070,2348375040.0000,2852999936.0000,0.8231,82673098752,0.4310,2.6800,1.8300,399715184,4.0600,2.1400,5.5000,4.6300,0.0284,D/E:235,1,5.4400,False,True,False,False,False,False,VOLUME|FUND65|ABNORMAL20,False,5-10d,XLI,,CAT|UNP|HON,pmi_manufacturing|supply_chain|capex_cycle,NEXT_SESSION_OPEN,0.7500,-5.0000,7,1.5000,5,EXIT_AT_OPEN_IF_OPEN_BELOW_SL,SL_FIRST,10,PENDING_NEXT_OPEN,3.2155,2.4116,209.2416,196.4885,1.1660,Exact TP/SL are fixed from the actual T+1 opening/entry price,29,2026-10-27,False,2026-07-28,2.0200,1.9800,2.1000,ALCISTA FUERTE,10,771.3500,7.9100,52.5000,14.8700,SIDI_SHADOW_V1: Fund≥6.5 · DD60≥12% · RSI<40 · MACD↑ · Vol↓ · SPY20≤+1% · Abnormal20≤-10%,SIDI_SHADOW_V1,True
ELV,Elevance Health,Health Care,Managed Health Care,2002-07-25,396.0900,400.0000,405.1300,394.6900,396.0900,2026-09-28,43.2200,60.4100,DOWN,-2.3850,-2.0309,-0.8157,False,0.2381,10.7934,0.9260,2.7250,395.3800,361.8500,404.3400,0.1800,9.4600,True,2.4192,ALCISTA,-6.7900,-8.8100,424.9400,434.3500,434.3500,270.8700,-8.8100,46.2300,1.0010,True,True,389.4100,2,405.3500,True,-1.6900,HAMMER,7.2200,10.0000,5.0000,7.5000,7,6.5000,7.0000,False,False,False,False,False,True,5.4500,8.1700,1.5000,SIDI_SHADOW_V1,0.2808,-4.7201,0.0841,0.4698,294,XLV,True,17.5106,13.4088,1.9136,0.4271,9.5590,0.1113,0.0383,0.0247,0.2599,0.0140,-0.1310,68.9530,1.5180,4306375168.0000,4962999808.0000,0.8677,85899755520,0.6960,5.1200,1.7400,216869290,4.2400,0.0800,5.5200,7.6100,0.0501,OK,0,5.4300,False,True,False,False,False,False,DD12|RSI40|MACD|FUND65|ABNORMAL20,False,10-18d,XLV,,UNH|JNJ|LLY,fda_calendar|drug_pricing_policy|patent_cliffs,NEXT_SESSION_OPEN,0.7500,-5.0000,7,1.5000,5,EXIT_AT_OPEN_IF_OPEN_BELOW_SL,SL_FIRST,10,PENDING_NEXT_OPEN,10.7934,8.0951,404.1850,376.2855,2.0437,Exact TP/SL are fixed from the actual T+1 opening/entry price,23,2026-10-21,False,2026-07-15,7.4500,6.2100,20.0000,ALCISTA FUERTE,10,771.3500,7.9100,52.5000,14.8700,SIDI_SHADOW_V1: Fund≥6.5 · DD60≥12% · RSI<40 · MACD↑ · Vol↓ · SPY20≤+1% · Abnormal20≤-10%,SIDI_SHADOW_V1,True
SRE,Sempra,Utilities,Multi-Utilities,2017-03-17,77.9300,77.4700,78.0000,77.0800,77.9300,2026-09-28,24.4100,39.6600,DOWN,-0.3235,-0.3124,-0.1194,False,0.0508,1.4710,0.7850,1.8880,84.7500,88.9200,81.3400,-8.0500,-12.3600,False,-0.8368,BAJISTA,-17.5700,-18.1600,94.5400,95.2200,99.4900,77.0800,-21.6700,1.1000,0.6690,True,True,78.9300,1,85.6000,True,1.2800,NONE,7.0500,5.0000,7.5000,7.5000,7,10.0000,5.0000,False,False,True,True,False,True,3.7800,5.6600,1.5000,SIDI_SHADOW_V1,0.2808,0.7469,-0.1099,1.0279,294,XLU,True,22.5884,14.0764,1.5587,3.7602,16.7170,0.0668,0.0196,0.1682,0.4399,-0.0010,0.7130,84.6630,1.6420,-27657750528.0000,2262000128.0000,-12.2271,50958454784,0.5640,2.8000,3.3700,653900348,4.3200,5.0000,4.8100,2.9500,-0.5428,FCF/NI:-12.23,1,5.4100,False,True,False,False,False,False,MACD|FUND65|ABNORMAL20,False,3-7d,XLU,,NEE|DUK|SO,interest_rates|regulatory_environment,NEXT_SESSION_OPEN,0.7500,-5.0000,7,1.5000,5,EXIT_AT_OPEN_IF_OPEN_BELOW_SL,SL_FIRST,10,PENDING_NEXT_OPEN,1.4710,1.1033,79.0333,74.0335,1.4157,Exact TP/SL are fixed from the actual T+1 opening/entry price,37,2026-11-04,False,2026-08-06,1.1600,1.0600,9.7000,ALCISTA FUERTE,10,771.3500,7.9100,52.5000,14.8700,SIDI_SHADOW_V1: Fund≥6.5 · DD60≥12% · RSI<40 · MACD↑ · Vol↓ · SPY20≤+1% · Abnormal20≤-10%,SIDI_SHADOW_V1,True
WAT,Waters Corporation,Health Care,Life Sciences Tools & Services,2002-01-02,433.5400,428.7100,435.9300,425.6700,433.5400,2026-09-28,67.2700,55.0700,UP,1.1539,0.8365,0.8654,True,0.9665,10.6636,0.9030,2.4600,403.6000,362.3900,418.1100,7.4200,19.6300,True,0.7035,ALCISTA,0.0000,-0.6400,433.5400,436.3400,436.3400,282.7700,-0.6400,53.3200,1.0090,False,False,394.4800,2,426.2200,False,-9.0100,BULL_ENGULF,6.5000,10.0000,7.0000,5.0000,4,5.0000,7.5000,False,False,False,False,True,False,4.9200,7.3800,1.5000,SIDI_SHADOW_V1,0.2808,0.1792,0.8394,0.6226,294,XLV,True,109.7570,26.2010,2.8025,9.1656,32.7350,0.0192,0.0356,0.0359,0.5634,1.1340,,36.0450,1.8610,-142067632.0000,166628992.0000,-0.8526,42567495680,1.1940,5.0600,,98185855,4.6900,7.5000,4.0200,2.1800,-0.0033,FCF/NI:-0.85,1,5.4100,False,True,False,False,False,False,DD12|RSI40|VOLUME|FUND65|ABNORMAL20,False,10-18d,XLV,,UNH|JNJ|LLY,fda_calendar|drug_pricing_policy|patent_cliffs,NEXT_SESSION_OPEN,0.7500,-5.0000,7,1.5000,5,EXIT_AT_OPEN_IF_OPEN_BELOW_SL,SL_FIRST,10,PENDING_NEXT_OPEN,10.6636,7.9977,441.5377,411.8630,1.8447,Exact TP/SL are fixed from the actual T+1 opening/entry price,32,2026-10-30,False,2026-08-04,3.0500,3.0100,1.4000,ALCISTA FUERTE,10,771.3500,7.9100,52.5000,14.8700,SIDI_SHADOW_V1: Fund≥6.5 · DD60≥12% · RSI<40 · MACD↑ · Vol↓ · SPY20≤+1% · Abnormal20≤-10%,SIDI_SHADOW_V1,True
EG,Everest Group,Financials,Reinsurance,2017-06-19,370.4300,373.5000,376.9500,367.6700,370.4300,2026-09-28,40.1200,49.3200,DOWN,-0.8002,-0.7139,-0.6516,False,0.2776,7.5779,0.9640,2.0460,373.4400,343.4700,373.2600,-0.8100,7.8500,True,1.8952,NEUTRO,-6.5900,-7.1400,396.5400,398.9000,398.9000,297.1600,-7.1400,24.6600,0.6590,True,True,340.0800,1,377.1700,False,-8.1900,NONE,6.2800,8.5000,5.0000,7.5000,4,6.5000,5.0000,False,False,False,False,False,True,4.0900,6.1400,1.5000,SIDI_SHADOW_V1,0.2808,1.6926,-0.5890,0.8946,294,XLF,True,7.8315,6.1973,0.9291,0.8442,,0.1257,0.0249,0.1138,0.1528,-0.1130,-0.1150,23.2600,0.3880,2064625024.0000,1890000000.0000,1.0924,14203299840,0.2770,6.2200,2.1600,38342734,4.8200,0.0000,6.2600,8.7500,0.1454,RevG:-11.3%,1,5.4000,False,True,False,False,False,False,DD12|RSI40|MACD|FUND65|ABNORMAL20,False,7-15d,XLF,,JPM|BAC|WFC,interest_rates|yield_curve|credit_spreads|loan_growth,NEXT_SESSION_OPEN,0.7500,-5.0000,7,1.5000,5,EXIT_AT_OPEN_IF_OPEN_BELOW_SL,SL_FIRST,10,PENDING_NEXT_OPEN,7.5779,5.6834,376.1134,351.9085,1.5343,Exact TP/SL are fixed from the actual T+1 opening/entry price,30,2026-10-28,False,2026-07-29,14.8500,14.5300,2.2000,ALCISTA FUERTE,10,771.3500,7.9100,52.5000,14.8700,SIDI_SHADOW_V1: Fund≥6.5 · DD60≥12% · RSI<40 · MACD↑ · Vol↓ · SPY20≤+1% · Abnormal20≤-10%,SIDI_SHADOW_V1,True
FDS,FactSet,Financials,Financial Exchanges & Data,2021-12-20,273.0800,269.8700,276.5800,269.3800,273.0800,2026-09-28,33.7200,38.0200,DOWN,-1.7881,-1.8675,-1.9875,True,0.3061,12.2257,1.0180,4.4770,280.1400,247.7800,281.1300,-2.5200,10.2100,True,0.5805,NEUTRO,-12.9100,-14.7900,313.5500,320.4800,320.4800,182.4700,-14.7900,49.6600,0.4810,True,True,255.8700,1,270.0800,False,-6.3000,NONE,6.5500,8.5000,7.5000,7.5000,4,5.0000,5.0000,True,True,True,True,True,True,8.9500,13.4300,1.5000,SIDI_SHADOW_V1,0.2808,-5.8626,-1.0479,1.6319,294,XLF,True,17.9895,13.8444,4.8074,3.9829,11.7730,0.2703,0.1108,0.2321,0.5138,0.0640,-0.0960,77.2840,0.6830,621161344.0000,565969984.0000,1.0975,9712238592,0.7110,4.2400,1.7000,35565543,4.6300,1.1600,6.4600,6.5300,0.0640,OK,0,5.4000,False,True,False,True,False,False,FUND65|ABNORMAL20,False,7-15d,XLF,,JPM|BAC|WFC,interest_rates|yield_curve|credit_spreads|loan_growth,NEXT_SESSION_OPEN,0.7500,-5.0000,7,1.5000,5,EXIT_AT_OPEN_IF_OPEN_BELOW_SL,SL_FIRST,10,PENDING_NEXT_OPEN,12.2257,9.1693,282.2493,259.4260,3.3577,Exact TP/SL are fixed from the actual T+1 opening/entry price,2,2026-09-30,True,2026-07-01,4.5300,4.4500,1.8000,ALCISTA FUERTE,10,771.3500,7.9100,52.5000,14.8700,SIDI_SHADOW_V1: Fund≥6.5 · DD60≥12% · RSI<40 · MACD↑ · Vol↓ · SPY20≤+1% · Abnormal20≤-10%,SIDI_SHADOW_V1,True
OKE,Oneok,Energy,Oil & Gas Storage & Transportation,2010-03-15,88.6300,90.7000,90.7200,87.7400,88.6300,2026-09-28,30.1900,44.8500,DOWN,-0.8393,-0.7509,-0.7796,False,-0.0416,2.5943,1.0820,2.9270,92.5200,84.9500,92.8600,-4.2100,4.3300,True,3.0737,NEUTRO,-9.1100,-11.2400,97.5100,99.8500,99.8500,61.6700,-11.2400,43.7100,0.7780,True,True,83.0600,5,90.4900,False,-6.2900,HAMMER|HAMMER,7.3000,8.5000,6.5000,7.5000,6,8.0000,7.0000,False,False,False,True,False,True,5.8500,8.7800,1.5000,SIDI_SHADOW_V1,0.2808,-7.4332,-0.1825,0.9212,294,XLE,True,15.3074,14.2109,2.4358,1.4193,11.5870,0.1628,0.0577,0.0929,0.2721,0.5280,0.1420,143.0700,0.7370,899875008.0000,3656000000.0000,0.2461,55873167360,0.7190,7.9600,4.8300,630409203,4.1400,4.4300,3.9700,4.0100,0.0161,FCF/NI:0.25|D/E:143,2,5.4000,False,True,False,False,False,False,DD12|MACD|FUND65|ABNORMAL20,False,7-15d,XLE,,XOM|CVX|COP,oil_price|gas_price|opec_supply|inventories,NEXT_SESSION_OPEN,0.7500,-5.0000,7,1.5000,5,EXIT_AT_OPEN_IF_OPEN_BELOW_SL,SL_FIRST,10,PENDING_NEXT_OPEN,2.5943,1.9457,90.5757,84.1985,2.1953,Exact TP/SL are fixed from the actual T+1 opening/entry price,29,2026-10-27,False,2026-08-03,1.5300,1.4500,5.6000,ALCISTA FUERTE,10,771.3500,7.9100,52.5000,14.8700,SIDI_SHADOW_V1: Fund≥6.5 · DD60≥12% · RSI<40 · MACD↑ · Vol↓ · SPY20≤+1% · Abnormal20≤-10%,SIDI_SHADOW_V1,True
CTVA,Corteva,Materials,Fertilizers & Agricultural Chemicals,2019-06-03,78.5200,78.9700,78.9800,77.3300,78.5200,2026-09-28,18.2300,41.3400,DOWN,-0.6653,-0.6467,-0.7202,False,0.1356,2.5114,1.0850,3.1980,82.3600,78.2100,81.6600,-4.6600,0.4000,True,2.3948,NEUTRO,-13.0600,-13.5900,90.3200,90.8700,90.8700,59.9700,-13.5900,30.9300,0.8410,True,True,78.2100,2,80.8800,True,-0.3900,HAMMER,7.6500,8.5000,7.5000,7.5000,7,8.0000,7.0000,False,True,True,True,False,True,6.4000,9.6000,1.5000,SIDI_SHADOW_V1,0.2808,-0.6003,-0.7537,0.9137,294,XLB,True,47.5879,19.0391,2.0817,2.9412,12.8990,0.0426,0.0455,0.0566,0.4954,-0.0120,-0.0990,19.1910,1.5160,2417250048.0000,1084999936.0000,2.2279,52388229120,0.5770,4.3100,0.9200,667196000,3.8800,0.0000,5.9800,5.9500,0.0461,OK,0,5.3900,False,True,False,False,False,False,MACD|FUND65|ABNORMAL20,False,7-15d,XLB,,LIN|APD|ECL,commodity_prices|dxy|china_demand|energy_costs,NEXT_SESSION_OPEN,0.7500,-5.0000,7,1.5000,5,EXIT_AT_OPEN_IF_OPEN_BELOW_SL,SL_FIRST,10,PENDING_NEXT_OPEN,2.5114,1.8836,80.4035,74.5940,2.3988,Exact TP/SL are fixed from the actual T+1 opening/entry price,36,2026-11-03,False,2026-07-30,2.3000,2.2300,2.9000,ALCISTA FUERTE,10,771.3500,7.9100,52.5000,14.8700,SIDI_SHADOW_V1: Fund≥6.5 · DD60≥12% · RSI<40 · MACD↑ · Vol↓ · SPY20≤+1% · Abnormal20≤-10%,SIDI_SHADOW_V1,True
JKHY,Jack Henry & Associates,Financials,Transaction & Payment Processing Services,2018-11-13,147.7900,147.7700,148.3100,146.5200,147.7900,2026-09-28,27.9600,32.1100,DOWN,-1.9187,-2.0587,-2.0412,True,0.1231,4.9786,1.0060,3.3690,157.4700,157.5200,155.8400,-6.1500,-6.1800,False,-0.5977,BAJISTA,-14.5700,-15.2400,172.9900,174.3600,191.1300,120.6000,-22.6800,22.5400,0.5460,True,True,148.6500,1,155.3600,True,0.5800,HAMMER|DOJI|HAMMER|DOJI,7.3000,5.0000,8.5000,7.5000,8,8.0000,7.0000,True,True,True,True,True,True,6.7400,10.1100,1.5000,SIDI_SHADOW_V1,0.2808,-8.9101,-0.4911,0.7208,294,XLF,True,21.2037,18.7809,5.0468,4.0725,14.8500,0.2404,0.1299,0.1976,0.4390,0.0470,-0.1040,3.7930,1.1670,352223744.0000,502776000.0000,0.7006,10361942016,0.5640,4.1900,1.6500,70112608,4.1100,0.7200,7.0100,4.6900,0.0340,FCF/NI:0.70,1,5.3900,False,True,False,True,False,False,FUND65|ABNORMAL20,False,5-10d,XLF,,JPM|BAC|WFC,interest_rates|yield_curve|credit_spreads|loan_growth,NEXT_SESSION_OPEN,0.7500,-5.0000,7,1.5000,5,EXIT_AT_OPEN_IF_OPEN_BELOW_SL,SL_FIRST,10,PENDING_NEXT_OPEN,4.9786,3.7340,151.5239,140.4005,2.5265,Exact TP/SL are fixed from the actual T+1 opening/entry price,36,2026-11-03,False,2026-08-18,1.5300,1.4400,6.4000,ALCISTA FUERTE,10,771.3500,7.9100,52.5000,14.8700,SIDI_SHADOW_V1: Fund≥6.5 · DD60≥12% · RSI<40 · MACD↑ · Vol↓ · SPY20≤+1% · Abnormal20≤-10%,SIDI_SHADOW_V1,True
WEC,WEC Energy Group,Utilities,Electric Utilities,2008-10-31,101.4500,101.0000,101.6700,100.1400,101.4500,2026-09-28,29.8700,34.7300,DOWN,-0.2609,-0.2901,-0.1387,True,0.0969,1.5350,0.7910,1.5130,107.4000,109.8100,104.2200,-5.5400,-7.6100,False,-0.2424,BAJISTA,-13.8800,-14.6600,117.8000,118.8700,118.8700,100.1400,-14.6600,1.3100,1.0750,False,False,,0,107.6700,False,,NONE,6.4500,5.0000,8.5000,5.0000,5,10.0000,5.0000,False,False,True,True,True,False,3.0300,4.5400,1.5000,SIDI_SHADOW_V1,0.2808,2.8480,-0.1979,0.9683,294,XLU,True,19.6990,16.9114,2.4254,3.2609,14.2410,0.1199,0.0303,0.1669,0.4191,0.0260,0.1970,157.9850,0.5340,-2353637376.0000,1691500032.0000,-1.3914,33057417216,0.4570,6.2000,3.7600,325849383,4.6900,6.2700,4.6600,2.8800,-0.0712,FCF/NI:-1.39|D/E:158,2,5.3900,False,True,False,False,False,False,VOLUME|FUND65|ABNORMAL20,False,3-7d,XLU,,NEE|DUK|SO,interest_rates|regulatory_environment,NEXT_SESSION_OPEN,0.7500,-5.0000,7,1.5000,5,EXIT_AT_OPEN_IF_OPEN_BELOW_SL,SL_FIRST,10,PENDING_NEXT_OPEN,1.5350,1.1512,102.6013,96.3775,1.1348,Exact TP/SL are fixed from the actual T+1 opening/entry price,31,2026-10-29,False,2026-07-29,0.9100,0.8100,12.3000,ALCISTA FUERTE,10,771.3500,7.9100,52.5000,14.8700,SIDI_SHADOW_V1: Fund≥6.5 · DD60≥12% · RSI<40 · MACD↑ · Vol↓ · SPY20≤+1% · Abnormal20≤-10%,SIDI_SHADOW_V1,True
DHI,D. R. Horton,Consumer Discretionary,Homebuilding,2005-06-22,141.5100,140.5700,142.2000,139.7200,141.5100,2026-09-28,47.9600,34.2300,UP,0.4666,0.3835,0.3595,True,0.5656,3.7893,0.8480,2.6780,144.7300,148.2700,141.4900,-2.2200,-4.5600,False,-0.4938,BAJISTA,-10.4900,-11.2900,158.1000,159.5200,174.1300,130.9600,-18.7300,8.0500,1.1010,False,False,143.5800,3,152.7100,True,1.4600,NONE,6.1500,5.0000,7.0000,5.0000,10,5.0000,5.0000,False,False,False,False,True,False,5.3600,8.0300,1.5000,SIDI_SHADOW_V1,0.2808,1.7431,0.1548,0.8518,294,XLY,True,13.4900,12.2260,1.6678,1.1868,10.9700,0.1263,0.0688,0.0915,0.2130,0.0000,-0.0480,29.4510,6.0110,2413900032.0000,3052900096.0000,0.7907,39580528640,1.3710,4.9300,1.2700,279701267,4.8700,0.0000,6.7100,8.4100,0.0610,OK,0,5.3800,False,True,False,False,False,False,DD12|RSI40|VOLUME|FUND65|ABNORMAL20,False,3-7d,XLY,,AMZN|TSLA|HD,consumer_spending|employment_data|interest_rates,NEXT_SESSION_OPEN,0.7500,-5.0000,7,1.5000,5,EXIT_AT_OPEN_IF_OPEN_BELOW_SL,SL_FIRST,10,PENDING_NEXT_OPEN,3.7893,2.8420,144.3520,134.4345,2.0083,Exact TP/SL are fixed from the actual T+1 opening/entry price,31,2026-10-29,False,2026-07-21,3.2000,2.9900,7.1000,ALCISTA FUERTE,10,771.3500,7.9100,52.5000,14.8700,SIDI_SHADOW_V1: Fund≥6.5 · DD60≥12% · RSI<40 · MACD↑ · Vol↓ · SPY20≤+1% · Abnormal20≤-10%,SIDI_SHADOW_V1,True
ECL,Ecolab,Materials,Specialty Chemicals,1989-01-31,279.4900,276.3600,280.6600,273.1400,279.4900,2026-09-28,51.5300,18.5500,UP,0.3714,-0.0160,-0.5761,True,0.7015,5.0456,0.8570,1.8050,277.4600,272.0000,276.1200,0.7300,2.7500,True,0.5416,ALCISTA,-3.5700,-5.1100,289.8300,294.5500,306.7900,241.8500,-8.9000,15.5600,0.8430,True,True,272.6100,1,278.7000,True,-2.4600,HAMMER,7.4000,10.0000,7.0000,7.5000,7,5.0000,7.0000,False,False,False,False,True,True,3.6100,5.4200,1.5000,SIDI_SHADOW_V1,0.2808,4.3604,-0.2017,0.9627,294,XLB,True,37.4651,29.6814,7.7917,4.6519,21.0750,0.2196,0.0723,0.1257,0.4421,0.0970,0.0330,138.0230,1.8410,1474824960.0000,2116400000.0000,0.6969,78349041664,0.8900,3.6200,1.0400,280328603,4.0400,2.9000,5.6200,3.5200,0.0188,FCF/NI:0.70|D/E:138,2,5.3800,False,True,False,False,False,False,DD12|RSI40|FUND65|ABNORMAL20,False,10-18d,XLB,,LIN|APD|NEM,commodity_prices|dxy|china_demand|energy_costs,NEXT_SESSION_OPEN,0.7500,-5.0000,7,1.5000,5,EXIT_AT_OPEN_IF_OPEN_BELOW_SL,SL_FIRST,10,PENDING_NEXT_OPEN,5.0456,3.7842,283.2742,265.5155,1.3540,Exact TP/SL are fixed from the actual T+1 opening/entry price,29,2026-10-27,False,2026-07-28,2.0900,2.0800,48.0000,ALCISTA FUERTE,10,771.3500,7.9100,52.5000,14.8700,SIDI_SHADOW_V1: Fund≥6.5 · DD60≥12% · RSI<40 · MACD↑ · Vol↓ · SPY20≤+1% · Abnormal20≤-10%,SIDI_SHADOW_V1,True
ERIE,Erie Indemnity,Financials,Insurance Brokers,2024-09-23,222.8600,218.9600,226.3000,216.7500,222.8600,2026-09-28,27.2000,30.5800,DOWN,-3.3213,-3.3993,-2.2911,True,0.0576,7.9064,0.8210,3.5480,245.1600,248.7100,240.4200,-9.1000,-10.3900,False,-1.6360,BAJISTA,-17.0400,-17.9100,268.6400,271.4700,325.0700,203.4700,-31.4400,9.5300,0.4520,True,True,209.2800,3,227.8300,False,-6.0900,NONE,6.8000,5.0000,8.5000,7.5000,6,8.0000,5.0000,True,False,True,True,True,True,7.1000,10.6400,1.5000,SIDI_SHADOW_V1,0.2808,-7.6816,-1.2273,1.4318,294,XLF,True,20.2416,15.9072,4.7235,2.8288,13.6670,0.2481,0.1415,0.1401,0.1790,0.0280,0.0320,2.5600,1.2460,481207744.0000,577001024.0000,0.8340,11653319680,0.3050,8.1800,2.6200,46189068,4.4300,0.2200,7.8600,5.3300,0.0413,OK,0,5.3800,False,True,False,True,False,False,FUND65|ABNORMAL20,False,3-7d,XLF,,JPM|BAC|WFC,interest_rates|yield_curve|credit_spreads|loan_growth,NEXT_SESSION_OPEN,0.7500,-5.0000,7,1.5000,5,EXIT_AT_OPEN_IF_OPEN_BELOW_SL,SL_FIRST,10,PENDING_NEXT_OPEN,7.9064,5.9298,228.7898,211.7170,2.6608,Exact TP/SL are fixed from the actual T+1 opening/entry price,31,2026-10-29,False,2026-07-30,3.4500,3.3500,2.9000,ALCISTA FUERTE,10,771.3500,7.9100,52.5000,14.8700,SIDI_SHADOW_V1: Fund≥6.5 · DD60≥12% · RSI<40 · MACD↑ · Vol↓ · SPY20≤+1% · Abnormal20≤-10%,SIDI_SHADOW_V1,True
ILMN,"Illumina, Inc.",Health Care,Life Sciences Tools & Services,2026-09-21,270.0000,272.1600,276.9700,267.6600,270.0000,2026-09-28,74.3800,62.9400,UP,4.9818,4.7497,2.8788,True,0.9894,12.2193,1.4340,4.5260,210.8000,159.2900,233.7800,28.0900,69.5000,True,6.8615,ALCISTA,-1.4200,-2.8600,273.9000,277.9500,277.9500,88.0000,-2.8600,206.8200,1.2700,False,False,200.0100,1,,False,-25.9200,NONE,6.2500,10.0000,7.0000,5.0000,4,5.0000,5.0000,False,False,False,False,True,False,9.0500,13.5800,1.5000,SIDI_SHADOW_V1,0.2808,10.4165,0.7164,0.5262,294,XLV,True,50.2793,44.2267,14.3655,9.0721,36.4750,0.3234,0.0867,0.1834,0.6793,0.0940,-0.0940,89.0420,1.7960,797625024.0000,824000000.0000,0.9680,40769998848,1.4670,5.5200,,151000000,4.8000,3.4200,7.5100,3.2400,0.0196,D/E:89,1,5.3800,False,True,False,False,False,False,DD12|RSI40|VOLUME|FUND65|ABNORMAL20,False,10-18d,XLV,,UNH|JNJ|LLY,fda_calendar|drug_pricing_policy|patent_cliffs,NEXT_SESSION_OPEN,0.7500,-5.0000,7,1.5000,5,EXIT_AT_OPEN_IF_OPEN_BELOW_SL,SL_FIRST,10,PENDING_NEXT_OPEN,12.2193,9.1645,279.1645,256.5000,3.3942,Exact TP/SL are fixed from the actual T+1 opening/entry price,31,2026-10-29,False,2026-07-30,1.3100,1.2300,6.8000,ALCISTA FUERTE,10,771.3500,7.9100,52.5000,14.8700,SIDI_SHADOW_V1: Fund≥6.5 · DD60≥12% · RSI<40 · MACD↑ · Vol↓ · SPY20≤+1% · Abnormal20≤-10%,SIDI_SHADOW_V1,True
TPL,Texas Pacific Land Corporation,Energy,Oil & Gas Exploration & Production,2024-11-26,341.0700,333.8800,343.3800,332.2100,341.0700,2026-09-28,41.7200,44.4200,DOWN,-2.2354,-2.2895,-0.5924,True,0.1178,15.6929,0.9500,4.6010,373.4200,394.8400,357.5800,-8.6600,-13.6200,False,1.4299,BAJISTA,-21.1200,-21.8800,432.4100,436.6000,544.8600,268.0800,-37.4000,27.2200,0.7280,False,False,334.5600,1,394.5700,True,-1.9100,HAMMER|DOJI,6.2500,5.5000,6.0000,5.0000,7,8.0000,7.0000,False,False,True,False,True,False,9.2000,13.8000,1.5000,SIDI_SHADOW_V1,0.2808,0.8899,0.7857,0.9083,294,XLE,True,43.5038,4.6645,15.1197,26.2107,31.4120,0.3657,0.2581,0.6032,0.9334,0.3120,0.3270,1.0770,4.5520,-32836124.0000,541416000.0000,-0.0606,23525193728,0.6180,12.5900,0.7000,68974683,4.8000,3.8700,8.2500,1.8600,-0.0014,FCF/NI:-0.06,1,5.3800,False,True,False,False,False,False,RSI40|VOLUME|FUND65|ABNORMAL20,False,3-7d,XLE,,XOM|CVX|COP,oil_price|gas_price|opec_supply|inventories,NEXT_SESSION_OPEN,0.7500,-5.0000,7,1.5000,5,EXIT_AT_OPEN_IF_OPEN_BELOW_SL,SL_FIRST,10,PENDING_NEXT_OPEN,15.6929,11.7697,352.8397,324.0165,3.4508,Exact TP/SL are fixed from the actual T+1 opening/entry price,37,2026-11-04,False,2026-08-05,2.2300,2.1800,2.1000,ALCISTA FUERTE,10,771.3500,7.9100,52.5000,14.8700,SIDI_SHADOW_V1: Fund≥6.5 · DD60≥12% · RSI<40 · MACD↑ · Vol↓ · SPY20≤+1% · Abnormal20≤-10%,SIDI_SHADOW_V1,True
AXON,Axon Enterprise,Industrials,Aerospace & Defense,2023-05-04,430.1100,444.1400,449.6800,429.5600,430.1100,2026-09-28,26.7500,23.6800,UP,-3.4796,-3.5746,-5.8460,True,0.1818,21.5229,0.6630,5.0040,538.3900,500.5100,484.7100,-20.1100,-14.0700,True,-1.1306,BAJISTA,-33.3900,-35.3300,645.7200,665.0700,764.0200,339.0100,-43.7000,26.8700,0.8140,False,False,436.7200,2,515.8000,True,1.5400,HAMMER|DOJI,7.2200,6.5000,9.5000,5.0000,7,8.5000,7.0000,False,False,True,True,True,False,10.0100,15.0100,1.5000,SIDI_SHADOW_V1,0.2808,-34.6941,1.9461,-0.4736,294,XLI,True,178.4689,40.7576,9.5088,10.8543,218.6420,0.0622,0.0051,0.0619,0.5952,0.3530,-0.1820,50.3630,2.1490,222160000.0000,199298000.0000,1.1147,34941022208,1.3990,4.3300,,81237415,4.1400,5.0000,5.2000,1.8900,0.0064,OK,0,5.3700,False,True,True,False,False,False,VOLUME|FUND65,False,5-10d,XLI,,CAT|UNP|HON,pmi_manufacturing|supply_chain|capex_cycle,NEXT_SESSION_OPEN,0.7500,-5.0000,7,1.5000,5,EXIT_AT_OPEN_IF_OPEN_BELOW_SL,SL_FIRST,10,PENDING_NEXT_OPEN,21.5229,16.1422,446.2522,408.6045,3.7530,Exact TP/SL are fixed from the actual T+1 opening/entry price,36,2026-11-03,False,2026-08-05,1.8800,1.8400,2.0000,ALCISTA FUERTE,10,771.3500,7.9100,52.5000,14.8700,SIDI_SHADOW_V1: Fund≥6.5 · DD60≥12% · RSI<40 · MACD↑ · Vol↓ · SPY20≤+1% · Abnormal20≤-10%,SIDI_SHADOW_V1,True
FERG,Ferguson Enterprises,Industrials,Trading Companies & Distributors,2026-08-05,222.7400,220.1200,224.2200,218.9700,222.7400,2026-09-28,39.7900,30.7600,UP,0.8291,0.5009,-0.1547,True,0.6003,4.9857,0.7530,2.2380,232.0700,236.2600,222.7200,-4.0200,-5.7200,False,-0.8840,BAJISTA,-15.2400,-16.5300,262.8000,266.8400,268.5900,212.1300,-17.0700,5.0000,0.8910,True,True,218.9900,7,236.2200,True,-1.6900,HAMMER|DOJI,7.4500,5.0000,8.5000,7.5000,10,7.0000,7.0000,True,True,True,True,True,True,4.4800,6.7200,1.5000,SIDI_SHADOW_V1,0.2808,0.7655,0.0910,1.0311,294,XLI,True,21.9232,17.7706,6.9489,1.3703,16.1340,,,0.0632,0.3063,0.0460,0.0690,111.0630,1.7290,,1987399936.0000,,43089661952,1.1120,4.4000,1.6000,193452717,3.9800,2.0200,4.9000,5.2000,,D/E:111,1,5.3700,False,True,False,True,False,False,FUND65|ABNORMAL20,False,3-7d,XLI,,CAT|UNP|HON,pmi_manufacturing|supply_chain|capex_cycle,NEXT_SESSION_OPEN,0.7500,-5.0000,7,1.5000,5,EXIT_AT_OPEN_IF_OPEN_BELOW_SL,SL_FIRST,10,PENDING_NEXT_OPEN,4.9857,3.7393,226.4793,211.6030,1.6788,Exact TP/SL are fixed from the actual T+1 opening/entry price,42,2026-11-09,False,2026-08-10,3.3900,3.3000,2.8000,ALCISTA FUERTE,10,771.3500,7.9100,52.5000,14.8700,SIDI_SHADOW_V1: Fund≥6.5 · DD60≥12% · RSI<40 · MACD↑ · Vol↓ · SPY20≤+1% · Abnormal20≤-10%,SIDI_SHADOW_V1,True
PCG,PG&E Corporation,Utilities,Multi-Utilities,2022-10-03,12.3400,12.3800,12.4200,12.1700,12.3400,2026-09-28,22.0000,29.8100,DOWN,-0.0553,-0.0718,-0.0701,True,0.1785,0.4529,0.7560,3.6700,16.0100,16.5500,13.8100,-22.9400,-25.4200,False,-1.3031,BAJISTA,-32.7900,-33.0800,18.3600,18.4400,19.0500,12.0200,-35.2200,2.6600,0.5460,False,False,,0,14.9200,False,,HAMMER,6.2700,5.0000,8.5000,5.0000,4,8.5000,7.0000,False,False,True,True,True,False,7.3400,11.0100,1.5000,SIDI_SHADOW_V1,0.2808,-26.9304,0.0533,1.0103,294,XLU,True,8.8777,6.8494,0.8408,1.4340,8.8720,0.0932,0.0257,0.1183,0.3982,0.0010,0.3980,189.4500,1.2160,-6150125056.0000,3056000000.0000,-2.0125,37049208832,0.2450,0.0000,1.6200,2202366906,4.7700,5.0000,4.3100,5.0500,-0.1660,FCF/NI:-2.01|D/E:189,2,5.3700,False,True,True,False,False,False,VOLUME|FUND65,False,3-7d,XLU,,NEE|DUK|SO,interest_rates|regulatory_environment,NEXT_SESSION_OPEN,0.7500,-5.0000,7,1.5000,5,EXIT_AT_OPEN_IF_OPEN_BELOW_SL,SL_FIRST,10,PENDING_NEXT_OPEN,0.4529,0.3397,12.6797,11.7230,2.7526,Exact TP/SL are fixed from the actual T+1 opening/entry price,24,2026-10-22,False,2026-07-23,0.4000,0.3600,11.6000,ALCISTA FUERTE,10,771.3500,7.9100,52.5000,14.8700,SIDI_SHADOW_V1: Fund≥6.5 · DD60≥12% · RSI<40 · MACD↑ · Vol↓ · SPY20≤+1% · Abnormal20≤-10%,SIDI_SHADOW_V1,True
ALGN,Align Technology,Health Care,Health Care Supplies,2017-06-19,146.7800,145.5700,148.1700,144.2000,146.7800,2026-09-28,34.5700,36.0200,DOWN,0.1188,0.0848,0.2043,True,0.2070,4.5493,0.7070,3.0990,163.1000,170.7700,152.5100,-10.0000,-14.0500,False,0.4755,BAJISTA,-22.0900,-23.1400,188.3900,190.9700,200.4400,122.0000,-26.7700,20.3100,0.9000,False,False,,0,165.1600,False,,NONE,5.9700,5.5000,7.5000,5.0000,4,8.5000,5.0000,False,False,True,True,True,False,6.2000,9.3000,1.5000,SIDI_SHADOW_V1,0.2808,-2.5770,1.2505,0.6157,294,XLV,True,25.5270,11.7375,2.4708,2.5189,10.2040,0.1016,0.0756,0.0999,0.7074,0.0430,-0.1210,2.8550,1.3950,594111360.0000,413577984.0000,1.4365,10427230208,1.6430,4.5900,,71039852,4.9400,1.2900,6.6200,7.2300,0.0570,OK,0,5.3500,False,True,False,False,False,False,VOLUME|FUND65|ABNORMAL20,False,3-7d,XLV,,UNH|JNJ|LLY,fda_calendar|drug_pricing_policy|patent_cliffs,NEXT_SESSION_OPEN,0.7500,-5.0000,7,1.5000,5,EXIT_AT_OPEN_IF_OPEN_BELOW_SL,SL_FIRST,10,PENDING_NEXT_OPEN,4.5493,3.4120,150.1920,139.4410,2.3246,Exact TP/SL are fixed from the actual T+1 opening/entry price,30,2026-10-28,False,2026-07-29,2.6400,2.6000,1.7000,ALCISTA FUERTE,10,771.3500,7.9100,52.5000,14.8700,SIDI_SHADOW_V1: Fund≥6.5 · DD60≥12% · RSI<40 · MACD↑ · Vol↓ · SPY20≤+1% · Abnormal20≤-10%,SIDI_SHADOW_V1,True
CPRT,Copart,Industrials,Diversified Support Services,2018-07-02,27.5900,27.8800,27.9900,27.5400,27.5900,2026-09-28,18.8200,32.1500,DOWN,-0.4722,-0.4653,-0.4882,False,0.0675,1.0514,0.9740,3.8110,30.5000,33.7800,30.1500,-9.5500,-18.3300,False,-2.6385,BAJISTA,-19.6300,-20.3300,34.3300,34.6300,45.8900,26.8100,-39.8800,2.9100,1.0550,True,True,27.8500,1,30.9300,True,0.9400,HAMMER,6.9500,5.0000,7.5000,7.5000,7,8.0000,7.0000,False,True,True,True,False,True,7.6200,11.4300,1.5000,SIDI_SHADOW_V1,0.2808,-14.7990,-0.0186,-0.0234,294,XLI,True,17.8000,15.5832,2.8116,5.6958,11.2610,0.1616,0.1027,0.3181,0.4898,0.0240,-0.1460,0.9700,7.9120,885121728.0000,1484269952.0000,0.5963,26577678336,1.0290,3.2600,,963308388,4.2700,0.2700,6.4700,6.3700,0.0333,FCF/NI:0.60,1,5.3400,False,True,True,False,False,False,MACD|FUND65,False,3-7d,XLI,,CAT|UNP|HON,pmi_manufacturing|supply_chain|capex_cycle,NEXT_SESSION_OPEN,0.7500,-5.0000,7,1.5000,5,EXIT_AT_OPEN_IF_OPEN_BELOW_SL,SL_FIRST,10,PENDING_NEXT_OPEN,1.0514,0.7885,28.3786,26.2105,2.8581,Exact TP/SL are fixed from the actual T+1 opening/entry price,52,2026-11-19,False,2026-09-10,0.3500,0.3800,-8.5000,ALCISTA FUERTE,10,771.3500,7.9100,52.5000,14.8700,SIDI_SHADOW_V1: Fund≥6.5 · DD60≥12% · RSI<40 · MACD↑ · Vol↓ · SPY20≤+1% · Abnormal20≤-10%,SIDI_SHADOW_V1,True
CMI,Cummins,Industrials,Construction Machinery & Heavy Transportation Equipment,1965-03-31,525.0600,525.2000,529.4700,520.0000,525.0600,2026-09-28,27.8400,32.8100,DOWN,1.0320,0.6062,0.4724,True,0.2076,14.5564,0.6820,2.7720,593.0100,599.7500,545.5800,-11.4600,-12.4500,False,1.0613,BAJISTA,-22.3000,-23.8100,675.7200,689.1600,735.0200,394.9500,-28.5700,32.9500,0.6960,False,False,,0,658.5600,False,,HAMMER|HAMMER|DOJI,6.3800,5.5000,8.5000,5.0000,4,8.5000,7.0000,False,False,True,True,True,False,5.5400,8.3200,1.5000,SIDI_SHADOW_V1,0.2808,-1.6809,0.1382,1.5329,294,XLI,True,26.8161,15.1645,5.6264,2.0875,15.4790,0.2111,0.0700,0.0782,0.2577,0.0940,0.0470,59.5860,1.7270,2229374976.0000,2715000064.0000,0.8211,72452538368,1.2260,3.5700,1.6800,137989067,4.6400,3.0600,5.8600,5.0800,0.0308,OK,0,5.3400,False,True,False,False,False,False,VOLUME|FUND65|ABNORMAL20,False,3-7d,XLI,,CAT|UNP|HON,pmi_manufacturing|supply_chain|capex_cycle,NEXT_SESSION_OPEN,0.7500,-5.0000,7,1.5000,5,EXIT_AT_OPEN_IF_OPEN_BELOW_SL,SL_FIRST,10,PENDING_NEXT_OPEN,14.5564,10.9173,535.9773,498.8070,2.0792,Exact TP/SL are fixed from the actual T+1 opening/entry price,38,2026-11-05,False,2026-08-04,6.7300,7.1700,-6.1000,ALCISTA FUERTE,10,771.3500,7.9100,52.5000,14.8700,SIDI_SHADOW_V1: Fund≥6.5 · DD60≥12% · RSI<40 · MACD↑ · Vol↓ · SPY20≤+1% · Abnormal20≤-10%,SIDI_SHADOW_V1,True
EXE,Expand Energy,Energy,Oil & Gas Exploration & Production,2025-03-24,86.8400,87.3800,88.1350,86.4000,86.8400,2026-09-28,17.9900,18.6700,DOWN,-0.9081,-1.0041,-1.3390,True,0.1747,2.5944,1.0730,2.9880,93.2900,98.1300,91.4100,-6.9100,-11.5100,False,-2.2774,BAJISTA,-13.1400,-13.2800,99.9800,100.1400,124.4300,84.4800,-30.2100,2.8000,0.7990,False,False,85.8500,1,93.1200,True,-1.1400,NONE,6.2300,5.0000,8.5000,5.0000,7,6.5000,5.0000,False,False,True,True,True,False,5.9800,8.9600,1.5000,SIDI_SHADOW_V1,0.2808,-9.0923,0.2464,0.7243,294,XLE,True,7.4862,10.1508,1.0485,1.6412,3.4470,0.1489,0.0849,0.2197,0.4707,-0.1060,-0.4550,19.2070,0.9590,1466249984.0000,2780999936.0000,0.5272,20774631424,0.3230,3.7700,2.6500,239228849,4.7500,0.0000,5.7400,9.1300,0.0706,FCF/NI:0.53|RevG:-10.6%,2,5.3400,False,True,False,False,False,False,VOLUME|FUND65|ABNORMAL20,False,5-10d,XLE,,XOM|CVX|COP,oil_price|gas_price|opec_supply|inventories,NEXT_SESSION_OPEN,0.7500,-5.0000,7,1.5000,5,EXIT_AT_OPEN_IF_OPEN_BELOW_SL,SL_FIRST,10,PENDING_NEXT_OPEN,2.5944,1.9458,88.7858,82.4980,2.2407,Exact TP/SL are fixed from the actual T+1 opening/entry price,29,2026-10-27,False,2026-07-28,1.3300,1.1200,19.1000,ALCISTA FUERTE,10,771.3500,7.9100,52.5000,14.8700,SIDI_SHADOW_V1: Fund≥6.5 · DD60≥12% · RSI<40 · MACD↑ · Vol↓ · SPY20≤+1% · Abnormal20≤-10%,SIDI_SHADOW_V1,True
APTV,Aptiv,Consumer Discretionary,Automotive Parts & Equipment,2012-12-24,44.7900,44.0000,45.0700,43.5400,44.7900,2026-09-28,36.5000,40.5800,DOWN,0.3164,0.2632,0.2100,True,0.4854,1.4329,0.7400,3.1990,49.0600,64.1800,45.2200,-8.7100,-30.2200,False,-4.7991,BAJISTA,-26.0500,-27.9100,60.5700,62.1300,88.9300,42.9900,-49.6300,4.1900,0.6070,True,True,44.5200,1,48.2400,True,-0.6000,NONE,6.6000,5.0000,7.5000,7.5000,7,7.0000,5.0000,True,True,True,True,True,True,6.4000,9.6000,1.5000,SIDI_SHADOW_V1,0.2808,10.0277,0.2493,0.7692,294,XLY,True,20.2670,6.8423,1.0662,0.4620,4.3990,0.0516,0.0672,0.0107,0.1925,0.0230,-0.3530,64.9380,2.0180,1615874944.0000,470000000.0000,3.4380,9478483968,1.3300,1.5900,,211620527,4.4900,0.7100,5.2800,7.9600,0.1705,OK,0,5.3300,False,True,False,True,False,False,FUND65|ABNORMAL20,False,3-7d,XLY,,AMZN|TSLA|HD,consumer_spending|employment_data|interest_rates,NEXT_SESSION_OPEN,0.7500,-5.0000,7,1.5000,5,EXIT_AT_OPEN_IF_OPEN_BELOW_SL,SL_FIRST,10,PENDING_NEXT_OPEN,1.4329,1.0747,45.8647,42.5505,2.3994,Exact TP/SL are fixed from the actual T+1 opening/entry price,31,2026-10-29,False,2026-08-04,1.6300,1.4300,14.1000,ALCISTA FUERTE,10,771.3500,7.9100,52.5000,14.8700,SIDI_SHADOW_V1: Fund≥6.5 · DD60≥12% · RSI<40 · MACD↑ · Vol↓ · SPY20≤+1% · Abnormal20≤-10%,SIDI_SHADOW_V1,True
DRI,Darden Restaurants,Consumer Discretionary,Restaurants,1995-05-31,199.7500,204.9100,207.1700,198.0600,199.7500,2026-09-28,33.8700,42.9500,DOWN,-1.0147,-0.4267,-0.4845,False,-0.1109,5.3279,0.9330,2.6670,211.6400,201.7300,211.0200,-5.6200,-0.9800,True,2.0714,BAJISTA,-12.2700,-13.0600,227.6800,229.7600,229.7600,165.1300,-13.0600,20.9600,1.5030,False,False,189.3200,5,207.0700,False,-5.2200,NONE,6.4500,7.0000,6.5000,5.0000,7,8.0000,5.0000,False,False,True,True,False,False,5.3300,8.0000,1.5000,SIDI_SHADOW_V1,0.2808,-4.8475,-0.4486,0.5057,294,XLY,True,19.1148,16.1124,10.3225,1.6968,14.4900,0.5543,0.0765,0.0885,0.2166,0.0510,-0.0670,414.3930,0.2980,1020687488.0000,1190099968.0000,0.8576,22679965696,0.5900,6.0800,3.2400,113541756,4.5600,2.1800,5.7200,5.9700,0.0450,D/E:414,1,5.3200,False,True,False,False,False,False,MACD|VOLUME|FUND65|ABNORMAL20,False,3-7d,XLY,,AMZN|TSLA|HD,consumer_spending|employment_data|interest_rates,NEXT_SESSION_OPEN,0.7500,-5.0000,7,1.5000,5,EXIT_AT_OPEN_IF_OPEN_BELOW_SL,SL_FIRST,10,PENDING_NEXT_OPEN,5.3279,3.9959,203.7459,189.7625,2.0005,Exact TP/SL are fixed from the actual T+1 opening/entry price,87,2026-12-24,False,2026-09-24,2.0500,2.0500,-17.0000,ALCISTA FUERTE,10,771.3500,7.9100,52.5000,14.8700,SIDI_SHADOW_V1: Fund≥6.5 · DD60≥12% · RSI<40 · MACD↑ · Vol↓ · SPY20≤+1% · Abnormal20≤-10%,SIDI_SHADOW_V1,True
PKG,Packaging Corporation of America,Materials,Paper & Plastic Packaging Products & Materials,2017-07-26,237.1800,239.3800,239.6500,236.5200,237.1800,2026-09-28,51.9200,43.2700,UP,1.0645,1.1710,0.8423,False,0.7150,5.1770,0.8330,2.1830,241.6000,223.0300,236.7300,-1.8300,6.3500,True,1.8370,NEUTRO,-7.2700,-8.1800,255.7700,258.3100,258.3100,186.7700,-8.1800,26.9900,0.7880,True,True,223.9700,5,241.9300,False,-5.5700,NONE,6.5500,8.5000,6.0000,7.5000,6,5.0000,5.0000,False,False,False,False,False,True,4.3700,6.5500,1.5000,SIDI_SHADOW_V1,0.2808,3.5664,0.0512,0.9864,294,XLB,True,30.7626,18.0781,4.5055,2.2164,12.4070,0.1489,0.0828,0.0726,0.2139,0.1470,-0.1950,94.4740,2.9410,432950016.0000,687400000.0000,0.6298,21132333056,0.7970,5.9100,2.5300,89098299,4.4800,4.0500,5.3600,3.9800,0.0205,FCF/NI:0.63|D/E:94,2,5.3100,False,True,False,False,False,False,DD12|RSI40|MACD|FUND65|ABNORMAL20,False,7-15d,XLB,,LIN|APD|ECL,commodity_prices|dxy|china_demand|energy_costs,NEXT_SESSION_OPEN,0.7500,-5.0000,7,1.5000,5,EXIT_AT_OPEN_IF_OPEN_BELOW_SL,SL_FIRST,10,PENDING_NEXT_OPEN,5.1770,3.8827,241.0627,225.3210,1.6370,Exact TP/SL are fixed from the actual T+1 opening/entry price,23,2026-10-21,False,2026-07-22,2.3500,2.3100,1.6000,ALCISTA FUERTE,10,771.3500,7.9100,52.5000,14.8700,SIDI_SHADOW_V1: Fund≥6.5 · DD60≥12% · RSI<40 · MACD↑ · Vol↓ · SPY20≤+1% · Abnormal20≤-10%,SIDI_SHADOW_V1,True
KR,Kroger,Consumer Staples,Food Retail,1957-03-04,58.7400,58.6300,58.9800,57.7000,58.7400,2026-09-28,50.5300,59.9700,DOWN,-0.1349,-0.1115,0.0720,False,0.4886,1.6929,1.0750,2.8820,57.8300,62.9500,58.8100,1.5800,-6.6900,False,-0.9075,BAJISTA,-5.6400,-6.0900,62.2500,62.5500,75.6600,53.7800,-22.3600,9.2200,1.3350,False,False,54.9700,7,59.2000,False,-6.4100,HAMMER|DOJI,5.8000,6.5000,5.0000,5.0000,7,5.0000,7.0000,False,False,False,False,False,False,5.7600,8.6500,1.5000,SIDI_SHADOW_V1,0.2808,8.7491,-0.7142,0.9772,294,XLP,True,31.7514,10.6626,5.9945,0.2323,7.1090,0.1444,0.0580,0.0073,0.2390,0.0200,0.1530,413.2400,0.7020,2535500032.0000,1078000000.0000,2.3520,34691178496,0.4060,4.4400,2.6600,590588700,4.9700,4.0300,4.5900,6.5000,0.0731,D/E:413,1,5.3000,False,True,False,False,False,False,DD12|RSI40|MACD|VOLUME|FUND65|ABNORMAL20,False,3-7d,XLP,,PG|KO|PEP,inflation|input_costs|fx_rates,NEXT_SESSION_OPEN,0.7500,-5.0000,7,1.5000,5,EXIT_AT_OPEN_IF_OPEN_BELOW_SL,SL_FIRST,10,PENDING_NEXT_OPEN,1.6929,1.2697,60.0097,55.8030,2.1615,Exact TP/SL are fixed from the actual T+1 opening/entry price,66,2026-12-03,False,2026-09-11,1.0900,1.0500,3.6000,ALCISTA FUERTE,10,771.3500,7.9100,52.5000,14.8700,SIDI_SHADOW_V1: Fund≥6.5 · DD60≥12% · RSI<40 · MACD↑ · Vol↓ · SPY20≤+1% · Abnormal20≤-10%,SIDI_SHADOW_V1,True
META,Meta Platforms,Communication Services,Interactive Media & Services,2013-12-23,751.6600,768.8500,769.5700,746.5400,751.6600,2026-09-28,76.5600,77.8700,DOWN,11.7291,13.4553,11.8043,False,0.8617,29.6081,1.2740,3.9390,615.3200,625.4200,677.3600,22.1600,20.1800,False,0.5881,ALCISTA,-3.3300,-3.6100,777.5900,779.8200,779.8200,519.3700,-3.6100,44.7300,1.1230,False,False,592.6900,2,,False,-21.1500,NONE,5.5500,8.5000,5.0000,5.0000,4,5.0000,5.0000,False,False,False,False,False,False,7.8800,11.8200,1.5000,SIDI_SHADOW_V1,0.2808,27.2225,0.5063,1.4757,294,XLC,True,28.3325,21.4965,7.3318,8.3894,17.6640,0.2985,0.1459,0.2983,0.8175,0.2800,-0.1340,42.9970,2.2260,21553625088.0000,68097998848.0000,0.3165,1914858373120,1.2430,1.6800,0.2800,2205128509,5.1400,5.0000,7.2000,2.9000,0.0113,FCF/NI:0.32,1,5.3000,False,True,False,False,False,False,DD12|RSI40|MACD|VOLUME|FUND65|ABNORMAL20,False,10-18d,XLC,,GOOGL|NFLX|DIS,ad_spending_cycle|streaming_competition|regulation,NEXT_SESSION_OPEN,0.7500,-5.0000,7,1.5000,5,EXIT_AT_OPEN_IF_OPEN_BELOW_SL,SL_FIRST,10,PENDING_NEXT_OPEN,29.6081,22.2061,773.8661,714.0770,2.9543,Exact TP/SL are fixed from the actual T+1 opening/entry price,30,2026-10-28,False,2026-07-29,6.1800,7.2200,-14.4000,ALCISTA FUERTE,10,771.3500,7.9100,52.5000,14.8700,SIDI_SHADOW_V1: Fund≥6.5 · DD60≥12% · RSI<40 · MACD↑ · Vol↓ · SPY20≤+1% · Abnormal20≤-10%,SIDI_SHADOW_V1,True
GPC,Genuine Parts Company,Consumer Discretionary,Distributors,1973-12-31,129.6100,129.3000,131.0900,128.3400,129.6100,2026-09-28,28.3200,29.0900,DOWN,-0.7167,-0.8795,-1.1414,True,0.2786,3.2707,0.8470,2.5240,130.7600,118.0700,131.1700,-0.8800,9.7700,True,0.7615,NEUTRO,-6.3600,-6.6300,138.4100,138.8100,147.4300,89.1100,-12.0900,45.4500,0.5520,True,True,108.6500,1,127.6000,False,-16.1700,HAMMER|DOJI|HAMMER|DOJI|HAMMER,7.1700,8.5000,8.5000,7.5000,4,6.5000,7.0000,False,False,False,True,True,True,5.0500,7.5700,1.5000,SIDI_SHADOW_V1,0.2808,-4.5413,-0.5546,0.9324,294,XLY,True,518.4400,15.6067,3.9478,0.7127,11.6830,0.0071,0.0448,0.0013,0.3756,0.0600,-0.0980,146.4150,1.1590,917241984.0000,32766000.0000,27.9937,17868003328,0.6560,7.5500,3.2800,137859758,4.0400,2.6600,4.0600,5.6400,0.0513,D/E:146,1,5.2900,False,True,False,False,False,False,DD12|FUND65|ABNORMAL20,False,7-15d,XLY,,AMZN|TSLA|HD,consumer_spending|employment_data|interest_rates,NEXT_SESSION_OPEN,0.7500,-5.0000,7,1.5000,5,EXIT_AT_OPEN_IF_OPEN_BELOW_SL,SL_FIRST,10,PENDING_NEXT_OPEN,3.2707,2.4530,132.0630,123.1295,1.8926,Exact TP/SL are fixed from the actual T+1 opening/entry price,22,2026-10-20,False,2026-07-21,2.1500,2.0800,3.5000,ALCISTA FUERTE,10,771.3500,7.9100,52.5000,14.8700,SIDI_SHADOW_V1: Fund≥6.5 · DD60≥12% · RSI<40 · MACD↑ · Vol↓ · SPY20≤+1% · Abnormal20≤-10%,SIDI_SHADOW_V1,True
LULU,Lululemon Athletica,Consumer Discretionary,"Apparel, Accessories & Luxury Goods",2023-10-18,101.3000,101.4800,103.8000,99.4200,101.3000,2026-09-28,51.1700,26.8400,UP,0.4806,0.3639,-0.1173,True,0.3952,3.7007,0.8090,3.6530,113.7300,147.3800,104.7300,-10.9300,-31.2600,False,-4.5124,BAJISTA,-21.2200,-21.3900,128.5800,128.8600,225.9800,95.3500,-55.1700,6.2400,0.6280,False,False,95.3500,1,122.0000,False,-5.8700,HAMMER|HAMMER|DOJI,5.4500,5.0000,7.0000,5.0000,4,5.0000,7.0000,False,False,True,False,True,False,7.3100,10.9600,1.5000,SIDI_SHADOW_V1,0.2808,0.4264,-0.3724,1.2186,294,XLY,True,8.3374,11.7161,2.3613,1.0109,5.0200,0.3090,0.1440,0.1278,0.5490,-0.0430,-0.0590,44.6890,2.1900,1148515840.0000,1417976960.0000,0.8100,11214925824,0.8640,1.9200,,105594064,5.1900,0.0000,7.0300,9.0900,0.1024,OK,0,5.2900,False,True,False,False,False,False,RSI40|VOLUME|FUND65|ABNORMAL20,False,3-7d,XLY,,AMZN|TSLA|HD,consumer_spending|employment_data|interest_rates,NEXT_SESSION_OPEN,0.7500,-5.0000,7,1.5000,5,EXIT_AT_OPEN_IF_OPEN_BELOW_SL,SL_FIRST,10,PENDING_NEXT_OPEN,3.7007,2.7755,104.0755,96.2350,2.7399,Exact TP/SL are fixed from the actual T+1 opening/entry price,-25,2026-12-10,False,2026-09-03,2.9200,1.7900,63.3000,ALCISTA FUERTE,10,771.3500,7.9100,52.5000,14.8700,SIDI_SHADOW_V1: Fund≥6.5 · DD60≥12% · RSI<40 · MACD↑ · Vol↓ · SPY20≤+1% · Abnormal20≤-10%,SIDI_SHADOW_V1,True
DIS,Walt Disney Company (The),Communication Services,Movies & Entertainment,1976-06-30,106.1500,105.1500,106.1700,104.4800,106.1500,2026-09-28,52.3800,35.6400,UP,-0.2951,-0.4530,-0.6114,True,0.5446,2.1829,0.9580,2.0560,103.4900,103.4400,105.3800,2.5700,2.6200,True,0.0866,ALCISTA,-4.5800,-5.1100,111.2500,111.8700,115.4200,91.4900,-8.0300,16.0200,0.8980,True,True,103.3900,4,106.3000,True,-2.6000,HAMMER,7.7000,10.0000,7.0000,7.5000,9,5.0000,7.0000,False,False,False,False,True,True,4.1100,6.1700,1.5000,SIDI_SHADOW_V1,0.2808,-4.0103,-0.0112,0.8932,294,XLC,True,21.8866,14.1951,1.6690,1.8540,11.0170,0.0801,0.0481,0.0870,0.3760,0.0680,-0.4830,39.4040,0.7090,4860375040.0000,8600000512.0000,0.5652,183287808000,1.4090,2.5800,1.4100,1726686902,3.6900,1.3900,4.9600,4.9000,0.0265,FCF/NI:0.57,1,5.2900,False,True,False,False,False,False,DD12|RSI40|FUND65|ABNORMAL20,False,10-18d,XLC,,GOOGL|META|NFLX,ad_spending_cycle|streaming_competition|regulation,NEXT_SESSION_OPEN,0.7500,-5.0000,7,1.5000,5,EXIT_AT_OPEN_IF_OPEN_BELOW_SL,SL_FIRST,10,PENDING_NEXT_OPEN,2.1829,1.6372,107.7872,100.8425,1.5423,Exact TP/SL are fixed from the actual T+1 opening/entry price,45,2026-11-12,False,2026-08-05,2.0600,1.8500,11.1000,ALCISTA FUERTE,10,771.3500,7.9100,52.5000,14.8700,SIDI_SHADOW_V1: Fund≥6.5 · DD60≥12% · RSI<40 · MACD↑ · Vol↓ · SPY20≤+1% · Abnormal20≤-10%,SIDI_SHADOW_V1,True
BKR,Baker Hughes,Energy,Oil & Gas Equipment & Services,2017-07-07,57.8300,56.8900,57.9000,56.7500,57.8300,2026-09-28,26.6700,29.0200,DOWN,-0.2191,-0.3270,-0.5520,True,0.3316,1.9114,1.0720,3.3050,60.5700,58.8200,59.1400,-4.5200,-1.6900,True,2.0031,BAJISTA,-10.8900,-12.5000,64.9000,66.0900,69.9200,43.2400,-17.2900,33.7300,0.7660,True,True,58.0100,1,58.9100,True,0.3100,NONE,7.0500,7.0000,8.5000,7.5000,8,5.0000,5.0000,False,True,False,True,True,True,6.6100,9.9200,1.5000,SIDI_SHADOW_V1,0.2808,-4.2580,1.1195,0.7793,294,XLE,True,18.5949,18.5894,2.8826,2.0706,11.7400,0.1646,0.0485,0.1117,0.2366,-0.0240,-0.0420,80.9250,2.0950,4415000064.0000,3096000000.0000,1.4260,57406341120,0.9610,3.6000,1.5900,992674071,4.0800,0.0000,5.8000,6.8100,0.0769,D/E:81,1,5.2700,False,True,False,False,False,False,DD12|FUND65|ABNORMAL20,False,5-10d,XLE,,XOM|CVX|COP,oil_price|gas_price|opec_supply|inventories,NEXT_SESSION_OPEN,0.7500,-5.0000,7,1.5000,5,EXIT_AT_OPEN_IF_OPEN_BELOW_SL,SL_FIRST,10,PENDING_NEXT_OPEN,1.9114,1.4335,59.2635,54.9385,2.4789,Exact TP/SL are fixed from the actual T+1 opening/entry price,24,2026-10-22,False,2026-07-26,0.6400,0.4900,31.5000,ALCISTA FUERTE,10,771.3500,7.9100,52.5000,14.8700,SIDI_SHADOW_V1: Fund≥6.5 · DD60≥12% · RSI<40 · MACD↑ · Vol↓ · SPY20≤+1% · Abnormal20≤-10%,SIDI_SHADOW_V1,True
LVS,Las Vegas Sands,Consumer Discretionary,Casinos & Gaming,2019-10-03,38.9900,38.7900,39.1700,38.5200,38.9900,2026-09-28,12.0100,13.7500,DOWN,-0.2866,-0.3359,-0.3346,True,0.1379,0.9729,0.8150,2.4950,44.6000,51.9300,41.6500,-12.5700,-24.9100,False,-4.2654,BAJISTA,-21.3200,-21.6500,49.5500,49.7600,69.2400,38.0600,-43.6900,2.4400,0.6530,True,True,,0,47.7200,False,,NONE,6.5000,5.0000,8.5000,7.5000,4,8.0000,5.0000,True,True,True,True,True,True,4.9900,7.4900,1.5000,SIDI_SHADOW_V1,0.2808,-7.9545,0.0081,0.3735,294,XLY,True,15.1124,11.1057,43.4671,1.8408,8.0790,1.2287,0.0955,0.1259,0.7933,-0.0070,-0.1980,1703.9020,0.9970,2212875008.0000,1727000064.0000,1.2813,25253869568,0.8190,3.6900,3.0800,647701184,4.4400,0.0000,6.7400,6.9300,0.0876,D/E:1704,1,5.2600,False,True,False,True,False,False,FUND65|ABNORMAL20,False,3-7d,XLY,,AMZN|TSLA|HD,consumer_spending|employment_data|interest_rates,NEXT_SESSION_OPEN,0.7500,-5.0000,7,1.5000,5,EXIT_AT_OPEN_IF_OPEN_BELOW_SL,SL_FIRST,10,PENDING_NEXT_OPEN,0.9729,0.7297,39.7197,37.0405,1.8714,Exact TP/SL are fixed from the actual T+1 opening/entry price,23,2026-10-21,False,2026-07-22,0.5900,0.7600,-22.0000,ALCISTA FUERTE,10,771.3500,7.9100,52.5000,14.8700,SIDI_SHADOW_V1: Fund≥6.5 · DD60≥12% · RSI<40 · MACD↑ · Vol↓ · SPY20≤+1% · Abnormal20≤-10%,SIDI_SHADOW_V1,True
EXC,Exelon,Utilities,Electric Utilities,1957-03-04,40.3400,40.1300,40.3800,39.7300,40.3400,2026-09-28,17.5200,34.1100,DOWN,-0.2277,-0.2188,-0.0979,False,0.0104,0.6886,0.7770,1.7070,44.1700,44.9600,42.3900,-8.6800,-10.2700,False,-0.3603,BAJISTA,-14.9500,-16.1000,47.4300,48.0800,49.7000,39.7300,-18.8400,1.5400,0.8960,True,True,,0,46.7900,False,,NONE,6.6000,5.0000,7.5000,7.5000,4,10.0000,5.0000,False,False,True,True,False,True,3.4100,5.1200,1.5000,SIDI_SHADOW_V1,0.2808,-0.2245,-0.2995,0.8989,294,XLU,True,14.8309,13.2772,1.4022,1.6410,11.0710,0.0971,0.0281,0.1099,0.4236,0.0990,-0.0020,177.3620,1.0880,-2685125120.0000,2783000064.0000,-0.9648,41560444928,0.3890,4.7800,4.1600,1030253967,4.3500,5.0000,4.3800,3.5500,-0.0646,FCF/NI:-0.96|D/E:177,2,5.2500,False,True,False,False,False,False,MACD|FUND65|ABNORMAL20,False,3-7d,XLU,,NEE|DUK|SO,interest_rates|regulatory_environment,NEXT_SESSION_OPEN,0.7500,-5.0000,7,1.5000,5,EXIT_AT_OPEN_IF_OPEN_BELOW_SL,SL_FIRST,10,PENDING_NEXT_OPEN,0.6886,0.5164,40.8565,38.3230,1.2802,Exact TP/SL are fixed from the actual T+1 opening/entry price,36,2026-11-03,False,2026-07-30,0.4300,0.4500,-3.9000,ALCISTA FUERTE,10,771.3500,7.9100,52.5000,14.8700,SIDI_SHADOW_V1: Fund≥6.5 · DD60≥12% · RSI<40 · MACD↑ · Vol↓ · SPY20≤+1% · Abnormal20≤-10%,SIDI_SHADOW_V1,True
KLAC,KLA Corporation,Information Technology,Semiconductor Materials & Equipment,1997-09-30,187.9200,187.3300,189.5600,186.0200,187.9200,2026-09-28,52.1100,51.1900,UP,2.5884,2.5403,1.9701,True,0.8094,7.3593,0.5760,3.9160,188.7900,175.6200,182.0900,-0.4600,7.0000,True,3.6673,NEUTRO,-20.1300,-29.6300,235.2800,267.0300,307.0200,97.5700,-38.7900,92.6000,0.7400,True,True,167.1200,5,191.6600,False,-11.0700,HAMMER|HAMMER|HAMMER,7.2500,8.5000,7.0000,7.5000,6,7.0000,7.0000,False,False,True,False,True,True,7.8300,11.7500,1.5000,SIDI_SHADOW_V1,0.2808,-2.6808,-0.8099,2.0547,294,XLK,True,51.3443,28.0252,38.6826,18.0594,40.7570,0.8750,0.2080,0.3557,0.6130,0.1520,0.1380,96.8800,2.8760,2624587520.0000,4830771200.0000,0.5433,245236809728,1.4440,2.5500,0.4900,1305006492,3.9100,1.9100,6.8800,2.7800,0.0107,FCF/NI:0.54|D/E:97,2,5.2500,False,True,False,False,False,False,RSI40|FUND65|ABNORMAL20,False,7-15d,XLK,,AAPL|MSFT|NVDA,interest_rates|ai_capex_cycle|semiconductor_cycle,NEXT_SESSION_OPEN,0.7500,-5.0000,7,1.5000,5,EXIT_AT_OPEN_IF_OPEN_BELOW_SL,SL_FIRST,10,PENDING_NEXT_OPEN,7.3593,5.5195,193.4395,178.5240,2.9371,Exact TP/SL are fixed from the actual T+1 opening/entry price,30,2026-10-28,False,2026-07-28,1.0500,1.0000,5.1000,ALCISTA FUERTE,10,771.3500,7.9100,52.5000,14.8700,SIDI_SHADOW_V1: Fund≥6.5 · DD60≥12% · RSI<40 · MACD↑ · Vol↓ · SPY20≤+1% · Abnormal20≤-10%,SIDI_SHADOW_V1,True
FFIV,"F5, Inc.",Information Technology,Communications Equipment,2010-12-20,443.0600,446.5500,452.1700,441.8600,443.0600,2026-09-28,73.3400,67.5800,UP,3.8560,5.0009,5.8486,False,0.7668,14.2736,1.0060,3.2220,407.4500,340.5200,425.2900,8.7400,30.1100,True,5.6037,ALCISTA,-2.8400,-4.1000,455.9900,462.0000,462.0000,223.7600,-4.1000,98.0100,0.7860,True,True,381.9300,1,435.0000,False,-13.8000,NONE,6.5500,10.0000,6.0000,7.5000,4,5.0000,5.0000,False,False,False,False,False,True,6.4400,9.6600,1.5000,SIDI_SHADOW_V1,0.2808,2.6195,0.0806,0.4271,294,XLK,True,35.3317,24.5099,6.5299,7.5814,25.7070,0.1983,0.0798,0.2195,0.8187,0.1090,0.1140,6.5460,1.6650,717135488.0000,726510016.0000,0.9871,25089239040,1.0300,2.9000,,56627182,4.3700,1.1900,6.9100,5.1100,0.0286,OK,0,5.2400,False,True,False,False,False,False,DD12|RSI40|MACD|FUND65|ABNORMAL20,False,10-18d,XLK,,AAPL|MSFT|NVDA,interest_rates|ai_capex_cycle|semiconductor_cycle,NEXT_SESSION_OPEN,0.7500,-5.0000,7,1.5000,5,EXIT_AT_OPEN_IF_OPEN_BELOW_SL,SL_FIRST,10,PENDING_NEXT_OPEN,14.2736,10.7052,453.7652,420.9070,2.4162,Exact TP/SL are fixed from the actual T+1 opening/entry price,28,2026-10-26,False,2026-07-27,4.7300,4.0000,18.2000,ALCISTA FUERTE,10,771.3500,7.9100,52.5000,14.8700,SIDI_SHADOW_V1: Fund≥6.5 · DD60≥12% · RSI<40 · MACD↑ · Vol↓ · SPY20≤+1% · Abnormal20≤-10%,SIDI_SHADOW_V1,True
VRSK,Verisk Analytics,Industrials,Research & Consulting Services,2015-10-08,169.2100,168.3000,171.1200,167.5000,169.2100,2026-09-28,33.1800,35.9700,DOWN,-1.0763,-1.1310,-1.0395,True,0.1721,5.9358,0.8620,3.5080,186.6900,190.2700,177.7800,-9.3700,-11.0700,False,-1.9864,BAJISTA,-20.4000,-24.9500,212.5800,225.4800,250.8300,155.1000,-32.5400,9.1000,1.0820,True,True,172.5000,3,177.5200,True,1.9500,HAMMER|DOJI,7.0200,5.0000,7.5000,7.5000,9,6.5000,7.0000,True,False,True,True,True,True,7.0200,10.5200,1.5000,SIDI_SHADOW_V1,0.2808,-13.1898,0.0196,-0.5967,294,XLI,True,25.9923,19.4531,-18.9846,7.0696,17.2110,,0.1896,0.2824,0.7018,0.0440,-0.0340,,1.0050,1055550016.0000,885500032.0000,1.1920,22170206208,0.6620,4.1800,1.1800,131021840,4.0600,0.9000,5.6900,5.8500,0.0476,OK,0,5.2400,False,True,True,True,False,False,FUND65,False,3-7d,XLI,,CAT|UNP|HON,pmi_manufacturing|supply_chain|capex_cycle,NEXT_SESSION_OPEN,0.7500,-5.0000,7,1.5000,5,EXIT_AT_OPEN_IF_OPEN_BELOW_SL,SL_FIRST,10,PENDING_NEXT_OPEN,5.9358,4.4519,173.6619,160.7495,2.6310,Exact TP/SL are fixed from the actual T+1 opening/entry price,30,2026-10-28,False,2026-07-29,1.9800,1.9300,2.4000,ALCISTA FUERTE,10,771.3500,7.9100,52.5000,14.8700,SIDI_SHADOW_V1: Fund≥6.5 · DD60≥12% · RSI<40 · MACD↑ · Vol↓ · SPY20≤+1% · Abnormal20≤-10%,SIDI_SHADOW_V1,True
IP,International Paper,Materials,Paper & Plastic Packaging Products & Materials,1957-03-04,35.0200,35.2200,35.4400,34.7600,35.0200,2026-09-28,36.3300,25.9100,UP,0.1267,0.1108,0.0278,True,0.3927,1.1614,0.8440,3.3160,38.5100,37.3700,35.9800,-9.0600,-6.2800,True,-0.2710,BAJISTA,-19.6700,-20.9800,43.5900,44.3200,48.4700,28.5100,-27.7500,22.8500,0.8570,True,True,35.4700,1,37.0800,True,1.2700,NONE,6.9500,6.5000,8.5000,7.5000,8,5.0000,5.0000,True,True,True,True,True,True,6.6300,9.9500,1.5000,SIDI_SHADOW_V1,0.2808,-1.8437,0.0868,1.5948,294,XLB,True,,11.5971,1.2828,0.7662,7.0470,-0.1648,0.0159,-0.1421,0.2961,-0.0220,,68.5090,1.0980,1646499968.0000,-2724999936.0000,-0.6042,18545537024,0.8830,10.9500,5.2800,529569895,4.0800,2.5000,2.7200,7.5000,0.0888,FCF/NI:-0.60|ROE:-16.5%,2,5.2300,False,True,False,True,False,False,FUND65|ABNORMAL20,False,3-7d,XLB,,LIN|APD|ECL,commodity_prices|dxy|china_demand|energy_costs,NEXT_SESSION_OPEN,0.7500,-5.0000,7,1.5000,5,EXIT_AT_OPEN_IF_OPEN_BELOW_SL,SL_FIRST,10,PENDING_NEXT_OPEN,1.1614,0.8710,35.8910,33.2690,2.4873,Exact TP/SL are fixed from the actual T+1 opening/entry price,30,2026-10-28,False,2026-07-30,0.0400,-0.0400,205.4000,ALCISTA FUERTE,10,771.3500,7.9100,52.5000,14.8700,SIDI_SHADOW_V1: Fund≥6.5 · DD60≥12% · RSI<40 · MACD↑ · Vol↓ · SPY20≤+1% · Abnormal20≤-10%,SIDI_SHADOW_V1,True
PFG,Principal Financial Group,Financials,Life & Health Insurance,2002-07-22,114.7700,114.4600,115.5300,113.5700,114.7700,2026-09-28,44.1900,64.2000,DOWN,-0.2921,-0.2820,-0.0337,False,0.5116,2.4707,1.0030,2.1530,112.8900,99.6700,114.6200,1.6700,15.1600,True,3.4075,ALCISTA,-3.1600,-5.2900,118.5100,121.1800,121.1800,75.3000,-5.2900,52.4100,0.8030,True,True,110.8800,2,114.9000,True,-3.3900,HAMMER|HAMMER,7.0000,10.0000,5.0000,7.5000,7,5.0000,7.0000,False,False,False,False,False,True,4.3100,6.4600,1.5000,SIDI_SHADOW_V1,0.2808,7.1425,-0.0396,1.0086,294,XLF,True,16.3490,11.0468,2.0287,1.5658,10.9240,0.1295,0.0035,0.0993,0.4734,0.0640,0.0280,35.3070,1.5860,1056374976.0000,1558800000.0000,0.6777,24572788736,0.8720,7.8700,2.9300,214104641,4.0400,1.1600,5.2700,5.9800,0.0430,FCF/NI:0.68,1,5.2200,False,True,False,False,False,False,DD12|RSI40|MACD|FUND65|ABNORMAL20,False,10-18d,XLF,,JPM|BAC|WFC,interest_rates|yield_curve|credit_spreads|loan_growth,NEXT_SESSION_OPEN,0.7500,-5.0000,7,1.5000,5,EXIT_AT_OPEN_IF_OPEN_BELOW_SL,SL_FIRST,10,PENDING_NEXT_OPEN,2.4707,1.8530,116.6230,109.0315,1.6146,Exact TP/SL are fixed from the actual T+1 opening/entry price,28,2026-10-26,False,2026-07-27,2.5000,2.3300,7.1000,ALCISTA FUERTE,10,771.3500,7.9100,52.5000,14.8700,SIDI_SHADOW_V1: Fund≥6.5 · DD60≥12% · RSI<40 · MACD↑ · Vol↓ · SPY20≤+1% · Abnormal20≤-10%,SIDI_SHADOW_V1,True
SYF,Synchrony Financial,Financials,Consumer Finance,2015-11-18,72.9400,71.7000,73.5350,70.8900,72.9400,2026-09-28,25.4900,37.7900,DOWN,-0.5355,-0.6696,-0.5257,True,0.2186,2.0415,0.9690,2.7990,76.7500,74.4900,75.1600,-4.9600,-2.0900,True,0.1381,BAJISTA,-9.9500,-10.9600,81.0000,81.9200,87.6700,62.5500,-16.8100,16.6000,0.8170,True,True,70.3500,1,73.0800,True,-3.5600,NONE,7.2800,7.0000,8.5000,7.5000,8,6.5000,5.0000,False,False,False,True,True,True,5.6000,8.4000,1.5000,SIDI_SHADOW_V1,0.2808,-1.9027,0.5205,1.2668,294,XLF,True,7.4810,6.9759,1.5614,2.3953,,0.2079,0.0290,0.3551,0.0000,0.0060,0.0360,,,,3435000064.0000,,23732549632,1.3080,5.7600,1.8600,325370840,3.8400,0.0500,5.4500,6.3900,,OK,0,5.2200,False,True,False,False,False,False,DD12|FUND65|ABNORMAL20,False,5-10d,XLF,,JPM|BAC|WFC,interest_rates|yield_curve|credit_spreads|loan_growth,NEXT_SESSION_OPEN,0.7500,-5.0000,7,1.5000,5,EXIT_AT_OPEN_IF_OPEN_BELOW_SL,SL_FIRST,10,PENDING_NEXT_OPEN,2.0415,1.5311,74.4711,69.2930,2.0992,Exact TP/SL are fixed from the actual T+1 opening/entry price,22,2026-10-20,False,2026-07-21,2.5900,2.1300,21.9000,ALCISTA FUERTE,10,771.3500,7.9100,52.5000,14.8700,SIDI_SHADOW_V1: Fund≥6.5 · DD60≥12% · RSI<40 · MACD↑ · Vol↓ · SPY20≤+1% · Abnormal20≤-10%,SIDI_SHADOW_V1,True
CCL,Carnival Corporation,Consumer Discretionary,"Hotels, Resorts & Cruise Lines",1998-12-22,22.2500,21.9600,22.6700,21.6900,22.2500,2026-09-28,34.8600,21.0300,UP,0.0865,0.0422,0.0264,True,0.3410,0.7157,0.7770,3.2170,25.3700,27.3000,22.9900,-12.3100,-18.5000,False,-1.0125,BAJISTA,-24.6200,-25.9900,29.5200,30.0600,33.4900,21.4500,-33.5700,3.7300,0.9680,False,False,,0,27.7300,False,,NONE,5.8500,5.0000,8.5000,5.0000,4,7.0000,5.0000,False,False,True,True,True,False,6.4300,9.6500,1.5000,SIDI_SHADOW_V1,0.2808,-3.5175,0.8332,1.3466,294,XLY,True,10.0225,8.6030,2.3540,1.1158,7.4520,0.2669,0.0537,0.1124,0.5568,0.0530,-0.0650,201.5560,0.3340,1899374976.0000,3068999936.0000,0.6189,30474694656,2.3120,2.5100,2.0200,1369649119,4.7900,2.2900,4.0000,8.6200,0.0623,FCF/NI:0.62|D/E:202,2,5.2100,False,True,False,False,False,False,VOLUME|FUND65|ABNORMAL20,False,3-7d,XLY,,AMZN|TSLA|HD,consumer_spending|employment_data|interest_rates,NEXT_SESSION_OPEN,0.7500,-5.0000,7,1.5000,5,EXIT_AT_OPEN_IF_OPEN_BELOW_SL,SL_FIRST,10,PENDING_NEXT_OPEN,0.7157,0.5368,22.7868,21.1375,2.4125,Exact TP/SL are fixed from the actual T+1 opening/entry price,1,2026-09-29,True,2026-06-23,0.4100,0.3400,21.1000,ALCISTA FUERTE,10,771.3500,7.9100,52.5000,14.8700,SIDI_SHADOW_V1: Fund≥6.5 · DD60≥12% · RSI<40 · MACD↑ · Vol↓ · SPY20≤+1% · Abnormal20≤-10%,SIDI_SHADOW_V1,True
ESS,Essex Property Trust,Real Estate,Multi-Family Residential REITs,2014-04-02,271.6100,272.0300,272.2100,269.5900,271.6100,2026-09-28,36.4200,23.1800,UP,0.1196,0.0729,-0.1527,True,0.2799,4.2471,0.8070,1.5640,283.0700,265.2500,275.4800,-4.0500,2.4000,True,0.9462,NEUTRO,-8.9600,-10.4600,298.3300,303.3500,303.3500,233.8500,-10.4600,16.1500,0.9560,False,False,,0,268.4300,False,,HAMMER,6.6700,8.5000,8.5000,5.0000,4,6.5000,7.0000,False,False,False,True,True,False,3.1300,4.6900,1.5000,SIDI_SHADOW_V1,0.2808,0.5752,-0.1353,0.8454,294,XLRE,True,42.3729,43.1152,3.2793,9.4514,19.7690,0.0771,0.0296,0.2089,0.6877,0.0310,-0.7180,122.4090,0.2490,1043926720.0000,413841984.0000,2.5225,18721042432,0.7060,4.4700,3.8100,64261739,4.2400,1.2500,5.2900,6.5000,0.0558,D/E:122,1,5.2100,False,True,False,False,False,False,DD12|VOLUME|FUND65|ABNORMAL20,False,7-15d,XLRE,,PLD|AMT|EQIX,interest_rates|cap_rates|occupancy_trends,NEXT_SESSION_OPEN,0.7500,-5.0000,7,1.5000,5,EXIT_AT_OPEN_IF_OPEN_BELOW_SL,SL_FIRST,10,PENDING_NEXT_OPEN,4.2471,3.1853,274.7953,258.0295,1.1728,Exact TP/SL are fixed from the actual T+1 opening/entry price,29,2026-10-27,False,2026-07-29,0.9400,1.4700,-36.0000,ALCISTA FUERTE,10,771.3500,7.9100,52.5000,14.8700,SIDI_SHADOW_V1: Fund≥6.5 · DD60≥12% · RSI<40 · MACD↑ · Vol↓ · SPY20≤+1% · Abnormal20≤-10%,SIDI_SHADOW_V1,True
IBM,IBM,Information Technology,IT Consulting & Other Services,1957-03-04,225.5100,226.1500,228.9900,225.1900,225.5100,2026-09-28,42.5900,44.9100,DOWN,-1.3897,-1.1256,-0.7254,False,0.1122,7.6186,0.8090,3.3780,230.1600,254.8100,233.8700,-2.0200,-11.5000,False,-2.3827,BAJISTA,-25.8100,-27.1600,303.9500,309.5800,330.0900,197.7700,-31.6800,14.0300,0.7480,True,True,228.1800,2,232.5600,True,1.1800,NONE,6.2500,5.0000,5.0000,7.5000,7,8.0000,5.0000,False,False,True,False,False,True,6.7600,10.1400,1.5000,SIDI_SHADOW_V1,0.2808,-3.9799,0.9322,-0.2167,294,XLK,True,20.0453,17.1520,6.1669,3.0749,16.3720,0.3446,0.0530,0.1552,0.5810,0.0110,-0.0180,188.9700,0.7910,12049750016.0000,10705000448.0000,1.1256,212460716032,0.7080,4.5800,3.0000,942134390,4.5200,0.0000,5.8300,8.2600,0.0567,D/E:189,1,5.2100,False,True,False,False,False,False,RSI40|MACD|FUND65|ABNORMAL20,False,3-7d,XLK,,AAPL|MSFT|NVDA,interest_rates|ai_capex_cycle|semiconductor_cycle,NEXT_SESSION_OPEN,0.7500,-5.0000,7,1.5000,5,EXIT_AT_OPEN_IF_OPEN_BELOW_SL,SL_FIRST,10,PENDING_NEXT_OPEN,7.6186,5.7139,231.2240,214.2345,2.5338,Exact TP/SL are fixed from the actual T+1 opening/entry price,23,2026-10-21,False,2026-07-22,2.9300,2.9300,-10.0000,ALCISTA FUERTE,10,771.3500,7.9100,52.5000,14.8700,SIDI_SHADOW_V1: Fund≥6.5 · DD60≥12% · RSI<40 · MACD↑ · Vol↓ · SPY20≤+1% · Abnormal20≤-10%,SIDI_SHADOW_V1,True
QCOM,Qualcomm,Information Technology,Semiconductors,1999-07-22,201.9700,195.0300,205.8500,194.5300,201.9700,2026-09-28,72.8300,63.2000,UP,2.1322,2.0201,2.3743,True,0.9406,10.3186,1.2670,5.1090,169.6400,167.6500,183.7400,19.0600,20.4700,True,0.8865,ALCISTA,0.0000,-1.8800,201.9700,205.8500,257.5600,120.8800,-21.5800,67.0800,1.2230,False,False,189.1800,2,232.1800,False,-6.3300,NONE,6.2500,10.0000,7.0000,5.0000,4,5.0000,5.0000,False,False,False,False,True,False,10.2200,15.3300,1.5000,SIDI_SHADOW_V1,0.2808,19.0417,0.2729,1.0560,294,XLK,True,23.0823,19.8454,7.7185,4.8950,18.2580,0.3375,0.1161,0.2101,0.5423,-0.0400,-0.2300,55.2100,2.0160,10241000448.0000,9260000256.0000,1.1059,215716184064,1.6790,3.3400,1.8200,1068060487,4.4800,0.0000,6.6100,7.2300,0.0475,OK,0,5.1900,False,True,False,False,False,False,DD12|RSI40|VOLUME|FUND65|ABNORMAL20,False,10-18d,XLK,,AAPL|MSFT|NVDA,interest_rates|ai_capex_cycle|semiconductor_cycle,NEXT_SESSION_OPEN,0.7500,-5.0000,7,1.5000,5,EXIT_AT_OPEN_IF_OPEN_BELOW_SL,SL_FIRST,10,PENDING_NEXT_OPEN,10.3186,7.7389,209.7089,191.8715,3.8317,Exact TP/SL are fixed from the actual T+1 opening/entry price,37,2026-11-04,False,2026-07-29,2.2100,2.2200,-49.0000,ALCISTA FUERTE,10,771.3500,7.9100,52.5000,14.8700,SIDI_SHADOW_V1: Fund≥6.5 · DD60≥12% · RSI<40 · MACD↑ · Vol↓ · SPY20≤+1% · Abnormal20≤-10%,SIDI_SHADOW_V1,True
NOW,ServiceNow,Information Technology,Systems Software,2019-11-21,135.6200,137.2500,139.8300,135.6000,135.6200,2026-09-28,42.9700,41.7500,UP,-1.0080,-0.8470,-1.0258,False,0.3343,5.5407,0.8740,4.0850,125.7900,116.6300,136.0600,7.8200,16.2800,True,-2.3300,ALCISTA,-8.3600,-9.3400,147.9900,149.6000,192.9700,81.2400,-29.7200,66.9400,0.5490,True,True,130.3900,1,139.2000,True,-3.8600,NONE,6.9000,9.5000,6.0000,7.5000,7,5.0000,5.0000,False,False,False,False,False,True,8.1700,12.2600,1.5000,SIDI_SHADOW_V1,0.2808,-2.7972,1.0486,-0.2490,294,XLK,True,84.7625,27.0941,11.2027,9.5175,49.7070,0.1424,0.0425,0.1134,0.7477,0.2400,-0.2190,67.5380,0.7010,5149374976.0000,1670000000.0000,3.0835,140212355072,0.9720,1.7200,,1033862000,4.0500,2.7100,4.7800,4.7500,0.0367,OK,0,5.1900,False,True,False,False,False,False,DD12|RSI40|MACD|FUND65|ABNORMAL20,False,10-18d,XLK,,AAPL|MSFT|NVDA,interest_rates|ai_capex_cycle|semiconductor_cycle,NEXT_SESSION_OPEN,0.7500,-5.0000,7,1.5000,5,EXIT_AT_OPEN_IF_OPEN_BELOW_SL,SL_FIRST,10,PENDING_NEXT_OPEN,5.5407,4.1555,139.7755,128.8390,3.0641,Exact TP/SL are fixed from the actual T+1 opening/entry price,30,2026-10-28,False,2026-07-22,0.9000,0.8600,5.0000,ALCISTA FUERTE,10,771.3500,7.9100,52.5000,14.8700,SIDI_SHADOW_V1: Fund≥6.5 · DD60≥12% · RSI<40 · MACD↑ · Vol↓ · SPY20≤+1% · Abnormal20≤-10%,SIDI_SHADOW_V1,True
AON,Aon plc,Financials,Insurance Brokers,1996-04-23,277.9900,277.0000,280.9800,276.5200,277.9900,2026-09-28,19.0100,20.8000,DOWN,-2.2684,-2.5716,-2.3973,True,0.1424,7.5829,0.8190,2.7280,337.4900,332.6300,304.5700,-17.6300,-16.4300,True,-1.1745,BAJISTA,-26.9200,-27.1300,380.3900,381.4700,381.4700,275.3800,-27.1300,0.9500,0.7340,False,False,,0,329.4700,False,,NONE,6.3000,6.5000,8.5000,5.0000,4,8.0000,5.0000,False,False,True,True,True,False,5.4600,8.1800,1.5000,SIDI_SHADOW_V1,0.2808,-14.7715,-0.9972,1.3817,294,XLF,True,15.3163,13.7018,6.1402,3.3549,12.5180,0.4470,0.0583,0.2227,0.4815,0.0220,-0.0300,163.4810,1.0330,3190874880.0000,3913999872.0000,0.8152,58968748032,0.6600,2.5500,1.1800,212125434,4.4400,0.0700,6.9600,6.5900,0.0541,D/E:163,1,5.1800,False,True,True,False,False,False,VOLUME|FUND65,False,3-7d,XLF,,JPM|BAC|WFC,interest_rates|yield_curve|credit_spreads|loan_growth,NEXT_SESSION_OPEN,0.7500,-5.0000,7,1.5000,5,EXIT_AT_OPEN_IF_OPEN_BELOW_SL,SL_FIRST,10,PENDING_NEXT_OPEN,7.5829,5.6872,283.6772,264.0905,2.0458,Exact TP/SL are fixed from the actual T+1 opening/entry price,32,2026-10-30,False,2026-07-29,3.8100,3.8000,27.0000,ALCISTA FUERTE,10,771.3500,7.9100,52.5000,14.8700,SIDI_SHADOW_V1: Fund≥6.5 · DD60≥12% · RSI<40 · MACD↑ · Vol↓ · SPY20≤+1% · Abnormal20≤-10%,SIDI_SHADOW_V1,True
SLB,Schlumberger,Energy,Oil & Gas Equipment & Services,1957-03-04,51.5400,51.0700,51.9300,51.0200,51.5400,2026-09-28,20.3000,31.5600,DOWN,-0.5758,-0.6438,-0.7542,True,0.2152,1.7436,1.0590,3.3830,52.4900,49.7900,53.2400,-1.8000,3.5100,True,3.9587,NEUTRO,-13.8000,-14.3100,59.7900,60.1500,60.1500,30.8800,-14.3100,66.8800,0.5000,True,True,52.5600,4,56.6100,True,1.9800,NONE,7.7200,8.5000,8.5000,7.5000,9,6.5000,5.0000,True,True,True,True,True,True,6.7700,10.1500,1.5000,SIDI_SHADOW_V1,0.2808,-4.5019,1.2506,0.9006,294,XLE,True,25.1415,15.9196,2.9337,2.1034,11.6970,0.1291,0.0617,0.0853,0.1699,0.0500,-0.2970,47.0020,1.4390,2955124992.0000,3100999936.0000,0.9530,76492742656,0.7740,4.8300,2.2900,1484143231,3.4900,0.0000,5.5000,5.2100,0.0386,OK,0,5.1800,False,True,False,True,False,False,FUND65|ABNORMAL20,False,5-10d,XLE,,XOM|CVX|COP,oil_price|gas_price|opec_supply|inventories,NEXT_SESSION_OPEN,0.7500,-5.0000,7,1.5000,5,EXIT_AT_OPEN_IF_OPEN_BELOW_SL,SL_FIRST,10,PENDING_NEXT_OPEN,1.7436,1.3077,52.8477,48.9630,2.5373,Exact TP/SL are fixed from the actual T+1 opening/entry price,25,2026-10-23,False,2026-07-24,0.5500,0.5200,6.3000,ALCISTA FUERTE,10,771.3500,7.9100,52.5000,14.8700,SIDI_SHADOW_V1: Fund≥6.5 · DD60≥12% · RSI<40 · MACD↑ · Vol↓ · SPY20≤+1% · Abnormal20≤-10%,SIDI_SHADOW_V1,True
D,Dominion Energy,Utilities,Multi-Utilities,2016-11-30,60.6800,60.3300,61.0000,60.1400,60.6800,2026-09-28,18.6900,40.5300,DOWN,-0.3487,-0.3446,-0.1817,False,0.0211,1.0857,0.9400,1.7890,66.4700,63.1800,63.6900,-8.7100,-3.9600,True,0.9034,BAJISTA,-14.5000,-16.0300,70.9700,72.2600,72.2600,54.1700,-16.0300,12.0300,0.9460,False,False,59.5400,2,69.2000,True,-1.8800,NONE,6.8000,7.0000,7.5000,5.0000,8,8.0000,5.0000,False,False,True,True,False,False,3.5800,5.3700,1.5000,SIDI_SHADOW_V1,0.2808,-2.8819,-0.0451,0.9147,294,XLU,True,20.9965,15.9088,1.9118,2.9455,13.5100,0.0828,0.0304,0.1398,0.4622,0.1760,-0.5800,160.4590,0.8090,-9181124608.0000,2505999872.0000,-3.6637,53369634816,0.6220,5.2000,4.4000,879525949,4.0700,5.0000,4.1400,2.9200,-0.1720,FCF/NI:-3.66|D/E:160,2,5.1600,False,True,False,False,False,False,MACD|VOLUME|FUND65|ABNORMAL20,False,3-7d,XLU,,NEE|DUK|SO,interest_rates|regulatory_environment,NEXT_SESSION_OPEN,0.7500,-5.0000,7,1.5000,5,EXIT_AT_OPEN_IF_OPEN_BELOW_SL,SL_FIRST,10,PENDING_NEXT_OPEN,1.0857,0.8143,61.4943,57.6460,1.3419,Exact TP/SL are fixed from the actual T+1 opening/entry price,32,2026-10-30,False,2026-07-31,0.7900,0.6700,17.2000,ALCISTA FUERTE,10,771.3500,7.9100,52.5000,14.8700,SIDI_SHADOW_V1: Fund≥6.5 · DD60≥12% · RSI<40 · MACD↑ · Vol↓ · SPY20≤+1% · Abnormal20≤-10%,SIDI_SHADOW_V1,True
PCAR,Paccar,Industrials,Construction Machinery & Heavy Transportation Equipment,1980-12-31,111.3100,111.0700,112.7700,110.8800,111.3100,2026-09-28,9.7400,21.6700,DOWN,-0.9709,-1.0519,-0.9069,True,0.0724,2.8243,0.8910,2.5370,126.2700,120.2000,118.7700,-11.8400,-7.4000,True,1.6709,BAJISTA,-19.2500,-19.8500,137.8500,138.8700,138.8700,90.0300,-19.8500,23.6400,1.1330,False,False,106.9900,2,122.4800,True,-3.8800,NONE,7.0000,7.0000,8.5000,5.0000,8,8.0000,5.0000,False,False,True,True,True,False,5.0700,7.6100,1.5000,SIDI_SHADOW_V1,0.2808,-8.4441,0.0693,0.9603,294,XLI,True,23.4337,15.4071,2.8832,2.1063,19.7880,0.1276,0.0412,0.0900,0.1371,0.0050,0.0420,72.9100,5.5190,1943650048.0000,2504199936.0000,0.7762,58589683712,0.9720,5.2500,1.2600,526364953,3.9400,0.4400,5.7500,5.9000,0.0332,OK,0,5.1600,False,True,False,False,False,False,VOLUME|FUND65|ABNORMAL20,False,5-10d,XLI,,CAT|UNP|HON,pmi_manufacturing|supply_chain|capex_cycle,NEXT_SESSION_OPEN,0.7500,-5.0000,7,1.5000,5,EXIT_AT_OPEN_IF_OPEN_BELOW_SL,SL_FIRST,10,PENDING_NEXT_OPEN,2.8243,2.1182,113.4282,105.7445,1.9030,Exact TP/SL are fixed from the actual T+1 opening/entry price,29,2026-10-27,False,2026-07-28,1.4300,1.3600,5.4000,ALCISTA FUERTE,10,771.3500,7.9100,52.5000,14.8700,SIDI_SHADOW_V1: Fund≥6.5 · DD60≥12% · RSI<40 · MACD↑ · Vol↓ · SPY20≤+1% · Abnormal20≤-10%,SIDI_SHADOW_V1,True
AEE,Ameren,Utilities,Multi-Utilities,1991-09-19,99.3900,99.0600,99.5300,98.2500,99.3900,2026-09-28,19.8300,30.9200,DOWN,-0.4261,-0.4290,-0.2499,True,0.0385,1.5550,0.7890,1.5650,106.6700,106.4200,103.1900,-6.8200,-6.6100,True,0.2651,BAJISTA,-12.9800,-14.0100,114.2100,115.5800,117.4900,94.5800,-15.4000,5.0900,1.4850,False,False,,0,110.3800,False,,HAMMER,7.4500,7.0000,8.5000,7.0000,5,10.0000,7.0000,False,False,True,True,True,False,3.1300,4.6900,1.5000,SIDI_SHADOW_V1,0.2808,0.9519,-0.1757,1.0406,294,XLU,True,17.4982,17.1138,2.0100,3.2714,12.6450,0.1194,0.0306,0.1858,0.5241,-0.0620,0.1190,157.8460,0.5310,-1786249984.0000,1563000064.0000,-1.1428,27515451392,0.4700,8.9000,3.0200,276843251,3.5700,2.8700,4.6500,3.1100,-0.0649,FCF/NI:-1.14|D/E:158,2,5.1200,False,True,False,False,False,False,VOLUME|FUND65|ABNORMAL20,False,3-7d,XLU,,NEE|DUK|SO,interest_rates|regulatory_environment,NEXT_SESSION_OPEN,0.7500,-5.0000,7,1.5000,5,EXIT_AT_OPEN_IF_OPEN_BELOW_SL,SL_FIRST,10,PENDING_NEXT_OPEN,1.5550,1.1663,100.5563,94.4205,1.1734,Exact TP/SL are fixed from the actual T+1 opening/entry price,37,2026-11-04,False,2026-07-30,1.1300,1.0800,4.2000,ALCISTA FUERTE,10,771.3500,7.9100,52.5000,14.8700,SIDI_SHADOW_V1: Fund≥6.5 · DD60≥12% · RSI<40 · MACD↑ · Vol↓ · SPY20≤+1% · Abnormal20≤-10%,SIDI_SHADOW_V1,True
MTD,Mettler Toledo,Health Care,Life Sciences Tools & Services,2016-09-06,1511.6400,1510.3900,1525.5400,1495.5100,1511.6400,2026-09-28,72.9500,48.9400,UP,20.7522,20.6730,14.8590,True,0.9241,42.1979,1.1420,2.7920,1387.2500,1315.8200,1412.1500,8.9700,14.8800,True,-0.3824,ALCISTA,-0.4900,-1.9100,1519.1500,1541.0200,1541.0200,1023.0500,-1.9100,47.7600,0.5920,False,False,1266.5500,1,,False,-16.2100,HAMMER|DOJI,6.3500,9.5000,7.0000,5.0000,4,5.0000,7.0000,False,False,False,False,True,False,5.5800,8.3700,1.5000,SIDI_SHADOW_V1,0.2808,7.4312,0.5939,0.7609,294,XLV,True,34.1305,29.2414,2361.9375,7.3268,25.3770,,0.2110,0.2191,0.6026,0.0450,0.1830,16668.4470,1.1220,693589632.0000,905611008.0000,0.7659,30288066560,1.2200,3.8600,,20036559,4.3000,4.1400,4.9800,3.7000,0.0229,D/E:16668,1,5.1200,False,True,False,False,False,False,DD12|RSI40|VOLUME|FUND65|ABNORMAL20,False,10-18d,XLV,,UNH|JNJ|LLY,fda_calendar|drug_pricing_policy|patent_cliffs,NEXT_SESSION_OPEN,0.7500,-5.0000,7,1.5000,5,EXIT_AT_OPEN_IF_OPEN_BELOW_SL,SL_FIRST,10,PENDING_NEXT_OPEN,42.1979,31.6484,1543.2884,1436.0580,2.0936,Exact TP/SL are fixed from the actual T+1 opening/entry price,38,2026-11-05,False,2026-07-30,11.4600,10.8000,6.1000,ALCISTA FUERTE,10,771.3500,7.9100,52.5000,14.8700,SIDI_SHADOW_V1: Fund≥6.5 · DD60≥12% · RSI<40 · MACD↑ · Vol↓ · SPY20≤+1% · Abnormal20≤-10%,SIDI_SHADOW_V1,True
ROL,"Rollins, Inc.",Industrials,Environmental & Facilities Services,2018-10-01,30.0300,30.0100,30.3400,29.7400,30.0300,2026-09-28,15.2600,17.2500,DOWN,-0.2766,-0.2093,-0.1208,False,-0.0362,0.9271,0.8470,3.0870,36.5100,50.0000,33.6300,-17.7500,-39.9400,False,-4.7826,BAJISTA,-33.6200,-34.9100,45.2400,46.1400,65.4000,29.7400,-54.0800,0.9800,1.4040,False,False,,0,37.7300,False,,HAMMER|DOJI,6.0000,5.0000,7.5000,5.0000,4,8.0000,7.0000,False,False,True,True,False,False,6.1700,9.2600,1.5000,SIDI_SHADOW_V1,0.2808,-10.1819,0.2710,-0.1524,294,XLI,True,27.3000,23.2041,10.1077,3.6821,17.8660,0.3701,0.1406,0.1355,0.5237,0.0790,0.0310,78.0150,0.6290,501737504.0000,531716000.0000,0.9436,14448796672,0.7360,4.0000,2.4300,481145404,4.5400,2.2200,6.3400,5.1600,0.0347,OK,0,5.1200,False,True,True,False,False,False,MACD|VOLUME|FUND65,False,3-7d,XLI,,CAT|UNP|HON,pmi_manufacturing|supply_chain|capex_cycle,NEXT_SESSION_OPEN,0.7500,-5.0000,7,1.5000,5,EXIT_AT_OPEN_IF_OPEN_BELOW_SL,SL_FIRST,10,PENDING_NEXT_OPEN,0.9271,0.6953,30.7253,28.5285,2.3154,Exact TP/SL are fixed from the actual T+1 opening/entry price,30,2026-10-28,False,2026-07-22,0.3200,0.3400,-5.8000,ALCISTA FUERTE,10,771.3500,7.9100,52.5000,14.8700,SIDI_SHADOW_V1: Fund≥6.5 · DD60≥12% · RSI<40 · MACD↑ · Vol↓ · SPY20≤+1% · Abnormal20≤-10%,SIDI_SHADOW_V1,True
PNW,Pinnacle West Capital,Utilities,Multi-Utilities,1999-10-04,91.7400,91.0500,91.9400,90.2700,91.7400,2026-09-28,19.6400,25.9500,DOWN,-0.3186,-0.3475,-0.2099,True,0.0822,1.5264,0.8300,1.6640,98.9700,97.6100,95.0700,-7.3100,-6.0100,True,0.9298,BAJISTA,-15.3600,-16.7200,108.3800,110.1600,110.1600,82.7100,-16.7200,10.9200,1.4630,False,False,,0,107.1700,False,,NONE,6.9500,7.0000,8.5000,7.0000,5,8.0000,5.0000,False,False,True,True,True,False,3.3300,4.9900,1.5000,SIDI_SHADOW_V1,0.2808,-0.0202,-0.1183,0.8968,294,XLU,True,17.6084,16.4822,1.5804,2.0018,12.8680,0.0936,0.0233,0.1153,0.4335,0.0710,-0.0950,233.2880,0.5940,-929501376.0000,640105024.0000,-1.4521,11118633984,0.4370,11.2400,3.9700,121197234,3.8900,4.3400,4.0100,3.2300,-0.0836,FCF/NI:-1.45|D/E:233,2,5.1100,False,True,False,False,False,False,VOLUME|FUND65|ABNORMAL20,False,3-7d,XLU,,NEE|DUK|SO,interest_rates|regulatory_environment,NEXT_SESSION_OPEN,0.7500,-5.0000,7,1.5000,5,EXIT_AT_OPEN_IF_OPEN_BELOW_SL,SL_FIRST,10,PENDING_NEXT_OPEN,1.5264,1.1448,92.8848,87.1530,1.2479,Exact TP/SL are fixed from the actual T+1 opening/entry price,36,2026-11-03,False,2026-08-04,1.4300,1.4700,-2.7000,ALCISTA FUERTE,10,771.3500,7.9100,52.5000,14.8700,SIDI_SHADOW_V1: Fund≥6.5 · DD60≥12% · RSI<40 · MACD↑ · Vol↓ · SPY20≤+1% · Abnormal20≤-10%,SIDI_SHADOW_V1,True
TYL,Tyler Technologies,Information Technology,Application Software,2020-06-22,325.5700,324.9300,331.4100,324.6400,325.5700,2026-09-28,28.5200,30.8800,DOWN,-4.2226,-4.3262,-4.4983,True,0.1747,12.3671,0.8910,3.7990,334.0900,348.7500,340.6100,-2.5500,-6.6500,False,-3.2182,BAJISTA,-14.1600,-17.2700,379.2700,393.5300,531.9400,270.7100,-38.8000,20.2700,0.4580,True,True,299.7300,1,330.0000,False,-7.9400,HAMMER|DOJI|DOJI,6.6300,5.0000,8.5000,7.5000,5,6.5000,7.0000,True,True,True,True,True,True,7.6000,11.4000,1.5000,SIDI_SHADOW_V1,0.2808,-11.7955,0.9135,-0.7494,294,XLK,True,42.7257,21.2076,4.3875,5.4875,30.1360,0.0973,0.0418,0.1336,0.4721,0.0820,0.1550,47.9060,1.5540,594435648.0000,324616000.0000,1.8312,13332831232,0.8350,3.5400,,40952274,4.0500,1.0900,4.9500,6.4600,0.0446,OK,0,5.0800,False,True,True,True,False,False,FUND65,False,3-7d,XLK,,AAPL|MSFT|NVDA,interest_rates|ai_capex_cycle|semiconductor_cycle,NEXT_SESSION_OPEN,0.7500,-5.0000,7,1.5000,5,EXIT_AT_OPEN_IF_OPEN_BELOW_SL,SL_FIRST,10,PENDING_NEXT_OPEN,12.3671,9.2753,334.8453,309.2915,2.8489,Exact TP/SL are fixed from the actual T+1 opening/entry price,30,2026-10-28,False,2026-07-29,3.0800,3.0700,36.0000,ALCISTA FUERTE,10,771.3500,7.9100,52.5000,14.8700,SIDI_SHADOW_V1: Fund≥6.5 · DD60≥12% · RSI<40 · MACD↑ · Vol↓ · SPY20≤+1% · Abnormal20≤-10%,SIDI_SHADOW_V1,True
MCD,McDonald's,Consumer Discretionary,Restaurants,1970-06-30,236.5000,236.7800,238.0000,235.2900,236.5000,2026-09-28,22.0200,20.2800,UP,-1.4410,-1.3191,-0.4695,False,0.0104,4.6800,0.8850,1.9790,261.3000,288.2200,250.6200,-9.4900,-17.9500,False,-1.6190,BAJISTA,-15.6000,-17.0400,280.2200,285.0700,335.1800,234.0300,-29.4400,1.0600,1.1230,False,False,,0,276.5700,False,,HAMMER,6.2000,5.0000,8.5000,5.0000,4,8.0000,7.0000,False,False,True,True,False,False,3.9600,5.9400,1.5000,SIDI_SHADOW_V1,0.2808,-3.6402,-0.6865,0.5815,294,XLY,True,19.1964,17.0514,-163.5546,6.0413,14.8120,,0.1325,0.3172,0.5738,0.0370,0.0570,,1.0810,6262374912.0000,8787000320.0000,0.7127,167357218816,0.4140,2.8200,3.2600,707641531,4.3100,2.9500,4.9600,5.1300,0.0374,FCF/NI:0.71,1,5.0700,False,True,False,False,False,False,MACD|VOLUME|FUND65|ABNORMAL20,False,3-7d,XLY,,AMZN|TSLA|HD,consumer_spending|employment_data|interest_rates,NEXT_SESSION_OPEN,0.7500,-5.0000,7,1.5000,5,EXIT_AT_OPEN_IF_OPEN_BELOW_SL,SL_FIRST,10,PENDING_NEXT_OPEN,4.6800,3.5100,240.0100,224.6750,1.4841,Exact TP/SL are fixed from the actual T+1 opening/entry price,38,2026-11-05,False,2026-08-04,3.3800,3.3200,1.8000,ALCISTA FUERTE,10,771.3500,7.9100,52.5000,14.8700,SIDI_SHADOW_V1: Fund≥6.5 · DD60≥12% · RSI<40 · MACD↑ · Vol↓ · SPY20≤+1% · Abnormal20≤-10%,SIDI_SHADOW_V1,True
TXT,Textron,Industrials,Aerospace & Defense,1978-12-31,76.5900,76.1300,77.2200,75.8900,76.5900,2026-09-28,37.1300,32.5700,UP,-0.1232,-0.1067,0.1502,False,0.0657,1.7377,0.7740,2.2690,84.5800,89.7900,79.8000,-9.4500,-14.7000,False,-0.2727,BAJISTA,-20.3100,-21.2800,96.1100,97.3000,101.5000,75.8600,-24.5400,0.9600,0.8790,False,False,78.1000,1,82.7900,True,1.9700,NONE,6.5500,5.0000,7.5000,5.0000,7,10.0000,5.0000,False,False,True,True,False,False,4.5400,6.8100,1.5000,SIDI_SHADOW_V1,0.2808,0.5122,-0.3258,1.1278,294,XLI,True,14.4237,10.5452,1.6350,0.8705,9.4930,0.1213,0.0455,0.0612,0.1763,0.0300,0.0520,52.2850,1.8610,452750016.0000,939000000.0000,0.4822,13318156288,0.8980,4.4900,0.1000,173888981,4.0800,1.1300,4.2000,7.3900,0.0340,FCF/NI:0.48,1,5.0700,False,True,False,False,False,False,MACD|VOLUME|FUND65|ABNORMAL20,False,3-7d,XLI,,CAT|UNP|HON,pmi_manufacturing|supply_chain|capex_cycle,NEXT_SESSION_OPEN,0.7500,-5.0000,7,1.5000,5,EXIT_AT_OPEN_IF_OPEN_BELOW_SL,SL_FIRST,10,PENDING_NEXT_OPEN,1.7377,1.3033,77.8933,72.7605,1.7016,Exact TP/SL are fixed from the actual T+1 opening/entry price,31,2026-10-29,False,2026-07-28,1.6200,1.5500,4.8000,ALCISTA FUERTE,10,771.3500,7.9100,52.5000,14.8700,SIDI_SHADOW_V1: Fund≥6.5 · DD60≥12% · RSI<40 · MACD↑ · Vol↓ · SPY20≤+1% · Abnormal20≤-10%,SIDI_SHADOW_V1,True
MLM,Martin Marietta Materials,Materials,Construction Materials,2014-07-02,484.3000,480.2100,489.3500,477.3800,484.3000,2026-09-28,31.8000,30.6600,UP,-0.6373,-0.6213,0.2380,False,0.1104,12.8786,0.8360,2.6590,528.2000,591.4200,503.1400,-8.3100,-18.1100,False,-1.7244,BAJISTA,-19.8600,-20.1100,604.3200,606.2100,707.9400,477.3800,-31.5900,1.4500,1.2530,False,False,,0,590.3600,False,,NONE,5.8000,5.0000,7.5000,5.0000,4,8.0000,5.0000,False,False,True,True,False,False,5.3200,7.9800,1.5000,SIDI_SHADOW_V1,0.2808,3.2208,-0.0314,1.2905,294,XLB,True,31.4481,22.6867,2.5189,5.1427,16.6160,0.0889,0.0457,0.3674,0.2823,0.2100,-0.2320,54.9450,1.4070,593374976.0000,930000000.0000,0.6380,34394685440,1.1010,4.0100,0.6900,71019382,4.5500,5.0000,4.6400,3.9100,0.0173,FCF/NI:0.64,1,5.0500,False,True,False,False,False,False,MACD|VOLUME|FUND65|ABNORMAL20,False,3-7d,XLB,,LIN|APD|ECL,commodity_prices|dxy|china_demand|energy_costs,NEXT_SESSION_OPEN,0.7500,-5.0000,7,1.5000,5,EXIT_AT_OPEN_IF_OPEN_BELOW_SL,SL_FIRST,10,PENDING_NEXT_OPEN,12.8786,9.6590,493.9590,460.0850,1.9944,Exact TP/SL are fixed from the actual T+1 opening/entry price,36,2026-11-03,False,2026-07-30,5.0000,4.6400,7.6000,ALCISTA FUERTE,10,771.3500,7.9100,52.5000,14.8700,SIDI_SHADOW_V1: Fund≥6.5 · DD60≥12% · RSI<40 · MACD↑ · Vol↓ · SPY20≤+1% · Abnormal20≤-10%,SIDI_SHADOW_V1,True
CRWD,CrowdStrike,Information Technology,Systems Software,2024-06-24,252.1300,259.5300,259.8600,251.5400,252.1300,2026-09-28,71.0000,58.6400,UP,2.8122,3.6524,3.2425,False,0.7791,12.1645,1.1080,4.8250,212.6300,150.1100,234.4300,18.5800,67.9600,True,7.1602,ALCISTA,-3.9500,-4.4500,262.4900,263.8700,263.8700,85.6800,-4.4500,194.2700,0.6230,False,False,181.1200,2,,False,-28.1600,NONE,6.0500,10.0000,6.0000,5.0000,4,5.0000,5.0000,False,False,False,False,False,False,9.6500,14.4700,1.5000,SIDI_SHADOW_V1,0.2808,-1.0501,-0.2959,0.9342,294,XLK,True,8404.3340,157.0013,50.5980,47.8424,2377.0020,0.0146,-0.0078,0.0083,0.7519,0.2580,,15.9580,1.5700,1995385472.0000,44995000.0000,44.3468,258164703232,1.2550,2.4100,,1023934842,4.3700,5.4500,5.6300,1.6200,0.0077,OK,0,5.0400,False,True,False,False,False,False,DD12|RSI40|MACD|VOLUME|FUND65|ABNORMAL20,False,10-18d,XLK,,AAPL|MSFT|NVDA,interest_rates|ai_capex_cycle|semiconductor_cycle,NEXT_SESSION_OPEN,0.7500,-5.0000,7,1.5000,5,EXIT_AT_OPEN_IF_OPEN_BELOW_SL,SL_FIRST,10,PENDING_NEXT_OPEN,12.1645,9.1234,261.2534,239.5235,3.6185,Exact TP/SL are fixed from the actual T+1 opening/entry price,64,2026-12-01,False,2026-08-26,0.3100,0.2900,6.4000,ALCISTA FUERTE,10,771.3500,7.9100,52.5000,14.8700,SIDI_SHADOW_V1: Fund≥6.5 · DD60≥12% · RSI<40 · MACD↑ · Vol↓ · SPY20≤+1% · Abnormal20≤-10%,SIDI_SHADOW_V1,True
NOC,Northrop Grumman,Industrials,Aerospace & Defense,1957-03-04,510.5200,509.1000,513.2300,507.0100,510.5200,2026-09-28,46.4000,38.7600,UP,-0.9752,-0.9581,-0.4124,False,0.1679,11.1464,0.8080,2.1830,539.8200,595.4600,524.8100,-5.4300,-14.2600,False,-0.4814,BAJISTA,-12.9500,-13.7400,586.4700,591.8200,767.1200,476.8500,-33.4500,7.0600,0.6620,True,True,517.7700,3,557.2700,True,1.4200,NONE,6.5300,5.0000,6.0000,7.5000,9,6.5000,5.0000,False,False,True,False,False,True,4.3700,6.5500,1.5000,SIDI_SHADOW_V1,0.2808,1.0656,-0.4698,0.5311,294,XLI,True,16.2327,16.7659,4.0554,1.6909,12.0290,0.2696,0.0715,0.1048,0.2006,0.0510,-0.0580,95.3480,1.1680,2478000128.0000,4496000000.0000,0.5512,72526012416,-0.1100,2.9600,1.9400,142063026,4.0400,1.1300,4.9800,6.3300,0.0342,FCF/NI:0.55|D/E:95,2,5.0400,False,True,False,False,False,False,RSI40|MACD|FUND65|ABNORMAL20,False,3-7d,XLI,,CAT|UNP|HON,pmi_manufacturing|supply_chain|capex_cycle,NEXT_SESSION_OPEN,0.7500,-5.0000,7,1.5000,5,EXIT_AT_OPEN_IF_OPEN_BELOW_SL,SL_FIRST,10,PENDING_NEXT_OPEN,11.1464,8.3598,518.8798,484.9940,1.6375,Exact TP/SL are fixed from the actual T+1 opening/entry price,22,2026-10-20,False,2026-07-21,7.6800,6.8200,12.7000,ALCISTA FUERTE,10,771.3500,7.9100,52.5000,14.8700,SIDI_SHADOW_V1: Fund≥6.5 · DD60≥12% · RSI<40 · MACD↑ · Vol↓ · SPY20≤+1% · Abnormal20≤-10%,SIDI_SHADOW_V1,True
SO,Southern Company,Utilities,Electric Utilities,1957-03-04,82.8800,82.6700,83.0100,82.0900,82.8800,2026-09-28,19.6300,32.1600,DOWN,-0.2959,-0.2798,-0.1180,False,0.0079,1.2200,0.7550,1.4720,90.2100,90.9900,86.4300,-8.1200,-8.9200,False,-0.0502,BAJISTA,-14.7100,-15.8100,97.1800,98.4500,98.4500,81.7900,-15.8100,1.3300,0.8050,False,False,,0,95.8100,False,,HAMMER,6.3000,5.0000,7.5000,5.0000,4,10.0000,7.0000,False,False,True,True,False,False,2.9400,4.4200,1.5000,SIDI_SHADOW_V1,0.2808,0.2189,-0.2383,0.9535,294,XLU,True,19.9711,16.8314,2.4094,3.1592,12.0790,0.1148,0.0327,0.1543,0.4829,0.0010,0.3040,182.0580,0.7870,-3913374976.0000,4657999872.0000,-0.8401,95342084096,0.3160,5.1100,3.6700,1150362966,4.2000,5.0000,4.5500,2.8700,-0.0410,FCF/NI:-0.84|D/E:182,2,5.0400,False,True,False,False,False,False,MACD|VOLUME|FUND65|ABNORMAL20,False,3-7d,XLU,,NEE|DUK|D,interest_rates|regulatory_environment,NEXT_SESSION_OPEN,0.7500,-5.0000,7,1.5000,5,EXIT_AT_OPEN_IF_OPEN_BELOW_SL,SL_FIRST,10,PENDING_NEXT_OPEN,1.2200,0.9150,83.7950,78.7360,1.1040,Exact TP/SL are fixed from the actual T+1 opening/entry price,38,2026-11-05,False,2026-07-30,1.1300,1.0100,11.8000,ALCISTA FUERTE,10,771.3500,7.9100,52.5000,14.8700,SIDI_SHADOW_V1: Fund≥6.5 · DD60≥12% · RSI<40 · MACD↑ · Vol↓ · SPY20≤+1% · Abnormal20≤-10%,SIDI_SHADOW_V1,True
WY,Weyerhaeuser,Real Estate,Timber REITs,1979-10-01,20.0100,20.1300,20.2200,19.9100,20.0100,2026-09-28,17.7700,15.6000,UP,-0.1725,-0.1478,-0.1117,False,-0.0182,0.5150,0.8530,2.5740,23.3900,23.8600,21.8900,-14.4600,-16.1200,False,0.3288,BAJISTA,-21.8500,-22.3300,25.6000,25.7600,27.0300,19.9100,-25.9700,0.5000,1.1010,False,False,,0,25.3700,False,,NONE,6.1000,5.5000,8.5000,5.0000,4,8.0000,5.0000,False,False,True,True,False,False,5.1500,7.7200,1.5000,SIDI_SHADOW_V1,0.2808,-8.1238,0.2439,0.9736,294,XLRE,True,30.3182,29.7564,1.5250,2.1048,28.1160,0.0497,0.0067,0.0689,0.1451,-0.0090,0.8710,57.6250,1.8160,13625000.0000,472000000.0000,0.0289,14421927936,0.8900,5.5000,4.2000,720736000,4.3300,5.0000,4.6000,3.2200,0.0009,FCF/NI:0.03,1,5.0400,False,True,False,False,False,False,MACD|VOLUME|FUND65|ABNORMAL20,False,3-7d,XLRE,,PLD|AMT|EQIX,interest_rates|cap_rates|occupancy_trends,NEXT_SESSION_OPEN,0.7500,-5.0000,7,1.5000,5,EXIT_AT_OPEN_IF_OPEN_BELOW_SL,SL_FIRST,10,PENDING_NEXT_OPEN,0.5150,0.3862,20.3963,19.0095,1.9303,Exact TP/SL are fixed from the actual T+1 opening/entry price,31,2026-10-29,False,2026-07-30,0.1300,0.0800,66.6000,ALCISTA FUERTE,10,771.3500,7.9100,52.5000,14.8700,SIDI_SHADOW_V1: Fund≥6.5 · DD60≥12% · RSI<40 · MACD↑ · Vol↓ · SPY20≤+1% · Abnormal20≤-10%,SIDI_SHADOW_V1,True
APD,Air Products,Materials,Industrial Gases,1985-04-30,281.7600,283.7000,284.9500,281.4000,281.7600,2026-09-28,27.4000,21.3800,UP,-1.0351,-1.0791,-1.7131,True,0.1953,5.3864,0.7570,1.9120,297.6200,282.7700,290.9200,-5.3300,-0.3600,True,1.4867,BAJISTA,-10.3200,-10.5200,314.1900,314.8700,314.8700,224.6400,-10.5200,25.4300,0.6860,False,False,272.6800,1,288.1500,True,-3.2200,HAMMER,7.4800,7.0000,9.5000,5.0000,8,8.5000,7.0000,False,False,False,True,True,False,3.8200,5.7400,1.5000,SIDI_SHADOW_V1,0.2808,-6.0862,-0.4629,0.6931,294,XLB,True,,19.5167,4.5192,4.9788,17.7820,0.0002,0.0473,-0.0037,0.3206,0.0460,,110.0910,1.0850,-1497500032.0000,-47300000.0000,31.6596,62743879680,0.7540,4.1400,2.5700,222685530,3.3900,3.4200,3.8600,2.8000,-0.0239,D/E:110,1,5.0300,False,True,False,False,False,False,DD12|VOLUME|FUND65|ABNORMAL20,False,5-10d,XLB,,LIN|ECL|NEM,commodity_prices|dxy|china_demand|energy_costs,NEXT_SESSION_OPEN,0.7500,-5.0000,7,1.5000,5,EXIT_AT_OPEN_IF_OPEN_BELOW_SL,SL_FIRST,10,PENDING_NEXT_OPEN,5.3864,4.0398,285.7998,267.6720,1.4338,Exact TP/SL are fixed from the actual T+1 opening/entry price,38,2026-11-05,False,2026-07-30,3.4700,3.3400,3.8000,ALCISTA FUERTE,10,771.3500,7.9100,52.5000,14.8700,SIDI_SHADOW_V1: Fund≥6.5 · DD60≥12% · RSI<40 · MACD↑ · Vol↓ · SPY20≤+1% · Abnormal20≤-10%,SIDI_SHADOW_V1,True
RF,Regions Financial Corporation,Financials,Regional Banks,1998-08-28,27.6200,27.2900,27.7000,27.2000,27.6200,2026-09-28,16.3500,32.5300,DOWN,-0.2141,-0.2445,-0.1923,True,0.1300,0.5986,1.0100,2.1670,30.1700,28.2200,28.9300,-8.4400,-2.1100,True,1.7558,BAJISTA,-13.8900,-14.0700,32.0700,32.1400,32.1400,21.8200,-14.0700,26.5900,1.2380,False,False,27.0100,2,28.0700,True,-2.2300,NONE,7.0000,7.0000,8.5000,5.0000,8,8.0000,5.0000,False,False,True,True,True,False,4.3300,6.5000,1.5000,SIDI_SHADOW_V1,0.2808,-2.4297,0.0456,1.0962,294,XLF,True,11.2276,9.7109,1.3481,3.2509,,0.1187,0.0139,0.3084,0.0000,0.0340,0.0850,,,,2150000128.0000,,23530295296,1.0030,7.6800,3.9600,851929506,3.7200,1.1700,4.5800,5.7000,,OK,0,5.0300,False,True,False,False,False,False,VOLUME|FUND65|ABNORMAL20,False,5-10d,XLF,,JPM|BAC|WFC,interest_rates|yield_curve|credit_spreads|loan_growth,NEXT_SESSION_OPEN,0.7500,-5.0000,7,1.5000,5,EXIT_AT_OPEN_IF_OPEN_BELOW_SL,SL_FIRST,10,PENDING_NEXT_OPEN,0.5986,0.4490,28.0690,26.2390,1.6255,Exact TP/SL are fixed from the actual T+1 opening/entry price,18,2026-10-16,False,2026-07-17,0.6800,0.6300,7.9000,ALCISTA FUERTE,10,771.3500,7.9100,52.5000,14.8700,SIDI_SHADOW_V1: Fund≥6.5 · DD60≥12% · RSI<40 · MACD↑ · Vol↓ · SPY20≤+1% · Abnormal20≤-10%,SIDI_SHADOW_V1,True
SBAC,SBA Communications,Real Estate,Telecom Tower REITs,2017-09-01,166.1500,166.0000,168.1300,164.8500,166.1500,2026-09-28,15.5600,31.2800,DOWN,-2.1619,-2.0416,-1.3451,False,-0.0083,5.0443,0.9070,3.0360,181.2500,189.8000,178.5600,-8.3300,-12.4600,False,-0.4323,BAJISTA,-13.2500,-14.4600,191.5200,194.2300,221.5800,160.3300,-25.0200,3.6300,0.9230,True,True,,0,186.6300,False,,HAMMER|DOJI,6.5000,5.0000,7.5000,7.5000,4,8.0000,7.0000,False,False,True,True,False,True,6.0700,9.1100,1.5000,SIDI_SHADOW_V1,0.2808,-1.9482,-0.2556,1.4091,294,XLRE,True,17.9234,20.3006,-3.8071,6.1403,17.7760,,0.0841,0.3451,0.7420,0.0230,-0.1050,,0.1650,752056384.0000,990718016.0000,0.7591,17626540032,0.9840,4.5800,3.0100,106088110,3.9900,0.8000,5.4400,6.0300,0.0427,OK,0,4.9900,False,True,False,False,False,False,MACD|FUND65|ABNORMAL20,False,3-7d,XLRE,,PLD|AMT|EQIX,interest_rates|cap_rates|occupancy_trends,NEXT_SESSION_OPEN,0.7500,-5.0000,7,1.5000,5,EXIT_AT_OPEN_IF_OPEN_BELOW_SL,SL_FIRST,10,PENDING_NEXT_OPEN,5.0443,3.7832,169.9332,157.8425,2.2770,Exact TP/SL are fixed from the actual T+1 opening/entry price,35,2026-11-02,False,2026-08-03,1.8700,1.8900,-1.2000,ALCISTA FUERTE,10,771.3500,7.9100,52.5000,14.8700,SIDI_SHADOW_V1: Fund≥6.5 · DD60≥12% · RSI<40 · MACD↑ · Vol↓ · SPY20≤+1% · Abnormal20≤-10%,SIDI_SHADOW_V1,True
KMB,Kimberly-Clark,Consumer Staples,Household Products,1957-03-04,98.4300,97.2700,98.5800,96.7200,98.4300,2026-09-28,25.5400,19.1100,UP,-0.0674,-0.2138,-0.3570,True,0.3393,2.1000,0.7790,2.1330,105.4400,100.4600,100.6100,-6.6500,-2.0200,True,0.1172,BAJISTA,-13.1900,-14.7300,113.3800,115.4300,119.2200,90.0900,-17.4400,9.2600,0.6940,True,True,91.6200,2,98.3900,False,-6.9200,NONE,7.1000,7.0000,9.5000,7.5000,5,7.0000,5.0000,True,True,True,True,True,True,4.2700,6.4000,1.5000,SIDI_SHADOW_V1,0.2808,-6.9567,0.2520,1.1537,294,XLP,True,19.4526,13.1836,18.7058,1.9704,11.0440,1.0491,0.1019,0.1179,0.3761,0.0060,-0.3230,348.9330,0.9090,941124992.0000,1684999936.0000,0.5585,32672888832,0.2730,12.3200,5.2000,331940357,3.5600,0.0000,6.1300,4.7300,0.0288,FCF/NI:0.56|D/E:349,2,4.9800,False,True,False,True,False,False,FUND65|ABNORMAL20,False,3-7d,XLP,,PG|KO|PEP,inflation|input_costs|fx_rates,NEXT_SESSION_OPEN,0.7500,-5.0000,7,1.5000,5,EXIT_AT_OPEN_IF_OPEN_BELOW_SL,SL_FIRST,10,PENDING_NEXT_OPEN,2.1000,1.5750,100.0050,93.5085,1.6001,Exact TP/SL are fixed from the actual T+1 opening/entry price,36,2026-11-03,False,2026-08-04,2.1200,2.0100,5.7000,ALCISTA FUERTE,10,771.3500,7.9100,52.5000,14.8700,SIDI_SHADOW_V1: Fund≥6.5 · DD60≥12% · RSI<40 · MACD↑ · Vol↓ · SPY20≤+1% · Abnormal20≤-10%,SIDI_SHADOW_V1,True
XYZ,"Block, Inc.",Financials,Transaction & Payment Processing Services,2025-07-23,76.4200,76.5100,77.1900,75.4000,76.4200,2026-09-28,28.2300,30.9300,DOWN,-0.3429,-0.4176,-0.4273,True,0.2537,2.1878,0.7900,2.8630,80.1500,69.8800,78.3500,-4.6500,9.3700,True,2.4134,NEUTRO,-9.9400,-12.0800,84.8500,86.9200,86.9200,48.2100,-12.0800,58.5100,0.8430,True,True,77.2400,4,81.0400,True,1.0800,BULL_ENGULF|HAMMER|DOJI,8.4700,8.5000,8.5000,7.5000,9,8.5000,9.5000,False,True,False,True,True,True,5.7300,8.5900,1.5000,SIDI_SHADOW_V1,0.2808,-5.5421,1.2979,0.8595,294,XLF,True,136.4643,14.7353,2.0824,1.8334,29.9180,0.0161,0.0201,0.0143,0.4657,0.0930,-0.8330,32.5800,2.2090,-27105876.0000,357142016.0000,-0.0759,45912752128,2.5220,3.4300,,540816000,2.6400,1.9100,3.9600,1.9600,-0.0006,FCF/NI:-0.08,1,4.9700,False,True,False,False,False,False,DD12|FUND65|ABNORMAL20,False,5-10d,XLF,,JPM|BAC|WFC,interest_rates|yield_curve|credit_spreads|loan_growth,NEXT_SESSION_OPEN,0.7500,-5.0000,7,1.5000,5,EXIT_AT_OPEN_IF_OPEN_BELOW_SL,SL_FIRST,10,PENDING_NEXT_OPEN,2.1878,1.6409,78.0609,72.5990,2.1471,Exact TP/SL are fixed from the actual T+1 opening/entry price,42,2026-11-09,False,2026-08-05,1.0200,0.8700,16.7000,ALCISTA FUERTE,10,771.3500,7.9100,52.5000,14.8700,SIDI_SHADOW_V1: Fund≥6.5 · DD60≥12% · RSI<40 · MACD↑ · Vol↓ · SPY20≤+1% · Abnormal20≤-10%,SIDI_SHADOW_V1,True
SWKS,Skyworks Solutions,Information Technology,Semiconductors,2015-03-12,89.3400,87.9500,90.9000,86.7300,89.3400,2026-09-28,63.9900,70.7200,DOWN,0.3578,0.5999,1.1475,False,0.7226,5.6643,1.6260,6.3400,71.7600,64.8500,82.7800,24.5000,37.7600,True,2.6364,ALCISTA,-2.3100,-3.7300,91.4500,92.8000,92.8000,51.4800,-3.7300,73.5300,0.5590,True,True,69.3700,1,92.3000,False,-22.3500,NONE,6.3500,10.0000,5.0000,7.5000,4,5.0000,5.0000,False,False,False,False,False,True,12.6800,19.0200,1.5000,SIDI_SHADOW_V1,0.2808,28.0728,0.3549,0.6612,294,XLK,True,46.2902,18.0025,2.3432,3.3475,15.1390,0.0509,0.0344,0.0723,0.4073,-0.0310,-0.6860,11.8690,3.1010,448812512.0000,290100000.0000,1.5471,13437268992,1.5180,4.7000,4.1300,150405963,4.0400,0.0000,6.3400,6.0700,0.0334,OK,0,4.9600,False,True,False,False,False,False,DD12|RSI40|MACD|FUND65|ABNORMAL20,False,10-18d,XLK,,AAPL|MSFT|NVDA,interest_rates|ai_capex_cycle|semiconductor_cycle,NEXT_SESSION_OPEN,0.7500,-5.0000,7,1.5000,5,EXIT_AT_OPEN_IF_OPEN_BELOW_SL,SL_FIRST,10,PENDING_NEXT_OPEN,5.6643,4.2482,93.5882,84.8730,4.7551,Exact TP/SL are fixed from the actual T+1 opening/entry price,36,2026-11-03,False,2026-07-28,1.0800,1.0300,4.8000,ALCISTA FUERTE,10,771.3500,7.9100,52.5000,14.8700,SIDI_SHADOW_V1: Fund≥6.5 · DD60≥12% · RSI<40 · MACD↑ · Vol↓ · SPY20≤+1% · Abnormal20≤-10%,SIDI_SHADOW_V1,True
AEP,American Electric Power,Utilities,Electric Utilities,1957-03-04,118.3500,117.5300,118.5000,116.7100,118.3500,2026-09-28,24.6100,39.4700,DOWN,-0.3093,-0.3379,-0.1673,True,0.1183,1.9229,0.7890,1.6250,124.8600,125.4900,121.3500,-5.2100,-5.6900,False,0.2829,BAJISTA,-13.9000,-15.1700,137.4600,139.5200,139.5200,104.5400,-15.1700,13.2100,1.0220,False,False,,0,136.4600,False,,NONE,6.5500,5.5000,8.5000,5.0000,5,10.0000,5.0000,False,False,True,True,True,False,3.2500,4.8700,1.5000,SIDI_SHADOW_V1,0.2808,4.3709,-0.1111,1.0435,294,XLU,True,20.4758,17.2601,2.0083,2.8270,13.1310,0.1013,0.0298,0.1378,0.4635,0.0700,-0.4320,160.7890,0.5040,-5995950080.0000,3140999936.0000,-1.9089,64429428736,0.5000,7.8700,3.2100,544397352,3.8900,4.2700,4.3400,2.9200,-0.0931,FCF/NI:-1.91|D/E:161,2,4.9500,False,True,False,False,False,False,VOLUME|FUND65|ABNORMAL20,False,3-7d,XLU,,NEE|DUK|SO,interest_rates|regulatory_environment,NEXT_SESSION_OPEN,0.7500,-5.0000,7,1.5000,5,EXIT_AT_OPEN_IF_OPEN_BELOW_SL,SL_FIRST,10,PENDING_NEXT_OPEN,1.9229,1.4422,119.7922,112.4325,1.2186,Exact TP/SL are fixed from the actual T+1 opening/entry price,31,2026-10-29,False,2026-07-30,1.3600,1.4800,-8.2000,ALCISTA FUERTE,10,771.3500,7.9100,52.5000,14.8700,SIDI_SHADOW_V1: Fund≥6.5 · DD60≥12% · RSI<40 · MACD↑ · Vol↓ · SPY20≤+1% · Abnormal20≤-10%,SIDI_SHADOW_V1,True
WMB,Williams Companies,Energy,Oil & Gas Storage & Transportation,1975-03-31,69.2600,70.3600,70.4700,68.8200,69.2600,2026-09-28,30.8300,44.8100,DOWN,-0.3519,-0.2756,-0.2715,False,0.0012,1.8541,0.9230,2.6770,72.2000,69.9900,71.8200,-4.0800,-1.0400,True,2.0159,BAJISTA,-8.1800,-9.2300,75.4300,76.3100,78.9200,54.5300,-12.2400,27.0100,0.8000,True,True,69.8200,9,75.9500,True,0.8100,NONE,7.4000,7.0000,6.5000,7.5000,10,8.0000,5.0000,False,False,False,True,False,True,5.3500,8.0300,1.5000,SIDI_SHADOW_V1,0.2808,-4.9445,0.2709,0.5607,294,XLE,True,27.5936,26.8555,6.4392,6.8747,16.7100,0.2150,0.0503,0.2494,0.6364,0.0780,0.5120,200.3710,0.4770,-1516749952.0000,3070000128.0000,-0.4941,84716584960,0.6180,3.1500,3.0300,1223167472,3.3100,3.1500,4.3800,2.2300,-0.0179,FCF/NI:-0.49|D/E:200,2,4.9500,False,True,False,False,False,False,DD12|MACD|FUND65|ABNORMAL20,False,3-7d,XLE,,XOM|CVX|COP,oil_price|gas_price|opec_supply|inventories,NEXT_SESSION_OPEN,0.7500,-5.0000,7,1.5000,5,EXIT_AT_OPEN_IF_OPEN_BELOW_SL,SL_FIRST,10,PENDING_NEXT_OPEN,1.8541,1.3906,70.6506,65.7970,2.0078,Exact TP/SL are fixed from the actual T+1 opening/entry price,35,2026-11-02,False,2026-08-03,0.5000,0.5000,25.0000,ALCISTA FUERTE,10,771.3500,7.9100,52.5000,14.8700,SIDI_SHADOW_V1: Fund≥6.5 · DD60≥12% · RSI<40 · MACD↑ · Vol↓ · SPY20≤+1% · Abnormal20≤-10%,SIDI_SHADOW_V1,True
VMC,Vulcan Materials Company,Materials,Construction Materials,1999-06-30,245.0000,242.3400,246.8800,241.4700,245.0000,2026-09-28,30.1500,18.2600,UP,0.0919,-0.2314,-0.4790,True,0.2957,6.0221,0.7590,2.4580,268.5400,284.4100,252.5700,-8.7600,-13.8600,False,-1.2306,BAJISTA,-19.4800,-19.7400,304.2700,305.2600,329.2000,240.6900,-25.5800,1.7900,1.4330,False,False,240.6900,1,282.8600,True,-1.7600,DOJI,6.9200,5.0000,8.5000,7.0000,7,8.5000,5.0000,False,False,True,True,True,False,4.9200,7.3700,1.5000,SIDI_SHADOW_V1,0.2808,-2.8221,-0.0056,1.1259,294,XLB,True,29.2014,23.0013,3.7453,3.9117,15.6040,0.1323,0.0604,0.1375,0.2751,0.0250,0.0270,58.2200,1.7570,843600000.0000,1117100032.0000,0.7552,31746789376,1.0540,5.8800,0.8500,129578739,3.6200,0.5100,5.9100,4.5800,0.0266,OK,0,4.9400,False,True,False,False,False,False,VOLUME|FUND65|ABNORMAL20,False,3-7d,XLB,,LIN|APD|ECL,commodity_prices|dxy|china_demand|energy_costs,NEXT_SESSION_OPEN,0.7500,-5.0000,7,1.5000,5,EXIT_AT_OPEN_IF_OPEN_BELOW_SL,SL_FIRST,10,PENDING_NEXT_OPEN,6.0221,4.5166,249.5166,232.7500,1.8435,Exact TP/SL are fixed from the actual T+1 opening/entry price,31,2026-10-29,False,2026-07-29,2.5900,2.4700,4.9000,ALCISTA FUERTE,10,771.3500,7.9100,52.5000,14.8700,SIDI_SHADOW_V1: Fund≥6.5 · DD60≥12% · RSI<40 · MACD↑ · Vol↓ · SPY20≤+1% · Abnormal20≤-10%,SIDI_SHADOW_V1,True
AKAM,Akamai Technologies,Information Technology,Internet Services & Infrastructure,2007-07-12,113.9400,125.2300,128.4600,113.8400,113.9400,2026-09-28,60.2700,43.9400,UP,1.3169,1.4167,1.5594,False,0.7791,6.9757,1.2550,6.1220,113.2700,111.1300,110.9100,0.5900,2.5300,True,1.9137,ALCISTA,-12.0300,-13.0800,129.5200,131.0800,165.4500,70.8200,-31.1300,60.8900,6.3910,False,False,107.7600,3,112.7600,False,-5.4300,HAMMER,6.9500,10.0000,6.0000,7.0000,6,5.0000,7.0000,False,False,True,False,False,False,12.2400,18.3700,1.5000,SIDI_SHADOW_V1,0.2808,0.5205,-0.6186,1.2073,294,XLK,True,41.2826,16.6232,3.4454,3.7880,20.7040,0.0892,0.0252,0.0951,0.5745,0.0540,-0.2680,196.6720,1.6370,710060096.0000,410964992.0000,1.7278,16375070720,0.6350,6.1300,,143716609,3.5900,0.2200,4.3400,6.6400,0.0434,D/E:197,1,4.9300,False,True,False,False,False,False,RSI40|MACD|VOLUME|FUND65|ABNORMAL20,False,10-18d,XLK,,AAPL|MSFT|NVDA,interest_rates|ai_capex_cycle|semiconductor_cycle,NEXT_SESSION_OPEN,0.7500,-5.0000,7,1.5000,5,EXIT_AT_OPEN_IF_OPEN_BELOW_SL,SL_FIRST,10,PENDING_NEXT_OPEN,6.9757,5.2318,119.1718,108.2430,4.5917,Exact TP/SL are fixed from the actual T+1 opening/entry price,38,2026-11-05,False,2026-08-06,1.5900,1.5800,83.0000,ALCISTA FUERTE,10,771.3500,7.9100,52.5000,14.8700,SIDI_SHADOW_V1: Fund≥6.5 · DD60≥12% · RSI<40 · MACD↑ · Vol↓ · SPY20≤+1% · Abnormal20≤-10%,SIDI_SHADOW_V1,True
INTC,Intel,Information Technology,Semiconductors,1976-12-31,123.0000,126.8300,126.9300,122.8400,123.0000,2026-09-28,71.8200,71.7100,UP,2.9249,3.3107,3.0817,False,0.8564,6.9443,0.9890,5.6460,99.0500,79.2000,108.9100,24.1800,55.3000,True,9.1996,ALCISTA,-3.4500,-5.9200,127.3900,130.7400,142.3500,31.2100,-13.5900,294.1000,0.9220,False,False,102.4000,1,126.6400,False,-16.7500,HAMMER|BULL_ENGULF,6.5000,10.0000,6.0000,5.0000,4,5.0000,9.5000,False,False,False,False,False,False,11.2900,16.9400,1.5000,SIDI_SHADOW_V1,0.2808,16.4581,-1.3847,2.6144,294,XLK,True,,59.6485,7.0857,11.4005,39.0040,-0.1071,0.0141,-0.1979,0.3887,0.2540,,48.9970,1.6040,4866375168.0000,-11288999936.0000,-0.4311,650190913536,2.2310,1.7400,,5286105262,3.8700,5.3900,2.8600,3.2700,0.0075,FCF/NI:-0.43|ROE:-10.7%,2,4.9200,False,True,False,False,False,False,DD12|RSI40|MACD|VOLUME|FUND65|ABNORMAL20,False,10-18d,XLK,,AAPL|MSFT|NVDA,interest_rates|ai_capex_cycle|semiconductor_cycle,NEXT_SESSION_OPEN,0.7500,-5.0000,7,1.5000,5,EXIT_AT_OPEN_IF_OPEN_BELOW_SL,SL_FIRST,10,PENDING_NEXT_OPEN,6.9443,5.2082,128.2082,116.8500,4.2343,Exact TP/SL are fixed from the actual T+1 opening/entry price,24,2026-10-22,False,2026-07-23,0.4200,0.2200,94.6000,ALCISTA FUERTE,10,771.3500,7.9100,52.5000,14.8700,SIDI_SHADOW_V1: Fund≥6.5 · DD60≥12% · RSI<40 · MACD↑ · Vol↓ · SPY20≤+1% · Abnormal20≤-10%,SIDI_SHADOW_V1,True
BIIB,Biogen,Health Care,Biotechnology,2003-11-13,227.6000,228.2700,228.9200,223.7600,227.6000,2026-09-28,58.6600,46.1800,UP,0.8103,0.6878,0.0798,True,0.9240,5.8379,0.8510,2.5650,212.9600,193.9500,219.8200,6.8800,17.3500,True,2.4437,ALCISTA,0.0000,-0.6900,227.6000,229.1900,229.1900,135.3900,-0.6900,68.1100,1.0230,False,False,194.5900,2,,False,-14.5000,HAMMER|DOJI|HAMMER|DOJI|HAMMER,6.4500,10.0000,7.0000,5.0000,4,5.0000,7.0000,False,False,False,False,True,False,5.1300,7.6900,1.5000,SIDI_SHADOW_V1,0.2808,1.4825,-0.1046,0.9950,294,XLV,True,40.4982,13.7640,1.7836,3.3535,12.1160,0.0457,0.0521,0.0832,0.7832,0.0340,-0.8480,44.3290,1.8650,1266987520.0000,834600000.0000,1.5181,33628811264,0.1710,8.0700,,147753998,3.8600,0.9200,5.3000,5.6200,0.0377,OK,0,4.9000,False,True,False,False,False,False,DD12|RSI40|VOLUME|FUND65|ABNORMAL20,False,10-18d,XLV,,UNH|JNJ|LLY,fda_calendar|drug_pricing_policy|patent_cliffs,NEXT_SESSION_OPEN,0.7500,-5.0000,7,1.5000,5,EXIT_AT_OPEN_IF_OPEN_BELOW_SL,SL_FIRST,10,PENDING_NEXT_OPEN,5.8379,4.3784,231.9784,216.2200,1.9237,Exact TP/SL are fixed from the actual T+1 opening/entry price,30,2026-10-28,False,2026-07-29,3.6000,2.0300,77.4000,ALCISTA FUERTE,10,771.3500,7.9100,52.5000,14.8700,SIDI_SHADOW_V1: Fund≥6.5 · DD60≥12% · RSI<40 · MACD↑ · Vol↓ · SPY20≤+1% · Abnormal20≤-10%,SIDI_SHADOW_V1,True
DTE,DTE Energy,Utilities,Multi-Utilities,1957-03-04,121.4400,121.0600,121.4700,120.2400,121.4400,2026-09-28,10.2400,22.2000,DOWN,-0.8373,-0.8402,-0.5653,True,0.0470,2.2867,0.8990,1.8830,136.2100,138.7900,129.1300,-10.8400,-12.5000,False,-0.0547,BAJISTA,-20.4500,-21.3200,152.6600,154.3400,154.3400,120.2400,-21.3200,1.0000,1.1470,False,False,,0,137.1900,False,,NONE,6.0000,5.0000,8.5000,5.0000,4,8.0000,5.0000,False,False,True,True,True,False,3.7700,5.6500,1.5000,SIDI_SHADOW_V1,0.2808,-2.2271,-0.0923,1.0274,294,XLU,True,19.2456,14.5183,2.0800,1.5348,14.6730,0.1103,0.0277,0.0800,0.2935,-0.0150,0.2240,229.0600,0.8020,-2596624896.0000,1314000000.0000,-1.9761,25270214656,0.3880,4.1400,3.8400,208088069,4.1600,5.0000,4.3500,2.9800,-0.1028,FCF/NI:-1.98|D/E:229,2,4.9000,False,True,False,False,False,False,VOLUME|FUND65|ABNORMAL20,False,3-7d,XLU,,NEE|DUK|SO,interest_rates|regulatory_environment,NEXT_SESSION_OPEN,0.7500,-5.0000,7,1.5000,5,EXIT_AT_OPEN_IF_OPEN_BELOW_SL,SL_FIRST,10,PENDING_NEXT_OPEN,2.2867,1.7150,123.1550,115.3680,1.4122,Exact TP/SL are fixed from the actual T+1 opening/entry price,31,2026-10-29,False,2026-07-28,1.3200,1.1400,16.3000,ALCISTA FUERTE,10,771.3500,7.9100,52.5000,14.8700,SIDI_SHADOW_V1: Fund≥6.5 · DD60≥12% · RSI<40 · MACD↑ · Vol↓ · SPY20≤+1% · Abnormal20≤-10%,SIDI_SHADOW_V1,True
DUK,Duke Energy,Utilities,Electric Utilities,1976-06-30,113.3500,113.1400,113.6100,112.5200,113.3500,2026-09-28,18.2200,35.5300,DOWN,-0.5093,-0.4866,-0.2442,False,-0.0004,1.5500,0.7310,1.3670,121.7200,122.3200,117.8400,-6.8800,-7.3300,False,0.0013,BAJISTA,-12.3900,-13.8000,129.3800,131.4900,132.1800,110.9900,-14.2400,2.1200,0.9720,True,True,,0,128.8400,False,,HAMMER,7.0500,5.5000,7.5000,7.5000,5,10.0000,7.0000,False,False,True,True,False,True,2.7300,4.1000,1.5000,SIDI_SHADOW_V1,0.2808,0.5276,-0.3350,0.9148,294,XLU,True,17.0708,15.8059,1.6440,2.6942,11.0130,0.0986,0.0284,0.1600,0.5197,0.0110,0.1060,162.1550,0.6610,-4477374976.0000,5168000000.0000,-0.8664,88379244544,0.3640,5.3500,3.8300,779702193,3.4600,2.7500,4.3400,3.2500,-0.0507,FCF/NI:-0.87|D/E:162,2,4.9000,False,True,False,False,False,False,MACD|FUND65|ABNORMAL20,False,3-7d,XLU,,NEE|SO|D,interest_rates|regulatory_environment,NEXT_SESSION_OPEN,0.7500,-5.0000,7,1.5000,5,EXIT_AT_OPEN_IF_OPEN_BELOW_SL,SL_FIRST,10,PENDING_NEXT_OPEN,1.5500,1.1625,114.5125,107.6825,1.0256,Exact TP/SL are fixed from the actual T+1 opening/entry price,38,2026-11-05,False,2026-08-04,1.4300,1.3000,9.6000,ALCISTA FUERTE,10,771.3500,7.9100,52.5000,14.8700,SIDI_SHADOW_V1: Fund≥6.5 · DD60≥12% · RSI<40 · MACD↑ · Vol↓ · SPY20≤+1% · Abnormal20≤-10%,SIDI_SHADOW_V1,True
XEL,Xcel Energy,Utilities,Multi-Utilities,1957-03-04,69.8000,69.5000,69.9400,68.7200,69.8000,2026-09-28,25.7900,32.8900,DOWN,-0.3735,-0.3712,-0.2404,False,0.0399,1.3229,0.8780,1.8950,76.1900,77.0000,73.2100,-8.3900,-9.3500,False,-0.4896,BAJISTA,-14.1500,-14.9200,81.3000,82.0400,82.5600,68.7200,-15.4500,1.5700,1.2360,False,False,,0,80.2000,False,,HAMMER,6.0000,5.0000,7.5000,5.0000,4,8.0000,7.0000,False,False,True,True,False,False,3.7900,5.6900,1.5000,SIDI_SHADOW_V1,0.2808,-0.5644,-0.0172,1.1137,294,XLU,True,19.1233,15.3734,1.8117,2.9830,13.5930,0.0992,0.0237,0.1528,0.4682,-0.0510,0.2400,173.1350,0.7010,-7907999744.0000,2232999936.0000,-3.5414,43599474688,0.3990,7.5500,3.4000,624634306,4.1700,5.0000,4.3100,3.0500,-0.1814,FCF/NI:-3.54|D/E:173,2,4.9000,False,True,False,False,False,False,MACD|VOLUME|FUND65|ABNORMAL20,False,3-7d,XLU,,NEE|DUK|SO,interest_rates|regulatory_environment,NEXT_SESSION_OPEN,0.7500,-5.0000,7,1.5000,5,EXIT_AT_OPEN_IF_OPEN_BELOW_SL,SL_FIRST,10,PENDING_NEXT_OPEN,1.3229,0.9922,70.7922,66.3100,1.4215,Exact TP/SL are fixed from the actual T+1 opening/entry price,31,2026-10-29,False,2026-07-30,0.9300,0.7900,18.4000,ALCISTA FUERTE,10,771.3500,7.9100,52.5000,14.8700,SIDI_SHADOW_V1: Fund≥6.5 · DD60≥12% · RSI<40 · MACD↑ · Vol↓ · SPY20≤+1% · Abnormal20≤-10%,SIDI_SHADOW_V1,True
MET,MetLife,Financials,Life & Health Insurance,2000-12-11,97.7000,97.5400,98.4500,96.6700,97.7000,2026-09-28,50.4400,51.7900,DOWN,-0.0608,-0.1077,-0.1707,True,0.6933,1.7979,0.9710,1.8400,96.1400,82.5900,96.8300,1.6300,18.2900,True,2.6856,ALCISTA,-2.2500,-3.2000,99.9500,100.9300,100.9300,66.4100,-3.2000,47.1200,1.1770,True,True,93.8700,4,98.7900,True,-3.9200,HAMMER|DOJI,7.5000,10.0000,6.0000,7.5000,9,5.0000,7.0000,False,False,False,False,True,True,3.6800,5.5200,1.5000,SIDI_SHADOW_V1,0.2808,5.1302,-0.0917,1.2103,294,XLF,True,18.7165,8.9464,2.2706,0.7820,14.1720,0.1309,0.0045,0.0457,0.2395,0.1050,0.0580,179.9330,2.0270,-20953999360.0000,3440999936.0000,-6.0895,62086094848,0.7590,4.3000,2.4300,635476927,3.1100,2.6000,3.9400,2.7400,-0.3375,FCF/NI:-6.09|D/E:180,2,4.8700,False,True,False,False,False,False,DD12|RSI40|FUND65|ABNORMAL20,False,10-18d,XLF,,JPM|BAC|WFC,interest_rates|yield_curve|credit_spreads|loan_growth,NEXT_SESSION_OPEN,0.7500,-5.0000,7,1.5000,5,EXIT_AT_OPEN_IF_OPEN_BELOW_SL,SL_FIRST,10,PENDING_NEXT_OPEN,1.7979,1.3484,99.0484,92.8150,1.3802,Exact TP/SL are fixed from the actual T+1 opening/entry price,42,2026-11-09,False,2026-08-05,2.4300,2.2900,6.2000,ALCISTA FUERTE,10,771.3500,7.9100,52.5000,14.8700,SIDI_SHADOW_V1: Fund≥6.5 · DD60≥12% · RSI<40 · MACD↑ · Vol↓ · SPY20≤+1% · Abnormal20≤-10%,SIDI_SHADOW_V1,True
F,Ford Motor Company,Consumer Discretionary,Automobile Manufacturers,1957-03-04,12.7100,12.6100,12.8100,12.5300,12.7100,2026-09-28,24.1200,41.4300,DOWN,-0.1145,-0.1170,-0.0903,True,0.0857,0.4400,0.9940,3.4620,13.9300,13.2900,13.4400,-8.7800,-4.3600,True,0.7353,BAJISTA,-15.9200,-21.1300,15.1200,16.1200,17.5900,10.8300,-27.7400,17.3100,0.7160,True,True,11.2000,1,12.7400,False,-11.9100,HAMMER,7.2500,7.0000,8.5000,7.5000,5,8.0000,7.0000,True,False,True,True,True,True,6.9200,10.3900,1.5000,SIDI_SHADOW_V1,0.2808,-8.3011,0.5748,0.5687,294,XLY,True,,6.5043,1.4188,0.2696,25.1070,-0.1825,0.0035,-0.0394,0.0712,-0.0380,,456.7080,1.0890,-7940250112.0000,-7395999744.0000,1.0736,50682343424,1.8350,0.0000,4.7200,3916743591,3.2700,2.5000,3.4100,4.0000,-0.1567,D/E:457|ROE:-18.3%,2,4.8600,False,True,False,True,False,False,FUND65|ABNORMAL20,False,3-7d,XLY,,AMZN|TSLA|HD,consumer_spending|employment_data|interest_rates,NEXT_SESSION_OPEN,0.7500,-5.0000,7,1.5000,5,EXIT_AT_OPEN_IF_OPEN_BELOW_SL,SL_FIRST,10,PENDING_NEXT_OPEN,0.4400,0.3300,13.0400,12.0745,2.5964,Exact TP/SL are fixed from the actual T+1 opening/entry price,24,2026-10-22,False,2026-07-28,0.4200,0.3500,21.3000,ALCISTA FUERTE,10,771.3500,7.9100,52.5000,14.8700,SIDI_SHADOW_V1: Fund≥6.5 · DD60≥12% · RSI<40 · MACD↑ · Vol↓ · SPY20≤+1% · Abnormal20≤-10%,SIDI_SHADOW_V1,True
ES,Eversource Energy,Utilities,Electric Utilities,2009-07-24,63.6700,63.9000,63.9900,63.1500,63.6700,2026-09-28,20.0500,34.9100,DOWN,-0.4083,-0.3688,-0.1944,False,0.0093,1.2655,0.9200,1.9880,70.2300,68.7700,67.3600,-9.3400,-7.4200,True,0.3279,BAJISTA,-14.5500,-15.8700,74.5100,75.6800,75.6800,60.6500,-15.8700,4.9800,1.2150,False,False,,0,70.7900,False,,HAMMER,6.5500,7.0000,7.5000,5.0000,5,8.0000,7.0000,False,False,True,True,False,False,3.9800,5.9600,1.5000,SIDI_SHADOW_V1,0.2808,-1.8130,0.0285,1.0147,294,XLU,True,16.5377,12.9503,1.4674,1.7133,10.5670,0.0902,0.0330,0.1035,0.5275,0.0230,-0.8540,180.7000,0.8000,811961344.0000,1449377024.0000,0.5602,23982880768,0.6980,4.8000,4.9500,376674754,3.7100,1.0700,4.6700,5.6700,0.0339,FCF/NI:0.56|D/E:181,2,4.8500,False,True,False,False,False,False,MACD|VOLUME|FUND65|ABNORMAL20,False,3-7d,XLU,,NEE|DUK|SO,interest_rates|regulatory_environment,NEXT_SESSION_OPEN,0.7500,-5.0000,7,1.5000,5,EXIT_AT_OPEN_IF_OPEN_BELOW_SL,SL_FIRST,10,PENDING_NEXT_OPEN,1.2655,0.9491,64.6191,60.4865,1.4907,Exact TP/SL are fixed from the actual T+1 opening/entry price,37,2026-11-04,False,2026-07-30,0.8700,0.8700,-33.0000,ALCISTA FUERTE,10,771.3500,7.9100,52.5000,14.8700,SIDI_SHADOW_V1: Fund≥6.5 · DD60≥12% · RSI<40 · MACD↑ · Vol↓ · SPY20≤+1% · Abnormal20≤-10%,SIDI_SHADOW_V1,True
COIN,Coinbase,Financials,Financial Exchanges & Data,2025-05-19,195.1100,199.1600,199.7500,192.5800,195.1100,2026-09-28,55.0800,55.7100,DOWN,1.3429,1.7342,1.5699,False,0.7337,11.5621,1.1050,5.9260,170.4400,187.4000,185.2300,14.4700,4.1100,False,-4.4185,ALCISTA,-2.9600,-6.3500,201.0700,208.3300,402.1600,139.1100,-51.4800,40.2600,0.6220,True,True,161.1800,1,195.8500,False,-17.3900,HAMMER|DOJI,6.1500,8.0000,5.0000,7.5000,4,5.0000,7.0000,False,False,False,False,False,True,11.8500,17.7800,1.5000,SIDI_SHADOW_V1,0.2808,11.5830,2.0100,0.4151,294,XLF,True,,68.8168,3.9349,8.5174,70.5550,-0.0785,0.0112,-0.1634,0.8581,-0.1730,,50.9820,2.4230,2668452864.0000,-987766016.0000,-2.7015,51477221376,3.3880,2.3900,,222803032,3.9600,2.5000,3.2100,6.5400,0.0518,FCF/NI:-2.70|RevG:-17.3%|ROE:-7.8%,3,4.8400,False,True,False,False,False,False,DD12|RSI40|MACD|FUND65|ABNORMAL20,False,10-18d,XLF,,JPM|BAC|WFC,interest_rates|yield_curve|credit_spreads|loan_growth,NEXT_SESSION_OPEN,0.7500,-5.0000,7,1.5000,5,EXIT_AT_OPEN_IF_OPEN_BELOW_SL,SL_FIRST,10,PENDING_NEXT_OPEN,11.5621,8.6716,203.7816,185.3545,4.4445,Exact TP/SL are fixed from the actual T+1 opening/entry price,31,2026-10-29,False,2026-07-30,-1.3600,-0.2300,-487.5000,ALCISTA FUERTE,10,771.3500,7.9100,52.5000,14.8700,SIDI_SHADOW_V1: Fund≥6.5 · DD60≥12% · RSI<40 · MACD↑ · Vol↓ · SPY20≤+1% · Abnormal20≤-10%,SIDI_SHADOW_V1,True
CCI,Crown Castle,Real Estate,Telecom Tower REITs,2012-03-14,67.8400,67.6300,68.0900,66.8300,67.8400,2026-09-28,22.8100,40.7500,DOWN,-0.6094,-0.5021,-0.1042,False,-0.0942,1.9390,0.8410,2.8580,74.0600,81.4400,72.4300,-8.3900,-16.7000,False,-1.5487,BAJISTA,-13.7900,-14.8400,78.7000,79.6600,95.5800,66.8300,-29.0200,1.5100,0.9010,True,True,68.7200,1,76.6400,True,1.3000,HAMMER,6.9500,5.0000,7.5000,7.5000,7,8.0000,7.0000,False,False,True,True,False,True,5.7200,8.5700,1.5000,SIDI_SHADOW_V1,0.2808,2.8136,-0.4402,1.3418,294,XLRE,True,27.6898,23.4953,-8.8379,6.9365,19.0430,,0.0473,0.2072,0.7373,-0.0490,-0.6750,,0.5220,1036249984.0000,1074000000.0000,0.9649,28862894080,0.9690,3.6100,6.2600,425455439,3.4300,0.0000,5.5500,4.9500,0.0359,OK,0,4.8400,False,True,False,False,False,False,MACD|FUND65|ABNORMAL20,False,3-7d,XLRE,,PLD|AMT|EQIX,interest_rates|cap_rates|occupancy_trends,NEXT_SESSION_OPEN,0.7500,-5.0000,7,1.5000,5,EXIT_AT_OPEN_IF_OPEN_BELOW_SL,SL_FIRST,10,PENDING_NEXT_OPEN,1.9390,1.4543,69.2943,64.4480,2.1436,Exact TP/SL are fixed from the actual T+1 opening/entry price,23,2026-10-21,False,2026-07-22,0.6900,0.5100,36.1000,ALCISTA FUERTE,10,771.3500,7.9100,52.5000,14.8700,SIDI_SHADOW_V1: Fund≥6.5 · DD60≥12% · RSI<40 · MACD↑ · Vol↓ · SPY20≤+1% · Abnormal20≤-10%,SIDI_SHADOW_V1,True
CME,CME Group,Financials,Financial Exchanges & Data,2006-08-11,264.4800,268.7200,270.7700,258.8700,264.4800,2026-09-28,32.8500,39.7800,DOWN,-1.9003,-1.6678,-1.6833,False,0.0039,5.7709,0.9020,2.1820,267.8800,274.4100,272.4100,-1.2700,-3.6200,False,0.3247,BAJISTA,-7.2400,-8.3400,285.1100,288.5500,318.3200,217.2900,-16.9100,21.7200,1.1400,True,True,255.6300,1,269.7900,True,-3.3500,NONE,6.8000,5.5000,6.5000,7.5000,8,8.0000,5.0000,False,False,False,True,False,True,4.3600,6.5500,1.5000,SIDI_SHADOW_V1,0.2808,-1.3787,-0.6681,0.5606,294,XLF,True,22.4136,20.4604,3.5830,14.0741,20.2670,0.1580,0.0148,0.6344,1.0000,0.0080,0.0250,14.5870,1.0180,2909012480.0000,4264999936.0000,0.6821,95101526016,0.2750,3.0500,1.9700,359576125,3.4900,0.0000,6.1600,4.4600,0.0306,FCF/NI:0.68,1,4.8100,False,True,False,False,False,False,DD12|MACD|FUND65|ABNORMAL20,False,3-7d,XLF,,JPM|BAC|WFC,interest_rates|yield_curve|credit_spreads|loan_growth,NEXT_SESSION_OPEN,0.7500,-5.0000,7,1.5000,5,EXIT_AT_OPEN_IF_OPEN_BELOW_SL,SL_FIRST,10,PENDING_NEXT_OPEN,5.7709,4.3282,268.8082,251.2560,1.6365,Exact TP/SL are fixed from the actual T+1 opening/entry price,23,2026-10-21,False,2026-07-22,2.9900,2.9100,2.8000,ALCISTA FUERTE,10,771.3500,7.9100,52.5000,14.8700,SIDI_SHADOW_V1: Fund≥6.5 · DD60≥12% · RSI<40 · MACD↑ · Vol↓ · SPY20≤+1% · Abnormal20≤-10%,SIDI_SHADOW_V1,True
GM,General Motors,Consumer Discretionary,Automobile Manufacturers,2013-06-06,82.6300,80.9400,83.5000,80.8800,82.6300,2026-09-28,40.0800,41.3800,DOWN,-0.4632,-0.5184,-0.3797,True,0.1882,2.8293,1.1980,3.4240,85.2700,80.3900,84.3900,-3.0900,2.7900,True,1.7259,NEUTRO,-8.3000,-9.8500,90.1100,91.6600,91.6600,53.8700,-9.8500,53.4000,0.9800,False,False,74.3900,3,82.8700,False,-9.9700,NONE,6.2800,8.5000,6.0000,5.0000,6,6.5000,5.0000,False,False,False,False,True,False,6.8500,10.2700,1.5000,SIDI_SHADOW_V1,0.2808,-2.0258,0.2897,0.7418,294,XLY,True,36.8884,5.4946,1.1688,0.4028,10.8250,0.0316,0.0225,0.0105,0.1018,0.0190,-0.2620,202.3410,1.1360,21933750272.0000,1856999936.0000,11.8114,74734829568,1.3210,3.5500,0.8700,904451541,3.8000,0.5000,3.9900,7.4400,0.2935,D/E:202,1,4.7900,False,True,False,False,False,False,DD12|RSI40|VOLUME|FUND65|ABNORMAL20,False,7-15d,XLY,,AMZN|TSLA|HD,consumer_spending|employment_data|interest_rates,NEXT_SESSION_OPEN,0.7500,-5.0000,7,1.5000,5,EXIT_AT_OPEN_IF_OPEN_BELOW_SL,SL_FIRST,10,PENDING_NEXT_OPEN,2.8293,2.1220,84.7520,78.4985,2.5680,Exact TP/SL are fixed from the actual T+1 opening/entry price,22,2026-10-20,False,2026-07-21,3.5700,3.1900,12.0000,ALCISTA FUERTE,10,771.3500,7.9100,52.5000,14.8700,SIDI_SHADOW_V1: Fund≥6.5 · DD60≥12% · RSI<40 · MACD↑ · Vol↓ · SPY20≤+1% · Abnormal20≤-10%,SIDI_SHADOW_V1,True
IFF,International Flavors & Fragrances,Materials,Specialty Chemicals,1976-03-31,85.6900,86.3300,86.5000,85.3400,85.6900,2026-09-28,48.6100,26.7300,UP,0.0126,-0.0243,-0.2178,True,0.6471,1.5125,0.6880,1.7650,82.8500,75.1000,84.6300,3.4300,14.1000,True,2.6831,ALCISTA,-2.2400,-3.6100,87.6600,88.9000,88.9000,57.8500,-3.6100,48.1200,0.9300,True,True,82.9000,3,88.5600,True,-3.2600,HAMMER|DOJI,8.0000,10.0000,7.0000,7.5000,9,7.0000,7.0000,False,False,False,False,True,True,3.5300,5.3000,1.5000,SIDI_SHADOW_V1,0.2808,5.4048,0.2160,1.2474,294,XLB,True,,21.6334,1.5653,2.0292,14.4460,-0.0555,0.0227,0.0257,0.3658,0.0180,-0.9160,44.8210,2.0610,-1720999936.0000,-791000000.0000,2.1757,21876955136,0.9530,11.3300,1.8700,255303473,2.6500,0.0600,4.6600,3.3200,-0.0787,ROE:-5.5%,1,4.7900,False,True,False,False,False,False,DD12|RSI40|FUND65|ABNORMAL20,False,10-18d,XLB,,LIN|APD|ECL,commodity_prices|dxy|china_demand|energy_costs,NEXT_SESSION_OPEN,0.7500,-5.0000,7,1.5000,5,EXIT_AT_OPEN_IF_OPEN_BELOW_SL,SL_FIRST,10,PENDING_NEXT_OPEN,1.5125,1.1344,86.8244,81.4055,1.3238,Exact TP/SL are fixed from the actual T+1 opening/entry price,36,2026-11-03,False,2026-08-04,0.8200,1.1200,-26.6000,ALCISTA FUERTE,10,771.3500,7.9100,52.5000,14.8700,SIDI_SHADOW_V1: Fund≥6.5 · DD60≥12% · RSI<40 · MACD↑ · Vol↓ · SPY20≤+1% · Abnormal20≤-10%,SIDI_SHADOW_V1,True
WMT,Walmart,Consumer Staples,Consumer Staples Merchandise Retail,1982-08-31,107.9800,107.0800,108.1500,106.4500,107.9800,2026-09-28,52.9500,63.2700,DOWN,0.3903,0.4759,0.5131,False,0.6259,1.8186,0.7180,1.6840,109.2500,118.1100,107.9100,-1.1600,-8.5700,False,0.0670,BAJISTA,-6.7000,-8.3400,115.7300,117.8100,134.8400,98.0500,-19.9200,10.1200,0.8640,True,True,108.1800,5,116.7200,True,0.1900,HAMMER,6.7000,5.5000,5.0000,7.5000,9,7.0000,7.0000,False,False,False,False,False,True,3.3700,5.0500,1.5000,SIDI_SHADOW_V1,0.2808,11.7591,0.0934,1.1706,294,XLP,True,38.9820,33.4309,9.1138,1.1642,21.0290,0.2231,0.0641,0.0300,0.2484,0.0590,-0.0910,71.6530,0.7670,7127625216.0000,22076000256.0000,0.3229,856685936640,0.5950,2.9000,0.9200,7933746241,3.5100,3.0400,4.8500,2.5000,0.0083,FCF/NI:0.32,1,4.7900,False,True,False,False,False,False,DD12|RSI40|MACD|FUND65|ABNORMAL20,False,3-7d,XLP,,PG|KO|PEP,inflation|input_costs|fx_rates,NEXT_SESSION_OPEN,0.7500,-5.0000,7,1.5000,5,EXIT_AT_OPEN_IF_OPEN_BELOW_SL,SL_FIRST,10,PENDING_NEXT_OPEN,1.8186,1.3639,109.3440,102.5810,1.2632,Exact TP/SL are fixed from the actual T+1 opening/entry price,52,2026-11-19,False,2026-08-20,0.8100,0.7400,9.3000,ALCISTA FUERTE,10,771.3500,7.9100,52.5000,14.8700,SIDI_SHADOW_V1: Fund≥6.5 · DD60≥12% · RSI<40 · MACD↑ · Vol↓ · SPY20≤+1% · Abnormal20≤-10%,SIDI_SHADOW_V1,True
LII,Lennox International,Industrials,Building Products,2024-12-23,373.7700,368.0900,377.8400,366.0700,373.7700,2026-09-28,34.8400,24.7000,UP,4.0186,3.5732,2.7912,True,0.5189,10.6979,0.6630,2.8620,419.6300,488.6400,377.3900,-10.9300,-23.5100,False,-2.0794,BAJISTA,-34.4300,-35.4300,570.0300,578.8700,587.2700,350.2200,-36.3500,6.7200,0.9660,True,True,350.2200,1,396.2100,False,-6.3000,NONE,6.3500,5.0000,8.5000,7.5000,4,7.0000,5.0000,True,True,True,True,True,True,5.7200,8.5900,1.5000,SIDI_SHADOW_V1,0.2808,8.8237,0.0258,1.7147,294,XLI,True,16.6120,14.3103,9.9576,2.4363,12.7180,0.7176,0.1599,0.1487,0.3333,0.0300,0.0010,156.0820,1.5690,277737504.0000,788499968.0000,0.3522,12917743616,1.1840,4.5500,1.4600,34560675,3.7100,0.4600,5.9600,4.8800,0.0215,FCF/NI:0.35|D/E:156,2,4.7700,False,True,False,True,False,False,FUND65|ABNORMAL20,False,3-7d,XLI,,CAT|UNP|HON,pmi_manufacturing|supply_chain|capex_cycle,NEXT_SESSION_OPEN,0.7500,-5.0000,7,1.5000,5,EXIT_AT_OPEN_IF_OPEN_BELOW_SL,SL_FIRST,10,PENDING_NEXT_OPEN,10.6979,8.0234,381.7934,355.0815,2.1466,Exact TP/SL are fixed from the actual T+1 opening/entry price,30,2026-10-28,False,2026-07-29,7.7200,7.7000,28.0000,ALCISTA FUERTE,10,771.3500,7.9100,52.5000,14.8700,SIDI_SHADOW_V1: Fund≥6.5 · DD60≥12% · RSI<40 · MACD↑ · Vol↓ · SPY20≤+1% · Abnormal20≤-10%,SIDI_SHADOW_V1,True
ETR,Entergy,Utilities,Electric Utilities,1957-03-04,98.5700,98.0000,98.7500,97.0300,98.5700,2026-09-28,18.9700,35.4400,DOWN,-0.5872,-0.6020,-0.4138,True,0.0733,1.9329,0.8870,1.9610,106.7200,105.1600,103.0700,-7.6400,-6.2700,True,1.0424,BAJISTA,-14.4800,-15.2000,115.2600,116.2400,117.7500,88.0200,-16.2900,11.9900,1.1110,False,False,,0,116.7000,False,,NONE,6.5500,7.0000,8.5000,5.0000,5,8.0000,5.0000,False,False,True,True,True,False,3.9200,5.8800,1.5000,SIDI_SHADOW_V1,0.2808,-0.2960,-0.0378,1.1466,294,XLU,True,25.2097,19.3108,2.5232,3.4931,13.9180,0.1025,0.0268,0.1333,0.4700,0.0590,-0.0190,186.7700,0.9120,-4400858112.0000,1797105024.0000,-2.4489,47094525952,0.4810,7.1000,2.6000,477777482,3.5500,3.5200,4.3800,2.6100,-0.0934,FCF/NI:-2.45|D/E:187,2,4.7500,False,True,False,False,False,False,VOLUME|FUND65|ABNORMAL20,False,3-7d,XLU,,NEE|DUK|SO,interest_rates|regulatory_environment,NEXT_SESSION_OPEN,0.7500,-5.0000,7,1.5000,5,EXIT_AT_OPEN_IF_OPEN_BELOW_SL,SL_FIRST,10,PENDING_NEXT_OPEN,1.9329,1.4497,100.0197,93.6415,1.4707,Exact TP/SL are fixed from the actual T+1 opening/entry price,31,2026-10-29,False,2026-07-29,1.0300,1.0100,2.4000,ALCISTA FUERTE,10,771.3500,7.9100,52.5000,14.8700,SIDI_SHADOW_V1: Fund≥6.5 · DD60≥12% · RSI<40 · MACD↑ · Vol↓ · SPY20≤+1% · Abnormal20≤-10%,SIDI_SHADOW_V1,True
DE,Deere & Company,Industrials,Agricultural & Farm Machinery,1957-03-04,690.4600,694.9900,698.2900,681.0600,690.4600,2026-09-28,48.5300,70.2000,DOWN,-0.6827,0.1397,-0.1086,False,0.6174,15.6643,0.8460,2.2690,640.8500,581.0800,677.9200,7.7400,18.8200,True,3.7471,ALCISTA,-2.6800,-4.2600,709.4800,721.2200,721.2200,429.1400,-4.2600,60.9000,0.8110,False,False,591.2500,2,705.8800,False,-14.3700,HAMMER,6.0500,10.0000,5.0000,5.0000,4,5.0000,7.0000,False,False,False,False,False,False,4.5400,6.8100,1.5000,SIDI_SHADOW_V1,0.2808,15.3797,-0.7129,1.3840,294,XLI,True,38.3163,30.2264,6.6511,3.8844,28.3550,0.1824,0.0376,0.1017,0.2518,0.0490,0.0740,230.2980,2.1320,4516250112.0000,4872999936.0000,0.9268,186165559296,0.9110,3.9000,0.9400,269625412,3.8100,2.2300,5.1200,4.1200,0.0243,D/E:230,1,4.7100,False,True,False,False,False,False,DD12|RSI40|MACD|VOLUME|FUND65|ABNORMAL20,False,10-18d,XLI,,CAT|UNP|HON,pmi_manufacturing|supply_chain|capex_cycle,NEXT_SESSION_OPEN,0.7500,-5.0000,7,1.5000,5,EXIT_AT_OPEN_IF_OPEN_BELOW_SL,SL_FIRST,10,PENDING_NEXT_OPEN,15.6643,11.7482,702.2082,655.9370,1.7015,Exact TP/SL are fixed from the actual T+1 opening/entry price,58,2026-11-25,False,2026-08-20,5.1000,4.7100,8.3000,ALCISTA FUERTE,10,771.3500,7.9100,52.5000,14.8700,SIDI_SHADOW_V1: Fund≥6.5 · DD60≥12% · RSI<40 · MACD↑ · Vol↓ · SPY20≤+1% · Abnormal20≤-10%,SIDI_SHADOW_V1,True
LEN,Lennar,Consumer Discretionary,Homebuilding,2005-10-04,82.1500,82.0000,82.2700,80.3700,82.1500,2026-09-28,47.0000,26.5400,UP,0.3813,0.2675,-0.0190,True,0.5919,2.8800,1.0630,3.5060,83.8100,94.4300,81.5000,-1.9800,-13.0000,False,-4.1514,BAJISTA,-6.8400,-8.3700,88.1800,89.6500,131.6800,75.7000,-37.6100,8.5200,0.8400,False,False,81.9500,1,89.0800,True,-0.2400,HAMMER|HAMMER|DOJI,5.9000,5.0000,7.0000,5.0000,7,5.0000,7.0000,False,False,False,False,True,False,7.0100,10.5200,1.5000,SIDI_SHADOW_V1,0.2808,3.5114,0.3651,0.7315,294,XLY,True,15.5587,15.2008,0.9060,0.6189,12.2780,0.0596,0.0340,0.0409,0.1601,-0.0870,-0.4800,27.7360,11.3920,,1288172032.0000,,19789535232,1.3980,0.1400,2.4300,210506003,3.8800,0.0000,5.6800,6.3100,,OK,0,4.6900,False,True,False,False,False,False,DD12|RSI40|VOLUME|FUND65|ABNORMAL20,False,3-7d,XLY,,AMZN|TSLA|HD,consumer_spending|employment_data|interest_rates,NEXT_SESSION_OPEN,0.7500,-5.0000,7,1.5000,5,EXIT_AT_OPEN_IF_OPEN_BELOW_SL,SL_FIRST,10,PENDING_NEXT_OPEN,2.8800,2.1600,84.3100,78.0425,2.6293,Exact TP/SL are fixed from the actual T+1 opening/entry price,78,2026-12-15,False,2026-09-16,1.2300,1.2900,-4.5000,ALCISTA FUERTE,10,771.3500,7.9100,52.5000,14.8700,SIDI_SHADOW_V1: Fund≥6.5 · DD60≥12% · RSI<40 · MACD↑ · Vol↓ · SPY20≤+1% · Abnormal20≤-10%,SIDI_SHADOW_V1,True
CRL,Charles River Laboratories,Health Care,Life Sciences Tools & Services,2021-05-14,292.8400,293.1900,295.2300,287.2300,292.8400,2026-09-28,53.0100,39.4300,UP,0.0572,-0.5651,-1.7468,True,0.8395,9.9907,1.0450,3.4120,269.0400,207.4900,282.0400,8.8400,41.1300,True,5.5707,ALCISTA,-1.9200,-3.4500,298.5800,303.3100,303.3100,144.2600,-3.4500,102.9900,0.8700,False,False,267.2700,1,303.3100,False,-8.7300,BULL_ENGULF|HAMMER|DOJI,6.7000,10.0000,7.0000,5.0000,4,5.0000,9.5000,False,False,False,False,True,False,6.8200,10.2300,1.5000,SIDI_SHADOW_V1,0.2808,-6.2069,0.7966,1.1565,294,XLV,True,,23.0683,4.9220,3.4958,19.8690,-0.0752,0.0411,-0.0596,0.3458,-0.0270,,105.0470,1.3480,468856000.0000,-238458000.0000,-1.9662,13979850752,1.4050,2.5800,,47738872,3.3000,2.5000,2.5400,5.1200,0.0335,FCF/NI:-1.97|D/E:105|ROE:-7.5%,3,4.6600,False,True,False,False,False,False,DD12|RSI40|VOLUME|FUND65|ABNORMAL20,False,10-18d,XLV,,UNH|JNJ|LLY,fda_calendar|drug_pricing_policy|patent_cliffs,NEXT_SESSION_OPEN,0.7500,-5.0000,7,1.5000,5,EXIT_AT_OPEN_IF_OPEN_BELOW_SL,SL_FIRST,10,PENDING_NEXT_OPEN,9.9907,7.4930,300.3330,278.1980,2.5587,Exact TP/SL are fixed from the actual T+1 opening/entry price,37,2026-11-04,False,2026-08-05,3.0200,2.7400,10.3000,ALCISTA FUERTE,10,771.3500,7.9100,52.5000,14.8700,SIDI_SHADOW_V1: Fund≥6.5 · DD60≥12% · RSI<40 · MACD↑ · Vol↓ · SPY20≤+1% · Abnormal20≤-10%,SIDI_SHADOW_V1,True
GLW,Corning Inc.,Information Technology,Electronic Components,1995-02-27,156.7400,156.0000,157.7200,154.2000,156.7400,2026-09-28,51.7500,51.0700,UP,0.7352,0.6483,0.8004,True,0.6061,8.2879,0.6680,5.2880,152.6000,148.4300,154.1300,2.7100,5.6000,True,4.9539,ALCISTA,-20.2000,-29.9000,196.4200,223.5900,271.2700,76.3800,-42.2200,105.2000,0.6480,True,True,147.6700,1,157.6200,False,-5.7900,HAMMER,7.2500,10.0000,7.0000,7.5000,4,7.0000,7.0000,False,False,True,False,True,True,10.5800,15.8600,1.5000,SIDI_SHADOW_V1,0.2808,-0.4364,-0.8333,2.2316,294,XLK,True,72.5648,35.9147,11.3064,7.9427,34.8730,0.1681,0.0537,0.1120,0.3639,0.1660,0.1850,71.4480,1.8130,734499968.0000,1900000000.0000,0.3866,134739640320,1.1510,1.9300,0.7100,859637825,2.9400,2.4000,4.0100,2.3400,0.0055,FCF/NI:0.39,1,4.6600,False,True,False,False,False,False,RSI40|FUND65|ABNORMAL20,False,10-18d,XLK,,AAPL|MSFT|NVDA,interest_rates|ai_capex_cycle|semiconductor_cycle,NEXT_SESSION_OPEN,0.7500,-5.0000,7,1.5000,5,EXIT_AT_OPEN_IF_OPEN_BELOW_SL,SL_FIRST,10,PENDING_NEXT_OPEN,8.2879,6.2159,162.9559,148.9030,3.9658,Exact TP/SL are fixed from the actual T+1 opening/entry price,29,2026-10-27,False,2026-07-28,0.7800,0.7500,3.5000,ALCISTA FUERTE,10,771.3500,7.9100,52.5000,14.8700,SIDI_SHADOW_V1: Fund≥6.5 · DD60≥12% · RSI<40 · MACD↑ · Vol↓ · SPY20≤+1% · Abnormal20≤-10%,SIDI_SHADOW_V1,True
MOS,Mosaic Company (The),Materials,Fertilizers & Agricultural Chemicals,2011-09-26,23.0100,23.7000,23.7000,22.6600,23.0100,2026-09-28,32.0600,57.3600,DOWN,-0.3154,-0.2499,-0.1837,False,-0.0148,1.0588,1.0810,4.6020,23.4600,24.1600,24.3500,-1.9100,-4.7700,False,0.4410,BAJISTA,-12.5300,-13.9300,26.3100,26.7300,35.6800,19.6300,-35.5100,17.2000,1.0930,False,False,22.3200,1,26.7300,True,-2.9900,NONE,6.3000,5.5000,6.5000,5.0000,8,8.0000,5.0000,False,False,True,True,False,False,9.2000,13.8100,1.5000,SIDI_SHADOW_V1,0.2808,8.4959,-0.1373,1.3695,294,XLB,True,,14.7079,0.6381,0.5972,7.7210,-0.0507,0.0124,-0.0521,0.1124,-0.0600,,52.2490,1.3370,-746275008.0000,-638499968.0000,1.1688,7314779136,0.8310,3.6500,3.8200,317895646,3.5700,2.5000,4.2800,4.0000,-0.1020,ROE:-5.1%,1,4.6600,False,True,False,False,False,False,MACD|VOLUME|FUND65|ABNORMAL20,False,3-7d,XLB,,LIN|APD|ECL,commodity_prices|dxy|china_demand|energy_costs,NEXT_SESSION_OPEN,0.7500,-5.0000,7,1.5000,5,EXIT_AT_OPEN_IF_OPEN_BELOW_SL,SL_FIRST,10,PENDING_NEXT_OPEN,1.0588,0.7941,23.8041,21.8595,3.4511,Exact TP/SL are fixed from the actual T+1 opening/entry price,36,2026-11-03,False,2026-08-04,0.1300,0.1400,-5.9000,ALCISTA FUERTE,10,771.3500,7.9100,52.5000,14.8700,SIDI_SHADOW_V1: Fund≥6.5 · DD60≥12% · RSI<40 · MACD↑ · Vol↓ · SPY20≤+1% · Abnormal20≤-10%,SIDI_SHADOW_V1,True
NI,NiSource,Utilities,Multi-Utilities,2000-11-02,39.4200,39.1200,39.5700,38.9900,39.4200,2026-09-28,26.7100,50.1300,DOWN,-0.0945,-0.0993,0.0061,True,0.0848,0.6271,0.7440,1.5910,42.3000,44.4700,40.6400,-6.8000,-11.3600,False,-0.2938,BAJISTA,-17.0100,-17.4300,47.5000,47.7400,48.8800,38.9500,-19.3600,1.2100,0.8990,False,False,40.0900,1,42.1800,True,1.7000,NONE,6.7500,5.0000,8.5000,5.0000,7,10.0000,5.0000,False,False,True,True,True,False,3.1800,4.7700,1.5000,SIDI_SHADOW_V1,0.2808,4.8687,-0.0178,0.9806,294,XLU,True,20.9681,17.4955,1.9742,2.7471,12.7550,0.0855,0.0324,0.1315,0.5097,0.0460,-0.5840,146.6490,0.4980,-1772999936.0000,906000000.0000,-1.9570,18904258560,0.5400,2.9400,3.0400,479560100,3.2500,2.6400,4.1600,2.9000,-0.0938,FCF/NI:-1.96,1,4.6500,False,True,False,False,False,False,VOLUME|FUND65|ABNORMAL20,False,5-10d,XLU,,NEE|DUK|SO,interest_rates|regulatory_environment,NEXT_SESSION_OPEN,0.7500,-5.0000,7,1.5000,5,EXIT_AT_OPEN_IF_OPEN_BELOW_SL,SL_FIRST,10,PENDING_NEXT_OPEN,0.6271,0.4703,39.8903,37.4490,1.1931,Exact TP/SL are fixed from the actual T+1 opening/entry price,30,2026-10-28,False,2026-08-05,0.1600,0.1600,1.5000,ALCISTA FUERTE,10,771.3500,7.9100,52.5000,14.8700,SIDI_SHADOW_V1: Fund≥6.5 · DD60≥12% · RSI<40 · MACD↑ · Vol↓ · SPY20≤+1% · Abnormal20≤-10%,SIDI_SHADOW_V1,True
CPT,Camden Property Trust,Real Estate,Multi-Family Residential REITs,2022-04-04,98.1200,97.3300,98.5100,96.8900,98.1200,2026-09-28,20.0300,15.6000,UP,-0.3401,-0.4299,-0.3928,True,0.1533,1.8429,0.9390,1.8780,107.3300,105.9400,101.9300,-8.5800,-7.3800,True,0.1406,BAJISTA,-16.5500,-18.1000,117.5800,119.8100,119.8100,94.3000,-18.1000,4.0600,1.3770,False,False,98.7800,1,104.0100,True,0.6800,HAMMER|BULL_ENGULF,7.8300,7.0000,9.5000,7.0000,8,6.5000,9.5000,False,False,True,True,True,False,3.7600,5.6300,1.5000,SIDI_SHADOW_V1,0.2808,-1.0375,-0.1857,0.9820,294,XLRE,True,32.3828,90.0183,2.6464,6.2362,16.7410,0.0789,0.0187,0.2062,0.6162,-0.0080,-0.7570,125.6480,0.3520,139679632.0000,325515008.0000,0.4291,9864921088,0.7820,4.8000,4.3200,100539350,2.5100,0.0000,4.0900,3.5700,0.0142,FCF/NI:0.43|D/E:126,2,4.6400,False,True,False,False,False,False,VOLUME|FUND65|ABNORMAL20,False,5-10d,XLRE,,PLD|AMT|EQIX,interest_rates|cap_rates|occupancy_trends,NEXT_SESSION_OPEN,0.7500,-5.0000,7,1.5000,5,EXIT_AT_OPEN_IF_OPEN_BELOW_SL,SL_FIRST,10,PENDING_NEXT_OPEN,1.8429,1.3822,99.5022,93.2140,1.4087,Exact TP/SL are fixed from the actual T+1 opening/entry price,38,2026-11-05,False,2026-07-30,0.1800,0.2700,-34.0000,ALCISTA FUERTE,10,771.3500,7.9100,52.5000,14.8700,SIDI_SHADOW_V1: Fund≥6.5 · DD60≥12% · RSI<40 · MACD↑ · Vol↓ · SPY20≤+1% · Abnormal20≤-10%,SIDI_SHADOW_V1,True
RVTY,Revvity,Health Care,Health Care Equipment,1985-05-31,151.1100,150.7000,151.9900,147.0300,151.1100,2026-09-28,71.3300,66.0500,UP,1.2442,1.1757,1.2507,True,0.9047,5.3614,1.3470,3.5480,123.6900,104.9100,137.1200,22.1700,44.0400,True,3.7023,ALCISTA,0.0000,-0.7600,151.1100,152.2600,152.2600,81.1700,-0.7600,86.1700,0.8830,False,False,120.9000,1,,False,-19.9900,HAMMER|DOJI|BULL_ENGULF|HAMMER|DOJI,6.7000,10.0000,7.0000,5.0000,4,5.0000,9.5000,False,False,False,False,True,False,7.1000,10.6400,1.5000,SIDI_SHADOW_V1,0.2808,13.2845,0.8587,0.7697,294,XLV,True,72.3014,25.6503,2.3326,5.7908,21.9000,0.0321,0.0237,0.0816,0.5498,0.0130,0.0120,46.2250,1.8000,604992128.0000,237366000.0000,2.5488,16861820928,1.0890,3.5900,0.1900,111586401,3.2700,0.0400,5.0800,4.9200,0.0359,OK,0,4.6400,False,True,False,False,False,False,DD12|RSI40|VOLUME|FUND65|ABNORMAL20,False,10-18d,XLV,,UNH|JNJ|LLY,fda_calendar|drug_pricing_policy|patent_cliffs,NEXT_SESSION_OPEN,0.7500,-5.0000,7,1.5000,5,EXIT_AT_OPEN_IF_OPEN_BELOW_SL,SL_FIRST,10,PENDING_NEXT_OPEN,5.3614,4.0210,155.1311,143.5545,2.6610,Exact TP/SL are fixed from the actual T+1 opening/entry price,28,2026-10-26,False,2026-08-04,1.4100,1.2200,15.9000,ALCISTA FUERTE,10,771.3500,7.9100,52.5000,14.8700,SIDI_SHADOW_V1: Fund≥6.5 · DD60≥12% · RSI<40 · MACD↑ · Vol↓ · SPY20≤+1% · Abnormal20≤-10%,SIDI_SHADOW_V1,True
MRNA,Moderna,Health Care,Biotechnology,2021-07-21,198.8800,195.3450,202.6700,192.5100,198.8800,2026-09-28,80.3000,61.9300,UP,2.8777,2.2952,0.7460,True,1.0504,11.7332,1.2520,5.9000,110.1100,64.2600,157.0800,80.6200,209.5100,True,25.5082,ALCISTA,0.0000,-1.8700,198.8800,202.6700,202.6700,22.2800,-1.8700,792.6400,0.8740,False,False,130.3800,1,,False,-34.4400,BULL_ENGULF,6.5000,10.0000,7.0000,5.0000,4,5.0000,7.5000,False,False,False,False,True,False,11.8000,17.7000,1.5000,SIDI_SHADOW_V1,0.2808,17.7626,1.0939,5.0740,294,XLV,True,,-44.5028,11.7368,35.6374,-34.4190,-0.3900,-0.1326,-1.4143,-0.6602,0.0210,,19.0360,2.2950,299249984.0000,-3151000064.0000,-0.0950,79400042496,1.1060,0.9900,,399235889,3.3200,2.8800,4.3300,2.6500,0.0038,FCF/NI:-0.09|ROE:-39.0%,2,4.5900,False,True,False,False,False,False,DD12|RSI40|VOLUME|FUND65|ABNORMAL20,False,10-18d,XLV,,UNH|JNJ|LLY,fda_calendar|drug_pricing_policy|patent_cliffs,NEXT_SESSION_OPEN,0.7500,-5.0000,7,1.5000,5,EXIT_AT_OPEN_IF_OPEN_BELOW_SL,SL_FIRST,10,PENDING_NEXT_OPEN,11.7332,8.7999,207.6799,188.9360,4.4247,Exact TP/SL are fixed from the actual T+1 opening/entry price,38,2026-11-05,False,2026-07-31,-1.9700,-2.0600,4.3000,ALCISTA FUERTE,10,771.3500,7.9100,52.5000,14.8700,SIDI_SHADOW_V1: Fund≥6.5 · DD60≥12% · RSI<40 · MACD↑ · Vol↓ · SPY20≤+1% · Abnormal20≤-10%,SIDI_SHADOW_V1,True
TRGP,Targa Resources,Energy,Oil & Gas Storage & Transportation,2022-10-12,277.8400,280.8400,283.7100,274.8700,277.8400,2026-09-28,34.1800,55.9600,DOWN,-1.8038,-1.5315,-1.4350,False,-0.0520,7.4857,0.9640,2.6940,281.6700,244.3300,286.0000,-1.3600,13.7200,True,5.0857,NEUTRO,-8.0800,-9.7700,302.2500,307.9400,307.9400,141.1100,-9.7700,96.9000,0.8320,True,True,253.5800,4,276.8300,False,-8.7300,NONE,7.1000,8.5000,6.5000,7.5000,6,8.0000,5.0000,False,False,False,True,False,True,5.3900,8.0800,1.5000,SIDI_SHADOW_V1,0.2808,-5.7240,0.1003,0.9758,294,XLE,True,26.5876,23.0008,19.0210,3.5587,14.3990,0.7084,0.0924,0.1354,0.4319,0.0420,0.2330,515.7940,0.7710,65837500.0000,2255300096.0000,0.0292,59577516032,0.7220,4.7000,1.8000,214431021,2.9200,1.0900,5.4300,2.1400,0.0011,FCF/NI:0.03|D/E:516,2,4.5900,False,True,False,False,False,False,DD12|MACD|FUND65|ABNORMAL20,False,7-15d,XLE,,XOM|CVX|COP,oil_price|gas_price|opec_supply|inventories,NEXT_SESSION_OPEN,0.7500,-5.0000,7,1.5000,5,EXIT_AT_OPEN_IF_OPEN_BELOW_SL,SL_FIRST,10,PENDING_NEXT_OPEN,7.4857,5.6143,283.4543,263.9480,2.0207,Exact TP/SL are fixed from the actual T+1 opening/entry price,38,2026-11-05,False,2026-08-06,3.2500,2.8400,14.2000,ALCISTA FUERTE,10,771.3500,7.9100,52.5000,14.8700,SIDI_SHADOW_V1: Fund≥6.5 · DD60≥12% · RSI<40 · MACD↑ · Vol↓ · SPY20≤+1% · Abnormal20≤-10%,SIDI_SHADOW_V1,True
FDXF,FedEx Freight,Industrials,Cargo Ground Transportation,2026-06-01,113.1800,113.8100,117.5900,113.1200,113.1800,2026-09-28,24.2800,29.0000,DOWN,-0.6299,-0.5212,-0.3903,False,0.0236,4.8379,0.7330,4.2740,135.7200,,123.8500,-16.6100,,False,,NEUTRO,-28.3700,-28.8400,158.0000,159.0400,200.0000,113.1200,-43.4100,0.0500,0.8920,False,False,,0,152.6700,False,,HAMMER,6.3000,5.0000,7.5000,5.0000,4,10.0000,7.0000,False,False,True,True,False,False,8.5500,12.8200,1.5000,SIDI_SHADOW_V1,0.2808,,,,84,XLI,False,25.8402,20.9205,-34.0493,1.9241,23.2930,0.6909,0.0567,0.0745,0.2928,0.0480,-0.6110,,1.5170,-511124992.0000,655000000.0000,-0.7803,16922462208,,2.9700,,149518133,3.3300,1.0300,6.3500,2.5100,-0.0302,FCF/NI:-0.78,1,4.5200,False,False,False,False,False,False,MACD|VOLUME|FUND65|CONTEXT_MISSING,False,7-15d,XLI,,CAT|UNP|HON,pmi_manufacturing|supply_chain|capex_cycle,NEXT_SESSION_OPEN,0.7500,-5.0000,7,1.5000,5,EXIT_AT_OPEN_IF_OPEN_BELOW_SL,SL_FIRST,10,PENDING_NEXT_OPEN,4.8379,3.6284,116.8084,107.5210,3.2059,Exact TP/SL are fixed from the actual T+1 opening/entry price,30,2026-10-28,False,,,,,ALCISTA FUERTE,10,771.3500,7.9100,52.5000,14.8700,SIDI_SHADOW_V1: Fund≥6.5 · DD60≥12% · RSI<40 · MACD↑ · Vol↓ · SPY20≤+1% · Abnormal20≤-10%,SIDI_SHADOW_V1,True
TTWO,Take-Two Interactive,Communication Services,Interactive Home Entertainment,2018-03-19,201.4400,203.4800,203.9900,200.5500,201.4400,2026-09-28,36.8300,24.0000,UP,-0.5124,-0.4626,-0.5083,False,0.1172,6.6829,0.8340,3.3180,229.3400,225.5900,213.8000,-12.1600,-10.7100,True,-1.2337,BAJISTA,-22.0500,-24.2500,258.4100,265.9400,265.9400,187.6300,-24.2500,7.3600,0.7290,False,False,,0,225.8400,False,,HAMMER|DOJI,6.3000,6.5000,7.5000,5.0000,4,8.0000,7.0000,False,False,True,True,False,False,6.6400,9.9500,1.5000,SIDI_SHADOW_V1,0.2808,-16.9895,0.1557,0.5100,294,XLC,True,,19.5722,10.6374,5.6330,50.5980,-0.0904,-0.0062,-0.0479,0.5713,0.0200,,81.6070,1.0620,1256137472.0000,-320400000.0000,-3.9205,37665341440,0.9660,3.1600,,186980443,3.3100,2.5600,2.7100,4.8900,0.0333,FCF/NI:-3.92|D/E:82|ROE:-9.0%,3,4.5100,False,True,True,False,False,False,MACD|VOLUME|FUND65,False,3-7d,XLC,,GOOGL|META|NFLX,ad_spending_cycle|streaming_competition|regulation,NEXT_SESSION_OPEN,0.7500,-5.0000,7,1.5000,5,EXIT_AT_OPEN_IF_OPEN_BELOW_SL,SL_FIRST,10,PENDING_NEXT_OPEN,6.6829,5.0122,206.4522,191.3680,2.4882,Exact TP/SL are fixed from the actual T+1 opening/entry price,42,2026-11-09,False,2026-08-07,-0.1800,-0.2100,13.9000,ALCISTA FUERTE,10,771.3500,7.9100,52.5000,14.8700,SIDI_SHADOW_V1: Fund≥6.5 · DD60≥12% · RSI<40 · MACD↑ · Vol↓ · SPY20≤+1% · Abnormal20≤-10%,SIDI_SHADOW_V1,True
RCL,Royal Caribbean Group,Consumer Discretionary,"Hotels, Resorts & Cruise Lines",2014-12-05,242.7000,241.8000,246.2500,236.7200,242.7000,2026-09-28,34.1600,13.1800,UP,-0.4517,-1.1513,-1.1535,True,0.2574,9.9303,1.0180,4.0920,282.8800,284.0500,255.0000,-14.2000,-14.5600,False,-0.0101,BAJISTA,-25.4300,-26.9000,325.4900,332.0300,350.5900,222.2200,-30.7700,9.2200,0.9260,False,False,229.5400,1,285.6700,False,-5.4200,HAMMER|DOJI,5.9800,5.0000,8.5000,5.0000,4,6.5000,7.0000,False,False,True,True,True,False,8.1800,12.2700,1.5000,SIDI_SHADOW_V1,0.2808,-9.9962,0.8903,0.8892,294,XLY,True,14.9907,11.9661,6.3413,3.4745,12.6740,0.4467,0.0768,0.2354,0.5028,0.0650,-0.0460,224.8160,0.2090,-1516249984.0000,4398000128.0000,-0.3448,64910618624,1.7500,5.6500,2.4700,267452084,3.4600,2.9200,4.1700,3.2400,-0.0234,FCF/NI:-0.34|D/E:225,2,4.4700,False,True,False,False,False,False,VOLUME|FUND65|ABNORMAL20,False,3-7d,XLY,,AMZN|TSLA|HD,consumer_spending|employment_data|interest_rates,NEXT_SESSION_OPEN,0.7500,-5.0000,7,1.5000,5,EXIT_AT_OPEN_IF_OPEN_BELOW_SL,SL_FIRST,10,PENDING_NEXT_OPEN,9.9303,7.4477,250.1477,230.5650,3.0687,Exact TP/SL are fixed from the actual T+1 opening/entry price,29,2026-10-27,False,2026-07-28,4.2100,3.9800,5.7000,ALCISTA FUERTE,10,771.3500,7.9100,52.5000,14.8700,SIDI_SHADOW_V1: Fund≥6.5 · DD60≥12% · RSI<40 · MACD↑ · Vol↓ · SPY20≤+1% · Abnormal20≤-10%,SIDI_SHADOW_V1,True
CARR,Carrier Global,Industrials,Building Products,2020-04-03,56.3700,55.2200,56.7900,55.1000,56.3700,2026-09-28,34.8200,29.0700,UP,0.1948,0.0536,-0.0698,True,0.4595,1.7826,0.9140,3.1620,60.7500,61.2700,56.7400,-7.2000,-8.0000,False,0.5533,BAJISTA,-19.3000,-22.0800,69.8500,72.3400,76.4800,49.6700,-26.3000,13.4900,1.0030,True,True,57.2900,1,60.6300,True,1.6300,HAMMER,6.9500,5.5000,8.5000,7.5000,8,5.0000,7.0000,True,True,True,True,True,True,6.3200,9.4900,1.5000,SIDI_SHADOW_V1,0.2808,3.4039,-0.1431,1.5689,294,XLI,True,40.2643,17.0363,3.5375,2.1178,18.7010,0.0897,0.0298,0.0552,0.2469,0.0390,-0.1180,91.9980,1.0200,861750016.0000,1174000000.0000,0.7340,46819815424,1.2980,2.7500,1.7000,830580423,2.7800,0.7400,3.7900,3.9600,0.0184,FCF/NI:0.73|D/E:92,2,4.4500,False,True,False,True,False,False,FUND65|ABNORMAL20,False,3-7d,XLI,,CAT|UNP|HON,pmi_manufacturing|supply_chain|capex_cycle,NEXT_SESSION_OPEN,0.7500,-5.0000,7,1.5000,5,EXIT_AT_OPEN_IF_OPEN_BELOW_SL,SL_FIRST,10,PENDING_NEXT_OPEN,1.7826,1.3369,57.7069,53.5515,2.3717,Exact TP/SL are fixed from the actual T+1 opening/entry price,29,2026-10-27,False,2026-07-28,0.8600,0.8200,5.2000,ALCISTA FUERTE,10,771.3500,7.9100,52.5000,14.8700,SIDI_SHADOW_V1: Fund≥6.5 · DD60≥12% · RSI<40 · MACD↑ · Vol↓ · SPY20≤+1% · Abnormal20≤-10%,SIDI_SHADOW_V1,True
ECHO,EchoStar,Communication Services,Wireless Telecommunication Services,2026-03-23,90.1100,90.4800,93.0700,89.8500,90.1100,2026-09-28,50.7700,69.2000,DOWN,-0.1017,0.1336,0.6909,False,0.3984,2.9871,0.7630,3.3150,89.7100,109.0400,91.6700,0.4400,-17.3600,False,1.7769,BAJISTA,-11.2200,-13.9700,101.5000,104.7400,147.2500,65.7600,-38.8000,37.0300,1.0900,True,True,84.2600,1,91.8600,False,-6.4900,NONE,6.0500,7.0000,5.0000,7.5000,4,7.0000,5.0000,False,False,False,False,False,True,6.6300,9.9400,1.5000,SIDI_SHADOW_V1,0.2808,9.0131,1.4996,0.3199,294,XLC,True,,3.9644,1.8490,1.7883,21.7700,-0.3343,0.0132,-0.3871,0.2954,-0.0400,,123.7570,5.2010,-18870501376.0000,-5672891904.0000,3.3264,26205415424,1.0090,10.2800,,159467376,3.3800,2.5000,4.4900,3.1100,-0.7201,D/E:124|ROE:-33.4%,2,4.4500,False,True,False,False,False,False,DD12|RSI40|MACD|FUND65|ABNORMAL20,False,3-7d,XLC,,GOOGL|META|NFLX,ad_spending_cycle|streaming_competition|regulation,NEXT_SESSION_OPEN,0.7500,-5.0000,7,1.5000,5,EXIT_AT_OPEN_IF_OPEN_BELOW_SL,SL_FIRST,10,PENDING_NEXT_OPEN,2.9871,2.2403,92.3503,85.6045,2.4862,Exact TP/SL are fixed from the actual T+1 opening/entry price,38,2026-11-05,False,2026-08-03,0.1400,2.6200,-94.8000,ALCISTA FUERTE,10,771.3500,7.9100,52.5000,14.8700,SIDI_SHADOW_V1: Fund≥6.5 · DD60≥12% · RSI<40 · MACD↑ · Vol↓ · SPY20≤+1% · Abnormal20≤-10%,SIDI_SHADOW_V1,True
WBD,Warner Bros. Discovery,Communication Services,Broadcasting,2022-04-11,30.8600,30.8000,30.8700,30.8000,30.8600,2026-09-28,77.3600,28.2500,UP,0.2602,0.2623,0.1856,False,0.9241,0.4843,1.0150,1.5690,27.7400,27.6400,29.1500,11.2500,11.6500,True,1.9127,ALCISTA,0.0000,-0.1900,30.8600,30.9200,30.9200,17.0800,-0.1900,80.6800,0.5850,False,False,27.3000,10,,False,-11.5200,HAMMER,6.5500,10.0000,6.0000,5.0000,6,5.0000,7.0000,False,False,False,False,False,False,3.1400,4.7100,1.5000,SIDI_SHADOW_V1,0.2808,7.0881,0.3025,0.0440,294,XLC,True,,495.9820,2.3570,2.1423,13.7620,-0.0879,0.0171,-0.0877,0.4781,-0.1120,-0.9060,94.1990,0.7770,16167374848.0000,-3166000128.0000,-5.1066,77370245120,1.5710,3.4300,,2507136702,2.9800,0.0000,2.5200,6.9800,0.2090,FCF/NI:-5.11|D/E:94|RevG:-11.2%|ROE:-8.8%,4,4.4100,False,True,False,False,False,False,DD12|RSI40|MACD|VOLUME|FUND65|ABNORMAL20,False,10-18d,XLC,,GOOGL|META|NFLX,ad_spending_cycle|streaming_competition|regulation,NEXT_SESSION_OPEN,0.7500,-5.0000,7,1.5000,5,EXIT_AT_OPEN_IF_OPEN_BELOW_SL,SL_FIRST,10,PENDING_NEXT_OPEN,0.4843,0.3632,31.2232,29.3170,1.1770,Exact TP/SL are fixed from the actual T+1 opening/entry price,38,2026-11-05,False,2026-08-06,0.0600,-0.1100,153.9000,ALCISTA FUERTE,10,771.3500,7.9100,52.5000,14.8700,SIDI_SHADOW_V1: Fund≥6.5 · DD60≥12% · RSI<40 · MACD↑ · Vol↓ · SPY20≤+1% · Abnormal20≤-10%,SIDI_SHADOW_V1,True
KMI,Kinder Morgan,Energy,Oil & Gas Storage & Transportation,2012-05-25,30.7500,31.0100,31.2700,30.5900,30.7500,2026-09-28,42.6600,53.0000,DOWN,-0.0170,0.0193,0.0249,False,0.1543,0.7264,0.9970,2.3620,31.6000,30.9500,31.3400,-2.7000,-0.6400,True,1.6622,BAJISTA,-6.4500,-6.9900,32.8700,33.0600,34.4900,24.7400,-10.8400,24.3100,0.7880,True,True,31.2200,1,32.7200,True,1.5200,HAMMER|DOJI,6.7800,7.0000,5.0000,7.5000,8,6.5000,7.0000,False,False,False,False,False,True,4.7200,7.0900,1.5000,SIDI_SHADOW_V1,0.2808,-0.8071,0.0624,0.5331,294,XLE,True,19.8387,19.9088,2.1629,3.8094,13.3670,0.1099,0.0445,0.1930,0.4941,0.1080,0.2120,98.6190,0.4580,1075000064.0000,3448999936.0000,0.3117,68413394944,0.5510,4.0200,3.8400,2224825757,2.7900,1.3600,3.4200,3.7400,0.0157,FCF/NI:0.31|D/E:99,2,4.3900,False,True,False,False,False,False,DD12|RSI40|MACD|FUND65|ABNORMAL20,False,3-7d,XLE,,XOM|CVX|COP,oil_price|gas_price|opec_supply|inventories,NEXT_SESSION_OPEN,0.7500,-5.0000,7,1.5000,5,EXIT_AT_OPEN_IF_OPEN_BELOW_SL,SL_FIRST,10,PENDING_NEXT_OPEN,0.7264,0.5448,31.2948,29.2125,1.7717,Exact TP/SL are fixed from the actual T+1 opening/entry price,30,2026-10-28,False,2026-07-22,0.3700,0.3100,18.3000,ALCISTA FUERTE,10,771.3500,7.9100,52.5000,14.8700,SIDI_SHADOW_V1: Fund≥6.5 · DD60≥12% · RSI<40 · MACD↑ · Vol↓ · SPY20≤+1% · Abnormal20≤-10%,SIDI_SHADOW_V1,True
VRSN,Verisign,Information Technology,Internet Services & Infrastructure,2006-02-01,287.2500,291.8800,292.6100,286.8200,287.2500,2026-09-28,45.9400,62.8700,DOWN,-1.1053,-0.4113,0.9659,False,0.2489,7.8629,0.9460,2.7370,287.4300,263.6100,293.5900,-0.0600,8.9700,True,1.7658,NEUTRO,-6.7900,-7.3400,308.1800,310.0000,311.5700,206.9300,-7.8000,38.8200,0.7960,False,False,270.8200,1,301.2400,False,-5.7200,NONE,5.7800,8.5000,5.0000,5.0000,4,6.5000,5.0000,False,False,False,False,False,False,5.4700,8.2100,1.5000,SIDI_SHADOW_V1,0.2808,-4.8716,0.9143,-0.5463,294,XLK,True,31.1551,25.9679,-11.5200,15.2043,22.9720,,0.4512,0.4977,0.8847,0.0600,0.0770,,0.5910,832837504.0000,850000000.0000,0.9798,25967400960,0.6990,2.9800,1.1300,90400000,3.4400,0.3000,5.5700,4.6300,0.0321,OK,0,4.3800,False,True,False,False,False,False,DD12|RSI40|MACD|VOLUME|FUND65|ABNORMAL20,False,7-15d,XLK,,AAPL|MSFT|NVDA,interest_rates|ai_capex_cycle|semiconductor_cycle,NEXT_SESSION_OPEN,0.7500,-5.0000,7,1.5000,5,EXIT_AT_OPEN_IF_OPEN_BELOW_SL,SL_FIRST,10,PENDING_NEXT_OPEN,7.8629,5.8972,293.1472,272.8875,2.0530,Exact TP/SL are fixed from the actual T+1 opening/entry price,24,2026-10-22,False,2026-07-23,2.3800,2.3500,1.1000,ALCISTA FUERTE,10,771.3500,7.9100,52.5000,14.8700,SIDI_SHADOW_V1: Fund≥6.5 · DD60≥12% · RSI<40 · MACD↑ · Vol↓ · SPY20≤+1% · Abnormal20≤-10%,SIDI_SHADOW_V1,True
HONA,Honeywell Aerospace,Industrials,Aerospace & Defense,2026-06-29,158.7800,159.0100,160.9700,156.7400,158.7800,2026-09-28,48.0100,51.0600,DOWN,1.3178,1.7492,2.7777,False,0.4491,6.0614,0.5180,3.8180,174.3500,,162.8300,-8.9300,,False,,NEUTRO,-35.7600,-40.4500,247.1500,266.6200,297.5000,149.1900,-46.6300,6.4300,0.5480,True,True,149.6100,2,176.2500,False,-5.7800,HAMMER|DOJI,5.8500,5.0000,5.0000,7.5000,4,7.0000,7.0000,False,False,True,False,False,True,7.6400,11.4500,1.5000,SIDI_SHADOW_V1,0.2808,,,,71,XLI,False,48.5566,17.4714,-8.8339,2.8091,18.5110,,,0.1086,0.3453,0.0540,-0.7090,,1.5260,,1946000000.0000,,50325753856,,1.4500,,316952725,3.3200,1.2200,5.1000,3.6900,,OK,0,4.3300,False,False,False,False,False,False,RSI40|MACD|FUND65|CONTEXT_MISSING,False,7-15d,XLI,,CAT|UNP|HON,pmi_manufacturing|supply_chain|capex_cycle,NEXT_SESSION_OPEN,0.7500,-5.0000,7,1.5000,5,EXIT_AT_OPEN_IF_OPEN_BELOW_SL,SL_FIRST,10,PENDING_NEXT_OPEN,6.0614,4.5461,163.3261,150.8410,2.8631,Exact TP/SL are fixed from the actual T+1 opening/entry price,37,2026-11-04,False,2026-08-05,1.8700,2.1200,-11.8000,ALCISTA FUERTE,10,771.3500,7.9100,52.5000,14.8700,SIDI_SHADOW_V1: Fund≥6.5 · DD60≥12% · RSI<40 · MACD↑ · Vol↓ · SPY20≤+1% · Abnormal20≤-10%,SIDI_SHADOW_V1,True
PSKY,Paramount Skydance Corporation,Communication Services,Movies & Entertainment,1994-09-30,9.9600,10.2100,10.2600,9.9300,9.9600,2026-09-28,38.2700,41.3600,DOWN,-0.1330,-0.1321,-0.1333,False,0.1394,0.5479,1.3310,5.5010,9.7400,10.5600,10.3200,2.2800,-5.7300,False,-4.2018,BAJISTA,-10.5900,-13.3200,11.1400,11.4900,19.7200,7.5800,-49.5000,31.3100,0.7720,False,False,10.1000,2,10.3400,True,1.4000,NONE,6.5000,6.5000,6.5000,5.0000,8,8.0000,5.0000,False,False,False,True,False,False,11.0000,16.5000,1.5000,SIDI_SHADOW_V1,0.2808,-7.5326,0.2384,0.7572,294,XLC,True,332.0000,11.7753,0.9486,0.3829,8.0930,-0.0090,0.0275,-0.0213,0.3333,0.0090,-0.5410,126.4790,1.0400,17593124864.0000,-621000000.0000,-28.3303,11146963968,1.5200,8.3200,2.0100,1087672971,2.8400,0.0000,2.5100,6.5500,1.5783,FCF/NI:-28.33|D/E:126|ROE:-0.9%,3,4.3000,False,True,False,False,False,False,DD12|MACD|VOLUME|FUND65|ABNORMAL20,False,3-7d,XLC,,GOOGL|META|NFLX,ad_spending_cycle|streaming_competition|regulation,NEXT_SESSION_OPEN,0.7500,-5.0000,7,1.5000,5,EXIT_AT_OPEN_IF_OPEN_BELOW_SL,SL_FIRST,10,PENDING_NEXT_OPEN,0.5479,0.4109,10.3709,9.4620,4.1258,Exact TP/SL are fixed from the actual T+1 opening/entry price,42,2026-11-09,False,2026-08-04,0.1800,0.1800,-2.3000,ALCISTA FUERTE,10,771.3500,7.9100,52.5000,14.8700,SIDI_SHADOW_V1: Fund≥6.5 · DD60≥12% · RSI<40 · MACD↑ · Vol↓ · SPY20≤+1% · Abnormal20≤-10%,SIDI_SHADOW_V1,True
GIS,General Mills,Consumer Staples,Packaged Foods & Meats,1957-03-04,33.6400,34.7600,34.8900,33.6000,33.6400,2026-09-28,18.5400,13.4300,UP,-0.3794,-0.3207,-0.3719,False,0.0957,1.1193,0.9350,3.3270,37.6300,38.2900,36.6200,-10.6000,-12.1500,False,-1.8911,BAJISTA,-19.0400,-20.2800,41.5500,42.2000,48.3100,31.2100,-30.3700,7.7900,1.0540,False,False,32.2900,2,33.9000,False,-4.0100,HAMMER|DOJI,6.2000,5.0000,8.5000,5.0000,4,8.0000,7.0000,False,False,True,True,False,False,6.6500,9.9800,1.5000,SIDI_SHADOW_V1,0.2808,-13.7948,-0.0450,1.2215,294,XLP,True,,10.6450,2.4366,0.9831,9.1310,-0.1049,0.0565,-0.0489,0.3373,-0.0280,-0.6670,182.4220,0.7040,1302612480.0000,-894800000.0000,-1.4558,17986875392,-0.0250,5.0800,7.2500,534687144,2.9800,0.0000,2.2600,7.3100,0.0724,FCF/NI:-1.46|D/E:182|ROE:-10.5%,3,4.2700,False,True,True,False,False,False,MACD|VOLUME|FUND65,False,3-7d,XLP,,PG|KO|PEP,inflation|input_costs|fx_rates,NEXT_SESSION_OPEN,0.7500,-5.0000,7,1.5000,5,EXIT_AT_OPEN_IF_OPEN_BELOW_SL,SL_FIRST,10,PENDING_NEXT_OPEN,1.1193,0.8395,34.4795,31.9580,2.4955,Exact TP/SL are fixed from the actual T+1 opening/entry price,86,2026-12-23,False,2026-09-23,0.7500,0.7200,4.5000,ALCISTA FUERTE,10,771.3500,7.9100,52.5000,14.8700,SIDI_SHADOW_V1: Fund≥6.5 · DD60≥12% · RSI<40 · MACD↑ · Vol↓ · SPY20≤+1% · Abnormal20≤-10%,SIDI_SHADOW_V1,True
TSCO,Tractor Supply,Consumer Discretionary,Other Specialty Retail,2014-01-24,32.2700,31.4600,32.5000,31.3500,32.2700,2026-09-28,32.9100,29.9800,UP,-0.2461,-0.2992,-0.2897,True,0.2318,1.0479,0.9700,3.2470,33.2500,39.9100,33.1300,-2.9500,-19.1400,False,-4.6617,BAJISTA,-10.8100,-11.9200,36.1800,36.6400,56.8400,28.1700,-43.2300,14.5700,0.9410,True,True,28.9800,5,32.4200,False,-10.1800,NONE,6.5800,5.0000,8.5000,7.5000,6,6.5000,5.0000,False,True,False,True,True,True,6.4900,9.7400,1.5000,SIDI_SHADOW_V1,0.2808,0.5478,-0.1596,0.5275,294,XLY,True,16.8073,15.7557,6.4219,1.0675,11.9740,0.3951,0.0782,0.0643,0.3650,0.0230,-0.1500,248.7100,1.3340,103175000.0000,1011913984.0000,0.1020,16813965312,0.4690,4.7300,2.9700,521040137,2.6900,0.7100,4.2500,3.1600,0.0061,FCF/NI:0.10|D/E:249,2,4.2500,False,True,False,False,False,False,DD12|FUND65|ABNORMAL20,False,3-7d,XLY,,AMZN|TSLA|HD,consumer_spending|employment_data|interest_rates,NEXT_SESSION_OPEN,0.7500,-5.0000,7,1.5000,5,EXIT_AT_OPEN_IF_OPEN_BELOW_SL,SL_FIRST,10,PENDING_NEXT_OPEN,1.0479,0.7859,33.0559,30.6565,2.4355,Exact TP/SL are fixed from the actual T+1 opening/entry price,24,2026-10-22,False,2026-07-23,0.6900,0.8200,-15.9000,ALCISTA FUERTE,10,771.3500,7.9100,52.5000,14.8700,SIDI_SHADOW_V1: Fund≥6.5 · DD60≥12% · RSI<40 · MACD↑ · Vol↓ · SPY20≤+1% · Abnormal20≤-10%,SIDI_SHADOW_V1,True
VST,Vistra Corp.,Utilities,Electric Utilities,2024-05-08,138.4600,138.9600,140.1000,136.0250,138.4600,2026-09-28,30.9000,54.9300,DOWN,-0.4310,-0.4415,-0.1710,True,0.2911,4.1269,0.6800,2.9810,145.3900,155.1600,141.6400,-4.7600,-10.7600,False,-1.9739,BAJISTA,-17.9300,-18.3000,168.7000,169.4800,215.8500,132.2600,-35.8500,4.6900,1.0890,False,False,137.4900,1,168.4500,True,-0.7000,HAMMER,6.5300,5.0000,7.5000,5.0000,7,8.5000,7.0000,False,False,True,True,True,False,5.9600,8.9400,1.5000,SIDI_SHADOW_V1,0.2808,11.1953,1.1366,1.1309,294,XLU,True,23.3491,13.3576,15.4756,2.4189,10.3870,0.4296,0.0589,0.1155,0.3831,-0.0550,-0.0620,373.2800,0.9730,37125000.0000,2027000064.0000,0.0183,46472052736,1.4140,2.2200,0.6600,335635195,2.7300,0.0000,5.7600,2.3700,0.0008,FCF/NI:0.02|D/E:373,2,4.2500,False,True,False,False,False,False,VOLUME|FUND65|ABNORMAL20,False,3-7d,XLU,,NEE|DUK|SO,interest_rates|regulatory_environment,NEXT_SESSION_OPEN,0.7500,-5.0000,7,1.5000,5,EXIT_AT_OPEN_IF_OPEN_BELOW_SL,SL_FIRST,10,PENDING_NEXT_OPEN,4.1269,3.0952,141.5552,131.5370,2.2354,Exact TP/SL are fixed from the actual T+1 opening/entry price,38,2026-11-05,False,2026-08-10,0.7600,1.6600,-54.2000,ALCISTA FUERTE,10,771.3500,7.9100,52.5000,14.8700,SIDI_SHADOW_V1: Fund≥6.5 · DD60≥12% · RSI<40 · MACD↑ · Vol↓ · SPY20≤+1% · Abnormal20≤-10%,SIDI_SHADOW_V1,True
CLX,Clorox,Consumer Staples,Household Products,1969-03-31,83.8000,82.1900,84.1200,81.6000,83.8000,2026-09-28,31.2900,7.4800,UP,-0.3647,-0.5487,-0.6350,True,0.2499,2.5664,0.8820,3.0630,96.6700,100.1200,89.0700,-13.3100,-16.3000,False,-1.1124,BAJISTA,-22.3400,-23.4100,107.9000,109.4200,125.8300,81.6000,-33.4000,2.7000,0.7220,False,False,83.7200,1,98.6500,True,-0.0900,NONE,6.2300,5.0000,8.5000,5.0000,7,6.5000,5.0000,False,False,True,True,True,False,6.1300,9.1900,1.5000,SIDI_SHADOW_V1,0.2808,-15.1809,0.4567,1.2291,294,XLP,True,17.4220,13.3853,112.6344,1.5080,13.8170,1.6376,0.0832,0.0873,0.4232,-0.0200,-0.5010,2221.4290,0.6580,110375000.0000,587000000.0000,0.1880,10134019072,0.5440,2.8300,5.9700,120931005,2.8900,0.0000,5.3700,3.3700,0.0109,FCF/NI:0.19|D/E:2221,2,4.2300,False,True,True,False,False,False,VOLUME|FUND65,False,3-7d,XLP,,PG|KO|PEP,inflation|input_costs|fx_rates,NEXT_SESSION_OPEN,0.7500,-5.0000,7,1.5000,5,EXIT_AT_OPEN_IF_OPEN_BELOW_SL,SL_FIRST,10,PENDING_NEXT_OPEN,2.5664,1.9248,85.7248,79.6100,2.2969,Exact TP/SL are fixed from the actual T+1 opening/entry price,36,2026-11-03,False,2026-08-03,1.6600,1.6500,86.0000,ALCISTA FUERTE,10,771.3500,7.9100,52.5000,14.8700,SIDI_SHADOW_V1: Fund≥6.5 · DD60≥12% · RSI<40 · MACD↑ · Vol↓ · SPY20≤+1% · Abnormal20≤-10%,SIDI_SHADOW_V1,True
LNT,Alliant Energy,Utilities,Electric Utilities,2016-07-01,63.6000,63.2600,63.6500,62.7000,63.6000,2026-09-28,21.0600,28.1600,DOWN,-0.2503,-0.2671,-0.1596,True,0.0681,1.0107,0.7850,1.5890,69.0300,69.5600,66.1800,-7.8700,-8.5700,False,0.0854,BAJISTA,-17.8700,-18.6900,77.4400,78.2200,78.2200,62.4100,-18.6900,1.9100,1.1720,False,False,,0,71.6400,False,,NONE,6.4000,5.5000,8.5000,5.0000,4,10.0000,5.0000,False,False,True,True,True,False,3.1800,4.7700,1.5000,SIDI_SHADOW_V1,0.2808,0.2660,-0.1175,0.9968,294,XLU,True,20.1266,17.2559,2.1902,3.7233,15.6280,0.1114,0.0245,0.1845,0.4450,0.0100,-0.0400,160.9510,0.4660,-1138625024.0000,817000000.0000,-1.3937,16490507264,0.5320,13.1000,3.3600,259284699,2.5100,0.1800,4.4900,2.9000,-0.0690,FCF/NI:-1.39|D/E:161,2,4.0700,False,True,False,False,False,False,VOLUME|FUND65|ABNORMAL20,False,3-7d,XLU,,NEE|DUK|SO,interest_rates|regulatory_environment,NEXT_SESSION_OPEN,0.7500,-5.0000,7,1.5000,5,EXIT_AT_OPEN_IF_OPEN_BELOW_SL,SL_FIRST,10,PENDING_NEXT_OPEN,1.0107,0.7580,64.3580,60.4200,1.1919,Exact TP/SL are fixed from the actual T+1 opening/entry price,38,2026-11-05,False,2026-07-30,0.6500,0.5800,12.2000,ALCISTA FUERTE,10,771.3500,7.9100,52.5000,14.8700,SIDI_SHADOW_V1: Fund≥6.5 · DD60≥12% · RSI<40 · MACD↑ · Vol↓ · SPY20≤+1% · Abnormal20≤-10%,SIDI_SHADOW_V1,True
PEG,Public Service Enterprise Group,Utilities,Electric Utilities,1957-03-04,67.0200,66.5600,67.1000,66.1500,67.0200,2026-09-28,17.2600,28.9500,DOWN,-0.3820,-0.3894,-0.1957,True,0.0471,1.1393,0.8680,1.7000,73.7400,77.8700,70.4700,-9.1100,-13.9300,False,-1.0342,BAJISTA,-17.3100,-18.1800,81.0500,81.9100,85.4000,66.1500,-21.5300,1.3200,0.9390,False,False,,0,80.2100,False,,NONE,6.0000,5.0000,8.5000,5.0000,4,8.0000,5.0000,False,False,True,True,True,False,3.4000,5.1000,1.5000,SIDI_SHADOW_V1,0.2808,1.2239,0.0169,1.0561,294,XLU,True,16.6716,14.3437,1.9260,2.6626,12.9710,0.1183,0.0324,0.1604,0.3333,-0.0890,-0.4270,142.4090,0.8770,107750000.0000,2012000000.0000,0.0536,33397499904,0.5190,3.7900,4.0000,498321402,2.6500,0.0000,4.8200,3.2000,0.0032,FCF/NI:0.05,1,3.9900,False,True,False,False,False,False,VOLUME|FUND65|ABNORMAL20,False,3-7d,XLU,,NEE|DUK|SO,interest_rates|regulatory_environment,NEXT_SESSION_OPEN,0.7500,-5.0000,7,1.5000,5,EXIT_AT_OPEN_IF_OPEN_BELOW_SL,SL_FIRST,10,PENDING_NEXT_OPEN,1.1393,0.8545,67.8745,63.6690,1.2750,Exact TP/SL are fixed from the actual T+1 opening/entry price,35,2026-11-02,False,2026-08-04,0.8600,0.8000,7.7000,ALCISTA FUERTE,10,771.3500,7.9100,52.5000,14.8700,SIDI_SHADOW_V1: Fund≥6.5 · DD60≥12% · RSI<40 · MACD↑ · Vol↓ · SPY20≤+1% · Abnormal20≤-10%,SIDI_SHADOW_V1,True
CMS,CMS Energy,Utilities,Multi-Utilities,1957-03-04,62.9500,62.7200,63.1500,62.3800,62.9500,2026-09-28,11.1400,23.1800,DOWN,-0.3159,-0.3311,-0.2188,True,0.0611,1.0293,0.7810,1.6350,69.2600,72.1000,66.0500,-9.1100,-12.6900,False,-0.7504,BAJISTA,-18.3600,-19.1700,77.1100,77.8800,79.1000,62.3800,-20.4200,0.9100,1.1630,False,False,,0,72.4400,False,,NONE,6.3000,5.0000,8.5000,5.0000,4,10.0000,5.0000,False,False,True,True,True,False,3.2700,4.9100,1.5000,SIDI_SHADOW_V1,0.2808,0.1470,-0.2614,1.0281,294,XLU,True,18.9608,15.1486,2.0671,2.2066,13.1370,0.0916,0.0297,0.1164,0.4032,-0.0050,-0.4390,185.6040,0.9360,-2198874880.0000,1016000000.0000,-2.1642,19446489088,0.3310,0.0000,3.6200,308919602,2.3700,0.0000,4.2100,3.0000,-0.1131,FCF/NI:-2.16|D/E:186,2,3.9400,False,True,False,False,False,False,VOLUME|FUND65|ABNORMAL20,False,3-7d,XLU,,NEE|DUK|SO,interest_rates|regulatory_environment,NEXT_SESSION_OPEN,0.7500,-5.0000,7,1.5000,5,EXIT_AT_OPEN_IF_OPEN_BELOW_SL,SL_FIRST,10,PENDING_NEXT_OPEN,1.0293,0.7720,63.7220,59.8025,1.2263,Exact TP/SL are fixed from the actual T+1 opening/entry price,31,2026-10-29,False,2026-07-28,0.3700,0.3600,3.1000,ALCISTA FUERTE,10,771.3500,7.9100,52.5000,14.8700,SIDI_SHADOW_V1: Fund≥6.5 · DD60≥12% · RSI<40 · MACD↑ · Vol↓ · SPY20≤+1% · Abnormal20≤-10%,SIDI_SHADOW_V1,True
